date,home_team,away_team,odds_h,odds_d,odds_a,p_h,p_d,p_a,src,provider,price_type,overround,collected_at,source_file,source_sha8,alt_provider,alt_p_h,alt_p_d,alt_p_a
2018-08-10,Man United,Leicester,1.55,4.07,7.69,0.632,0.2407,0.1274,pinnacle_closing,pinnacle_closing,closing,1.0209,2026-09-13T03:33:42+00:00,E0_1819.csv,7c096b3c,pinnacle_opening,0.6201,0.2493,0.1306
2018-08-11,Bournemouth,Cardiff,1.88,3.61,4.7,0.5206,0.2711,0.2082,pinnacle_closing,pinnacle_closing,closing,1.0217,2026-09-13T03:33:42+00:00,E0_1819.csv,7c096b3c,pinnacle_opening,0.5172,0.2693,0.2134
2018-08-11,Fulham,Crystal Palace,2.62,3.38,2.9,0.3733,0.2894,0.3373,pinnacle_closing,pinnacle_closing,closing,1.0224,2026-09-13T03:33:42+00:00,E0_1819.csv,7c096b3c,pinnacle_opening,0.3913,0.2827,0.326
2018-08-11,Huddersfield,Chelsea,7.24,3.95,1.58,0.1349,0.2472,0.618,pinnacle_closing,pinnacle_closing,closing,1.0242,2026-09-13T03:33:42+00:00,E0_1819.csv,7c096b3c,pinnacle_opening,0.1526,0.2434,0.604
2018-08-11,Newcastle,Tottenham,4.74,3.53,1.89,0.2062,0.2768,0.517,pinnacle_closing,pinnacle_closing,closing,1.0234,2026-09-13T03:33:42+00:00,E0_1819.csv,7c096b3c,pinnacle_opening,0.2555,0.2741,0.4704
2018-08-11,Watford,Brighton,2.58,3.08,3.22,0.3789,0.3174,0.3036,pinnacle_closing,pinnacle_closing,closing,1.0228,2026-09-13T03:33:42+00:00,E0_1819.csv,7c096b3c,pinnacle_opening,0.4025,0.3038,0.2937
2018-08-11,Wolves,Everton,2.44,3.23,3.32,0.4015,0.3033,0.2951,pinnacle_closing,pinnacle_closing,closing,1.0206,2026-09-13T03:33:42+00:00,E0_1819.csv,7c096b3c,pinnacle_opening,0.4143,0.2876,0.2981
2018-08-12,Arsenal,Man City,4.43,4.13,1.81,0.2212,0.2373,0.5415,pinnacle_closing,pinnacle_closing,closing,1.0204,2026-09-13T03:33:42+00:00,E0_1819.csv,7c096b3c,pinnacle_opening,0.2451,0.2469,0.508
2018-08-12,Liverpool,West Ham,1.25,6.95,12.0,0.7788,0.1401,0.0811,pinnacle_closing,pinnacle_closing,closing,1.0272,2026-09-13T03:33:42+00:00,E0_1819.csv,7c096b3c,pinnacle_opening,0.7717,0.1543,0.074
2018-08-12,Southampton,Burnley,2.03,3.19,4.65,0.4824,0.307,0.2106,pinnacle_closing,pinnacle_closing,closing,1.0211,2026-09-13T03:33:42+00:00,E0_1819.csv,7c096b3c,pinnacle_opening,0.5256,0.2785,0.1959
2018-08-18,Cardiff,Newcastle,3.27,3.21,2.47,0.2992,0.3048,0.3961,pinnacle_closing,pinnacle_closing,closing,1.0222,2026-09-13T03:33:42+00:00,E0_1819.csv,7c096b3c,pinnacle_opening,0.3011,0.3136,0.3853
2018-08-18,Chelsea,Arsenal,1.83,3.84,4.64,0.5345,0.2547,0.2108,pinnacle_closing,pinnacle_closing,closing,1.0224,2026-09-13T03:33:42+00:00,E0_1819.csv,7c096b3c,pinnacle_opening,0.5344,0.2463,0.2193
2018-08-18,Everton,Southampton,1.84,3.63,4.92,0.5317,0.2695,0.1988,pinnacle_closing,pinnacle_closing,closing,1.0222,2026-09-13T03:33:42+00:00,E0_1819.csv,7c096b3c,pinnacle_opening,0.5176,0.2748,0.2077
2018-08-18,Leicester,Wolves,2.14,3.41,3.81,0.4568,0.2867,0.2566,pinnacle_closing,pinnacle_closing,closing,1.023,2026-09-13T03:33:42+00:00,E0_1819.csv,7c096b3c,pinnacle_opening,0.4759,0.274,0.2501
2018-08-18,Tottenham,Fulham,1.27,6.5,11.96,0.7683,0.1501,0.0816,pinnacle_closing,pinnacle_closing,closing,1.0249,2026-09-13T03:33:42+00:00,E0_1819.csv,7c096b3c,pinnacle_opening,0.7655,0.1558,0.0788
2018-08-18,West Ham,Bournemouth,2.1,3.6,3.74,0.4662,0.272,0.2618,pinnacle_closing,pinnacle_closing,closing,1.0213,2026-09-13T03:33:42+00:00,E0_1819.csv,7c096b3c,pinnacle_opening,0.4675,0.2677,0.2648
2018-08-19,Brighton,Man United,5.9,3.7,1.71,0.1654,0.2638,0.5708,pinnacle_closing,pinnacle_closing,closing,1.0246,2026-09-13T03:33:42+00:00,E0_1819.csv,7c096b3c,pinnacle_opening,0.1826,0.2755,0.5419
2018-08-19,Burnley,Watford,2.48,3.11,3.36,0.3944,0.3145,0.2911,pinnacle_closing,pinnacle_closing,closing,1.0224,2026-09-13T03:33:42+00:00,E0_1819.csv,7c096b3c,pinnacle_opening,0.3945,0.3164,0.2891
2018-08-19,Man City,Huddersfield,1.08,13.93,36.05,0.9029,0.07,0.0271,pinnacle_closing,pinnacle_closing,closing,1.0255,2026-09-13T03:33:42+00:00,E0_1819.csv,7c096b3c,pinnacle_opening,0.8909,0.0791,0.03
2018-08-20,Crystal Palace,Liverpool,8.01,5.28,1.41,0.122,0.1851,0.693,pinnacle_closing,pinnacle_closing,closing,1.0235,2026-09-13T03:33:42+00:00,E0_1819.csv,7c096b3c,pinnacle_opening,0.1333,0.1922,0.6746
2018-08-25,Arsenal,West Ham,1.37,5.65,8.67,0.714,0.1731,0.1128,pinnacle_closing,pinnacle_closing,closing,1.0223,2026-09-13T03:33:42+00:00,E0_1819.csv,7c096b3c,pinnacle_opening,0.7106,0.1776,0.1118
2018-08-25,Bournemouth,Everton,2.68,3.51,2.75,0.3652,0.2789,0.3559,pinnacle_closing,pinnacle_closing,closing,1.0217,2026-09-13T03:33:42+00:00,E0_1819.csv,7c096b3c,pinnacle_opening,0.3726,0.2737,0.3537
2018-08-25,Huddersfield,Cardiff,2.46,3.03,3.5,0.3977,0.3228,0.2795,pinnacle_closing,pinnacle_closing,closing,1.0223,2026-09-13T03:33:42+00:00,E0_1819.csv,7c096b3c,pinnacle_opening,0.4183,0.3157,0.266
2018-08-25,Liverpool,Brighton,1.15,9.48,22.0,0.8521,0.1034,0.0445,pinnacle_closing,pinnacle_closing,closing,1.0205,2026-09-13T03:33:42+00:00,E0_1819.csv,7c096b3c,pinnacle_opening,0.8387,0.1149,0.0464
2018-08-25,Southampton,Leicester,2.35,3.28,3.44,0.4167,0.2986,0.2847,pinnacle_closing,pinnacle_closing,closing,1.0211,2026-09-13T03:33:42+00:00,E0_1819.csv,7c096b3c,pinnacle_opening,0.3994,0.2929,0.3077
2018-08-25,Wolves,Man City,12.01,5.82,1.3,0.0813,0.1677,0.751,pinnacle_closing,pinnacle_closing,closing,1.0243,2026-09-13T03:33:42+00:00,E0_1819.csv,7c096b3c,pinnacle_opening,0.0808,0.1499,0.7694
2018-08-26,Fulham,Burnley,2.26,3.23,3.71,0.4331,0.303,0.2638,pinnacle_closing,pinnacle_closing,closing,1.0216,2026-09-13T03:33:42+00:00,E0_1819.csv,7c096b3c,pinnacle_opening,0.4962,0.2817,0.2221
2018-08-26,Newcastle,Chelsea,6.66,4.25,1.57,0.1469,0.2301,0.623,pinnacle_closing,pinnacle_closing,closing,1.0224,2026-09-13T03:33:42+00:00,E0_1819.csv,7c096b3c,pinnacle_opening,0.1779,0.2406,0.5815
2018-08-26,Watford,Crystal Palace,2.37,3.37,3.3,0.413,0.2904,0.2966,pinnacle_closing,pinnacle_closing,closing,1.0217,2026-09-13T03:33:42+00:00,E0_1819.csv,7c096b3c,pinnacle_opening,0.3752,0.294,0.3308
2018-08-27,Man United,Tottenham,2.62,3.35,2.93,0.3737,0.2922,0.3341,pinnacle_closing,pinnacle_closing,closing,1.0215,2026-09-13T03:33:42+00:00,E0_1819.csv,7c096b3c,pinnacle_opening,0.3749,0.2912,0.3339
2018-09-01,Brighton,Fulham,2.17,3.52,3.61,0.4509,0.278,0.2711,pinnacle_closing,pinnacle_closing,closing,1.0219,2026-09-13T03:33:42+00:00,E0_1819.csv,7c096b3c,pinnacle_opening,0.4358,0.2829,0.2813
2018-09-01,Chelsea,Bournemouth,1.32,5.98,10.48,0.7426,0.1639,0.0935,pinnacle_closing,pinnacle_closing,closing,1.0202,2026-09-13T03:33:42+00:00,E0_1819.csv,7c096b3c,pinnacle_opening,0.7533,0.1554,0.0913
2018-09-01,Crystal Palace,Southampton,2.58,3.18,3.11,0.3787,0.3072,0.3141,pinnacle_closing,pinnacle_closing,closing,1.0236,2026-09-13T03:33:42+00:00,E0_1819.csv,7c096b3c,pinnacle_opening,0.5017,0.2795,0.2188
2018-09-01,Everton,Huddersfield,1.57,3.96,7.47,0.6224,0.2468,0.1308,pinnacle_closing,pinnacle_closing,closing,1.0233,2026-09-13T03:33:42+00:00,E0_1819.csv,7c096b3c,pinnacle_opening,0.6515,0.2273,0.1212
2018-09-01,Leicester,Liverpool,8.17,4.75,1.45,0.1197,0.2059,0.6744,pinnacle_closing,pinnacle_closing,closing,1.0226,2026-09-13T03:33:42+00:00,E0_1819.csv,7c096b3c,pinnacle_opening,0.1301,0.1968,0.6731
2018-09-01,Man City,Newcastle,1.12,10.43,29.28,0.8729,0.0937,0.0334,pinnacle_closing,pinnacle_closing,closing,1.0229,2026-09-13T03:33:42+00:00,E0_1819.csv,7c096b3c,pinnacle_opening,0.8726,0.0925,0.035
2018-09-01,West Ham,Wolves,2.6,3.26,3.02,0.3762,0.3,0.3238,pinnacle_closing,pinnacle_closing,closing,1.0225,2026-09-13T03:33:42+00:00,E0_1819.csv,7c096b3c,pinnacle_opening,0.3793,0.2845,0.3363
2018-09-02,Burnley,Man United,6.72,4.02,1.6,0.1455,0.2433,0.6112,pinnacle_closing,pinnacle_closing,closing,1.0226,2026-09-13T03:33:42+00:00,E0_1819.csv,7c096b3c,pinnacle_opening,0.1645,0.2538,0.5817
2018-09-02,Cardiff,Arsenal,6.34,4.47,1.56,0.1543,0.2188,0.6269,pinnacle_closing,pinnacle_closing,closing,1.0225,2026-09-13T03:33:42+00:00,E0_1819.csv,7c096b3c,pinnacle_opening,0.154,0.2153,0.6307
2018-09-02,Watford,Tottenham,5.6,3.97,1.69,0.1747,0.2464,0.5789,pinnacle_closing,pinnacle_closing,closing,1.0222,2026-09-13T03:33:42+00:00,E0_1819.csv,7c096b3c,pinnacle_opening,0.1777,0.2333,0.5889
2018-09-15,Bournemouth,Leicester,2.46,3.35,3.17,0.3984,0.2925,0.3091,pinnacle_closing,pinnacle_closing,closing,1.0205,2026-09-13T03:33:42+00:00,E0_1819.csv,7c096b3c,pinnacle_opening,0.4034,0.2833,0.3132
2018-09-15,Chelsea,Cardiff,1.14,8.85,23.0,0.8486,0.1093,0.0421,pinnacle_closing,pinnacle_closing,closing,1.0337,2026-09-13T03:33:42+00:00,E0_1819.csv,7c096b3c,pinnacle_opening,0.8162,0.1313,0.0525
2018-09-15,Huddersfield,Crystal Palace,3.47,3.22,2.37,0.2823,0.3043,0.4134,pinnacle_closing,pinnacle_closing,closing,1.0207,2026-09-13T03:33:42+00:00,E0_1819.csv,7c096b3c,pinnacle_opening,0.3015,0.3034,0.3951
2018-09-15,Man City,Fulham,1.1,12.75,25.0,0.8847,0.0763,0.0389,pinnacle_closing,pinnacle_closing,closing,1.0275,2026-09-13T03:33:42+00:00,E0_1819.csv,7c096b3c,pinnacle_opening,0.8581,0.0953,0.0466
2018-09-15,Newcastle,Arsenal,4.46,3.86,1.86,0.2196,0.2538,0.5266,pinnacle_closing,pinnacle_closing,closing,1.0209,2026-09-13T03:33:42+00:00,E0_1819.csv,7c096b3c,pinnacle_opening,0.2334,0.256,0.5106
2018-09-15,Tottenham,Liverpool,3.14,3.57,2.37,0.3121,0.2745,0.4135,pinnacle_closing,pinnacle_closing,closing,1.0205,2026-09-13T03:33:42+00:00,E0_1819.csv,7c096b3c,pinnacle_opening,0.3231,0.2639,0.4131
2018-09-15,Watford,Man United,4.8,3.68,1.85,0.2041,0.2663,0.5296,pinnacle_closing,pinnacle_closing,closing,1.0206,2026-09-13T03:33:42+00:00,E0_1819.csv,7c096b3c,pinnacle_opening,0.2344,0.2684,0.4973
2018-09-16,Everton,West Ham,2.17,3.42,3.74,0.4515,0.2865,0.262,pinnacle_closing,pinnacle_closing,closing,1.0206,2026-09-13T03:33:42+00:00,E0_1819.csv,7c096b3c,pinnacle_opening,0.4736,0.2657,0.2607
2018-09-16,Wolves,Burnley,1.75,3.65,5.75,0.5606,0.2688,0.1706,pinnacle_closing,pinnacle_closing,closing,1.0193,2026-09-13T03:33:42+00:00,E0_1819.csv,7c096b3c,pinnacle_opening,0.5632,0.2685,0.1684
2018-09-17,Southampton,Brighton,2.06,3.34,4.17,0.4738,0.2922,0.234,pinnacle_closing,pinnacle_closing,closing,1.0246,2026-09-13T03:33:42+00:00,E0_1819.csv,7c096b3c,pinnacle_opening,0.4622,0.2916,0.2462
2018-09-22,Brighton,Tottenham,5.52,3.99,1.7,0.1776,0.2457,0.5767,pinnacle_closing,pinnacle_closing,closing,1.02,2026-09-13T03:33:42+00:00,E0_1819.csv,7c096b3c,pinnacle_opening,0.1959,0.2487,0.5554
2018-09-22,Burnley,Bournemouth,3.38,3.38,2.34,0.2903,0.2903,0.4194,pinnacle_closing,pinnacle_closing,closing,1.0191,2026-09-13T03:33:42+00:00,E0_1819.csv,7c096b3c,pinnacle_opening,0.3332,0.2874,0.3795
2018-09-22,Cardiff,Man City,21.63,8.65,1.15,0.0448,0.1121,0.8431,pinnacle_closing,pinnacle_closing,closing,1.0314,2026-09-13T03:33:42+00:00,E0_1819.csv,7c096b3c,pinnacle_opening,0.0465,0.123,0.8305
2018-09-22,Crystal Palace,Newcastle,2.15,3.29,3.9,0.4536,0.2964,0.25,pinnacle_closing,pinnacle_closing,closing,1.0255,2026-09-13T03:33:42+00:00,E0_1819.csv,7c096b3c,pinnacle_opening,0.4498,0.2901,0.2601
2018-09-22,Fulham,Watford,2.86,3.45,2.64,0.3434,0.2846,0.372,pinnacle_closing,pinnacle_closing,closing,1.0183,2026-09-13T03:33:42+00:00,E0_1819.csv,7c096b3c,pinnacle_opening,0.3906,0.2776,0.3318
2018-09-22,Leicester,Huddersfield,1.72,3.67,5.91,0.5683,0.2663,0.1654,pinnacle_closing,pinnacle_closing,closing,1.0231,2026-09-13T03:33:42+00:00,E0_1819.csv,7c096b3c,pinnacle_opening,0.6041,0.2503,0.1456
2018-09-22,Liverpool,Southampton,1.2,7.28,15.97,0.8065,0.1329,0.0606,pinnacle_closing,pinnacle_closing,closing,1.0333,2026-09-13T03:33:42+00:00,E0_1819.csv,7c096b3c,pinnacle_opening,0.8153,0.1319,0.0529
2018-09-22,Man United,Wolves,1.6,3.85,6.81,0.6059,0.2518,0.1423,pinnacle_closing,pinnacle_closing,closing,1.0316,2026-09-13T03:33:42+00:00,E0_1819.csv,7c096b3c,pinnacle_opening,0.616,0.2338,0.1502
2018-09-23,Arsenal,Everton,1.4,5.46,7.94,0.698,0.179,0.1231,pinnacle_closing,pinnacle_closing,closing,1.0234,2026-09-13T03:33:42+00:00,E0_1819.csv,7c096b3c,pinnacle_opening,0.6584,0.199,0.1426
2018-09-23,West Ham,Chelsea,6.86,4.73,1.5,0.1424,0.2065,0.6511,pinnacle_closing,pinnacle_closing,closing,1.0239,2026-09-13T03:33:42+00:00,E0_1819.csv,7c096b3c,pinnacle_opening,0.1709,0.2217,0.6073
2018-09-29,Arsenal,Watford,1.49,4.88,6.75,0.6553,0.2001,0.1446,pinnacle_closing,pinnacle_closing,closing,1.0242,2026-09-13T03:33:42+00:00,E0_1819.csv,7c096b3c,pinnacle_opening,0.653,0.2019,0.1451
2018-09-29,Chelsea,Liverpool,2.83,3.51,2.63,0.3469,0.2797,0.3733,pinnacle_closing,pinnacle_closing,closing,1.0185,2026-09-13T03:33:42+00:00,E0_1819.csv,7c096b3c,pinnacle_opening,0.3432,0.2765,0.3804
2018-09-29,Everton,Fulham,1.65,4.32,5.49,0.5944,0.227,0.1786,pinnacle_closing,pinnacle_closing,closing,1.0197,2026-09-13T03:33:42+00:00,E0_1819.csv,7c096b3c,pinnacle_opening,0.5556,0.2415,0.2029
2018-09-29,Huddersfield,Tottenham,6.19,3.88,1.66,0.1581,0.2523,0.5896,pinnacle_closing,pinnacle_closing,closing,1.0217,2026-09-13T03:33:42+00:00,E0_1819.csv,7c096b3c,pinnacle_opening,0.1221,0.2173,0.6607
2018-09-29,Man City,Brighton,1.1,11.74,28.42,0.8831,0.0827,0.0342,pinnacle_closing,pinnacle_closing,closing,1.0295,2026-09-13T03:33:42+00:00,E0_1819.csv,7c096b3c,pinnacle_opening,0.8836,0.0772,0.0392
2018-09-29,Newcastle,Leicester,2.86,3.13,2.82,0.3415,0.3121,0.3464,pinnacle_closing,pinnacle_closing,closing,1.0237,2026-09-13T03:33:42+00:00,E0_1819.csv,7c096b3c,pinnacle_opening,0.3762,0.2976,0.3262
2018-09-29,West Ham,Man United,4.08,3.56,2.03,0.2406,0.2758,0.4836,pinnacle_closing,pinnacle_closing,closing,1.0186,2026-09-13T03:33:42+00:00,E0_1819.csv,7c096b3c,pinnacle_opening,0.2164,0.2593,0.5242
2018-09-29,Wolves,Southampton,1.96,3.48,4.5,0.5003,0.2818,0.2179,pinnacle_closing,pinnacle_closing,closing,1.0198,2026-09-13T03:33:42+00:00,E0_1819.csv,7c096b3c,pinnacle_opening,0.53,0.2754,0.1946
2018-09-30,Cardiff,Burnley,2.5,3.16,3.32,0.3931,0.311,0.296,pinnacle_closing,pinnacle_closing,closing,1.0177,2026-09-13T03:33:42+00:00,E0_1819.csv,7c096b3c,pinnacle_opening,0.3734,0.3138,0.3128
2018-10-01,Bournemouth,Crystal Palace,2.33,3.52,3.27,0.4211,0.2788,0.3001,pinnacle_closing,pinnacle_closing,closing,1.0191,2026-09-13T03:33:42+00:00,E0_1819.csv,7c096b3c,pinnacle_opening,0.4266,0.2787,0.2947
2018-10-05,Brighton,West Ham,2.77,3.24,2.87,0.3546,0.3032,0.3422,pinnacle_closing,pinnacle_closing,closing,1.0181,2026-09-13T03:33:42+00:00,E0_1819.csv,7c096b3c,pinnacle_opening,0.3608,0.2973,0.3419
2018-10-06,Burnley,Huddersfield,2.39,2.99,3.75,0.4104,0.328,0.2616,pinnacle_closing,pinnacle_closing,closing,1.0195,2026-09-13T03:33:42+00:00,E0_1819.csv,7c096b3c,pinnacle_opening,0.4526,0.3216,0.2258
2018-10-06,Crystal Palace,Wolves,2.85,3.26,2.77,0.3445,0.3011,0.3544,pinnacle_closing,pinnacle_closing,closing,1.0186,2026-09-13T03:33:42+00:00,E0_1819.csv,7c096b3c,pinnacle_opening,0.3268,0.3044,0.3688
2018-10-06,Leicester,Everton,2.32,3.28,3.49,0.4216,0.2982,0.2802,pinnacle_closing,pinnacle_closing,closing,1.0224,2026-09-13T03:33:42+00:00,E0_1819.csv,7c096b3c,pinnacle_opening,0.4506,0.2778,0.2716
2018-10-06,Man United,Newcastle,1.4,4.75,10.06,0.6974,0.2055,0.0971,pinnacle_closing,pinnacle_closing,closing,1.0242,2026-09-13T03:33:42+00:00,E0_1819.csv,7c096b3c,pinnacle_opening,0.6702,0.2155,0.1143
2018-10-06,Tottenham,Cardiff,1.25,6.6,12.33,0.7747,0.1467,0.0785,pinnacle_closing,pinnacle_closing,closing,1.0326,2026-09-13T03:33:42+00:00,E0_1819.csv,7c096b3c,pinnacle_opening,0.7924,0.1434,0.0642
2018-10-06,Watford,Bournemouth,2.17,3.47,3.69,0.4518,0.2825,0.2657,pinnacle_closing,pinnacle_closing,closing,1.02,2026-09-13T03:33:42+00:00,E0_1819.csv,7c096b3c,pinnacle_opening,0.4547,0.2723,0.2731
2018-10-07,Fulham,Arsenal,5.01,4.48,1.67,0.1954,0.2185,0.5861,pinnacle_closing,pinnacle_closing,closing,1.0216,2026-09-13T03:33:42+00:00,E0_1819.csv,7c096b3c,pinnacle_opening,0.1956,0.2258,0.5786
2018-10-07,Liverpool,Man City,2.84,3.55,2.6,0.3457,0.2766,0.3777,pinnacle_closing,pinnacle_closing,closing,1.0184,2026-09-13T03:33:42+00:00,E0_1819.csv,7c096b3c,pinnacle_opening,0.3821,0.2747,0.3432
2018-10-07,Southampton,Chelsea,6.92,4.19,1.56,0.1411,0.233,0.6259,pinnacle_closing,pinnacle_closing,closing,1.0242,2026-09-13T03:33:42+00:00,E0_1819.csv,7c096b3c,pinnacle_opening,0.1626,0.237,0.6004
2018-10-20,Bournemouth,Southampton,2.22,3.51,3.53,0.4422,0.2797,0.2781,pinnacle_closing,pinnacle_closing,closing,1.0186,2026-09-13T03:33:42+00:00,E0_1819.csv,7c096b3c,pinnacle_opening,0.4739,0.2673,0.2588
2018-10-20,Cardiff,Fulham,2.62,3.45,2.88,0.3747,0.2845,0.3408,pinnacle_closing,pinnacle_closing,closing,1.0188,2026-09-13T03:33:42+00:00,E0_1819.csv,7c096b3c,pinnacle_opening,0.3912,0.2838,0.3251
2018-10-20,Chelsea,Man United,1.77,3.9,5.01,0.5534,0.2511,0.1955,pinnacle_closing,pinnacle_closing,closing,1.021,2026-09-13T03:33:42+00:00,E0_1819.csv,7c096b3c,pinnacle_opening,0.5638,0.2496,0.1865
2018-10-20,Huddersfield,Liverpool,12.75,6.18,1.26,0.0759,0.1565,0.7676,pinnacle_closing,pinnacle_closing,closing,1.0339,2026-09-13T03:33:42+00:00,E0_1819.csv,7c096b3c,pinnacle_opening,0.0849,0.1819,0.7332
2018-10-20,Man City,Burnley,1.07,14.92,32.36,0.9052,0.0649,0.0299,pinnacle_closing,pinnacle_closing,closing,1.0325,2026-09-13T03:33:42+00:00,E0_1819.csv,7c096b3c,pinnacle_opening,0.8884,0.0817,0.0299
2018-10-20,Newcastle,Brighton,2.22,3.25,3.82,0.4417,0.3017,0.2567,pinnacle_closing,pinnacle_closing,closing,1.0199,2026-09-13T03:33:42+00:00,E0_1819.csv,7c096b3c,pinnacle_opening,0.4423,0.3059,0.2518
2018-10-20,West Ham,Tottenham,3.89,3.73,2.02,0.252,0.2628,0.4852,pinnacle_closing,pinnacle_closing,closing,1.0202,2026-09-13T03:33:42+00:00,E0_1819.csv,7c096b3c,pinnacle_opening,0.2407,0.2518,0.5075
2018-10-20,Wolves,Watford,1.86,3.38,5.36,0.5271,0.29,0.1829,pinnacle_closing,pinnacle_closing,closing,1.0201,2026-09-13T03:33:42+00:00,E0_1819.csv,7c096b3c,pinnacle_opening,0.5556,0.2657,0.1788
2018-10-21,Everton,Crystal Palace,1.78,3.67,5.35,0.5501,0.2668,0.183,pinnacle_closing,pinnacle_closing,closing,1.0212,2026-09-13T03:33:42+00:00,E0_1819.csv,7c096b3c,pinnacle_opening,0.522,0.2674,0.2106
2018-10-22,Arsenal,Leicester,1.63,4.13,6.03,0.6006,0.237,0.1624,pinnacle_closing,pinnacle_closing,closing,1.0215,2026-09-13T03:33:42+00:00,E0_1819.csv,7c096b3c,pinnacle_opening,0.626,0.224,0.15
2018-10-27,Brighton,Wolves,3.48,3.19,2.39,0.2819,0.3076,0.4105,pinnacle_closing,pinnacle_closing,closing,1.0192,2026-09-13T03:33:42+00:00,E0_1819.csv,7c096b3c,pinnacle_opening,0.3,0.3075,0.3924
2018-10-27,Fulham,Bournemouth,2.85,3.71,2.51,0.3444,0.2646,0.391,pinnacle_closing,pinnacle_closing,closing,1.0188,2026-09-13T03:33:42+00:00,E0_1819.csv,7c096b3c,pinnacle_opening,0.3327,0.2617,0.4056
2018-10-27,Leicester,West Ham,1.98,3.6,4.21,0.495,0.2722,0.2328,pinnacle_closing,pinnacle_closing,closing,1.0204,2026-09-13T03:33:42+00:00,E0_1819.csv,7c096b3c,pinnacle_opening,0.4541,0.2843,0.2616
2018-10-27,Liverpool,Cardiff,1.12,9.84,28.98,0.8677,0.0988,0.0335,pinnacle_closing,pinnacle_closing,closing,1.029,2026-09-13T03:33:42+00:00,E0_1819.csv,7c096b3c,pinnacle_opening,0.875,0.0894,0.0356
2018-10-27,Southampton,Newcastle,2.01,3.55,4.15,0.4877,0.2761,0.2362,pinnacle_closing,pinnacle_closing,closing,1.0202,2026-09-13T03:33:42+00:00,E0_1819.csv,7c096b3c,pinnacle_opening,0.4582,0.291,0.2508
2018-10-27,Watford,Huddersfield,1.78,3.53,5.73,0.551,0.2778,0.1712,pinnacle_closing,pinnacle_closing,closing,1.0196,2026-09-13T03:33:42+00:00,E0_1819.csv,7c096b3c,pinnacle_opening,0.5561,0.2617,0.1823
2018-10-28,Burnley,Chelsea,9.53,4.52,1.43,0.1023,0.2157,0.6819,pinnacle_closing,pinnacle_closing,closing,1.0255,2026-09-13T03:33:42+00:00,E0_1819.csv,7c096b3c,pinnacle_opening,0.0899,0.1992,0.711
2018-10-28,Crystal Palace,Arsenal,4.57,3.86,1.84,0.2142,0.2536,0.5321,pinnacle_closing,pinnacle_closing,closing,1.0214,2026-09-13T03:33:42+00:00,E0_1819.csv,7c096b3c,pinnacle_opening,0.2145,0.2296,0.5558
2018-10-28,Man United,Everton,1.81,3.74,4.95,0.5407,0.2617,0.1977,pinnacle_closing,pinnacle_closing,closing,1.0219,2026-09-13T03:33:42+00:00,E0_1819.csv,7c096b3c,pinnacle_opening,0.5597,0.2505,0.1898
2018-10-29,Tottenham,Man City,5.42,4.29,1.66,0.1809,0.2285,0.5906,pinnacle_closing,pinnacle_closing,closing,1.02,2026-09-13T03:33:42+00:00,E0_1819.csv,7c096b3c,pinnacle_opening,0.2058,0.2311,0.5631
2018-11-03,Arsenal,Liverpool,3.91,3.94,1.96,0.2508,0.2489,0.5003,pinnacle_closing,pinnacle_closing,closing,1.0198,2026-09-13T03:33:42+00:00,E0_1819.csv,7c096b3c,pinnacle_opening,0.25,0.26,0.49
2018-11-03,Bournemouth,Man United,3.9,3.98,1.95,0.2513,0.2462,0.5025,pinnacle_closing,pinnacle_closing,closing,1.0205,2026-09-13T03:33:42+00:00,E0_1819.csv,7c096b3c,pinnacle_opening,0.2713,0.2698,0.4589
2018-11-03,Cardiff,Leicester,3.45,3.47,2.27,0.2846,0.2829,0.4325,pinnacle_closing,pinnacle_closing,closing,1.0186,2026-09-13T03:33:42+00:00,E0_1819.csv,7c096b3c,pinnacle_opening,0.2548,0.2911,0.4541
2018-11-03,Everton,Brighton,1.57,4.04,7.24,0.6229,0.2421,0.1351,pinnacle_closing,pinnacle_closing,closing,1.0226,2026-09-13T03:33:42+00:00,E0_1819.csv,7c096b3c,pinnacle_opening,0.6197,0.2406,0.1397
2018-11-03,Newcastle,Watford,2.85,3.29,2.74,0.3441,0.2981,0.3579,pinnacle_closing,pinnacle_closing,closing,1.0198,2026-09-13T03:33:42+00:00,E0_1819.csv,7c096b3c,pinnacle_opening,0.3533,0.3022,0.3446
2018-11-03,West Ham,Burnley,1.57,4.17,6.85,0.6228,0.2345,0.1427,pinnacle_closing,pinnacle_closing,closing,1.0227,2026-09-13T03:33:42+00:00,E0_1819.csv,7c096b3c,pinnacle_opening,0.557,0.2621,0.1809
2018-11-03,Wolves,Tottenham,3.43,3.38,2.32,0.2863,0.2905,0.4232,pinnacle_closing,pinnacle_closing,closing,1.0184,2026-09-13T03:33:42+00:00,E0_1819.csv,7c096b3c,pinnacle_opening,0.3136,0.2922,0.3942
2018-11-04,Chelsea,Crystal Palace,1.33,5.53,10.76,0.7331,0.1763,0.0906,pinnacle_closing,pinnacle_closing,closing,1.0256,2026-09-13T03:33:42+00:00,E0_1819.csv,7c096b3c,pinnacle_opening,0.76,0.1562,0.0839
2018-11-04,Man City,Southampton,1.12,10.04,27.35,0.8677,0.0968,0.0355,pinnacle_closing,pinnacle_closing,closing,1.029,2026-09-13T03:33:42+00:00,E0_1819.csv,7c096b3c,pinnacle_opening,0.8752,0.091,0.0339
2018-11-05,Huddersfield,Fulham,2.34,3.44,3.32,0.4193,0.2852,0.2955,pinnacle_closing,pinnacle_closing,closing,1.0193,2026-09-13T03:33:42+00:00,E0_1819.csv,7c096b3c,pinnacle_opening,0.4214,0.2846,0.294
2018-11-10,Cardiff,Brighton,2.58,3.15,3.19,0.3805,0.3117,0.3078,pinnacle_closing,pinnacle_closing,closing,1.0185,2026-09-13T03:33:42+00:00,E0_1819.csv,7c096b3c,pinnacle_opening,0.3763,0.3079,0.3158
2018-11-10,Crystal Palace,Tottenham,5.48,3.96,1.7,0.1783,0.2468,0.5749,pinnacle_closing,pinnacle_closing,closing,1.0232,2026-09-13T03:33:42+00:00,E0_1819.csv,7c096b3c,pinnacle_opening,0.219,0.2673,0.5137
2018-11-10,Huddersfield,West Ham,3.27,3.27,2.46,0.3004,0.3004,0.3993,pinnacle_closing,pinnacle_closing,closing,1.0181,2026-09-13T03:33:42+00:00,E0_1819.csv,7c096b3c,pinnacle_opening,0.2838,0.2948,0.4214
2018-11-10,Leicester,Burnley,1.49,4.47,7.93,0.6574,0.2191,0.1235,pinnacle_closing,pinnacle_closing,closing,1.021,2026-09-13T03:33:42+00:00,E0_1819.csv,7c096b3c,pinnacle_opening,0.6569,0.22,0.1231
2018-11-10,Newcastle,Bournemouth,2.94,3.5,2.55,0.3341,0.2807,0.3852,pinnacle_closing,pinnacle_closing,closing,1.018,2026-09-13T03:33:42+00:00,E0_1819.csv,7c096b3c,pinnacle_opening,0.3395,0.286,0.3745
2018-11-10,Southampton,Watford,2.34,3.44,3.32,0.4193,0.2852,0.2955,pinnacle_closing,pinnacle_closing,closing,1.0193,2026-09-13T03:33:42+00:00,E0_1819.csv,7c096b3c,pinnacle_opening,0.3882,0.294,0.3178
2018-11-11,Arsenal,Wolves,1.65,4.15,5.71,0.5929,0.2357,0.1713,pinnacle_closing,pinnacle_closing,closing,1.0222,2026-09-13T03:33:42+00:00,E0_1819.csv,7c096b3c,pinnacle_opening,0.5826,0.2364,0.1809
2018-11-11,Chelsea,Everton,1.4,5.04,8.94,0.6972,0.1937,0.1092,pinnacle_closing,pinnacle_closing,closing,1.0246,2026-09-13T03:33:42+00:00,E0_1819.csv,7c096b3c,pinnacle_opening,0.6875,0.1888,0.1237
2018-11-11,Liverpool,Fulham,1.1,11.92,26.16,0.8816,0.0814,0.0371,pinnacle_closing,pinnacle_closing,closing,1.0312,2026-09-13T03:33:42+00:00,E0_1819.csv,7c096b3c,pinnacle_opening,0.8719,0.0888,0.0393
2018-11-11,Man City,Man United,1.36,5.42,9.53,0.7176,0.18,0.1024,pinnacle_closing,pinnacle_closing,closing,1.0247,2026-09-13T03:33:42+00:00,E0_1819.csv,7c096b3c,pinnacle_opening,0.702,0.1807,0.1173
2018-11-24,Brighton,Leicester,2.9,3.15,2.81,0.3387,0.3118,0.3495,pinnacle_closing,pinnacle_closing,closing,1.0182,2026-09-13T03:33:42+00:00,E0_1819.csv,7c096b3c,pinnacle_opening,0.3397,0.3021,0.3583
2018-11-24,Everton,Cardiff,1.47,4.34,8.88,0.6648,0.2252,0.11,pinnacle_closing,pinnacle_closing,closing,1.0233,2026-09-13T03:33:42+00:00,E0_1819.csv,7c096b3c,pinnacle_opening,0.6825,0.2042,0.1133
2018-11-24,Fulham,Southampton,2.8,3.31,2.78,0.3505,0.2965,0.353,pinnacle_closing,pinnacle_closing,closing,1.019,2026-09-13T03:33:42+00:00,E0_1819.csv,7c096b3c,pinnacle_opening,0.3667,0.2848,0.3485
2018-11-24,Man United,Crystal Palace,1.46,4.47,8.65,0.6687,0.2184,0.1129,pinnacle_closing,pinnacle_closing,closing,1.0243,2026-09-13T03:33:42+00:00,E0_1819.csv,7c096b3c,pinnacle_opening,0.6885,0.2003,0.1112
2018-11-24,Tottenham,Chelsea,3.09,3.44,2.47,0.3175,0.2852,0.3972,pinnacle_closing,pinnacle_closing,closing,1.0192,2026-09-13T03:33:42+00:00,E0_1819.csv,7c096b3c,pinnacle_opening,0.342,0.2805,0.3775
2018-11-24,Watford,Liverpool,6.29,4.46,1.56,0.1552,0.2189,0.6259,pinnacle_closing,pinnacle_closing,closing,1.0242,2026-09-13T03:33:42+00:00,E0_1819.csv,7c096b3c,pinnacle_opening,0.1552,0.2288,0.616
2018-11-24,West Ham,Man City,12.2,6.9,1.24,0.0793,0.1403,0.7804,pinnacle_closing,pinnacle_closing,closing,1.0333,2026-09-13T03:33:42+00:00,E0_1819.csv,7c096b3c,pinnacle_opening,0.0778,0.1472,0.775
2018-11-25,Bournemouth,Arsenal,3.38,3.7,2.21,0.2905,0.2653,0.4442,pinnacle_closing,pinnacle_closing,closing,1.0186,2026-09-13T03:33:42+00:00,E0_1819.csv,7c096b3c,pinnacle_opening,0.2778,0.2553,0.4669
2018-11-25,Wolves,Huddersfield,1.61,3.71,7.73,0.6089,0.2642,0.1268,pinnacle_closing,pinnacle_closing,closing,1.02,2026-09-13T03:33:42+00:00,E0_1819.csv,7c096b3c,pinnacle_opening,0.6464,0.2346,0.119
2018-11-26,Burnley,Newcastle,3.03,3.18,2.67,0.3239,0.3086,0.3675,pinnacle_closing,pinnacle_closing,closing,1.019,2026-09-13T03:33:42+00:00,E0_1819.csv,7c096b3c,pinnacle_opening,0.335,0.3106,0.3544
2018-11-30,Cardiff,Wolves,3.63,3.28,2.28,0.2704,0.2992,0.4304,pinnacle_closing,pinnacle_closing,closing,1.019,2026-09-13T03:33:42+00:00,E0_1819.csv,7c096b3c,pinnacle_opening,0.2614,0.296,0.4427
2018-12-01,Crystal Palace,Burnley,1.56,4.07,7.28,0.6259,0.2399,0.1341,pinnacle_closing,pinnacle_closing,closing,1.0241,2026-09-13T03:33:42+00:00,E0_1819.csv,7c096b3c,pinnacle_opening,0.6035,0.2494,0.147
2018-12-01,Huddersfield,Brighton,2.43,2.93,3.76,0.4039,0.335,0.2611,pinnacle_closing,pinnacle_closing,closing,1.0188,2026-09-13T03:33:42+00:00,E0_1819.csv,7c096b3c,pinnacle_opening,0.3925,0.3206,0.2869
2018-12-01,Leicester,Watford,2.36,3.3,3.41,0.4154,0.2971,0.2875,pinnacle_closing,pinnacle_closing,closing,1.02,2026-09-13T03:33:42+00:00,E0_1819.csv,7c096b3c,pinnacle_opening,0.4302,0.2928,0.2771
2018-12-01,Man City,Bournemouth,1.13,9.87,22.77,0.859,0.0983,0.0426,pinnacle_closing,pinnacle_closing,closing,1.0302,2026-09-13T03:33:42+00:00,E0_1819.csv,7c096b3c,pinnacle_opening,0.8712,0.0881,0.0408
2018-12-01,Newcastle,West Ham,2.59,3.37,2.98,0.3791,0.2914,0.3295,pinnacle_closing,pinnacle_closing,closing,1.0184,2026-09-13T03:33:42+00:00,E0_1819.csv,7c096b3c,pinnacle_opening,0.3928,0.2905,0.3167
2018-12-01,Southampton,Man United,4.29,3.58,1.97,0.2285,0.2738,0.4976,pinnacle_closing,pinnacle_closing,closing,1.02,2026-09-13T03:33:42+00:00,E0_1819.csv,7c096b3c,pinnacle_opening,0.2282,0.2787,0.4931
2018-12-02,Arsenal,Tottenham,2.94,3.53,2.53,0.3339,0.2781,0.388,pinnacle_closing,pinnacle_closing,closing,1.0187,2026-09-13T03:33:42+00:00,E0_1819.csv,7c096b3c,pinnacle_opening,0.3733,0.2632,0.3636
2018-12-02,Chelsea,Fulham,1.2,7.59,14.82,0.8071,0.1276,0.0653,pinnacle_closing,pinnacle_closing,closing,1.0326,2026-09-13T03:33:42+00:00,E0_1819.csv,7c096b3c,pinnacle_opening,0.8165,0.1217,0.0618
2018-12-02,Liverpool,Everton,1.47,4.49,8.31,0.6648,0.2176,0.1176,pinnacle_closing,pinnacle_closing,closing,1.0233,2026-09-13T03:33:42+00:00,E0_1819.csv,7c096b3c,pinnacle_opening,0.6917,0.1931,0.1152
2018-12-04,Bournemouth,Huddersfield,1.74,3.72,5.65,0.5632,0.2634,0.1734,pinnacle_closing,pinnacle_closing,closing,1.0205,2026-09-13T03:33:42+00:00,E0_1819.csv,7c096b3c,pinnacle_opening,0.5757,0.2562,0.1681
2018-12-04,Brighton,Crystal Palace,3.14,2.95,2.77,0.3127,0.3328,0.3545,pinnacle_closing,pinnacle_closing,closing,1.0185,2026-09-13T03:33:42+00:00,E0_1819.csv,7c096b3c,pinnacle_opening,0.3293,0.3125,0.3582
2018-12-04,Watford,Man City,9.33,5.38,1.37,0.1048,0.1817,0.7135,pinnacle_closing,pinnacle_closing,closing,1.023,2026-09-13T03:33:42+00:00,E0_1819.csv,7c096b3c,pinnacle_opening,0.0994,0.1618,0.7388
2018-12-04,West Ham,Cardiff,1.7,3.94,5.59,0.5762,0.2486,0.1752,pinnacle_closing,pinnacle_closing,closing,1.0209,2026-09-13T03:33:42+00:00,E0_1819.csv,7c096b3c,pinnacle_opening,0.5903,0.2396,0.1701
2018-12-05,Burnley,Liverpool,11.43,5.21,1.33,0.0848,0.1861,0.7291,pinnacle_closing,pinnacle_closing,closing,1.0313,2026-09-13T03:33:42+00:00,E0_1819.csv,7c096b3c,pinnacle_opening,0.0871,0.1638,0.7491
2018-12-05,Everton,Newcastle,1.49,4.37,8.17,0.6565,0.2238,0.1197,pinnacle_closing,pinnacle_closing,closing,1.0224,2026-09-13T03:33:42+00:00,E0_1819.csv,7c096b3c,pinnacle_opening,0.6115,0.2483,0.1402
2018-12-05,Fulham,Leicester,2.75,3.36,2.8,0.3571,0.2922,0.3507,pinnacle_closing,pinnacle_closing,closing,1.0184,2026-09-13T03:33:42+00:00,E0_1819.csv,7c096b3c,pinnacle_opening,0.3204,0.2794,0.4002
2018-12-05,Man United,Arsenal,2.44,3.52,3.07,0.4019,0.2786,0.3195,pinnacle_closing,pinnacle_closing,closing,1.0197,2026-09-13T03:33:42+00:00,E0_1819.csv,7c096b3c,pinnacle_opening,0.4006,0.2734,0.3261
2018-12-05,Tottenham,Southampton,1.34,5.45,10.73,0.7295,0.1794,0.0911,pinnacle_closing,pinnacle_closing,closing,1.023,2026-09-13T03:33:42+00:00,E0_1819.csv,7c096b3c,pinnacle_opening,0.7067,0.1909,0.1024
2018-12-05,Wolves,Chelsea,6.01,3.94,1.66,0.1627,0.2482,0.5891,pinnacle_closing,pinnacle_closing,closing,1.0226,2026-09-13T03:33:42+00:00,E0_1819.csv,7c096b3c,pinnacle_opening,0.2021,0.2565,0.5414
2018-12-08,Arsenal,Huddersfield,1.3,5.74,12.4,0.7511,0.1701,0.0787,pinnacle_closing,pinnacle_closing,closing,1.0241,2026-09-13T03:33:42+00:00,E0_1819.csv,7c096b3c,pinnacle_opening,0.7598,0.1574,0.0828
2018-12-08,Bournemouth,Liverpool,7.43,4.72,1.48,0.1317,0.2073,0.661,pinnacle_closing,pinnacle_closing,closing,1.0221,2026-09-13T03:33:42+00:00,E0_1819.csv,7c096b3c,pinnacle_opening,0.1646,0.2164,0.619
2018-12-08,Burnley,Brighton,2.98,3.11,2.77,0.3296,0.3158,0.3546,pinnacle_closing,pinnacle_closing,closing,1.0181,2026-09-13T03:33:42+00:00,E0_1819.csv,7c096b3c,pinnacle_opening,0.3423,0.3118,0.3459
2018-12-08,Cardiff,Southampton,3.3,3.28,2.44,0.2977,0.2996,0.4027,pinnacle_closing,pinnacle_closing,closing,1.0177,2026-09-13T03:33:42+00:00,E0_1819.csv,7c096b3c,pinnacle_opening,0.3362,0.2948,0.369
2018-12-08,Chelsea,Man City,3.56,3.47,2.22,0.2755,0.2827,0.4418,pinnacle_closing,pinnacle_closing,closing,1.0195,2026-09-13T03:33:42+00:00,E0_1819.csv,7c096b3c,pinnacle_opening,0.2453,0.2616,0.4931
2018-12-08,Leicester,Tottenham,4.34,3.49,1.99,0.226,0.2811,0.4929,pinnacle_closing,pinnacle_closing,closing,1.0195,2026-09-13T03:33:42+00:00,E0_1819.csv,7c096b3c,pinnacle_opening,0.2492,0.2765,0.4743
2018-12-08,Man United,Fulham,1.39,5.09,9.42,0.7039,0.1922,0.1039,pinnacle_closing,pinnacle_closing,closing,1.022,2026-09-13T03:33:42+00:00,E0_1819.csv,7c096b3c,pinnacle_opening,0.7167,0.1843,0.0991
2018-12-08,West Ham,Crystal Palace,2.32,3.54,3.27,0.4229,0.2771,0.3,pinnacle_closing,pinnacle_closing,closing,1.0193,2026-09-13T03:33:42+00:00,E0_1819.csv,7c096b3c,pinnacle_opening,0.4289,0.2864,0.2847
2018-12-09,Newcastle,Wolves,2.97,3.05,2.83,0.3308,0.3221,0.3471,pinnacle_closing,pinnacle_closing,closing,1.0179,2026-09-13T03:33:42+00:00,E0_1819.csv,7c096b3c,pinnacle_opening,0.326,0.3105,0.3634
2018-12-10,Everton,Watford,1.69,3.92,5.7,0.5788,0.2495,0.1716,pinnacle_closing,pinnacle_closing,closing,1.0223,2026-09-13T03:33:42+00:00,E0_1819.csv,7c096b3c,pinnacle_opening,0.554,0.2495,0.1965
2018-12-15,Crystal Palace,Leicester,2.73,3.2,2.94,0.3595,0.3067,0.3338,pinnacle_closing,pinnacle_closing,closing,1.0189,2026-09-13T03:33:42+00:00,E0_1819.csv,7c096b3c,pinnacle_opening,0.3606,0.3114,0.328
2018-12-15,Fulham,West Ham,3.12,3.56,2.4,0.3148,0.2759,0.4093,pinnacle_closing,pinnacle_closing,closing,1.0181,2026-09-13T03:33:42+00:00,E0_1819.csv,7c096b3c,pinnacle_opening,0.3241,0.2735,0.4024
2018-12-15,Huddersfield,Newcastle,2.64,3.07,3.19,0.3721,0.32,0.3079,pinnacle_closing,pinnacle_closing,closing,1.018,2026-09-13T03:33:42+00:00,E0_1819.csv,7c096b3c,pinnacle_opening,0.3595,0.3218,0.3187
2018-12-15,Man City,Everton,1.23,6.83,13.15,0.7852,0.1414,0.0734,pinnacle_closing,pinnacle_closing,closing,1.0355,2026-09-13T03:33:42+00:00,E0_1819.csv,7c096b3c,pinnacle_opening,0.7899,0.1375,0.0727
2018-12-15,Tottenham,Burnley,1.2,6.92,18.03,0.8065,0.1399,0.0537,pinnacle_closing,pinnacle_closing,closing,1.0333,2026-09-13T03:33:42+00:00,E0_1819.csv,7c096b3c,pinnacle_opening,0.8219,0.1253,0.0528
2018-12-15,Watford,Cardiff,1.68,3.9,5.86,0.5823,0.2508,0.1669,pinnacle_closing,pinnacle_closing,closing,1.0223,2026-09-13T03:33:42+00:00,E0_1819.csv,7c096b3c,pinnacle_opening,0.6008,0.2454,0.1537
2018-12-15,Wolves,Bournemouth,2.02,3.45,4.24,0.485,0.284,0.2311,pinnacle_closing,pinnacle_closing,closing,1.0208,2026-09-13T03:33:42+00:00,E0_1819.csv,7c096b3c,pinnacle_opening,0.4851,0.2816,0.2333
2018-12-16,Brighton,Chelsea,8.63,4.58,1.45,0.1132,0.2133,0.6736,pinnacle_closing,pinnacle_closing,closing,1.0239,2026-09-13T03:33:42+00:00,E0_1819.csv,7c096b3c,pinnacle_opening,0.1281,0.2239,0.648
2018-12-16,Liverpool,Man United,1.55,4.26,7.09,0.6319,0.2299,0.1381,pinnacle_closing,pinnacle_closing,closing,1.0209,2026-09-13T03:33:42+00:00,E0_1819.csv,7c096b3c,pinnacle_opening,0.6387,0.2167,0.1446
2018-12-16,Southampton,Arsenal,4.52,4.0,1.82,0.2168,0.2449,0.5383,pinnacle_closing,pinnacle_closing,closing,1.0207,2026-09-13T03:33:42+00:00,E0_1819.csv,7c096b3c,pinnacle_opening,0.2534,0.2514,0.4952
2018-12-21,Wolves,Liverpool,7.49,4.16,1.54,0.1305,0.2349,0.6346,pinnacle_closing,pinnacle_closing,closing,1.0232,2026-09-13T03:33:42+00:00,E0_1819.csv,7c096b3c,pinnacle_opening,0.1428,0.2421,0.6151
2018-12-22,Arsenal,Burnley,1.2,7.15,15.42,0.8028,0.1347,0.0625,pinnacle_closing,pinnacle_closing,closing,1.038,2026-09-13T03:33:42+00:00,E0_1819.csv,7c096b3c,pinnacle_opening,0.7847,0.1508,0.0645
2018-12-22,Bournemouth,Brighton,2.03,3.5,4.14,0.483,0.2801,0.2368,pinnacle_closing,pinnacle_closing,closing,1.0199,2026-09-13T03:33:42+00:00,E0_1819.csv,7c096b3c,pinnacle_opening,0.5019,0.2757,0.2224
2018-12-22,Cardiff,Man United,6.9,4.32,1.55,0.1419,0.2266,0.6315,pinnacle_closing,pinnacle_closing,closing,1.0216,2026-09-13T03:33:42+00:00,E0_1819.csv,7c096b3c,pinnacle_opening,0.1563,0.239,0.6048
2018-12-22,Chelsea,Leicester,1.34,5.48,10.52,0.7289,0.1782,0.0928,pinnacle_closing,pinnacle_closing,closing,1.0238,2026-09-13T03:33:42+00:00,E0_1819.csv,7c096b3c,pinnacle_opening,0.734,0.1801,0.0859
2018-12-22,Huddersfield,Southampton,2.9,3.1,2.85,0.3386,0.3168,0.3446,pinnacle_closing,pinnacle_closing,closing,1.0183,2026-09-13T03:33:42+00:00,E0_1819.csv,7c096b3c,pinnacle_opening,0.3185,0.3154,0.3661
2018-12-22,Man City,Crystal Palace,1.17,7.9,19.72,0.8282,0.1227,0.0491,pinnacle_closing,pinnacle_closing,closing,1.032,2026-09-13T03:33:42+00:00,E0_1819.csv,7c096b3c,pinnacle_opening,0.8514,0.1034,0.0452
2018-12-22,Newcastle,Fulham,2.39,3.26,3.41,0.4108,0.3012,0.288,pinnacle_closing,pinnacle_closing,closing,1.0184,2026-09-13T03:33:42+00:00,E0_1819.csv,7c096b3c,pinnacle_opening,0.4838,0.2743,0.2419
2018-12-22,West Ham,Watford,2.5,3.53,2.98,0.3926,0.278,0.3294,pinnacle_closing,pinnacle_closing,closing,1.0189,2026-09-13T03:33:42+00:00,E0_1819.csv,7c096b3c,pinnacle_opening,0.4143,0.275,0.3107
2018-12-23,Everton,Tottenham,3.48,3.76,2.15,0.2822,0.2611,0.4567,pinnacle_closing,pinnacle_closing,closing,1.0184,2026-09-13T03:33:42+00:00,E0_1819.csv,7c096b3c,pinnacle_opening,0.3,0.2827,0.4174
2018-12-26,Brighton,Arsenal,5.48,3.89,1.72,0.1787,0.2518,0.5695,pinnacle_closing,pinnacle_closing,closing,1.0209,2026-09-13T03:33:42+00:00,E0_1819.csv,7c096b3c,pinnacle_opening,0.186,0.2548,0.5592
2018-12-26,Burnley,Everton,4.38,3.65,1.93,0.2237,0.2685,0.5078,pinnacle_closing,pinnacle_closing,closing,1.0204,2026-09-13T03:33:42+00:00,E0_1819.csv,7c096b3c,pinnacle_opening,0.2173,0.28,0.5026
2018-12-26,Crystal Palace,Cardiff,1.66,3.79,6.44,0.5897,0.2583,0.152,pinnacle_closing,pinnacle_closing,closing,1.0215,2026-09-13T03:33:42+00:00,E0_1819.csv,7c096b3c,pinnacle_opening,0.5924,0.2468,0.1608
2018-12-26,Fulham,Wolves,2.96,3.15,2.76,0.332,0.312,0.356,pinnacle_closing,pinnacle_closing,closing,1.0176,2026-09-13T03:33:42+00:00,E0_1819.csv,7c096b3c,pinnacle_opening,0.302,0.2974,0.4006
2018-12-26,Leicester,Man City,9.58,5.9,1.33,0.1018,0.1652,0.733,pinnacle_closing,pinnacle_closing,closing,1.0258,2026-09-13T03:33:42+00:00,E0_1819.csv,7c096b3c,pinnacle_opening,0.1008,0.1833,0.7159
2018-12-26,Liverpool,Newcastle,1.16,8.43,19.78,0.8359,0.115,0.049,pinnacle_closing,pinnacle_closing,closing,1.0312,2026-09-13T03:33:42+00:00,E0_1819.csv,7c096b3c,pinnacle_opening,0.8336,0.1171,0.0493
2018-12-26,Man United,Huddersfield,1.27,6.13,13.45,0.7683,0.1592,0.0725,pinnacle_closing,pinnacle_closing,closing,1.0249,2026-09-13T03:33:42+00:00,E0_1819.csv,7c096b3c,pinnacle_opening,0.7872,0.1426,0.0702
2018-12-26,Tottenham,Bournemouth,1.37,5.38,9.25,0.7129,0.1815,0.1056,pinnacle_closing,pinnacle_closing,closing,1.0239,2026-09-13T03:33:42+00:00,E0_1819.csv,7c096b3c,pinnacle_opening,0.7136,0.1887,0.0977
2018-12-26,Watford,Chelsea,5.74,4.01,1.67,0.1704,0.2439,0.5857,pinnacle_closing,pinnacle_closing,closing,1.0224,2026-09-13T03:33:42+00:00,E0_1819.csv,7c096b3c,pinnacle_opening,0.193,0.2501,0.557
2018-12-27,Southampton,West Ham,2.32,3.37,3.43,0.4229,0.2911,0.286,pinnacle_closing,pinnacle_closing,closing,1.0193,2026-09-13T03:33:42+00:00,E0_1819.csv,7c096b3c,pinnacle_opening,0.4297,0.2752,0.2951
2018-12-29,Brighton,Everton,3.27,3.34,2.41,0.2998,0.2935,0.4067,pinnacle_closing,pinnacle_closing,closing,1.0201,2026-09-13T03:33:42+00:00,E0_1819.csv,7c096b3c,pinnacle_opening,0.2774,0.288,0.4346
2018-12-29,Fulham,Huddersfield,2.07,3.26,4.33,0.4733,0.3005,0.2262,pinnacle_closing,pinnacle_closing,closing,1.0208,2026-09-13T03:33:42+00:00,E0_1819.csv,7c096b3c,pinnacle_opening,0.4691,0.2953,0.2357
2018-12-29,Leicester,Cardiff,1.6,3.81,7.44,0.6116,0.2568,0.1315,pinnacle_closing,pinnacle_closing,closing,1.0219,2026-09-13T03:33:42+00:00,E0_1819.csv,7c096b3c,pinnacle_opening,0.6198,0.2272,0.153
2018-12-29,Liverpool,Arsenal,1.39,5.54,7.97,0.7016,0.176,0.1224,pinnacle_closing,pinnacle_closing,closing,1.0254,2026-09-13T03:33:42+00:00,E0_1819.csv,7c096b3c,pinnacle_opening,0.6528,0.1986,0.1486
2018-12-29,Tottenham,Wolves,1.47,4.47,8.39,0.6649,0.2186,0.1165,pinnacle_closing,pinnacle_closing,closing,1.0232,2026-09-13T03:33:42+00:00,E0_1819.csv,7c096b3c,pinnacle_opening,0.7118,0.1905,0.0977
2018-12-29,Watford,Newcastle,1.79,3.67,5.26,0.547,0.2668,0.1862,pinnacle_closing,pinnacle_closing,closing,1.0213,2026-09-13T03:33:42+00:00,E0_1819.csv,7c096b3c,pinnacle_opening,0.5411,0.2591,0.1999
2018-12-30,Burnley,West Ham,3.86,3.57,2.08,0.254,0.2746,0.4714,pinnacle_closing,pinnacle_closing,closing,1.0199,2026-09-13T03:33:42+00:00,E0_1819.csv,7c096b3c,pinnacle_opening,0.2895,0.2781,0.4324
2018-12-30,Crystal Palace,Chelsea,5.19,3.79,1.77,0.1886,0.2583,0.5531,pinnacle_closing,pinnacle_closing,closing,1.0215,2026-09-13T03:33:42+00:00,E0_1819.csv,7c096b3c,pinnacle_opening,0.1896,0.2533,0.557
2018-12-30,Man United,Bournemouth,1.39,5.35,8.55,0.703,0.1827,0.1143,pinnacle_closing,pinnacle_closing,closing,1.0233,2026-09-13T03:33:42+00:00,E0_1819.csv,7c096b3c,pinnacle_opening,0.7121,0.179,0.1089
2018-12-30,Southampton,Man City,12.58,7.05,1.23,0.0769,0.1371,0.786,pinnacle_closing,pinnacle_closing,closing,1.0343,2026-09-13T03:33:42+00:00,E0_1819.csv,7c096b3c,pinnacle_opening,0.098,0.1683,0.7338
2019-01-01,Arsenal,Fulham,1.39,5.24,8.13,0.6963,0.1847,0.119,pinnacle_closing,pinnacle_closing,closing,1.0333,2026-09-13T03:33:42+00:00,E0_1819.csv,7c096b3c,pinnacle_opening,0.7201,0.1729,0.107
2019-01-01,Cardiff,Tottenham,8.88,4.84,1.4,0.109,0.1999,0.6911,pinnacle_closing,pinnacle_closing,closing,1.0335,2026-09-13T03:33:42+00:00,E0_1819.csv,7c096b3c,pinnacle_opening,0.135,0.2181,0.647
2019-01-01,Everton,Leicester,2.0,3.58,4.15,0.4901,0.2738,0.2362,pinnacle_closing,pinnacle_closing,closing,1.0203,2026-09-13T03:33:42+00:00,E0_1819.csv,7c096b3c,pinnacle_opening,0.4882,0.2748,0.237
2019-01-02,Bournemouth,Watford,2.6,3.47,2.89,0.3775,0.2829,0.3396,pinnacle_closing,pinnacle_closing,closing,1.0188,2026-09-13T03:33:42+00:00,E0_1819.csv,7c096b3c,pinnacle_opening,0.3733,0.2773,0.3494
2019-01-02,Chelsea,Southampton,1.26,6.11,12.48,0.765,0.1578,0.0772,pinnacle_closing,pinnacle_closing,closing,1.0374,2026-09-13T03:33:42+00:00,E0_1819.csv,7c096b3c,pinnacle_opening,0.7616,0.1591,0.0793
2019-01-02,Huddersfield,Burnley,2.49,3.04,3.47,0.3942,0.3229,0.2829,pinnacle_closing,pinnacle_closing,closing,1.0187,2026-09-13T03:33:42+00:00,E0_1819.csv,7c096b3c,pinnacle_opening,0.4516,0.3082,0.2402
2019-01-02,Newcastle,Man United,5.93,4.1,1.62,0.1638,0.2368,0.5994,pinnacle_closing,pinnacle_closing,closing,1.0298,2026-09-13T03:33:42+00:00,E0_1819.csv,7c096b3c,pinnacle_opening,0.1657,0.2262,0.608
2019-01-02,West Ham,Brighton,2.05,3.55,4.01,0.4788,0.2765,0.2448,pinnacle_closing,pinnacle_closing,closing,1.0189,2026-09-13T03:33:42+00:00,E0_1819.csv,7c096b3c,pinnacle_opening,0.4925,0.2707,0.2367
2019-01-02,Wolves,Crystal Palace,2.34,3.17,3.62,0.4194,0.3096,0.2711,pinnacle_closing,pinnacle_closing,closing,1.0191,2026-09-13T03:33:42+00:00,E0_1819.csv,7c096b3c,pinnacle_opening,0.4809,0.2877,0.2314
2019-01-03,Man City,Liverpool,2.0,3.86,3.84,0.4904,0.2541,0.2554,pinnacle_closing,pinnacle_closing,closing,1.0195,2026-09-13T03:33:42+00:00,E0_1819.csv,7c096b3c,pinnacle_opening,0.4755,0.2531,0.2714
2019-01-12,Brighton,Liverpool,10.06,5.37,1.34,0.0963,0.1805,0.7232,pinnacle_closing,pinnacle_closing,closing,1.0319,2026-09-13T03:33:42+00:00,E0_1819.csv,7c096b3c,pinnacle_opening,0.0989,0.1794,0.7217
2019-01-12,Burnley,Fulham,2.47,3.27,3.22,0.3964,0.2995,0.3041,pinnacle_closing,pinnacle_closing,closing,1.0212,2026-09-13T03:33:42+00:00,E0_1819.csv,7c096b3c,pinnacle_opening,0.4091,0.2999,0.291
2019-01-12,Cardiff,Huddersfield,2.16,3.24,4.0,0.4532,0.3021,0.2447,pinnacle_closing,pinnacle_closing,closing,1.0216,2026-09-13T03:33:42+00:00,E0_1819.csv,7c096b3c,pinnacle_opening,0.4331,0.303,0.2638
2019-01-12,Chelsea,Newcastle,1.2,6.8,19.3,0.8073,0.1425,0.0502,pinnacle_closing,pinnacle_closing,closing,1.0322,2026-09-13T03:33:42+00:00,E0_1819.csv,7c096b3c,pinnacle_opening,0.7941,0.1452,0.0607
2019-01-12,Crystal Palace,Watford,2.36,3.36,3.32,0.4144,0.2911,0.2946,pinnacle_closing,pinnacle_closing,closing,1.0226,2026-09-13T03:33:42+00:00,E0_1819.csv,7c096b3c,pinnacle_opening,0.4311,0.2845,0.2845
2019-01-12,Leicester,Southampton,1.96,3.39,4.56,0.498,0.2879,0.2141,pinnacle_closing,pinnacle_closing,closing,1.0245,2026-09-13T03:33:42+00:00,E0_1819.csv,7c096b3c,pinnacle_opening,0.5068,0.2724,0.2208
2019-01-12,West Ham,Arsenal,3.58,3.95,2.05,0.2738,0.2481,0.4781,pinnacle_closing,pinnacle_closing,closing,1.0203,2026-09-13T03:33:42+00:00,E0_1819.csv,7c096b3c,pinnacle_opening,0.2779,0.2548,0.4672
2019-01-13,Everton,Bournemouth,1.71,4.01,5.32,0.5721,0.244,0.1839,pinnacle_closing,pinnacle_closing,closing,1.0221,2026-09-13T03:33:42+00:00,E0_1819.csv,7c096b3c,pinnacle_opening,0.556,0.2447,0.1993
2019-01-13,Tottenham,Man United,2.11,3.53,3.8,0.4645,0.2776,0.2579,pinnacle_closing,pinnacle_closing,closing,1.0204,2026-09-13T03:33:42+00:00,E0_1819.csv,7c096b3c,pinnacle_opening,0.4736,0.265,0.2614
2019-01-14,Man City,Wolves,1.2,7.16,17.03,0.8077,0.1354,0.0569,pinnacle_closing,pinnacle_closing,closing,1.0317,2026-09-13T03:33:42+00:00,E0_1819.csv,7c096b3c,pinnacle_opening,0.8129,0.1295,0.0576
2019-01-19,Arsenal,Chelsea,3.36,3.49,2.3,0.2921,0.2812,0.4267,pinnacle_closing,pinnacle_closing,closing,1.0189,2026-09-13T03:33:42+00:00,E0_1819.csv,7c096b3c,pinnacle_opening,0.3174,0.2687,0.4139
2019-01-19,Bournemouth,West Ham,2.14,3.7,3.52,0.4574,0.2645,0.2781,pinnacle_closing,pinnacle_closing,closing,1.0217,2026-09-13T03:33:42+00:00,E0_1819.csv,7c096b3c,pinnacle_opening,0.4183,0.2639,0.3178
2019-01-19,Liverpool,Crystal Palace,1.24,6.86,12.02,0.7789,0.1408,0.0803,pinnacle_closing,pinnacle_closing,closing,1.0354,2026-09-13T03:33:42+00:00,E0_1819.csv,7c096b3c,pinnacle_opening,0.8105,0.1295,0.06
2019-01-19,Man United,Brighton,1.38,5.02,9.59,0.7048,0.1938,0.1014,pinnacle_closing,pinnacle_closing,closing,1.0281,2026-09-13T03:33:42+00:00,E0_1819.csv,7c096b3c,pinnacle_opening,0.7376,0.1732,0.0892
2019-01-19,Newcastle,Cardiff,2.13,3.15,4.24,0.459,0.3104,0.2306,pinnacle_closing,pinnacle_closing,closing,1.0228,2026-09-13T03:33:42+00:00,E0_1819.csv,7c096b3c,pinnacle_opening,0.496,0.2883,0.2157
2019-01-19,Southampton,Everton,2.94,3.41,2.57,0.3327,0.2868,0.3805,pinnacle_closing,pinnacle_closing,closing,1.0225,2026-09-13T03:33:42+00:00,E0_1819.csv,7c096b3c,pinnacle_opening,0.3546,0.287,0.3585
2019-01-19,Watford,Burnley,1.78,3.77,5.09,0.5489,0.2592,0.192,pinnacle_closing,pinnacle_closing,closing,1.0235,2026-09-13T03:33:42+00:00,E0_1819.csv,7c096b3c,pinnacle_opening,0.5946,0.235,0.1705
2019-01-19,Wolves,Leicester,2.35,3.23,3.53,0.4178,0.304,0.2782,pinnacle_closing,pinnacle_closing,closing,1.0184,2026-09-13T03:33:42+00:00,E0_1819.csv,7c096b3c,pinnacle_opening,0.4123,0.3057,0.282
2019-01-20,Fulham,Tottenham,5.58,3.71,1.72,0.174,0.2617,0.5644,pinnacle_closing,pinnacle_closing,closing,1.0301,2026-09-13T03:33:42+00:00,E0_1819.csv,7c096b3c,pinnacle_opening,0.1772,0.2637,0.5591
2019-01-20,Huddersfield,Man City,24.77,9.86,1.12,0.039,0.098,0.863,pinnacle_closing,pinnacle_closing,closing,1.0346,2026-09-13T03:33:42+00:00,E0_1819.csv,7c096b3c,pinnacle_opening,0.0448,0.1165,0.8387
2019-01-29,Arsenal,Cardiff,1.22,6.98,13.34,0.7897,0.138,0.0722,pinnacle_closing,pinnacle_closing,closing,1.0379,2026-09-13T03:33:42+00:00,E0_1819.csv,7c096b3c,pinnacle_opening,0.7898,0.1392,0.071
2019-01-29,Fulham,Brighton,2.5,3.24,3.2,0.3917,0.3023,0.306,pinnacle_closing,pinnacle_closing,closing,1.0211,2026-09-13T03:33:42+00:00,E0_1819.csv,7c096b3c,pinnacle_opening,0.4046,0.3031,0.2923
2019-01-29,Huddersfield,Everton,3.72,3.21,2.27,0.2633,0.3052,0.4315,pinnacle_closing,pinnacle_closing,closing,1.0209,2026-09-13T03:33:42+00:00,E0_1819.csv,7c096b3c,pinnacle_opening,0.2409,0.2955,0.4636
2019-01-29,Man United,Burnley,1.34,5.22,10.33,0.7213,0.1852,0.0936,pinnacle_closing,pinnacle_closing,closing,1.0346,2026-09-13T03:33:42+00:00,E0_1819.csv,7c096b3c,pinnacle_opening,0.7499,0.1688,0.0812
2019-01-29,Newcastle,Man City,15.43,8.13,1.18,0.0626,0.1188,0.8186,pinnacle_closing,pinnacle_closing,closing,1.0353,2026-09-13T03:33:42+00:00,E0_1819.csv,7c096b3c,pinnacle_opening,0.0665,0.1263,0.8072
2019-01-29,Wolves,West Ham,1.99,3.54,4.18,0.4906,0.2758,0.2336,pinnacle_closing,pinnacle_closing,closing,1.0242,2026-09-13T03:33:42+00:00,E0_1819.csv,7c096b3c,pinnacle_opening,0.4654,0.2801,0.2545
2019-01-30,Bournemouth,Chelsea,5.71,4.15,1.64,0.1707,0.2349,0.5944,pinnacle_closing,pinnacle_closing,closing,1.0259,2026-09-13T03:33:42+00:00,E0_1819.csv,7c096b3c,pinnacle_opening,0.1758,0.2291,0.5951
2019-01-30,Liverpool,Leicester,1.24,6.8,12.34,0.7795,0.1421,0.0783,pinnacle_closing,pinnacle_closing,closing,1.0345,2026-09-13T03:33:42+00:00,E0_1819.csv,7c096b3c,pinnacle_opening,0.7789,0.1475,0.0737
2019-01-30,Southampton,Crystal Palace,2.52,3.3,3.1,0.3881,0.2964,0.3155,pinnacle_closing,pinnacle_closing,closing,1.0224,2026-09-13T03:33:42+00:00,E0_1819.csv,7c096b3c,pinnacle_opening,0.4094,0.2895,0.3011
2019-01-30,Tottenham,Watford,1.58,4.2,6.48,0.6173,0.2322,0.1505,pinnacle_closing,pinnacle_closing,closing,1.0253,2026-09-13T03:33:42+00:00,E0_1819.csv,7c096b3c,pinnacle_opening,0.5902,0.2447,0.1651
2019-02-02,Brighton,Watford,2.5,3.24,3.2,0.3917,0.3023,0.306,pinnacle_closing,pinnacle_closing,closing,1.0211,2026-09-13T03:33:42+00:00,E0_1819.csv,7c096b3c,pinnacle_opening,0.3692,0.2992,0.3316
2019-02-02,Burnley,Southampton,2.59,3.36,2.95,0.3775,0.291,0.3315,pinnacle_closing,pinnacle_closing,closing,1.0227,2026-09-13T03:33:42+00:00,E0_1819.csv,7c096b3c,pinnacle_opening,0.3781,0.2855,0.3365
2019-02-02,Cardiff,Bournemouth,3.43,3.53,2.25,0.286,0.2779,0.436,pinnacle_closing,pinnacle_closing,closing,1.0193,2026-09-13T03:33:42+00:00,E0_1819.csv,7c096b3c,pinnacle_opening,0.2966,0.2821,0.4213
2019-02-02,Chelsea,Huddersfield,1.23,6.54,15.2,0.788,0.1482,0.0638,pinnacle_closing,pinnacle_closing,closing,1.0317,2026-09-13T03:33:42+00:00,E0_1819.csv,7c096b3c,pinnacle_opening,0.7929,0.1396,0.0675
2019-02-02,Crystal Palace,Fulham,2.06,3.45,4.03,0.4743,0.2832,0.2425,pinnacle_closing,pinnacle_closing,closing,1.0234,2026-09-13T03:33:42+00:00,E0_1819.csv,7c096b3c,pinnacle_opening,0.4769,0.2724,0.2507
2019-02-02,Everton,Wolves,2.74,3.21,2.9,0.3573,0.305,0.3376,pinnacle_closing,pinnacle_closing,closing,1.0213,2026-09-13T03:33:42+00:00,E0_1819.csv,7c096b3c,pinnacle_opening,0.4011,0.2939,0.3049
2019-02-02,Tottenham,Newcastle,1.44,4.39,9.48,0.6757,0.2216,0.1026,pinnacle_closing,pinnacle_closing,closing,1.0277,2026-09-13T03:33:42+00:00,E0_1819.csv,7c096b3c,pinnacle_opening,0.679,0.2172,0.1038
2019-02-03,Leicester,Man United,3.9,3.61,2.06,0.2517,0.2719,0.4765,pinnacle_closing,pinnacle_closing,closing,1.0189,2026-09-13T03:33:42+00:00,E0_1819.csv,7c096b3c,pinnacle_opening,0.2558,0.2915,0.4527
2019-02-03,Man City,Arsenal,1.26,7.19,10.35,0.771,0.1351,0.0939,pinnacle_closing,pinnacle_closing,closing,1.0294,2026-09-13T03:33:42+00:00,E0_1819.csv,7c096b3c,pinnacle_opening,0.7368,0.1559,0.1073
2019-02-04,West Ham,Liverpool,8.97,5.93,1.33,0.108,0.1634,0.7286,pinnacle_closing,pinnacle_closing,closing,1.032,2026-09-13T03:33:42+00:00,E0_1819.csv,7c096b3c,pinnacle_opening,0.1289,0.1839,0.6873
2019-02-06,Everton,Man City,9.95,6.15,1.3,0.0974,0.1575,0.7451,pinnacle_closing,pinnacle_closing,closing,1.0323,2026-09-13T03:33:42+00:00,E0_1819.csv,7c096b3c,pinnacle_opening,0.1015,0.1667,0.7318
2019-02-09,Brighton,Burnley,2.05,3.34,4.29,0.4781,0.2934,0.2285,pinnacle_closing,pinnacle_closing,closing,1.0203,2026-09-13T03:33:42+00:00,E0_1819.csv,7c096b3c,pinnacle_opening,0.4758,0.2874,0.2368
2019-02-09,Crystal Palace,West Ham,1.98,3.6,4.17,0.4939,0.2716,0.2345,pinnacle_closing,pinnacle_closing,closing,1.0226,2026-09-13T03:33:42+00:00,E0_1819.csv,7c096b3c,pinnacle_opening,0.4586,0.2823,0.2591
2019-02-09,Fulham,Man United,5.1,3.98,1.74,0.1918,0.2458,0.5623,pinnacle_closing,pinnacle_closing,closing,1.022,2026-09-13T03:33:42+00:00,E0_1819.csv,7c096b3c,pinnacle_opening,0.1756,0.2243,0.6001
2019-02-09,Huddersfield,Arsenal,5.65,3.99,1.67,0.1724,0.2442,0.5834,pinnacle_closing,pinnacle_closing,closing,1.0264,2026-09-13T03:33:42+00:00,E0_1819.csv,7c096b3c,pinnacle_opening,0.1714,0.2301,0.5985
2019-02-09,Liverpool,Bournemouth,1.17,8.75,16.0,0.8286,0.1108,0.0606,pinnacle_closing,pinnacle_closing,closing,1.0315,2026-09-13T03:33:42+00:00,E0_1819.csv,7c096b3c,pinnacle_opening,0.8063,0.1318,0.0619
2019-02-09,Southampton,Cardiff,1.86,3.46,5.08,0.5253,0.2824,0.1923,pinnacle_closing,pinnacle_closing,closing,1.0235,2026-09-13T03:33:42+00:00,E0_1819.csv,7c096b3c,pinnacle_opening,0.5483,0.2589,0.1929
2019-02-09,Watford,Everton,2.56,3.33,3.03,0.3826,0.2941,0.3233,pinnacle_closing,pinnacle_closing,closing,1.021,2026-09-13T03:33:42+00:00,E0_1819.csv,7c096b3c,pinnacle_opening,0.406,0.2921,0.302
2019-02-10,Man City,Chelsea,1.58,4.25,6.44,0.6184,0.2299,0.1517,pinnacle_closing,pinnacle_closing,closing,1.0235,2026-09-13T03:33:42+00:00,E0_1819.csv,7c096b3c,pinnacle_opening,0.6474,0.2111,0.1415
2019-02-10,Tottenham,Leicester,1.78,3.68,5.37,0.5509,0.2665,0.1826,pinnacle_closing,pinnacle_closing,closing,1.0198,2026-09-13T03:33:42+00:00,E0_1819.csv,7c096b3c,pinnacle_opening,0.5684,0.26,0.1715
2019-02-11,Wolves,Newcastle,1.81,3.52,5.45,0.5416,0.2785,0.1799,pinnacle_closing,pinnacle_closing,closing,1.0201,2026-09-13T03:33:42+00:00,E0_1819.csv,7c096b3c,pinnacle_opening,0.5794,0.2563,0.1643
2019-02-22,Cardiff,Watford,3.15,3.34,2.47,0.3107,0.293,0.3963,pinnacle_closing,pinnacle_closing,closing,1.0217,2026-09-13T03:33:42+00:00,E0_1819.csv,7c096b3c,pinnacle_opening,0.3176,0.2911,0.3913
2019-02-22,West Ham,Fulham,2.06,3.47,4.0,0.4742,0.2815,0.2442,pinnacle_closing,pinnacle_closing,closing,1.0236,2026-09-13T03:33:42+00:00,E0_1819.csv,7c096b3c,pinnacle_opening,0.4985,0.2626,0.2389
2019-02-23,Bournemouth,Wolves,3.2,3.29,2.46,0.3055,0.2971,0.3974,pinnacle_closing,pinnacle_closing,closing,1.023,2026-09-13T03:33:42+00:00,E0_1819.csv,7c096b3c,pinnacle_opening,0.3401,0.2959,0.3641
2019-02-23,Burnley,Tottenham,6.18,3.99,1.64,0.1583,0.2452,0.5965,pinnacle_closing,pinnacle_closing,closing,1.0222,2026-09-13T03:33:42+00:00,E0_1819.csv,7c096b3c,pinnacle_opening,0.1773,0.2569,0.5658
2019-02-23,Leicester,Crystal Palace,2.3,3.41,3.45,0.4271,0.2881,0.2848,pinnacle_closing,pinnacle_closing,closing,1.0179,2026-09-13T03:33:42+00:00,E0_1819.csv,7c096b3c,pinnacle_opening,0.4385,0.2932,0.2684
2019-02-23,Newcastle,Huddersfield,1.91,3.39,4.86,0.5111,0.288,0.2009,pinnacle_closing,pinnacle_closing,closing,1.0243,2026-09-13T03:33:42+00:00,E0_1819.csv,7c096b3c,pinnacle_opening,0.528,0.2848,0.1871
2019-02-24,Arsenal,Southampton,1.58,4.14,6.61,0.617,0.2355,0.1475,pinnacle_closing,pinnacle_closing,closing,1.0257,2026-09-13T03:33:42+00:00,E0_1819.csv,7c096b3c,pinnacle_opening,0.635,0.2173,0.1477
2019-02-24,Man United,Liverpool,3.59,3.45,2.22,0.2734,0.2845,0.4421,pinnacle_closing,pinnacle_closing,closing,1.0189,2026-09-13T03:33:42+00:00,E0_1819.csv,7c096b3c,pinnacle_opening,0.311,0.2708,0.4182
2019-02-26,Cardiff,Everton,3.95,3.37,2.12,0.2478,0.2905,0.4617,pinnacle_closing,pinnacle_closing,closing,1.0216,2026-09-13T03:33:42+00:00,E0_1819.csv,7c096b3c,pinnacle_opening,0.2539,0.2892,0.4568
2019-02-26,Huddersfield,Wolves,5.56,3.62,1.76,0.1756,0.2697,0.5547,pinnacle_closing,pinnacle_closing,closing,1.0243,2026-09-13T03:33:42+00:00,E0_1819.csv,7c096b3c,pinnacle_opening,0.1888,0.2863,0.5249
2019-02-26,Leicester,Brighton,1.82,3.52,5.25,0.5366,0.2774,0.186,pinnacle_closing,pinnacle_closing,closing,1.024,2026-09-13T03:33:42+00:00,E0_1819.csv,7c096b3c,pinnacle_opening,0.5011,0.2832,0.2157
2019-02-26,Newcastle,Burnley,2.21,3.23,3.83,0.4422,0.3026,0.2552,pinnacle_closing,pinnacle_closing,closing,1.0232,2026-09-13T03:33:42+00:00,E0_1819.csv,7c096b3c,pinnacle_opening,0.4549,0.2937,0.2514
2019-02-27,Arsenal,Bournemouth,1.4,5.22,8.05,0.6934,0.186,0.1206,pinnacle_closing,pinnacle_closing,closing,1.0301,2026-09-13T03:33:42+00:00,E0_1819.csv,7c096b3c,pinnacle_opening,0.6674,0.2009,0.1317
2019-02-27,Chelsea,Tottenham,2.38,3.29,3.4,0.4126,0.2985,0.2888,pinnacle_closing,pinnacle_closing,closing,1.0182,2026-09-13T03:33:42+00:00,E0_1819.csv,7c096b3c,pinnacle_opening,0.4271,0.2823,0.2906
2019-02-27,Crystal Palace,Man United,3.31,3.32,2.39,0.2957,0.2948,0.4095,pinnacle_closing,pinnacle_closing,closing,1.0217,2026-09-13T03:33:42+00:00,E0_1819.csv,7c096b3c,pinnacle_opening,0.3008,0.285,0.4142
2019-02-27,Liverpool,Watford,1.27,6.0,12.79,0.7628,0.1615,0.0757,pinnacle_closing,pinnacle_closing,closing,1.0323,2026-09-13T03:33:42+00:00,E0_1819.csv,7c096b3c,pinnacle_opening,0.7485,0.1706,0.0809
2019-02-27,Man City,West Ham,1.11,11.44,21.23,0.8701,0.0844,0.0455,pinnacle_closing,pinnacle_closing,closing,1.0354,2026-09-13T03:33:42+00:00,E0_1819.csv,7c096b3c,pinnacle_opening,0.8313,0.1151,0.0537
2019-02-27,Southampton,Fulham,2.03,3.43,4.2,0.4819,0.2852,0.2329,pinnacle_closing,pinnacle_closing,closing,1.0223,2026-09-13T03:33:42+00:00,E0_1819.csv,7c096b3c,pinnacle_opening,0.5068,0.2673,0.2259
2019-03-02,Bournemouth,Man City,14.56,8.68,1.18,0.0666,0.1117,0.8217,pinnacle_closing,pinnacle_closing,closing,1.0313,2026-09-13T03:33:42+00:00,E0_1819.csv,7c096b3c,pinnacle_opening,0.0822,0.1334,0.7844
2019-03-02,Brighton,Huddersfield,1.78,3.44,5.83,0.5486,0.2839,0.1675,pinnacle_closing,pinnacle_closing,closing,1.024,2026-09-13T03:33:42+00:00,E0_1819.csv,7c096b3c,pinnacle_opening,0.5342,0.2793,0.1865
2019-03-02,Burnley,Crystal Palace,2.95,3.26,2.66,0.3318,0.3002,0.368,pinnacle_closing,pinnacle_closing,closing,1.0217,2026-09-13T03:33:42+00:00,E0_1819.csv,7c096b3c,pinnacle_opening,0.3379,0.2951,0.367
2019-03-02,Man United,Southampton,1.47,4.55,7.8,0.6616,0.2137,0.1247,pinnacle_closing,pinnacle_closing,closing,1.0283,2026-09-13T03:33:42+00:00,E0_1819.csv,7c096b3c,pinnacle_opening,0.6721,0.2114,0.1164
2019-03-02,Tottenham,Arsenal,2.02,3.59,4.07,0.4857,0.2733,0.241,pinnacle_closing,pinnacle_closing,closing,1.0193,2026-09-13T03:33:42+00:00,E0_1819.csv,7c096b3c,pinnacle_opening,0.4787,0.2617,0.2596
2019-03-02,West Ham,Newcastle,2.18,3.42,3.74,0.4504,0.2871,0.2625,pinnacle_closing,pinnacle_closing,closing,1.0185,2026-09-13T03:33:42+00:00,E0_1819.csv,7c096b3c,pinnacle_opening,0.4671,0.2755,0.2574
2019-03-02,Wolves,Cardiff,1.78,3.55,5.59,0.5495,0.2755,0.175,pinnacle_closing,pinnacle_closing,closing,1.0224,2026-09-13T03:33:42+00:00,E0_1819.csv,7c096b3c,pinnacle_opening,0.646,0.2232,0.1308
2019-03-03,Everton,Liverpool,6.44,4.09,1.61,0.1521,0.2395,0.6084,pinnacle_closing,pinnacle_closing,closing,1.0209,2026-09-13T03:33:42+00:00,E0_1819.csv,7c096b3c,pinnacle_opening,0.1721,0.2417,0.5862
2019-03-03,Fulham,Chelsea,8.62,4.85,1.43,0.1136,0.2018,0.6846,pinnacle_closing,pinnacle_closing,closing,1.0215,2026-09-13T03:33:42+00:00,E0_1819.csv,7c096b3c,pinnacle_opening,0.1509,0.2092,0.6399
2019-03-03,Watford,Leicester,2.83,3.32,2.75,0.347,0.2958,0.3571,pinnacle_closing,pinnacle_closing,closing,1.0182,2026-09-13T03:33:42+00:00,E0_1819.csv,7c096b3c,pinnacle_opening,0.3926,0.2845,0.3229
2019-03-09,Cardiff,West Ham,3.01,3.46,2.5,0.3253,0.283,0.3917,pinnacle_closing,pinnacle_closing,closing,1.0212,2026-09-13T03:33:42+00:00,E0_1819.csv,7c096b3c,pinnacle_opening,0.273,0.2849,0.4422
2019-03-09,Crystal Palace,Brighton,1.89,3.32,5.25,0.5183,0.2951,0.1866,pinnacle_closing,pinnacle_closing,closing,1.0208,2026-09-13T03:33:42+00:00,E0_1819.csv,7c096b3c,pinnacle_opening,0.5204,0.2779,0.2017
2019-03-09,Huddersfield,Bournemouth,3.15,3.32,2.48,0.3107,0.2948,0.3946,pinnacle_closing,pinnacle_closing,closing,1.0219,2026-09-13T03:33:42+00:00,E0_1819.csv,7c096b3c,pinnacle_opening,0.2772,0.2992,0.4236
2019-03-09,Leicester,Fulham,1.6,4.36,5.9,0.6104,0.224,0.1655,pinnacle_closing,pinnacle_closing,closing,1.0238,2026-09-13T03:33:42+00:00,E0_1819.csv,7c096b3c,pinnacle_opening,0.609,0.221,0.1701
2019-03-09,Man City,Watford,1.11,11.44,21.87,0.8712,0.0845,0.0442,pinnacle_closing,pinnacle_closing,closing,1.034,2026-09-13T03:33:42+00:00,E0_1819.csv,7c096b3c,pinnacle_opening,0.8396,0.1098,0.0506
2019-03-09,Newcastle,Everton,2.73,3.1,3.0,0.3583,0.3156,0.3261,pinnacle_closing,pinnacle_closing,closing,1.0222,2026-09-13T03:33:42+00:00,E0_1819.csv,7c096b3c,pinnacle_opening,0.3433,0.3048,0.3519
2019-03-09,Southampton,Tottenham,4.5,3.87,1.84,0.217,0.2523,0.5307,pinnacle_closing,pinnacle_closing,closing,1.0241,2026-09-13T03:33:42+00:00,E0_1819.csv,7c096b3c,pinnacle_opening,0.225,0.2583,0.5167
2019-03-10,Arsenal,Man United,2.42,3.54,3.09,0.4054,0.2771,0.3175,pinnacle_closing,pinnacle_closing,closing,1.0193,2026-09-13T03:33:42+00:00,E0_1819.csv,7c096b3c,pinnacle_opening,0.4006,0.2765,0.3229
2019-03-10,Chelsea,Wolves,1.61,3.89,7.04,0.6088,0.252,0.1392,pinnacle_closing,pinnacle_closing,closing,1.0202,2026-09-13T03:33:42+00:00,E0_1819.csv,7c096b3c,pinnacle_opening,0.6161,0.2425,0.1414
2019-03-10,Liverpool,Burnley,1.17,8.19,17.08,0.8255,0.1179,0.0565,pinnacle_closing,pinnacle_closing,closing,1.0353,2026-09-13T03:33:42+00:00,E0_1819.csv,7c096b3c,pinnacle_opening,0.8251,0.1238,0.0512
2019-03-16,Bournemouth,Newcastle,2.14,3.56,3.64,0.4568,0.2746,0.2686,pinnacle_closing,pinnacle_closing,closing,1.0229,2026-09-13T03:33:42+00:00,E0_1819.csv,7c096b3c,pinnacle_opening,0.4588,0.2833,0.2579
2019-03-16,Burnley,Leicester,3.22,3.33,2.43,0.3038,0.2937,0.4025,pinnacle_closing,pinnacle_closing,closing,1.0224,2026-09-13T03:33:42+00:00,E0_1819.csv,7c096b3c,pinnacle_opening,0.3094,0.285,0.4056
2019-03-16,West Ham,Huddersfield,1.53,4.35,6.93,0.6359,0.2237,0.1404,pinnacle_closing,pinnacle_closing,closing,1.0278,2026-09-13T03:33:42+00:00,E0_1819.csv,7c096b3c,pinnacle_opening,0.6165,0.2381,0.1454
2019-03-17,Everton,Chelsea,4.68,3.75,1.85,0.2093,0.2612,0.5295,pinnacle_closing,pinnacle_closing,closing,1.0209,2026-09-13T03:33:42+00:00,E0_1819.csv,7c096b3c,pinnacle_opening,0.238,0.2694,0.4927
2019-03-17,Fulham,Liverpool,13.07,8.33,1.2,0.0743,0.1166,0.8091,pinnacle_closing,pinnacle_closing,closing,1.0299,2026-09-13T03:33:42+00:00,E0_1819.csv,7c096b3c,pinnacle_opening,0.0831,0.153,0.7639
2019-03-30,Brighton,Southampton,2.56,3.08,3.27,0.3825,0.318,0.2995,pinnacle_closing,pinnacle_closing,closing,1.0211,2026-09-13T03:33:42+00:00,E0_1819.csv,7c096b3c,pinnacle_opening,0.3761,0.3114,0.3124
2019-03-30,Burnley,Wolves,2.89,3.16,2.78,0.3385,0.3096,0.3519,pinnacle_closing,pinnacle_closing,closing,1.0222,2026-09-13T03:33:42+00:00,E0_1819.csv,7c096b3c,pinnacle_opening,0.3051,0.3032,0.3917
2019-03-30,Crystal Palace,Huddersfield,1.47,4.42,8.32,0.6626,0.2204,0.1171,pinnacle_closing,pinnacle_closing,closing,1.0267,2026-09-13T03:33:42+00:00,E0_1819.csv,7c096b3c,pinnacle_opening,0.661,0.2234,0.1157
2019-03-30,Fulham,Man City,18.37,12.03,1.12,0.0528,0.0807,0.8665,pinnacle_closing,pinnacle_closing,closing,1.0304,2026-09-13T03:33:42+00:00,E0_1819.csv,7c096b3c,pinnacle_opening,0.0459,0.101,0.8532
2019-03-30,Leicester,Bournemouth,1.83,3.93,4.45,0.5328,0.2481,0.2191,pinnacle_closing,pinnacle_closing,closing,1.0256,2026-09-13T03:33:42+00:00,E0_1819.csv,7c096b3c,pinnacle_opening,0.5313,0.252,0.2168
2019-03-30,Man United,Watford,1.41,5.22,7.95,0.6909,0.1866,0.1225,pinnacle_closing,pinnacle_closing,closing,1.0266,2026-09-13T03:33:42+00:00,E0_1819.csv,7c096b3c,pinnacle_opening,0.6701,0.2003,0.1296
2019-03-30,West Ham,Everton,2.77,3.35,2.78,0.3542,0.2929,0.3529,pinnacle_closing,pinnacle_closing,closing,1.0192,2026-09-13T03:33:42+00:00,E0_1819.csv,7c096b3c,pinnacle_opening,0.3774,0.2877,0.3349
2019-03-31,Cardiff,Chelsea,9.28,4.7,1.42,0.1052,0.2076,0.6872,pinnacle_closing,pinnacle_closing,closing,1.0247,2026-09-13T03:33:42+00:00,E0_1819.csv,7c096b3c,pinnacle_opening,0.1189,0.2109,0.6702
2019-03-31,Liverpool,Tottenham,1.58,4.42,6.04,0.6176,0.2208,0.1616,pinnacle_closing,pinnacle_closing,closing,1.0247,2026-09-13T03:33:42+00:00,E0_1819.csv,7c096b3c,pinnacle_opening,0.5998,0.2345,0.1657
2019-04-01,Arsenal,Newcastle,1.46,4.66,8.19,0.6704,0.2101,0.1195,pinnacle_closing,pinnacle_closing,closing,1.0216,2026-09-13T03:33:42+00:00,E0_1819.csv,7c096b3c,pinnacle_opening,0.7018,0.1844,0.1138
2019-04-02,Watford,Fulham,1.76,3.84,5.09,0.5543,0.254,0.1917,pinnacle_closing,pinnacle_closing,closing,1.0251,2026-09-13T03:33:42+00:00,E0_1819.csv,7c096b3c,pinnacle_opening,0.5544,0.2528,0.1928
2019-04-02,Wolves,Man United,3.19,3.18,2.53,0.3064,0.3073,0.3863,pinnacle_closing,pinnacle_closing,closing,1.0232,2026-09-13T03:33:42+00:00,E0_1819.csv,7c096b3c,pinnacle_opening,0.2453,0.2712,0.4834
2019-04-03,Chelsea,Brighton,1.3,5.54,12.69,0.7479,0.1755,0.0766,pinnacle_closing,pinnacle_closing,closing,1.0285,2026-09-13T03:33:42+00:00,E0_1819.csv,7c096b3c,pinnacle_opening,0.7652,0.1702,0.0647
2019-04-03,Man City,Cardiff,1.08,14.62,25.88,0.8964,0.0662,0.0374,pinnacle_closing,pinnacle_closing,closing,1.033,2026-09-13T03:33:42+00:00,E0_1819.csv,7c096b3c,pinnacle_opening,0.912,0.0652,0.0227
2019-04-03,Tottenham,Crystal Palace,1.47,4.63,7.59,0.6617,0.2101,0.1282,pinnacle_closing,pinnacle_closing,closing,1.028,2026-09-13T03:33:42+00:00,E0_1819.csv,7c096b3c,pinnacle_opening,0.6613,0.2082,0.1305
2019-04-05,Southampton,Liverpool,8.81,5.24,1.39,0.1109,0.1864,0.7027,pinnacle_closing,pinnacle_closing,closing,1.0238,2026-09-13T03:33:42+00:00,E0_1819.csv,7c096b3c,pinnacle_opening,0.1094,0.1893,0.7013
2019-04-06,Bournemouth,Burnley,2.1,3.51,3.83,0.4659,0.2787,0.2554,pinnacle_closing,pinnacle_closing,closing,1.0222,2026-09-13T03:33:42+00:00,E0_1819.csv,7c096b3c,pinnacle_opening,0.4692,0.2694,0.2615
2019-04-06,Huddersfield,Leicester,5.42,4.08,1.67,0.1794,0.2383,0.5823,pinnacle_closing,pinnacle_closing,closing,1.0284,2026-09-13T03:33:42+00:00,E0_1819.csv,7c096b3c,pinnacle_opening,0.1874,0.2535,0.5591
2019-04-06,Newcastle,Crystal Palace,2.81,3.15,2.87,0.3483,0.3107,0.341,pinnacle_closing,pinnacle_closing,closing,1.0218,2026-09-13T03:33:42+00:00,E0_1819.csv,7c096b3c,pinnacle_opening,0.3763,0.3069,0.3168
2019-04-07,Everton,Arsenal,2.82,3.6,2.59,0.3482,0.2727,0.3791,pinnacle_closing,pinnacle_closing,closing,1.0185,2026-09-13T03:33:42+00:00,E0_1819.csv,7c096b3c,pinnacle_opening,0.3258,0.2672,0.4069
2019-04-08,Chelsea,West Ham,1.25,6.86,13.14,0.7829,0.1427,0.0745,pinnacle_closing,pinnacle_closing,closing,1.0219,2026-09-13T03:33:42+00:00,E0_1819.csv,7c096b3c,pinnacle_opening,0.7392,0.1677,0.0931
2019-04-12,Leicester,Newcastle,1.68,3.86,5.98,0.5827,0.2536,0.1637,pinnacle_closing,pinnacle_closing,closing,1.0215,2026-09-13T03:33:42+00:00,E0_1819.csv,7c096b3c,pinnacle_opening,0.5891,0.2527,0.1582
2019-04-13,Brighton,Bournemouth,2.35,3.29,3.42,0.4164,0.2974,0.2861,pinnacle_closing,pinnacle_closing,closing,1.0219,2026-09-13T03:33:42+00:00,E0_1819.csv,7c096b3c,pinnacle_opening,0.422,0.2975,0.2805
2019-04-13,Burnley,Cardiff,1.88,3.57,4.76,0.5204,0.2741,0.2055,pinnacle_closing,pinnacle_closing,closing,1.0221,2026-09-13T03:33:42+00:00,E0_1819.csv,7c096b3c,pinnacle_opening,0.5135,0.2688,0.2178
2019-04-13,Fulham,Everton,4.88,4.2,1.72,0.2,0.2324,0.5675,pinnacle_closing,pinnacle_closing,closing,1.0244,2026-09-13T03:33:42+00:00,E0_1819.csv,7c096b3c,pinnacle_opening,0.2106,0.2436,0.5458
2019-04-13,Man United,West Ham,1.33,5.93,9.7,0.7345,0.1647,0.1007,pinnacle_closing,pinnacle_closing,closing,1.0236,2026-09-13T03:33:42+00:00,E0_1819.csv,7c096b3c,pinnacle_opening,0.6881,0.1946,0.1173
2019-04-13,Southampton,Wolves,2.79,3.17,2.87,0.3506,0.3086,0.3408,pinnacle_closing,pinnacle_closing,closing,1.0223,2026-09-13T03:33:42+00:00,E0_1819.csv,7c096b3c,pinnacle_opening,0.3712,0.3043,0.3245
2019-04-13,Tottenham,Huddersfield,1.2,7.01,17.59,0.8068,0.1381,0.055,pinnacle_closing,pinnacle_closing,closing,1.0328,2026-09-13T03:33:42+00:00,E0_1819.csv,7c096b3c,pinnacle_opening,0.7978,0.1364,0.0658
2019-04-14,Crystal Palace,Man City,13.3,7.06,1.24,0.0735,0.1384,0.7881,pinnacle_closing,pinnacle_closing,closing,1.0233,2026-09-13T03:33:42+00:00,E0_1819.csv,7c096b3c,pinnacle_opening,0.0954,0.1759,0.7286
2019-04-14,Liverpool,Chelsea,1.75,3.81,5.4,0.5607,0.2576,0.1817,pinnacle_closing,pinnacle_closing,closing,1.0191,2026-09-13T03:33:42+00:00,E0_1819.csv,7c096b3c,pinnacle_opening,0.5829,0.2377,0.1794
2019-04-15,Watford,Arsenal,3.63,3.74,2.09,0.2697,0.2618,0.4685,pinnacle_closing,pinnacle_closing,closing,1.0213,2026-09-13T03:33:42+00:00,E0_1819.csv,7c096b3c,pinnacle_opening,0.3073,0.2585,0.4343
2019-04-16,Brighton,Cardiff,2.02,3.26,4.51,0.4837,0.2997,0.2166,pinnacle_closing,pinnacle_closing,closing,1.0235,2026-09-13T03:33:42+00:00,E0_1819.csv,7c096b3c,pinnacle_opening,0.4858,0.2986,0.2156
2019-04-20,Bournemouth,Fulham,1.76,4.09,4.66,0.5531,0.238,0.2089,pinnacle_closing,pinnacle_closing,closing,1.0273,2026-09-13T03:33:42+00:00,E0_1819.csv,7c096b3c,pinnacle_opening,0.5809,0.2259,0.1932
2019-04-20,Huddersfield,Watford,4.08,3.54,2.0,0.2385,0.2749,0.4866,pinnacle_closing,pinnacle_closing,closing,1.0276,2026-09-13T03:33:42+00:00,E0_1819.csv,7c096b3c,pinnacle_opening,0.2242,0.2554,0.5204
2019-04-20,Man City,Tottenham,1.27,6.62,11.39,0.7673,0.1472,0.0856,pinnacle_closing,pinnacle_closing,closing,1.0263,2026-09-13T03:33:42+00:00,E0_1819.csv,7c096b3c,pinnacle_opening,0.7545,0.1511,0.0944
2019-04-20,Newcastle,Southampton,2.52,3.06,3.38,0.3892,0.3206,0.2902,pinnacle_closing,pinnacle_closing,closing,1.0195,2026-09-13T03:33:42+00:00,E0_1819.csv,7c096b3c,pinnacle_opening,0.3795,0.3171,0.3034
2019-04-20,West Ham,Leicester,3.29,3.64,2.25,0.2971,0.2685,0.4344,pinnacle_closing,pinnacle_closing,closing,1.0231,2026-09-13T03:33:42+00:00,E0_1819.csv,7c096b3c,pinnacle_opening,0.3046,0.2794,0.4161
2019-04-20,Wolves,Brighton,1.96,3.17,5.02,0.4978,0.3078,0.1944,pinnacle_closing,pinnacle_closing,closing,1.0249,2026-09-13T03:33:42+00:00,E0_1819.csv,7c096b3c,pinnacle_opening,0.5521,0.2792,0.1688
2019-04-21,Arsenal,Crystal Palace,1.52,4.7,6.55,0.6429,0.2079,0.1492,pinnacle_closing,pinnacle_closing,closing,1.0233,2026-09-13T03:33:42+00:00,E0_1819.csv,7c096b3c,pinnacle_opening,0.6276,0.2152,0.1572
2019-04-21,Cardiff,Liverpool,14.55,8.03,1.19,0.0665,0.1205,0.813,pinnacle_closing,pinnacle_closing,closing,1.0336,2026-09-13T03:33:42+00:00,E0_1819.csv,7c096b3c,pinnacle_opening,0.0646,0.1367,0.7987
2019-04-21,Everton,Man United,3.17,3.55,2.37,0.3095,0.2764,0.414,pinnacle_closing,pinnacle_closing,closing,1.0191,2026-09-13T03:33:42+00:00,E0_1819.csv,7c096b3c,pinnacle_opening,0.3039,0.2765,0.4195
2019-04-22,Chelsea,Burnley,1.24,6.46,14.91,0.7842,0.1505,0.0652,pinnacle_closing,pinnacle_closing,closing,1.0283,2026-09-13T03:33:42+00:00,E0_1819.csv,7c096b3c,pinnacle_opening,0.776,0.1532,0.0708
2019-04-23,Tottenham,Brighton,1.26,6.34,13.48,0.7739,0.1538,0.0723,pinnacle_closing,pinnacle_closing,closing,1.0256,2026-09-13T03:33:42+00:00,E0_1819.csv,7c096b3c,pinnacle_opening,0.7513,0.1721,0.0766
2019-04-23,Watford,Southampton,2.23,3.5,3.52,0.4404,0.2806,0.279,pinnacle_closing,pinnacle_closing,closing,1.0182,2026-09-13T03:33:42+00:00,E0_1819.csv,7c096b3c,pinnacle_opening,0.4274,0.2804,0.2922
2019-04-24,Man United,Man City,6.85,4.78,1.5,0.1429,0.2047,0.6524,pinnacle_closing,pinnacle_closing,closing,1.0219,2026-09-13T03:33:42+00:00,E0_1819.csv,7c096b3c,pinnacle_opening,0.1411,0.2019,0.6571
2019-04-24,Wolves,Arsenal,2.77,3.45,2.72,0.3544,0.2846,0.361,pinnacle_closing,pinnacle_closing,closing,1.0185,2026-09-13T03:33:42+00:00,E0_1819.csv,7c096b3c,pinnacle_opening,0.3321,0.2823,0.3857
2019-04-26,Liverpool,Huddersfield,1.08,14.1,34.97,0.903,0.0692,0.0279,pinnacle_closing,pinnacle_closing,closing,1.0254,2026-09-13T03:33:42+00:00,E0_1819.csv,7c096b3c,pinnacle_opening,0.8992,0.0694,0.0314
2019-04-27,Brighton,Newcastle,2.25,3.29,3.68,0.4357,0.298,0.2664,pinnacle_closing,pinnacle_closing,closing,1.0201,2026-09-13T03:33:42+00:00,E0_1819.csv,7c096b3c,pinnacle_opening,0.4181,0.309,0.2729
2019-04-27,Crystal Palace,Everton,3.05,3.49,2.46,0.3212,0.2807,0.3982,pinnacle_closing,pinnacle_closing,closing,1.0209,2026-09-13T03:33:42+00:00,E0_1819.csv,7c096b3c,pinnacle_opening,0.372,0.2836,0.3445
2019-04-27,Fulham,Cardiff,2.21,3.69,3.35,0.4427,0.2652,0.2921,pinnacle_closing,pinnacle_closing,closing,1.022,2026-09-13T03:33:42+00:00,E0_1819.csv,7c096b3c,pinnacle_opening,0.4064,0.2629,0.3307
2019-04-27,Southampton,Bournemouth,1.81,3.97,4.58,0.5402,0.2463,0.2135,pinnacle_closing,pinnacle_closing,closing,1.0227,2026-09-13T03:33:42+00:00,E0_1819.csv,7c096b3c,pinnacle_opening,0.5087,0.253,0.2382
2019-04-27,Tottenham,West Ham,1.36,5.55,8.95,0.7158,0.1754,0.1088,pinnacle_closing,pinnacle_closing,closing,1.0272,2026-09-13T03:33:42+00:00,E0_1819.csv,7c096b3c,pinnacle_opening,0.6788,0.1891,0.1321
2019-04-27,Watford,Wolves,2.73,3.26,2.87,0.3586,0.3003,0.3411,pinnacle_closing,pinnacle_closing,closing,1.0215,2026-09-13T03:33:42+00:00,E0_1819.csv,7c096b3c,pinnacle_opening,0.3709,0.2949,0.3342
2019-04-28,Burnley,Man City,18.2,9.44,1.16,0.0537,0.1036,0.8427,pinnacle_closing,pinnacle_closing,closing,1.0229,2026-09-13T03:33:42+00:00,E0_1819.csv,7c096b3c,pinnacle_opening,0.0498,0.1094,0.8408
2019-04-28,Leicester,Arsenal,2.6,3.65,2.77,0.3772,0.2687,0.3541,pinnacle_closing,pinnacle_closing,closing,1.0196,2026-09-13T03:33:42+00:00,E0_1819.csv,7c096b3c,pinnacle_opening,0.3653,0.2597,0.3751
2019-04-28,Man United,Chelsea,2.77,3.38,2.76,0.3542,0.2903,0.3555,pinnacle_closing,pinnacle_closing,closing,1.0192,2026-09-13T03:33:42+00:00,E0_1819.csv,7c096b3c,pinnacle_opening,0.3595,0.2861,0.3543
2019-05-03,Everton,Burnley,1.71,3.85,5.56,0.5709,0.2536,0.1756,pinnacle_closing,pinnacle_closing,closing,1.0244,2026-09-13T03:33:42+00:00,E0_1819.csv,7c096b3c,pinnacle_opening,0.5804,0.2494,0.1702
2019-05-04,Bournemouth,Tottenham,5.99,4.75,1.54,0.1626,0.205,0.6324,pinnacle_closing,pinnacle_closing,closing,1.0268,2026-09-13T03:33:42+00:00,E0_1819.csv,7c096b3c,pinnacle_opening,0.2406,0.2505,0.5089
2019-05-04,Cardiff,Crystal Palace,2.53,3.79,2.75,0.3865,0.258,0.3555,pinnacle_closing,pinnacle_closing,closing,1.0227,2026-09-13T03:33:42+00:00,E0_1819.csv,7c096b3c,pinnacle_opening,0.3737,0.2611,0.3653
2019-05-04,Newcastle,Liverpool,9.8,5.56,1.34,0.0992,0.1749,0.7258,pinnacle_closing,pinnacle_closing,closing,1.0282,2026-09-13T03:33:42+00:00,E0_1819.csv,7c096b3c,pinnacle_opening,0.0974,0.1918,0.7108
2019-05-04,West Ham,Southampton,2.4,3.69,3.0,0.4081,0.2654,0.3265,pinnacle_closing,pinnacle_closing,closing,1.021,2026-09-13T03:33:42+00:00,E0_1819.csv,7c096b3c,pinnacle_opening,0.4201,0.2631,0.3168
2019-05-04,Wolves,Fulham,1.52,4.39,7.01,0.6398,0.2215,0.1387,pinnacle_closing,pinnacle_closing,closing,1.0283,2026-09-13T03:33:42+00:00,E0_1819.csv,7c096b3c,pinnacle_opening,0.6218,0.2332,0.145
2019-05-05,Arsenal,Brighton,1.27,6.31,12.29,0.7665,0.1543,0.0792,pinnacle_closing,pinnacle_closing,closing,1.0272,2026-09-13T03:33:42+00:00,E0_1819.csv,7c096b3c,pinnacle_opening,0.6796,0.2059,0.1145
2019-05-05,Chelsea,Watford,1.31,5.98,10.83,0.7463,0.1635,0.0903,pinnacle_closing,pinnacle_closing,closing,1.0229,2026-09-13T03:33:42+00:00,E0_1819.csv,7c096b3c,pinnacle_opening,0.6981,0.1888,0.1131
2019-05-05,Huddersfield,Man United,9.96,5.76,1.33,0.0979,0.1692,0.7329,pinnacle_closing,pinnacle_closing,closing,1.0259,2026-09-13T03:33:42+00:00,E0_1819.csv,7c096b3c,pinnacle_opening,0.1047,0.1739,0.7214
2019-05-06,Man City,Leicester,1.17,9.36,15.0,0.8313,0.1039,0.0648,pinnacle_closing,pinnacle_closing,closing,1.0282,2026-09-13T03:33:42+00:00,E0_1819.csv,7c096b3c,pinnacle_opening,0.8276,0.116,0.0565
2019-05-12,Brighton,Man City,13.17,7.24,1.22,0.0735,0.1336,0.7929,pinnacle_closing,pinnacle_closing,closing,1.0337,2026-09-13T03:33:42+00:00,E0_1819.csv,7c096b3c,pinnacle_opening,0.0619,0.1184,0.8197
2019-05-12,Burnley,Arsenal,2.52,3.69,2.8,0.3872,0.2644,0.3484,pinnacle_closing,pinnacle_closing,closing,1.025,2026-09-13T03:33:42+00:00,E0_1819.csv,7c096b3c,pinnacle_opening,0.3097,0.2567,0.4336
2019-05-12,Crystal Palace,Bournemouth,1.79,4.4,4.16,0.5443,0.2214,0.2342,pinnacle_closing,pinnacle_closing,closing,1.0263,2026-09-13T03:33:42+00:00,E0_1819.csv,7c096b3c,pinnacle_opening,0.5181,0.2353,0.2466
2019-05-12,Fulham,Newcastle,2.49,3.55,2.93,0.392,0.2749,0.3331,pinnacle_closing,pinnacle_closing,closing,1.0246,2026-09-13T03:33:42+00:00,E0_1819.csv,7c096b3c,pinnacle_opening,0.3824,0.2731,0.3445
2019-05-12,Leicester,Chelsea,2.42,3.63,2.98,0.4034,0.269,0.3276,pinnacle_closing,pinnacle_closing,closing,1.0243,2026-09-13T03:33:42+00:00,E0_1819.csv,7c096b3c,pinnacle_opening,0.3998,0.2673,0.3329
2019-05-12,Liverpool,Wolves,1.32,5.89,9.48,0.7335,0.1644,0.1021,pinnacle_closing,pinnacle_closing,closing,1.0328,2026-09-13T03:33:42+00:00,E0_1819.csv,7c096b3c,pinnacle_opening,0.74,0.168,0.092
2019-05-12,Man United,Cardiff,1.3,6.06,9.71,0.7416,0.1591,0.0993,pinnacle_closing,pinnacle_closing,closing,1.0372,2026-09-13T03:33:42+00:00,E0_1819.csv,7c096b3c,pinnacle_opening,0.7533,0.1523,0.0944
2019-05-12,Southampton,Huddersfield,1.37,5.36,8.49,0.7057,0.1804,0.1139,pinnacle_closing,pinnacle_closing,closing,1.0343,2026-09-13T03:33:42+00:00,E0_1819.csv,7c096b3c,pinnacle_opening,0.6724,0.2005,0.1271
2019-05-12,Tottenham,Everton,1.91,3.81,4.15,0.5098,0.2556,0.2346,pinnacle_closing,pinnacle_closing,closing,1.027,2026-09-13T03:33:42+00:00,E0_1819.csv,7c096b3c,pinnacle_opening,0.4643,0.2679,0.2679
2019-05-12,Watford,West Ham,2.11,3.86,3.41,0.4618,0.2524,0.2858,pinnacle_closing,pinnacle_closing,closing,1.0263,2026-09-13T03:33:42+00:00,E0_1819.csv,7c096b3c,pinnacle_opening,0.4431,0.2532,0.3037
2019-08-09,Liverpool,Norwich,1.14,9.52,19.18,0.848,0.1016,0.0504,avg_closing,avg_closing,closing,1.0344,2026-09-13T03:33:42+00:00,E0_1920.csv,10003761,pinnacle_closing,0.8566,0.0936,0.0497
2019-08-10,West Ham,Man City,11.14,6.46,1.26,0.0865,0.1491,0.7644,avg_closing,avg_closing,closing,1.0382,2026-09-13T03:33:42+00:00,E0_1920.csv,10003761,pinnacle_closing,0.0876,0.1457,0.7666
2019-08-10,Bournemouth,Sheffield United,1.98,3.58,3.96,0.4871,0.2694,0.2435,avg_closing,avg_closing,closing,1.0369,2026-09-13T03:33:42+00:00,E0_1920.csv,10003761,pinnacle_closing,0.4933,0.2661,0.2406
2019-08-10,Burnley,Southampton,2.65,3.18,2.88,0.3632,0.3026,0.3342,avg_closing,avg_closing,closing,1.039,2026-09-13T03:33:42+00:00,E0_1920.csv,10003761,pinnacle_closing,0.3592,0.3051,0.3357
2019-08-10,Crystal Palace,Everton,3.41,3.37,2.23,0.2824,0.2858,0.4318,avg_closing,avg_closing,closing,1.0384,2026-09-13T03:33:42+00:00,E0_1920.csv,10003761,pinnacle_closing,0.2889,0.2822,0.4289
2019-08-10,Watford,Brighton,2.07,3.27,4.04,0.4661,0.2951,0.2388,avg_closing,avg_closing,closing,1.0364,2026-09-13T03:33:42+00:00,E0_1920.csv,10003761,pinnacle_closing,0.4753,0.2883,0.2365
2019-08-10,Tottenham,Aston Villa,1.36,5.29,8.82,0.7086,0.1822,0.1093,avg_closing,avg_closing,closing,1.0377,2026-09-13T03:33:42+00:00,E0_1920.csv,10003761,pinnacle_closing,0.7018,0.1823,0.1159
2019-08-11,Leicester,Wolves,2.41,3.14,3.29,0.4,0.307,0.293,avg_closing,avg_closing,closing,1.0374,2026-09-13T03:33:42+00:00,E0_1920.csv,10003761,pinnacle_closing,0.3908,0.3131,0.2961
2019-08-11,Newcastle,Arsenal,3.36,3.51,2.2,0.287,0.2747,0.4383,avg_closing,avg_closing,closing,1.0371,2026-09-13T03:33:42+00:00,E0_1920.csv,10003761,pinnacle_closing,0.2909,0.2746,0.4345
2019-08-11,Man United,Chelsea,2.05,3.36,3.99,0.4708,0.2873,0.2419,avg_closing,avg_closing,closing,1.0361,2026-09-13T03:33:42+00:00,E0_1920.csv,10003761,pinnacle_closing,0.4794,0.2843,0.2362
2019-08-17,Arsenal,Burnley,1.36,5.27,8.77,0.7076,0.1826,0.1097,avg_closing,avg_closing,closing,1.0391,2026-09-13T03:33:42+00:00,E0_1920.csv,10003761,pinnacle_closing,0.7067,0.1823,0.1111
2019-08-17,Aston Villa,Bournemouth,2.26,3.62,3.12,0.4258,0.2658,0.3084,avg_closing,avg_closing,closing,1.0392,2026-09-13T03:33:42+00:00,E0_1920.csv,10003761,pinnacle_closing,0.4232,0.2638,0.313
2019-08-17,Brighton,West Ham,2.23,3.44,3.34,0.4318,0.2799,0.2883,avg_closing,avg_closing,closing,1.0385,2026-09-13T03:33:42+00:00,E0_1920.csv,10003761,pinnacle_closing,0.4383,0.2703,0.2914
2019-08-17,Everton,Watford,1.83,3.69,4.56,0.5271,0.2614,0.2115,avg_closing,avg_closing,closing,1.0367,2026-09-13T03:33:42+00:00,E0_1920.csv,10003761,pinnacle_closing,0.5252,0.2655,0.2094
2019-08-17,Norwich,Newcastle,2.15,3.44,3.55,0.4483,0.2802,0.2715,avg_closing,avg_closing,closing,1.0375,2026-09-13T03:33:42+00:00,E0_1920.csv,10003761,pinnacle_closing,0.4551,0.2728,0.2721
2019-08-17,Southampton,Liverpool,6.48,4.56,1.5,0.1483,0.2108,0.6408,avg_closing,avg_closing,closing,1.0403,2026-09-13T03:33:42+00:00,E0_1920.csv,10003761,pinnacle_closing,0.1513,0.2129,0.6358
2019-08-17,Man City,Tottenham,1.36,5.47,8.2,0.707,0.1758,0.1173,avg_closing,avg_closing,closing,1.0401,2026-09-13T03:33:42+00:00,E0_1920.csv,10003761,pinnacle_closing,0.7109,0.173,0.1161
2019-08-18,Sheffield United,Crystal Palace,2.51,3.24,3.01,0.3834,0.297,0.3197,avg_closing,avg_closing,closing,1.0393,2026-09-13T03:33:42+00:00,E0_1920.csv,10003761,pinnacle_closing,0.3893,0.2934,0.3173
2019-08-18,Chelsea,Leicester,1.73,3.84,5.0,0.5566,0.2508,0.1926,avg_closing,avg_closing,closing,1.0385,2026-09-13T03:33:42+00:00,E0_1920.csv,10003761,pinnacle_closing,0.5636,0.25,0.1864
2019-08-19,Wolves,Man United,3.0,3.29,2.49,0.3209,0.2926,0.3866,avg_closing,avg_closing,closing,1.0389,2026-09-13T03:33:42+00:00,E0_1920.csv,10003761,pinnacle_closing,0.3266,0.2932,0.3802
2019-08-23,Aston Villa,Everton,3.02,3.4,2.42,0.3189,0.2832,0.3979,avg_closing,avg_closing,closing,1.0385,2026-09-13T03:33:42+00:00,E0_1920.csv,10003761,pinnacle_closing,0.314,0.2854,0.4006
2019-08-24,Norwich,Chelsea,4.16,3.89,1.85,0.2316,0.2477,0.5208,avg_closing,avg_closing,closing,1.038,2026-09-13T03:33:42+00:00,E0_1920.csv,10003761,pinnacle_closing,0.234,0.2496,0.5164
2019-08-24,Brighton,Southampton,2.36,3.29,3.23,0.4085,0.293,0.2985,avg_closing,avg_closing,closing,1.0373,2026-09-13T03:33:42+00:00,E0_1920.csv,10003761,pinnacle_closing,0.4181,0.2988,0.2832
2019-08-24,Man United,Crystal Palace,1.35,5.28,9.26,0.7135,0.1824,0.104,avg_closing,avg_closing,closing,1.0381,2026-09-13T03:33:42+00:00,E0_1920.csv,10003761,pinnacle_closing,0.7115,0.1829,0.1056
2019-08-24,Sheffield United,Leicester,3.23,3.27,2.36,0.2979,0.2943,0.4078,avg_closing,avg_closing,closing,1.0391,2026-09-13T03:33:42+00:00,E0_1920.csv,10003761,pinnacle_closing,0.3049,0.2965,0.3986
2019-08-24,Watford,West Ham,2.21,3.52,3.32,0.436,0.2737,0.2902,avg_closing,avg_closing,closing,1.0378,2026-09-13T03:33:42+00:00,E0_1920.csv,10003761,pinnacle_closing,0.4506,0.2696,0.2797
2019-08-24,Liverpool,Arsenal,1.47,4.96,6.34,0.6544,0.1939,0.1517,avg_closing,avg_closing,closing,1.0396,2026-09-13T03:33:42+00:00,E0_1920.csv,10003761,pinnacle_closing,0.6659,0.1899,0.1442
2019-08-25,Bournemouth,Man City,16.35,8.47,1.17,0.0592,0.1142,0.8267,avg_closing,avg_closing,closing,1.0339,2026-09-13T03:33:42+00:00,E0_1920.csv,10003761,pinnacle_closing,0.0573,0.1026,0.8401
2019-08-25,Tottenham,Newcastle,1.28,6.02,10.99,0.7524,0.16,0.0876,avg_closing,avg_closing,closing,1.0384,2026-09-13T03:33:42+00:00,E0_1920.csv,10003761,pinnacle_closing,0.7589,0.1564,0.0846
2019-08-25,Wolves,Burnley,1.79,3.48,5.21,0.5382,0.2768,0.1849,avg_closing,avg_closing,closing,1.038,2026-09-13T03:33:42+00:00,E0_1920.csv,10003761,pinnacle_closing,0.548,0.2779,0.1742
2019-08-31,Southampton,Man United,4.06,3.52,1.97,0.2373,0.2737,0.489,avg_closing,avg_closing,closing,1.038,2026-09-13T03:33:42+00:00,E0_1920.csv,10003761,pinnacle_closing,0.2371,0.2721,0.4908
2019-08-31,Chelsea,Sheffield United,1.41,4.78,8.32,0.6829,0.2014,0.1157,avg_closing,avg_closing,closing,1.0386,2026-09-13T03:33:42+00:00,E0_1920.csv,10003761,pinnacle_closing,0.6734,0.2085,0.1181
2019-08-31,Crystal Palace,Aston Villa,2.27,3.4,3.29,0.4242,0.2832,0.2927,avg_closing,avg_closing,closing,1.0386,2026-09-13T03:33:42+00:00,E0_1920.csv,10003761,pinnacle_closing,0.4257,0.2876,0.2867
2019-08-31,Leicester,Bournemouth,1.67,4.03,5.16,0.5754,0.2384,0.1862,avg_closing,avg_closing,closing,1.0407,2026-09-13T03:33:42+00:00,E0_1920.csv,10003761,pinnacle_closing,0.5787,0.2412,0.18
2019-08-31,Man City,Brighton,1.09,11.5,31.01,0.885,0.0839,0.0311,avg_closing,avg_closing,closing,1.0366,2026-09-13T03:33:42+00:00,E0_1920.csv,10003761,pinnacle_closing,0.8973,0.0749,0.0278
2019-08-31,Newcastle,Watford,2.53,3.19,3.01,0.3797,0.3011,0.3192,avg_closing,avg_closing,closing,1.041,2026-09-13T03:33:42+00:00,E0_1920.csv,10003761,pinnacle_closing,0.3851,0.3036,0.3113
2019-08-31,West Ham,Norwich,1.9,4.0,3.81,0.5067,0.2407,0.2527,avg_closing,avg_closing,closing,1.0388,2026-09-13T03:33:42+00:00,E0_1920.csv,10003761,pinnacle_closing,0.506,0.237,0.257
2019-08-31,Burnley,Liverpool,8.83,5.43,1.35,0.1091,0.1774,0.7135,avg_closing,avg_closing,closing,1.0382,2026-09-13T03:33:42+00:00,E0_1920.csv,10003761,pinnacle_closing,0.1055,0.1686,0.7259
2019-09-01,Everton,Wolves,2.07,3.26,4.01,0.4649,0.2952,0.24,avg_closing,avg_closing,closing,1.0392,2026-09-13T03:33:42+00:00,E0_1920.csv,10003761,pinnacle_closing,0.4698,0.297,0.2332
2019-09-01,Arsenal,Tottenham,2.58,3.63,2.65,0.3725,0.2648,0.3627,avg_closing,avg_closing,closing,1.0404,2026-09-13T03:33:42+00:00,E0_1920.csv,10003761,pinnacle_closing,0.377,0.2639,0.359
2019-09-14,Liverpool,Newcastle,1.2,7.31,14.15,0.8007,0.1314,0.0679,avg_closing,avg_closing,closing,1.0408,2026-09-13T03:33:42+00:00,E0_1920.csv,10003761,pinnacle_closing,0.7994,0.1327,0.068
2019-09-14,Brighton,Burnley,2.13,3.38,3.64,0.4514,0.2845,0.2641,avg_closing,avg_closing,closing,1.0401,2026-09-13T03:33:42+00:00,E0_1920.csv,10003761,pinnacle_closing,0.4526,0.2829,0.2645
2019-09-14,Man United,Leicester,2.13,3.35,3.7,0.4522,0.2875,0.2603,avg_closing,avg_closing,closing,1.0383,2026-09-13T03:33:42+00:00,E0_1920.csv,10003761,pinnacle_closing,0.4448,0.2891,0.2661
2019-09-14,Sheffield United,Southampton,2.48,3.25,3.04,0.3878,0.2959,0.3163,avg_closing,avg_closing,closing,1.0399,2026-09-13T03:33:42+00:00,E0_1920.csv,10003761,pinnacle_closing,0.3989,0.295,0.3061
2019-09-14,Tottenham,Crystal Palace,1.41,4.94,7.7,0.6809,0.1944,0.1247,avg_closing,avg_closing,closing,1.0415,2026-09-13T03:33:42+00:00,E0_1920.csv,10003761,pinnacle_closing,0.6745,0.1978,0.1276
2019-09-14,Wolves,Chelsea,3.05,3.4,2.39,0.3151,0.2827,0.4022,avg_closing,avg_closing,closing,1.0404,2026-09-13T03:33:42+00:00,E0_1920.csv,10003761,pinnacle_closing,0.314,0.2838,0.4022
2019-09-14,Norwich,Man City,25.99,11.87,1.09,0.037,0.081,0.882,avg_closing,avg_closing,closing,1.0402,2026-09-13T03:33:42+00:00,E0_1920.csv,10003761,pinnacle_closing,0.0376,0.072,0.8905
2019-09-15,Bournemouth,Everton,3.32,3.51,2.21,0.29,0.2743,0.4357,avg_closing,avg_closing,closing,1.0386,2026-09-13T03:33:42+00:00,E0_1920.csv,10003761,pinnacle_closing,0.2894,0.2732,0.4374
2019-09-15,Watford,Arsenal,4.08,3.88,1.87,0.2362,0.2484,0.5154,avg_closing,avg_closing,closing,1.0376,2026-09-13T03:33:42+00:00,E0_1920.csv,10003761,pinnacle_closing,0.2314,0.2491,0.5195
2019-09-16,Aston Villa,West Ham,2.73,3.61,2.53,0.3527,0.2667,0.3806,avg_closing,avg_closing,closing,1.0386,2026-09-13T03:33:42+00:00,E0_1920.csv,10003761,pinnacle_closing,0.3582,0.2626,0.3791
2019-09-20,Southampton,Bournemouth,2.18,3.56,3.34,0.4415,0.2704,0.2882,avg_closing,avg_closing,closing,1.039,2026-09-13T03:33:42+00:00,E0_1920.csv,10003761,pinnacle_closing,0.4484,0.2703,0.2812
2019-09-21,Leicester,Tottenham,2.71,3.44,2.63,0.3548,0.2795,0.3656,avg_closing,avg_closing,closing,1.0399,2026-09-13T03:33:42+00:00,E0_1920.csv,10003761,pinnacle_closing,0.3589,0.2781,0.3629
2019-09-21,Burnley,Norwich,2.02,3.73,3.62,0.4763,0.2579,0.2658,avg_closing,avg_closing,closing,1.0394,2026-09-13T03:33:42+00:00,E0_1920.csv,10003761,pinnacle_closing,0.4829,0.2514,0.2658
2019-09-21,Everton,Sheffield United,1.76,3.56,5.21,0.5458,0.2698,0.1844,avg_closing,avg_closing,closing,1.041,2026-09-13T03:33:42+00:00,E0_1920.csv,10003761,pinnacle_closing,0.5439,0.2727,0.1834
2019-09-21,Man City,Watford,1.1,10.72,24.55,0.8715,0.0894,0.039,avg_closing,avg_closing,closing,1.0431,2026-09-13T03:33:42+00:00,E0_1920.csv,10003761,pinnacle_closing,0.8764,0.0859,0.0378
2019-09-21,Newcastle,Brighton,2.4,3.2,3.23,0.4011,0.3008,0.298,avg_closing,avg_closing,closing,1.0388,2026-09-13T03:33:42+00:00,E0_1920.csv,10003761,pinnacle_closing,0.4032,0.3011,0.2957
2019-09-22,Crystal Palace,Wolves,2.75,3.11,2.83,0.3501,0.3096,0.3402,avg_closing,avg_closing,closing,1.0385,2026-09-13T03:33:42+00:00,E0_1920.csv,10003761,pinnacle_closing,0.337,0.3152,0.3478
2019-09-22,West Ham,Man United,3.08,3.48,2.34,0.3124,0.2765,0.4112,avg_closing,avg_closing,closing,1.0394,2026-09-13T03:33:42+00:00,E0_1920.csv,10003761,pinnacle_closing,0.3182,0.2831,0.3987
2019-09-22,Arsenal,Aston Villa,1.42,5.07,7.23,0.6773,0.1897,0.133,avg_closing,avg_closing,closing,1.0398,2026-09-13T03:33:42+00:00,E0_1920.csv,10003761,pinnacle_closing,0.6856,0.1861,0.1283
2019-09-22,Chelsea,Liverpool,3.25,3.7,2.17,0.2962,0.2602,0.4436,avg_closing,avg_closing,closing,1.0388,2026-09-13T03:33:42+00:00,E0_1920.csv,10003761,pinnacle_closing,0.3014,0.2683,0.4302
2019-09-28,Sheffield United,Liverpool,8.92,5.33,1.35,0.1077,0.1803,0.7119,avg_closing,avg_closing,closing,1.0405,2026-09-13T03:33:42+00:00,E0_1920.csv,10003761,pinnacle_closing,0.1025,0.175,0.7224
2019-09-28,Aston Villa,Burnley,2.31,3.41,3.19,0.4164,0.2821,0.3015,avg_closing,avg_closing,closing,1.0396,2026-09-13T03:33:42+00:00,E0_1920.csv,10003761,pinnacle_closing,0.4122,0.2828,0.305
2019-09-28,Bournemouth,West Ham,2.39,3.61,2.89,0.4018,0.266,0.3323,avg_closing,avg_closing,closing,1.0414,2026-09-13T03:33:42+00:00,E0_1920.csv,10003761,pinnacle_closing,0.4041,0.2668,0.329
2019-09-28,Chelsea,Brighton,1.43,4.74,7.74,0.6727,0.203,0.1243,avg_closing,avg_closing,closing,1.0395,2026-09-13T03:33:42+00:00,E0_1920.csv,10003761,pinnacle_closing,0.6701,0.2094,0.1205
2019-09-28,Crystal Palace,Norwich,1.91,3.8,3.95,0.5035,0.2531,0.2435,avg_closing,avg_closing,closing,1.0399,2026-09-13T03:33:42+00:00,E0_1920.csv,10003761,pinnacle_closing,0.5107,0.2508,0.2385
2019-09-28,Tottenham,Southampton,1.39,5.07,8.29,0.6936,0.1901,0.1163,avg_closing,avg_closing,closing,1.0373,2026-09-13T03:33:42+00:00,E0_1920.csv,10003761,pinnacle_closing,0.7033,0.1856,0.1112
2019-09-28,Wolves,Watford,1.93,3.45,4.29,0.4977,0.2784,0.2239,avg_closing,avg_closing,closing,1.0411,2026-09-13T03:33:42+00:00,E0_1920.csv,10003761,pinnacle_closing,0.4979,0.2772,0.2249
2019-09-28,Everton,Man City,8.67,5.55,1.35,0.1113,0.1739,0.7148,avg_closing,avg_closing,closing,1.0363,2026-09-13T03:33:42+00:00,E0_1920.csv,10003761,pinnacle_closing,0.1092,0.1763,0.7145
2019-09-29,Leicester,Newcastle,1.53,4.18,6.92,0.6301,0.2306,0.1393,avg_closing,avg_closing,closing,1.0373,2026-09-13T03:33:42+00:00,E0_1920.csv,10003761,pinnacle_closing,0.6382,0.224,0.1378
2019-09-30,Man United,Arsenal,2.24,3.55,3.21,0.4294,0.2709,0.2996,avg_closing,avg_closing,closing,1.0396,2026-09-13T03:33:42+00:00,E0_1920.csv,10003761,pinnacle_closing,0.431,0.2729,0.2961
2019-10-05,Brighton,Tottenham,4.92,3.91,1.73,0.196,0.2466,0.5574,avg_closing,avg_closing,closing,1.037,2026-09-13T03:33:42+00:00,E0_1920.csv,10003761,pinnacle_closing,0.1893,0.2506,0.5602
2019-10-05,Burnley,Everton,3.19,3.24,2.4,0.3018,0.2971,0.4011,avg_closing,avg_closing,closing,1.0388,2026-09-13T03:33:42+00:00,E0_1920.csv,10003761,pinnacle_closing,0.3023,0.2905,0.4072
2019-10-05,Liverpool,Leicester,1.58,4.36,5.65,0.609,0.2207,0.1703,avg_closing,avg_closing,closing,1.0393,2026-09-13T03:33:42+00:00,E0_1920.csv,10003761,pinnacle_closing,0.6113,0.2199,0.1688
2019-10-05,Norwich,Aston Villa,2.42,3.6,2.86,0.3971,0.2669,0.336,avg_closing,avg_closing,closing,1.0407,2026-09-13T03:33:42+00:00,E0_1920.csv,10003761,pinnacle_closing,0.3956,0.2688,0.3356
2019-10-05,Watford,Sheffield United,2.35,3.28,3.23,0.4092,0.2931,0.2977,avg_closing,avg_closing,closing,1.04,2026-09-13T03:33:42+00:00,E0_1920.csv,10003761,pinnacle_closing,0.409,0.2977,0.2932
2019-10-05,West Ham,Crystal Palace,2.0,3.65,3.76,0.4808,0.2635,0.2557,avg_closing,avg_closing,closing,1.0399,2026-09-13T03:33:42+00:00,E0_1920.csv,10003761,pinnacle_closing,0.4847,0.2611,0.2543
2019-10-06,Arsenal,Bournemouth,1.36,5.72,7.57,0.7055,0.1677,0.1267,avg_closing,avg_closing,closing,1.0422,2026-09-13T03:33:42+00:00,E0_1920.csv,10003761,pinnacle_closing,0.7097,0.1668,0.1235
2019-10-06,Man City,Wolves,1.14,8.99,20.26,0.8453,0.1072,0.0476,avg_closing,avg_closing,closing,1.0378,2026-09-13T03:33:42+00:00,E0_1920.csv,10003761,pinnacle_closing,0.8482,0.1077,0.0441
2019-10-06,Southampton,Chelsea,4.66,4.2,1.71,0.2068,0.2295,0.5637,avg_closing,avg_closing,closing,1.0375,2026-09-13T03:33:42+00:00,E0_1920.csv,10003761,pinnacle_closing,0.2047,0.2267,0.5686
2019-10-06,Newcastle,Man United,3.9,3.31,2.08,0.2467,0.2907,0.4626,avg_closing,avg_closing,closing,1.0393,2026-09-13T03:33:42+00:00,E0_1920.csv,10003761,pinnacle_closing,0.2492,0.2899,0.4609
2019-10-19,Everton,West Ham,1.81,4.0,4.25,0.5324,0.2409,0.2267,avg_closing,avg_closing,closing,1.0378,2026-09-13T03:33:42+00:00,E0_1920.csv,10003761,pinnacle_closing,0.5443,0.2348,0.2209
2019-10-19,Aston Villa,Brighton,2.39,3.45,3.03,0.403,0.2792,0.3179,avg_closing,avg_closing,closing,1.0383,2026-09-13T03:33:42+00:00,E0_1920.csv,10003761,pinnacle_closing,0.4007,0.279,0.3203
2019-10-19,Bournemouth,Norwich,1.76,4.24,4.29,0.5478,0.2274,0.2248,avg_closing,avg_closing,closing,1.0371,2026-09-13T03:33:42+00:00,E0_1920.csv,10003761,pinnacle_closing,0.5469,0.2329,0.2202
2019-10-19,Chelsea,Newcastle,1.28,6.01,10.93,0.7518,0.1601,0.088,avg_closing,avg_closing,closing,1.0391,2026-09-13T03:33:42+00:00,E0_1920.csv,10003761,pinnacle_closing,0.7644,0.1517,0.084
2019-10-19,Leicester,Burnley,1.5,4.41,6.85,0.6414,0.2182,0.1405,avg_closing,avg_closing,closing,1.0394,2026-09-13T03:33:42+00:00,E0_1920.csv,10003761,pinnacle_closing,0.6474,0.2168,0.1358
2019-10-19,Tottenham,Watford,1.51,4.49,6.54,0.6381,0.2146,0.1473,avg_closing,avg_closing,closing,1.0379,2026-09-13T03:33:42+00:00,E0_1920.csv,10003761,pinnacle_closing,0.6334,0.2228,0.1438
2019-10-19,Wolves,Southampton,2.07,3.26,4.03,0.4654,0.2955,0.2391,avg_closing,avg_closing,closing,1.038,2026-09-13T03:33:42+00:00,E0_1920.csv,10003761,pinnacle_closing,0.4617,0.3007,0.2376
2019-10-19,Crystal Palace,Man City,12.15,7.23,1.22,0.0791,0.133,0.7879,avg_closing,avg_closing,closing,1.0403,2026-09-13T03:33:42+00:00,E0_1920.csv,10003761,pinnacle_closing,0.0771,0.1262,0.7967
2019-10-20,Man United,Liverpool,4.06,3.48,1.98,0.2371,0.2766,0.4862,avg_closing,avg_closing,closing,1.0387,2026-09-13T03:33:42+00:00,E0_1920.csv,10003761,pinnacle_closing,0.2334,0.2802,0.4865
2019-10-21,Sheffield United,Arsenal,3.68,3.56,2.06,0.2618,0.2706,0.4676,avg_closing,avg_closing,closing,1.0381,2026-09-13T03:33:42+00:00,E0_1920.csv,10003761,pinnacle_closing,0.2622,0.2687,0.469
2019-10-25,Southampton,Leicester,3.13,3.34,2.39,0.308,0.2886,0.4034,avg_closing,avg_closing,closing,1.0373,2026-09-13T03:33:42+00:00,E0_1920.csv,10003761,pinnacle_closing,0.311,0.2932,0.3957
2019-10-26,Man City,Aston Villa,1.08,13.96,27.97,0.8961,0.0693,0.0346,avg_closing,avg_closing,closing,1.0333,2026-09-13T03:33:42+00:00,E0_1920.csv,10003761,pinnacle_closing,0.9125,0.0586,0.0289
2019-10-26,Brighton,Everton,2.68,3.33,2.74,0.3593,0.2892,0.3515,avg_closing,avg_closing,closing,1.0384,2026-09-13T03:33:42+00:00,E0_1920.csv,10003761,pinnacle_closing,0.353,0.2952,0.3517
2019-10-26,Watford,Bournemouth,2.28,3.54,3.14,0.4219,0.2717,0.3064,avg_closing,avg_closing,closing,1.0396,2026-09-13T03:33:42+00:00,E0_1920.csv,10003761,pinnacle_closing,0.4174,0.2709,0.3117
2019-10-26,West Ham,Sheffield United,2.27,3.41,3.28,0.4241,0.2823,0.2935,avg_closing,avg_closing,closing,1.0387,2026-09-13T03:33:42+00:00,E0_1920.csv,10003761,pinnacle_closing,0.4257,0.2867,0.2876
2019-10-26,Burnley,Chelsea,5.05,4.01,1.69,0.1906,0.24,0.5694,avg_closing,avg_closing,closing,1.0391,2026-09-13T03:33:42+00:00,E0_1920.csv,10003761,pinnacle_closing,0.1922,0.239,0.5688
2019-10-27,Newcastle,Wolves,3.4,3.07,2.39,0.2833,0.3137,0.403,avg_closing,avg_closing,closing,1.0383,2026-09-13T03:33:42+00:00,E0_1920.csv,10003761,pinnacle_closing,0.2806,0.316,0.4035
2019-10-27,Arsenal,Crystal Palace,1.48,4.71,6.63,0.6504,0.2044,0.1452,avg_closing,avg_closing,closing,1.0388,2026-09-13T03:33:42+00:00,E0_1920.csv,10003761,pinnacle_closing,0.6567,0.2029,0.1404
2019-10-27,Liverpool,Tottenham,1.48,4.8,6.44,0.6501,0.2005,0.1494,avg_closing,avg_closing,closing,1.0393,2026-09-13T03:33:42+00:00,E0_1920.csv,10003761,pinnacle_closing,0.6599,0.1925,0.1476
2019-10-27,Norwich,Man United,4.53,3.73,1.82,0.2126,0.2582,0.5292,avg_closing,avg_closing,closing,1.0383,2026-09-13T03:33:42+00:00,E0_1920.csv,10003761,pinnacle_closing,0.2064,0.2612,0.5324
2019-11-02,Bournemouth,Man United,3.61,3.56,2.09,0.2673,0.271,0.4617,avg_closing,avg_closing,closing,1.0364,2026-09-13T03:33:42+00:00,E0_1920.csv,10003761,pinnacle_closing,0.266,0.2712,0.4627
2019-11-02,Arsenal,Wolves,1.75,3.87,4.71,0.5483,0.2479,0.2037,avg_closing,avg_closing,closing,1.0421,2026-09-13T03:33:42+00:00,E0_1920.csv,10003761,pinnacle_closing,0.5534,0.2466,0.2
2019-11-02,Aston Villa,Liverpool,9.45,6.14,1.3,0.102,0.1569,0.7411,avg_closing,avg_closing,closing,1.0379,2026-09-13T03:33:42+00:00,E0_1920.csv,10003761,pinnacle_closing,0.0956,0.1475,0.7569
2019-11-02,Brighton,Norwich,1.59,4.44,5.43,0.6057,0.2169,0.1774,avg_closing,avg_closing,closing,1.0383,2026-09-13T03:33:42+00:00,E0_1920.csv,10003761,pinnacle_closing,0.6192,0.2132,0.1676
2019-11-02,Man City,Southampton,1.07,12.93,31.81,0.8957,0.0741,0.0301,avg_closing,avg_closing,closing,1.0434,2026-09-13T03:33:42+00:00,E0_1920.csv,10003761,pinnacle_closing,0.9067,0.067,0.0264
2019-11-02,Sheffield United,Burnley,2.27,3.17,3.5,0.4229,0.3028,0.2743,avg_closing,avg_closing,closing,1.0417,2026-09-13T03:33:42+00:00,E0_1920.csv,10003761,pinnacle_closing,0.4254,0.3025,0.2721
2019-11-02,West Ham,Newcastle,1.85,3.73,4.36,0.5208,0.2583,0.221,avg_closing,avg_closing,closing,1.038,2026-09-13T03:33:42+00:00,E0_1920.csv,10003761,pinnacle_closing,0.5152,0.2675,0.2173
2019-11-02,Watford,Chelsea,5.17,4.29,1.63,0.186,0.2241,0.5899,avg_closing,avg_closing,closing,1.04,2026-09-13T03:33:42+00:00,E0_1920.csv,10003761,pinnacle_closing,0.1824,0.2199,0.5977
2019-11-03,Crystal Palace,Leicester,3.74,3.49,2.07,0.2578,0.2763,0.4659,avg_closing,avg_closing,closing,1.037,2026-09-13T03:33:42+00:00,E0_1920.csv,10003761,pinnacle_closing,0.2532,0.27,0.4768
2019-11-03,Everton,Tottenham,2.49,3.58,2.79,0.3864,0.2688,0.3448,avg_closing,avg_closing,closing,1.0394,2026-09-13T03:33:42+00:00,E0_1920.csv,10003761,pinnacle_closing,0.3843,0.2696,0.3461
2019-11-08,Norwich,Watford,2.87,3.61,2.41,0.3349,0.2663,0.3988,avg_closing,avg_closing,closing,1.0404,2026-09-13T03:33:42+00:00,E0_1920.csv,10003761,pinnacle_closing,0.3278,0.2682,0.404
2019-11-09,Chelsea,Crystal Palace,1.43,4.78,7.61,0.6725,0.2012,0.1264,avg_closing,avg_closing,closing,1.0399,2026-09-13T03:33:42+00:00,E0_1920.csv,10003761,pinnacle_closing,0.6723,0.2064,0.1213
2019-11-09,Burnley,West Ham,2.16,3.61,3.34,0.4454,0.2665,0.2881,avg_closing,avg_closing,closing,1.0394,2026-09-13T03:33:42+00:00,E0_1920.csv,10003761,pinnacle_closing,0.4465,0.2681,0.2854
2019-11-09,Newcastle,Bournemouth,2.61,3.26,2.87,0.369,0.2954,0.3356,avg_closing,avg_closing,closing,1.0383,2026-09-13T03:33:42+00:00,E0_1920.csv,10003761,pinnacle_closing,0.3619,0.2941,0.344
2019-11-09,Southampton,Everton,3.15,3.34,2.36,0.3051,0.2877,0.4072,avg_closing,avg_closing,closing,1.0406,2026-09-13T03:33:42+00:00,E0_1920.csv,10003761,pinnacle_closing,0.3071,0.2906,0.4023
2019-11-09,Tottenham,Sheffield United,1.54,4.29,6.37,0.6247,0.2243,0.151,avg_closing,avg_closing,closing,1.0394,2026-09-13T03:33:42+00:00,E0_1920.csv,10003761,pinnacle_closing,0.6239,0.2207,0.1555
2019-11-09,Leicester,Arsenal,1.91,3.97,3.8,0.5041,0.2425,0.2534,avg_closing,avg_closing,closing,1.0386,2026-09-13T03:33:42+00:00,E0_1920.csv,10003761,pinnacle_closing,0.5066,0.2414,0.252
2019-11-10,Man United,Brighton,1.64,3.77,6.18,0.5881,0.2558,0.1561,avg_closing,avg_closing,closing,1.0368,2026-09-13T03:33:42+00:00,E0_1920.csv,10003761,pinnacle_closing,0.5852,0.2633,0.1515
2019-11-10,Wolves,Aston Villa,1.7,3.81,5.31,0.5661,0.2526,0.1813,avg_closing,avg_closing,closing,1.039,2026-09-13T03:33:42+00:00,E0_1920.csv,10003761,pinnacle_closing,0.579,0.245,0.1759
2019-11-10,Liverpool,Man City,2.69,3.64,2.55,0.3579,0.2645,0.3776,avg_closing,avg_closing,closing,1.0386,2026-09-13T03:33:42+00:00,E0_1920.csv,10003761,pinnacle_closing,0.359,0.2683,0.3727
2019-11-23,West Ham,Tottenham,4.74,4.34,1.67,0.2028,0.2215,0.5757,avg_closing,avg_closing,closing,1.0402,2026-09-13T03:33:42+00:00,E0_1920.csv,10003761,pinnacle_closing,0.2072,0.2154,0.5774
2019-11-23,Arsenal,Southampton,1.46,4.69,6.89,0.6565,0.2044,0.1391,avg_closing,avg_closing,closing,1.0433,2026-09-13T03:33:42+00:00,E0_1920.csv,10003761,pinnacle_closing,0.648,0.2141,0.1379
2019-11-23,Bournemouth,Wolves,3.0,3.22,2.52,0.3203,0.2984,0.3813,avg_closing,avg_closing,closing,1.0407,2026-09-13T03:33:42+00:00,E0_1920.csv,10003761,pinnacle_closing,0.3141,0.2996,0.3864
2019-11-23,Brighton,Leicester,3.8,3.57,2.01,0.2528,0.2691,0.478,avg_closing,avg_closing,closing,1.0408,2026-09-13T03:33:42+00:00,E0_1920.csv,10003761,pinnacle_closing,0.2501,0.274,0.4759
2019-11-23,Crystal Palace,Liverpool,6.86,4.49,1.49,0.1402,0.2142,0.6456,avg_closing,avg_closing,closing,1.0396,2026-09-13T03:33:42+00:00,E0_1920.csv,10003761,pinnacle_closing,0.1397,0.2088,0.6515
2019-11-23,Everton,Norwich,1.35,5.39,8.55,0.71,0.1778,0.1121,avg_closing,avg_closing,closing,1.0432,2026-09-13T03:33:42+00:00,E0_1920.csv,10003761,pinnacle_closing,0.7227,0.1717,0.1056
2019-11-23,Watford,Burnley,2.24,3.3,3.43,0.4288,0.2911,0.2801,avg_closing,avg_closing,closing,1.041,2026-09-13T03:33:42+00:00,E0_1920.csv,10003761,pinnacle_closing,0.4289,0.2864,0.2847
2019-11-23,Man City,Chelsea,1.39,5.53,7.18,0.6921,0.174,0.134,avg_closing,avg_closing,closing,1.0395,2026-09-13T03:33:42+00:00,E0_1920.csv,10003761,pinnacle_closing,0.7055,0.1667,0.1278
2019-11-24,Sheffield United,Man United,3.81,3.36,2.09,0.2527,0.2866,0.4607,avg_closing,avg_closing,closing,1.0386,2026-09-13T03:33:42+00:00,E0_1920.csv,10003761,pinnacle_closing,0.2473,0.2831,0.4696
2019-11-25,Aston Villa,Newcastle,2.19,3.51,3.36,0.4394,0.2742,0.2864,avg_closing,avg_closing,closing,1.0391,2026-09-13T03:33:42+00:00,E0_1920.csv,10003761,pinnacle_closing,0.4388,0.2721,0.2891
2019-11-30,Newcastle,Man City,12.15,7.58,1.21,0.0791,0.1268,0.7941,avg_closing,avg_closing,closing,1.0407,2026-09-13T03:33:42+00:00,E0_1920.csv,10003761,pinnacle_closing,0.088,0.1249,0.7871
2019-11-30,Burnley,Crystal Palace,2.05,3.44,3.84,0.4695,0.2798,0.2507,avg_closing,avg_closing,closing,1.0389,2026-09-13T03:33:42+00:00,E0_1920.csv,10003761,pinnacle_closing,0.4755,0.2738,0.2506
2019-11-30,Chelsea,West Ham,1.29,6.12,9.77,0.7447,0.157,0.0983,avg_closing,avg_closing,closing,1.0409,2026-09-13T03:33:42+00:00,E0_1920.csv,10003761,pinnacle_closing,0.7454,0.1578,0.0968
2019-11-30,Liverpool,Brighton,1.2,7.21,14.46,0.8004,0.1332,0.0664,avg_closing,avg_closing,closing,1.0412,2026-09-13T03:33:42+00:00,E0_1920.csv,10003761,pinnacle_closing,0.8046,0.1301,0.0653
2019-11-30,Tottenham,Bournemouth,1.33,5.59,8.97,0.7214,0.1716,0.107,avg_closing,avg_closing,closing,1.0423,2026-09-13T03:33:42+00:00,E0_1920.csv,10003761,pinnacle_closing,0.7238,0.1711,0.1051
2019-11-30,Southampton,Watford,2.09,3.53,3.59,0.4599,0.2723,0.2678,avg_closing,avg_closing,closing,1.0403,2026-09-13T03:33:42+00:00,E0_1920.csv,10003761,pinnacle_closing,0.4639,0.2706,0.2655
2019-12-01,Norwich,Arsenal,4.39,4.42,1.7,0.2186,0.2171,0.5644,avg_closing,avg_closing,closing,1.0423,2026-09-13T03:33:42+00:00,E0_1920.csv,10003761,pinnacle_closing,0.2136,0.2169,0.5695
2019-12-01,Wolves,Sheffield United,2.23,3.14,3.67,0.4314,0.3064,0.2622,avg_closing,avg_closing,closing,1.0394,2026-09-13T03:33:42+00:00,E0_1920.csv,10003761,pinnacle_closing,0.4385,0.3056,0.256
2019-12-01,Leicester,Everton,1.62,4.1,5.63,0.5942,0.2348,0.171,avg_closing,avg_closing,closing,1.0388,2026-09-13T03:33:42+00:00,E0_1920.csv,10003761,pinnacle_closing,0.588,0.2378,0.1742
2019-12-01,Man United,Aston Villa,1.46,4.72,7.02,0.6591,0.2039,0.1371,avg_closing,avg_closing,closing,1.0392,2026-09-13T03:33:42+00:00,E0_1920.csv,10003761,pinnacle_closing,0.6621,0.2049,0.133
2019-12-03,Crystal Palace,Bournemouth,2.22,3.42,3.35,0.4326,0.2808,0.2867,avg_closing,avg_closing,closing,1.0414,2026-09-13T03:33:42+00:00,E0_1920.csv,10003761,pinnacle_closing,0.4289,0.2855,0.2855
2019-12-03,Burnley,Man City,11.2,6.88,1.24,0.0858,0.1396,0.7746,avg_closing,avg_closing,closing,1.0411,2026-09-13T03:33:42+00:00,E0_1920.csv,10003761,pinnacle_closing,0.0883,0.1269,0.7848
2019-12-04,Chelsea,Aston Villa,1.34,5.65,8.54,0.7173,0.1701,0.1126,avg_closing,avg_closing,closing,1.0404,2026-09-13T03:33:42+00:00,E0_1920.csv,10003761,pinnacle_closing,0.7138,0.1715,0.1147
2019-12-04,Leicester,Watford,1.36,5.32,8.55,0.7069,0.1807,0.1124,avg_closing,avg_closing,closing,1.0402,2026-09-13T03:33:42+00:00,E0_1920.csv,10003761,pinnacle_closing,0.6984,0.1845,0.1171
2019-12-04,Man United,Tottenham,2.59,3.4,2.79,0.3717,0.2832,0.3451,avg_closing,avg_closing,closing,1.0386,2026-09-13T03:33:42+00:00,E0_1920.csv,10003761,pinnacle_closing,0.3753,0.2788,0.346
2019-12-04,Southampton,Norwich,1.78,3.89,4.51,0.5399,0.247,0.2131,avg_closing,avg_closing,closing,1.0406,2026-09-13T03:33:42+00:00,E0_1920.csv,10003761,pinnacle_closing,0.552,0.2405,0.2076
2019-12-04,Wolves,West Ham,1.68,3.95,5.16,0.5711,0.2429,0.186,avg_closing,avg_closing,closing,1.0422,2026-09-13T03:33:42+00:00,E0_1920.csv,10003761,pinnacle_closing,0.5818,0.2352,0.183
2019-12-04,Liverpool,Everton,1.62,4.04,5.79,0.595,0.2386,0.1665,avg_closing,avg_closing,closing,1.0375,2026-09-13T03:33:42+00:00,E0_1920.csv,10003761,pinnacle_closing,0.5879,0.2375,0.1746
2019-12-05,Sheffield United,Newcastle,1.8,3.54,4.96,0.5344,0.2717,0.1939,avg_closing,avg_closing,closing,1.0397,2026-09-13T03:33:42+00:00,E0_1920.csv,10003761,pinnacle_closing,0.545,0.2688,0.1862
2019-12-05,Arsenal,Brighton,1.64,4.28,5.07,0.5859,0.2245,0.1895,avg_closing,avg_closing,closing,1.0406,2026-09-13T03:33:42+00:00,E0_1920.csv,10003761,pinnacle_closing,0.5864,0.2253,0.1883
2019-12-07,Everton,Chelsea,3.31,3.75,2.13,0.291,0.2568,0.4522,avg_closing,avg_closing,closing,1.0383,2026-09-13T03:33:42+00:00,E0_1920.csv,10003761,pinnacle_closing,0.2897,0.2562,0.4541
2019-12-07,Bournemouth,Liverpool,6.39,4.63,1.5,0.1506,0.2078,0.6416,avg_closing,avg_closing,closing,1.0391,2026-09-13T03:33:42+00:00,E0_1920.csv,10003761,pinnacle_closing,0.1475,0.2096,0.6428
2019-12-07,Tottenham,Burnley,1.43,4.82,7.55,0.6729,0.1996,0.1275,avg_closing,avg_closing,closing,1.0392,2026-09-13T03:33:42+00:00,E0_1920.csv,10003761,pinnacle_closing,0.6703,0.1964,0.1333
2019-12-07,Watford,Crystal Palace,2.44,3.32,3.03,0.3937,0.2893,0.317,avg_closing,avg_closing,closing,1.0411,2026-09-13T03:33:42+00:00,E0_1920.csv,10003761,pinnacle_closing,0.3923,0.2887,0.319
2019-12-07,Man City,Man United,1.33,5.76,8.91,0.7245,0.1673,0.1082,avg_closing,avg_closing,closing,1.0377,2026-09-13T03:33:42+00:00,E0_1920.csv,10003761,pinnacle_closing,0.7397,0.1575,0.1028
2019-12-08,Aston Villa,Leicester,4.84,4.16,1.69,0.1989,0.2314,0.5697,avg_closing,avg_closing,closing,1.0387,2026-09-13T03:33:42+00:00,E0_1920.csv,10003761,pinnacle_closing,0.1951,0.2335,0.5714
2019-12-08,Newcastle,Southampton,2.6,3.31,2.83,0.3698,0.2905,0.3397,avg_closing,avg_closing,closing,1.0401,2026-09-13T03:33:42+00:00,E0_1920.csv,10003761,pinnacle_closing,0.376,0.2847,0.3393
2019-12-08,Norwich,Sheffield United,3.14,3.48,2.3,0.306,0.2761,0.4178,avg_closing,avg_closing,closing,1.0406,2026-09-13T03:33:42+00:00,E0_1920.csv,10003761,pinnacle_closing,0.3061,0.2726,0.4213
2019-12-08,Brighton,Wolves,2.64,3.19,2.88,0.3644,0.3016,0.334,avg_closing,avg_closing,closing,1.0395,2026-09-13T03:33:42+00:00,E0_1920.csv,10003761,pinnacle_closing,0.3687,0.3034,0.3279
2019-12-09,West Ham,Arsenal,3.57,4.16,1.93,0.2697,0.2314,0.4989,avg_closing,avg_closing,closing,1.0386,2026-09-13T03:33:42+00:00,E0_1920.csv,10003761,pinnacle_closing,0.2709,0.2275,0.5016
2019-12-14,Liverpool,Watford,1.18,7.65,15.15,0.8116,0.1252,0.0632,avg_closing,avg_closing,closing,1.0442,2026-09-13T03:33:42+00:00,E0_1920.csv,10003761,pinnacle_closing,0.8086,0.1301,0.0613
2019-12-14,Burnley,Newcastle,1.99,3.44,4.01,0.482,0.2788,0.2392,avg_closing,avg_closing,closing,1.0426,2026-09-13T03:33:42+00:00,E0_1920.csv,10003761,pinnacle_closing,0.4857,0.2773,0.237
2019-12-14,Chelsea,Bournemouth,1.23,6.82,12.38,0.7814,0.1409,0.0776,avg_closing,avg_closing,closing,1.0404,2026-09-13T03:33:42+00:00,E0_1920.csv,10003761,pinnacle_closing,0.7814,0.1382,0.0804
2019-12-14,Leicester,Norwich,1.24,6.73,11.75,0.7753,0.1429,0.0818,avg_closing,avg_closing,closing,1.0401,2026-09-13T03:33:42+00:00,E0_1920.csv,10003761,pinnacle_closing,0.7751,0.1406,0.0843
2019-12-14,Sheffield United,Aston Villa,1.78,3.88,4.51,0.5395,0.2475,0.2129,avg_closing,avg_closing,closing,1.0413,2026-09-13T03:33:42+00:00,E0_1920.csv,10003761,pinnacle_closing,0.5427,0.2497,0.2076
2019-12-14,Southampton,West Ham,1.81,3.99,4.19,0.5303,0.2406,0.2291,avg_closing,avg_closing,closing,1.0418,2026-09-13T03:33:42+00:00,E0_1920.csv,10003761,pinnacle_closing,0.5311,0.2424,0.2265
2019-12-15,Man United,Everton,1.67,3.97,5.28,0.5757,0.2422,0.1821,avg_closing,avg_closing,closing,1.0401,2026-09-13T03:33:42+00:00,E0_1920.csv,10003761,pinnacle_closing,0.575,0.2423,0.1827
2019-12-15,Wolves,Tottenham,2.89,3.57,2.42,0.3329,0.2695,0.3976,avg_closing,avg_closing,closing,1.0394,2026-09-13T03:33:42+00:00,E0_1920.csv,10003761,pinnacle_closing,0.3384,0.267,0.3946
2019-12-15,Arsenal,Man City,6.7,5.78,1.39,0.1433,0.1661,0.6906,avg_closing,avg_closing,closing,1.0417,2026-09-13T03:33:42+00:00,E0_1920.csv,10003761,pinnacle_closing,0.1327,0.166,0.7013
2019-12-16,Crystal Palace,Brighton,2.8,3.22,2.68,0.3431,0.2984,0.3585,avg_closing,avg_closing,closing,1.0408,2026-09-13T03:33:42+00:00,E0_1920.csv,10003761,pinnacle_closing,0.3408,0.2981,0.361
2019-12-21,Everton,Arsenal,2.12,3.82,3.25,0.453,0.2514,0.2955,avg_closing,avg_closing,closing,1.0412,2026-09-13T03:33:42+00:00,E0_1920.csv,10003761,pinnacle_closing,0.455,0.2535,0.2915
2019-12-21,Aston Villa,Southampton,2.5,3.64,2.72,0.3837,0.2636,0.3527,avg_closing,avg_closing,closing,1.0424,2026-09-13T03:33:42+00:00,E0_1920.csv,10003761,pinnacle_closing,0.3834,0.2587,0.3579
2019-12-21,Bournemouth,Burnley,2.4,3.31,3.08,0.3993,0.2895,0.3112,avg_closing,avg_closing,closing,1.0435,2026-09-13T03:33:42+00:00,E0_1920.csv,10003761,pinnacle_closing,0.4093,0.2895,0.3012
2019-12-21,Brighton,Sheffield United,2.17,3.36,3.54,0.4427,0.2859,0.2714,avg_closing,avg_closing,closing,1.0409,2026-09-13T03:33:42+00:00,E0_1920.csv,10003761,pinnacle_closing,0.4371,0.2941,0.2688
2019-12-21,Newcastle,Crystal Palace,2.41,3.1,3.27,0.3977,0.3092,0.2931,avg_closing,avg_closing,closing,1.0433,2026-09-13T03:33:42+00:00,E0_1920.csv,10003761,pinnacle_closing,0.396,0.309,0.2949
2019-12-21,Norwich,Wolves,4.03,3.8,1.89,0.2385,0.2529,0.5086,avg_closing,avg_closing,closing,1.0404,2026-09-13T03:33:42+00:00,E0_1920.csv,10003761,pinnacle_closing,0.2389,0.2519,0.5091
2019-12-21,Man City,Leicester,1.38,5.67,7.28,0.6979,0.1699,0.1323,avg_closing,avg_closing,closing,1.0384,2026-09-13T03:33:42+00:00,E0_1920.csv,10003761,pinnacle_closing,0.7085,0.1659,0.1256
2019-12-22,Watford,Man United,4.71,3.81,1.77,0.2042,0.2524,0.5434,avg_closing,avg_closing,closing,1.0398,2026-09-13T03:33:42+00:00,E0_1920.csv,10003761,pinnacle_closing,0.2073,0.2544,0.5383
2019-12-22,Tottenham,Chelsea,2.34,3.57,3.0,0.4106,0.2691,0.3203,avg_closing,avg_closing,closing,1.0408,2026-09-13T03:33:42+00:00,E0_1920.csv,10003761,pinnacle_closing,0.409,0.2719,0.3191
2019-12-26,Tottenham,Brighton,1.52,4.46,6.28,0.6318,0.2153,0.1529,avg_closing,avg_closing,closing,1.0413,2026-09-13T03:33:42+00:00,E0_1920.csv,10003761,pinnacle_closing,0.6356,0.2171,0.1473
2019-12-26,Aston Villa,Norwich,2.2,3.72,3.14,0.4363,0.258,0.3057,avg_closing,avg_closing,closing,1.0418,2026-09-13T03:33:42+00:00,E0_1920.csv,10003761,pinnacle_closing,0.4431,0.2602,0.2968
2019-12-26,Bournemouth,Arsenal,3.83,4.07,1.87,0.2507,0.2359,0.5134,avg_closing,avg_closing,closing,1.0416,2026-09-13T03:33:42+00:00,E0_1920.csv,10003761,pinnacle_closing,0.2554,0.2351,0.5095
2019-12-26,Chelsea,Southampton,1.39,5.05,8.06,0.6907,0.1901,0.1191,avg_closing,avg_closing,closing,1.0415,2026-09-13T03:33:42+00:00,E0_1920.csv,10003761,pinnacle_closing,0.6936,0.1912,0.1152
2019-12-26,Crystal Palace,West Ham,2.26,3.42,3.24,0.424,0.2802,0.2958,avg_closing,avg_closing,closing,1.0435,2026-09-13T03:33:42+00:00,E0_1920.csv,10003761,pinnacle_closing,0.4204,0.2799,0.2997
2019-12-26,Everton,Burnley,1.74,3.67,5.12,0.5513,0.2614,0.1873,avg_closing,avg_closing,closing,1.0425,2026-09-13T03:33:42+00:00,E0_1920.csv,10003761,pinnacle_closing,0.5537,0.2655,0.1808
2019-12-26,Sheffield United,Watford,1.83,3.56,4.67,0.5247,0.2697,0.2056,avg_closing,avg_closing,closing,1.0415,2026-09-13T03:33:42+00:00,E0_1920.csv,10003761,pinnacle_closing,0.536,0.2644,0.1996
2019-12-26,Man United,Newcastle,1.35,5.34,8.84,0.7115,0.1799,0.1087,avg_closing,avg_closing,closing,1.0411,2026-09-13T03:33:42+00:00,E0_1920.csv,10003761,pinnacle_closing,0.7163,0.1797,0.104
2019-12-26,Leicester,Liverpool,3.53,4.03,1.96,0.272,0.2382,0.4898,avg_closing,avg_closing,closing,1.0416,2026-09-13T03:33:42+00:00,E0_1920.csv,10003761,pinnacle_closing,0.2704,0.2341,0.4955
2019-12-27,Wolves,Man City,6.84,5.34,1.41,0.1402,0.1796,0.6802,avg_closing,avg_closing,closing,1.0427,2026-09-13T03:33:42+00:00,E0_1920.csv,10003761,pinnacle_closing,0.1455,0.1804,0.6741
2019-12-28,Brighton,Bournemouth,1.81,3.78,4.47,0.5309,0.2542,0.215,avg_closing,avg_closing,closing,1.0408,2026-09-13T03:33:42+00:00,E0_1920.csv,10003761,pinnacle_closing,0.5384,0.2525,0.2091
2019-12-28,Newcastle,Everton,3.25,3.33,2.3,0.2951,0.288,0.4169,avg_closing,avg_closing,closing,1.0428,2026-09-13T03:33:42+00:00,E0_1920.csv,10003761,pinnacle_closing,0.296,0.289,0.415
2019-12-28,Southampton,Crystal Palace,1.95,3.52,4.1,0.4927,0.273,0.2343,avg_closing,avg_closing,closing,1.0408,2026-09-13T03:33:42+00:00,E0_1920.csv,10003761,pinnacle_closing,0.4864,0.2764,0.2373
2019-12-28,Watford,Aston Villa,1.78,4.03,4.32,0.5395,0.2383,0.2223,avg_closing,avg_closing,closing,1.0414,2026-09-13T03:33:42+00:00,E0_1920.csv,10003761,pinnacle_closing,0.5416,0.24,0.2184
2019-12-28,Norwich,Tottenham,4.87,4.43,1.64,0.1973,0.2169,0.5858,avg_closing,avg_closing,closing,1.0408,2026-09-13T03:33:42+00:00,E0_1920.csv,10003761,pinnacle_closing,0.2067,0.215,0.5783
2019-12-28,West Ham,Leicester,2.55,3.61,2.68,0.3762,0.2658,0.358,avg_closing,avg_closing,closing,1.0423,2026-09-13T03:33:42+00:00,E0_1920.csv,10003761,pinnacle_closing,0.3773,0.2635,0.3592
2019-12-28,Burnley,Man United,4.22,3.62,1.9,0.228,0.2657,0.5063,avg_closing,avg_closing,closing,1.0395,2026-09-13T03:33:42+00:00,E0_1920.csv,10003761,pinnacle_closing,0.2272,0.2636,0.5092
2019-12-29,Arsenal,Chelsea,2.93,3.67,2.33,0.3272,0.2613,0.4115,avg_closing,avg_closing,closing,1.043,2026-09-13T03:33:42+00:00,E0_1920.csv,10003761,pinnacle_closing,0.3184,0.2706,0.411
2019-12-29,Liverpool,Wolves,1.27,6.11,11.28,0.7573,0.1574,0.0853,avg_closing,avg_closing,closing,1.0397,2026-09-13T03:33:42+00:00,E0_1920.csv,10003761,pinnacle_closing,0.7674,0.154,0.0787
2019-12-29,Man City,Sheffield United,1.23,6.89,12.29,0.7821,0.1396,0.0783,avg_closing,avg_closing,closing,1.0395,2026-09-13T03:33:42+00:00,E0_1920.csv,10003761,pinnacle_closing,0.7841,0.1419,0.074
2020-01-01,Brighton,Chelsea,3.86,3.87,1.91,0.2489,0.2482,0.5029,avg_closing,avg_closing,closing,1.041,2026-09-13T03:33:42+00:00,E0_1920.csv,10003761,pinnacle_closing,0.2462,0.2407,0.5132
2020-01-01,Burnley,Aston Villa,1.97,3.42,4.17,0.4882,0.2812,0.2306,avg_closing,avg_closing,closing,1.0398,2026-09-13T03:33:42+00:00,E0_1920.csv,10003761,pinnacle_closing,0.4787,0.291,0.2303
2020-01-01,Newcastle,Leicester,4.22,3.84,1.84,0.2277,0.2502,0.5221,avg_closing,avg_closing,closing,1.0409,2026-09-13T03:33:42+00:00,E0_1920.csv,10003761,pinnacle_closing,0.2353,0.2505,0.5142
2020-01-01,Southampton,Tottenham,3.51,3.84,2.02,0.2738,0.2503,0.4758,avg_closing,avg_closing,closing,1.0404,2026-09-13T03:33:42+00:00,E0_1920.csv,10003761,pinnacle_closing,0.277,0.2487,0.4743
2020-01-01,Watford,Wolves,3.19,3.26,2.38,0.3013,0.2948,0.4039,avg_closing,avg_closing,closing,1.0404,2026-09-13T03:33:42+00:00,E0_1920.csv,10003761,pinnacle_closing,0.3064,0.2971,0.3965
2020-01-01,Man City,Everton,1.32,5.77,9.14,0.7282,0.1666,0.1052,avg_closing,avg_closing,closing,1.0403,2026-09-13T03:33:42+00:00,E0_1920.csv,10003761,pinnacle_closing,0.7284,0.1676,0.1041
2020-01-01,Norwich,Crystal Palace,2.36,3.37,3.1,0.4062,0.2845,0.3093,avg_closing,avg_closing,closing,1.043,2026-09-13T03:33:42+00:00,E0_1920.csv,10003761,pinnacle_closing,0.4095,0.2813,0.3091
2020-01-01,West Ham,Bournemouth,1.92,3.63,4.1,0.5007,0.2648,0.2345,avg_closing,avg_closing,closing,1.0402,2026-09-13T03:33:42+00:00,E0_1920.csv,10003761,pinnacle_closing,0.4941,0.2696,0.2363
2020-01-01,Arsenal,Man United,2.64,3.64,2.58,0.3638,0.2639,0.3723,avg_closing,avg_closing,closing,1.0411,2026-09-13T03:33:42+00:00,E0_1920.csv,10003761,pinnacle_closing,0.3662,0.2703,0.3635
2020-01-02,Liverpool,Sheffield United,1.28,5.64,11.63,0.7479,0.1697,0.0823,avg_closing,avg_closing,closing,1.0445,2026-09-13T03:33:42+00:00,E0_1920.csv,10003761,pinnacle_closing,0.7466,0.1752,0.0782
2020-01-10,Sheffield United,West Ham,1.94,3.42,4.28,0.4949,0.2807,0.2243,avg_closing,avg_closing,closing,1.0415,2026-09-13T03:33:42+00:00,E0_1920.csv,10003761,pinnacle_closing,0.516,0.2717,0.2123
2020-01-11,Crystal Palace,Arsenal,4.57,3.86,1.77,0.2098,0.2484,0.5418,avg_closing,avg_closing,closing,1.0429,2026-09-13T03:33:42+00:00,E0_1920.csv,10003761,pinnacle_closing,0.2028,0.2525,0.5447
2020-01-11,Chelsea,Burnley,1.34,5.2,9.71,0.7165,0.1846,0.0989,avg_closing,avg_closing,closing,1.0416,2026-09-13T03:33:42+00:00,E0_1920.csv,10003761,pinnacle_closing,0.7112,0.1889,0.0998
2020-01-11,Everton,Brighton,1.93,3.69,3.96,0.4974,0.2602,0.2424,avg_closing,avg_closing,closing,1.0417,2026-09-13T03:33:42+00:00,E0_1920.csv,10003761,pinnacle_closing,0.503,0.2555,0.2415
2020-01-11,Leicester,Southampton,1.7,3.88,5.09,0.5643,0.2472,0.1885,avg_closing,avg_closing,closing,1.0424,2026-09-13T03:33:42+00:00,E0_1920.csv,10003761,pinnacle_closing,0.5613,0.249,0.1897
2020-01-11,Man United,Norwich,1.33,5.45,9.27,0.7207,0.1759,0.1034,avg_closing,avg_closing,closing,1.0432,2026-09-13T03:33:42+00:00,E0_1920.csv,10003761,pinnacle_closing,0.7333,0.171,0.0957
2020-01-11,Wolves,Newcastle,1.46,4.44,7.59,0.6574,0.2162,0.1265,avg_closing,avg_closing,closing,1.0419,2026-09-13T03:33:42+00:00,E0_1920.csv,10003761,pinnacle_closing,0.6674,0.2104,0.1222
2020-01-11,Tottenham,Liverpool,4.8,4.07,1.7,0.1999,0.2357,0.5644,avg_closing,avg_closing,closing,1.0423,2026-09-13T03:33:42+00:00,E0_1920.csv,10003761,pinnacle_closing,0.1977,0.2392,0.5632
2020-01-12,Bournemouth,Watford,2.55,3.41,2.8,0.3761,0.2813,0.3426,avg_closing,avg_closing,closing,1.0426,2026-09-13T03:33:42+00:00,E0_1920.csv,10003761,pinnacle_closing,0.376,0.2812,0.3428
2020-01-12,Aston Villa,Man City,15.71,9.09,1.15,0.061,0.1055,0.8335,avg_closing,avg_closing,closing,1.0432,2026-09-13T03:33:42+00:00,E0_1920.csv,10003761,pinnacle_closing,0.0632,0.1029,0.8339
2020-01-18,Watford,Tottenham,3.1,3.61,2.27,0.3101,0.2663,0.4235,avg_closing,avg_closing,closing,1.0401,2026-09-13T03:33:42+00:00,E0_1920.csv,10003761,pinnacle_closing,0.312,0.2733,0.4147
2020-01-18,Arsenal,Sheffield United,2.0,3.38,4.08,0.4803,0.2842,0.2355,avg_closing,avg_closing,closing,1.041,2026-09-13T03:33:42+00:00,E0_1920.csv,10003761,pinnacle_closing,0.4644,0.2906,0.2451
2020-01-18,Brighton,Aston Villa,1.69,4.16,4.84,0.5697,0.2314,0.1989,avg_closing,avg_closing,closing,1.0387,2026-09-13T03:33:42+00:00,E0_1920.csv,10003761,pinnacle_closing,0.577,0.2276,0.1954
2020-01-18,Man City,Crystal Palace,1.08,11.63,29.18,0.8851,0.0822,0.0328,avg_closing,avg_closing,closing,1.0462,2026-09-13T03:33:42+00:00,E0_1920.csv,10003761,pinnacle_closing,0.8885,0.0784,0.033
2020-01-18,Norwich,Bournemouth,2.25,3.48,3.21,0.426,0.2754,0.2986,avg_closing,avg_closing,closing,1.0433,2026-09-13T03:33:42+00:00,E0_1920.csv,10003761,pinnacle_closing,0.4261,0.276,0.298
2020-01-18,Southampton,Wolves,2.59,3.14,2.97,0.3708,0.3058,0.3234,avg_closing,avg_closing,closing,1.0413,2026-09-13T03:33:42+00:00,E0_1920.csv,10003761,pinnacle_closing,0.3689,0.312,0.3191
2020-01-18,West Ham,Everton,2.91,3.42,2.46,0.3296,0.2805,0.3899,avg_closing,avg_closing,closing,1.0425,2026-09-13T03:33:42+00:00,E0_1920.csv,10003761,pinnacle_closing,0.327,0.2815,0.3916
2020-01-18,Newcastle,Chelsea,5.58,4.38,1.58,0.1722,0.2194,0.6083,avg_closing,avg_closing,closing,1.0404,2026-09-13T03:33:42+00:00,E0_1920.csv,10003761,pinnacle_closing,0.1764,0.2199,0.6037
2020-01-19,Burnley,Leicester,4.27,3.68,1.87,0.225,0.2611,0.5139,avg_closing,avg_closing,closing,1.0407,2026-09-13T03:33:42+00:00,E0_1920.csv,10003761,pinnacle_closing,0.2307,0.2596,0.5097
2020-01-19,Liverpool,Man United,1.45,4.64,7.28,0.6615,0.2067,0.1318,avg_closing,avg_closing,closing,1.0425,2026-09-13T03:33:42+00:00,E0_1920.csv,10003761,pinnacle_closing,0.6635,0.2088,0.1278
2020-01-21,Aston Villa,Watford,3.1,3.39,2.36,0.3098,0.2833,0.4069,avg_closing,avg_closing,closing,1.0413,2026-09-13T03:33:42+00:00,E0_1920.csv,10003761,pinnacle_closing,0.311,0.2829,0.406
2020-01-21,Bournemouth,Brighton,2.86,3.29,2.57,0.3353,0.2915,0.3732,avg_closing,avg_closing,closing,1.0427,2026-09-13T03:33:42+00:00,E0_1920.csv,10003761,pinnacle_closing,0.3385,0.2962,0.3653
2020-01-21,Crystal Palace,Southampton,2.78,3.17,2.73,0.3454,0.3029,0.3517,avg_closing,avg_closing,closing,1.0415,2026-09-13T03:33:42+00:00,E0_1920.csv,10003761,pinnacle_closing,0.344,0.2994,0.3566
2020-01-21,Everton,Newcastle,1.5,4.29,7.16,0.6414,0.2243,0.1344,avg_closing,avg_closing,closing,1.0394,2026-09-13T03:33:42+00:00,E0_1920.csv,10003761,pinnacle_closing,0.651,0.218,0.1311
2020-01-21,Sheffield United,Man City,8.11,4.82,1.41,0.1186,0.1995,0.6819,avg_closing,avg_closing,closing,1.04,2026-09-13T03:33:42+00:00,E0_1920.csv,10003761,pinnacle_closing,0.1171,0.2063,0.6766
2020-01-21,Chelsea,Arsenal,1.74,3.89,4.78,0.5521,0.2469,0.201,avg_closing,avg_closing,closing,1.041,2026-09-13T03:33:42+00:00,E0_1920.csv,10003761,pinnacle_closing,0.5576,0.2469,0.1956
2020-01-22,Leicester,West Ham,1.47,4.71,6.64,0.6521,0.2035,0.1444,avg_closing,avg_closing,closing,1.0432,2026-09-13T03:33:42+00:00,E0_1920.csv,10003761,pinnacle_closing,0.6509,0.2055,0.1437
2020-01-22,Tottenham,Norwich,1.38,5.12,8.24,0.6959,0.1876,0.1165,avg_closing,avg_closing,closing,1.0413,2026-09-13T03:33:42+00:00,E0_1920.csv,10003761,pinnacle_closing,0.6977,0.1921,0.1102
2020-01-22,Man United,Burnley,1.45,4.48,7.8,0.6624,0.2144,0.1231,avg_closing,avg_closing,closing,1.0411,2026-09-13T03:33:42+00:00,E0_1920.csv,10003761,pinnacle_closing,0.6609,0.2198,0.1193
2020-01-23,Wolves,Liverpool,5.21,3.96,1.67,0.184,0.2421,0.574,avg_closing,avg_closing,closing,1.0433,2026-09-13T03:33:42+00:00,E0_1920.csv,10003761,pinnacle_closing,0.193,0.2369,0.57
2020-01-29,West Ham,Liverpool,8.53,5.34,1.35,0.1122,0.1792,0.7087,avg_closing,avg_closing,closing,1.0452,2026-09-13T03:33:42+00:00,E0_1920.csv,10003761,pinnacle_closing,0.1109,0.1851,0.704
2020-02-01,Leicester,Chelsea,2.54,3.53,2.73,0.3774,0.2715,0.3511,avg_closing,avg_closing,closing,1.0433,2026-09-13T03:33:42+00:00,E0_1920.csv,10003761,pinnacle_closing,0.3685,0.2777,0.3537
2020-02-01,Bournemouth,Aston Villa,2.18,3.37,3.5,0.4406,0.285,0.2744,avg_closing,avg_closing,closing,1.0412,2026-09-13T03:33:42+00:00,E0_1920.csv,10003761,pinnacle_closing,0.4518,0.2857,0.2625
2020-02-01,Crystal Palace,Sheffield United,3.09,3.03,2.58,0.3108,0.317,0.3722,avg_closing,avg_closing,closing,1.0413,2026-09-13T03:33:42+00:00,E0_1920.csv,10003761,pinnacle_closing,0.2988,0.3205,0.3808
2020-02-01,Liverpool,Southampton,1.3,5.65,10.11,0.736,0.1693,0.0946,avg_closing,avg_closing,closing,1.0451,2026-09-13T03:33:42+00:00,E0_1920.csv,10003761,pinnacle_closing,0.7372,0.1709,0.0919
2020-02-01,Newcastle,Norwich,2.25,3.35,3.33,0.426,0.2861,0.2879,avg_closing,avg_closing,closing,1.0433,2026-09-13T03:33:42+00:00,E0_1920.csv,10003761,pinnacle_closing,0.4311,0.287,0.282
2020-02-01,Watford,Everton,2.97,3.34,2.46,0.3229,0.2872,0.3899,avg_closing,avg_closing,closing,1.0426,2026-09-13T03:33:42+00:00,E0_1920.csv,10003761,pinnacle_closing,0.3129,0.2862,0.4009
2020-02-01,West Ham,Brighton,2.51,3.37,2.87,0.3818,0.2843,0.3339,avg_closing,avg_closing,closing,1.0436,2026-09-13T03:33:42+00:00,E0_1920.csv,10003761,pinnacle_closing,0.3851,0.2837,0.3312
2020-02-01,Man United,Wolves,2.13,3.35,3.65,0.4506,0.2865,0.2629,avg_closing,avg_closing,closing,1.042,2026-09-13T03:33:42+00:00,E0_1920.csv,10003761,pinnacle_closing,0.4583,0.2776,0.264
2020-02-02,Burnley,Arsenal,3.93,3.68,1.94,0.2443,0.2609,0.4949,avg_closing,avg_closing,closing,1.0417,2026-09-13T03:33:42+00:00,E0_1920.csv,10003761,pinnacle_closing,0.2414,0.2622,0.4964
2020-02-02,Tottenham,Man City,5.87,4.62,1.53,0.1637,0.208,0.6282,avg_closing,avg_closing,closing,1.0404,2026-09-13T03:33:42+00:00,E0_1920.csv,10003761,pinnacle_closing,0.1594,0.2031,0.6375
2020-02-08,Everton,Crystal Palace,1.65,3.72,5.92,0.5806,0.2575,0.1618,avg_closing,avg_closing,closing,1.0438,2026-09-13T03:33:42+00:00,E0_1920.csv,10003761,pinnacle_closing,0.5817,0.2577,0.1606
2020-02-08,Brighton,Watford,2.3,3.35,3.23,0.4169,0.2862,0.2969,avg_closing,avg_closing,closing,1.0429,2026-09-13T03:33:42+00:00,E0_1920.csv,10003761,pinnacle_closing,0.4107,0.2937,0.2955
2020-02-09,Sheffield United,Bournemouth,1.77,3.45,5.41,0.5434,0.2788,0.1778,avg_closing,avg_closing,closing,1.0397,2026-09-13T03:33:42+00:00,E0_1920.csv,10003761,pinnacle_closing,0.5374,0.2844,0.1782
2020-02-14,Wolves,Leicester,2.67,3.21,2.81,0.3595,0.299,0.3416,avg_closing,avg_closing,closing,1.0419,2026-09-13T03:33:42+00:00,E0_1920.csv,10003761,pinnacle_closing,0.3606,0.306,0.3334
2020-02-15,Southampton,Burnley,1.69,3.95,5.11,0.5686,0.2433,0.1881,avg_closing,avg_closing,closing,1.0406,2026-09-13T03:33:42+00:00,E0_1920.csv,10003761,pinnacle_closing,0.5879,0.2354,0.1767
2020-02-15,Norwich,Liverpool,8.76,5.47,1.34,0.1094,0.1752,0.7153,avg_closing,avg_closing,closing,1.0432,2026-09-13T03:33:42+00:00,E0_1920.csv,10003761,pinnacle_closing,0.1056,0.1805,0.7139
2020-02-16,Aston Villa,Tottenham,3.88,3.72,1.94,0.2473,0.258,0.4947,avg_closing,avg_closing,closing,1.042,2026-09-13T03:33:42+00:00,E0_1920.csv,10003761,pinnacle_closing,0.2462,0.2601,0.4937
2020-02-16,Arsenal,Newcastle,1.45,4.56,7.55,0.6622,0.2106,0.1272,avg_closing,avg_closing,closing,1.0414,2026-09-13T03:33:42+00:00,E0_1920.csv,10003761,pinnacle_closing,0.6645,0.2132,0.1223
2020-02-17,Chelsea,Man United,1.98,3.44,4.04,0.4841,0.2786,0.2373,avg_closing,avg_closing,closing,1.0433,2026-09-13T03:33:42+00:00,E0_1920.csv,10003761,pinnacle_closing,0.4814,0.2802,0.2383
2020-02-19,Man City,West Ham,1.12,9.82,19.6,0.8538,0.0974,0.0488,avg_closing,avg_closing,closing,1.0457,2026-09-13T03:33:42+00:00,E0_1920.csv,10003761,pinnacle_closing,0.8597,0.0949,0.0455
2020-02-22,Chelsea,Tottenham,1.87,3.52,4.51,0.5139,0.273,0.2131,avg_closing,avg_closing,closing,1.0406,2026-09-13T03:33:42+00:00,E0_1920.csv,10003761,pinnacle_closing,0.5159,0.2732,0.2109
2020-02-22,Burnley,Bournemouth,2.25,3.3,3.42,0.4274,0.2914,0.2812,avg_closing,avg_closing,closing,1.0399,2026-09-13T03:33:42+00:00,E0_1920.csv,10003761,pinnacle_closing,0.4375,0.2874,0.2751
2020-02-22,Crystal Palace,Newcastle,2.18,3.21,3.7,0.4409,0.2994,0.2597,avg_closing,avg_closing,closing,1.0405,2026-09-13T03:33:42+00:00,E0_1920.csv,10003761,pinnacle_closing,0.4314,0.3005,0.2681
2020-02-22,Sheffield United,Brighton,1.93,3.4,4.37,0.4977,0.2825,0.2198,avg_closing,avg_closing,closing,1.0411,2026-09-13T03:33:42+00:00,E0_1920.csv,10003761,pinnacle_closing,0.4945,0.2832,0.2224
2020-02-22,Southampton,Aston Villa,1.72,4.03,4.71,0.558,0.2382,0.2038,avg_closing,avg_closing,closing,1.0418,2026-09-13T03:33:42+00:00,E0_1920.csv,10003761,pinnacle_closing,0.5483,0.2439,0.2078
2020-02-22,Leicester,Man City,5.31,4.49,1.59,0.1811,0.2142,0.6048,avg_closing,avg_closing,closing,1.04,2026-09-13T03:33:42+00:00,E0_1920.csv,10003761,pinnacle_closing,0.1752,0.2126,0.6122
2020-02-23,Man United,Watford,1.58,3.97,6.26,0.6059,0.2411,0.1529,avg_closing,avg_closing,closing,1.0445,2026-09-13T03:33:42+00:00,E0_1920.csv,10003761,pinnacle_closing,0.6025,0.2437,0.1537
2020-02-23,Wolves,Norwich,1.51,4.24,6.97,0.6358,0.2264,0.1377,avg_closing,avg_closing,closing,1.0416,2026-09-13T03:33:42+00:00,E0_1920.csv,10003761,pinnacle_closing,0.6438,0.2225,0.1337
2020-02-23,Arsenal,Everton,1.99,3.62,3.79,0.482,0.265,0.2531,avg_closing,avg_closing,closing,1.0426,2026-09-13T03:33:42+00:00,E0_1920.csv,10003761,pinnacle_closing,0.4863,0.265,0.2487
2020-02-24,Liverpool,West Ham,1.15,8.55,17.55,0.8333,0.1121,0.0546,avg_closing,avg_closing,closing,1.0435,2026-09-13T03:33:42+00:00,E0_1920.csv,10003761,pinnacle_closing,0.8425,0.1066,0.051
2020-02-28,Norwich,Leicester,4.16,3.83,1.85,0.2307,0.2506,0.5187,avg_closing,avg_closing,closing,1.042,2026-09-13T03:33:42+00:00,E0_1920.csv,10003761,pinnacle_closing,0.2327,0.25,0.5173
2020-02-29,Brighton,Crystal Palace,2.2,3.16,3.7,0.4365,0.3039,0.2596,avg_closing,avg_closing,closing,1.0413,2026-09-13T03:33:42+00:00,E0_1920.csv,10003761,pinnacle_closing,0.4293,0.307,0.2637
2020-02-29,Bournemouth,Chelsea,4.12,3.73,1.89,0.2334,0.2578,0.5088,avg_closing,avg_closing,closing,1.0399,2026-09-13T03:33:42+00:00,E0_1920.csv,10003761,pinnacle_closing,0.2382,0.257,0.5048
2020-02-29,Newcastle,Burnley,2.72,3.21,2.76,0.353,0.2991,0.3479,avg_closing,avg_closing,closing,1.0415,2026-09-13T03:33:42+00:00,E0_1920.csv,10003761,pinnacle_closing,0.353,0.2978,0.3492
2020-02-29,West Ham,Southampton,2.57,3.53,2.71,0.3736,0.272,0.3543,avg_closing,avg_closing,closing,1.0414,2026-09-13T03:33:42+00:00,E0_1920.csv,10003761,pinnacle_closing,0.3763,0.2758,0.3479
2020-02-29,Watford,Liverpool,6.72,4.62,1.48,0.143,0.2079,0.6491,avg_closing,avg_closing,closing,1.0409,2026-09-13T03:33:42+00:00,E0_1920.csv,10003761,pinnacle_closing,0.1439,0.2041,0.652
2020-03-01,Everton,Man United,2.84,3.32,2.57,0.3378,0.2889,0.3733,avg_closing,avg_closing,closing,1.0424,2026-09-13T03:33:42+00:00,E0_1920.csv,10003761,pinnacle_closing,0.3357,0.294,0.3703
2020-03-01,Tottenham,Wolves,2.78,3.09,2.78,0.3449,0.3103,0.3449,avg_closing,avg_closing,closing,1.043,2026-09-13T03:33:42+00:00,E0_1920.csv,10003761,pinnacle_closing,0.3368,0.3129,0.3502
2020-03-07,Liverpool,Bournemouth,1.22,7.07,12.64,0.788,0.136,0.0761,avg_closing,avg_closing,closing,1.0402,2026-09-13T03:33:42+00:00,E0_1920.csv,10003761,pinnacle_closing,0.7904,0.1366,0.073
2020-03-07,Arsenal,West Ham,1.64,4.25,5.13,0.5863,0.2262,0.1874,avg_closing,avg_closing,closing,1.04,2026-09-13T03:33:42+00:00,E0_1920.csv,10003761,pinnacle_closing,0.5766,0.2334,0.1899
2020-03-07,Crystal Palace,Watford,2.7,3.08,2.89,0.3558,0.3119,0.3324,avg_closing,avg_closing,closing,1.0411,2026-09-13T03:33:42+00:00,E0_1920.csv,10003761,pinnacle_closing,0.3464,0.318,0.3356
2020-03-07,Sheffield United,Norwich,1.68,3.88,5.37,0.5728,0.248,0.1792,avg_closing,avg_closing,closing,1.0392,2026-09-13T03:33:42+00:00,E0_1920.csv,10003761,pinnacle_closing,0.5845,0.2384,0.1771
2020-03-07,Southampton,Newcastle,1.74,3.82,4.92,0.5527,0.2518,0.1955,avg_closing,avg_closing,closing,1.0397,2026-09-13T03:33:42+00:00,E0_1920.csv,10003761,pinnacle_closing,0.5553,0.246,0.1987
2020-03-07,Wolves,Brighton,1.72,3.73,5.23,0.5587,0.2576,0.1837,avg_closing,avg_closing,closing,1.0407,2026-09-13T03:33:42+00:00,E0_1920.csv,10003761,pinnacle_closing,0.5536,0.264,0.1824
2020-03-07,Burnley,Tottenham,2.73,3.32,2.68,0.352,0.2894,0.3586,avg_closing,avg_closing,closing,1.0406,2026-09-13T03:33:42+00:00,E0_1920.csv,10003761,pinnacle_closing,0.3557,0.2899,0.3544
2020-03-08,Chelsea,Everton,1.87,3.8,4.13,0.5142,0.253,0.2328,avg_closing,avg_closing,closing,1.04,2026-09-13T03:33:42+00:00,E0_1920.csv,10003761,pinnacle_closing,0.5166,0.2516,0.2318
2020-03-08,Man United,Man City,4.51,3.92,1.78,0.2135,0.2456,0.5409,avg_closing,avg_closing,closing,1.0386,2026-09-13T03:33:42+00:00,E0_1920.csv,10003761,pinnacle_closing,0.2226,0.247,0.5304
2020-03-09,Leicester,Aston Villa,1.52,4.47,6.21,0.631,0.2146,0.1544,avg_closing,avg_closing,closing,1.0426,2026-09-13T03:33:42+00:00,E0_1920.csv,10003761,pinnacle_closing,0.6369,0.2104,0.1527
2020-06-17,Aston Villa,Sheffield United,3.28,3.29,2.32,0.2932,0.2923,0.4145,avg_closing,avg_closing,closing,1.0399,2026-09-13T03:33:42+00:00,E0_1920.csv,10003761,pinnacle_closing,0.2939,0.2896,0.4165
2020-06-17,Man City,Arsenal,1.28,6.3,9.64,0.7485,0.1521,0.0994,avg_closing,avg_closing,closing,1.0437,2026-09-13T03:33:42+00:00,E0_1920.csv,10003761,pinnacle_closing,0.7547,0.1475,0.0978
2020-06-19,Norwich,Southampton,2.9,3.41,2.46,0.3301,0.2807,0.3892,avg_closing,avg_closing,closing,1.0446,2026-09-13T03:33:42+00:00,E0_1920.csv,10003761,pinnacle_closing,0.3306,0.2796,0.3898
2020-06-19,Tottenham,Man United,3.27,3.45,2.25,0.294,0.2787,0.4273,avg_closing,avg_closing,closing,1.0401,2026-09-13T03:33:42+00:00,E0_1920.csv,10003761,pinnacle_closing,0.2888,0.2781,0.4331
2020-06-20,Watford,Leicester,3.78,3.43,2.06,0.254,0.2799,0.4661,avg_closing,avg_closing,closing,1.0415,2026-09-13T03:33:42+00:00,E0_1920.csv,10003761,pinnacle_closing,0.2587,0.2843,0.457
2020-06-20,Brighton,Arsenal,3.23,3.37,2.29,0.2968,0.2845,0.4187,avg_closing,avg_closing,closing,1.043,2026-09-13T03:33:42+00:00,E0_1920.csv,10003761,pinnacle_closing,0.2971,0.2833,0.4195
2020-06-20,West Ham,Wolves,4.09,3.38,2.0,0.235,0.2844,0.4806,avg_closing,avg_closing,closing,1.0404,2026-09-13T03:33:42+00:00,E0_1920.csv,10003761,pinnacle_closing,0.2329,0.2732,0.4939
2020-06-20,Bournemouth,Crystal Palace,2.71,3.09,2.87,0.3544,0.3109,0.3347,avg_closing,avg_closing,closing,1.0411,2026-09-13T03:33:42+00:00,E0_1920.csv,10003761,pinnacle_closing,0.3436,0.3128,0.3436
2020-06-21,Newcastle,Sheffield United,3.32,3.03,2.43,0.2889,0.3165,0.3946,avg_closing,avg_closing,closing,1.0428,2026-09-13T03:33:42+00:00,E0_1920.csv,10003761,pinnacle_closing,0.2957,0.3127,0.3915
2020-06-21,Aston Villa,Chelsea,7.0,4.59,1.47,0.1372,0.2093,0.6535,avg_closing,avg_closing,closing,1.041,2026-09-13T03:33:42+00:00,E0_1920.csv,10003761,pinnacle_closing,0.1344,0.2114,0.6541
2020-06-21,Everton,Liverpool,5.75,3.97,1.62,0.1667,0.2415,0.5918,avg_closing,avg_closing,closing,1.0431,2026-09-13T03:33:42+00:00,E0_1920.csv,10003761,pinnacle_closing,0.1614,0.2407,0.598
2020-06-22,Man City,Burnley,1.14,8.85,21.48,0.8461,0.109,0.0449,avg_closing,avg_closing,closing,1.0367,2026-09-13T03:33:42+00:00,E0_1920.csv,10003761,pinnacle_closing,0.8654,0.1002,0.0344
2020-06-23,Leicester,Brighton,1.62,3.94,5.86,0.5926,0.2436,0.1638,avg_closing,avg_closing,closing,1.0417,2026-09-13T03:33:42+00:00,E0_1920.csv,10003761,pinnacle_closing,0.5926,0.245,0.1624
2020-06-23,Tottenham,West Ham,1.56,4.16,6.29,0.6161,0.2311,0.1528,avg_closing,avg_closing,closing,1.0404,2026-09-13T03:33:42+00:00,E0_1920.csv,10003761,pinnacle_closing,0.6251,0.2327,0.1422
2020-06-24,Man United,Sheffield United,1.37,4.85,9.61,0.7017,0.1982,0.1,avg_closing,avg_closing,closing,1.0402,2026-09-13T03:33:42+00:00,E0_1920.csv,10003761,pinnacle_closing,0.7109,0.1948,0.0944
2020-06-24,Newcastle,Aston Villa,2.36,3.36,3.12,0.4067,0.2857,0.3076,avg_closing,avg_closing,closing,1.0419,2026-09-13T03:33:42+00:00,E0_1920.csv,10003761,pinnacle_closing,0.4077,0.2836,0.3087
2020-06-24,Norwich,Everton,4.42,3.57,1.87,0.2173,0.269,0.5136,avg_closing,avg_closing,closing,1.0411,2026-09-13T03:33:42+00:00,E0_1920.csv,10003761,pinnacle_closing,0.2182,0.27,0.5118
2020-06-24,Wolves,Bournemouth,1.57,3.87,6.76,0.6105,0.2477,0.1418,avg_closing,avg_closing,closing,1.0433,2026-09-13T03:33:42+00:00,E0_1920.csv,10003761,pinnacle_closing,0.6138,0.2548,0.1314
2020-06-24,Liverpool,Crystal Palace,1.28,5.78,11.79,0.7519,0.1665,0.0816,avg_closing,avg_closing,closing,1.0391,2026-09-13T03:33:42+00:00,E0_1920.csv,10003761,pinnacle_closing,0.7498,0.1666,0.0835
2020-06-25,Burnley,Watford,3.59,3.2,2.22,0.2675,0.3,0.4325,avg_closing,avg_closing,closing,1.0415,2026-09-13T03:33:42+00:00,E0_1920.csv,10003761,pinnacle_closing,0.2626,0.2934,0.444
2020-06-25,Southampton,Arsenal,2.66,3.52,2.63,0.3614,0.2731,0.3655,avg_closing,avg_closing,closing,1.0403,2026-09-13T03:33:42+00:00,E0_1920.csv,10003761,pinnacle_closing,0.3625,0.2682,0.3693
2020-06-25,Chelsea,Man City,4.2,3.93,1.82,0.2285,0.2442,0.5273,avg_closing,avg_closing,closing,1.042,2026-09-13T03:33:42+00:00,E0_1920.csv,10003761,pinnacle_closing,0.2272,0.2461,0.5268
2020-06-27,Aston Villa,Wolves,4.49,3.42,1.9,0.2139,0.2808,0.5054,avg_closing,avg_closing,closing,1.0414,2026-09-13T03:33:42+00:00,E0_1920.csv,10003761,pinnacle_closing,0.2122,0.2811,0.5068
2020-06-28,Watford,Southampton,2.38,3.23,3.2,0.4031,0.297,0.2998,avg_closing,avg_closing,closing,1.0423,2026-09-13T03:33:42+00:00,E0_1920.csv,10003761,pinnacle_closing,0.406,0.2983,0.2956
2020-06-29,Crystal Palace,Burnley,2.02,3.17,4.31,0.4749,0.3026,0.2226,avg_closing,avg_closing,closing,1.0425,2026-09-13T03:33:42+00:00,E0_1920.csv,10003761,pinnacle_closing,0.4749,0.3077,0.2174
2020-06-30,Brighton,Man United,6.82,4.12,1.53,0.1406,0.2327,0.6267,avg_closing,avg_closing,closing,1.0429,2026-09-13T03:33:42+00:00,E0_1920.csv,10003761,pinnacle_closing,0.1314,0.2355,0.6331
2020-07-01,Arsenal,Norwich,1.45,4.83,6.97,0.663,0.199,0.1379,avg_closing,avg_closing,closing,1.0402,2026-09-13T03:33:42+00:00,E0_1920.csv,10003761,pinnacle_closing,0.6626,0.1992,0.1382
2020-07-01,Bournemouth,Newcastle,2.19,3.17,3.72,0.4387,0.3031,0.2583,avg_closing,avg_closing,closing,1.0409,2026-09-13T03:33:42+00:00,E0_1920.csv,10003761,pinnacle_closing,0.4444,0.3036,0.252
2020-07-01,Everton,Leicester,2.58,3.21,2.9,0.3713,0.2984,0.3303,avg_closing,avg_closing,closing,1.044,2026-09-13T03:33:42+00:00,E0_1920.csv,10003761,pinnacle_closing,0.371,0.3014,0.3276
2020-07-01,West Ham,Chelsea,7.02,4.65,1.46,0.1367,0.2063,0.657,avg_closing,avg_closing,closing,1.0424,2026-09-13T03:33:42+00:00,E0_1920.csv,10003761,pinnacle_closing,0.1365,0.2042,0.6594
2020-07-02,Sheffield United,Tottenham,4.72,3.67,1.79,0.2031,0.2612,0.5356,avg_closing,avg_closing,closing,1.043,2026-09-13T03:33:42+00:00,E0_1920.csv,10003761,pinnacle_closing,0.2081,0.2621,0.5299
2020-07-02,Man City,Liverpool,2.02,3.74,3.57,0.4748,0.2565,0.2687,avg_closing,avg_closing,closing,1.0425,2026-09-13T03:33:42+00:00,E0_1920.csv,10003761,pinnacle_closing,0.4735,0.2561,0.2704
2020-07-04,Norwich,Brighton,3.56,3.27,2.2,0.2698,0.2937,0.4365,avg_closing,avg_closing,closing,1.0413,2026-09-13T03:33:42+00:00,E0_1920.csv,10003761,pinnacle_closing,0.2847,0.2987,0.4166
2020-07-04,Leicester,Crystal Palace,1.65,3.73,5.91,0.5809,0.257,0.1622,avg_closing,avg_closing,closing,1.0434,2026-09-13T03:33:42+00:00,E0_1920.csv,10003761,pinnacle_closing,0.5835,0.2509,0.1656
2020-07-04,Man United,Bournemouth,1.19,7.3,15.59,0.8069,0.1315,0.0616,avg_closing,avg_closing,closing,1.0415,2026-09-13T03:33:42+00:00,E0_1920.csv,10003761,pinnacle_closing,0.8152,0.1242,0.0606
2020-07-04,Wolves,Arsenal,2.37,3.18,3.26,0.4045,0.3015,0.2941,avg_closing,avg_closing,closing,1.0432,2026-09-13T03:33:42+00:00,E0_1920.csv,10003761,pinnacle_closing,0.4048,0.3026,0.2926
2020-07-04,Chelsea,Watford,1.37,5.06,8.84,0.7014,0.1899,0.1087,avg_closing,avg_closing,closing,1.0407,2026-09-13T03:33:42+00:00,E0_1920.csv,10003761,pinnacle_closing,0.7067,0.1876,0.1057
2020-07-05,Burnley,Sheffield United,3.16,2.92,2.6,0.3033,0.3282,0.3686,avg_closing,avg_closing,closing,1.0435,2026-09-13T03:33:42+00:00,E0_1920.csv,10003761,pinnacle_closing,0.3027,0.3293,0.368
2020-07-05,Newcastle,West Ham,2.73,3.36,2.65,0.3518,0.2858,0.3624,avg_closing,avg_closing,closing,1.0413,2026-09-13T03:33:42+00:00,E0_1920.csv,10003761,pinnacle_closing,0.3527,0.2827,0.3646
2020-07-05,Liverpool,Aston Villa,1.2,7.49,13.94,0.8024,0.1286,0.0691,avg_closing,avg_closing,closing,1.0386,2026-09-13T03:33:42+00:00,E0_1920.csv,10003761,pinnacle_closing,0.8184,0.1207,0.0609
2020-07-05,Southampton,Man City,9.11,5.69,1.32,0.1052,0.1685,0.7263,avg_closing,avg_closing,closing,1.0431,2026-09-13T03:33:42+00:00,E0_1920.csv,10003761,pinnacle_closing,0.108,0.1611,0.7309
2020-07-06,Tottenham,Everton,1.99,3.56,3.88,0.4827,0.2698,0.2475,avg_closing,avg_closing,closing,1.0411,2026-09-13T03:33:42+00:00,E0_1920.csv,10003761,pinnacle_closing,0.4843,0.2674,0.2483
2020-07-07,Crystal Palace,Chelsea,7.62,4.36,1.47,0.1261,0.2204,0.6536,avg_closing,avg_closing,closing,1.0409,2026-09-13T03:33:42+00:00,E0_1920.csv,10003761,pinnacle_closing,0.1291,0.2203,0.6506
2020-07-07,Watford,Norwich,1.75,3.71,4.94,0.5477,0.2583,0.194,avg_closing,avg_closing,closing,1.0434,2026-09-13T03:33:42+00:00,E0_1920.csv,10003761,pinnacle_closing,0.5387,0.2593,0.202
2020-07-07,Arsenal,Leicester,2.21,3.44,3.34,0.434,0.2788,0.2872,avg_closing,avg_closing,closing,1.0426,2026-09-13T03:33:42+00:00,E0_1920.csv,10003761,pinnacle_closing,0.4332,0.2805,0.2863
2020-07-08,Man City,Newcastle,1.1,11.17,23.23,0.8727,0.0859,0.0413,avg_closing,avg_closing,closing,1.0417,2026-09-13T03:33:42+00:00,E0_1920.csv,10003761,pinnacle_closing,0.8819,0.08,0.0382
2020-07-08,Sheffield United,Wolves,4.13,3.07,2.11,0.2324,0.3127,0.4549,avg_closing,avg_closing,closing,1.0418,2026-09-13T03:33:42+00:00,E0_1920.csv,10003761,pinnacle_closing,0.2274,0.3123,0.4603
2020-07-08,West Ham,Burnley,1.85,3.61,4.44,0.5184,0.2656,0.216,avg_closing,avg_closing,closing,1.0428,2026-09-13T03:33:42+00:00,E0_1920.csv,10003761,pinnacle_closing,0.5195,0.2647,0.2159
2020-07-08,Brighton,Liverpool,6.1,4.04,1.58,0.157,0.237,0.606,avg_closing,avg_closing,closing,1.0444,2026-09-13T03:33:42+00:00,E0_1920.csv,10003761,pinnacle_closing,0.163,0.2383,0.5987
2020-07-09,Bournemouth,Tottenham,4.76,3.87,1.75,0.202,0.2485,0.5495,avg_closing,avg_closing,closing,1.0399,2026-09-13T03:33:42+00:00,E0_1920.csv,10003761,pinnacle_closing,0.2024,0.255,0.5427
2020-07-09,Everton,Southampton,2.09,3.42,3.68,0.4589,0.2804,0.2606,avg_closing,avg_closing,closing,1.0426,2026-09-13T03:33:42+00:00,E0_1920.csv,10003761,pinnacle_closing,0.4626,0.2824,0.255
2020-07-09,Aston Villa,Man United,9.05,5.62,1.33,0.1062,0.171,0.7227,avg_closing,avg_closing,closing,1.0403,2026-09-13T03:33:42+00:00,E0_1920.csv,10003761,pinnacle_closing,0.1044,0.1661,0.7294
2020-07-11,Norwich,West Ham,3.65,3.53,2.07,0.2633,0.2723,0.4644,avg_closing,avg_closing,closing,1.0404,2026-09-13T03:33:42+00:00,E0_1920.csv,10003761,pinnacle_closing,0.2666,0.2734,0.46
2020-07-11,Watford,Newcastle,1.91,3.51,4.28,0.5024,0.2734,0.2242,avg_closing,avg_closing,closing,1.0421,2026-09-13T03:33:42+00:00,E0_1920.csv,10003761,pinnacle_closing,0.5068,0.2726,0.2206
2020-07-11,Liverpool,Burnley,1.22,6.7,13.12,0.7843,0.1428,0.0729,avg_closing,avg_closing,closing,1.0451,2026-09-13T03:33:42+00:00,E0_1920.csv,10003761,pinnacle_closing,0.7846,0.1415,0.0738
2020-07-11,Sheffield United,Chelsea,4.94,3.8,1.74,0.1946,0.253,0.5524,avg_closing,avg_closing,closing,1.0403,2026-09-13T03:33:42+00:00,E0_1920.csv,10003761,pinnacle_closing,0.1943,0.2537,0.552
2020-07-11,Brighton,Man City,12.13,6.65,1.24,0.0793,0.1447,0.776,avg_closing,avg_closing,closing,1.0393,2026-09-13T03:33:42+00:00,E0_1920.csv,10003761,pinnacle_closing,0.0763,0.143,0.7807
2020-07-12,Wolves,Everton,2.08,3.17,4.07,0.4614,0.3028,0.2358,avg_closing,avg_closing,closing,1.0419,2026-09-13T03:33:42+00:00,E0_1920.csv,10003761,pinnacle_closing,0.4584,0.3028,0.2388
2020-07-12,Aston Villa,Crystal Palace,2.36,3.35,3.13,0.4068,0.2866,0.3067,avg_closing,avg_closing,closing,1.0417,2026-09-13T03:33:42+00:00,E0_1920.csv,10003761,pinnacle_closing,0.4128,0.2812,0.306
2020-07-12,Tottenham,Arsenal,2.75,3.38,2.62,0.3493,0.2842,0.3666,avg_closing,avg_closing,closing,1.0412,2026-09-13T03:33:42+00:00,E0_1920.csv,10003761,pinnacle_closing,0.3493,0.2815,0.3692
2020-07-12,Bournemouth,Leicester,4.87,3.8,1.75,0.1975,0.2531,0.5495,avg_closing,avg_closing,closing,1.0399,2026-09-13T03:33:42+00:00,E0_1920.csv,10003761,pinnacle_closing,0.2148,0.2489,0.5363
2020-07-13,Man United,Southampton,1.28,6.1,10.57,0.7514,0.1577,0.091,avg_closing,avg_closing,closing,1.0398,2026-09-13T03:33:42+00:00,E0_1920.csv,10003761,pinnacle_closing,0.7557,0.1526,0.0917
2020-07-14,Chelsea,Norwich,1.12,9.54,20.99,0.8541,0.1003,0.0456,avg_closing,avg_closing,closing,1.0453,2026-09-13T03:33:42+00:00,E0_1920.csv,10003761,pinnacle_closing,0.8612,0.0999,0.0389
2020-07-15,Burnley,Wolves,4.63,3.26,1.93,0.2075,0.2947,0.4978,avg_closing,avg_closing,closing,1.0409,2026-09-13T03:33:42+00:00,E0_1920.csv,10003761,pinnacle_closing,0.2115,0.2845,0.5041
2020-07-15,Man City,Bournemouth,1.15,9.04,16.98,0.8369,0.1065,0.0567,avg_closing,avg_closing,closing,1.0391,2026-09-13T03:33:42+00:00,E0_1920.csv,10003761,pinnacle_closing,0.8208,0.1131,0.0661
2020-07-15,Newcastle,Tottenham,5.25,4.06,1.65,0.1827,0.2362,0.5812,avg_closing,avg_closing,closing,1.0428,2026-09-13T03:33:42+00:00,E0_1920.csv,10003761,pinnacle_closing,0.1803,0.2271,0.5926
2020-07-15,Arsenal,Liverpool,4.53,4.2,1.72,0.2122,0.2289,0.5589,avg_closing,avg_closing,closing,1.0402,2026-09-13T03:33:42+00:00,E0_1920.csv,10003761,pinnacle_closing,0.2048,0.2242,0.571
2020-07-16,Everton,Aston Villa,2.12,3.51,3.49,0.4522,0.2731,0.2747,avg_closing,avg_closing,closing,1.0431,2026-09-13T03:33:42+00:00,E0_1920.csv,10003761,pinnacle_closing,0.4629,0.2685,0.2685
2020-07-16,Leicester,Sheffield United,2.14,3.24,3.75,0.4482,0.296,0.2558,avg_closing,avg_closing,closing,1.0426,2026-09-13T03:33:42+00:00,E0_1920.csv,10003761,pinnacle_closing,0.4432,0.3014,0.2554
2020-07-16,Crystal Palace,Man United,8.68,5.27,1.35,0.1102,0.1815,0.7084,avg_closing,avg_closing,closing,1.0457,2026-09-13T03:33:42+00:00,E0_1920.csv,10003761,pinnacle_closing,0.1115,0.1793,0.7092
2020-07-16,Southampton,Brighton,2.28,3.37,3.25,0.4205,0.2845,0.295,avg_closing,avg_closing,closing,1.043,2026-09-13T03:33:42+00:00,E0_1920.csv,10003761,pinnacle_closing,0.4223,0.2815,0.2961
2020-07-17,West Ham,Watford,2.48,2.91,3.34,0.3854,0.3284,0.2862,avg_closing,avg_closing,closing,1.0463,2026-09-13T03:33:42+00:00,E0_1920.csv,10003761,pinnacle_closing,0.3818,0.3321,0.2861
2020-07-18,Norwich,Burnley,3.2,3.39,2.3,0.2998,0.283,0.4172,avg_closing,avg_closing,closing,1.0423,2026-09-13T03:33:42+00:00,E0_1920.csv,10003761,pinnacle_closing,0.3041,0.2812,0.4146
2020-07-19,Bournemouth,Southampton,2.43,3.73,2.74,0.394,0.2567,0.3494,avg_closing,avg_closing,closing,1.0446,2026-09-13T03:33:42+00:00,E0_1920.csv,10003761,pinnacle_closing,0.3944,0.254,0.3516
2020-07-19,Tottenham,Leicester,2.33,3.36,3.14,0.4106,0.2847,0.3047,avg_closing,avg_closing,closing,1.0453,2026-09-13T03:33:42+00:00,E0_1920.csv,10003761,pinnacle_closing,0.4117,0.2866,0.3017
2020-07-20,Brighton,Newcastle,1.99,3.49,3.92,0.4813,0.2744,0.2443,avg_closing,avg_closing,closing,1.0441,2026-09-13T03:33:42+00:00,E0_1920.csv,10003761,pinnacle_closing,0.4834,0.2737,0.2429
2020-07-20,Sheffield United,Everton,1.98,3.35,4.15,0.4835,0.2858,0.2307,avg_closing,avg_closing,closing,1.0445,2026-09-13T03:33:42+00:00,E0_1920.csv,10003761,pinnacle_closing,0.4861,0.2851,0.2288
2020-07-20,Wolves,Crystal Palace,1.44,4.24,8.68,0.6642,0.2256,0.1102,avg_closing,avg_closing,closing,1.0455,2026-09-13T03:33:42+00:00,E0_1920.csv,10003761,pinnacle_closing,0.6638,0.2248,0.1114
2020-07-21,Watford,Man City,9.13,6.01,1.3,0.1048,0.1592,0.736,avg_closing,avg_closing,closing,1.0451,2026-09-13T03:33:42+00:00,E0_1920.csv,10003761,pinnacle_closing,0.105,0.1517,0.7433
2020-07-21,Aston Villa,Arsenal,3.13,3.7,2.2,0.3059,0.2588,0.4353,avg_closing,avg_closing,closing,1.0443,2026-09-13T03:33:42+00:00,E0_1920.csv,10003761,pinnacle_closing,0.3092,0.2515,0.4393
2020-07-22,Man United,West Ham,1.26,6.4,10.94,0.7622,0.1501,0.0878,avg_closing,avg_closing,closing,1.0413,2026-09-13T03:33:42+00:00,E0_1920.csv,10003761,pinnacle_closing,0.7609,0.1475,0.0916
2020-07-22,Liverpool,Chelsea,1.91,3.73,3.97,0.5017,0.2569,0.2414,avg_closing,avg_closing,closing,1.0435,2026-09-13T03:33:42+00:00,E0_1920.csv,10003761,pinnacle_closing,0.5051,0.2565,0.2384
2020-07-26,Arsenal,Watford,2.01,3.76,3.56,0.4764,0.2547,0.269,avg_closing,avg_closing,closing,1.0444,2026-09-13T03:33:42+00:00,E0_1920.csv,10003761,pinnacle_closing,0.474,0.253,0.273
2020-07-26,Burnley,Brighton,2.62,3.33,2.75,0.365,0.2872,0.3478,avg_closing,avg_closing,closing,1.0456,2026-09-13T03:33:42+00:00,E0_1920.csv,10003761,pinnacle_closing,0.3674,0.2861,0.3464
2020-07-26,Chelsea,Wolves,1.91,3.35,4.49,0.5011,0.2857,0.2132,avg_closing,avg_closing,closing,1.0448,2026-09-13T03:33:42+00:00,E0_1920.csv,10003761,pinnacle_closing,0.4966,0.288,0.2154
2020-07-26,Crystal Palace,Tottenham,6.87,4.46,1.49,0.1398,0.2154,0.6448,avg_closing,avg_closing,closing,1.0409,2026-09-13T03:33:42+00:00,E0_1920.csv,10003761,pinnacle_closing,0.1397,0.2098,0.6505
2020-07-26,Everton,Bournemouth,2.35,3.62,2.91,0.407,0.2642,0.3287,avg_closing,avg_closing,closing,1.0454,2026-09-13T03:33:42+00:00,E0_1920.csv,10003761,pinnacle_closing,0.415,0.2624,0.3226
2020-07-26,Leicester,Man United,3.71,3.57,2.02,0.258,0.2681,0.4739,avg_closing,avg_closing,closing,1.0447,2026-09-13T03:33:42+00:00,E0_1920.csv,10003761,pinnacle_closing,0.2588,0.2666,0.4746
2020-07-26,Man City,Norwich,1.04,19.42,40.86,0.9268,0.0496,0.0236,avg_closing,avg_closing,closing,1.0375,2026-09-13T03:33:42+00:00,E0_1920.csv,10003761,pinnacle_closing,0.9246,0.052,0.0235
2020-07-26,Newcastle,Liverpool,5.57,4.48,1.56,0.172,0.2139,0.6141,avg_closing,avg_closing,closing,1.0438,2026-09-13T03:33:42+00:00,E0_1920.csv,10003761,pinnacle_closing,0.1785,0.2094,0.6122
2020-07-26,Southampton,Sheffield United,1.99,3.61,3.81,0.4823,0.2658,0.2519,avg_closing,avg_closing,closing,1.042,2026-09-13T03:33:42+00:00,E0_1920.csv,10003761,pinnacle_closing,0.4872,0.2648,0.248
2020-07-26,West Ham,Aston Villa,2.62,3.5,2.65,0.3653,0.2735,0.3612,avg_closing,avg_closing,closing,1.0448,2026-09-13T03:33:42+00:00,E0_1920.csv,10003761,pinnacle_closing,0.3646,0.2748,0.3606
2020-09-12,Fulham,Arsenal,5.36,3.93,1.67,0.1794,0.2447,0.5759,avg_closing,avg_closing,closing,1.0398,2026-09-13T03:33:42+00:00,E0_2021.csv,5afe63f6,pinnacle_closing,0.178,0.245,0.577
2020-09-12,Crystal Palace,Southampton,3.08,3.22,2.47,0.3122,0.2986,0.3893,avg_closing,avg_closing,closing,1.0401,2026-09-13T03:33:42+00:00,E0_2021.csv,5afe63f6,pinnacle_closing,0.3163,0.2989,0.3848
2020-09-12,Liverpool,Leeds,1.28,6.16,10.63,0.7529,0.1564,0.0907,avg_closing,avg_closing,closing,1.0377,2026-09-13T03:33:42+00:00,E0_2021.csv,5afe63f6,pinnacle_closing,0.7608,0.1536,0.0856
2020-09-12,West Ham,Newcastle,2.01,3.57,3.79,0.4777,0.269,0.2533,avg_closing,avg_closing,closing,1.0415,2026-09-13T03:33:42+00:00,E0_2021.csv,5afe63f6,pinnacle_closing,0.4788,0.2721,0.2492
2020-09-13,West Brom,Leicester,3.32,3.33,2.28,0.2896,0.2887,0.4217,avg_closing,avg_closing,closing,1.0401,2026-09-13T03:33:42+00:00,E0_2021.csv,5afe63f6,pinnacle_closing,0.2893,0.2893,0.4214
2020-09-13,Tottenham,Everton,2.07,3.39,3.79,0.4637,0.2831,0.2532,avg_closing,avg_closing,closing,1.0419,2026-09-13T03:33:42+00:00,E0_2021.csv,5afe63f6,pinnacle_closing,0.4682,0.2796,0.2522
2020-09-14,Brighton,Chelsea,5.91,4.35,1.56,0.1627,0.221,0.6163,avg_closing,avg_closing,closing,1.0401,2026-09-13T03:33:42+00:00,E0_2021.csv,5afe63f6,pinnacle_closing,0.1606,0.2186,0.6209
2020-09-14,Sheffield United,Wolves,3.23,2.86,2.62,0.2974,0.3359,0.3667,avg_closing,avg_closing,closing,1.0409,2026-09-13T03:33:42+00:00,E0_2021.csv,5afe63f6,pinnacle_closing,0.2981,0.3371,0.3648
2020-09-19,Everton,West Brom,1.59,4.03,6.15,0.6049,0.2387,0.1564,avg_closing,avg_closing,closing,1.0397,2026-09-13T03:33:42+00:00,E0_2021.csv,5afe63f6,pinnacle_closing,0.609,0.238,0.153
2020-09-19,Leeds,Fulham,1.73,3.81,5.05,0.5566,0.2527,0.1907,avg_closing,avg_closing,closing,1.0385,2026-09-13T03:33:42+00:00,E0_2021.csv,5afe63f6,pinnacle_closing,0.5589,0.2501,0.191
2020-09-19,Man United,Crystal Palace,1.37,5.07,8.7,0.7004,0.1893,0.1103,avg_closing,avg_closing,closing,1.0421,2026-09-13T03:33:42+00:00,E0_2021.csv,5afe63f6,pinnacle_closing,0.7071,0.1884,0.1046
2020-09-19,Arsenal,West Ham,1.51,4.46,6.48,0.6363,0.2154,0.1483,avg_closing,avg_closing,closing,1.0408,2026-09-13T03:33:42+00:00,E0_2021.csv,5afe63f6,pinnacle_closing,0.64,0.2162,0.1438
2020-09-20,Southampton,Tottenham,3.34,3.37,2.25,0.2877,0.2852,0.4271,avg_closing,avg_closing,closing,1.0406,2026-09-13T03:33:42+00:00,E0_2021.csv,5afe63f6,pinnacle_closing,0.2843,0.2835,0.4321
2020-09-20,Newcastle,Brighton,2.64,3.17,2.88,0.3637,0.3029,0.3334,avg_closing,avg_closing,closing,1.0415,2026-09-13T03:33:42+00:00,E0_2021.csv,5afe63f6,pinnacle_closing,0.3632,0.3055,0.3313
2020-09-20,Chelsea,Liverpool,3.39,3.82,2.07,0.2837,0.2517,0.4646,avg_closing,avg_closing,closing,1.0399,2026-09-13T03:33:42+00:00,E0_2021.csv,5afe63f6,pinnacle_closing,0.2956,0.2523,0.4522
2020-09-20,Leicester,Burnley,1.56,4.19,6.26,0.6167,0.2296,0.1537,avg_closing,avg_closing,closing,1.0394,2026-09-13T03:33:42+00:00,E0_2021.csv,5afe63f6,pinnacle_closing,0.6307,0.2242,0.145
2020-09-21,Aston Villa,Sheffield United,2.46,3.16,3.16,0.3911,0.3045,0.3045,avg_closing,avg_closing,closing,1.0394,2026-09-13T03:33:42+00:00,E0_2021.csv,5afe63f6,pinnacle_closing,0.3991,0.3078,0.2931
2020-09-21,Wolves,Man City,6.81,4.5,1.49,0.1412,0.2136,0.6452,avg_closing,avg_closing,closing,1.0402,2026-09-13T03:33:42+00:00,E0_2021.csv,5afe63f6,pinnacle_closing,0.146,0.2149,0.6391
2020-09-26,Brighton,Man United,5.37,4.15,1.62,0.1783,0.2307,0.591,avg_closing,avg_closing,closing,1.0445,2026-09-13T03:33:42+00:00,E0_2021.csv,5afe63f6,pinnacle_closing,0.1753,0.2244,0.6003
2020-09-26,Crystal Palace,Everton,3.49,3.31,2.2,0.2747,0.2896,0.4357,avg_closing,avg_closing,closing,1.0432,2026-09-13T03:33:42+00:00,E0_2021.csv,5afe63f6,pinnacle_closing,0.2741,0.2937,0.4322
2020-09-26,West Brom,Chelsea,6.71,4.76,1.46,0.1427,0.2012,0.656,avg_closing,avg_closing,closing,1.044,2026-09-13T03:33:42+00:00,E0_2021.csv,5afe63f6,pinnacle_closing,0.1405,0.1944,0.6651
2020-09-26,Burnley,Southampton,3.26,3.39,2.27,0.2943,0.283,0.4227,avg_closing,avg_closing,closing,1.0423,2026-09-13T03:33:42+00:00,E0_2021.csv,5afe63f6,pinnacle_closing,0.291,0.2826,0.4264
2020-09-27,Sheffield United,Leeds,2.95,3.34,2.47,0.3249,0.287,0.3881,avg_closing,avg_closing,closing,1.0432,2026-09-13T03:33:42+00:00,E0_2021.csv,5afe63f6,pinnacle_closing,0.3175,0.2852,0.3972
2020-09-27,Tottenham,Newcastle,1.41,4.82,7.75,0.6782,0.1984,0.1234,avg_closing,avg_closing,closing,1.0457,2026-09-13T03:33:42+00:00,E0_2021.csv,5afe63f6,pinnacle_closing,0.6872,0.1932,0.1196
2020-09-27,Man City,Leicester,1.31,5.83,9.22,0.7316,0.1644,0.104,avg_closing,avg_closing,closing,1.0433,2026-09-13T03:33:42+00:00,E0_2021.csv,5afe63f6,pinnacle_closing,0.7373,0.165,0.0977
2020-09-27,West Ham,Wolves,3.36,3.26,2.28,0.2854,0.2941,0.4205,avg_closing,avg_closing,closing,1.043,2026-09-13T03:33:42+00:00,E0_2021.csv,5afe63f6,pinnacle_closing,0.286,0.2929,0.4211
2020-09-28,Fulham,Aston Villa,3.01,3.38,2.41,0.3185,0.2837,0.3978,avg_closing,avg_closing,closing,1.043,2026-09-13T03:33:42+00:00,E0_2021.csv,5afe63f6,pinnacle_closing,0.3229,0.2813,0.3958
2020-09-28,Liverpool,Arsenal,1.49,5.03,5.83,0.6444,0.1909,0.1647,avg_closing,avg_closing,closing,1.0415,2026-09-13T03:33:42+00:00,E0_2021.csv,5afe63f6,pinnacle_closing,0.6503,0.1858,0.1639
2020-10-03,Chelsea,Crystal Palace,1.53,4.28,6.41,0.6265,0.224,0.1495,avg_closing,avg_closing,closing,1.0432,2026-09-13T03:33:42+00:00,E0_2021.csv,5afe63f6,pinnacle_closing,0.6266,0.2268,0.1466
2020-10-03,Everton,Brighton,1.79,3.76,4.61,0.5364,0.2554,0.2083,avg_closing,avg_closing,closing,1.0415,2026-09-13T03:33:42+00:00,E0_2021.csv,5afe63f6,pinnacle_closing,0.5413,0.2538,0.205
2020-10-03,Leeds,Man City,8.59,6.64,1.29,0.1117,0.1445,0.7438,avg_closing,avg_closing,closing,1.0422,2026-09-13T03:33:42+00:00,E0_2021.csv,5afe63f6,pinnacle_closing,0.1099,0.1299,0.7602
2020-10-03,Newcastle,Burnley,2.4,3.27,3.12,0.3995,0.2932,0.3073,avg_closing,avg_closing,closing,1.043,2026-09-13T03:33:42+00:00,E0_2021.csv,5afe63f6,pinnacle_closing,0.4004,0.2902,0.3094
2020-10-04,Leicester,West Ham,1.82,3.89,4.21,0.5263,0.2462,0.2275,avg_closing,avg_closing,closing,1.044,2026-09-13T03:33:42+00:00,E0_2021.csv,5afe63f6,pinnacle_closing,0.5239,0.2525,0.2237
2020-10-04,Southampton,West Brom,1.85,3.75,4.21,0.5174,0.2552,0.2274,avg_closing,avg_closing,closing,1.0447,2026-09-13T03:33:42+00:00,E0_2021.csv,5afe63f6,pinnacle_closing,0.5215,0.2527,0.2259
2020-10-04,Arsenal,Sheffield United,1.5,4.36,6.94,0.641,0.2205,0.1385,avg_closing,avg_closing,closing,1.0401,2026-09-13T03:33:42+00:00,E0_2021.csv,5afe63f6,pinnacle_closing,0.6499,0.2186,0.1316
2020-10-04,Wolves,Fulham,1.79,3.49,5.1,0.5365,0.2752,0.1883,avg_closing,avg_closing,closing,1.0413,2026-09-13T03:33:42+00:00,E0_2021.csv,5afe63f6,pinnacle_closing,0.5381,0.2691,0.1928
2020-10-04,Man United,Tottenham,2.08,3.62,3.52,0.4618,0.2653,0.2729,avg_closing,avg_closing,closing,1.0411,2026-09-13T03:33:42+00:00,E0_2021.csv,5afe63f6,pinnacle_closing,0.4626,0.265,0.2724
2020-10-04,Aston Villa,Liverpool,6.65,4.89,1.45,0.144,0.1958,0.6603,avg_closing,avg_closing,closing,1.0445,2026-09-13T03:33:42+00:00,E0_2021.csv,5afe63f6,pinnacle_closing,0.1444,0.1914,0.6641
2020-10-17,Everton,Liverpool,4.12,4.17,1.79,0.2331,0.2303,0.5366,avg_closing,avg_closing,closing,1.0412,2026-09-13T03:33:42+00:00,E0_2021.csv,5afe63f6,pinnacle_closing,0.2325,0.2314,0.5361
2020-10-17,Chelsea,Southampton,1.58,4.47,5.38,0.6071,0.2146,0.1783,avg_closing,avg_closing,closing,1.0425,2026-09-13T03:33:42+00:00,E0_2021.csv,5afe63f6,pinnacle_closing,0.6031,0.2157,0.1813
2020-10-17,Man City,Arsenal,1.53,4.73,5.63,0.6269,0.2028,0.1704,avg_closing,avg_closing,closing,1.0426,2026-09-13T03:33:42+00:00,E0_2021.csv,5afe63f6,pinnacle_closing,0.6284,0.2025,0.1691
2020-10-17,Newcastle,Man United,4.62,4.11,1.72,0.2079,0.2337,0.5584,avg_closing,avg_closing,closing,1.0412,2026-09-13T03:33:42+00:00,E0_2021.csv,5afe63f6,pinnacle_closing,0.2052,0.2324,0.5624
2020-10-18,Sheffield United,Fulham,2.29,3.16,3.46,0.419,0.3037,0.2773,avg_closing,avg_closing,closing,1.0422,2026-09-13T03:33:42+00:00,E0_2021.csv,5afe63f6,pinnacle_closing,0.4083,0.3101,0.2816
2020-10-18,Crystal Palace,Brighton,3.1,3.2,2.45,0.3092,0.2995,0.3912,avg_closing,avg_closing,closing,1.0432,2026-09-13T03:33:42+00:00,E0_2021.csv,5afe63f6,pinnacle_closing,0.3003,0.3021,0.3976
2020-10-18,Tottenham,West Ham,1.63,4.16,5.36,0.5896,0.231,0.1793,avg_closing,avg_closing,closing,1.0404,2026-09-13T03:33:42+00:00,E0_2021.csv,5afe63f6,pinnacle_closing,0.5918,0.2342,0.1741
2020-10-18,Leicester,Aston Villa,2.38,3.57,2.93,0.4034,0.2689,0.3277,avg_closing,avg_closing,closing,1.0416,2026-09-13T03:33:42+00:00,E0_2021.csv,5afe63f6,pinnacle_closing,0.3959,0.2712,0.3328
2020-10-19,West Brom,Burnley,2.58,3.27,2.87,0.372,0.2935,0.3344,avg_closing,avg_closing,closing,1.0418,2026-09-13T03:33:42+00:00,E0_2021.csv,5afe63f6,pinnacle_closing,0.3595,0.302,0.3385
2020-10-19,Leeds,Wolves,2.47,3.35,2.94,0.388,0.2861,0.326,avg_closing,avg_closing,closing,1.0435,2026-09-13T03:33:42+00:00,E0_2021.csv,5afe63f6,pinnacle_closing,0.3758,0.2928,0.3314
2020-10-23,Aston Villa,Leeds,1.91,3.99,3.73,0.5023,0.2405,0.2572,avg_closing,avg_closing,closing,1.0423,2026-09-13T03:33:42+00:00,E0_2021.csv,5afe63f6,pinnacle_closing,0.5087,0.2383,0.253
2020-10-24,West Ham,Man City,6.63,5.07,1.44,0.1447,0.1892,0.6661,avg_closing,avg_closing,closing,1.0425,2026-09-13T03:33:42+00:00,E0_2021.csv,5afe63f6,pinnacle_closing,0.1396,0.1896,0.6708
2020-10-24,Fulham,Crystal Palace,2.58,3.15,2.96,0.3717,0.3044,0.3239,avg_closing,avg_closing,closing,1.0429,2026-09-13T03:33:42+00:00,E0_2021.csv,5afe63f6,pinnacle_closing,0.3689,0.3125,0.3186
2020-10-24,Man United,Chelsea,2.6,3.46,2.72,0.3694,0.2776,0.3531,avg_closing,avg_closing,closing,1.0413,2026-09-13T03:33:42+00:00,E0_2021.csv,5afe63f6,pinnacle_closing,0.3647,0.2836,0.3517
2020-10-24,Liverpool,Sheffield United,1.21,7.24,12.71,0.7922,0.1324,0.0754,avg_closing,avg_closing,closing,1.0432,2026-09-13T03:33:42+00:00,E0_2021.csv,5afe63f6,pinnacle_closing,0.7976,0.1306,0.0718
2020-10-25,Southampton,Everton,3.05,3.53,2.32,0.3146,0.2718,0.4136,avg_closing,avg_closing,closing,1.0422,2026-09-13T03:33:42+00:00,E0_2021.csv,5afe63f6,pinnacle_closing,0.3181,0.2753,0.4066
2020-10-25,Wolves,Newcastle,1.83,3.42,4.89,0.5237,0.2803,0.196,avg_closing,avg_closing,closing,1.0433,2026-09-13T03:33:42+00:00,E0_2021.csv,5afe63f6,pinnacle_closing,0.5264,0.2782,0.1954
2020-10-25,Arsenal,Leicester,1.94,3.54,4.07,0.4939,0.2707,0.2354,avg_closing,avg_closing,closing,1.0437,2026-09-13T03:33:42+00:00,E0_2021.csv,5afe63f6,pinnacle_closing,0.4902,0.2746,0.2351
2020-10-26,Brighton,West Brom,1.67,3.99,5.15,0.5738,0.2402,0.1861,avg_closing,avg_closing,closing,1.0436,2026-09-13T03:33:42+00:00,E0_2021.csv,5afe63f6,pinnacle_closing,0.5862,0.2277,0.1861
2020-10-26,Burnley,Tottenham,5.7,4.33,1.58,0.1688,0.2222,0.609,avg_closing,avg_closing,closing,1.0393,2026-09-13T03:33:42+00:00,E0_2021.csv,5afe63f6,pinnacle_closing,0.1742,0.2208,0.6049
2020-10-30,Wolves,Crystal Palace,2.07,3.12,4.22,0.4643,0.308,0.2277,avg_closing,avg_closing,closing,1.0406,2026-09-13T03:33:42+00:00,E0_2021.csv,5afe63f6,pinnacle_closing,0.4622,0.312,0.2258
2020-10-31,Sheffield United,Man City,10.42,6.04,1.28,0.092,0.1588,0.7492,avg_closing,avg_closing,closing,1.0428,2026-09-13T03:33:42+00:00,E0_2021.csv,5afe63f6,pinnacle_closing,0.0919,0.1564,0.7517
2020-10-31,Burnley,Chelsea,5.6,4.23,1.6,0.1717,0.2273,0.601,avg_closing,avg_closing,closing,1.04,2026-09-13T03:33:42+00:00,E0_2021.csv,5afe63f6,pinnacle_closing,0.1744,0.2273,0.5982
2020-10-31,Liverpool,West Ham,1.42,5.15,6.96,0.6758,0.1863,0.1379,avg_closing,avg_closing,closing,1.0421,2026-09-13T03:33:42+00:00,E0_2021.csv,5afe63f6,pinnacle_closing,0.6782,0.1843,0.1375
2020-11-01,Aston Villa,Southampton,2.57,3.55,2.69,0.3732,0.2702,0.3566,avg_closing,avg_closing,closing,1.0425,2026-09-13T03:33:42+00:00,E0_2021.csv,5afe63f6,pinnacle_closing,0.3648,0.2757,0.3595
2020-11-01,Newcastle,Everton,3.34,3.33,2.27,0.2878,0.2887,0.4235,avg_closing,avg_closing,closing,1.0402,2026-09-13T03:33:42+00:00,E0_2021.csv,5afe63f6,pinnacle_closing,0.2935,0.2858,0.4207
2020-11-01,Man United,Arsenal,1.99,3.59,3.87,0.4834,0.268,0.2486,avg_closing,avg_closing,closing,1.0395,2026-09-13T03:33:42+00:00,E0_2021.csv,5afe63f6,pinnacle_closing,0.4849,0.2684,0.2467
2020-11-01,Tottenham,Brighton,1.59,4.29,5.62,0.6048,0.2241,0.1711,avg_closing,avg_closing,closing,1.04,2026-09-13T03:33:42+00:00,E0_2021.csv,5afe63f6,pinnacle_closing,0.6067,0.224,0.1693
2020-11-02,Fulham,West Brom,2.41,3.27,3.09,0.3973,0.2928,0.3099,avg_closing,avg_closing,closing,1.0444,2026-09-13T03:33:42+00:00,E0_2021.csv,5afe63f6,pinnacle_closing,0.3961,0.2959,0.308
2020-11-02,Leeds,Leicester,2.41,3.63,2.84,0.398,0.2642,0.3377,avg_closing,avg_closing,closing,1.0425,2026-09-13T03:33:42+00:00,E0_2021.csv,5afe63f6,pinnacle_closing,0.4053,0.2644,0.3303
2020-11-06,Brighton,Burnley,1.98,3.39,4.19,0.4862,0.284,0.2298,avg_closing,avg_closing,closing,1.0387,2026-09-13T03:33:42+00:00,E0_2021.csv,5afe63f6,pinnacle_closing,0.4928,0.2868,0.2204
2020-11-06,Southampton,Newcastle,2.16,3.43,3.46,0.4437,0.2794,0.277,avg_closing,avg_closing,closing,1.0435,2026-09-13T03:33:42+00:00,E0_2021.csv,5afe63f6,pinnacle_closing,0.4451,0.2822,0.2727
2020-11-07,Everton,Man United,3.18,3.61,2.22,0.3018,0.2659,0.4323,avg_closing,avg_closing,closing,1.0419,2026-09-13T03:33:42+00:00,E0_2021.csv,5afe63f6,pinnacle_closing,0.2943,0.2663,0.4394
2020-11-07,Crystal Palace,Leeds,2.84,3.43,2.49,0.3369,0.2789,0.3842,avg_closing,avg_closing,closing,1.0453,2026-09-13T03:33:42+00:00,E0_2021.csv,5afe63f6,pinnacle_closing,0.3393,0.2747,0.386
2020-11-07,Chelsea,Sheffield United,1.38,4.95,8.63,0.6951,0.1938,0.1111,avg_closing,avg_closing,closing,1.0425,2026-09-13T03:33:42+00:00,E0_2021.csv,5afe63f6,pinnacle_closing,0.6997,0.1885,0.1118
2020-11-07,West Ham,Fulham,1.85,3.79,4.2,0.5185,0.2531,0.2284,avg_closing,avg_closing,closing,1.0425,2026-09-13T03:33:42+00:00,E0_2021.csv,5afe63f6,pinnacle_closing,0.5152,0.2472,0.2376
2020-11-08,West Brom,Tottenham,6.41,4.6,1.49,0.1494,0.2081,0.6425,avg_closing,avg_closing,closing,1.0445,2026-09-13T03:33:42+00:00,E0_2021.csv,5afe63f6,pinnacle_closing,0.1419,0.2073,0.6508
2020-11-08,Leicester,Wolves,2.36,3.14,3.32,0.4061,0.3052,0.2887,avg_closing,avg_closing,closing,1.0434,2026-09-13T03:33:42+00:00,E0_2021.csv,5afe63f6,pinnacle_closing,0.3974,0.3096,0.293
2020-11-08,Man City,Liverpool,1.92,4.14,3.62,0.5015,0.2326,0.266,avg_closing,avg_closing,closing,1.0386,2026-09-13T03:33:42+00:00,E0_2021.csv,5afe63f6,pinnacle_closing,0.5042,0.2358,0.2601
2020-11-08,Arsenal,Aston Villa,1.65,4.31,4.91,0.5818,0.2227,0.1955,avg_closing,avg_closing,closing,1.0417,2026-09-13T03:33:42+00:00,E0_2021.csv,5afe63f6,pinnacle_closing,0.589,0.2135,0.1975
2020-11-21,Newcastle,Chelsea,7.07,4.75,1.45,0.1358,0.2021,0.6621,avg_closing,avg_closing,closing,1.0416,2026-09-13T03:33:42+00:00,E0_2021.csv,5afe63f6,pinnacle_closing,0.1333,0.1977,0.669
2020-11-21,Aston Villa,Brighton,2.28,3.52,3.11,0.42,0.2721,0.3079,avg_closing,avg_closing,closing,1.0442,2026-09-13T03:33:42+00:00,E0_2021.csv,5afe63f6,pinnacle_closing,0.4077,0.2787,0.3136
2020-11-21,Tottenham,Man City,4.12,4.09,1.8,0.2328,0.2345,0.5328,avg_closing,avg_closing,closing,1.0428,2026-09-13T03:33:42+00:00,E0_2021.csv,5afe63f6,pinnacle_closing,0.2274,0.2323,0.5403
2020-11-21,Man United,West Brom,1.32,5.61,9.13,0.7247,0.1705,0.1048,avg_closing,avg_closing,closing,1.0454,2026-09-13T03:33:42+00:00,E0_2021.csv,5afe63f6,pinnacle_closing,0.7317,0.1689,0.0994
2020-11-22,Fulham,Everton,4.21,3.78,1.85,0.2278,0.2537,0.5184,avg_closing,avg_closing,closing,1.0426,2026-09-13T03:33:42+00:00,E0_2021.csv,5afe63f6,pinnacle_closing,0.2301,0.2508,0.519
2020-11-22,Sheffield United,West Ham,3.09,3.2,2.46,0.3104,0.2997,0.3899,avg_closing,avg_closing,closing,1.0426,2026-09-13T03:33:42+00:00,E0_2021.csv,5afe63f6,pinnacle_closing,0.3167,0.3011,0.3822
2020-11-22,Leeds,Arsenal,3.48,3.78,2.04,0.2757,0.2539,0.4704,avg_closing,avg_closing,closing,1.0421,2026-09-13T03:33:42+00:00,E0_2021.csv,5afe63f6,pinnacle_closing,0.2734,0.2516,0.4751
2020-11-22,Liverpool,Leicester,1.78,4.05,4.31,0.5398,0.2373,0.2229,avg_closing,avg_closing,closing,1.0407,2026-09-13T03:33:42+00:00,E0_2021.csv,5afe63f6,pinnacle_closing,0.5368,0.2371,0.2261
2020-11-23,Burnley,Crystal Palace,2.65,3.1,2.91,0.3616,0.3091,0.3293,avg_closing,avg_closing,closing,1.0436,2026-09-13T03:33:42+00:00,E0_2021.csv,5afe63f6,pinnacle_closing,0.3652,0.3097,0.3251
2020-11-23,Wolves,Southampton,2.34,3.19,3.3,0.4094,0.3003,0.2903,avg_closing,avg_closing,closing,1.0439,2026-09-13T03:33:42+00:00,E0_2021.csv,5afe63f6,pinnacle_closing,0.4074,0.2945,0.2981
2020-11-27,Crystal Palace,Newcastle,2.16,3.18,3.77,0.444,0.3016,0.2544,avg_closing,avg_closing,closing,1.0427,2026-09-13T03:33:42+00:00,E0_2021.csv,5afe63f6,pinnacle_closing,0.4489,0.3039,0.2471
2020-11-28,Brighton,Liverpool,4.81,4.19,1.68,0.1996,0.2291,0.5714,avg_closing,avg_closing,closing,1.0418,2026-09-13T03:33:42+00:00,E0_2021.csv,5afe63f6,pinnacle_closing,0.1964,0.2271,0.5765
2020-11-28,Man City,Burnley,1.12,9.99,20.57,0.8572,0.0961,0.0467,avg_closing,avg_closing,closing,1.0416,2026-09-13T03:33:42+00:00,E0_2021.csv,5afe63f6,pinnacle_closing,0.8622,0.0879,0.0498
2020-11-28,Everton,Leeds,2.29,3.64,3.01,0.4184,0.2632,0.3183,avg_closing,avg_closing,closing,1.0436,2026-09-13T03:33:42+00:00,E0_2021.csv,5afe63f6,pinnacle_closing,0.4162,0.2672,0.3165
2020-11-28,West Brom,Sheffield United,2.64,3.13,2.89,0.3627,0.3059,0.3313,avg_closing,avg_closing,closing,1.0443,2026-09-13T03:33:42+00:00,E0_2021.csv,5afe63f6,pinnacle_closing,0.3668,0.3089,0.3243
2020-11-29,Southampton,Man United,3.83,3.72,1.95,0.2504,0.2578,0.4918,avg_closing,avg_closing,closing,1.0427,2026-09-13T03:33:42+00:00,E0_2021.csv,5afe63f6,pinnacle_closing,0.249,0.2529,0.4981
2020-11-29,Chelsea,Tottenham,2.01,3.65,3.71,0.4779,0.2632,0.2589,avg_closing,avg_closing,closing,1.041,2026-09-13T03:33:42+00:00,E0_2021.csv,5afe63f6,pinnacle_closing,0.4884,0.2605,0.2511
2020-11-29,Arsenal,Wolves,2.09,3.28,3.85,0.4587,0.2923,0.249,avg_closing,avg_closing,closing,1.0431,2026-09-13T03:33:42+00:00,E0_2021.csv,5afe63f6,pinnacle_closing,0.4566,0.2934,0.2499
2020-11-30,Leicester,Fulham,1.63,4.09,5.44,0.5889,0.2347,0.1764,avg_closing,avg_closing,closing,1.0418,2026-09-13T03:33:42+00:00,E0_2021.csv,5afe63f6,pinnacle_closing,0.5799,0.2376,0.1824
2020-11-30,West Ham,Aston Villa,2.34,3.49,3.03,0.4094,0.2745,0.3161,avg_closing,avg_closing,closing,1.0439,2026-09-13T03:33:42+00:00,E0_2021.csv,5afe63f6,pinnacle_closing,0.4123,0.2745,0.3132
2020-12-05,Burnley,Everton,3.73,3.51,2.04,0.257,0.2731,0.4699,avg_closing,avg_closing,closing,1.0432,2026-09-13T03:33:42+00:00,E0_2021.csv,5afe63f6,pinnacle_closing,0.2655,0.2692,0.4653
2020-12-05,Man City,Fulham,1.12,10.05,20.63,0.8578,0.0956,0.0466,avg_closing,avg_closing,closing,1.0408,2026-09-13T03:33:42+00:00,E0_2021.csv,5afe63f6,pinnacle_closing,0.8595,0.0981,0.0424
2020-12-05,West Ham,Man United,3.37,3.49,2.17,0.2842,0.2744,0.4414,avg_closing,avg_closing,closing,1.0441,2026-09-13T03:33:42+00:00,E0_2021.csv,5afe63f6,pinnacle_closing,0.278,0.2772,0.4448
2020-12-05,Chelsea,Leeds,1.47,4.92,6.25,0.6519,0.1948,0.1533,avg_closing,avg_closing,closing,1.0435,2026-09-13T03:33:42+00:00,E0_2021.csv,5afe63f6,pinnacle_closing,0.6575,0.189,0.1535
2020-12-06,West Brom,Crystal Palace,3.01,3.29,2.46,0.3186,0.2915,0.3899,avg_closing,avg_closing,closing,1.0427,2026-09-13T03:33:42+00:00,E0_2021.csv,5afe63f6,pinnacle_closing,0.3115,0.2877,0.4008
2020-12-06,Sheffield United,Leicester,4.04,3.52,1.96,0.2376,0.2727,0.4897,avg_closing,avg_closing,closing,1.0418,2026-09-13T03:33:42+00:00,E0_2021.csv,5afe63f6,pinnacle_closing,0.2358,0.266,0.4981
2020-12-06,Tottenham,Arsenal,2.19,3.47,3.36,0.438,0.2765,0.2855,avg_closing,avg_closing,closing,1.0424,2026-09-13T03:33:42+00:00,E0_2021.csv,5afe63f6,pinnacle_closing,0.4257,0.2766,0.2976
2020-12-06,Liverpool,Wolves,1.58,4.31,5.57,0.606,0.2221,0.1719,avg_closing,avg_closing,closing,1.0445,2026-09-13T03:33:42+00:00,E0_2021.csv,5afe63f6,pinnacle_closing,0.6068,0.22,0.1732
2020-12-07,Brighton,Southampton,2.44,3.38,2.96,0.3927,0.2835,0.3237,avg_closing,avg_closing,closing,1.0435,2026-09-13T03:33:42+00:00,E0_2021.csv,5afe63f6,pinnacle_closing,0.3899,0.2861,0.324
2020-12-11,Leeds,West Ham,2.14,3.75,3.23,0.4478,0.2555,0.2967,avg_closing,avg_closing,closing,1.0436,2026-09-13T03:33:42+00:00,E0_2021.csv,5afe63f6,pinnacle_closing,0.4466,0.2588,0.2946
2020-12-12,Wolves,Aston Villa,2.56,3.23,2.9,0.3738,0.2963,0.33,avg_closing,avg_closing,closing,1.0451,2026-09-13T03:33:42+00:00,E0_2021.csv,5afe63f6,pinnacle_closing,0.3775,0.2954,0.327
2020-12-12,Newcastle,West Brom,2.45,3.22,3.08,0.3912,0.2976,0.3112,avg_closing,avg_closing,closing,1.0434,2026-09-13T03:33:42+00:00,E0_2021.csv,5afe63f6,pinnacle_closing,0.3961,0.302,0.302
2020-12-12,Man United,Man City,4.57,4.17,1.71,0.2097,0.2298,0.5605,avg_closing,avg_closing,closing,1.0434,2026-09-13T03:33:42+00:00,E0_2021.csv,5afe63f6,pinnacle_closing,0.2085,0.2275,0.564
2020-12-12,Everton,Chelsea,4.77,4.22,1.68,0.2012,0.2274,0.5713,avg_closing,avg_closing,closing,1.0418,2026-09-13T03:33:42+00:00,E0_2021.csv,5afe63f6,pinnacle_closing,0.1957,0.2331,0.5712
2020-12-13,Southampton,Sheffield United,1.64,4.03,5.45,0.5855,0.2383,0.1762,avg_closing,avg_closing,closing,1.0414,2026-09-13T03:33:42+00:00,E0_2021.csv,5afe63f6,pinnacle_closing,0.5923,0.2378,0.17
2020-12-13,Crystal Palace,Tottenham,4.21,3.77,1.85,0.2277,0.2542,0.5181,avg_closing,avg_closing,closing,1.0433,2026-09-13T03:33:42+00:00,E0_2021.csv,5afe63f6,pinnacle_closing,0.2251,0.248,0.5269
2020-12-13,Fulham,Liverpool,8.24,5.43,1.35,0.116,0.176,0.708,avg_closing,avg_closing,closing,1.0463,2026-09-13T03:33:42+00:00,E0_2021.csv,5afe63f6,pinnacle_closing,0.1142,0.1814,0.7044
2020-12-13,Arsenal,Burnley,1.46,4.62,7.17,0.658,0.208,0.134,avg_closing,avg_closing,closing,1.0409,2026-09-13T03:33:42+00:00,E0_2021.csv,5afe63f6,pinnacle_closing,0.6554,0.2026,0.1419
2020-12-13,Leicester,Brighton,2.04,3.52,3.7,0.4693,0.272,0.2587,avg_closing,avg_closing,closing,1.0446,2026-09-13T03:33:42+00:00,E0_2021.csv,5afe63f6,pinnacle_closing,0.4615,0.2756,0.263
2020-12-15,Wolves,Chelsea,5.37,3.74,1.69,0.1781,0.2558,0.5661,avg_closing,avg_closing,closing,1.0453,2026-09-13T03:33:42+00:00,E0_2021.csv,5afe63f6,pinnacle_closing,0.1682,0.2523,0.5796
2020-12-15,Man City,West Brom,1.1,11.01,24.73,0.8738,0.0873,0.0389,avg_closing,avg_closing,closing,1.0404,2026-09-13T03:33:42+00:00,E0_2021.csv,5afe63f6,pinnacle_closing,0.89,0.077,0.033
2020-12-16,Arsenal,Southampton,2.16,3.5,3.37,0.4429,0.2733,0.2838,avg_closing,avg_closing,closing,1.0454,2026-09-13T03:33:42+00:00,E0_2021.csv,5afe63f6,pinnacle_closing,0.451,0.2734,0.2757
2020-12-16,Leeds,Newcastle,1.58,4.39,5.36,0.6043,0.2175,0.1781,avg_closing,avg_closing,closing,1.0473,2026-09-13T03:33:42+00:00,E0_2021.csv,5afe63f6,pinnacle_closing,0.6104,0.2151,0.1744
2020-12-16,Leicester,Everton,2.13,3.51,3.45,0.4496,0.2728,0.2776,avg_closing,avg_closing,closing,1.0442,2026-09-13T03:33:42+00:00,E0_2021.csv,5afe63f6,pinnacle_closing,0.4521,0.2751,0.2728
2020-12-16,Fulham,Brighton,2.89,3.28,2.54,0.3312,0.2919,0.3769,avg_closing,avg_closing,closing,1.0446,2026-09-13T03:33:42+00:00,E0_2021.csv,5afe63f6,pinnacle_closing,0.322,0.2957,0.3823
2020-12-16,Liverpool,Tottenham,1.82,3.92,4.19,0.5267,0.2445,0.2288,avg_closing,avg_closing,closing,1.0432,2026-09-13T03:33:42+00:00,E0_2021.csv,5afe63f6,pinnacle_closing,0.5385,0.2395,0.222
2020-12-16,West Ham,Crystal Palace,2.17,3.37,3.49,0.4414,0.2842,0.2744,avg_closing,avg_closing,closing,1.0441,2026-09-13T03:33:42+00:00,E0_2021.csv,5afe63f6,pinnacle_closing,0.4507,0.2835,0.2658
2020-12-17,Aston Villa,Burnley,1.86,3.74,4.17,0.5146,0.2559,0.2295,avg_closing,avg_closing,closing,1.0448,2026-09-13T03:33:42+00:00,E0_2021.csv,5afe63f6,pinnacle_closing,0.5282,0.2532,0.2186
2020-12-17,Sheffield United,Man United,7.2,4.73,1.44,0.1329,0.2024,0.6647,avg_closing,avg_closing,closing,1.0447,2026-09-13T03:33:42+00:00,E0_2021.csv,5afe63f6,pinnacle_closing,0.1236,0.205,0.6715
2020-12-19,Crystal Palace,Liverpool,5.27,4.07,1.65,0.1822,0.2359,0.5819,avg_closing,avg_closing,closing,1.0415,2026-09-13T03:33:42+00:00,E0_2021.csv,5afe63f6,pinnacle_closing,0.1762,0.2324,0.5915
2020-12-19,Southampton,Man City,5.98,4.64,1.52,0.1607,0.2071,0.6322,avg_closing,avg_closing,closing,1.0406,2026-09-13T03:33:42+00:00,E0_2021.csv,5afe63f6,pinnacle_closing,0.1635,0.2029,0.6337
2020-12-19,Everton,Arsenal,2.66,3.39,2.68,0.3601,0.2825,0.3574,avg_closing,avg_closing,closing,1.0441,2026-09-13T03:33:42+00:00,E0_2021.csv,5afe63f6,pinnacle_closing,0.3561,0.2839,0.36
2020-12-19,Newcastle,Fulham,2.84,3.29,2.58,0.3374,0.2912,0.3714,avg_closing,avg_closing,closing,1.0437,2026-09-13T03:33:42+00:00,E0_2021.csv,5afe63f6,pinnacle_closing,0.3385,0.2895,0.372
2020-12-20,Brighton,Sheffield United,1.88,3.43,4.57,0.5103,0.2797,0.2099,avg_closing,avg_closing,closing,1.0423,2026-09-13T03:33:42+00:00,E0_2021.csv,5afe63f6,pinnacle_closing,0.5033,0.2863,0.2104
2020-12-20,Tottenham,Leicester,2.1,3.48,3.56,0.4559,0.2751,0.2689,avg_closing,avg_closing,closing,1.0444,2026-09-13T03:33:42+00:00,E0_2021.csv,5afe63f6,pinnacle_closing,0.4546,0.2761,0.2693
2020-12-20,Man United,Leeds,1.72,4.34,4.38,0.559,0.2215,0.2195,avg_closing,avg_closing,closing,1.0401,2026-09-13T03:33:42+00:00,E0_2021.csv,5afe63f6,pinnacle_closing,0.5609,0.2198,0.2193
2020-12-20,West Brom,Aston Villa,4.64,4.02,1.73,0.2068,0.2387,0.5546,avg_closing,avg_closing,closing,1.0423,2026-09-13T03:33:42+00:00,E0_2021.csv,5afe63f6,pinnacle_closing,0.1921,0.234,0.5739
2020-12-21,Burnley,Wolves,3.44,3.05,2.36,0.2789,0.3146,0.4065,avg_closing,avg_closing,closing,1.0423,2026-09-13T03:33:42+00:00,E0_2021.csv,5afe63f6,pinnacle_closing,0.2806,0.318,0.4014
2020-12-21,Chelsea,West Ham,1.58,4.3,5.59,0.606,0.2227,0.1713,avg_closing,avg_closing,closing,1.0444,2026-09-13T03:33:42+00:00,E0_2021.csv,5afe63f6,pinnacle_closing,0.6065,0.2204,0.1731
2020-12-26,Leicester,Man United,2.96,3.54,2.36,0.3236,0.2706,0.4059,avg_closing,avg_closing,closing,1.0441,2026-09-13T03:33:42+00:00,E0_2021.csv,5afe63f6,pinnacle_closing,0.3226,0.27,0.4073
2020-12-26,Aston Villa,Crystal Palace,1.82,3.83,4.32,0.5273,0.2506,0.2221,avg_closing,avg_closing,closing,1.042,2026-09-13T03:33:42+00:00,E0_2021.csv,5afe63f6,pinnacle_closing,0.5333,0.2483,0.2183
2020-12-26,Fulham,Southampton,2.88,3.28,2.55,0.3325,0.292,0.3755,avg_closing,avg_closing,closing,1.0443,2026-09-13T03:33:42+00:00,E0_2021.csv,5afe63f6,pinnacle_closing,0.3495,0.2853,0.3652
2020-12-26,Arsenal,Chelsea,4.72,3.86,1.75,0.2033,0.2485,0.5482,avg_closing,avg_closing,closing,1.0424,2026-09-13T03:33:42+00:00,E0_2021.csv,5afe63f6,pinnacle_closing,0.2017,0.2466,0.5517
2020-12-26,Man City,Newcastle,1.12,9.74,21.01,0.8559,0.0984,0.0456,avg_closing,avg_closing,closing,1.0431,2026-09-13T03:33:42+00:00,E0_2021.csv,5afe63f6,pinnacle_closing,0.855,0.1012,0.0438
2020-12-26,Sheffield United,Everton,3.37,3.28,2.27,0.2847,0.2925,0.4227,avg_closing,avg_closing,closing,1.0421,2026-09-13T03:33:42+00:00,E0_2021.csv,5afe63f6,pinnacle_closing,0.2896,0.2975,0.413
2020-12-27,Leeds,Burnley,1.7,4.15,4.7,0.5645,0.2313,0.2042,avg_closing,avg_closing,closing,1.042,2026-09-13T03:33:42+00:00,E0_2021.csv,5afe63f6,pinnacle_closing,0.5676,0.2336,0.1988
2020-12-27,West Ham,Brighton,2.36,3.32,3.15,0.4065,0.289,0.3045,avg_closing,avg_closing,closing,1.0424,2026-09-13T03:33:42+00:00,E0_2021.csv,5afe63f6,pinnacle_closing,0.4046,0.2932,0.3022
2020-12-27,Liverpool,West Brom,1.13,9.2,20.48,0.8489,0.1043,0.0468,avg_closing,avg_closing,closing,1.0425,2026-09-13T03:33:42+00:00,E0_2021.csv,5afe63f6,pinnacle_closing,0.8547,0.1021,0.0432
2020-12-27,Wolves,Tottenham,3.53,3.34,2.17,0.2715,0.2869,0.4416,avg_closing,avg_closing,closing,1.0435,2026-09-13T03:33:42+00:00,E0_2021.csv,5afe63f6,pinnacle_closing,0.2706,0.2873,0.442
2020-12-28,Crystal Palace,Leicester,3.35,3.37,2.23,0.286,0.2843,0.4297,avg_closing,avg_closing,closing,1.0437,2026-09-13T03:33:42+00:00,E0_2021.csv,5afe63f6,pinnacle_closing,0.288,0.2806,0.4314
2020-12-28,Chelsea,Aston Villa,1.81,3.97,4.2,0.53,0.2416,0.2284,avg_closing,avg_closing,closing,1.0425,2026-09-13T03:33:42+00:00,E0_2021.csv,5afe63f6,pinnacle_closing,0.5249,0.2399,0.2352
2020-12-29,Brighton,Arsenal,3.64,3.44,2.1,0.2637,0.2791,0.4572,avg_closing,avg_closing,closing,1.0416,2026-09-13T03:33:42+00:00,E0_2021.csv,5afe63f6,pinnacle_closing,0.2543,0.275,0.4707
2020-12-29,Burnley,Sheffield United,2.4,3.17,3.22,0.3996,0.3025,0.2978,avg_closing,avg_closing,closing,1.0427,2026-09-13T03:33:42+00:00,E0_2021.csv,5afe63f6,pinnacle_closing,0.4029,0.304,0.2931
2020-12-29,Southampton,West Ham,2.03,3.58,3.71,0.473,0.2682,0.2588,avg_closing,avg_closing,closing,1.0415,2026-09-13T03:33:42+00:00,E0_2021.csv,5afe63f6,pinnacle_closing,0.4772,0.268,0.2548
2020-12-29,West Brom,Leeds,4.23,3.96,1.81,0.227,0.2425,0.5305,avg_closing,avg_closing,closing,1.0414,2026-09-13T03:33:42+00:00,E0_2021.csv,5afe63f6,pinnacle_closing,0.2245,0.2418,0.5337
2020-12-29,Man United,Wolves,1.54,4.27,6.2,0.6215,0.2241,0.1544,avg_closing,avg_closing,closing,1.0448,2026-09-13T03:33:42+00:00,E0_2021.csv,5afe63f6,pinnacle_closing,0.6205,0.226,0.1534
2020-12-30,Newcastle,Liverpool,10.36,6.02,1.28,0.0925,0.1591,0.7484,avg_closing,avg_closing,closing,1.0439,2026-09-13T03:33:42+00:00,E0_2021.csv,5afe63f6,pinnacle_closing,0.0925,0.1607,0.7467
2021-01-01,Everton,West Ham,2.24,3.45,3.29,0.4292,0.2786,0.2922,avg_closing,avg_closing,closing,1.0402,2026-09-13T03:33:42+00:00,E0_2021.csv,5afe63f6,pinnacle_closing,0.4255,0.278,0.2965
2021-01-01,Man United,Aston Villa,1.7,4.12,4.68,0.5631,0.2323,0.2045,avg_closing,avg_closing,closing,1.0446,2026-09-13T03:33:42+00:00,E0_2021.csv,5afe63f6,pinnacle_closing,0.5577,0.2363,0.2059
2021-01-02,Tottenham,Leeds,1.85,4.0,3.97,0.5185,0.2398,0.2416,avg_closing,avg_closing,closing,1.0424,2026-09-13T03:33:42+00:00,E0_2021.csv,5afe63f6,pinnacle_closing,0.516,0.239,0.245
2021-01-02,Crystal Palace,Sheffield United,2.08,3.26,3.9,0.4605,0.2938,0.2456,avg_closing,avg_closing,closing,1.0439,2026-09-13T03:33:42+00:00,E0_2021.csv,5afe63f6,pinnacle_closing,0.4572,0.2983,0.2446
2021-01-02,Brighton,Wolves,2.83,3.02,2.78,0.3384,0.3171,0.3445,avg_closing,avg_closing,closing,1.0442,2026-09-13T03:33:42+00:00,E0_2021.csv,5afe63f6,pinnacle_closing,0.341,0.3167,0.3422
2021-01-02,West Brom,Arsenal,5.98,4.01,1.6,0.1605,0.2394,0.6,avg_closing,avg_closing,closing,1.0416,2026-09-13T03:33:42+00:00,E0_2021.csv,5afe63f6,pinnacle_closing,0.1573,0.236,0.6067
2021-01-03,Newcastle,Leicester,6.05,4.07,1.59,0.1589,0.2363,0.6048,avg_closing,avg_closing,closing,1.0399,2026-09-13T03:33:42+00:00,E0_2021.csv,5afe63f6,pinnacle_closing,0.1483,0.2353,0.6165
2021-01-03,Chelsea,Man City,3.37,3.6,2.14,0.2848,0.2666,0.4485,avg_closing,avg_closing,closing,1.0418,2026-09-13T03:33:42+00:00,E0_2021.csv,5afe63f6,pinnacle_closing,0.2793,0.2723,0.4484
2021-01-04,Southampton,Liverpool,6.0,4.76,1.5,0.1597,0.2013,0.6389,avg_closing,avg_closing,closing,1.0434,2026-09-13T03:33:42+00:00,E0_2021.csv,5afe63f6,pinnacle_closing,0.1586,0.1986,0.6428
2021-01-12,Sheffield United,Newcastle,2.34,3.13,3.39,0.4102,0.3067,0.2831,avg_closing,avg_closing,closing,1.0418,2026-09-13T03:33:42+00:00,E0_2021.csv,5afe63f6,pinnacle_closing,0.4179,0.3027,0.2794
2021-01-12,Burnley,Man United,7.76,4.87,1.41,0.1235,0.1968,0.6797,avg_closing,avg_closing,closing,1.0434,2026-09-13T03:33:42+00:00,E0_2021.csv,5afe63f6,pinnacle_closing,0.1234,0.1935,0.6832
2021-01-12,Wolves,Everton,2.59,2.93,3.16,0.3699,0.327,0.3032,avg_closing,avg_closing,closing,1.0439,2026-09-13T03:33:42+00:00,E0_2021.csv,5afe63f6,pinnacle_closing,0.3584,0.3339,0.3077
2021-01-13,Man City,Brighton,1.18,7.62,16.73,0.8161,0.1264,0.0576,avg_closing,avg_closing,closing,1.0385,2026-09-13T03:33:42+00:00,E0_2021.csv,5afe63f6,pinnacle_closing,0.8229,0.1215,0.0556
2021-01-13,Tottenham,Fulham,1.63,3.82,6.06,0.5897,0.2516,0.1586,avg_closing,avg_closing,closing,1.0403,2026-09-13T03:33:42+00:00,E0_2021.csv,5afe63f6,pinnacle_closing,0.5885,0.2537,0.1578
2021-01-14,Arsenal,Crystal Palace,1.7,3.82,5.2,0.5644,0.2512,0.1845,avg_closing,avg_closing,closing,1.0423,2026-09-13T03:33:42+00:00,E0_2021.csv,5afe63f6,pinnacle_closing,0.5618,0.2481,0.1902
2021-01-16,Wolves,West Brom,1.64,3.69,6.13,0.5841,0.2596,0.1563,avg_closing,avg_closing,closing,1.0439,2026-09-13T03:33:42+00:00,E0_2021.csv,5afe63f6,pinnacle_closing,0.5961,0.2539,0.1499
2021-01-16,Leeds,Brighton,2.27,3.53,3.14,0.4227,0.2718,0.3056,avg_closing,avg_closing,closing,1.0423,2026-09-13T03:33:42+00:00,E0_2021.csv,5afe63f6,pinnacle_closing,0.4251,0.2731,0.3018
2021-01-16,West Ham,Burnley,1.77,3.65,4.89,0.5414,0.2626,0.196,avg_closing,avg_closing,closing,1.0434,2026-09-13T03:33:42+00:00,E0_2021.csv,5afe63f6,pinnacle_closing,0.5464,0.2622,0.1914
2021-01-16,Fulham,Chelsea,6.09,4.1,1.58,0.1577,0.2343,0.608,avg_closing,avg_closing,closing,1.041,2026-09-13T03:33:42+00:00,E0_2021.csv,5afe63f6,pinnacle_closing,0.1552,0.2386,0.6062
2021-01-16,Leicester,Southampton,1.71,3.82,5.1,0.5609,0.2511,0.1881,avg_closing,avg_closing,closing,1.0427,2026-09-13T03:33:42+00:00,E0_2021.csv,5afe63f6,pinnacle_closing,0.5639,0.2527,0.1834
2021-01-17,Sheffield United,Tottenham,4.79,3.6,1.8,0.2003,0.2666,0.5331,avg_closing,avg_closing,closing,1.0421,2026-09-13T03:33:42+00:00,E0_2021.csv,5afe63f6,pinnacle_closing,0.203,0.2633,0.5337
2021-01-17,Liverpool,Man United,1.94,3.89,3.72,0.495,0.2469,0.2581,avg_closing,avg_closing,closing,1.0414,2026-09-13T03:33:42+00:00,E0_2021.csv,5afe63f6,pinnacle_closing,0.5035,0.2454,0.2511
2021-01-17,Man City,Crystal Palace,1.18,7.39,17.06,0.8138,0.1299,0.0563,avg_closing,avg_closing,closing,1.0414,2026-09-13T03:33:42+00:00,E0_2021.csv,5afe63f6,pinnacle_closing,0.8143,0.1295,0.0562
2021-01-18,Arsenal,Newcastle,1.43,4.75,7.71,0.6727,0.2025,0.1248,avg_closing,avg_closing,closing,1.0395,2026-09-13T03:33:42+00:00,E0_2021.csv,5afe63f6,pinnacle_closing,0.6755,0.201,0.1236
2021-01-19,West Ham,West Brom,1.53,4.22,6.46,0.6252,0.2267,0.1481,avg_closing,avg_closing,closing,1.0454,2026-09-13T03:33:42+00:00,E0_2021.csv,5afe63f6,pinnacle_closing,0.6328,0.2282,0.139
2021-01-19,Leicester,Chelsea,2.8,3.43,2.53,0.3421,0.2793,0.3786,avg_closing,avg_closing,closing,1.0439,2026-09-13T03:33:42+00:00,E0_2021.csv,5afe63f6,pinnacle_closing,0.3397,0.2811,0.3792
2021-01-20,Man City,Aston Villa,1.31,5.79,9.32,0.7316,0.1655,0.1028,avg_closing,avg_closing,closing,1.0434,2026-09-13T03:33:42+00:00,E0_2021.csv,5afe63f6,pinnacle_closing,0.7338,0.164,0.1022
2021-01-20,Fulham,Man United,5.44,4.1,1.63,0.1765,0.2342,0.5892,avg_closing,avg_closing,closing,1.0412,2026-09-13T03:33:42+00:00,E0_2021.csv,5afe63f6,pinnacle_closing,0.1779,0.2337,0.5884
2021-01-21,Liverpool,Burnley,1.33,5.49,9.57,0.724,0.1754,0.1006,avg_closing,avg_closing,closing,1.0385,2026-09-13T03:33:42+00:00,E0_2021.csv,5afe63f6,pinnacle_closing,0.7167,0.1812,0.1021
2021-01-23,Aston Villa,Newcastle,1.51,4.59,6.24,0.6366,0.2094,0.154,avg_closing,avg_closing,closing,1.0404,2026-09-13T03:33:42+00:00,E0_2021.csv,5afe63f6,pinnacle_closing,0.6412,0.2091,0.1497
2021-01-26,Crystal Palace,West Ham,3.53,3.33,2.18,0.2718,0.2881,0.4401,avg_closing,avg_closing,closing,1.0423,2026-09-13T03:33:42+00:00,E0_2021.csv,5afe63f6,pinnacle_closing,0.2685,0.2892,0.4423
2021-01-26,Newcastle,Leeds,4.07,3.94,1.84,0.2356,0.2433,0.5211,avg_closing,avg_closing,closing,1.043,2026-09-13T03:33:42+00:00,E0_2021.csv,5afe63f6,pinnacle_closing,0.2323,0.2433,0.5245
2021-01-26,Southampton,Arsenal,3.48,3.65,2.08,0.2757,0.2629,0.4613,avg_closing,avg_closing,closing,1.0421,2026-09-13T03:33:42+00:00,E0_2021.csv,5afe63f6,pinnacle_closing,0.2754,0.2614,0.4633
2021-01-26,West Brom,Man City,19.5,8.28,1.15,0.0492,0.1159,0.8348,avg_closing,avg_closing,closing,1.0416,2026-09-13T03:33:42+00:00,E0_2021.csv,5afe63f6,pinnacle_closing,0.0486,0.1108,0.8406
2021-01-27,Burnley,Aston Villa,4.41,3.74,1.82,0.2173,0.2562,0.5265,avg_closing,avg_closing,closing,1.0436,2026-09-13T03:33:42+00:00,E0_2021.csv,5afe63f6,pinnacle_closing,0.2095,0.2542,0.5363
2021-01-27,Chelsea,Wolves,1.65,3.85,5.78,0.5834,0.25,0.1665,avg_closing,avg_closing,closing,1.0388,2026-09-13T03:33:42+00:00,E0_2021.csv,5afe63f6,pinnacle_closing,0.5945,0.2456,0.1598
2021-01-27,Brighton,Fulham,2.05,3.31,3.95,0.4677,0.2896,0.2427,avg_closing,avg_closing,closing,1.0431,2026-09-13T03:33:42+00:00,E0_2021.csv,5afe63f6,pinnacle_closing,0.4571,0.292,0.2508
2021-01-27,Everton,Leicester,3.18,3.28,2.37,0.302,0.2928,0.4052,avg_closing,avg_closing,closing,1.0413,2026-09-13T03:33:42+00:00,E0_2021.csv,5afe63f6,pinnacle_closing,0.2893,0.2928,0.4179
2021-01-27,Man United,Sheffield United,1.28,6.02,10.77,0.751,0.1597,0.0893,avg_closing,avg_closing,closing,1.0402,2026-09-13T03:33:42+00:00,E0_2021.csv,5afe63f6,pinnacle_closing,0.7585,0.1551,0.0865
2021-01-28,Tottenham,Liverpool,3.57,3.8,2.01,0.2691,0.2528,0.478,avg_closing,avg_closing,closing,1.0408,2026-09-13T03:33:42+00:00,E0_2021.csv,5afe63f6,pinnacle_closing,0.265,0.2508,0.4842
2021-01-30,Everton,Newcastle,1.57,4.11,6.22,0.6118,0.2337,0.1544,avg_closing,avg_closing,closing,1.041,2026-09-13T03:33:42+00:00,E0_2021.csv,5afe63f6,pinnacle_closing,0.624,0.2334,0.1425
2021-01-30,Crystal Palace,Wolves,2.94,3.09,2.63,0.3258,0.31,0.3642,avg_closing,avg_closing,closing,1.044,2026-09-13T03:33:42+00:00,E0_2021.csv,5afe63f6,pinnacle_closing,0.3272,0.3077,0.3651
2021-01-30,Man City,Sheffield United,1.18,7.27,16.86,0.8115,0.1317,0.0568,avg_closing,avg_closing,closing,1.0443,2026-09-13T03:33:42+00:00,E0_2021.csv,5afe63f6,pinnacle_closing,0.8137,0.1328,0.0534
2021-01-30,West Brom,Fulham,3.53,3.29,2.2,0.2719,0.2918,0.4363,avg_closing,avg_closing,closing,1.0418,2026-09-13T03:33:42+00:00,E0_2021.csv,5afe63f6,pinnacle_closing,0.2719,0.2871,0.441
2021-01-30,Arsenal,Man United,3.48,3.52,2.13,0.2761,0.2729,0.451,avg_closing,avg_closing,closing,1.0409,2026-09-13T03:33:42+00:00,E0_2021.csv,5afe63f6,pinnacle_closing,0.2718,0.2645,0.4637
2021-01-30,Southampton,Aston Villa,3.22,3.68,2.18,0.2983,0.261,0.4406,avg_closing,avg_closing,closing,1.041,2026-09-13T03:33:42+00:00,E0_2021.csv,5afe63f6,pinnacle_closing,0.2901,0.2614,0.4485
2021-01-31,Chelsea,Burnley,1.33,5.22,10.0,0.7206,0.1836,0.0958,avg_closing,avg_closing,closing,1.0435,2026-09-13T03:33:42+00:00,E0_2021.csv,5afe63f6,pinnacle_closing,0.7153,0.1871,0.0977
2021-01-31,Leicester,Leeds,1.84,3.83,4.2,0.5212,0.2504,0.2284,avg_closing,avg_closing,closing,1.0427,2026-09-13T03:33:42+00:00,E0_2021.csv,5afe63f6,pinnacle_closing,0.5228,0.2488,0.2284
2021-01-31,West Ham,Liverpool,3.45,3.68,2.09,0.2787,0.2613,0.46,avg_closing,avg_closing,closing,1.0401,2026-09-13T03:33:42+00:00,E0_2021.csv,5afe63f6,pinnacle_closing,0.2669,0.2767,0.4564
2021-01-31,Brighton,Tottenham,3.24,3.32,2.31,0.296,0.2889,0.4152,avg_closing,avg_closing,closing,1.0427,2026-09-13T03:33:42+00:00,E0_2021.csv,5afe63f6,pinnacle_closing,0.3136,0.2853,0.4011
2021-02-02,Sheffield United,West Brom,2.12,3.34,3.7,0.453,0.2875,0.2595,avg_closing,avg_closing,closing,1.0414,2026-09-13T03:33:42+00:00,E0_2021.csv,5afe63f6,pinnacle_closing,0.4439,0.2907,0.2654
2021-02-02,Wolves,Arsenal,3.61,3.26,2.18,0.2657,0.2943,0.44,avg_closing,avg_closing,closing,1.0425,2026-09-13T03:33:42+00:00,E0_2021.csv,5afe63f6,pinnacle_closing,0.2628,0.2927,0.4444
2021-02-02,Man United,Southampton,1.45,4.79,6.94,0.6615,0.2003,0.1382,avg_closing,avg_closing,closing,1.0425,2026-09-13T03:33:42+00:00,E0_2021.csv,5afe63f6,pinnacle_closing,0.6708,0.1965,0.1327
2021-02-02,Newcastle,Crystal Palace,2.96,3.27,2.5,0.3237,0.293,0.3833,avg_closing,avg_closing,closing,1.0436,2026-09-13T03:33:42+00:00,E0_2021.csv,5afe63f6,pinnacle_closing,0.3245,0.2831,0.3923
2021-02-03,Burnley,Man City,15.35,6.88,1.2,0.0624,0.1392,0.7983,avg_closing,avg_closing,closing,1.0438,2026-09-13T03:33:42+00:00,E0_2021.csv,5afe63f6,pinnacle_closing,0.0567,0.1455,0.7978
2021-02-03,Fulham,Leicester,3.79,3.33,2.08,0.2525,0.2874,0.4601,avg_closing,avg_closing,closing,1.0449,2026-09-13T03:33:42+00:00,E0_2021.csv,5afe63f6,pinnacle_closing,0.2506,0.2926,0.4567
2021-02-03,Leeds,Everton,2.58,3.48,2.72,0.3718,0.2756,0.3526,avg_closing,avg_closing,closing,1.0426,2026-09-13T03:33:42+00:00,E0_2021.csv,5afe63f6,pinnacle_closing,0.3692,0.2788,0.352
2021-02-03,Aston Villa,West Ham,2.36,3.45,3.04,0.4064,0.278,0.3155,avg_closing,avg_closing,closing,1.0425,2026-09-13T03:33:42+00:00,E0_2021.csv,5afe63f6,pinnacle_closing,0.3977,0.274,0.3283
2021-02-03,Liverpool,Brighton,1.5,4.57,6.38,0.6397,0.21,0.1504,avg_closing,avg_closing,closing,1.0422,2026-09-13T03:33:42+00:00,E0_2021.csv,5afe63f6,pinnacle_closing,0.6426,0.2087,0.1487
2021-02-04,Tottenham,Chelsea,3.98,3.48,1.98,0.2407,0.2753,0.4839,avg_closing,avg_closing,closing,1.0437,2026-09-13T03:33:42+00:00,E0_2021.csv,5afe63f6,pinnacle_closing,0.2375,0.2719,0.4906
2021-02-06,Aston Villa,Arsenal,2.98,3.46,2.4,0.3223,0.2776,0.4002,avg_closing,avg_closing,closing,1.0413,2026-09-13T03:33:42+00:00,E0_2021.csv,5afe63f6,pinnacle_closing,0.3209,0.2796,0.3995
2021-02-06,Burnley,Brighton,3.64,3.15,2.21,0.263,0.3039,0.4331,avg_closing,avg_closing,closing,1.0447,2026-09-13T03:33:42+00:00,E0_2021.csv,5afe63f6,pinnacle_closing,0.2672,0.3019,0.4309
2021-02-06,Newcastle,Southampton,3.28,3.47,2.23,0.2927,0.2767,0.4306,avg_closing,avg_closing,closing,1.0415,2026-09-13T03:33:42+00:00,E0_2021.csv,5afe63f6,pinnacle_closing,0.2886,0.2688,0.4427
2021-02-06,Fulham,West Ham,4.1,3.63,1.91,0.2339,0.2641,0.502,avg_closing,avg_closing,closing,1.0429,2026-09-13T03:33:42+00:00,E0_2021.csv,5afe63f6,pinnacle_closing,0.2401,0.2663,0.4936
2021-02-06,Man United,Everton,1.62,4.15,5.45,0.5926,0.2313,0.1761,avg_closing,avg_closing,closing,1.0417,2026-09-13T03:33:42+00:00,E0_2021.csv,5afe63f6,pinnacle_closing,0.5959,0.2299,0.1742
2021-02-07,Tottenham,West Brom,1.39,4.93,8.25,0.6894,0.1944,0.1162,avg_closing,avg_closing,closing,1.0435,2026-09-13T03:33:42+00:00,E0_2021.csv,5afe63f6,pinnacle_closing,0.695,0.1931,0.112
2021-02-07,Wolves,Leicester,3.36,3.22,2.31,0.2859,0.2983,0.4158,avg_closing,avg_closing,closing,1.0411,2026-09-13T03:33:42+00:00,E0_2021.csv,5afe63f6,pinnacle_closing,0.2791,0.295,0.4259
2021-02-07,Liverpool,Man City,3.13,3.6,2.25,0.3067,0.2667,0.4266,avg_closing,avg_closing,closing,1.0417,2026-09-13T03:33:42+00:00,E0_2021.csv,5afe63f6,pinnacle_closing,0.3102,0.2648,0.4249
2021-02-07,Sheffield United,Chelsea,6.99,4.27,1.5,0.137,0.2243,0.6386,avg_closing,avg_closing,closing,1.0439,2026-09-13T03:33:42+00:00,E0_2021.csv,5afe63f6,pinnacle_closing,0.14,0.2234,0.6366
2021-02-08,Leeds,Crystal Palace,1.82,3.71,4.48,0.5272,0.2586,0.2142,avg_closing,avg_closing,closing,1.0422,2026-09-13T03:33:42+00:00,E0_2021.csv,5afe63f6,pinnacle_closing,0.5445,0.2656,0.19
2021-02-13,Leicester,Liverpool,3.74,3.83,1.94,0.2561,0.2501,0.4938,avg_closing,avg_closing,closing,1.0439,2026-09-13T03:33:42+00:00,E0_2021.csv,5afe63f6,pinnacle_closing,0.2471,0.2434,0.5096
2021-02-13,Crystal Palace,Burnley,2.84,3.14,2.69,0.3378,0.3055,0.3566,avg_closing,avg_closing,closing,1.0423,2026-09-13T03:33:42+00:00,E0_2021.csv,5afe63f6,pinnacle_closing,0.3363,0.3012,0.3625
2021-02-13,Man City,Tottenham,1.34,5.62,8.46,0.7159,0.1707,0.1134,avg_closing,avg_closing,closing,1.0424,2026-09-13T03:33:42+00:00,E0_2021.csv,5afe63f6,pinnacle_closing,0.728,0.1642,0.1078
2021-02-13,Brighton,Aston Villa,2.88,3.36,2.51,0.3328,0.2853,0.3819,avg_closing,avg_closing,closing,1.0432,2026-09-13T03:33:42+00:00,E0_2021.csv,5afe63f6,pinnacle_closing,0.3411,0.2838,0.3751
2021-02-14,Southampton,Wolves,2.23,3.24,3.49,0.4297,0.2957,0.2746,avg_closing,avg_closing,closing,1.0436,2026-09-13T03:33:42+00:00,E0_2021.csv,5afe63f6,pinnacle_closing,0.4309,0.2973,0.2717
2021-02-14,West Brom,Man United,9.63,5.82,1.3,0.0994,0.1644,0.7362,avg_closing,avg_closing,closing,1.0449,2026-09-13T03:33:42+00:00,E0_2021.csv,5afe63f6,pinnacle_closing,0.0995,0.1619,0.7386
2021-02-14,Arsenal,Leeds,1.81,3.87,4.23,0.5275,0.2467,0.2257,avg_closing,avg_closing,closing,1.0473,2026-09-13T03:33:42+00:00,E0_2021.csv,5afe63f6,pinnacle_closing,0.5283,0.2506,0.2211
2021-02-14,Everton,Fulham,2.04,3.37,3.92,0.4704,0.2848,0.2448,avg_closing,avg_closing,closing,1.042,2026-09-13T03:33:42+00:00,E0_2021.csv,5afe63f6,pinnacle_closing,0.4816,0.2817,0.2367
2021-02-15,West Ham,Sheffield United,2.03,3.27,4.07,0.4718,0.2929,0.2353,avg_closing,avg_closing,closing,1.0441,2026-09-13T03:33:42+00:00,E0_2021.csv,5afe63f6,pinnacle_closing,0.4722,0.29,0.2378
2021-02-15,Chelsea,Newcastle,1.29,5.74,10.69,0.7433,0.167,0.0897,avg_closing,avg_closing,closing,1.043,2026-09-13T03:33:42+00:00,E0_2021.csv,5afe63f6,pinnacle_closing,0.7637,0.16,0.0764
2021-02-17,Burnley,Fulham,2.96,3.13,2.59,0.3238,0.3062,0.37,avg_closing,avg_closing,closing,1.0434,2026-09-13T03:33:42+00:00,E0_2021.csv,5afe63f6,pinnacle_closing,0.321,0.3108,0.3681
2021-02-17,Everton,Man City,10.79,5.8,1.29,0.0891,0.1657,0.7452,avg_closing,avg_closing,closing,1.0403,2026-09-13T03:33:42+00:00,E0_2021.csv,5afe63f6,pinnacle_closing,0.0805,0.1608,0.7587
2021-02-19,Wolves,Leeds,2.3,3.36,3.21,0.4165,0.2851,0.2984,avg_closing,avg_closing,closing,1.0439,2026-09-13T03:33:42+00:00,E0_2021.csv,5afe63f6,pinnacle_closing,0.4178,0.2842,0.298
2021-02-20,Southampton,Chelsea,4.62,3.77,1.78,0.2074,0.2542,0.5384,avg_closing,avg_closing,closing,1.0435,2026-09-13T03:33:42+00:00,E0_2021.csv,5afe63f6,pinnacle_closing,0.2144,0.2581,0.5274
2021-02-20,Burnley,West Brom,2.16,3.26,3.67,0.4442,0.2943,0.2614,avg_closing,avg_closing,closing,1.0422,2026-09-13T03:33:42+00:00,E0_2021.csv,5afe63f6,pinnacle_closing,0.449,0.2913,0.2596
2021-02-20,Liverpool,Everton,1.37,5.27,7.97,0.6984,0.1816,0.1201,avg_closing,avg_closing,closing,1.0452,2026-09-13T03:33:42+00:00,E0_2021.csv,5afe63f6,pinnacle_closing,0.7057,0.1797,0.1146
2021-02-20,Fulham,Sheffield United,1.97,3.34,4.2,0.4857,0.2865,0.2278,avg_closing,avg_closing,closing,1.0451,2026-09-13T03:33:42+00:00,E0_2021.csv,5afe63f6,pinnacle_closing,0.4958,0.2847,0.2195
2021-02-21,West Ham,Tottenham,3.01,3.43,2.39,0.3188,0.2797,0.4015,avg_closing,avg_closing,closing,1.0422,2026-09-13T03:33:42+00:00,E0_2021.csv,5afe63f6,pinnacle_closing,0.3076,0.2763,0.4162
2021-02-21,Aston Villa,Leicester,3.69,3.63,2.01,0.2596,0.2639,0.4765,avg_closing,avg_closing,closing,1.044,2026-09-13T03:33:42+00:00,E0_2021.csv,5afe63f6,pinnacle_closing,0.2656,0.2599,0.4745
2021-02-21,Arsenal,Man City,6.84,4.59,1.47,0.14,0.2086,0.6514,avg_closing,avg_closing,closing,1.0443,2026-09-13T03:33:42+00:00,E0_2021.csv,5afe63f6,pinnacle_closing,0.1351,0.2102,0.6547
2021-02-21,Man United,Newcastle,1.33,5.37,9.41,0.7199,0.1783,0.1018,avg_closing,avg_closing,closing,1.0444,2026-09-13T03:33:42+00:00,E0_2021.csv,5afe63f6,pinnacle_closing,0.7213,0.1817,0.0971
2021-02-22,Brighton,Crystal Palace,1.76,3.49,5.27,0.544,0.2743,0.1817,avg_closing,avg_closing,closing,1.0445,2026-09-13T03:33:42+00:00,E0_2021.csv,5afe63f6,pinnacle_closing,0.5452,0.2764,0.1784
2021-02-23,Leeds,Southampton,2.16,3.58,3.31,0.4433,0.2675,0.2893,avg_closing,avg_closing,closing,1.0444,2026-09-13T03:33:42+00:00,E0_2021.csv,5afe63f6,pinnacle_closing,0.4409,0.2704,0.2887
2021-02-27,Man City,West Ham,1.26,6.18,11.14,0.7593,0.1548,0.0859,avg_closing,avg_closing,closing,1.0452,2026-09-13T03:33:42+00:00,E0_2021.csv,5afe63f6,pinnacle_closing,0.757,0.1543,0.0887
2021-02-27,West Brom,Brighton,4.49,3.54,1.85,0.213,0.2701,0.5169,avg_closing,avg_closing,closing,1.0457,2026-09-13T03:33:42+00:00,E0_2021.csv,5afe63f6,pinnacle_closing,0.2117,0.2637,0.5246
2021-02-27,Leeds,Aston Villa,2.04,3.8,3.45,0.4699,0.2523,0.2778,avg_closing,avg_closing,closing,1.0432,2026-09-13T03:33:42+00:00,E0_2021.csv,5afe63f6,pinnacle_closing,0.4773,0.2502,0.2725
2021-02-27,Newcastle,Wolves,3.65,3.15,2.21,0.2624,0.3041,0.4335,avg_closing,avg_closing,closing,1.0439,2026-09-13T03:33:42+00:00,E0_2021.csv,5afe63f6,pinnacle_closing,0.2587,0.3009,0.4405
2021-02-28,Crystal Palace,Fulham,3.45,3.2,2.27,0.2779,0.2996,0.4224,avg_closing,avg_closing,closing,1.0429,2026-09-13T03:33:42+00:00,E0_2021.csv,5afe63f6,pinnacle_closing,0.2766,0.3013,0.4221
2021-02-28,Leicester,Arsenal,2.34,3.33,3.18,0.4101,0.2882,0.3018,avg_closing,avg_closing,closing,1.0421,2026-09-13T03:33:42+00:00,E0_2021.csv,5afe63f6,pinnacle_closing,0.4204,0.2881,0.2915
2021-02-28,Tottenham,Burnley,1.5,4.27,7.04,0.6392,0.2246,0.1362,avg_closing,avg_closing,closing,1.0429,2026-09-13T03:33:42+00:00,E0_2021.csv,5afe63f6,pinnacle_closing,0.6402,0.2206,0.1392
2021-02-28,Chelsea,Man United,2.36,3.32,3.15,0.4065,0.289,0.3045,avg_closing,avg_closing,closing,1.0424,2026-09-13T03:33:42+00:00,E0_2021.csv,5afe63f6,pinnacle_closing,0.4039,0.2944,0.3017
2021-02-28,Sheffield United,Liverpool,8.15,5.32,1.37,0.1179,0.1806,0.7015,avg_closing,avg_closing,closing,1.0406,2026-09-13T03:33:42+00:00,E0_2021.csv,5afe63f6,pinnacle_closing,0.1151,0.1775,0.7074
2021-03-01,Everton,Southampton,2.14,3.45,3.48,0.4474,0.2775,0.2751,avg_closing,avg_closing,closing,1.0445,2026-09-13T03:33:42+00:00,E0_2021.csv,5afe63f6,pinnacle_closing,0.4444,0.2754,0.2802
2021-03-02,Man City,Wolves,1.22,6.53,14.46,0.7867,0.147,0.0664,avg_closing,avg_closing,closing,1.042,2026-09-13T03:33:42+00:00,E0_2021.csv,5afe63f6,pinnacle_closing,0.8,0.1391,0.0609
2021-03-03,Burnley,Leicester,3.85,3.12,2.17,0.2495,0.3079,0.4426,avg_closing,avg_closing,closing,1.0411,2026-09-13T03:33:42+00:00,E0_2021.csv,5afe63f6,pinnacle_closing,0.2513,0.3123,0.4364
2021-03-03,Sheffield United,Aston Villa,3.55,3.38,2.15,0.2702,0.2838,0.4461,avg_closing,avg_closing,closing,1.0427,2026-09-13T03:33:42+00:00,E0_2021.csv,5afe63f6,pinnacle_closing,0.2726,0.2886,0.4388
2021-03-03,Crystal Palace,Man United,7.61,4.62,1.44,0.1261,0.2077,0.6663,avg_closing,avg_closing,closing,1.0423,2026-09-13T03:33:42+00:00,E0_2021.csv,5afe63f6,pinnacle_closing,0.126,0.2113,0.6627
2021-03-04,Fulham,Tottenham,3.91,3.44,2.02,0.2456,0.2791,0.4753,avg_closing,avg_closing,closing,1.0415,2026-09-13T03:33:42+00:00,E0_2021.csv,5afe63f6,pinnacle_closing,0.2477,0.2886,0.4637
2021-03-04,West Brom,Everton,3.93,3.47,2.0,0.244,0.2764,0.4796,avg_closing,avg_closing,closing,1.0426,2026-09-13T03:33:42+00:00,E0_2021.csv,5afe63f6,pinnacle_closing,0.2449,0.2761,0.479
2021-03-04,Liverpool,Chelsea,2.2,3.48,3.33,0.4361,0.2757,0.2881,avg_closing,avg_closing,closing,1.0422,2026-09-13T03:33:42+00:00,E0_2021.csv,5afe63f6,pinnacle_closing,0.4324,0.2776,0.29
2021-03-06,Burnley,Arsenal,4.93,3.61,1.78,0.1947,0.2659,0.5393,avg_closing,avg_closing,closing,1.0416,2026-09-13T03:33:42+00:00,E0_2021.csv,5afe63f6,pinnacle_closing,0.1883,0.2636,0.548
2021-03-06,Sheffield United,Southampton,3.75,3.33,2.1,0.2556,0.2879,0.4565,avg_closing,avg_closing,closing,1.0432,2026-09-13T03:33:42+00:00,E0_2021.csv,5afe63f6,pinnacle_closing,0.2613,0.2926,0.4462
2021-03-06,Aston Villa,Wolves,2.62,3.11,2.94,0.3658,0.3082,0.326,avg_closing,avg_closing,closing,1.0434,2026-09-13T03:33:42+00:00,E0_2021.csv,5afe63f6,pinnacle_closing,0.3628,0.3129,0.3243
2021-03-06,Brighton,Leicester,2.53,3.17,3.02,0.3794,0.3028,0.3178,avg_closing,avg_closing,closing,1.0418,2026-09-13T03:33:42+00:00,E0_2021.csv,5afe63f6,pinnacle_closing,0.3879,0.3008,0.3113
2021-03-07,West Brom,Newcastle,2.31,3.18,3.38,0.415,0.3014,0.2836,avg_closing,avg_closing,closing,1.0432,2026-09-13T03:33:42+00:00,E0_2021.csv,5afe63f6,pinnacle_closing,0.4216,0.2973,0.2811
2021-03-07,Liverpool,Fulham,1.64,3.96,5.6,0.5858,0.2426,0.1716,avg_closing,avg_closing,closing,1.0409,2026-09-13T03:33:42+00:00,E0_2021.csv,5afe63f6,pinnacle_closing,0.5853,0.2426,0.1721
2021-03-07,Man City,Man United,1.5,4.39,6.76,0.6396,0.2185,0.1419,avg_closing,avg_closing,closing,1.0424,2026-09-13T03:33:42+00:00,E0_2021.csv,5afe63f6,pinnacle_closing,0.6465,0.2179,0.1356
2021-03-07,Tottenham,Crystal Palace,1.54,4.15,6.55,0.6226,0.231,0.1464,avg_closing,avg_closing,closing,1.043,2026-09-13T03:33:42+00:00,E0_2021.csv,5afe63f6,pinnacle_closing,0.6245,0.2336,0.1418
2021-03-08,Chelsea,Everton,1.62,3.89,5.92,0.5917,0.2464,0.1619,avg_closing,avg_closing,closing,1.0433,2026-09-13T03:33:42+00:00,E0_2021.csv,5afe63f6,pinnacle_closing,0.5821,0.2476,0.1704
2021-03-08,West Ham,Leeds,2.25,3.55,3.15,0.4259,0.2699,0.3042,avg_closing,avg_closing,closing,1.0436,2026-09-13T03:33:42+00:00,E0_2021.csv,5afe63f6,pinnacle_closing,0.435,0.2711,0.2939
2021-03-10,Man City,Southampton,1.18,7.38,16.25,0.8114,0.1297,0.0589,avg_closing,avg_closing,closing,1.0445,2026-09-13T03:33:42+00:00,E0_2021.csv,5afe63f6,pinnacle_closing,0.8228,0.1248,0.0524
2021-03-12,Newcastle,Aston Villa,3.66,3.35,2.12,0.2619,0.2861,0.4521,avg_closing,avg_closing,closing,1.0434,2026-09-13T03:33:42+00:00,E0_2021.csv,5afe63f6,pinnacle_closing,0.2573,0.2859,0.4569
2021-03-13,Leeds,Chelsea,5.0,3.93,1.7,0.1918,0.244,0.5642,avg_closing,avg_closing,closing,1.0427,2026-09-13T03:33:42+00:00,E0_2021.csv,5afe63f6,pinnacle_closing,0.1842,0.2447,0.571
2021-03-13,Crystal Palace,West Brom,2.34,3.11,3.4,0.4097,0.3083,0.282,avg_closing,avg_closing,closing,1.043,2026-09-13T03:33:42+00:00,E0_2021.csv,5afe63f6,pinnacle_closing,0.4093,0.3096,0.2811
2021-03-13,Everton,Burnley,1.99,3.3,4.2,0.4815,0.2904,0.2281,avg_closing,avg_closing,closing,1.0436,2026-09-13T03:33:42+00:00,E0_2021.csv,5afe63f6,pinnacle_closing,0.477,0.2919,0.2312
2021-03-13,Fulham,Man City,8.31,4.7,1.41,0.1155,0.2041,0.6804,avg_closing,avg_closing,closing,1.0423,2026-09-13T03:33:42+00:00,E0_2021.csv,5afe63f6,pinnacle_closing,0.1168,0.2051,0.6781
2021-03-14,Southampton,Brighton,3.24,3.18,2.38,0.2958,0.3014,0.4027,avg_closing,avg_closing,closing,1.0433,2026-09-13T03:33:42+00:00,E0_2021.csv,5afe63f6,pinnacle_closing,0.2929,0.3011,0.406
2021-03-14,Leicester,Sheffield United,1.52,4.0,7.36,0.6303,0.2395,0.1302,avg_closing,avg_closing,closing,1.0438,2026-09-13T03:33:42+00:00,E0_2021.csv,5afe63f6,pinnacle_closing,0.6257,0.2465,0.1278
2021-03-14,Arsenal,Tottenham,2.66,3.3,2.75,0.3606,0.2906,0.3488,avg_closing,avg_closing,closing,1.0426,2026-09-13T03:33:42+00:00,E0_2021.csv,5afe63f6,pinnacle_closing,0.3586,0.2931,0.3484
2021-03-14,Man United,West Ham,1.79,3.6,4.83,0.5354,0.2662,0.1984,avg_closing,avg_closing,closing,1.0435,2026-09-13T03:33:42+00:00,E0_2021.csv,5afe63f6,pinnacle_closing,0.5405,0.2658,0.1937
2021-03-15,Wolves,Liverpool,5.67,3.89,1.64,0.1691,0.2464,0.5845,avg_closing,avg_closing,closing,1.0432,2026-09-13T03:33:42+00:00,E0_2021.csv,5afe63f6,pinnacle_closing,0.1646,0.2472,0.5882
2021-03-19,Fulham,Leeds,2.57,3.29,2.84,0.3723,0.2908,0.3369,avg_closing,avg_closing,closing,1.0452,2026-09-13T03:33:42+00:00,E0_2021.csv,5afe63f6,pinnacle_closing,0.3827,0.284,0.3333
2021-03-20,Brighton,Newcastle,1.72,3.53,5.57,0.5568,0.2713,0.1719,avg_closing,avg_closing,closing,1.0442,2026-09-13T03:33:42+00:00,E0_2021.csv,5afe63f6,pinnacle_closing,0.5554,0.2685,0.1761
2021-03-21,West Ham,Arsenal,3.49,3.47,2.13,0.2744,0.276,0.4496,avg_closing,avg_closing,closing,1.0442,2026-09-13T03:33:42+00:00,E0_2021.csv,5afe63f6,pinnacle_closing,0.2764,0.2748,0.4488
2021-03-21,Aston Villa,Tottenham,3.05,3.42,2.36,0.3141,0.2801,0.4059,avg_closing,avg_closing,closing,1.044,2026-09-13T03:33:42+00:00,E0_2021.csv,5afe63f6,pinnacle_closing,0.3138,0.2766,0.4096
2021-04-03,Chelsea,West Brom,1.28,5.57,11.9,0.7477,0.1718,0.0804,avg_closing,avg_closing,closing,1.0448,2026-09-13T03:33:42+00:00,E0_2021.csv,5afe63f6,pinnacle_closing,0.7499,0.1701,0.0799
2021-04-03,Leeds,Sheffield United,1.56,4.17,6.2,0.6151,0.2301,0.1548,avg_closing,avg_closing,closing,1.0421,2026-09-13T03:33:42+00:00,E0_2021.csv,5afe63f6,pinnacle_closing,0.6099,0.234,0.1561
2021-04-03,Leicester,Man City,5.25,3.88,1.68,0.1825,0.247,0.5705,avg_closing,avg_closing,closing,1.0434,2026-09-13T03:33:42+00:00,E0_2021.csv,5afe63f6,pinnacle_closing,0.188,0.2533,0.5587
2021-04-03,Arsenal,Liverpool,2.84,3.58,2.42,0.3371,0.2674,0.3956,avg_closing,avg_closing,closing,1.0447,2026-09-13T03:33:42+00:00,E0_2021.csv,5afe63f6,pinnacle_closing,0.3326,0.265,0.4024
2021-04-04,Southampton,Burnley,2.01,3.37,4.04,0.4776,0.2848,0.2376,avg_closing,avg_closing,closing,1.0418,2026-09-13T03:33:42+00:00,E0_2021.csv,5afe63f6,pinnacle_closing,0.4816,0.2834,0.235
2021-04-04,Newcastle,Tottenham,5.37,3.83,1.68,0.1786,0.2504,0.5709,avg_closing,avg_closing,closing,1.0426,2026-09-13T03:33:42+00:00,E0_2021.csv,5afe63f6,pinnacle_closing,0.1734,0.2467,0.58
2021-04-04,Aston Villa,Fulham,2.53,3.19,2.99,0.3789,0.3005,0.3206,avg_closing,avg_closing,closing,1.0432,2026-09-13T03:33:42+00:00,E0_2021.csv,5afe63f6,pinnacle_closing,0.3768,0.2987,0.3244
2021-04-04,Man United,Brighton,1.66,3.91,5.39,0.5772,0.245,0.1778,avg_closing,avg_closing,closing,1.0437,2026-09-13T03:33:42+00:00,E0_2021.csv,5afe63f6,pinnacle_closing,0.585,0.2406,0.1744
2021-04-05,Everton,Crystal Palace,1.84,3.46,4.72,0.5204,0.2767,0.2029,avg_closing,avg_closing,closing,1.0444,2026-09-13T03:33:42+00:00,E0_2021.csv,5afe63f6,pinnacle_closing,0.5159,0.281,0.2031
2021-04-05,Wolves,West Ham,2.89,3.16,2.63,0.3318,0.3035,0.3647,avg_closing,avg_closing,closing,1.0427,2026-09-13T03:33:42+00:00,E0_2021.csv,5afe63f6,pinnacle_closing,0.3365,0.306,0.3574
2021-04-09,Fulham,Wolves,2.64,3.09,2.94,0.3633,0.3104,0.3263,avg_closing,avg_closing,closing,1.0425,2026-09-13T03:33:42+00:00,E0_2021.csv,5afe63f6,pinnacle_closing,0.3562,0.3129,0.3309
2021-04-10,Man City,Leeds,1.38,5.24,7.9,0.6954,0.1831,0.1215,avg_closing,avg_closing,closing,1.0421,2026-09-13T03:33:42+00:00,E0_2021.csv,5afe63f6,pinnacle_closing,0.7018,0.1834,0.1148
2021-04-10,Liverpool,Aston Villa,1.46,4.67,6.96,0.6569,0.2054,0.1378,avg_closing,avg_closing,closing,1.0427,2026-09-13T03:33:42+00:00,E0_2021.csv,5afe63f6,pinnacle_closing,0.6672,0.2034,0.1294
2021-04-10,Crystal Palace,Chelsea,7.34,4.2,1.5,0.1309,0.2287,0.6404,avg_closing,avg_closing,closing,1.041,2026-09-13T03:33:42+00:00,E0_2021.csv,5afe63f6,pinnacle_closing,0.1261,0.231,0.6429
2021-04-11,Burnley,Newcastle,2.27,3.34,3.31,0.4228,0.2873,0.2899,avg_closing,avg_closing,closing,1.042,2026-09-13T03:33:42+00:00,E0_2021.csv,5afe63f6,pinnacle_closing,0.4307,0.2842,0.2851
2021-04-11,West Ham,Leicester,3.18,3.23,2.39,0.3017,0.297,0.4014,avg_closing,avg_closing,closing,1.0425,2026-09-13T03:33:42+00:00,E0_2021.csv,5afe63f6,pinnacle_closing,0.3008,0.2953,0.4039
2021-04-11,Tottenham,Man United,2.94,3.52,2.4,0.3268,0.2729,0.4003,avg_closing,avg_closing,closing,1.0409,2026-09-13T03:33:42+00:00,E0_2021.csv,5afe63f6,pinnacle_closing,0.324,0.2718,0.4043
2021-04-11,Sheffield United,Arsenal,5.52,3.89,1.66,0.1741,0.247,0.5789,avg_closing,avg_closing,closing,1.0406,2026-09-13T03:33:42+00:00,E0_2021.csv,5afe63f6,pinnacle_closing,0.1749,0.2409,0.5842
2021-04-12,West Brom,Southampton,3.57,3.56,2.08,0.2689,0.2696,0.4615,avg_closing,avg_closing,closing,1.0418,2026-09-13T03:33:42+00:00,E0_2021.csv,5afe63f6,pinnacle_closing,0.2648,0.2677,0.4675
2021-04-12,Brighton,Everton,2.15,3.45,3.52,0.4476,0.279,0.2734,avg_closing,avg_closing,closing,1.0391,2026-09-13T03:33:42+00:00,E0_2021.csv,5afe63f6,pinnacle_closing,0.4549,0.2786,0.2665
2021-04-16,Everton,Tottenham,3.5,3.45,2.15,0.2745,0.2785,0.4469,avg_closing,avg_closing,closing,1.0407,2026-09-13T03:33:42+00:00,E0_2021.csv,5afe63f6,pinnacle_closing,0.2725,0.2828,0.4447
2021-04-17,Newcastle,West Ham,3.43,3.39,2.2,0.28,0.2833,0.4366,avg_closing,avg_closing,closing,1.0411,2026-09-13T03:33:42+00:00,E0_2021.csv,5afe63f6,pinnacle_closing,0.2808,0.2791,0.4401
2021-04-17,Wolves,Sheffield United,1.79,3.44,5.24,0.5371,0.2795,0.1835,avg_closing,avg_closing,closing,1.0402,2026-09-13T03:33:42+00:00,E0_2021.csv,5afe63f6,pinnacle_closing,0.5391,0.2772,0.1837
2021-04-18,Arsenal,Fulham,1.84,3.66,4.43,0.5214,0.2621,0.2165,avg_closing,avg_closing,closing,1.0424,2026-09-13T03:33:42+00:00,E0_2021.csv,5afe63f6,pinnacle_closing,0.5135,0.2637,0.2228
2021-04-18,Man United,Burnley,1.36,5.17,8.77,0.7052,0.1855,0.1094,avg_closing,avg_closing,closing,1.0427,2026-09-13T03:33:42+00:00,E0_2021.csv,5afe63f6,pinnacle_closing,0.7005,0.1862,0.1133
2021-04-19,Leeds,Liverpool,5.19,4.46,1.6,0.1849,0.2152,0.5999,avg_closing,avg_closing,closing,1.0419,2026-09-13T03:33:42+00:00,E0_2021.csv,5afe63f6,pinnacle_closing,0.1794,0.2183,0.6023
2021-04-20,Chelsea,Brighton,1.68,3.72,5.72,0.573,0.2588,0.1683,avg_closing,avg_closing,closing,1.0389,2026-09-13T03:33:42+00:00,E0_2021.csv,5afe63f6,pinnacle_closing,0.5772,0.2608,0.162
2021-04-21,Tottenham,Southampton,1.86,3.81,4.18,0.5173,0.2525,0.2302,avg_closing,avg_closing,closing,1.0393,2026-09-13T03:33:42+00:00,E0_2021.csv,5afe63f6,pinnacle_closing,0.5245,0.2502,0.2253
2021-04-21,Aston Villa,Man City,9.77,5.28,1.33,0.0981,0.1815,0.7204,avg_closing,avg_closing,closing,1.0436,2026-09-13T03:33:42+00:00,E0_2021.csv,5afe63f6,pinnacle_closing,0.1004,0.177,0.7226
2021-04-22,Leicester,West Brom,1.64,3.93,5.62,0.5851,0.2442,0.1707,avg_closing,avg_closing,closing,1.0421,2026-09-13T03:33:42+00:00,E0_2021.csv,5afe63f6,pinnacle_closing,0.5948,0.2415,0.1637
2021-04-23,Arsenal,Everton,2.03,3.55,3.76,0.4735,0.2708,0.2557,avg_closing,avg_closing,closing,1.0403,2026-09-13T03:33:42+00:00,E0_2021.csv,5afe63f6,pinnacle_closing,0.474,0.2697,0.2563
2021-04-24,Liverpool,Newcastle,1.22,7.17,12.58,0.7892,0.1343,0.0765,avg_closing,avg_closing,closing,1.0386,2026-09-13T03:33:42+00:00,E0_2021.csv,5afe63f6,pinnacle_closing,0.789,0.1348,0.0762
2021-04-24,West Ham,Chelsea,5.25,3.93,1.68,0.1831,0.2446,0.5723,avg_closing,avg_closing,closing,1.0402,2026-09-13T03:33:42+00:00,E0_2021.csv,5afe63f6,pinnacle_closing,0.1908,0.2446,0.5646
2021-04-24,Sheffield United,Brighton,6.31,3.96,1.59,0.1524,0.2428,0.6048,avg_closing,avg_closing,closing,1.0399,2026-09-13T03:33:42+00:00,E0_2021.csv,5afe63f6,pinnacle_closing,0.1509,0.2463,0.6028
2021-04-25,Wolves,Burnley,2.35,3.09,3.42,0.4086,0.3107,0.2807,avg_closing,avg_closing,closing,1.0416,2026-09-13T03:33:42+00:00,E0_2021.csv,5afe63f6,pinnacle_closing,0.4009,0.3197,0.2795
2021-04-25,Leeds,Man United,4.35,3.91,1.8,0.2208,0.2456,0.5336,avg_closing,avg_closing,closing,1.0412,2026-09-13T03:33:42+00:00,E0_2021.csv,5afe63f6,pinnacle_closing,0.221,0.2454,0.5337
2021-04-25,Aston Villa,West Brom,2.08,3.48,3.66,0.4617,0.2759,0.2624,avg_closing,avg_closing,closing,1.0413,2026-09-13T03:33:42+00:00,E0_2021.csv,5afe63f6,pinnacle_closing,0.4658,0.274,0.2602
2021-04-26,Leicester,Crystal Palace,1.43,4.64,7.95,0.672,0.2071,0.1209,avg_closing,avg_closing,closing,1.0406,2026-09-13T03:33:42+00:00,E0_2021.csv,5afe63f6,pinnacle_closing,0.6767,0.2052,0.1181
2021-04-30,Southampton,Leicester,4.11,3.75,1.89,0.2342,0.2566,0.5092,avg_closing,avg_closing,closing,1.0391,2026-09-13T03:33:42+00:00,E0_2021.csv,5afe63f6,pinnacle_closing,0.2321,0.2564,0.5115
2021-05-01,Crystal Palace,Man City,9.74,5.43,1.33,0.0988,0.1773,0.7239,avg_closing,avg_closing,closing,1.0387,2026-09-13T03:33:42+00:00,E0_2021.csv,5afe63f6,pinnacle_closing,0.1027,0.1738,0.7235
2021-05-01,Brighton,Leeds,2.08,3.5,3.69,0.4634,0.2754,0.2612,avg_closing,avg_closing,closing,1.0375,2026-09-13T03:33:42+00:00,E0_2021.csv,5afe63f6,pinnacle_closing,0.4678,0.2762,0.256
2021-05-01,Chelsea,Fulham,1.49,4.2,7.85,0.6474,0.2297,0.1229,avg_closing,avg_closing,closing,1.0366,2026-09-13T03:33:42+00:00,E0_2021.csv,5afe63f6,pinnacle_closing,0.6543,0.2288,0.1169
2021-05-01,Everton,Aston Villa,1.98,3.73,3.77,0.4864,0.2582,0.2554,avg_closing,avg_closing,closing,1.0384,2026-09-13T03:33:42+00:00,E0_2021.csv,5afe63f6,pinnacle_closing,0.491,0.2545,0.2545
2021-05-02,Newcastle,Arsenal,3.74,3.63,2.02,0.2576,0.2654,0.477,avg_closing,avg_closing,closing,1.0379,2026-09-13T03:33:42+00:00,E0_2021.csv,5afe63f6,pinnacle_closing,0.2609,0.2688,0.4703
2021-05-02,Tottenham,Sheffield United,1.32,5.46,9.91,0.7273,0.1758,0.0969,avg_closing,avg_closing,closing,1.0416,2026-09-13T03:33:42+00:00,E0_2021.csv,5afe63f6,pinnacle_closing,0.74,0.1677,0.0922
2021-05-03,West Brom,Wolves,2.55,3.11,3.06,0.3769,0.309,0.3141,avg_closing,avg_closing,closing,1.0405,2026-09-13T03:33:42+00:00,E0_2021.csv,5afe63f6,pinnacle_closing,0.3732,0.3124,0.3144
2021-05-03,Burnley,West Ham,3.02,3.55,2.35,0.3189,0.2713,0.4098,avg_closing,avg_closing,closing,1.0383,2026-09-13T03:33:42+00:00,E0_2021.csv,5afe63f6,pinnacle_closing,0.317,0.2714,0.4116
2021-05-07,Leicester,Newcastle,1.4,4.94,8.28,0.6885,0.1951,0.1164,avg_closing,avg_closing,closing,1.0375,2026-09-13T03:33:42+00:00,E0_2021.csv,5afe63f6,pinnacle_closing,0.692,0.1955,0.1124
2021-05-08,Leeds,Tottenham,4.03,3.97,1.86,0.2391,0.2427,0.5181,avg_closing,avg_closing,closing,1.0377,2026-09-13T03:33:42+00:00,E0_2021.csv,5afe63f6,pinnacle_closing,0.2366,0.2407,0.5226
2021-05-08,Sheffield United,Crystal Palace,2.96,3.19,2.58,0.3252,0.3017,0.3731,avg_closing,avg_closing,closing,1.0389,2026-09-13T03:33:42+00:00,E0_2021.csv,5afe63f6,pinnacle_closing,0.319,0.2994,0.3816
2021-05-08,Man City,Chelsea,2.04,3.35,4.01,0.4722,0.2876,0.2402,avg_closing,avg_closing,closing,1.0381,2026-09-13T03:33:42+00:00,E0_2021.csv,5afe63f6,pinnacle_closing,0.47,0.291,0.239
2021-05-08,Liverpool,Southampton,1.31,5.93,9.28,0.7342,0.1622,0.1036,avg_closing,avg_closing,closing,1.0398,2026-09-13T03:33:42+00:00,E0_2021.csv,5afe63f6,pinnacle_closing,0.7344,0.1604,0.1052
2021-05-09,Wolves,Brighton,3.96,3.3,2.06,0.2426,0.2911,0.4663,avg_closing,avg_closing,closing,1.041,2026-09-13T03:33:42+00:00,E0_2021.csv,5afe63f6,pinnacle_closing,0.2312,0.2919,0.477
2021-05-09,Aston Villa,Man United,4.43,3.94,1.78,0.2168,0.2437,0.5395,avg_closing,avg_closing,closing,1.0413,2026-09-13T03:33:42+00:00,E0_2021.csv,5afe63f6,pinnacle_closing,0.2231,0.2401,0.5369
2021-05-09,West Ham,Everton,2.14,3.53,3.46,0.4495,0.2725,0.278,avg_closing,avg_closing,closing,1.0396,2026-09-13T03:33:42+00:00,E0_2021.csv,5afe63f6,pinnacle_closing,0.4543,0.2698,0.2759
2021-05-09,Arsenal,West Brom,1.5,4.5,6.74,0.6427,0.2142,0.143,avg_closing,avg_closing,closing,1.0373,2026-09-13T03:33:42+00:00,E0_2021.csv,5afe63f6,pinnacle_closing,0.6412,0.221,0.1378
2021-05-10,Fulham,Burnley,2.23,3.42,3.35,0.4315,0.2813,0.2872,avg_closing,avg_closing,closing,1.0393,2026-09-13T03:33:42+00:00,E0_2021.csv,5afe63f6,pinnacle_closing,0.4332,0.2813,0.2854
2021-05-11,Man United,Leicester,3.71,3.55,2.05,0.2594,0.2711,0.4695,avg_closing,avg_closing,closing,1.039,2026-09-13T03:33:42+00:00,E0_2021.csv,5afe63f6,pinnacle_closing,0.248,0.2707,0.4813
2021-05-11,Southampton,Crystal Palace,1.88,3.78,4.09,0.511,0.2541,0.2349,avg_closing,avg_closing,closing,1.041,2026-09-13T03:33:42+00:00,E0_2021.csv,5afe63f6,pinnacle_closing,0.5195,0.2524,0.2282
2021-05-12,Chelsea,Arsenal,1.95,3.4,4.29,0.4931,0.2828,0.2241,avg_closing,avg_closing,closing,1.04,2026-09-13T03:33:42+00:00,E0_2021.csv,5afe63f6,pinnacle_closing,0.4909,0.2881,0.221
2021-05-13,Aston Villa,Everton,3.04,3.32,2.45,0.3168,0.2901,0.3931,avg_closing,avg_closing,closing,1.0383,2026-09-13T03:33:42+00:00,E0_2021.csv,5afe63f6,pinnacle_closing,0.3141,0.2891,0.3968
2021-05-13,Man United,Liverpool,2.79,3.72,2.43,0.345,0.2588,0.3962,avg_closing,avg_closing,closing,1.0388,2026-09-13T03:33:42+00:00,E0_2021.csv,5afe63f6,pinnacle_closing,0.3437,0.2598,0.3965
2021-05-14,Newcastle,Man City,8.51,5.76,1.34,0.1133,0.1674,0.7194,avg_closing,avg_closing,closing,1.0374,2026-09-13T03:33:42+00:00,E0_2021.csv,5afe63f6,pinnacle_closing,0.1191,0.1642,0.7166
2021-05-15,Burnley,Leeds,3.49,3.8,2.05,0.2762,0.2536,0.4702,avg_closing,avg_closing,closing,1.0375,2026-09-13T03:33:42+00:00,E0_2021.csv,5afe63f6,pinnacle_closing,0.273,0.2525,0.4744
2021-05-15,Southampton,Fulham,1.87,3.74,4.21,0.5144,0.2572,0.2285,avg_closing,avg_closing,closing,1.0397,2026-09-13T03:33:42+00:00,E0_2021.csv,5afe63f6,pinnacle_closing,0.5225,0.2544,0.2231
2021-05-15,Brighton,West Ham,3.49,3.55,2.12,0.2755,0.2709,0.4536,avg_closing,avg_closing,closing,1.0399,2026-09-13T03:33:42+00:00,E0_2021.csv,5afe63f6,pinnacle_closing,0.2786,0.2708,0.4506
2021-05-16,Crystal Palace,Aston Villa,3.1,3.51,2.3,0.3095,0.2733,0.4172,avg_closing,avg_closing,closing,1.0423,2026-09-13T03:33:42+00:00,E0_2021.csv,5afe63f6,pinnacle_closing,0.3059,0.2704,0.4237
2021-05-16,Tottenham,Wolves,1.54,4.49,5.95,0.6243,0.2141,0.1616,avg_closing,avg_closing,closing,1.0401,2026-09-13T03:33:42+00:00,E0_2021.csv,5afe63f6,pinnacle_closing,0.6253,0.2107,0.164
2021-05-16,West Brom,Liverpool,12.27,7.13,1.22,0.0783,0.1347,0.7871,avg_closing,avg_closing,closing,1.0414,2026-09-13T03:33:42+00:00,E0_2021.csv,5afe63f6,pinnacle_closing,0.0812,0.1336,0.7852
2021-05-16,Everton,Sheffield United,1.36,5.1,9.07,0.7059,0.1882,0.1058,avg_closing,avg_closing,closing,1.0416,2026-09-13T03:33:42+00:00,E0_2021.csv,5afe63f6,pinnacle_closing,0.7147,0.181,0.1043
2021-05-18,Man United,Fulham,1.3,5.82,9.97,0.7387,0.165,0.0963,avg_closing,avg_closing,closing,1.0414,2026-09-13T03:33:42+00:00,E0_2021.csv,5afe63f6,pinnacle_closing,0.7468,0.1637,0.0895
2021-05-18,Southampton,Leeds,2.65,3.8,2.5,0.3627,0.2529,0.3844,avg_closing,avg_closing,closing,1.0405,2026-09-13T03:33:42+00:00,E0_2021.csv,5afe63f6,pinnacle_closing,0.361,0.2508,0.3882
2021-05-18,Brighton,Man City,7.26,4.66,1.45,0.1322,0.2059,0.6619,avg_closing,avg_closing,closing,1.042,2026-09-13T03:33:42+00:00,E0_2021.csv,5afe63f6,pinnacle_closing,0.1316,0.2042,0.6642
2021-05-18,Chelsea,Leicester,1.7,3.81,5.32,0.5663,0.2527,0.181,avg_closing,avg_closing,closing,1.0387,2026-09-13T03:33:42+00:00,E0_2021.csv,5afe63f6,pinnacle_closing,0.57,0.2512,0.1788
2021-05-19,Everton,Wolves,1.79,3.66,4.77,0.5364,0.2623,0.2013,avg_closing,avg_closing,closing,1.0415,2026-09-13T03:33:42+00:00,E0_2021.csv,5afe63f6,pinnacle_closing,0.5273,0.2732,0.1995
2021-05-19,Newcastle,Sheffield United,1.85,3.75,4.29,0.5196,0.2563,0.2241,avg_closing,avg_closing,closing,1.0403,2026-09-13T03:33:42+00:00,E0_2021.csv,5afe63f6,pinnacle_closing,0.5339,0.2544,0.2117
2021-05-19,Tottenham,Aston Villa,1.62,4.44,5.15,0.5954,0.2173,0.1873,avg_closing,avg_closing,closing,1.0367,2026-09-13T03:33:42+00:00,E0_2021.csv,5afe63f6,pinnacle_closing,0.5959,0.2186,0.1854
2021-05-19,Crystal Palace,Arsenal,5.92,4.09,1.59,0.1621,0.2346,0.6034,avg_closing,avg_closing,closing,1.0423,2026-09-13T03:33:42+00:00,E0_2021.csv,5afe63f6,pinnacle_closing,0.1636,0.2384,0.5981
2021-05-19,Burnley,Liverpool,9.9,6.3,1.28,0.097,0.1525,0.7505,avg_closing,avg_closing,closing,1.041,2026-09-13T03:33:42+00:00,E0_2021.csv,5afe63f6,pinnacle_closing,0.0977,0.149,0.7533
2021-05-19,West Brom,West Ham,5.07,4.28,1.64,0.1895,0.2245,0.5859,avg_closing,avg_closing,closing,1.0406,2026-09-13T03:33:42+00:00,E0_2021.csv,5afe63f6,pinnacle_closing,0.1976,0.2251,0.5774
2021-05-23,Arsenal,Brighton,1.67,4.19,4.93,0.5756,0.2294,0.195,avg_closing,avg_closing,closing,1.0403,2026-09-13T03:33:42+00:00,E0_2021.csv,5afe63f6,pinnacle_closing,0.5746,0.232,0.1934
2021-05-23,Aston Villa,Chelsea,6.97,4.85,1.44,0.1374,0.1975,0.6651,avg_closing,avg_closing,closing,1.0441,2026-09-13T03:33:42+00:00,E0_2021.csv,5afe63f6,pinnacle_closing,0.1402,0.1925,0.6673
2021-05-23,Fulham,Newcastle,2.48,3.44,2.89,0.3877,0.2795,0.3327,avg_closing,avg_closing,closing,1.0399,2026-09-13T03:33:42+00:00,E0_2021.csv,5afe63f6,pinnacle_closing,0.3848,0.2806,0.3346
2021-05-23,Leeds,West Brom,1.54,4.69,5.59,0.6235,0.2047,0.1718,avg_closing,avg_closing,closing,1.0415,2026-09-13T03:33:42+00:00,E0_2021.csv,5afe63f6,pinnacle_closing,0.6286,0.2013,0.1701
2021-05-23,Leicester,Tottenham,1.79,4.19,4.14,0.5378,0.2297,0.2325,avg_closing,avg_closing,closing,1.0389,2026-09-13T03:33:42+00:00,E0_2021.csv,5afe63f6,pinnacle_closing,0.5496,0.2244,0.226
2021-05-23,Liverpool,Crystal Palace,1.16,8.57,16.09,0.8282,0.1121,0.0597,avg_closing,avg_closing,closing,1.0409,2026-09-13T03:33:42+00:00,E0_2021.csv,5afe63f6,pinnacle_closing,0.8183,0.1168,0.0649
2021-05-23,Man City,Everton,1.3,6.12,9.6,0.7419,0.1576,0.1005,avg_closing,avg_closing,closing,1.0368,2026-09-13T03:33:42+00:00,E0_2021.csv,5afe63f6,pinnacle_closing,0.7532,0.1535,0.0932
2021-05-23,Sheffield United,Burnley,2.8,3.47,2.53,0.3432,0.2769,0.3798,avg_closing,avg_closing,closing,1.0406,2026-09-13T03:33:42+00:00,E0_2021.csv,5afe63f6,pinnacle_closing,0.3412,0.2819,0.3769
2021-05-23,West Ham,Southampton,1.78,3.85,4.57,0.54,0.2497,0.2103,avg_closing,avg_closing,closing,1.0404,2026-09-13T03:33:42+00:00,E0_2021.csv,5afe63f6,pinnacle_closing,0.5461,0.2481,0.2058
2021-05-23,Wolves,Man United,2.34,3.25,3.26,0.4102,0.2953,0.2944,avg_closing,avg_closing,closing,1.0418,2026-09-13T03:33:42+00:00,E0_2021.csv,5afe63f6,pinnacle_closing,0.3947,0.3069,0.2984
2021-08-13,Brentford,Arsenal,3.89,3.28,2.1,0.2476,0.2937,0.4587,avg_closing,avg_closing,closing,1.0381,2026-09-13T03:33:42+00:00,E0_2122.csv,335afcba,pinnacle_closing,0.248,0.2934,0.4587
2021-08-14,Man United,Leeds,1.64,4.19,5.22,0.5863,0.2295,0.1842,avg_closing,avg_closing,closing,1.04,2026-09-13T03:33:42+00:00,E0_2122.csv,335afcba,pinnacle_closing,0.5859,0.233,0.1812
2021-08-14,Burnley,Brighton,3.19,3.1,2.48,0.3016,0.3104,0.388,avg_closing,avg_closing,closing,1.0393,2026-09-13T03:33:42+00:00,E0_2122.csv,335afcba,pinnacle_closing,0.299,0.3114,0.3896
2021-08-14,Chelsea,Crystal Palace,1.33,5.17,10.58,0.7231,0.186,0.0909,avg_closing,avg_closing,closing,1.0398,2026-09-13T03:33:42+00:00,E0_2122.csv,335afcba,pinnacle_closing,0.7299,0.1811,0.0889
2021-08-14,Everton,Southampton,2.04,3.39,3.95,0.4721,0.2841,0.2438,avg_closing,avg_closing,closing,1.0383,2026-09-13T03:33:42+00:00,E0_2122.csv,335afcba,pinnacle_closing,0.4767,0.2832,0.2401
2021-08-14,Leicester,Wolves,1.74,3.72,5.06,0.552,0.2582,0.1898,avg_closing,avg_closing,closing,1.0412,2026-09-13T03:33:42+00:00,E0_2122.csv,335afcba,pinnacle_closing,0.5543,0.2588,0.1869
2021-08-14,Watford,Aston Villa,3.49,3.3,2.22,0.2755,0.2914,0.4331,avg_closing,avg_closing,closing,1.04,2026-09-13T03:33:42+00:00,E0_2122.csv,335afcba,pinnacle_closing,0.2657,0.2919,0.4424
2021-08-14,Norwich,Liverpool,6.8,4.85,1.46,0.1417,0.1986,0.6597,avg_closing,avg_closing,closing,1.0382,2026-09-13T03:33:42+00:00,E0_2122.csv,335afcba,pinnacle_closing,0.1397,0.1996,0.6607
2021-08-15,Newcastle,West Ham,3.36,3.5,2.19,0.2862,0.2747,0.4391,avg_closing,avg_closing,closing,1.04,2026-09-13T03:33:42+00:00,E0_2122.csv,335afcba,pinnacle_closing,0.2825,0.2753,0.4422
2021-08-15,Tottenham,Man City,5.88,4.12,1.6,0.1639,0.2339,0.6022,avg_closing,avg_closing,closing,1.0378,2026-09-13T03:33:42+00:00,E0_2122.csv,335afcba,pinnacle_closing,0.1636,0.2298,0.6066
2021-08-21,Liverpool,Burnley,1.24,6.57,12.29,0.7754,0.1463,0.0782,avg_closing,avg_closing,closing,1.04,2026-09-13T03:33:42+00:00,E0_2122.csv,335afcba,pinnacle_closing,0.7826,0.1449,0.0725
2021-08-21,Aston Villa,Newcastle,1.84,3.88,4.21,0.5232,0.2481,0.2287,avg_closing,avg_closing,closing,1.0387,2026-09-13T03:33:42+00:00,E0_2122.csv,335afcba,pinnacle_closing,0.5224,0.2551,0.2225
2021-08-21,Crystal Palace,Brentford,2.65,3.16,2.9,0.3633,0.3047,0.332,avg_closing,avg_closing,closing,1.0386,2026-09-13T03:33:42+00:00,E0_2122.csv,335afcba,pinnacle_closing,0.365,0.3057,0.3293
2021-08-21,Leeds,Everton,2.13,3.49,3.53,0.4517,0.2757,0.2726,avg_closing,avg_closing,closing,1.0393,2026-09-13T03:33:42+00:00,E0_2122.csv,335afcba,pinnacle_closing,0.4546,0.2777,0.2678
2021-08-21,Man City,Norwich,1.12,9.88,23.15,0.8608,0.0976,0.0416,avg_closing,avg_closing,closing,1.0373,2026-09-13T03:33:42+00:00,E0_2122.csv,335afcba,pinnacle_closing,0.8647,0.0977,0.0376
2021-08-21,Brighton,Watford,1.74,3.58,5.41,0.5532,0.2689,0.1779,avg_closing,avg_closing,closing,1.0389,2026-09-13T03:33:42+00:00,E0_2122.csv,335afcba,pinnacle_closing,0.5497,0.2756,0.1747
2021-08-22,Southampton,Man United,5.39,4.28,1.62,0.179,0.2254,0.5956,avg_closing,avg_closing,closing,1.0365,2026-09-13T03:33:42+00:00,E0_2122.csv,335afcba,pinnacle_closing,0.1718,0.22,0.6082
2021-08-22,Wolves,Tottenham,2.93,3.06,2.7,0.3287,0.3147,0.3567,avg_closing,avg_closing,closing,1.0385,2026-09-13T03:33:42+00:00,E0_2122.csv,335afcba,pinnacle_closing,0.332,0.317,0.351
2021-08-22,Arsenal,Chelsea,4.51,3.54,1.88,0.214,0.2726,0.5134,avg_closing,avg_closing,closing,1.0361,2026-09-13T03:33:42+00:00,E0_2122.csv,335afcba,pinnacle_closing,0.2176,0.2751,0.5074
2021-08-23,West Ham,Leicester,2.46,3.47,2.9,0.3911,0.2772,0.3317,avg_closing,avg_closing,closing,1.0395,2026-09-13T03:33:42+00:00,E0_2122.csv,335afcba,pinnacle_closing,0.3885,0.2797,0.3318
2021-08-28,Man City,Arsenal,1.34,5.24,9.86,0.7186,0.1838,0.0977,avg_closing,avg_closing,closing,1.0385,2026-09-13T03:33:42+00:00,E0_2122.csv,335afcba,pinnacle_closing,0.7189,0.188,0.0931
2021-08-28,Aston Villa,Brentford,2.09,3.3,3.9,0.461,0.292,0.247,avg_closing,avg_closing,closing,1.0379,2026-09-13T03:33:42+00:00,E0_2122.csv,335afcba,pinnacle_closing,0.4659,0.2938,0.2404
2021-08-28,Brighton,Everton,2.31,3.23,3.36,0.4162,0.2977,0.2861,avg_closing,avg_closing,closing,1.0401,2026-09-13T03:33:42+00:00,E0_2122.csv,335afcba,pinnacle_closing,0.4167,0.3004,0.283
2021-08-28,Newcastle,Southampton,2.44,3.54,2.86,0.3933,0.2711,0.3356,avg_closing,avg_closing,closing,1.042,2026-09-13T03:33:42+00:00,E0_2122.csv,335afcba,pinnacle_closing,0.3895,0.2723,0.3382
2021-08-28,Norwich,Leicester,4.21,3.63,1.9,0.2285,0.2651,0.5064,avg_closing,avg_closing,closing,1.0393,2026-09-13T03:33:42+00:00,E0_2122.csv,335afcba,pinnacle_closing,0.2221,0.2663,0.5116
2021-08-28,West Ham,Crystal Palace,1.57,4.12,6.39,0.6147,0.2342,0.151,avg_closing,avg_closing,closing,1.0362,2026-09-13T03:33:42+00:00,E0_2122.csv,335afcba,pinnacle_closing,0.613,0.2437,0.1433
2021-08-28,Liverpool,Chelsea,2.43,3.32,3.07,0.3963,0.29,0.3137,avg_closing,avg_closing,closing,1.0385,2026-09-13T03:33:42+00:00,E0_2122.csv,335afcba,pinnacle_closing,0.3962,0.2912,0.3126
2021-08-29,Burnley,Leeds,3.27,3.54,2.22,0.2944,0.2719,0.4336,avg_closing,avg_closing,closing,1.0387,2026-09-13T03:33:42+00:00,E0_2122.csv,335afcba,pinnacle_closing,0.2919,0.2716,0.4365
2021-08-29,Tottenham,Watford,1.47,4.45,7.65,0.6568,0.217,0.1262,avg_closing,avg_closing,closing,1.0357,2026-09-13T03:33:42+00:00,E0_2122.csv,335afcba,pinnacle_closing,0.6761,0.2094,0.1145
2021-08-29,Wolves,Man United,4.88,3.71,1.77,0.1971,0.2593,0.5435,avg_closing,avg_closing,closing,1.0394,2026-09-13T03:33:42+00:00,E0_2122.csv,335afcba,pinnacle_closing,0.198,0.2568,0.5452
2021-09-11,Crystal Palace,Tottenham,3.95,3.32,2.07,0.244,0.2903,0.4656,avg_closing,avg_closing,closing,1.0375,2026-09-13T03:33:42+00:00,E0_2122.csv,335afcba,pinnacle_closing,0.2475,0.2936,0.459
2021-09-11,Arsenal,Norwich,1.42,4.89,7.72,0.6783,0.197,0.1248,avg_closing,avg_closing,closing,1.0383,2026-09-13T03:33:42+00:00,E0_2122.csv,335afcba,pinnacle_closing,0.6777,0.1988,0.1235
2021-09-11,Brentford,Brighton,3.01,3.01,2.67,0.3198,0.3198,0.3605,avg_closing,avg_closing,closing,1.039,2026-09-13T03:33:42+00:00,E0_2122.csv,335afcba,pinnacle_closing,0.3116,0.3261,0.3623
2021-09-11,Leicester,Man City,5.58,4.04,1.63,0.1723,0.238,0.5898,avg_closing,avg_closing,closing,1.0402,2026-09-13T03:33:42+00:00,E0_2122.csv,335afcba,pinnacle_closing,0.1736,0.2351,0.5913
2021-09-11,Man United,Newcastle,1.19,7.42,15.77,0.8092,0.1298,0.0611,avg_closing,avg_closing,closing,1.0385,2026-09-13T03:33:42+00:00,E0_2122.csv,335afcba,pinnacle_closing,0.8083,0.1302,0.0615
2021-09-11,Southampton,West Ham,3.06,3.53,2.33,0.3144,0.2726,0.413,avg_closing,avg_closing,closing,1.0393,2026-09-13T03:33:42+00:00,E0_2122.csv,335afcba,pinnacle_closing,0.3097,0.2757,0.4147
2021-09-11,Watford,Wolves,3.57,3.17,2.25,0.2693,0.3033,0.4273,avg_closing,avg_closing,closing,1.04,2026-09-13T03:33:42+00:00,E0_2122.csv,335afcba,pinnacle_closing,0.2665,0.3046,0.4289
2021-09-11,Chelsea,Aston Villa,1.34,5.29,9.78,0.7193,0.1822,0.0985,avg_closing,avg_closing,closing,1.0376,2026-09-13T03:33:42+00:00,E0_2122.csv,335afcba,pinnacle_closing,0.7238,0.1816,0.0946
2021-09-12,Leeds,Liverpool,4.86,4.31,1.67,0.1985,0.2238,0.5777,avg_closing,avg_closing,closing,1.0366,2026-09-13T03:33:42+00:00,E0_2122.csv,335afcba,pinnacle_closing,0.1938,0.218,0.5883
2021-09-13,Everton,Burnley,1.78,3.52,5.23,0.5417,0.2739,0.1844,avg_closing,avg_closing,closing,1.0371,2026-09-13T03:33:42+00:00,E0_2122.csv,335afcba,pinnacle_closing,0.5485,0.2766,0.175
2021-09-17,Newcastle,Leeds,3.09,3.67,2.26,0.3116,0.2624,0.426,avg_closing,avg_closing,closing,1.0386,2026-09-13T03:33:42+00:00,E0_2122.csv,335afcba,pinnacle_closing,0.3006,0.2612,0.4381
2021-09-18,Wolves,Brentford,1.83,3.35,5.1,0.5249,0.2867,0.1883,avg_closing,avg_closing,closing,1.041,2026-09-13T03:33:42+00:00,E0_2122.csv,335afcba,pinnacle_closing,0.5333,0.2853,0.1814
2021-09-18,Burnley,Arsenal,3.76,3.63,2.01,0.256,0.2652,0.4789,avg_closing,avg_closing,closing,1.039,2026-09-13T03:33:42+00:00,E0_2122.csv,335afcba,pinnacle_closing,0.2482,0.258,0.4938
2021-09-18,Liverpool,Crystal Palace,1.27,6.16,11.26,0.7582,0.1563,0.0855,avg_closing,avg_closing,closing,1.0385,2026-09-13T03:33:42+00:00,E0_2122.csv,335afcba,pinnacle_closing,0.7565,0.1592,0.0843
2021-09-18,Man City,Southampton,1.17,8.1,16.62,0.8232,0.1189,0.0579,avg_closing,avg_closing,closing,1.0383,2026-09-13T03:33:42+00:00,E0_2122.csv,335afcba,pinnacle_closing,0.8232,0.1188,0.058
2021-09-18,Norwich,Watford,2.3,3.3,3.34,0.4192,0.2922,0.2887,avg_closing,avg_closing,closing,1.0372,2026-09-13T03:33:42+00:00,E0_2122.csv,335afcba,pinnacle_closing,0.4064,0.2977,0.2959
2021-09-18,Aston Villa,Everton,2.18,3.36,3.52,0.4409,0.2861,0.2731,avg_closing,avg_closing,closing,1.0404,2026-09-13T03:33:42+00:00,E0_2122.csv,335afcba,pinnacle_closing,0.449,0.2829,0.2682
2021-09-19,Brighton,Leicester,2.52,3.22,3.02,0.3821,0.299,0.3188,avg_closing,avg_closing,closing,1.0385,2026-09-13T03:33:42+00:00,E0_2122.csv,335afcba,pinnacle_closing,0.3836,0.3029,0.3135
2021-09-19,West Ham,Man United,4.38,3.77,1.83,0.2195,0.255,0.5254,avg_closing,avg_closing,closing,1.04,2026-09-13T03:33:42+00:00,E0_2122.csv,335afcba,pinnacle_closing,0.2264,0.2574,0.5162
2021-09-19,Tottenham,Chelsea,4.2,3.41,1.97,0.2292,0.2823,0.4886,avg_closing,avg_closing,closing,1.039,2026-09-13T03:33:42+00:00,E0_2122.csv,335afcba,pinnacle_closing,0.2329,0.2877,0.4795
2021-09-25,Chelsea,Man City,2.89,3.18,2.64,0.3329,0.3026,0.3645,avg_closing,avg_closing,closing,1.0393,2026-09-13T03:33:42+00:00,E0_2122.csv,335afcba,pinnacle_closing,0.3352,0.3049,0.3599
2021-09-25,Man United,Aston Villa,1.4,4.99,7.82,0.6851,0.1922,0.1227,avg_closing,avg_closing,closing,1.0426,2026-09-13T03:33:42+00:00,E0_2122.csv,335afcba,pinnacle_closing,0.6863,0.1911,0.1226
2021-09-25,Everton,Norwich,1.69,3.76,5.53,0.5698,0.2561,0.1741,avg_closing,avg_closing,closing,1.0385,2026-09-13T03:33:42+00:00,E0_2122.csv,335afcba,pinnacle_closing,0.574,0.2554,0.1706
2021-09-25,Leeds,West Ham,2.95,3.6,2.36,0.3258,0.267,0.4072,avg_closing,avg_closing,closing,1.0405,2026-09-13T03:33:42+00:00,E0_2122.csv,335afcba,pinnacle_closing,0.318,0.2705,0.4115
2021-09-25,Leicester,Burnley,1.68,3.86,5.32,0.5711,0.2486,0.1803,avg_closing,avg_closing,closing,1.0423,2026-09-13T03:33:42+00:00,E0_2122.csv,335afcba,pinnacle_closing,0.5696,0.2497,0.1807
2021-09-25,Watford,Newcastle,2.13,3.48,3.52,0.451,0.2761,0.2729,avg_closing,avg_closing,closing,1.0409,2026-09-13T03:33:42+00:00,E0_2122.csv,335afcba,pinnacle_closing,0.4532,0.2742,0.2727
2021-09-25,Brentford,Liverpool,7.58,4.86,1.42,0.1266,0.1975,0.6759,avg_closing,avg_closing,closing,1.0419,2026-09-13T03:33:42+00:00,E0_2122.csv,335afcba,pinnacle_closing,0.1236,0.1955,0.6809
2021-09-26,Southampton,Wolves,2.21,3.3,3.52,0.4352,0.2915,0.2733,avg_closing,avg_closing,closing,1.0396,2026-09-13T03:33:42+00:00,E0_2122.csv,335afcba,pinnacle_closing,0.4551,0.2861,0.2588
2021-09-26,Arsenal,Tottenham,2.2,3.39,3.45,0.4373,0.2838,0.2789,avg_closing,avg_closing,closing,1.0394,2026-09-13T03:33:42+00:00,E0_2122.csv,335afcba,pinnacle_closing,0.4349,0.2878,0.2772
2021-09-27,Crystal Palace,Brighton,2.9,3.09,2.69,0.3315,0.3111,0.3574,avg_closing,avg_closing,closing,1.0402,2026-09-13T03:33:42+00:00,E0_2122.csv,335afcba,pinnacle_closing,0.3308,0.3118,0.3574
2021-10-02,Man United,Everton,1.54,4.24,6.48,0.6247,0.2269,0.1485,avg_closing,avg_closing,closing,1.0395,2026-09-13T03:33:42+00:00,E0_2122.csv,335afcba,pinnacle_closing,0.6259,0.2255,0.1486
2021-10-02,Burnley,Norwich,1.96,3.54,4.01,0.4896,0.2711,0.2393,avg_closing,avg_closing,closing,1.0421,2026-09-13T03:33:42+00:00,E0_2122.csv,335afcba,pinnacle_closing,0.4912,0.2715,0.2373
2021-10-02,Chelsea,Southampton,1.42,4.73,7.94,0.6761,0.203,0.1209,avg_closing,avg_closing,closing,1.0416,2026-09-13T03:33:42+00:00,E0_2122.csv,335afcba,pinnacle_closing,0.6678,0.207,0.1252
2021-10-02,Leeds,Watford,1.76,3.95,4.6,0.547,0.2437,0.2093,avg_closing,avg_closing,closing,1.0387,2026-09-13T03:33:42+00:00,E0_2122.csv,335afcba,pinnacle_closing,0.5486,0.2454,0.206
2021-10-02,Wolves,Newcastle,1.78,3.71,4.75,0.5392,0.2587,0.2021,avg_closing,avg_closing,closing,1.0419,2026-09-13T03:33:42+00:00,E0_2122.csv,335afcba,pinnacle_closing,0.5332,0.2623,0.2045
2021-10-02,Brighton,Arsenal,3.24,3.29,2.35,0.2973,0.2928,0.4099,avg_closing,avg_closing,closing,1.0381,2026-09-13T03:33:42+00:00,E0_2122.csv,335afcba,pinnacle_closing,0.2957,0.2879,0.4165
2021-10-03,Crystal Palace,Leicester,2.82,3.25,2.64,0.3406,0.2955,0.3638,avg_closing,avg_closing,closing,1.0411,2026-09-13T03:33:42+00:00,E0_2122.csv,335afcba,pinnacle_closing,0.341,0.2966,0.3625
2021-10-03,Tottenham,Aston Villa,2.11,3.44,3.65,0.4563,0.2799,0.2638,avg_closing,avg_closing,closing,1.0386,2026-09-13T03:33:42+00:00,E0_2122.csv,335afcba,pinnacle_closing,0.4568,0.2817,0.2614
2021-10-03,West Ham,Brentford,1.78,3.72,4.81,0.541,0.2588,0.2002,avg_closing,avg_closing,closing,1.0385,2026-09-13T03:33:42+00:00,E0_2122.csv,335afcba,pinnacle_closing,0.5555,0.2539,0.1906
2021-10-03,Liverpool,Man City,3.02,3.56,2.35,0.3191,0.2707,0.4101,avg_closing,avg_closing,closing,1.0376,2026-09-13T03:33:42+00:00,E0_2122.csv,335afcba,pinnacle_closing,0.3133,0.2761,0.4107
2021-10-16,Watford,Liverpool,8.61,5.48,1.35,0.1117,0.1756,0.7127,avg_closing,avg_closing,closing,1.0394,2026-09-13T03:33:42+00:00,E0_2122.csv,335afcba,pinnacle_closing,0.1132,0.1713,0.7155
2021-10-16,Aston Villa,Wolves,2.13,3.2,3.84,0.4504,0.2998,0.2498,avg_closing,avg_closing,closing,1.0424,2026-09-13T03:33:42+00:00,E0_2122.csv,335afcba,pinnacle_closing,0.4529,0.2956,0.2515
2021-10-16,Leicester,Man United,3.66,3.75,2.0,0.2627,0.2564,0.4808,avg_closing,avg_closing,closing,1.0399,2026-09-13T03:33:42+00:00,E0_2122.csv,335afcba,pinnacle_closing,0.2638,0.2458,0.4904
2021-10-16,Man City,Burnley,1.14,8.96,19.09,0.8425,0.1072,0.0503,avg_closing,avg_closing,closing,1.0412,2026-09-13T03:33:42+00:00,E0_2122.csv,335afcba,pinnacle_closing,0.8475,0.1067,0.0458
2021-10-16,Norwich,Brighton,4.03,3.49,1.97,0.2381,0.2749,0.487,avg_closing,avg_closing,closing,1.0423,2026-09-13T03:33:42+00:00,E0_2122.csv,335afcba,pinnacle_closing,0.237,0.2647,0.4983
2021-10-16,Southampton,Leeds,2.16,3.58,3.34,0.4444,0.2681,0.2874,avg_closing,avg_closing,closing,1.0417,2026-09-13T03:33:42+00:00,E0_2122.csv,335afcba,pinnacle_closing,0.4615,0.263,0.2756
2021-10-16,Brentford,Chelsea,5.58,3.83,1.66,0.1719,0.2504,0.5777,avg_closing,avg_closing,closing,1.0427,2026-09-13T03:33:42+00:00,E0_2122.csv,335afcba,pinnacle_closing,0.1732,0.2524,0.5745
2021-10-17,Everton,West Ham,2.84,3.27,2.61,0.3382,0.2937,0.368,avg_closing,avg_closing,closing,1.0411,2026-09-13T03:33:42+00:00,E0_2122.csv,335afcba,pinnacle_closing,0.3364,0.2914,0.3722
2021-10-17,Newcastle,Tottenham,3.56,3.61,2.07,0.2698,0.2661,0.4641,avg_closing,avg_closing,closing,1.041,2026-09-13T03:33:42+00:00,E0_2122.csv,335afcba,pinnacle_closing,0.2731,0.2635,0.4634
2021-10-18,Arsenal,Crystal Palace,1.61,4.0,5.81,0.5954,0.2396,0.165,avg_closing,avg_closing,closing,1.0432,2026-09-13T03:33:42+00:00,E0_2122.csv,335afcba,pinnacle_closing,0.6023,0.234,0.1637
2021-10-22,Arsenal,Aston Villa,1.98,3.64,3.87,0.4865,0.2646,0.2489,avg_closing,avg_closing,closing,1.0382,2026-09-13T03:33:42+00:00,E0_2122.csv,335afcba,pinnacle_closing,0.4794,0.2679,0.2527
2021-10-23,Chelsea,Norwich,1.22,6.51,14.53,0.7866,0.1474,0.066,avg_closing,avg_closing,closing,1.0421,2026-09-13T03:33:42+00:00,E0_2122.csv,335afcba,pinnacle_closing,0.794,0.1435,0.0625
2021-10-23,Crystal Palace,Newcastle,1.91,3.54,4.24,0.5025,0.2711,0.2264,avg_closing,avg_closing,closing,1.0419,2026-09-13T03:33:42+00:00,E0_2122.csv,335afcba,pinnacle_closing,0.4888,0.2785,0.2327
2021-10-23,Everton,Watford,1.79,3.62,4.84,0.5364,0.2652,0.1984,avg_closing,avg_closing,closing,1.0415,2026-09-13T03:33:42+00:00,E0_2122.csv,335afcba,pinnacle_closing,0.5305,0.2734,0.196
2021-10-23,Leeds,Wolves,2.44,3.4,2.96,0.3934,0.2823,0.3243,avg_closing,avg_closing,closing,1.0418,2026-09-13T03:33:42+00:00,E0_2122.csv,335afcba,pinnacle_closing,0.3708,0.2846,0.3447
2021-10-23,Southampton,Burnley,1.97,3.61,3.9,0.4876,0.2661,0.2463,avg_closing,avg_closing,closing,1.041,2026-09-13T03:33:42+00:00,E0_2122.csv,335afcba,pinnacle_closing,0.4679,0.2826,0.2495
2021-10-23,Brighton,Man City,8.1,4.84,1.41,0.1188,0.1988,0.6824,avg_closing,avg_closing,closing,1.0393,2026-09-13T03:33:42+00:00,E0_2122.csv,335afcba,pinnacle_closing,0.1194,0.1974,0.6832
2021-10-24,Brentford,Leicester,2.78,3.41,2.58,0.3457,0.2818,0.3725,avg_closing,avg_closing,closing,1.0406,2026-09-13T03:33:42+00:00,E0_2122.csv,335afcba,pinnacle_closing,0.3419,0.2747,0.3835
2021-10-24,West Ham,Tottenham,2.29,3.5,3.13,0.4191,0.2742,0.3066,avg_closing,avg_closing,closing,1.0419,2026-09-13T03:33:42+00:00,E0_2122.csv,335afcba,pinnacle_closing,0.4347,0.268,0.2973
2021-10-24,Man United,Liverpool,2.97,3.59,2.35,0.3235,0.2676,0.4089,avg_closing,avg_closing,closing,1.0408,2026-09-13T03:33:42+00:00,E0_2122.csv,335afcba,pinnacle_closing,0.3165,0.2672,0.4162
2021-10-30,Leicester,Arsenal,2.5,3.49,2.8,0.3833,0.2745,0.3422,avg_closing,avg_closing,closing,1.0437,2026-09-13T03:33:42+00:00,E0_2122.csv,335afcba,pinnacle_closing,0.3835,0.277,0.3395
2021-10-30,Burnley,Brentford,2.64,3.15,2.88,0.363,0.3042,0.3328,avg_closing,avg_closing,closing,1.0435,2026-09-13T03:33:42+00:00,E0_2122.csv,335afcba,pinnacle_closing,0.3573,0.305,0.3376
2021-10-30,Liverpool,Brighton,1.28,6.06,10.42,0.7496,0.1583,0.0921,avg_closing,avg_closing,closing,1.0422,2026-09-13T03:33:42+00:00,E0_2122.csv,335afcba,pinnacle_closing,0.7473,0.169,0.0837
2021-10-30,Man City,Crystal Palace,1.14,8.64,19.87,0.8408,0.1109,0.0482,avg_closing,avg_closing,closing,1.0433,2026-09-13T03:33:42+00:00,E0_2122.csv,335afcba,pinnacle_closing,0.8492,0.1047,0.0461
2021-10-30,Newcastle,Chelsea,7.84,4.54,1.44,0.1224,0.2113,0.6663,avg_closing,avg_closing,closing,1.0423,2026-09-13T03:33:42+00:00,E0_2122.csv,335afcba,pinnacle_closing,0.1158,0.2159,0.6684
2021-10-30,Watford,Southampton,3.23,3.44,2.26,0.2969,0.2788,0.4243,avg_closing,avg_closing,closing,1.0428,2026-09-13T03:33:42+00:00,E0_2122.csv,335afcba,pinnacle_closing,0.3038,0.2763,0.4199
2021-10-30,Tottenham,Man United,3.12,3.58,2.26,0.3075,0.268,0.4245,avg_closing,avg_closing,closing,1.0423,2026-09-13T03:33:42+00:00,E0_2122.csv,335afcba,pinnacle_closing,0.3076,0.2615,0.4309
2021-10-31,Norwich,Leeds,3.59,3.66,2.03,0.2667,0.2616,0.4717,avg_closing,avg_closing,closing,1.0444,2026-09-13T03:33:42+00:00,E0_2122.csv,335afcba,pinnacle_closing,0.2671,0.2628,0.47
2021-10-31,Aston Villa,West Ham,2.96,3.48,2.39,0.3237,0.2753,0.4009,avg_closing,avg_closing,closing,1.0436,2026-09-13T03:33:42+00:00,E0_2122.csv,335afcba,pinnacle_closing,0.3326,0.2794,0.388
2021-11-01,Wolves,Everton,2.24,3.17,3.56,0.4281,0.3025,0.2694,avg_closing,avg_closing,closing,1.0428,2026-09-13T03:33:42+00:00,E0_2122.csv,335afcba,pinnacle_closing,0.4256,0.3069,0.2675
2021-11-05,Southampton,Aston Villa,2.06,3.64,3.56,0.4663,0.2639,0.2698,avg_closing,avg_closing,closing,1.0411,2026-09-13T03:33:42+00:00,E0_2122.csv,335afcba,pinnacle_closing,0.451,0.2726,0.2764
2021-11-06,Man United,Man City,4.65,4.14,1.71,0.2065,0.2319,0.5615,avg_closing,avg_closing,closing,1.0414,2026-09-13T03:33:42+00:00,E0_2122.csv,335afcba,pinnacle_closing,0.2038,0.2319,0.5643
2021-11-06,Brentford,Norwich,1.64,3.97,5.53,0.5849,0.2416,0.1735,avg_closing,avg_closing,closing,1.0425,2026-09-13T03:33:42+00:00,E0_2122.csv,335afcba,pinnacle_closing,0.5812,0.2399,0.1788
2021-11-06,Chelsea,Burnley,1.27,5.67,12.59,0.7548,0.1691,0.0761,avg_closing,avg_closing,closing,1.0432,2026-09-13T03:33:42+00:00,E0_2122.csv,335afcba,pinnacle_closing,0.7562,0.1691,0.0747
2021-11-06,Crystal Palace,Wolves,2.34,3.1,3.42,0.41,0.3095,0.2805,avg_closing,avg_closing,closing,1.0423,2026-09-13T03:33:42+00:00,E0_2122.csv,335afcba,pinnacle_closing,0.4127,0.3095,0.2778
2021-11-06,Brighton,Newcastle,1.59,4.13,5.84,0.6034,0.2323,0.1643,avg_closing,avg_closing,closing,1.0423,2026-09-13T03:33:42+00:00,E0_2122.csv,335afcba,pinnacle_closing,0.6072,0.2328,0.16
2021-11-07,Arsenal,Watford,1.45,4.76,7.13,0.6631,0.202,0.1349,avg_closing,avg_closing,closing,1.04,2026-09-13T03:33:42+00:00,E0_2122.csv,335afcba,pinnacle_closing,0.6678,0.2006,0.1316
2021-11-07,Everton,Tottenham,3.39,3.28,2.26,0.283,0.2925,0.4245,avg_closing,avg_closing,closing,1.0423,2026-09-13T03:33:42+00:00,E0_2122.csv,335afcba,pinnacle_closing,0.2821,0.293,0.4249
2021-11-07,Leeds,Leicester,2.64,3.44,2.68,0.3633,0.2788,0.3579,avg_closing,avg_closing,closing,1.0426,2026-09-13T03:33:42+00:00,E0_2122.csv,335afcba,pinnacle_closing,0.3642,0.2807,0.355
2021-11-07,West Ham,Liverpool,4.45,4.21,1.73,0.216,0.2283,0.5557,avg_closing,avg_closing,closing,1.0403,2026-09-13T03:33:42+00:00,E0_2122.csv,335afcba,pinnacle_closing,0.2188,0.2223,0.5589
2021-11-20,Leicester,Chelsea,4.91,3.71,1.76,0.1956,0.2588,0.5456,avg_closing,avg_closing,closing,1.0414,2026-09-13T03:33:42+00:00,E0_2122.csv,335afcba,pinnacle_closing,0.1934,0.2568,0.5498
2021-11-20,Aston Villa,Brighton,2.48,3.29,3.0,0.3875,0.2921,0.3204,avg_closing,avg_closing,closing,1.0405,2026-09-13T03:33:42+00:00,E0_2122.csv,335afcba,pinnacle_closing,0.3916,0.2905,0.3179
2021-11-20,Burnley,Crystal Palace,2.85,3.18,2.68,0.3379,0.3028,0.3593,avg_closing,avg_closing,closing,1.0385,2026-09-13T03:33:42+00:00,E0_2122.csv,335afcba,pinnacle_closing,0.342,0.301,0.357
2021-11-20,Newcastle,Brentford,2.48,3.39,2.92,0.3875,0.2835,0.3291,avg_closing,avg_closing,closing,1.0407,2026-09-13T03:33:42+00:00,E0_2122.csv,335afcba,pinnacle_closing,0.39,0.2837,0.3263
2021-11-20,Norwich,Southampton,3.54,3.45,2.14,0.2717,0.2788,0.4495,avg_closing,avg_closing,closing,1.0396,2026-09-13T03:33:42+00:00,E0_2122.csv,335afcba,pinnacle_closing,0.2769,0.2769,0.4463
2021-11-20,Watford,Man United,6.42,4.62,1.5,0.1499,0.2083,0.6417,avg_closing,avg_closing,closing,1.0389,2026-09-13T03:33:42+00:00,E0_2122.csv,335afcba,pinnacle_closing,0.148,0.2029,0.6492
2021-11-20,Wolves,West Ham,3.14,3.27,2.41,0.3065,0.2943,0.3993,avg_closing,avg_closing,closing,1.0392,2026-09-13T03:33:42+00:00,E0_2122.csv,335afcba,pinnacle_closing,0.307,0.295,0.3981
2021-11-20,Liverpool,Arsenal,1.52,4.7,5.93,0.633,0.2047,0.1623,avg_closing,avg_closing,closing,1.0393,2026-09-13T03:33:42+00:00,E0_2122.csv,335afcba,pinnacle_closing,0.6306,0.2089,0.1605
2021-11-21,Man City,Everton,1.21,7.11,14.63,0.7982,0.1358,0.066,avg_closing,avg_closing,closing,1.0354,2026-09-13T03:33:42+00:00,E0_2122.csv,335afcba,pinnacle_closing,0.8097,0.1296,0.0607
2021-11-21,Tottenham,Leeds,1.61,4.06,5.73,0.5961,0.2364,0.1675,avg_closing,avg_closing,closing,1.0419,2026-09-13T03:33:42+00:00,E0_2122.csv,335afcba,pinnacle_closing,0.6049,0.233,0.1621
2021-11-27,Arsenal,Newcastle,1.51,4.54,6.3,0.636,0.2115,0.1524,avg_closing,avg_closing,closing,1.0412,2026-09-13T03:33:42+00:00,E0_2122.csv,335afcba,pinnacle_closing,0.6372,0.2157,0.1471
2021-11-27,Crystal Palace,Aston Villa,2.32,3.23,3.32,0.4137,0.2972,0.2891,avg_closing,avg_closing,closing,1.0418,2026-09-13T03:33:42+00:00,E0_2122.csv,335afcba,pinnacle_closing,0.4146,0.3001,0.2853
2021-11-27,Liverpool,Southampton,1.25,6.5,11.34,0.7677,0.1476,0.0846,avg_closing,avg_closing,closing,1.042,2026-09-13T03:33:42+00:00,E0_2122.csv,335afcba,pinnacle_closing,0.7756,0.1436,0.0808
2021-11-27,Norwich,Wolves,3.57,3.29,2.19,0.2692,0.2921,0.4388,avg_closing,avg_closing,closing,1.0407,2026-09-13T03:33:42+00:00,E0_2122.csv,335afcba,pinnacle_closing,0.2716,0.2919,0.4365
2021-11-27,Brighton,Leeds,2.19,3.31,3.54,0.4385,0.2902,0.2713,avg_closing,avg_closing,closing,1.0412,2026-09-13T03:33:42+00:00,E0_2122.csv,335afcba,pinnacle_closing,0.4385,0.2928,0.2687
2021-11-28,Brentford,Everton,2.25,3.21,3.52,0.4273,0.2995,0.2731,avg_closing,avg_closing,closing,1.0401,2026-09-13T03:33:42+00:00,E0_2122.csv,335afcba,pinnacle_closing,0.4283,0.3008,0.2709
2021-11-28,Leicester,Watford,1.7,3.9,5.1,0.5652,0.2464,0.1884,avg_closing,avg_closing,closing,1.0407,2026-09-13T03:33:42+00:00,E0_2122.csv,335afcba,pinnacle_closing,0.5766,0.2406,0.1828
2021-11-28,Man City,West Ham,1.27,6.21,10.75,0.7561,0.1546,0.0893,avg_closing,avg_closing,closing,1.0415,2026-09-13T03:33:42+00:00,E0_2122.csv,335afcba,pinnacle_closing,0.7629,0.1491,0.0881
2021-11-28,Chelsea,Man United,1.56,4.21,6.21,0.6166,0.2285,0.1549,avg_closing,avg_closing,closing,1.0396,2026-09-13T03:33:42+00:00,E0_2122.csv,335afcba,pinnacle_closing,0.617,0.2316,0.1514
2021-11-30,Newcastle,Norwich,2.11,3.51,3.56,0.4558,0.274,0.2702,avg_closing,avg_closing,closing,1.0397,2026-09-13T03:33:42+00:00,E0_2122.csv,335afcba,pinnacle_closing,0.4678,0.2716,0.2607
2021-11-30,Leeds,Crystal Palace,2.25,3.34,3.35,0.4264,0.2872,0.2864,avg_closing,avg_closing,closing,1.0424,2026-09-13T03:33:42+00:00,E0_2122.csv,335afcba,pinnacle_closing,0.4151,0.289,0.296
2021-12-01,Southampton,Leicester,2.36,3.46,3.07,0.408,0.2783,0.3137,avg_closing,avg_closing,closing,1.0385,2026-09-13T03:33:42+00:00,E0_2122.csv,335afcba,pinnacle_closing,0.4034,0.2734,0.3232
2021-12-01,Watford,Chelsea,9.78,5.33,1.33,0.0982,0.1801,0.7217,avg_closing,avg_closing,closing,1.0417,2026-09-13T03:33:42+00:00,E0_2122.csv,335afcba,pinnacle_closing,0.088,0.1763,0.7358
2021-12-01,West Ham,Brighton,1.98,3.45,4.14,0.4873,0.2797,0.2331,avg_closing,avg_closing,closing,1.0365,2026-09-13T03:33:42+00:00,E0_2122.csv,335afcba,pinnacle_closing,0.4888,0.2891,0.2221
2021-12-01,Wolves,Burnley,1.94,3.37,4.4,0.4959,0.2855,0.2186,avg_closing,avg_closing,closing,1.0395,2026-09-13T03:33:42+00:00,E0_2122.csv,335afcba,pinnacle_closing,0.5185,0.2842,0.1973
2021-12-01,Aston Villa,Man City,7.35,4.63,1.45,0.1306,0.2073,0.6621,avg_closing,avg_closing,closing,1.0417,2026-09-13T03:33:42+00:00,E0_2122.csv,335afcba,pinnacle_closing,0.132,0.2082,0.6598
2021-12-01,Everton,Liverpool,8.49,5.18,1.37,0.1132,0.1855,0.7013,avg_closing,avg_closing,closing,1.0408,2026-09-13T03:33:42+00:00,E0_2122.csv,335afcba,pinnacle_closing,0.1066,0.1879,0.7054
2021-12-02,Tottenham,Brentford,1.66,3.93,5.46,0.5792,0.2447,0.1761,avg_closing,avg_closing,closing,1.04,2026-09-13T03:33:42+00:00,E0_2122.csv,335afcba,pinnacle_closing,0.5763,0.2447,0.179
2021-12-02,Man United,Arsenal,2.07,3.66,3.52,0.4643,0.2626,0.2731,avg_closing,avg_closing,closing,1.0404,2026-09-13T03:33:42+00:00,E0_2122.csv,335afcba,pinnacle_closing,0.4686,0.2592,0.2722
2021-12-04,West Ham,Chelsea,4.84,3.64,1.8,0.1993,0.265,0.5358,avg_closing,avg_closing,closing,1.0369,2026-09-13T03:33:42+00:00,E0_2122.csv,335afcba,pinnacle_closing,0.1986,0.2676,0.5338
2021-12-04,Newcastle,Burnley,2.36,3.44,3.07,0.4074,0.2795,0.3132,avg_closing,avg_closing,closing,1.0402,2026-09-13T03:33:42+00:00,E0_2122.csv,335afcba,pinnacle_closing,0.4048,0.2795,0.3157
2021-12-04,Southampton,Brighton,2.57,3.16,2.99,0.3741,0.3043,0.3216,avg_closing,avg_closing,closing,1.04,2026-09-13T03:33:42+00:00,E0_2122.csv,335afcba,pinnacle_closing,0.3682,0.3021,0.3297
2021-12-04,Wolves,Liverpool,8.46,5.02,1.39,0.114,0.1921,0.6939,avg_closing,avg_closing,closing,1.0368,2026-09-13T03:33:42+00:00,E0_2122.csv,335afcba,pinnacle_closing,0.1054,0.1888,0.7058
2021-12-04,Watford,Man City,13.55,7.1,1.21,0.0709,0.1353,0.7938,avg_closing,avg_closing,closing,1.0411,2026-09-13T03:33:42+00:00,E0_2122.csv,335afcba,pinnacle_closing,0.0648,0.1388,0.7964
2021-12-05,Leeds,Brentford,1.84,3.52,4.75,0.5235,0.2737,0.2028,avg_closing,avg_closing,closing,1.0381,2026-09-13T03:33:42+00:00,E0_2122.csv,335afcba,pinnacle_closing,0.5335,0.2689,0.1976
2021-12-05,Man United,Crystal Palace,1.52,4.46,6.42,0.6339,0.216,0.1501,avg_closing,avg_closing,closing,1.0379,2026-09-13T03:33:42+00:00,E0_2122.csv,335afcba,pinnacle_closing,0.6338,0.2174,0.1488
2021-12-05,Tottenham,Norwich,1.46,4.49,7.52,0.6582,0.214,0.1278,avg_closing,avg_closing,closing,1.0406,2026-09-13T03:33:42+00:00,E0_2122.csv,335afcba,pinnacle_closing,0.6603,0.2167,0.1231
2021-12-05,Aston Villa,Leicester,2.26,3.43,3.27,0.4255,0.2804,0.2941,avg_closing,avg_closing,closing,1.0398,2026-09-13T03:33:42+00:00,E0_2122.csv,335afcba,pinnacle_closing,0.4067,0.2854,0.3079
2021-12-06,Everton,Arsenal,3.47,3.44,2.18,0.2777,0.2802,0.4421,avg_closing,avg_closing,closing,1.0376,2026-09-13T03:33:42+00:00,E0_2122.csv,335afcba,pinnacle_closing,0.2928,0.2851,0.4221
2021-12-10,Brentford,Watford,2.52,3.32,2.94,0.3822,0.2901,0.3276,avg_closing,avg_closing,closing,1.0382,2026-09-13T03:33:42+00:00,E0_2122.csv,335afcba,pinnacle_closing,0.3711,0.2829,0.3461
2021-12-11,Man City,Wolves,1.17,7.8,18.64,0.8246,0.1237,0.0518,avg_closing,avg_closing,closing,1.0366,2026-09-13T03:33:42+00:00,E0_2122.csv,335afcba,pinnacle_closing,0.8362,0.1176,0.0462
2021-12-11,Arsenal,Southampton,1.75,3.92,4.76,0.5512,0.2461,0.2027,avg_closing,avg_closing,closing,1.0366,2026-09-13T03:33:42+00:00,E0_2122.csv,335afcba,pinnacle_closing,0.5573,0.2379,0.2049
2021-12-11,Chelsea,Leeds,1.24,6.6,12.72,0.778,0.1462,0.0758,avg_closing,avg_closing,closing,1.0366,2026-09-13T03:33:42+00:00,E0_2122.csv,335afcba,pinnacle_closing,0.7804,0.1445,0.075
2021-12-11,Liverpool,Aston Villa,1.24,6.71,11.84,0.7755,0.1433,0.0812,avg_closing,avg_closing,closing,1.0399,2026-09-13T03:33:42+00:00,E0_2122.csv,335afcba,pinnacle_closing,0.7818,0.1436,0.0746
2021-12-11,Norwich,Man United,7.35,4.91,1.43,0.1309,0.196,0.673,avg_closing,avg_closing,closing,1.039,2026-09-13T03:33:42+00:00,E0_2122.csv,335afcba,pinnacle_closing,0.1306,0.1911,0.6783
2021-12-12,Burnley,West Ham,3.44,3.47,2.17,0.2796,0.2772,0.4432,avg_closing,avg_closing,closing,1.0397,2026-09-13T03:33:42+00:00,E0_2122.csv,335afcba,pinnacle_closing,0.2724,0.2762,0.4514
2021-12-12,Leicester,Newcastle,1.74,4.01,4.64,0.5528,0.2399,0.2073,avg_closing,avg_closing,closing,1.0396,2026-09-13T03:33:42+00:00,E0_2122.csv,335afcba,pinnacle_closing,0.5719,0.236,0.1921
2021-12-12,Crystal Palace,Everton,2.25,3.19,3.56,0.4278,0.3018,0.2704,avg_closing,avg_closing,closing,1.0388,2026-09-13T03:33:42+00:00,E0_2122.csv,335afcba,pinnacle_closing,0.4313,0.3012,0.2675
2021-12-14,Norwich,Aston Villa,3.71,3.36,2.12,0.2595,0.2865,0.4541,avg_closing,avg_closing,closing,1.0389,2026-09-13T03:33:42+00:00,E0_2122.csv,335afcba,pinnacle_closing,0.2585,0.2849,0.4566
2021-12-14,Man City,Leeds,1.15,9.07,17.53,0.8386,0.1063,0.055,avg_closing,avg_closing,closing,1.0369,2026-09-13T03:33:42+00:00,E0_2122.csv,335afcba,pinnacle_closing,0.8496,0.102,0.0484
2021-12-15,Brighton,Wolves,2.07,3.18,4.19,0.4662,0.3035,0.2303,avg_closing,avg_closing,closing,1.0362,2026-09-13T03:33:42+00:00,E0_2122.csv,335afcba,pinnacle_closing,0.4878,0.3002,0.2121
2021-12-15,Crystal Palace,Southampton,2.09,3.41,3.77,0.4614,0.2828,0.2558,avg_closing,avg_closing,closing,1.037,2026-09-13T03:33:42+00:00,E0_2122.csv,335afcba,pinnacle_closing,0.481,0.2798,0.2393
2021-12-15,Arsenal,West Ham,2.09,3.59,3.58,0.4617,0.2688,0.2695,avg_closing,avg_closing,closing,1.0364,2026-09-13T03:33:42+00:00,E0_2122.csv,335afcba,pinnacle_closing,0.4244,0.2696,0.306
2021-12-16,Chelsea,Everton,1.21,6.99,16.25,0.8016,0.1388,0.0597,avg_closing,avg_closing,closing,1.031,2026-09-13T03:33:42+00:00,E0_2122.csv,335afcba,pinnacle_closing,0.8126,0.1276,0.0598
2021-12-16,Liverpool,Newcastle,1.11,10.85,24.82,0.8718,0.0892,0.039,avg_closing,avg_closing,closing,1.0334,2026-09-13T03:33:42+00:00,E0_2122.csv,335afcba,pinnacle_closing,0.8831,0.0809,0.036
2021-12-18,Leeds,Arsenal,5.8,4.35,1.57,0.1659,0.2212,0.6129,avg_closing,avg_closing,closing,1.0392,2026-09-13T03:33:42+00:00,E0_2122.csv,335afcba,pinnacle_closing,0.1751,0.2216,0.6033
2021-12-19,Newcastle,Man City,20.93,9.45,1.13,0.046,0.1019,0.8521,avg_closing,avg_closing,closing,1.0386,2026-09-13T03:33:42+00:00,E0_2122.csv,335afcba,pinnacle_closing,0.0414,0.0973,0.8613
2021-12-19,Wolves,Chelsea,5.4,3.42,1.79,0.1787,0.2822,0.5391,avg_closing,avg_closing,closing,1.0362,2026-09-13T03:33:42+00:00,E0_2122.csv,335afcba,pinnacle_closing,0.17,0.2756,0.5544
2021-12-19,Tottenham,Liverpool,4.82,4.17,1.69,0.1997,0.2308,0.5695,avg_closing,avg_closing,closing,1.039,2026-09-13T03:33:42+00:00,E0_2122.csv,335afcba,pinnacle_closing,0.1896,0.221,0.5894
2021-12-26,Man City,Leicester,1.13,10.01,18.83,0.8526,0.0962,0.0512,avg_closing,avg_closing,closing,1.038,2026-09-13T03:33:42+00:00,E0_2122.csv,335afcba,pinnacle_closing,0.861,0.0927,0.0463
2021-12-26,Norwich,Arsenal,6.42,4.48,1.52,0.1502,0.2153,0.6345,avg_closing,avg_closing,closing,1.0369,2026-09-13T03:33:42+00:00,E0_2122.csv,335afcba,pinnacle_closing,0.1481,0.2147,0.6371
2021-12-26,Tottenham,Crystal Palace,1.72,3.81,5.07,0.5584,0.2521,0.1895,avg_closing,avg_closing,closing,1.0411,2026-09-13T03:33:42+00:00,E0_2122.csv,335afcba,pinnacle_closing,0.5578,0.2522,0.1899
2021-12-26,West Ham,Southampton,1.96,3.64,3.94,0.4912,0.2645,0.2443,avg_closing,avg_closing,closing,1.0387,2026-09-13T03:33:42+00:00,E0_2122.csv,335afcba,pinnacle_closing,0.4932,0.2668,0.2399
2021-12-26,Aston Villa,Chelsea,5.19,3.77,1.72,0.1854,0.2552,0.5594,avg_closing,avg_closing,closing,1.0393,2026-09-13T03:33:42+00:00,E0_2122.csv,335afcba,pinnacle_closing,0.1814,0.2491,0.5695
2021-12-26,Brighton,Brentford,1.95,3.41,4.3,0.4937,0.2823,0.2239,avg_closing,avg_closing,closing,1.0386,2026-09-13T03:33:42+00:00,E0_2122.csv,335afcba,pinnacle_closing,0.4917,0.2869,0.2214
2021-12-27,Newcastle,Man United,6.38,4.7,1.5,0.1513,0.2053,0.6434,avg_closing,avg_closing,closing,1.0362,2026-09-13T03:33:42+00:00,E0_2122.csv,335afcba,pinnacle_closing,0.1555,0.2061,0.6384
2021-12-28,Crystal Palace,Norwich,1.74,3.59,5.35,0.5525,0.2678,0.1797,avg_closing,avg_closing,closing,1.0402,2026-09-13T03:33:42+00:00,E0_2122.csv,335afcba,pinnacle_closing,0.5497,0.2718,0.1785
2021-12-28,Southampton,Tottenham,3.7,3.41,2.11,0.2605,0.2827,0.4568,avg_closing,avg_closing,closing,1.0375,2026-09-13T03:33:42+00:00,E0_2122.csv,335afcba,pinnacle_closing,0.2593,0.2901,0.4505
2021-12-28,Watford,West Ham,3.52,3.7,2.06,0.2732,0.2599,0.4669,avg_closing,avg_closing,closing,1.0398,2026-09-13T03:33:42+00:00,E0_2122.csv,335afcba,pinnacle_closing,0.2725,0.2548,0.4727
2021-12-28,Leicester,Liverpool,8.66,6.13,1.31,0.1108,0.1566,0.7326,avg_closing,avg_closing,closing,1.042,2026-09-13T03:33:42+00:00,E0_2122.csv,335afcba,pinnacle_closing,0.117,0.1553,0.7276
2021-12-29,Chelsea,Brighton,1.35,5.04,10.37,0.7153,0.1916,0.0931,avg_closing,avg_closing,closing,1.0356,2026-09-13T03:33:42+00:00,E0_2122.csv,335afcba,pinnacle_closing,0.7204,0.193,0.0866
2021-12-29,Brentford,Man City,15.88,8.3,1.17,0.0607,0.1161,0.8233,avg_closing,avg_closing,closing,1.0382,2026-09-13T03:33:42+00:00,E0_2122.csv,335afcba,pinnacle_closing,0.0679,0.1148,0.8173
2021-12-30,Man United,Burnley,1.37,5.01,8.98,0.7013,0.1918,0.107,avg_closing,avg_closing,closing,1.0409,2026-09-13T03:33:42+00:00,E0_2122.csv,335afcba,pinnacle_closing,0.7028,0.1965,0.1007
2022-01-01,Arsenal,Man City,5.21,4.18,1.65,0.185,0.2306,0.5843,avg_closing,avg_closing,closing,1.0372,2026-09-13T03:33:42+00:00,E0_2122.csv,335afcba,pinnacle_closing,0.1864,0.2321,0.5815
2022-01-01,Watford,Tottenham,5.67,4.1,1.62,0.17,0.2351,0.5949,avg_closing,avg_closing,closing,1.0376,2026-09-13T03:33:42+00:00,E0_2122.csv,335afcba,pinnacle_closing,0.1627,0.2374,0.5999
2022-01-01,Crystal Palace,West Ham,3.45,3.32,2.23,0.2788,0.2898,0.4314,avg_closing,avg_closing,closing,1.0395,2026-09-13T03:33:42+00:00,E0_2122.csv,335afcba,pinnacle_closing,0.2748,0.2903,0.4348
2022-01-02,Brentford,Aston Villa,2.87,3.23,2.62,0.3351,0.2978,0.3671,avg_closing,avg_closing,closing,1.0397,2026-09-13T03:33:42+00:00,E0_2122.csv,335afcba,pinnacle_closing,0.3316,0.3047,0.3637
2022-01-02,Everton,Brighton,2.88,3.11,2.71,0.3346,0.3098,0.3556,avg_closing,avg_closing,closing,1.0378,2026-09-13T03:33:42+00:00,E0_2122.csv,335afcba,pinnacle_closing,0.3308,0.3086,0.3606
2022-01-02,Leeds,Burnley,2.05,3.59,3.67,0.4696,0.2681,0.2623,avg_closing,avg_closing,closing,1.0388,2026-09-13T03:33:42+00:00,E0_2122.csv,335afcba,pinnacle_closing,0.4607,0.2775,0.2618
2022-01-02,Chelsea,Liverpool,2.61,3.48,2.72,0.3691,0.2768,0.3541,avg_closing,avg_closing,closing,1.0381,2026-09-13T03:33:42+00:00,E0_2122.csv,335afcba,pinnacle_closing,0.3666,0.2734,0.3599
2022-01-03,Man United,Wolves,1.69,3.75,5.58,0.5703,0.257,0.1727,avg_closing,avg_closing,closing,1.0376,2026-09-13T03:33:42+00:00,E0_2122.csv,335afcba,pinnacle_closing,0.5618,0.2614,0.1768
2022-01-11,Southampton,Brentford,2.18,3.31,3.57,0.4407,0.2902,0.2691,avg_closing,avg_closing,closing,1.0409,2026-09-13T03:33:42+00:00,E0_2122.csv,335afcba,pinnacle_closing,0.4391,0.2941,0.2668
2022-01-12,West Ham,Norwich,1.4,4.96,7.99,0.6861,0.1937,0.1202,avg_closing,avg_closing,closing,1.0411,2026-09-13T03:33:42+00:00,E0_2122.csv,335afcba,pinnacle_closing,0.6958,0.1892,0.115
2022-01-14,Brighton,Crystal Palace,2.04,3.37,3.96,0.4716,0.2855,0.2429,avg_closing,avg_closing,closing,1.0395,2026-09-13T03:33:42+00:00,E0_2122.csv,335afcba,pinnacle_closing,0.4766,0.2874,0.236
2022-01-15,Man City,Chelsea,1.63,4.2,5.3,0.5897,0.2289,0.1814,avg_closing,avg_closing,closing,1.0403,2026-09-13T03:33:42+00:00,E0_2122.csv,335afcba,pinnacle_closing,0.5852,0.2321,0.1827
2022-01-15,Newcastle,Watford,1.84,3.75,4.35,0.5226,0.2564,0.221,avg_closing,avg_closing,closing,1.04,2026-09-13T03:33:42+00:00,E0_2122.csv,335afcba,pinnacle_closing,0.5277,0.2617,0.2106
2022-01-15,Norwich,Everton,3.42,3.33,2.24,0.2814,0.289,0.4296,avg_closing,avg_closing,closing,1.0391,2026-09-13T03:33:42+00:00,E0_2122.csv,335afcba,pinnacle_closing,0.2748,0.2903,0.4348
2022-01-15,Wolves,Southampton,2.42,3.1,3.3,0.3978,0.3105,0.2917,avg_closing,avg_closing,closing,1.0388,2026-09-13T03:33:42+00:00,E0_2122.csv,335afcba,pinnacle_closing,0.3932,0.3221,0.2846
2022-01-15,Aston Villa,Man United,2.56,3.49,2.77,0.3763,0.276,0.3477,avg_closing,avg_closing,closing,1.0382,2026-09-13T03:33:42+00:00,E0_2122.csv,335afcba,pinnacle_closing,0.3929,0.271,0.3362
2022-01-16,Liverpool,Brentford,1.28,6.13,11.02,0.7547,0.1576,0.0877,avg_closing,avg_closing,closing,1.0351,2026-09-13T03:33:42+00:00,E0_2122.csv,335afcba,pinnacle_closing,0.7577,0.1564,0.086
2022-01-16,West Ham,Leeds,1.68,4.2,4.88,0.5733,0.2293,0.1974,avg_closing,avg_closing,closing,1.0383,2026-09-13T03:33:42+00:00,E0_2122.csv,335afcba,pinnacle_closing,0.5765,0.2298,0.1937
2022-01-18,Brighton,Chelsea,5.62,3.77,1.67,0.1708,0.2546,0.5747,avg_closing,avg_closing,closing,1.042,2026-09-13T03:33:42+00:00,E0_2122.csv,335afcba,pinnacle_closing,0.1778,0.2557,0.5665
2022-01-19,Leicester,Tottenham,3.23,3.44,2.28,0.298,0.2798,0.4222,avg_closing,avg_closing,closing,1.0389,2026-09-13T03:33:42+00:00,E0_2122.csv,335afcba,pinnacle_closing,0.2919,0.2786,0.4295
2022-01-19,Brentford,Man United,4.59,3.71,1.81,0.2095,0.2592,0.5313,avg_closing,avg_closing,closing,1.0399,2026-09-13T03:33:42+00:00,E0_2122.csv,335afcba,pinnacle_closing,0.1982,0.2489,0.5529
2022-01-21,Watford,Norwich,2.04,3.52,3.78,0.4719,0.2735,0.2547,avg_closing,avg_closing,closing,1.0388,2026-09-13T03:33:42+00:00,E0_2122.csv,335afcba,pinnacle_closing,0.4721,0.2761,0.2519
2022-01-22,Everton,Aston Villa,2.75,3.41,2.62,0.3501,0.2824,0.3675,avg_closing,avg_closing,closing,1.0386,2026-09-13T03:33:42+00:00,E0_2122.csv,335afcba,pinnacle_closing,0.3683,0.2689,0.3628
2022-01-22,Brentford,Wolves,2.48,3.04,3.25,0.3878,0.3163,0.2959,avg_closing,avg_closing,closing,1.0399,2026-09-13T03:33:42+00:00,E0_2122.csv,335afcba,pinnacle_closing,0.387,0.3189,0.294
2022-01-22,Leeds,Newcastle,1.9,3.88,3.96,0.5077,0.2486,0.2436,avg_closing,avg_closing,closing,1.0366,2026-09-13T03:33:42+00:00,E0_2122.csv,335afcba,pinnacle_closing,0.5252,0.2406,0.2342
2022-01-22,Man United,West Ham,2.1,3.62,3.52,0.4594,0.2665,0.2741,avg_closing,avg_closing,closing,1.0365,2026-09-13T03:33:42+00:00,E0_2122.csv,335afcba,pinnacle_closing,0.4506,0.2716,0.2778
2022-01-22,Southampton,Man City,10.89,5.92,1.29,0.0886,0.1631,0.7483,avg_closing,avg_closing,closing,1.0359,2026-09-13T03:33:42+00:00,E0_2122.csv,335afcba,pinnacle_closing,0.0804,0.1624,0.7572
2022-01-23,Arsenal,Burnley,1.3,5.46,11.04,0.7375,0.1756,0.0868,avg_closing,avg_closing,closing,1.043,2026-09-13T03:33:42+00:00,E0_2122.csv,335afcba,pinnacle_closing,0.7419,0.1758,0.0823
2022-01-23,Crystal Palace,Liverpool,5.98,4.18,1.58,0.1609,0.2302,0.6089,avg_closing,avg_closing,closing,1.0394,2026-09-13T03:33:42+00:00,E0_2122.csv,335afcba,pinnacle_closing,0.1556,0.2281,0.6164
2022-01-23,Leicester,Brighton,2.6,3.43,2.76,0.3704,0.2807,0.3489,avg_closing,avg_closing,closing,1.0385,2026-09-13T03:33:42+00:00,E0_2122.csv,335afcba,pinnacle_closing,0.3609,0.2885,0.3506
2022-01-23,Chelsea,Tottenham,1.74,3.78,5.02,0.5534,0.2548,0.1918,avg_closing,avg_closing,closing,1.0385,2026-09-13T03:33:42+00:00,E0_2122.csv,335afcba,pinnacle_closing,0.5612,0.251,0.1878
2022-02-05,Burnley,Watford,2.19,3.27,3.6,0.439,0.294,0.267,avg_closing,avg_closing,closing,1.0402,2026-09-13T03:33:42+00:00,E0_2122.csv,335afcba,pinnacle_closing,0.4405,0.2945,0.265
2022-02-08,Newcastle,Everton,2.53,3.34,2.92,0.3811,0.2887,0.3302,avg_closing,avg_closing,closing,1.0371,2026-09-13T03:33:42+00:00,E0_2122.csv,335afcba,pinnacle_closing,0.3766,0.2835,0.3399
2022-02-08,West Ham,Watford,1.54,4.27,6.5,0.6259,0.2258,0.1483,avg_closing,avg_closing,closing,1.0374,2026-09-13T03:33:42+00:00,E0_2122.csv,335afcba,pinnacle_closing,0.6332,0.2272,0.1396
2022-02-08,Burnley,Man United,6.21,4.22,1.56,0.155,0.2281,0.617,avg_closing,avg_closing,closing,1.039,2026-09-13T03:33:42+00:00,E0_2122.csv,335afcba,pinnacle_closing,0.1465,0.2292,0.6244
2022-02-09,Man City,Brentford,1.09,11.02,30.43,0.8813,0.0872,0.0316,avg_closing,avg_closing,closing,1.041,2026-09-13T03:33:42+00:00,E0_2122.csv,335afcba,pinnacle_closing,0.8824,0.0863,0.0313
2022-02-09,Norwich,Crystal Palace,3.55,3.27,2.22,0.2714,0.2946,0.434,avg_closing,avg_closing,closing,1.038,2026-09-13T03:33:42+00:00,E0_2122.csv,335afcba,pinnacle_closing,0.2772,0.2992,0.4236
2022-02-09,Tottenham,Southampton,1.59,4.19,5.84,0.6054,0.2297,0.1648,avg_closing,avg_closing,closing,1.0388,2026-09-13T03:33:42+00:00,E0_2122.csv,335afcba,pinnacle_closing,0.6201,0.228,0.1519
2022-02-09,Aston Villa,Leeds,1.94,3.79,3.9,0.4977,0.2548,0.2476,avg_closing,avg_closing,closing,1.0357,2026-09-13T03:33:42+00:00,E0_2122.csv,335afcba,pinnacle_closing,0.4917,0.2624,0.2459
2022-02-10,Liverpool,Leicester,1.21,7.35,12.97,0.795,0.1309,0.0742,avg_closing,avg_closing,closing,1.0396,2026-09-13T03:33:42+00:00,E0_2122.csv,335afcba,pinnacle_closing,0.8092,0.1214,0.0694
2022-02-10,Wolves,Arsenal,3.69,3.18,2.22,0.2616,0.3036,0.4348,avg_closing,avg_closing,closing,1.0359,2026-09-13T03:33:42+00:00,E0_2122.csv,335afcba,pinnacle_closing,0.2341,0.2907,0.4751
2022-02-12,Man United,Southampton,1.56,4.51,5.76,0.6185,0.2139,0.1675,avg_closing,avg_closing,closing,1.0364,2026-09-13T03:33:42+00:00,E0_2122.csv,335afcba,pinnacle_closing,0.6329,0.2114,0.1557
2022-02-12,Brentford,Crystal Palace,2.93,3.08,2.69,0.3289,0.3129,0.3582,avg_closing,avg_closing,closing,1.0377,2026-09-13T03:33:42+00:00,E0_2122.csv,335afcba,pinnacle_closing,0.3107,0.2975,0.3918
2022-02-12,Everton,Leeds,2.52,3.55,2.79,0.3827,0.2717,0.3457,avg_closing,avg_closing,closing,1.0369,2026-09-13T03:33:42+00:00,E0_2122.csv,335afcba,pinnacle_closing,0.367,0.2674,0.3656
2022-02-12,Watford,Brighton,3.82,3.3,2.11,0.252,0.2917,0.4563,avg_closing,avg_closing,closing,1.0387,2026-09-13T03:33:42+00:00,E0_2122.csv,335afcba,pinnacle_closing,0.2295,0.2827,0.4877
2022-02-12,Norwich,Man City,16.51,7.29,1.19,0.0583,0.1321,0.8095,avg_closing,avg_closing,closing,1.0381,2026-09-13T03:33:42+00:00,E0_2122.csv,335afcba,pinnacle_closing,0.0525,0.1252,0.8223
2022-02-13,Burnley,Liverpool,12.85,6.77,1.23,0.0749,0.1422,0.7828,avg_closing,avg_closing,closing,1.0385,2026-09-13T03:33:42+00:00,E0_2122.csv,335afcba,pinnacle_closing,0.0717,0.1345,0.7938
2022-02-13,Newcastle,Aston Villa,2.78,3.39,2.6,0.3461,0.2838,0.3701,avg_closing,avg_closing,closing,1.0393,2026-09-13T03:33:42+00:00,E0_2122.csv,335afcba,pinnacle_closing,0.3457,0.2878,0.3665
2022-02-13,Tottenham,Wolves,1.7,3.72,5.57,0.5675,0.2593,0.1732,avg_closing,avg_closing,closing,1.0366,2026-09-13T03:33:42+00:00,E0_2122.csv,335afcba,pinnacle_closing,0.5769,0.2579,0.1652
2022-02-13,Leicester,West Ham,2.88,3.5,2.47,0.3346,0.2753,0.3901,avg_closing,avg_closing,closing,1.0378,2026-09-13T03:33:42+00:00,E0_2122.csv,335afcba,pinnacle_closing,0.3228,0.2693,0.4079
2022-02-15,Man United,Brighton,1.84,3.61,4.61,0.5239,0.267,0.2091,avg_closing,avg_closing,closing,1.0374,2026-09-13T03:33:42+00:00,E0_2122.csv,335afcba,pinnacle_closing,0.5331,0.2718,0.1951
2022-02-19,West Ham,Newcastle,1.65,4.03,5.39,0.5829,0.2387,0.1784,avg_closing,avg_closing,closing,1.0397,2026-09-13T03:33:42+00:00,E0_2122.csv,335afcba,pinnacle_closing,0.6009,0.2312,0.1678
2022-02-19,Arsenal,Brentford,1.54,3.96,7.27,0.6247,0.2429,0.1323,avg_closing,avg_closing,closing,1.0394,2026-09-13T03:33:42+00:00,E0_2122.csv,335afcba,pinnacle_closing,0.6398,0.236,0.1242
2022-02-19,Aston Villa,Watford,1.65,3.95,5.57,0.5834,0.2437,0.1728,avg_closing,avg_closing,closing,1.0388,2026-09-13T03:33:42+00:00,E0_2122.csv,335afcba,pinnacle_closing,0.6031,0.2403,0.1566
2022-02-19,Brighton,Burnley,1.63,3.8,6.21,0.5912,0.2536,0.1552,avg_closing,avg_closing,closing,1.0377,2026-09-13T03:33:42+00:00,E0_2122.csv,335afcba,pinnacle_closing,0.5799,0.276,0.1441
2022-02-19,Crystal Palace,Chelsea,5.62,3.73,1.69,0.1715,0.2583,0.5702,avg_closing,avg_closing,closing,1.0377,2026-09-13T03:33:42+00:00,E0_2122.csv,335afcba,pinnacle_closing,0.15,0.249,0.601
2022-02-19,Liverpool,Norwich,1.13,9.38,22.62,0.8544,0.1029,0.0427,avg_closing,avg_closing,closing,1.0358,2026-09-13T03:33:42+00:00,E0_2122.csv,335afcba,pinnacle_closing,0.8605,0.1018,0.0377
2022-02-19,Southampton,Everton,2.08,3.55,3.64,0.4635,0.2716,0.2649,avg_closing,avg_closing,closing,1.0372,2026-09-13T03:33:42+00:00,E0_2122.csv,335afcba,pinnacle_closing,0.4894,0.2653,0.2453
2022-02-19,Man City,Tottenham,1.28,6.12,11.03,0.7546,0.1578,0.0876,avg_closing,avg_closing,closing,1.0353,2026-09-13T03:33:42+00:00,E0_2122.csv,335afcba,pinnacle_closing,0.7581,0.155,0.0869
2022-02-20,Leeds,Man United,4.77,4.17,1.7,0.202,0.2311,0.5669,avg_closing,avg_closing,closing,1.0377,2026-09-13T03:33:42+00:00,E0_2122.csv,335afcba,pinnacle_closing,0.1937,0.2277,0.5787
2022-02-20,Wolves,Leicester,2.22,3.23,3.63,0.435,0.299,0.266,avg_closing,avg_closing,closing,1.0355,2026-09-13T03:33:42+00:00,E0_2122.csv,335afcba,pinnacle_closing,0.4455,0.2984,0.2561
2022-02-23,Burnley,Tottenham,4.65,3.61,1.84,0.2077,0.2675,0.5248,avg_closing,avg_closing,closing,1.0355,2026-09-13T03:33:42+00:00,E0_2122.csv,335afcba,pinnacle_closing,0.2071,0.274,0.5189
2022-02-23,Watford,Crystal Palace,2.97,3.12,2.64,0.325,0.3094,0.3656,avg_closing,avg_closing,closing,1.036,2026-09-13T03:33:42+00:00,E0_2122.csv,335afcba,pinnacle_closing,0.3231,0.3088,0.3681
2022-02-23,Liverpool,Leeds,1.18,8.24,15.04,0.8186,0.1172,0.0642,avg_closing,avg_closing,closing,1.0353,2026-09-13T03:33:42+00:00,E0_2122.csv,335afcba,pinnacle_closing,0.8247,0.1145,0.0608
2022-02-24,Arsenal,Wolves,1.67,3.72,5.88,0.5771,0.2591,0.1639,avg_closing,avg_closing,closing,1.0377,2026-09-13T03:33:42+00:00,E0_2122.csv,335afcba,pinnacle_closing,0.5816,0.2598,0.1586
2022-02-25,Southampton,Norwich,1.51,4.48,6.63,0.6391,0.2154,0.1455,avg_closing,avg_closing,closing,1.0363,2026-09-13T03:33:42+00:00,E0_2122.csv,335afcba,pinnacle_closing,0.6422,0.2179,0.1399
2022-02-26,Leeds,Tottenham,3.73,3.81,1.97,0.2582,0.2528,0.4889,avg_closing,avg_closing,closing,1.0382,2026-09-13T03:33:42+00:00,E0_2122.csv,335afcba,pinnacle_closing,0.2581,0.2528,0.4891
2022-02-26,Brentford,Newcastle,2.38,3.11,3.38,0.405,0.3099,0.2851,avg_closing,avg_closing,closing,1.0376,2026-09-13T03:33:42+00:00,E0_2122.csv,335afcba,pinnacle_closing,0.4208,0.308,0.2712
2022-02-26,Crystal Palace,Burnley,1.91,3.33,4.68,0.5046,0.2894,0.2059,avg_closing,avg_closing,closing,1.0375,2026-09-13T03:33:42+00:00,E0_2122.csv,335afcba,pinnacle_closing,0.5085,0.2923,0.1992
2022-02-26,Man United,Watford,1.38,5.0,8.66,0.6967,0.1923,0.111,avg_closing,avg_closing,closing,1.0401,2026-09-13T03:33:42+00:00,E0_2122.csv,335afcba,pinnacle_closing,0.6987,0.195,0.1063
2022-02-26,Brighton,Aston Villa,2.23,3.26,3.53,0.4318,0.2954,0.2728,avg_closing,avg_closing,closing,1.0385,2026-09-13T03:33:42+00:00,E0_2122.csv,335afcba,pinnacle_closing,0.4333,0.2977,0.269
2022-02-26,Everton,Man City,12.54,6.34,1.25,0.0769,0.152,0.7711,avg_closing,avg_closing,closing,1.0375,2026-09-13T03:33:42+00:00,E0_2122.csv,335afcba,pinnacle_closing,0.0778,0.1441,0.7781
2022-02-27,West Ham,Wolves,1.94,3.35,4.51,0.4977,0.2882,0.2141,avg_closing,avg_closing,closing,1.0357,2026-09-13T03:33:42+00:00,E0_2122.csv,335afcba,pinnacle_closing,0.5033,0.2863,0.2104
2022-03-01,Burnley,Leicester,2.91,3.29,2.56,0.331,0.2928,0.3762,avg_closing,avg_closing,closing,1.0382,2026-09-13T03:33:42+00:00,E0_2122.csv,335afcba,pinnacle_closing,0.3319,0.2958,0.3723
2022-03-05,Leicester,Leeds,2.04,3.79,3.54,0.4729,0.2546,0.2725,avg_closing,avg_closing,closing,1.0365,2026-09-13T03:33:42+00:00,E0_2122.csv,335afcba,pinnacle_closing,0.4567,0.2649,0.2784
2022-03-05,Aston Villa,Southampton,2.25,3.54,3.23,0.4288,0.2725,0.2987,avg_closing,avg_closing,closing,1.0365,2026-09-13T03:33:42+00:00,E0_2122.csv,335afcba,pinnacle_closing,0.4327,0.2714,0.2959
2022-03-05,Burnley,Chelsea,7.39,4.08,1.52,0.1303,0.2361,0.6336,avg_closing,avg_closing,closing,1.0383,2026-09-13T03:33:42+00:00,E0_2122.csv,335afcba,pinnacle_closing,0.1316,0.2399,0.6284
2022-03-05,Newcastle,Brighton,2.66,3.11,2.92,0.3615,0.3092,0.3293,avg_closing,avg_closing,closing,1.0399,2026-09-13T03:33:42+00:00,E0_2122.csv,335afcba,pinnacle_closing,0.3494,0.3086,0.342
2022-03-05,Norwich,Brentford,3.12,3.18,2.47,0.3082,0.3024,0.3893,avg_closing,avg_closing,closing,1.0398,2026-09-13T03:33:42+00:00,E0_2122.csv,335afcba,pinnacle_closing,0.304,0.3012,0.3947
2022-03-05,Wolves,Crystal Palace,2.38,3.03,3.47,0.4046,0.3178,0.2775,avg_closing,avg_closing,closing,1.0384,2026-09-13T03:33:42+00:00,E0_2122.csv,335afcba,pinnacle_closing,0.4077,0.3167,0.2756
2022-03-05,Liverpool,West Ham,1.26,6.67,11.24,0.7686,0.1452,0.0862,avg_closing,avg_closing,closing,1.0325,2026-09-13T03:33:42+00:00,E0_2122.csv,335afcba,pinnacle_closing,0.7658,0.1496,0.0846
2022-03-06,Watford,Arsenal,6.65,4.26,1.54,0.1454,0.2269,0.6277,avg_closing,avg_closing,closing,1.0345,2026-09-13T03:33:42+00:00,E0_2122.csv,335afcba,pinnacle_closing,0.1429,0.2267,0.6304
2022-03-06,Man City,Man United,1.42,5.03,7.75,0.6823,0.1926,0.125,avg_closing,avg_closing,closing,1.0321,2026-09-13T03:33:42+00:00,E0_2122.csv,335afcba,pinnacle_closing,0.6806,0.1923,0.1271
2022-03-07,Tottenham,Everton,1.73,3.92,4.96,0.5586,0.2465,0.1948,avg_closing,avg_closing,closing,1.0347,2026-09-13T03:33:42+00:00,E0_2122.csv,335afcba,pinnacle_closing,0.5517,0.255,0.1934
2022-03-10,Norwich,Chelsea,9.67,4.94,1.36,0.0993,0.1944,0.7062,avg_closing,avg_closing,closing,1.0411,2026-09-13T03:33:42+00:00,E0_2122.csv,335afcba,pinnacle_closing,0.0917,0.1948,0.7135
2022-03-10,Southampton,Newcastle,1.96,3.55,4.07,0.4917,0.2715,0.2368,avg_closing,avg_closing,closing,1.0376,2026-09-13T03:33:42+00:00,E0_2122.csv,335afcba,pinnacle_closing,0.5095,0.2687,0.2218
2022-03-10,Wolves,Watford,1.93,3.43,4.38,0.4992,0.2809,0.22,avg_closing,avg_closing,closing,1.038,2026-09-13T03:33:42+00:00,E0_2122.csv,335afcba,pinnacle_closing,0.4959,0.284,0.22
2022-03-10,Leeds,Aston Villa,2.85,3.58,2.46,0.3385,0.2694,0.3921,avg_closing,avg_closing,closing,1.0367,2026-09-13T03:33:42+00:00,E0_2122.csv,335afcba,pinnacle_closing,0.3416,0.2691,0.3892
2022-03-12,Brighton,Liverpool,6.8,4.64,1.48,0.1416,0.2076,0.6508,avg_closing,avg_closing,closing,1.0383,2026-09-13T03:33:42+00:00,E0_2122.csv,335afcba,pinnacle_closing,0.142,0.211,0.647
2022-03-12,Brentford,Burnley,2.11,3.3,3.82,0.4563,0.2917,0.252,avg_closing,avg_closing,closing,1.0387,2026-09-13T03:33:42+00:00,E0_2122.csv,335afcba,pinnacle_closing,0.4573,0.2904,0.2522
2022-03-12,Man United,Tottenham,2.33,3.51,3.09,0.4136,0.2745,0.3119,avg_closing,avg_closing,closing,1.0377,2026-09-13T03:33:42+00:00,E0_2122.csv,335afcba,pinnacle_closing,0.4096,0.2766,0.3138
2022-03-13,Chelsea,Newcastle,1.41,4.83,8.35,0.6846,0.1998,0.1156,avg_closing,avg_closing,closing,1.036,2026-09-13T03:33:42+00:00,E0_2122.csv,335afcba,pinnacle_closing,0.6914,0.1973,0.1113
2022-03-13,Everton,Wolves,2.29,3.12,3.57,0.421,0.309,0.27,avg_closing,avg_closing,closing,1.0373,2026-09-13T03:33:42+00:00,E0_2122.csv,335afcba,pinnacle_closing,0.4196,0.3154,0.265
2022-03-13,Leeds,Norwich,1.63,4.21,5.43,0.5926,0.2295,0.1779,avg_closing,avg_closing,closing,1.0352,2026-09-13T03:33:42+00:00,E0_2122.csv,335afcba,pinnacle_closing,0.6031,0.2231,0.1738
2022-03-13,Southampton,Watford,1.66,4.08,5.29,0.5812,0.2365,0.1824,avg_closing,avg_closing,closing,1.0365,2026-09-13T03:33:42+00:00,E0_2122.csv,335afcba,pinnacle_closing,0.5809,0.241,0.1781
2022-03-13,West Ham,Aston Villa,2.53,3.28,2.96,0.3808,0.2937,0.3255,avg_closing,avg_closing,closing,1.038,2026-09-13T03:33:42+00:00,E0_2122.csv,335afcba,pinnacle_closing,0.3793,0.2956,0.3251
2022-03-13,Arsenal,Leicester,1.43,4.9,7.49,0.6744,0.1968,0.1288,avg_closing,avg_closing,closing,1.0369,2026-09-13T03:33:42+00:00,E0_2122.csv,335afcba,pinnacle_closing,0.6728,0.2041,0.1232
2022-03-14,Crystal Palace,Man City,9.89,5.42,1.33,0.0975,0.1778,0.7247,avg_closing,avg_closing,closing,1.0375,2026-09-13T03:33:42+00:00,E0_2122.csv,335afcba,pinnacle_closing,0.0986,0.1746,0.7269
2022-03-16,Brighton,Tottenham,3.67,3.4,2.13,0.263,0.2839,0.4531,avg_closing,avg_closing,closing,1.0361,2026-09-13T03:33:42+00:00,E0_2122.csv,335afcba,pinnacle_closing,0.2582,0.2803,0.4615
2022-03-16,Arsenal,Liverpool,3.6,3.64,2.07,0.2682,0.2653,0.4665,avg_closing,avg_closing,closing,1.0356,2026-09-13T03:33:42+00:00,E0_2122.csv,335afcba,pinnacle_closing,0.2607,0.2716,0.4678
2022-03-17,Everton,Newcastle,2.43,3.21,3.19,0.397,0.3005,0.3024,avg_closing,avg_closing,closing,1.0365,2026-09-13T03:33:42+00:00,E0_2122.csv,335afcba,pinnacle_closing,0.406,0.2956,0.2983
2022-03-18,Wolves,Leeds,2.23,3.36,3.44,0.4325,0.2871,0.2804,avg_closing,avg_closing,closing,1.0367,2026-09-13T03:33:42+00:00,E0_2122.csv,335afcba,pinnacle_closing,0.4278,0.2899,0.2823
2022-03-19,Aston Villa,Arsenal,2.98,3.39,2.46,0.3236,0.2844,0.392,avg_closing,avg_closing,closing,1.0371,2026-09-13T03:33:42+00:00,E0_2122.csv,335afcba,pinnacle_closing,0.3304,0.286,0.3836
2022-03-20,Leicester,Brentford,2.14,3.4,3.59,0.4493,0.2828,0.2678,avg_closing,avg_closing,closing,1.04,2026-09-13T03:33:42+00:00,E0_2122.csv,335afcba,pinnacle_closing,0.459,0.2754,0.2657
2022-03-20,Tottenham,West Ham,1.73,3.82,5.12,0.5584,0.2529,0.1887,avg_closing,avg_closing,closing,1.0351,2026-09-13T03:33:42+00:00,E0_2122.csv,335afcba,pinnacle_closing,0.5639,0.2527,0.1834
2022-04-02,Liverpool,Watford,1.16,8.32,17.96,0.8306,0.1158,0.0536,avg_closing,avg_closing,closing,1.0379,2026-09-13T03:33:42+00:00,E0_2122.csv,335afcba,pinnacle_closing,0.8315,0.1145,0.054
2022-04-02,Brighton,Norwich,1.49,4.26,7.44,0.6451,0.2257,0.1292,avg_closing,avg_closing,closing,1.0403,2026-09-13T03:33:42+00:00,E0_2122.csv,335afcba,pinnacle_closing,0.6397,0.2245,0.1358
2022-04-02,Burnley,Man City,16.6,6.99,1.2,0.0581,0.138,0.8039,avg_closing,avg_closing,closing,1.0366,2026-09-13T03:33:42+00:00,E0_2122.csv,335afcba,pinnacle_closing,0.0588,0.1329,0.8083
2022-04-02,Chelsea,Brentford,1.4,4.7,9.11,0.6889,0.2052,0.1059,avg_closing,avg_closing,closing,1.0368,2026-09-13T03:33:42+00:00,E0_2122.csv,335afcba,pinnacle_closing,0.6947,0.2039,0.1014
2022-04-02,Leeds,Southampton,2.45,3.59,2.83,0.3924,0.2678,0.3397,avg_closing,avg_closing,closing,1.0401,2026-09-13T03:33:42+00:00,E0_2122.csv,335afcba,pinnacle_closing,0.3902,0.2687,0.3411
2022-04-02,Wolves,Aston Villa,3.07,3.07,2.59,0.3139,0.3139,0.3721,avg_closing,avg_closing,closing,1.0376,2026-09-13T03:33:42+00:00,E0_2122.csv,335afcba,pinnacle_closing,0.3097,0.3167,0.3736
2022-04-02,Man United,Leicester,1.57,4.43,5.65,0.6126,0.2171,0.1702,avg_closing,avg_closing,closing,1.0397,2026-09-13T03:33:42+00:00,E0_2122.csv,335afcba,pinnacle_closing,0.6243,0.2046,0.1712
2022-04-03,West Ham,Everton,1.79,3.77,4.68,0.5384,0.2556,0.2059,avg_closing,avg_closing,closing,1.0376,2026-09-13T03:33:42+00:00,E0_2122.csv,335afcba,pinnacle_closing,0.5453,0.2542,0.2004
2022-04-03,Tottenham,Newcastle,1.56,4.23,6.22,0.6174,0.2277,0.1549,avg_closing,avg_closing,closing,1.0382,2026-09-13T03:33:42+00:00,E0_2122.csv,335afcba,pinnacle_closing,0.6242,0.2249,0.151
2022-04-04,Crystal Palace,Arsenal,4.05,3.38,2.02,0.2379,0.2851,0.477,avg_closing,avg_closing,closing,1.0378,2026-09-13T03:33:42+00:00,E0_2122.csv,335afcba,pinnacle_closing,0.2356,0.2919,0.4724
2022-04-06,Burnley,Everton,2.55,3.1,3.08,0.3773,0.3103,0.3124,avg_closing,avg_closing,closing,1.0394,2026-09-13T03:33:42+00:00,E0_2122.csv,335afcba,pinnacle_closing,0.3777,0.3166,0.3057
2022-04-08,Newcastle,Wolves,2.01,3.28,4.23,0.4789,0.2935,0.2276,avg_closing,avg_closing,closing,1.0388,2026-09-13T03:33:42+00:00,E0_2122.csv,335afcba,pinnacle_closing,0.4917,0.2884,0.22
2022-04-09,Everton,Man United,4.02,3.8,1.9,0.2396,0.2535,0.5069,avg_closing,avg_closing,closing,1.0382,2026-09-13T03:33:42+00:00,E0_2122.csv,335afcba,pinnacle_closing,0.239,0.2519,0.5091
2022-04-09,Arsenal,Brighton,1.65,3.76,6.05,0.5843,0.2564,0.1593,avg_closing,avg_closing,closing,1.0373,2026-09-13T03:33:42+00:00,E0_2122.csv,335afcba,pinnacle_closing,0.596,0.2519,0.152
2022-04-09,Southampton,Chelsea,3.85,3.58,2.0,0.25,0.2688,0.4812,avg_closing,avg_closing,closing,1.0391,2026-09-13T03:33:42+00:00,E0_2122.csv,335afcba,pinnacle_closing,0.2487,0.2745,0.4768
2022-04-09,Watford,Leeds,2.8,3.43,2.57,0.3441,0.2809,0.3749,avg_closing,avg_closing,closing,1.0378,2026-09-13T03:33:42+00:00,E0_2122.csv,335afcba,pinnacle_closing,0.336,0.2834,0.3805
2022-04-09,Aston Villa,Tottenham,3.35,3.52,2.2,0.2878,0.2739,0.4383,avg_closing,avg_closing,closing,1.0371,2026-09-13T03:33:42+00:00,E0_2122.csv,335afcba,pinnacle_closing,0.2822,0.2727,0.4451
2022-04-10,Brentford,West Ham,2.7,3.28,2.75,0.3565,0.2935,0.35,avg_closing,avg_closing,closing,1.0389,2026-09-13T03:33:42+00:00,E0_2122.csv,335afcba,pinnacle_closing,0.3533,0.2921,0.3546
2022-04-10,Leicester,Crystal Palace,2.52,3.28,2.97,0.3821,0.2936,0.3242,avg_closing,avg_closing,closing,1.0384,2026-09-13T03:33:42+00:00,E0_2122.csv,335afcba,pinnacle_closing,0.3868,0.2975,0.3157
2022-04-10,Norwich,Burnley,3.13,3.37,2.36,0.3072,0.2853,0.4074,avg_closing,avg_closing,closing,1.04,2026-09-13T03:33:42+00:00,E0_2122.csv,335afcba,pinnacle_closing,0.3029,0.2861,0.4111
2022-04-10,Man City,Liverpool,1.99,3.74,3.74,0.4845,0.2578,0.2578,avg_closing,avg_closing,closing,1.0373,2026-09-13T03:33:42+00:00,E0_2122.csv,335afcba,pinnacle_closing,0.4936,0.2558,0.2506
2022-04-16,Tottenham,Brighton,1.52,4.46,6.48,0.6348,0.2163,0.1489,avg_closing,avg_closing,closing,1.0364,2026-09-13T03:33:42+00:00,E0_2122.csv,335afcba,pinnacle_closing,0.6454,0.2137,0.1408
2022-04-16,Man United,Norwich,1.28,6.27,10.17,0.7519,0.1535,0.0946,avg_closing,avg_closing,closing,1.0391,2026-09-13T03:33:42+00:00,E0_2122.csv,335afcba,pinnacle_closing,0.7503,0.1524,0.0973
2022-04-16,Southampton,Arsenal,4.0,3.7,1.93,0.2408,0.2603,0.499,avg_closing,avg_closing,closing,1.0384,2026-09-13T03:33:42+00:00,E0_2122.csv,335afcba,pinnacle_closing,0.2393,0.2576,0.5032
2022-04-16,Watford,Brentford,2.98,3.32,2.49,0.3232,0.2901,0.3868,avg_closing,avg_closing,closing,1.0384,2026-09-13T03:33:42+00:00,E0_2122.csv,335afcba,pinnacle_closing,0.3326,0.2884,0.379
2022-04-17,Newcastle,Leicester,2.05,3.52,3.76,0.47,0.2737,0.2563,avg_closing,avg_closing,closing,1.0379,2026-09-13T03:33:42+00:00,E0_2122.csv,335afcba,pinnacle_closing,0.4746,0.2747,0.2507
2022-04-17,West Ham,Burnley,1.81,3.72,4.64,0.5329,0.2593,0.2079,avg_closing,avg_closing,closing,1.0368,2026-09-13T03:33:42+00:00,E0_2122.csv,335afcba,pinnacle_closing,0.5405,0.2574,0.2021
2022-04-19,Liverpool,Man United,1.35,5.61,8.56,0.7151,0.1721,0.1128,avg_closing,avg_closing,closing,1.0358,2026-09-13T03:33:42+00:00,E0_2122.csv,335afcba,pinnacle_closing,0.7257,0.1682,0.106
2022-04-20,Chelsea,Arsenal,1.92,3.5,4.35,0.5025,0.2757,0.2218,avg_closing,avg_closing,closing,1.0364,2026-09-13T03:33:42+00:00,E0_2122.csv,335afcba,pinnacle_closing,0.4984,0.2775,0.2241
2022-04-20,Everton,Leicester,2.59,3.3,2.87,0.3721,0.2921,0.3358,avg_closing,avg_closing,closing,1.0376,2026-09-13T03:33:42+00:00,E0_2122.csv,335afcba,pinnacle_closing,0.3667,0.2958,0.3376
2022-04-20,Newcastle,Crystal Palace,2.3,3.2,3.44,0.4189,0.3011,0.2801,avg_closing,avg_closing,closing,1.038,2026-09-13T03:33:42+00:00,E0_2122.csv,335afcba,pinnacle_closing,0.4217,0.302,0.2764
2022-04-20,Man City,Brighton,1.23,6.48,14.46,0.7844,0.1489,0.0667,avg_closing,avg_closing,closing,1.0365,2026-09-13T03:33:42+00:00,E0_2122.csv,335afcba,pinnacle_closing,0.7898,0.1495,0.0607
2022-04-21,Burnley,Southampton,2.65,3.34,2.75,0.3627,0.2878,0.3495,avg_closing,avg_closing,closing,1.0404,2026-09-13T03:33:42+00:00,E0_2122.csv,335afcba,pinnacle_closing,0.361,0.2909,0.3481
2022-04-23,Arsenal,Man United,2.05,3.65,3.65,0.471,0.2645,0.2645,avg_closing,avg_closing,closing,1.0358,2026-09-13T03:33:42+00:00,E0_2122.csv,335afcba,pinnacle_closing,0.4741,0.2654,0.2605
2022-04-23,Leicester,Aston Villa,2.98,3.35,2.47,0.323,0.2873,0.3897,avg_closing,avg_closing,closing,1.0389,2026-09-13T03:33:42+00:00,E0_2122.csv,335afcba,pinnacle_closing,0.3205,0.2884,0.3911
2022-04-23,Man City,Watford,1.11,10.03,24.75,0.8654,0.0958,0.0388,avg_closing,avg_closing,closing,1.041,2026-09-13T03:33:42+00:00,E0_2122.csv,335afcba,pinnacle_closing,0.8603,0.1023,0.0374
2022-04-23,Norwich,Newcastle,3.47,3.3,2.23,0.2772,0.2915,0.4313,avg_closing,avg_closing,closing,1.0396,2026-09-13T03:33:42+00:00,E0_2122.csv,335afcba,pinnacle_closing,0.2762,0.2893,0.4345
2022-04-23,Brentford,Tottenham,4.76,3.97,1.73,0.202,0.2422,0.5558,avg_closing,avg_closing,closing,1.04,2026-09-13T03:33:42+00:00,E0_2122.csv,335afcba,pinnacle_closing,0.1979,0.2445,0.5575
2022-04-24,Brighton,Southampton,2.08,3.37,3.83,0.4629,0.2857,0.2514,avg_closing,avg_closing,closing,1.0386,2026-09-13T03:33:42+00:00,E0_2122.csv,335afcba,pinnacle_closing,0.4555,0.2941,0.2505
2022-04-24,Burnley,Wolves,2.57,3.11,3.06,0.3751,0.3099,0.315,avg_closing,avg_closing,closing,1.0374,2026-09-13T03:33:42+00:00,E0_2122.csv,335afcba,pinnacle_closing,0.3803,0.3113,0.3084
2022-04-24,Chelsea,West Ham,1.43,4.79,7.9,0.6759,0.2018,0.1223,avg_closing,avg_closing,closing,1.0347,2026-09-13T03:33:42+00:00,E0_2122.csv,335afcba,pinnacle_closing,0.6765,0.205,0.1186
2022-04-24,Liverpool,Everton,1.2,7.29,15.26,0.8043,0.1324,0.0633,avg_closing,avg_closing,closing,1.036,2026-09-13T03:33:42+00:00,E0_2122.csv,335afcba,pinnacle_closing,0.8039,0.1378,0.0583
2022-04-25,Crystal Palace,Leeds,2.42,3.44,3.0,0.3984,0.2803,0.3214,avg_closing,avg_closing,closing,1.0373,2026-09-13T03:33:42+00:00,E0_2122.csv,335afcba,pinnacle_closing,0.3976,0.278,0.3244
2022-04-28,Man United,Chelsea,3.54,3.61,2.09,0.2722,0.2669,0.461,avg_closing,avg_closing,closing,1.038,2026-09-13T03:33:42+00:00,E0_2122.csv,335afcba,pinnacle_closing,0.2714,0.2699,0.4587
2022-04-30,Newcastle,Liverpool,6.44,4.34,1.54,0.15,0.2226,0.6274,avg_closing,avg_closing,closing,1.035,2026-09-13T03:33:42+00:00,E0_2122.csv,335afcba,pinnacle_closing,0.1451,0.2257,0.6291
2022-04-30,Aston Villa,Norwich,1.42,4.86,7.86,0.679,0.1984,0.1227,avg_closing,avg_closing,closing,1.0372,2026-09-13T03:33:42+00:00,E0_2122.csv,335afcba,pinnacle_closing,0.6915,0.1879,0.1207
2022-04-30,Southampton,Crystal Palace,2.46,3.17,3.15,0.3911,0.3035,0.3054,avg_closing,avg_closing,closing,1.0394,2026-09-13T03:33:42+00:00,E0_2122.csv,335afcba,pinnacle_closing,0.3866,0.3096,0.3038
2022-04-30,Watford,Burnley,2.63,3.22,2.88,0.3663,0.2992,0.3345,avg_closing,avg_closing,closing,1.038,2026-09-13T03:33:42+00:00,E0_2122.csv,335afcba,pinnacle_closing,0.3611,0.3039,0.3351
2022-04-30,Wolves,Brighton,2.76,2.99,2.93,0.349,0.3222,0.3288,avg_closing,avg_closing,closing,1.0381,2026-09-13T03:33:42+00:00,E0_2122.csv,335afcba,pinnacle_closing,0.3484,0.3242,0.3274
2022-04-30,Leeds,Man City,9.49,5.74,1.32,0.1016,0.168,0.7304,avg_closing,avg_closing,closing,1.0372,2026-09-13T03:33:42+00:00,E0_2122.csv,335afcba,pinnacle_closing,0.1058,0.1678,0.7264
2022-05-01,Everton,Chelsea,5.11,3.86,1.72,0.1889,0.25,0.5611,avg_closing,avg_closing,closing,1.0362,2026-09-13T03:33:42+00:00,E0_2122.csv,335afcba,pinnacle_closing,0.1875,0.2479,0.5646
2022-05-01,Tottenham,Leicester,1.36,5.27,8.81,0.708,0.1827,0.1093,avg_closing,avg_closing,closing,1.0386,2026-09-13T03:33:42+00:00,E0_2122.csv,335afcba,pinnacle_closing,0.7083,0.1837,0.108
2022-05-01,West Ham,Arsenal,4.4,3.89,1.81,0.2192,0.2479,0.5329,avg_closing,avg_closing,closing,1.0368,2026-09-13T03:33:42+00:00,E0_2122.csv,335afcba,pinnacle_closing,0.2145,0.25,0.5355
2022-05-02,Man United,Brentford,1.76,3.98,4.56,0.547,0.2419,0.2111,avg_closing,avg_closing,closing,1.0387,2026-09-13T03:33:42+00:00,E0_2122.csv,335afcba,pinnacle_closing,0.5423,0.2465,0.2113
2022-05-07,Brentford,Southampton,2.11,3.54,3.54,0.4562,0.2719,0.2719,avg_closing,avg_closing,closing,1.0389,2026-09-13T03:33:42+00:00,E0_2122.csv,335afcba,pinnacle_closing,0.4634,0.2686,0.2679
2022-05-07,Burnley,Aston Villa,3.09,3.17,2.49,0.311,0.3031,0.3859,avg_closing,avg_closing,closing,1.0407,2026-09-13T03:33:42+00:00,E0_2122.csv,335afcba,pinnacle_closing,0.3068,0.3049,0.3883
2022-05-07,Chelsea,Wolves,1.37,4.9,9.29,0.7007,0.1959,0.1033,avg_closing,avg_closing,closing,1.0417,2026-09-13T03:33:42+00:00,E0_2122.csv,335afcba,pinnacle_closing,0.7048,0.1969,0.0983
2022-05-07,Crystal Palace,Watford,1.69,3.84,5.33,0.5691,0.2505,0.1804,avg_closing,avg_closing,closing,1.0397,2026-09-13T03:33:42+00:00,E0_2122.csv,335afcba,pinnacle_closing,0.5743,0.251,0.1747
2022-05-07,Brighton,Man United,3.02,3.34,2.46,0.3193,0.2887,0.392,avg_closing,avg_closing,closing,1.037,2026-09-13T03:33:42+00:00,E0_2122.csv,335afcba,pinnacle_closing,0.3272,0.2965,0.3763
2022-05-07,Liverpool,Tottenham,1.43,5.12,7.05,0.6747,0.1884,0.1369,avg_closing,avg_closing,closing,1.0365,2026-09-13T03:33:42+00:00,E0_2122.csv,335afcba,pinnacle_closing,0.6823,0.1841,0.1336
2022-05-08,Arsenal,Leeds,1.53,4.51,6.21,0.6307,0.214,0.1554,avg_closing,avg_closing,closing,1.0364,2026-09-13T03:33:42+00:00,E0_2122.csv,335afcba,pinnacle_closing,0.6333,0.2139,0.1529
2022-05-08,Leicester,Everton,2.68,3.26,2.78,0.3589,0.2951,0.346,avg_closing,avg_closing,closing,1.0396,2026-09-13T03:33:42+00:00,E0_2122.csv,335afcba,pinnacle_closing,0.3573,0.2967,0.346
2022-05-08,Norwich,West Ham,4.88,4.03,1.7,0.1968,0.2383,0.5649,avg_closing,avg_closing,closing,1.0413,2026-09-13T03:33:42+00:00,E0_2122.csv,335afcba,pinnacle_closing,0.1975,0.2351,0.5673
2022-05-08,Man City,Newcastle,1.18,7.9,16.78,0.8199,0.1225,0.0577,avg_closing,avg_closing,closing,1.0336,2026-09-13T03:33:42+00:00,E0_2122.csv,335afcba,pinnacle_closing,0.8286,0.1175,0.0539
2022-05-10,Aston Villa,Liverpool,6.37,4.55,1.52,0.1517,0.2124,0.6359,avg_closing,avg_closing,closing,1.0347,2026-09-13T03:33:42+00:00,E0_2122.csv,335afcba,pinnacle_closing,0.1481,0.2172,0.6347
2022-05-11,Leeds,Chelsea,4.86,4.12,1.69,0.1978,0.2333,0.5689,avg_closing,avg_closing,closing,1.0402,2026-09-13T03:33:42+00:00,E0_2122.csv,335afcba,pinnacle_closing,0.197,0.2327,0.5703
2022-05-11,Leicester,Norwich,1.34,5.57,9.13,0.7208,0.1734,0.1058,avg_closing,avg_closing,closing,1.0353,2026-09-13T03:33:42+00:00,E0_2122.csv,335afcba,pinnacle_closing,0.7182,0.1773,0.1045
2022-05-11,Watford,Everton,5.69,3.77,1.67,0.169,0.2551,0.5759,avg_closing,avg_closing,closing,1.0398,2026-09-13T03:33:42+00:00,E0_2122.csv,335afcba,pinnacle_closing,0.1623,0.2573,0.5804
2022-05-11,Wolves,Man City,12.0,6.22,1.26,0.0803,0.1549,0.7648,avg_closing,avg_closing,closing,1.0378,2026-09-13T03:33:42+00:00,E0_2122.csv,335afcba,pinnacle_closing,0.0762,0.1443,0.7795
2022-05-12,Tottenham,Arsenal,2.28,3.47,3.22,0.4228,0.2778,0.2994,avg_closing,avg_closing,closing,1.0373,2026-09-13T03:33:42+00:00,E0_2122.csv,335afcba,pinnacle_closing,0.4212,0.28,0.2988
2022-05-15,Tottenham,Burnley,1.32,5.56,10.15,0.7313,0.1736,0.0951,avg_closing,avg_closing,closing,1.036,2026-09-13T03:33:42+00:00,E0_2122.csv,335afcba,pinnacle_closing,0.7393,0.1697,0.091
2022-05-15,Aston Villa,Crystal Palace,1.88,3.55,4.46,0.5125,0.2714,0.216,avg_closing,avg_closing,closing,1.0378,2026-09-13T03:33:42+00:00,E0_2122.csv,335afcba,pinnacle_closing,0.5197,0.2677,0.2126
2022-05-15,Leeds,Brighton,2.67,3.45,2.68,0.361,0.2794,0.3596,avg_closing,avg_closing,closing,1.0375,2026-09-13T03:33:42+00:00,E0_2122.csv,335afcba,pinnacle_closing,0.3583,0.2835,0.3583
2022-05-15,Watford,Leicester,5.12,3.95,1.7,0.1884,0.2442,0.5674,avg_closing,avg_closing,closing,1.0367,2026-09-13T03:33:42+00:00,E0_2122.csv,335afcba,pinnacle_closing,0.1755,0.2424,0.5821
2022-05-15,West Ham,Man City,7.97,5.2,1.39,0.121,0.1854,0.6936,avg_closing,avg_closing,closing,1.0372,2026-09-13T03:33:42+00:00,E0_2122.csv,335afcba,pinnacle_closing,0.1174,0.1799,0.7027
2022-05-15,Wolves,Norwich,1.54,4.44,6.04,0.6243,0.2165,0.1592,avg_closing,avg_closing,closing,1.0401,2026-09-13T03:33:42+00:00,E0_2122.csv,335afcba,pinnacle_closing,0.6174,0.2183,0.1643
2022-05-15,Everton,Brentford,1.91,3.61,4.21,0.5043,0.2668,0.2288,avg_closing,avg_closing,closing,1.0381,2026-09-13T03:33:42+00:00,E0_2122.csv,335afcba,pinnacle_closing,0.5058,0.2682,0.226
2022-05-16,Newcastle,Arsenal,4.29,3.82,1.84,0.2245,0.2521,0.5234,avg_closing,avg_closing,closing,1.0384,2026-09-13T03:33:42+00:00,E0_2122.csv,335afcba,pinnacle_closing,0.2222,0.2487,0.5291
2022-05-17,Southampton,Liverpool,6.64,4.91,1.47,0.1456,0.1969,0.6576,avg_closing,avg_closing,closing,1.0345,2026-09-13T03:33:42+00:00,E0_2122.csv,335afcba,pinnacle_closing,0.1408,0.1862,0.673
2022-05-19,Everton,Crystal Palace,1.86,3.51,4.62,0.5175,0.2742,0.2083,avg_closing,avg_closing,closing,1.039,2026-09-13T03:33:42+00:00,E0_2122.csv,335afcba,pinnacle_closing,0.5138,0.2758,0.2104
2022-05-19,Aston Villa,Burnley,2.04,3.45,3.88,0.4723,0.2793,0.2483,avg_closing,avg_closing,closing,1.0378,2026-09-13T03:33:42+00:00,E0_2122.csv,335afcba,pinnacle_closing,0.4791,0.2825,0.2384
2022-05-19,Chelsea,Leicester,1.42,4.94,7.48,0.6769,0.1946,0.1285,avg_closing,avg_closing,closing,1.0403,2026-09-13T03:33:42+00:00,E0_2122.csv,335afcba,pinnacle_closing,0.6721,0.1987,0.1292
2022-05-22,Arsenal,Everton,1.34,5.54,8.95,0.7186,0.1738,0.1076,avg_closing,avg_closing,closing,1.0385,2026-09-13T03:33:42+00:00,E0_2122.csv,335afcba,pinnacle_closing,0.7162,0.1736,0.1102
2022-05-22,Brentford,Leeds,2.33,3.8,2.88,0.4129,0.2531,0.334,avg_closing,avg_closing,closing,1.0396,2026-09-13T03:33:42+00:00,E0_2122.csv,335afcba,pinnacle_closing,0.4109,0.2507,0.3384
2022-05-22,Brighton,West Ham,2.66,3.47,2.68,0.3624,0.2778,0.3597,avg_closing,avg_closing,closing,1.0373,2026-09-13T03:33:42+00:00,E0_2122.csv,335afcba,pinnacle_closing,0.3556,0.2876,0.3569
2022-05-22,Burnley,Newcastle,2.48,3.28,3.03,0.3884,0.2937,0.3179,avg_closing,avg_closing,closing,1.0381,2026-09-13T03:33:42+00:00,E0_2122.csv,335afcba,pinnacle_closing,0.3837,0.2956,0.3208
2022-05-22,Chelsea,Watford,1.19,7.51,16.11,0.8115,0.1286,0.0599,avg_closing,avg_closing,closing,1.0356,2026-09-13T03:33:42+00:00,E0_2122.csv,335afcba,pinnacle_closing,0.8182,0.1274,0.0545
2022-05-22,Crystal Palace,Man United,2.81,3.49,2.53,0.343,0.2761,0.3809,avg_closing,avg_closing,closing,1.0377,2026-09-13T03:33:42+00:00,E0_2122.csv,335afcba,pinnacle_closing,0.3474,0.2744,0.3782
2022-05-22,Leicester,Southampton,1.71,4.29,4.52,0.5628,0.2243,0.2129,avg_closing,avg_closing,closing,1.0391,2026-09-13T03:33:42+00:00,E0_2122.csv,335afcba,pinnacle_closing,0.571,0.2211,0.2079
2022-05-22,Liverpool,Wolves,1.14,9.22,19.12,0.8451,0.1045,0.0504,avg_closing,avg_closing,closing,1.038,2026-09-13T03:33:42+00:00,E0_2122.csv,335afcba,pinnacle_closing,0.8497,0.0993,0.051
2022-05-22,Man City,Aston Villa,1.17,8.27,15.87,0.8229,0.1164,0.0607,avg_closing,avg_closing,closing,1.0386,2026-09-13T03:33:42+00:00,E0_2122.csv,335afcba,pinnacle_closing,0.8277,0.1153,0.057
2022-05-22,Norwich,Tottenham,9.99,5.59,1.31,0.096,0.1716,0.7323,avg_closing,avg_closing,closing,1.0423,2026-09-13T03:33:42+00:00,E0_2122.csv,335afcba,pinnacle_closing,0.0989,0.1763,0.7248
2022-08-05,Crystal Palace,Arsenal,4.56,3.57,1.85,0.2109,0.2694,0.5198,avg_closing,avg_closing,closing,1.04,2026-09-13T03:33:42+00:00,E0_2223.csv,8442792d,pinnacle_closing,0.2129,0.2686,0.5186
2022-08-06,Fulham,Liverpool,10.33,6.2,1.28,0.0931,0.1552,0.7517,avg_closing,avg_closing,closing,1.0393,2026-09-13T03:33:42+00:00,E0_2223.csv,8442792d,pinnacle_closing,0.093,0.1502,0.7568
2022-08-06,Bournemouth,Aston Villa,3.99,3.49,2.0,0.2416,0.2763,0.4821,avg_closing,avg_closing,closing,1.0372,2026-09-13T03:33:42+00:00,E0_2223.csv,8442792d,pinnacle_closing,0.239,0.2723,0.4887
2022-08-06,Leeds,Wolves,2.43,3.36,3.02,0.3956,0.2861,0.3183,avg_closing,avg_closing,closing,1.0403,2026-09-13T03:33:42+00:00,E0_2223.csv,8442792d,pinnacle_closing,0.3992,0.2843,0.3165
2022-08-06,Newcastle,Nott'm Forest,1.59,4.07,6.15,0.6064,0.2369,0.1568,avg_closing,avg_closing,closing,1.0372,2026-09-13T03:33:42+00:00,E0_2223.csv,8442792d,pinnacle_closing,0.6212,0.2311,0.1478
2022-08-06,Tottenham,Southampton,1.37,5.24,8.59,0.7038,0.184,0.1122,avg_closing,avg_closing,closing,1.0372,2026-09-13T03:33:42+00:00,E0_2223.csv,8442792d,pinnacle_closing,0.7028,0.1829,0.1143
2022-08-06,Everton,Chelsea,6.44,4.04,1.57,0.1493,0.2381,0.6126,avg_closing,avg_closing,closing,1.0397,2026-09-13T03:33:42+00:00,E0_2223.csv,8442792d,pinnacle_closing,0.1414,0.2342,0.6244
2022-08-07,Leicester,Brentford,1.92,3.66,4.08,0.5012,0.2629,0.2359,avg_closing,avg_closing,closing,1.0392,2026-09-13T03:33:42+00:00,E0_2223.csv,8442792d,pinnacle_closing,0.503,0.2672,0.2298
2022-08-07,Man United,Brighton,1.78,3.77,4.73,0.541,0.2554,0.2036,avg_closing,avg_closing,closing,1.0385,2026-09-13T03:33:42+00:00,E0_2223.csv,8442792d,pinnacle_closing,0.5398,0.2531,0.207
2022-08-07,West Ham,Man City,7.9,5.27,1.39,0.1222,0.1832,0.6946,avg_closing,avg_closing,closing,1.0358,2026-09-13T03:33:42+00:00,E0_2223.csv,8442792d,pinnacle_closing,0.1224,0.183,0.6945
2022-08-13,Aston Villa,Everton,1.78,3.62,4.95,0.5402,0.2656,0.1942,avg_closing,avg_closing,closing,1.0401,2026-09-13T03:33:42+00:00,E0_2223.csv,8442792d,pinnacle_closing,0.5401,0.2686,0.1913
2022-08-13,Arsenal,Leicester,1.57,4.4,5.89,0.616,0.2198,0.1642,avg_closing,avg_closing,closing,1.034,2026-09-13T03:33:42+00:00,E0_2223.csv,8442792d,pinnacle_closing,0.6165,0.2204,0.1632
2022-08-13,Brighton,Newcastle,2.44,3.28,3.1,0.3951,0.2939,0.311,avg_closing,avg_closing,closing,1.0373,2026-09-13T03:33:42+00:00,E0_2223.csv,8442792d,pinnacle_closing,0.3916,0.2967,0.3118
2022-08-13,Man City,Bournemouth,1.08,12.66,32.0,0.8936,0.0762,0.0302,avg_closing,avg_closing,closing,1.0362,2026-09-13T03:33:42+00:00,E0_2223.csv,8442792d,pinnacle_closing,0.9009,0.0721,0.027
2022-08-13,Southampton,Leeds,2.44,3.57,2.87,0.3947,0.2698,0.3356,avg_closing,avg_closing,closing,1.0384,2026-09-13T03:33:42+00:00,E0_2223.csv,8442792d,pinnacle_closing,0.4009,0.2687,0.3304
2022-08-13,Wolves,Fulham,2.22,3.41,3.41,0.4344,0.2828,0.2828,avg_closing,avg_closing,closing,1.037,2026-09-13T03:33:42+00:00,E0_2223.csv,8442792d,pinnacle_closing,0.439,0.2813,0.2797
2022-08-13,Brentford,Man United,4.35,3.86,1.83,0.222,0.2502,0.5278,avg_closing,avg_closing,closing,1.0354,2026-09-13T03:33:42+00:00,E0_2223.csv,8442792d,pinnacle_closing,0.2106,0.2394,0.5501
2022-08-14,Nott'm Forest,West Ham,4.01,3.62,1.95,0.2401,0.266,0.4938,avg_closing,avg_closing,closing,1.0384,2026-09-13T03:33:42+00:00,E0_2223.csv,8442792d,pinnacle_closing,0.2427,0.2658,0.4915
2022-08-14,Chelsea,Tottenham,2.16,3.49,3.48,0.4465,0.2763,0.2771,avg_closing,avg_closing,closing,1.0369,2026-09-13T03:33:42+00:00,E0_2223.csv,8442792d,pinnacle_closing,0.4513,0.2774,0.2713
2022-08-15,Liverpool,Crystal Palace,1.27,6.1,11.72,0.7596,0.1581,0.0823,avg_closing,avg_closing,closing,1.0367,2026-09-13T03:33:42+00:00,E0_2223.csv,8442792d,pinnacle_closing,0.7611,0.1571,0.0818
2022-08-20,Tottenham,Wolves,1.45,4.8,7.17,0.6648,0.2008,0.1344,avg_closing,avg_closing,closing,1.0375,2026-09-13T03:33:42+00:00,E0_2223.csv,8442792d,pinnacle_closing,0.6601,0.2002,0.1398
2022-08-20,Crystal Palace,Aston Villa,2.5,3.22,3.06,0.3856,0.2994,0.315,avg_closing,avg_closing,closing,1.0374,2026-09-13T03:33:42+00:00,E0_2223.csv,8442792d,pinnacle_closing,0.3822,0.3001,0.3177
2022-08-20,Everton,Nott'm Forest,1.91,3.52,4.33,0.5041,0.2735,0.2224,avg_closing,avg_closing,closing,1.0386,2026-09-13T03:33:42+00:00,E0_2223.csv,8442792d,pinnacle_closing,0.5163,0.2725,0.2112
2022-08-20,Fulham,Brentford,2.67,3.38,2.73,0.3613,0.2854,0.3533,avg_closing,avg_closing,closing,1.0367,2026-09-13T03:33:42+00:00,E0_2223.csv,8442792d,pinnacle_closing,0.3637,0.2855,0.3508
2022-08-20,Leicester,Southampton,1.77,4.1,4.38,0.5447,0.2352,0.2201,avg_closing,avg_closing,closing,1.0372,2026-09-13T03:33:42+00:00,E0_2223.csv,8442792d,pinnacle_closing,0.5493,0.2339,0.2168
2022-08-20,Bournemouth,Arsenal,7.54,4.72,1.44,0.1277,0.2039,0.6684,avg_closing,avg_closing,closing,1.0389,2026-09-13T03:33:42+00:00,E0_2223.csv,8442792d,pinnacle_closing,0.1343,0.2023,0.6634
2022-08-21,Leeds,Chelsea,6.03,4.58,1.53,0.1598,0.2104,0.6298,avg_closing,avg_closing,closing,1.0378,2026-09-13T03:33:42+00:00,E0_2223.csv,8442792d,pinnacle_closing,0.159,0.2109,0.63
2022-08-21,West Ham,Brighton,2.52,3.37,2.91,0.3826,0.2861,0.3313,avg_closing,avg_closing,closing,1.0372,2026-09-13T03:33:42+00:00,E0_2223.csv,8442792d,pinnacle_closing,0.3764,0.2861,0.3375
2022-08-21,Newcastle,Man City,6.94,4.92,1.45,0.139,0.196,0.665,avg_closing,avg_closing,closing,1.037,2026-09-13T03:33:42+00:00,E0_2223.csv,8442792d,pinnacle_closing,0.1396,0.1955,0.6649
2022-08-22,Man United,Liverpool,4.59,4.37,1.7,0.2105,0.2211,0.5684,avg_closing,avg_closing,closing,1.0349,2026-09-13T03:33:42+00:00,E0_2223.csv,8442792d,pinnacle_closing,0.2097,0.2167,0.5736
2022-08-27,Southampton,Man United,3.68,3.93,1.96,0.2622,0.2455,0.4923,avg_closing,avg_closing,closing,1.0364,2026-09-13T03:33:42+00:00,E0_2223.csv,8442792d,pinnacle_closing,0.268,0.2477,0.4843
2022-08-27,Brentford,Everton,2.1,3.44,3.72,0.4598,0.2807,0.2595,avg_closing,avg_closing,closing,1.0357,2026-09-13T03:33:42+00:00,E0_2223.csv,8442792d,pinnacle_closing,0.4707,0.2789,0.2504
2022-08-27,Brighton,Leeds,1.75,3.9,4.8,0.5515,0.2475,0.2011,avg_closing,avg_closing,closing,1.0362,2026-09-13T03:33:42+00:00,E0_2223.csv,8442792d,pinnacle_closing,0.5621,0.2457,0.1922
2022-08-27,Chelsea,Leicester,1.41,5.06,7.7,0.6841,0.1906,0.1253,avg_closing,avg_closing,closing,1.0367,2026-09-13T03:33:42+00:00,E0_2223.csv,8442792d,pinnacle_closing,0.6908,0.1873,0.1219
2022-08-27,Liverpool,Bournemouth,1.15,8.99,18.65,0.8406,0.1075,0.0518,avg_closing,avg_closing,closing,1.0344,2026-09-13T03:33:42+00:00,E0_2223.csv,8442792d,pinnacle_closing,0.8451,0.1051,0.0498
2022-08-27,Man City,Crystal Palace,1.2,7.51,15.24,0.8074,0.129,0.0636,avg_closing,avg_closing,closing,1.0321,2026-09-13T03:33:42+00:00,E0_2223.csv,8442792d,pinnacle_closing,0.8131,0.1259,0.061
2022-08-27,Arsenal,Fulham,1.39,5.32,7.66,0.6931,0.1811,0.1258,avg_closing,avg_closing,closing,1.0379,2026-09-13T03:33:42+00:00,E0_2223.csv,8442792d,pinnacle_closing,0.6874,0.1825,0.1301
2022-08-28,Aston Villa,West Ham,2.12,3.45,3.66,0.4558,0.2801,0.264,avg_closing,avg_closing,closing,1.0348,2026-09-13T03:33:42+00:00,E0_2223.csv,8442792d,pinnacle_closing,0.4614,0.2771,0.2615
2022-08-28,Wolves,Newcastle,2.56,3.3,2.92,0.377,0.2925,0.3305,avg_closing,avg_closing,closing,1.0361,2026-09-13T03:33:42+00:00,E0_2223.csv,8442792d,pinnacle_closing,0.3776,0.2964,0.326
2022-08-28,Nott'm Forest,Tottenham,6.89,4.77,1.46,0.1396,0.2016,0.6588,avg_closing,avg_closing,closing,1.0397,2026-09-13T03:33:42+00:00,E0_2223.csv,8442792d,pinnacle_closing,0.1369,0.1925,0.6705
2022-08-30,Crystal Palace,Brentford,2.09,3.47,3.69,0.4611,0.2777,0.2612,avg_closing,avg_closing,closing,1.0377,2026-09-13T03:33:42+00:00,E0_2223.csv,8442792d,pinnacle_closing,0.4612,0.2802,0.2587
2022-08-30,Fulham,Brighton,3.34,3.26,2.32,0.2887,0.2958,0.4156,avg_closing,avg_closing,closing,1.0372,2026-09-13T03:33:42+00:00,E0_2223.csv,8442792d,pinnacle_closing,0.2913,0.2975,0.4112
2022-08-30,Southampton,Chelsea,5.18,4.1,1.67,0.1864,0.2355,0.5781,avg_closing,avg_closing,closing,1.0358,2026-09-13T03:33:42+00:00,E0_2223.csv,8442792d,pinnacle_closing,0.1866,0.237,0.5764
2022-08-30,Leeds,Everton,2.12,3.6,3.47,0.4546,0.2677,0.2777,avg_closing,avg_closing,closing,1.0377,2026-09-13T03:33:42+00:00,E0_2223.csv,8442792d,pinnacle_closing,0.4512,0.2682,0.2805
2022-08-31,Arsenal,Aston Villa,1.54,4.46,6.08,0.6256,0.216,0.1584,avg_closing,avg_closing,closing,1.038,2026-09-13T03:33:42+00:00,E0_2223.csv,8442792d,pinnacle_closing,0.6304,0.2138,0.1558
2022-08-31,Bournemouth,Wolves,3.3,3.26,2.34,0.2922,0.2958,0.4121,avg_closing,avg_closing,closing,1.0371,2026-09-13T03:33:42+00:00,E0_2223.csv,8442792d,pinnacle_closing,0.2876,0.2945,0.4179
2022-08-31,Man City,Nott'm Forest,1.09,11.93,27.15,0.8838,0.0807,0.0355,avg_closing,avg_closing,closing,1.0381,2026-09-13T03:33:42+00:00,E0_2223.csv,8442792d,pinnacle_closing,0.8847,0.0779,0.0374
2022-08-31,West Ham,Tottenham,3.31,3.56,2.2,0.2912,0.2707,0.4381,avg_closing,avg_closing,closing,1.0376,2026-09-13T03:33:42+00:00,E0_2223.csv,8442792d,pinnacle_closing,0.2969,0.2783,0.4247
2022-08-31,Liverpool,Newcastle,1.29,6.22,10.29,0.7503,0.1556,0.0941,avg_closing,avg_closing,closing,1.0331,2026-09-13T03:33:42+00:00,E0_2223.csv,8442792d,pinnacle_closing,0.7532,0.1552,0.0916
2022-09-01,Leicester,Man United,3.24,3.75,2.16,0.2973,0.2568,0.4459,avg_closing,avg_closing,closing,1.0383,2026-09-13T03:33:42+00:00,E0_2223.csv,8442792d,pinnacle_closing,0.3055,0.26,0.4345
2022-09-03,Everton,Liverpool,7.63,5.19,1.4,0.1263,0.1856,0.6881,avg_closing,avg_closing,closing,1.038,2026-09-13T03:33:42+00:00,E0_2223.csv,8442792d,pinnacle_closing,0.1248,0.1802,0.695
2022-09-03,Brentford,Leeds,2.15,3.57,3.42,0.4483,0.27,0.2818,avg_closing,avg_closing,closing,1.0376,2026-09-13T03:33:42+00:00,E0_2223.csv,8442792d,pinnacle_closing,0.4506,0.2739,0.2755
2022-09-03,Chelsea,West Ham,1.67,4.02,5.33,0.5785,0.2403,0.1812,avg_closing,avg_closing,closing,1.0352,2026-09-13T03:33:42+00:00,E0_2223.csv,8442792d,pinnacle_closing,0.578,0.2424,0.1796
2022-09-03,Newcastle,Crystal Palace,2.09,3.42,3.75,0.4612,0.2818,0.257,avg_closing,avg_closing,closing,1.0375,2026-09-13T03:33:42+00:00,E0_2223.csv,8442792d,pinnacle_closing,0.4617,0.2821,0.2562
2022-09-03,Nott'm Forest,Bournemouth,2.2,3.35,3.53,0.4386,0.288,0.2734,avg_closing,avg_closing,closing,1.0363,2026-09-13T03:33:42+00:00,E0_2223.csv,8442792d,pinnacle_closing,0.4426,0.2894,0.268
2022-09-03,Tottenham,Fulham,1.52,4.57,6.2,0.6338,0.2108,0.1554,avg_closing,avg_closing,closing,1.038,2026-09-13T03:33:42+00:00,E0_2223.csv,8442792d,pinnacle_closing,0.6329,0.211,0.1562
2022-09-03,Wolves,Southampton,2.16,3.46,3.49,0.4458,0.2783,0.2759,avg_closing,avg_closing,closing,1.0385,2026-09-13T03:33:42+00:00,E0_2223.csv,8442792d,pinnacle_closing,0.4571,0.2771,0.2658
2022-09-03,Aston Villa,Man City,9.02,5.8,1.33,0.1071,0.1666,0.7263,avg_closing,avg_closing,closing,1.0352,2026-09-13T03:33:42+00:00,E0_2223.csv,8442792d,pinnacle_closing,0.1039,0.166,0.7301
2022-09-04,Brighton,Leicester,1.91,3.58,4.26,0.5046,0.2692,0.2262,avg_closing,avg_closing,closing,1.0376,2026-09-13T03:33:42+00:00,E0_2223.csv,8442792d,pinnacle_closing,0.5034,0.269,0.2276
2022-09-04,Man United,Arsenal,2.66,3.49,2.67,0.3625,0.2763,0.3612,avg_closing,avg_closing,closing,1.037,2026-09-13T03:33:42+00:00,E0_2223.csv,8442792d,pinnacle_closing,0.3612,0.2749,0.3639
2022-09-16,Aston Villa,Southampton,2.08,3.55,3.63,0.4632,0.2714,0.2654,avg_closing,avg_closing,closing,1.0379,2026-09-13T03:33:42+00:00,E0_2223.csv,8442792d,pinnacle_closing,0.4575,0.2735,0.269
2022-09-16,Nott'm Forest,Fulham,2.8,3.39,2.58,0.3435,0.2837,0.3728,avg_closing,avg_closing,closing,1.0397,2026-09-13T03:33:42+00:00,E0_2223.csv,8442792d,pinnacle_closing,0.3493,0.2802,0.3705
2022-09-17,Wolves,Man City,9.09,5.53,1.34,0.1061,0.1744,0.7196,avg_closing,avg_closing,closing,1.0371,2026-09-13T03:33:42+00:00,E0_2223.csv,8442792d,pinnacle_closing,0.1054,0.1725,0.7221
2022-09-17,Newcastle,Bournemouth,1.42,4.82,7.89,0.6782,0.1998,0.1221,avg_closing,avg_closing,closing,1.0384,2026-09-13T03:33:42+00:00,E0_2223.csv,8442792d,pinnacle_closing,0.6814,0.1945,0.1241
2022-09-17,Tottenham,Leicester,1.52,4.57,6.26,0.6348,0.2111,0.1541,avg_closing,avg_closing,closing,1.0365,2026-09-13T03:33:42+00:00,E0_2223.csv,8442792d,pinnacle_closing,0.6269,0.2198,0.1533
2022-09-18,Brentford,Arsenal,4.48,3.89,1.8,0.2155,0.2482,0.5363,avg_closing,avg_closing,closing,1.0358,2026-09-13T03:33:42+00:00,E0_2223.csv,8442792d,pinnacle_closing,0.2173,0.254,0.5286
2022-09-18,Everton,West Ham,2.92,3.3,2.54,0.3295,0.2916,0.3789,avg_closing,avg_closing,closing,1.0392,2026-09-13T03:33:42+00:00,E0_2223.csv,8442792d,pinnacle_closing,0.3317,0.2921,0.3763
2022-10-01,Arsenal,Tottenham,1.99,3.71,3.75,0.4838,0.2595,0.2567,avg_closing,avg_closing,closing,1.0387,2026-09-13T03:33:42+00:00,E0_2223.csv,8442792d,pinnacle_closing,0.4881,0.259,0.2529
2022-10-01,Bournemouth,Brentford,3.18,3.49,2.27,0.3019,0.2751,0.423,avg_closing,avg_closing,closing,1.0415,2026-09-13T03:33:42+00:00,E0_2223.csv,8442792d,pinnacle_closing,0.2951,0.2759,0.429
2022-10-01,Crystal Palace,Chelsea,4.82,3.74,1.77,0.1995,0.2571,0.5433,avg_closing,avg_closing,closing,1.0398,2026-09-13T03:33:42+00:00,E0_2223.csv,8442792d,pinnacle_closing,0.201,0.2568,0.5423
2022-10-01,Fulham,Newcastle,2.91,3.42,2.48,0.3307,0.2814,0.388,avg_closing,avg_closing,closing,1.0393,2026-09-13T03:33:42+00:00,E0_2223.csv,8442792d,pinnacle_closing,0.3292,0.2839,0.3869
2022-10-01,Liverpool,Brighton,1.47,4.77,6.72,0.6549,0.2018,0.1433,avg_closing,avg_closing,closing,1.0387,2026-09-13T03:33:42+00:00,E0_2223.csv,8442792d,pinnacle_closing,0.6534,0.2045,0.1421
2022-10-01,Southampton,Everton,2.33,3.3,3.24,0.4123,0.2911,0.2965,avg_closing,avg_closing,closing,1.0409,2026-09-13T03:33:42+00:00,E0_2223.csv,8442792d,pinnacle_closing,0.4075,0.2922,0.3003
2022-10-01,West Ham,Wolves,2.05,3.37,3.95,0.4701,0.286,0.244,avg_closing,avg_closing,closing,1.0377,2026-09-13T03:33:42+00:00,E0_2223.csv,8442792d,pinnacle_closing,0.469,0.2889,0.2421
2022-10-02,Man City,Man United,1.44,5.31,6.61,0.6716,0.1821,0.1463,avg_closing,avg_closing,closing,1.0341,2026-09-13T03:33:42+00:00,E0_2223.csv,8442792d,pinnacle_closing,0.6808,0.1739,0.1453
2022-10-02,Leeds,Aston Villa,2.41,3.42,3.02,0.3996,0.2816,0.3189,avg_closing,avg_closing,closing,1.0385,2026-09-13T03:33:42+00:00,E0_2223.csv,8442792d,pinnacle_closing,0.3996,0.2805,0.3199
2022-10-03,Leicester,Nott'm Forest,1.72,4.07,4.74,0.5601,0.2367,0.2032,avg_closing,avg_closing,closing,1.0381,2026-09-13T03:33:42+00:00,E0_2223.csv,8442792d,pinnacle_closing,0.56,0.2348,0.2052
2022-10-08,Bournemouth,Leicester,3.29,3.53,2.21,0.2923,0.2725,0.4352,avg_closing,avg_closing,closing,1.0397,2026-09-13T03:33:42+00:00,E0_2223.csv,8442792d,pinnacle_closing,0.2834,0.2762,0.4404
2022-10-08,Chelsea,Wolves,1.51,4.32,6.88,0.6373,0.2228,0.1399,avg_closing,avg_closing,closing,1.0391,2026-09-13T03:33:42+00:00,E0_2223.csv,8442792d,pinnacle_closing,0.6375,0.2237,0.1388
2022-10-08,Man City,Southampton,1.12,10.26,20.84,0.8599,0.0939,0.0462,avg_closing,avg_closing,closing,1.0383,2026-09-13T03:33:42+00:00,E0_2223.csv,8442792d,pinnacle_closing,0.8647,0.0888,0.0465
2022-10-08,Newcastle,Brentford,1.68,4.0,5.11,0.5718,0.2402,0.188,avg_closing,avg_closing,closing,1.0409,2026-09-13T03:33:42+00:00,E0_2223.csv,8442792d,pinnacle_closing,0.577,0.2408,0.1823
2022-10-08,Brighton,Tottenham,2.58,3.32,2.86,0.3732,0.2901,0.3367,avg_closing,avg_closing,closing,1.0385,2026-09-13T03:33:42+00:00,E0_2223.csv,8442792d,pinnacle_closing,0.3793,0.2878,0.3329
2022-10-09,Crystal Palace,Leeds,2.07,3.58,3.61,0.4648,0.2687,0.2665,avg_closing,avg_closing,closing,1.0394,2026-09-13T03:33:42+00:00,E0_2223.csv,8442792d,pinnacle_closing,0.4678,0.2701,0.2621
2022-10-09,West Ham,Fulham,1.64,4.03,5.54,0.5872,0.239,0.1738,avg_closing,avg_closing,closing,1.0384,2026-09-13T03:33:42+00:00,E0_2223.csv,8442792d,pinnacle_closing,0.5976,0.237,0.1654
2022-10-09,Arsenal,Liverpool,2.53,3.75,2.67,0.3814,0.2573,0.3614,avg_closing,avg_closing,closing,1.0365,2026-09-13T03:33:42+00:00,E0_2223.csv,8442792d,pinnacle_closing,0.3791,0.2547,0.3663
2022-10-09,Everton,Man United,3.59,3.59,2.08,0.2684,0.2684,0.4632,avg_closing,avg_closing,closing,1.0379,2026-09-13T03:33:42+00:00,E0_2223.csv,8442792d,pinnacle_closing,0.2675,0.2653,0.4672
2022-10-10,Nott'm Forest,Aston Villa,3.77,3.6,2.02,0.2555,0.2676,0.4769,avg_closing,avg_closing,closing,1.0381,2026-09-13T03:33:42+00:00,E0_2223.csv,8442792d,pinnacle_closing,0.2559,0.2664,0.4777
2022-10-14,Brentford,Brighton,3.23,3.46,2.27,0.2979,0.2781,0.4239,avg_closing,avg_closing,closing,1.0391,2026-09-13T03:33:42+00:00,E0_2223.csv,8442792d,pinnacle_closing,0.292,0.2771,0.4309
2022-10-15,Leicester,Crystal Palace,2.4,3.47,2.99,0.4009,0.2773,0.3218,avg_closing,avg_closing,closing,1.0393,2026-09-13T03:33:42+00:00,E0_2223.csv,8442792d,pinnacle_closing,0.393,0.2764,0.3306
2022-10-15,Fulham,Bournemouth,1.96,3.6,3.94,0.4897,0.2666,0.2436,avg_closing,avg_closing,closing,1.0418,2026-09-13T03:33:42+00:00,E0_2223.csv,8442792d,pinnacle_closing,0.4931,0.2646,0.2423
2022-10-15,Wolves,Nott'm Forest,1.73,3.81,5.02,0.556,0.2524,0.1916,avg_closing,avg_closing,closing,1.0397,2026-09-13T03:33:42+00:00,E0_2223.csv,8442792d,pinnacle_closing,0.5553,0.25,0.1947
2022-10-15,Tottenham,Everton,1.47,4.68,6.9,0.6548,0.2057,0.1395,avg_closing,avg_closing,closing,1.0389,2026-09-13T03:33:42+00:00,E0_2223.csv,8442792d,pinnacle_closing,0.6508,0.2077,0.1415
2022-10-16,Aston Villa,Chelsea,3.98,3.48,2.0,0.2419,0.2767,0.4814,avg_closing,avg_closing,closing,1.0386,2026-09-13T03:33:42+00:00,E0_2223.csv,8442792d,pinnacle_closing,0.2466,0.2805,0.4729
2022-10-16,Leeds,Arsenal,5.11,4.27,1.64,0.1882,0.2253,0.5865,avg_closing,avg_closing,closing,1.0396,2026-09-13T03:33:42+00:00,E0_2223.csv,8442792d,pinnacle_closing,0.196,0.2309,0.5731
2022-10-16,Man United,Newcastle,2.08,3.68,3.52,0.4638,0.2621,0.2741,avg_closing,avg_closing,closing,1.0366,2026-09-13T03:33:42+00:00,E0_2223.csv,8442792d,pinnacle_closing,0.4704,0.2659,0.2637
2022-10-16,Southampton,West Ham,2.97,3.36,2.47,0.324,0.2864,0.3896,avg_closing,avg_closing,closing,1.0392,2026-09-13T03:33:42+00:00,E0_2223.csv,8442792d,pinnacle_closing,0.3249,0.2902,0.385
2022-10-16,Liverpool,Man City,3.8,4.11,1.88,0.2534,0.2343,0.5123,avg_closing,avg_closing,closing,1.0384,2026-09-13T03:33:42+00:00,E0_2223.csv,8442792d,pinnacle_closing,0.2563,0.2298,0.5139
2022-10-18,Brighton,Nott'm Forest,1.39,4.99,8.28,0.6914,0.1926,0.1161,avg_closing,avg_closing,closing,1.0406,2026-09-13T03:33:42+00:00,E0_2223.csv,8442792d,pinnacle_closing,0.6931,0.1924,0.1146
2022-10-18,Crystal Palace,Wolves,2.11,3.3,3.81,0.456,0.2915,0.2525,avg_closing,avg_closing,closing,1.0394,2026-09-13T03:33:42+00:00,E0_2223.csv,8442792d,pinnacle_closing,0.4596,0.2888,0.2516
2022-10-19,Bournemouth,Southampton,2.68,3.24,2.79,0.3587,0.2967,0.3446,avg_closing,avg_closing,closing,1.0402,2026-09-13T03:33:42+00:00,E0_2223.csv,8442792d,pinnacle_closing,0.3612,0.2966,0.3422
2022-10-19,Brentford,Chelsea,4.39,3.71,1.84,0.2189,0.259,0.5222,avg_closing,avg_closing,closing,1.0408,2026-09-13T03:33:42+00:00,E0_2223.csv,8442792d,pinnacle_closing,0.2176,0.2627,0.5197
2022-10-19,Liverpool,West Ham,1.43,5.02,7.22,0.6743,0.1921,0.1336,avg_closing,avg_closing,closing,1.037,2026-09-13T03:33:42+00:00,E0_2223.csv,8442792d,pinnacle_closing,0.6758,0.1927,0.1315
2022-10-19,Newcastle,Everton,1.67,3.93,5.37,0.5761,0.2448,0.1791,avg_closing,avg_closing,closing,1.0395,2026-09-13T03:33:42+00:00,E0_2223.csv,8442792d,pinnacle_closing,0.5889,0.2408,0.1703
2022-10-19,Man United,Tottenham,2.37,3.5,3.02,0.4062,0.275,0.3188,avg_closing,avg_closing,closing,1.0388,2026-09-13T03:33:42+00:00,E0_2223.csv,8442792d,pinnacle_closing,0.403,0.2759,0.3211
2022-10-20,Fulham,Aston Villa,2.97,3.42,2.44,0.3241,0.2814,0.3945,avg_closing,avg_closing,closing,1.0389,2026-09-13T03:33:42+00:00,E0_2223.csv,8442792d,pinnacle_closing,0.3226,0.2817,0.3957
2022-10-20,Leicester,Leeds,2.3,3.56,3.08,0.4179,0.27,0.3121,avg_closing,avg_closing,closing,1.0404,2026-09-13T03:33:42+00:00,E0_2223.csv,8442792d,pinnacle_closing,0.4118,0.2681,0.32
2022-10-22,Nott'm Forest,Liverpool,8.89,5.44,1.35,0.1085,0.1773,0.7143,avg_closing,avg_closing,closing,1.0371,2026-09-13T03:33:42+00:00,E0_2223.csv,8442792d,pinnacle_closing,0.103,0.1778,0.7192
2022-10-22,Everton,Crystal Palace,2.52,3.15,3.05,0.3808,0.3046,0.3146,avg_closing,avg_closing,closing,1.0422,2026-09-13T03:33:42+00:00,E0_2223.csv,8442792d,pinnacle_closing,0.385,0.3075,0.3075
2022-10-22,Man City,Brighton,1.23,6.72,13.0,0.7827,0.1433,0.0741,avg_closing,avg_closing,closing,1.0387,2026-09-13T03:33:42+00:00,E0_2223.csv,8442792d,pinnacle_closing,0.7952,0.1349,0.0699
2022-10-22,Chelsea,Man United,2.14,3.57,3.45,0.4505,0.2701,0.2794,avg_closing,avg_closing,closing,1.0373,2026-09-13T03:33:42+00:00,E0_2223.csv,8442792d,pinnacle_closing,0.4558,0.271,0.2732
2022-10-23,Aston Villa,Brentford,2.07,3.5,3.68,0.4643,0.2746,0.2612,avg_closing,avg_closing,closing,1.0405,2026-09-13T03:33:42+00:00,E0_2223.csv,8442792d,pinnacle_closing,0.4698,0.2737,0.2565
2022-10-23,Leeds,Fulham,2.09,3.74,3.43,0.4612,0.2577,0.281,avg_closing,avg_closing,closing,1.0374,2026-09-13T03:33:42+00:00,E0_2223.csv,8442792d,pinnacle_closing,0.4652,0.2564,0.2783
2022-10-23,Southampton,Arsenal,6.83,4.65,1.48,0.1412,0.2074,0.6515,avg_closing,avg_closing,closing,1.0371,2026-09-13T03:33:42+00:00,E0_2223.csv,8442792d,pinnacle_closing,0.1379,0.2035,0.6586
2022-10-23,Wolves,Leicester,2.36,3.35,3.15,0.4076,0.2871,0.3053,avg_closing,avg_closing,closing,1.0397,2026-09-13T03:33:42+00:00,E0_2223.csv,8442792d,pinnacle_closing,0.4064,0.2856,0.308
2022-10-23,Tottenham,Newcastle,2.23,3.46,3.32,0.4317,0.2783,0.29,avg_closing,avg_closing,closing,1.0387,2026-09-13T03:33:42+00:00,E0_2223.csv,8442792d,pinnacle_closing,0.435,0.278,0.287
2022-10-24,West Ham,Bournemouth,1.61,4.02,5.89,0.5974,0.2393,0.1633,avg_closing,avg_closing,closing,1.0397,2026-09-13T03:33:42+00:00,E0_2223.csv,8442792d,pinnacle_closing,0.6018,0.2389,0.1593
2022-10-29,Leicester,Man City,7.54,5.09,1.41,0.1277,0.1892,0.6831,avg_closing,avg_closing,closing,1.0383,2026-09-13T03:33:42+00:00,E0_2223.csv,8442792d,pinnacle_closing,0.1258,0.1875,0.6867
2022-10-29,Bournemouth,Tottenham,5.03,3.75,1.75,0.1917,0.2572,0.5511,avg_closing,avg_closing,closing,1.0369,2026-09-13T03:33:42+00:00,E0_2223.csv,8442792d,pinnacle_closing,0.1877,0.2566,0.5557
2022-10-29,Brentford,Wolves,2.17,3.46,3.41,0.4418,0.2771,0.2811,avg_closing,avg_closing,closing,1.0431,2026-09-13T03:33:42+00:00,E0_2223.csv,8442792d,pinnacle_closing,0.4444,0.2754,0.2802
2022-10-29,Brighton,Chelsea,3.09,3.37,2.39,0.3115,0.2857,0.4028,avg_closing,avg_closing,closing,1.0388,2026-09-13T03:33:42+00:00,E0_2223.csv,8442792d,pinnacle_closing,0.3087,0.2903,0.401
2022-10-29,Crystal Palace,Southampton,2.09,3.42,3.76,0.4615,0.282,0.2565,avg_closing,avg_closing,closing,1.0368,2026-09-13T03:33:42+00:00,E0_2223.csv,8442792d,pinnacle_closing,0.4701,0.2818,0.2482
2022-10-29,Newcastle,Aston Villa,1.77,3.83,4.67,0.5431,0.251,0.2059,avg_closing,avg_closing,closing,1.0402,2026-09-13T03:33:42+00:00,E0_2223.csv,8442792d,pinnacle_closing,0.5496,0.2515,0.1989
2022-10-29,Fulham,Everton,2.29,3.44,3.22,0.4207,0.2801,0.2992,avg_closing,avg_closing,closing,1.0379,2026-09-13T03:33:42+00:00,E0_2223.csv,8442792d,pinnacle_closing,0.4201,0.2805,0.2994
2022-10-29,Liverpool,Leeds,1.23,7.06,11.72,0.7818,0.1362,0.082,avg_closing,avg_closing,closing,1.04,2026-09-13T03:33:42+00:00,E0_2223.csv,8442792d,pinnacle_closing,0.7896,0.1295,0.0809
2022-10-30,Arsenal,Nott'm Forest,1.22,6.73,13.37,0.7858,0.1425,0.0717,avg_closing,avg_closing,closing,1.0431,2026-09-13T03:33:42+00:00,E0_2223.csv,8442792d,pinnacle_closing,0.7945,0.1337,0.0718
2022-10-30,Man United,West Ham,1.72,3.91,5.0,0.5606,0.2466,0.1928,avg_closing,avg_closing,closing,1.0371,2026-09-13T03:33:42+00:00,E0_2223.csv,8442792d,pinnacle_closing,0.5638,0.2457,0.1905
2022-11-05,Leeds,Bournemouth,1.64,4.13,5.32,0.5864,0.2329,0.1808,avg_closing,avg_closing,closing,1.0399,2026-09-13T03:33:42+00:00,E0_2223.csv,8442792d,pinnacle_closing,0.5917,0.2314,0.1769
2022-11-05,Man City,Fulham,1.18,8.14,15.13,0.8177,0.1185,0.0638,avg_closing,avg_closing,closing,1.0364,2026-09-13T03:33:42+00:00,E0_2223.csv,8442792d,pinnacle_closing,0.8247,0.1145,0.0608
2022-11-05,Nott'm Forest,Brentford,2.64,3.21,2.87,0.3647,0.2999,0.3354,avg_closing,avg_closing,closing,1.0387,2026-09-13T03:33:42+00:00,E0_2223.csv,8442792d,pinnacle_closing,0.3626,0.3022,0.3353
2022-11-05,Wolves,Brighton,3.6,3.3,2.18,0.2672,0.2915,0.4413,avg_closing,avg_closing,closing,1.0395,2026-09-13T03:33:42+00:00,E0_2223.csv,8442792d,pinnacle_closing,0.269,0.294,0.4371
2022-11-05,Everton,Leicester,2.52,3.34,2.91,0.3816,0.2879,0.3305,avg_closing,avg_closing,closing,1.0399,2026-09-13T03:33:42+00:00,E0_2223.csv,8442792d,pinnacle_closing,0.382,0.2876,0.3304
2022-11-06,Chelsea,Arsenal,2.74,3.39,2.64,0.3514,0.284,0.3647,avg_closing,avg_closing,closing,1.0387,2026-09-13T03:33:42+00:00,E0_2223.csv,8442792d,pinnacle_closing,0.3589,0.2795,0.3616
2022-11-06,Aston Villa,Man United,3.18,3.5,2.28,0.3027,0.275,0.4222,avg_closing,avg_closing,closing,1.0388,2026-09-13T03:33:42+00:00,E0_2223.csv,8442792d,pinnacle_closing,0.3077,0.2741,0.4182
2022-11-06,Southampton,Newcastle,4.38,3.73,1.84,0.2196,0.2578,0.5226,avg_closing,avg_closing,closing,1.0399,2026-09-13T03:33:42+00:00,E0_2223.csv,8442792d,pinnacle_closing,0.217,0.2564,0.5266
2022-11-06,West Ham,Crystal Palace,1.88,3.54,4.41,0.5109,0.2713,0.2178,avg_closing,avg_closing,closing,1.0412,2026-09-13T03:33:42+00:00,E0_2223.csv,8442792d,pinnacle_closing,0.5162,0.2717,0.2121
2022-11-06,Tottenham,Liverpool,3.52,3.77,2.04,0.2733,0.2552,0.4716,avg_closing,avg_closing,closing,1.0395,2026-09-13T03:33:42+00:00,E0_2223.csv,8442792d,pinnacle_closing,0.2722,0.2512,0.4766
2022-11-12,Man City,Brentford,1.15,8.6,18.54,0.8363,0.1118,0.0519,avg_closing,avg_closing,closing,1.0398,2026-09-13T03:33:42+00:00,E0_2223.csv,8442792d,pinnacle_closing,0.8426,0.1077,0.0497
2022-11-12,Bournemouth,Everton,2.82,3.21,2.66,0.3403,0.2989,0.3608,avg_closing,avg_closing,closing,1.0421,2026-09-13T03:33:42+00:00,E0_2223.csv,8442792d,pinnacle_closing,0.3403,0.3007,0.359
2022-11-12,Liverpool,Southampton,1.27,6.48,10.39,0.7586,0.1487,0.0927,avg_closing,avg_closing,closing,1.038,2026-09-13T03:33:42+00:00,E0_2223.csv,8442792d,pinnacle_closing,0.7557,0.1452,0.099
2022-11-12,Nott'm Forest,Crystal Palace,3.34,3.18,2.34,0.2875,0.302,0.4104,avg_closing,avg_closing,closing,1.0412,2026-09-13T03:33:42+00:00,E0_2223.csv,8442792d,pinnacle_closing,0.293,0.3059,0.4011
2022-11-12,Tottenham,Leeds,1.63,4.29,5.21,0.5907,0.2245,0.1848,avg_closing,avg_closing,closing,1.0385,2026-09-13T03:33:42+00:00,E0_2223.csv,8442792d,pinnacle_closing,0.5924,0.2211,0.1865
2022-11-12,West Ham,Leicester,2.08,3.51,3.65,0.4624,0.274,0.2635,avg_closing,avg_closing,closing,1.0396,2026-09-13T03:33:42+00:00,E0_2223.csv,8442792d,pinnacle_closing,0.4915,0.2658,0.2427
2022-11-12,Newcastle,Chelsea,2.18,3.38,3.52,0.4416,0.2848,0.2735,avg_closing,avg_closing,closing,1.0387,2026-09-13T03:33:42+00:00,E0_2223.csv,8442792d,pinnacle_closing,0.4508,0.2827,0.2665
2022-11-12,Wolves,Arsenal,6.34,4.15,1.55,0.1511,0.2308,0.6181,avg_closing,avg_closing,closing,1.0439,2026-09-13T03:33:42+00:00,E0_2223.csv,8442792d,pinnacle_closing,0.1489,0.2308,0.6203
2022-11-13,Brighton,Aston Villa,1.75,3.75,4.94,0.5492,0.2563,0.1945,avg_closing,avg_closing,closing,1.0405,2026-09-13T03:33:42+00:00,E0_2223.csv,8442792d,pinnacle_closing,0.5538,0.2532,0.193
2022-11-13,Fulham,Man United,4.13,3.78,1.88,0.2331,0.2547,0.5121,avg_closing,avg_closing,closing,1.0386,2026-09-13T03:33:42+00:00,E0_2223.csv,8442792d,pinnacle_closing,0.2276,0.2503,0.5221
2022-12-26,Brentford,Tottenham,3.46,3.66,2.1,0.2783,0.2631,0.4586,avg_closing,avg_closing,closing,1.0384,2026-09-13T03:33:42+00:00,E0_2223.csv,8442792d,pinnacle_closing,0.2907,0.2654,0.4439
2022-12-26,Crystal Palace,Fulham,2.22,3.51,3.31,0.4342,0.2746,0.2912,avg_closing,avg_closing,closing,1.0375,2026-09-13T03:33:42+00:00,E0_2223.csv,8442792d,pinnacle_closing,0.4275,0.2758,0.2967
2022-12-26,Everton,Wolves,2.52,3.21,3.01,0.3814,0.2994,0.3193,avg_closing,avg_closing,closing,1.0406,2026-09-13T03:33:42+00:00,E0_2223.csv,8442792d,pinnacle_closing,0.3805,0.3009,0.3186
2022-12-26,Leicester,Newcastle,3.44,3.49,2.16,0.2795,0.2755,0.4451,avg_closing,avg_closing,closing,1.0402,2026-09-13T03:33:42+00:00,E0_2223.csv,8442792d,pinnacle_closing,0.2821,0.2789,0.439
2022-12-26,Southampton,Brighton,3.6,3.48,2.11,0.2673,0.2766,0.4561,avg_closing,avg_closing,closing,1.0391,2026-09-13T03:33:42+00:00,E0_2223.csv,8442792d,pinnacle_closing,0.2545,0.2769,0.4686
2022-12-26,Aston Villa,Liverpool,4.79,4.05,1.72,0.2013,0.2381,0.5606,avg_closing,avg_closing,closing,1.0371,2026-09-13T03:33:42+00:00,E0_2223.csv,8442792d,pinnacle_closing,0.1996,0.2363,0.5641
2022-12-26,Arsenal,West Ham,1.55,4.29,6.27,0.6217,0.2246,0.1537,avg_closing,avg_closing,closing,1.0378,2026-09-13T03:33:42+00:00,E0_2223.csv,8442792d,pinnacle_closing,0.6214,0.2269,0.1517
2022-12-27,Chelsea,Bournemouth,1.35,5.32,8.99,0.7123,0.1807,0.107,avg_closing,avg_closing,closing,1.0399,2026-09-13T03:33:42+00:00,E0_2223.csv,8442792d,pinnacle_closing,0.7122,0.1824,0.1055
2022-12-27,Man United,Nott'm Forest,1.34,5.49,8.91,0.7171,0.175,0.1078,avg_closing,avg_closing,closing,1.0407,2026-09-13T03:33:42+00:00,E0_2223.csv,8442792d,pinnacle_closing,0.7168,0.1772,0.106
2022-12-28,Leeds,Man City,10.09,6.29,1.28,0.0954,0.153,0.7517,avg_closing,avg_closing,closing,1.0393,2026-09-13T03:33:42+00:00,E0_2223.csv,8442792d,pinnacle_closing,0.0937,0.1607,0.7455
2022-12-30,West Ham,Brentford,2.06,3.6,3.58,0.4656,0.2664,0.2679,avg_closing,avg_closing,closing,1.0425,2026-09-13T03:33:42+00:00,E0_2223.csv,8442792d,pinnacle_closing,0.4549,0.268,0.2771
2022-12-30,Liverpool,Leicester,1.25,6.45,11.81,0.7694,0.1491,0.0814,avg_closing,avg_closing,closing,1.0397,2026-09-13T03:33:42+00:00,E0_2223.csv,8442792d,pinnacle_closing,0.7704,0.151,0.0787
2022-12-31,Wolves,Man United,4.07,3.63,1.93,0.2364,0.2651,0.4985,avg_closing,avg_closing,closing,1.0393,2026-09-13T03:33:42+00:00,E0_2223.csv,8442792d,pinnacle_closing,0.237,0.2647,0.4983
2022-12-31,Bournemouth,Crystal Palace,2.93,3.16,2.61,0.3279,0.304,0.3681,avg_closing,avg_closing,closing,1.0409,2026-09-13T03:33:42+00:00,E0_2223.csv,8442792d,pinnacle_closing,0.3257,0.3044,0.3699
2022-12-31,Fulham,Southampton,1.83,3.8,4.36,0.526,0.2533,0.2208,avg_closing,avg_closing,closing,1.039,2026-09-13T03:33:42+00:00,E0_2223.csv,8442792d,pinnacle_closing,0.5309,0.2505,0.2186
2022-12-31,Man City,Everton,1.15,8.52,18.7,0.8358,0.1128,0.0514,avg_closing,avg_closing,closing,1.0404,2026-09-13T03:33:42+00:00,E0_2223.csv,8442792d,pinnacle_closing,0.8507,0.1003,0.0489
2022-12-31,Newcastle,Leeds,1.46,4.74,6.98,0.6591,0.203,0.1379,avg_closing,avg_closing,closing,1.0392,2026-09-13T03:33:42+00:00,E0_2223.csv,8442792d,pinnacle_closing,0.6622,0.1985,0.1393
2022-12-31,Brighton,Arsenal,4.29,3.67,1.88,0.2247,0.2626,0.5127,avg_closing,avg_closing,closing,1.0375,2026-09-13T03:33:42+00:00,E0_2223.csv,8442792d,pinnacle_closing,0.2185,0.2591,0.5224
2023-01-01,Tottenham,Aston Villa,1.66,4.16,5.09,0.5797,0.2313,0.189,avg_closing,avg_closing,closing,1.0393,2026-09-13T03:33:42+00:00,E0_2223.csv,8442792d,pinnacle_closing,0.5801,0.2288,0.1911
2023-01-01,Nott'm Forest,Chelsea,5.77,4.08,1.61,0.1667,0.2358,0.5975,avg_closing,avg_closing,closing,1.0395,2026-09-13T03:33:42+00:00,E0_2223.csv,8442792d,pinnacle_closing,0.1684,0.2325,0.5991
2023-01-02,Brentford,Liverpool,6.1,4.55,1.53,0.158,0.2119,0.6301,avg_closing,avg_closing,closing,1.0373,2026-09-13T03:33:42+00:00,E0_2223.csv,8442792d,pinnacle_closing,0.1564,0.2099,0.6337
2023-01-03,Arsenal,Newcastle,1.77,3.88,4.73,0.5463,0.2492,0.2044,avg_closing,avg_closing,closing,1.0341,2026-09-13T03:33:42+00:00,E0_2223.csv,8442792d,pinnacle_closing,0.5495,0.2501,0.2004
2023-01-03,Everton,Brighton,3.19,3.34,2.36,0.3024,0.2888,0.4088,avg_closing,avg_closing,closing,1.0366,2026-09-13T03:33:42+00:00,E0_2223.csv,8442792d,pinnacle_closing,0.3047,0.2903,0.405
2023-01-03,Leicester,Fulham,2.37,3.59,2.97,0.4068,0.2686,0.3246,avg_closing,avg_closing,closing,1.0372,2026-09-13T03:33:42+00:00,E0_2223.csv,8442792d,pinnacle_closing,0.4142,0.2664,0.3194
2023-01-03,Man United,Bournemouth,1.27,6.14,11.57,0.7595,0.1571,0.0834,avg_closing,avg_closing,closing,1.0367,2026-09-13T03:33:42+00:00,E0_2223.csv,8442792d,pinnacle_closing,0.7545,0.1609,0.0846
2023-01-04,Southampton,Nott'm Forest,2.36,3.29,3.17,0.4062,0.2914,0.3024,avg_closing,avg_closing,closing,1.0431,2026-09-13T03:33:42+00:00,E0_2223.csv,8442792d,pinnacle_closing,0.4028,0.2904,0.3068
2023-01-04,Leeds,West Ham,2.87,3.39,2.53,0.3355,0.284,0.3805,avg_closing,avg_closing,closing,1.0387,2026-09-13T03:33:42+00:00,E0_2223.csv,8442792d,pinnacle_closing,0.334,0.2837,0.3823
2023-01-04,Aston Villa,Wolves,1.96,3.49,4.17,0.4922,0.2764,0.2314,avg_closing,avg_closing,closing,1.0365,2026-09-13T03:33:42+00:00,E0_2223.csv,8442792d,pinnacle_closing,0.501,0.2729,0.2261
2023-01-04,Crystal Palace,Tottenham,3.33,3.42,2.24,0.289,0.2814,0.4296,avg_closing,avg_closing,closing,1.0391,2026-09-13T03:33:42+00:00,E0_2223.csv,8442792d,pinnacle_closing,0.2946,0.2819,0.4235
2023-01-05,Chelsea,Man City,5.23,4.12,1.66,0.1845,0.2342,0.5813,avg_closing,avg_closing,closing,1.0363,2026-09-13T03:33:42+00:00,E0_2223.csv,8442792d,pinnacle_closing,0.18,0.2337,0.5863
2023-01-12,Fulham,Chelsea,4.0,3.41,2.02,0.2408,0.2824,0.4768,avg_closing,avg_closing,closing,1.0383,2026-09-13T03:33:42+00:00,E0_2223.csv,8442792d,pinnacle_closing,0.2401,0.2808,0.4791
2023-01-13,Aston Villa,Leeds,2.03,3.6,3.75,0.475,0.2679,0.2571,avg_closing,avg_closing,closing,1.0371,2026-09-13T03:33:42+00:00,E0_2223.csv,8442792d,pinnacle_closing,0.4791,0.2684,0.2525
2023-01-14,Man United,Man City,3.98,3.92,1.89,0.2427,0.2464,0.511,avg_closing,avg_closing,closing,1.0355,2026-09-13T03:33:42+00:00,E0_2223.csv,8442792d,pinnacle_closing,0.2365,0.2459,0.5176
2023-01-14,Brighton,Liverpool,2.92,3.73,2.34,0.33,0.2583,0.4117,avg_closing,avg_closing,closing,1.0379,2026-09-13T03:33:42+00:00,E0_2223.csv,8442792d,pinnacle_closing,0.3373,0.2568,0.4059
2023-01-14,Everton,Southampton,2.38,3.23,3.24,0.4046,0.2981,0.2972,avg_closing,avg_closing,closing,1.0384,2026-09-13T03:33:42+00:00,E0_2223.csv,8442792d,pinnacle_closing,0.4043,0.3001,0.2956
2023-01-14,Nott'm Forest,Leicester,2.72,3.15,2.8,0.3527,0.3046,0.3427,avg_closing,avg_closing,closing,1.0423,2026-09-13T03:33:42+00:00,E0_2223.csv,8442792d,pinnacle_closing,0.3495,0.3058,0.3446
2023-01-14,Wolves,West Ham,2.51,3.18,3.05,0.3828,0.3022,0.315,avg_closing,avg_closing,closing,1.0407,2026-09-13T03:33:42+00:00,E0_2223.csv,8442792d,pinnacle_closing,0.385,0.3085,0.3065
2023-01-14,Brentford,Bournemouth,1.63,4.01,5.74,0.5916,0.2405,0.168,avg_closing,avg_closing,closing,1.0371,2026-09-13T03:33:42+00:00,E0_2223.csv,8442792d,pinnacle_closing,0.6077,0.2358,0.1565
2023-01-15,Chelsea,Crystal Palace,1.88,3.44,4.63,0.5121,0.2799,0.208,avg_closing,avg_closing,closing,1.0386,2026-09-13T03:33:42+00:00,E0_2223.csv,8442792d,pinnacle_closing,0.5185,0.2785,0.2031
2023-01-15,Newcastle,Fulham,1.49,4.6,6.78,0.6478,0.2098,0.1424,avg_closing,avg_closing,closing,1.036,2026-09-13T03:33:42+00:00,E0_2223.csv,8442792d,pinnacle_closing,0.662,0.2053,0.1328
2023-01-15,Tottenham,Arsenal,3.38,3.49,2.2,0.2853,0.2763,0.4384,avg_closing,avg_closing,closing,1.0369,2026-09-13T03:33:42+00:00,E0_2223.csv,8442792d,pinnacle_closing,0.2875,0.2723,0.4403
2023-01-18,Crystal Palace,Man United,5.28,3.95,1.68,0.1825,0.2439,0.5736,avg_closing,avg_closing,closing,1.0378,2026-09-13T03:33:42+00:00,E0_2223.csv,8442792d,pinnacle_closing,0.1807,0.2452,0.5741
2023-01-19,Man City,Tottenham,1.5,4.74,6.35,0.644,0.2038,0.1521,avg_closing,avg_closing,closing,1.0351,2026-09-13T03:33:42+00:00,E0_2223.csv,8442792d,pinnacle_closing,0.6458,0.2053,0.1489
2023-01-21,Liverpool,Chelsea,2.05,3.59,3.71,0.4709,0.2689,0.2602,avg_closing,avg_closing,closing,1.0359,2026-09-13T03:33:42+00:00,E0_2223.csv,8442792d,pinnacle_closing,0.4719,0.2736,0.2544
2023-01-21,Bournemouth,Nott'm Forest,2.86,3.18,2.66,0.3362,0.3024,0.3615,avg_closing,avg_closing,closing,1.0401,2026-09-13T03:33:42+00:00,E0_2223.csv,8442792d,pinnacle_closing,0.3343,0.3042,0.3615
2023-01-21,Leicester,Brighton,4.14,3.88,1.85,0.2323,0.2479,0.5198,avg_closing,avg_closing,closing,1.0398,2026-09-13T03:33:42+00:00,E0_2223.csv,8442792d,pinnacle_closing,0.2248,0.2409,0.5344
2023-01-21,Southampton,Aston Villa,2.69,3.21,2.82,0.3582,0.3002,0.3417,avg_closing,avg_closing,closing,1.0379,2026-09-13T03:33:42+00:00,E0_2223.csv,8442792d,pinnacle_closing,0.368,0.3002,0.3318
2023-01-21,West Ham,Everton,1.84,3.57,4.62,0.5226,0.2693,0.2081,avg_closing,avg_closing,closing,1.04,2026-09-13T03:33:42+00:00,E0_2223.csv,8442792d,pinnacle_closing,0.5194,0.2751,0.2056
2023-01-21,Crystal Palace,Newcastle,4.55,3.61,1.84,0.2113,0.2663,0.5224,avg_closing,avg_closing,closing,1.0403,2026-09-13T03:33:42+00:00,E0_2223.csv,8442792d,pinnacle_closing,0.2095,0.2683,0.5222
2023-01-22,Leeds,Brentford,2.38,3.55,2.96,0.4041,0.2709,0.3249,avg_closing,avg_closing,closing,1.0397,2026-09-13T03:33:42+00:00,E0_2223.csv,8442792d,pinnacle_closing,0.4126,0.2709,0.3165
2023-01-22,Man City,Wolves,1.25,6.36,11.77,0.7676,0.1509,0.0815,avg_closing,avg_closing,closing,1.0422,2026-09-13T03:33:42+00:00,E0_2223.csv,8442792d,pinnacle_closing,0.7652,0.1555,0.0793
2023-01-22,Arsenal,Man United,1.87,3.79,4.19,0.5155,0.2544,0.2301,avg_closing,avg_closing,closing,1.0373,2026-09-13T03:33:42+00:00,E0_2223.csv,8442792d,pinnacle_closing,0.5248,0.2503,0.2249
2023-01-23,Fulham,Tottenham,3.28,3.79,2.12,0.293,0.2536,0.4534,avg_closing,avg_closing,closing,1.0404,2026-09-13T03:33:42+00:00,E0_2223.csv,8442792d,pinnacle_closing,0.2937,0.2534,0.4529
2023-02-03,Chelsea,Fulham,1.6,4.12,5.86,0.6019,0.2338,0.1643,avg_closing,avg_closing,closing,1.0384,2026-09-13T03:33:42+00:00,E0_2223.csv,8442792d,pinnacle_closing,0.6062,0.2335,0.1603
2023-02-04,Everton,Arsenal,7.82,4.31,1.47,0.1229,0.2231,0.654,avg_closing,avg_closing,closing,1.0402,2026-09-13T03:33:42+00:00,E0_2223.csv,8442792d,pinnacle_closing,0.1219,0.2279,0.6502
2023-02-04,Aston Villa,Leicester,2.11,3.5,3.59,0.4565,0.2752,0.2683,avg_closing,avg_closing,closing,1.0382,2026-09-13T03:33:42+00:00,E0_2223.csv,8442792d,pinnacle_closing,0.4588,0.2792,0.262
2023-02-04,Brentford,Southampton,1.76,3.72,5.03,0.5485,0.2595,0.1919,avg_closing,avg_closing,closing,1.0358,2026-09-13T03:33:42+00:00,E0_2223.csv,8442792d,pinnacle_closing,0.5365,0.2639,0.1997
2023-02-04,Brighton,Bournemouth,1.38,5.17,8.17,0.6965,0.1859,0.1176,avg_closing,avg_closing,closing,1.0405,2026-09-13T03:33:42+00:00,E0_2223.csv,8442792d,pinnacle_closing,0.6977,0.1847,0.1176
2023-02-04,Man United,Crystal Palace,1.37,5.03,8.92,0.7013,0.191,0.1077,avg_closing,avg_closing,closing,1.0408,2026-09-13T03:33:42+00:00,E0_2223.csv,8442792d,pinnacle_closing,0.7021,0.191,0.1069
2023-02-04,Wolves,Liverpool,3.97,3.76,1.92,0.2425,0.2561,0.5014,avg_closing,avg_closing,closing,1.0387,2026-09-13T03:33:42+00:00,E0_2223.csv,8442792d,pinnacle_closing,0.2457,0.258,0.4963
2023-02-04,Newcastle,West Ham,1.67,3.87,5.52,0.5767,0.2489,0.1745,avg_closing,avg_closing,closing,1.0384,2026-09-13T03:33:42+00:00,E0_2223.csv,8442792d,pinnacle_closing,0.584,0.2482,0.1679
2023-02-05,Nott'm Forest,Leeds,2.79,3.4,2.59,0.3451,0.2832,0.3717,avg_closing,avg_closing,closing,1.0386,2026-09-13T03:33:42+00:00,E0_2223.csv,8442792d,pinnacle_closing,0.3435,0.2829,0.3736
2023-02-05,Tottenham,Man City,3.98,3.84,1.9,0.2421,0.2509,0.5071,avg_closing,avg_closing,closing,1.038,2026-09-13T03:33:42+00:00,E0_2223.csv,8442792d,pinnacle_closing,0.2428,0.2502,0.507
2023-02-08,Man United,Leeds,1.52,4.53,6.31,0.6343,0.2128,0.1528,avg_closing,avg_closing,closing,1.0371,2026-09-13T03:33:42+00:00,E0_2223.csv,8442792d,pinnacle_closing,0.6239,0.2168,0.1593
2023-02-11,West Ham,Chelsea,3.46,3.32,2.23,0.2783,0.29,0.4317,avg_closing,avg_closing,closing,1.0387,2026-09-13T03:33:42+00:00,E0_2223.csv,8442792d,pinnacle_closing,0.279,0.2897,0.4313
2023-02-11,Arsenal,Brentford,1.54,4.27,6.59,0.6272,0.2262,0.1466,avg_closing,avg_closing,closing,1.0353,2026-09-13T03:33:42+00:00,E0_2223.csv,8442792d,pinnacle_closing,0.6171,0.2294,0.1535
2023-02-11,Crystal Palace,Brighton,4.78,3.7,1.79,0.2015,0.2603,0.5381,avg_closing,avg_closing,closing,1.0381,2026-09-13T03:33:42+00:00,E0_2223.csv,8442792d,pinnacle_closing,0.1892,0.2571,0.5537
2023-02-11,Fulham,Nott'm Forest,1.94,3.51,4.24,0.4974,0.2749,0.2276,avg_closing,avg_closing,closing,1.0362,2026-09-13T03:33:42+00:00,E0_2223.csv,8442792d,pinnacle_closing,0.4964,0.2778,0.2258
2023-02-11,Leicester,Tottenham,3.51,3.71,2.07,0.2746,0.2598,0.4656,avg_closing,avg_closing,closing,1.0375,2026-09-13T03:33:42+00:00,E0_2223.csv,8442792d,pinnacle_closing,0.274,0.2602,0.4658
2023-02-11,Southampton,Wolves,3.13,3.16,2.47,0.307,0.304,0.389,avg_closing,avg_closing,closing,1.0408,2026-09-13T03:33:42+00:00,E0_2223.csv,8442792d,pinnacle_closing,0.3004,0.3079,0.3917
2023-02-11,Bournemouth,Newcastle,5.81,4.0,1.62,0.1656,0.2405,0.5939,avg_closing,avg_closing,closing,1.0394,2026-09-13T03:33:42+00:00,E0_2223.csv,8442792d,pinnacle_closing,0.16,0.241,0.5989
2023-02-12,Leeds,Man United,3.73,3.79,1.97,0.2579,0.2538,0.4883,avg_closing,avg_closing,closing,1.0396,2026-09-13T03:33:42+00:00,E0_2223.csv,8442792d,pinnacle_closing,0.2563,0.2504,0.4932
2023-02-12,Man City,Aston Villa,1.32,5.56,9.78,0.7287,0.173,0.0983,avg_closing,avg_closing,closing,1.0397,2026-09-13T03:33:42+00:00,E0_2223.csv,8442792d,pinnacle_closing,0.7076,0.1847,0.1077
2023-02-13,Liverpool,Everton,1.6,4.2,5.75,0.6027,0.2296,0.1677,avg_closing,avg_closing,closing,1.037,2026-09-13T03:33:42+00:00,E0_2223.csv,8442792d,pinnacle_closing,0.603,0.2272,0.1699
2023-02-15,Arsenal,Man City,3.23,3.43,2.29,0.2983,0.2809,0.4208,avg_closing,avg_closing,closing,1.0378,2026-09-13T03:33:42+00:00,E0_2223.csv,8442792d,pinnacle_closing,0.2911,0.2779,0.4309
2023-02-18,Aston Villa,Arsenal,4.36,3.66,1.87,0.2211,0.2634,0.5155,avg_closing,avg_closing,closing,1.0373,2026-09-13T03:33:42+00:00,E0_2223.csv,8442792d,pinnacle_closing,0.2303,0.269,0.5007
2023-02-18,Brentford,Crystal Palace,1.81,3.55,4.76,0.5291,0.2698,0.2012,avg_closing,avg_closing,closing,1.0443,2026-09-13T03:33:42+00:00,E0_2223.csv,8442792d,pinnacle_closing,0.5335,0.2697,0.1968
2023-02-18,Brighton,Fulham,1.54,4.36,6.2,0.6244,0.2205,0.1551,avg_closing,avg_closing,closing,1.04,2026-09-13T03:33:42+00:00,E0_2223.csv,8442792d,pinnacle_closing,0.6261,0.221,0.1529
2023-02-18,Chelsea,Southampton,1.43,4.64,7.91,0.6716,0.207,0.1214,avg_closing,avg_closing,closing,1.0412,2026-09-13T03:33:42+00:00,E0_2223.csv,8442792d,pinnacle_closing,0.6761,0.2066,0.1173
2023-02-18,Everton,Leeds,2.74,3.2,2.77,0.3514,0.3009,0.3476,avg_closing,avg_closing,closing,1.0385,2026-09-13T03:33:42+00:00,E0_2223.csv,8442792d,pinnacle_closing,0.3479,0.2991,0.3529
2023-02-18,Nott'm Forest,Man City,10.83,5.46,1.31,0.0889,0.1763,0.7348,avg_closing,avg_closing,closing,1.0388,2026-09-13T03:33:42+00:00,E0_2223.csv,8442792d,pinnacle_closing,0.0923,0.1794,0.7284
2023-02-18,Wolves,Bournemouth,1.82,3.6,4.71,0.5286,0.2672,0.2042,avg_closing,avg_closing,closing,1.0395,2026-09-13T03:33:42+00:00,E0_2223.csv,8442792d,pinnacle_closing,0.5339,0.2699,0.1962
2023-02-18,Newcastle,Liverpool,2.53,3.48,2.82,0.3811,0.277,0.3419,avg_closing,avg_closing,closing,1.0372,2026-09-13T03:33:42+00:00,E0_2223.csv,8442792d,pinnacle_closing,0.3822,0.278,0.3398
2023-02-19,Man United,Leicester,1.56,4.49,5.7,0.6169,0.2143,0.1688,avg_closing,avg_closing,closing,1.0392,2026-09-13T03:33:42+00:00,E0_2223.csv,8442792d,pinnacle_closing,0.6181,0.2156,0.1664
2023-02-19,Tottenham,West Ham,1.87,3.51,4.5,0.5133,0.2734,0.2133,avg_closing,avg_closing,closing,1.0419,2026-09-13T03:33:42+00:00,E0_2223.csv,8442792d,pinnacle_closing,0.5179,0.2758,0.2063
2023-02-24,Fulham,Wolves,2.62,3.18,2.92,0.3675,0.3028,0.3297,avg_closing,avg_closing,closing,1.0386,2026-09-13T03:33:42+00:00,E0_2223.csv,8442792d,pinnacle_closing,0.3652,0.3107,0.3241
2023-02-25,Everton,Aston Villa,2.61,3.14,2.98,0.3694,0.3071,0.3235,avg_closing,avg_closing,closing,1.0372,2026-09-13T03:33:42+00:00,E0_2223.csv,8442792d,pinnacle_closing,0.3752,0.3109,0.3139
2023-02-25,Leeds,Southampton,1.95,3.66,3.95,0.4935,0.2629,0.2436,avg_closing,avg_closing,closing,1.0392,2026-09-13T03:33:42+00:00,E0_2223.csv,8442792d,pinnacle_closing,0.4988,0.2586,0.2426
2023-02-25,Leicester,Arsenal,5.84,4.29,1.58,0.1651,0.2247,0.6102,avg_closing,avg_closing,closing,1.0372,2026-09-13T03:33:42+00:00,E0_2223.csv,8442792d,pinnacle_closing,0.1624,0.2268,0.6109
2023-02-25,West Ham,Nott'm Forest,1.7,3.76,5.42,0.5663,0.256,0.1776,avg_closing,avg_closing,closing,1.0387,2026-09-13T03:33:42+00:00,E0_2223.csv,8442792d,pinnacle_closing,0.5712,0.2544,0.1744
2023-02-25,Bournemouth,Man City,10.02,5.21,1.34,0.0961,0.1849,0.7189,avg_closing,avg_closing,closing,1.038,2026-09-13T03:33:42+00:00,E0_2223.csv,8442792d,pinnacle_closing,0.0961,0.19,0.7139
2023-02-25,Crystal Palace,Liverpool,4.94,4.04,1.7,0.195,0.2384,0.5666,avg_closing,avg_closing,closing,1.0382,2026-09-13T03:33:42+00:00,E0_2223.csv,8442792d,pinnacle_closing,0.1922,0.2369,0.5709
2023-02-26,Tottenham,Chelsea,2.93,3.29,2.53,0.328,0.2921,0.3799,avg_closing,avg_closing,closing,1.0405,2026-09-13T03:33:42+00:00,E0_2223.csv,8442792d,pinnacle_closing,0.3216,0.2936,0.3849
2023-03-01,Arsenal,Everton,1.32,5.2,11.22,0.7291,0.1851,0.0858,avg_closing,avg_closing,closing,1.039,2026-09-13T03:33:42+00:00,E0_2223.csv,8442792d,pinnacle_closing,0.7231,0.186,0.091
2023-03-01,Liverpool,Wolves,1.52,4.41,6.47,0.6331,0.2182,0.1487,avg_closing,avg_closing,closing,1.0392,2026-09-13T03:33:42+00:00,E0_2223.csv,8442792d,pinnacle_closing,0.6319,0.2177,0.1504
2023-03-04,Man City,Newcastle,1.5,4.44,6.67,0.6399,0.2162,0.1439,avg_closing,avg_closing,closing,1.0418,2026-09-13T03:33:42+00:00,E0_2223.csv,8442792d,pinnacle_closing,0.6415,0.2129,0.1457
2023-03-04,Arsenal,Bournemouth,1.22,6.78,13.69,0.788,0.1418,0.0702,avg_closing,avg_closing,closing,1.0402,2026-09-13T03:33:42+00:00,E0_2223.csv,8442792d,pinnacle_closing,0.7874,0.1435,0.0692
2023-03-04,Aston Villa,Crystal Palace,2.15,3.31,3.67,0.4474,0.2906,0.2621,avg_closing,avg_closing,closing,1.0397,2026-09-13T03:33:42+00:00,E0_2223.csv,8442792d,pinnacle_closing,0.4548,0.2893,0.256
2023-03-04,Brighton,West Ham,1.68,3.94,5.22,0.572,0.2439,0.1841,avg_closing,avg_closing,closing,1.0406,2026-09-13T03:33:42+00:00,E0_2223.csv,8442792d,pinnacle_closing,0.5803,0.2437,0.176
2023-03-04,Chelsea,Leeds,1.58,4.14,6.03,0.6084,0.2322,0.1594,avg_closing,avg_closing,closing,1.0403,2026-09-13T03:33:42+00:00,E0_2223.csv,8442792d,pinnacle_closing,0.6087,0.2319,0.1594
2023-03-04,Wolves,Tottenham,3.26,3.25,2.35,0.295,0.2959,0.4092,avg_closing,avg_closing,closing,1.04,2026-09-13T03:33:42+00:00,E0_2223.csv,8442792d,pinnacle_closing,0.2927,0.2936,0.4137
2023-03-04,Southampton,Leicester,2.79,3.32,2.62,0.3442,0.2893,0.3665,avg_closing,avg_closing,closing,1.0413,2026-09-13T03:33:42+00:00,E0_2223.csv,8442792d,pinnacle_closing,0.3283,0.2911,0.3806
2023-03-05,Nott'm Forest,Everton,3.04,3.03,2.62,0.3161,0.3171,0.3668,avg_closing,avg_closing,closing,1.0407,2026-09-13T03:33:42+00:00,E0_2223.csv,8442792d,pinnacle_closing,0.3159,0.3159,0.3682
2023-03-05,Liverpool,Man United,2.46,3.58,2.85,0.3921,0.2694,0.3385,avg_closing,avg_closing,closing,1.0367,2026-09-13T03:33:42+00:00,E0_2223.csv,8442792d,pinnacle_closing,0.4029,0.2675,0.3296
2023-03-06,Brentford,Fulham,2.04,3.54,3.74,0.4713,0.2716,0.2571,avg_closing,avg_closing,closing,1.0401,2026-09-13T03:33:42+00:00,E0_2223.csv,8442792d,pinnacle_closing,0.4706,0.2719,0.2576
2023-03-11,Bournemouth,Liverpool,7.17,5.05,1.41,0.1332,0.1892,0.6776,avg_closing,avg_closing,closing,1.0467,2026-09-13T03:33:42+00:00,E0_2223.csv,8442792d,pinnacle_closing,0.1395,0.1891,0.6715
2023-03-11,Everton,Brentford,2.68,3.07,2.91,0.3579,0.3125,0.3296,avg_closing,avg_closing,closing,1.0425,2026-09-13T03:33:42+00:00,E0_2223.csv,8442792d,pinnacle_closing,0.3623,0.3105,0.3272
2023-03-11,Leeds,Brighton,4.29,3.75,1.84,0.2234,0.2556,0.5209,avg_closing,avg_closing,closing,1.0432,2026-09-13T03:33:42+00:00,E0_2223.csv,8442792d,pinnacle_closing,0.2177,0.2561,0.5261
2023-03-11,Leicester,Chelsea,4.02,3.63,1.93,0.2386,0.2643,0.4971,avg_closing,avg_closing,closing,1.0424,2026-09-13T03:33:42+00:00,E0_2223.csv,8442792d,pinnacle_closing,0.2383,0.2606,0.5011
2023-03-11,Tottenham,Nott'm Forest,1.44,4.55,7.62,0.6642,0.2102,0.1255,avg_closing,avg_closing,closing,1.0455,2026-09-13T03:33:42+00:00,E0_2223.csv,8442792d,pinnacle_closing,0.6624,0.2103,0.1273
2023-03-11,Crystal Palace,Man City,9.92,5.05,1.34,0.0965,0.1895,0.7141,avg_closing,avg_closing,closing,1.0451,2026-09-13T03:33:42+00:00,E0_2223.csv,8442792d,pinnacle_closing,0.0963,0.1871,0.7166
2023-03-12,Fulham,Arsenal,7.64,4.69,1.43,0.1254,0.2043,0.6702,avg_closing,avg_closing,closing,1.0434,2026-09-13T03:33:42+00:00,E0_2223.csv,8442792d,pinnacle_closing,0.1239,0.1979,0.6782
2023-03-12,Man United,Southampton,1.27,6.12,10.83,0.7548,0.1566,0.0885,avg_closing,avg_closing,closing,1.0431,2026-09-13T03:33:42+00:00,E0_2223.csv,8442792d,pinnacle_closing,0.7555,0.154,0.0905
2023-03-12,West Ham,Aston Villa,2.32,3.25,3.26,0.4123,0.2943,0.2934,avg_closing,avg_closing,closing,1.0455,2026-09-13T03:33:42+00:00,E0_2223.csv,8442792d,pinnacle_closing,0.4043,0.2983,0.2974
2023-03-12,Newcastle,Wolves,1.64,3.83,5.88,0.5858,0.2508,0.1634,avg_closing,avg_closing,closing,1.0409,2026-09-13T03:33:42+00:00,E0_2223.csv,8442792d,pinnacle_closing,0.5882,0.2466,0.1652
2023-03-15,Brighton,Crystal Palace,1.37,4.98,9.06,0.7011,0.1929,0.106,avg_closing,avg_closing,closing,1.0411,2026-09-13T03:33:42+00:00,E0_2223.csv,8442792d,pinnacle_closing,0.7085,0.1883,0.1032
2023-03-15,Southampton,Brentford,3.24,3.22,2.38,0.297,0.2988,0.4043,avg_closing,avg_closing,closing,1.0394,2026-09-13T03:33:42+00:00,E0_2223.csv,8442792d,pinnacle_closing,0.2959,0.2995,0.4047
2023-03-17,Nott'm Forest,Newcastle,5.45,3.75,1.69,0.1761,0.256,0.5679,avg_closing,avg_closing,closing,1.0419,2026-09-13T03:33:42+00:00,E0_2223.csv,8442792d,pinnacle_closing,0.1782,0.2639,0.5579
2023-03-18,Aston Villa,Bournemouth,1.72,3.85,5.0,0.5584,0.2495,0.1921,avg_closing,avg_closing,closing,1.0411,2026-09-13T03:33:42+00:00,E0_2223.csv,8442792d,pinnacle_closing,0.5619,0.2475,0.1906
2023-03-18,Brentford,Leicester,1.87,3.85,4.06,0.5138,0.2496,0.2366,avg_closing,avg_closing,closing,1.0408,2026-09-13T03:33:42+00:00,E0_2223.csv,8442792d,pinnacle_closing,0.5138,0.2542,0.2319
2023-03-18,Southampton,Tottenham,4.54,3.64,1.83,0.2115,0.2638,0.5247,avg_closing,avg_closing,closing,1.0414,2026-09-13T03:33:42+00:00,E0_2223.csv,8442792d,pinnacle_closing,0.2112,0.2615,0.5273
2023-03-18,Wolves,Leeds,2.34,3.23,3.25,0.4091,0.2964,0.2945,avg_closing,avg_closing,closing,1.0446,2026-09-13T03:33:42+00:00,E0_2223.csv,8442792d,pinnacle_closing,0.4218,0.293,0.2853
2023-03-18,Chelsea,Everton,1.49,4.14,7.95,0.6463,0.2326,0.1211,avg_closing,avg_closing,closing,1.0385,2026-09-13T03:33:42+00:00,E0_2223.csv,8442792d,pinnacle_closing,0.6393,0.2347,0.126
2023-03-19,Arsenal,Crystal Palace,1.26,5.86,12.05,0.7578,0.1629,0.0792,avg_closing,avg_closing,closing,1.0473,2026-09-13T03:33:42+00:00,E0_2223.csv,8442792d,pinnacle_closing,0.7625,0.1582,0.0793
2023-04-01,Man City,Liverpool,1.68,4.15,4.97,0.5738,0.2323,0.194,avg_closing,avg_closing,closing,1.0374,2026-09-13T03:33:42+00:00,E0_2223.csv,8442792d,pinnacle_closing,0.5855,0.2301,0.1845
2023-04-01,Arsenal,Leeds,1.27,6.3,10.67,0.7572,0.1526,0.0901,avg_closing,avg_closing,closing,1.0399,2026-09-13T03:33:42+00:00,E0_2223.csv,8442792d,pinnacle_closing,0.7639,0.1437,0.0924
2023-04-01,Bournemouth,Fulham,2.56,3.28,2.9,0.3755,0.2931,0.3315,avg_closing,avg_closing,closing,1.0403,2026-09-13T03:33:42+00:00,E0_2223.csv,8442792d,pinnacle_closing,0.3752,0.295,0.3298
2023-04-01,Brighton,Brentford,1.62,4.14,5.56,0.5943,0.2325,0.1732,avg_closing,avg_closing,closing,1.0387,2026-09-13T03:33:42+00:00,E0_2223.csv,8442792d,pinnacle_closing,0.598,0.226,0.1761
2023-04-01,Crystal Palace,Leicester,2.38,3.31,3.16,0.4045,0.2908,0.3047,avg_closing,avg_closing,closing,1.0387,2026-09-13T03:33:42+00:00,E0_2223.csv,8442792d,pinnacle_closing,0.4126,0.2884,0.299
2023-04-01,Nott'm Forest,Wolves,3.32,3.12,2.39,0.2896,0.3081,0.4023,avg_closing,avg_closing,closing,1.0401,2026-09-13T03:33:42+00:00,E0_2223.csv,8442792d,pinnacle_closing,0.2844,0.3096,0.406
2023-04-01,Chelsea,Aston Villa,1.62,3.95,5.93,0.5941,0.2436,0.1623,avg_closing,avg_closing,closing,1.0391,2026-09-13T03:33:42+00:00,E0_2223.csv,8442792d,pinnacle_closing,0.5997,0.239,0.1613
2023-04-02,West Ham,Southampton,1.76,3.71,4.96,0.5467,0.2593,0.194,avg_closing,avg_closing,closing,1.0393,2026-09-13T03:33:42+00:00,E0_2223.csv,8442792d,pinnacle_closing,0.5482,0.2554,0.1964
2023-04-02,Newcastle,Man United,2.33,3.49,3.08,0.4125,0.2754,0.3121,avg_closing,avg_closing,closing,1.0404,2026-09-13T03:33:42+00:00,E0_2223.csv,8442792d,pinnacle_closing,0.4218,0.2696,0.3087
2023-04-03,Everton,Tottenham,3.81,3.34,2.08,0.2517,0.2872,0.4611,avg_closing,avg_closing,closing,1.0426,2026-09-13T03:33:42+00:00,E0_2223.csv,8442792d,pinnacle_closing,0.2464,0.2787,0.4749
2023-04-04,Bournemouth,Brighton,5.83,4.34,1.57,0.1651,0.2218,0.6131,avg_closing,avg_closing,closing,1.0389,2026-09-13T03:33:42+00:00,E0_2223.csv,8442792d,pinnacle_closing,0.1629,0.2233,0.6138
2023-04-04,Leeds,Nott'm Forest,1.7,3.88,5.17,0.5659,0.248,0.1861,avg_closing,avg_closing,closing,1.0394,2026-09-13T03:33:42+00:00,E0_2223.csv,8442792d,pinnacle_closing,0.5662,0.2472,0.1866
2023-04-04,Leicester,Aston Villa,2.71,3.4,2.67,0.3556,0.2834,0.3609,avg_closing,avg_closing,closing,1.0377,2026-09-13T03:33:42+00:00,E0_2223.csv,8442792d,pinnacle_closing,0.3574,0.2798,0.3627
2023-04-04,Chelsea,Liverpool,2.16,3.53,3.43,0.4461,0.273,0.2809,avg_closing,avg_closing,closing,1.0378,2026-09-13T03:33:42+00:00,E0_2223.csv,8442792d,pinnacle_closing,0.4386,0.2819,0.2795
2023-04-05,Man United,Brentford,1.62,4.24,5.32,0.5929,0.2265,0.1805,avg_closing,avg_closing,closing,1.0411,2026-09-13T03:33:42+00:00,E0_2223.csv,8442792d,pinnacle_closing,0.5939,0.2273,0.1788
2023-04-05,West Ham,Newcastle,3.46,3.24,2.26,0.2779,0.2967,0.4254,avg_closing,avg_closing,closing,1.0401,2026-09-13T03:33:42+00:00,E0_2223.csv,8442792d,pinnacle_closing,0.2805,0.2939,0.4256
2023-04-08,Man United,Everton,1.57,4.22,5.98,0.6118,0.2276,0.1606,avg_closing,avg_closing,closing,1.0411,2026-09-13T03:33:42+00:00,E0_2223.csv,8442792d,pinnacle_closing,0.6054,0.2321,0.1625
2023-04-08,Aston Villa,Nott'm Forest,1.58,4.16,5.98,0.6083,0.231,0.1607,avg_closing,avg_closing,closing,1.0405,2026-09-13T03:33:42+00:00,E0_2223.csv,8442792d,pinnacle_closing,0.6105,0.2298,0.1596
2023-04-08,Brentford,Newcastle,4.1,3.5,1.96,0.2346,0.2748,0.4907,avg_closing,avg_closing,closing,1.0398,2026-09-13T03:33:42+00:00,E0_2223.csv,8442792d,pinnacle_closing,0.2284,0.273,0.4986
2023-04-08,Fulham,West Ham,2.95,3.24,2.55,0.326,0.2968,0.3772,avg_closing,avg_closing,closing,1.0398,2026-09-13T03:33:42+00:00,E0_2223.csv,8442792d,pinnacle_closing,0.3387,0.2975,0.3638
2023-04-08,Leicester,Bournemouth,2.09,3.48,3.64,0.4598,0.2762,0.264,avg_closing,avg_closing,closing,1.0406,2026-09-13T03:33:42+00:00,E0_2223.csv,8442792d,pinnacle_closing,0.461,0.2784,0.2606
2023-04-08,Tottenham,Brighton,2.76,3.44,2.59,0.3487,0.2798,0.3716,avg_closing,avg_closing,closing,1.0391,2026-09-13T03:33:42+00:00,E0_2223.csv,8442792d,pinnacle_closing,0.346,0.2789,0.3751
2023-04-08,Wolves,Chelsea,5.01,3.62,1.78,0.1924,0.2662,0.5414,avg_closing,avg_closing,closing,1.0376,2026-09-13T03:33:42+00:00,E0_2223.csv,8442792d,pinnacle_closing,0.1919,0.2635,0.5446
2023-04-08,Southampton,Man City,12.15,6.27,1.25,0.079,0.1531,0.7679,avg_closing,avg_closing,closing,1.0418,2026-09-13T03:33:42+00:00,E0_2223.csv,8442792d,pinnacle_closing,0.0807,0.1512,0.7681
2023-04-09,Leeds,Crystal Palace,2.07,3.45,3.73,0.464,0.2784,0.2575,avg_closing,avg_closing,closing,1.041,2026-09-13T03:33:42+00:00,E0_2223.csv,8442792d,pinnacle_closing,0.4675,0.2768,0.2558
2023-04-09,Liverpool,Arsenal,2.72,3.6,2.55,0.3543,0.2677,0.378,avg_closing,avg_closing,closing,1.0376,2026-09-13T03:33:42+00:00,E0_2223.csv,8442792d,pinnacle_closing,0.3484,0.2629,0.3887
2023-04-15,Aston Villa,Newcastle,3.64,3.45,2.11,0.2645,0.2791,0.4564,avg_closing,avg_closing,closing,1.0385,2026-09-13T03:33:42+00:00,E0_2223.csv,8442792d,pinnacle_closing,0.2637,0.2812,0.4551
2023-04-15,Chelsea,Brighton,2.94,3.37,2.48,0.327,0.2853,0.3877,avg_closing,avg_closing,closing,1.0401,2026-09-13T03:33:42+00:00,E0_2223.csv,8442792d,pinnacle_closing,0.3139,0.2864,0.3997
2023-04-15,Everton,Fulham,2.22,3.29,3.49,0.4327,0.292,0.2753,avg_closing,avg_closing,closing,1.0409,2026-09-13T03:33:42+00:00,E0_2223.csv,8442792d,pinnacle_closing,0.433,0.2913,0.2757
2023-04-15,Southampton,Crystal Palace,2.93,3.12,2.65,0.3284,0.3084,0.3631,avg_closing,avg_closing,closing,1.0392,2026-09-13T03:33:42+00:00,E0_2223.csv,8442792d,pinnacle_closing,0.3345,0.3092,0.3564
2023-04-15,Tottenham,Bournemouth,1.51,4.47,6.49,0.6368,0.2151,0.1482,avg_closing,avg_closing,closing,1.04,2026-09-13T03:33:42+00:00,E0_2223.csv,8442792d,pinnacle_closing,0.6383,0.2147,0.147
2023-04-15,Wolves,Brentford,2.81,3.17,2.71,0.3421,0.3032,0.3547,avg_closing,avg_closing,closing,1.0403,2026-09-13T03:33:42+00:00,E0_2223.csv,8442792d,pinnacle_closing,0.3374,0.3067,0.3558
2023-04-15,Man City,Leicester,1.14,9.4,19.22,0.847,0.1027,0.0502,avg_closing,avg_closing,closing,1.0356,2026-09-13T03:33:42+00:00,E0_2223.csv,8442792d,pinnacle_closing,0.856,0.0944,0.0496
2023-04-16,West Ham,Arsenal,5.58,4.2,1.61,0.1726,0.2293,0.5981,avg_closing,avg_closing,closing,1.0384,2026-09-13T03:33:42+00:00,E0_2223.csv,8442792d,pinnacle_closing,0.17,0.2261,0.6039
2023-04-16,Nott'm Forest,Man United,4.96,4.01,1.7,0.194,0.24,0.566,avg_closing,avg_closing,closing,1.0392,2026-09-13T03:33:42+00:00,E0_2223.csv,8442792d,pinnacle_closing,0.1891,0.2393,0.5716
2023-04-17,Leeds,Liverpool,4.57,4.32,1.7,0.2107,0.2229,0.5664,avg_closing,avg_closing,closing,1.0385,2026-09-13T03:33:42+00:00,E0_2223.csv,8442792d,pinnacle_closing,0.2175,0.2194,0.5631
2023-04-21,Arsenal,Southampton,1.21,7.08,13.9,0.7949,0.1359,0.0692,avg_closing,avg_closing,closing,1.0396,2026-09-13T03:33:42+00:00,E0_2223.csv,8442792d,pinnacle_closing,0.7973,0.134,0.0687
2023-04-22,Fulham,Leeds,2.38,3.44,3.03,0.4037,0.2793,0.3171,avg_closing,avg_closing,closing,1.0409,2026-09-13T03:33:42+00:00,E0_2223.csv,8442792d,pinnacle_closing,0.4073,0.2797,0.313
2023-04-22,Brentford,Aston Villa,2.64,3.28,2.82,0.3648,0.2936,0.3415,avg_closing,avg_closing,closing,1.0383,2026-09-13T03:33:42+00:00,E0_2223.csv,8442792d,pinnacle_closing,0.36,0.294,0.346
2023-04-22,Crystal Palace,Everton,1.97,3.36,4.27,0.4884,0.2863,0.2253,avg_closing,avg_closing,closing,1.0394,2026-09-13T03:33:42+00:00,E0_2223.csv,8442792d,pinnacle_closing,0.494,0.2877,0.2183
2023-04-22,Leicester,Wolves,2.43,3.3,3.09,0.3964,0.2919,0.3117,avg_closing,avg_closing,closing,1.0382,2026-09-13T03:33:42+00:00,E0_2223.csv,8442792d,pinnacle_closing,0.3995,0.2879,0.3127
2023-04-22,Liverpool,Nott'm Forest,1.17,8.07,16.57,0.8226,0.1193,0.0581,avg_closing,avg_closing,closing,1.039,2026-09-13T03:33:42+00:00,E0_2223.csv,8442792d,pinnacle_closing,0.8274,0.1139,0.0587
2023-04-23,Bournemouth,West Ham,2.97,3.3,2.51,0.3243,0.2919,0.3838,avg_closing,avg_closing,closing,1.0381,2026-09-13T03:33:42+00:00,E0_2223.csv,8442792d,pinnacle_closing,0.3231,0.2931,0.3839
2023-04-23,Newcastle,Tottenham,1.92,3.72,4.03,0.5019,0.259,0.2391,avg_closing,avg_closing,closing,1.0378,2026-09-13T03:33:42+00:00,E0_2223.csv,8442792d,pinnacle_closing,0.5064,0.2558,0.2378
2023-04-25,Wolves,Crystal Palace,2.32,3.03,3.56,0.4137,0.3167,0.2696,avg_closing,avg_closing,closing,1.042,2026-09-13T03:33:42+00:00,E0_2223.csv,8442792d,pinnacle_closing,0.4202,0.3224,0.2574
2023-04-25,Aston Villa,Fulham,1.75,3.83,4.88,0.5508,0.2517,0.1975,avg_closing,avg_closing,closing,1.0374,2026-09-13T03:33:42+00:00,E0_2223.csv,8442792d,pinnacle_closing,0.5508,0.2539,0.1954
2023-04-25,Leeds,Leicester,2.37,3.57,2.96,0.4058,0.2694,0.3249,avg_closing,avg_closing,closing,1.0399,2026-09-13T03:33:42+00:00,E0_2223.csv,8442792d,pinnacle_closing,0.4043,0.2718,0.324
2023-04-26,Nott'm Forest,Brighton,5.51,4.26,1.6,0.1743,0.2254,0.6003,avg_closing,avg_closing,closing,1.0412,2026-09-13T03:33:42+00:00,E0_2223.csv,8442792d,pinnacle_closing,0.1666,0.2223,0.611
2023-04-26,Chelsea,Brentford,1.79,3.67,4.84,0.5383,0.2626,0.1991,avg_closing,avg_closing,closing,1.0378,2026-09-13T03:33:42+00:00,E0_2223.csv,8442792d,pinnacle_closing,0.5201,0.265,0.2149
2023-04-26,West Ham,Liverpool,3.6,3.8,1.99,0.2662,0.2522,0.4816,avg_closing,avg_closing,closing,1.0434,2026-09-13T03:33:42+00:00,E0_2223.csv,8442792d,pinnacle_closing,0.2688,0.2515,0.4796
2023-04-26,Man City,Arsenal,1.66,4.16,5.16,0.5811,0.2319,0.187,avg_closing,avg_closing,closing,1.0366,2026-09-13T03:33:42+00:00,E0_2223.csv,8442792d,pinnacle_closing,0.5794,0.2334,0.1872
2023-04-27,Everton,Newcastle,4.51,3.66,1.82,0.2123,0.2616,0.5261,avg_closing,avg_closing,closing,1.0444,2026-09-13T03:33:42+00:00,E0_2223.csv,8442792d,pinnacle_closing,0.2074,0.2618,0.5308
2023-04-27,Southampton,Bournemouth,2.53,3.29,2.95,0.3807,0.2928,0.3265,avg_closing,avg_closing,closing,1.0382,2026-09-13T03:33:42+00:00,E0_2223.csv,8442792d,pinnacle_closing,0.3736,0.3002,0.3262
2023-04-27,Tottenham,Man United,2.86,3.75,2.36,0.3362,0.2564,0.4074,avg_closing,avg_closing,closing,1.04,2026-09-13T03:33:42+00:00,E0_2223.csv,8442792d,pinnacle_closing,0.3317,0.2502,0.4181
2023-04-29,Crystal Palace,West Ham,2.57,3.17,2.97,0.3737,0.303,0.3234,avg_closing,avg_closing,closing,1.0413,2026-09-13T03:33:42+00:00,E0_2223.csv,8442792d,pinnacle_closing,0.3822,0.3001,0.3177
2023-04-29,Brentford,Nott'm Forest,1.74,3.77,5.04,0.5535,0.2554,0.1911,avg_closing,avg_closing,closing,1.0384,2026-09-13T03:33:42+00:00,E0_2223.csv,8442792d,pinnacle_closing,0.5499,0.2562,0.1939
2023-04-29,Brighton,Wolves,1.57,4.28,5.97,0.6136,0.2251,0.1614,avg_closing,avg_closing,closing,1.0381,2026-09-13T03:33:42+00:00,E0_2223.csv,8442792d,pinnacle_closing,0.5942,0.2337,0.1722
2023-04-30,Bournemouth,Leeds,2.47,3.4,2.94,0.3896,0.283,0.3273,avg_closing,avg_closing,closing,1.0391,2026-09-13T03:33:42+00:00,E0_2223.csv,8442792d,pinnacle_closing,0.3898,0.2852,0.325
2023-04-30,Fulham,Man City,11.21,6.12,1.27,0.0858,0.1571,0.7571,avg_closing,avg_closing,closing,1.04,2026-09-13T03:33:42+00:00,E0_2223.csv,8442792d,pinnacle_closing,0.083,0.1516,0.7654
2023-04-30,Man United,Aston Villa,1.75,4.11,4.47,0.5503,0.2343,0.2154,avg_closing,avg_closing,closing,1.0385,2026-09-13T03:33:42+00:00,E0_2223.csv,8442792d,pinnacle_closing,0.5533,0.2404,0.2063
2023-04-30,Newcastle,Southampton,1.26,6.22,12.09,0.7652,0.155,0.0798,avg_closing,avg_closing,closing,1.0371,2026-09-13T03:33:42+00:00,E0_2223.csv,8442792d,pinnacle_closing,0.7719,0.1505,0.0776
2023-04-30,Liverpool,Tottenham,1.55,4.84,5.38,0.6218,0.1991,0.1791,avg_closing,avg_closing,closing,1.0376,2026-09-13T03:33:42+00:00,E0_2223.csv,8442792d,pinnacle_closing,0.6322,0.1955,0.1723
2023-05-01,Leicester,Everton,2.02,3.44,3.92,0.4756,0.2793,0.2451,avg_closing,avg_closing,closing,1.0408,2026-09-13T03:33:42+00:00,E0_2223.csv,8442792d,pinnacle_closing,0.4749,0.2811,0.244
2023-05-02,Arsenal,Chelsea,1.61,4.23,5.54,0.5984,0.2277,0.1739,avg_closing,avg_closing,closing,1.038,2026-09-13T03:33:42+00:00,E0_2223.csv,8442792d,pinnacle_closing,0.5965,0.2332,0.1703
2023-05-03,Liverpool,Fulham,1.29,6.13,9.73,0.7446,0.1567,0.0987,avg_closing,avg_closing,closing,1.0411,2026-09-13T03:33:42+00:00,E0_2223.csv,8442792d,pinnacle_closing,0.7327,0.1573,0.11
2023-05-03,Man City,West Ham,1.18,7.87,15.92,0.817,0.1225,0.0606,avg_closing,avg_closing,closing,1.0373,2026-09-13T03:33:42+00:00,E0_2223.csv,8442792d,pinnacle_closing,0.8276,0.1162,0.0561
2023-05-04,Brighton,Man United,2.17,3.83,3.16,0.4438,0.2514,0.3048,avg_closing,avg_closing,closing,1.0384,2026-09-13T03:33:42+00:00,E0_2223.csv,8442792d,pinnacle_closing,0.4481,0.2531,0.2988
2023-05-06,Bournemouth,Chelsea,3.55,3.62,2.08,0.2712,0.266,0.4629,avg_closing,avg_closing,closing,1.0387,2026-09-13T03:33:42+00:00,E0_2223.csv,8442792d,pinnacle_closing,0.2701,0.2664,0.4634
2023-05-06,Man City,Leeds,1.16,8.48,16.93,0.8297,0.1135,0.0568,avg_closing,avg_closing,closing,1.0391,2026-09-13T03:33:42+00:00,E0_2223.csv,8442792d,pinnacle_closing,0.8316,0.1112,0.0572
2023-05-06,Tottenham,Crystal Palace,1.84,3.83,4.31,0.5243,0.2519,0.2238,avg_closing,avg_closing,closing,1.0366,2026-09-13T03:33:42+00:00,E0_2223.csv,8442792d,pinnacle_closing,0.5366,0.2479,0.2156
2023-05-06,Wolves,Aston Villa,3.12,3.33,2.39,0.3084,0.289,0.4026,avg_closing,avg_closing,closing,1.0392,2026-09-13T03:33:42+00:00,E0_2223.csv,8442792d,pinnacle_closing,0.3066,0.2876,0.4058
2023-05-06,Liverpool,Brentford,1.43,5.16,6.91,0.6738,0.1867,0.1394,avg_closing,avg_closing,closing,1.0378,2026-09-13T03:33:42+00:00,E0_2223.csv,8442792d,pinnacle_closing,0.6792,0.1802,0.1406
2023-05-07,Newcastle,Arsenal,2.31,3.74,2.97,0.4175,0.2578,0.3247,avg_closing,avg_closing,closing,1.037,2026-09-13T03:33:42+00:00,E0_2223.csv,8442792d,pinnacle_closing,0.4217,0.2595,0.3187
2023-05-07,West Ham,Man United,3.57,3.68,2.05,0.2694,0.2614,0.4692,avg_closing,avg_closing,closing,1.0397,2026-09-13T03:33:42+00:00,E0_2223.csv,8442792d,pinnacle_closing,0.2671,0.2586,0.4743
2023-05-08,Fulham,Leicester,2.68,3.35,2.71,0.3586,0.2868,0.3546,avg_closing,avg_closing,closing,1.0406,2026-09-13T03:33:42+00:00,E0_2223.csv,8442792d,pinnacle_closing,0.3598,0.2804,0.3598
2023-05-08,Brighton,Everton,1.35,5.54,8.45,0.7125,0.1736,0.1138,avg_closing,avg_closing,closing,1.0396,2026-09-13T03:33:42+00:00,E0_2223.csv,8442792d,pinnacle_closing,0.7104,0.1754,0.1142
2023-05-08,Nott'm Forest,Southampton,2.01,3.49,3.9,0.4782,0.2754,0.2464,avg_closing,avg_closing,closing,1.0405,2026-09-13T03:33:42+00:00,E0_2223.csv,8442792d,pinnacle_closing,0.481,0.2705,0.2485
2023-05-13,Leeds,Newcastle,5.04,4.39,1.63,0.1908,0.2191,0.5901,avg_closing,avg_closing,closing,1.0397,2026-09-13T03:33:42+00:00,E0_2223.csv,8442792d,pinnacle_closing,0.1882,0.2159,0.5959
2023-05-13,Aston Villa,Tottenham,2.29,3.64,3.04,0.4197,0.2641,0.3162,avg_closing,avg_closing,closing,1.0404,2026-09-13T03:33:42+00:00,E0_2223.csv,8442792d,pinnacle_closing,0.4365,0.258,0.3055
2023-05-13,Chelsea,Nott'm Forest,1.56,4.3,6.06,0.6172,0.2239,0.1589,avg_closing,avg_closing,closing,1.0386,2026-09-13T03:33:42+00:00,E0_2223.csv,8442792d,pinnacle_closing,0.6129,0.2197,0.1674
2023-05-13,Crystal Palace,Bournemouth,1.77,3.78,4.81,0.5446,0.255,0.2004,avg_closing,avg_closing,closing,1.0374,2026-09-13T03:33:42+00:00,E0_2223.csv,8442792d,pinnacle_closing,0.5411,0.2591,0.1999
2023-05-13,Man United,Wolves,1.38,5.24,8.06,0.6971,0.1836,0.1193,avg_closing,avg_closing,closing,1.0395,2026-09-13T03:33:42+00:00,E0_2223.csv,8442792d,pinnacle_closing,0.6996,0.1804,0.12
2023-05-13,Southampton,Fulham,2.73,3.44,2.6,0.3517,0.2791,0.3692,avg_closing,avg_closing,closing,1.0416,2026-09-13T03:33:42+00:00,E0_2223.csv,8442792d,pinnacle_closing,0.357,0.274,0.3691
2023-05-14,Brentford,West Ham,1.83,3.64,4.6,0.5262,0.2645,0.2093,avg_closing,avg_closing,closing,1.0386,2026-09-13T03:33:42+00:00,E0_2223.csv,8442792d,pinnacle_closing,0.5329,0.2636,0.2036
2023-05-14,Everton,Man City,8.25,5.15,1.37,0.116,0.1858,0.6983,avg_closing,avg_closing,closing,1.0453,2026-09-13T03:33:42+00:00,E0_2223.csv,8442792d,pinnacle_closing,0.1164,0.1844,0.6992
2023-05-14,Arsenal,Brighton,1.73,4.28,4.36,0.5552,0.2244,0.2203,avg_closing,avg_closing,closing,1.041,2026-09-13T03:33:42+00:00,E0_2223.csv,8442792d,pinnacle_closing,0.5603,0.2221,0.2176
2023-05-15,Leicester,Liverpool,4.68,4.29,1.69,0.2058,0.2245,0.5698,avg_closing,avg_closing,closing,1.0385,2026-09-13T03:33:42+00:00,E0_2223.csv,8442792d,pinnacle_closing,0.2107,0.2285,0.5608
2023-05-18,Newcastle,Brighton,1.8,4.06,4.13,0.5321,0.2359,0.2319,avg_closing,avg_closing,closing,1.044,2026-09-13T03:33:42+00:00,E0_2223.csv,8442792d,pinnacle_closing,0.5422,0.2324,0.2254
2023-05-20,Tottenham,Brentford,1.95,3.77,3.85,0.4941,0.2556,0.2503,avg_closing,avg_closing,closing,1.0378,2026-09-13T03:33:42+00:00,E0_2223.csv,8442792d,pinnacle_closing,0.4817,0.2533,0.265
2023-05-20,Bournemouth,Man United,7.26,5.24,1.41,0.1327,0.1839,0.6834,avg_closing,avg_closing,closing,1.0378,2026-09-13T03:33:42+00:00,E0_2223.csv,8442792d,pinnacle_closing,0.1309,0.1802,0.6889
2023-05-20,Fulham,Crystal Palace,2.36,3.26,3.23,0.4074,0.2949,0.2977,avg_closing,avg_closing,closing,1.0401,2026-09-13T03:33:42+00:00,E0_2223.csv,8442792d,pinnacle_closing,0.4012,0.2966,0.3021
2023-05-20,Liverpool,Aston Villa,1.49,4.85,6.18,0.6459,0.1984,0.1557,avg_closing,avg_closing,closing,1.0391,2026-09-13T03:33:42+00:00,E0_2223.csv,8442792d,pinnacle_closing,0.6557,0.1941,0.1502
2023-05-20,Wolves,Everton,3.13,3.45,2.33,0.3076,0.2791,0.4133,avg_closing,avg_closing,closing,1.0385,2026-09-13T03:33:42+00:00,E0_2223.csv,8442792d,pinnacle_closing,0.3056,0.2766,0.4178
2023-05-20,Nott'm Forest,Arsenal,5.26,4.18,1.64,0.183,0.2302,0.5868,avg_closing,avg_closing,closing,1.0391,2026-09-13T03:33:42+00:00,E0_2223.csv,8442792d,pinnacle_closing,0.1842,0.2299,0.5859
2023-05-21,West Ham,Leeds,2.6,3.51,2.72,0.3708,0.2747,0.3545,avg_closing,avg_closing,closing,1.0372,2026-09-13T03:33:42+00:00,E0_2223.csv,8442792d,pinnacle_closing,0.3567,0.2745,0.3688
2023-05-21,Brighton,Southampton,1.21,7.38,13.35,0.7971,0.1307,0.0722,avg_closing,avg_closing,closing,1.0369,2026-09-13T03:33:42+00:00,E0_2223.csv,8442792d,pinnacle_closing,0.8014,0.1268,0.0718
2023-05-21,Man City,Chelsea,1.62,4.19,5.85,0.6011,0.2324,0.1665,avg_closing,avg_closing,closing,1.0269,2026-09-13T03:33:42+00:00,E0_2223.csv,8442792d,pinnacle_closing,0.6063,0.231,0.1628
2023-05-22,Newcastle,Leicester,1.31,5.96,9.36,0.7354,0.1616,0.1029,avg_closing,avg_closing,closing,1.038,2026-09-13T03:33:42+00:00,E0_2223.csv,8442792d,pinnacle_closing,0.7317,0.1644,0.1039
2023-05-24,Brighton,Man City,3.86,4.13,1.85,0.2487,0.2324,0.5189,avg_closing,avg_closing,closing,1.0417,2026-09-13T03:33:42+00:00,E0_2223.csv,8442792d,pinnacle_closing,0.2574,0.2306,0.512
2023-05-25,Man United,Chelsea,1.56,4.39,5.84,0.6163,0.219,0.1646,avg_closing,avg_closing,closing,1.04,2026-09-13T03:33:42+00:00,E0_2223.csv,8442792d,pinnacle_closing,0.6288,0.222,0.1492
2023-05-28,Arsenal,Wolves,1.29,6.18,9.86,0.7465,0.1558,0.0977,avg_closing,avg_closing,closing,1.0384,2026-09-13T03:33:42+00:00,E0_2223.csv,8442792d,pinnacle_closing,0.7492,0.1527,0.0981
2023-05-28,Aston Villa,Brighton,1.88,4.04,3.83,0.5112,0.2379,0.2509,avg_closing,avg_closing,closing,1.0405,2026-09-13T03:33:42+00:00,E0_2223.csv,8442792d,pinnacle_closing,0.516,0.2384,0.2456
2023-05-28,Brentford,Man City,3.37,3.57,2.15,0.2848,0.2688,0.4464,avg_closing,avg_closing,closing,1.042,2026-09-13T03:33:42+00:00,E0_2223.csv,8442792d,pinnacle_closing,0.2871,0.2714,0.4415
2023-05-28,Chelsea,Newcastle,2.79,3.76,2.38,0.3431,0.2546,0.4022,avg_closing,avg_closing,closing,1.0445,2026-09-13T03:33:42+00:00,E0_2223.csv,8442792d,pinnacle_closing,0.3527,0.2548,0.3925
2023-05-28,Crystal Palace,Nott'm Forest,1.6,4.09,5.61,0.5965,0.2334,0.1701,avg_closing,avg_closing,closing,1.0478,2026-09-13T03:33:42+00:00,E0_2223.csv,8442792d,pinnacle_closing,0.5994,0.2317,0.1689
2023-05-28,Everton,Bournemouth,1.62,4.22,5.41,0.5941,0.2281,0.1779,avg_closing,avg_closing,closing,1.0391,2026-09-13T03:33:42+00:00,E0_2223.csv,8442792d,pinnacle_closing,0.5889,0.2281,0.183
2023-05-28,Leeds,Tottenham,2.78,3.84,2.38,0.3458,0.2503,0.4039,avg_closing,avg_closing,closing,1.0403,2026-09-13T03:33:42+00:00,E0_2223.csv,8442792d,pinnacle_closing,0.3472,0.2461,0.4067
2023-05-28,Leicester,West Ham,2.08,3.94,3.26,0.4617,0.2437,0.2946,avg_closing,avg_closing,closing,1.0413,2026-09-13T03:33:42+00:00,E0_2223.csv,8442792d,pinnacle_closing,0.4614,0.2428,0.2959
2023-05-28,Man United,Fulham,1.48,4.97,6.04,0.6482,0.193,0.1588,avg_closing,avg_closing,closing,1.0424,2026-09-13T03:33:42+00:00,E0_2223.csv,8442792d,pinnacle_closing,0.6513,0.1907,0.1581
2023-05-28,Southampton,Liverpool,5.95,4.97,1.49,0.1615,0.1934,0.6451,avg_closing,avg_closing,closing,1.0404,2026-09-13T03:33:42+00:00,E0_2223.csv,8442792d,pinnacle_closing,0.1679,0.1989,0.6332
2023-08-11,Burnley,Man City,9.27,5.45,1.33,0.1034,0.1759,0.7207,avg_closing,avg_closing,closing,1.0432,2026-09-13T03:33:42+00:00,E0_2324.csv,b2e057b0,pinnacle_closing,0.1011,0.1674,0.7314
2023-08-12,Arsenal,Nott'm Forest,1.19,7.43,15.98,0.81,0.1297,0.0603,avg_closing,avg_closing,closing,1.0375,2026-09-13T03:33:42+00:00,E0_2324.csv,b2e057b0,pinnacle_closing,0.8176,0.1216,0.0608
2023-08-12,Bournemouth,West Ham,2.7,3.53,2.59,0.3562,0.2725,0.3713,avg_closing,avg_closing,closing,1.0398,2026-09-13T03:33:42+00:00,E0_2324.csv,b2e057b0,pinnacle_closing,0.3559,0.2719,0.3722
2023-08-12,Brighton,Luton,1.28,5.99,10.91,0.7513,0.1605,0.0881,avg_closing,avg_closing,closing,1.0399,2026-09-13T03:33:42+00:00,E0_2324.csv,b2e057b0,pinnacle_closing,0.7625,0.1523,0.0852
2023-08-12,Everton,Fulham,2.32,3.28,3.27,0.4138,0.2927,0.2936,avg_closing,avg_closing,closing,1.0417,2026-09-13T03:33:42+00:00,E0_2324.csv,b2e057b0,pinnacle_closing,0.4091,0.2945,0.2963
2023-08-12,Sheffield United,Crystal Palace,3.81,3.16,2.16,0.2519,0.3037,0.4444,avg_closing,avg_closing,closing,1.0419,2026-09-13T03:33:42+00:00,E0_2324.csv,b2e057b0,pinnacle_closing,0.2457,0.3037,0.4506
2023-08-12,Newcastle,Aston Villa,1.65,4.14,5.17,0.5822,0.232,0.1858,avg_closing,avg_closing,closing,1.041,2026-09-13T03:33:42+00:00,E0_2324.csv,b2e057b0,pinnacle_closing,0.5822,0.2329,0.1849
2023-08-13,Brentford,Tottenham,2.6,3.52,2.7,0.3702,0.2734,0.3564,avg_closing,avg_closing,closing,1.0391,2026-09-13T03:33:42+00:00,E0_2324.csv,b2e057b0,pinnacle_closing,0.3737,0.2766,0.3497
2023-08-13,Chelsea,Liverpool,3.04,3.75,2.26,0.3169,0.2569,0.4262,avg_closing,avg_closing,closing,1.0381,2026-09-13T03:33:42+00:00,E0_2324.csv,b2e057b0,pinnacle_closing,0.3045,0.2513,0.4443
2023-08-14,Man United,Wolves,1.27,6.12,10.96,0.7556,0.1568,0.0876,avg_closing,avg_closing,closing,1.042,2026-09-13T03:33:42+00:00,E0_2324.csv,b2e057b0,pinnacle_closing,0.7661,0.1544,0.0794
2023-08-18,Nott'm Forest,Sheffield United,1.93,3.44,4.33,0.4983,0.2796,0.2221,avg_closing,avg_closing,closing,1.0398,2026-09-13T03:33:42+00:00,E0_2324.csv,b2e057b0,pinnacle_closing,0.5036,0.2783,0.2181
2023-08-19,Fulham,Brentford,2.82,3.19,2.69,0.341,0.3015,0.3575,avg_closing,avg_closing,closing,1.0398,2026-09-13T03:33:42+00:00,E0_2324.csv,b2e057b0,pinnacle_closing,0.3407,0.3037,0.3556
2023-08-19,Liverpool,Bournemouth,1.2,7.69,12.7,0.7997,0.1248,0.0756,avg_closing,avg_closing,closing,1.0421,2026-09-13T03:33:42+00:00,E0_2324.csv,b2e057b0,pinnacle_closing,0.8079,0.1175,0.0746
2023-08-19,Wolves,Brighton,4.17,4.06,1.81,0.2309,0.2372,0.532,avg_closing,avg_closing,closing,1.0386,2026-09-13T03:33:42+00:00,E0_2324.csv,b2e057b0,pinnacle_closing,0.2368,0.2312,0.5319
2023-08-19,Tottenham,Man United,3.01,3.78,2.25,0.3191,0.2541,0.4268,avg_closing,avg_closing,closing,1.0412,2026-09-13T03:33:42+00:00,E0_2324.csv,b2e057b0,pinnacle_closing,0.3185,0.2527,0.4288
2023-08-19,Man City,Newcastle,1.84,3.78,4.32,0.5228,0.2545,0.2227,avg_closing,avg_closing,closing,1.0395,2026-09-13T03:33:42+00:00,E0_2324.csv,b2e057b0,pinnacle_closing,0.5222,0.2543,0.2235
2023-08-20,Aston Villa,Everton,1.84,3.82,4.24,0.522,0.2514,0.2265,avg_closing,avg_closing,closing,1.0411,2026-09-13T03:33:42+00:00,E0_2324.csv,b2e057b0,pinnacle_closing,0.5279,0.2491,0.223
2023-08-20,West Ham,Chelsea,3.27,3.59,2.18,0.2932,0.267,0.4398,avg_closing,avg_closing,closing,1.0431,2026-09-13T03:33:42+00:00,E0_2324.csv,b2e057b0,pinnacle_closing,0.301,0.268,0.431
2023-08-21,Crystal Palace,Arsenal,4.42,3.55,1.89,0.2182,0.2716,0.5102,avg_closing,avg_closing,closing,1.037,2026-09-13T03:33:42+00:00,E0_2324.csv,b2e057b0,pinnacle_closing,0.2167,0.2769,0.5064
2023-08-25,Chelsea,Luton,1.26,6.12,12.06,0.7631,0.1571,0.0797,avg_closing,avg_closing,closing,1.04,2026-09-13T03:33:42+00:00,E0_2324.csv,b2e057b0,pinnacle_closing,0.7664,0.1557,0.0779
2023-08-26,Bournemouth,Tottenham,3.47,3.86,2.03,0.2771,0.2491,0.4737,avg_closing,avg_closing,closing,1.0399,2026-09-13T03:33:42+00:00,E0_2324.csv,b2e057b0,pinnacle_closing,0.2815,0.2511,0.4674
2023-08-26,Arsenal,Fulham,1.27,5.98,10.95,0.7528,0.1599,0.0873,avg_closing,avg_closing,closing,1.0459,2026-09-13T03:33:42+00:00,E0_2324.csv,b2e057b0,pinnacle_closing,0.7518,0.1542,0.094
2023-08-26,Brentford,Crystal Palace,2.15,3.33,3.67,0.4481,0.2893,0.2625,avg_closing,avg_closing,closing,1.0379,2026-09-13T03:33:42+00:00,E0_2324.csv,b2e057b0,pinnacle_closing,0.4529,0.2903,0.2568
2023-08-26,Everton,Wolves,2.43,3.36,3.02,0.3956,0.2861,0.3183,avg_closing,avg_closing,closing,1.0403,2026-09-13T03:33:42+00:00,E0_2324.csv,b2e057b0,pinnacle_closing,0.3992,0.2893,0.3115
2023-08-26,Man United,Nott'm Forest,1.36,5.26,8.13,0.7013,0.1813,0.1173,avg_closing,avg_closing,closing,1.0484,2026-09-13T03:33:42+00:00,E0_2324.csv,b2e057b0,pinnacle_closing,0.703,0.183,0.114
2023-08-26,Brighton,West Ham,1.51,4.78,5.91,0.6364,0.201,0.1626,avg_closing,avg_closing,closing,1.0407,2026-09-13T03:33:42+00:00,E0_2324.csv,b2e057b0,pinnacle_closing,0.6481,0.1964,0.1555
2023-08-27,Burnley,Aston Villa,3.21,3.54,2.24,0.2994,0.2715,0.4291,avg_closing,avg_closing,closing,1.0404,2026-09-13T03:33:42+00:00,E0_2324.csv,b2e057b0,pinnacle_closing,0.3017,0.2715,0.4268
2023-08-27,Sheffield United,Man City,14.68,6.99,1.2,0.0652,0.137,0.7978,avg_closing,avg_closing,closing,1.0445,2026-09-13T03:33:42+00:00,E0_2324.csv,b2e057b0,pinnacle_closing,0.0606,0.1311,0.8083
2023-08-27,Newcastle,Liverpool,2.22,3.84,3.02,0.4323,0.2499,0.3178,avg_closing,avg_closing,closing,1.042,2026-09-13T03:33:42+00:00,E0_2324.csv,b2e057b0,pinnacle_closing,0.4366,0.2489,0.3145
2023-09-01,Luton,West Ham,4.67,4.02,1.73,0.2057,0.239,0.5553,avg_closing,avg_closing,closing,1.0409,2026-09-13T03:33:42+00:00,E0_2324.csv,b2e057b0,pinnacle_closing,0.2085,0.2381,0.5533
2023-09-02,Sheffield United,Everton,3.12,3.36,2.35,0.3071,0.2852,0.4077,avg_closing,avg_closing,closing,1.0437,2026-09-13T03:33:42+00:00,E0_2324.csv,b2e057b0,pinnacle_closing,0.3047,0.286,0.4093
2023-09-02,Brentford,Bournemouth,1.73,3.98,4.75,0.5559,0.2416,0.2025,avg_closing,avg_closing,closing,1.0398,2026-09-13T03:33:42+00:00,E0_2324.csv,b2e057b0,pinnacle_closing,0.5566,0.2429,0.2004
2023-09-02,Burnley,Tottenham,3.64,3.79,1.99,0.2639,0.2534,0.4827,avg_closing,avg_closing,closing,1.0411,2026-09-13T03:33:42+00:00,E0_2324.csv,b2e057b0,pinnacle_closing,0.2633,0.2578,0.4789
2023-09-02,Chelsea,Nott'm Forest,1.4,4.84,8.03,0.6832,0.1976,0.1191,avg_closing,avg_closing,closing,1.0454,2026-09-13T03:33:42+00:00,E0_2324.csv,b2e057b0,pinnacle_closing,0.6905,0.1943,0.1152
2023-09-02,Man City,Fulham,1.18,7.68,15.7,0.8138,0.125,0.0612,avg_closing,avg_closing,closing,1.0414,2026-09-13T03:33:42+00:00,E0_2324.csv,b2e057b0,pinnacle_closing,0.8131,0.1265,0.0605
2023-09-02,Brighton,Newcastle,2.55,3.81,2.58,0.3763,0.2518,0.3719,avg_closing,avg_closing,closing,1.0422,2026-09-13T03:33:42+00:00,E0_2324.csv,b2e057b0,pinnacle_closing,0.3702,0.2525,0.3773
2023-09-03,Crystal Palace,Wolves,1.9,3.54,4.32,0.5059,0.2715,0.2225,avg_closing,avg_closing,closing,1.0403,2026-09-13T03:33:42+00:00,E0_2324.csv,b2e057b0,pinnacle_closing,0.5142,0.2706,0.2152
2023-09-03,Liverpool,Aston Villa,1.61,4.62,4.94,0.5972,0.2081,0.1946,avg_closing,avg_closing,closing,1.04,2026-09-13T03:33:42+00:00,E0_2324.csv,b2e057b0,pinnacle_closing,0.5945,0.2101,0.1954
2023-09-03,Arsenal,Man United,1.77,4.14,4.29,0.5434,0.2323,0.2242,avg_closing,avg_closing,closing,1.0396,2026-09-13T03:33:42+00:00,E0_2324.csv,b2e057b0,pinnacle_closing,0.5522,0.2314,0.2164
2023-09-16,Wolves,Liverpool,4.77,4.35,1.67,0.2019,0.2214,0.5767,avg_closing,avg_closing,closing,1.0383,2026-09-13T03:33:42+00:00,E0_2324.csv,b2e057b0,pinnacle_closing,0.2125,0.2182,0.5692
2023-09-16,Aston Villa,Crystal Palace,1.94,3.64,4.01,0.4958,0.2643,0.2399,avg_closing,avg_closing,closing,1.0396,2026-09-13T03:33:42+00:00,E0_2324.csv,b2e057b0,pinnacle_closing,0.4935,0.267,0.2395
2023-09-16,Fulham,Luton,1.66,3.79,5.67,0.5778,0.2531,0.1692,avg_closing,avg_closing,closing,1.0426,2026-09-13T03:33:42+00:00,E0_2324.csv,b2e057b0,pinnacle_closing,0.5747,0.2543,0.171
2023-09-16,Man United,Brighton,2.0,3.99,3.44,0.4802,0.2407,0.2792,avg_closing,avg_closing,closing,1.0413,2026-09-13T03:33:42+00:00,E0_2324.csv,b2e057b0,pinnacle_closing,0.4723,0.2507,0.277
2023-09-16,Tottenham,Sheffield United,1.29,6.17,9.68,0.745,0.1558,0.0993,avg_closing,avg_closing,closing,1.0406,2026-09-13T03:33:42+00:00,E0_2324.csv,b2e057b0,pinnacle_closing,0.7439,0.1533,0.1029
2023-09-16,West Ham,Man City,5.6,4.22,1.61,0.1723,0.2286,0.5992,avg_closing,avg_closing,closing,1.0367,2026-09-13T03:33:42+00:00,E0_2324.csv,b2e057b0,pinnacle_closing,0.1772,0.2262,0.5967
2023-09-16,Newcastle,Brentford,1.64,4.08,5.4,0.5863,0.2357,0.1781,avg_closing,avg_closing,closing,1.04,2026-09-13T03:33:42+00:00,E0_2324.csv,b2e057b0,pinnacle_closing,0.5869,0.2336,0.1794
2023-09-17,Bournemouth,Chelsea,4.06,3.88,1.87,0.2371,0.2481,0.5148,avg_closing,avg_closing,closing,1.0388,2026-09-13T03:33:42+00:00,E0_2324.csv,b2e057b0,pinnacle_closing,0.224,0.2448,0.5312
2023-09-17,Everton,Arsenal,5.74,4.37,1.57,0.1675,0.22,0.6124,avg_closing,avg_closing,closing,1.04,2026-09-13T03:33:42+00:00,E0_2324.csv,b2e057b0,pinnacle_closing,0.1621,0.2262,0.6117
2023-09-18,Nott'm Forest,Burnley,2.11,3.45,3.59,0.4547,0.2781,0.2672,avg_closing,avg_closing,closing,1.0423,2026-09-13T03:33:42+00:00,E0_2324.csv,b2e057b0,pinnacle_closing,0.4567,0.2784,0.2649
2023-09-23,Crystal Palace,Fulham,2.08,3.34,3.87,0.4629,0.2883,0.2488,avg_closing,avg_closing,closing,1.0386,2026-09-13T03:33:42+00:00,E0_2324.csv,b2e057b0,pinnacle_closing,0.4655,0.2883,0.2462
2023-09-23,Luton,Wolves,3.18,3.32,2.37,0.3031,0.2903,0.4066,avg_closing,avg_closing,closing,1.0376,2026-09-13T03:33:42+00:00,E0_2324.csv,b2e057b0,pinnacle_closing,0.2983,0.2956,0.406
2023-09-23,Man City,Nott'm Forest,1.16,8.11,18.46,0.8293,0.1186,0.0521,avg_closing,avg_closing,closing,1.0395,2026-09-13T03:33:42+00:00,E0_2324.csv,b2e057b0,pinnacle_closing,0.8315,0.1145,0.054
2023-09-23,Brentford,Everton,1.93,3.56,4.16,0.4985,0.2702,0.2313,avg_closing,avg_closing,closing,1.0394,2026-09-13T03:33:42+00:00,E0_2324.csv,b2e057b0,pinnacle_closing,0.5011,0.2768,0.2221
2023-09-23,Burnley,Man United,4.15,3.91,1.84,0.2317,0.2459,0.5225,avg_closing,avg_closing,closing,1.0402,2026-09-13T03:33:42+00:00,E0_2324.csv,b2e057b0,pinnacle_closing,0.2252,0.2432,0.5316
2023-09-24,Arsenal,Tottenham,1.64,4.37,5.0,0.5871,0.2203,0.1926,avg_closing,avg_closing,closing,1.0386,2026-09-13T03:33:42+00:00,E0_2324.csv,b2e057b0,pinnacle_closing,0.5887,0.2213,0.1901
2023-09-24,Brighton,Bournemouth,1.5,4.91,5.97,0.6424,0.1962,0.1614,avg_closing,avg_closing,closing,1.0378,2026-09-13T03:33:42+00:00,E0_2324.csv,b2e057b0,pinnacle_closing,0.6396,0.1956,0.1648
2023-09-24,Chelsea,Aston Villa,1.86,3.9,4.09,0.5177,0.2469,0.2354,avg_closing,avg_closing,closing,1.0385,2026-09-13T03:33:42+00:00,E0_2324.csv,b2e057b0,pinnacle_closing,0.5123,0.249,0.2387
2023-09-24,Liverpool,West Ham,1.37,5.58,7.78,0.7034,0.1727,0.1239,avg_closing,avg_closing,closing,1.0377,2026-09-13T03:33:42+00:00,E0_2324.csv,b2e057b0,pinnacle_closing,0.6997,0.1725,0.1278
2023-09-24,Sheffield United,Newcastle,6.26,4.37,1.53,0.1533,0.2196,0.6271,avg_closing,avg_closing,closing,1.0422,2026-09-13T03:33:42+00:00,E0_2324.csv,b2e057b0,pinnacle_closing,0.1605,0.2212,0.6184
2023-09-30,Aston Villa,Brighton,2.5,3.7,2.7,0.3844,0.2597,0.3559,avg_closing,avg_closing,closing,1.0406,2026-09-13T03:33:42+00:00,E0_2324.csv,b2e057b0,pinnacle_closing,0.3932,0.2597,0.3472
2023-09-30,Bournemouth,Arsenal,6.03,4.55,1.53,0.1596,0.2115,0.6289,avg_closing,avg_closing,closing,1.0392,2026-09-13T03:33:42+00:00,E0_2324.csv,b2e057b0,pinnacle_closing,0.1607,0.2108,0.6284
2023-09-30,Everton,Luton,1.65,3.87,5.72,0.5832,0.2486,0.1682,avg_closing,avg_closing,closing,1.0393,2026-09-13T03:33:42+00:00,E0_2324.csv,b2e057b0,pinnacle_closing,0.5821,0.2474,0.1705
2023-09-30,Man United,Crystal Palace,1.57,4.26,6.05,0.6142,0.2264,0.1594,avg_closing,avg_closing,closing,1.037,2026-09-13T03:33:42+00:00,E0_2324.csv,b2e057b0,pinnacle_closing,0.6148,0.2223,0.163
2023-09-30,Newcastle,Burnley,1.38,5.13,8.43,0.698,0.1878,0.1143,avg_closing,avg_closing,closing,1.0382,2026-09-13T03:33:42+00:00,E0_2324.csv,b2e057b0,pinnacle_closing,0.7017,0.1848,0.1135
2023-09-30,West Ham,Sheffield United,1.44,4.79,7.35,0.6682,0.2009,0.1309,avg_closing,avg_closing,closing,1.0393,2026-09-13T03:33:42+00:00,E0_2324.csv,b2e057b0,pinnacle_closing,0.6577,0.2032,0.1391
2023-09-30,Wolves,Man City,8.34,5.12,1.39,0.1159,0.1888,0.6953,avg_closing,avg_closing,closing,1.0346,2026-09-13T03:33:42+00:00,E0_2324.csv,b2e057b0,pinnacle_closing,0.113,0.1874,0.6997
2023-09-30,Tottenham,Liverpool,2.96,3.94,2.25,0.3261,0.245,0.429,avg_closing,avg_closing,closing,1.0361,2026-09-13T03:33:42+00:00,E0_2324.csv,b2e057b0,pinnacle_closing,0.3306,0.244,0.4254
2023-10-01,Nott'm Forest,Brentford,2.65,3.21,2.85,0.3629,0.2996,0.3375,avg_closing,avg_closing,closing,1.0398,2026-09-13T03:33:42+00:00,E0_2324.csv,b2e057b0,pinnacle_closing,0.3735,0.2992,0.3273
2023-10-02,Fulham,Chelsea,3.46,3.43,2.19,0.2787,0.2811,0.4403,avg_closing,avg_closing,closing,1.0372,2026-09-13T03:33:42+00:00,E0_2324.csv,b2e057b0,pinnacle_closing,0.2782,0.2806,0.4412
2023-10-03,Luton,Burnley,2.94,3.16,2.62,0.3276,0.3048,0.3676,avg_closing,avg_closing,closing,1.0383,2026-09-13T03:33:42+00:00,E0_2324.csv,b2e057b0,pinnacle_closing,0.3319,0.3041,0.364
2023-10-07,Luton,Tottenham,6.8,5.05,1.44,0.1415,0.1905,0.668,avg_closing,avg_closing,closing,1.0395,2026-09-13T03:33:42+00:00,E0_2324.csv,b2e057b0,pinnacle_closing,0.1427,0.1884,0.669
2023-10-07,Burnley,Chelsea,5.16,3.99,1.68,0.1864,0.2411,0.5725,avg_closing,avg_closing,closing,1.0397,2026-09-13T03:33:42+00:00,E0_2324.csv,b2e057b0,pinnacle_closing,0.1868,0.2386,0.5746
2023-10-07,Everton,Bournemouth,1.92,3.72,4.03,0.5019,0.259,0.2391,avg_closing,avg_closing,closing,1.0378,2026-09-13T03:33:42+00:00,E0_2324.csv,b2e057b0,pinnacle_closing,0.507,0.2589,0.2341
2023-10-07,Fulham,Sheffield United,1.52,4.41,6.6,0.6349,0.2188,0.1462,avg_closing,avg_closing,closing,1.0362,2026-09-13T03:33:42+00:00,E0_2324.csv,b2e057b0,pinnacle_closing,0.6391,0.213,0.1479
2023-10-07,Man United,Brentford,1.66,4.19,5.12,0.5813,0.2303,0.1885,avg_closing,avg_closing,closing,1.0364,2026-09-13T03:33:42+00:00,E0_2324.csv,b2e057b0,pinnacle_closing,0.596,0.2244,0.1796
2023-10-07,Crystal Palace,Nott'm Forest,2.31,3.17,3.46,0.4173,0.3041,0.2786,avg_closing,avg_closing,closing,1.0374,2026-09-13T03:33:42+00:00,E0_2324.csv,b2e057b0,pinnacle_closing,0.4179,0.3134,0.2687
2023-10-08,Brighton,Liverpool,3.25,4.19,2.04,0.2968,0.2302,0.4729,avg_closing,avg_closing,closing,1.0366,2026-09-13T03:33:42+00:00,E0_2324.csv,b2e057b0,pinnacle_closing,0.3003,0.2336,0.4661
2023-10-08,West Ham,Newcastle,3.39,3.67,2.13,0.2845,0.2628,0.4528,avg_closing,avg_closing,closing,1.0369,2026-09-13T03:33:42+00:00,E0_2324.csv,b2e057b0,pinnacle_closing,0.2735,0.2625,0.464
2023-10-08,Wolves,Aston Villa,3.63,3.61,2.06,0.2654,0.2669,0.4677,avg_closing,avg_closing,closing,1.0379,2026-09-13T03:33:42+00:00,E0_2324.csv,b2e057b0,pinnacle_closing,0.2643,0.2657,0.4701
2023-10-08,Arsenal,Man City,3.0,3.3,2.5,0.3216,0.2924,0.386,avg_closing,avg_closing,closing,1.0364,2026-09-13T03:33:42+00:00,E0_2324.csv,b2e057b0,pinnacle_closing,0.3271,0.2895,0.3834
2023-10-21,Liverpool,Everton,1.39,5.43,7.38,0.6924,0.1772,0.1304,avg_closing,avg_closing,closing,1.0391,2026-09-13T03:33:42+00:00,E0_2324.csv,b2e057b0,pinnacle_closing,0.6926,0.1763,0.131
2023-10-21,Bournemouth,Wolves,2.35,3.42,3.11,0.4094,0.2813,0.3093,avg_closing,avg_closing,closing,1.0395,2026-09-13T03:33:42+00:00,E0_2324.csv,b2e057b0,pinnacle_closing,0.4231,0.2825,0.2944
2023-10-21,Brentford,Burnley,1.75,3.81,4.9,0.5505,0.2529,0.1966,avg_closing,avg_closing,closing,1.038,2026-09-13T03:33:42+00:00,E0_2324.csv,b2e057b0,pinnacle_closing,0.5593,0.2495,0.1912
2023-10-21,Man City,Brighton,1.36,5.74,7.8,0.7086,0.1679,0.1235,avg_closing,avg_closing,closing,1.0377,2026-09-13T03:33:42+00:00,E0_2324.csv,b2e057b0,pinnacle_closing,0.7069,0.1689,0.1242
2023-10-21,Newcastle,Crystal Palace,1.46,4.45,7.75,0.6594,0.2164,0.1242,avg_closing,avg_closing,closing,1.0387,2026-09-13T03:33:42+00:00,E0_2324.csv,b2e057b0,pinnacle_closing,0.6569,0.2165,0.1266
2023-10-21,Nott'm Forest,Luton,1.73,3.67,5.27,0.5557,0.2619,0.1824,avg_closing,avg_closing,closing,1.0403,2026-09-13T03:33:42+00:00,E0_2324.csv,b2e057b0,pinnacle_closing,0.5529,0.2666,0.1805
2023-10-21,Chelsea,Arsenal,3.3,3.33,2.32,0.293,0.2903,0.4167,avg_closing,avg_closing,closing,1.0344,2026-09-13T03:33:42+00:00,E0_2324.csv,b2e057b0,pinnacle_closing,0.2921,0.2844,0.4235
2023-10-21,Sheffield United,Man United,7.91,5.54,1.37,0.1219,0.1741,0.704,avg_closing,avg_closing,closing,1.0369,2026-09-13T03:33:42+00:00,E0_2324.csv,b2e057b0,pinnacle_closing,0.1243,0.1731,0.7026
2023-10-22,Aston Villa,West Ham,1.81,3.94,4.31,0.5321,0.2444,0.2235,avg_closing,avg_closing,closing,1.0383,2026-09-13T03:33:42+00:00,E0_2324.csv,b2e057b0,pinnacle_closing,0.5436,0.2421,0.2143
2023-10-23,Tottenham,Fulham,1.5,4.74,6.22,0.642,0.2032,0.1548,avg_closing,avg_closing,closing,1.0384,2026-09-13T03:33:42+00:00,E0_2324.csv,b2e057b0,pinnacle_closing,0.6369,0.2051,0.1579
2023-10-27,Crystal Palace,Tottenham,4.54,3.84,1.79,0.2119,0.2506,0.5375,avg_closing,avg_closing,closing,1.0393,2026-09-13T03:33:42+00:00,E0_2324.csv,b2e057b0,pinnacle_closing,0.2119,0.252,0.5361
2023-10-28,Chelsea,Brentford,1.65,4.07,5.39,0.5843,0.2369,0.1789,avg_closing,avg_closing,closing,1.0373,2026-09-13T03:33:42+00:00,E0_2324.csv,b2e057b0,pinnacle_closing,0.5875,0.2394,0.1731
2023-10-28,Arsenal,Sheffield United,1.13,9.57,21.8,0.8548,0.1009,0.0443,avg_closing,avg_closing,closing,1.0353,2026-09-13T03:33:42+00:00,E0_2324.csv,b2e057b0,pinnacle_closing,0.8527,0.1014,0.0459
2023-10-28,Bournemouth,Burnley,2.17,3.58,3.35,0.4437,0.2689,0.2874,avg_closing,avg_closing,closing,1.0387,2026-09-13T03:33:42+00:00,E0_2324.csv,b2e057b0,pinnacle_closing,0.4565,0.2664,0.277
2023-10-28,Wolves,Newcastle,4.22,3.84,1.85,0.2283,0.2509,0.5208,avg_closing,avg_closing,closing,1.0379,2026-09-13T03:33:42+00:00,E0_2324.csv,b2e057b0,pinnacle_closing,0.2367,0.2594,0.504
2023-10-29,West Ham,Everton,2.07,3.69,3.5,0.4646,0.2606,0.2748,avg_closing,avg_closing,closing,1.0398,2026-09-13T03:33:42+00:00,E0_2324.csv,b2e057b0,pinnacle_closing,0.468,0.2631,0.2689
2023-10-29,Aston Villa,Luton,1.34,5.71,8.49,0.7181,0.1685,0.1133,avg_closing,avg_closing,closing,1.0392,2026-09-13T03:33:42+00:00,E0_2324.csv,b2e057b0,pinnacle_closing,0.7216,0.1653,0.1131
2023-10-29,Brighton,Fulham,1.61,4.3,5.3,0.5959,0.2231,0.181,avg_closing,avg_closing,closing,1.0424,2026-09-13T03:33:42+00:00,E0_2324.csv,b2e057b0,pinnacle_closing,0.5918,0.2247,0.1835
2023-10-29,Liverpool,Nott'm Forest,1.23,6.96,12.16,0.7825,0.1383,0.0792,avg_closing,avg_closing,closing,1.0389,2026-09-13T03:33:42+00:00,E0_2324.csv,b2e057b0,pinnacle_closing,0.7887,0.1316,0.0797
2023-10-29,Man United,Man City,5.48,4.25,1.62,0.1763,0.2273,0.5964,avg_closing,avg_closing,closing,1.0351,2026-09-13T03:33:42+00:00,E0_2324.csv,b2e057b0,pinnacle_closing,0.173,0.2253,0.6017
2023-11-04,Fulham,Man United,3.0,3.56,2.36,0.3211,0.2706,0.4082,avg_closing,avg_closing,closing,1.038,2026-09-13T03:33:42+00:00,E0_2324.csv,b2e057b0,pinnacle_closing,0.3208,0.2708,0.4084
2023-11-04,Brentford,West Ham,2.15,3.66,3.33,0.4478,0.2631,0.2891,avg_closing,avg_closing,closing,1.0386,2026-09-13T03:33:42+00:00,E0_2324.csv,b2e057b0,pinnacle_closing,0.4506,0.2623,0.2871
2023-11-04,Burnley,Crystal Palace,3.35,3.17,2.35,0.2872,0.3035,0.4094,avg_closing,avg_closing,closing,1.0395,2026-09-13T03:33:42+00:00,E0_2324.csv,b2e057b0,pinnacle_closing,0.2756,0.3031,0.4212
2023-11-04,Everton,Brighton,2.83,3.6,2.46,0.3405,0.2677,0.3918,avg_closing,avg_closing,closing,1.0376,2026-09-13T03:33:42+00:00,E0_2324.csv,b2e057b0,pinnacle_closing,0.3403,0.2765,0.3832
2023-11-04,Man City,Bournemouth,1.1,11.54,26.43,0.8796,0.0838,0.0366,avg_closing,avg_closing,closing,1.0336,2026-09-13T03:33:42+00:00,E0_2324.csv,b2e057b0,pinnacle_closing,0.8826,0.0837,0.0338
2023-11-04,Sheffield United,Wolves,4.12,3.68,1.91,0.2338,0.2618,0.5044,avg_closing,avg_closing,closing,1.038,2026-09-13T03:33:42+00:00,E0_2324.csv,b2e057b0,pinnacle_closing,0.2231,0.2581,0.5189
2023-11-04,Newcastle,Arsenal,2.8,3.23,2.68,0.3434,0.2977,0.3588,avg_closing,avg_closing,closing,1.0399,2026-09-13T03:33:42+00:00,E0_2324.csv,b2e057b0,pinnacle_closing,0.3425,0.3012,0.3563
2023-11-05,Nott'm Forest,Aston Villa,3.91,3.75,1.94,0.2464,0.2569,0.4966,avg_closing,avg_closing,closing,1.0379,2026-09-13T03:33:42+00:00,E0_2324.csv,b2e057b0,pinnacle_closing,0.2471,0.2549,0.498
2023-11-05,Luton,Liverpool,13.28,7.63,1.2,0.0724,0.1261,0.8015,avg_closing,avg_closing,closing,1.0397,2026-09-13T03:33:42+00:00,E0_2324.csv,b2e057b0,pinnacle_closing,0.0646,0.114,0.8214
2023-11-06,Tottenham,Chelsea,2.32,3.63,3.04,0.4163,0.266,0.3177,avg_closing,avg_closing,closing,1.0355,2026-09-13T03:33:42+00:00,E0_2324.csv,b2e057b0,pinnacle_closing,0.41,0.2662,0.3239
2023-11-11,Wolves,Tottenham,3.14,3.53,2.3,0.3072,0.2733,0.4195,avg_closing,avg_closing,closing,1.0365,2026-09-13T03:33:42+00:00,E0_2324.csv,b2e057b0,pinnacle_closing,0.3106,0.2686,0.4209
2023-11-11,Arsenal,Burnley,1.2,7.07,16.18,0.8039,0.1365,0.0596,avg_closing,avg_closing,closing,1.0366,2026-09-13T03:33:42+00:00,E0_2324.csv,b2e057b0,pinnacle_closing,0.8126,0.1291,0.0583
2023-11-11,Crystal Palace,Everton,2.61,3.12,2.95,0.3675,0.3074,0.3251,avg_closing,avg_closing,closing,1.0426,2026-09-13T03:33:42+00:00,E0_2324.csv,b2e057b0,pinnacle_closing,0.3592,0.312,0.3288
2023-11-11,Man United,Luton,1.29,5.95,9.95,0.7427,0.161,0.0963,avg_closing,avg_closing,closing,1.0438,2026-09-13T03:33:42+00:00,E0_2324.csv,b2e057b0,pinnacle_closing,0.7472,0.157,0.0958
2023-11-11,Bournemouth,Newcastle,3.97,3.71,1.93,0.2423,0.2593,0.4984,avg_closing,avg_closing,closing,1.0396,2026-09-13T03:33:42+00:00,E0_2324.csv,b2e057b0,pinnacle_closing,0.2489,0.2582,0.4928
2023-11-12,Aston Villa,Fulham,1.65,4.13,5.21,0.5827,0.2328,0.1845,avg_closing,avg_closing,closing,1.0401,2026-09-13T03:33:42+00:00,E0_2324.csv,b2e057b0,pinnacle_closing,0.5909,0.2296,0.1795
2023-11-12,Brighton,Sheffield United,1.27,6.18,10.88,0.7563,0.1554,0.0883,avg_closing,avg_closing,closing,1.0411,2026-09-13T03:33:42+00:00,E0_2324.csv,b2e057b0,pinnacle_closing,0.7591,0.1547,0.0862
2023-11-12,Liverpool,Brentford,1.38,5.42,7.57,0.6959,0.1772,0.1269,avg_closing,avg_closing,closing,1.0412,2026-09-13T03:33:42+00:00,E0_2324.csv,b2e057b0,pinnacle_closing,0.6938,0.1763,0.1299
2023-11-12,West Ham,Nott'm Forest,1.8,3.77,4.58,0.5346,0.2553,0.2101,avg_closing,avg_closing,closing,1.0391,2026-09-13T03:33:42+00:00,E0_2324.csv,b2e057b0,pinnacle_closing,0.536,0.2526,0.2114
2023-11-12,Chelsea,Man City,4.65,3.92,1.77,0.2078,0.2464,0.5458,avg_closing,avg_closing,closing,1.0351,2026-09-13T03:33:42+00:00,E0_2324.csv,b2e057b0,pinnacle_closing,0.203,0.2435,0.5535
2023-11-25,Man City,Liverpool,1.71,4.31,4.54,0.5639,0.2237,0.2124,avg_closing,avg_closing,closing,1.0371,2026-09-13T03:33:42+00:00,E0_2324.csv,b2e057b0,pinnacle_closing,0.5703,0.2194,0.2103
2023-11-25,Burnley,West Ham,3.43,3.43,2.18,0.2798,0.2798,0.4403,avg_closing,avg_closing,closing,1.0418,2026-09-13T03:33:42+00:00,E0_2324.csv,b2e057b0,pinnacle_closing,0.2797,0.2838,0.4365
2023-11-25,Luton,Crystal Palace,3.98,3.34,2.03,0.2408,0.287,0.4722,avg_closing,avg_closing,closing,1.0433,2026-09-13T03:33:42+00:00,E0_2324.csv,b2e057b0,pinnacle_closing,0.2362,0.2845,0.4793
2023-11-25,Newcastle,Chelsea,2.68,3.54,2.59,0.3582,0.2712,0.3706,avg_closing,avg_closing,closing,1.0417,2026-09-13T03:33:42+00:00,E0_2324.csv,b2e057b0,pinnacle_closing,0.3739,0.2739,0.3522
2023-11-25,Nott'm Forest,Brighton,3.62,3.6,2.07,0.2664,0.2678,0.4658,avg_closing,avg_closing,closing,1.0371,2026-09-13T03:33:42+00:00,E0_2324.csv,b2e057b0,pinnacle_closing,0.2632,0.2676,0.4692
2023-11-25,Sheffield United,Bournemouth,3.41,3.49,2.19,0.283,0.2765,0.4406,avg_closing,avg_closing,closing,1.0364,2026-09-13T03:33:42+00:00,E0_2324.csv,b2e057b0,pinnacle_closing,0.2723,0.2777,0.45
2023-11-25,Brentford,Arsenal,5.73,4.06,1.61,0.1675,0.2364,0.5961,avg_closing,avg_closing,closing,1.0419,2026-09-13T03:33:42+00:00,E0_2324.csv,b2e057b0,pinnacle_closing,0.1681,0.2408,0.5911
2023-11-26,Tottenham,Aston Villa,2.63,3.76,2.56,0.3667,0.2565,0.3768,avg_closing,avg_closing,closing,1.0368,2026-09-13T03:33:42+00:00,E0_2324.csv,b2e057b0,pinnacle_closing,0.3602,0.2628,0.377
2023-11-26,Everton,Man United,2.69,3.41,2.66,0.3571,0.2817,0.3612,avg_closing,avg_closing,closing,1.0409,2026-09-13T03:33:42+00:00,E0_2324.csv,b2e057b0,pinnacle_closing,0.3635,0.2823,0.3542
2023-11-27,Fulham,Wolves,2.4,3.29,3.11,0.3998,0.2917,0.3085,avg_closing,avg_closing,closing,1.0422,2026-09-13T03:33:42+00:00,E0_2324.csv,b2e057b0,pinnacle_closing,0.4003,0.2948,0.3049
2023-12-02,Arsenal,Wolves,1.24,6.36,13.17,0.7757,0.1512,0.073,avg_closing,avg_closing,closing,1.0396,2026-09-13T03:33:42+00:00,E0_2324.csv,b2e057b0,pinnacle_closing,0.7775,0.1483,0.0742
2023-12-02,Brentford,Luton,1.53,4.39,6.34,0.629,0.2192,0.1518,avg_closing,avg_closing,closing,1.0391,2026-09-13T03:33:42+00:00,E0_2324.csv,b2e057b0,pinnacle_closing,0.6293,0.2188,0.1519
2023-12-02,Burnley,Sheffield United,1.75,3.73,5.07,0.5512,0.2586,0.1902,avg_closing,avg_closing,closing,1.0368,2026-09-13T03:33:42+00:00,E0_2324.csv,b2e057b0,pinnacle_closing,0.5581,0.2549,0.1871
2023-12-02,Nott'm Forest,Everton,2.84,3.16,2.71,0.3394,0.305,0.3556,avg_closing,avg_closing,closing,1.0376,2026-09-13T03:33:42+00:00,E0_2324.csv,b2e057b0,pinnacle_closing,0.3384,0.3084,0.3531
2023-12-02,Newcastle,Man United,2.0,3.76,3.68,0.4818,0.2563,0.2619,avg_closing,avg_closing,closing,1.0377,2026-09-13T03:33:42+00:00,E0_2324.csv,b2e057b0,pinnacle_closing,0.4862,0.2572,0.2566
2023-12-03,Bournemouth,Aston Villa,3.18,3.93,2.13,0.3028,0.245,0.4521,avg_closing,avg_closing,closing,1.0384,2026-09-13T03:33:42+00:00,E0_2324.csv,b2e057b0,pinnacle_closing,0.3117,0.2443,0.444
2023-12-03,Chelsea,Brighton,1.64,4.33,5.16,0.5894,0.2232,0.1873,avg_closing,avg_closing,closing,1.0345,2026-09-13T03:33:42+00:00,E0_2324.csv,b2e057b0,pinnacle_closing,0.6059,0.2178,0.1763
2023-12-03,Liverpool,Fulham,1.24,6.82,11.43,0.775,0.1409,0.0841,avg_closing,avg_closing,closing,1.0406,2026-09-13T03:33:42+00:00,E0_2324.csv,b2e057b0,pinnacle_closing,0.7819,0.1366,0.0814
2023-12-03,West Ham,Crystal Palace,1.95,3.55,4.13,0.4947,0.2717,0.2336,avg_closing,avg_closing,closing,1.0366,2026-09-13T03:33:42+00:00,E0_2324.csv,b2e057b0,pinnacle_closing,0.5007,0.2713,0.228
2023-12-03,Man City,Tottenham,1.25,6.97,10.56,0.7706,0.1382,0.0912,avg_closing,avg_closing,closing,1.0382,2026-09-13T03:33:42+00:00,E0_2324.csv,b2e057b0,pinnacle_closing,0.7835,0.1268,0.0897
2023-12-05,Wolves,Burnley,1.93,3.61,4.12,0.4992,0.2669,0.2339,avg_closing,avg_closing,closing,1.0379,2026-09-13T03:33:42+00:00,E0_2324.csv,b2e057b0,pinnacle_closing,0.4984,0.2663,0.2353
2023-12-05,Luton,Arsenal,16.38,7.06,1.2,0.0589,0.1367,0.8044,avg_closing,avg_closing,closing,1.036,2026-09-13T03:33:42+00:00,E0_2324.csv,b2e057b0,pinnacle_closing,0.0623,0.1332,0.8045
2023-12-06,Brighton,Brentford,1.77,4.05,4.45,0.545,0.2382,0.2168,avg_closing,avg_closing,closing,1.0366,2026-09-13T03:33:42+00:00,E0_2324.csv,b2e057b0,pinnacle_closing,0.5511,0.2366,0.2123
2023-12-06,Crystal Palace,Bournemouth,2.29,3.41,3.22,0.4197,0.2818,0.2985,avg_closing,avg_closing,closing,1.0405,2026-09-13T03:33:42+00:00,E0_2324.csv,b2e057b0,pinnacle_closing,0.4123,0.2837,0.3041
2023-12-06,Fulham,Nott'm Forest,2.01,3.43,3.94,0.4771,0.2796,0.2434,avg_closing,avg_closing,closing,1.0429,2026-09-13T03:33:42+00:00,E0_2324.csv,b2e057b0,pinnacle_closing,0.4721,0.2811,0.2468
2023-12-06,Sheffield United,Liverpool,14.76,7.96,1.19,0.0655,0.1215,0.8129,avg_closing,avg_closing,closing,1.0337,2026-09-13T03:33:42+00:00,E0_2324.csv,b2e057b0,pinnacle_closing,0.0689,0.1135,0.8176
2023-12-06,Aston Villa,Man City,5.19,4.25,1.65,0.1863,0.2275,0.5861,avg_closing,avg_closing,closing,1.034,2026-09-13T03:33:42+00:00,E0_2324.csv,b2e057b0,pinnacle_closing,0.1885,0.2229,0.5886
2023-12-06,Man United,Chelsea,2.79,3.6,2.5,0.3459,0.2681,0.386,avg_closing,avg_closing,closing,1.0362,2026-09-13T03:33:42+00:00,E0_2324.csv,b2e057b0,pinnacle_closing,0.34,0.2694,0.3906
2023-12-07,Everton,Newcastle,3.17,3.45,2.31,0.3038,0.2792,0.417,avg_closing,avg_closing,closing,1.0382,2026-09-13T03:33:42+00:00,E0_2324.csv,b2e057b0,pinnacle_closing,0.2967,0.2821,0.4213
2023-12-07,Tottenham,West Ham,1.68,4.29,4.79,0.5739,0.2248,0.2013,avg_closing,avg_closing,closing,1.0371,2026-09-13T03:33:42+00:00,E0_2324.csv,b2e057b0,pinnacle_closing,0.5813,0.2206,0.1981
2023-12-09,Crystal Palace,Liverpool,6.59,4.62,1.49,0.146,0.2083,0.6457,avg_closing,avg_closing,closing,1.0393,2026-09-13T03:33:42+00:00,E0_2324.csv,b2e057b0,pinnacle_closing,0.146,0.2066,0.6474
2023-12-09,Brighton,Burnley,1.53,4.5,6.2,0.6302,0.2143,0.1555,avg_closing,avg_closing,closing,1.0371,2026-09-13T03:33:42+00:00,E0_2324.csv,b2e057b0,pinnacle_closing,0.6294,0.214,0.1566
2023-12-09,Man United,Bournemouth,1.66,4.41,4.74,0.5792,0.218,0.2028,avg_closing,avg_closing,closing,1.0401,2026-09-13T03:33:42+00:00,E0_2324.csv,b2e057b0,pinnacle_closing,0.5807,0.2165,0.2029
2023-12-09,Sheffield United,Brentford,4.61,3.86,1.78,0.209,0.2496,0.5413,avg_closing,avg_closing,closing,1.0378,2026-09-13T03:33:42+00:00,E0_2324.csv,b2e057b0,pinnacle_closing,0.2062,0.2483,0.5455
2023-12-09,Wolves,Nott'm Forest,1.92,3.37,4.53,0.5016,0.2858,0.2126,avg_closing,avg_closing,closing,1.0383,2026-09-13T03:33:42+00:00,E0_2324.csv,b2e057b0,pinnacle_closing,0.4888,0.2912,0.22
2023-12-09,Aston Villa,Arsenal,3.62,3.72,2.03,0.2662,0.2591,0.4747,avg_closing,avg_closing,closing,1.0377,2026-09-13T03:33:42+00:00,E0_2324.csv,b2e057b0,pinnacle_closing,0.2667,0.2515,0.4818
2023-12-10,Everton,Chelsea,2.54,3.47,2.78,0.378,0.2767,0.3453,avg_closing,avg_closing,closing,1.0416,2026-09-13T03:33:42+00:00,E0_2324.csv,b2e057b0,pinnacle_closing,0.381,0.2816,0.3374
2023-12-10,Fulham,West Ham,2.22,3.54,3.26,0.4333,0.2717,0.295,avg_closing,avg_closing,closing,1.0397,2026-09-13T03:33:42+00:00,E0_2324.csv,b2e057b0,pinnacle_closing,0.4443,0.2703,0.2854
2023-12-10,Luton,Man City,15.25,7.38,1.19,0.063,0.1301,0.8069,avg_closing,avg_closing,closing,1.0414,2026-09-13T03:33:42+00:00,E0_2324.csv,b2e057b0,pinnacle_closing,0.0602,0.1235,0.8163
2023-12-10,Tottenham,Newcastle,2.08,3.88,3.34,0.4632,0.2483,0.2885,avg_closing,avg_closing,closing,1.0379,2026-09-13T03:33:42+00:00,E0_2324.csv,b2e057b0,pinnacle_closing,0.4719,0.243,0.2851
2023-12-15,Nott'm Forest,Tottenham,5.06,4.17,1.66,0.1901,0.2306,0.5793,avg_closing,avg_closing,closing,1.0398,2026-09-13T03:33:42+00:00,E0_2324.csv,b2e057b0,pinnacle_closing,0.1892,0.2321,0.5788
2023-12-16,Chelsea,Sheffield United,1.2,7.63,14.35,0.8059,0.1267,0.0674,avg_closing,avg_closing,closing,1.0341,2026-09-13T03:33:42+00:00,E0_2324.csv,b2e057b0,pinnacle_closing,0.819,0.1202,0.0608
2023-12-16,Man City,Crystal Palace,1.18,7.38,18.26,0.8167,0.1306,0.0528,avg_closing,avg_closing,closing,1.0377,2026-09-13T03:33:42+00:00,E0_2324.csv,b2e057b0,pinnacle_closing,0.824,0.1279,0.048
2023-12-16,Newcastle,Fulham,1.89,3.78,4.08,0.5094,0.2547,0.236,avg_closing,avg_closing,closing,1.0387,2026-09-13T03:33:42+00:00,E0_2324.csv,b2e057b0,pinnacle_closing,0.5068,0.2541,0.2391
2023-12-16,Burnley,Everton,3.3,3.48,2.22,0.2911,0.2761,0.4328,avg_closing,avg_closing,closing,1.0408,2026-09-13T03:33:42+00:00,E0_2324.csv,b2e057b0,pinnacle_closing,0.2967,0.2726,0.4306
2023-12-17,Arsenal,Brighton,1.48,4.76,6.66,0.6523,0.2028,0.1449,avg_closing,avg_closing,closing,1.0359,2026-09-13T03:33:42+00:00,E0_2324.csv,b2e057b0,pinnacle_closing,0.6593,0.1986,0.1421
2023-12-17,Brentford,Aston Villa,3.18,3.46,2.29,0.3023,0.2779,0.4198,avg_closing,avg_closing,closing,1.0402,2026-09-13T03:33:42+00:00,E0_2324.csv,b2e057b0,pinnacle_closing,0.3061,0.2814,0.4125
2023-12-17,West Ham,Wolves,1.96,3.6,4.0,0.4915,0.2676,0.2409,avg_closing,avg_closing,closing,1.038,2026-09-13T03:33:42+00:00,E0_2324.csv,b2e057b0,pinnacle_closing,0.5106,0.2658,0.2236
2023-12-17,Liverpool,Man United,1.35,5.88,7.97,0.7148,0.1641,0.1211,avg_closing,avg_closing,closing,1.0363,2026-09-13T03:33:42+00:00,E0_2324.csv,b2e057b0,pinnacle_closing,0.7275,0.1586,0.1138
2023-12-21,Crystal Palace,Brighton,3.24,3.33,2.3,0.2957,0.2877,0.4166,avg_closing,avg_closing,closing,1.0437,2026-09-13T03:33:42+00:00,E0_2324.csv,b2e057b0,pinnacle_closing,0.3016,0.2891,0.4093
2023-12-22,Aston Villa,Sheffield United,1.22,7.15,12.8,0.7899,0.1348,0.0753,avg_closing,avg_closing,closing,1.0377,2026-09-13T03:33:42+00:00,E0_2324.csv,b2e057b0,pinnacle_closing,0.7907,0.1321,0.0772
2023-12-23,West Ham,Man United,2.19,3.77,3.16,0.4398,0.2555,0.3048,avg_closing,avg_closing,closing,1.0383,2026-09-13T03:33:42+00:00,E0_2324.csv,b2e057b0,pinnacle_closing,0.4631,0.25,0.2869
2023-12-23,Fulham,Burnley,1.71,3.86,5.06,0.5615,0.2487,0.1898,avg_closing,avg_closing,closing,1.0415,2026-09-13T03:33:42+00:00,E0_2324.csv,b2e057b0,pinnacle_closing,0.5677,0.247,0.1853
2023-12-23,Luton,Newcastle,5.3,4.15,1.63,0.1809,0.231,0.5881,avg_closing,avg_closing,closing,1.0431,2026-09-13T03:33:42+00:00,E0_2324.csv,b2e057b0,pinnacle_closing,0.1826,0.2358,0.5816
2023-12-23,Nott'm Forest,Bournemouth,2.86,3.45,2.49,0.3358,0.2784,0.3857,avg_closing,avg_closing,closing,1.0411,2026-09-13T03:33:42+00:00,E0_2324.csv,b2e057b0,pinnacle_closing,0.3313,0.2823,0.3865
2023-12-23,Tottenham,Everton,1.71,4.25,4.57,0.5629,0.2265,0.2106,avg_closing,avg_closing,closing,1.0389,2026-09-13T03:33:42+00:00,E0_2324.csv,b2e057b0,pinnacle_closing,0.5703,0.226,0.2037
2023-12-23,Liverpool,Arsenal,2.47,3.63,2.79,0.3898,0.2652,0.345,avg_closing,avg_closing,closing,1.0388,2026-09-13T03:33:42+00:00,E0_2324.csv,b2e057b0,pinnacle_closing,0.3863,0.266,0.3477
2023-12-24,Wolves,Chelsea,3.26,3.65,2.17,0.2945,0.263,0.4424,avg_closing,avg_closing,closing,1.0416,2026-09-13T03:33:42+00:00,E0_2324.csv,b2e057b0,pinnacle_closing,0.2913,0.2665,0.4422
2023-12-26,Newcastle,Nott'm Forest,1.41,4.95,7.64,0.6805,0.1939,0.1256,avg_closing,avg_closing,closing,1.0421,2026-09-13T03:33:42+00:00,E0_2324.csv,b2e057b0,pinnacle_closing,0.6922,0.1882,0.1196
2023-12-26,Bournemouth,Fulham,1.95,3.85,3.74,0.4931,0.2498,0.2571,avg_closing,avg_closing,closing,1.0399,2026-09-13T03:33:42+00:00,E0_2324.csv,b2e057b0,pinnacle_closing,0.5061,0.2492,0.2448
2023-12-26,Sheffield United,Luton,2.46,3.25,3.07,0.3909,0.2959,0.3132,avg_closing,avg_closing,closing,1.0399,2026-09-13T03:33:42+00:00,E0_2324.csv,b2e057b0,pinnacle_closing,0.3955,0.2957,0.3088
2023-12-26,Burnley,Liverpool,7.69,5.28,1.38,0.1246,0.1814,0.6941,avg_closing,avg_closing,closing,1.0441,2026-09-13T03:33:42+00:00,E0_2324.csv,b2e057b0,pinnacle_closing,0.1238,0.172,0.7042
2023-12-26,Man United,Aston Villa,2.34,3.75,2.91,0.4118,0.257,0.3312,avg_closing,avg_closing,closing,1.0377,2026-09-13T03:33:42+00:00,E0_2324.csv,b2e057b0,pinnacle_closing,0.4146,0.2584,0.327
2023-12-27,Brentford,Wolves,2.22,3.41,3.39,0.4337,0.2823,0.284,avg_closing,avg_closing,closing,1.0387,2026-09-13T03:33:42+00:00,E0_2324.csv,b2e057b0,pinnacle_closing,0.4322,0.2868,0.281
2023-12-27,Chelsea,Crystal Palace,1.78,3.75,4.7,0.5396,0.2561,0.2043,avg_closing,avg_closing,closing,1.0412,2026-09-13T03:33:42+00:00,E0_2324.csv,b2e057b0,pinnacle_closing,0.5362,0.2581,0.2056
2023-12-27,Everton,Man City,5.65,4.02,1.62,0.1697,0.2385,0.5918,avg_closing,avg_closing,closing,1.043,2026-09-13T03:33:42+00:00,E0_2324.csv,b2e057b0,pinnacle_closing,0.1767,0.2448,0.5785
2023-12-28,Brighton,Tottenham,2.5,3.82,2.65,0.3849,0.2519,0.3631,avg_closing,avg_closing,closing,1.0391,2026-09-13T03:33:42+00:00,E0_2324.csv,b2e057b0,pinnacle_closing,0.3925,0.2483,0.3592
2023-12-28,Arsenal,West Ham,1.3,5.97,10.13,0.7429,0.1618,0.0953,avg_closing,avg_closing,closing,1.0355,2026-09-13T03:33:42+00:00,E0_2324.csv,b2e057b0,pinnacle_closing,0.7512,0.1591,0.0896
2023-12-30,Luton,Chelsea,5.5,4.46,1.58,0.175,0.2158,0.6092,avg_closing,avg_closing,closing,1.0389,2026-09-13T03:33:42+00:00,E0_2324.csv,b2e057b0,pinnacle_closing,0.1749,0.211,0.6142
2023-12-30,Aston Villa,Burnley,1.4,5.17,7.55,0.6867,0.186,0.1273,avg_closing,avg_closing,closing,1.0402,2026-09-13T03:33:42+00:00,E0_2324.csv,b2e057b0,pinnacle_closing,0.6927,0.1843,0.123
2023-12-30,Crystal Palace,Brentford,2.12,3.29,3.78,0.4535,0.2922,0.2543,avg_closing,avg_closing,closing,1.0402,2026-09-13T03:33:42+00:00,E0_2324.csv,b2e057b0,pinnacle_closing,0.4524,0.2975,0.2501
2023-12-30,Man City,Sheffield United,1.08,12.46,30.83,0.8915,0.0773,0.0312,avg_closing,avg_closing,closing,1.0386,2026-09-13T03:33:42+00:00,E0_2324.csv,b2e057b0,pinnacle_closing,0.904,0.0691,0.0269
2023-12-30,Wolves,Everton,2.88,3.26,2.6,0.3343,0.2954,0.3703,avg_closing,avg_closing,closing,1.0386,2026-09-13T03:33:42+00:00,E0_2324.csv,b2e057b0,pinnacle_closing,0.3274,0.3001,0.3725
2023-12-30,Nott'm Forest,Man United,3.25,3.64,2.18,0.2955,0.2639,0.4406,avg_closing,avg_closing,closing,1.0411,2026-09-13T03:33:42+00:00,E0_2324.csv,b2e057b0,pinnacle_closing,0.2939,0.2658,0.4402
2023-12-31,Fulham,Arsenal,5.92,4.22,1.58,0.1626,0.2281,0.6093,avg_closing,avg_closing,closing,1.0388,2026-09-13T03:33:42+00:00,E0_2324.csv,b2e057b0,pinnacle_closing,0.1678,0.2298,0.6024
2023-12-31,Tottenham,Bournemouth,1.76,4.49,3.98,0.5452,0.2137,0.2411,avg_closing,avg_closing,closing,1.0422,2026-09-13T03:33:42+00:00,E0_2324.csv,b2e057b0,pinnacle_closing,0.5415,0.2112,0.2473
2024-01-01,Liverpool,Newcastle,1.38,5.47,7.49,0.6961,0.1756,0.1283,avg_closing,avg_closing,closing,1.041,2026-09-13T03:33:42+00:00,E0_2324.csv,b2e057b0,pinnacle_closing,0.7041,0.1705,0.1254
2024-01-02,West Ham,Brighton,3.03,3.63,2.3,0.3172,0.2648,0.4179,avg_closing,avg_closing,closing,1.0403,2026-09-13T03:33:42+00:00,E0_2324.csv,b2e057b0,pinnacle_closing,0.3049,0.2665,0.4285
2024-01-12,Burnley,Luton,2.15,3.46,3.5,0.4473,0.2779,0.2748,avg_closing,avg_closing,closing,1.0398,2026-09-13T03:33:42+00:00,E0_2324.csv,b2e057b0,pinnacle_closing,0.4477,0.2812,0.2711
2024-01-13,Chelsea,Fulham,1.64,4.16,5.26,0.5862,0.2311,0.1828,avg_closing,avg_closing,closing,1.0403,2026-09-13T03:33:42+00:00,E0_2324.csv,b2e057b0,pinnacle_closing,0.5822,0.2343,0.1835
2024-01-13,Newcastle,Man City,4.89,4.13,1.68,0.1963,0.2324,0.5713,avg_closing,avg_closing,closing,1.0419,2026-09-13T03:33:42+00:00,E0_2324.csv,b2e057b0,pinnacle_closing,0.1903,0.2284,0.5813
2024-01-14,Everton,Aston Villa,2.55,3.54,2.75,0.3777,0.2721,0.3502,avg_closing,avg_closing,closing,1.0383,2026-09-13T03:33:42+00:00,E0_2324.csv,b2e057b0,pinnacle_closing,0.3816,0.2696,0.3488
2024-01-14,Man United,Tottenham,2.04,3.97,3.34,0.4707,0.2419,0.2875,avg_closing,avg_closing,closing,1.0415,2026-09-13T03:33:42+00:00,E0_2324.csv,b2e057b0,pinnacle_closing,0.488,0.2416,0.2705
2024-01-20,Arsenal,Crystal Palace,1.26,5.91,12.35,0.7603,0.1621,0.0776,avg_closing,avg_closing,closing,1.0438,2026-09-13T03:33:42+00:00,E0_2324.csv,b2e057b0,pinnacle_closing,0.7652,0.158,0.0768
2024-01-20,Brentford,Nott'm Forest,1.78,3.8,4.66,0.5404,0.2531,0.2064,avg_closing,avg_closing,closing,1.0395,2026-09-13T03:33:42+00:00,E0_2324.csv,b2e057b0,pinnacle_closing,0.5461,0.2518,0.2021
2024-01-21,Sheffield United,West Ham,2.83,3.34,2.56,0.3387,0.287,0.3744,avg_closing,avg_closing,closing,1.0434,2026-09-13T03:33:42+00:00,E0_2324.csv,b2e057b0,pinnacle_closing,0.3451,0.2905,0.3645
2024-01-21,Bournemouth,Liverpool,4.38,4.4,1.7,0.2187,0.2177,0.5635,avg_closing,avg_closing,closing,1.0438,2026-09-13T03:33:42+00:00,E0_2324.csv,b2e057b0,pinnacle_closing,0.2159,0.2173,0.5668
2024-01-22,Brighton,Wolves,1.66,4.16,5.0,0.5777,0.2305,0.1918,avg_closing,avg_closing,closing,1.0428,2026-09-13T03:33:42+00:00,E0_2324.csv,b2e057b0,pinnacle_closing,0.5823,0.2288,0.1888
2024-01-30,Nott'm Forest,Arsenal,8.78,5.04,1.38,0.1098,0.1913,0.6988,avg_closing,avg_closing,closing,1.0369,2026-09-13T03:33:42+00:00,E0_2324.csv,b2e057b0,pinnacle_closing,0.1076,0.1889,0.7035
2024-01-30,Fulham,Everton,2.25,3.27,3.46,0.4276,0.2943,0.2781,avg_closing,avg_closing,closing,1.0393,2026-09-13T03:33:42+00:00,E0_2324.csv,b2e057b0,pinnacle_closing,0.4358,0.2972,0.267
2024-01-30,Luton,Brighton,4.22,4.03,1.8,0.2277,0.2384,0.5338,avg_closing,avg_closing,closing,1.0407,2026-09-13T03:33:42+00:00,E0_2324.csv,b2e057b0,pinnacle_closing,0.2263,0.2433,0.5304
2024-01-30,Crystal Palace,Sheffield United,1.61,3.95,6.02,0.597,0.2433,0.1597,avg_closing,avg_closing,closing,1.0404,2026-09-13T03:33:42+00:00,E0_2324.csv,b2e057b0,pinnacle_closing,0.602,0.2417,0.1563
2024-01-30,Aston Villa,Newcastle,1.88,4.02,3.89,0.5126,0.2397,0.2477,avg_closing,avg_closing,closing,1.0377,2026-09-13T03:33:42+00:00,E0_2324.csv,b2e057b0,pinnacle_closing,0.5225,0.2382,0.2394
2024-01-31,Man City,Burnley,1.11,10.59,22.43,0.8663,0.0908,0.0429,avg_closing,avg_closing,closing,1.0399,2026-09-13T03:33:42+00:00,E0_2324.csv,b2e057b0,pinnacle_closing,0.8735,0.0843,0.0422
2024-01-31,Tottenham,Brentford,1.63,4.46,4.97,0.5905,0.2158,0.1937,avg_closing,avg_closing,closing,1.0389,2026-09-13T03:33:42+00:00,E0_2324.csv,b2e057b0,pinnacle_closing,0.5995,0.213,0.1875
2024-01-31,Liverpool,Chelsea,1.65,4.4,4.84,0.5828,0.2185,0.1987,avg_closing,avg_closing,closing,1.0399,2026-09-13T03:33:42+00:00,E0_2324.csv,b2e057b0,pinnacle_closing,0.5842,0.2174,0.1983
2024-02-01,West Ham,Bournemouth,2.42,3.58,2.85,0.396,0.2677,0.3363,avg_closing,avg_closing,closing,1.0434,2026-09-13T03:33:42+00:00,E0_2324.csv,b2e057b0,pinnacle_closing,0.388,0.2751,0.337
2024-02-01,Wolves,Man United,2.92,3.5,2.43,0.3294,0.2748,0.3958,avg_closing,avg_closing,closing,1.0397,2026-09-13T03:33:42+00:00,E0_2324.csv,b2e057b0,pinnacle_closing,0.3233,0.2812,0.3955
2024-02-03,Everton,Tottenham,3.1,3.73,2.22,0.3098,0.2575,0.4327,avg_closing,avg_closing,closing,1.0411,2026-09-13T03:33:42+00:00,E0_2324.csv,b2e057b0,pinnacle_closing,0.3136,0.26,0.4264
2024-02-03,Brighton,Crystal Palace,1.72,3.81,5.17,0.5605,0.253,0.1865,avg_closing,avg_closing,closing,1.0373,2026-09-13T03:33:42+00:00,E0_2324.csv,b2e057b0,pinnacle_closing,0.5592,0.2547,0.1861
2024-02-03,Burnley,Fulham,2.91,3.31,2.54,0.3306,0.2906,0.3788,avg_closing,avg_closing,closing,1.0395,2026-09-13T03:33:42+00:00,E0_2324.csv,b2e057b0,pinnacle_closing,0.3276,0.2967,0.3757
2024-02-03,Newcastle,Luton,1.53,4.61,5.91,0.6286,0.2086,0.1627,avg_closing,avg_closing,closing,1.0397,2026-09-13T03:33:42+00:00,E0_2324.csv,b2e057b0,pinnacle_closing,0.6295,0.2067,0.1638
2024-02-03,Sheffield United,Aston Villa,5.17,4.27,1.64,0.1865,0.2258,0.5878,avg_closing,avg_closing,closing,1.0374,2026-09-13T03:33:42+00:00,E0_2324.csv,b2e057b0,pinnacle_closing,0.1816,0.226,0.5924
2024-02-04,Bournemouth,Nott'm Forest,1.66,4.34,4.93,0.5817,0.2225,0.1959,avg_closing,avg_closing,closing,1.0357,2026-09-13T03:33:42+00:00,E0_2324.csv,b2e057b0,pinnacle_closing,0.5844,0.222,0.1936
2024-02-04,Chelsea,Wolves,1.54,4.48,5.92,0.6235,0.2143,0.1622,avg_closing,avg_closing,closing,1.0415,2026-09-13T03:33:42+00:00,E0_2324.csv,b2e057b0,pinnacle_closing,0.6296,0.2094,0.161
2024-02-04,Man United,West Ham,1.55,4.49,5.82,0.6205,0.2142,0.1653,avg_closing,avg_closing,closing,1.0397,2026-09-13T03:33:42+00:00,E0_2324.csv,b2e057b0,pinnacle_closing,0.6233,0.2119,0.1648
2024-02-04,Arsenal,Liverpool,2.21,3.65,3.2,0.4355,0.2637,0.3008,avg_closing,avg_closing,closing,1.039,2026-09-13T03:33:42+00:00,E0_2324.csv,b2e057b0,pinnacle_closing,0.4422,0.2594,0.2984
2024-02-05,Brentford,Man City,7.9,5.41,1.37,0.1216,0.1775,0.7009,avg_closing,avg_closing,closing,1.0414,2026-09-13T03:33:42+00:00,E0_2324.csv,b2e057b0,pinnacle_closing,0.1241,0.1793,0.6966
2024-02-10,Man City,Everton,1.24,6.82,12.04,0.7783,0.1415,0.0802,avg_closing,avg_closing,closing,1.0361,2026-09-13T03:33:42+00:00,E0_2324.csv,b2e057b0,pinnacle_closing,0.7799,0.1412,0.0789
2024-02-10,Fulham,Bournemouth,2.56,3.53,2.75,0.3765,0.273,0.3505,avg_closing,avg_closing,closing,1.0375,2026-09-13T03:33:42+00:00,E0_2324.csv,b2e057b0,pinnacle_closing,0.3689,0.2783,0.3529
2024-02-10,Liverpool,Burnley,1.16,8.52,16.31,0.8283,0.1128,0.0589,avg_closing,avg_closing,closing,1.0408,2026-09-13T03:33:42+00:00,E0_2324.csv,b2e057b0,pinnacle_closing,0.833,0.1042,0.0627
2024-02-10,Luton,Sheffield United,1.71,3.98,4.87,0.5616,0.2413,0.1972,avg_closing,avg_closing,closing,1.0414,2026-09-13T03:33:42+00:00,E0_2324.csv,b2e057b0,pinnacle_closing,0.5645,0.2397,0.1958
2024-02-10,Tottenham,Brighton,1.74,4.51,4.09,0.5521,0.213,0.2349,avg_closing,avg_closing,closing,1.0409,2026-09-13T03:33:42+00:00,E0_2324.csv,b2e057b0,pinnacle_closing,0.5639,0.209,0.2271
2024-02-10,Wolves,Brentford,2.2,3.58,3.27,0.4372,0.2687,0.2941,avg_closing,avg_closing,closing,1.0397,2026-09-13T03:33:42+00:00,E0_2324.csv,b2e057b0,pinnacle_closing,0.4286,0.2748,0.2966
2024-02-10,Nott'm Forest,Newcastle,3.24,3.77,2.15,0.2971,0.2553,0.4477,avg_closing,avg_closing,closing,1.039,2026-09-13T03:33:42+00:00,E0_2324.csv,b2e057b0,pinnacle_closing,0.293,0.2567,0.4503
2024-02-11,West Ham,Arsenal,6.31,4.34,1.53,0.152,0.221,0.627,avg_closing,avg_closing,closing,1.0425,2026-09-13T03:33:42+00:00,E0_2324.csv,b2e057b0,pinnacle_closing,0.1556,0.221,0.6234
2024-02-11,Aston Villa,Man United,2.16,3.89,3.13,0.4454,0.2473,0.3073,avg_closing,avg_closing,closing,1.0395,2026-09-13T03:33:42+00:00,E0_2324.csv,b2e057b0,pinnacle_closing,0.4464,0.2476,0.306
2024-02-12,Crystal Palace,Chelsea,4.91,3.97,1.71,0.1958,0.2421,0.5621,avg_closing,avg_closing,closing,1.0404,2026-09-13T03:33:42+00:00,E0_2324.csv,b2e057b0,pinnacle_closing,0.1926,0.2432,0.5642
2024-02-17,Brentford,Liverpool,4.82,4.4,1.65,0.1993,0.2184,0.5823,avg_closing,avg_closing,closing,1.0408,2026-09-13T03:33:42+00:00,E0_2324.csv,b2e057b0,pinnacle_closing,0.1995,0.2175,0.583
2024-02-17,Burnley,Arsenal,10.38,5.94,1.29,0.0926,0.1619,0.7455,avg_closing,avg_closing,closing,1.0399,2026-09-13T03:33:42+00:00,E0_2324.csv,b2e057b0,pinnacle_closing,0.0935,0.1587,0.7478
2024-02-17,Fulham,Aston Villa,2.95,3.72,2.3,0.3251,0.2578,0.417,avg_closing,avg_closing,closing,1.0426,2026-09-13T03:33:42+00:00,E0_2324.csv,b2e057b0,pinnacle_closing,0.3136,0.26,0.4264
2024-02-17,Newcastle,Bournemouth,1.99,3.93,3.5,0.4819,0.244,0.274,avg_closing,avg_closing,closing,1.0427,2026-09-13T03:33:42+00:00,E0_2324.csv,b2e057b0,pinnacle_closing,0.4861,0.2468,0.2671
2024-02-17,Nott'm Forest,West Ham,2.27,3.52,3.17,0.4236,0.2731,0.3033,avg_closing,avg_closing,closing,1.0401,2026-09-13T03:33:42+00:00,E0_2324.csv,b2e057b0,pinnacle_closing,0.4249,0.2748,0.3003
2024-02-17,Tottenham,Wolves,1.52,4.89,5.57,0.6314,0.1963,0.1723,avg_closing,avg_closing,closing,1.0419,2026-09-13T03:33:42+00:00,E0_2324.csv,b2e057b0,pinnacle_closing,0.641,0.1932,0.1657
2024-02-17,Man City,Chelsea,1.33,6.01,8.28,0.7236,0.1601,0.1162,avg_closing,avg_closing,closing,1.039,2026-09-13T03:33:42+00:00,E0_2324.csv,b2e057b0,pinnacle_closing,0.7417,0.1472,0.111
2024-02-18,Sheffield United,Brighton,4.81,4.25,1.68,0.2002,0.2266,0.5732,avg_closing,avg_closing,closing,1.0384,2026-09-13T03:33:42+00:00,E0_2324.csv,b2e057b0,pinnacle_closing,0.1977,0.2247,0.5777
2024-02-18,Luton,Man United,4.14,4.12,1.8,0.2323,0.2334,0.5343,avg_closing,avg_closing,closing,1.0398,2026-09-13T03:33:42+00:00,E0_2324.csv,b2e057b0,pinnacle_closing,0.2244,0.2341,0.5415
2024-02-19,Everton,Crystal Palace,1.81,3.49,4.98,0.5313,0.2756,0.1931,avg_closing,avg_closing,closing,1.0398,2026-09-13T03:33:42+00:00,E0_2324.csv,b2e057b0,pinnacle_closing,0.5302,0.278,0.1918
2024-02-20,Man City,Brentford,1.19,7.81,14.24,0.8091,0.1233,0.0676,avg_closing,avg_closing,closing,1.0386,2026-09-13T03:33:42+00:00,E0_2324.csv,b2e057b0,pinnacle_closing,0.8214,0.114,0.0646
2024-02-21,Liverpool,Luton,1.27,6.68,10.07,0.7597,0.1444,0.0958,avg_closing,avg_closing,closing,1.0364,2026-09-13T03:33:42+00:00,E0_2324.csv,b2e057b0,pinnacle_closing,0.7694,0.1388,0.0919
2024-02-24,Aston Villa,Nott'm Forest,1.58,4.51,5.39,0.6085,0.2132,0.1784,avg_closing,avg_closing,closing,1.0402,2026-09-13T03:33:42+00:00,E0_2324.csv,b2e057b0,pinnacle_closing,0.6036,0.2155,0.181
2024-02-24,Brighton,Everton,1.87,3.93,4.0,0.5146,0.2449,0.2406,avg_closing,avg_closing,closing,1.0392,2026-09-13T03:33:42+00:00,E0_2324.csv,b2e057b0,pinnacle_closing,0.5192,0.244,0.2368
2024-02-24,Crystal Palace,Burnley,2.0,3.44,4.0,0.4804,0.2793,0.2402,avg_closing,avg_closing,closing,1.0407,2026-09-13T03:33:42+00:00,E0_2324.csv,b2e057b0,pinnacle_closing,0.4905,0.2743,0.2352
2024-02-24,Man United,Fulham,1.65,4.27,5.0,0.5826,0.2251,0.1923,avg_closing,avg_closing,closing,1.0403,2026-09-13T03:33:42+00:00,E0_2324.csv,b2e057b0,pinnacle_closing,0.5875,0.2275,0.185
2024-02-24,Bournemouth,Man City,6.53,4.89,1.46,0.1469,0.1961,0.657,avg_closing,avg_closing,closing,1.0426,2026-09-13T03:33:42+00:00,E0_2324.csv,b2e057b0,pinnacle_closing,0.1438,0.1867,0.6695
2024-02-24,Arsenal,Newcastle,1.35,5.63,8.17,0.7117,0.1707,0.1176,avg_closing,avg_closing,closing,1.0408,2026-09-13T03:33:42+00:00,E0_2324.csv,b2e057b0,pinnacle_closing,0.7131,0.1687,0.1183
2024-02-25,Wolves,Sheffield United,1.48,4.53,6.85,0.6482,0.2118,0.14,avg_closing,avg_closing,closing,1.0424,2026-09-13T03:33:42+00:00,E0_2324.csv,b2e057b0,pinnacle_closing,0.6511,0.2086,0.1402
2024-02-26,West Ham,Brentford,2.36,3.53,3.01,0.4077,0.2726,0.3197,avg_closing,avg_closing,closing,1.0392,2026-09-13T03:33:42+00:00,E0_2324.csv,b2e057b0,pinnacle_closing,0.4177,0.2703,0.3119
2024-03-02,Brentford,Chelsea,3.23,3.72,2.18,0.2985,0.2592,0.4423,avg_closing,avg_closing,closing,1.0371,2026-09-13T03:33:42+00:00,E0_2324.csv,b2e057b0,pinnacle_closing,0.2969,0.2604,0.4427
2024-03-02,Everton,West Ham,2.13,3.53,3.45,0.4503,0.2717,0.278,avg_closing,avg_closing,closing,1.0426,2026-09-13T03:33:42+00:00,E0_2324.csv,b2e057b0,pinnacle_closing,0.4482,0.2732,0.2787
2024-03-02,Fulham,Brighton,2.56,3.49,2.76,0.3758,0.2757,0.3486,avg_closing,avg_closing,closing,1.0395,2026-09-13T03:33:42+00:00,E0_2324.csv,b2e057b0,pinnacle_closing,0.3712,0.2827,0.3461
2024-03-02,Newcastle,Wolves,1.74,4.19,4.47,0.5542,0.2301,0.2157,avg_closing,avg_closing,closing,1.0371,2026-09-13T03:33:42+00:00,E0_2324.csv,b2e057b0,pinnacle_closing,0.5612,0.2268,0.212
2024-03-02,Nott'm Forest,Liverpool,5.23,4.44,1.6,0.1836,0.2163,0.6001,avg_closing,avg_closing,closing,1.0414,2026-09-13T03:33:42+00:00,E0_2324.csv,b2e057b0,pinnacle_closing,0.1792,0.2149,0.6059
2024-03-02,Tottenham,Crystal Palace,1.53,4.58,5.93,0.6281,0.2098,0.1621,avg_closing,avg_closing,closing,1.0406,2026-09-13T03:33:42+00:00,E0_2324.csv,b2e057b0,pinnacle_closing,0.6302,0.211,0.1588
2024-03-02,Luton,Aston Villa,4.5,4.41,1.7,0.2142,0.2186,0.5671,avg_closing,avg_closing,closing,1.0372,2026-09-13T03:33:42+00:00,E0_2324.csv,b2e057b0,pinnacle_closing,0.2133,0.2157,0.571
2024-03-03,Burnley,Bournemouth,3.66,3.74,2.01,0.2632,0.2576,0.4792,avg_closing,avg_closing,closing,1.0381,2026-09-13T03:33:42+00:00,E0_2324.csv,b2e057b0,pinnacle_closing,0.2558,0.2558,0.4884
2024-03-03,Man City,Man United,1.26,6.76,10.21,0.7635,0.1423,0.0942,avg_closing,avg_closing,closing,1.0395,2026-09-13T03:33:42+00:00,E0_2324.csv,b2e057b0,pinnacle_closing,0.7767,0.1338,0.0896
2024-03-04,Sheffield United,Arsenal,16.8,7.57,1.18,0.0573,0.1271,0.8156,avg_closing,avg_closing,closing,1.0391,2026-09-13T03:33:42+00:00,E0_2324.csv,b2e057b0,pinnacle_closing,0.0553,0.1248,0.8199
2024-03-09,Man United,Everton,1.91,3.77,3.99,0.5037,0.2552,0.2411,avg_closing,avg_closing,closing,1.0394,2026-09-13T03:33:42+00:00,E0_2324.csv,b2e057b0,pinnacle_closing,0.4981,0.2597,0.2422
2024-03-09,Bournemouth,Sheffield United,1.35,5.64,8.41,0.7143,0.171,0.1147,avg_closing,avg_closing,closing,1.037,2026-09-13T03:33:42+00:00,E0_2324.csv,b2e057b0,pinnacle_closing,0.72,0.1666,0.1134
2024-03-09,Crystal Palace,Luton,1.89,3.76,4.11,0.5096,0.2561,0.2343,avg_closing,avg_closing,closing,1.0384,2026-09-13T03:33:42+00:00,E0_2324.csv,b2e057b0,pinnacle_closing,0.5059,0.2583,0.2358
2024-03-09,Wolves,Fulham,2.49,3.44,2.88,0.3863,0.2796,0.334,avg_closing,avg_closing,closing,1.0395,2026-09-13T03:33:42+00:00,E0_2324.csv,b2e057b0,pinnacle_closing,0.3802,0.283,0.3368
2024-03-09,Arsenal,Brentford,1.21,7.14,13.36,0.7936,0.1345,0.0719,avg_closing,avg_closing,closing,1.0414,2026-09-13T03:33:42+00:00,E0_2324.csv,b2e057b0,pinnacle_closing,0.7959,0.1295,0.0747
2024-03-10,Aston Villa,Tottenham,2.48,3.9,2.62,0.3872,0.2462,0.3665,avg_closing,avg_closing,closing,1.0413,2026-09-13T03:33:42+00:00,E0_2324.csv,b2e057b0,pinnacle_closing,0.3818,0.2522,0.366
2024-03-10,Brighton,Nott'm Forest,1.64,4.3,5.08,0.5868,0.2238,0.1894,avg_closing,avg_closing,closing,1.0392,2026-09-13T03:33:42+00:00,E0_2324.csv,b2e057b0,pinnacle_closing,0.5956,0.2212,0.1832
2024-03-10,West Ham,Burnley,1.65,4.08,5.31,0.583,0.2358,0.1812,avg_closing,avg_closing,closing,1.0395,2026-09-13T03:33:42+00:00,E0_2324.csv,b2e057b0,pinnacle_closing,0.5839,0.2376,0.1785
2024-03-10,Liverpool,Man City,3.4,3.88,2.05,0.2829,0.2479,0.4692,avg_closing,avg_closing,closing,1.0397,2026-09-13T03:33:42+00:00,E0_2324.csv,b2e057b0,pinnacle_closing,0.2792,0.2491,0.4717
2024-03-11,Chelsea,Newcastle,1.85,4.17,3.84,0.5194,0.2304,0.2502,avg_closing,avg_closing,closing,1.0408,2026-09-13T03:33:42+00:00,E0_2324.csv,b2e057b0,pinnacle_closing,0.5257,0.2256,0.2487
2024-03-13,Bournemouth,Luton,1.52,4.87,5.65,0.6325,0.1974,0.1701,avg_closing,avg_closing,closing,1.0402,2026-09-13T03:33:42+00:00,E0_2324.csv,b2e057b0,pinnacle_closing,0.6322,0.1978,0.17
2024-03-16,Burnley,Brentford,3.12,3.64,2.26,0.3089,0.2647,0.4264,avg_closing,avg_closing,closing,1.0377,2026-09-13T03:33:42+00:00,E0_2324.csv,b2e057b0,pinnacle_closing,0.3062,0.2668,0.4271
2024-03-16,Luton,Nott'm Forest,2.63,3.58,2.64,0.3662,0.269,0.3648,avg_closing,avg_closing,closing,1.0383,2026-09-13T03:33:42+00:00,E0_2324.csv,b2e057b0,pinnacle_closing,0.3645,0.2711,0.3645
2024-03-16,Fulham,Tottenham,3.34,3.94,2.05,0.2876,0.2438,0.4686,avg_closing,avg_closing,closing,1.041,2026-09-13T03:33:42+00:00,E0_2324.csv,b2e057b0,pinnacle_closing,0.2821,0.2433,0.4747
2024-03-17,West Ham,Aston Villa,2.45,3.63,2.77,0.3907,0.2637,0.3456,avg_closing,avg_closing,closing,1.0447,2026-09-13T03:33:42+00:00,E0_2324.csv,b2e057b0,pinnacle_closing,0.3924,0.2637,0.3439
2024-03-30,Newcastle,West Ham,1.86,4.13,3.86,0.5175,0.2331,0.2494,avg_closing,avg_closing,closing,1.0388,2026-09-13T03:33:42+00:00,E0_2324.csv,b2e057b0,pinnacle_closing,0.5239,0.2313,0.2448
2024-03-30,Bournemouth,Everton,2.2,3.69,3.19,0.4375,0.2608,0.3017,avg_closing,avg_closing,closing,1.039,2026-09-13T03:33:42+00:00,E0_2324.csv,b2e057b0,pinnacle_closing,0.4433,0.2584,0.2983
2024-03-30,Chelsea,Burnley,1.27,6.53,10.45,0.7599,0.1478,0.0923,avg_closing,avg_closing,closing,1.0362,2026-09-13T03:33:42+00:00,E0_2324.csv,b2e057b0,pinnacle_closing,0.7695,0.1444,0.086
2024-03-30,Nott'm Forest,Crystal Palace,2.26,3.35,3.34,0.4253,0.2869,0.2878,avg_closing,avg_closing,closing,1.0404,2026-09-13T03:33:42+00:00,E0_2324.csv,b2e057b0,pinnacle_closing,0.4315,0.2855,0.283
2024-03-30,Sheffield United,Fulham,4.8,4.06,1.71,0.2004,0.237,0.5626,avg_closing,avg_closing,closing,1.0394,2026-09-13T03:33:42+00:00,E0_2324.csv,b2e057b0,pinnacle_closing,0.1983,0.2348,0.567
2024-03-30,Tottenham,Luton,1.21,7.95,11.35,0.7944,0.1209,0.0847,avg_closing,avg_closing,closing,1.0403,2026-09-13T03:33:42+00:00,E0_2324.csv,b2e057b0,pinnacle_closing,0.8089,0.115,0.0761
2024-03-30,Aston Villa,Wolves,1.54,4.41,6.24,0.6266,0.2188,0.1546,avg_closing,avg_closing,closing,1.0364,2026-09-13T03:33:42+00:00,E0_2324.csv,b2e057b0,pinnacle_closing,0.6342,0.22,0.1457
2024-03-30,Brentford,Man United,3.31,3.98,2.06,0.2908,0.2419,0.4673,avg_closing,avg_closing,closing,1.0388,2026-09-13T03:33:42+00:00,E0_2324.csv,b2e057b0,pinnacle_closing,0.2873,0.2399,0.4728
2024-03-31,Liverpool,Brighton,1.3,6.29,8.95,0.7397,0.1529,0.1074,avg_closing,avg_closing,closing,1.0399,2026-09-13T03:33:42+00:00,E0_2324.csv,b2e057b0,pinnacle_closing,0.7491,0.1464,0.1045
2024-03-31,Man City,Arsenal,2.06,3.62,3.61,0.4674,0.266,0.2667,avg_closing,avg_closing,closing,1.0387,2026-09-13T03:33:42+00:00,E0_2324.csv,b2e057b0,pinnacle_closing,0.4668,0.271,0.2622
2024-04-02,Newcastle,Everton,2.02,3.75,3.61,0.4766,0.2567,0.2667,avg_closing,avg_closing,closing,1.0387,2026-09-13T03:33:42+00:00,E0_2324.csv,b2e057b0,pinnacle_closing,0.4801,0.2579,0.262
2024-04-02,Nott'm Forest,Fulham,2.71,3.44,2.63,0.3548,0.2795,0.3656,avg_closing,avg_closing,closing,1.0399,2026-09-13T03:33:42+00:00,E0_2324.csv,b2e057b0,pinnacle_closing,0.3549,0.2795,0.3656
2024-04-02,Bournemouth,Crystal Palace,1.89,3.78,4.04,0.5082,0.2541,0.2377,avg_closing,avg_closing,closing,1.0412,2026-09-13T03:33:42+00:00,E0_2324.csv,b2e057b0,pinnacle_closing,0.5148,0.2501,0.235
2024-04-02,Burnley,Wolves,2.35,3.52,3.03,0.4093,0.2733,0.3174,avg_closing,avg_closing,closing,1.0397,2026-09-13T03:33:42+00:00,E0_2324.csv,b2e057b0,pinnacle_closing,0.411,0.274,0.3149
2024-04-02,West Ham,Tottenham,3.39,4.16,1.99,0.2842,0.2316,0.4842,avg_closing,avg_closing,closing,1.0379,2026-09-13T03:33:42+00:00,E0_2324.csv,b2e057b0,pinnacle_closing,0.281,0.2289,0.49
2024-04-03,Arsenal,Luton,1.13,9.75,19.39,0.8517,0.0987,0.0496,avg_closing,avg_closing,closing,1.0391,2026-09-13T03:33:42+00:00,E0_2324.csv,b2e057b0,pinnacle_closing,0.858,0.0923,0.0497
2024-04-03,Brentford,Brighton,2.49,3.74,2.7,0.3864,0.2573,0.3563,avg_closing,avg_closing,closing,1.0394,2026-09-13T03:33:42+00:00,E0_2324.csv,b2e057b0,pinnacle_closing,0.3784,0.2679,0.3537
2024-04-03,Man City,Aston Villa,1.23,6.93,12.59,0.7842,0.1392,0.0766,avg_closing,avg_closing,closing,1.0367,2026-09-13T03:33:42+00:00,E0_2324.csv,b2e057b0,pinnacle_closing,0.7994,0.129,0.0716
2024-04-04,Liverpool,Sheffield United,1.07,14.54,27.64,0.899,0.0662,0.0348,avg_closing,avg_closing,closing,1.0395,2026-09-13T03:33:42+00:00,E0_2324.csv,b2e057b0,pinnacle_closing,0.9162,0.0525,0.0313
2024-04-04,Chelsea,Man United,1.82,4.27,3.92,0.529,0.2255,0.2456,avg_closing,avg_closing,closing,1.0387,2026-09-13T03:33:42+00:00,E0_2324.csv,b2e057b0,pinnacle_closing,0.5348,0.2207,0.2445
2024-04-06,Crystal Palace,Man City,8.9,5.22,1.36,0.1081,0.1843,0.7075,avg_closing,avg_closing,closing,1.0392,2026-09-13T03:33:42+00:00,E0_2324.csv,b2e057b0,pinnacle_closing,0.1103,0.1814,0.7083
2024-04-06,Aston Villa,Brentford,1.65,4.18,5.22,0.5845,0.2307,0.1848,avg_closing,avg_closing,closing,1.0369,2026-09-13T03:33:42+00:00,E0_2324.csv,b2e057b0,pinnacle_closing,0.5876,0.2298,0.1826
2024-04-06,Everton,Burnley,1.76,3.89,4.68,0.5469,0.2474,0.2057,avg_closing,avg_closing,closing,1.0389,2026-09-13T03:33:42+00:00,E0_2324.csv,b2e057b0,pinnacle_closing,0.5505,0.2472,0.2023
2024-04-06,Fulham,Newcastle,2.44,3.66,2.78,0.393,0.262,0.345,avg_closing,avg_closing,closing,1.0428,2026-09-13T03:33:42+00:00,E0_2324.csv,b2e057b0,pinnacle_closing,0.3936,0.2628,0.3436
2024-04-06,Luton,Bournemouth,3.75,3.93,1.93,0.2566,0.2448,0.4986,avg_closing,avg_closing,closing,1.0393,2026-09-13T03:33:42+00:00,E0_2324.csv,b2e057b0,pinnacle_closing,0.2546,0.2389,0.5065
2024-04-06,Wolves,West Ham,2.82,3.45,2.5,0.3395,0.2775,0.383,avg_closing,avg_closing,closing,1.0445,2026-09-13T03:33:42+00:00,E0_2324.csv,b2e057b0,pinnacle_closing,0.3342,0.2844,0.3814
2024-04-06,Brighton,Arsenal,6.32,4.56,1.51,0.1522,0.2109,0.6369,avg_closing,avg_closing,closing,1.0398,2026-09-13T03:33:42+00:00,E0_2324.csv,b2e057b0,pinnacle_closing,0.1479,0.2106,0.6415
2024-04-07,Man United,Liverpool,4.9,4.8,1.6,0.1967,0.2008,0.6025,avg_closing,avg_closing,closing,1.0374,2026-09-13T03:33:42+00:00,E0_2324.csv,b2e057b0,pinnacle_closing,0.194,0.2,0.6061
2024-04-07,Sheffield United,Chelsea,6.6,5.2,1.44,0.1459,0.1852,0.6688,avg_closing,avg_closing,closing,1.0383,2026-09-13T03:33:42+00:00,E0_2324.csv,b2e057b0,pinnacle_closing,0.1447,0.1833,0.6721
2024-04-07,Tottenham,Nott'm Forest,1.43,5.25,6.55,0.6708,0.1827,0.1465,avg_closing,avg_closing,closing,1.0424,2026-09-13T03:33:42+00:00,E0_2324.csv,b2e057b0,pinnacle_closing,0.6831,0.1764,0.1406
2024-04-13,Newcastle,Tottenham,2.64,3.97,2.45,0.3646,0.2425,0.3929,avg_closing,avg_closing,closing,1.0388,2026-09-13T03:33:42+00:00,E0_2324.csv,b2e057b0,pinnacle_closing,0.3683,0.2381,0.3936
2024-04-13,Brentford,Sheffield United,1.49,4.84,6.15,0.6451,0.1986,0.1563,avg_closing,avg_closing,closing,1.0404,2026-09-13T03:33:42+00:00,E0_2324.csv,b2e057b0,pinnacle_closing,0.6516,0.193,0.1553
2024-04-13,Burnley,Brighton,3.84,3.96,1.89,0.2499,0.2423,0.5078,avg_closing,avg_closing,closing,1.042,2026-09-13T03:33:42+00:00,E0_2324.csv,b2e057b0,pinnacle_closing,0.2445,0.2391,0.5164
2024-04-13,Man City,Luton,1.09,12.33,24.13,0.8822,0.078,0.0398,avg_closing,avg_closing,closing,1.04,2026-09-13T03:33:42+00:00,E0_2324.csv,b2e057b0,pinnacle_closing,0.8916,0.0713,0.037
2024-04-13,Nott'm Forest,Wolves,2.07,3.51,3.69,0.465,0.2742,0.2608,avg_closing,avg_closing,closing,1.039,2026-09-13T03:33:42+00:00,E0_2324.csv,b2e057b0,pinnacle_closing,0.4692,0.2759,0.2549
2024-04-13,Bournemouth,Man United,2.39,3.97,2.71,0.4026,0.2424,0.355,avg_closing,avg_closing,closing,1.0393,2026-09-13T03:33:42+00:00,E0_2324.csv,b2e057b0,pinnacle_closing,0.4083,0.237,0.3547
2024-04-14,Liverpool,Crystal Palace,1.19,7.77,13.5,0.8056,0.1234,0.071,avg_closing,avg_closing,closing,1.0431,2026-09-13T03:33:42+00:00,E0_2324.csv,b2e057b0,pinnacle_closing,0.8195,0.1138,0.0667
2024-04-14,West Ham,Fulham,2.43,3.59,2.85,0.3953,0.2676,0.3371,avg_closing,avg_closing,closing,1.041,2026-09-13T03:33:42+00:00,E0_2324.csv,b2e057b0,pinnacle_closing,0.3988,0.2644,0.3367
2024-04-14,Arsenal,Aston Villa,1.27,6.47,10.91,0.7618,0.1495,0.0887,avg_closing,avg_closing,closing,1.0336,2026-09-13T03:33:42+00:00,E0_2324.csv,b2e057b0,pinnacle_closing,0.7782,0.1379,0.0839
2024-04-15,Chelsea,Everton,1.69,4.14,4.89,0.5702,0.2328,0.1971,avg_closing,avg_closing,closing,1.0378,2026-09-13T03:33:42+00:00,E0_2324.csv,b2e057b0,pinnacle_closing,0.5813,0.2284,0.1903
2024-04-20,Luton,Brentford,2.87,3.59,2.41,0.3344,0.2673,0.3982,avg_closing,avg_closing,closing,1.0419,2026-09-13T03:33:42+00:00,E0_2324.csv,b2e057b0,pinnacle_closing,0.3331,0.2747,0.3922
2024-04-20,Sheffield United,Burnley,2.64,3.52,2.65,0.3641,0.2731,0.3628,avg_closing,avg_closing,closing,1.0402,2026-09-13T03:33:42+00:00,E0_2324.csv,b2e057b0,pinnacle_closing,0.3657,0.274,0.3603
2024-04-20,Wolves,Arsenal,11.3,6.11,1.27,0.0851,0.1574,0.7574,avg_closing,avg_closing,closing,1.0396,2026-09-13T03:33:42+00:00,E0_2324.csv,b2e057b0,pinnacle_closing,0.0826,0.1471,0.7703
2024-04-21,Everton,Nott'm Forest,2.27,3.29,3.38,0.4234,0.2922,0.2844,avg_closing,avg_closing,closing,1.0403,2026-09-13T03:33:42+00:00,E0_2324.csv,b2e057b0,pinnacle_closing,0.4157,0.2948,0.2895
2024-04-21,Aston Villa,Bournemouth,1.86,4.06,3.92,0.5174,0.2371,0.2455,avg_closing,avg_closing,closing,1.039,2026-09-13T03:33:42+00:00,E0_2324.csv,b2e057b0,pinnacle_closing,0.5211,0.2371,0.2418
2024-04-21,Crystal Palace,West Ham,2.23,3.5,3.25,0.4304,0.2742,0.2953,avg_closing,avg_closing,closing,1.0418,2026-09-13T03:33:42+00:00,E0_2324.csv,b2e057b0,pinnacle_closing,0.4363,0.2741,0.2896
2024-04-21,Fulham,Liverpool,4.59,4.4,1.68,0.2094,0.2185,0.5721,avg_closing,avg_closing,closing,1.0404,2026-09-13T03:33:42+00:00,E0_2324.csv,b2e057b0,pinnacle_closing,0.2083,0.2152,0.5765
2024-04-23,Arsenal,Chelsea,1.39,5.21,7.66,0.6905,0.1842,0.1253,avg_closing,avg_closing,closing,1.0419,2026-09-13T03:33:42+00:00,E0_2324.csv,b2e057b0,pinnacle_closing,0.6895,0.1834,0.1271
2024-04-24,Wolves,Bournemouth,2.77,3.61,2.48,0.3467,0.266,0.3873,avg_closing,avg_closing,closing,1.0412,2026-09-13T03:33:42+00:00,E0_2324.csv,b2e057b0,pinnacle_closing,0.3461,0.265,0.389
2024-04-24,Crystal Palace,Newcastle,3.08,3.64,2.26,0.3116,0.2637,0.4247,avg_closing,avg_closing,closing,1.0419,2026-09-13T03:33:42+00:00,E0_2324.csv,b2e057b0,pinnacle_closing,0.315,0.2637,0.4213
2024-04-24,Everton,Liverpool,7.43,5.14,1.39,0.1284,0.1855,0.6861,avg_closing,avg_closing,closing,1.0486,2026-09-13T03:33:42+00:00,E0_2324.csv,b2e057b0,pinnacle_closing,0.1267,0.1811,0.6922
2024-04-24,Man United,Sheffield United,1.31,6.15,8.4,0.7305,0.1556,0.1139,avg_closing,avg_closing,closing,1.045,2026-09-13T03:33:42+00:00,E0_2324.csv,b2e057b0,pinnacle_closing,0.7336,0.1537,0.1127
2024-04-25,Brighton,Man City,7.99,5.65,1.36,0.1206,0.1706,0.7088,avg_closing,avg_closing,closing,1.0374,2026-09-13T03:33:42+00:00,E0_2324.csv,b2e057b0,pinnacle_closing,0.1226,0.1655,0.7119
2024-04-27,West Ham,Liverpool,5.26,4.81,1.55,0.1822,0.1993,0.6185,avg_closing,avg_closing,closing,1.0432,2026-09-13T03:33:42+00:00,E0_2324.csv,b2e057b0,pinnacle_closing,0.1815,0.1961,0.6224
2024-04-27,Fulham,Crystal Palace,2.1,3.48,3.56,0.4559,0.2751,0.2689,avg_closing,avg_closing,closing,1.0444,2026-09-13T03:33:42+00:00,E0_2324.csv,b2e057b0,pinnacle_closing,0.4609,0.2819,0.2573
2024-04-27,Man United,Burnley,1.5,5.09,5.59,0.6398,0.1885,0.1717,avg_closing,avg_closing,closing,1.042,2026-09-13T03:33:42+00:00,E0_2324.csv,b2e057b0,pinnacle_closing,0.6469,0.1834,0.1696
2024-04-27,Newcastle,Sheffield United,1.22,7.35,11.45,0.7858,0.1304,0.0837,avg_closing,avg_closing,closing,1.0431,2026-09-13T03:33:42+00:00,E0_2324.csv,b2e057b0,pinnacle_closing,0.8011,0.1221,0.0768
2024-04-27,Wolves,Luton,1.9,3.84,3.87,0.5036,0.2492,0.2472,avg_closing,avg_closing,closing,1.0451,2026-09-13T03:33:42+00:00,E0_2324.csv,b2e057b0,pinnacle_closing,0.5028,0.2521,0.2451
2024-04-27,Everton,Brentford,2.84,3.42,2.49,0.3366,0.2795,0.3839,avg_closing,avg_closing,closing,1.0461,2026-09-13T03:33:42+00:00,E0_2324.csv,b2e057b0,pinnacle_closing,0.3245,0.283,0.3925
2024-04-27,Aston Villa,Chelsea,2.06,3.98,3.28,0.4661,0.2412,0.2927,avg_closing,avg_closing,closing,1.0416,2026-09-13T03:33:42+00:00,E0_2324.csv,b2e057b0,pinnacle_closing,0.4762,0.2392,0.2846
2024-04-28,Bournemouth,Brighton,1.96,4.07,3.49,0.4894,0.2357,0.2749,avg_closing,avg_closing,closing,1.0424,2026-09-13T03:33:42+00:00,E0_2324.csv,b2e057b0,pinnacle_closing,0.4953,0.2328,0.2719
2024-04-28,Tottenham,Arsenal,4.42,4.17,1.74,0.2174,0.2304,0.5522,avg_closing,avg_closing,closing,1.0408,2026-09-13T03:33:42+00:00,E0_2324.csv,b2e057b0,pinnacle_closing,0.2234,0.2308,0.5459
2024-04-28,Nott'm Forest,Man City,10.37,5.96,1.28,0.0922,0.1605,0.7473,avg_closing,avg_closing,closing,1.0455,2026-09-13T03:33:42+00:00,E0_2324.csv,b2e057b0,pinnacle_closing,0.0885,0.157,0.7545
2024-05-02,Chelsea,Tottenham,2.46,4.0,2.6,0.3904,0.2401,0.3694,avg_closing,avg_closing,closing,1.0411,2026-09-13T03:33:42+00:00,E0_2324.csv,b2e057b0,pinnacle_closing,0.3958,0.241,0.3633
2024-05-03,Luton,Everton,2.77,3.62,2.48,0.347,0.2655,0.3875,avg_closing,avg_closing,closing,1.0405,2026-09-13T03:33:42+00:00,E0_2324.csv,b2e057b0,pinnacle_closing,0.3503,0.2632,0.3865
2024-05-04,Arsenal,Bournemouth,1.22,7.12,12.18,0.7865,0.1348,0.0788,avg_closing,avg_closing,closing,1.0422,2026-09-13T03:33:42+00:00,E0_2324.csv,b2e057b0,pinnacle_closing,0.7979,0.1332,0.069
2024-05-04,Brentford,Fulham,2.07,3.82,3.36,0.4634,0.2511,0.2855,avg_closing,avg_closing,closing,1.0425,2026-09-13T03:33:42+00:00,E0_2324.csv,b2e057b0,pinnacle_closing,0.4654,0.256,0.2787
2024-05-04,Burnley,Newcastle,3.35,4.08,2.01,0.2867,0.2354,0.4779,avg_closing,avg_closing,closing,1.0411,2026-09-13T03:33:42+00:00,E0_2324.csv,b2e057b0,pinnacle_closing,0.2883,0.2308,0.481
2024-05-04,Sheffield United,Nott'm Forest,4.83,4.2,1.68,0.199,0.2289,0.5721,avg_closing,avg_closing,closing,1.0404,2026-09-13T03:33:42+00:00,E0_2324.csv,b2e057b0,pinnacle_closing,0.1911,0.2274,0.5814
2024-05-04,Man City,Wolves,1.1,12.16,23.44,0.8792,0.0795,0.0413,avg_closing,avg_closing,closing,1.034,2026-09-13T03:33:42+00:00,E0_2324.csv,b2e057b0,pinnacle_closing,0.8871,0.0723,0.0407
2024-05-05,Brighton,Aston Villa,2.45,3.81,2.7,0.3921,0.2521,0.3558,avg_closing,avg_closing,closing,1.041,2026-09-13T03:33:42+00:00,E0_2324.csv,b2e057b0,pinnacle_closing,0.4041,0.253,0.3429
2024-05-05,Chelsea,West Ham,1.5,5.05,5.71,0.6411,0.1904,0.1684,avg_closing,avg_closing,closing,1.0398,2026-09-13T03:33:42+00:00,E0_2324.csv,b2e057b0,pinnacle_closing,0.6472,0.1885,0.1643
2024-05-05,Liverpool,Tottenham,1.43,5.69,6.13,0.6736,0.1693,0.1571,avg_closing,avg_closing,closing,1.0382,2026-09-13T03:33:42+00:00,E0_2324.csv,b2e057b0,pinnacle_closing,0.6837,0.1646,0.1517
2024-05-06,Crystal Palace,Man United,2.03,3.93,3.43,0.4743,0.245,0.2807,avg_closing,avg_closing,closing,1.0386,2026-09-13T03:33:42+00:00,E0_2324.csv,b2e057b0,pinnacle_closing,0.4881,0.2398,0.2721
2024-05-11,Fulham,Man City,11.13,7.21,1.23,0.0863,0.1332,0.7806,avg_closing,avg_closing,closing,1.0416,2026-09-13T03:33:42+00:00,E0_2324.csv,b2e057b0,pinnacle_closing,0.0888,0.1308,0.7804
2024-05-11,Bournemouth,Brentford,2.11,3.9,3.22,0.4553,0.2463,0.2984,avg_closing,avg_closing,closing,1.0409,2026-09-13T03:33:42+00:00,E0_2324.csv,b2e057b0,pinnacle_closing,0.4502,0.2506,0.2992
2024-05-11,Everton,Sheffield United,1.43,5.05,7.08,0.6733,0.1907,0.136,avg_closing,avg_closing,closing,1.0386,2026-09-13T03:33:42+00:00,E0_2324.csv,b2e057b0,pinnacle_closing,0.6717,0.1908,0.1376
2024-05-11,Newcastle,Brighton,1.59,4.75,4.99,0.6048,0.2025,0.1927,avg_closing,avg_closing,closing,1.0399,2026-09-13T03:33:42+00:00,E0_2324.csv,b2e057b0,pinnacle_closing,0.6061,0.2004,0.1936
2024-05-11,Tottenham,Burnley,1.32,6.25,8.08,0.7275,0.1536,0.1188,avg_closing,avg_closing,closing,1.0413,2026-09-13T03:33:42+00:00,E0_2324.csv,b2e057b0,pinnacle_closing,0.7363,0.1477,0.1159
2024-05-11,West Ham,Luton,1.86,4.23,3.76,0.517,0.2273,0.2557,avg_closing,avg_closing,closing,1.04,2026-09-13T03:33:42+00:00,E0_2324.csv,b2e057b0,pinnacle_closing,0.5157,0.2271,0.2572
2024-05-11,Wolves,Crystal Palace,3.2,3.55,2.24,0.3003,0.2707,0.429,avg_closing,avg_closing,closing,1.0406,2026-09-13T03:33:42+00:00,E0_2324.csv,b2e057b0,pinnacle_closing,0.2939,0.268,0.4382
2024-05-11,Nott'm Forest,Chelsea,4.11,3.99,1.84,0.2345,0.2416,0.5239,avg_closing,avg_closing,closing,1.0374,2026-09-13T03:33:42+00:00,E0_2324.csv,b2e057b0,pinnacle_closing,0.2402,0.2438,0.5161
2024-05-12,Man United,Arsenal,9.06,6.14,1.3,0.1059,0.1562,0.7379,avg_closing,avg_closing,closing,1.0425,2026-09-13T03:33:42+00:00,E0_2324.csv,b2e057b0,pinnacle_closing,0.0988,0.1366,0.7646
2024-05-13,Aston Villa,Liverpool,3.83,4.53,1.79,0.2509,0.2122,0.5369,avg_closing,avg_closing,closing,1.0405,2026-09-13T03:33:42+00:00,E0_2324.csv,b2e057b0,pinnacle_closing,0.2489,0.2119,0.5392
2024-05-14,Tottenham,Man City,6.73,6.02,1.38,0.143,0.1598,0.6972,avg_closing,avg_closing,closing,1.0393,2026-09-13T03:33:42+00:00,E0_2324.csv,b2e057b0,pinnacle_closing,0.1466,0.1524,0.7011
2024-05-15,Brighton,Chelsea,3.25,4.08,2.06,0.2964,0.2361,0.4676,avg_closing,avg_closing,closing,1.0382,2026-09-13T03:33:42+00:00,E0_2324.csv,b2e057b0,pinnacle_closing,0.304,0.2305,0.4655
2024-05-15,Man United,Newcastle,2.7,3.95,2.4,0.3561,0.2434,0.4006,avg_closing,avg_closing,closing,1.0402,2026-09-13T03:33:42+00:00,E0_2324.csv,b2e057b0,pinnacle_closing,0.3565,0.2495,0.394
2024-05-19,Arsenal,Everton,1.22,7.25,12.71,0.791,0.1331,0.0759,avg_closing,avg_closing,closing,1.0363,2026-09-13T03:33:42+00:00,E0_2324.csv,b2e057b0,pinnacle_closing,0.7913,0.1348,0.0739
2024-05-19,Brentford,Newcastle,2.94,4.01,2.2,0.3258,0.2389,0.4354,avg_closing,avg_closing,closing,1.0441,2026-09-13T03:33:42+00:00,E0_2324.csv,b2e057b0,pinnacle_closing,0.3254,0.2402,0.4344
2024-05-19,Brighton,Man United,2.62,4.02,2.44,0.3669,0.2391,0.394,avg_closing,avg_closing,closing,1.0403,2026-09-13T03:33:42+00:00,E0_2324.csv,b2e057b0,pinnacle_closing,0.3659,0.2415,0.3925
2024-05-19,Burnley,Nott'm Forest,2.9,3.79,2.32,0.3317,0.2538,0.4146,avg_closing,avg_closing,closing,1.0397,2026-09-13T03:33:42+00:00,E0_2324.csv,b2e057b0,pinnacle_closing,0.3397,0.2483,0.412
2024-05-19,Chelsea,Bournemouth,1.4,5.56,6.88,0.6871,0.173,0.1398,avg_closing,avg_closing,closing,1.0395,2026-09-13T03:33:42+00:00,E0_2324.csv,b2e057b0,pinnacle_closing,0.6925,0.1734,0.1341
2024-05-19,Crystal Palace,Aston Villa,1.66,4.49,4.68,0.5799,0.2144,0.2057,avg_closing,avg_closing,closing,1.0388,2026-09-13T03:33:42+00:00,E0_2324.csv,b2e057b0,pinnacle_closing,0.596,0.2094,0.1947
2024-05-19,Liverpool,Wolves,1.13,10.0,17.17,0.8483,0.0959,0.0558,avg_closing,avg_closing,closing,1.0432,2026-09-13T03:33:42+00:00,E0_2324.csv,b2e057b0,pinnacle_closing,0.8509,0.09,0.0591
2024-05-19,Luton,Fulham,3.05,3.93,2.18,0.3149,0.2444,0.4406,avg_closing,avg_closing,closing,1.041,2026-09-13T03:33:42+00:00,E0_2324.csv,b2e057b0,pinnacle_closing,0.3125,0.2436,0.4438
2024-05-19,Man City,West Ham,1.07,14.3,28.36,0.8988,0.0673,0.0339,avg_closing,avg_closing,closing,1.0398,2026-09-13T03:33:42+00:00,E0_2324.csv,b2e057b0,pinnacle_closing,0.9011,0.0642,0.0346
2024-05-19,Sheffield United,Tottenham,7.72,5.98,1.35,0.1249,0.1612,0.714,avg_closing,avg_closing,closing,1.0375,2026-09-13T03:33:42+00:00,E0_2324.csv,b2e057b0,pinnacle_closing,0.1216,0.159,0.7195
2024-08-16,Man United,Fulham,1.66,4.2,5.02,0.5794,0.229,0.1916,avg_closing,avg_closing,closing,1.0397,2026-09-13T03:33:42+00:00,E0_2425.csv,d0c8ce4a,pinnacle_closing,0.5873,0.2291,0.1835
2024-08-17,Ipswich,Liverpool,7.87,5.81,1.35,0.1222,0.1655,0.7123,avg_closing,avg_closing,closing,1.0399,2026-09-13T03:33:42+00:00,E0_2425.csv,d0c8ce4a,pinnacle_closing,0.1189,0.1589,0.7222
2024-08-17,Arsenal,Wolves,1.15,8.62,18.11,0.8355,0.1115,0.0531,avg_closing,avg_closing,closing,1.0408,2026-09-13T03:33:42+00:00,E0_2425.csv,d0c8ce4a,pinnacle_closing,0.8415,0.1069,0.0516
2024-08-17,Everton,Brighton,3.06,3.4,2.38,0.3139,0.2825,0.4036,avg_closing,avg_closing,closing,1.0411,2026-09-13T03:33:42+00:00,E0_2425.csv,d0c8ce4a,pinnacle_closing,0.309,0.2854,0.4056
2024-08-17,Newcastle,Southampton,1.39,5.27,7.33,0.688,0.1815,0.1305,avg_closing,avg_closing,closing,1.0456,2026-09-13T03:33:42+00:00,E0_2425.csv,d0c8ce4a,pinnacle_closing,0.6833,0.1831,0.1336
2024-08-17,Nott'm Forest,Bournemouth,2.25,3.44,3.23,0.4254,0.2782,0.2963,avg_closing,avg_closing,closing,1.0447,2026-09-13T03:33:42+00:00,E0_2425.csv,d0c8ce4a,pinnacle_closing,0.4339,0.2777,0.2884
2024-08-17,West Ham,Aston Villa,2.47,3.51,2.83,0.3881,0.2731,0.3388,avg_closing,avg_closing,closing,1.0431,2026-09-13T03:33:42+00:00,E0_2425.csv,d0c8ce4a,pinnacle_closing,0.3829,0.2771,0.34
2024-08-18,Brentford,Crystal Palace,2.85,3.28,2.62,0.3382,0.2939,0.3679,avg_closing,avg_closing,closing,1.0374,2026-09-13T03:33:42+00:00,E0_2425.csv,d0c8ce4a,pinnacle_closing,0.3334,0.3005,0.366
2024-08-18,Chelsea,Man City,3.64,3.83,1.98,0.2639,0.2508,0.4852,avg_closing,avg_closing,closing,1.0409,2026-09-13T03:33:42+00:00,E0_2425.csv,d0c8ce4a,pinnacle_closing,0.2534,0.2501,0.4965
2024-08-19,Leicester,Tottenham,4.57,4.23,1.71,0.2104,0.2273,0.5623,avg_closing,avg_closing,closing,1.04,2026-09-13T03:33:42+00:00,E0_2425.csv,d0c8ce4a,pinnacle_closing,0.209,0.2239,0.5671
2024-08-24,Brighton,Man United,2.41,3.72,2.81,0.3991,0.2586,0.3423,avg_closing,avg_closing,closing,1.0396,2026-09-13T03:33:42+00:00,E0_2425.csv,d0c8ce4a,pinnacle_closing,0.4016,0.2585,0.3399
2024-08-24,Crystal Palace,West Ham,1.98,3.78,3.72,0.4864,0.2548,0.2589,avg_closing,avg_closing,closing,1.0384,2026-09-13T03:33:42+00:00,E0_2425.csv,d0c8ce4a,pinnacle_closing,0.4936,0.2532,0.2532
2024-08-24,Fulham,Leicester,1.88,3.71,4.21,0.512,0.2594,0.2286,avg_closing,avg_closing,closing,1.039,2026-09-13T03:33:42+00:00,E0_2425.csv,d0c8ce4a,pinnacle_closing,0.5169,0.255,0.2281
2024-08-24,Man City,Ipswich,1.09,11.44,27.5,0.8811,0.084,0.0349,avg_closing,avg_closing,closing,1.0412,2026-09-13T03:33:42+00:00,E0_2425.csv,d0c8ce4a,pinnacle_closing,0.8807,0.0881,0.0312
2024-08-24,Southampton,Nott'm Forest,2.36,3.48,3.04,0.4074,0.2763,0.3163,avg_closing,avg_closing,closing,1.04,2026-09-13T03:33:42+00:00,E0_2425.csv,d0c8ce4a,pinnacle_closing,0.4154,0.2734,0.3112
2024-08-24,Tottenham,Everton,1.37,5.39,7.91,0.7006,0.1781,0.1213,avg_closing,avg_closing,closing,1.0419,2026-09-13T03:33:42+00:00,E0_2425.csv,d0c8ce4a,pinnacle_closing,0.7076,0.1713,0.1212
2024-08-24,Aston Villa,Arsenal,4.66,4.02,1.74,0.2067,0.2396,0.5536,avg_closing,avg_closing,closing,1.0381,2026-09-13T03:33:42+00:00,E0_2425.csv,d0c8ce4a,pinnacle_closing,0.2005,0.2407,0.5588
2024-08-25,Bournemouth,Newcastle,2.57,3.65,2.64,0.3735,0.263,0.3636,avg_closing,avg_closing,closing,1.0419,2026-09-13T03:33:42+00:00,E0_2425.csv,d0c8ce4a,pinnacle_closing,0.3704,0.2661,0.3635
2024-08-25,Wolves,Chelsea,3.89,3.89,1.91,0.2477,0.2477,0.5045,avg_closing,avg_closing,closing,1.0377,2026-09-13T03:33:42+00:00,E0_2425.csv,d0c8ce4a,pinnacle_closing,0.2489,0.247,0.5042
2024-08-25,Liverpool,Brentford,1.22,7.19,11.82,0.7856,0.1333,0.0811,avg_closing,avg_closing,closing,1.0434,2026-09-13T03:33:42+00:00,E0_2425.csv,d0c8ce4a,pinnacle_closing,0.7968,0.1254,0.0778
2024-08-31,Arsenal,Brighton,1.37,5.37,8.0,0.7011,0.1789,0.1201,avg_closing,avg_closing,closing,1.0411,2026-09-13T03:33:42+00:00,E0_2425.csv,d0c8ce4a,pinnacle_closing,0.708,0.177,0.1151
2024-08-31,Brentford,Southampton,1.8,3.86,4.42,0.5337,0.2489,0.2174,avg_closing,avg_closing,closing,1.0409,2026-09-13T03:33:42+00:00,E0_2425.csv,d0c8ce4a,pinnacle_closing,0.5337,0.2484,0.2178
2024-08-31,Everton,Bournemouth,2.96,3.45,2.43,0.3251,0.2789,0.396,avg_closing,avg_closing,closing,1.0392,2026-09-13T03:33:42+00:00,E0_2425.csv,d0c8ce4a,pinnacle_closing,0.3102,0.2823,0.4075
2024-08-31,Ipswich,Fulham,3.03,3.41,2.4,0.3174,0.282,0.4007,avg_closing,avg_closing,closing,1.04,2026-09-13T03:33:42+00:00,E0_2425.csv,d0c8ce4a,pinnacle_closing,0.3166,0.2834,0.4
2024-08-31,Leicester,Aston Villa,4.0,3.76,1.91,0.2405,0.2558,0.5037,avg_closing,avg_closing,closing,1.0395,2026-09-13T03:33:42+00:00,E0_2425.csv,d0c8ce4a,pinnacle_closing,0.2424,0.2512,0.5063
2024-08-31,Nott'm Forest,Wolves,2.0,3.61,3.73,0.4784,0.2651,0.2565,avg_closing,avg_closing,closing,1.0451,2026-09-13T03:33:42+00:00,E0_2425.csv,d0c8ce4a,pinnacle_closing,0.4864,0.2629,0.2507
2024-08-31,West Ham,Man City,7.32,5.14,1.4,0.1307,0.1861,0.6832,avg_closing,avg_closing,closing,1.0455,2026-09-13T03:33:42+00:00,E0_2425.csv,d0c8ce4a,pinnacle_closing,0.1261,0.185,0.6889
2024-09-01,Chelsea,Crystal Palace,1.65,4.3,4.97,0.5828,0.2237,0.1935,avg_closing,avg_closing,closing,1.0398,2026-09-13T03:33:42+00:00,E0_2425.csv,d0c8ce4a,pinnacle_closing,0.5784,0.2292,0.1924
2024-09-01,Newcastle,Tottenham,2.46,3.89,2.64,0.39,0.2466,0.3634,avg_closing,avg_closing,closing,1.0424,2026-09-13T03:33:42+00:00,E0_2425.csv,d0c8ce4a,pinnacle_closing,0.3844,0.25,0.3656
2024-09-01,Man United,Liverpool,3.56,4.04,1.95,0.2698,0.2377,0.4925,avg_closing,avg_closing,closing,1.0412,2026-09-13T03:33:42+00:00,E0_2425.csv,d0c8ce4a,pinnacle_closing,0.2771,0.2366,0.4863
2024-09-14,Southampton,Man United,4.19,4.05,1.8,0.2292,0.2372,0.5336,avg_closing,avg_closing,closing,1.0411,2026-09-13T03:33:42+00:00,E0_2425.csv,d0c8ce4a,pinnacle_closing,0.2311,0.2356,0.5333
2024-09-14,Brighton,Ipswich,1.48,4.7,6.48,0.648,0.204,0.148,avg_closing,avg_closing,closing,1.0428,2026-09-13T03:33:42+00:00,E0_2425.csv,d0c8ce4a,pinnacle_closing,0.6338,0.2103,0.1559
2024-09-14,Crystal Palace,Leicester,1.67,3.98,5.27,0.5759,0.2416,0.1825,avg_closing,avg_closing,closing,1.0398,2026-09-13T03:33:42+00:00,E0_2425.csv,d0c8ce4a,pinnacle_closing,0.5804,0.2411,0.1785
2024-09-14,Fulham,West Ham,2.33,3.39,3.15,0.412,0.2832,0.3048,avg_closing,avg_closing,closing,1.0416,2026-09-13T03:33:42+00:00,E0_2425.csv,d0c8ce4a,pinnacle_closing,0.412,0.2851,0.3029
2024-09-14,Liverpool,Nott'm Forest,1.23,6.75,11.99,0.7783,0.1418,0.0798,avg_closing,avg_closing,closing,1.0446,2026-09-13T03:33:42+00:00,E0_2425.csv,d0c8ce4a,pinnacle_closing,0.79,0.1356,0.0744
2024-09-14,Man City,Brentford,1.19,7.64,13.85,0.8054,0.1254,0.0692,avg_closing,avg_closing,closing,1.0434,2026-09-13T03:33:42+00:00,E0_2425.csv,d0c8ce4a,pinnacle_closing,0.7968,0.1339,0.0693
2024-09-14,Aston Villa,Everton,1.68,3.94,5.24,0.5724,0.2441,0.1835,avg_closing,avg_closing,closing,1.0399,2026-09-13T03:33:42+00:00,E0_2425.csv,d0c8ce4a,pinnacle_closing,0.5784,0.2429,0.1786
2024-09-14,Bournemouth,Chelsea,3.11,3.8,2.19,0.3088,0.2527,0.4385,avg_closing,avg_closing,closing,1.0413,2026-09-13T03:33:42+00:00,E0_2425.csv,d0c8ce4a,pinnacle_closing,0.3069,0.2567,0.4363
2024-09-15,Tottenham,Arsenal,2.77,3.51,2.53,0.3467,0.2736,0.3796,avg_closing,avg_closing,closing,1.0412,2026-09-13T03:33:42+00:00,E0_2425.csv,d0c8ce4a,pinnacle_closing,0.3513,0.2788,0.37
2024-09-15,Wolves,Newcastle,3.59,3.69,2.04,0.2679,0.2606,0.4715,avg_closing,avg_closing,closing,1.0398,2026-09-13T03:33:42+00:00,E0_2425.csv,d0c8ce4a,pinnacle_closing,0.27,0.2605,0.4695
2024-09-21,West Ham,Chelsea,3.53,3.91,2.0,0.2726,0.2461,0.4812,avg_closing,avg_closing,closing,1.039,2026-09-13T03:33:42+00:00,E0_2425.csv,d0c8ce4a,pinnacle_closing,0.2705,0.2464,0.4831
2024-09-21,Aston Villa,Wolves,1.62,4.27,5.28,0.593,0.225,0.182,avg_closing,avg_closing,closing,1.0409,2026-09-13T03:33:42+00:00,E0_2425.csv,d0c8ce4a,pinnacle_closing,0.5813,0.2306,0.1881
2024-09-21,Fulham,Newcastle,2.89,3.51,2.45,0.333,0.2742,0.3928,avg_closing,avg_closing,closing,1.0391,2026-09-13T03:33:42+00:00,E0_2425.csv,d0c8ce4a,pinnacle_closing,0.3227,0.273,0.4044
2024-09-21,Leicester,Everton,2.11,3.5,3.57,0.4558,0.2748,0.2694,avg_closing,avg_closing,closing,1.0398,2026-09-13T03:33:42+00:00,E0_2425.csv,d0c8ce4a,pinnacle_closing,0.4617,0.2755,0.2628
2024-09-21,Liverpool,Bournemouth,1.26,6.7,10.38,0.7637,0.1436,0.0927,avg_closing,avg_closing,closing,1.0392,2026-09-13T03:33:42+00:00,E0_2425.csv,d0c8ce4a,pinnacle_closing,0.771,0.1407,0.0883
2024-09-21,Southampton,Ipswich,2.44,3.44,2.95,0.3943,0.2796,0.3261,avg_closing,avg_closing,closing,1.0395,2026-09-13T03:33:42+00:00,E0_2425.csv,d0c8ce4a,pinnacle_closing,0.4022,0.2797,0.3181
2024-09-21,Tottenham,Brentford,1.47,4.99,6.19,0.6527,0.1923,0.155,avg_closing,avg_closing,closing,1.0422,2026-09-13T03:33:42+00:00,E0_2425.csv,d0c8ce4a,pinnacle_closing,0.6546,0.1899,0.1555
2024-09-21,Crystal Palace,Man United,2.85,3.58,2.44,0.3374,0.2686,0.3941,avg_closing,avg_closing,closing,1.04,2026-09-13T03:33:42+00:00,E0_2425.csv,d0c8ce4a,pinnacle_closing,0.3474,0.274,0.3785
2024-09-22,Brighton,Nott'm Forest,1.84,3.75,4.33,0.522,0.2561,0.2218,avg_closing,avg_closing,closing,1.0411,2026-09-13T03:33:42+00:00,E0_2425.csv,d0c8ce4a,pinnacle_closing,0.5277,0.2542,0.2182
2024-09-22,Man City,Arsenal,1.78,3.58,4.98,0.5392,0.2681,0.1927,avg_closing,avg_closing,closing,1.0419,2026-09-13T03:33:42+00:00,E0_2425.csv,d0c8ce4a,pinnacle_closing,0.5367,0.2654,0.1979
2024-09-28,Newcastle,Man City,4.95,4.2,1.67,0.1945,0.2292,0.5764,avg_closing,avg_closing,closing,1.0389,2026-09-13T03:33:42+00:00,E0_2425.csv,d0c8ce4a,pinnacle_closing,0.1977,0.229,0.5733
2024-09-28,Arsenal,Leicester,1.2,7.13,15.65,0.8032,0.1352,0.0616,avg_closing,avg_closing,closing,1.0375,2026-09-13T03:33:42+00:00,E0_2425.csv,d0c8ce4a,pinnacle_closing,0.8032,0.1417,0.0551
2024-09-28,Brentford,West Ham,2.23,3.57,3.2,0.4308,0.2691,0.3002,avg_closing,avg_closing,closing,1.041,2026-09-13T03:33:42+00:00,E0_2425.csv,d0c8ce4a,pinnacle_closing,0.4299,0.2729,0.2971
2024-09-28,Chelsea,Brighton,1.77,4.18,4.26,0.5438,0.2303,0.2259,avg_closing,avg_closing,closing,1.0389,2026-09-13T03:33:42+00:00,E0_2425.csv,d0c8ce4a,pinnacle_closing,0.5356,0.2308,0.2336
2024-09-28,Everton,Crystal Palace,2.75,3.34,2.65,0.3495,0.2878,0.3627,avg_closing,avg_closing,closing,1.0404,2026-09-13T03:33:42+00:00,E0_2425.csv,d0c8ce4a,pinnacle_closing,0.3489,0.2906,0.3605
2024-09-28,Nott'm Forest,Fulham,2.54,3.17,3.03,0.3789,0.3036,0.3176,avg_closing,avg_closing,closing,1.0392,2026-09-13T03:33:42+00:00,E0_2425.csv,d0c8ce4a,pinnacle_closing,0.3674,0.3081,0.3245
2024-09-28,Wolves,Liverpool,8.71,5.91,1.32,0.1102,0.1624,0.7273,avg_closing,avg_closing,closing,1.0416,2026-09-13T03:33:42+00:00,E0_2425.csv,d0c8ce4a,pinnacle_closing,0.1108,0.1624,0.7267
2024-09-29,Ipswich,Aston Villa,3.65,3.58,2.06,0.2638,0.2689,0.4673,avg_closing,avg_closing,closing,1.0387,2026-09-13T03:33:42+00:00,E0_2425.csv,d0c8ce4a,pinnacle_closing,0.2669,0.2706,0.4626
2024-09-29,Man United,Tottenham,2.11,3.86,3.24,0.455,0.2487,0.2963,avg_closing,avg_closing,closing,1.0416,2026-09-13T03:33:42+00:00,E0_2425.csv,d0c8ce4a,pinnacle_closing,0.4559,0.2485,0.2956
2024-09-30,Bournemouth,Southampton,1.52,4.52,6.1,0.6307,0.2121,0.1572,avg_closing,avg_closing,closing,1.0431,2026-09-13T03:33:42+00:00,E0_2425.csv,d0c8ce4a,pinnacle_closing,0.6506,0.2067,0.1428
2024-10-05,Crystal Palace,Liverpool,5.03,4.1,1.67,0.1909,0.2342,0.5749,avg_closing,avg_closing,closing,1.0415,2026-09-13T03:33:42+00:00,E0_2425.csv,d0c8ce4a,pinnacle_closing,0.1889,0.2368,0.5744
2024-10-05,Arsenal,Southampton,1.18,7.99,15.31,0.8165,0.1206,0.0629,avg_closing,avg_closing,closing,1.0379,2026-09-13T03:33:42+00:00,E0_2425.csv,d0c8ce4a,pinnacle_closing,0.8307,0.1178,0.0515
2024-10-05,Brentford,Wolves,2.05,3.6,3.57,0.4665,0.2656,0.2679,avg_closing,avg_closing,closing,1.0457,2026-09-13T03:33:42+00:00,E0_2425.csv,d0c8ce4a,pinnacle_closing,0.4607,0.2693,0.27
2024-10-05,Leicester,Bournemouth,3.5,3.79,2.04,0.2748,0.2538,0.4714,avg_closing,avg_closing,closing,1.0398,2026-09-13T03:33:42+00:00,E0_2425.csv,d0c8ce4a,pinnacle_closing,0.263,0.2554,0.4817
2024-10-05,Man City,Fulham,1.26,6.4,10.93,0.7621,0.15,0.0879,avg_closing,avg_closing,closing,1.0414,2026-09-13T03:33:42+00:00,E0_2425.csv,d0c8ce4a,pinnacle_closing,0.7668,0.1482,0.085
2024-10-05,West Ham,Ipswich,1.91,3.79,3.98,0.5041,0.254,0.2419,avg_closing,avg_closing,closing,1.0387,2026-09-13T03:33:42+00:00,E0_2425.csv,d0c8ce4a,pinnacle_closing,0.5066,0.2533,0.2402
2024-10-05,Everton,Newcastle,3.67,3.74,1.98,0.2608,0.2559,0.4833,avg_closing,avg_closing,closing,1.0449,2026-09-13T03:33:42+00:00,E0_2425.csv,d0c8ce4a,pinnacle_closing,0.2605,0.2563,0.4832
2024-10-06,Aston Villa,Man United,2.2,3.86,3.06,0.4369,0.249,0.3141,avg_closing,avg_closing,closing,1.0404,2026-09-13T03:33:42+00:00,E0_2425.csv,d0c8ce4a,pinnacle_closing,0.4361,0.2532,0.3107
2024-10-06,Chelsea,Nott'm Forest,1.5,4.6,6.34,0.6399,0.2087,0.1514,avg_closing,avg_closing,closing,1.0418,2026-09-13T03:33:42+00:00,E0_2425.csv,d0c8ce4a,pinnacle_closing,0.6397,0.2069,0.1534
2024-10-06,Brighton,Tottenham,2.89,3.93,2.27,0.3324,0.2444,0.4232,avg_closing,avg_closing,closing,1.041,2026-09-13T03:33:42+00:00,E0_2425.csv,d0c8ce4a,pinnacle_closing,0.3308,0.2462,0.4229
2024-10-19,Tottenham,West Ham,1.45,5.23,6.17,0.6613,0.1833,0.1554,avg_closing,avg_closing,closing,1.0429,2026-09-13T03:33:42+00:00,E0_2425.csv,d0c8ce4a,pinnacle_closing,0.6675,0.1776,0.1549
2024-10-19,Fulham,Aston Villa,2.48,3.44,2.89,0.3877,0.2795,0.3327,avg_closing,avg_closing,closing,1.0399,2026-09-13T03:33:42+00:00,E0_2425.csv,d0c8ce4a,pinnacle_closing,0.3923,0.2812,0.3265
2024-10-19,Ipswich,Everton,2.38,3.43,3.05,0.4042,0.2804,0.3154,avg_closing,avg_closing,closing,1.0396,2026-09-13T03:33:42+00:00,E0_2425.csv,d0c8ce4a,pinnacle_closing,0.3986,0.2836,0.3178
2024-10-19,Man United,Brentford,1.69,4.27,4.72,0.5702,0.2257,0.2042,avg_closing,avg_closing,closing,1.0378,2026-09-13T03:33:42+00:00,E0_2425.csv,d0c8ce4a,pinnacle_closing,0.582,0.2204,0.1976
2024-10-19,Newcastle,Brighton,1.73,4.08,4.6,0.5555,0.2356,0.2089,avg_closing,avg_closing,closing,1.0405,2026-09-13T03:33:42+00:00,E0_2425.csv,d0c8ce4a,pinnacle_closing,0.5544,0.2378,0.2078
2024-10-19,Southampton,Leicester,2.2,3.54,3.32,0.4378,0.2721,0.2901,avg_closing,avg_closing,closing,1.0382,2026-09-13T03:33:42+00:00,E0_2425.csv,d0c8ce4a,pinnacle_closing,0.4365,0.2781,0.2854
2024-10-19,Bournemouth,Arsenal,4.85,3.73,1.77,0.1984,0.258,0.5436,avg_closing,avg_closing,closing,1.0393,2026-09-13T03:33:42+00:00,E0_2425.csv,d0c8ce4a,pinnacle_closing,0.1876,0.2614,0.551
2024-10-20,Wolves,Man City,8.3,5.48,1.35,0.1154,0.1748,0.7097,avg_closing,avg_closing,closing,1.0437,2026-09-13T03:33:42+00:00,E0_2425.csv,d0c8ce4a,pinnacle_closing,0.12,0.1775,0.7025
2024-10-20,Liverpool,Chelsea,1.67,4.45,4.63,0.576,0.2162,0.2078,avg_closing,avg_closing,closing,1.0395,2026-09-13T03:33:42+00:00,E0_2425.csv,d0c8ce4a,pinnacle_closing,0.5653,0.221,0.2137
2024-10-21,Nott'm Forest,Crystal Palace,2.36,3.26,3.23,0.4074,0.2949,0.2977,avg_closing,avg_closing,closing,1.0401,2026-09-13T03:33:42+00:00,E0_2425.csv,d0c8ce4a,pinnacle_closing,0.4091,0.295,0.2959
2024-10-25,Leicester,Nott'm Forest,2.96,3.35,2.45,0.3234,0.2858,0.3908,avg_closing,avg_closing,closing,1.0445,2026-09-13T03:33:42+00:00,E0_2425.csv,d0c8ce4a,pinnacle_closing,0.3174,0.2866,0.3961
2024-10-26,Aston Villa,Bournemouth,1.81,3.93,4.32,0.532,0.245,0.2229,avg_closing,avg_closing,closing,1.0384,2026-09-13T03:33:42+00:00,E0_2425.csv,d0c8ce4a,pinnacle_closing,0.542,0.2444,0.2137
2024-10-26,Brentford,Ipswich,1.66,4.16,5.07,0.5792,0.2311,0.1896,avg_closing,avg_closing,closing,1.04,2026-09-13T03:33:42+00:00,E0_2425.csv,d0c8ce4a,pinnacle_closing,0.5789,0.2338,0.1874
2024-10-26,Brighton,Wolves,1.57,4.37,5.67,0.6112,0.2196,0.1692,avg_closing,avg_closing,closing,1.0421,2026-09-13T03:33:42+00:00,E0_2425.csv,d0c8ce4a,pinnacle_closing,0.6131,0.2196,0.1673
2024-10-26,Man City,Southampton,1.12,10.03,20.56,0.8575,0.0958,0.0467,avg_closing,avg_closing,closing,1.0412,2026-09-13T03:33:42+00:00,E0_2425.csv,d0c8ce4a,pinnacle_closing,0.8655,0.0923,0.0421
2024-10-26,Everton,Fulham,2.76,3.38,2.63,0.3489,0.2849,0.3662,avg_closing,avg_closing,closing,1.0384,2026-09-13T03:33:42+00:00,E0_2425.csv,d0c8ce4a,pinnacle_closing,0.3572,0.2881,0.3546
2024-10-27,Chelsea,Newcastle,1.79,4.11,4.16,0.536,0.2334,0.2306,avg_closing,avg_closing,closing,1.0424,2026-09-13T03:33:42+00:00,E0_2425.csv,d0c8ce4a,pinnacle_closing,0.5331,0.2408,0.2262
2024-10-27,Crystal Palace,Tottenham,3.73,3.97,1.93,0.2583,0.2426,0.4991,avg_closing,avg_closing,closing,1.0381,2026-09-13T03:33:42+00:00,E0_2425.csv,d0c8ce4a,pinnacle_closing,0.257,0.2447,0.4982
2024-10-27,West Ham,Man United,3.3,3.69,2.15,0.2916,0.2608,0.4476,avg_closing,avg_closing,closing,1.0391,2026-09-13T03:33:42+00:00,E0_2425.csv,d0c8ce4a,pinnacle_closing,0.2867,0.2613,0.452
2024-10-27,Arsenal,Liverpool,2.26,3.38,3.32,0.4256,0.2846,0.2897,avg_closing,avg_closing,closing,1.0395,2026-09-13T03:33:42+00:00,E0_2425.csv,d0c8ce4a,pinnacle_closing,0.4285,0.2811,0.2904
2024-11-02,Newcastle,Arsenal,3.99,3.61,1.95,0.2409,0.2662,0.4929,avg_closing,avg_closing,closing,1.0405,2026-09-13T03:33:42+00:00,E0_2425.csv,d0c8ce4a,pinnacle_closing,0.2411,0.2633,0.4957
2024-11-02,Bournemouth,Man City,5.83,4.45,1.55,0.1647,0.2158,0.6195,avg_closing,avg_closing,closing,1.0414,2026-09-13T03:33:42+00:00,E0_2425.csv,d0c8ce4a,pinnacle_closing,0.1588,0.2195,0.6218
2024-11-02,Ipswich,Leicester,2.36,3.59,2.97,0.4078,0.2681,0.3241,avg_closing,avg_closing,closing,1.039,2026-09-13T03:33:42+00:00,E0_2425.csv,d0c8ce4a,pinnacle_closing,0.4115,0.2743,0.3142
2024-11-02,Liverpool,Brighton,1.38,5.57,7.49,0.6983,0.173,0.1287,avg_closing,avg_closing,closing,1.0377,2026-09-13T03:33:42+00:00,E0_2425.csv,d0c8ce4a,pinnacle_closing,0.711,0.167,0.1219
2024-11-02,Nott'm Forest,West Ham,2.05,3.48,3.78,0.4692,0.2764,0.2544,avg_closing,avg_closing,closing,1.0397,2026-09-13T03:33:42+00:00,E0_2425.csv,d0c8ce4a,pinnacle_closing,0.4736,0.2806,0.2458
2024-11-02,Southampton,Everton,2.7,3.32,2.71,0.3559,0.2895,0.3546,avg_closing,avg_closing,closing,1.0406,2026-09-13T03:33:42+00:00,E0_2425.csv,d0c8ce4a,pinnacle_closing,0.358,0.2942,0.3478
2024-11-02,Wolves,Crystal Palace,2.43,3.34,3.03,0.3953,0.2876,0.317,avg_closing,avg_closing,closing,1.041,2026-09-13T03:33:42+00:00,E0_2425.csv,d0c8ce4a,pinnacle_closing,0.3984,0.291,0.3106
2024-11-03,Tottenham,Aston Villa,1.94,4.02,3.61,0.4951,0.2389,0.266,avg_closing,avg_closing,closing,1.0412,2026-09-13T03:33:42+00:00,E0_2425.csv,d0c8ce4a,pinnacle_closing,0.4885,0.2406,0.2708
2024-11-03,Man United,Chelsea,2.65,3.6,2.58,0.3619,0.2664,0.3717,avg_closing,avg_closing,closing,1.0427,2026-09-13T03:33:42+00:00,E0_2425.csv,d0c8ce4a,pinnacle_closing,0.3577,0.2666,0.3757
2024-11-04,Fulham,Brentford,2.02,3.74,3.62,0.4766,0.2574,0.266,avg_closing,avg_closing,closing,1.0387,2026-09-13T03:33:42+00:00,E0_2425.csv,d0c8ce4a,pinnacle_closing,0.481,0.2584,0.2605
2024-11-09,Brentford,Bournemouth,2.6,3.58,2.66,0.3699,0.2686,0.3615,avg_closing,avg_closing,closing,1.0399,2026-09-13T03:33:42+00:00,E0_2425.csv,d0c8ce4a,pinnacle_closing,0.3688,0.2758,0.3554
2024-11-09,Crystal Palace,Fulham,3.35,3.34,2.26,0.2869,0.2878,0.4253,avg_closing,avg_closing,closing,1.0404,2026-09-13T03:33:42+00:00,E0_2425.csv,d0c8ce4a,pinnacle_closing,0.2889,0.295,0.4161
2024-11-09,West Ham,Everton,2.16,3.44,3.49,0.4451,0.2795,0.2755,avg_closing,avg_closing,closing,1.0402,2026-09-13T03:33:42+00:00,E0_2425.csv,d0c8ce4a,pinnacle_closing,0.4482,0.2755,0.2763
2024-11-09,Wolves,Southampton,1.92,3.79,3.93,0.5012,0.2539,0.2449,avg_closing,avg_closing,closing,1.0391,2026-09-13T03:33:42+00:00,E0_2425.csv,d0c8ce4a,pinnacle_closing,0.4984,0.2592,0.2424
2024-11-09,Brighton,Man City,4.11,4.13,1.8,0.2337,0.2326,0.5337,avg_closing,avg_closing,closing,1.041,2026-09-13T03:33:42+00:00,E0_2425.csv,d0c8ce4a,pinnacle_closing,0.2365,0.2336,0.5299
2024-11-09,Liverpool,Aston Villa,1.48,4.74,6.41,0.648,0.2023,0.1496,avg_closing,avg_closing,closing,1.0427,2026-09-13T03:33:42+00:00,E0_2425.csv,d0c8ce4a,pinnacle_closing,0.6623,0.1987,0.1391
2024-11-10,Man United,Leicester,1.33,5.66,8.87,0.7221,0.1697,0.1083,avg_closing,avg_closing,closing,1.0413,2026-09-13T03:33:42+00:00,E0_2425.csv,d0c8ce4a,pinnacle_closing,0.7187,0.1726,0.1087
2024-11-10,Nott'm Forest,Newcastle,2.76,3.3,2.67,0.3484,0.2914,0.3602,avg_closing,avg_closing,closing,1.0399,2026-09-13T03:33:42+00:00,E0_2425.csv,d0c8ce4a,pinnacle_closing,0.3467,0.2952,0.3581
2024-11-10,Tottenham,Ipswich,1.25,6.71,10.56,0.7665,0.1428,0.0907,avg_closing,avg_closing,closing,1.0437,2026-09-13T03:33:42+00:00,E0_2425.csv,d0c8ce4a,pinnacle_closing,0.7659,0.1436,0.0905
2024-11-10,Chelsea,Arsenal,3.01,3.41,2.41,0.3193,0.2819,0.3988,avg_closing,avg_closing,closing,1.0404,2026-09-13T03:33:42+00:00,E0_2425.csv,d0c8ce4a,pinnacle_closing,0.324,0.2902,0.3858
2024-11-23,Leicester,Chelsea,6.91,4.84,1.45,0.139,0.1985,0.6625,avg_closing,avg_closing,closing,1.041,2026-09-13T03:33:42+00:00,E0_2425.csv,d0c8ce4a,pinnacle_closing,0.1386,0.1922,0.6692
2024-11-23,Arsenal,Nott'm Forest,1.41,4.75,8.43,0.683,0.2027,0.1142,avg_closing,avg_closing,closing,1.0384,2026-09-13T03:33:42+00:00,E0_2425.csv,d0c8ce4a,pinnacle_closing,0.6883,0.2022,0.1095
2024-11-23,Aston Villa,Crystal Palace,1.73,3.83,4.95,0.5552,0.2508,0.194,avg_closing,avg_closing,closing,1.0412,2026-09-13T03:33:42+00:00,E0_2425.csv,d0c8ce4a,pinnacle_closing,0.554,0.2525,0.1935
2024-11-23,Bournemouth,Brighton,2.46,3.56,2.84,0.3911,0.2702,0.3387,avg_closing,avg_closing,closing,1.0395,2026-09-13T03:33:42+00:00,E0_2425.csv,d0c8ce4a,pinnacle_closing,0.3912,0.2706,0.3382
2024-11-23,Everton,Brentford,2.36,3.38,3.13,0.4078,0.2847,0.3075,avg_closing,avg_closing,closing,1.0391,2026-09-13T03:33:42+00:00,E0_2425.csv,d0c8ce4a,pinnacle_closing,0.4091,0.2847,0.3062
2024-11-23,Fulham,Wolves,1.55,4.44,5.85,0.6196,0.2163,0.1642,avg_closing,avg_closing,closing,1.0413,2026-09-13T03:33:42+00:00,E0_2425.csv,d0c8ce4a,pinnacle_closing,0.6173,0.2188,0.164
2024-11-23,Man City,Tottenham,1.41,5.35,6.94,0.6818,0.1797,0.1385,avg_closing,avg_closing,closing,1.0402,2026-09-13T03:33:42+00:00,E0_2425.csv,d0c8ce4a,pinnacle_closing,0.6723,0.1834,0.1443
2024-11-24,Southampton,Liverpool,9.12,5.7,1.32,0.1052,0.1683,0.7266,avg_closing,avg_closing,closing,1.0427,2026-09-13T03:33:42+00:00,E0_2425.csv,d0c8ce4a,pinnacle_closing,0.097,0.1629,0.7401
2024-11-24,Ipswich,Man United,5.06,4.09,1.67,0.1899,0.2349,0.5753,avg_closing,avg_closing,closing,1.0409,2026-09-13T03:33:42+00:00,E0_2425.csv,d0c8ce4a,pinnacle_closing,0.1886,0.2334,0.578
2024-11-25,Newcastle,West Ham,1.47,4.8,6.5,0.6526,0.1998,0.1476,avg_closing,avg_closing,closing,1.0425,2026-09-13T03:33:42+00:00,E0_2425.csv,d0c8ce4a,pinnacle_closing,0.6475,0.2062,0.1463
2024-11-29,Brighton,Southampton,1.39,5.45,7.29,0.6917,0.1764,0.1319,avg_closing,avg_closing,closing,1.0401,2026-09-13T03:33:42+00:00,E0_2425.csv,d0c8ce4a,pinnacle_closing,0.6977,0.1695,0.1328
2024-11-30,Brentford,Leicester,1.61,4.33,5.27,0.5962,0.2217,0.1821,avg_closing,avg_closing,closing,1.0418,2026-09-13T03:33:42+00:00,E0_2425.csv,d0c8ce4a,pinnacle_closing,0.5964,0.223,0.1807
2024-11-30,Crystal Palace,Newcastle,3.25,3.48,2.24,0.2954,0.2759,0.4286,avg_closing,avg_closing,closing,1.0415,2026-09-13T03:33:42+00:00,E0_2425.csv,d0c8ce4a,pinnacle_closing,0.2951,0.2759,0.429
2024-11-30,Nott'm Forest,Ipswich,1.72,3.95,4.86,0.5589,0.2434,0.1978,avg_closing,avg_closing,closing,1.0403,2026-09-13T03:33:42+00:00,E0_2425.csv,d0c8ce4a,pinnacle_closing,0.5588,0.2443,0.1968
2024-11-30,Wolves,Bournemouth,2.71,3.47,2.62,0.3552,0.2774,0.3674,avg_closing,avg_closing,closing,1.0389,2026-09-13T03:33:42+00:00,E0_2425.csv,d0c8ce4a,pinnacle_closing,0.3541,0.2798,0.3661
2024-11-30,West Ham,Arsenal,7.37,4.78,1.44,0.1306,0.2013,0.6682,avg_closing,avg_closing,closing,1.0393,2026-09-13T03:33:42+00:00,E0_2425.csv,d0c8ce4a,pinnacle_closing,0.1322,0.1985,0.6693
2024-12-01,Chelsea,Aston Villa,1.72,4.08,4.66,0.5585,0.2354,0.2061,avg_closing,avg_closing,closing,1.0411,2026-09-13T03:33:42+00:00,E0_2425.csv,d0c8ce4a,pinnacle_closing,0.5546,0.2385,0.2069
2024-12-01,Man United,Everton,1.62,4.05,5.68,0.5934,0.2374,0.1692,avg_closing,avg_closing,closing,1.0403,2026-09-13T03:33:42+00:00,E0_2425.csv,d0c8ce4a,pinnacle_closing,0.5992,0.2385,0.1623
2024-12-01,Tottenham,Fulham,1.95,4.07,3.56,0.4934,0.2364,0.2702,avg_closing,avg_closing,closing,1.0394,2026-09-13T03:33:42+00:00,E0_2425.csv,d0c8ce4a,pinnacle_closing,0.4911,0.2395,0.2694
2024-12-01,Liverpool,Man City,2.04,3.76,3.5,0.4705,0.2553,0.2742,avg_closing,avg_closing,closing,1.0419,2026-09-13T03:33:42+00:00,E0_2425.csv,d0c8ce4a,pinnacle_closing,0.4717,0.2584,0.2699
2024-12-03,Ipswich,Crystal Palace,3.27,3.36,2.29,0.294,0.2861,0.4198,avg_closing,avg_closing,closing,1.0401,2026-09-13T03:33:42+00:00,E0_2425.csv,d0c8ce4a,pinnacle_closing,0.2903,0.2869,0.4228
2024-12-03,Leicester,West Ham,2.99,3.47,2.38,0.3207,0.2764,0.4029,avg_closing,avg_closing,closing,1.0428,2026-09-13T03:33:42+00:00,E0_2425.csv,d0c8ce4a,pinnacle_closing,0.3206,0.2784,0.401
2024-12-04,Everton,Wolves,2.11,3.35,3.74,0.4558,0.2871,0.2571,avg_closing,avg_closing,closing,1.0398,2026-09-13T03:33:42+00:00,E0_2425.csv,d0c8ce4a,pinnacle_closing,0.4545,0.2895,0.256
2024-12-04,Man City,Nott'm Forest,1.32,5.64,9.34,0.7271,0.1702,0.1028,avg_closing,avg_closing,closing,1.0419,2026-09-13T03:33:42+00:00,E0_2425.csv,d0c8ce4a,pinnacle_closing,0.7388,0.1646,0.0966
2024-12-04,Newcastle,Liverpool,3.63,3.76,1.99,0.2639,0.2548,0.4814,avg_closing,avg_closing,closing,1.044,2026-09-13T03:33:42+00:00,E0_2425.csv,d0c8ce4a,pinnacle_closing,0.264,0.2598,0.4762
2024-12-04,Southampton,Chelsea,8.74,5.8,1.32,0.1096,0.1651,0.7254,avg_closing,avg_closing,closing,1.0444,2026-09-13T03:33:42+00:00,E0_2425.csv,d0c8ce4a,pinnacle_closing,0.107,0.1631,0.7298
2024-12-04,Arsenal,Man United,1.45,4.84,6.86,0.6618,0.1983,0.1399,avg_closing,avg_closing,closing,1.042,2026-09-13T03:33:42+00:00,E0_2425.csv,d0c8ce4a,pinnacle_closing,0.6555,0.1984,0.1461
2024-12-04,Aston Villa,Brentford,1.69,4.11,4.89,0.5692,0.2341,0.1967,avg_closing,avg_closing,closing,1.0395,2026-09-13T03:33:42+00:00,E0_2425.csv,d0c8ce4a,pinnacle_closing,0.5783,0.2297,0.192
2024-12-05,Fulham,Brighton,2.6,3.58,2.66,0.3699,0.2686,0.3615,avg_closing,avg_closing,closing,1.0399,2026-09-13T03:33:42+00:00,E0_2425.csv,d0c8ce4a,pinnacle_closing,0.3702,0.2678,0.362
2024-12-05,Bournemouth,Tottenham,2.18,3.91,3.05,0.4401,0.2454,0.3146,avg_closing,avg_closing,closing,1.0423,2026-09-13T03:33:42+00:00,E0_2425.csv,d0c8ce4a,pinnacle_closing,0.4388,0.2443,0.3169
2024-12-07,Aston Villa,Southampton,1.32,5.67,9.15,0.7262,0.1691,0.1048,avg_closing,avg_closing,closing,1.0432,2026-09-13T03:33:42+00:00,E0_2425.csv,d0c8ce4a,pinnacle_closing,0.7295,0.1676,0.103
2024-12-07,Brentford,Newcastle,2.95,3.68,2.33,0.326,0.2613,0.4127,avg_closing,avg_closing,closing,1.0399,2026-09-13T03:33:42+00:00,E0_2425.csv,d0c8ce4a,pinnacle_closing,0.3222,0.2602,0.4176
2024-12-07,Crystal Palace,Man City,4.67,4.0,1.74,0.2061,0.2407,0.5532,avg_closing,avg_closing,closing,1.0388,2026-09-13T03:33:42+00:00,E0_2425.csv,d0c8ce4a,pinnacle_closing,0.2072,0.2406,0.5522
2024-12-07,Man United,Nott'm Forest,1.68,3.93,5.09,0.569,0.2432,0.1878,avg_closing,avg_closing,closing,1.0462,2026-09-13T03:33:42+00:00,E0_2425.csv,d0c8ce4a,pinnacle_closing,0.5742,0.2438,0.182
2024-12-08,Fulham,Arsenal,5.34,4.24,1.62,0.18,0.2267,0.5933,avg_closing,avg_closing,closing,1.0404,2026-09-13T03:33:42+00:00,E0_2425.csv,d0c8ce4a,pinnacle_closing,0.1766,0.2312,0.5922
2024-12-08,Ipswich,Bournemouth,3.81,3.83,1.93,0.252,0.2506,0.4974,avg_closing,avg_closing,closing,1.0417,2026-09-13T03:33:42+00:00,E0_2425.csv,d0c8ce4a,pinnacle_closing,0.2477,0.2542,0.498
2024-12-08,Leicester,Brighton,4.92,4.22,1.67,0.1956,0.2281,0.5763,avg_closing,avg_closing,closing,1.039,2026-09-13T03:33:42+00:00,E0_2425.csv,d0c8ce4a,pinnacle_closing,0.1949,0.2273,0.5778
2024-12-08,Tottenham,Chelsea,2.9,3.98,2.24,0.3308,0.241,0.4282,avg_closing,avg_closing,closing,1.0425,2026-09-13T03:33:42+00:00,E0_2425.csv,d0c8ce4a,pinnacle_closing,0.3315,0.2369,0.4316
2024-12-09,West Ham,Wolves,1.82,3.88,4.24,0.5268,0.2471,0.2261,avg_closing,avg_closing,closing,1.043,2026-09-13T03:33:42+00:00,E0_2425.csv,d0c8ce4a,pinnacle_closing,0.534,0.2436,0.2224
2024-12-14,Arsenal,Everton,1.23,6.39,12.72,0.7757,0.1493,0.075,avg_closing,avg_closing,closing,1.0481,2026-09-13T03:33:42+00:00,E0_2425.csv,d0c8ce4a,pinnacle_closing,0.7761,0.1493,0.0746
2024-12-14,Liverpool,Fulham,1.29,6.13,9.58,0.7434,0.1565,0.1001,avg_closing,avg_closing,closing,1.0427,2026-09-13T03:33:42+00:00,E0_2425.csv,d0c8ce4a,pinnacle_closing,0.7438,0.1565,0.0997
2024-12-14,Newcastle,Leicester,1.29,6.18,9.42,0.7431,0.1551,0.1018,avg_closing,avg_closing,closing,1.0432,2026-09-13T03:33:42+00:00,E0_2425.csv,d0c8ce4a,pinnacle_closing,0.7457,0.1529,0.1014
2024-12-14,Wolves,Ipswich,1.98,3.64,3.77,0.4833,0.2629,0.2538,avg_closing,avg_closing,closing,1.045,2026-09-13T03:33:42+00:00,E0_2425.csv,d0c8ce4a,pinnacle_closing,0.4862,0.2664,0.2474
2024-12-14,Nott'm Forest,Aston Villa,2.71,3.19,2.76,0.3532,0.3,0.3468,avg_closing,avg_closing,closing,1.0448,2026-09-13T03:33:42+00:00,E0_2425.csv,d0c8ce4a,pinnacle_closing,0.3567,0.2968,0.3465
2024-12-15,Brighton,Crystal Palace,1.9,3.69,4.05,0.504,0.2595,0.2365,avg_closing,avg_closing,closing,1.0442,2026-09-13T03:33:42+00:00,E0_2425.csv,d0c8ce4a,pinnacle_closing,0.5054,0.2602,0.2344
2024-12-15,Man City,Man United,1.54,4.79,5.5,0.6244,0.2008,0.1748,avg_closing,avg_closing,closing,1.0399,2026-09-13T03:33:42+00:00,E0_2425.csv,d0c8ce4a,pinnacle_closing,0.6354,0.1984,0.1662
2024-12-15,Chelsea,Brentford,1.35,5.84,7.68,0.7108,0.1643,0.1249,avg_closing,avg_closing,closing,1.0422,2026-09-13T03:33:42+00:00,E0_2425.csv,d0c8ce4a,pinnacle_closing,0.7302,0.153,0.1168
2024-12-15,Southampton,Tottenham,3.98,4.42,1.77,0.241,0.217,0.542,avg_closing,avg_closing,closing,1.0425,2026-09-13T03:33:42+00:00,E0_2425.csv,d0c8ce4a,pinnacle_closing,0.2406,0.2165,0.543
2024-12-16,Bournemouth,West Ham,1.74,4.18,4.41,0.5522,0.2299,0.2179,avg_closing,avg_closing,closing,1.0407,2026-09-13T03:33:42+00:00,E0_2425.csv,d0c8ce4a,pinnacle_closing,0.5453,0.235,0.2196
2024-12-21,Aston Villa,Man City,3.2,3.63,2.19,0.2992,0.2637,0.4371,avg_closing,avg_closing,closing,1.0446,2026-09-13T03:33:42+00:00,E0_2425.csv,d0c8ce4a,pinnacle_closing,0.303,0.2629,0.4342
2024-12-21,Brentford,Nott'm Forest,2.49,3.58,2.75,0.3845,0.2674,0.3481,avg_closing,avg_closing,closing,1.0446,2026-09-13T03:33:42+00:00,E0_2425.csv,d0c8ce4a,pinnacle_closing,0.3844,0.2657,0.3498
2024-12-21,Ipswich,Newcastle,4.69,4.04,1.72,0.2046,0.2375,0.5579,avg_closing,avg_closing,closing,1.0421,2026-09-13T03:33:42+00:00,E0_2425.csv,d0c8ce4a,pinnacle_closing,0.2108,0.2287,0.5605
2024-12-21,West Ham,Brighton,2.77,3.63,2.46,0.3461,0.2641,0.3897,avg_closing,avg_closing,closing,1.043,2026-09-13T03:33:42+00:00,E0_2425.csv,d0c8ce4a,pinnacle_closing,0.3436,0.2643,0.3921
2024-12-21,Crystal Palace,Arsenal,7.14,4.42,1.48,0.1344,0.2171,0.6485,avg_closing,avg_closing,closing,1.042,2026-09-13T03:33:42+00:00,E0_2425.csv,d0c8ce4a,pinnacle_closing,0.1278,0.2112,0.6609
2024-12-22,Everton,Chelsea,4.84,4.12,1.68,0.1978,0.2324,0.5698,avg_closing,avg_closing,closing,1.0446,2026-09-13T03:33:42+00:00,E0_2425.csv,d0c8ce4a,pinnacle_closing,0.1929,0.2352,0.5719
2024-12-22,Fulham,Southampton,1.62,4.18,5.45,0.5935,0.23,0.1764,avg_closing,avg_closing,closing,1.04,2026-09-13T03:33:42+00:00,E0_2425.csv,d0c8ce4a,pinnacle_closing,0.5915,0.2395,0.169
2024-12-22,Leicester,Wolves,2.92,3.43,2.44,0.3281,0.2793,0.3926,avg_closing,avg_closing,closing,1.0438,2026-09-13T03:33:42+00:00,E0_2425.csv,d0c8ce4a,pinnacle_closing,0.319,0.2772,0.4038
2024-12-22,Man United,Bournemouth,1.86,3.75,4.2,0.5158,0.2558,0.2284,avg_closing,avg_closing,closing,1.0424,2026-09-13T03:33:42+00:00,E0_2425.csv,d0c8ce4a,pinnacle_closing,0.5162,0.2554,0.2284
2024-12-22,Tottenham,Liverpool,4.69,4.57,1.64,0.2047,0.21,0.5853,avg_closing,avg_closing,closing,1.0418,2026-09-13T03:33:42+00:00,E0_2425.csv,d0c8ce4a,pinnacle_closing,0.1982,0.2134,0.5885
2024-12-26,Man City,Everton,1.34,5.41,8.72,0.7136,0.1767,0.1097,avg_closing,avg_closing,closing,1.0458,2026-09-13T03:33:42+00:00,E0_2425.csv,d0c8ce4a,pinnacle_closing,0.7151,0.1768,0.1081
2024-12-26,Bournemouth,Crystal Palace,2.08,3.64,3.47,0.4606,0.2632,0.2761,avg_closing,avg_closing,closing,1.0437,2026-09-13T03:33:42+00:00,E0_2425.csv,d0c8ce4a,pinnacle_closing,0.4565,0.2657,0.2778
2024-12-26,Chelsea,Fulham,1.46,4.92,6.28,0.6539,0.1941,0.152,avg_closing,avg_closing,closing,1.0474,2026-09-13T03:33:42+00:00,E0_2425.csv,d0c8ce4a,pinnacle_closing,0.663,0.1959,0.1411
2024-12-26,Newcastle,Aston Villa,1.94,3.79,3.8,0.4945,0.2531,0.2524,avg_closing,avg_closing,closing,1.0425,2026-09-13T03:33:42+00:00,E0_2425.csv,d0c8ce4a,pinnacle_closing,0.5,0.2506,0.2494
2024-12-26,Nott'm Forest,Tottenham,2.16,3.91,3.07,0.4433,0.2449,0.3119,avg_closing,avg_closing,closing,1.0445,2026-09-13T03:33:42+00:00,E0_2425.csv,d0c8ce4a,pinnacle_closing,0.4501,0.248,0.3019
2024-12-26,Southampton,West Ham,3.08,3.52,2.29,0.3106,0.2717,0.4177,avg_closing,avg_closing,closing,1.0454,2026-09-13T03:33:42+00:00,E0_2425.csv,d0c8ce4a,pinnacle_closing,0.3115,0.2677,0.4207
2024-12-26,Wolves,Man United,4.35,3.81,1.82,0.2207,0.2519,0.5274,avg_closing,avg_closing,closing,1.0418,2026-09-13T03:33:42+00:00,E0_2425.csv,d0c8ce4a,pinnacle_closing,0.2186,0.2421,0.5393
2024-12-26,Liverpool,Leicester,1.08,12.79,27.21,0.8896,0.0751,0.0353,avg_closing,avg_closing,closing,1.0409,2026-09-13T03:33:42+00:00,E0_2425.csv,d0c8ce4a,pinnacle_closing,0.8855,0.0788,0.0357
2024-12-27,Brighton,Brentford,1.62,4.5,4.89,0.5913,0.2129,0.1959,avg_closing,avg_closing,closing,1.044,2026-09-13T03:33:42+00:00,E0_2425.csv,d0c8ce4a,pinnacle_closing,0.5963,0.2113,0.1925
2024-12-27,Arsenal,Ipswich,1.14,8.78,18.59,0.8395,0.109,0.0515,avg_closing,avg_closing,closing,1.0449,2026-09-13T03:33:42+00:00,E0_2425.csv,d0c8ce4a,pinnacle_closing,0.8545,0.1044,0.0411
2024-12-29,Leicester,Man City,9.62,6.36,1.27,0.0991,0.1499,0.7509,avg_closing,avg_closing,closing,1.0486,2026-09-13T03:33:42+00:00,E0_2425.csv,d0c8ce4a,pinnacle_closing,0.0937,0.1497,0.7566
2024-12-29,Crystal Palace,Southampton,1.53,4.34,6.2,0.6253,0.2204,0.1543,avg_closing,avg_closing,closing,1.0453,2026-09-13T03:33:42+00:00,E0_2425.csv,d0c8ce4a,pinnacle_closing,0.6322,0.2174,0.1504
2024-12-29,Everton,Nott'm Forest,2.69,3.08,2.89,0.3566,0.3115,0.3319,avg_closing,avg_closing,closing,1.0424,2026-09-13T03:33:42+00:00,E0_2425.csv,d0c8ce4a,pinnacle_closing,0.3589,0.3168,0.3242
2024-12-29,Fulham,Bournemouth,2.3,3.43,3.18,0.4177,0.2801,0.3021,avg_closing,avg_closing,closing,1.0408,2026-09-13T03:33:42+00:00,E0_2425.csv,d0c8ce4a,pinnacle_closing,0.4284,0.2778,0.2938
2024-12-29,Tottenham,Wolves,1.66,4.53,4.58,0.5784,0.212,0.2096,avg_closing,avg_closing,closing,1.0415,2026-09-13T03:33:42+00:00,E0_2425.csv,d0c8ce4a,pinnacle_closing,0.5789,0.2096,0.2114
2024-12-29,West Ham,Liverpool,7.44,5.35,1.38,0.1285,0.1787,0.6928,avg_closing,avg_closing,closing,1.046,2026-09-13T03:33:42+00:00,E0_2425.csv,d0c8ce4a,pinnacle_closing,0.1252,0.1765,0.6983
2024-12-30,Aston Villa,Brighton,1.89,3.73,4.06,0.507,0.2569,0.236,avg_closing,avg_closing,closing,1.0435,2026-09-13T03:33:42+00:00,E0_2425.csv,d0c8ce4a,pinnacle_closing,0.522,0.2496,0.2284
2024-12-30,Ipswich,Chelsea,7.45,5.18,1.39,0.1282,0.1844,0.6873,avg_closing,avg_closing,closing,1.0467,2026-09-13T03:33:42+00:00,E0_2425.csv,d0c8ce4a,pinnacle_closing,0.1278,0.1828,0.6894
2024-12-30,Man United,Newcastle,2.74,3.53,2.52,0.3492,0.2711,0.3797,avg_closing,avg_closing,closing,1.0451,2026-09-13T03:33:42+00:00,E0_2425.csv,d0c8ce4a,pinnacle_closing,0.3567,0.2685,0.3747
2025-01-01,Brentford,Arsenal,5.87,4.46,1.54,0.1632,0.2148,0.622,avg_closing,avg_closing,closing,1.0439,2026-09-13T03:33:42+00:00,E0_2425.csv,d0c8ce4a,pinnacle_closing,0.1618,0.2158,0.6224
2025-01-04,Tottenham,Newcastle,3.81,4.5,1.79,0.2516,0.213,0.5354,avg_closing,avg_closing,closing,1.0433,2026-09-13T03:33:42+00:00,E0_2425.csv,d0c8ce4a,pinnacle_closing,0.2494,0.2074,0.5433
2025-01-04,Aston Villa,Leicester,1.33,5.63,8.49,0.7179,0.1696,0.1125,avg_closing,avg_closing,closing,1.0473,2026-09-13T03:33:42+00:00,E0_2425.csv,d0c8ce4a,pinnacle_closing,0.716,0.1686,0.1153
2025-01-04,Bournemouth,Everton,1.69,3.86,5.1,0.5652,0.2475,0.1873,avg_closing,avg_closing,closing,1.0469,2026-09-13T03:33:42+00:00,E0_2425.csv,d0c8ce4a,pinnacle_closing,0.5704,0.2442,0.1854
2025-01-04,Crystal Palace,Chelsea,3.58,3.84,1.98,0.2674,0.2493,0.4834,avg_closing,avg_closing,closing,1.0448,2026-09-13T03:33:42+00:00,E0_2425.csv,d0c8ce4a,pinnacle_closing,0.2671,0.2468,0.4861
2025-01-04,Man City,West Ham,1.24,6.97,10.25,0.7699,0.137,0.0931,avg_closing,avg_closing,closing,1.0475,2026-09-13T03:33:42+00:00,E0_2425.csv,d0c8ce4a,pinnacle_closing,0.7747,0.1348,0.0905
2025-01-04,Southampton,Brentford,3.33,3.58,2.15,0.2874,0.2674,0.4452,avg_closing,avg_closing,closing,1.0447,2026-09-13T03:33:42+00:00,E0_2425.csv,d0c8ce4a,pinnacle_closing,0.2829,0.2666,0.4505
2025-01-04,Brighton,Arsenal,4.74,3.59,1.81,0.2025,0.2673,0.5302,avg_closing,avg_closing,closing,1.042,2026-09-13T03:33:42+00:00,E0_2425.csv,d0c8ce4a,pinnacle_closing,0.1969,0.2638,0.5393
2025-01-05,Fulham,Ipswich,1.56,4.16,6.02,0.6119,0.2295,0.1586,avg_closing,avg_closing,closing,1.0475,2026-09-13T03:33:42+00:00,E0_2425.csv,d0c8ce4a,pinnacle_closing,0.6108,0.2312,0.1579
2025-01-05,Liverpool,Man United,1.36,5.42,7.9,0.7027,0.1763,0.121,avg_closing,avg_closing,closing,1.0464,2026-09-13T03:33:42+00:00,E0_2425.csv,d0c8ce4a,pinnacle_closing,0.7122,0.1745,0.1133
2025-01-06,Wolves,Nott'm Forest,3.86,3.46,2.01,0.2478,0.2764,0.4758,avg_closing,avg_closing,closing,1.0456,2026-09-13T03:33:42+00:00,E0_2425.csv,d0c8ce4a,pinnacle_closing,0.2423,0.2744,0.4833
2025-01-14,Brentford,Man City,5.16,4.47,1.6,0.1859,0.2146,0.5995,avg_closing,avg_closing,closing,1.0425,2026-09-13T03:33:42+00:00,E0_2425.csv,d0c8ce4a,pinnacle_closing,0.1864,0.214,0.5996
2025-01-14,Chelsea,Bournemouth,1.52,4.75,5.54,0.6272,0.2007,0.1721,avg_closing,avg_closing,closing,1.0489,2026-09-13T03:33:42+00:00,E0_2425.csv,d0c8ce4a,pinnacle_closing,0.6287,0.2017,0.1696
2025-01-14,West Ham,Fulham,3.07,3.3,2.42,0.3126,0.2908,0.3966,avg_closing,avg_closing,closing,1.042,2026-09-13T03:33:42+00:00,E0_2425.csv,d0c8ce4a,pinnacle_closing,0.3024,0.2951,0.4024
2025-01-14,Nott'm Forest,Liverpool,5.37,4.2,1.61,0.1781,0.2277,0.5941,avg_closing,avg_closing,closing,1.0454,2026-09-13T03:33:42+00:00,E0_2425.csv,d0c8ce4a,pinnacle_closing,0.1711,0.2268,0.6021
2025-01-15,Everton,Aston Villa,3.48,3.11,2.29,0.2748,0.3075,0.4176,avg_closing,avg_closing,closing,1.0456,2026-09-13T03:33:42+00:00,E0_2425.csv,d0c8ce4a,pinnacle_closing,0.2744,0.3112,0.4145
2025-01-15,Leicester,Crystal Palace,3.93,3.61,1.95,0.2437,0.2653,0.4911,avg_closing,avg_closing,closing,1.0443,2026-09-13T03:33:42+00:00,E0_2425.csv,d0c8ce4a,pinnacle_closing,0.2388,0.2678,0.4934
2025-01-15,Newcastle,Wolves,1.37,5.26,7.88,0.6972,0.1816,0.1212,avg_closing,avg_closing,closing,1.0469,2026-09-13T03:33:42+00:00,E0_2425.csv,d0c8ce4a,pinnacle_closing,0.7068,0.1793,0.1139
2025-01-15,Arsenal,Tottenham,1.38,5.31,7.55,0.6932,0.1801,0.1267,avg_closing,avg_closing,closing,1.0454,2026-09-13T03:33:42+00:00,E0_2425.csv,d0c8ce4a,pinnacle_closing,0.7011,0.1809,0.118
2025-01-16,Ipswich,Brighton,3.81,3.66,1.97,0.2516,0.2619,0.4865,avg_closing,avg_closing,closing,1.0433,2026-09-13T03:33:42+00:00,E0_2425.csv,d0c8ce4a,pinnacle_closing,0.2469,0.2594,0.4937
2025-01-16,Man United,Southampton,1.28,5.94,10.77,0.7494,0.1615,0.0891,avg_closing,avg_closing,closing,1.0425,2026-09-13T03:33:42+00:00,E0_2425.csv,d0c8ce4a,pinnacle_closing,0.7526,0.1592,0.0883
2025-01-18,Newcastle,Bournemouth,1.64,4.23,5.05,0.584,0.2264,0.1896,avg_closing,avg_closing,closing,1.0442,2026-09-13T03:33:42+00:00,E0_2425.csv,d0c8ce4a,pinnacle_closing,0.5849,0.2284,0.1867
2025-01-18,Brentford,Liverpool,6.04,4.97,1.48,0.1588,0.193,0.6482,avg_closing,avg_closing,closing,1.0424,2026-09-13T03:33:42+00:00,E0_2425.csv,d0c8ce4a,pinnacle_closing,0.1535,0.1943,0.6522
2025-01-18,Leicester,Fulham,4.5,3.74,1.8,0.2126,0.2558,0.5316,avg_closing,avg_closing,closing,1.0452,2026-09-13T03:33:42+00:00,E0_2425.csv,d0c8ce4a,pinnacle_closing,0.2085,0.2558,0.5357
2025-01-18,West Ham,Crystal Palace,2.78,3.26,2.64,0.3441,0.2935,0.3624,avg_closing,avg_closing,closing,1.0452,2026-09-13T03:33:42+00:00,E0_2425.csv,d0c8ce4a,pinnacle_closing,0.3405,0.2933,0.3661
2025-01-18,Arsenal,Aston Villa,1.57,4.14,6.06,0.6104,0.2315,0.1581,avg_closing,avg_closing,closing,1.0435,2026-09-13T03:33:42+00:00,E0_2425.csv,d0c8ce4a,pinnacle_closing,0.6179,0.223,0.159
2025-01-19,Everton,Tottenham,2.57,3.39,2.79,0.3732,0.283,0.3438,avg_closing,avg_closing,closing,1.0425,2026-09-13T03:33:42+00:00,E0_2425.csv,d0c8ce4a,pinnacle_closing,0.3806,0.2776,0.3419
2025-01-19,Man United,Brighton,2.31,3.4,3.18,0.4157,0.2824,0.3019,avg_closing,avg_closing,closing,1.0415,2026-09-13T03:33:42+00:00,E0_2425.csv,d0c8ce4a,pinnacle_closing,0.417,0.2828,0.3002
2025-01-19,Nott'm Forest,Southampton,1.4,4.88,8.13,0.6854,0.1966,0.118,avg_closing,avg_closing,closing,1.0422,2026-09-13T03:33:42+00:00,E0_2425.csv,d0c8ce4a,pinnacle_closing,0.707,0.1881,0.1049
2025-01-19,Ipswich,Man City,7.72,5.21,1.39,0.1244,0.1844,0.6912,avg_closing,avg_closing,closing,1.0409,2026-09-13T03:33:42+00:00,E0_2425.csv,d0c8ce4a,pinnacle_closing,0.1143,0.1766,0.7091
2025-01-20,Chelsea,Wolves,1.43,5.16,6.64,0.67,0.1857,0.1443,avg_closing,avg_closing,closing,1.0437,2026-09-13T03:33:42+00:00,E0_2425.csv,d0c8ce4a,pinnacle_closing,0.6729,0.1846,0.1425
2025-01-25,Bournemouth,Nott'm Forest,1.99,3.64,3.77,0.482,0.2635,0.2544,avg_closing,avg_closing,closing,1.0425,2026-09-13T03:33:42+00:00,E0_2425.csv,d0c8ce4a,pinnacle_closing,0.4931,0.2604,0.2465
2025-01-25,Brighton,Everton,1.7,3.74,5.37,0.5646,0.2566,0.1787,avg_closing,avg_closing,closing,1.0418,2026-09-13T03:33:42+00:00,E0_2425.csv,d0c8ce4a,pinnacle_closing,0.5579,0.2631,0.1791
2025-01-25,Liverpool,Ipswich,1.11,11.32,21.57,0.8699,0.0853,0.0448,avg_closing,avg_closing,closing,1.0356,2026-09-13T03:33:42+00:00,E0_2425.csv,d0c8ce4a,pinnacle_closing,0.8813,0.0791,0.0396
2025-01-25,Southampton,Newcastle,6.48,4.91,1.46,0.148,0.1953,0.6567,avg_closing,avg_closing,closing,1.0429,2026-09-13T03:33:42+00:00,E0_2425.csv,d0c8ce4a,pinnacle_closing,0.1467,0.1927,0.6606
2025-01-25,Wolves,Arsenal,5.87,4.07,1.6,0.1636,0.236,0.6004,avg_closing,avg_closing,closing,1.0411,2026-09-13T03:33:42+00:00,E0_2425.csv,d0c8ce4a,pinnacle_closing,0.1636,0.2338,0.6026
2025-01-25,Man City,Chelsea,2.34,3.8,2.84,0.4099,0.2524,0.3377,avg_closing,avg_closing,closing,1.0426,2026-09-13T03:33:42+00:00,E0_2425.csv,d0c8ce4a,pinnacle_closing,0.4077,0.2505,0.3419
2025-01-26,Crystal Palace,Brentford,1.97,3.76,3.7,0.4863,0.2548,0.2589,avg_closing,avg_closing,closing,1.0438,2026-09-13T03:33:42+00:00,E0_2425.csv,d0c8ce4a,pinnacle_closing,0.4923,0.2552,0.2525
2025-01-26,Tottenham,Leicester,1.51,4.92,5.58,0.6339,0.1946,0.1715,avg_closing,avg_closing,closing,1.0447,2026-09-13T03:33:42+00:00,E0_2425.csv,d0c8ce4a,pinnacle_closing,0.6422,0.192,0.1658
2025-01-26,Aston Villa,West Ham,1.47,4.75,6.52,0.6515,0.2016,0.1469,avg_closing,avg_closing,closing,1.0442,2026-09-13T03:33:42+00:00,E0_2425.csv,d0c8ce4a,pinnacle_closing,0.6609,0.1983,0.1408
2025-01-26,Fulham,Man United,2.39,3.44,2.99,0.4009,0.2786,0.3205,avg_closing,avg_closing,closing,1.0436,2026-09-13T03:33:42+00:00,E0_2425.csv,d0c8ce4a,pinnacle_closing,0.4052,0.2739,0.3209
2025-02-01,Nott'm Forest,Brighton,2.63,3.39,2.72,0.3646,0.2829,0.3525,avg_closing,avg_closing,closing,1.0429,2026-09-13T03:33:42+00:00,E0_2425.csv,d0c8ce4a,pinnacle_closing,0.363,0.282,0.355
2025-02-01,Bournemouth,Liverpool,4.51,4.22,1.71,0.2125,0.2271,0.5604,avg_closing,avg_closing,closing,1.0435,2026-09-13T03:33:42+00:00,E0_2425.csv,d0c8ce4a,pinnacle_closing,0.2082,0.2277,0.5641
2025-02-01,Everton,Leicester,1.95,3.35,4.33,0.492,0.2864,0.2216,avg_closing,avg_closing,closing,1.0423,2026-09-13T03:33:42+00:00,E0_2425.csv,d0c8ce4a,pinnacle_closing,0.4952,0.2906,0.2142
2025-02-01,Ipswich,Southampton,1.92,3.64,4.01,0.4984,0.2629,0.2387,avg_closing,avg_closing,closing,1.0449,2026-09-13T03:33:42+00:00,E0_2425.csv,d0c8ce4a,pinnacle_closing,0.5086,0.259,0.2324
2025-02-01,Newcastle,Fulham,1.73,3.88,4.83,0.5543,0.2472,0.1985,avg_closing,avg_closing,closing,1.0428,2026-09-13T03:33:42+00:00,E0_2425.csv,d0c8ce4a,pinnacle_closing,0.5483,0.2541,0.1977
2025-02-01,Wolves,Aston Villa,3.17,3.43,2.3,0.3028,0.2799,0.4173,avg_closing,avg_closing,closing,1.0418,2026-09-13T03:33:42+00:00,E0_2425.csv,d0c8ce4a,pinnacle_closing,0.2932,0.2798,0.427
2025-02-02,Brentford,Tottenham,2.0,4.12,3.34,0.4798,0.2329,0.2873,avg_closing,avg_closing,closing,1.0421,2026-09-13T03:33:42+00:00,E0_2425.csv,d0c8ce4a,pinnacle_closing,0.4928,0.2306,0.2766
2025-02-02,Man United,Crystal Palace,1.79,3.63,4.74,0.5345,0.2636,0.2019,avg_closing,avg_closing,closing,1.0451,2026-09-13T03:33:42+00:00,E0_2425.csv,d0c8ce4a,pinnacle_closing,0.5449,0.26,0.1951
2025-02-02,Arsenal,Man City,1.91,3.93,3.81,0.5032,0.2446,0.2523,avg_closing,avg_closing,closing,1.0405,2026-09-13T03:33:42+00:00,E0_2425.csv,d0c8ce4a,pinnacle_closing,0.509,0.2331,0.2579
2025-02-03,Chelsea,West Ham,1.29,6.25,9.4,0.7443,0.1536,0.1021,avg_closing,avg_closing,closing,1.0416,2026-09-13T03:33:42+00:00,E0_2425.csv,d0c8ce4a,pinnacle_closing,0.7499,0.1477,0.1024
2025-02-12,Everton,Liverpool,7.49,4.55,1.46,0.1286,0.2117,0.6597,avg_closing,avg_closing,closing,1.0382,2026-09-13T03:33:42+00:00,E0_2425.csv,d0c8ce4a,pinnacle_closing,0.1227,0.2085,0.6687
2025-02-14,Brighton,Chelsea,2.93,3.66,2.36,0.3287,0.2632,0.4081,avg_closing,avg_closing,closing,1.0382,2026-09-13T03:33:42+00:00,E0_2425.csv,d0c8ce4a,pinnacle_closing,0.33,0.2575,0.4125
2025-02-15,Leicester,Arsenal,10.1,5.41,1.32,0.0951,0.1775,0.7274,avg_closing,avg_closing,closing,1.0414,2026-09-13T03:33:42+00:00,E0_2425.csv,d0c8ce4a,pinnacle_closing,0.0955,0.1756,0.7289
2025-02-15,Aston Villa,Ipswich,1.43,4.94,7.18,0.6718,0.1945,0.1338,avg_closing,avg_closing,closing,1.041,2026-09-13T03:33:42+00:00,E0_2425.csv,d0c8ce4a,pinnacle_closing,0.6744,0.1946,0.131
2025-02-15,Fulham,Nott'm Forest,2.16,3.44,3.5,0.4454,0.2797,0.2749,avg_closing,avg_closing,closing,1.0394,2026-09-13T03:33:42+00:00,E0_2425.csv,d0c8ce4a,pinnacle_closing,0.4585,0.2738,0.2678
2025-02-15,Man City,Newcastle,2.07,4.02,3.26,0.4651,0.2395,0.2953,avg_closing,avg_closing,closing,1.0386,2026-09-13T03:33:42+00:00,E0_2425.csv,d0c8ce4a,pinnacle_closing,0.4654,0.239,0.2956
2025-02-15,Southampton,Bournemouth,6.02,4.73,1.51,0.1598,0.2033,0.6369,avg_closing,avg_closing,closing,1.0398,2026-09-13T03:33:42+00:00,E0_2425.csv,d0c8ce4a,pinnacle_closing,0.1537,0.2028,0.6434
2025-02-15,West Ham,Brentford,2.38,3.65,2.88,0.4035,0.2631,0.3334,avg_closing,avg_closing,closing,1.0414,2026-09-13T03:33:42+00:00,E0_2425.csv,d0c8ce4a,pinnacle_closing,0.4055,0.2623,0.3322
2025-02-15,Crystal Palace,Everton,2.02,3.18,4.36,0.4765,0.3027,0.2208,avg_closing,avg_closing,closing,1.0389,2026-09-13T03:33:42+00:00,E0_2425.csv,d0c8ce4a,pinnacle_closing,0.4862,0.2992,0.2146
2025-02-16,Liverpool,Wolves,1.23,6.99,11.94,0.7819,0.1376,0.0805,avg_closing,avg_closing,closing,1.0398,2026-09-13T03:33:42+00:00,E0_2425.csv,d0c8ce4a,pinnacle_closing,0.7876,0.1364,0.076
2025-02-16,Tottenham,Man United,2.2,3.85,3.08,0.4375,0.25,0.3125,avg_closing,avg_closing,closing,1.039,2026-09-13T03:33:42+00:00,E0_2425.csv,d0c8ce4a,pinnacle_closing,0.44,0.2493,0.3107
2025-02-19,Aston Villa,Liverpool,3.83,3.98,1.9,0.2514,0.2419,0.5067,avg_closing,avg_closing,closing,1.0387,2026-09-13T03:33:42+00:00,E0_2425.csv,d0c8ce4a,pinnacle_closing,0.2442,0.24,0.5158
2025-02-21,Leicester,Brentford,3.66,3.84,1.98,0.263,0.2507,0.4862,avg_closing,avg_closing,closing,1.0387,2026-09-13T03:33:42+00:00,E0_2425.csv,d0c8ce4a,pinnacle_closing,0.2599,0.2518,0.4884
2025-02-22,Everton,Man United,2.65,3.13,2.92,0.3631,0.3074,0.3295,avg_closing,avg_closing,closing,1.0393,2026-09-13T03:33:42+00:00,E0_2425.csv,d0c8ce4a,pinnacle_closing,0.3641,0.3086,0.3273
2025-02-22,Arsenal,West Ham,1.29,5.63,11.79,0.7471,0.1712,0.0817,avg_closing,avg_closing,closing,1.0376,2026-09-13T03:33:42+00:00,E0_2425.csv,d0c8ce4a,pinnacle_closing,0.7559,0.1675,0.0766
2025-02-22,Bournemouth,Wolves,1.64,4.18,5.22,0.586,0.2299,0.1841,avg_closing,avg_closing,closing,1.0406,2026-09-13T03:33:42+00:00,E0_2425.csv,d0c8ce4a,pinnacle_closing,0.585,0.2307,0.1843
2025-02-22,Fulham,Crystal Palace,2.08,3.46,3.72,0.4629,0.2783,0.2588,avg_closing,avg_closing,closing,1.0386,2026-09-13T03:33:42+00:00,E0_2425.csv,d0c8ce4a,pinnacle_closing,0.4632,0.2787,0.258
2025-02-22,Ipswich,Tottenham,3.38,3.8,2.07,0.2839,0.2525,0.4636,avg_closing,avg_closing,closing,1.0421,2026-09-13T03:33:42+00:00,E0_2425.csv,d0c8ce4a,pinnacle_closing,0.2843,0.2526,0.4631
2025-02-22,Southampton,Brighton,5.7,4.5,1.56,0.1689,0.2139,0.6172,avg_closing,avg_closing,closing,1.0387,2026-09-13T03:33:42+00:00,E0_2425.csv,d0c8ce4a,pinnacle_closing,0.1665,0.2152,0.6183
2025-02-22,Aston Villa,Chelsea,2.62,3.53,2.65,0.3662,0.2718,0.362,avg_closing,avg_closing,closing,1.0423,2026-09-13T03:33:42+00:00,E0_2425.csv,d0c8ce4a,pinnacle_closing,0.3631,0.2696,0.3673
2025-02-23,Newcastle,Nott'm Forest,1.91,3.84,3.89,0.5029,0.2501,0.2469,avg_closing,avg_closing,closing,1.041,2026-09-13T03:33:42+00:00,E0_2425.csv,d0c8ce4a,pinnacle_closing,0.5067,0.2507,0.2426
2025-02-23,Man City,Liverpool,3.14,3.82,2.19,0.3071,0.2525,0.4404,avg_closing,avg_closing,closing,1.0369,2026-09-13T03:33:42+00:00,E0_2425.csv,d0c8ce4a,pinnacle_closing,0.3027,0.2534,0.4438
2025-02-25,Brighton,Bournemouth,1.98,3.87,3.64,0.4865,0.2489,0.2646,avg_closing,avg_closing,closing,1.0382,2026-09-13T03:33:42+00:00,E0_2425.csv,d0c8ce4a,pinnacle_closing,0.4839,0.2481,0.268
2025-02-25,Crystal Palace,Aston Villa,2.26,3.52,3.19,0.4254,0.2732,0.3014,avg_closing,avg_closing,closing,1.04,2026-09-13T03:33:42+00:00,E0_2425.csv,d0c8ce4a,pinnacle_closing,0.4281,0.2738,0.2981
2025-02-25,Wolves,Fulham,2.42,3.28,3.1,0.3971,0.293,0.31,avg_closing,avg_closing,closing,1.0407,2026-09-13T03:33:42+00:00,E0_2425.csv,d0c8ce4a,pinnacle_closing,0.402,0.2939,0.304
2025-02-25,Chelsea,Southampton,1.17,8.31,16.08,0.824,0.116,0.06,avg_closing,avg_closing,closing,1.0372,2026-09-13T03:33:42+00:00,E0_2425.csv,d0c8ce4a,pinnacle_closing,0.8218,0.1175,0.0606
2025-02-26,Brentford,Everton,2.08,3.6,3.54,0.4618,0.2668,0.2714,avg_closing,avg_closing,closing,1.041,2026-09-13T03:33:42+00:00,E0_2425.csv,d0c8ce4a,pinnacle_closing,0.4794,0.2645,0.2561
2025-02-26,Man United,Ipswich,1.51,4.5,6.35,0.6356,0.2133,0.1511,avg_closing,avg_closing,closing,1.042,2026-09-13T03:33:42+00:00,E0_2425.csv,d0c8ce4a,pinnacle_closing,0.639,0.2149,0.1461
2025-02-26,Nott'm Forest,Arsenal,4.23,3.45,1.94,0.2269,0.2782,0.4948,avg_closing,avg_closing,closing,1.0417,2026-09-13T03:33:42+00:00,E0_2425.csv,d0c8ce4a,pinnacle_closing,0.2224,0.2817,0.4959
2025-02-26,Tottenham,Man City,3.88,4.29,1.82,0.2478,0.2241,0.5282,avg_closing,avg_closing,closing,1.0403,2026-09-13T03:33:42+00:00,E0_2425.csv,d0c8ce4a,pinnacle_closing,0.2448,0.2313,0.5239
2025-02-26,Liverpool,Newcastle,1.37,5.47,7.71,0.7002,0.1754,0.1244,avg_closing,avg_closing,closing,1.0424,2026-09-13T03:33:42+00:00,E0_2425.csv,d0c8ce4a,pinnacle_closing,0.7073,0.1715,0.1211
2025-02-27,West Ham,Leicester,1.77,3.77,4.77,0.5433,0.2551,0.2016,avg_closing,avg_closing,closing,1.0399,2026-09-13T03:33:42+00:00,E0_2425.csv,d0c8ce4a,pinnacle_closing,0.5426,0.2563,0.2011
2025-03-08,Nott'm Forest,Man City,3.8,3.79,1.95,0.2531,0.2537,0.4932,avg_closing,avg_closing,closing,1.0398,2026-09-13T03:33:42+00:00,E0_2425.csv,d0c8ce4a,pinnacle_closing,0.2484,0.251,0.5006
2025-03-08,Brighton,Fulham,2.01,3.55,3.85,0.4789,0.2711,0.25,avg_closing,avg_closing,closing,1.0389,2026-09-13T03:33:42+00:00,E0_2425.csv,d0c8ce4a,pinnacle_closing,0.4834,0.2737,0.2429
2025-03-08,Crystal Palace,Ipswich,1.55,4.2,6.26,0.6186,0.2283,0.1532,avg_closing,avg_closing,closing,1.043,2026-09-13T03:33:42+00:00,E0_2425.csv,d0c8ce4a,pinnacle_closing,0.6178,0.2304,0.1518
2025-03-08,Liverpool,Southampton,1.11,10.91,23.99,0.8711,0.0886,0.0403,avg_closing,avg_closing,closing,1.0342,2026-09-13T03:33:42+00:00,E0_2425.csv,d0c8ce4a,pinnacle_closing,0.8778,0.0847,0.0375
2025-03-08,Brentford,Aston Villa,2.16,3.88,3.15,0.4459,0.2483,0.3058,avg_closing,avg_closing,closing,1.0382,2026-09-13T03:33:42+00:00,E0_2425.csv,d0c8ce4a,pinnacle_closing,0.4519,0.2454,0.3027
2025-03-08,Wolves,Everton,2.84,2.98,2.84,0.3386,0.3227,0.3386,avg_closing,avg_closing,closing,1.0398,2026-09-13T03:33:42+00:00,E0_2425.csv,d0c8ce4a,pinnacle_closing,0.3378,0.3243,0.3378
2025-03-09,Chelsea,Leicester,1.23,6.96,12.22,0.7829,0.1383,0.0788,avg_closing,avg_closing,closing,1.0385,2026-09-13T03:33:42+00:00,E0_2425.csv,d0c8ce4a,pinnacle_closing,0.7834,0.1418,0.0747
2025-03-09,Tottenham,Bournemouth,2.8,3.75,2.4,0.3432,0.2563,0.4005,avg_closing,avg_closing,closing,1.0405,2026-09-13T03:33:42+00:00,E0_2425.csv,d0c8ce4a,pinnacle_closing,0.3403,0.2541,0.4055
2025-03-09,Man United,Arsenal,5.1,3.55,1.78,0.1886,0.271,0.5404,avg_closing,avg_closing,closing,1.0396,2026-09-13T03:33:42+00:00,E0_2425.csv,d0c8ce4a,pinnacle_closing,0.1925,0.2613,0.5462
2025-03-10,West Ham,Newcastle,3.35,3.49,2.2,0.2871,0.2756,0.4372,avg_closing,avg_closing,closing,1.0396,2026-09-13T03:33:42+00:00,E0_2425.csv,d0c8ce4a,pinnacle_closing,0.2872,0.2743,0.4386
2025-03-15,Everton,West Ham,2.14,3.22,3.82,0.4495,0.2987,0.2518,avg_closing,avg_closing,closing,1.0396,2026-09-13T03:33:42+00:00,E0_2425.csv,d0c8ce4a,pinnacle_closing,0.4584,0.2936,0.2479
2025-03-15,Ipswich,Nott'm Forest,3.99,3.56,1.96,0.2406,0.2696,0.4898,avg_closing,avg_closing,closing,1.0417,2026-09-13T03:33:42+00:00,E0_2425.csv,d0c8ce4a,pinnacle_closing,0.2433,0.2712,0.4855
2025-03-15,Man City,Brighton,1.81,4.03,4.15,0.5304,0.2382,0.2313,avg_closing,avg_closing,closing,1.0416,2026-09-13T03:33:42+00:00,E0_2425.csv,d0c8ce4a,pinnacle_closing,0.5307,0.2434,0.2259
2025-03-15,Southampton,Wolves,3.9,3.38,2.04,0.246,0.2838,0.4702,avg_closing,avg_closing,closing,1.0425,2026-09-13T03:33:42+00:00,E0_2425.csv,d0c8ce4a,pinnacle_closing,0.2454,0.284,0.4706
2025-03-15,Bournemouth,Brentford,1.76,4.2,4.29,0.5467,0.2291,0.2243,avg_closing,avg_closing,closing,1.0394,2026-09-13T03:33:42+00:00,E0_2425.csv,d0c8ce4a,pinnacle_closing,0.5519,0.2233,0.2248
2025-03-16,Arsenal,Chelsea,1.73,3.68,5.24,0.5555,0.2611,0.1834,avg_closing,avg_closing,closing,1.0406,2026-09-13T03:33:42+00:00,E0_2425.csv,d0c8ce4a,pinnacle_closing,0.5607,0.2594,0.18
2025-03-16,Fulham,Tottenham,1.85,3.94,4.04,0.5188,0.2436,0.2376,avg_closing,avg_closing,closing,1.0419,2026-09-13T03:33:42+00:00,E0_2425.csv,d0c8ce4a,pinnacle_closing,0.525,0.2369,0.2381
2025-03-16,Leicester,Man United,4.5,3.74,1.81,0.2132,0.2566,0.5302,avg_closing,avg_closing,closing,1.0421,2026-09-13T03:33:42+00:00,E0_2425.csv,d0c8ce4a,pinnacle_closing,0.2134,0.2548,0.5318
2025-04-01,Arsenal,Fulham,1.49,4.16,7.46,0.6419,0.2299,0.1282,avg_closing,avg_closing,closing,1.0456,2026-09-13T03:33:42+00:00,E0_2425.csv,d0c8ce4a,pinnacle_closing,0.6452,0.2266,0.1282
2025-04-01,Wolves,West Ham,2.37,3.25,3.21,0.4053,0.2955,0.2992,avg_closing,avg_closing,closing,1.0412,2026-09-13T03:33:42+00:00,E0_2425.csv,d0c8ce4a,pinnacle_closing,0.4069,0.2956,0.2974
2025-04-01,Nott'm Forest,Man United,2.36,3.39,3.11,0.4073,0.2836,0.3091,avg_closing,avg_closing,closing,1.0403,2026-09-13T03:33:42+00:00,E0_2425.csv,d0c8ce4a,pinnacle_closing,0.4139,0.2811,0.3049
2025-04-02,Bournemouth,Ipswich,1.39,5.13,7.75,0.6895,0.1868,0.1237,avg_closing,avg_closing,closing,1.0434,2026-09-13T03:33:42+00:00,E0_2425.csv,d0c8ce4a,pinnacle_closing,0.6918,0.1794,0.1288
2025-04-02,Brighton,Aston Villa,2.35,3.49,3.03,0.4083,0.275,0.3167,avg_closing,avg_closing,closing,1.0421,2026-09-13T03:33:42+00:00,E0_2425.csv,d0c8ce4a,pinnacle_closing,0.409,0.2781,0.313
2025-04-02,Man City,Leicester,1.2,7.6,13.22,0.8009,0.1265,0.0727,avg_closing,avg_closing,closing,1.0406,2026-09-13T03:33:42+00:00,E0_2425.csv,d0c8ce4a,pinnacle_closing,0.8072,0.1211,0.0717
2025-04-02,Newcastle,Brentford,1.67,4.32,4.68,0.5736,0.2217,0.2047,avg_closing,avg_closing,closing,1.044,2026-09-13T03:33:42+00:00,E0_2425.csv,d0c8ce4a,pinnacle_closing,0.5686,0.2253,0.2061
2025-04-02,Southampton,Crystal Palace,5.68,4.04,1.61,0.1685,0.2369,0.5945,avg_closing,avg_closing,closing,1.0447,2026-09-13T03:33:42+00:00,E0_2425.csv,d0c8ce4a,pinnacle_closing,0.1697,0.235,0.5954
2025-04-02,Liverpool,Everton,1.48,4.38,7.07,0.6463,0.2184,0.1353,avg_closing,avg_closing,closing,1.0454,2026-09-13T03:33:42+00:00,E0_2425.csv,d0c8ce4a,pinnacle_closing,0.6471,0.2201,0.1328
2025-04-03,Chelsea,Tottenham,1.68,4.36,4.58,0.5707,0.2199,0.2094,avg_closing,avg_closing,closing,1.0429,2026-09-13T03:33:42+00:00,E0_2425.csv,d0c8ce4a,pinnacle_closing,0.5813,0.2177,0.201
2025-04-05,Everton,Arsenal,4.1,3.17,2.07,0.234,0.3026,0.4634,avg_closing,avg_closing,closing,1.0425,2026-09-13T03:33:42+00:00,E0_2425.csv,d0c8ce4a,pinnacle_closing,0.2321,0.3048,0.4631
2025-04-05,Crystal Palace,Brighton,2.53,3.39,2.81,0.3778,0.282,0.3402,avg_closing,avg_closing,closing,1.0461,2026-09-13T03:33:42+00:00,E0_2425.csv,d0c8ce4a,pinnacle_closing,0.3771,0.2862,0.3367
2025-04-05,Ipswich,Wolves,2.84,3.2,2.63,0.337,0.2991,0.3639,avg_closing,avg_closing,closing,1.0448,2026-09-13T03:33:42+00:00,E0_2425.csv,d0c8ce4a,pinnacle_closing,0.3416,0.2978,0.3606
2025-04-05,West Ham,Bournemouth,2.98,3.49,2.38,0.322,0.2749,0.4031,avg_closing,avg_closing,closing,1.0423,2026-09-13T03:33:42+00:00,E0_2425.csv,d0c8ce4a,pinnacle_closing,0.3202,0.2742,0.4056
2025-04-05,Aston Villa,Nott'm Forest,2.14,3.39,3.57,0.4483,0.283,0.2687,avg_closing,avg_closing,closing,1.0424,2026-09-13T03:33:42+00:00,E0_2425.csv,d0c8ce4a,pinnacle_closing,0.4524,0.2819,0.2657
2025-04-06,Brentford,Chelsea,2.89,3.57,2.41,0.3324,0.2691,0.3986,avg_closing,avg_closing,closing,1.0411,2026-09-13T03:33:42+00:00,E0_2425.csv,d0c8ce4a,pinnacle_closing,0.3311,0.2667,0.4022
2025-04-06,Fulham,Liverpool,4.19,3.52,1.92,0.2287,0.2722,0.4991,avg_closing,avg_closing,closing,1.0436,2026-09-13T03:33:42+00:00,E0_2425.csv,d0c8ce4a,pinnacle_closing,0.2263,0.2734,0.5003
2025-04-06,Tottenham,Southampton,1.37,5.41,7.68,0.6985,0.1769,0.1246,avg_closing,avg_closing,closing,1.045,2026-09-13T03:33:42+00:00,E0_2425.csv,d0c8ce4a,pinnacle_closing,0.7057,0.1714,0.1229
2025-04-06,Man United,Man City,3.39,3.67,2.11,0.2833,0.2616,0.4551,avg_closing,avg_closing,closing,1.0414,2026-09-13T03:33:42+00:00,E0_2425.csv,d0c8ce4a,pinnacle_closing,0.2795,0.2594,0.461
2025-04-07,Leicester,Newcastle,7.18,4.63,1.45,0.1333,0.2067,0.66,avg_closing,avg_closing,closing,1.0449,2026-09-13T03:33:42+00:00,E0_2425.csv,d0c8ce4a,pinnacle_closing,0.1303,0.2002,0.6695
2025-04-12,Man City,Crystal Palace,1.63,4.25,5.16,0.5884,0.2257,0.1859,avg_closing,avg_closing,closing,1.0426,2026-09-13T03:33:42+00:00,E0_2425.csv,d0c8ce4a,pinnacle_closing,0.593,0.2236,0.1835
2025-04-12,Brighton,Leicester,1.29,5.98,10.04,0.7439,0.1605,0.0956,avg_closing,avg_closing,closing,1.042,2026-09-13T03:33:42+00:00,E0_2425.csv,d0c8ce4a,pinnacle_closing,0.7492,0.1624,0.0884
2025-04-12,Nott'm Forest,Everton,1.97,3.34,4.21,0.486,0.2866,0.2274,avg_closing,avg_closing,closing,1.0445,2026-09-13T03:33:42+00:00,E0_2425.csv,d0c8ce4a,pinnacle_closing,0.4887,0.2877,0.2236
2025-04-12,Southampton,Aston Villa,6.1,4.55,1.52,0.1574,0.211,0.6316,avg_closing,avg_closing,closing,1.0416,2026-09-13T03:33:42+00:00,E0_2425.csv,d0c8ce4a,pinnacle_closing,0.1559,0.2093,0.6348
2025-04-12,Arsenal,Brentford,1.63,4.15,5.21,0.5863,0.2303,0.1834,avg_closing,avg_closing,closing,1.0464,2026-09-13T03:33:42+00:00,E0_2425.csv,d0c8ce4a,pinnacle_closing,0.5994,0.229,0.1716
2025-04-13,Chelsea,Ipswich,1.2,7.33,13.53,0.7985,0.1307,0.0708,avg_closing,avg_closing,closing,1.0437,2026-09-13T03:33:42+00:00,E0_2425.csv,d0c8ce4a,pinnacle_closing,0.7995,0.1302,0.0703
2025-04-13,Liverpool,West Ham,1.28,5.9,10.63,0.7477,0.1622,0.09,avg_closing,avg_closing,closing,1.0448,2026-09-13T03:33:42+00:00,E0_2425.csv,d0c8ce4a,pinnacle_closing,0.7529,0.1575,0.0896
2025-04-13,Wolves,Tottenham,2.28,3.56,3.1,0.4209,0.2696,0.3096,avg_closing,avg_closing,closing,1.0421,2026-09-13T03:33:42+00:00,E0_2425.csv,d0c8ce4a,pinnacle_closing,0.4245,0.2678,0.3077
2025-04-13,Newcastle,Man United,1.61,4.29,5.26,0.5948,0.2232,0.182,avg_closing,avg_closing,closing,1.0443,2026-09-13T03:33:42+00:00,E0_2425.csv,d0c8ce4a,pinnacle_closing,0.5989,0.223,0.178
2025-04-14,Bournemouth,Fulham,2.24,3.41,3.3,0.4281,0.2812,0.2906,avg_closing,avg_closing,closing,1.0427,2026-09-13T03:33:42+00:00,E0_2425.csv,d0c8ce4a,pinnacle_closing,0.4343,0.282,0.2837
2025-04-16,Newcastle,Crystal Palace,1.67,3.99,5.1,0.5727,0.2397,0.1875,avg_closing,avg_closing,closing,1.0455,2026-09-13T03:33:42+00:00,E0_2425.csv,d0c8ce4a,pinnacle_closing,0.5742,0.2418,0.1841
2025-04-19,Brentford,Brighton,2.64,3.58,2.59,0.3627,0.2675,0.3698,avg_closing,avg_closing,closing,1.0442,2026-09-13T03:33:42+00:00,E0_2425.csv,d0c8ce4a,pinnacle_closing,0.3602,0.2657,0.3741
2025-04-19,Crystal Palace,Bournemouth,2.57,3.49,2.72,0.373,0.2746,0.3524,avg_closing,avg_closing,closing,1.0433,2026-09-13T03:33:42+00:00,E0_2425.csv,d0c8ce4a,pinnacle_closing,0.3759,0.2751,0.349
2025-04-19,Everton,Man City,4.06,3.64,1.91,0.2358,0.263,0.5012,avg_closing,avg_closing,closing,1.0446,2026-09-13T03:33:42+00:00,E0_2425.csv,d0c8ce4a,pinnacle_closing,0.2355,0.2607,0.5038
2025-04-19,West Ham,Southampton,1.6,4.3,5.37,0.5988,0.2228,0.1784,avg_closing,avg_closing,closing,1.0438,2026-09-13T03:33:42+00:00,E0_2425.csv,d0c8ce4a,pinnacle_closing,0.5904,0.2252,0.1844
2025-04-19,Aston Villa,Newcastle,2.54,3.6,2.69,0.3774,0.2663,0.3563,avg_closing,avg_closing,closing,1.0432,2026-09-13T03:33:42+00:00,E0_2425.csv,d0c8ce4a,pinnacle_closing,0.3788,0.2647,0.3565
2025-04-20,Fulham,Chelsea,3.07,3.57,2.3,0.313,0.2692,0.4178,avg_closing,avg_closing,closing,1.0406,2026-09-13T03:33:42+00:00,E0_2425.csv,d0c8ce4a,pinnacle_closing,0.309,0.2696,0.4214
2025-04-20,Ipswich,Arsenal,9.07,5.12,1.35,0.1054,0.1867,0.708,avg_closing,avg_closing,closing,1.0463,2026-09-13T03:33:42+00:00,E0_2425.csv,d0c8ce4a,pinnacle_closing,0.1084,0.1854,0.7063
2025-04-20,Man United,Wolves,2.56,3.44,2.76,0.3743,0.2785,0.3472,avg_closing,avg_closing,closing,1.0436,2026-09-13T03:33:42+00:00,E0_2425.csv,d0c8ce4a,pinnacle_closing,0.3743,0.2781,0.3476
2025-04-20,Leicester,Liverpool,11.84,6.92,1.22,0.0805,0.1378,0.7817,avg_closing,avg_closing,closing,1.0486,2026-09-13T03:33:42+00:00,E0_2425.csv,d0c8ce4a,pinnacle_closing,0.0718,0.1337,0.7945
2025-04-21,Tottenham,Nott'm Forest,2.4,3.49,2.96,0.4002,0.2752,0.3245,avg_closing,avg_closing,closing,1.041,2026-09-13T03:33:42+00:00,E0_2425.csv,d0c8ce4a,pinnacle_closing,0.4064,0.2748,0.3188
2025-04-22,Man City,Aston Villa,1.91,3.92,3.84,0.5039,0.2455,0.2506,avg_closing,avg_closing,closing,1.0391,2026-09-13T03:33:42+00:00,E0_2425.csv,d0c8ce4a,pinnacle_closing,0.5121,0.2409,0.247
2025-04-23,Arsenal,Crystal Palace,1.4,4.77,8.6,0.6867,0.2015,0.1118,avg_closing,avg_closing,closing,1.0402,2026-09-13T03:33:42+00:00,E0_2425.csv,d0c8ce4a,pinnacle_closing,0.6932,0.2001,0.1067
2025-04-26,Chelsea,Everton,1.44,4.79,7.31,0.6677,0.2007,0.1315,avg_closing,avg_closing,closing,1.04,2026-09-13T03:33:42+00:00,E0_2425.csv,d0c8ce4a,pinnacle_closing,0.6744,0.1962,0.1295
2025-04-26,Brighton,West Ham,1.78,3.96,4.36,0.5383,0.242,0.2198,avg_closing,avg_closing,closing,1.0437,2026-09-13T03:33:42+00:00,E0_2425.csv,d0c8ce4a,pinnacle_closing,0.5409,0.242,0.2171
2025-04-26,Newcastle,Ipswich,1.17,8.08,15.61,0.8198,0.1187,0.0614,avg_closing,avg_closing,closing,1.0425,2026-09-13T03:33:42+00:00,E0_2425.csv,d0c8ce4a,pinnacle_closing,0.8302,0.1143,0.0555
2025-04-26,Southampton,Fulham,5.15,4.08,1.65,0.1858,0.2345,0.5798,avg_closing,avg_closing,closing,1.0453,2026-09-13T03:33:42+00:00,E0_2425.csv,d0c8ce4a,pinnacle_closing,0.1901,0.235,0.5749
2025-04-26,Wolves,Leicester,1.53,4.39,6.11,0.6254,0.218,0.1566,avg_closing,avg_closing,closing,1.0451,2026-09-13T03:33:42+00:00,E0_2425.csv,d0c8ce4a,pinnacle_closing,0.6232,0.2166,0.1602
2025-04-27,Bournemouth,Man United,1.95,3.83,3.69,0.4908,0.2499,0.2594,avg_closing,avg_closing,closing,1.0449,2026-09-13T03:33:42+00:00,E0_2425.csv,d0c8ce4a,pinnacle_closing,0.4911,0.2474,0.2614
2025-04-27,Liverpool,Tottenham,1.2,7.4,12.79,0.7962,0.1291,0.0747,avg_closing,avg_closing,closing,1.0467,2026-09-13T03:33:42+00:00,E0_2425.csv,d0c8ce4a,pinnacle_closing,0.8076,0.1219,0.0705
2025-05-01,Nott'm Forest,Brentford,2.31,3.54,3.07,0.4158,0.2713,0.3129,avg_closing,avg_closing,closing,1.0411,2026-09-13T03:33:42+00:00,E0_2425.csv,d0c8ce4a,pinnacle_closing,0.42,0.2734,0.3065
2025-05-02,Man City,Wolves,1.34,5.42,9.09,0.717,0.1773,0.1057,avg_closing,avg_closing,closing,1.0408,2026-09-13T03:33:42+00:00,E0_2425.csv,d0c8ce4a,pinnacle_closing,0.7278,0.1729,0.0993
2025-05-03,Aston Villa,Fulham,1.86,3.75,4.18,0.5152,0.2555,0.2293,avg_closing,avg_closing,closing,1.0435,2026-09-13T03:33:42+00:00,E0_2425.csv,d0c8ce4a,pinnacle_closing,0.5164,0.2568,0.2268
2025-05-03,Everton,Ipswich,1.56,4.28,5.91,0.6141,0.2238,0.1621,avg_closing,avg_closing,closing,1.0439,2026-09-13T03:33:42+00:00,E0_2425.csv,d0c8ce4a,pinnacle_closing,0.6162,0.225,0.1588
2025-05-03,Leicester,Southampton,2.42,3.55,2.87,0.3961,0.27,0.334,avg_closing,avg_closing,closing,1.0433,2026-09-13T03:33:42+00:00,E0_2425.csv,d0c8ce4a,pinnacle_closing,0.3967,0.2693,0.334
2025-05-03,Arsenal,Bournemouth,1.68,4.04,4.93,0.5693,0.2367,0.194,avg_closing,avg_closing,closing,1.0456,2026-09-13T03:33:42+00:00,E0_2425.csv,d0c8ce4a,pinnacle_closing,0.5764,0.2391,0.1845
2025-05-04,Brentford,Man United,1.65,4.36,4.79,0.5804,0.2197,0.1999,avg_closing,avg_closing,closing,1.0442,2026-09-13T03:33:42+00:00,E0_2425.csv,d0c8ce4a,pinnacle_closing,0.5838,0.222,0.1942
2025-05-04,Brighton,Newcastle,3.12,3.71,2.21,0.3074,0.2585,0.434,avg_closing,avg_closing,closing,1.0425,2026-09-13T03:33:42+00:00,E0_2425.csv,d0c8ce4a,pinnacle_closing,0.3106,0.2592,0.4302
2025-05-04,West Ham,Tottenham,1.86,3.93,3.97,0.515,0.2437,0.2413,avg_closing,avg_closing,closing,1.044,2026-09-13T03:33:42+00:00,E0_2425.csv,d0c8ce4a,pinnacle_closing,0.5245,0.2456,0.2299
2025-05-04,Chelsea,Liverpool,2.35,3.71,2.86,0.4073,0.258,0.3347,avg_closing,avg_closing,closing,1.0447,2026-09-13T03:33:42+00:00,E0_2425.csv,d0c8ce4a,pinnacle_closing,0.4162,0.2536,0.3302
2025-05-05,Crystal Palace,Nott'm Forest,2.2,3.43,3.39,0.4366,0.28,0.2833,avg_closing,avg_closing,closing,1.0411,2026-09-13T03:33:42+00:00,E0_2425.csv,d0c8ce4a,pinnacle_closing,0.4442,0.2779,0.2779
2025-05-10,Fulham,Everton,1.76,3.68,4.89,0.544,0.2602,0.1958,avg_closing,avg_closing,closing,1.0444,2026-09-13T03:33:42+00:00,E0_2425.csv,d0c8ce4a,pinnacle_closing,0.5464,0.2579,0.1958
2025-05-10,Ipswich,Brentford,5.66,4.68,1.53,0.1692,0.2047,0.6261,avg_closing,avg_closing,closing,1.0439,2026-09-13T03:33:42+00:00,E0_2425.csv,d0c8ce4a,pinnacle_closing,0.1656,0.1994,0.635
2025-05-10,Southampton,Man City,13.84,7.49,1.19,0.0691,0.1276,0.8033,avg_closing,avg_closing,closing,1.0461,2026-09-13T03:33:42+00:00,E0_2425.csv,d0c8ce4a,pinnacle_closing,0.0646,0.1211,0.8143
2025-05-10,Wolves,Brighton,2.98,3.34,2.45,0.3217,0.287,0.3913,avg_closing,avg_closing,closing,1.0431,2026-09-13T03:33:42+00:00,E0_2425.csv,d0c8ce4a,pinnacle_closing,0.3159,0.287,0.3971
2025-05-10,Bournemouth,Aston Villa,2.58,3.53,2.68,0.3713,0.2713,0.3574,avg_closing,avg_closing,closing,1.044,2026-09-13T03:33:42+00:00,E0_2425.csv,d0c8ce4a,pinnacle_closing,0.3715,0.2719,0.3566
2025-05-11,Newcastle,Chelsea,2.24,3.75,3.03,0.428,0.2556,0.3164,avg_closing,avg_closing,closing,1.0431,2026-09-13T03:33:42+00:00,E0_2425.csv,d0c8ce4a,pinnacle_closing,0.4251,0.261,0.314
2025-05-11,Man United,West Ham,2.01,3.67,3.66,0.4769,0.2612,0.2619,avg_closing,avg_closing,closing,1.0432,2026-09-13T03:33:42+00:00,E0_2425.csv,d0c8ce4a,pinnacle_closing,0.4787,0.2628,0.2585
2025-05-11,Nott'm Forest,Leicester,1.39,5.03,7.8,0.6875,0.19,0.1225,avg_closing,avg_closing,closing,1.0464,2026-09-13T03:33:42+00:00,E0_2425.csv,d0c8ce4a,pinnacle_closing,0.6927,0.1855,0.1217
2025-05-11,Tottenham,Crystal Palace,3.05,3.64,2.27,0.3143,0.2634,0.4223,avg_closing,avg_closing,closing,1.0431,2026-09-13T03:33:42+00:00,E0_2425.csv,d0c8ce4a,pinnacle_closing,0.3104,0.2598,0.4299
2025-05-11,Liverpool,Arsenal,2.24,3.56,3.16,0.4277,0.2691,0.3032,avg_closing,avg_closing,closing,1.0438,2026-09-13T03:33:42+00:00,E0_2425.csv,d0c8ce4a,pinnacle_closing,0.434,0.2642,0.3019
2025-05-16,Aston Villa,Tottenham,1.26,6.66,10.21,0.7618,0.1441,0.094,avg_closing,avg_closing,closing,1.0417,2026-09-13T03:33:42+00:00,E0_2425.csv,d0c8ce4a,pinnacle_closing,0.7725,0.139,0.0885
2025-05-16,Chelsea,Man United,1.57,4.53,5.46,0.6119,0.2121,0.176,avg_closing,avg_closing,closing,1.0408,2026-09-13T03:33:42+00:00,E0_2425.csv,d0c8ce4a,pinnacle_closing,0.6237,0.207,0.1692
2025-05-18,Everton,Southampton,1.43,4.76,7.54,0.6711,0.2016,0.1273,avg_closing,avg_closing,closing,1.042,2026-09-13T03:33:42+00:00,E0_2425.csv,d0c8ce4a,pinnacle_closing,0.677,0.1956,0.1274
2025-05-18,West Ham,Nott'm Forest,3.0,3.39,2.41,0.3195,0.2828,0.3977,avg_closing,avg_closing,closing,1.0433,2026-09-13T03:33:42+00:00,E0_2425.csv,d0c8ce4a,pinnacle_closing,0.3188,0.2827,0.3985
2025-05-18,Brentford,Fulham,2.04,3.75,3.5,0.4702,0.2558,0.274,avg_closing,avg_closing,closing,1.0426,2026-09-13T03:33:42+00:00,E0_2425.csv,d0c8ce4a,pinnacle_closing,0.47,0.2567,0.2733
2025-05-18,Leicester,Ipswich,2.27,3.67,3.04,0.4228,0.2615,0.3157,avg_closing,avg_closing,closing,1.042,2026-09-13T03:33:42+00:00,E0_2425.csv,d0c8ce4a,pinnacle_closing,0.4288,0.2582,0.313
2025-05-18,Arsenal,Newcastle,1.9,3.76,3.99,0.5047,0.255,0.2403,avg_closing,avg_closing,closing,1.0429,2026-09-13T03:33:42+00:00,E0_2425.csv,d0c8ce4a,pinnacle_closing,0.5002,0.256,0.2438
2025-05-19,Brighton,Liverpool,2.22,3.89,2.97,0.4314,0.2462,0.3224,avg_closing,avg_closing,closing,1.0442,2026-09-13T03:33:42+00:00,E0_2425.csv,d0c8ce4a,pinnacle_closing,0.4418,0.2436,0.3146
2025-05-20,Crystal Palace,Wolves,2.37,3.31,3.12,0.4039,0.2892,0.3068,avg_closing,avg_closing,closing,1.0446,2026-09-13T03:33:42+00:00,E0_2425.csv,d0c8ce4a,pinnacle_closing,0.4024,0.2974,0.3002
2025-05-20,Man City,Bournemouth,1.34,5.59,8.53,0.7159,0.1716,0.1125,avg_closing,avg_closing,closing,1.0424,2026-09-13T03:33:42+00:00,E0_2425.csv,d0c8ce4a,pinnacle_closing,0.7238,0.1672,0.109
2025-05-25,Bournemouth,Leicester,1.34,5.6,8.53,0.7161,0.1714,0.1125,avg_closing,avg_closing,closing,1.0421,2026-09-13T03:33:42+00:00,E0_2425.csv,d0c8ce4a,pinnacle_closing,0.722,0.1706,0.1074
2025-05-25,Fulham,Man City,6.06,4.53,1.52,0.1581,0.2115,0.6304,avg_closing,avg_closing,closing,1.0437,2026-09-13T03:33:42+00:00,E0_2425.csv,d0c8ce4a,pinnacle_closing,0.1529,0.2114,0.6357
2025-05-25,Ipswich,West Ham,3.2,3.59,2.22,0.3,0.2675,0.4325,avg_closing,avg_closing,closing,1.0415,2026-09-13T03:33:42+00:00,E0_2425.csv,d0c8ce4a,pinnacle_closing,0.2963,0.2678,0.4359
2025-05-25,Liverpool,Crystal Palace,1.37,5.95,6.99,0.7011,0.1614,0.1374,avg_closing,avg_closing,closing,1.0411,2026-09-13T03:33:42+00:00,E0_2425.csv,d0c8ce4a,pinnacle_closing,0.7034,0.1607,0.1359
2025-05-25,Man United,Aston Villa,4.74,4.29,1.67,0.2023,0.2235,0.5742,avg_closing,avg_closing,closing,1.0429,2026-09-13T03:33:42+00:00,E0_2425.csv,d0c8ce4a,pinnacle_closing,0.2011,0.2218,0.577
2025-05-25,Newcastle,Everton,1.27,6.18,10.88,0.7563,0.1554,0.0883,avg_closing,avg_closing,closing,1.0411,2026-09-13T03:33:42+00:00,E0_2425.csv,d0c8ce4a,pinnacle_closing,0.7517,0.1554,0.0929
2025-05-25,Nott'm Forest,Chelsea,3.44,3.78,2.06,0.2793,0.2542,0.4665,avg_closing,avg_closing,closing,1.0407,2026-09-13T03:33:42+00:00,E0_2425.csv,d0c8ce4a,pinnacle_closing,0.2781,0.2516,0.4703
2025-05-25,Southampton,Arsenal,11.73,6.4,1.25,0.0819,0.15,0.7681,avg_closing,avg_closing,closing,1.0415,2026-09-13T03:33:42+00:00,E0_2425.csv,d0c8ce4a,pinnacle_closing,0.0821,0.1473,0.7706
2025-05-25,Tottenham,Brighton,3.71,4.02,1.91,0.2587,0.2388,0.5025,avg_closing,avg_closing,closing,1.0419,2026-09-13T03:33:42+00:00,E0_2425.csv,d0c8ce4a,pinnacle_closing,0.2539,0.2395,0.5065
2025-05-25,Wolves,Brentford,2.91,3.74,2.32,0.3298,0.2566,0.4136,avg_closing,avg_closing,closing,1.0421,2026-09-13T03:33:42+00:00,E0_2425.csv,d0c8ce4a,pinnacle_closing,0.3242,0.2546,0.4211
2025-08-15,Liverpool,Bournemouth,1.29,6.02,8.68,0.7337,0.1572,0.109,avg_closing,avg_closing,closing,1.0565,2026-09-13T03:33:42+00:00,E0_2526.csv,3e3a8352,pinnacle_closing,0.7523,0.1482,0.0995
2025-08-16,Aston Villa,Newcastle,2.38,3.41,2.93,0.3984,0.278,0.3236,avg_closing,avg_closing,closing,1.0547,2026-09-13T03:33:42+00:00,E0_2526.csv,3e3a8352,pinnacle_closing,0.4176,0.2669,0.3156
2025-08-16,Brighton,Fulham,1.83,3.64,4.26,0.5175,0.2602,0.2223,avg_closing,avg_closing,closing,1.0559,2026-09-13T03:33:42+00:00,E0_2526.csv,3e3a8352,pinnacle_closing,0.5065,0.2657,0.2278
2025-08-16,Sunderland,West Ham,3.4,3.17,2.25,0.279,0.2993,0.4217,avg_closing,avg_closing,closing,1.054,2026-09-13T03:33:42+00:00,E0_2526.csv,3e3a8352,pinnacle_closing,0.2743,0.3005,0.4252
2025-08-16,Tottenham,Burnley,1.55,4.01,6.16,0.6104,0.236,0.1536,avg_closing,avg_closing,closing,1.0569,2026-09-13T03:33:42+00:00,E0_2526.csv,3e3a8352,pinnacle_closing,0.6233,0.2315,0.1451
2025-08-16,Wolves,Man City,6.24,4.32,1.51,0.152,0.2196,0.6283,avg_closing,avg_closing,closing,1.054,2026-09-13T03:33:42+00:00,E0_2526.csv,3e3a8352,pinnacle_closing,0.1559,0.2063,0.6378
2025-08-17,Chelsea,Crystal Palace,1.82,3.72,4.26,0.5218,0.2553,0.2229,avg_closing,avg_closing,closing,1.053,2026-09-13T03:33:42+00:00,E0_2526.csv,3e3a8352,pinnacle_closing,0.5551,0.2369,0.208
2025-08-17,Nott'm Forest,Brentford,1.91,3.44,4.16,0.4964,0.2756,0.2279,avg_closing,avg_closing,closing,1.0546,2026-09-13T03:33:42+00:00,E0_2526.csv,3e3a8352,pinnacle_closing,0.4459,0.2885,0.2656
2025-08-17,Man United,Arsenal,3.79,3.7,1.93,0.2507,0.2568,0.4924,avg_closing,avg_closing,closing,1.0523,2026-09-13T03:33:42+00:00,E0_2526.csv,3e3a8352,pinnacle_closing,0.2528,0.2617,0.4855
2025-08-18,Leeds,Everton,2.34,3.21,3.16,0.4049,0.2952,0.2999,avg_closing,avg_closing,closing,1.0553,2026-09-13T03:33:42+00:00,E0_2526.csv,3e3a8352,pinnacle_closing,0.4122,0.2948,0.293
2025-08-22,West Ham,Chelsea,4.75,3.82,1.72,0.1998,0.2484,0.5518,avg_closing,avg_closing,closing,1.0537,2026-09-13T03:33:42+00:00,E0_2526.csv,3e3a8352,pinnacle_closing,0.1878,0.2345,0.5778
2025-08-23,Man City,Tottenham,1.54,4.53,5.46,0.6165,0.2096,0.1739,avg_closing,avg_closing,closing,1.0533,2026-09-13T03:33:42+00:00,E0_2526.csv,3e3a8352,pinnacle_closing,0.6431,0.197,0.16
2025-08-23,Bournemouth,Wolves,1.8,3.74,4.32,0.5269,0.2536,0.2195,avg_closing,avg_closing,closing,1.0544,2026-09-13T03:33:42+00:00,E0_2526.csv,3e3a8352,pinnacle_closing,0.5374,0.2507,0.2119
2025-08-23,Brentford,Aston Villa,3.25,3.45,2.18,0.2913,0.2744,0.4343,avg_closing,avg_closing,closing,1.0563,2026-09-13T03:33:42+00:00,E0_2526.csv,3e3a8352,pinnacle_closing,0.2957,0.2795,0.4248
2025-08-23,Burnley,Sunderland,2.38,3.11,3.22,0.3993,0.3056,0.2951,avg_closing,avg_closing,closing,1.0523,2026-09-13T03:33:42+00:00,E0_2526.csv,3e3a8352,pinnacle_closing,0.4143,0.3052,0.2806
2025-08-23,Arsenal,Leeds,1.33,5.36,8.94,0.7159,0.1776,0.1065,avg_closing,avg_closing,closing,1.0503,2026-09-13T03:33:42+00:00,E0_2526.csv,3e3a8352,pinnacle_closing,0.7249,0.175,0.1001
2025-08-24,Crystal Palace,Nott'm Forest,2.39,3.24,3.06,0.397,0.2929,0.3101,avg_closing,avg_closing,closing,1.0538,2026-09-13T03:33:42+00:00,E0_2526.csv,3e3a8352,pinnacle_closing,0.3973,0.2995,0.3032
2025-08-24,Everton,Brighton,2.9,3.34,2.43,0.3266,0.2836,0.3898,avg_closing,avg_closing,closing,1.0558,2026-09-13T03:33:42+00:00,E0_2526.csv,3e3a8352,pinnacle_closing,0.3099,0.2896,0.4005
2025-08-24,Fulham,Man United,3.45,3.51,2.08,0.2746,0.2699,0.4555,avg_closing,avg_closing,closing,1.0555,2026-09-13T03:33:42+00:00,E0_2526.csv,3e3a8352,pinnacle_closing,0.2754,0.2786,0.446
2025-08-25,Newcastle,Liverpool,2.92,3.65,2.29,0.3252,0.2602,0.4147,avg_closing,avg_closing,closing,1.0531,2026-09-13T03:33:42+00:00,E0_2526.csv,3e3a8352,pinnacle_closing,0.3276,0.2601,0.4123
2025-08-30,Chelsea,Fulham,1.67,3.93,5.03,0.5692,0.2419,0.189,avg_closing,avg_closing,closing,1.0521,2026-09-13T03:33:42+00:00,E0_2526.csv,3e3a8352,pinnacle_closing,0.5798,0.2439,0.1764
2025-08-30,Man United,Burnley,1.38,5.06,7.6,0.6876,0.1875,0.1249,avg_closing,avg_closing,closing,1.0538,2026-09-13T03:33:42+00:00,E0_2526.csv,3e3a8352,pinnacle_closing,0.6899,0.189,0.121
2025-08-30,Sunderland,Brentford,3.1,3.25,2.35,0.3055,0.2914,0.403,avg_closing,avg_closing,closing,1.0558,2026-09-13T03:33:42+00:00,E0_2526.csv,3e3a8352,pinnacle_closing,0.3156,0.2955,0.3889
2025-08-30,Tottenham,Bournemouth,1.89,3.75,3.84,0.501,0.2525,0.2466,avg_closing,avg_closing,closing,1.0562,2026-09-13T03:33:42+00:00,E0_2526.csv,3e3a8352,pinnacle_closing,0.4933,0.2619,0.2448
2025-08-30,Wolves,Everton,3.33,3.11,2.32,0.2852,0.3054,0.4094,avg_closing,avg_closing,closing,1.0529,2026-09-13T03:33:42+00:00,E0_2526.csv,3e3a8352,pinnacle_closing,0.3033,0.3042,0.3925
2025-08-30,Leeds,Newcastle,3.67,3.36,2.06,0.2581,0.282,0.4599,avg_closing,avg_closing,closing,1.0555,2026-09-13T03:33:42+00:00,E0_2526.csv,3e3a8352,pinnacle_closing,0.308,0.2742,0.4178
2025-08-31,Brighton,Man City,3.47,3.64,2.03,0.273,0.2603,0.4667,avg_closing,avg_closing,closing,1.0555,2026-09-13T03:33:42+00:00,E0_2526.csv,3e3a8352,pinnacle_closing,0.2578,0.2564,0.4859
2025-08-31,Nott'm Forest,West Ham,1.65,4.01,4.98,0.5738,0.2361,0.1901,avg_closing,avg_closing,closing,1.0562,2026-09-13T03:33:42+00:00,E0_2526.csv,3e3a8352,pinnacle_closing,0.5716,0.2415,0.1869
2025-08-31,Liverpool,Arsenal,2.37,3.33,3.01,0.4001,0.2848,0.3151,avg_closing,avg_closing,closing,1.0545,2026-09-13T03:33:42+00:00,E0_2526.csv,3e3a8352,pinnacle_closing,0.4054,0.2756,0.319
2025-08-31,Aston Villa,Crystal Palace,2.09,3.51,3.44,0.4539,0.2703,0.2758,avg_closing,avg_closing,closing,1.0541,2026-09-13T03:33:42+00:00,E0_2526.csv,3e3a8352,pinnacle_closing,0.4788,0.2769,0.2442
2025-09-13,Arsenal,Nott'm Forest,1.41,4.78,7.48,0.6741,0.1988,0.1271,avg_closing,avg_closing,closing,1.0521,2026-09-13T03:33:42+00:00,E0_2526.csv,3e3a8352,pinnacle_closing,0.6967,0.1878,0.1156
2025-09-13,Bournemouth,Brighton,2.42,3.51,2.82,0.3925,0.2706,0.3368,avg_closing,avg_closing,closing,1.0527,2026-09-13T03:33:42+00:00,E0_2526.csv,3e3a8352,pinnacle_closing,0.394,0.2749,0.331
2025-09-13,Crystal Palace,Sunderland,1.68,3.65,5.41,0.5647,0.2599,0.1754,avg_closing,avg_closing,closing,1.0541,2026-09-13T03:33:42+00:00,E0_2526.csv,3e3a8352,pinnacle_closing,0.572,0.262,0.1661
2025-09-13,Everton,Aston Villa,2.62,3.2,2.8,0.363,0.2972,0.3397,avg_closing,avg_closing,closing,1.0513,2026-09-13T03:33:42+00:00,E0_2526.csv,3e3a8352,pinnacle_closing,0.3607,0.2988,0.3405
2025-09-13,Fulham,Leeds,2.04,3.37,3.76,0.4656,0.2818,0.2526,avg_closing,avg_closing,closing,1.0529,2026-09-13T03:33:42+00:00,E0_2526.csv,3e3a8352,pinnacle_closing,0.4609,0.2877,0.2513
2025-09-13,Newcastle,Wolves,1.36,5.0,8.48,0.6981,0.1899,0.112,avg_closing,avg_closing,closing,1.0532,2026-09-13T03:33:42+00:00,E0_2526.csv,3e3a8352,pinnacle_closing,0.7084,0.1866,0.1049
2025-09-13,West Ham,Tottenham,3.27,3.51,2.17,0.2908,0.2709,0.4382,avg_closing,avg_closing,closing,1.0515,2026-09-13T03:33:42+00:00,E0_2526.csv,3e3a8352,pinnacle_closing,0.2828,0.271,0.4462
2025-09-13,Brentford,Chelsea,4.21,3.72,1.83,0.2256,0.2553,0.519,avg_closing,avg_closing,closing,1.0528,2026-09-13T03:33:42+00:00,E0_2526.csv,3e3a8352,pinnacle_closing,0.2309,0.2519,0.5172
2025-09-14,Burnley,Liverpool,8.63,5.54,1.32,0.1099,0.1713,0.7188,avg_closing,avg_closing,closing,1.054,2026-09-13T03:33:42+00:00,E0_2526.csv,3e3a8352,pinnacle_closing,0.1019,0.1699,0.7282
2025-09-14,Man City,Man United,1.65,4.14,4.83,0.5747,0.229,0.1963,avg_closing,avg_closing,closing,1.0546,2026-09-13T03:33:42+00:00,E0_2526.csv,3e3a8352,pinnacle_closing,0.5471,0.2391,0.2138
2025-09-20,Liverpool,Everton,1.51,4.35,6.31,0.6303,0.2188,0.1508,avg_closing,avg_closing,closing,1.0506,2026-09-13T03:33:42+00:00,E0_2526.csv,3e3a8352,pinnacle_closing,0.6302,0.2206,0.1493
2025-09-20,Brighton,Tottenham,2.17,3.63,3.14,0.4369,0.2612,0.3019,avg_closing,avg_closing,closing,1.0548,2026-09-13T03:33:42+00:00,E0_2526.csv,3e3a8352,pinnacle_closing,0.4264,0.26,0.3136
2025-09-20,Burnley,Nott'm Forest,3.41,3.31,2.18,0.2782,0.2866,0.4352,avg_closing,avg_closing,closing,1.0541,2026-09-13T03:33:42+00:00,E0_2526.csv,3e3a8352,pinnacle_closing,0.2811,0.2886,0.4303
2025-09-20,West Ham,Crystal Palace,3.04,3.42,2.31,0.312,0.2774,0.4106,avg_closing,avg_closing,closing,1.0542,2026-09-13T03:33:42+00:00,E0_2526.csv,3e3a8352,pinnacle_closing,0.2983,0.286,0.4156
2025-09-20,Wolves,Leeds,2.88,3.08,2.58,0.3277,0.3064,0.3658,avg_closing,avg_closing,closing,1.0595,2026-09-13T03:33:42+00:00,E0_2526.csv,3e3a8352,pinnacle_closing,0.3415,0.3071,0.3514
2025-09-20,Man United,Chelsea,2.64,3.62,2.51,0.3596,0.2622,0.3782,avg_closing,avg_closing,closing,1.0534,2026-09-13T03:33:42+00:00,E0_2526.csv,3e3a8352,pinnacle_closing,0.3591,0.2637,0.3772
2025-09-20,Fulham,Brentford,2.12,3.29,3.58,0.4471,0.2881,0.2648,avg_closing,avg_closing,closing,1.055,2026-09-13T03:33:42+00:00,E0_2526.csv,3e3a8352,pinnacle_closing,0.4445,0.2932,0.2624
2025-09-21,Bournemouth,Newcastle,2.38,3.29,3.02,0.3982,0.288,0.3138,avg_closing,avg_closing,closing,1.0552,2026-09-13T03:33:42+00:00,E0_2526.csv,3e3a8352,pinnacle_closing,0.386,0.282,0.332
2025-09-21,Sunderland,Aston Villa,3.8,3.32,2.04,0.2495,0.2856,0.4648,avg_closing,avg_closing,closing,1.0546,2026-09-13T03:33:42+00:00,E0_2526.csv,3e3a8352,pinnacle_closing,0.2693,0.2928,0.4379
2025-09-21,Arsenal,Man City,2.05,3.56,3.54,0.4641,0.2672,0.2687,avg_closing,avg_closing,closing,1.0512,2026-09-13T03:33:42+00:00,E0_2526.csv,3e3a8352,pinnacle_closing,0.4746,0.2666,0.2588
2025-09-27,Brentford,Man United,3.3,3.74,2.07,0.2876,0.2538,0.4586,avg_closing,avg_closing,closing,1.0535,2026-09-13T03:33:42+00:00,E0_2526.csv,3e3a8352,pinnacle_closing,0.2868,0.2545,0.4586
2025-09-27,Chelsea,Brighton,1.98,3.75,3.57,0.4802,0.2535,0.2663,avg_closing,avg_closing,closing,1.0518,2026-09-13T03:33:42+00:00,E0_2526.csv,3e3a8352,pinnacle_closing,0.5086,0.2485,0.2429
2025-09-27,Crystal Palace,Liverpool,4.01,3.71,1.87,0.2367,0.2558,0.5075,avg_closing,avg_closing,closing,1.0537,2026-09-13T03:33:42+00:00,E0_2526.csv,3e3a8352,pinnacle_closing,0.2255,0.2614,0.5131
2025-09-27,Leeds,Bournemouth,2.96,3.23,2.46,0.3205,0.2938,0.3857,avg_closing,avg_closing,closing,1.0539,2026-09-13T03:33:42+00:00,E0_2526.csv,3e3a8352,pinnacle_closing,0.3229,0.2884,0.3887
2025-09-27,Man City,Burnley,1.19,7.02,14.17,0.7978,0.1352,0.067,avg_closing,avg_closing,closing,1.0534,2026-09-13T03:33:42+00:00,E0_2526.csv,3e3a8352,pinnacle_closing,0.8058,0.1291,0.0652
2025-09-27,Nott'm Forest,Sunderland,1.75,3.69,4.73,0.5422,0.2572,0.2006,avg_closing,avg_closing,closing,1.0538,2026-09-13T03:33:42+00:00,E0_2526.csv,3e3a8352,pinnacle_closing,0.5442,0.2536,0.2022
2025-09-27,Tottenham,Wolves,1.53,4.27,6.05,0.6207,0.2224,0.157,avg_closing,avg_closing,closing,1.0531,2026-09-13T03:33:42+00:00,E0_2526.csv,3e3a8352,pinnacle_closing,0.6113,0.221,0.1677
2025-09-28,Aston Villa,Fulham,2.25,3.24,3.34,0.4223,0.2932,0.2845,avg_closing,avg_closing,closing,1.0525,2026-09-13T03:33:42+00:00,E0_2526.csv,3e3a8352,pinnacle_closing,0.409,0.2995,0.2915
2025-09-28,Newcastle,Arsenal,3.4,3.26,2.21,0.2792,0.2912,0.4296,avg_closing,avg_closing,closing,1.0534,2026-09-13T03:33:42+00:00,E0_2526.csv,3e3a8352,pinnacle_closing,0.257,0.2891,0.4539
2025-09-29,Everton,West Ham,1.65,3.87,5.28,0.5751,0.2452,0.1797,avg_closing,avg_closing,closing,1.0539,2026-09-13T03:33:42+00:00,E0_2526.csv,3e3a8352,pinnacle_closing,0.5752,0.2478,0.177
2025-10-03,Bournemouth,Fulham,1.95,3.43,4.01,0.4867,0.2767,0.2367,avg_closing,avg_closing,closing,1.0537,2026-09-13T03:33:42+00:00,E0_2526.csv,3e3a8352,pinnacle_closing,0.4816,0.274,0.2444
2025-10-04,Leeds,Tottenham,2.75,3.35,2.55,0.3449,0.2831,0.372,avg_closing,avg_closing,closing,1.0543,2026-09-13T03:33:42+00:00,E0_2526.csv,3e3a8352,pinnacle_closing,0.3511,0.2819,0.367
2025-10-04,Arsenal,West Ham,1.18,7.28,14.63,0.8047,0.1304,0.0649,avg_closing,avg_closing,closing,1.0532,2026-09-13T03:33:42+00:00,E0_2526.csv,3e3a8352,pinnacle_closing,0.7927,0.1418,0.0655
2025-10-04,Man United,Sunderland,1.61,4.22,5.1,0.5892,0.2248,0.186,avg_closing,avg_closing,closing,1.0542,2026-09-13T03:33:42+00:00,E0_2526.csv,3e3a8352,pinnacle_closing,0.6144,0.2187,0.1669
2025-10-04,Chelsea,Liverpool,2.87,3.64,2.31,0.3299,0.2601,0.4099,avg_closing,avg_closing,closing,1.0561,2026-09-13T03:33:42+00:00,E0_2526.csv,3e3a8352,pinnacle_closing,0.3353,0.2526,0.4121
2025-10-05,Aston Villa,Burnley,1.55,4.05,6.13,0.6114,0.234,0.1546,avg_closing,avg_closing,closing,1.0552,2026-09-13T03:33:42+00:00,E0_2526.csv,3e3a8352,pinnacle_closing,0.5855,0.2471,0.1674
2025-10-05,Everton,Crystal Palace,2.65,3.1,2.82,0.3578,0.3059,0.3363,avg_closing,avg_closing,closing,1.0545,2026-09-13T03:33:42+00:00,E0_2526.csv,3e3a8352,pinnacle_closing,0.373,0.3014,0.3256
2025-10-05,Newcastle,Nott'm Forest,1.51,4.42,6.06,0.6286,0.2148,0.1566,avg_closing,avg_closing,closing,1.0535,2026-09-13T03:33:42+00:00,E0_2526.csv,3e3a8352,pinnacle_closing,0.616,0.2203,0.1637
2025-10-05,Wolves,Brighton,3.46,3.53,2.08,0.2745,0.269,0.4565,avg_closing,avg_closing,closing,1.0531,2026-09-13T03:33:42+00:00,E0_2526.csv,3e3a8352,pinnacle_closing,0.2545,0.2642,0.4813
2025-10-05,Brentford,Man City,5.03,4.18,1.62,0.1884,0.2267,0.5849,avg_closing,avg_closing,closing,1.0553,2026-09-13T03:33:42+00:00,E0_2526.csv,3e3a8352,pinnacle_closing,0.1922,0.2207,0.5871
2025-10-18,Nott'm Forest,Chelsea,3.07,3.43,2.27,0.3079,0.2756,0.4165,avg_closing,avg_closing,closing,1.0578,2026-09-13T03:33:42+00:00,E0_2526.csv,3e3a8352,pinnacle_closing,0.3005,0.2781,0.4214
2025-10-18,Brighton,Newcastle,2.86,3.44,2.42,0.3319,0.2759,0.3922,avg_closing,avg_closing,closing,1.0536,2026-09-13T03:33:42+00:00,E0_2526.csv,3e3a8352,pinnacle_closing,0.339,0.278,0.383
2025-10-18,Burnley,Leeds,3.48,3.22,2.19,0.2725,0.2945,0.433,avg_closing,avg_closing,closing,1.0545,2026-09-13T03:33:42+00:00,E0_2526.csv,3e3a8352,pinnacle_closing,0.2724,0.3011,0.4265
2025-10-18,Crystal Palace,Bournemouth,2.13,3.39,3.44,0.4449,0.2796,0.2755,avg_closing,avg_closing,closing,1.0552,2026-09-13T03:33:42+00:00,E0_2526.csv,3e3a8352,pinnacle_closing,0.4343,0.2853,0.2804
2025-10-18,Man City,Everton,1.44,4.46,7.29,0.6577,0.2124,0.1299,avg_closing,avg_closing,closing,1.0558,2026-09-13T03:33:42+00:00,E0_2526.csv,3e3a8352,pinnacle_closing,0.6712,0.2124,0.1163
2025-10-18,Sunderland,Wolves,2.49,3.03,3.08,0.3802,0.3124,0.3074,avg_closing,avg_closing,closing,1.0563,2026-09-13T03:33:42+00:00,E0_2526.csv,3e3a8352,pinnacle_closing,0.3671,0.3211,0.3118
2025-10-18,Fulham,Arsenal,6.77,4.18,1.5,0.1402,0.2271,0.6327,avg_closing,avg_closing,closing,1.0536,2026-09-13T03:33:42+00:00,E0_2526.csv,3e3a8352,pinnacle_closing,0.1341,0.2343,0.6315
2025-10-19,Tottenham,Aston Villa,2.24,3.36,3.21,0.4229,0.2819,0.2951,avg_closing,avg_closing,closing,1.0556,2026-09-13T03:33:42+00:00,E0_2526.csv,3e3a8352,pinnacle_closing,0.4195,0.2829,0.2976
2025-10-19,Liverpool,Man United,1.67,4.3,4.55,0.5697,0.2212,0.2091,avg_closing,avg_closing,closing,1.0511,2026-09-13T03:33:42+00:00,E0_2526.csv,3e3a8352,pinnacle_closing,0.5939,0.217,0.1891
2025-10-20,West Ham,Brentford,2.75,3.29,2.57,0.3441,0.2876,0.3682,avg_closing,avg_closing,closing,1.0567,2026-09-13T03:33:42+00:00,E0_2526.csv,3e3a8352,pinnacle_closing,0.3702,0.2941,0.3357
2025-10-24,Leeds,West Ham,1.79,3.64,4.56,0.5307,0.261,0.2083,avg_closing,avg_closing,closing,1.0527,2026-09-13T03:33:42+00:00,E0_2526.csv,3e3a8352,pinnacle_closing,0.536,0.2615,0.2025
2025-10-25,Chelsea,Sunderland,1.44,4.52,7.2,0.6585,0.2098,0.1317,avg_closing,avg_closing,closing,1.0546,2026-09-13T03:33:42+00:00,E0_2526.csv,3e3a8352,pinnacle_closing,0.6697,0.2066,0.1237
2025-10-25,Newcastle,Fulham,1.6,3.99,5.62,0.5932,0.2379,0.1689,avg_closing,avg_closing,closing,1.0536,2026-09-13T03:33:42+00:00,E0_2526.csv,3e3a8352,pinnacle_closing,0.6038,0.2342,0.162
2025-10-25,Man United,Brighton,1.99,3.85,3.41,0.4761,0.2461,0.2778,avg_closing,avg_closing,closing,1.0555,2026-09-13T03:33:42+00:00,E0_2526.csv,3e3a8352,pinnacle_closing,0.4787,0.2492,0.2722
2025-10-25,Brentford,Liverpool,3.92,4.01,1.82,0.242,0.2366,0.5213,avg_closing,avg_closing,closing,1.0539,2026-09-13T03:33:42+00:00,E0_2526.csv,3e3a8352,pinnacle_closing,0.2276,0.2472,0.5252
2025-10-26,Arsenal,Crystal Palace,1.38,4.91,8.08,0.6888,0.1936,0.1176,avg_closing,avg_closing,closing,1.0521,2026-09-13T03:33:42+00:00,E0_2526.csv,3e3a8352,pinnacle_closing,0.6981,0.1941,0.1078
2025-10-26,Aston Villa,Man City,4.16,3.77,1.82,0.2278,0.2514,0.5208,avg_closing,avg_closing,closing,1.0551,2026-09-13T03:33:42+00:00,E0_2526.csv,3e3a8352,pinnacle_closing,0.2271,0.2572,0.5157
2025-10-26,Bournemouth,Nott'm Forest,1.95,3.59,3.82,0.4869,0.2645,0.2486,avg_closing,avg_closing,closing,1.0532,2026-09-13T03:33:42+00:00,E0_2526.csv,3e3a8352,pinnacle_closing,0.4812,0.2746,0.2442
2025-10-26,Wolves,Burnley,1.92,3.3,4.34,0.494,0.2874,0.2186,avg_closing,avg_closing,closing,1.0543,2026-09-13T03:33:42+00:00,E0_2526.csv,3e3a8352,pinnacle_closing,0.5025,0.2844,0.2131
2025-10-26,Everton,Tottenham,2.2,3.34,3.32,0.4308,0.2838,0.2855,avg_closing,avg_closing,closing,1.0552,2026-09-13T03:33:42+00:00,E0_2526.csv,3e3a8352,pinnacle_closing,0.4268,0.287,0.2862
2025-11-01,Brighton,Leeds,1.93,3.61,3.88,0.4921,0.2631,0.2448,avg_closing,avg_closing,closing,1.0529,2026-09-13T03:33:42+00:00,E0_2526.csv,3e3a8352,pinnacle_closing,0.4785,0.2698,0.2517
2025-11-01,Burnley,Arsenal,13.66,5.78,1.24,0.0695,0.1644,0.7661,avg_closing,avg_closing,closing,1.0527,2026-09-13T03:33:42+00:00,E0_2526.csv,3e3a8352,pinnacle_closing,0.079,0.1591,0.7618
2025-11-01,Crystal Palace,Brentford,2.06,3.43,3.6,0.4602,0.2764,0.2634,avg_closing,avg_closing,closing,1.0548,2026-09-13T03:33:42+00:00,E0_2526.csv,3e3a8352,pinnacle_closing,0.4695,0.2753,0.2551
2025-11-01,Fulham,Wolves,1.79,3.69,4.44,0.5296,0.2569,0.2135,avg_closing,avg_closing,closing,1.0549,2026-09-13T03:33:42+00:00,E0_2526.csv,3e3a8352,pinnacle_closing,0.5424,0.2603,0.1973
2025-11-01,Nott'm Forest,Man United,3.27,3.63,2.12,0.2904,0.2616,0.448,avg_closing,avg_closing,closing,1.053,2026-09-13T03:33:42+00:00,E0_2526.csv,3e3a8352,pinnacle_closing,0.2793,0.2578,0.4629
2025-11-01,Tottenham,Chelsea,3.02,3.44,2.31,0.3139,0.2756,0.4104,avg_closing,avg_closing,closing,1.0547,2026-09-13T03:33:42+00:00,E0_2526.csv,3e3a8352,pinnacle_closing,0.3439,0.2773,0.3787
2025-11-01,Liverpool,Aston Villa,1.65,4.28,4.67,0.5751,0.2217,0.2032,avg_closing,avg_closing,closing,1.0538,2026-09-13T03:33:42+00:00,E0_2526.csv,3e3a8352,pinnacle_closing,0.5785,0.2239,0.1975
2025-11-02,West Ham,Newcastle,4.99,4.08,1.64,0.1899,0.2323,0.5778,avg_closing,avg_closing,closing,1.0553,2026-09-13T03:33:42+00:00,E0_2526.csv,3e3a8352,pinnacle_closing,0.1873,0.2294,0.5833
2025-11-02,Man City,Bournemouth,1.41,5.08,6.86,0.6743,0.1871,0.1386,avg_closing,avg_closing,closing,1.0518,2026-09-13T03:33:42+00:00,E0_2526.csv,3e3a8352,pinnacle_closing,0.6768,0.1809,0.1423
2025-11-03,Sunderland,Everton,3.24,3.09,2.37,0.2928,0.307,0.4002,avg_closing,avg_closing,closing,1.0542,2026-09-13T03:33:42+00:00,E0_2526.csv,3e3a8352,pinnacle_closing,0.2933,0.3043,0.4024
2025-11-08,Tottenham,Man United,2.9,3.47,2.38,0.3274,0.2736,0.399,avg_closing,avg_closing,closing,1.0532,2026-09-13T03:33:42+00:00,E0_2526.csv,3e3a8352,pinnacle_closing,0.325,0.2725,0.4025
2025-11-08,Everton,Fulham,2.31,3.21,3.23,0.4107,0.2956,0.2937,avg_closing,avg_closing,closing,1.054,2026-09-13T03:33:42+00:00,E0_2526.csv,3e3a8352,pinnacle_closing,0.409,0.3004,0.2906
2025-11-08,West Ham,Burnley,1.86,3.56,4.23,0.5096,0.2663,0.2241,avg_closing,avg_closing,closing,1.0549,2026-09-13T03:33:42+00:00,E0_2526.csv,3e3a8352,pinnacle_closing,0.5162,0.2652,0.2186
2025-11-08,Sunderland,Arsenal,7.33,4.23,1.46,0.129,0.2235,0.6475,avg_closing,avg_closing,closing,1.0578,2026-09-13T03:33:42+00:00,E0_2526.csv,3e3a8352,pinnacle_closing,0.1217,0.2163,0.6621
2025-11-08,Chelsea,Wolves,1.36,5.1,8.12,0.6973,0.1859,0.1168,avg_closing,avg_closing,closing,1.0545,2026-09-13T03:33:42+00:00,E0_2526.csv,3e3a8352,pinnacle_closing,0.7145,0.1799,0.1056
2025-11-09,Aston Villa,Bournemouth,2.3,3.37,3.1,0.4125,0.2815,0.306,avg_closing,avg_closing,closing,1.0541,2026-09-13T03:33:42+00:00,E0_2526.csv,3e3a8352,pinnacle_closing,0.4102,0.286,0.3038
2025-11-09,Brentford,Newcastle,2.83,3.38,2.47,0.3352,0.2807,0.3841,avg_closing,avg_closing,closing,1.0541,2026-09-13T03:33:42+00:00,E0_2526.csv,3e3a8352,pinnacle_closing,0.3321,0.2772,0.3907
2025-11-09,Crystal Palace,Brighton,2.38,3.39,2.97,0.3995,0.2804,0.3201,avg_closing,avg_closing,closing,1.0519,2026-09-13T03:33:42+00:00,E0_2526.csv,3e3a8352,pinnacle_closing,0.4007,0.2822,0.3171
2025-11-09,Nott'm Forest,Leeds,2.23,3.14,3.46,0.4247,0.3016,0.2737,avg_closing,avg_closing,closing,1.0559,2026-09-13T03:33:42+00:00,E0_2526.csv,3e3a8352,pinnacle_closing,0.4363,0.2949,0.2688
2025-11-09,Man City,Liverpool,1.89,3.94,3.69,0.502,0.2408,0.2571,avg_closing,avg_closing,closing,1.0539,2026-09-13T03:33:42+00:00,E0_2526.csv,3e3a8352,pinnacle_closing,0.5031,0.244,0.2529
2025-11-22,Burnley,Chelsea,5.46,4.14,1.58,0.1732,0.2284,0.5984,avg_closing,avg_closing,closing,1.0576,2026-09-13T03:33:42+00:00,E0_2526.csv,3e3a8352,pinnacle_closing,0.1676,0.2287,0.6037
2025-11-22,Bournemouth,West Ham,1.67,3.97,4.95,0.5688,0.2393,0.1919,avg_closing,avg_closing,closing,1.0527,2026-09-13T03:33:42+00:00,E0_2526.csv,3e3a8352,pinnacle_closing,0.5751,0.2362,0.1887
2025-11-22,Brighton,Brentford,2.1,3.44,3.47,0.4513,0.2755,0.2731,avg_closing,avg_closing,closing,1.0551,2026-09-13T03:33:42+00:00,E0_2526.csv,3e3a8352,pinnacle_closing,0.4485,0.2805,0.2711
2025-11-22,Fulham,Sunderland,2.02,3.33,3.81,0.468,0.2839,0.2481,avg_closing,avg_closing,closing,1.0578,2026-09-13T03:33:42+00:00,E0_2526.csv,3e3a8352,pinnacle_closing,0.4695,0.2875,0.243
2025-11-22,Liverpool,Nott'm Forest,1.45,4.6,6.58,0.6512,0.2053,0.1435,avg_closing,avg_closing,closing,1.059,2026-09-13T03:33:42+00:00,E0_2526.csv,3e3a8352,pinnacle_closing,0.656,0.2056,0.1384
2025-11-22,Wolves,Crystal Palace,4.43,3.65,1.81,0.2145,0.2604,0.5251,avg_closing,avg_closing,closing,1.0522,2026-09-13T03:33:42+00:00,E0_2526.csv,3e3a8352,pinnacle_closing,0.2136,0.2547,0.5317
2025-11-22,Newcastle,Man City,3.67,3.7,1.95,0.2581,0.256,0.4858,avg_closing,avg_closing,closing,1.0556,2026-09-13T03:33:42+00:00,E0_2526.csv,3e3a8352,pinnacle_closing,0.2405,0.2536,0.5059
2025-11-23,Leeds,Aston Villa,3.22,3.3,2.27,0.2946,0.2875,0.4179,avg_closing,avg_closing,closing,1.0541,2026-09-13T03:33:42+00:00,E0_2526.csv,3e3a8352,pinnacle_closing,0.2946,0.2809,0.4245
2025-11-23,Arsenal,Tottenham,1.47,4.29,7.15,0.6459,0.2213,0.1328,avg_closing,avg_closing,closing,1.0532,2026-09-13T03:33:42+00:00,E0_2526.csv,3e3a8352,pinnacle_closing,0.6579,0.2164,0.1258
2025-11-24,Man United,Everton,1.86,3.69,4.09,0.5105,0.2573,0.2322,avg_closing,avg_closing,closing,1.0531,2026-09-13T03:33:42+00:00,E0_2526.csv,3e3a8352,pinnacle_closing,0.5111,0.2509,0.238
2025-11-29,Brentford,Burnley,1.48,4.36,6.61,0.6397,0.2171,0.1432,avg_closing,avg_closing,closing,1.0563,2026-09-13T03:33:42+00:00,E0_2526.csv,3e3a8352,pinnacle_closing,0.6483,0.2137,0.1379
2025-11-29,Man City,Leeds,1.22,6.58,11.56,0.7746,0.1436,0.0818,avg_closing,avg_closing,closing,1.0582,2026-09-13T03:33:42+00:00,E0_2526.csv,3e3a8352,pinnacle_closing,0.7981,0.1298,0.0721
2025-11-29,Sunderland,Bournemouth,3.14,3.3,2.3,0.3015,0.2869,0.4116,avg_closing,avg_closing,closing,1.0563,2026-09-13T03:33:42+00:00,E0_2526.csv,3e3a8352,pinnacle_closing,0.2956,0.2835,0.4209
2025-11-29,Everton,Newcastle,2.68,3.3,2.65,0.3542,0.2876,0.3582,avg_closing,avg_closing,closing,1.0535,2026-09-13T03:33:42+00:00,E0_2526.csv,3e3a8352,pinnacle_closing,0.3539,0.2896,0.3565
2025-11-29,Tottenham,Fulham,2.34,3.35,3.04,0.4051,0.283,0.3119,avg_closing,avg_closing,closing,1.0548,2026-09-13T03:33:42+00:00,E0_2526.csv,3e3a8352,pinnacle_closing,0.4054,0.2828,0.3118
2025-11-30,Crystal Palace,Man United,2.07,3.6,3.4,0.4579,0.2633,0.2788,avg_closing,avg_closing,closing,1.055,2026-09-13T03:33:42+00:00,E0_2526.csv,3e3a8352,pinnacle_closing,0.4651,0.2605,0.2744
2025-11-30,Aston Villa,Wolves,1.46,4.46,6.83,0.6489,0.2124,0.1387,avg_closing,avg_closing,closing,1.0556,2026-09-13T03:33:42+00:00,E0_2526.csv,3e3a8352,pinnacle_closing,0.6584,0.2081,0.1335
2025-11-30,Nott'm Forest,Brighton,2.85,3.29,2.51,0.3331,0.2886,0.3783,avg_closing,avg_closing,closing,1.0532,2026-09-13T03:33:42+00:00,E0_2526.csv,3e3a8352,pinnacle_closing,0.3302,0.2908,0.379
2025-11-30,West Ham,Liverpool,5.07,4.49,1.58,0.1873,0.2115,0.6011,avg_closing,avg_closing,closing,1.0529,2026-09-13T03:33:42+00:00,E0_2526.csv,3e3a8352,pinnacle_closing,0.1886,0.2045,0.607
2025-11-30,Chelsea,Arsenal,3.01,3.14,2.46,0.3143,0.3012,0.3845,avg_closing,avg_closing,closing,1.0572,2026-09-13T03:33:42+00:00,E0_2526.csv,3e3a8352,pinnacle_closing,0.3051,0.3071,0.3878
2025-12-02,Bournemouth,Everton,2.17,3.4,3.34,0.4371,0.279,0.284,avg_closing,avg_closing,closing,1.0543,2026-09-13T03:33:42+00:00,E0_2526.csv,3e3a8352,pinnacle_closing,0.4365,0.2781,0.2854
2025-12-02,Fulham,Man City,5.14,4.08,1.63,0.1847,0.2327,0.5825,avg_closing,avg_closing,closing,1.0531,2026-09-13T03:33:42+00:00,E0_2526.csv,3e3a8352,pinnacle_closing,0.1825,0.2348,0.5827
2025-12-02,Newcastle,Tottenham,1.83,3.78,4.07,0.5171,0.2504,0.2325,avg_closing,avg_closing,closing,1.0567,2026-09-13T03:33:42+00:00,E0_2526.csv,3e3a8352,pinnacle_closing,0.5247,0.2495,0.2257
2025-12-03,Arsenal,Brentford,1.43,4.53,7.43,0.6631,0.2093,0.1276,avg_closing,avg_closing,closing,1.0546,2026-09-13T03:33:42+00:00,E0_2526.csv,3e3a8352,pinnacle_closing,0.672,0.2081,0.1199
2025-12-03,Brighton,Aston Villa,2.25,3.42,3.17,0.4224,0.2779,0.2998,avg_closing,avg_closing,closing,1.0523,2026-09-13T03:33:42+00:00,E0_2526.csv,3e3a8352,pinnacle_closing,0.4209,0.2818,0.2973
2025-12-03,Burnley,Crystal Palace,4.99,3.62,1.73,0.19,0.2619,0.5481,avg_closing,avg_closing,closing,1.0547,2026-09-13T03:33:42+00:00,E0_2526.csv,3e3a8352,pinnacle_closing,0.192,0.2572,0.5509
2025-12-03,Wolves,Nott'm Forest,3.1,3.23,2.37,0.306,0.2937,0.4003,avg_closing,avg_closing,closing,1.0541,2026-09-13T03:33:42+00:00,E0_2526.csv,3e3a8352,pinnacle_closing,0.3073,0.2934,0.3993
2025-12-03,Leeds,Chelsea,3.94,3.45,1.95,0.2402,0.2744,0.4854,avg_closing,avg_closing,closing,1.0565,2026-09-13T03:33:42+00:00,E0_2526.csv,3e3a8352,pinnacle_closing,0.2364,0.2753,0.4883
2025-12-03,Liverpool,Sunderland,1.35,5.25,7.98,0.7011,0.1803,0.1186,avg_closing,avg_closing,closing,1.0565,2026-09-13T03:33:42+00:00,E0_2526.csv,3e3a8352,pinnacle_closing,0.7101,0.1766,0.1133
2025-12-04,Man United,West Ham,1.4,5.03,7.21,0.6791,0.189,0.1319,avg_closing,avg_closing,closing,1.0518,2026-09-13T03:33:42+00:00,E0_2526.csv,3e3a8352,pinnacle_closing,0.6965,0.1862,0.1173
2025-12-06,Aston Villa,Arsenal,4.18,3.47,1.9,0.227,0.2735,0.4995,avg_closing,avg_closing,closing,1.0537,2026-09-13T03:33:42+00:00,E0_2526.csv,3e3a8352,pinnacle_closing,0.2173,0.2762,0.5066
2025-12-06,Bournemouth,Chelsea,3.33,3.75,2.05,0.2847,0.2528,0.4625,avg_closing,avg_closing,closing,1.0548,2026-09-13T03:33:42+00:00,E0_2526.csv,3e3a8352,pinnacle_closing,0.288,0.2528,0.4592
2025-12-06,Everton,Nott'm Forest,2.08,3.28,3.72,0.4559,0.2891,0.2549,avg_closing,avg_closing,closing,1.0545,2026-09-13T03:33:42+00:00,E0_2526.csv,3e3a8352,pinnacle_closing,0.4585,0.2884,0.2531
2025-12-06,Man City,Sunderland,1.25,6.18,10.59,0.7574,0.1532,0.0894,avg_closing,avg_closing,closing,1.0562,2026-09-13T03:33:42+00:00,E0_2526.csv,3e3a8352,pinnacle_closing,0.762,0.15,0.088
2025-12-06,Newcastle,Burnley,1.3,5.53,9.5,0.7289,0.1714,0.0997,avg_closing,avg_closing,closing,1.0553,2026-09-13T03:33:42+00:00,E0_2526.csv,3e3a8352,pinnacle_closing,0.7272,0.1682,0.1046
2025-12-06,Tottenham,Brentford,2.42,3.35,2.9,0.3911,0.2825,0.3264,avg_closing,avg_closing,closing,1.0566,2026-09-13T03:33:42+00:00,E0_2526.csv,3e3a8352,pinnacle_closing,0.3912,0.284,0.3247
2025-12-06,Leeds,Liverpool,4.4,3.88,1.76,0.2158,0.2447,0.5395,avg_closing,avg_closing,closing,1.0532,2026-09-13T03:33:42+00:00,E0_2526.csv,3e3a8352,pinnacle_closing,0.2115,0.238,0.5504
2025-12-07,Brighton,West Ham,1.6,4.24,5.16,0.5926,0.2236,0.1838,avg_closing,avg_closing,closing,1.0546,2026-09-13T03:33:42+00:00,E0_2526.csv,3e3a8352,pinnacle_closing,0.5955,0.2231,0.1814
2025-12-07,Fulham,Crystal Palace,2.49,3.32,2.85,0.3811,0.2859,0.333,avg_closing,avg_closing,closing,1.0537,2026-09-13T03:33:42+00:00,E0_2526.csv,3e3a8352,pinnacle_closing,0.3848,0.2863,0.3289
2025-12-08,Wolves,Man United,5.04,4.09,1.64,0.1885,0.2323,0.5792,avg_closing,avg_closing,closing,1.0527,2026-09-13T03:33:42+00:00,E0_2526.csv,3e3a8352,pinnacle_closing,0.1813,0.2309,0.5878
2025-12-13,Chelsea,Everton,1.71,3.84,4.77,0.5544,0.2469,0.1987,avg_closing,avg_closing,closing,1.0549,2026-09-13T03:33:42+00:00,E0_2526.csv,3e3a8352,pinnacle_closing,0.5532,0.2476,0.1992
2025-12-13,Liverpool,Brighton,1.74,3.98,4.37,0.5449,0.2382,0.2169,avg_closing,avg_closing,closing,1.0548,2026-09-13T03:33:42+00:00,E0_2526.csv,3e3a8352,pinnacle_closing,0.5378,0.2361,0.2262
2025-12-13,Burnley,Fulham,3.88,3.41,1.99,0.2446,0.2784,0.477,avg_closing,avg_closing,closing,1.0535,2026-09-13T03:33:42+00:00,E0_2526.csv,3e3a8352,pinnacle_closing,0.2394,0.2769,0.4836
2025-12-13,Arsenal,Wolves,1.12,8.9,22.31,0.8503,0.107,0.0427,avg_closing,avg_closing,closing,1.05,2026-09-13T03:33:42+00:00,E0_2526.csv,3e3a8352,pinnacle_closing,0.8619,0.102,0.0361
2025-12-14,Crystal Palace,Man City,4.01,3.73,1.85,0.2357,0.2534,0.5109,avg_closing,avg_closing,closing,1.058,2026-09-13T03:33:42+00:00,E0_2526.csv,3e3a8352,pinnacle_closing,0.2308,0.2555,0.5137
2025-12-14,Nott'm Forest,Tottenham,2.62,3.31,2.7,0.3621,0.2866,0.3513,avg_closing,avg_closing,closing,1.0542,2026-09-13T03:33:42+00:00,E0_2526.csv,3e3a8352,pinnacle_closing,0.354,0.2906,0.3553
2025-12-14,Sunderland,Newcastle,3.41,3.35,2.16,0.278,0.283,0.4389,avg_closing,avg_closing,closing,1.0547,2026-09-13T03:33:42+00:00,E0_2526.csv,3e3a8352,pinnacle_closing,0.2697,0.2838,0.4465
2025-12-14,West Ham,Aston Villa,3.31,3.42,2.18,0.2868,0.2776,0.4355,avg_closing,avg_closing,closing,1.0532,2026-09-13T03:33:42+00:00,E0_2526.csv,3e3a8352,pinnacle_closing,0.2906,0.2727,0.4366
2025-12-14,Brentford,Leeds,2.14,3.25,3.56,0.4426,0.2914,0.266,avg_closing,avg_closing,closing,1.0559,2026-09-13T03:33:42+00:00,E0_2526.csv,3e3a8352,pinnacle_closing,0.4365,0.2923,0.2712
2025-12-15,Man United,Bournemouth,1.76,4.18,4.1,0.5404,0.2276,0.232,avg_closing,avg_closing,closing,1.0513,2026-09-13T03:33:42+00:00,E0_2526.csv,3e3a8352,pinnacle_closing,0.5356,0.2336,0.2308
2025-12-20,Newcastle,Chelsea,2.79,3.53,2.41,0.3392,0.2681,0.3927,avg_closing,avg_closing,closing,1.0566,2026-09-13T03:33:42+00:00,E0_2526.csv,3e3a8352,pinnacle_closing,0.3393,0.2743,0.3864
2025-12-20,Bournemouth,Burnley,1.47,4.62,6.47,0.6471,0.2059,0.147,avg_closing,avg_closing,closing,1.0513,2026-09-13T03:33:42+00:00,E0_2526.csv,3e3a8352,pinnacle_closing,0.6573,0.2027,0.14
2025-12-20,Brighton,Sunderland,1.83,3.65,4.27,0.5182,0.2598,0.2221,avg_closing,avg_closing,closing,1.0546,2026-09-13T03:33:42+00:00,E0_2526.csv,3e3a8352,pinnacle_closing,0.52,0.2693,0.2107
2025-12-20,Man City,West Ham,1.2,7.44,12.02,0.7929,0.1279,0.0792,avg_closing,avg_closing,closing,1.0509,2026-09-13T03:33:42+00:00,E0_2526.csv,3e3a8352,pinnacle_closing,0.8135,0.1173,0.0691
2025-12-20,Wolves,Brentford,3.42,3.37,2.15,0.2774,0.2815,0.4412,avg_closing,avg_closing,closing,1.0542,2026-09-13T03:33:42+00:00,E0_2526.csv,3e3a8352,pinnacle_closing,0.2803,0.2795,0.4402
2025-12-20,Tottenham,Liverpool,3.54,3.59,2.02,0.2675,0.2638,0.4688,avg_closing,avg_closing,closing,1.0561,2026-09-13T03:33:42+00:00,E0_2526.csv,3e3a8352,pinnacle_closing,0.2619,0.2641,0.474
2025-12-20,Everton,Arsenal,6.26,4.02,1.54,0.151,0.2352,0.6138,avg_closing,avg_closing,closing,1.0579,2026-09-13T03:33:42+00:00,E0_2526.csv,3e3a8352,pinnacle_closing,0.1461,0.2313,0.6227
2025-12-20,Leeds,Crystal Palace,2.83,3.06,2.66,0.3346,0.3094,0.356,avg_closing,avg_closing,closing,1.0561,2026-09-13T03:33:42+00:00,E0_2526.csv,3e3a8352,pinnacle_closing,0.3321,0.3128,0.3551
2025-12-21,Aston Villa,Man United,2.01,3.67,3.53,0.4723,0.2587,0.269,avg_closing,avg_closing,closing,1.0533,2026-09-13T03:33:42+00:00,E0_2526.csv,3e3a8352,pinnacle_closing,0.4793,0.2607,0.26
2025-12-22,Fulham,Nott'm Forest,2.55,3.33,2.75,0.3713,0.2844,0.3443,avg_closing,avg_closing,closing,1.0561,2026-09-13T03:33:42+00:00,E0_2526.csv,3e3a8352,pinnacle_closing,0.3658,0.2904,0.3438
2025-12-26,Man United,Newcastle,2.47,3.64,2.66,0.3836,0.2603,0.3562,avg_closing,avg_closing,closing,1.0555,2026-09-13T03:33:42+00:00,E0_2526.csv,3e3a8352,pinnacle_closing,0.3877,0.2561,0.3562
2025-12-27,Nott'm Forest,Man City,5.17,4.16,1.61,0.1834,0.2279,0.5888,avg_closing,avg_closing,closing,1.0549,2026-09-13T03:33:42+00:00,E0_2526.csv,3e3a8352,pinnacle_closing,0.1748,0.2337,0.5915
2025-12-27,Arsenal,Brighton,1.32,5.45,8.87,0.7189,0.1741,0.107,avg_closing,avg_closing,closing,1.0538,2026-09-13T03:33:42+00:00,E0_2526.csv,3e3a8352,pinnacle_closing,0.7286,0.1715,0.0999
2025-12-27,Brentford,Bournemouth,2.28,3.47,3.04,0.4154,0.273,0.3116,avg_closing,avg_closing,closing,1.0557,2026-09-13T03:33:42+00:00,E0_2526.csv,3e3a8352,pinnacle_closing,0.4197,0.2712,0.3091
2025-12-27,Burnley,Everton,3.66,3.1,2.18,0.2591,0.3059,0.435,avg_closing,avg_closing,closing,1.0545,2026-09-13T03:33:42+00:00,E0_2526.csv,3e3a8352,pinnacle_closing,0.2602,0.2994,0.4404
2025-12-27,Liverpool,Wolves,1.24,6.43,11.22,0.7672,0.148,0.0848,avg_closing,avg_closing,closing,1.0511,2026-09-13T03:33:42+00:00,E0_2526.csv,3e3a8352,pinnacle_closing,0.7711,0.1458,0.083
2025-12-27,West Ham,Fulham,2.98,3.33,2.39,0.3183,0.2848,0.3969,avg_closing,avg_closing,closing,1.0543,2026-09-13T03:33:42+00:00,E0_2526.csv,3e3a8352,pinnacle_closing,0.318,0.2879,0.394
2025-12-27,Chelsea,Aston Villa,1.77,3.94,4.23,0.5354,0.2405,0.224,avg_closing,avg_closing,closing,1.0552,2026-09-13T03:33:42+00:00,E0_2526.csv,3e3a8352,pinnacle_closing,0.5412,0.234,0.2248
2025-12-28,Sunderland,Leeds,2.84,3.1,2.63,0.3338,0.3058,0.3604,avg_closing,avg_closing,closing,1.0549,2026-09-13T03:33:42+00:00,E0_2526.csv,3e3a8352,pinnacle_closing,0.3235,0.3091,0.3674
2025-12-28,Crystal Palace,Tottenham,2.23,3.38,3.22,0.4251,0.2805,0.2944,avg_closing,avg_closing,closing,1.0548,2026-09-13T03:33:42+00:00,E0_2526.csv,3e3a8352,pinnacle_closing,0.4253,0.2823,0.2925
2025-12-30,Burnley,Newcastle,5.71,4.12,1.56,0.1654,0.2292,0.6054,avg_closing,avg_closing,closing,1.0589,2026-09-13T03:33:42+00:00,E0_2526.csv,3e3a8352,pinnacle_closing,0.1617,0.2205,0.6179
2025-12-30,Chelsea,Bournemouth,1.56,4.45,5.25,0.6069,0.2128,0.1803,avg_closing,avg_closing,closing,1.0562,2026-09-13T03:33:42+00:00,E0_2526.csv,3e3a8352,pinnacle_closing,0.6108,0.2158,0.1734
2025-12-30,Nott'm Forest,Everton,1.9,3.37,4.29,0.4983,0.281,0.2207,avg_closing,avg_closing,closing,1.0562,2026-09-13T03:33:42+00:00,E0_2526.csv,3e3a8352,pinnacle_closing,0.5068,0.2788,0.2143
2025-12-30,West Ham,Brighton,3.32,3.59,2.1,0.2852,0.2638,0.451,avg_closing,avg_closing,closing,1.0559,2026-09-13T03:33:42+00:00,E0_2526.csv,3e3a8352,pinnacle_closing,0.2753,0.2663,0.4584
2025-12-30,Arsenal,Aston Villa,1.37,5.03,7.76,0.6902,0.188,0.1218,avg_closing,avg_closing,closing,1.0576,2026-09-13T03:33:42+00:00,E0_2526.csv,3e3a8352,pinnacle_closing,0.7066,0.176,0.1173
2025-12-30,Man United,Wolves,1.37,5.04,7.63,0.689,0.1873,0.1237,avg_closing,avg_closing,closing,1.0594,2026-09-13T03:33:42+00:00,E0_2526.csv,3e3a8352,pinnacle_closing,0.7028,0.1796,0.1176
2026-01-01,Crystal Palace,Fulham,2.22,3.27,3.34,0.4267,0.2897,0.2836,avg_closing,avg_closing,closing,1.0557,2026-09-13T03:33:42+00:00,E0_2526.csv,3e3a8352,pinnacle_closing,0.4252,0.2942,0.2806
2026-01-01,Liverpool,Leeds,1.47,4.45,6.68,0.645,0.2131,0.1419,avg_closing,avg_closing,closing,1.0547,2026-09-13T03:33:42+00:00,E0_2526.csv,3e3a8352,pinnacle_closing,0.6569,0.2091,0.1341
2026-01-01,Brentford,Tottenham,2.4,3.4,2.91,0.3952,0.2789,0.3259,avg_closing,avg_closing,closing,1.0544,2026-09-13T03:33:42+00:00,E0_2526.csv,3e3a8352,pinnacle_closing,0.3865,0.2823,0.3313
2026-01-01,Sunderland,Man City,7.23,4.7,1.42,0.1311,0.2016,0.6673,avg_closing,avg_closing,closing,1.0553,2026-09-13T03:33:42+00:00,E0_2526.csv,3e3a8352,pinnacle_closing,0.1256,0.1986,0.6758
2026-01-03,Aston Villa,Nott'm Forest,1.9,3.51,4.1,0.4988,0.27,0.2312,avg_closing,avg_closing,closing,1.0551,2026-09-13T03:33:42+00:00,E0_2526.csv,3e3a8352,pinnacle_closing,0.4954,0.2782,0.2263
2026-01-03,Brighton,Burnley,1.45,4.51,7.0,0.6542,0.2103,0.1355,avg_closing,avg_closing,closing,1.0542,2026-09-13T03:33:42+00:00,E0_2526.csv,3e3a8352,pinnacle_closing,0.6604,0.211,0.1286
2026-01-03,Wolves,West Ham,2.63,3.36,2.66,0.3608,0.2824,0.3568,avg_closing,avg_closing,closing,1.0538,2026-09-13T03:33:42+00:00,E0_2526.csv,3e3a8352,pinnacle_closing,0.3563,0.2861,0.3576
2026-01-03,Bournemouth,Arsenal,5.95,4.43,1.51,0.1591,0.2138,0.6271,avg_closing,avg_closing,closing,1.0561,2026-09-13T03:33:42+00:00,E0_2526.csv,3e3a8352,pinnacle_closing,0.1538,0.2129,0.6333
2026-01-04,Leeds,Man United,2.73,3.3,2.59,0.3471,0.2871,0.3658,avg_closing,avg_closing,closing,1.0554,2026-09-13T03:33:42+00:00,E0_2526.csv,3e3a8352,pinnacle_closing,0.3511,0.286,0.3629
2026-01-04,Everton,Brentford,2.46,3.16,3.01,0.3852,0.2999,0.3149,avg_closing,avg_closing,closing,1.0552,2026-09-13T03:33:42+00:00,E0_2526.csv,3e3a8352,pinnacle_closing,0.3847,0.3004,0.315
2026-01-04,Newcastle,Crystal Palace,1.68,3.93,4.9,0.5649,0.2415,0.1937,avg_closing,avg_closing,closing,1.0538,2026-09-13T03:33:42+00:00,E0_2526.csv,3e3a8352,pinnacle_closing,0.572,0.2417,0.1863
2026-01-04,Tottenham,Sunderland,1.97,3.39,3.95,0.4808,0.2794,0.2398,avg_closing,avg_closing,closing,1.0558,2026-09-13T03:33:42+00:00,E0_2526.csv,3e3a8352,pinnacle_closing,0.4861,0.2824,0.2315
2026-01-04,Fulham,Liverpool,4.07,3.61,1.88,0.233,0.2627,0.5044,avg_closing,avg_closing,closing,1.0546,2026-09-13T03:33:42+00:00,E0_2526.csv,3e3a8352,pinnacle_closing,0.2225,0.2661,0.5114
2026-01-04,Man City,Chelsea,1.47,4.9,5.88,0.6452,0.1935,0.1613,avg_closing,avg_closing,closing,1.0544,2026-09-13T03:33:42+00:00,E0_2526.csv,3e3a8352,pinnacle_closing,0.6552,0.192,0.1527
2026-01-06,West Ham,Nott'm Forest,2.92,3.39,2.39,0.3243,0.2794,0.3963,avg_closing,avg_closing,closing,1.0559,2026-09-13T03:33:42+00:00,E0_2526.csv,3e3a8352,pinnacle_closing,0.3188,0.2778,0.4034
2026-01-07,Bournemouth,Tottenham,2.17,3.51,3.21,0.4359,0.2695,0.2947,avg_closing,avg_closing,closing,1.0573,2026-09-13T03:33:42+00:00,E0_2526.csv,3e3a8352,pinnacle_closing,0.432,0.267,0.3009
2026-01-07,Brentford,Sunderland,2.01,3.22,4.07,0.4721,0.2947,0.2332,avg_closing,avg_closing,closing,1.0538,2026-09-13T03:33:42+00:00,E0_2526.csv,3e3a8352,pinnacle_closing,0.4673,0.3066,0.2261
2026-01-07,Crystal Palace,Aston Villa,2.99,3.33,2.38,0.317,0.2847,0.3983,avg_closing,avg_closing,closing,1.0549,2026-09-13T03:33:42+00:00,E0_2526.csv,3e3a8352,pinnacle_closing,0.3162,0.2864,0.3974
2026-01-07,Everton,Wolves,1.84,3.46,4.51,0.5155,0.2742,0.2103,avg_closing,avg_closing,closing,1.0542,2026-09-13T03:33:42+00:00,E0_2526.csv,3e3a8352,pinnacle_closing,0.5134,0.2757,0.2109
2026-01-07,Fulham,Chelsea,3.61,3.56,2.01,0.2625,0.2661,0.4714,avg_closing,avg_closing,closing,1.0554,2026-09-13T03:33:42+00:00,E0_2526.csv,3e3a8352,pinnacle_closing,0.2629,0.2717,0.4654
2026-01-07,Man City,Brighton,1.5,4.62,5.79,0.6314,0.205,0.1636,avg_closing,avg_closing,closing,1.0558,2026-09-13T03:33:42+00:00,E0_2526.csv,3e3a8352,pinnacle_closing,0.6324,0.209,0.1586
2026-01-07,Burnley,Man United,4.8,3.76,1.72,0.1973,0.2519,0.5507,avg_closing,avg_closing,closing,1.0557,2026-09-13T03:33:42+00:00,E0_2526.csv,3e3a8352,pinnacle_closing,0.1942,0.2499,0.5559
2026-01-07,Newcastle,Leeds,1.61,3.94,5.56,0.5889,0.2406,0.1705,avg_closing,avg_closing,closing,1.0548,2026-09-13T03:33:42+00:00,E0_2526.csv,3e3a8352,pinnacle_closing,0.5866,0.2396,0.1738
2026-01-08,Arsenal,Liverpool,1.57,4.16,5.65,0.6041,0.228,0.1679,avg_closing,avg_closing,closing,1.0543,2026-09-13T03:33:42+00:00,E0_2526.csv,3e3a8352,pinnacle_closing,0.6105,0.2206,0.1688
2026-01-17,Man United,Man City,3.01,3.63,2.23,0.3146,0.2608,0.4246,avg_closing,avg_closing,closing,1.0561,2026-09-13T03:33:42+00:00,E0_2526.csv,3e3a8352,b365_closing,0.3261,0.2627,0.4112
2026-01-17,Chelsea,Brentford,1.86,3.78,3.93,0.5088,0.2504,0.2408,avg_closing,avg_closing,closing,1.0566,2026-09-13T03:33:42+00:00,E0_2526.csv,3e3a8352,b365_closing,0.5143,0.2537,0.232
2026-01-17,Leeds,Fulham,2.31,3.34,3.1,0.4104,0.2838,0.3058,avg_closing,avg_closing,closing,1.0549,2026-09-13T03:33:42+00:00,E0_2526.csv,3e3a8352,b365_closing,0.4041,0.2793,0.3166
2026-01-17,Liverpool,Burnley,1.23,6.38,11.91,0.7716,0.1488,0.0797,avg_closing,avg_closing,closing,1.0537,2026-09-13T03:33:42+00:00,E0_2526.csv,3e3a8352,b365_closing,0.7756,0.1456,0.0789
2026-01-17,Sunderland,Crystal Palace,2.38,3.13,3.15,0.3975,0.3022,0.3003,avg_closing,avg_closing,closing,1.0571,2026-09-13T03:33:42+00:00,E0_2526.csv,3e3a8352,b365_closing,0.3962,0.2971,0.3067
2026-01-17,Tottenham,West Ham,1.84,3.72,4.13,0.5154,0.2549,0.2296,avg_closing,avg_closing,closing,1.0544,2026-09-13T03:33:42+00:00,E0_2526.csv,3e3a8352,b365_closing,0.5082,0.2507,0.2411
2026-01-17,Nott'm Forest,Arsenal,5.79,3.87,1.6,0.1635,0.2447,0.5918,avg_closing,avg_closing,closing,1.0561,2026-09-13T03:33:42+00:00,E0_2526.csv,3e3a8352,b365_closing,0.1723,0.2429,0.5848
2026-01-18,Wolves,Newcastle,4.5,3.98,1.72,0.2107,0.2382,0.5512,avg_closing,avg_closing,closing,1.0549,2026-09-13T03:33:42+00:00,E0_2526.csv,3e3a8352,b365_closing,0.2096,0.2357,0.5547
2026-01-18,Aston Villa,Everton,1.6,3.94,5.77,0.594,0.2412,0.1647,avg_closing,avg_closing,closing,1.0521,2026-09-13T03:33:42+00:00,E0_2526.csv,3e3a8352,b365_closing,0.5892,0.2448,0.166
2026-01-19,Brighton,Bournemouth,1.96,3.79,3.55,0.4833,0.2499,0.2668,avg_closing,avg_closing,closing,1.0557,2026-09-13T03:33:42+00:00,E0_2526.csv,3e3a8352,b365_closing,0.4885,0.254,0.2575
2026-01-24,West Ham,Sunderland,2.21,3.32,3.28,0.4275,0.2845,0.288,avg_closing,avg_closing,closing,1.0586,2026-09-13T03:33:42+00:00,E0_2526.csv,3e3a8352,b365_closing,0.4267,0.2845,0.2888
2026-01-24,Burnley,Tottenham,3.85,3.33,2.01,0.2456,0.284,0.4704,avg_closing,avg_closing,closing,1.0576,2026-09-13T03:33:42+00:00,E0_2526.csv,3e3a8352,b365_closing,0.2441,0.28,0.476
2026-01-24,Fulham,Brighton,2.57,3.28,2.76,0.3684,0.2886,0.343,avg_closing,avg_closing,closing,1.0563,2026-09-13T03:33:42+00:00,E0_2526.csv,3e3a8352,b365_closing,0.3704,0.2862,0.3434
2026-01-24,Man City,Wolves,1.3,5.63,9.5,0.7311,0.1688,0.1,avg_closing,avg_closing,closing,1.0521,2026-09-13T03:33:42+00:00,E0_2526.csv,3e3a8352,b365_closing,0.7296,0.165,0.1054
2026-01-24,Bournemouth,Liverpool,4.21,3.98,1.77,0.2254,0.2384,0.5361,avg_closing,avg_closing,closing,1.0538,2026-09-13T03:33:42+00:00,E0_2526.csv,3e3a8352,b365_closing,0.2247,0.236,0.5393
2026-01-25,Brentford,Nott'm Forest,1.84,3.5,4.38,0.5139,0.2702,0.2159,avg_closing,avg_closing,closing,1.0575,2026-09-13T03:33:42+00:00,E0_2526.csv,3e3a8352,b365_closing,0.5152,0.2647,0.2201
2026-01-25,Crystal Palace,Chelsea,3.39,3.48,2.11,0.2793,0.272,0.4487,avg_closing,avg_closing,closing,1.0563,2026-09-13T03:33:42+00:00,E0_2526.csv,3e3a8352,b365_closing,0.2785,0.2706,0.4509
2026-01-25,Newcastle,Aston Villa,2.15,3.53,3.26,0.4408,0.2685,0.2907,avg_closing,avg_closing,closing,1.0552,2026-09-13T03:33:42+00:00,E0_2526.csv,3e3a8352,b365_closing,0.4447,0.2656,0.2897
2026-01-25,Arsenal,Man United,1.54,4.32,5.69,0.6146,0.2191,0.1663,avg_closing,avg_closing,closing,1.0566,2026-09-13T03:33:42+00:00,E0_2526.csv,3e3a8352,b365_closing,0.6226,0.2117,0.1657
2026-01-26,Everton,Leeds,2.49,3.07,3.03,0.3798,0.3081,0.3121,avg_closing,avg_closing,closing,1.0574,2026-09-13T03:33:42+00:00,E0_2526.csv,3e3a8352,b365_closing,0.3783,0.2956,0.3261
2026-01-31,Brighton,Everton,1.91,3.47,4.08,0.4954,0.2727,0.2319,avg_closing,avg_closing,closing,1.0568,2026-09-13T03:33:42+00:00,E0_2526.csv,3e3a8352,b365_closing,0.4943,0.2697,0.236
2026-01-31,Leeds,Arsenal,5.87,3.99,1.57,0.161,0.2369,0.6021,avg_closing,avg_closing,closing,1.0579,2026-09-13T03:33:42+00:00,E0_2526.csv,3e3a8352,b365_closing,0.172,0.2253,0.6027
2026-01-31,Wolves,Bournemouth,2.94,3.41,2.37,0.3223,0.2779,0.3998,avg_closing,avg_closing,closing,1.0553,2026-09-13T03:33:42+00:00,E0_2526.csv,3e3a8352,b365_closing,0.3398,0.2718,0.3883
2026-01-31,Chelsea,West Ham,1.59,4.34,5.11,0.5961,0.2184,0.1855,avg_closing,avg_closing,closing,1.055,2026-09-13T03:33:42+00:00,E0_2526.csv,3e3a8352,b365_closing,0.5889,0.2203,0.1908
2026-01-31,Liverpool,Newcastle,1.64,4.22,4.78,0.5775,0.2244,0.1981,avg_closing,avg_closing,closing,1.0559,2026-09-13T03:33:42+00:00,E0_2526.csv,3e3a8352,b365_closing,0.583,0.2181,0.1988
2026-02-01,Aston Villa,Brentford,2.3,3.32,3.13,0.4119,0.2854,0.3027,avg_closing,avg_closing,closing,1.0555,2026-09-13T03:33:42+00:00,E0_2526.csv,3e3a8352,b365_closing,0.4011,0.2807,0.3182
2026-02-01,Man United,Fulham,1.52,4.63,5.47,0.6226,0.2044,0.173,avg_closing,avg_closing,closing,1.0567,2026-09-13T03:33:42+00:00,E0_2526.csv,3e3a8352,b365_closing,0.6198,0.1996,0.1806
2026-02-01,Nott'm Forest,Crystal Palace,2.09,3.22,3.73,0.4526,0.2938,0.2536,avg_closing,avg_closing,closing,1.0571,2026-09-13T03:33:42+00:00,E0_2526.csv,3e3a8352,b365_closing,0.4505,0.2867,0.2628
2026-02-01,Tottenham,Man City,4.98,4.01,1.65,0.1901,0.2361,0.5738,avg_closing,avg_closing,closing,1.0562,2026-09-13T03:33:42+00:00,E0_2526.csv,3e3a8352,b365_closing,0.1999,0.2316,0.5685
2026-02-02,Sunderland,Burnley,1.91,3.23,4.46,0.4952,0.2928,0.212,avg_closing,avg_closing,closing,1.0574,2026-09-13T03:33:42+00:00,E0_2526.csv,3e3a8352,b365_closing,0.4951,0.2865,0.2184
2026-02-06,Leeds,Nott'm Forest,2.14,3.37,3.4,0.4416,0.2804,0.278,avg_closing,avg_closing,closing,1.0581,2026-09-13T03:33:42+00:00,E0_2526.csv,3e3a8352,b365_closing,0.4509,0.2785,0.2706
2026-02-07,Man United,Tottenham,1.59,4.38,4.95,0.5937,0.2155,0.1907,avg_closing,avg_closing,closing,1.0593,2026-09-13T03:33:42+00:00,E0_2526.csv,3e3a8352,b365_closing,0.5909,0.2101,0.199
2026-02-07,Arsenal,Sunderland,1.26,5.65,12.04,0.7532,0.168,0.0788,avg_closing,avg_closing,closing,1.0537,2026-09-13T03:33:42+00:00,E0_2526.csv,3e3a8352,b365_closing,0.7564,0.1576,0.086
2026-02-07,Bournemouth,Aston Villa,2.84,3.58,2.35,0.3331,0.2643,0.4026,avg_closing,avg_closing,closing,1.057,2026-09-13T03:33:42+00:00,E0_2526.csv,3e3a8352,b365_closing,0.3396,0.2642,0.3962
2026-02-07,Burnley,West Ham,3.11,3.58,2.19,0.3041,0.2641,0.4318,avg_closing,avg_closing,closing,1.0575,2026-09-13T03:33:42+00:00,E0_2526.csv,3e3a8352,b365_closing,0.2982,0.2579,0.4439
2026-02-07,Fulham,Everton,2.13,3.41,3.4,0.4442,0.2775,0.2783,avg_closing,avg_closing,closing,1.0569,2026-09-13T03:33:42+00:00,E0_2526.csv,3e3a8352,b365_closing,0.4509,0.2785,0.2706
2026-02-07,Wolves,Chelsea,5.31,4.19,1.58,0.1777,0.2252,0.5971,avg_closing,avg_closing,closing,1.0599,2026-09-13T03:33:42+00:00,E0_2526.csv,3e3a8352,b365_closing,0.1881,0.224,0.5879
2026-02-07,Newcastle,Brentford,1.92,3.7,3.77,0.493,0.2559,0.2511,avg_closing,avg_closing,closing,1.0564,2026-09-13T03:33:42+00:00,E0_2526.csv,3e3a8352,b365_closing,0.4954,0.2523,0.2523
2026-02-08,Brighton,Crystal Palace,2.19,3.27,3.39,0.4318,0.2892,0.279,avg_closing,avg_closing,closing,1.0574,2026-09-13T03:33:42+00:00,E0_2526.csv,3e3a8352,b365_closing,0.4322,0.2881,0.2797
2026-02-08,Liverpool,Man City,2.15,3.84,3.01,0.4397,0.2462,0.3141,avg_closing,avg_closing,closing,1.0578,2026-09-13T03:33:42+00:00,E0_2526.csv,3e3a8352,b365_closing,0.4467,0.2405,0.3127
2026-02-10,Chelsea,Leeds,1.51,4.4,6.03,0.6275,0.2154,0.1571,avg_closing,avg_closing,closing,1.0554,2026-09-13T03:33:42+00:00,E0_2526.csv,3e3a8352,b365_closing,0.6175,0.2182,0.1643
2026-02-10,Everton,Bournemouth,2.32,3.41,3.0,0.4076,0.2773,0.3152,avg_closing,avg_closing,closing,1.0576,2026-09-13T03:33:42+00:00,E0_2526.csv,3e3a8352,b365_closing,0.4126,0.2711,0.3163
2026-02-10,Tottenham,Newcastle,3.0,3.6,2.25,0.3158,0.2632,0.4211,avg_closing,avg_closing,closing,1.0556,2026-09-13T03:33:42+00:00,E0_2526.csv,3e3a8352,b365_closing,0.3181,0.2579,0.4241
2026-02-10,West Ham,Man United,4.47,4.15,1.69,0.2118,0.2281,0.5601,avg_closing,avg_closing,closing,1.0564,2026-09-13T03:33:42+00:00,E0_2526.csv,3e3a8352,b365_closing,0.2199,0.2199,0.5602
2026-02-11,Aston Villa,Brighton,2.06,3.69,3.34,0.4598,0.2567,0.2836,avg_closing,avg_closing,closing,1.0558,2026-09-13T03:33:42+00:00,E0_2526.csv,3e3a8352,b365_closing,0.4533,0.2538,0.2929
2026-02-11,Crystal Palace,Burnley,1.46,4.45,6.9,0.6495,0.2131,0.1374,avg_closing,avg_closing,closing,1.0546,2026-09-13T03:33:42+00:00,E0_2526.csv,3e3a8352,b365_closing,0.6539,0.2107,0.1354
2026-02-11,Man City,Fulham,1.37,5.23,7.38,0.6908,0.181,0.1282,avg_closing,avg_closing,closing,1.0566,2026-09-13T03:33:42+00:00,E0_2526.csv,3e3a8352,b365_closing,0.7,0.1731,0.1269
2026-02-11,Nott'm Forest,Wolves,1.73,3.79,4.66,0.5471,0.2497,0.2031,avg_closing,avg_closing,closing,1.0565,2026-09-13T03:33:42+00:00,E0_2526.csv,3e3a8352,b365_closing,0.5397,0.2422,0.2181
2026-02-11,Sunderland,Liverpool,4.45,3.83,1.75,0.2126,0.247,0.5405,avg_closing,avg_closing,closing,1.0572,2026-09-13T03:33:42+00:00,E0_2526.csv,3e3a8352,b365_closing,0.2167,0.247,0.5363
2026-02-12,Brentford,Arsenal,5.08,3.77,1.68,0.1862,0.2509,0.563,avg_closing,avg_closing,closing,1.0573,2026-09-13T03:33:42+00:00,E0_2526.csv,3e3a8352,b365_closing,0.1877,0.2503,0.562
2026-02-18,Wolves,Arsenal,12.35,5.93,1.24,0.0767,0.1597,0.7636,avg_closing,avg_closing,closing,1.0561,2026-09-13T03:33:42+00:00,E0_2526.csv,3e3a8352,b365_closing,0.0789,0.1456,0.7756
2026-02-21,Aston Villa,Leeds,1.82,3.68,4.18,0.5181,0.2563,0.2256,avg_closing,avg_closing,closing,1.0604,2026-09-13T03:33:42+00:00,E0_2526.csv,3e3a8352,b365_closing,0.5179,0.2633,0.2189
2026-02-21,Brentford,Brighton,2.25,3.39,3.13,0.4197,0.2786,0.3017,avg_closing,avg_closing,closing,1.0589,2026-09-13T03:33:42+00:00,E0_2526.csv,3e3a8352,b365_closing,0.4135,0.2797,0.3068
2026-02-21,Chelsea,Burnley,1.23,6.31,11.6,0.7687,0.1498,0.0815,avg_closing,avg_closing,closing,1.0577,2026-09-13T03:33:42+00:00,E0_2526.csv,3e3a8352,b365_closing,0.7612,0.1522,0.0865
2026-02-21,West Ham,Bournemouth,2.66,3.62,2.46,0.3551,0.2609,0.384,avg_closing,avg_closing,closing,1.0587,2026-09-13T03:33:42+00:00,E0_2526.csv,3e3a8352,b365_closing,0.3465,0.2647,0.3889
2026-02-21,Man City,Newcastle,1.54,4.63,5.31,0.6163,0.205,0.1787,avg_closing,avg_closing,closing,1.0537,2026-09-13T03:33:42+00:00,E0_2526.csv,3e3a8352,b365_closing,0.6081,0.201,0.1909
2026-02-22,Crystal Palace,Wolves,1.77,3.71,4.44,0.5331,0.2543,0.2125,avg_closing,avg_closing,closing,1.0597,2026-09-13T03:33:42+00:00,E0_2526.csv,3e3a8352,b365_closing,0.5363,0.247,0.2167
2026-02-22,Nott'm Forest,Liverpool,3.83,3.78,1.87,0.2462,0.2495,0.5043,avg_closing,avg_closing,closing,1.0604,2026-09-13T03:33:42+00:00,E0_2526.csv,3e3a8352,b365_closing,0.2626,0.2424,0.495
2026-02-22,Sunderland,Fulham,2.85,3.18,2.55,0.3318,0.2974,0.3708,avg_closing,avg_closing,closing,1.0575,2026-09-13T03:33:42+00:00,E0_2526.csv,3e3a8352,b365_closing,0.3291,0.2917,0.3792
2026-02-22,Tottenham,Arsenal,7.2,4.35,1.45,0.1312,0.2172,0.6516,avg_closing,avg_closing,closing,1.0584,2026-09-13T03:33:42+00:00,E0_2526.csv,3e3a8352,b365_closing,0.1246,0.2077,0.6677
2026-02-23,Everton,Man United,3.52,3.62,1.99,0.2673,0.2599,0.4728,avg_closing,avg_closing,closing,1.0628,2026-09-13T03:33:42+00:00,E0_2526.csv,3e3a8352,b365_closing,0.2704,0.2624,0.4672
2026-02-27,Wolves,Aston Villa,4.6,3.74,1.74,0.2052,0.2524,0.5424,avg_closing,avg_closing,closing,1.0595,2026-09-13T03:33:42+00:00,E0_2526.csv,3e3a8352,b365_closing,0.2001,0.2569,0.5431
2026-02-28,Bournemouth,Sunderland,1.8,3.68,4.27,0.5234,0.256,0.2206,avg_closing,avg_closing,closing,1.0615,2026-09-13T03:33:42+00:00,E0_2526.csv,3e3a8352,b365_closing,0.5179,0.2633,0.2189
2026-02-28,Burnley,Brentford,4.34,3.79,1.77,0.2175,0.2491,0.5334,avg_closing,avg_closing,closing,1.0592,2026-09-13T03:33:42+00:00,E0_2526.csv,3e3a8352,b365_closing,0.2181,0.2422,0.5397
2026-02-28,Liverpool,West Ham,1.41,4.98,6.69,0.6694,0.1895,0.1411,avg_closing,avg_closing,closing,1.0595,2026-09-13T03:33:42+00:00,E0_2526.csv,3e3a8352,b365_closing,0.6757,0.1892,0.1351
2026-02-28,Newcastle,Everton,1.78,3.73,4.34,0.5298,0.2528,0.2173,avg_closing,avg_closing,closing,1.0603,2026-09-13T03:33:42+00:00,E0_2526.csv,3e3a8352,b365_closing,0.5363,0.247,0.2167
2026-02-28,Leeds,Man City,4.77,3.91,1.69,0.1983,0.2419,0.5597,avg_closing,avg_closing,closing,1.0571,2026-09-13T03:33:42+00:00,E0_2526.csv,3e3a8352,b365_closing,0.1995,0.243,0.5575
2026-03-01,Brighton,Nott'm Forest,2.09,3.39,3.48,0.451,0.2781,0.2709,avg_closing,avg_closing,closing,1.0608,2026-09-13T03:33:42+00:00,E0_2526.csv,3e3a8352,b365_closing,0.4545,0.2727,0.2727
2026-03-01,Fulham,Tottenham,2.02,3.66,3.45,0.4679,0.2582,0.2739,avg_closing,avg_closing,closing,1.0581,2026-09-13T03:33:42+00:00,E0_2526.csv,3e3a8352,b365_closing,0.464,0.2642,0.2718
2026-03-01,Man United,Crystal Palace,1.51,4.35,5.95,0.6246,0.2168,0.1585,avg_closing,avg_closing,closing,1.0602,2026-09-13T03:33:42+00:00,E0_2526.csv,3e3a8352,b365_closing,0.6175,0.2182,0.1643
2026-03-01,Arsenal,Chelsea,1.5,4.36,6.05,0.6282,0.2161,0.1557,avg_closing,avg_closing,closing,1.0613,2026-09-13T03:33:42+00:00,E0_2526.csv,3e3a8352,b365_closing,0.6176,0.225,0.1575
2026-03-03,Bournemouth,Brentford,2.5,3.56,2.65,0.378,0.2654,0.3566,avg_closing,avg_closing,closing,1.0583,2026-09-13T03:33:42+00:00,E0_2526.csv,3e3a8352,b365_closing,0.3816,0.265,0.3534
2026-03-03,Everton,Burnley,1.61,3.78,5.73,0.5859,0.2495,0.1646,avg_closing,avg_closing,closing,1.0602,2026-09-13T03:33:42+00:00,E0_2526.csv,3e3a8352,b365_closing,0.5855,0.2496,0.1649
2026-03-03,Leeds,Sunderland,1.81,3.51,4.51,0.5216,0.269,0.2094,avg_closing,avg_closing,closing,1.0591,2026-09-13T03:33:42+00:00,E0_2526.csv,3e3a8352,b365_closing,0.5224,0.2687,0.209
2026-03-03,Wolves,Liverpool,6.85,4.71,1.43,0.138,0.2008,0.6612,avg_closing,avg_closing,closing,1.0576,2026-09-13T03:33:42+00:00,E0_2526.csv,3e3a8352,b365_closing,0.144,0.197,0.659
2026-03-04,Aston Villa,Chelsea,2.64,3.48,2.54,0.3574,0.2711,0.3715,avg_closing,avg_closing,closing,1.0598,2026-09-13T03:33:42+00:00,E0_2526.csv,3e3a8352,b365_closing,0.3565,0.2758,0.3677
2026-03-04,Brighton,Arsenal,5.03,3.84,1.67,0.1879,0.2461,0.566,avg_closing,avg_closing,closing,1.058,2026-09-13T03:33:42+00:00,E0_2526.csv,3e3a8352,b365_closing,0.1883,0.2478,0.5639
2026-03-04,Fulham,West Ham,2.2,3.51,3.13,0.4292,0.269,0.3017,avg_closing,avg_closing,closing,1.0589,2026-09-13T03:33:42+00:00,E0_2526.csv,3e3a8352,b365_closing,0.4277,0.2688,0.3035
2026-03-04,Man City,Nott'm Forest,1.39,4.83,7.62,0.6802,0.1957,0.1241,avg_closing,avg_closing,closing,1.0577,2026-09-13T03:33:42+00:00,E0_2526.csv,3e3a8352,b365_closing,0.6904,0.1905,0.1191
2026-03-04,Newcastle,Man United,2.56,3.62,2.52,0.3672,0.2597,0.3731,avg_closing,avg_closing,closing,1.0637,2026-09-13T03:33:42+00:00,E0_2526.csv,3e3a8352,b365_closing,0.3673,0.2653,0.3673
2026-03-05,Tottenham,Crystal Palace,2.44,3.37,2.83,0.3867,0.28,0.3334,avg_closing,avg_closing,closing,1.0599,2026-09-13T03:33:42+00:00,E0_2526.csv,3e3a8352,b365_closing,0.3856,0.2863,0.3281
2026-03-14,Burnley,Bournemouth,3.92,3.93,1.82,0.2409,0.2403,0.5188,avg_closing,avg_closing,closing,1.059,2026-09-13T03:33:42+00:00,E0_2526.csv,3e3a8352,b365_closing,0.2435,0.2374,0.519
2026-03-14,Sunderland,Brighton,3.64,3.46,2.01,0.2589,0.2723,0.4688,avg_closing,avg_closing,closing,1.0613,2026-09-13T03:33:42+00:00,E0_2526.csv,3e3a8352,b365_closing,0.2632,0.2632,0.4737
2026-03-14,Arsenal,Everton,1.37,4.65,8.58,0.6876,0.2026,0.1098,avg_closing,avg_closing,closing,1.0615,2026-09-13T03:33:42+00:00,E0_2526.csv,3e3a8352,b365_closing,0.6881,0.208,0.104
2026-03-14,Chelsea,Newcastle,1.69,4.24,4.3,0.5582,0.2225,0.2194,avg_closing,avg_closing,closing,1.0601,2026-09-13T03:33:42+00:00,E0_2526.csv,3e3a8352,b365_closing,0.5645,0.2177,0.2177
2026-03-14,West Ham,Man City,4.81,4.16,1.63,0.1958,0.2264,0.5778,avg_closing,avg_closing,closing,1.0618,2026-09-13T03:33:42+00:00,E0_2526.csv,3e3a8352,b365_closing,0.201,0.2205,0.5786
2026-03-15,Crystal Palace,Leeds,2.66,3.23,2.69,0.3556,0.2928,0.3516,avg_closing,avg_closing,closing,1.0573,2026-09-13T03:33:42+00:00,E0_2526.csv,3e3a8352,b365_closing,0.3555,0.2954,0.3491
2026-03-15,Man United,Aston Villa,1.69,4.0,4.56,0.5577,0.2356,0.2067,avg_closing,avg_closing,closing,1.061,2026-09-13T03:33:42+00:00,E0_2526.csv,3e3a8352,b365_closing,0.5579,0.2313,0.2108
2026-03-15,Nott'm Forest,Fulham,2.29,3.31,3.13,0.4126,0.2855,0.3019,avg_closing,avg_closing,closing,1.0583,2026-09-13T03:33:42+00:00,E0_2526.csv,3e3a8352,b365_closing,0.414,0.2885,0.2975
2026-03-15,Liverpool,Tottenham,1.3,5.87,8.24,0.725,0.1606,0.1144,avg_closing,avg_closing,closing,1.0609,2026-09-13T03:33:42+00:00,E0_2526.csv,3e3a8352,b365_closing,0.7301,0.1582,0.1117
2026-03-16,Brentford,Wolves,1.53,4.29,5.78,0.6168,0.22,0.1633,avg_closing,avg_closing,closing,1.0597,2026-09-13T03:33:42+00:00,E0_2526.csv,3e3a8352,b365_closing,0.6175,0.2182,0.1643
2026-03-20,Bournemouth,Man United,3.07,3.72,2.15,0.3074,0.2537,0.4389,avg_closing,avg_closing,closing,1.0597,2026-09-13T03:33:42+00:00,E0_2526.csv,3e3a8352,b365_closing,0.3059,0.2529,0.4411
2026-03-21,Brighton,Liverpool,3.05,3.62,2.19,0.3091,0.2604,0.4305,avg_closing,avg_closing,closing,1.0607,2026-09-13T03:33:42+00:00,E0_2526.csv,3e3a8352,b365_closing,0.3058,0.2633,0.4309
2026-03-21,Fulham,Burnley,1.52,4.29,5.92,0.6207,0.2199,0.1594,avg_closing,avg_closing,closing,1.0599,2026-09-13T03:33:42+00:00,E0_2526.csv,3e3a8352,b365_closing,0.6144,0.2199,0.1656
2026-03-21,Everton,Chelsea,3.15,3.43,2.22,0.2996,0.2752,0.4252,avg_closing,avg_closing,closing,1.0595,2026-09-13T03:33:42+00:00,E0_2526.csv,3e3a8352,b365_closing,0.2973,0.2798,0.4229
2026-03-21,Leeds,Brentford,2.35,3.41,2.95,0.4023,0.2772,0.3205,avg_closing,avg_closing,closing,1.0578,2026-09-13T03:33:42+00:00,E0_2526.csv,3e3a8352,b365_closing,0.4043,0.2749,0.3208
2026-03-22,Newcastle,Sunderland,1.53,4.2,5.83,0.6147,0.2239,0.1613,avg_closing,avg_closing,closing,1.0632,2026-09-13T03:33:42+00:00,E0_2526.csv,3e3a8352,b365_closing,0.6103,0.2252,0.1645
2026-03-22,Aston Villa,West Ham,1.73,3.79,4.55,0.5445,0.2485,0.207,avg_closing,avg_closing,closing,1.0617,2026-09-13T03:33:42+00:00,E0_2526.csv,3e3a8352,b365_closing,0.5407,0.249,0.2103
2026-03-22,Tottenham,Nott'm Forest,2.37,3.29,3.0,0.3983,0.287,0.3147,avg_closing,avg_closing,closing,1.0592,2026-09-13T03:33:42+00:00,E0_2526.csv,3e3a8352,b365_closing,0.4041,0.2793,0.3166
2026-04-10,West Ham,Wolves,1.77,3.74,4.38,0.5327,0.2521,0.2153,avg_closing,avg_closing,closing,1.0607,2026-09-13T03:33:42+00:00,E0_2526.csv,3e3a8352,b365_closing,0.5407,0.249,0.2103
2026-04-11,Arsenal,Bournemouth,1.47,4.47,6.4,0.6416,0.211,0.1474,avg_closing,avg_closing,closing,1.0602,2026-09-13T03:33:42+00:00,E0_2526.csv,3e3a8352,b365_closing,0.6501,0.2162,0.1337
2026-04-11,Brentford,Everton,2.15,3.34,3.37,0.4383,0.2821,0.2796,avg_closing,avg_closing,closing,1.0613,2026-09-13T03:33:42+00:00,E0_2526.csv,3e3a8352,b365_closing,0.4509,0.2785,0.2706
2026-04-11,Burnley,Brighton,5.29,4.13,1.59,0.1783,0.2284,0.5933,avg_closing,avg_closing,closing,1.0601,2026-09-13T03:33:42+00:00,E0_2526.csv,3e3a8352,b365_closing,0.1788,0.2235,0.5978
2026-04-11,Liverpool,Fulham,1.71,4.06,4.38,0.552,0.2325,0.2155,avg_closing,avg_closing,closing,1.0594,2026-09-13T03:33:42+00:00,E0_2526.csv,3e3a8352,b365_closing,0.5424,0.2315,0.226
2026-04-12,Crystal Palace,Newcastle,2.91,3.3,2.42,0.3242,0.2859,0.3899,avg_closing,avg_closing,closing,1.0599,2026-09-13T03:33:42+00:00,E0_2526.csv,3e3a8352,b365_closing,0.3165,0.2878,0.3957
2026-04-12,Nott'm Forest,Aston Villa,2.35,3.32,2.99,0.401,0.2838,0.3152,avg_closing,avg_closing,closing,1.0612,2026-09-13T03:33:42+00:00,E0_2526.csv,3e3a8352,b365_closing,0.4093,0.2769,0.3138
2026-04-12,Sunderland,Tottenham,2.75,3.31,2.53,0.3427,0.2847,0.3725,avg_closing,avg_closing,closing,1.061,2026-09-13T03:33:42+00:00,E0_2526.csv,3e3a8352,b365_closing,0.3286,0.2978,0.3737
2026-04-12,Chelsea,Man City,3.48,3.89,1.94,0.2711,0.2425,0.4863,avg_closing,avg_closing,closing,1.0599,2026-09-13T03:33:42+00:00,E0_2526.csv,3e3a8352,b365_closing,0.2626,0.2424,0.495
2026-04-13,Man United,Leeds,1.62,4.07,5.08,0.5824,0.2318,0.1857,avg_closing,avg_closing,closing,1.0598,2026-09-13T03:33:42+00:00,E0_2526.csv,3e3a8352,b365_closing,0.587,0.2319,0.1811
2026-04-18,Brentford,Fulham,1.96,3.75,3.52,0.4809,0.2513,0.2678,avg_closing,avg_closing,closing,1.061,2026-09-13T03:33:42+00:00,E0_2526.csv,3e3a8352,b365_closing,0.4867,0.2497,0.2636
2026-04-18,Leeds,Wolves,1.53,4.11,6.26,0.6186,0.2303,0.1512,avg_closing,avg_closing,closing,1.0566,2026-09-13T03:33:42+00:00,E0_2526.csv,3e3a8352,b365_closing,0.6298,0.2249,0.1453
2026-04-18,Newcastle,Bournemouth,2.18,3.67,3.04,0.4327,0.257,0.3103,avg_closing,avg_closing,closing,1.0601,2026-09-13T03:33:42+00:00,E0_2526.csv,3e3a8352,b365_closing,0.4296,0.2554,0.315
2026-04-18,Tottenham,Brighton,2.93,3.76,2.21,0.3221,0.251,0.427,avg_closing,avg_closing,closing,1.0597,2026-09-13T03:33:42+00:00,E0_2526.csv,3e3a8352,b365_closing,0.316,0.2431,0.4409
2026-04-18,Chelsea,Man United,2.1,3.69,3.21,0.4498,0.256,0.2942,avg_closing,avg_closing,closing,1.0587,2026-09-13T03:33:42+00:00,E0_2526.csv,3e3a8352,b365_closing,0.4587,0.2475,0.2939
2026-04-19,Aston Villa,Sunderland,1.73,3.66,4.8,0.5455,0.2579,0.1966,avg_closing,avg_closing,closing,1.0596,2026-09-13T03:33:42+00:00,E0_2526.csv,3e3a8352,b365_closing,0.5446,0.2648,0.1906
2026-04-19,Everton,Liverpool,3.2,3.33,2.24,0.295,0.2835,0.4215,avg_closing,avg_closing,closing,1.0592,2026-09-13T03:33:42+00:00,E0_2526.csv,3e3a8352,b365_closing,0.2973,0.2798,0.4229
2026-04-19,Nott'm Forest,Burnley,1.46,4.39,6.84,0.6468,0.2151,0.1381,avg_closing,avg_closing,closing,1.0589,2026-09-13T03:33:42+00:00,E0_2526.csv,3e3a8352,b365_closing,0.6539,0.2107,0.1354
2026-04-19,Man City,Arsenal,1.84,3.59,4.22,0.5132,0.263,0.2238,avg_closing,avg_closing,closing,1.059,2026-09-13T03:33:42+00:00,E0_2526.csv,3e3a8352,b365_closing,0.5125,0.2562,0.2313
2026-04-20,Crystal Palace,West Ham,2.53,3.33,2.76,0.3736,0.2839,0.3425,avg_closing,avg_closing,closing,1.0579,2026-09-13T03:33:42+00:00,E0_2526.csv,3e3a8352,b365_closing,0.3593,0.2907,0.35
2026-04-21,Brighton,Chelsea,2.28,3.43,3.01,0.4128,0.2744,0.3127,avg_closing,avg_closing,closing,1.0624,2026-09-13T03:33:42+00:00,E0_2526.csv,3e3a8352,b365_closing,0.4211,0.2632,0.3158
2026-04-22,Bournemouth,Leeds,1.83,3.78,4.02,0.5156,0.2496,0.2347,avg_closing,avg_closing,closing,1.0598,2026-09-13T03:33:42+00:00,E0_2526.csv,3e3a8352,b365_closing,0.5262,0.2428,0.231
2026-04-22,Burnley,Man City,15.78,8.1,1.15,0.06,0.1169,0.8231,avg_closing,avg_closing,closing,1.0564,2026-09-13T03:33:42+00:00,E0_2526.csv,3e3a8352,b365_closing,0.0628,0.1108,0.8264
2026-04-24,Sunderland,Nott'm Forest,2.66,3.1,2.75,0.3539,0.3037,0.3424,avg_closing,avg_closing,closing,1.0622,2026-09-13T03:33:42+00:00,E0_2526.csv,3e3a8352,b365_closing,0.3587,0.3043,0.3369
2026-04-25,Fulham,Aston Villa,2.43,3.55,2.7,0.3869,0.2649,0.3482,avg_closing,avg_closing,closing,1.0636,2026-09-13T03:33:42+00:00,E0_2526.csv,3e3a8352,b365_closing,0.3889,0.2647,0.3465
2026-04-25,Liverpool,Crystal Palace,1.56,4.37,5.21,0.6037,0.2155,0.1808,avg_closing,avg_closing,closing,1.0618,2026-09-13T03:33:42+00:00,E0_2526.csv,3e3a8352,b365_closing,0.5968,0.2122,0.191
2026-04-25,West Ham,Everton,2.42,3.38,2.82,0.3885,0.2781,0.3334,avg_closing,avg_closing,closing,1.0637,2026-09-13T03:33:42+00:00,E0_2526.csv,3e3a8352,b365_closing,0.3902,0.2754,0.3344
2026-04-25,Wolves,Tottenham,4.62,4.17,1.64,0.203,0.225,0.572,avg_closing,avg_closing,closing,1.066,2026-09-13T03:33:42+00:00,E0_2526.csv,3e3a8352,b365_closing,0.2112,0.2195,0.5692
2026-04-25,Arsenal,Newcastle,1.38,4.87,7.59,0.6825,0.1934,0.1241,avg_closing,avg_closing,closing,1.0617,2026-09-13T03:33:42+00:00,E0_2526.csv,3e3a8352,b365_closing,0.6849,0.189,0.126
2026-04-27,Man United,Brentford,1.96,3.73,3.53,0.4806,0.2525,0.2669,avg_closing,avg_closing,closing,1.0616,2026-09-13T03:33:42+00:00,E0_2526.csv,3e3a8352,b365_closing,0.485,0.2522,0.2627
2026-05-01,Leeds,Burnley,1.36,4.93,8.54,0.6968,0.1922,0.111,avg_closing,avg_closing,closing,1.0552,2026-09-13T03:33:42+00:00,E0_2526.csv,3e3a8352,b365_closing,0.6983,0.1899,0.1117
2026-05-02,Brentford,West Ham,1.86,3.86,3.8,0.5073,0.2444,0.2483,avg_closing,avg_closing,closing,1.0599,2026-09-13T03:33:42+00:00,E0_2526.csv,3e3a8352,b365_closing,0.5067,0.2467,0.2467
2026-05-02,Newcastle,Brighton,2.66,3.6,2.46,0.3546,0.262,0.3834,avg_closing,avg_closing,closing,1.0602,2026-09-13T03:33:42+00:00,E0_2526.csv,3e3a8352,b365_closing,0.3506,0.263,0.3864
2026-05-02,Wolves,Sunderland,3.67,3.52,1.98,0.2567,0.2676,0.4757,avg_closing,avg_closing,closing,1.0616,2026-09-13T03:33:42+00:00,E0_2526.csv,3e3a8352,b365_closing,0.2612,0.2687,0.4701
2026-05-02,Arsenal,Fulham,1.45,4.42,7.02,0.6516,0.2138,0.1346,avg_closing,avg_closing,closing,1.0583,2026-09-13T03:33:42+00:00,E0_2526.csv,3e3a8352,b365_closing,0.6539,0.2107,0.1354
2026-05-03,Bournemouth,Crystal Palace,1.56,4.23,5.36,0.6025,0.2222,0.1753,avg_closing,avg_closing,closing,1.064,2026-09-13T03:33:42+00:00,E0_2526.csv,3e3a8352,b365_closing,0.6049,0.2165,0.1786
2026-05-03,Man United,Liverpool,2.35,3.71,2.74,0.4014,0.2543,0.3443,avg_closing,avg_closing,closing,1.06,2026-09-13T03:33:42+00:00,E0_2526.csv,3e3a8352,b365_closing,0.4055,0.2541,0.3403
2026-05-03,Aston Villa,Tottenham,2.24,3.54,2.99,0.4198,0.2657,0.3145,avg_closing,avg_closing,closing,1.0634,2026-09-13T03:33:42+00:00,E0_2526.csv,3e3a8352,b365_closing,0.4211,0.2632,0.3158
2026-05-04,Chelsea,Nott'm Forest,1.41,4.78,7.11,0.6697,0.1975,0.1328,avg_closing,avg_closing,closing,1.0591,2026-09-13T03:33:42+00:00,E0_2526.csv,3e3a8352,b365_closing,0.6659,0.1991,0.1351
2026-05-04,Everton,Man City,6.69,4.61,1.44,0.1409,0.2045,0.6546,avg_closing,avg_closing,closing,1.0608,2026-09-13T03:33:42+00:00,E0_2526.csv,3e3a8352,b365_closing,0.1453,0.1988,0.6559
2026-05-09,Liverpool,Chelsea,1.99,3.69,3.48,0.4737,0.2555,0.2709,avg_closing,avg_closing,closing,1.0609,2026-09-13T03:33:42+00:00,E0_2526.csv,3e3a8352,b365_closing,0.4713,0.2514,0.2773
2026-05-09,Brighton,Wolves,1.27,5.95,9.93,0.7455,0.1591,0.0953,avg_closing,avg_closing,closing,1.0562,2026-09-13T03:33:42+00:00,E0_2526.csv,3e3a8352,b365_closing,0.7362,0.1583,0.1055
2026-05-09,Fulham,Bournemouth,2.63,3.6,2.47,0.3577,0.2613,0.3809,avg_closing,avg_closing,closing,1.0629,2026-09-13T03:33:42+00:00,E0_2526.csv,3e3a8352,b365_closing,0.3506,0.263,0.3864
2026-05-09,Sunderland,Man United,3.21,3.51,2.15,0.2935,0.2684,0.4382,avg_closing,avg_closing,closing,1.0615,2026-09-13T03:33:42+00:00,E0_2526.csv,3e3a8352,b365_closing,0.2961,0.2632,0.4407
2026-05-09,Man City,Brentford,1.34,5.57,7.32,0.7024,0.169,0.1286,avg_closing,avg_closing,closing,1.0624,2026-09-13T03:33:42+00:00,E0_2526.csv,3e3a8352,b365_closing,0.6937,0.1715,0.1348
2026-05-10,Burnley,Aston Villa,6.34,4.42,1.48,0.1488,0.2135,0.6376,avg_closing,avg_closing,closing,1.0596,2026-09-13T03:33:42+00:00,E0_2526.csv,3e3a8352,b365_closing,0.1512,0.2101,0.6387
2026-05-10,Crystal Palace,Everton,2.78,3.25,2.54,0.339,0.29,0.371,avg_closing,avg_closing,closing,1.0611,2026-09-13T03:33:42+00:00,E0_2526.csv,3e3a8352,b365_closing,0.3434,0.2862,0.3704
2026-05-10,Nott'm Forest,Newcastle,3.27,3.44,2.15,0.2881,0.2738,0.4381,avg_closing,avg_closing,closing,1.0616,2026-09-13T03:33:42+00:00,E0_2526.csv,3e3a8352,b365_closing,0.2706,0.2785,0.4509
2026-05-10,West Ham,Arsenal,5.83,4.14,1.54,0.1614,0.2274,0.6112,avg_closing,avg_closing,closing,1.0624,2026-09-13T03:33:42+00:00,E0_2526.csv,3e3a8352,b365_closing,0.1587,0.2268,0.6145
2026-05-11,Tottenham,Leeds,1.81,3.73,4.15,0.5205,0.2526,0.227,avg_closing,avg_closing,closing,1.0615,2026-09-13T03:33:42+00:00,E0_2526.csv,3e3a8352,b365_closing,0.5181,0.2562,0.2257
2026-05-13,Man City,Crystal Palace,1.3,5.7,8.53,0.7244,0.1652,0.1104,avg_closing,avg_closing,closing,1.0619,2026-09-13T03:33:42+00:00,E0_2526.csv,3e3a8352,b365_closing,0.7301,0.1582,0.1117
2026-05-15,Aston Villa,Liverpool,2.68,3.42,2.5,0.3502,0.2744,0.3754,avg_closing,avg_closing,closing,1.0655,2026-09-13T03:33:42+00:00,E0_2526.csv,3e3a8352,b365_closing,0.3505,0.2784,0.3711
2026-05-17,Man United,Nott'm Forest,1.56,4.42,5.12,0.6033,0.2129,0.1838,avg_closing,avg_closing,closing,1.0626,2026-09-13T03:33:42+00:00,E0_2526.csv,3e3a8352,b365_closing,0.6099,0.2101,0.1801
2026-05-17,Brentford,Crystal Palace,1.72,3.9,4.41,0.5461,0.2409,0.213,avg_closing,avg_closing,closing,1.0646,2026-09-13T03:33:42+00:00,E0_2526.csv,3e3a8352,b365_closing,0.5397,0.2422,0.2181
2026-05-17,Everton,Sunderland,1.84,3.58,4.13,0.5103,0.2623,0.2274,avg_closing,avg_closing,closing,1.0649,2026-09-13T03:33:42+00:00,E0_2526.csv,3e3a8352,b365_closing,0.5327,0.252,0.2153
2026-05-17,Leeds,Brighton,3.43,3.48,2.04,0.2727,0.2688,0.4585,avg_closing,avg_closing,closing,1.0691,2026-09-13T03:33:42+00:00,E0_2526.csv,3e3a8352,b365_closing,0.2697,0.2697,0.4605
2026-05-17,Wolves,Fulham,4.03,3.63,1.84,0.2325,0.2582,0.5093,avg_closing,avg_closing,closing,1.0671,2026-09-13T03:33:42+00:00,E0_2526.csv,3e3a8352,b365_closing,0.2332,0.2487,0.5181
2026-05-17,Newcastle,West Ham,2.05,3.81,3.15,0.4569,0.2458,0.2973,avg_closing,avg_closing,closing,1.0677,2026-09-13T03:33:42+00:00,E0_2526.csv,3e3a8352,b365_closing,0.4616,0.2426,0.2957
2026-05-18,Arsenal,Burnley,1.09,10.11,22.69,0.8652,0.0933,0.0416,avg_closing,avg_closing,closing,1.0604,2026-09-13T03:33:42+00:00,E0_2526.csv,3e3a8352,b365_closing,0.8689,0.0947,0.0364
2026-05-19,Bournemouth,Man City,4.62,4.24,1.63,0.2031,0.2213,0.5756,avg_closing,avg_closing,closing,1.0658,2026-09-13T03:33:42+00:00,E0_2526.csv,3e3a8352,b365_closing,0.2005,0.2116,0.5879
2026-05-19,Chelsea,Tottenham,2.19,3.28,3.25,0.4271,0.2851,0.2878,avg_closing,avg_closing,closing,1.0692,2026-09-13T03:33:42+00:00,E0_2526.csv,3e3a8352,b365_closing,0.4212,0.2916,0.2872
2026-05-24,Brighton,Man United,1.87,4.08,3.49,0.5015,0.2298,0.2687,avg_closing,avg_closing,closing,1.0664,2026-09-13T03:33:42+00:00,E0_2526.csv,3e3a8352,b365_closing,0.5113,0.2185,0.2703
2026-05-24,Burnley,Wolves,2.39,3.42,2.82,0.3927,0.2744,0.3328,avg_closing,avg_closing,closing,1.0654,2026-09-13T03:33:42+00:00,E0_2526.csv,3e3a8352,b365_closing,0.3998,0.2763,0.3239
2026-05-24,Crystal Palace,Arsenal,3.97,3.66,1.86,0.237,0.2571,0.5059,avg_closing,avg_closing,closing,1.0627,2026-09-13T03:33:42+00:00,E0_2526.csv,3e3a8352,b365_closing,0.2296,0.2615,0.5089
2026-05-24,Fulham,Newcastle,2.54,3.63,2.53,0.3699,0.2588,0.3713,avg_closing,avg_closing,closing,1.0644,2026-09-13T03:33:42+00:00,E0_2526.csv,3e3a8352,b365_closing,0.3792,0.2562,0.3646
2026-05-24,Liverpool,Brentford,1.77,4.06,3.96,0.5311,0.2315,0.2374,avg_closing,avg_closing,closing,1.0638,2026-09-13T03:33:42+00:00,E0_2526.csv,3e3a8352,b365_closing,0.5263,0.2368,0.2368
2026-05-24,Man City,Aston Villa,1.39,5.15,6.71,0.677,0.1827,0.1402,avg_closing,avg_closing,closing,1.0626,2026-09-13T03:33:42+00:00,E0_2526.csv,3e3a8352,b365_closing,0.6656,0.189,0.1454
2026-05-24,Nott'm Forest,Bournemouth,3.54,3.7,1.96,0.2658,0.2543,0.48,avg_closing,avg_closing,closing,1.063,2026-09-13T03:33:42+00:00,E0_2526.csv,3e3a8352,b365_closing,0.2557,0.249,0.4953
2026-05-24,Sunderland,Chelsea,3.39,3.65,2.03,0.2779,0.2581,0.464,avg_closing,avg_closing,closing,1.0616,2026-09-13T03:33:42+00:00,E0_2526.csv,3e3a8352,b365_closing,0.2875,0.2497,0.4628
2026-05-24,Tottenham,Everton,1.87,3.48,4.1,0.5016,0.2696,0.2288,avg_closing,avg_closing,closing,1.066,2026-09-13T03:33:42+00:00,E0_2526.csv,3e3a8352,b365_closing,0.4971,0.2713,0.2316
2026-05-24,West Ham,Leeds,1.7,4.11,4.35,0.5542,0.2292,0.2166,avg_closing,avg_closing,closing,1.0614,2026-09-13T03:33:42+00:00,E0_2526.csv,3e3a8352,b365_closing,0.5579,0.2313,0.2108
