season,date,home,away,hs,as_,ph,pd,pa,cold
2016-17,2016-08-13,Middlesbrough,Stoke,1,1,0.27738144953706023,0.4065679596738156,0.3160505907891241,False
2016-17,2016-08-13,Burnley,Swansea,0,1,0.2918303671867085,0.3227727819701741,0.38539685084311737,False
2016-17,2016-08-13,Crystal Palace,West Brom,0,1,0.4483048234156125,0.29812625445269153,0.25356892213169596,False
2016-17,2016-08-13,Everton,Tottenham,1,1,0.3906332084590461,0.2580048859190742,0.3513619056218797,False
2016-17,2016-08-13,Hull,Leicester,2,1,0.22368231229828692,0.2808769954012351,0.4954406923004778,False
2016-17,2016-08-13,Man City,Sunderland,2,1,0.7667671363551916,0.14975603833056864,0.08347682531423975,False
2016-17,2016-08-13,Southampton,Watford,1,1,0.5891060595273201,0.24839213953262052,0.1625018009400596,False
2016-17,2016-08-14,Arsenal,Liverpool,3,4,0.5638017540032056,0.22312701629714074,0.21307122969965364,False
2016-17,2016-08-14,Bournemouth,Man United,1,3,0.22111464262500502,0.24376801030890058,0.5351173470660946,False
2016-17,2016-08-15,Chelsea,West Ham,2,1,0.6156166402312819,0.21383222967279994,0.1705511300959182,False
2016-17,2016-08-19,Man United,Southampton,2,0,0.4978401917264329,0.2689163748536558,0.23324343341991133,False
2016-17,2016-08-20,Burnley,Liverpool,2,0,0.20299654818208746,0.26673584125548777,0.5302676105624249,False
2016-17,2016-08-20,Leicester,Arsenal,0,0,0.3972319861079365,0.2692002212067131,0.33356779268535025,False
2016-17,2016-08-20,Stoke,Man City,1,4,0.21537560677949288,0.24110759688801678,0.5435167963324902,False
2016-17,2016-08-20,Swansea,Hull,0,2,0.5215474355969532,0.2776895755990732,0.20076298880397367,False
2016-17,2016-08-20,Tottenham,Crystal Palace,1,0,0.6199407393075849,0.22581715511195272,0.15424210558046234,False
2016-17,2016-08-20,Watford,Chelsea,1,2,0.2546421264881866,0.271389824133789,0.4739680493780244,False
2016-17,2016-08-20,West Brom,Everton,1,2,0.3324363120639912,0.28343516754255266,0.38412852039345624,False
2016-17,2016-08-21,Sunderland,Middlesbrough,1,2,0.4297630073859495,0.37572338000859923,0.1945136126054512,False
2016-17,2016-08-21,West Ham,Bournemouth,1,0,0.5967065644935653,0.21594466028068157,0.18734877522575316,False
2016-17,2016-08-27,Watford,Arsenal,1,3,0.23007036970334593,0.2694955514268398,0.5004340788698145,False
2016-17,2016-08-27,Tottenham,Liverpool,1,1,0.4929145390716795,0.23386399865939458,0.2732214622689261,False
2016-17,2016-08-27,Southampton,Sunderland,1,1,0.62830951888644,0.2236888255838341,0.14800165552972583,False
2016-17,2016-08-27,Leicester,Swansea,2,1,0.6042075030233534,0.2302734470025016,0.16551904997414504,False
2016-17,2016-08-27,Chelsea,Burnley,3,0,0.7251205871688284,0.19142167864636786,0.08345773418480382,False
2016-17,2016-08-27,Everton,Stoke,1,0,0.5415795284016235,0.25035768741874725,0.2080627841796292,False
2016-17,2016-08-27,Crystal Palace,Bournemouth,1,1,0.499270544951951,0.2596811155809203,0.24104833946712867,False
2016-17,2016-08-27,Hull,Man United,0,1,0.20220871565057646,0.2820420779272178,0.5157492064222056,False
2016-17,2016-08-28,West Brom,Middlesbrough,0,0,0.41628162606992697,0.3943300971376845,0.18938827679238843,False
2016-17,2016-08-28,Man City,West Ham,3,1,0.6928033512105745,0.1794315761471436,0.127765072642282,False
2016-17,2016-09-10,Stoke,Tottenham,0,4,0.2988993147431377,0.26929697734924646,0.43180370790761585,False
2016-17,2016-09-10,Middlesbrough,Crystal Palace,1,2,0.27789107859572537,0.417036190490035,0.30507273091423975,False
2016-17,2016-09-10,West Ham,Watford,2,4,0.5180416366775747,0.2620593945890843,0.21989896873334092,False
2016-17,2016-09-10,Man United,Man City,1,2,0.39890158580396357,0.2633786187510674,0.3377197954449691,False
2016-17,2016-09-10,Arsenal,Southampton,2,1,0.538451562478999,0.2494039115836598,0.2121445259373414,False
2016-17,2016-09-10,Burnley,Hull,1,1,0.35502289953189625,0.3510417713824391,0.29393532908566455,False
2016-17,2016-09-10,Liverpool,Leicester,4,1,0.44920332418285164,0.24818881494623138,0.30260786087091707,False
2016-17,2016-09-10,Bournemouth,West Brom,1,0,0.4306284021375555,0.27094619424592586,0.2984254036165186,False
2016-17,2016-09-11,Swansea,Chelsea,2,2,0.2838771454282908,0.2636139548332883,0.4525088997384209,False
2016-17,2016-09-12,Sunderland,Everton,0,3,0.335358968823381,0.2704957335525471,0.3941452976240718,False
2016-17,2016-09-16,Chelsea,Liverpool,1,2,0.5337187256959314,0.22732328766727694,0.23895798663679174,False
2016-17,2016-09-17,Everton,Middlesbrough,3,1,0.5383519768711749,0.32395154802912307,0.13769647509970215,False
2016-17,2016-09-17,Hull,Arsenal,1,4,0.18374459777185664,0.260045058427451,0.5562103438006923,False
2016-17,2016-09-17,Leicester,Burnley,3,0,0.6895824520906995,0.2144874741999002,0.09593007370940013,False
2016-17,2016-09-17,Man City,Bournemouth,4,0,0.8077054316931888,0.12285694659773323,0.06943762170907797,False
2016-17,2016-09-17,West Brom,West Ham,4,2,0.3591307399465073,0.2829417808639585,0.3579274791895338,False
2016-17,2016-09-18,Watford,Man United,3,1,0.250100782858771,0.28824998468116725,0.46164923246006184,False
2016-17,2016-09-18,Tottenham,Sunderland,1,0,0.6623652094900929,0.20102615584267794,0.1366086346672291,False
2016-17,2016-09-18,Crystal Palace,Stoke,4,1,0.42468741489826534,0.29614048122039294,0.2791721038813418,False
2016-17,2016-09-18,Southampton,Swansea,1,0,0.5739439058449651,0.244519933816707,0.1815361603383281,False
2016-17,2016-09-24,Arsenal,Chelsea,3,0,0.49697878914209875,0.24898978913158346,0.25403142172631776,False
2016-17,2016-09-24,Bournemouth,Everton,1,0,0.32206801282986175,0.25184739255723976,0.4260845946128986,False
2016-17,2016-09-24,Liverpool,Hull,5,1,0.6798473361750496,0.19948125524073862,0.12067140858421173,False
2016-17,2016-09-24,Man United,Leicester,4,1,0.4791308909572203,0.2684856869012264,0.2523834221415533,False
2016-17,2016-09-24,Middlesbrough,Tottenham,1,2,0.19222203862080794,0.35309807618911176,0.45467988519008035,False
2016-17,2016-09-24,Stoke,West Brom,1,1,0.4625925782881013,0.28861312420791924,0.24879429750397947,False
2016-17,2016-09-24,Sunderland,Crystal Palace,2,3,0.4140055168355314,0.2909936572316828,0.29500082593278587,False
2016-17,2016-09-24,Swansea,Man City,1,3,0.23101901493167248,0.24115805693616246,0.5278229281321651,False
2016-17,2016-09-25,West Ham,Southampton,0,3,0.3689874615407738,0.2719029989794415,0.3591095394797845,False
2016-17,2016-09-26,Burnley,Watford,2,0,0.3096739164072265,0.3409831302141646,0.34934295337860893,False
2016-17,2016-09-30,Everton,Crystal Palace,1,1,0.5424272915493391,0.2554031725416017,0.20216953590905923,False
2016-17,2016-10-01,Hull,Chelsea,0,2,0.20439672307867546,0.26427815435153695,0.5313251225697875,False
2016-17,2016-10-01,Sunderland,West Brom,1,1,0.4363229081883019,0.28716019864762593,0.27651689316407224,False
2016-17,2016-10-01,Swansea,Liverpool,1,2,0.33326202301678776,0.2560004629170296,0.41073751406618264,False
2016-17,2016-10-01,Watford,Bournemouth,2,2,0.4944545550020316,0.2614738236876011,0.24407162131036725,False
2016-17,2016-10-01,West Ham,Middlesbrough,1,1,0.5169722097036515,0.33254308939184024,0.15048470090450825,False
2016-17,2016-10-02,Burnley,Arsenal,0,1,0.15422727213123297,0.26213755616386286,0.5836351717049041,False
2016-17,2016-10-02,Leicester,Southampton,0,0,0.4746652663744193,0.26715011536390454,0.2581846182616763,False
2016-17,2016-10-02,Man United,Stoke,1,1,0.6360324130825106,0.22611928248013832,0.13784830443735113,False
2016-17,2016-10-02,Tottenham,Man City,2,0,0.36636407208006905,0.2477220187821992,0.3859139091377316,False
2016-17,2016-10-15,West Brom,Tottenham,1,1,0.27059449816595255,0.2709482362010187,0.4584572656330288,False
2016-17,2016-10-15,Stoke,Sunderland,2,0,0.4768532135470192,0.27407889741785124,0.24906788903512958,False
2016-17,2016-10-15,Man City,Everton,1,1,0.6622671196718966,0.19215235143953727,0.1455805288885662,False
2016-17,2016-10-15,Chelsea,Leicester,3,0,0.4910211467005052,0.2528131666393818,0.25616568666011297,False
2016-17,2016-10-15,Bournemouth,Hull,6,1,0.46987701555087447,0.27387884269815005,0.25624414175097543,False
2016-17,2016-10-15,Arsenal,Swansea,3,2,0.6667312402028936,0.20352984741943897,0.12973891237766744,False
2016-17,2016-10-15,Crystal Palace,West Ham,0,1,0.38016738386515875,0.28327632162917615,0.33655629450566515,False
2016-17,2016-10-16,Middlesbrough,Watford,0,1,0.27965987484855687,0.4184322515199079,0.30190787363153515,False
2016-17,2016-10-16,Southampton,Burnley,3,1,0.6612030903571272,0.2321978312943587,0.10659907834851387,False
2016-17,2016-10-17,Liverpool,Man United,0,0,0.4114675031900185,0.2586750750127997,0.3298574217971819,False
2016-17,2016-10-22,Leicester,Crystal Palace,3,1,0.6162398302586325,0.23364356552060456,0.15011660422076276,False
2016-17,2016-10-22,Swansea,Watford,0,0,0.4668621102209346,0.284329754371578,0.2488081354074874,False
2016-17,2016-10-22,Liverpool,West Brom,2,1,0.6471127285169577,0.2077605434593455,0.145126728023697,False
2016-17,2016-10-22,West Ham,Sunderland,1,0,0.5552447822442337,0.2407038908699116,0.20405132688585464,False
2016-17,2016-10-22,Hull,Stoke,0,2,0.35504611729987867,0.3122806336272005,0.3326732490729206,False
2016-17,2016-10-22,Bournemouth,Tottenham,0,0,0.2547739591118303,0.23629966905666838,0.5089263718315011,False
2016-17,2016-10-22,Arsenal,Middlesbrough,0,0,0.647235879029604,0.26746452722467445,0.08529959374572141,False
2016-17,2016-10-22,Burnley,Everton,2,1,0.24413813914951676,0.3002451789584447,0.4556166818920387,False
2016-17,2016-10-23,Chelsea,Man United,4,0,0.45260936183792333,0.26629175373318736,0.28109888442888936,False
2016-17,2016-10-23,Man City,Southampton,1,1,0.5878219739694668,0.22475809415535672,0.18741993187517642,False
2016-17,2016-10-29,West Brom,Man City,0,4,0.19260951471658122,0.23802594203696342,0.5693645432464554,False
2016-17,2016-10-29,Tottenham,Leicester,1,1,0.45296718412917686,0.25752752419170316,0.28950529167912,False
2016-17,2016-10-29,Sunderland,Arsenal,1,4,0.21459530574637475,0.24849678673498807,0.5369079075186369,False
2016-17,2016-10-29,Watford,Hull,1,0,0.47732781696318094,0.30199640575805853,0.22067577727876064,False
2016-17,2016-10-29,Man United,Burnley,0,0,0.7028927220378696,0.21118618320200325,0.08592109476012716,False
2016-17,2016-10-29,Crystal Palace,Liverpool,2,4,0.3029903627250615,0.2649996729807703,0.4320099642941683,False
2016-17,2016-10-29,Middlesbrough,Bournemouth,2,0,0.33071455351810997,0.37199685487973183,0.29728859160215815,False
2016-17,2016-10-30,Everton,West Ham,2,0,0.4954386743291722,0.24824725274405643,0.25631407292677133,False
2016-17,2016-10-30,Southampton,Chelsea,0,2,0.40407605015703285,0.26942037590158113,0.326503573941386,False
2016-17,2016-10-31,Stoke,Swansea,3,1,0.4235042714823758,0.2842763658245452,0.2922193626930789,False
2016-17,2016-11-05,Bournemouth,Sunderland,1,2,0.4423963237083154,0.25815975954793163,0.2994439167437529,False
2016-17,2016-11-05,Burnley,Crystal Palace,3,2,0.3072220082276848,0.3397232054824333,0.35305478628988196,False
2016-17,2016-11-05,Chelsea,Everton,5,0,0.5841817377106593,0.22482398092897335,0.19099428136036725,False
2016-17,2016-11-05,Man City,Middlesbrough,1,1,0.6959205050027967,0.23034324554283622,0.07373624945436713,False
2016-17,2016-11-05,West Ham,Stoke,1,1,0.5135857840712852,0.25691242842735257,0.22950178750136227,False
2016-17,2016-11-06,Swansea,Man United,1,3,0.2783336460982684,0.27950525338203674,0.4421611005196949,False
2016-17,2016-11-06,Leicester,West Brom,1,2,0.6390942192317999,0.22373575317552558,0.13717002759267463,False
2016-17,2016-11-06,Liverpool,Watford,6,1,0.6259649843085944,0.21687065971058234,0.15716435598082326,False
2016-17,2016-11-06,Arsenal,Tottenham,1,1,0.5393582794771677,0.23770734776164268,0.22293437276118938,False
2016-17,2016-11-06,Hull,Southampton,2,1,0.23999847112864478,0.29251496967072416,0.467486559200631,False
2016-17,2016-11-19,Crystal Palace,Man City,1,2,0.20923160493511575,0.2458522943858201,0.5449161006790642,False
2016-17,2016-11-19,Everton,Swansea,1,1,0.5267878708969916,0.25029067693915635,0.2229214521638519,False
2016-17,2016-11-19,Man United,Arsenal,1,1,0.4224536344111097,0.2745112968930475,0.30303506869584274,False
2016-17,2016-11-19,Southampton,Liverpool,0,0,0.4649182309353078,0.2504958223009044,0.28458594676378784,False
2016-17,2016-11-19,Stoke,Bournemouth,0,1,0.5146132491948012,0.25057976792744757,0.23480698287775112,False
2016-17,2016-11-19,Sunderland,Hull,3,0,0.47230788414536046,0.2897837386673419,0.2379083771872978,False
2016-17,2016-11-19,Tottenham,West Ham,3,2,0.5779624211688807,0.22456822045123226,0.19746935837988705,False
2016-17,2016-11-19,Watford,Leicester,2,1,0.27576115894918507,0.2848223555060632,0.4394164855447519,False
2016-17,2016-11-20,Middlesbrough,Chelsea,0,1,0.17224592189282475,0.3455637368744336,0.4821903412327416,False
2016-17,2016-11-21,West Brom,Burnley,4,0,0.489483800600519,0.31239609510467714,0.1981201042948038,False
2016-17,2016-11-26,Swansea,Crystal Palace,5,4,0.4639301813291329,0.28413173250218676,0.2519380861686802,False
2016-17,2016-11-26,Liverpool,Sunderland,2,0,0.6658176093958257,0.19340620077957024,0.1407761898246043,False
2016-17,2016-11-26,Leicester,Middlesbrough,2,2,0.5952519764703392,0.29942886628969717,0.1053191572399634,False
2016-17,2016-11-26,Burnley,Man City,1,2,0.13520812189800582,0.23210372542346544,0.6326881526785286,False
2016-17,2016-11-26,Chelsea,Tottenham,2,1,0.5102069480290039,0.24101394693040556,0.24877910504059056,False
2016-17,2016-11-26,Hull,West Brom,1,1,0.3777082417598271,0.31796254353828113,0.30432921470189167,False
2016-17,2016-11-27,Arsenal,Bournemouth,3,1,0.7614284836136093,0.15096607847113966,0.0876054379152514,False
2016-17,2016-11-27,Man United,West Ham,1,1,0.5989695771392933,0.22967363266075644,0.1713567901999502,False
2016-17,2016-11-27,Southampton,Everton,1,0,0.5154348887225624,0.2535137473672872,0.23105136391015046,False
2016-17,2016-11-27,Watford,Stoke,0,1,0.4203644787220708,0.297637995894181,0.28199752538374817,False
2016-17,2016-12-03,West Ham,Arsenal,1,5,0.2936314760851357,0.25808953958625025,0.4482789843286142,False
2016-17,2016-12-03,West Brom,Watford,3,1,0.40933216828140373,0.3054236541017591,0.2852441776168371,False
2016-17,2016-12-03,Tottenham,Swansea,5,0,0.6068152828056557,0.2228820850007078,0.17030263219363653,False
2016-17,2016-12-03,Man City,Chelsea,1,3,0.5456022770003548,0.22756474419503736,0.22683297880460784,False
2016-17,2016-12-03,Stoke,Burnley,2,0,0.5244685696089355,0.2952095217723214,0.18032190861874303,False
2016-17,2016-12-03,Crystal Palace,Southampton,3,0,0.29714601250337774,0.2932587021487474,0.4095952853478748,False
2016-17,2016-12-03,Sunderland,Leicester,2,1,0.26115875621169415,0.2659793041096517,0.4728619396786542,False
2016-17,2016-12-04,Bournemouth,Liverpool,4,3,0.2658256561557979,0.2282392684666797,0.5059350753775224,False
2016-17,2016-12-04,Everton,Man United,1,1,0.34263217795846757,0.2752120398188933,0.382155782222639,False
2016-17,2016-12-05,Middlesbrough,Hull,1,0,0.3142433876093894,0.42979462187096773,0.25596199051964286,False
2016-17,2016-12-10,Watford,Everton,3,2,0.34888322733392624,0.2857616365864546,0.36535513607961917,False
2016-17,2016-12-10,Leicester,Man City,4,2,0.3718447505813952,0.2568286928632917,0.3713265565553132,False
2016-17,2016-12-10,Swansea,Sunderland,3,0,0.501756802031391,0.26394257336841875,0.2343006246001904,False
2016-17,2016-12-10,Burnley,Bournemouth,3,2,0.3624039482399247,0.30287818208271666,0.3347178696773586,False
2016-17,2016-12-10,Arsenal,Stoke,3,1,0.6783898853009525,0.20123938149643084,0.12037073320261663,False
2016-17,2016-12-10,Hull,Crystal Palace,3,3,0.3577481411904753,0.3200960848627963,0.3221557739467284,False
2016-17,2016-12-11,Chelsea,West Brom,1,0,0.676484921859835,0.20288130590344672,0.12063377223671842,False
2016-17,2016-12-11,Liverpool,West Ham,2,2,0.5779607395333797,0.21689676169447156,0.20514249877214885,False
2016-17,2016-12-11,Man United,Tottenham,1,0,0.49807654334495755,0.25609918346399846,0.2458242731910441,False
2016-17,2016-12-11,Southampton,Middlesbrough,1,0,0.5679036761532219,0.3180633818978169,0.11403294194896099,False
2016-17,2016-12-13,Bournemouth,Leicester,1,0,0.24608450900587953,0.2436326623092097,0.5102828286849108,False
2016-17,2016-12-13,Everton,Arsenal,2,1,0.31976789967462416,0.2624543720644613,0.4177777282609144,False
2016-17,2016-12-14,West Brom,Swansea,3,1,0.38963416896819036,0.2938283400580441,0.3165374909737657,False
2016-17,2016-12-14,West Ham,Burnley,1,0,0.6012830553877568,0.2523774041557915,0.14633954045645145,False
2016-17,2016-12-14,Tottenham,Hull,3,0,0.6744773105566657,0.20808701959052986,0.11743566985280436,False
2016-17,2016-12-14,Sunderland,Chelsea,0,1,0.23892414071110774,0.25181201858599417,0.5092638407028983,False
2016-17,2016-12-14,Middlesbrough,Liverpool,0,3,0.2011932943531781,0.3396030880060154,0.4592036176408064,False
2016-17,2016-12-14,Man City,Watford,2,0,0.728147763317869,0.17476429606845545,0.09708794061367547,False
2016-17,2016-12-14,Crystal Palace,Man United,1,2,0.2532244292122762,0.2880216570738776,0.4587539137138461,False
2016-17,2016-12-14,Stoke,Southampton,0,0,0.3066245510608926,0.2866454893390098,0.40672995960009767,False
2016-17,2016-12-17,Crystal Palace,Chelsea,0,1,0.2579059422014119,0.2712346326673328,0.47085942513125534,False
2016-17,2016-12-17,Middlesbrough,Swansea,3,0,0.2683998507975472,0.39777241236894473,0.3338277368335081,False
2016-17,2016-12-17,Stoke,Leicester,2,2,0.28796463307808606,0.2782993034520718,0.43373606346984206,False
2016-17,2016-12-17,Sunderland,Watford,1,0,0.4170113228256924,0.2914957886122886,0.29149288856201894,False
2016-17,2016-12-17,West Brom,Man United,0,2,0.23625618571411927,0.2823866122704523,0.48135720201542864,False
2016-17,2016-12-17,West Ham,Hull,1,0,0.5740886584999904,0.2512384312878993,0.1746729102121103,False
2016-17,2016-12-18,Man City,Arsenal,2,1,0.5069042222266504,0.2396417033673057,0.2534540744060439,False
2016-17,2016-12-18,Tottenham,Burnley,2,1,0.6964142313668458,0.20582173132946735,0.09776403730368673,False
2016-17,2016-12-18,Bournemouth,Southampton,1,3,0.2660162521586287,0.2538915243507236,0.48009222349064773,False
2016-17,2016-12-19,Everton,Liverpool,0,1,0.4091308674048182,0.24690321015300343,0.3439659224421784,False
2016-17,2016-12-26,Arsenal,West Brom,1,0,0.6986025141029641,0.19490804778026694,0.10648943811676925,False
2016-17,2016-12-26,Burnley,Middlesbrough,1,0,0.3211226957822605,0.4520676841082072,0.22680962010953226,False
2016-17,2016-12-26,Chelsea,Bournemouth,3,0,0.7393995987771161,0.15974697730551904,0.10085342391736479,False
2016-17,2016-12-26,Hull,Man City,0,3,0.16210165645734365,0.2326839624827348,0.6052143810599216,False
2016-17,2016-12-26,Leicester,Everton,0,2,0.5457403056059831,0.2415842424097944,0.21267545198422255,False
2016-17,2016-12-26,Man United,Sunderland,3,1,0.6766203877448558,0.2044762175563913,0.11890339469875283,False
2016-17,2016-12-26,Swansea,West Ham,1,4,0.4154544340182026,0.2690615933424821,0.31548397263931527,False
2016-17,2016-12-26,Watford,Crystal Palace,1,1,0.4223174268496266,0.30438061881824563,0.2733019543321277,False
2016-17,2016-12-27,Liverpool,Stoke,4,1,0.623054111494578,0.2132150008319628,0.16373088767345928,False
2016-17,2016-12-28,Southampton,Tottenham,1,4,0.4438981205153744,0.263427153066382,0.29267472641824366,False
2016-17,2016-12-30,Hull,Everton,2,2,0.28777572160880227,0.2900108804202861,0.42221339797091173,False
2016-17,2016-12-31,Burnley,Sunderland,4,1,0.33457957152897516,0.3238794601274206,0.34154096834360437,False
2016-17,2016-12-31,Chelsea,Stoke,4,2,0.6549552643591903,0.2088798516510725,0.13616488398973697,False
2016-17,2016-12-31,Leicester,West Ham,1,0,0.5768636185077791,0.23166543538100853,0.1914709461112123,False
2016-17,2016-12-31,Liverpool,Man City,1,0,0.3585147378183845,0.2373246497884319,0.40416061239318374,False
2016-17,2016-12-31,Man United,Middlesbrough,2,1,0.6061273749820646,0.29864632562758936,0.09522629939034621,False
2016-17,2016-12-31,Southampton,West Brom,1,2,0.6093450792147705,0.23938195551923527,0.15127296526599418,False
2016-17,2016-12-31,Swansea,Bournemouth,0,3,0.540856817381353,0.23999845262695899,0.219144729991688,False
2016-17,2017-01-01,Arsenal,Crystal Palace,2,0,0.6766230413617771,0.20569982798596637,0.11767713065225652,False
2016-17,2017-01-01,Watford,Tottenham,1,4,0.286188964215508,0.2756227117103963,0.4381883240740956,False
2016-17,2017-01-02,West Ham,Man United,0,2,0.31672766446487377,0.27231827773517614,0.41095405779995,False
2016-17,2017-01-02,West Brom,Hull,3,1,0.461881032987029,0.30427587816998464,0.2338430888429865,False
2016-17,2017-01-02,Sunderland,Liverpool,2,2,0.2827488062147425,0.2484699656280521,0.46878122815720535,False
2016-17,2017-01-02,Man City,Burnley,2,1,0.789228943268308,0.15084201492453952,0.059929041807152486,False
2016-17,2017-01-02,Everton,Southampton,3,0,0.39637049659329826,0.27203435316377844,0.3315951502429233,False
2016-17,2017-01-02,Middlesbrough,Leicester,0,0,0.18491101780961788,0.36522666138459076,0.44986232080579136,False
2016-17,2017-01-03,Bournemouth,Arsenal,3,3,0.19831968071238204,0.2240387427235503,0.5776415765640677,False
2016-17,2017-01-03,Crystal Palace,Swansea,1,2,0.41033933508560017,0.29268065941642313,0.29698000549797665,False
2016-17,2017-01-03,Stoke,Watford,2,0,0.4432037232913408,0.29396883384648315,0.26282744286217596,False
2016-17,2017-01-04,Tottenham,Chelsea,2,0,0.42868416943833965,0.2535559306772663,0.317759899884394,False
2016-17,2017-01-14,Watford,Middlesbrough,0,0,0.4280302377077113,0.3922503184848736,0.17971944380741514,False
2016-17,2017-01-14,West Ham,Crystal Palace,3,0,0.515039338625761,0.2621376974953304,0.22282296387890865,False
2016-17,2017-01-14,Tottenham,West Brom,4,0,0.643307695838835,0.2160279046205232,0.14066439954064175,False
2016-17,2017-01-14,Swansea,Arsenal,0,4,0.2566705355194774,0.2627726918113907,0.48055677266913205,False
2016-17,2017-01-14,Leicester,Chelsea,0,3,0.43189990611801754,0.2619945831727484,0.306105510709234,False
2016-17,2017-01-14,Hull,Bournemouth,3,1,0.4208909011298258,0.2816220092564014,0.2974870896137727,False
2016-17,2017-01-14,Burnley,Southampton,1,0,0.20302086427943833,0.2998965085498054,0.49708262717075613,False
2016-17,2017-01-14,Sunderland,Stoke,1,3,0.41113012842255536,0.2844762999014625,0.30439357167598224,False
2016-17,2017-01-15,Everton,Man City,4,0,0.2924914199258257,0.2453754383839401,0.46213314169023406,False
2016-17,2017-01-15,Man United,Liverpool,1,1,0.5212539687124209,0.24176951536082064,0.23697651592675828,False
2016-17,2017-01-21,Stoke,Man United,1,1,0.26110935594290674,0.28192258541635024,0.45696805864074286,False
2016-17,2017-01-21,West Brom,Sunderland,2,0,0.44101374843904917,0.2864124381446383,0.2725738134163125,False
2016-17,2017-01-21,Middlesbrough,West Ham,1,3,0.24963759279290043,0.3772186052600697,0.3731438019470298,False
2016-17,2017-01-21,Man City,Tottenham,2,2,0.5895149681438708,0.2143010457457891,0.19618398611034027,False
2016-17,2017-01-21,Liverpool,Swansea,2,3,0.60865603318347,0.21492911062844547,0.17641485618808447,False
2016-17,2017-01-21,Crystal Palace,Everton,0,1,0.35288898906303795,0.28490348782330144,0.36220752311366056,False
2016-17,2017-01-21,Bournemouth,Watford,2,2,0.4105529647543596,0.27460946917401646,0.31483756607162394,False
2016-17,2017-01-22,Arsenal,Burnley,2,1,0.7432743398006689,0.18311988744553004,0.07360577275380104,False
2016-17,2017-01-22,Chelsea,Hull,2,0,0.7055110037501275,0.19416722446472814,0.10032177178514444,False
2016-17,2017-01-22,Southampton,Leicester,3,0,0.4268586780025172,0.2746626428623177,0.2984786791351651,False
2016-17,2017-01-31,Sunderland,Tottenham,0,0,0.270710891598746,0.25766714526774764,0.47162196313350646,False
2016-17,2017-01-31,Middlesbrough,West Brom,1,1,0.29255999066719923,0.41618298504866447,0.29125702428413625,False
2016-17,2017-01-31,Liverpool,Chelsea,1,1,0.42348250381119446,0.24409280417306245,0.3324246920157433,False
2016-17,2017-01-31,Swansea,Southampton,2,1,0.3260230947869136,0.2826120756613608,0.3913648295517256,False
2016-17,2017-01-31,Bournemouth,Crystal Palace,0,2,0.4072774759444165,0.27406359999056884,0.31865892406501456,False
2016-17,2017-01-31,Arsenal,Watford,1,2,0.6789961573699075,0.2050615516291964,0.11594229100089616,False
2016-17,2017-01-31,Burnley,Leicester,1,0,0.18867113580996497,0.28631910729326887,0.5250097568967661,False
2016-17,2017-02-01,Stoke,Everton,1,1,0.3642299032777467,0.2778462203082469,0.35792387641400636,False
2016-17,2017-02-01,West Ham,Man City,0,4,0.2661901358624864,0.23929879947075813,0.4945110646667553,False
2016-17,2017-02-01,Man United,Hull,0,0,0.6845028825357644,0.21272841973216428,0.10276869773207158,False
2016-17,2017-02-04,Chelsea,Arsenal,3,1,0.4311872154225925,0.25917617289541395,0.30963661168199363,False
2016-17,2017-02-04,Crystal Palace,Sunderland,0,4,0.46229843646237734,0.28329733093258563,0.25440423260503703,False
2016-17,2017-02-04,Everton,Bournemouth,6,3,0.6258881690855811,0.20701927382953614,0.1670925570848827,False
2016-17,2017-02-04,Hull,Liverpool,2,0,0.24154090080289106,0.2621525729142041,0.49630652628290484,False
2016-17,2017-02-04,Southampton,West Ham,1,3,0.546177742636899,0.24457986267397527,0.20924239468912603,False
2016-17,2017-02-04,Tottenham,Middlesbrough,1,0,0.603698745928552,0.2879441030919655,0.10835715097948263,False
2016-17,2017-02-04,Watford,Burnley,2,1,0.5040310774381513,0.30918818227558365,0.18678074028626507,False
2016-17,2017-02-04,West Brom,Stoke,1,0,0.4041618172317452,0.2979729440673326,0.29786523870092213,False
2016-17,2017-02-05,Leicester,Man United,0,3,0.41836346655251566,0.278050805443349,0.3035857280041353,False
2016-17,2017-02-05,Man City,Swansea,2,1,0.7166220112910104,0.1744713868208132,0.10890660188817616,False
2016-17,2017-02-11,West Ham,West Brom,2,2,0.5388490045402898,0.2549725248112832,0.20617847064842693,False
2016-17,2017-02-11,Sunderland,Southampton,0,4,0.27995326975169504,0.2756094822209485,0.44443724802735635,False
2016-17,2017-02-11,Stoke,Crystal Palace,1,0,0.440317073971347,0.2936314070405711,0.26605151898808194,False
2016-17,2017-02-11,Arsenal,Hull,2,0,0.7256829353690848,0.18589953819047006,0.08841752644044526,False
2016-17,2017-02-11,Man United,Watford,2,0,0.6368758562816014,0.23052054734483757,0.13260359637356112,False
2016-17,2017-02-11,Liverpool,Tottenham,2,0,0.46689959469086917,0.23783571393939745,0.29526469136973343,False
2016-17,2017-02-11,Middlesbrough,Everton,0,0,0.23192130972563685,0.3746739314382365,0.3934047588361267,False
2016-17,2017-02-12,Burnley,Chelsea,1,1,0.17171585627400537,0.26740421461575054,0.5608799291102441,False
2016-17,2017-02-12,Swansea,Leicester,2,0,0.3067128932284574,0.2751786038864965,0.4181085028850461,False
2016-17,2017-02-13,Bournemouth,Man City,0,2,0.17193293671141696,0.19927322059128724,0.6287938426972958,False
2016-17,2017-02-25,Watford,West Ham,1,1,0.3759748589070748,0.28432346923604046,0.3397016718568848,False
2016-17,2017-02-25,West Brom,Bournemouth,2,1,0.47658207047221646,0.2637464745704723,0.25967145495731137,False
2016-17,2017-02-25,Hull,Burnley,1,1,0.4376047420743018,0.33720897904186653,0.22518627888383153,False
2016-17,2017-02-25,Everton,Sunderland,2,0,0.5834831560248752,0.23278491867126322,0.1837319253038616,False
2016-17,2017-02-25,Crystal Palace,Middlesbrough,1,0,0.43198301393380956,0.38989666054050365,0.17812032552568674,False
2016-17,2017-02-25,Chelsea,Swansea,3,1,0.6423668307592058,0.21093977233644226,0.146693396904352,False
2016-17,2017-02-26,Tottenham,Stoke,4,0,0.62038717963062,0.22132105853782472,0.15829176183155533,False
2016-17,2017-02-27,Leicester,Liverpool,3,1,0.49519675578005656,0.24111902940085292,0.26368421481909066,False
2016-17,2017-03-04,Leicester,Hull,3,1,0.6689839505895558,0.2161164730318337,0.11489957637861045,False
2016-17,2017-03-04,Liverpool,Arsenal,3,1,0.3873839460960129,0.24982698840059808,0.36278906550338924,False
2016-17,2017-03-04,Man United,Bournemouth,1,1,0.7202114828056931,0.1754350988066352,0.1043534183876716,False
2016-17,2017-03-04,Stoke,Middlesbrough,2,0,0.4470386294476758,0.3770186786466566,0.17594269190566758,False
2016-17,2017-03-04,Swansea,Burnley,3,2,0.5490173939430414,0.2818475927155946,0.16913501334136402,False
2016-17,2017-03-04,Watford,Southampton,3,4,0.29363189795085953,0.2937895260577007,0.41257857599143977,False
2016-17,2017-03-04,West Brom,Crystal Palace,0,2,0.40650364054462873,0.3048735316461001,0.28862282780927107,False
2016-17,2017-03-05,Tottenham,Everton,3,2,0.5460158157579089,0.23424485004934134,0.21973933419274946,False
2016-17,2017-03-05,Sunderland,Man City,0,2,0.18960893090817843,0.22407566186606406,0.5863154072257575,False
2016-17,2017-03-06,West Ham,Chelsea,1,2,0.32396513418310213,0.25720492913664056,0.41882993668025725,False
2016-17,2017-03-08,Man City,Stoke,0,0,0.7278070773976275,0.1715679403260884,0.10062498227628404,False
2016-17,2017-03-11,Bournemouth,West Ham,3,2,0.35086239765595345,0.2527490263488871,0.3963885759951594,False
2016-17,2017-03-11,Everton,West Brom,3,0,0.5661565177838783,0.24739631803600168,0.18644716418011992,False
2016-17,2017-03-11,Hull,Swansea,2,1,0.34114899564310963,0.3063512992927247,0.35249970506416584,False
2016-17,2017-03-12,Liverpool,Burnley,2,1,0.7034027507332318,0.1965128855842735,0.10008436368249482,False
2016-17,2017-03-18,West Ham,Leicester,2,3,0.34836515065698925,0.2664073276169325,0.385227521726078,False
2016-17,2017-03-18,West Brom,Arsenal,3,1,0.21621709028175418,0.26279726183068924,0.5209856478875565,False
2016-17,2017-03-18,Sunderland,Burnley,0,0,0.5020757816035357,0.2967910486771248,0.20113316971933953,False
2016-17,2017-03-18,Stoke,Chelsea,1,2,0.26590143797717714,0.2656295213179288,0.46846904070489426,False
2016-17,2017-03-18,Everton,Hull,4,0,0.6001991704483897,0.24236855147825875,0.15743227807335164,False
2016-17,2017-03-18,Crystal Palace,Watford,1,0,0.4294068700682777,0.30323350127234416,0.2673596286593781,False
2016-17,2017-03-18,Bournemouth,Swansea,2,0,0.3863815605396492,0.26373818839943064,0.34988025106092,False
2016-17,2017-03-19,Man City,Liverpool,1,1,0.6151585775021153,0.19950259401101317,0.18533882848687155,False
2016-17,2017-03-19,Middlesbrough,Man United,1,3,0.1682022781649682,0.36862988013032605,0.4631678417047058,False
2016-17,2017-03-19,Tottenham,Southampton,2,1,0.47359834458599315,0.2587969514599235,0.26760470395408326,False
2016-17,2017-04-01,Watford,Sunderland,1,0,0.4577557156913746,0.28499513324715037,0.25724915106147506,False
2016-17,2017-04-01,Southampton,Bournemouth,0,0,0.6717214762484627,0.19570471819043928,0.13257380556109802,False
2016-17,2017-04-01,Liverpool,Everton,3,1,0.5450054484325721,0.22625805802437574,0.228736493543052,False
2016-17,2017-04-01,Man United,West Brom,0,0,0.6566456189586318,0.2206471503462226,0.12270723069514533,False
2016-17,2017-04-01,Hull,West Ham,2,1,0.3120772576499458,0.2917116661761253,0.3962110761739288,False
2016-17,2017-04-01,Chelsea,Crystal Palace,1,2,0.6537900548926187,0.2132938454707215,0.13291609963665973,False
2016-17,2017-04-01,Burnley,Tottenham,0,2,0.19504202575712704,0.2769578320475598,0.5280001421953132,False
2016-17,2017-04-01,Leicester,Stoke,2,0,0.6171029437891569,0.2288650998008769,0.15403195640996603,False
2016-17,2017-04-02,Arsenal,Man City,2,2,0.4360729251072656,0.25052402717824446,0.3134030477144899,False
2016-17,2017-04-02,Swansea,Middlesbrough,0,0,0.46911563272722706,0.3632328911254068,0.16765147614736614,False
2016-17,2017-04-04,Burnley,Stoke,1,0,0.30448662293873097,0.3307108562789313,0.36480252078233777,False
2016-17,2017-04-04,Leicester,Sunderland,2,0,0.6584616242114898,0.2081574618343901,0.13338091395412024,False
2016-17,2017-04-04,Man United,Everton,1,1,0.5686181529239636,0.24056782152210512,0.19081402555393143,False
2016-17,2017-04-04,Watford,West Brom,2,0,0.4439086508886173,0.29983624967764566,0.25625509943373714,False
2016-17,2017-04-05,Swansea,Tottenham,1,3,0.3184976754391615,0.26614000567182816,0.41536231888901054,False
2016-17,2017-04-05,Southampton,Crystal Palace,3,1,0.586483248263912,0.24876451561705915,0.16475223611902876,False
2016-17,2017-04-05,Liverpool,Bournemouth,2,2,0.7093739599379496,0.16707828690379062,0.12354775315825972,False
2016-17,2017-04-05,Chelsea,Man City,2,1,0.4054327034868771,0.24888418416114158,0.34568311235198135,False
2016-17,2017-04-05,Arsenal,West Ham,3,0,0.642005948425415,0.20701780879109302,0.1509762427834922,False
2016-17,2017-04-05,Hull,Middlesbrough,4,2,0.37115146899960694,0.4195545449003141,0.20929398610007904,False
2016-17,2017-04-08,West Ham,Swansea,1,0,0.49827096669817694,0.25615539743111904,0.24557363587070408,False
2016-17,2017-04-08,Bournemouth,Chelsea,1,3,0.22252427139984338,0.2287989902043045,0.5486767383958521,False
2016-17,2017-04-08,Man City,Hull,3,1,0.7728736270475782,0.15469951415507063,0.07242685879735117,False
2016-17,2017-04-08,Middlesbrough,Burnley,0,0,0.33066411848225685,0.45031126606529864,0.21902461545244453,False
2016-17,2017-04-08,Stoke,Liverpool,1,2,0.3126034154587055,0.259249891133908,0.4281466934073866,False
2016-17,2017-04-08,Tottenham,Watford,4,0,0.6226497001458673,0.2253129023129328,0.15203739754119966,False
2016-17,2017-04-08,West Brom,Southampton,0,1,0.278706866842747,0.2895543019319505,0.43173883122530254,False
2016-17,2017-04-09,Sunderland,Man United,0,3,0.23591730962154112,0.26780340226023946,0.49627928811821936,False
2016-17,2017-04-09,Everton,Leicester,4,2,0.3757873019178193,0.26772808470479337,0.35648461337738735,False
2016-17,2017-04-10,Crystal Palace,Arsenal,3,0,0.23307285894349164,0.2694829096132422,0.49744423144326605,False
2016-17,2017-04-15,Tottenham,Bournemouth,4,0,0.7059116924389652,0.17377442213265296,0.12031388542838181,False
2016-17,2017-04-15,Crystal Palace,Leicester,2,2,0.27916051073907566,0.28446182407513926,0.436377665185785,False
2016-17,2017-04-15,Everton,Burnley,3,1,0.6257710563620724,0.24251408287248383,0.13171486076544386,False
2016-17,2017-04-15,Southampton,Man City,0,3,0.3457228794666739,0.2613021591172559,0.3929749614160702,False
2016-17,2017-04-15,Stoke,Hull,3,1,0.49699915528290595,0.2894782087842364,0.21352263593285742,False
2016-17,2017-04-15,Sunderland,West Ham,2,2,0.3631400642120579,0.27020865591892096,0.36665127986902124,False
2016-17,2017-04-15,Watford,Swansea,1,0,0.4060556126292567,0.294034366342951,0.2999100210277923,False
2016-17,2017-04-16,West Brom,Liverpool,0,1,0.2827241891386636,0.26108013653305634,0.45619567432828,False
2016-17,2017-04-16,Man United,Chelsea,2,0,0.45734399859824026,0.26555044600785,0.2771055553939099,False
2016-17,2017-04-17,Middlesbrough,Arsenal,1,2,0.15658648662925043,0.34263473151994545,0.5007787818508042,False
2016-17,2017-04-22,West Ham,Everton,0,0,0.4347592036357658,0.25763485125517666,0.3076059451090574,False
2016-17,2017-04-22,Swansea,Stoke,2,0,0.46208234512537866,0.27815862357410703,0.2597590313005143,False
2016-17,2017-04-22,Hull,Watford,2,0,0.3604455016289648,0.320980114027165,0.3185743843438702,False
2016-17,2017-04-22,Bournemouth,Middlesbrough,4,0,0.4350634793914868,0.3542304665111962,0.21070605409731702,False
2016-17,2017-04-23,Burnley,Man United,0,2,0.17049478912329638,0.2866329439194438,0.5428722669572598,False
2016-17,2017-04-23,Liverpool,Crystal Palace,1,2,0.6231089248244224,0.21740050496436444,0.15949057021121316,False
2016-17,2017-04-25,Chelsea,Southampton,4,2,0.5110244329600877,0.25279572766237035,0.2361798393775418,False
2016-17,2017-04-26,Arsenal,Leicester,1,0,0.5192953918669704,0.2502664944461988,0.23043811368683065,False
2016-17,2017-04-26,Crystal Palace,Tottenham,0,1,0.2897448783042894,0.27525481179956574,0.4350003098961448,False
2016-17,2017-04-26,Middlesbrough,Sunderland,1,0,0.30346424599685634,0.39766638835468254,0.2988693656484612,False
2016-17,2017-04-27,Man City,Man United,0,0,0.5274309388497853,0.24355762541171352,0.2290114357385012,False
2016-17,2017-04-29,West Brom,Leicester,0,1,0.2609230996539986,0.2798556848812628,0.4592212154647385,False
2016-17,2017-04-29,Sunderland,Bournemouth,0,1,0.485093015775917,0.2515401788438346,0.2633668053802484,False
2016-17,2017-04-29,Stoke,West Ham,0,0,0.39237463387030636,0.2758229413288127,0.33180242480088107,False
2016-17,2017-04-29,Southampton,Hull,0,0,0.6398278968082974,0.23281086080417956,0.1273612423875231,False
2016-17,2017-04-29,Crystal Palace,Burnley,0,2,0.5085040527458944,0.3068690901303075,0.18462685712379817,False
2016-17,2017-04-30,Everton,Chelsea,0,3,0.3514657152170497,0.2599792753901301,0.38855500939282017,False
2016-17,2017-04-30,Man United,Swansea,1,1,0.6241339137846742,0.22773777322555064,0.14812831298977536,False
2016-17,2017-04-30,Middlesbrough,Man City,2,2,0.1426405014282939,0.310321821142341,0.5470376774293652,False
2016-17,2017-04-30,Tottenham,Arsenal,2,0,0.3933511556719667,0.260105268640123,0.34654357568791033,False
2016-17,2017-05-01,Watford,Liverpool,0,1,0.2992391158764599,0.26538487562277907,0.43537600850076114,False
2016-17,2017-05-05,West Ham,Tottenham,1,0,0.36199106591538793,0.25722482083817544,0.3807841132464368,False
2016-17,2017-05-06,Man City,Crystal Palace,5,0,0.725862626530427,0.17550630638910117,0.09863106708047187,False
2016-17,2017-05-06,Leicester,Watford,3,0,0.6188283662375789,0.2331647101324951,0.14800692362992604,False
2016-17,2017-05-06,Swansea,Everton,1,0,0.38630599998911386,0.27207949218946303,0.341614507821423,False
2016-17,2017-05-06,Burnley,West Brom,2,2,0.3250896129929921,0.3393700960896681,0.3355402909173399,False
2016-17,2017-05-06,Bournemouth,Stoke,2,2,0.403329013772587,0.26784583870736783,0.3288251475200449,False
2016-17,2017-05-06,Hull,Sunderland,0,2,0.3889472345711356,0.3031632092551114,0.30788955617375324,False
2016-17,2017-05-07,Arsenal,Man United,2,0,0.4803166468440658,0.2654283170447664,0.25425503611116773,False
2016-17,2017-05-07,Liverpool,Southampton,0,0,0.47096606382001105,0.24956147701861514,0.27947245916137387,False
2016-17,2017-05-08,Chelsea,Middlesbrough,3,0,0.6305156418376756,0.27446204136752594,0.09502231679479851,False
2016-17,2017-05-10,Southampton,Arsenal,0,2,0.370835007108352,0.2753686165335619,0.35379637635808614,False
2016-17,2017-05-12,Everton,Watford,1,0,0.5453415104491295,0.25519717717630513,0.19946131237456538,False
2016-17,2017-05-12,West Brom,Chelsea,0,1,0.23989711247642515,0.2655634623298421,0.49453942519373284,False
2016-17,2017-05-13,Stoke,Arsenal,1,4,0.24015076819979025,0.26402274250520513,0.49582648929500467,False
2016-17,2017-05-13,Middlesbrough,Southampton,1,2,0.19570867057920902,0.37910696937739624,0.4251843600433949,False
2016-17,2017-05-13,Sunderland,Swansea,0,2,0.3956492571550594,0.28059694250583267,0.32375380033910806,False
2016-17,2017-05-13,Bournemouth,Burnley,2,1,0.5034495620328432,0.28040742422864817,0.2161430137385086,False
2016-17,2017-05-13,Man City,Leicester,2,1,0.5683336605808192,0.2270194155376653,0.20464692388151556,False
2016-17,2017-05-14,Crystal Palace,Hull,4,0,0.4817993534787296,0.2999820937258708,0.21821855279539976,False
2016-17,2017-05-14,Tottenham,Man United,2,1,0.41583306897633676,0.2689152975419314,0.3152516334817319,False
2016-17,2017-05-14,West Ham,Liverpool,0,4,0.37903637693814285,0.2468064724621216,0.3741571505997356,False
2016-17,2017-05-15,Chelsea,Watford,4,3,0.6563270345194694,0.21269842407359776,0.13097454140693301,False
2016-17,2017-05-16,Arsenal,Sunderland,2,0,0.7185944198287135,0.17928329062944243,0.10212228954184384,False
2016-17,2017-05-16,Man City,West Brom,3,1,0.7471952840683789,0.1645324359327956,0.08827227999882545,False
2016-17,2017-05-17,Southampton,Man United,0,0,0.39175292979029397,0.2856404067997482,0.3226066634099578,False
2016-17,2017-05-18,Leicester,Tottenham,1,6,0.47301163048989436,0.254415720459805,0.27257264905030054,False
2016-17,2017-05-21,Man United,Crystal Palace,2,0,0.6344618540340865,0.23104044305147758,0.1344977029144357,False
2016-17,2017-05-21,Watford,Man City,0,5,0.20638081058384744,0.2456260462017384,0.5479931432144141,False
2016-17,2017-05-21,Swansea,West Brom,2,1,0.48676315467954456,0.27839036599667494,0.23484647932378028,False
2016-17,2017-05-21,Southampton,Stoke,0,1,0.5870566043189533,0.24369844891835632,0.16924494676269036,False
2016-17,2017-05-21,Liverpool,Middlesbrough,3,0,0.6125894210733194,0.2753534005848575,0.11205717834182309,False
2016-17,2017-05-21,Hull,Tottenham,1,7,0.23160599519130803,0.27195089551733737,0.4964431092913547,False
2016-17,2017-05-21,Leicester,Bournemouth,1,1,0.7020441037144187,0.1800856892232421,0.1178702070623394,False
2016-17,2017-05-21,Chelsea,Sunderland,5,1,0.6961147173201311,0.18758428580162603,0.116300996878243,False
2016-17,2017-05-21,Burnley,West Ham,1,2,0.2654436662509057,0.3039823295682516,0.4305740041808427,False
2016-17,2017-05-21,Arsenal,Everton,3,1,0.6113443722482799,0.21888698495943232,0.1697686427922877,False
2017-18,2017-08-11,Arsenal,Leicester,4,3,0.6454917274192775,0.20196268322842087,0.15254558935230142,False
2017-18,2017-08-12,West Brom,Bournemouth,1,0,0.46026571308391173,0.26016107938505,0.2795732075310381,False
2017-18,2017-08-12,Southampton,Swansea,0,0,0.5585487621337772,0.25070538553870747,0.19074585232751542,False
2017-18,2017-08-12,Everton,Stoke,1,0,0.5840417354851153,0.2403116849220896,0.17564657959279512,False
2017-18,2017-08-12,Watford,Liverpool,3,3,0.21603544069762415,0.23596155152901388,0.5480030077733619,False
2017-18,2017-08-12,Chelsea,Burnley,2,3,0.7526111115433021,0.16836519170092884,0.07902369675576908,False
2017-18,2017-08-12,Brighton,Man City,0,2,0.10658320046268602,0.19492241982961844,0.6984943797076953,True
2017-18,2017-08-12,Crystal Palace,Huddersfield,0,3,0.5897082006942264,0.25362392226039115,0.15666787704538243,True
2017-18,2017-08-13,Man United,West Ham,4,0,0.6411552811626191,0.22337472332976535,0.1354699955076155,False
2017-18,2017-08-13,Newcastle,Tottenham,0,2,0.17607628714186283,0.22371745823965883,0.6002062546184784,False
2017-18,2017-08-19,Swansea,Man United,0,4,0.2331146560180956,0.2790434810287654,0.4878418629531388,False
2017-18,2017-08-19,Bournemouth,Watford,0,2,0.5418286248124566,0.23352727612118926,0.22464409906635416,False
2017-18,2017-08-19,Burnley,West Brom,0,1,0.3834753819444357,0.3158891317958415,0.3006354862597228,False
2017-18,2017-08-19,Leicester,Brighton,2,0,0.6778063024456242,0.2086327959633471,0.11356090159102836,True
2017-18,2017-08-19,Liverpool,Crystal Palace,1,0,0.6817024575831518,0.18876256409420028,0.12953497832264804,False
2017-18,2017-08-19,Southampton,West Ham,3,2,0.5235765596716786,0.25685019326692293,0.2195732470613984,False
2017-18,2017-08-19,Stoke,Arsenal,1,0,0.23368865187310822,0.2583634736869172,0.5079478744399747,False
2017-18,2017-08-20,Tottenham,Chelsea,1,2,0.4776942649025598,0.2517445437989607,0.27056119129847955,False
2017-18,2017-08-20,Huddersfield,Newcastle,1,0,0.3277397629106231,0.29779141644326657,0.3744688206461102,True
2017-18,2017-08-21,Man City,Everton,1,1,0.6407747786239835,0.20262016677493822,0.1566050546010784,False
2017-18,2017-08-26,Bournemouth,Man City,1,2,0.1965415290246258,0.2042653819924151,0.5991930889829591,False
2017-18,2017-08-26,Crystal Palace,Swansea,0,2,0.4673461102338139,0.2651522661630165,0.2675016236031694,False
2017-18,2017-08-26,Huddersfield,Southampton,0,0,0.21348095889672275,0.2950350456589686,0.49148399544430854,True
2017-18,2017-08-26,Man United,Leicester,2,0,0.5954170894808817,0.24179924498951746,0.16278366552960097,False
2017-18,2017-08-26,Newcastle,West Ham,3,0,0.3900091865267075,0.26259038266360835,0.34740043080968386,False
2017-18,2017-08-26,Watford,Brighton,0,0,0.5246566872081768,0.2782307747120084,0.19711253807981477,True
2017-18,2017-08-27,West Brom,Stoke,1,1,0.4287634338160227,0.2992467849630778,0.27198978122089945,False
2017-18,2017-08-27,Tottenham,Burnley,1,1,0.7536921213774204,0.16922421301825336,0.07708366560432622,False
2017-18,2017-08-27,Chelsea,Everton,2,0,0.618506913223766,0.2146439002067947,0.16684918656943926,False
2017-18,2017-08-27,Liverpool,Arsenal,4,0,0.4366120678659313,0.24423336918894534,0.31915456294512345,False
2017-18,2017-09-09,Arsenal,Bournemouth,3,0,0.7497303219196363,0.15067888172630742,0.09959079635405628,False
2017-18,2017-09-09,Brighton,West Brom,3,1,0.28955894170272123,0.3195389108058612,0.3909021474914176,True
2017-18,2017-09-09,Everton,Tottenham,0,3,0.3168844707563797,0.2629337252106828,0.42018180403293737,False
2017-18,2017-09-09,Leicester,Chelsea,1,2,0.2800052920295475,0.25060831199129946,0.4693863959791532,False
2017-18,2017-09-09,Man City,Liverpool,5,0,0.5808647387979471,0.21294792972691887,0.2061873314751343,False
2017-18,2017-09-09,Southampton,Watford,0,2,0.604957946249614,0.23985160546574,0.15519044828464607,False
2017-18,2017-09-09,Stoke,Man United,2,2,0.23525305742482622,0.2976505688787732,0.46709637369640067,False
2017-18,2017-09-10,Burnley,Crystal Palace,1,0,0.38688317541739886,0.2999807151937493,0.3131361093888518,False
2017-18,2017-09-10,Swansea,Newcastle,0,1,0.4998419067708025,0.25304806440860866,0.24711002882058902,False
2017-18,2017-09-11,West Ham,Huddersfield,2,0,0.6340363530891326,0.228216139014888,0.13774750789597953,True
2017-18,2017-09-15,Bournemouth,Brighton,2,1,0.6210599517575119,0.2232364686649697,0.15570357957751824,True
2017-18,2017-09-16,West Brom,West Ham,0,0,0.41194583116536154,0.2814765626365356,0.30657760619810276,False
2017-18,2017-09-16,Watford,Man City,0,6,0.15685447611745468,0.21172055004708595,0.6314249738354596,False
2017-18,2017-09-16,Newcastle,Stoke,2,1,0.4115692450830462,0.28041747308097204,0.3080132818359818,False
2017-18,2017-09-16,Tottenham,Swansea,0,0,0.7516184000010446,0.1603214421333894,0.08806015786556613,False
2017-18,2017-09-16,Liverpool,Burnley,1,1,0.7064732396945884,0.18741635080014546,0.10611040950526623,False
2017-18,2017-09-16,Huddersfield,Leicester,1,1,0.23057126019300933,0.2757872189835958,0.49364152082339485,True
2017-18,2017-09-16,Crystal Palace,Southampton,0,1,0.3508099602652226,0.2912286453773158,0.3579613943574615,False
2017-18,2017-09-17,Chelsea,Arsenal,0,0,0.5054314686899843,0.2423191770017981,0.2522493543082177,False
2017-18,2017-09-17,Man United,Everton,4,0,0.5430357717016823,0.26230752913771915,0.19465669916059855,False
2017-18,2017-09-23,West Ham,Tottenham,2,3,0.2320533984590285,0.24226103013158196,0.5256855714093897,False
2017-18,2017-09-23,Stoke,Chelsea,0,4,0.2113927821147467,0.2522117143654073,0.536395503519846,False
2017-18,2017-09-23,Southampton,Man United,0,1,0.31329652219511683,0.31299839612424163,0.37370508168064165,False
2017-18,2017-09-23,Swansea,Watford,1,2,0.5149527611638085,0.2568091804427903,0.22823805839340128,False
2017-18,2017-09-23,Leicester,Liverpool,2,3,0.350491471300668,0.24858761570267754,0.40092091299665444,False
2017-18,2017-09-23,Everton,Bournemouth,2,1,0.6293144049708377,0.20135969963675357,0.16932589539240878,False
2017-18,2017-09-23,Burnley,Huddersfield,0,0,0.5152820239344209,0.29616584665916823,0.18855212940641097,True
2017-18,2017-09-23,Man City,Crystal Palace,5,0,0.7551090220974112,0.1567382614531596,0.08815271644942939,False
2017-18,2017-09-24,Brighton,Newcastle,1,0,0.3277397629106231,0.29779141644326657,0.3744688206461102,True
2017-18,2017-09-25,Arsenal,West Brom,2,0,0.696091808007371,0.19417187593466945,0.10973631605795944,False
2017-18,2017-09-30,West Ham,Swansea,1,0,0.5101852828783386,0.24744333429302756,0.24237138282863396,False
2017-18,2017-09-30,Bournemouth,Leicester,0,0,0.39192604901182493,0.24402442621581355,0.36404952477236147,False
2017-18,2017-09-30,Chelsea,Man City,0,1,0.4630298228294859,0.24537110726167746,0.29159906990883666,False
2017-18,2017-09-30,Huddersfield,Tottenham,0,4,0.11155870453243111,0.2098812096809062,0.6785600857866627,True
2017-18,2017-09-30,Man United,Crystal Palace,4,0,0.6550311925225564,0.2236992901373558,0.12126951734008819,False
2017-18,2017-09-30,Stoke,Southampton,2,1,0.34342672135256447,0.30115725066691523,0.35541602798052035,False
2017-18,2017-09-30,West Brom,Watford,2,2,0.4954082303320294,0.27873733415972574,0.2258544355082449,False
2017-18,2017-10-01,Newcastle,Liverpool,1,1,0.23453650312094965,0.23335473300202988,0.5321087638770203,False
2017-18,2017-10-01,Everton,Burnley,0,1,0.6206564109817896,0.233476005210124,0.1458675838080864,False
2017-18,2017-10-01,Arsenal,Brighton,2,0,0.8127964119539929,0.13448355689033112,0.05272003115567596,True
2017-18,2017-10-14,Burnley,West Ham,1,1,0.3649454114028342,0.2894851597232809,0.34556942887388487,False
2017-18,2017-10-14,Crystal Palace,Chelsea,2,1,0.21343668907550165,0.2433109379746873,0.5432523729498111,False
2017-18,2017-10-14,Liverpool,Man United,0,0,0.42139856853224555,0.2759269962124465,0.302674435255308,False
2017-18,2017-10-14,Man City,Stoke,7,2,0.7448953580265198,0.16553072651161638,0.08957391546186377,False
2017-18,2017-10-14,Swansea,Huddersfield,2,0,0.588740950837145,0.2499221015519653,0.16133694761088957,True
2017-18,2017-10-14,Tottenham,Bournemouth,1,0,0.7767172805228708,0.13977941475402106,0.08350330472310799,False
2017-18,2017-10-14,Watford,Arsenal,2,1,0.18640316067820312,0.2325345202913237,0.5810623190304731,False
2017-18,2017-10-15,Brighton,Everton,1,1,0.19564189152639577,0.26617652756008425,0.5381815809135201,True
2017-18,2017-10-15,Southampton,Newcastle,2,2,0.5939924931482327,0.2379156149849621,0.16809189186680532,False
2017-18,2017-10-16,Leicester,West Brom,1,1,0.5370689580359227,0.25667951464675365,0.20625152731732382,False
2017-18,2017-10-20,West Ham,Brighton,0,3,0.6340363530891326,0.228216139014888,0.13774750789597953,True
2017-18,2017-10-21,Chelsea,Watford,4,2,0.7873492678332679,0.1430430494510456,0.06960768271568665,False
2017-18,2017-10-21,Huddersfield,Man United,2,1,0.13737968981466908,0.2647838339014582,0.5978364762838726,True
2017-18,2017-10-21,Man City,Burnley,3,0,0.7732654164957593,0.15449563012112183,0.07223895338311881,False
2017-18,2017-10-21,Newcastle,Crystal Palace,1,0,0.41507079274022185,0.2712892625438405,0.31363994471593787,False
2017-18,2017-10-21,Southampton,West Brom,1,0,0.5336713025372677,0.2745064221607926,0.19182227530193968,False
2017-18,2017-10-21,Stoke,Bournemouth,1,2,0.4697268680406723,0.25410067363412786,0.27617245832519977,False
2017-18,2017-10-21,Swansea,Leicester,1,2,0.3761232105774672,0.2640938471460807,0.359782942276452,False
2017-18,2017-10-22,Everton,Arsenal,2,5,0.35469800090153863,0.2602267565255444,0.3850752425729171,False
2017-18,2017-10-22,Tottenham,Liverpool,4,1,0.563584747117279,0.22469524906668417,0.21172000381603667,False
2017-18,2017-10-28,West Brom,Man City,2,3,0.19809961012330685,0.24523047732038344,0.5566699125563098,False
2017-18,2017-10-28,Watford,Stoke,0,1,0.38375773852548833,0.29157760177736836,0.3246646596971432,False
2017-18,2017-10-28,Liverpool,Huddersfield,3,0,0.7950577214940037,0.14234143316302272,0.06260084534297355,True
2017-18,2017-10-28,Man United,Tottenham,1,0,0.40020156438197174,0.2918208595907492,0.3079775760272788,False
2017-18,2017-10-28,Crystal Palace,West Ham,2,2,0.4300162316752699,0.2658802009966934,0.30410356732803656,False
2017-18,2017-10-28,Bournemouth,Chelsea,0,1,0.20833078083216028,0.2148859023557998,0.57678331681204,False
2017-18,2017-10-28,Arsenal,Swansea,2,1,0.7252581642166912,0.17096378470368398,0.1037780510796247,False
2017-18,2017-10-29,Brighton,Southampton,1,1,0.21348095889672275,0.2950350456589686,0.49148399544430854,True
2017-18,2017-10-29,Leicester,Everton,2,0,0.41636069914970597,0.2605234103588875,0.32311589049140654,False
2017-18,2017-10-30,Burnley,Newcastle,1,0,0.4324320894243889,0.28790940457287095,0.2796585060027402,False
2017-18,2017-11-04,Swansea,Brighton,0,1,0.588740950837145,0.2499221015519653,0.16133694761088957,True
2017-18,2017-11-04,Stoke,Leicester,2,2,0.3741008398631706,0.2787866030301811,0.3471125571066483,False
2017-18,2017-11-04,West Ham,Liverpool,1,4,0.30299453907397833,0.24418077358076554,0.45282468734525616,False
2017-18,2017-11-04,Newcastle,Bournemouth,0,1,0.43776909574725376,0.2447144186265003,0.317516485626246,False
2017-18,2017-11-04,Huddersfield,West Brom,1,0,0.28955894170272123,0.3195389108058612,0.3909021474914176,True
2017-18,2017-11-04,Southampton,Burnley,0,1,0.5707181019305505,0.265447237060406,0.16383466100904345,False
2017-18,2017-11-05,Chelsea,Man United,1,0,0.4818583620973671,0.2753326242772336,0.24280901362539944,False
2017-18,2017-11-05,Everton,Watford,3,2,0.6557224613093664,0.2084733774866243,0.1358041612040091,False
2017-18,2017-11-05,Man City,Arsenal,3,1,0.5264557823583109,0.2326789952322304,0.2408652224094588,False
2017-18,2017-11-05,Tottenham,Crystal Palace,1,0,0.7356833326485805,0.1706660702162389,0.09365059713518062,False
2017-18,2017-11-18,Man United,Newcastle,4,1,0.7036324211020785,0.19655459531762348,0.09981298358029803,False
2017-18,2017-11-18,Arsenal,Tottenham,2,0,0.43103242158160254,0.2568998023622383,0.3120677760561591,False
2017-18,2017-11-18,Bournemouth,Huddersfield,4,0,0.6210599517575119,0.2232364686649697,0.15570357957751824,True
2017-18,2017-11-18,Burnley,Swansea,2,0,0.39914390979809716,0.2929722885047182,0.30788380169718454,False
2017-18,2017-11-18,Crystal Palace,Everton,2,2,0.3326796978459299,0.2721611846985009,0.3951591174555691,False
2017-18,2017-11-18,Leicester,Man City,0,2,0.2687148851268024,0.24172485543785222,0.4895602594353453,False
2017-18,2017-11-18,Liverpool,Southampton,3,0,0.5666611812187025,0.23646333940293054,0.196875479378367,False
2017-18,2017-11-18,West Brom,Chelsea,0,4,0.20784754649936726,0.2565810708631614,0.5355713826374713,False
2017-18,2017-11-19,Watford,West Ham,2,0,0.362559953060033,0.27170697644069086,0.365733070499276,False
2017-18,2017-11-20,Brighton,Stoke,2,2,0.2878884777054348,0.3127919544829007,0.39931956781166456,True
2017-18,2017-11-24,West Ham,Leicester,1,1,0.4207752305737872,0.25698657093072447,0.3222381984954884,False
2017-18,2017-11-25,Crystal Palace,Stoke,2,1,0.4484823300214634,0.2819590966193155,0.2695585733592212,False
2017-18,2017-11-25,Liverpool,Chelsea,1,1,0.40369223997852677,0.2478678568642928,0.34843990315718043,False
2017-18,2017-11-25,Man United,Brighton,1,0,0.757404080597244,0.17960173312957578,0.06299418627318032,True
2017-18,2017-11-25,Newcastle,Watford,0,3,0.48070487399105777,0.26357380744366116,0.2557213185652811,False
2017-18,2017-11-25,Swansea,Bournemouth,0,0,0.47512458229879884,0.24090409625615894,0.2839713214450422,False
2017-18,2017-11-25,Tottenham,West Brom,1,1,0.7219366263954603,0.18393907186796146,0.09412430173657821,False
2017-18,2017-11-26,Huddersfield,Man City,1,2,0.10658320046268602,0.19492241982961844,0.6984943797076953,True
2017-18,2017-11-26,Southampton,Everton,4,1,0.4231045923297488,0.2794366988029025,0.2974587088673487,False
2017-18,2017-11-26,Burnley,Arsenal,0,1,0.1960075657645602,0.2555055366056884,0.5484868976297513,False
2017-18,2017-11-28,Brighton,Crystal Palace,0,0,0.28896258958542964,0.30191954113148933,0.409117869283081,True
2017-18,2017-11-28,Leicester,Tottenham,2,1,0.27243942559289835,0.252813692044845,0.4747468823622566,False
2017-18,2017-11-28,Watford,Man United,2,4,0.1929569070752024,0.2727397095748365,0.5343033833499609,False
2017-18,2017-11-28,West Brom,Newcastle,2,2,0.4819118394742277,0.2740862968348278,0.2440018636909445,False
2017-18,2017-11-29,Stoke,Liverpool,0,3,0.2679906191486362,0.2580500046410009,0.473959376210363,False
2017-18,2017-11-29,Arsenal,Huddersfield,5,0,0.8127964119539929,0.13448355689033112,0.05272003115567596,True
2017-18,2017-11-29,Bournemouth,Burnley,1,2,0.5113634111725405,0.2543521837555753,0.23428440507188433,False
2017-18,2017-11-29,Chelsea,Swansea,1,0,0.749817050992228,0.15976078831271823,0.09042216069505374,False
2017-18,2017-11-29,Everton,West Ham,4,0,0.5722158726270741,0.23002390499944927,0.19776022237347685,False
2017-18,2017-11-29,Man City,Southampton,2,1,0.6471642270394722,0.21038759955646136,0.1424481734040664,False
2017-18,2017-12-02,Watford,Tottenham,1,1,0.16219637693508882,0.2251195641315225,0.6126840589333886,False
2017-18,2017-12-02,Stoke,Swansea,2,1,0.4565466052399625,0.2752530030954176,0.26820039166461984,False
2017-18,2017-12-02,West Brom,Crystal Palace,0,0,0.4337615744497899,0.2893989536606097,0.27683947188960045,False
2017-18,2017-12-02,Everton,Huddersfield,2,0,0.7167155955517877,0.19093966097441634,0.09234474347379623,True
2017-18,2017-12-02,Chelsea,Newcastle,3,1,0.7808695232489018,0.14350161251372845,0.07562886423736985,False
2017-18,2017-12-02,Brighton,Liverpool,1,5,0.14997475219438822,0.2252640430414986,0.6247612047641131,True
2017-18,2017-12-02,Arsenal,Man United,1,3,0.4544351368989609,0.27943513487063076,0.26612972823040837,False
2017-18,2017-12-02,Leicester,Burnley,1,0,0.5770541290658878,0.2477111305615637,0.17523474037254855,False
2017-18,2017-12-03,Bournemouth,Southampton,1,1,0.3601233026764186,0.26352945700411917,0.37634724031946243,False
2017-18,2017-12-03,Man City,West Ham,2,1,0.7415779526974209,0.15888968161967262,0.09953236568290647,False
2017-18,2017-12-09,Tottenham,Stoke,5,1,0.7252515001013807,0.17988255401620634,0.09486594588241304,False
2017-18,2017-12-09,West Ham,Chelsea,1,0,0.2385848866329021,0.24056637775977552,0.5208487356073224,False
2017-18,2017-12-09,Swansea,West Brom,1,0,0.44490160251616984,0.28212650359290536,0.27297189389092474,False
2017-18,2017-12-09,Newcastle,Leicester,2,3,0.34255003191750527,0.26251863399128755,0.39493133409120706,False
2017-18,2017-12-09,Huddersfield,Brighton,2,0,0.41260693567017015,0.32637053936460525,0.26102252496522466,True
2017-18,2017-12-09,Crystal Palace,Bournemouth,2,2,0.4803873201528759,0.24472794755833926,0.2748847322887848,False
2017-18,2017-12-09,Burnley,Watford,1,0,0.44646711098670955,0.2942078179837866,0.25932507102950364,False
2017-18,2017-12-10,Liverpool,Everton,1,1,0.5552340463932486,0.22716244825360055,0.2176035053531509,False
2017-18,2017-12-10,Man United,Man City,1,2,0.4020515626698603,0.2812334535753499,0.3167149837547897,False
2017-18,2017-12-10,Southampton,Arsenal,1,1,0.32073325687112686,0.2760582523454322,0.4032084907834408,False
2017-18,2017-12-12,Burnley,Stoke,1,0,0.3830453210919105,0.31012291872171355,0.30683176018637603,False
2017-18,2017-12-12,Crystal Palace,Watford,2,1,0.5181401460353092,0.26066417409304893,0.22119567987164176,False
2017-18,2017-12-12,Huddersfield,Chelsea,1,3,0.11448623949948596,0.20877538158565465,0.6767383789148593,True
2017-18,2017-12-13,West Ham,Arsenal,0,0,0.26393514776010174,0.24566075177469546,0.49040410046520266,False
2017-18,2017-12-13,Tottenham,Brighton,2,0,0.8312867314841191,0.12433620419504282,0.04437706432083805,True
2017-18,2017-12-13,Southampton,Leicester,1,4,0.4752396014020176,0.26810902403799525,0.25665137455998716,False
2017-18,2017-12-13,Swansea,Man City,0,4,0.1956577501686334,0.2236951680267124,0.5806470818046542,False
2017-18,2017-12-13,Man United,Bournemouth,1,0,0.6971961407026519,0.18958791283722132,0.11321594646012695,False
2017-18,2017-12-13,Liverpool,West Brom,0,0,0.6700063139062612,0.20134623005468288,0.1286474560390561,False
2017-18,2017-12-13,Newcastle,Everton,0,1,0.29487932997101446,0.26123000632065796,0.44389066370832775,False
2017-18,2017-12-16,Stoke,West Ham,0,3,0.42051953822958227,0.275480675300747,0.30399978646967085,False
2017-18,2017-12-16,Arsenal,Newcastle,1,0,0.7577995349967785,0.1547908394880119,0.0874096255152096,False
2017-18,2017-12-16,Brighton,Burnley,0,0,0.323146546754026,0.32842001738271626,0.34843343586325787,True
2017-18,2017-12-16,Chelsea,Southampton,1,0,0.6251505351773279,0.22315961202210433,0.15168985280056785,False
2017-18,2017-12-16,Leicester,Crystal Palace,0,3,0.5448655108768624,0.24337521927532182,0.21175926984781587,False
2017-18,2017-12-16,Man City,Tottenham,4,1,0.4809152307848976,0.24564017933451646,0.2734445898805858,False
2017-18,2017-12-16,Watford,Huddersfield,1,4,0.5246566872081768,0.2782307747120084,0.19711253807981477,True
2017-18,2017-12-17,West Brom,Man United,1,2,0.23088113464954066,0.302925870545605,0.46619299480485443,False
2017-18,2017-12-17,Bournemouth,Liverpool,0,4,0.27045829239588326,0.2234569010805207,0.506084806523596,False
2017-18,2017-12-18,Everton,Swansea,3,1,0.6083876113286182,0.22182296505276466,0.1697894236186173,False
2017-18,2017-12-22,Arsenal,Liverpool,3,3,0.5274786918055325,0.22981823208548813,0.2427030761089793,False
2017-18,2017-12-23,Southampton,Huddersfield,1,1,0.6660335691068433,0.22588182551857175,0.10808460537458497,True
2017-18,2017-12-23,Swansea,Crystal Palace,1,1,0.4490526329625142,0.26813361403693786,0.28281375300054784,False
2017-18,2017-12-23,Stoke,West Brom,3,1,0.43780391969899213,0.297733737397981,0.2644623429030268,False
2017-18,2017-12-23,Man City,Bournemouth,4,0,0.7952807345210239,0.12713240555653219,0.07758685992244385,False
2017-18,2017-12-23,West Ham,Newcastle,2,3,0.5478942302605849,0.23739080345883842,0.2147149662805767,False
2017-18,2017-12-23,Everton,Chelsea,0,0,0.325468677977197,0.2600596613512391,0.41447166067156394,False
2017-18,2017-12-23,Burnley,Tottenham,0,3,0.17194332206561488,0.2492569416534111,0.5787997362809738,False
2017-18,2017-12-23,Brighton,Watford,1,0,0.3428924696791955,0.3082706940056651,0.34883683631513934,True
2017-18,2017-12-23,Leicester,Man United,2,2,0.30430873209050635,0.2880759720280835,0.4076152958814102,False
2017-18,2017-12-26,Watford,Leicester,2,1,0.31761333118817514,0.2697029488349804,0.4126837199768445,False
2017-18,2017-12-26,Huddersfield,Stoke,1,1,0.2878884777054348,0.3127919544829007,0.39931956781166456,True
2017-18,2017-12-26,West Brom,Everton,0,0,0.31993552652356216,0.2865560258624671,0.39350844761397075,False
2017-18,2017-12-26,Tottenham,Southampton,5,2,0.6280149024200785,0.22432634709978838,0.147658750480133,False
2017-18,2017-12-26,Chelsea,Brighton,2,0,0.8310948260341225,0.1235283232011258,0.04537685076475165,True
2017-18,2017-12-26,Liverpool,Swansea,5,0,0.6981673665496604,0.17897438979487568,0.12285824365546429,False
2017-18,2017-12-26,Bournemouth,West Ham,3,3,0.4444453508796299,0.2405454779836693,0.31500917113670074,False
2017-18,2017-12-26,Man United,Burnley,2,2,0.6736857964413898,0.22553739740393494,0.10077680615467521,False
2017-18,2017-12-27,Newcastle,Man City,0,1,0.17057925945121993,0.21087176026962887,0.6185489802791513,False
2017-18,2017-12-28,Crystal Palace,Arsenal,2,3,0.23647892699871353,0.24954268436865587,0.5139783886326306,False
2017-18,2017-12-30,Newcastle,Brighton,0,0,0.5570922218207005,0.26053819647317394,0.1823695817061256,True
2017-18,2017-12-30,Liverpool,Leicester,2,1,0.6131372200211573,0.20800001120595082,0.1788627687728917,False
2017-18,2017-12-30,Watford,Swansea,1,2,0.3991163742180569,0.27561352073002277,0.32527010505192017,False
2017-18,2017-12-30,Chelsea,Stoke,5,0,0.7235464885786165,0.17909080203423533,0.0973627093871482,False
2017-18,2017-12-30,Bournemouth,Everton,2,1,0.33827339318515276,0.24592051023600375,0.4158060965788436,False
2017-18,2017-12-30,Huddersfield,Burnley,0,0,0.323146546754026,0.32842001738271626,0.34843343586325787,True
2017-18,2017-12-30,Man United,Southampton,0,0,0.5489336549332401,0.27426150994777343,0.17680483511898634,False
2017-18,2017-12-31,Crystal Palace,Man City,0,0,0.2029375210401097,0.23237059491625964,0.5646918840436307,False
2017-18,2017-12-31,West Brom,Arsenal,1,1,0.22957986616659382,0.2628125274882302,0.5076076063451762,False
2017-18,2018-01-01,Stoke,Newcastle,0,1,0.49187799544128913,0.2672722004872961,0.2408498040714147,False
2017-18,2018-01-01,Brighton,Bournemouth,2,2,0.30121758160790857,0.2730475645040573,0.42573485388803395,True
2017-18,2018-01-01,Burnley,Liverpool,1,2,0.22550506482471985,0.2573856276376669,0.5171093075376132,False
2017-18,2018-01-01,Everton,Man United,0,2,0.3461067383589602,0.29438894807046967,0.3595043135705699,False
2017-18,2018-01-01,Leicester,Huddersfield,3,0,0.6778063024456242,0.2086327959633471,0.11356090159102836,True
2017-18,2018-01-02,West Ham,West Brom,2,1,0.4895798382245458,0.2687541806616714,0.2416659811137827,False
2017-18,2018-01-02,Swansea,Tottenham,0,2,0.2007390541968878,0.2361589922918917,0.5631019535112205,False
2017-18,2018-01-02,Man City,Watford,3,1,0.8071647500131677,0.12995475601425718,0.06288049397257509,False
2017-18,2018-01-02,Southampton,Crystal Palace,1,2,0.5430184375359862,0.2599752617697901,0.19700630069422362,False
2017-18,2018-01-03,Arsenal,Chelsea,2,2,0.4419160714009629,0.2524958486783634,0.3055880799206737,False
2017-18,2018-01-04,Tottenham,West Ham,1,1,0.7222431245316299,0.17234886040634503,0.10540801506202496,False
2017-18,2018-01-13,Watford,Southampton,2,2,0.292340702881921,0.28934911785194023,0.4183101792661386,False
2017-18,2018-01-13,Tottenham,Everton,4,0,0.6220578865684798,0.21565984992215342,0.1622822635093668,False
2017-18,2018-01-13,Newcastle,Swansea,1,1,0.4281577572260986,0.26463988331349847,0.3072023594604028,False
2017-18,2018-01-13,West Brom,Brighton,2,0,0.5634882003584386,0.2745888395555464,0.16192296008601503,True
2017-18,2018-01-13,Crystal Palace,Burnley,1,0,0.4880609890030123,0.2831873939807461,0.22875161701624178,False
2017-18,2018-01-13,Chelsea,Leicester,0,0,0.6734149719878976,0.19189544328234065,0.1346895847297619,False
2017-18,2018-01-13,Huddersfield,West Ham,1,4,0.2670126148651031,0.28528128907322353,0.4477060960616734,True
2017-18,2018-01-14,Bournemouth,Arsenal,2,1,0.23300291177974183,0.22186838298474418,0.5451287052355139,False
2017-18,2018-01-14,Liverpool,Man City,4,3,0.3926271564254694,0.24232740224294122,0.36504544133158945,False
2017-18,2018-01-15,Man United,Stoke,3,0,0.6444722550355428,0.2340716302315434,0.1214561147329139,False
2017-18,2018-01-20,Stoke,Huddersfield,2,0,0.5749297418550527,0.26610278386886616,0.15896747427608116,True
2017-18,2018-01-20,Arsenal,Crystal Palace,4,1,0.7090163869986674,0.1811242157746678,0.10985939722666495,False
2017-18,2018-01-20,Brighton,Chelsea,0,4,0.11448623949948596,0.20877538158565465,0.6767383789148593,True
2017-18,2018-01-20,Burnley,Man United,0,1,0.19979989501832615,0.2976039720759148,0.5025961329057591,False
2017-18,2018-01-20,Everton,West Brom,1,1,0.5823841550344283,0.24462352247656044,0.17299232248901134,False
2017-18,2018-01-20,Leicester,Watford,2,0,0.6107857950398016,0.223875821815856,0.1653383831443423,False
2017-18,2018-01-20,Man City,Newcastle,3,1,0.8010000294955435,0.13060948612685222,0.06839048437760423,False
2017-18,2018-01-20,West Ham,Bournemouth,1,1,0.5250931473314138,0.22777559580357531,0.24713125686501086,False
2017-18,2018-01-21,Southampton,Tottenham,1,1,0.28648261109217293,0.2774198576348069,0.43609753127302003,False
2017-18,2018-01-22,Swansea,Liverpool,1,0,0.2644533633864803,0.24226209131187332,0.49328454530164645,False
2017-18,2018-01-30,Swansea,Arsenal,3,1,0.2293653060319742,0.2414522274944855,0.5291824664735403,False
2017-18,2018-01-30,Huddersfield,Liverpool,0,3,0.14997475219438822,0.2252640430414986,0.6247612047641131,True
2017-18,2018-01-30,West Ham,Crystal Palace,1,1,0.495321620165497,0.255301933047101,0.24937644678740206,False
2017-18,2018-01-31,Tottenham,Man United,2,0,0.48592183222629237,0.2776644960745791,0.2364136716991288,False
2017-18,2018-01-31,Stoke,Watford,0,0,0.5056731679381987,0.27153657160810374,0.2227902604536977,False
2017-18,2018-01-31,Southampton,Brighton,1,1,0.6660335691068433,0.22588182551857175,0.10808460537458497,True
2017-18,2018-01-31,Everton,Leicester,2,1,0.52140871573504,0.24366006103599636,0.23493122322896368,False
2017-18,2018-01-31,Man City,West Brom,3,0,0.7416928419094079,0.16933977761216856,0.08896738047842365,False
2017-18,2018-01-31,Newcastle,Burnley,1,1,0.4529208272889871,0.2845156154792261,0.2625635572317868,False
2017-18,2018-01-31,Chelsea,Bournemouth,0,3,0.7746659384941903,0.13949277076960487,0.08584129073620499,False
2017-18,2018-02-03,Arsenal,Everton,5,1,0.5895016628078023,0.22334596978422028,0.18715236740797755,False
2017-18,2018-02-03,Bournemouth,Stoke,2,1,0.46698682813266534,0.2545427301208537,0.2784704417464813,False
2017-18,2018-02-03,Brighton,West Ham,3,1,0.2670126148651031,0.28528128907322353,0.4477060960616734,True
2017-18,2018-02-03,Burnley,Man City,1,1,0.1673818231892138,0.23535584603108395,0.5972623307797023,False
2017-18,2018-02-03,Leicester,Swansea,1,1,0.5605193728480591,0.23475450430646833,0.20472612284547254,False
2017-18,2018-02-03,Man United,Huddersfield,2,0,0.757404080597244,0.17960173312957578,0.06299418627318032,True
2017-18,2018-02-03,West Brom,Southampton,2,3,0.3364236989386644,0.3069864299570724,0.3565898711042632,False
2017-18,2018-02-04,Crystal Palace,Newcastle,1,1,0.5037084869924574,0.25690381756875835,0.2393876954387842,False
2017-18,2018-02-04,Liverpool,Tottenham,2,2,0.3933524931498417,0.2515594146188694,0.3550880922312889,False
2017-18,2018-02-05,Watford,Chelsea,4,1,0.1666926778485746,0.22395354740430196,0.6093537747471233,False
2017-18,2018-02-10,West Ham,Watford,2,0,0.5622488720980225,0.23981462842111295,0.19793649948086436,False
2017-18,2018-02-10,Tottenham,Arsenal,1,0,0.5105104757562229,0.24414078351353397,0.24534874073024301,False
2017-18,2018-02-10,Swansea,Burnley,1,0,0.48523623241931185,0.27874140927546504,0.23602235830522322,False
2017-18,2018-02-10,Everton,Crystal Palace,3,1,0.5922371753361602,0.23118379414367005,0.17657903052016993,False
2017-18,2018-02-10,Man City,Leicester,5,1,0.6956429762152525,0.1793027979778068,0.12505422580694087,False
2017-18,2018-02-10,Stoke,Brighton,1,1,0.5749297418550527,0.26610278386886616,0.15896747427608116,True
2017-18,2018-02-11,Huddersfield,Bournemouth,4,1,0.30121758160790857,0.2730475645040573,0.42573485388803395,True
2017-18,2018-02-11,Newcastle,Man United,1,0,0.20856483909302798,0.26904496935640737,0.5223901915505647,False
2017-18,2018-02-11,Southampton,Liverpool,0,2,0.3627559540644366,0.2689269623162129,0.36831708361935056,False
2017-18,2018-02-12,Chelsea,West Brom,3,0,0.7203469191991252,0.1830748856557468,0.09657819514512817,False
2017-18,2018-02-24,Watford,Everton,1,0,0.27286842418331114,0.2666925201078725,0.46043905570881655,False
2017-18,2018-02-24,West Brom,Huddersfield,1,2,0.5634882003584386,0.2745888395555464,0.16192296008601503,True
2017-18,2018-02-24,Liverpool,West Ham,4,1,0.6638550544958142,0.19009163126121623,0.14605331424296947,False
2017-18,2018-02-24,Leicester,Stoke,1,1,0.537939396297602,0.2523025653494242,0.20975803835297346,False
2017-18,2018-02-24,Burnley,Southampton,1,1,0.2960531411177243,0.31013645414441904,0.3938104047378566,False
2017-18,2018-02-24,Brighton,Swansea,4,1,0.29828040619013063,0.29644817695008857,0.40527141685978063,True
2017-18,2018-02-24,Bournemouth,Newcastle,2,2,0.5251773413494387,0.23083663262053067,0.24398602603003058,False
2017-18,2018-02-25,Crystal Palace,Tottenham,0,1,0.2076569651755759,0.24490986549039837,0.5474331693340257,False
2017-18,2018-02-25,Man United,Chelsea,2,1,0.41022683287331735,0.2871342956650989,0.30263887146158364,False
2017-18,2018-03-01,Arsenal,Man City,0,3,0.43199460818850255,0.2477013394395795,0.32030405237191806,False
2017-18,2018-03-03,Watford,West Brom,1,0,0.38479014754642893,0.29703104931493035,0.31817880313864066,False
2017-18,2018-03-03,Swansea,West Ham,4,1,0.42478050932297773,0.26119352692025977,0.3140259637567625,False
2017-18,2018-03-03,Southampton,Stoke,0,0,0.5352279340307984,0.2697025029333266,0.19506956303587508,False
2017-18,2018-03-03,Tottenham,Huddersfield,2,0,0.8312867314841191,0.12433620419504282,0.04437706432083805,True
2017-18,2018-03-03,Leicester,Bournemouth,1,1,0.5785695056246836,0.21484281242157358,0.20658768195374289,False
2017-18,2018-03-03,Burnley,Everton,2,1,0.2790692205865489,0.28704837573771985,0.4338824036757313,False
2017-18,2018-03-03,Liverpool,Newcastle,2,0,0.7327661533217902,0.16322426028619388,0.10400958639201585,False
2017-18,2018-03-04,Brighton,Arsenal,2,1,0.1288991118712508,0.21932052743113256,0.6517803606976166,True
2017-18,2018-03-04,Man City,Chelsea,1,0,0.4925964421190725,0.24064683852413365,0.266756719356794,False
2017-18,2018-03-05,Crystal Palace,Man United,2,3,0.23889497811062022,0.2875848431862452,0.4735201787031347,False
2017-18,2018-03-10,West Ham,Burnley,0,3,0.5304050597661224,0.2625033300778895,0.20709161015598804,False
2017-18,2018-03-10,Chelsea,Crystal Palace,2,1,0.7338409317646578,0.17000697658413283,0.09615209165120939,False
2017-18,2018-03-10,Everton,Brighton,2,0,0.7167155955517877,0.19093966097441634,0.09234474347379623,True
2017-18,2018-03-10,Huddersfield,Swansea,0,0,0.29828040619013063,0.29644817695008857,0.40527141685978063,True
2017-18,2018-03-10,Man United,Liverpool,2,1,0.4878475718931897,0.265074758800176,0.24707766930663422,False
2017-18,2018-03-10,Newcastle,Southampton,3,0,0.31505103431719916,0.2821494431914375,0.4027995224913632,False
2017-18,2018-03-10,West Brom,Leicester,1,4,0.3665388662553861,0.2843454701004459,0.349115663644168,False
2017-18,2018-03-11,Bournemouth,Tottenham,1,4,0.20243998202887337,0.21598860583518778,0.5815714121359389,False
2017-18,2018-03-11,Arsenal,Watford,3,0,0.7652442240125479,0.15435812269355736,0.08039765329389478,False
2017-18,2018-03-12,Stoke,Man City,0,2,0.20136137228047257,0.2410566461556369,0.5575819815638906,False
2017-18,2018-03-17,Bournemouth,West Brom,2,1,0.4677715191734583,0.2589449074106689,0.27328357341587284,False
2017-18,2018-03-17,Huddersfield,Crystal Palace,0,2,0.28896258958542964,0.30191954113148933,0.409117869283081,True
2017-18,2018-03-17,Liverpool,Watford,5,0,0.7418286056966853,0.16268752558466887,0.09548386871864592,False
2017-18,2018-03-17,Stoke,Everton,1,2,0.3263977868425239,0.2813310488540261,0.3922711643034501,False
2017-18,2018-03-31,West Ham,Southampton,3,0,0.38640115517305285,0.2791191017627495,0.33447974306419775,False
2017-18,2018-03-31,Watford,Bournemouth,2,2,0.4074561945190289,0.2549120323611804,0.3376317731197907,False
2017-18,2018-03-31,Newcastle,Huddersfield,1,0,0.5570922218207005,0.26053819647317394,0.1823695817061256,True
2017-18,2018-03-31,West Brom,Burnley,1,2,0.4660010460184999,0.30197774693169205,0.23202120704980822,False
2017-18,2018-03-31,Everton,Man City,1,3,0.3145558103341939,0.2523946938298224,0.4330494958359836,False
2017-18,2018-03-31,Crystal Palace,Liverpool,1,2,0.2718203182065274,0.24952779865433475,0.47865188313913776,False
2017-18,2018-03-31,Brighton,Leicester,0,2,0.23057126019300933,0.2757872189835958,0.49364152082339485,True
2017-18,2018-03-31,Man United,Swansea,2,0,0.6713726017410281,0.21281435468395635,0.11581304357501566,False
2017-18,2018-04-01,Arsenal,Stoke,3,0,0.6990119029341189,0.1901777198093581,0.11081037725652307,False
2017-18,2018-04-01,Chelsea,Tottenham,1,3,0.4610123114254866,0.25443292371089976,0.28455476486361386,False
2017-18,2018-04-07,West Brom,Swansea,1,1,0.4472169173286667,0.2817443140035888,0.27103876866774457,False
2017-18,2018-04-07,Bournemouth,Crystal Palace,2,2,0.47124456273418275,0.24619212982646652,0.2825633074393509,False
2017-18,2018-04-07,Brighton,Huddersfield,1,1,0.41260693567017015,0.32637053936460525,0.26102252496522466,True
2017-18,2018-04-07,Everton,Liverpool,0,0,0.4008636415829314,0.2515870980007156,0.34754926041635276,False
2017-18,2018-04-07,Leicester,Newcastle,1,2,0.5979497062135725,0.22249937880048168,0.1795509149859459,False
2017-18,2018-04-07,Man City,Man United,2,3,0.50181660085229,0.2649291416642237,0.23325425748348633,False
2017-18,2018-04-07,Stoke,Tottenham,1,2,0.20573352983045057,0.2539511071353856,0.5403153630341638,False
2017-18,2018-04-07,Watford,Burnley,1,2,0.42362111398544927,0.2980234010330532,0.2783554849814976,False
2017-18,2018-04-08,Chelsea,West Ham,1,1,0.7198994762026709,0.1717814205894334,0.10831910320789556,False
2017-18,2018-04-08,Arsenal,Southampton,3,2,0.5978687085175212,0.23232832556929328,0.1698029659131856,False
2017-18,2018-04-14,Burnley,Leicester,2,1,0.32214146571058366,0.288576817572086,0.3892817167173303,False
2017-18,2018-04-14,Crystal Palace,Brighton,3,2,0.5897082006942264,0.25362392226039115,0.15666787704538243,True
2017-18,2018-04-14,Huddersfield,Watford,1,0,0.3428924696791955,0.3082706940056651,0.34883683631513934,True
2017-18,2018-04-14,Liverpool,Bournemouth,3,0,0.721429725285385,0.15935058004417352,0.11921969467044165,False
2017-18,2018-04-14,Southampton,Chelsea,2,3,0.29419538140169454,0.2746242767722699,0.4311803418260356,False
2017-18,2018-04-14,Swansea,Everton,1,1,0.3263908735637222,0.2658715310998043,0.40773759533647347,False
2017-18,2018-04-14,Tottenham,Man City,1,3,0.46873185146686835,0.24759314641135916,0.28367500212177243,False
2017-18,2018-04-15,Man United,West Brom,0,1,0.6411247527191246,0.23888059422135755,0.11999465305951773,False
2017-18,2018-04-15,Newcastle,Arsenal,2,1,0.2023497733522031,0.23058410415627723,0.5670661224915197,False
2017-18,2018-04-16,West Ham,Stoke,1,1,0.4897101837053134,0.2641880843704886,0.24610173192419793,False
2017-18,2018-04-17,Brighton,Tottenham,1,1,0.11155870453243111,0.2098812096809062,0.6785600857866627,True
2017-18,2018-04-18,Bournemouth,Man United,0,2,0.23884111258200666,0.25682901337702824,0.5043298740409652,False
2017-18,2018-04-19,Burnley,Chelsea,1,2,0.1766107422105093,0.24769948746548195,0.5756897703240087,False
2017-18,2018-04-19,Leicester,Southampton,0,0,0.43288825344760135,0.2750367440862153,0.29207500246618345,False
2017-18,2018-04-21,Watford,Crystal Palace,0,0,0.3868119559094456,0.2820538288589687,0.3311342152315857,False
2017-18,2018-04-21,West Brom,Liverpool,2,2,0.2630474697141649,0.26250515738180186,0.47444737290403305,False
2017-18,2018-04-22,Arsenal,West Ham,4,1,0.6936216073663861,0.1826520435252328,0.12372634910838112,False
2017-18,2018-04-22,Man City,Swansea,5,0,0.7708095889814024,0.14668461294198168,0.08250579807661565,False
2017-18,2018-04-22,Stoke,Burnley,1,1,0.4759149166554294,0.2945616463701908,0.2295234369743797,False
2017-18,2018-04-23,Everton,Newcastle,1,0,0.6447182163960257,0.20777474436564752,0.1475070392383268,False
2017-18,2018-04-28,Swansea,Chelsea,0,1,0.20637668002796808,0.23473437638218658,0.5588889435898452,False
2017-18,2018-04-28,Southampton,Bournemouth,2,1,0.5784190112562194,0.22902932247807162,0.19255166626570894,False
2017-18,2018-04-28,Newcastle,West Brom,0,1,0.4124934819540761,0.2855105500866125,0.3019959679593112,False
2017-18,2018-04-28,Crystal Palace,Leicester,5,0,0.38200916746439906,0.26949935827807425,0.34849147425752663,False
2017-18,2018-04-28,Huddersfield,Everton,0,2,0.19564189152639577,0.26617652756008425,0.5381815809135201,True
2017-18,2018-04-28,Liverpool,Stoke,0,0,0.6723713310899888,0.19748754811481387,0.1301411207951971,False
2017-18,2018-04-28,Burnley,Brighton,0,0,0.5152820239344209,0.29616584665916823,0.18855212940641097,True
2017-18,2018-04-29,Man United,Arsenal,2,1,0.4396465459241295,0.2818735566432079,0.27847989743266266,False
2017-18,2018-04-29,West Ham,Man City,1,4,0.22736484993268652,0.23051090931700216,0.5421242407503114,False
2017-18,2018-04-30,Tottenham,Watford,2,0,0.788479865090201,0.14364138751346106,0.06787874739633806,False
2017-18,2018-05-04,Brighton,Man United,1,0,0.13737968981466908,0.2647838339014582,0.5978364762838726,True
2017-18,2018-05-05,West Brom,Tottenham,1,0,0.2023157658192411,0.25837790678184547,0.5393063273989134,False
2017-18,2018-05-05,Watford,Newcastle,2,1,0.43408847516812576,0.2711718516881717,0.2947396731437024,False
2017-18,2018-05-05,Stoke,Crystal Palace,1,2,0.4428669577230885,0.28288639720328695,0.2742466450736246,False
2017-18,2018-05-05,Everton,Southampton,1,1,0.47954679413011725,0.27018256149119646,0.25027064437868624,False
2017-18,2018-05-05,Bournemouth,Swansea,1,0,0.48578116100230306,0.23920515358938776,0.27501368540830917,False
2017-18,2018-05-05,Leicester,West Ham,0,2,0.522611782462373,0.24068026202455478,0.23670795551307217,False
2017-18,2018-05-06,Arsenal,Burnley,5,0,0.7300041579333164,0.17974449508086068,0.09025134698582288,False
2017-18,2018-05-06,Chelsea,Liverpool,1,0,0.5587793156957483,0.22340965256234963,0.21781103174190192,False
2017-18,2018-05-06,Man City,Huddersfield,0,0,0.8489682103462475,0.11057391117848371,0.040457878475268605,True
2017-18,2018-05-08,Swansea,Southampton,0,1,0.3455386780250802,0.285031048617006,0.369430273357914,False
2017-18,2018-05-09,Man City,Brighton,3,1,0.8489682103462475,0.11057391117848371,0.040457878475268605,True
2017-18,2018-05-09,Chelsea,Huddersfield,1,1,0.8310948260341225,0.1235283232011258,0.04537685076475165,True
2017-18,2018-05-09,Leicester,Arsenal,3,1,0.30754436497807386,0.2534047149164517,0.4390509201054745,False
2017-18,2018-05-09,Tottenham,Newcastle,1,0,0.7823026801784432,0.14400483922746826,0.07369248059408863,False
2017-18,2018-05-10,West Ham,Man United,0,0,0.26506242510018974,0.281488987559929,0.45344858733988114,False
2017-18,2018-05-13,Burnley,Bournemouth,1,2,0.409202298242918,0.27090027604877914,0.31989742570830293,False
2017-18,2018-05-13,Crystal Palace,West Brom,2,0,0.4486022719046443,0.2869365800609603,0.2644611480343952,False
2017-18,2018-05-13,Huddersfield,Arsenal,0,1,0.1288991118712508,0.21932052743113256,0.6517803606976166,True
2017-18,2018-05-13,Liverpool,Brighton,4,0,0.7950577214940037,0.14234143316302272,0.06260084534297355,True
2017-18,2018-05-13,Man United,Watford,1,0,0.7103541961642377,0.19737950137103838,0.09226630246472396,False
2017-18,2018-05-13,Newcastle,Chelsea,3,0,0.1810325781475105,0.22256321070907154,0.5964042111434181,False
2017-18,2018-05-13,Southampton,Man City,0,1,0.28416657922969746,0.2658791521936628,0.4499542685766399,False
2017-18,2018-05-13,Swansea,Stoke,1,2,0.44451780833536214,0.2772291511242581,0.2782530405403796,False
2017-18,2018-05-13,Tottenham,Leicester,5,4,0.6763709792161956,0.19261546479139968,0.1310135559924046,False
2017-18,2018-05-13,West Ham,Everton,3,1,0.36791267268549016,0.2623667623861753,0.36972056492833455,False
2018-19,2018-08-10,Man United,Leicester,2,1,0.6536680460606068,0.2176578911633954,0.12867406277599786,False
2018-19,2018-08-11,Bournemouth,Cardiff,2,0,0.6432785470764701,0.21802847649807996,0.13869297642544987,False
2018-19,2018-08-11,Fulham,Crystal Palace,0,2,0.36481515246629515,0.27632191372012843,0.35886293381357637,False
2018-19,2018-08-11,Huddersfield,Chelsea,0,3,0.13907557578428487,0.25804177598559447,0.6028826482301207,False
2018-19,2018-08-11,Newcastle,Tottenham,1,2,0.1952733496914641,0.2582763597542631,0.5464502905542727,False
2018-19,2018-08-11,Watford,Brighton,2,0,0.4361583425264256,0.3005669131766863,0.26327474429688796,False
2018-19,2018-08-11,Wolves,Everton,2,2,0.2613003987210731,0.2748918289354622,0.4638077723434648,False
2018-19,2018-08-12,Arsenal,Man City,0,2,0.3246969591138869,0.243481249887708,0.431821790998405,False
2018-19,2018-08-12,Liverpool,West Ham,4,0,0.7393937913626785,0.1586603656388909,0.10194584299843085,False
2018-19,2018-08-12,Southampton,Burnley,0,0,0.4498872947175376,0.320588214116355,0.2295244911661072,False
2018-19,2018-08-18,Tottenham,Fulham,3,1,0.8163958510632057,0.12658819394727833,0.05701595498951609,False
2018-19,2018-08-18,Leicester,Wolves,2,0,0.6641407640700905,0.20362362606625634,0.13223560986365318,False
2018-19,2018-08-18,West Ham,Bournemouth,1,2,0.5014722333822912,0.23860175731130379,0.2599260093064049,False
2018-19,2018-08-18,Chelsea,Arsenal,3,2,0.506997091242946,0.24339746058392508,0.24960544817312907,False
2018-19,2018-08-18,Everton,Southampton,2,1,0.48339712359465214,0.27620470357842963,0.24039817282691817,False
2018-19,2018-08-18,Cardiff,Newcastle,0,0,0.2696850623135984,0.3083192440365168,0.4219956936498848,False
2018-19,2018-08-19,Brighton,Man United,3,2,0.17040337853330434,0.2951095934225752,0.5344870280441204,False
2018-19,2018-08-19,Burnley,Watford,1,3,0.47294410340412113,0.3023637889244296,0.22469210767144915,False
2018-19,2018-08-19,Man City,Huddersfield,6,1,0.8642827916813001,0.10483855173792805,0.030878656580771817,False
2018-19,2018-08-20,Crystal Palace,Liverpool,0,2,0.23980976197714202,0.24660713685899538,0.5135831011638626,False
2018-19,2018-08-25,Wolves,Man City,1,1,0.08086905691248876,0.1580217962271164,0.7611091468603948,False
2018-19,2018-08-25,Arsenal,West Ham,3,1,0.710864131292577,0.17067460615788124,0.11846126254954181,False
2018-19,2018-08-25,Bournemouth,Everton,2,2,0.382093621976368,0.2608636324917681,0.3570427455318638,False
2018-19,2018-08-25,Huddersfield,Cardiff,0,0,0.45038080831552585,0.32892072351172813,0.2206984681727462,False
2018-19,2018-08-25,Liverpool,Brighton,1,0,0.7474876600162151,0.1711050943209221,0.08140724566286275,False
2018-19,2018-08-25,Southampton,Leicester,1,2,0.4310325098398741,0.27389751343337715,0.2950699767267486,False
2018-19,2018-08-26,Watford,Crystal Palace,2,1,0.3831508510660573,0.2827658493901554,0.33408329954378724,False
2018-19,2018-08-26,Fulham,Burnley,4,2,0.3616944210691594,0.31215834773866546,0.32614723119217504,False
2018-19,2018-08-26,Newcastle,Chelsea,1,2,0.22118800201072833,0.2710884875532902,0.5077235104359814,False
2018-19,2018-08-27,Man United,Tottenham,0,3,0.42801522280277454,0.29546799626927517,0.2765167809279505,False
2018-19,2018-09-01,West Ham,Wolves,0,1,0.6057819227100353,0.22774894571069385,0.16646913157927085,False
2018-19,2018-09-01,Brighton,Fulham,2,2,0.45788456745847506,0.28992147894174086,0.2521939535997839,False
2018-19,2018-09-01,Chelsea,Bournemouth,2,0,0.7372423745496561,0.16547923256131927,0.09727839288902454,False
2018-19,2018-09-01,Crystal Palace,Southampton,0,2,0.4183710796672655,0.2927326360708073,0.288896284261927,False
2018-19,2018-09-01,Everton,Huddersfield,1,1,0.6244726318576741,0.24783474190029986,0.12769262624202593,False
2018-19,2018-09-01,Leicester,Liverpool,1,2,0.2876171921147317,0.23950397849551316,0.4728788293897554,False
2018-19,2018-09-01,Man City,Newcastle,2,1,0.8112638632084693,0.13223004341800282,0.05650609337352761,False
2018-19,2018-09-02,Watford,Tottenham,2,1,0.16213211390294205,0.22716422991999946,0.6107036561770585,False
2018-19,2018-09-02,Burnley,Man United,0,2,0.20247047294181003,0.32492859438900645,0.4726009326691835,False
2018-19,2018-09-02,Cardiff,Arsenal,2,3,0.12006595356266159,0.20020711359739285,0.6797269328399457,False
2018-19,2018-09-15,Bournemouth,Leicester,4,2,0.4004935469009161,0.24851464533202205,0.3509918077670617,False
2018-19,2018-09-15,Chelsea,Cardiff,4,1,0.8362894664478556,0.12158104732975022,0.04212948622239428,False
2018-19,2018-09-15,Huddersfield,Crystal Palace,0,1,0.2893760794017882,0.32387387008405816,0.3867500505141538,False
2018-19,2018-09-15,Man City,Fulham,3,0,0.88409770326431,0.08321298120601016,0.03268931552967993,False
2018-19,2018-09-15,Newcastle,Arsenal,1,2,0.2457691049425127,0.2590260421768602,0.49520485288062716,False
2018-19,2018-09-15,Tottenham,Liverpool,1,2,0.5137060564324928,0.241289000351909,0.2450049432155982,False
2018-19,2018-09-15,Watford,Man United,1,2,0.17194762291620388,0.2646198705757073,0.5634325065080887,False
2018-19,2018-09-16,Everton,West Ham,1,3,0.5406995241378955,0.24014154326122414,0.21915893260088026,False
2018-19,2018-09-16,Wolves,Burnley,1,0,0.3122349552073755,0.3278509501237924,0.3599140946688323,False
2018-19,2018-09-17,Southampton,Brighton,2,2,0.5118787710546122,0.2938543217101873,0.19426690723520043,False
2018-19,2018-09-22,Man United,Wolves,1,1,0.7845299986891858,0.15889782578640016,0.05657217552441383,False
2018-19,2018-09-22,Liverpool,Southampton,3,0,0.6748300503887117,0.20061724633388972,0.1245527032773987,False
2018-19,2018-09-22,Leicester,Huddersfield,3,1,0.6321359728653984,0.2364911478648321,0.13137287926976926,False
2018-19,2018-09-22,Fulham,Watford,1,1,0.43693218903142084,0.26976669183472995,0.2933011191338491,False
2018-19,2018-09-22,Brighton,Tottenham,1,2,0.1629356098639415,0.25526207286727276,0.5818023172687857,False
2018-19,2018-09-22,Cardiff,Man City,0,5,0.05995725068883237,0.14041829264633268,0.7996244566648348,False
2018-19,2018-09-22,Burnley,Bournemouth,4,0,0.44398596243384325,0.2925574321346889,0.26345660543146776,False
2018-19,2018-09-22,Crystal Palace,Newcastle,0,0,0.4645406622169347,0.285071795506013,0.25038754227705234,False
2018-19,2018-09-23,Arsenal,Everton,2,0,0.6295977463266575,0.2080254062799558,0.1623768473933866,False
2018-19,2018-09-23,West Ham,Chelsea,0,0,0.23747253243825217,0.24696668834075075,0.5155607792209973,False
2018-19,2018-09-29,Newcastle,Leicester,0,2,0.3832019294013095,0.2779691620057981,0.3388289085928925,False
2018-19,2018-09-29,Wolves,Southampton,2,0,0.2872415921183037,0.29878198638308756,0.41397642149860875,False
2018-19,2018-09-29,Man City,Brighton,2,0,0.8311310606229689,0.12352664213097612,0.045342297246055055,False
2018-19,2018-09-29,West Ham,Man United,3,1,0.21662895141437286,0.2690392695442756,0.5143317790413515,False
2018-19,2018-09-29,Everton,Fulham,3,0,0.62685194556974,0.2176236931205467,0.15552436130971337,False
2018-19,2018-09-29,Arsenal,Watford,2,0,0.7552413981136141,0.156332981016948,0.0884256208694378,False
2018-19,2018-09-29,Huddersfield,Tottenham,0,2,0.12083724226218909,0.24034798008757155,0.6388147776502392,False
2018-19,2018-09-29,Chelsea,Liverpool,1,1,0.4718869895502909,0.25097213505624905,0.2771408753934601,False
2018-19,2018-09-30,Cardiff,Burnley,1,2,0.2586496272748847,0.3341433267913477,0.4072070459337678,False
2018-19,2018-10-01,Bournemouth,Crystal Palace,2,1,0.4434609774254222,0.2611455074587762,0.2953935151158018,False
2018-19,2018-10-05,Brighton,West Ham,1,0,0.3779870530932323,0.2930446777121186,0.32896826919464905,False
2018-19,2018-10-06,Burnley,Huddersfield,1,1,0.5016002485996387,0.3295138196333384,0.16888593176702293,False
2018-19,2018-10-06,Crystal Palace,Wolves,0,1,0.590532557639909,0.243817015874368,0.16565042648572323,False
2018-19,2018-10-06,Leicester,Everton,1,2,0.45970740135495675,0.2547945471045042,0.2854980515405389,False
2018-19,2018-10-06,Man United,Newcastle,3,2,0.6781086419589346,0.22227549933083895,0.09961585871022666,False
2018-19,2018-10-06,Tottenham,Cardiff,1,0,0.8621744163634617,0.10413115753050158,0.03369442610603674,False
2018-19,2018-10-06,Watford,Bournemouth,0,4,0.41789498008485604,0.2624322434138596,0.3196727765012845,False
2018-19,2018-10-07,Southampton,Chelsea,0,3,0.2579342534991622,0.28177684975942935,0.46028889674140844,False
2018-19,2018-10-07,Fulham,Arsenal,1,5,0.18931080482043927,0.21835667894113753,0.5923325162384231,False
2018-19,2018-10-07,Liverpool,Man City,0,0,0.3565435169301857,0.2467705240281275,0.39668595904168696,False
2018-19,2018-10-20,Wolves,Watford,0,2,0.3780558047041723,0.2885971852766034,0.3333470100192243,False
2018-19,2018-10-20,Bournemouth,Southampton,0,0,0.4095497224206794,0.2755295817280237,0.3149206958512969,False
2018-19,2018-10-20,Cardiff,Fulham,4,2,0.3363470429141904,0.29269684929624445,0.370956107789565,False
2018-19,2018-10-20,Chelsea,Man United,2,2,0.4133704168434463,0.29968063033954756,0.2869489528170061,False
2018-19,2018-10-20,Huddersfield,Liverpool,0,1,0.13625643640338098,0.23681110067895955,0.6269324629176595,False
2018-19,2018-10-20,Man City,Burnley,5,0,0.775435130040085,0.1605354625860305,0.06402940737388452,False
2018-19,2018-10-20,Newcastle,Brighton,0,1,0.4679809072644577,0.3064004474597065,0.22561864527583586,False
2018-19,2018-10-20,West Ham,Tottenham,0,1,0.20818233453486573,0.23475505152610815,0.557062613939026,False
2018-19,2018-10-21,Everton,Crystal Palace,2,0,0.5201957785732836,0.25764611030350115,0.22215811112321524,False
2018-19,2018-10-22,Arsenal,Leicester,3,1,0.6568264569329545,0.1908144899970838,0.15235905306996192,False
2018-19,2018-10-27,Brighton,Wolves,1,0,0.49120902193464266,0.29476038965580315,0.21403058840955416,False
2018-19,2018-10-27,Fulham,Bournemouth,0,3,0.39806256497673964,0.2573451740856733,0.344592260937587,False
2018-19,2018-10-27,Leicester,West Ham,1,1,0.5415692033245527,0.230444210713989,0.2279865859614582,False
2018-19,2018-10-27,Liverpool,Cardiff,4,1,0.8589274404275928,0.10328649833177751,0.037786061240629686,False
2018-19,2018-10-27,Southampton,Newcastle,0,0,0.4773822850484323,0.2926911742493619,0.2299265407022059,False
2018-19,2018-10-27,Watford,Huddersfield,3,0,0.4981107684382975,0.2989764637557711,0.20291276780593143,False
2018-19,2018-10-28,Burnley,Chelsea,0,4,0.22260949249460776,0.29810010731450387,0.4792904001908885,False
2018-19,2018-10-28,Crystal Palace,Arsenal,2,2,0.26671181003862776,0.25205824553844447,0.4812299444229279,False
2018-19,2018-10-28,Man United,Everton,2,1,0.626120913628549,0.2372282353105063,0.13665085106094474,False
2018-19,2018-10-29,Tottenham,Man City,0,1,0.38649429230253424,0.26050719034567793,0.352998517351788,False
2018-19,2018-11-03,Wolves,Tottenham,2,3,0.12110870374550134,0.2060772103503053,0.6728140859041932,False
2018-19,2018-11-03,West Ham,Burnley,4,2,0.4492430227064497,0.2944835562451828,0.25627342104836726,False
2018-19,2018-11-03,Newcastle,Watford,1,0,0.49071072683148276,0.2778125679009169,0.2314767052676002,False
2018-19,2018-11-03,Arsenal,Liverpool,1,1,0.4524766516109966,0.23841988278225193,0.3091034656067515,False
2018-19,2018-11-03,Cardiff,Leicester,0,1,0.21831696703724338,0.2601014562747329,0.5215815766880239,False
2018-19,2018-11-03,Bournemouth,Man United,1,2,0.20328242735266294,0.26038150747578065,0.5363360651715565,False
2018-19,2018-11-03,Everton,Brighton,3,1,0.5668435276281008,0.26173254488489867,0.17142392748700064,False
2018-19,2018-11-04,Chelsea,Crystal Palace,3,1,0.6902895204928446,0.19635140604264392,0.11335907346451149,False
2018-19,2018-11-04,Man City,Southampton,6,1,0.7737497235787766,0.1534894094122667,0.07276086700895677,False
2018-19,2018-11-05,Huddersfield,Fulham,1,0,0.3711052292871815,0.31598706588987996,0.3129077048229387,False
2018-19,2018-11-10,Southampton,Watford,1,1,0.5380193481923266,0.26478262855405593,0.1971980232536174,False
2018-19,2018-11-10,Huddersfield,West Ham,1,1,0.29881769206466025,0.3064359270352361,0.3947463809001036,False
2018-19,2018-11-10,Newcastle,Bournemouth,2,1,0.4579164114129936,0.2693995324272038,0.2726840561598026,False
2018-19,2018-11-10,Leicester,Burnley,0,0,0.5044609935004063,0.2795459772579633,0.21599302924163058,False
2018-19,2018-11-10,Cardiff,Brighton,2,1,0.30469725453888025,0.3278344119753332,0.36746833348578656,False
2018-19,2018-11-10,Crystal Palace,Tottenham,0,1,0.2116649416105843,0.2524039013866365,0.5359311570027792,False
2018-19,2018-11-11,Arsenal,Wolves,1,1,0.8063896459941288,0.13176651776803286,0.06184383623783834,False
2018-19,2018-11-11,Chelsea,Everton,0,0,0.6374747886206975,0.215998971128574,0.14652624025072858,False
2018-19,2018-11-11,Liverpool,Fulham,2,0,0.8084759109094894,0.12672138897641733,0.0648027001140932,False
2018-19,2018-11-11,Man City,Man United,3,1,0.5398499879585881,0.26016633743484446,0.1999836746065674,False
2018-19,2018-11-24,Tottenham,Chelsea,3,1,0.49945480611187054,0.257864989713656,0.24268020417447347,False
2018-19,2018-11-24,Man United,Crystal Palace,0,0,0.6751133632608111,0.21765609701082483,0.10723053972836416,False
2018-19,2018-11-24,West Ham,Man City,0,4,0.14872408390916597,0.19511253543701937,0.6561633806538146,False
2018-19,2018-11-24,Everton,Cardiff,1,0,0.7036619531616117,0.19747905932323964,0.09885898751514859,False
2018-19,2018-11-24,Brighton,Leicester,1,1,0.3287899674219139,0.2904830661466733,0.3807269664314125,False
2018-19,2018-11-24,Fulham,Southampton,3,2,0.33576066446250563,0.2877473667750043,0.37649196876249,False
2018-19,2018-11-24,Watford,Liverpool,0,3,0.18422169175115977,0.22408455533134652,0.5916937529174939,False
2018-19,2018-11-25,Bournemouth,Arsenal,1,2,0.24778251880700292,0.2289319607871969,0.5232855204058,False
2018-19,2018-11-25,Wolves,Huddersfield,0,2,0.4255731245229444,0.32380813024371474,0.2506187452333408,False
2018-19,2018-11-26,Burnley,Newcastle,1,2,0.4173335815664809,0.3275260064089785,0.2551404120245404,False
2018-19,2018-11-30,Cardiff,Wolves,2,1,0.37332381224290556,0.30736973654623756,0.3193064512108569,False
2018-19,2018-12-01,Southampton,Man United,2,2,0.23406896190039622,0.30714679276504836,0.4587842453345553,False
2018-19,2018-12-01,Crystal Palace,Burnley,2,0,0.43880653869818964,0.3116483176787437,0.24954514362306668,False
2018-19,2018-12-01,Huddersfield,Brighton,1,2,0.33341928827881073,0.35530303674610575,0.3112776749750835,False
2018-19,2018-12-01,Leicester,Watford,2,0,0.598824653048504,0.22386187730075183,0.17731346965074413,False
2018-19,2018-12-01,Man City,Bournemouth,3,1,0.8504939962396275,0.10142104669750353,0.04808495706286888,False
2018-19,2018-12-01,Newcastle,West Ham,0,3,0.43644248931518326,0.2754318389296097,0.28812567175520704,False
2018-19,2018-12-02,Liverpool,Everton,1,0,0.6603155213172591,0.19733299009106806,0.1423514885916729,False
2018-19,2018-12-02,Arsenal,Tottenham,4,2,0.4044625321266452,0.2552304064676688,0.34030706140568595,False
2018-19,2018-12-02,Chelsea,Fulham,2,0,0.7848725134025651,0.14497550454587257,0.07015198205156226,False
2018-19,2018-12-04,Bournemouth,Huddersfield,2,1,0.563437280465755,0.2635647450315245,0.17299797450272053,False
2018-19,2018-12-04,Brighton,Crystal Palace,3,1,0.3645245959203779,0.3102050092463998,0.3252703948332223,False
2018-19,2018-12-04,Watford,Man City,1,2,0.11276757870939191,0.18233856904501924,0.704893852245589,False
2018-19,2018-12-04,West Ham,Cardiff,3,1,0.6572518108304699,0.2138737051965131,0.12887448397301696,False
2018-19,2018-12-05,Wolves,Chelsea,2,1,0.1414616414616089,0.22365231340129668,0.6348860451370945,False
2018-19,2018-12-05,Burnley,Liverpool,1,3,0.2235746453767763,0.27861793058571477,0.49780742403750894,False
2018-19,2018-12-05,Everton,Newcastle,1,1,0.5311021300303405,0.2639188167795941,0.20497905319006554,False
2018-19,2018-12-05,Fulham,Leicester,1,1,0.32250922705906193,0.2564757671284181,0.4210150058125199,False
2018-19,2018-12-05,Man United,Arsenal,2,2,0.5074942502704639,0.2651699983237257,0.22733575140581055,False
2018-19,2018-12-05,Tottenham,Southampton,3,1,0.687844396313468,0.20228786117032932,0.10986774251620263,False
2018-19,2018-12-08,West Ham,Crystal Palace,3,2,0.46079472310099145,0.26136613229064026,0.2778391446083681,False
2018-19,2018-12-08,Man United,Fulham,4,1,0.7669325706874328,0.1645670797808444,0.06850034953172279,False
2018-19,2018-12-08,Leicester,Tottenham,0,2,0.25364097347406095,0.24673520040240338,0.4996238261235358,False
2018-19,2018-12-08,Chelsea,Man City,2,0,0.34839808036825853,0.2624975525495722,0.3891043670821693,False
2018-19,2018-12-08,Arsenal,Huddersfield,1,0,0.7705641147906341,0.1630842291984436,0.06635165601092222,False
2018-19,2018-12-08,Burnley,Brighton,1,0,0.4491548762855061,0.3330214358989602,0.21782368781553374,False
2018-19,2018-12-08,Bournemouth,Liverpool,0,4,0.2205954705491003,0.22201637276818442,0.5573881566827152,False
2018-19,2018-12-08,Cardiff,Southampton,1,0,0.23426349563375615,0.2995517572850344,0.46618474708120944,False
2018-19,2018-12-09,Newcastle,Wolves,1,2,0.5539660041603808,0.2651794970697143,0.18085449876990506,False
2018-19,2018-12-10,Everton,Watford,2,2,0.594967279979268,0.2336730594336441,0.17135966058708774,False
2018-19,2018-12-15,Wolves,Bournemouth,2,0,0.3407409272707801,0.27114434815470684,0.38811472457451296,False
2018-19,2018-12-15,Watford,Cardiff,3,2,0.5743502256694009,0.2560890126701093,0.16956076166048978,False
2018-19,2018-12-15,Tottenham,Burnley,1,0,0.6930476282556766,0.2111125484369295,0.09583982330739367,False
2018-19,2018-12-15,Man City,Everton,3,1,0.7659359870295978,0.15137230701406895,0.08269170595633332,False
2018-19,2018-12-15,Fulham,West Ham,0,2,0.3769225978252445,0.2608594700886606,0.36221793208609493,False
2018-19,2018-12-15,Huddersfield,Newcastle,0,1,0.30162583766473416,0.33934158560411737,0.3590325767311485,False
2018-19,2018-12-15,Crystal Palace,Leicester,1,0,0.41351049187930855,0.2649303783243695,0.32155912979632206,False
2018-19,2018-12-16,Brighton,Chelsea,1,2,0.18557186238215545,0.27025140848183166,0.5441767291360128,False
2018-19,2018-12-16,Liverpool,Man United,3,1,0.4274965622675189,0.28159916040386523,0.2909042773286158,False
2018-19,2018-12-16,Southampton,Arsenal,3,2,0.2867294221554216,0.26788822608019625,0.44538235176438223,False
2018-19,2018-12-21,Wolves,Liverpool,0,2,0.13750483058530777,0.20433192272296197,0.6581632466917303,False
2018-19,2018-12-22,West Ham,Watford,0,2,0.5377371809030633,0.2437696687514399,0.21849315034549688,False
2018-19,2018-12-22,Man City,Crystal Palace,2,3,0.8095392299457351,0.12977834874169578,0.060682421312569255,False
2018-19,2018-12-22,Huddersfield,Southampton,1,3,0.2664506048059081,0.33482118287700224,0.39872821231708955,False
2018-19,2018-12-22,Newcastle,Fulham,0,0,0.5206157193140246,0.26434191536677887,0.21504236531919627,False
2018-19,2018-12-22,Cardiff,Man United,1,5,0.10337514377245174,0.23142289479344588,0.6652019614341024,False
2018-19,2018-12-22,Bournemouth,Brighton,2,0,0.49879558313349875,0.27175675926144355,0.22944765760505756,False
2018-19,2018-12-22,Arsenal,Burnley,3,1,0.6566695831033389,0.2204821530375734,0.12284826385908776,False
2018-19,2018-12-22,Chelsea,Leicester,0,1,0.6648816778830009,0.19775531323753504,0.1373630088794643,False
2018-19,2018-12-23,Everton,Tottenham,2,6,0.26157692907102115,0.26176881653234485,0.4766542543966339,False
2018-19,2018-12-26,Tottenham,Bournemouth,5,0,0.7727483636370568,0.1470058711251763,0.08024576523776686,False
2018-19,2018-12-26,Brighton,Arsenal,1,1,0.2056744662853741,0.25887703113079535,0.5354485025838306,False
2018-19,2018-12-26,Burnley,Everton,1,5,0.35688666421369714,0.31579867328681954,0.3273146624994832,False
2018-19,2018-12-26,Crystal Palace,Cardiff,0,0,0.6397359676863746,0.23073835816219807,0.12952567415142743,False
2018-19,2018-12-26,Fulham,Wolves,1,1,0.5055125556812708,0.2632549707060048,0.23123247361272425,False
2018-19,2018-12-26,Leicester,Man City,2,1,0.18732180297785594,0.2130143488035273,0.599663848218617,False
2018-19,2018-12-26,Liverpool,Newcastle,4,0,0.7198248758599549,0.17990975499456052,0.10026536914548453,False
2018-19,2018-12-26,Man United,Huddersfield,3,1,0.7437677624672409,0.19611657560835913,0.06011566192440015,False
2018-19,2018-12-26,Watford,Chelsea,1,2,0.186723668320089,0.24236630171999288,0.5709100299599181,False
2018-19,2018-12-27,Southampton,West Ham,1,2,0.48521785319811955,0.2668935102548955,0.24788863654698493,False
2018-19,2018-12-29,Brighton,Everton,1,0,0.31384123706896655,0.3034407316985292,0.38271803123250414,False
2018-19,2018-12-29,Fulham,Huddersfield,1,0,0.4845074621744233,0.29667304886772095,0.2188194889578558,False
2018-19,2018-12-29,Leicester,Cardiff,0,1,0.7118705106635446,0.187363865167949,0.1007656241685063,False
2018-19,2018-12-29,Liverpool,Arsenal,5,1,0.5238812091304652,0.226952156477539,0.24916663439199613,False
2018-19,2018-12-29,Tottenham,Wolves,1,3,0.8335744299160911,0.12012378124888519,0.04630178883502382,False
2018-19,2018-12-29,Watford,Newcastle,1,1,0.3975790795298557,0.29343654869937447,0.3089843717707699,False
2018-19,2018-12-30,Burnley,West Ham,2,0,0.4237233448543093,0.29881094959203197,0.2774657055536588,False
2018-19,2018-12-30,Crystal Palace,Chelsea,0,1,0.239686561355834,0.2641829194271232,0.4961305192170428,False
2018-19,2018-12-30,Man United,Bournemouth,4,1,0.7222523018098803,0.18471969464752866,0.09302800354259091,False
2018-19,2018-12-30,Southampton,Man City,1,3,0.1724427841690165,0.2351674245141363,0.5923897913168472,False
2018-19,2019-01-01,Everton,Leicester,0,1,0.483357595627719,0.2509230278133836,0.26571937655889744,False
2018-19,2019-01-01,Cardiff,Tottenham,0,3,0.09257901156109274,0.1896516473939759,0.7177693410449313,False
2018-19,2019-01-01,Arsenal,Fulham,4,1,0.7845876994759351,0.13892173911255706,0.07649056141150776,False
2018-19,2019-01-02,Bournemouth,Watford,3,3,0.5207893905716483,0.2456190132306445,0.23359159619770709,False
2018-19,2019-01-02,Chelsea,Southampton,0,0,0.6508745950704004,0.2204325464905231,0.12869285843907657,False
2018-19,2019-01-02,Huddersfield,Burnley,1,2,0.28626406093293455,0.3671102324465529,0.34662570662051234,False
2018-19,2019-01-02,Newcastle,Man United,0,2,0.2018911001704477,0.2954285382294156,0.5026803616001367,False
2018-19,2019-01-02,West Ham,Brighton,2,2,0.51426241799942,0.27031472643782267,0.215422855562757,False
2018-19,2019-01-02,Wolves,Crystal Palace,0,2,0.31240197088925964,0.28887547903608907,0.3987225500746513,False
2018-19,2019-01-03,Man City,Liverpool,2,1,0.6145280302192746,0.20632054300308156,0.17915142677764384,False
2018-19,2019-01-12,Leicester,Southampton,1,2,0.4842043813630804,0.2650778207105058,0.2507177979264137,False
2018-19,2019-01-12,Crystal Palace,Watford,1,2,0.5256181558034774,0.25921862370918036,0.2151632204873422,False
2018-19,2019-01-12,West Ham,Arsenal,1,0,0.2647348680962509,0.23601491128027507,0.49925022062347396,False
2018-19,2019-01-12,Chelsea,Newcastle,2,1,0.6951336046674961,0.19990077971441547,0.10496561561808843,False
2018-19,2019-01-12,Burnley,Fulham,2,1,0.5015818309930161,0.28848567132419384,0.20993249768279004,False
2018-19,2019-01-12,Cardiff,Huddersfield,0,0,0.3614646773563367,0.3444413829172693,0.29409393972639397,False
2018-19,2019-01-12,Brighton,Liverpool,0,1,0.1841338708099587,0.25066240608414536,0.5652037231058961,False
2018-19,2019-01-13,Everton,Bournemouth,2,0,0.5641244677587237,0.23150998621246854,0.2043655460288078,False
2018-19,2019-01-13,Tottenham,Man United,0,1,0.44962853988750834,0.2918113757796732,0.25856008433281835,False
2018-19,2019-01-14,Man City,Wolves,3,0,0.8961094743732052,0.07768720096108668,0.026203324665708086,False
2018-19,2019-01-19,Watford,Burnley,0,0,0.37707644046705274,0.3187601768352651,0.30416338269768206,False
2018-19,2019-01-19,Wolves,Leicester,4,3,0.27285705188781484,0.26372961471206474,0.4634133334001204,False
2018-19,2019-01-19,Newcastle,Cardiff,3,0,0.6026316332503687,0.2542142856184095,0.14315408113122194,False
2018-19,2019-01-19,Southampton,Everton,2,1,0.41091209815847096,0.2883438221532372,0.30074407968829203,False
2018-19,2019-01-19,Liverpool,Crystal Palace,4,3,0.7144242013127452,0.1770911868740093,0.10848461181324537,False
2018-19,2019-01-19,Bournemouth,West Ham,2,0,0.45966281568062106,0.24537945984340803,0.2949577244759709,False
2018-19,2019-01-19,Arsenal,Chelsea,2,0,0.4421837907296444,0.2539586035739377,0.30385760569641795,False
2018-19,2019-01-19,Man United,Brighton,2,1,0.7022281440660811,0.2152490766882915,0.08252277924562727,False
2018-19,2019-01-20,Fulham,Tottenham,1,2,0.14659011199497946,0.21077924572038234,0.6426306422846382,False
2018-19,2019-01-20,Huddersfield,Man City,0,3,0.08423766166540811,0.19068976655475464,0.7250725717798372,False
2018-19,2019-01-29,Wolves,West Ham,3,0,0.32187185192352175,0.2730653381760632,0.40506280990041515,False
2018-19,2019-01-29,Arsenal,Cardiff,2,1,0.8402811270632349,0.1146972844711,0.04502158846566489,False
2018-19,2019-01-29,Fulham,Brighton,4,2,0.42040437109228335,0.2962582594369709,0.2833373694707455,False
2018-19,2019-01-29,Huddersfield,Everton,0,1,0.24500236065683717,0.3087479948077852,0.44624964453537774,False
2018-19,2019-01-29,Man United,Burnley,2,2,0.6396303158860139,0.25498818576680027,0.10538149834718545,False
2018-19,2019-01-29,Newcastle,Man City,2,1,0.14248930914220198,0.21711975810010725,0.6403909327576907,False
2018-19,2019-01-30,Tottenham,Watford,2,1,0.7892459812743566,0.14415054376508835,0.06660347496055516,False
2018-19,2019-01-30,Southampton,Crystal Palace,1,1,0.46657228122988803,0.2846132562481168,0.24881446252199524,False
2018-19,2019-01-30,Bournemouth,Chelsea,4,0,0.22221419077171034,0.23897962723502292,0.5388061819932667,False
2018-19,2019-01-30,Liverpool,Leicester,1,1,0.6878292214565885,0.1796720292406701,0.13249874930274141,False
2018-19,2019-02-02,Brighton,Watford,0,0,0.43015022225439303,0.30158937146752796,0.268260406278079,False
2018-19,2019-02-02,Burnley,Southampton,1,1,0.3766434057635422,0.3332857519206715,0.29007084231578617,False
2018-19,2019-02-02,Cardiff,Bournemouth,2,0,0.2775633378679345,0.2752601014744206,0.44717656065764494,False
2018-19,2019-02-02,Chelsea,Huddersfield,5,0,0.7667441046147149,0.1717907312359384,0.06146516414934668,False
2018-19,2019-02-02,Crystal Palace,Fulham,2,0,0.5566837435297463,0.2450254062091878,0.1982908502610659,False
2018-19,2019-02-02,Everton,Wolves,1,3,0.6577924380522213,0.2134501176609304,0.1287574442868482,False
2018-19,2019-02-02,Tottenham,Newcastle,1,0,0.7304992404551452,0.18099862096169414,0.08850213858316089,False
2018-19,2019-02-03,Leicester,Man United,0,1,0.25916634172070513,0.2790642300267485,0.4617694282525466,False
2018-19,2019-02-03,Man City,Arsenal,3,1,0.6499546962236726,0.19350655565974806,0.15653874811657953,False
2018-19,2019-02-04,West Ham,Liverpool,1,1,0.23673853282219148,0.23006740313036061,0.5331940640474477,False
2018-19,2019-02-06,Everton,Man City,0,2,0.19697046433484489,0.22953712388900335,0.5734924117761517,False
2018-19,2019-02-09,Brighton,Burnley,1,3,0.3560724092867373,0.3493225613533948,0.29460502935986793,False
2018-19,2019-02-09,Crystal Palace,West Ham,1,1,0.4694789299924955,0.2599350035238185,0.2705860664836861,False
2018-19,2019-02-09,Fulham,Man United,0,3,0.15769655225585838,0.24823479168938856,0.5940686560547531,False
2018-19,2019-02-09,Huddersfield,Arsenal,1,2,0.15332691252332586,0.2473648768388405,0.5993082106378338,False
2018-19,2019-02-09,Liverpool,Bournemouth,3,0,0.7609534161292739,0.14736018447652754,0.09168639939419843,False
2018-19,2019-02-09,Southampton,Cardiff,1,2,0.6463513738654378,0.23458005601978799,0.11906857011477417,False
2018-19,2019-02-09,Watford,Everton,1,0,0.3270490025365822,0.2767311611140726,0.3962198363493452,False
2018-19,2019-02-10,Man City,Chelsea,6,0,0.5965597075798539,0.22293562049310728,0.18050467192703878,False
2018-19,2019-02-10,Tottenham,Leicester,3,1,0.7039178022484641,0.18013196459082015,0.11595023316071558,False
2018-19,2019-02-11,Wolves,Newcastle,1,1,0.32746402712481026,0.30269186701987405,0.3698441058553158,False
2018-19,2019-02-22,Cardiff,Watford,1,5,0.31326800559533574,0.29889791139450567,0.38783408301015854,False
2018-19,2019-02-22,West Ham,Fulham,3,1,0.5697053010250145,0.22983143357090727,0.20046326540407822,False
2018-19,2019-02-23,Newcastle,Huddersfield,2,0,0.5256722128348097,0.3011249273441857,0.17320285982100467,False
2018-19,2019-02-23,Leicester,Crystal Palace,1,4,0.521488588887043,0.24726074155277672,0.2312506695601803,False
2018-19,2019-02-23,Burnley,Tottenham,2,1,0.198418565386143,0.2858642188481891,0.5157172157656679,False
2018-19,2019-02-23,Bournemouth,Wolves,1,1,0.5902136111212791,0.2310818562013426,0.1787045326773784,False
2018-19,2019-02-24,Arsenal,Southampton,2,0,0.6461023568531413,0.2119214063622225,0.14197623678463622,False
2018-19,2019-02-24,Man United,Liverpool,0,0,0.47481010671610785,0.2736982313323029,0.2514916619515893,False
2018-19,2019-02-26,Cardiff,Everton,0,3,0.2098550291875242,0.2710547848259366,0.5190901859865394,False
2018-19,2019-02-26,Huddersfield,Wolves,1,0,0.4037576816873714,0.32759090507241917,0.2686514132402095,False
2018-19,2019-02-26,Leicester,Brighton,2,1,0.571629699979284,0.25078971920610293,0.17758058081461303,False
2018-19,2019-02-26,Newcastle,Burnley,2,0,0.4082339248220609,0.3291071760134155,0.2626588991645236,False
2018-19,2019-02-27,Southampton,Fulham,2,0,0.5687796720154834,0.24967025908310647,0.18155006890141012,False
2018-19,2019-02-27,Man City,West Ham,1,0,0.8331396001870344,0.11206412385238626,0.05479627596057941,False
2018-19,2019-02-27,Liverpool,Watford,5,0,0.780407559089709,0.14397549268844978,0.07561694822184128,False
2018-19,2019-02-27,Crystal Palace,Man United,1,3,0.21833733120060023,0.28782775460723775,0.493834914192162,False
2018-19,2019-02-27,Chelsea,Tottenham,2,0,0.42382903706646613,0.2703441088085155,0.3058268541250182,False
2018-19,2019-02-27,Arsenal,Bournemouth,5,1,0.7333106767877758,0.15952331507564738,0.1071660081365767,False
2018-19,2019-03-02,Bournemouth,Man City,0,1,0.13603191413330692,0.1844360693900676,0.6795320164766255,False
2018-19,2019-03-02,Brighton,Huddersfield,1,0,0.4665114462510345,0.3319990101029036,0.20148954364606197,False
2018-19,2019-03-02,Burnley,Crystal Palace,1,3,0.40722875005255876,0.3170759828313789,0.2756952671160623,False
2018-19,2019-03-02,Man United,Southampton,3,2,0.6362156861191923,0.24311627235572608,0.1206680415250816,False
2018-19,2019-03-02,Tottenham,Arsenal,1,1,0.5492195738927987,0.23185998559424384,0.21892044051295734,False
2018-19,2019-03-02,West Ham,Newcastle,2,0,0.47465925022922995,0.2690762031634036,0.2562645466073665,False
2018-19,2019-03-02,Wolves,Cardiff,2,0,0.49597704761316685,0.2866430225740979,0.2173799298127352,False
2018-19,2019-03-03,Fulham,Chelsea,1,2,0.17038978049325326,0.2269393769412797,0.602670842565467,False
2018-19,2019-03-03,Watford,Leicester,2,1,0.342485549019236,0.26473564803322225,0.39277880294754186,False
2018-19,2019-03-03,Everton,Liverpool,0,0,0.29565739383127554,0.2532539047610561,0.45108870140766855,False
2018-19,2019-03-09,Cardiff,West Ham,2,0,0.2613185813867661,0.2752606531960698,0.46342076541716404,False
2018-19,2019-03-09,Crystal Palace,Brighton,1,2,0.5015004385311985,0.2870509602776731,0.2114486011911283,False
2018-19,2019-03-09,Huddersfield,Bournemouth,0,2,0.3155997572342287,0.30449954533860935,0.3799006974271618,False
2018-19,2019-03-09,Leicester,Fulham,3,1,0.6312823839948111,0.20822222137143595,0.16049539463375292,False
2018-19,2019-03-09,Man City,Watford,3,1,0.8618991669648141,0.09841719566560346,0.039683637369582456,False
2018-19,2019-03-09,Newcastle,Everton,3,2,0.365469211856679,0.29138979643282653,0.3431409917104944,False
2018-19,2019-03-09,Southampton,Tottenham,2,1,0.22992903695638506,0.27152388737890826,0.49854707566470685,False
2018-19,2019-03-10,Arsenal,Man United,2,0,0.39796247142339025,0.2833631332808657,0.31867439529574404,False
2018-19,2019-03-10,Chelsea,Wolves,1,1,0.8044148198753844,0.13838384776884166,0.05720133235577386,False
2018-19,2019-03-10,Liverpool,Burnley,4,2,0.6832494516451919,0.208687357176733,0.10806319117807502,False
2018-19,2019-03-16,Burnley,Leicester,1,2,0.374488453086221,0.3013863231687923,0.3241252237449867,False
2018-19,2019-03-16,West Ham,Huddersfield,4,3,0.5773878059221325,0.2606502060486527,0.161961988029215,False
2018-19,2019-03-16,Bournemouth,Newcastle,2,2,0.4581527745421309,0.26936029978154913,0.2724869256763201,False
2018-19,2019-03-17,Everton,Chelsea,2,0,0.2929081611831561,0.26999300326552433,0.4370988355513197,False
2018-19,2019-03-17,Fulham,Liverpool,1,2,0.16694283546437932,0.2087558951360281,0.6243012693995926,False
2018-19,2019-03-30,Brighton,Southampton,0,1,0.33630914701092096,0.32367651349940574,0.3400143394896733,False
2018-19,2019-03-30,Burnley,Wolves,2,0,0.53155919902993,0.29074543017354404,0.1776953707965261,False
2018-19,2019-03-30,Crystal Palace,Huddersfield,2,0,0.5610555664957393,0.27851759616202076,0.16042683734223998,False
2018-19,2019-03-30,Fulham,Man City,0,2,0.09926863333651492,0.16485627345100426,0.7358750932124807,False
2018-19,2019-03-30,Leicester,Bournemouth,2,0,0.5656305759663277,0.2220996558243749,0.21226976820929727,False
2018-19,2019-03-30,Man United,Watford,2,1,0.738296959411865,0.18353178746391802,0.07817125312421688,False
2018-19,2019-03-30,West Ham,Everton,0,2,0.39974933808869917,0.2630653167305386,0.3371853451807621,False
2018-19,2019-03-31,Cardiff,Chelsea,1,2,0.10926675296758909,0.2085054603406348,0.6822277866917761,False
2018-19,2019-03-31,Liverpool,Tottenham,2,1,0.43699276690893113,0.2537708609781057,0.3092363721129633,False
2018-19,2019-04-01,Arsenal,Newcastle,2,0,0.6927098135328065,0.19199607670166752,0.11529410976552609,False
2018-19,2019-04-02,Watford,Fulham,4,1,0.48433635379459183,0.2619257763800249,0.2537378698253833,False
2018-19,2019-04-02,Wolves,Man United,2,1,0.13203854869763787,0.2458883714031192,0.6220730798992429,False
2018-19,2019-04-03,Chelsea,Brighton,3,0,0.7221029995087975,0.19185456936888334,0.08604243112231906,False
2018-19,2019-04-03,Man City,Cardiff,2,0,0.9168575743892182,0.06476319919749449,0.0183792264132872,False
2018-19,2019-04-03,Tottenham,Crystal Palace,2,0,0.7267574897473275,0.1778063047526971,0.09543620549997536,False
2018-19,2019-04-05,Southampton,Liverpool,1,3,0.25962867584717075,0.26390220911556683,0.4764691150372624,False
2018-19,2019-04-06,Bournemouth,Burnley,1,3,0.4341219941599429,0.29422609352252344,0.27165191231753383,False
2018-19,2019-04-06,Huddersfield,Leicester,1,4,0.2559641027152275,0.296282316312968,0.4477535809718045,False
2018-19,2019-04-06,Newcastle,Crystal Palace,0,1,0.4202857219388316,0.29252789291138,0.2871863851497884,False
2018-19,2019-04-07,Everton,Arsenal,1,0,0.32599293455427647,0.25549119583985064,0.418515869605873,False
2018-19,2019-04-08,Chelsea,West Ham,2,0,0.7156393744170954,0.17700635220035552,0.10735427338254919,False
2018-19,2019-04-12,Leicester,Newcastle,0,1,0.5336819249137441,0.2532238998221324,0.21309417526412347,False
2018-19,2019-04-13,Tottenham,Huddersfield,4,0,0.7967639927012724,0.1522887479254925,0.050947259373235146,False
2018-19,2019-04-13,Southampton,Wolves,3,1,0.5999430162853008,0.24811553852614712,0.15194144518855202,False
2018-19,2019-04-13,Man United,West Ham,2,1,0.7012820173477452,0.19670075511428428,0.10201722753797056,False
2018-19,2019-04-13,Brighton,Bournemouth,0,5,0.39765982932391986,0.28864360318258625,0.3136965674934937,False
2018-19,2019-04-13,Burnley,Cardiff,2,0,0.5765845789069556,0.28116499633702,0.1422504247560244,False
2018-19,2019-04-13,Fulham,Everton,2,0,0.30822084737753175,0.26780836856727,0.4239707840551981,False
2018-19,2019-04-14,Crystal Palace,Man City,1,3,0.1544971988585594,0.2132994135383665,0.6322033876030742,False
2018-19,2019-04-14,Liverpool,Chelsea,2,0,0.4748805005360798,0.2504829151624928,0.27463658430142746,False
2018-19,2019-04-15,Watford,Arsenal,0,1,0.2074842621102616,0.23271785617471658,0.5597978817150218,False
2018-19,2019-04-16,Brighton,Cardiff,0,2,0.5395152175729547,0.2882200825432169,0.17226469988382842,False
2018-19,2019-04-20,West Ham,Leicester,2,2,0.41908298918252673,0.2501960958007932,0.3307209150166801,False
2018-19,2019-04-20,Wolves,Brighton,0,0,0.3650222642505799,0.31622102526430124,0.31875671048511883,False
2018-19,2019-04-20,Newcastle,Southampton,3,1,0.38853371127857683,0.30777104314570897,0.3036952455757143,False
2018-19,2019-04-20,Man City,Tottenham,1,0,0.5599436916967111,0.23250482257225125,0.20755148573103738,False
2018-19,2019-04-20,Huddersfield,Watford,1,2,0.34714425103241237,0.3247341689669037,0.3281215800006837,False
2018-19,2019-04-20,Bournemouth,Fulham,0,1,0.5526663780036526,0.2323771026666851,0.21495651932966237,False
2018-19,2019-04-21,Arsenal,Crystal Palace,2,3,0.68611421461182,0.18896564006907463,0.12492014531910559,False
2018-19,2019-04-21,Cardiff,Liverpool,0,2,0.10478474083369582,0.18824683393661557,0.7069684252296886,False
2018-19,2019-04-21,Everton,Man United,4,0,0.26513062931431886,0.29478211201401644,0.44008725867166465,False
2018-19,2019-04-22,Chelsea,Burnley,2,2,0.6580223737680402,0.23006429390166228,0.11191333233029771,False
2018-19,2019-04-23,Tottenham,Brighton,1,0,0.7553793551652005,0.1724552597498445,0.07216538508495507,False
2018-19,2019-04-23,Watford,Southampton,1,1,0.3531740914243497,0.2954446792560812,0.3513812293195691,False
2018-19,2019-04-24,Man United,Man City,0,2,0.3596723315939213,0.2899453231226043,0.35038234528347434,False
2018-19,2019-04-24,Wolves,Arsenal,3,1,0.1564467683611353,0.21515058974027,0.6284026418985947,False
2018-19,2019-04-26,Liverpool,Huddersfield,5,0,0.7923641787200872,0.15054224395769727,0.0570935773222154,False
2018-19,2019-04-27,Watford,Wolves,1,2,0.521603138760758,0.2647635330925514,0.21363332814669053,False
2018-19,2019-04-27,Tottenham,West Ham,0,1,0.7521434859452438,0.15857097631560246,0.0892855377391538,False
2018-19,2019-04-27,Southampton,Bournemouth,3,3,0.5074154569082778,0.2593534477708467,0.23323109532087558,False
2018-19,2019-04-27,Brighton,Newcastle,1,1,0.3767385250380501,0.3220533050398834,0.30120816992206645,False
2018-19,2019-04-27,Crystal Palace,Everton,0,0,0.3943536756603791,0.27842068512327833,0.3272256392163426,False
2018-19,2019-04-27,Fulham,Cardiff,1,0,0.5603439575782895,0.25588070145154446,0.18377534097016573,False
2018-19,2019-04-28,Burnley,Man City,0,1,0.14891759149844974,0.24540452920894368,0.6056778792926066,False
2018-19,2019-04-28,Leicester,Arsenal,3,0,0.3187074184342401,0.24252604607511583,0.43876653549064415,False
2018-19,2019-04-28,Man United,Chelsea,1,1,0.46075735521387495,0.29165460086905404,0.24758804391707123,False
2018-19,2019-05-03,Everton,Burnley,2,0,0.5012193174824938,0.2913197403573891,0.20746094216011696,False
2018-19,2019-05-04,Wolves,Fulham,1,0,0.4045839487012467,0.2799915483531287,0.3154245029456245,False
2018-19,2019-05-04,Newcastle,Liverpool,2,3,0.22092016781773827,0.25270619883174283,0.5263736333505188,False
2018-19,2019-05-04,West Ham,Southampton,3,0,0.4261414643450137,0.2767092083178869,0.2971493273370992,False
2018-19,2019-05-04,Cardiff,Crystal Palace,2,3,0.2549863052634115,0.291480321471401,0.4535333732651876,False
2018-19,2019-05-04,Bournemouth,Tottenham,1,0,0.19365966983381722,0.2257493432844089,0.5805909868817738,False
2018-19,2019-05-05,Arsenal,Brighton,1,1,0.7225171249908279,0.1835716738515333,0.09391120115763871,False
2018-19,2019-05-05,Chelsea,Watford,3,0,0.7561657515293234,0.16295537278007347,0.08087887569060306,False
2018-19,2019-05-05,Huddersfield,Man United,1,1,0.12924245239764523,0.2837356187635423,0.5870219288388124,False
2018-19,2019-05-06,Man City,Leicester,1,0,0.7923695161101104,0.13332426627575766,0.07430621761413203,False
2018-19,2019-05-12,Watford,West Ham,1,4,0.3966126871436103,0.26679392241393285,0.33659339044245695,False
2018-19,2019-05-12,Tottenham,Everton,2,2,0.6762899566534301,0.1986777237631782,0.1250323195833916,False
2018-19,2019-05-12,Southampton,Huddersfield,1,1,0.5680546146035761,0.28434846583729134,0.14759691955913246,False
2018-19,2019-05-12,Man United,Cardiff,0,2,0.8152080369642739,0.14225344519655786,0.04253851783916826,False
2018-19,2019-05-12,Liverpool,Wolves,2,0,0.8279809130471627,0.11972979183548309,0.05228929511735432,False
2018-19,2019-05-12,Fulham,Newcastle,0,4,0.38036135142120486,0.2876216114996347,0.3320170370791605,False
2018-19,2019-05-12,Crystal Palace,Bournemouth,5,3,0.49202304008804953,0.2531709829411065,0.2548059769708439,False
2018-19,2019-05-12,Burnley,Arsenal,1,3,0.2469794302965444,0.28424159126828785,0.4687789784351677,False
2018-19,2019-05-12,Brighton,Man City,1,4,0.11708515035456603,0.21008246878151712,0.672832380863917,False
2018-19,2019-05-12,Leicester,Chelsea,0,0,0.28591315580995236,0.25575336848753694,0.45833347570251076,False
2019-20,2019-08-09,Liverpool,Norwich,4,1,0.842013146003626,0.11375222091993595,0.044234633076438164,False
2019-20,2019-08-10,West Ham,Man City,0,5,0.1317290862298505,0.1920421178225051,0.6762287959476443,False
2019-20,2019-08-10,Bournemouth,Sheffield United,1,1,0.6549928511614842,0.20425165156089517,0.14075549727762082,True
2019-20,2019-08-10,Burnley,Southampton,3,0,0.4099481009166599,0.286216907938537,0.3038349911448031,False
2019-20,2019-08-10,Crystal Palace,Everton,0,0,0.3938933517169815,0.27361726834974487,0.33248937993327343,False
2019-20,2019-08-10,Tottenham,Aston Villa,3,1,0.8176380041466279,0.13135758341817427,0.05100441243519785,False
2019-20,2019-08-10,Watford,Brighton,0,3,0.5096721021800558,0.2708987504387377,0.21942914738120645,False
2019-20,2019-08-11,Newcastle,Arsenal,0,1,0.2790331022120288,0.26076249991782424,0.4602043978701469,False
2019-20,2019-08-11,Man United,Chelsea,4,0,0.4172462855429365,0.27601279130712747,0.3067409231499362,False
2019-20,2019-08-11,Leicester,Wolves,0,0,0.45072883303660155,0.27841939773700525,0.2708517692263933,False
2019-20,2019-08-17,Arsenal,Burnley,2,1,0.6945062542711514,0.18536847115185376,0.12012527457699482,False
2019-20,2019-08-17,Aston Villa,Bournemouth,1,2,0.30668745681396725,0.26361715861713064,0.4296953845689021,False
2019-20,2019-08-17,Brighton,West Ham,1,1,0.32615533145646236,0.28747092907707583,0.38637373946646186,False
2019-20,2019-08-17,Everton,Watford,1,0,0.5737267756422828,0.23499167740022311,0.19128154695749394,False
2019-20,2019-08-17,Man City,Tottenham,2,2,0.6142233614816329,0.2213091043274286,0.16446753419093849,False
2019-20,2019-08-17,Norwich,Newcastle,3,1,0.3255123454879202,0.30471085952373156,0.36977679498834826,False
2019-20,2019-08-17,Southampton,Liverpool,1,2,0.16725706603473686,0.22418829494030174,0.6085546390249612,False
2019-20,2019-08-18,Chelsea,Leicester,1,1,0.614637241914392,0.2217401187339264,0.1636226393516817,False
2019-20,2019-08-18,Sheffield United,Crystal Palace,1,0,0.23501917650200327,0.27366099635323293,0.49131982714476385,True
2019-20,2019-08-19,Wolves,Man United,1,1,0.315522309783257,0.2940345232860241,0.39044316693071895,False
2019-20,2019-08-23,Aston Villa,Everton,2,0,0.2199361998544071,0.27141887713162205,0.5086449230139707,False
2019-20,2019-08-24,Watford,West Ham,1,3,0.41358578446498073,0.25711824710144787,0.32929596843357134,False
2019-20,2019-08-24,Sheffield United,Leicester,1,2,0.20818561262148966,0.25971340998260184,0.5321009773959086,True
2019-20,2019-08-24,Norwich,Chelsea,2,3,0.16796111727283627,0.24243173629370224,0.5896071464334617,False
2019-20,2019-08-24,Brighton,Southampton,0,2,0.3430092531492461,0.30266772499154276,0.35432302185921116,False
2019-20,2019-08-24,Liverpool,Arsenal,3,1,0.6259101940845591,0.2020634797860807,0.1720263261293601,False
2019-20,2019-08-24,Man United,Crystal Palace,1,2,0.6132987546380595,0.22593693434421408,0.16076431101772642,False
2019-20,2019-08-25,Bournemouth,Man City,1,3,0.10795215387211851,0.16232674550938475,0.7297211006184965,False
2019-20,2019-08-25,Tottenham,Newcastle,0,1,0.6771386410828985,0.20735235423163026,0.11550900468547133,False
2019-20,2019-08-25,Wolves,Burnley,1,1,0.5168384242907916,0.2776628347250111,0.2054987409841973,False
2019-20,2019-08-31,Newcastle,Watford,1,1,0.47434300823824493,0.27317786703007974,0.25247912473167533,False
2019-20,2019-08-31,West Ham,Norwich,2,0,0.5847937340908957,0.23607098384580527,0.17913528206329904,False
2019-20,2019-08-31,Southampton,Man United,1,1,0.2672987171000179,0.2714125893912105,0.4612886935087715,False
2019-20,2019-08-31,Leicester,Bournemouth,3,1,0.5651669680447202,0.22013265857272593,0.21470037338255404,False
2019-20,2019-08-31,Crystal Palace,Aston Villa,1,0,0.6300450082741361,0.22807689666033795,0.1418780950655259,False
2019-20,2019-08-31,Man City,Brighton,4,0,0.8677789242875941,0.10014636457197221,0.03207471114043378,False
2019-20,2019-08-31,Chelsea,Sheffield United,2,2,0.8186628887151014,0.13143602632320897,0.04990108496168977,True
2019-20,2019-08-31,Burnley,Liverpool,0,3,0.14889589063491956,0.22146099386509335,0.6296431154999871,False
2019-20,2019-09-01,Arsenal,Tottenham,2,2,0.4023852714021933,0.25066229157084213,0.34695243702696454,False
2019-20,2019-09-01,Everton,Wolves,3,2,0.46525435811307136,0.28170980489604347,0.25303583699088517,False
2019-20,2019-09-14,Tottenham,Crystal Palace,4,0,0.6798118233299175,0.1965497036364902,0.12363847303359232,False
2019-20,2019-09-14,Sheffield United,Southampton,0,1,0.2603401715689305,0.285310386902514,0.4543494415285553,True
2019-20,2019-09-14,Norwich,Man City,3,2,0.07573892771305407,0.15998756587768656,0.7642735064092592,False
2019-20,2019-09-14,Wolves,Chelsea,2,5,0.2899810878071142,0.2890825019838308,0.42093641020905487,False
2019-20,2019-09-14,Liverpool,Newcastle,3,1,0.7482658014322929,0.16929457452016866,0.08243962404753827,False
2019-20,2019-09-14,Brighton,Burnley,1,1,0.36548676953714415,0.31134552341022365,0.3231677070526322,False
2019-20,2019-09-14,Man United,Leicester,1,0,0.5806962426880653,0.23459419986269112,0.18470955744924372,False
2019-20,2019-09-15,Bournemouth,Everton,3,1,0.36233958397081023,0.252199327658946,0.38546108837024384,False
2019-20,2019-09-15,Watford,Arsenal,2,2,0.2534568639387772,0.23248796695127258,0.5140551691099504,False
2019-20,2019-09-16,Aston Villa,West Ham,0,0,0.2720458643170524,0.27289304040155743,0.45506109528139016,False
2019-20,2019-09-20,Southampton,Bournemouth,1,3,0.4789011383184281,0.2449060659621946,0.2761927957193775,False
2019-20,2019-09-21,Burnley,Norwich,2,0,0.503166549894068,0.27738302775552465,0.21945042235040746,False
2019-20,2019-09-21,Everton,Sheffield United,0,2,0.7134581946558525,0.1908671753829771,0.0956746299611703,True
2019-20,2019-09-21,Leicester,Tottenham,2,1,0.2770740859669799,0.26007352540127415,0.46285238863174594,False
2019-20,2019-09-21,Man City,Watford,8,0,0.8595380553905644,0.09949100760415659,0.04097093700527907,False
2019-20,2019-09-21,Newcastle,Brighton,0,0,0.5144386898193533,0.28894224285162556,0.19661906732902107,False
2019-20,2019-09-22,Crystal Palace,Wolves,1,1,0.4118019336508061,0.2876319626567742,0.30056610369241976,False
2019-20,2019-09-22,West Ham,Man United,2,0,0.2929006582424205,0.2620465046854061,0.4450528370721736,False
2019-20,2019-09-22,Chelsea,Liverpool,1,2,0.3522948860224592,0.2692059287706009,0.37849918520694004,False
2019-20,2019-09-22,Arsenal,Aston Villa,3,2,0.8007820056139263,0.1348125828954233,0.06440541149065032,False
2019-20,2019-09-28,Wolves,Watford,2,0,0.5261651057252121,0.2609110878466357,0.21292380642815212,False
2019-20,2019-09-28,Aston Villa,Burnley,2,2,0.31357423776824267,0.30274310138176014,0.38368266084999736,False
2019-20,2019-09-28,Bournemouth,West Ham,2,2,0.438784399861322,0.23905604583675616,0.32215955430192184,False
2019-20,2019-09-28,Chelsea,Brighton,2,0,0.7293118198131046,0.1856656863517496,0.08502249383514593,False
2019-20,2019-09-28,Crystal Palace,Norwich,2,0,0.58133636620628,0.2435661666903994,0.1750974671033207,False
2019-20,2019-09-28,Everton,Man City,1,3,0.1748097087427276,0.22935821193729078,0.5958320793199814,False
2019-20,2019-09-28,Sheffield United,Liverpool,0,1,0.07139811066869,0.15613809658399846,0.7724637927473117,True
2019-20,2019-09-28,Tottenham,Southampton,2,1,0.7057000068328139,0.18691884031279263,0.10738115285439362,False
2019-20,2019-09-29,Leicester,Newcastle,5,0,0.5026509839267084,0.2674625674087207,0.22988644866457106,False
2019-20,2019-09-30,Man United,Arsenal,1,1,0.4688201564880687,0.24773230200720273,0.2834475415047286,False
2019-20,2019-10-05,Watford,Sheffield United,0,0,0.6187625247987533,0.2296992269553489,0.15153824824589784,True
2019-20,2019-10-05,Norwich,Aston Villa,1,5,0.48048807037855346,0.28817352849048145,0.2313384011309652,False
2019-20,2019-10-05,West Ham,Crystal Palace,1,2,0.4532095008881545,0.25707722547776857,0.289713273634077,False
2019-20,2019-10-05,Burnley,Everton,1,0,0.3262358784708238,0.2863132928629242,0.387450828666252,False
2019-20,2019-10-05,Brighton,Tottenham,3,0,0.15579461123504468,0.24508428895096235,0.5991210998139931,False
2019-20,2019-10-05,Liverpool,Leicester,2,1,0.7256521717471982,0.17127492520357127,0.10307290304923043,False
2019-20,2019-10-06,Newcastle,Man United,1,0,0.2723767469024384,0.28788923621809875,0.43973401687946284,False
2019-20,2019-10-06,Southampton,Chelsea,1,4,0.24237762501481794,0.26324674306662516,0.49437563191855705,False
2019-20,2019-10-06,Arsenal,Bournemouth,1,0,0.7187593068273773,0.1585603729533142,0.12268032021930834,False
2019-20,2019-10-06,Man City,Wolves,0,2,0.7670552828280159,0.16024638956778714,0.07269832760419688,False
2019-20,2019-10-19,Tottenham,Watford,1,1,0.7378911383366759,0.16738307836090716,0.09472578330241693,False
2019-20,2019-10-19,Leicester,Burnley,2,1,0.5503554989611583,0.24991001474421393,0.19973448629462776,False
2019-20,2019-10-19,Wolves,Southampton,1,1,0.49533155856718225,0.2765058665356282,0.22816257489718966,False
2019-20,2019-10-19,Crystal Palace,Man City,0,2,0.13814410502748511,0.20484411459157573,0.6570117803809391,False
2019-20,2019-10-19,Bournemouth,Norwich,0,0,0.5639114927808997,0.2327080642625306,0.20338044295656965,False
2019-20,2019-10-19,Chelsea,Newcastle,1,0,0.6450020607695128,0.2232744548584405,0.13172348437204667,False
2019-20,2019-10-19,Aston Villa,Brighton,2,1,0.3612377052961141,0.31790388758220806,0.3208584071216778,False
2019-20,2019-10-19,Everton,West Ham,2,0,0.5278736836667861,0.24462552347171287,0.22750079286150107,False
2019-20,2019-10-20,Man United,Liverpool,1,1,0.32213599902357115,0.2693903125484714,0.4084736884279574,False
2019-20,2019-10-21,Sheffield United,Arsenal,1,0,0.12806937790500975,0.196587388316435,0.6753432337785552,True
2019-20,2019-10-25,Southampton,Leicester,0,9,0.382275563798245,0.27198210767853515,0.34574232852321973,False
2019-20,2019-10-26,Brighton,Everton,3,2,0.26799143407487847,0.2928779100273479,0.43913065589777356,False
2019-20,2019-10-26,Burnley,Chelsea,2,4,0.21789609433551585,0.2643103462708898,0.5177935593935945,False
2019-20,2019-10-26,Man City,Aston Villa,3,0,0.9098773446771755,0.0699976069080074,0.020125048414817194,False
2019-20,2019-10-26,Watford,Bournemouth,0,0,0.4618109501857659,0.24007142897659234,0.29811762083764165,False
2019-20,2019-10-26,West Ham,Sheffield United,1,1,0.6707168189594602,0.20541752248711012,0.12386565855342978,True
2019-20,2019-10-27,Norwich,Man United,1,3,0.18812381919710486,0.2549909306671791,0.5568852501357161,False
2019-20,2019-10-27,Newcastle,Wolves,1,1,0.37713746397731884,0.30951857705156466,0.31334395897111644,False
2019-20,2019-10-27,Liverpool,Tottenham,2,1,0.5339268886925344,0.24411737335566722,0.2219557379517984,False
2019-20,2019-10-27,Arsenal,Crystal Palace,2,2,0.6446906663739753,0.1986084060553822,0.15670092757064236,False
2019-20,2019-11-02,Arsenal,Wolves,1,1,0.5929585844631219,0.22797997994539024,0.1790614355914879,False
2019-20,2019-11-02,Aston Villa,Liverpool,1,2,0.08558164075991781,0.17284155425538777,0.7415768049846945,False
2019-20,2019-11-02,Bournemouth,Man United,1,0,0.26315975194697594,0.24226091589496695,0.49457933215805727,False
2019-20,2019-11-02,Brighton,Norwich,2,0,0.43028120175966744,0.3052604504364028,0.26445834780392974,False
2019-20,2019-11-02,Man City,Southampton,2,1,0.8334602597756219,0.1174160636371533,0.049123676587224864,False
2019-20,2019-11-02,Sheffield United,Burnley,3,0,0.2830114513009475,0.29919447017343054,0.417794078525622,True
2019-20,2019-11-02,Watford,Chelsea,1,2,0.22577637957484967,0.24857031262866847,0.525653307796482,False
2019-20,2019-11-02,West Ham,Newcastle,2,3,0.46297073102497865,0.27150650385590225,0.2655227651191189,False
2019-20,2019-11-03,Everton,Tottenham,1,1,0.29387332450107373,0.2696979435966171,0.4364287319023091,False
2019-20,2019-11-03,Crystal Palace,Leicester,0,2,0.41889567379290504,0.265594901693032,0.31550942451406294,False
2019-20,2019-11-08,Norwich,Watford,0,2,0.36532891902845155,0.28086149109548647,0.35380958987606187,False
2019-20,2019-11-09,Burnley,West Ham,3,0,0.39315441952779234,0.2745365084600872,0.3323090720121203,False
2019-20,2019-11-09,Chelsea,Crystal Palace,2,0,0.646446219115934,0.21198142249641727,0.14157235838764864,False
2019-20,2019-11-09,Leicester,Arsenal,2,0,0.34262399690341705,0.24664217793945378,0.4107338251571292,False
2019-20,2019-11-09,Newcastle,Bournemouth,2,1,0.4779565953339311,0.2565802263879351,0.26546317827813404,False
2019-20,2019-11-09,Southampton,Everton,1,2,0.35881785253722054,0.2788244540371904,0.3623576934255892,False
2019-20,2019-11-09,Tottenham,Sheffield United,1,1,0.8429597851026507,0.1155103125034418,0.04152990239390733,True
2019-20,2019-11-10,Liverpool,Man City,3,1,0.37701142659915693,0.264453424544057,0.35853514885678606,False
2019-20,2019-11-10,Man United,Brighton,3,1,0.7001687053202454,0.20185670978688422,0.0979745848928705,False
2019-20,2019-11-10,Wolves,Aston Villa,2,1,0.6311178317746033,0.23907393990521736,0.12980822832017921,False
2019-20,2019-11-23,West Ham,Tottenham,2,3,0.23983930922799757,0.24594935830646614,0.5142113324655363,False
2019-20,2019-11-23,Watford,Burnley,0,3,0.45736976870577833,0.27126589801850276,0.271364333275719,False
2019-20,2019-11-23,Man City,Chelsea,2,1,0.6421485500976611,0.21229833425700131,0.14555311564533752,False
2019-20,2019-11-23,Everton,Norwich,0,2,0.6342604360208142,0.2250274260851231,0.14071213789406287,False
2019-20,2019-11-23,Arsenal,Southampton,2,2,0.67422070102915,0.18968396444142915,0.1360953345294209,False
2019-20,2019-11-23,Brighton,Leicester,0,2,0.28642309985386716,0.2887339472778028,0.42484295286833007,False
2019-20,2019-11-23,Bournemouth,Wolves,1,2,0.38451991488574866,0.26703839532251666,0.3484416897917346,False
2019-20,2019-11-23,Crystal Palace,Liverpool,1,2,0.1899843435737999,0.2312966404002884,0.5787190160259116,False
2019-20,2019-11-24,Sheffield United,Man United,3,3,0.13283645530243365,0.22615247594717158,0.6410110687503947,True
2019-20,2019-11-25,Aston Villa,Newcastle,2,0,0.2781280948152318,0.3050288457440449,0.4168430594407233,False
2019-20,2019-11-30,Southampton,Watford,2,1,0.47664666514774945,0.26067395393976395,0.26267938091248666,False
2019-20,2019-11-30,Tottenham,Bournemouth,3,2,0.7516217239928281,0.1532737340359012,0.09510454197127075,False
2019-20,2019-11-30,Newcastle,Man City,2,2,0.12861931800783422,0.2157114145827018,0.655669267409464,False
2019-20,2019-11-30,Chelsea,West Ham,0,1,0.6656326193393488,0.19906373596275895,0.13530364469789213,False
2019-20,2019-11-30,Liverpool,Brighton,2,1,0.8201715464922368,0.13023730515628956,0.04959114835147385,False
2019-20,2019-11-30,Burnley,Crystal Palace,0,2,0.38052318093602866,0.2841328655099183,0.3353439535540529,False
2019-20,2019-12-01,Leicester,Everton,2,1,0.43370692498459257,0.2663340514237841,0.29995902359162324,False
2019-20,2019-12-01,Man United,Aston Villa,2,2,0.7647977156517205,0.16394865710966475,0.07125362723861478,False
2019-20,2019-12-01,Norwich,Arsenal,2,2,0.18689941846829605,0.2269295006950834,0.5861710808366205,False
2019-20,2019-12-01,Wolves,Sheffield United,1,1,0.6645784234762335,0.22341215621124158,0.11200942031252492,True
2019-20,2019-12-03,Burnley,Man City,1,4,0.1066054264005937,0.19148946722658555,0.7019051063728209,False
2019-20,2019-12-03,Crystal Palace,Bournemouth,1,0,0.5200183763251923,0.23377700021195325,0.24620462346285446,False
2019-20,2019-12-04,Man United,Tottenham,2,1,0.3884556731430113,0.27580102834509296,0.33574329851189555,False
2019-20,2019-12-04,Wolves,West Ham,2,0,0.48212826239135415,0.2679954361031981,0.24987630150544773,False
2019-20,2019-12-04,Southampton,Norwich,2,1,0.5428409027045886,0.25932699778601037,0.19783209950940117,False
2019-20,2019-12-04,Liverpool,Everton,5,2,0.6973696030425733,0.18732570518431058,0.11530469177311592,False
2019-20,2019-12-04,Leicester,Watford,2,0,0.5592196744818587,0.23468508077142175,0.20609524474671953,False
2019-20,2019-12-04,Chelsea,Aston Villa,2,1,0.7915096459907346,0.14784600620820137,0.060644347801063994,False
2019-20,2019-12-05,Arsenal,Brighton,1,2,0.7367630805035319,0.1713160014908115,0.09192091800565652,False
2019-20,2019-12-05,Sheffield United,Newcastle,0,2,0.24979835929377692,0.29911869199797386,0.4510829487082492,True
2019-20,2019-12-07,Bournemouth,Liverpool,0,3,0.15589792671878866,0.19231618448304844,0.6517858887981628,False
2019-20,2019-12-07,Everton,Chelsea,3,1,0.3208212104167233,0.2754387065111433,0.40374008307213327,False
2019-20,2019-12-07,Man City,Man United,1,2,0.6701268360490628,0.20177582190875895,0.12809734204217843,False
2019-20,2019-12-07,Tottenham,Burnley,5,0,0.7223819870667936,0.1825720903429012,0.09504592259030514,False
2019-20,2019-12-07,Watford,Crystal Palace,0,0,0.40038633603740204,0.2663336943418313,0.3332799696207668,False
2019-20,2019-12-08,Norwich,Sheffield United,1,2,0.5159284768638593,0.27871600422312054,0.20535551891302017,True
2019-20,2019-12-08,Newcastle,Southampton,2,1,0.4451449670207157,0.28687080518172453,0.26798422779755987,False
2019-20,2019-12-08,Aston Villa,Leicester,1,4,0.23585453148846647,0.26936434980392265,0.49478111870761077,False
2019-20,2019-12-08,Brighton,Wolves,2,2,0.28580957326860135,0.3148757017493137,0.399314724982085,False
2019-20,2019-12-09,West Ham,Arsenal,1,3,0.29926089475258866,0.23748367218820096,0.4632554330592105,False
2019-20,2019-12-14,Burnley,Newcastle,1,0,0.3908033545420866,0.3021475064809731,0.3070491389769404,False
2019-20,2019-12-14,Chelsea,Bournemouth,0,1,0.7191699505001837,0.169203770272788,0.11162627922702834,False
2019-20,2019-12-14,Leicester,Norwich,1,1,0.6227456300194627,0.2256239962923452,0.15163037368819204,False
2019-20,2019-12-14,Liverpool,Watford,2,0,0.805883740041057,0.13002584711836285,0.06409041284058012,False
2019-20,2019-12-14,Sheffield United,Aston Villa,2,0,0.39018261039684476,0.3083224085370702,0.3014949810660852,True
2019-20,2019-12-14,Southampton,West Ham,0,1,0.4302390626494599,0.26373391274612135,0.3060270246044189,False
2019-20,2019-12-15,Arsenal,Man City,0,3,0.25223241201034363,0.23438824010267098,0.5133793478869855,False
2019-20,2019-12-15,Man United,Everton,1,1,0.5520593551611326,0.24822340160196427,0.19971724323690315,False
2019-20,2019-12-15,Wolves,Tottenham,1,2,0.26542022876572124,0.28181745264358143,0.45276231859069715,False
2019-20,2019-12-16,Crystal Palace,Brighton,1,1,0.5584159537764957,0.25990266636315024,0.18168137986035393,False
2019-20,2019-12-21,Aston Villa,Southampton,1,3,0.2905192195787514,0.2908406071818745,0.41864017323937414,False
2019-20,2019-12-21,Bournemouth,Burnley,0,1,0.48605146013000333,0.25036811401299125,0.2635804258570052,False
2019-20,2019-12-21,Brighton,Sheffield United,0,1,0.5113135091378262,0.28999276370239757,0.19869372715977635,True
2019-20,2019-12-21,Everton,Arsenal,0,0,0.3614233285538749,0.25346331542754663,0.38511335601857866,False
2019-20,2019-12-21,Man City,Leicester,3,1,0.7913790010216648,0.13909801980226943,0.06952297917606569,False
2019-20,2019-12-21,Newcastle,Crystal Palace,1,0,0.4161526074111935,0.28692122556920935,0.2969261670195972,False
2019-20,2019-12-21,Norwich,Wolves,1,2,0.2827360834907642,0.30056416438699735,0.41669975212223836,False
2019-20,2019-12-22,Tottenham,Chelsea,0,2,0.4834112977565882,0.26200351221250756,0.25458519003090424,False
2019-20,2019-12-22,Watford,Man United,2,0,0.2506588573872124,0.2578657609568725,0.4914753816559151,False
2019-20,2019-12-26,Sheffield United,Watford,1,1,0.2799429774071548,0.27918780325043807,0.44086921934240697,True
2019-20,2019-12-26,Man United,Newcastle,4,1,0.6132137897640411,0.2377364855082842,0.14904972472767464,False
2019-20,2019-12-26,Tottenham,Brighton,2,1,0.7583350934316193,0.16859387020618982,0.07307103636219084,False
2019-20,2019-12-26,Leicester,Liverpool,0,4,0.21748293011806372,0.23842443492944004,0.5440926349524962,False
2019-20,2019-12-26,Chelsea,Southampton,0,2,0.673376420291213,0.20297337103050142,0.12365020867828554,False
2019-20,2019-12-26,Crystal Palace,West Ham,2,1,0.46893348278577307,0.2546993529122314,0.27636716430199537,False
2019-20,2019-12-26,Aston Villa,Norwich,1,0,0.3767634956823774,0.3043512796866988,0.31888522463092384,False
2019-20,2019-12-26,Everton,Burnley,1,0,0.5636326796929676,0.25059327701111206,0.1857740432959203,False
2019-20,2019-12-26,Bournemouth,Arsenal,1,1,0.26575163273552793,0.21854827274298474,0.5157000945214875,False
2019-20,2019-12-27,Wolves,Man City,3,2,0.15810117271362467,0.23645281626553757,0.6054460110208377,False
2019-20,2019-12-28,Brighton,Bournemouth,2,0,0.36566640877240325,0.2739746317391905,0.36035895948840624,False
2019-20,2019-12-28,Burnley,Man United,0,2,0.24098168054037347,0.2738869249642743,0.4851313944953525,False
2019-20,2019-12-28,Newcastle,Everton,1,2,0.36069494653364575,0.29320877362155934,0.3460962798447949,False
2019-20,2019-12-28,Norwich,Tottenham,2,2,0.1489436725926036,0.2280948715486186,0.6229614558587777,False
2019-20,2019-12-28,Southampton,Crystal Palace,1,1,0.41638334974091773,0.27354170727903593,0.31007494298004645,False
2019-20,2019-12-28,Watford,Aston Villa,3,0,0.5820753778216525,0.2432492188717156,0.17467540330663178,False
2019-20,2019-12-28,West Ham,Leicester,1,2,0.41709453369795413,0.25750924710514084,0.325396219196905,False
2019-20,2019-12-29,Liverpool,Wolves,1,0,0.7024859659353562,0.19268626682144388,0.10482776724319973,False
2019-20,2019-12-29,Arsenal,Chelsea,1,2,0.4340806758683257,0.25055387780005184,0.31536544633162267,False
2019-20,2019-12-29,Man City,Sheffield United,2,0,0.9259795468632603,0.058433897628478816,0.015586555508260986,True
2019-20,2020-01-01,Watford,Wolves,2,1,0.36244924094689535,0.285852692529026,0.35169806652407876,False
2019-20,2020-01-01,Southampton,Tottenham,1,0,0.21858096634151253,0.25289364122327396,0.5285253924352138,False
2019-20,2020-01-01,Norwich,Crystal Palace,1,1,0.31256136228062414,0.2836535487262716,0.4037850889931044,False
2019-20,2020-01-01,Newcastle,Leicester,0,3,0.3837329440672727,0.28569058533743313,0.33057647059529394,False
2019-20,2020-01-01,West Ham,Bournemouth,4,0,0.5198909235607725,0.22704876461037102,0.2530603118288566,False
2019-20,2020-01-01,Burnley,Aston Villa,1,2,0.5517767115133598,0.26639638953242456,0.18182689895421553,False
2019-20,2020-01-01,Brighton,Chelsea,1,1,0.17451116792169702,0.2590568056458011,0.5664320264325019,False
2019-20,2020-01-01,Arsenal,Man United,2,0,0.466436791243599,0.24809034368129393,0.28547286507510694,False
2019-20,2020-01-01,Man City,Everton,2,1,0.7653172477804409,0.15531825000815344,0.07936450221140572,False
2019-20,2020-01-02,Liverpool,Sheffield United,2,0,0.8918883423983225,0.08213604201340778,0.025975615588269774,True
2019-20,2020-01-10,Sheffield United,West Ham,1,0,0.24168595692165323,0.26559619166453247,0.4927178514138143,True
2019-20,2020-01-11,Chelsea,Burnley,3,0,0.6911684756363785,0.19908458944681026,0.10974693491681138,False
2019-20,2020-01-11,Crystal Palace,Arsenal,1,1,0.3047183306703348,0.24678466746989422,0.4484970018597708,False
2019-20,2020-01-11,Everton,Brighton,1,0,0.6101775758261443,0.2423151879275051,0.14750723624635065,False
2019-20,2020-01-11,Leicester,Southampton,1,2,0.5269160513338772,0.25014052357744077,0.22294342508868215,False
2019-20,2020-01-11,Man United,Norwich,4,0,0.7248935026764498,0.183702181518061,0.09140431580548924,False
2019-20,2020-01-11,Tottenham,Liverpool,0,1,0.383997184973135,0.2666383417427542,0.3493644732841107,False
2019-20,2020-01-11,Wolves,Newcastle,1,1,0.4718228048100075,0.29467179511185404,0.2335054000781385,False
2019-20,2020-01-12,Aston Villa,Man City,1,6,0.05807459600940765,0.14029093999243128,0.8016344639981611,False
2019-20,2020-01-12,Bournemouth,Watford,0,3,0.4898745196084793,0.2358919544341546,0.274233525957366,False
2019-20,2020-01-18,West Ham,Everton,1,1,0.39179380697320776,0.2650800871350226,0.3431261058917696,False
2019-20,2020-01-18,Watford,Tottenham,0,0,0.2021046994193858,0.2371704299327589,0.5607248706478551,False
2019-20,2020-01-18,Southampton,Wolves,2,3,0.3772570806614275,0.2947434793880178,0.3279994399505548,False
2019-20,2020-01-18,Norwich,Bournemouth,1,0,0.36230972293933206,0.2626314214093673,0.37505885565130054,False
2019-20,2020-01-18,Brighton,Aston Villa,1,1,0.4770410822460723,0.29966342447210303,0.2232954932818249,False
2019-20,2020-01-18,Man City,Crystal Palace,2,2,0.8146773707446616,0.1273053053496372,0.058017323905701176,False
2019-20,2020-01-18,Arsenal,Sheffield United,1,1,0.8287912373847208,0.11880119145704858,0.05240757115823075,True
2019-20,2020-01-18,Newcastle,Chelsea,1,0,0.24835718593603706,0.28031104781192034,0.47133176625204265,False
2019-20,2020-01-19,Burnley,Leicester,2,1,0.34796358152903417,0.2804074982288319,0.3716289202421341,False
2019-20,2020-01-19,Liverpool,Man United,2,0,0.5937027085681494,0.2294157968314013,0.17688149460044922,False
2019-20,2020-01-21,Crystal Palace,Southampton,0,2,0.4849168623936047,0.26308243625186145,0.2520007013545338,False
2019-20,2020-01-21,Everton,Newcastle,2,2,0.5163800250611035,0.26931498659012076,0.21430498834877595,False
2019-20,2020-01-21,Sheffield United,Man City,0,1,0.04754063312352505,0.12410933843811116,0.828350028438364,True
2019-20,2020-01-21,Chelsea,Arsenal,2,2,0.5043561241039679,0.24003509633767367,0.2556087795583582,False
2019-20,2020-01-21,Aston Villa,Watford,2,1,0.3120286912073618,0.2835100717721976,0.4044612370204405,False
2019-20,2020-01-21,Bournemouth,Brighton,3,1,0.5418246122760917,0.247457296662468,0.21071809106144027,False
2019-20,2020-01-22,Leicester,West Ham,4,1,0.5120087357144749,0.2432577618474328,0.24473350243809228,False
2019-20,2020-01-22,Man United,Burnley,0,2,0.6599795068005306,0.21443491684563243,0.1255855763538368,False
2019-20,2020-01-22,Tottenham,Norwich,2,1,0.7822672974609158,0.15083732650210036,0.06689537603698388,False
2019-20,2020-01-23,Wolves,Liverpool,1,2,0.21107575185539304,0.2595928825086457,0.5293313656359613,False
2019-20,2020-01-29,West Ham,Liverpool,0,2,0.18359167802329168,0.21945259307808487,0.5969557288986234,False
2019-20,2020-02-01,West Ham,Brighton,3,3,0.5619455514149846,0.2519460666545381,0.1861083819304775,False
2019-20,2020-02-01,Watford,Everton,2,3,0.3422903746824064,0.26934827374782677,0.3883613515697669,False
2019-20,2020-02-01,Newcastle,Norwich,0,0,0.5364652975083863,0.2723069600767761,0.19122774241483764,False
2019-20,2020-02-01,Man United,Wolves,0,0,0.5627957691208054,0.25665253374938607,0.18055169712980856,False
2019-20,2020-02-01,Liverpool,Southampton,4,0,0.7761501399305528,0.14915028853434154,0.07469957153510558,False
2019-20,2020-02-01,Leicester,Chelsea,2,2,0.30407471334140124,0.26693118497214047,0.42899410168645824,False
2019-20,2020-02-01,Crystal Palace,Sheffield United,0,1,0.6651801659944185,0.21286803912452848,0.12195179488105282,True
2019-20,2020-02-01,Bournemouth,Aston Villa,2,1,0.6172198827396858,0.21856542326936979,0.16421469399094457,False
2019-20,2020-02-02,Burnley,Arsenal,0,0,0.24421918943651721,0.24687442772851448,0.5089063828349683,False
2019-20,2020-02-02,Tottenham,Man City,2,0,0.3057124527878497,0.26619508122507984,0.4280924659870705,False
2019-20,2020-02-08,Brighton,Watford,1,1,0.3673615560935267,0.2927735866458152,0.339864857260658,False
2019-20,2020-02-08,Everton,Crystal Palace,3,1,0.5110862221588438,0.2558298521192584,0.23308392572189765,False
2019-20,2020-02-09,Sheffield United,Bournemouth,2,1,0.27307287664002855,0.2582802108743571,0.4686469124856145,True
2019-20,2020-02-14,Wolves,Leicester,0,0,0.4337270351630851,0.2810419747978525,0.2852309900390624,False
2019-20,2020-02-15,Southampton,Burnley,1,2,0.4710589017350718,0.2767850937124456,0.2521560045524827,False
2019-20,2020-02-15,Norwich,Liverpool,0,1,0.10931130020573604,0.19225985918144292,0.698428840612821,False
2019-20,2020-02-16,Arsenal,Newcastle,4,0,0.646274798001633,0.2084528394902646,0.14527236250810227,False
2019-20,2020-02-16,Aston Villa,Tottenham,2,3,0.11939821086056507,0.21072467598861075,0.6698771131508243,False
2019-20,2020-02-17,Chelsea,Man United,0,2,0.47963149144561334,0.2664664967978902,0.2539020117564964,False
2019-20,2020-02-19,Man City,West Ham,2,0,0.8320889990300424,0.11482729971430342,0.05308370125565423,False
2019-20,2020-02-22,Southampton,Aston Villa,2,0,0.5920466838278828,0.24591624653571623,0.162037069636401,False
2019-20,2020-02-22,Burnley,Bournemouth,3,0,0.4388180998813574,0.2574953070435314,0.3036865930751112,False
2019-20,2020-02-22,Chelsea,Tottenham,2,1,0.42042705478162634,0.27160571514595727,0.3079672300724162,False
2019-20,2020-02-22,Crystal Palace,Newcastle,1,0,0.46235876672382886,0.27977584937340866,0.25786538390276226,False
2019-20,2020-02-22,Leicester,Man City,0,1,0.16013355578508837,0.21487325504887683,0.6249931891660349,False
2019-20,2020-02-22,Sheffield United,Brighton,1,1,0.32991835551575677,0.3183176003778025,0.3517640441064408,True
2019-20,2020-02-23,Wolves,Norwich,3,0,0.585473846935513,0.25508068708813436,0.1594454659763525,False
2019-20,2020-02-23,Arsenal,Everton,3,2,0.5799379822023374,0.22138965637820585,0.1986723614194567,False
2019-20,2020-02-23,Man United,Watford,3,0,0.6741419441846437,0.1988012926358463,0.12705676317950995,False
2019-20,2020-02-24,Liverpool,West Ham,3,2,0.7721941152691105,0.1464700446310444,0.08133584009984493,False
2019-20,2020-02-28,Norwich,Leicester,1,0,0.28190869860584533,0.27519927195358873,0.44289202944056594,False
2019-20,2020-02-29,Watford,Liverpool,3,0,0.15166416432879704,0.2064349109253675,0.6419009247458352,False
2019-20,2020-02-29,Bournemouth,Chelsea,2,2,0.23614168349068532,0.233392022521198,0.5304662939881165,False
2019-20,2020-02-29,Brighton,Crystal Palace,0,1,0.31593621666058264,0.29667861031174014,0.38738517302767744,False
2019-20,2020-02-29,Newcastle,Burnley,0,0,0.46758981793832977,0.2901577003665692,0.2422524816951011,False
2019-20,2020-02-29,West Ham,Southampton,3,1,0.4853525582943634,0.25538022211460165,0.2592672195910348,False
2019-20,2020-03-01,Tottenham,Wolves,2,3,0.6280585565020308,0.2290684439639963,0.14287299953397306,False
2019-20,2020-03-01,Everton,Man United,1,1,0.34874211376641884,0.2788136714966386,0.37244421473694267,False
2019-20,2020-03-07,Southampton,Newcastle,0,1,0.42611703091182096,0.2898268819294578,0.28405608715872127,False
2019-20,2020-03-07,Sheffield United,Norwich,1,0,0.3438325814695824,0.30533366905173903,0.3508337494786786,True
2019-20,2020-03-07,Wolves,Brighton,0,0,0.5620565754902541,0.272599033169668,0.16534439134007767,False
2019-20,2020-03-07,Liverpool,Bournemouth,2,1,0.8202382249603255,0.1168771375142336,0.06288463752544077,False
2019-20,2020-03-07,Crystal Palace,Watford,1,0,0.5160074820678022,0.24888810396860594,0.23510441396359166,False
2019-20,2020-03-07,Burnley,Tottenham,1,1,0.19592110394894435,0.25264367505407564,0.55143522099698,False
2019-20,2020-03-07,Arsenal,West Ham,1,0,0.6637085314896689,0.18667219854102546,0.14961926996930583,False
2019-20,2020-03-08,Chelsea,Everton,4,0,0.5856895993806214,0.2361839201431534,0.17812648047622506,False
2019-20,2020-03-08,Man United,Man City,2,0,0.25116897801557503,0.26044971986154,0.48838130212288505,False
2019-20,2020-03-09,Leicester,Aston Villa,4,0,0.6703042291810387,0.20831469050929877,0.12138108030966242,False
2019-20,2020-06-17,Aston Villa,Sheffield United,0,0,0.45834127576870626,0.29761587547678914,0.2440428487545046,True
2019-20,2020-06-17,Man City,Arsenal,3,0,0.7059240169211838,0.17329587309466613,0.12078010998415009,False
2019-20,2020-06-19,Norwich,Southampton,0,3,0.34079505073105465,0.2900245324582936,0.3691804168106517,False
2019-20,2020-06-19,Tottenham,Man United,1,1,0.5136203843033849,0.25678864446270105,0.22959097123391434,False
2019-20,2020-06-20,West Ham,Wolves,0,2,0.4110606193255595,0.2788868826243165,0.3100524980501239,False
2019-20,2020-06-20,Watford,Leicester,1,1,0.36538908037699735,0.2635169715758954,0.3710939480471073,False
2019-20,2020-06-20,Brighton,Arsenal,2,1,0.19439613608832362,0.24212977616911097,0.5634740877425652,False
2019-20,2020-06-20,Bournemouth,Crystal Palace,0,2,0.4248282032141695,0.24795412365106717,0.32721767313476346,False
2019-20,2020-06-21,Aston Villa,Chelsea,1,2,0.13592768029640623,0.22648825459696179,0.637584065106632,False
2019-20,2020-06-21,Everton,Liverpool,0,0,0.23387482108997326,0.25054932252773765,0.515575856382289,False
2019-20,2020-06-21,Newcastle,Sheffield United,3,0,0.6179910732760026,0.24478079994134164,0.13722812678265578,True
2019-20,2020-06-22,Man City,Burnley,5,0,0.8440084066934579,0.1129299939335518,0.04306159937299042,False
2019-20,2020-06-23,Leicester,Brighton,0,0,0.5989814882834315,0.24237609669560406,0.15864241502096438,False
2019-20,2020-06-23,Tottenham,West Ham,2,0,0.6991328031962429,0.1834920947099635,0.11737510209379345,False
2019-20,2020-06-24,Norwich,Everton,0,1,0.26337649813263087,0.27869223949593214,0.457931262371437,False
2019-20,2020-06-24,Newcastle,Aston Villa,1,1,0.5835330255803548,0.2589903018455657,0.15747667257407943,False
2019-20,2020-06-24,Wolves,Bournemouth,1,0,0.5326777179770386,0.24477021813566113,0.22255206388730037,False
2019-20,2020-06-24,Liverpool,Crystal Palace,4,0,0.7533647063895651,0.15942765201566048,0.08720764159477426,False
2019-20,2020-06-24,Man United,Sheffield United,3,0,0.793609329251223,0.14720398008312283,0.05918669066565418,True
2019-20,2020-06-25,Burnley,Watford,1,0,0.4378889781252908,0.2742534829397256,0.28785753893498356,False
2019-20,2020-06-25,Chelsea,Man City,2,1,0.27762424737388863,0.26444291974131984,0.4579328328847915,False
2019-20,2020-06-25,Southampton,Arsenal,0,2,0.2723146228564677,0.24547243944795546,0.4822129376955769,False
2019-20,2020-06-27,Aston Villa,Wolves,0,1,0.23911942769805594,0.29638761047700496,0.46449296182493904,False
2019-20,2020-06-28,Watford,Southampton,1,3,0.43195479032690576,0.2674755976180832,0.3005696120550111,False
2019-20,2020-06-29,Crystal Palace,Burnley,0,1,0.5088477651088799,0.26451251162844447,0.22663972326267562,False
2019-20,2020-06-30,Brighton,Man United,0,3,0.19429213609092358,0.27116210754510883,0.5345457563639676,False
2019-20,2020-07-01,Everton,Leicester,2,1,0.4765172357551152,0.2598238764938819,0.2636588877510028,False
2019-20,2020-07-01,West Ham,Chelsea,3,2,0.26579230606031085,0.2551313035840073,0.4790763903556821,False
2019-20,2020-07-01,Arsenal,Norwich,4,0,0.7608116432991557,0.154511200198656,0.08467715650218832,False
2019-20,2020-07-01,Bournemouth,Newcastle,1,4,0.43785342438605557,0.2626615156904135,0.2994850599235308,False
2019-20,2020-07-02,Man City,Liverpool,4,0,0.5452301282569142,0.23930313417133034,0.2154667375717554,False
2019-20,2020-07-02,Sheffield United,Tottenham,3,1,0.10168418327925371,0.1946092962430213,0.7037065204777251,True
2019-20,2020-07-04,Chelsea,Watford,3,0,0.7061242525699818,0.18362537631995327,0.11025037111006492,False
2019-20,2020-07-04,Leicester,Crystal Palace,3,0,0.49569973638254716,0.2539606735312137,0.25033959008623896,False
2019-20,2020-07-04,Man United,Bournemouth,5,2,0.6862390364044568,0.1841547089873973,0.12960625460814576,False
2019-20,2020-07-04,Norwich,Brighton,0,1,0.41381439267566045,0.3078575960425714,0.27832801128176793,False
2019-20,2020-07-04,Wolves,Arsenal,0,2,0.32640386737579974,0.2671843236965589,0.4064118089276415,False
2019-20,2020-07-05,Burnley,Sheffield United,1,1,0.5871692623690821,0.25356832330127194,0.15926241432964625,True
2019-20,2020-07-05,Liverpool,Aston Villa,2,0,0.8712458952581191,0.09599507817433958,0.03275902656754139,False
2019-20,2020-07-05,Newcastle,West Ham,2,2,0.4301637548327237,0.27654213928989246,0.2932941058773836,False
2019-20,2020-07-05,Southampton,Man City,1,0,0.1203272185526186,0.19562176015611427,0.6840510212912672,False
2019-20,2020-07-06,Tottenham,Everton,1,0,0.619918710005993,0.22232466841106643,0.1577566215829408,False
2019-20,2020-07-07,Crystal Palace,Chelsea,2,3,0.270734831519378,0.26560492794641366,0.4636602405342083,False
2019-20,2020-07-07,Watford,Norwich,2,1,0.5310379032228145,0.2557298261389266,0.2132322706382588,False
2019-20,2020-07-07,Arsenal,Leicester,1,1,0.6098523165781113,0.2080593378818955,0.18208834553999306,False
2019-20,2020-07-08,Brighton,Liverpool,1,3,0.11639283309374049,0.20976231200175915,0.6738448549045006,False
2019-20,2020-07-08,Man City,Newcastle,5,0,0.8074692057931514,0.13680968355807158,0.055721110648776925,False
2019-20,2020-07-08,Sheffield United,Wolves,1,0,0.21302251698795607,0.28763997875314073,0.49933750425890305,True
2019-20,2020-07-08,West Ham,Burnley,0,1,0.5103867761352741,0.2567295075427708,0.23288371632195515,False
2019-20,2020-07-09,Aston Villa,Man United,0,3,0.15357046223863238,0.24074694200777352,0.6056825957535941,False
2019-20,2020-07-09,Bournemouth,Tottenham,0,0,0.21044843261378848,0.22238497759554476,0.5671665897906668,False
2019-20,2020-07-09,Everton,Southampton,1,1,0.5413542284545991,0.2512625796138262,0.20738319193157465,False
2019-20,2020-07-11,Sheffield United,Chelsea,3,0,0.11670994914339505,0.21102407226413264,0.6722659785924725,True
2019-20,2020-07-11,Norwich,West Ham,0,4,0.3224926547269025,0.2749503193916891,0.4025570258814083,False
2019-20,2020-07-11,Watford,Newcastle,2,1,0.4120715544681649,0.2827602866052873,0.30516815892654775,False
2019-20,2020-07-11,Brighton,Man City,0,5,0.08222000575608746,0.177741357027094,0.7400386372168186,False
2019-20,2020-07-11,Liverpool,Burnley,1,1,0.7899646808639316,0.14433031104790955,0.06570500808815878,False
2019-20,2020-07-12,Aston Villa,Crystal Palace,2,0,0.2641180739018072,0.2812253264192853,0.4546565996789076,False
2019-20,2020-07-12,Bournemouth,Leicester,4,1,0.3871082269118469,0.24629800973164748,0.3665937633565057,False
2019-20,2020-07-12,Tottenham,Arsenal,2,1,0.5408575555850681,0.23010889845230317,0.2290335459626287,False
2019-20,2020-07-12,Wolves,Everton,3,0,0.4088757511497681,0.2904456548725305,0.3006785939777016,False
2019-20,2020-07-13,Man United,Southampton,2,2,0.641129169514892,0.21773497677743286,0.14113585370767523,False
2019-20,2020-07-14,Chelsea,Norwich,1,0,0.7537686042134529,0.16761537026562065,0.0786160255209262,False
2019-20,2020-07-15,Arsenal,Liverpool,2,1,0.3293554302386359,0.244492840960566,0.4261517288007981,False
2019-20,2020-07-15,Burnley,Wolves,1,1,0.34445860351846636,0.30430004175606384,0.3512413547254697,False
2019-20,2020-07-15,Man City,Bournemouth,2,1,0.873606443748131,0.08727821166654283,0.039115344585326145,False
2019-20,2020-07-15,Newcastle,Tottenham,1,3,0.22537909920285323,0.270515687915635,0.504105212881512,False
2019-20,2020-07-16,Southampton,Brighton,1,1,0.5209260373916036,0.27523625023734044,0.2038377123710559,False
2019-20,2020-07-16,Everton,Aston Villa,1,1,0.6802371927113784,0.20720464369820793,0.11255816359041354,False
2019-20,2020-07-16,Crystal Palace,Man United,0,2,0.2972216111792191,0.2720800921088993,0.43069829671188153,False
2019-20,2020-07-16,Leicester,Sheffield United,2,0,0.7044733554199335,0.19227072062831493,0.10325592395175154,True
2019-20,2020-07-17,West Ham,Watford,3,1,0.5167798905857619,0.2416440124844609,0.24157609692977716,False
2019-20,2020-07-18,Norwich,Burnley,0,2,0.36461097349268634,0.2987992772330721,0.33658974927424157,False
2019-20,2020-07-19,Bournemouth,Southampton,0,2,0.4587330615453352,0.2479316520650802,0.2933352863895844,False
2019-20,2020-07-19,Tottenham,Leicester,3,0,0.6489701300227064,0.20720976771289212,0.14382010226440153,False
2019-20,2020-07-20,Brighton,Newcastle,0,0,0.32727500990422465,0.31813705726193553,0.3545879328338398,False
2019-20,2020-07-20,Sheffield United,Everton,0,1,0.19386401079989452,0.260861427747114,0.5452745614529915,True
2019-20,2020-07-20,Wolves,Crystal Palace,2,0,0.46644080715058217,0.2791840007177649,0.254375192131653,False
2019-20,2020-07-21,Aston Villa,Arsenal,1,0,0.15009495321082283,0.21154674204624815,0.6383583047429289,False
2019-20,2020-07-21,Watford,Man City,0,4,0.10685192104678407,0.17638469365055084,0.716763385302665,False
2019-20,2020-07-22,Liverpool,Chelsea,5,3,0.5636788359895595,0.23770894914355525,0.19861221486688535,False
2019-20,2020-07-22,Man United,West Ham,1,1,0.6321581862959036,0.21327246557252225,0.15456934813157414,False
2019-20,2020-07-26,Newcastle,Liverpool,1,3,0.1753910529846786,0.24301796414970478,0.5815909828656166,False
2019-20,2020-07-26,Man City,Norwich,5,0,0.8869258647804967,0.08522099019072636,0.027853145028777122,False
2019-20,2020-07-26,Leicester,Man United,0,2,0.33211230832600397,0.2714345392723616,0.3964531524016345,False
2019-20,2020-07-26,Everton,Bournemouth,1,3,0.5810954658479921,0.22012742000194105,0.1987771141500668,False
2019-20,2020-07-26,Southampton,Sheffield United,3,1,0.6276644824283518,0.23177764138101012,0.14055787619063803,True
2019-20,2020-07-26,Chelsea,Wolves,2,0,0.5951133008170842,0.2437308920145616,0.16115580716835404,False
2019-20,2020-07-26,Burnley,Brighton,1,2,0.48240549341195615,0.2930323466769576,0.2245621599110863,False
2019-20,2020-07-26,Arsenal,Watford,3,2,0.7077050002753953,0.17145669993227308,0.12083829979233171,False
2019-20,2020-07-26,Crystal Palace,Tottenham,1,1,0.24534250947559832,0.2568496760381947,0.4978078144862069,False
2019-20,2020-07-26,West Ham,Aston Villa,1,1,0.6348676511384495,0.22055518119258918,0.14457716766896128,False
2020-21,2020-09-12,West Ham,Newcastle,0,2,0.4825721129095411,0.2678521544435681,0.24957573264689098,False
2020-21,2020-09-12,Liverpool,Leeds,4,3,0.9059682912611761,0.07345390068211999,0.02057780805670387,True
2020-21,2020-09-12,Crystal Palace,Southampton,1,0,0.4074395566730179,0.28811206217793206,0.3044483811490499,False
2020-21,2020-09-12,Fulham,Arsenal,0,3,0.14150898929179387,0.20107654403701408,0.6574144666711921,False
2020-21,2020-09-13,Tottenham,Everton,0,1,0.6118385363959411,0.22756065478339565,0.16060080882066335,False
2020-21,2020-09-13,West Brom,Leicester,0,3,0.2706605649134632,0.2929465214405712,0.4363929136459655,False
2020-21,2020-09-14,Brighton,Chelsea,1,3,0.21787693070740127,0.2635955283559048,0.5185275409366938,False
2020-21,2020-09-14,Sheffield United,Wolves,0,2,0.3447494004036048,0.35215440917542695,0.3030961904209684,False
2020-21,2020-09-19,Arsenal,West Ham,2,1,0.6303632883049526,0.2049371146550818,0.16469959703996576,False
2020-21,2020-09-19,Everton,West Brom,5,2,0.5248931800439907,0.27950667789431405,0.19560014206169535,False
2020-21,2020-09-19,Leeds,Fulham,4,3,0.39231330166225253,0.298006704913018,0.3096799934247296,True
2020-21,2020-09-19,Man United,Crystal Palace,1,3,0.6568214502050308,0.22152429041614935,0.1216542593788197,False
2020-21,2020-09-20,Southampton,Tottenham,2,5,0.26378720737469386,0.26097226155147824,0.47524053107382785,False
2020-21,2020-09-20,Newcastle,Brighton,0,3,0.4578092520843903,0.3022986402689611,0.23989210764664853,False
2020-21,2020-09-20,Chelsea,Liverpool,0,2,0.3089832718239335,0.2541608061476683,0.4368559220283982,False
2020-21,2020-09-20,Leicester,Burnley,4,2,0.5646402775462332,0.25071855748774946,0.18464116496601715,False
2020-21,2020-09-21,Aston Villa,Sheffield United,1,0,0.2778170504803676,0.32652228882016343,0.3956606606994689,False
2020-21,2020-09-21,Wolves,Man City,1,3,0.19194256328163956,0.2541722194074133,0.5538852173109472,False
2020-21,2020-09-26,Brighton,Man United,2,3,0.19113327357630033,0.27266085867603534,0.5362058677476644,False
2020-21,2020-09-26,Burnley,Southampton,0,1,0.4155211922997332,0.2867573685042609,0.297721439196006,False
2020-21,2020-09-26,Crystal Palace,Everton,1,2,0.3716098543415899,0.2970774789238802,0.33131266673452997,False
2020-21,2020-09-26,West Brom,Chelsea,3,3,0.22229034222445593,0.2716895401530558,0.5060201176224881,False
2020-21,2020-09-27,West Ham,Wolves,4,0,0.3393027081748084,0.2886051451592736,0.37209214666591806,False
2020-21,2020-09-27,Man City,Leicester,2,5,0.7564367610097389,0.155486473754859,0.08807676523540228,False
2020-21,2020-09-27,Sheffield United,Leeds,0,1,0.6417796302071882,0.25554431870905864,0.10267605108375329,True
2020-21,2020-09-27,Tottenham,Newcastle,1,1,0.6670209823890441,0.211559014626394,0.12142000298456182,False
2020-21,2020-09-28,Liverpool,Arsenal,3,1,0.6468462001601256,0.200925592348724,0.15222820749115043,False
2020-21,2020-09-28,Fulham,Aston Villa,0,3,0.34914919303556247,0.2809607067536993,0.3698901002107382,False
2020-21,2020-10-03,Chelsea,Crystal Palace,4,0,0.6449821708693806,0.2164020495716883,0.13861577955893106,False
2020-21,2020-10-03,Everton,Brighton,4,2,0.5377742010807933,0.2707252057119817,0.19150059320722507,False
2020-21,2020-10-03,Leeds,Man City,1,1,0.03679824368358495,0.10566726761123948,0.8575344887051755,True
2020-21,2020-10-03,Newcastle,Burnley,3,1,0.40755901049645854,0.3051295804077809,0.28731140909576053,False
2020-21,2020-10-04,Arsenal,Sheffield United,2,1,0.5187847186983644,0.2815755272620596,0.19963975403957585,False
2020-21,2020-10-04,Aston Villa,Liverpool,7,2,0.1050917608078034,0.18281115802056377,0.7120970811716332,False
2020-21,2020-10-04,Leicester,West Ham,0,3,0.5718904902176628,0.22963237899276354,0.19847713078957374,False
2020-21,2020-10-04,Man United,Tottenham,1,6,0.4567754087475551,0.2713097813513643,0.2719148099010804,False
2020-21,2020-10-04,Southampton,West Brom,2,0,0.49953781737206565,0.2815697300887192,0.21889245253921513,False
2020-21,2020-10-04,Wolves,Fulham,1,0,0.7254365654225009,0.1877477864458566,0.08681564813164251,False
2020-21,2020-10-17,Newcastle,Man United,1,4,0.2216397080862881,0.2773710374124716,0.5009892545012402,False
2020-21,2020-10-17,Man City,Arsenal,1,0,0.7270778523567492,0.16564801511057756,0.10727413253267329,False
2020-21,2020-10-17,Everton,Liverpool,2,2,0.19412417750732996,0.24000553799479604,0.565870284497874,False
2020-21,2020-10-17,Chelsea,Southampton,3,3,0.6390414962855868,0.20768261559354556,0.1532758881208676,False
2020-21,2020-10-18,Crystal Palace,Brighton,1,1,0.46432482024233956,0.3019290503803349,0.23374612937732533,False
2020-21,2020-10-18,Leicester,Aston Villa,0,1,0.6703522623033937,0.20290421773039968,0.1267435199662063,False
2020-21,2020-10-18,Sheffield United,Fulham,1,1,0.6407820647144635,0.2430150163936088,0.11620291889192778,False
2020-21,2020-10-18,Tottenham,West Ham,3,3,0.664149063898923,0.1987068696227095,0.13714406647836752,False
2020-21,2020-10-19,Leeds,Wolves,0,1,0.1526510907392717,0.27108420138662537,0.5762647078741028,True
2020-21,2020-10-19,West Brom,Burnley,0,0,0.3653083268645775,0.32248340800087444,0.3122082651345479,False
2020-21,2020-10-23,Aston Villa,Leeds,0,3,0.5568534033175498,0.264865700537336,0.1782808961451141,True
2020-21,2020-10-24,West Ham,Man City,1,1,0.12102682185180531,0.1792437771398954,0.6997294010082993,False
2020-21,2020-10-24,Liverpool,Sheffield United,2,1,0.6649239919392498,0.22686678398751917,0.1082092240732312,False
2020-21,2020-10-24,Fulham,Crystal Palace,1,2,0.27117135512876867,0.28589399630420353,0.4429346485670277,False
2020-21,2020-10-24,Man United,Chelsea,0,0,0.4923693905818351,0.25651464696406256,0.2511159624541022,False
2020-21,2020-10-25,Arsenal,Leicester,0,1,0.5111754148291436,0.24256314052549535,0.24626144464536087,False
2020-21,2020-10-25,Southampton,Everton,2,0,0.41229009428343744,0.2756412819916373,0.3120686237249253,False
2020-21,2020-10-25,Wolves,Newcastle,1,1,0.5482792068178173,0.2764584567221439,0.17526233646003858,False
2020-21,2020-10-26,Brighton,West Brom,1,1,0.4014822530225082,0.32533812038363186,0.2731796265938602,False
2020-21,2020-10-26,Burnley,Tottenham,0,1,0.24335813277800794,0.27556462255554826,0.48107724466644375,False
2020-21,2020-10-30,Wolves,Crystal Palace,2,0,0.5390793294874714,0.28062980456301345,0.18029086594951518,False
2020-21,2020-10-31,Liverpool,West Ham,2,1,0.7838434337214649,0.14106971127167556,0.07508685500685969,False
2020-21,2020-10-31,Sheffield United,Man City,0,1,0.15677923768371843,0.26119408421703644,0.5820266780992451,False
2020-21,2020-10-31,Burnley,Chelsea,0,3,0.26613119608627167,0.2708079514783821,0.4630608524353462,False
2020-21,2020-11-01,Aston Villa,Southampton,3,4,0.3344377041952394,0.2777302789758876,0.38783201682887286,False
2020-21,2020-11-01,Man United,Arsenal,0,1,0.5150189322308626,0.25008400840208583,0.23489705936705174,False
2020-21,2020-11-01,Newcastle,Everton,2,1,0.3646890012269882,0.2960672245552467,0.3392437742177652,False
2020-21,2020-11-01,Tottenham,Brighton,2,1,0.6977480092953157,0.20044942333481106,0.10180256736987324,False
2020-21,2020-11-02,Fulham,West Brom,2,0,0.3052861648448991,0.3038133524057535,0.3909004827493476,False
2020-21,2020-11-02,Leeds,Leicester,1,4,0.14994955954342803,0.2377578952492073,0.6122925452073646,True
2020-21,2020-11-06,Southampton,Newcastle,2,0,0.47515375239287594,0.27640686222600064,0.24843938538112365,False
2020-21,2020-11-06,Brighton,Burnley,0,0,0.36362634228470425,0.31612292325862307,0.3202507344566726,False
2020-21,2020-11-07,West Ham,Fulham,1,0,0.6763953277532729,0.19516488296588166,0.12843978928084543,False
2020-21,2020-11-07,Everton,Man United,1,3,0.2797395031453762,0.27984891118878347,0.4404115856658403,False
2020-21,2020-11-07,Chelsea,Sheffield United,4,1,0.5354424858305156,0.27772747042465395,0.1868300437448306,False
2020-21,2020-11-07,Crystal Palace,Leeds,4,1,0.6195813442920716,0.2483507461228683,0.13206790958505993,True
2020-21,2020-11-08,Arsenal,Aston Villa,0,3,0.7249706046470226,0.1736486917758064,0.10138070357717095,False
2020-21,2020-11-08,Leicester,Wolves,1,0,0.4335414939410399,0.288403505689598,0.2780550003693621,False
2020-21,2020-11-08,Man City,Liverpool,1,1,0.5432504873098862,0.23503923885328964,0.22171027383682446,False
2020-21,2020-11-08,West Brom,Tottenham,0,1,0.2031358618155807,0.27514661759968323,0.5217175205847359,False
2020-21,2020-11-21,Newcastle,Chelsea,0,2,0.25273117594299527,0.2669202509319117,0.48034857312509294,False
2020-21,2020-11-21,Aston Villa,Brighton,1,2,0.39709457189905684,0.301364667189921,0.30154076091102205,False
2020-21,2020-11-21,Man United,West Brom,1,0,0.6817535294307997,0.21566835101616555,0.1025781195530345,False
2020-21,2020-11-21,Tottenham,Man City,2,0,0.264051415922297,0.25156914111802847,0.4843794429596747,False
2020-21,2020-11-22,Sheffield United,West Ham,0,1,0.4607074064982705,0.30000230008612144,0.23929029341560795,False
2020-21,2020-11-22,Liverpool,Leicester,3,0,0.6807849189128006,0.192350171045086,0.12686491004211353,False
2020-21,2020-11-22,Fulham,Everton,2,3,0.22269868030350848,0.2590919430940192,0.5182093766024726,False
2020-21,2020-11-22,Leeds,Arsenal,0,0,0.12365215625822001,0.20920964269700104,0.6671382010447791,True
2020-21,2020-11-23,Burnley,Crystal Palace,1,0,0.42896407295783867,0.30320743911198256,0.26782848793017866,False
2020-21,2020-11-23,Wolves,Southampton,1,1,0.5323805897661329,0.26790311479827517,0.1997162954355918,False
2020-21,2020-11-27,Crystal Palace,Newcastle,0,2,0.4298452726220456,0.3023787744558698,0.2677759529220846,False
2020-21,2020-11-28,Everton,Leeds,0,1,0.6942541060813427,0.20558954439741017,0.10015634952124715,True
2020-21,2020-11-28,Man City,Burnley,5,0,0.8283709817543535,0.12251775467529487,0.04911126357035147,False
2020-21,2020-11-28,Brighton,Liverpool,1,1,0.12503645002493896,0.2167122486997979,0.6582513012752631,False
2020-21,2020-11-28,West Brom,Sheffield United,1,0,0.29489251615544854,0.3583440019084958,0.3467634819360558,False
2020-21,2020-11-29,Chelsea,Tottenham,0,0,0.4309542604087772,0.2588522281100391,0.31019351148118335,False
2020-21,2020-11-29,Arsenal,Wolves,1,2,0.48567369121396287,0.2705966501151398,0.24372965867089738,False
2020-21,2020-11-29,Southampton,Man United,2,3,0.25294899965798395,0.267246353797251,0.4798046465447652,False
2020-21,2020-11-30,West Ham,Aston Villa,2,1,0.57229937498905,0.23592921951575677,0.19177140549519317,False
2020-21,2020-11-30,Leicester,Fulham,1,2,0.7644316981184189,0.15592134519506573,0.07964695668651522,False
2020-21,2020-12-05,West Ham,Man United,1,3,0.25397011222678006,0.2589314715153165,0.4870984162579034,False
2020-21,2020-12-05,Man City,Fulham,2,0,0.9444927824422937,0.0432332316160003,0.01227398594170616,False
2020-21,2020-12-05,Chelsea,Leeds,3,1,0.8249006165957503,0.12618369856142805,0.0489156848428217,True
2020-21,2020-12-05,Burnley,Everton,1,1,0.37929401076680935,0.29618432723329435,0.3245216619998962,False
2020-21,2020-12-06,Liverpool,Wolves,4,0,0.6442877099204669,0.2232127244185899,0.1324995656609429,False
2020-21,2020-12-06,Sheffield United,Leicester,1,2,0.36315200524352814,0.3195905318124325,0.31725746294403934,False
2020-21,2020-12-06,Tottenham,Arsenal,2,0,0.5105688416883126,0.2444831599990726,0.24494799831261477,False
2020-21,2020-12-06,West Brom,Crystal Palace,1,5,0.37180023400042056,0.3225930558958685,0.3056067101037109,False
2020-21,2020-12-07,Brighton,Southampton,1,2,0.35509033708687476,0.29668610090688186,0.3482235620062431,False
2020-21,2020-12-11,Leeds,West Ham,1,2,0.2179277726873922,0.26575443887846645,0.5163177884341412,True
2020-21,2020-12-12,Wolves,Aston Villa,0,1,0.6331168304710096,0.23496507533811956,0.13191809419087097,False
2020-21,2020-12-12,Newcastle,West Brom,2,1,0.44634207515964175,0.3104048870866401,0.2432530377537183,False
2020-21,2020-12-12,Everton,Chelsea,1,0,0.3186141676143469,0.26631098010332593,0.41507485228232716,False
2020-21,2020-12-12,Man United,Man City,0,0,0.2728944258958724,0.26202480249405996,0.4650807716100678,False
2020-21,2020-12-13,Arsenal,Burnley,0,1,0.6204622625153169,0.22474983688344158,0.15478790060124165,False
2020-21,2020-12-13,Crystal Palace,Tottenham,1,1,0.23711909902249978,0.2743138693399804,0.48856703163751986,False
2020-21,2020-12-13,Fulham,Liverpool,1,1,0.0637437056493925,0.13531137694029866,0.8009449174103089,False
2020-21,2020-12-13,Leicester,Brighton,3,0,0.6163740769889343,0.23591382925488505,0.14771209375618077,False
2020-21,2020-12-13,Southampton,Sheffield United,3,0,0.3728239371754556,0.32170002955423477,0.3054760332703097,False
2020-21,2020-12-15,Man City,West Brom,1,1,0.848752661349985,0.11256492278996891,0.03868241586004595,False
2020-21,2020-12-15,Wolves,Chelsea,2,1,0.3764503723606673,0.28680476966934787,0.336744857969985,False
2020-21,2020-12-16,West Ham,Crystal Palace,1,1,0.47302376912295874,0.2708108490237169,0.25616538185332444,False
2020-21,2020-12-16,Leicester,Everton,0,2,0.5209440965127277,0.2543355072426808,0.2247203962445914,False
2020-21,2020-12-16,Liverpool,Tottenham,2,1,0.5847968211289083,0.22950382813208178,0.18569935073901006,False
2020-21,2020-12-16,Fulham,Brighton,0,0,0.313047357449345,0.29794751647357104,0.38900512607708393,False
2020-21,2020-12-16,Leeds,Newcastle,5,2,0.2425652660158006,0.3034391775537929,0.45399555643040657,True
2020-21,2020-12-16,Arsenal,Southampton,1,1,0.6206147931743817,0.2132757038153991,0.16610950301021932,False
2020-21,2020-12-17,Aston Villa,Burnley,0,0,0.34597506941235046,0.29730296808862117,0.35672196249902843,False
2020-21,2020-12-17,Sheffield United,Man United,2,3,0.2758986827655264,0.32805547196308993,0.39604584527138365,False
2020-21,2020-12-19,Crystal Palace,Liverpool,0,7,0.15341102503839454,0.23130002576108133,0.6152889492005242,False
2020-21,2020-12-19,Everton,Arsenal,2,1,0.3381864268637418,0.26596508386687867,0.3958484892693795,False
2020-21,2020-12-19,Newcastle,Fulham,1,1,0.6055055573359402,0.23913009696766732,0.15536434569639254,False
2020-21,2020-12-19,Southampton,Man City,0,1,0.12309626680755179,0.1878242084580331,0.6890795247344148,False
2020-21,2020-12-20,Tottenham,Leicester,0,2,0.5496066649812655,0.24169650219457683,0.20869683282415774,False
2020-21,2020-12-20,West Brom,Aston Villa,0,3,0.45711045490809743,0.29770574215882956,0.2451838029330731,False
2020-21,2020-12-20,Brighton,Sheffield United,1,1,0.29329616586513463,0.35065822320468126,0.35604561093018416,False
2020-21,2020-12-20,Man United,Leeds,6,2,0.8265531513496701,0.12976317295727632,0.043683675693053425,True
2020-21,2020-12-21,Burnley,Wolves,2,1,0.3086264755711162,0.31608947845266433,0.37528404597621945,False
2020-21,2020-12-21,Chelsea,West Ham,3,0,0.6491087351708767,0.19923204752471388,0.1516592173044094,False
2020-21,2020-12-26,Arsenal,Chelsea,3,1,0.44590573978728565,0.2473517026208806,0.30674255759183366,False
2020-21,2020-12-26,Aston Villa,Crystal Palace,3,0,0.3528969020051316,0.2978615168091218,0.34924158118574666,False
2020-21,2020-12-26,Fulham,Southampton,0,0,0.24994905783916951,0.2605836424397553,0.48946729972107494,False
2020-21,2020-12-26,Leicester,Man United,2,2,0.3455767936995446,0.277170132178017,0.37725307412243825,False
2020-21,2020-12-26,Man City,Newcastle,2,0,0.8405528882446092,0.11486430039163524,0.04458281136375578,False
2020-21,2020-12-26,Sheffield United,Everton,0,1,0.41709412168106474,0.3228703513919091,0.26003552692702625,False
2020-21,2020-12-27,Wolves,Tottenham,1,1,0.3469077127520434,0.2971185375370425,0.355973749710914,False
2020-21,2020-12-27,Leeds,Burnley,1,0,0.2308218514985031,0.3007992775221641,0.4683788709793328,True
2020-21,2020-12-27,Liverpool,West Brom,1,1,0.7911520062722467,0.14969638600034738,0.059151607727406116,False
2020-21,2020-12-27,West Ham,Brighton,2,2,0.5204741001084626,0.26437505078459606,0.21515084910694127,False
2020-21,2020-12-28,Crystal Palace,Leicester,1,1,0.3126998506083764,0.2862724641128612,0.40102768527876254,False
2020-21,2020-12-28,Chelsea,Aston Villa,1,1,0.7405326440294973,0.1668679806710318,0.09259937529947088,False
2020-21,2020-12-29,Brighton,Arsenal,0,1,0.23295131243744835,0.2667203951007702,0.5003282924617812,False
2020-21,2020-12-29,Burnley,Sheffield United,1,0,0.3424491218822599,0.3442707393769053,0.313280138740835,False
2020-21,2020-12-29,Man United,Wolves,1,0,0.522172974213325,0.2775491396828114,0.2002778861038636,False
2020-21,2020-12-29,Southampton,West Ham,0,0,0.4576759775253184,0.25710569484669704,0.2852183276279845,False
2020-21,2020-12-29,West Brom,Leeds,0,5,0.5626303442771954,0.2804493898625457,0.1569202658602591,True
2020-21,2020-12-30,Newcastle,Liverpool,0,0,0.1482657098375004,0.226736054515716,0.6249982356467835,False
2020-21,2021-01-01,Everton,West Ham,0,1,0.48815280631159774,0.2572051905465136,0.25464200314188873,False
2020-21,2021-01-01,Man United,Aston Villa,2,1,0.7485861458425245,0.17001022744818645,0.08140362670928894,False
2020-21,2021-01-02,Tottenham,Leeds,3,0,0.8302286191881043,0.12529432801755755,0.04447705279433799,True
2020-21,2021-01-02,West Brom,Arsenal,0,4,0.23731073670063582,0.2745415885127297,0.4881476747866344,False
2020-21,2021-01-02,Brighton,Wolves,3,3,0.2599285500427194,0.3163277782974274,0.423743671659853,False
2020-21,2021-01-02,Crystal Palace,Sheffield United,2,0,0.33584394385426863,0.34505815763836,0.31909789850737136,False
2020-21,2021-01-03,Chelsea,Man City,1,3,0.2417429477283251,0.2364508661195154,0.5218061861521593,False
2020-21,2021-01-03,Newcastle,Leicester,1,2,0.30580821042645945,0.28427859655758175,0.4099131930159588,False
2020-21,2021-01-04,Southampton,Liverpool,1,0,0.16986370083461722,0.2217888985424934,0.6083474006228895,False
2020-21,2021-01-12,Burnley,Man United,0,1,0.23352085387981475,0.28210542657783755,0.4843737195423478,False
2020-21,2021-01-12,Sheffield United,Newcastle,1,0,0.4685915276106195,0.32219600871981646,0.209212463669564,False
2020-21,2021-01-12,Wolves,Everton,1,2,0.4928598539872788,0.2842546499272988,0.22288549608542252,False
2020-21,2021-01-13,Man City,Brighton,1,0,0.8602941877953618,0.10380382050008966,0.03590199170454856,False
2020-21,2021-01-13,Tottenham,Fulham,1,1,0.8322400166806854,0.11845469799970919,0.04930528531960542,False
2020-21,2021-01-14,Arsenal,Crystal Palace,0,0,0.6278089036540728,0.22222575223980434,0.1499653441061229,False
2020-21,2021-01-16,Wolves,West Brom,2,3,0.5665662822439579,0.2790922301550055,0.1543414876010367,False
2020-21,2021-01-16,West Ham,Burnley,1,0,0.46534388791085934,0.2718265860080056,0.2628295260811351,False
2020-21,2021-01-16,Leeds,Brighton,0,1,0.27314386970447685,0.318517911735184,0.40833821856033914,True
2020-21,2021-01-16,Fulham,Chelsea,0,1,0.1301381399629365,0.19491694279724012,0.6749449172398235,False
2020-21,2021-01-16,Leicester,Southampton,2,0,0.5629728799007854,0.23799591023311675,0.19903120986609785,False
2020-21,2021-01-17,Liverpool,Man United,0,0,0.563263189154757,0.24211229193708975,0.19462451890815324,False
2020-21,2021-01-17,Man City,Crystal Palace,4,0,0.8332958903190024,0.119635616715466,0.04706849296553154,False
2020-21,2021-01-17,Sheffield United,Tottenham,1,3,0.28777349907419447,0.31956308429364194,0.3926634166321636,False
2020-21,2021-01-18,Arsenal,Newcastle,3,0,0.6376013724464982,0.2176311662007588,0.14476746135274318,False
2020-21,2021-01-19,Leicester,Chelsea,2,0,0.39215958896358893,0.2595581258499943,0.3482822851864168,False
2020-21,2021-01-19,West Ham,West Brom,2,1,0.5079294288418055,0.2725372675824781,0.21953330357571632,False
2020-21,2021-01-20,Fulham,Man United,1,2,0.11386640315475503,0.19871890579777113,0.6874146910474739,False
2020-21,2021-01-20,Man City,Aston Villa,2,0,0.8989743410559621,0.07521856623692859,0.025807092707109514,False
2020-21,2021-01-21,Liverpool,Burnley,0,1,0.7657228999735938,0.16019629013958145,0.0740808098868249,False
2020-21,2021-01-23,Aston Villa,Newcastle,2,0,0.3610912627829545,0.2965024869946605,0.342406250222385,False
2020-21,2021-01-26,Crystal Palace,West Ham,2,3,0.4131093182868113,0.2797283867243188,0.3071622949888699,False
2020-21,2021-01-26,Newcastle,Leeds,1,2,0.6136549807757331,0.2502073967342882,0.13613762248997896,True
2020-21,2021-01-26,Southampton,Arsenal,1,3,0.3078233895654241,0.25699098786586966,0.435185622568706,False
2020-21,2021-01-26,West Brom,Man City,0,5,0.09347848159593286,0.18892382443959535,0.7175976939644717,False
2020-21,2021-01-27,Everton,Leicester,1,1,0.3777240263367077,0.2753697158183082,0.3469062578449841,False
2020-21,2021-01-27,Chelsea,Wolves,0,0,0.5038824103268588,0.26787125185696953,0.22824633781617173,False
2020-21,2021-01-27,Man United,Sheffield United,1,2,0.5483977411381742,0.28718377328365474,0.16441848557817104,False
2020-21,2021-01-27,Brighton,Fulham,0,0,0.5543516095213641,0.26242522504048826,0.1832231654381477,False
2020-21,2021-01-27,Burnley,Aston Villa,3,2,0.5209145472152574,0.27126434233131846,0.20782111045342433,False
2020-21,2021-01-28,Tottenham,Liverpool,1,3,0.3313961296665926,0.26570243395631854,0.402901436377089,False
2020-21,2021-01-30,Southampton,Aston Villa,0,1,0.5631640382942731,0.24454683210533126,0.19228912960039576,False
2020-21,2021-01-30,West Brom,Fulham,2,2,0.5535645103754164,0.26713616197991996,0.17929932764466366,False
2020-21,2021-01-30,Man City,Sheffield United,1,0,0.7342918279594934,0.1877921329677647,0.07791603907274174,False
2020-21,2021-01-30,Everton,Newcastle,0,2,0.502321672892903,0.27549153609841304,0.22218679100868377,False
2020-21,2021-01-30,Crystal Palace,Wolves,1,0,0.3019743091316579,0.31608772957294623,0.38193796129539603,False
2020-21,2021-01-30,Arsenal,Man United,0,0,0.3942280341155797,0.26776444760427487,0.3380075182801456,False
2020-21,2021-01-31,Brighton,Tottenham,1,0,0.19888777837640734,0.2665939280914284,0.5345182935321642,False
2020-21,2021-01-31,Chelsea,Burnley,2,0,0.6377902497538485,0.21904580784186048,0.143163942404291,False
2020-21,2021-01-31,Leicester,Leeds,1,3,0.7661252572204719,0.1631688960764681,0.07070584670306007,True
2020-21,2021-01-31,West Ham,Liverpool,1,3,0.16863896653930205,0.21330623931079964,0.6180547941498986,False
2020-21,2021-02-02,Man United,Southampton,9,0,0.6540331206296959,0.21207802214484778,0.13388885722545632,False
2020-21,2021-02-02,Newcastle,Crystal Palace,1,2,0.4145028645135811,0.30471676354338956,0.2807803719430292,False
2020-21,2021-02-02,Sheffield United,West Brom,2,1,0.48618325655483796,0.3285158418265003,0.1853009016186616,False
2020-21,2021-02-02,Wolves,Arsenal,2,1,0.3965417879013423,0.2838684611219083,0.31958975097674946,False
2020-21,2021-02-03,Liverpool,Brighton,0,1,0.8042114968156588,0.1400501380859569,0.055738365098384327,False
2020-21,2021-02-03,Leeds,Everton,1,2,0.19399842996841873,0.272262336261956,0.5337392337696252,True
2020-21,2021-02-03,Aston Villa,West Ham,1,3,0.3377140561841151,0.26968833764631656,0.3925976061695684,False
2020-21,2021-02-03,Burnley,Man City,0,2,0.11576757151013986,0.198754925722786,0.685477502767074,False
2020-21,2021-02-03,Fulham,Leicester,0,2,0.17187589889614774,0.22777501844591863,0.6003490826579339,False
2020-21,2021-02-04,Tottenham,Chelsea,0,1,0.4874869986267361,0.25058070270197763,0.2619322986712862,False
2020-21,2021-02-06,Newcastle,Southampton,3,2,0.40026896970509507,0.2876077834468454,0.3121232468480598,False
2020-21,2021-02-06,Aston Villa,Arsenal,1,0,0.20901227176674683,0.23963713418599347,0.5513505940472596,False
2020-21,2021-02-06,Burnley,Brighton,1,1,0.47221906372014566,0.29956711331959135,0.22821382296026282,False
2020-21,2021-02-06,Fulham,West Ham,0,0,0.25078521017293,0.25238672017956504,0.49682806964750503,False
2020-21,2021-02-06,Man United,Everton,3,3,0.6128059175271279,0.23257182632339096,0.1546222561494811,False
2020-21,2021-02-07,Wolves,Leicester,0,0,0.43333336263363603,0.28843484507013195,0.27823179229623207,False
2020-21,2021-02-07,Tottenham,West Brom,2,0,0.683632586461167,0.2104096219574197,0.10595779158141341,False
2020-21,2021-02-07,Liverpool,Man City,1,4,0.3832374791575797,0.2581374335368446,0.3586250873055757,False
2020-21,2021-02-07,Sheffield United,Chelsea,1,2,0.31274262996526503,0.310979819462075,0.3762775505726598,False
2020-21,2021-02-08,Leeds,Crystal Palace,2,0,0.23637780571743472,0.3031159811426506,0.4605062131399148,True
2020-21,2021-02-13,Brighton,Aston Villa,0,0,0.45646084603403725,0.29237340583659477,0.251165748129368,False
2020-21,2021-02-13,Crystal Palace,Burnley,0,3,0.4142399158007595,0.3054526121349805,0.28030747206425993,False
2020-21,2021-02-13,Leicester,Liverpool,3,1,0.2492320723845278,0.25011508367938584,0.5006528439360864,False
2020-21,2021-02-13,Man City,Tottenham,3,0,0.6667411123746709,0.1970456359081126,0.13621325171721654,False
2020-21,2021-02-14,West Brom,Man United,1,1,0.19518257451043458,0.28147738681507883,0.5233400386744866,False
2020-21,2021-02-14,Arsenal,Leeds,4,2,0.8131538553324188,0.13282128073050167,0.054024863937079615,True
2020-21,2021-02-14,Everton,Fulham,0,2,0.6893992045367043,0.19687761454248745,0.11372318092080815,False
2020-21,2021-02-14,Southampton,Wolves,1,2,0.33552705882362077,0.29709523098596985,0.3673777101904094,False
2020-21,2021-02-15,West Ham,Sheffield United,3,0,0.3783812325761857,0.31255395754552334,0.309064809878291,False
2020-21,2021-02-15,Chelsea,Newcastle,2,0,0.6546669781529575,0.21166714021972496,0.13366588162731752,False
2020-21,2021-02-17,Burnley,Fulham,1,1,0.6204039064037792,0.23366866651061718,0.14592742708560338,False
2020-21,2021-02-17,Everton,Man City,1,3,0.14422120965160595,0.20851459048950002,0.647264199858894,False
2020-21,2021-02-19,Wolves,Leeds,1,0,0.7254885009568779,0.1973053770422542,0.07720612200086785,True
2020-21,2021-02-20,Burnley,West Brom,0,0,0.46044762734787104,0.3078838682473218,0.23166850440480727,False
2020-21,2021-02-20,Fulham,Sheffield United,1,0,0.21105679903965546,0.3035873228474169,0.48535587811292746,False
2020-21,2021-02-20,Liverpool,Everton,0,2,0.7348141612954178,0.17163112990381257,0.09355470880076977,False
2020-21,2021-02-20,Southampton,Chelsea,1,1,0.28887666461095046,0.25608438432093794,0.45503895106811176,False
2020-21,2021-02-21,Aston Villa,Leicester,1,2,0.24413332639110463,0.26066855088433377,0.49519812272456165,False
2020-21,2021-02-21,Man United,Newcastle,3,1,0.6661409056729173,0.21654215459903775,0.11731693972804488,False
2020-21,2021-02-21,Arsenal,Man City,0,1,0.22488006337159985,0.22954467564699355,0.5455752609814066,False
2020-21,2021-02-21,West Ham,Tottenham,2,1,0.2649100363713399,0.25289637137937154,0.4821935922492885,False
2020-21,2021-02-22,Brighton,Crystal Palace,1,2,0.3702404150949484,0.31629813214109026,0.31346145276396126,False
2020-21,2021-02-23,Leeds,Southampton,3,0,0.21745179528076353,0.27465560892843277,0.5078925957908038,True
2020-21,2021-02-27,Leeds,Aston Villa,0,1,0.30458075813545993,0.30204898046374123,0.3933702614007991,True
2020-21,2021-02-27,Man City,West Ham,2,1,0.8468428184417387,0.10496675727645821,0.04819042428180296,False
2020-21,2021-02-27,Newcastle,Wolves,1,1,0.295829361263072,0.31403736275230165,0.3901332759846265,False
2020-21,2021-02-27,West Brom,Brighton,1,0,0.4126347255332137,0.32361037090226064,0.2637549035645255,False
2020-21,2021-02-28,Chelsea,Man United,0,0,0.41332227791790055,0.26814559469218396,0.3185321273899153,False
2020-21,2021-02-28,Crystal Palace,Fulham,0,0,0.6120347780831652,0.2373503880913895,0.15061483382544527,False
2020-21,2021-02-28,Leicester,Arsenal,1,3,0.4140563204652561,0.25668548168313937,0.32925819785160454,False
2020-21,2021-02-28,Sheffield United,Liverpool,0,2,0.2018715298454219,0.290615079548767,0.5075133906058111,False
2020-21,2021-02-28,Tottenham,Burnley,4,0,0.6506772271380512,0.219211847286197,0.13011092557575188,False
2020-21,2021-03-01,Everton,Southampton,1,0,0.48088163350824353,0.2654748614758483,0.2536435050159081,False
2020-21,2021-03-02,Man City,Wolves,4,1,0.7184950584454048,0.1860858888651914,0.09541905268940384,False
2020-21,2021-03-03,Burnley,Leicester,1,1,0.3199844675045944,0.2863627701472537,0.39365276234815194,False
2020-21,2021-03-03,Crystal Palace,Man United,0,0,0.22757033223265652,0.2807691746033798,0.49166049316396365,False
2020-21,2021-03-03,Sheffield United,Aston Villa,1,0,0.5486289136771889,0.285941269454202,0.16542981686860905,False
2020-21,2021-03-04,Fulham,Tottenham,0,1,0.11783897415783837,0.1942182818777916,0.6879427439643699,False
2020-21,2021-03-04,Liverpool,Chelsea,0,1,0.6238273732677322,0.21029900021378076,0.1658736265184871,False
2020-21,2021-03-04,West Brom,Everton,0,1,0.32502215091416065,0.30943050073951617,0.3655473483463232,False
2020-21,2021-03-06,Aston Villa,Wolves,0,0,0.24061835118526487,0.29026300687004297,0.4691186419446923,False
2020-21,2021-03-06,Brighton,Leicester,1,2,0.2669134969117475,0.2855516254106689,0.4475348776775834,False
2020-21,2021-03-06,Burnley,Arsenal,1,1,0.2833773957303567,0.27221992376322457,0.4444026805064186,False
2020-21,2021-03-06,Sheffield United,Southampton,0,2,0.4529004835002473,0.3094003042633398,0.23769921223641283,False
2020-21,2021-03-07,West Brom,Newcastle,0,0,0.37980227881998796,0.32063014541250623,0.29956757576750576,False
2020-21,2021-03-07,Tottenham,Crystal Palace,4,1,0.6575681406508295,0.21646422725404052,0.12596763209513015,False
2020-21,2021-03-07,Man City,Man United,0,2,0.6443879584955292,0.2107068245084955,0.14490521699597528,False
2020-21,2021-03-07,Liverpool,Fulham,0,1,0.9100503042875839,0.06780074059309997,0.022148955119315927,False
2020-21,2021-03-08,Chelsea,Everton,2,0,0.5963257125504913,0.22683042702194267,0.1768438604275661,False
2020-21,2021-03-08,West Ham,Leeds,2,0,0.6843207935168072,0.20315731038141865,0.11252189610177447,True
2020-21,2021-03-10,Man City,Southampton,5,2,0.8366738381240199,0.11287937605133412,0.0504467858246459,False
2020-21,2021-03-12,Newcastle,Aston Villa,1,1,0.5056370578939021,0.27490598274724765,0.21945695935885046,False
2020-21,2021-03-13,Crystal Palace,West Brom,1,0,0.45271234191187437,0.3101573002940707,0.23713035779405486,False
2020-21,2021-03-13,Everton,Burnley,1,2,0.4856224704163725,0.2802246325554979,0.23415289702812933,False
2020-21,2021-03-13,Fulham,Man City,0,3,0.040597153612746004,0.0995989321726606,0.8598039142145935,False
2020-21,2021-03-13,Leeds,Chelsea,0,0,0.11394270315150598,0.20283475343776894,0.6832225434107251,True
2020-21,2021-03-14,Southampton,Brighton,1,2,0.5119629277642265,0.2732851129457677,0.21475195929000584,False
2020-21,2021-03-14,Man United,West Ham,1,0,0.6647165830294395,0.20306287476947898,0.13222054220108143,False
2020-21,2021-03-14,Arsenal,Tottenham,2,1,0.41118880541720026,0.25895890524183407,0.32985228934096544,False
2020-21,2021-03-14,Leicester,Sheffield United,5,0,0.46740257293434445,0.3036452508961964,0.22895217616945907,False
2020-21,2021-03-15,Wolves,Liverpool,0,1,0.2459680885735288,0.2786372236105611,0.47539468781591004,False
2020-21,2021-03-19,Fulham,Leeds,1,2,0.4675632563661953,0.28665734582828856,0.24577939780551594,True
2020-21,2021-03-20,Brighton,Newcastle,3,0,0.3783223855848929,0.3144389224522921,0.30723869196281506,False
2020-21,2021-03-21,Aston Villa,Tottenham,0,2,0.1766080525933555,0.2367312011963393,0.5866607462103053,False
2020-21,2021-03-21,West Ham,Arsenal,3,3,0.30988969715401493,0.24931090428180877,0.4407993985641763,False
2020-21,2021-04-03,Leicester,Man City,0,2,0.19013849313736203,0.22492245882731884,0.5849390480353192,False
2020-21,2021-04-03,Arsenal,Liverpool,0,3,0.2905560098348219,0.24978798040526426,0.45965600975991394,False
2020-21,2021-04-03,Chelsea,West Brom,2,5,0.6730944744693261,0.2104741531808221,0.1164313723498519,False
2020-21,2021-04-03,Leeds,Sheffield United,2,1,0.18447321369610747,0.3204336103557068,0.4950931759481856,True
2020-21,2021-04-04,Newcastle,Tottenham,2,2,0.23090299092015173,0.271056696446312,0.4980403126335361,False
2020-21,2021-04-04,Southampton,Burnley,3,2,0.4583375345780886,0.2803386196422325,0.2613238457796788,False
2020-21,2021-04-04,Aston Villa,Fulham,3,1,0.5428992969115398,0.2525953920185208,0.20450531106993952,False
2020-21,2021-04-04,Man United,Brighton,2,1,0.6959045793255252,0.20548549822804393,0.09860992244643102,False
2020-21,2021-04-05,Wolves,West Ham,2,3,0.5413956154502405,0.2588716421373271,0.19973274241243238,False
2020-21,2021-04-05,Everton,Crystal Palace,1,1,0.4929528430606,0.27888402777543536,0.22816312916396467,False
2020-21,2021-04-09,Fulham,Wolves,0,1,0.17441882305883688,0.2585083501810949,0.5670728267600682,False
2020-21,2021-04-10,Crystal Palace,Chelsea,1,4,0.25939027065162246,0.269829768158763,0.4707799611896145,False
2020-21,2021-04-10,Liverpool,Aston Villa,2,1,0.8499842535044055,0.10750546976248027,0.042510276733114284,False
2020-21,2021-04-10,Man City,Leeds,1,2,0.9404884841431489,0.047838104816339856,0.011673411040511198,True
2020-21,2021-04-11,Burnley,Newcastle,1,2,0.4377063574110297,0.3005388867918942,0.261754755797076,False
2020-21,2021-04-11,Sheffield United,Arsenal,0,3,0.33013964372119164,0.30988069039187666,0.3599796658869317,False
2020-21,2021-04-11,Tottenham,Man United,1,3,0.4334239691550653,0.2747819042828166,0.29179412656211823,False
2020-21,2021-04-11,West Ham,Leicester,3,2,0.35124312040053857,0.261236078005263,0.3875208015941982,False
2020-21,2021-04-12,Brighton,Everton,0,0,0.3222775598255718,0.30272668435120087,0.3749957558232275,False
2020-21,2021-04-12,West Brom,Southampton,3,0,0.3576015280042154,0.3028933484093143,0.33950512358647,False
2020-21,2021-04-16,Everton,Tottenham,2,2,0.29179432361915236,0.27285955261630146,0.4353461237645461,False
2020-21,2021-04-17,Newcastle,West Ham,3,2,0.40570508174642184,0.2792696273648107,0.31502529088876746,False
2020-21,2021-04-17,Wolves,Sheffield United,1,0,0.43936134940090554,0.3372923406109785,0.2233463099881159,False
2020-21,2021-04-18,Arsenal,Fulham,1,1,0.8130048084026078,0.126533220477617,0.06046197111977547,False
2020-21,2021-04-18,Man United,Burnley,3,1,0.6501040548804703,0.22429306243287225,0.12560288268665756,False
2020-21,2021-04-19,Leeds,Liverpool,1,1,0.05694906975062869,0.14210775098144576,0.8009431792679255,True
2020-21,2021-04-20,Chelsea,Brighton,0,0,0.6871884272180688,0.20081310892695634,0.11199846385497486,False
2020-21,2021-04-21,Aston Villa,Man City,1,2,0.0719053475735508,0.14503687983236793,0.783057772594081,False
2020-21,2021-04-21,Tottenham,Southampton,2,1,0.6536681176152614,0.20747332077378153,0.13885856161095667,False
2020-21,2021-04-22,Leicester,West Brom,3,0,0.6025766896128569,0.24527246705020428,0.15215084333693873,False
2020-21,2021-04-23,Arsenal,Everton,0,1,0.57763146005941,0.23165267801105924,0.19071586192953077,False
2020-21,2021-04-24,Sheffield United,Brighton,1,0,0.49874334638315665,0.31888921515187285,0.18236743846497053,False
2020-21,2021-04-24,West Ham,Chelsea,0,1,0.2904642302176116,0.24831180211141288,0.46122396767097545,False
2020-21,2021-04-24,Liverpool,Newcastle,1,1,0.7799049000336437,0.152041886150392,0.06805321381596433,False
2020-21,2021-04-25,Aston Villa,West Brom,2,2,0.38708816593938694,0.30835916998388685,0.3045526640767261,False
2020-21,2021-04-25,Leeds,Man United,0,0,0.10030776009684875,0.20758227261141365,0.6921099672917375,True
2020-21,2021-04-25,Wolves,Burnley,0,4,0.5322264522847511,0.282568783600706,0.185204764114543,False
2020-21,2021-04-26,Leicester,Crystal Palace,2,1,0.5720428312545118,0.24860483824631419,0.17935233049917415,False
2020-21,2021-04-30,Southampton,Leicester,1,1,0.347840738891403,0.26905465046128985,0.38310461064730716,False
2020-21,2021-05-01,Everton,Aston Villa,1,2,0.5898650786542352,0.2400949174138028,0.17004000393196195,False
2020-21,2021-05-01,Brighton,Leeds,2,0,0.5644198832629459,0.2753460042067125,0.16023411253034148,True
2020-21,2021-05-01,Chelsea,Fulham,2,0,0.8255903871486578,0.11987567716892382,0.05453393568241842,False
2020-21,2021-05-01,Crystal Palace,Man City,0,2,0.11185795357247502,0.19586704228325283,0.6922750041442721,False
2020-21,2021-05-02,Tottenham,Sheffield United,4,0,0.5484848655373806,0.28064072252371175,0.17087441193890754,False
2020-21,2021-05-02,Newcastle,Arsenal,0,2,0.2695100078985392,0.26885794223347914,0.4616320498679817,False
2020-21,2021-05-03,Burnley,West Ham,1,2,0.4214003356166456,0.27836907848362724,0.300230585899727,False
2020-21,2021-05-03,West Brom,Wolves,1,1,0.2628144747844132,0.3242042078650053,0.4129813173505814,False
2020-21,2021-05-07,Leicester,Newcastle,2,4,0.5817678002233414,0.24440875843523868,0.17382344134141992,False
2020-21,2021-05-08,Sheffield United,Crystal Palace,0,2,0.4601083140903016,0.3257112192385001,0.21418046667119817,False
2020-21,2021-05-08,Leeds,Tottenham,3,1,0.10358103862738727,0.2025218125167565,0.6938971488558561,True
2020-21,2021-05-08,Liverpool,Southampton,2,0,0.7728997223112433,0.14965582327581448,0.07744445441294223,False
2020-21,2021-05-08,Man City,Chelsea,1,2,0.705430685399407,0.1760152545100032,0.11855406009058975,False
2020-21,2021-05-09,West Ham,Everton,0,1,0.4177259237794222,0.2675719897271793,0.3147020864933985,False
2020-21,2021-05-09,Wolves,Brighton,2,1,0.5801481291534141,0.26926454244672327,0.15058732839986272,False
2020-21,2021-05-09,Arsenal,West Brom,3,1,0.6571028590855472,0.21675715036310178,0.12613999055135108,False
2020-21,2021-05-09,Aston Villa,Man United,1,3,0.16986951779170428,0.2419344506215486,0.588196031586747,False
2020-21,2021-05-10,Fulham,Burnley,0,2,0.2648090978957877,0.284023959812675,0.4511669422915373,False
2020-21,2021-05-11,Southampton,Crystal Palace,3,1,0.4658095469176682,0.27936395085558885,0.2548265022267431,False
2020-21,2021-05-11,Man United,Leicester,1,2,0.5525707173942281,0.2470324720129028,0.20039681059286912,False
2020-21,2021-05-12,Chelsea,Arsenal,0,1,0.48990284350474267,0.24097110701057736,0.26912604948468016,False
2020-21,2021-05-13,Aston Villa,Everton,0,0,0.30163655229610575,0.28152335749602175,0.4168400902078726,False
2020-21,2021-05-13,Man United,Liverpool,2,4,0.3391373856232517,0.27456889775118654,0.3862937166255618,False
2020-21,2021-05-14,Newcastle,Man City,3,4,0.1074885690812036,0.19087474857789152,0.7016366823409047,False
2020-21,2021-05-15,Brighton,West Ham,1,1,0.3594337566194916,0.2882178681232496,0.3523483752572589,False
2020-21,2021-05-15,Burnley,Leeds,0,4,0.6275261341420688,0.24444617291460966,0.12802769294332167,True
2020-21,2021-05-15,Southampton,Fulham,3,1,0.6657307777524468,0.20403535050699967,0.13023387174055345,False
2020-21,2021-05-16,Crystal Palace,Aston Villa,3,2,0.5125369603183609,0.2740345905142316,0.21342844916740764,False
2020-21,2021-05-16,Everton,Sheffield United,0,1,0.39704444174822445,0.32597613050181334,0.2769794277499623,False
2020-21,2021-05-16,Tottenham,Wolves,2,0,0.520192705635428,0.27132345518132356,0.20848383918324837,False
2020-21,2021-05-16,West Brom,Liverpool,1,2,0.12945835763762306,0.22633838751360347,0.6442032548487735,False
2020-21,2021-05-18,Southampton,Leeds,0,2,0.6730517075016601,0.21271982414671198,0.11422846835162785,True
2020-21,2021-05-18,Man United,Fulham,1,1,0.8293202298312532,0.12237188166556624,0.04830788850318057,False
2020-21,2021-05-18,Chelsea,Leicester,2,1,0.5310791345916164,0.23941673909643973,0.22950412631194395,False
2020-21,2021-05-18,Brighton,Man City,3,2,0.08931582981702987,0.17912042273341883,0.7315637474495511,False
2020-21,2021-05-19,Tottenham,Aston Villa,1,2,0.7505298782663709,0.16565048154728831,0.08381964018634094,False
2020-21,2021-05-19,Newcastle,Sheffield United,1,0,0.33010254517176096,0.3436967860845979,0.326200668743641,False
2020-21,2021-05-19,West Brom,West Ham,1,3,0.36218575996992397,0.2942698300731319,0.34354440995694424,False
2020-21,2021-05-19,Crystal Palace,Arsenal,1,3,0.2763657228588562,0.27148997917340206,0.4521442979677419,False
2020-21,2021-05-19,Burnley,Liverpool,0,3,0.15821505684339332,0.2337593990312881,0.6080255441253188,False
2020-21,2021-05-19,Everton,Wolves,1,0,0.3621175531956968,0.3039420981231796,0.33394034868112366,False
2020-21,2021-05-23,Wolves,Man United,1,2,0.3325737597768874,0.3059016958366142,0.36152454438649817,False
2020-21,2021-05-23,West Ham,Southampton,3,0,0.4576522106020806,0.2571091825219098,0.28523860687600955,False
2020-21,2021-05-23,Sheffield United,Burnley,1,0,0.4537486507301621,0.32692693750165674,0.2193244117681811,False
2020-21,2021-05-23,Man City,Everton,5,0,0.8031143733136318,0.1338830889424201,0.06300253774394815,False
2020-21,2021-05-23,Liverpool,Crystal Palace,2,0,0.7715398169701393,0.15715426596729562,0.07130591706256499,False
2020-21,2021-05-23,Fulham,Newcastle,0,2,0.2782884568360529,0.28589672106299663,0.4358148221009504,False
2020-21,2021-05-23,Leeds,West Brom,3,1,0.26641528053566105,0.3245272740651694,0.40905744539916933,True
2020-21,2021-05-23,Aston Villa,Chelsea,2,1,0.19428142125032705,0.23539379818876982,0.5703247805609033,False
2020-21,2021-05-23,Arsenal,Brighton,2,0,0.6711732611525513,0.20723027337571368,0.12159646547173511,False
2020-21,2021-05-23,Leicester,Tottenham,2,4,0.3605590981275969,0.269118168393738,0.37032273347866507,False
2021-22,2021-08-13,Brentford,Arsenal,2,0,0.11493366484596879,0.2193625619052882,0.6657037732487431,True
2021-22,2021-08-14,Burnley,Brighton,1,2,0.377936497323934,0.31895821566910904,0.30310528700695705,False
2021-22,2021-08-14,Chelsea,Crystal Palace,3,0,0.65763881166415,0.2095164329538226,0.13284475538202745,False
2021-22,2021-08-14,Everton,Southampton,3,1,0.4919827343985539,0.25676610600614724,0.2512511595952988,False
2021-22,2021-08-14,Leicester,Wolves,1,0,0.5172116299328875,0.25973241778437306,0.2230559522827395,False
2021-22,2021-08-14,Man United,Leeds,5,1,0.5451836869378643,0.22957519753799677,0.22524111552413895,False
2021-22,2021-08-14,Norwich,Liverpool,0,3,0.05675206454214354,0.14534977117035006,0.7978981642875065,False
2021-22,2021-08-14,Watford,Aston Villa,3,2,0.33484601704432226,0.2736320631362945,0.3915219198193832,False
2021-22,2021-08-15,Newcastle,West Ham,2,4,0.3401100575250878,0.2622056337423337,0.39768430873257843,False
2021-22,2021-08-15,Tottenham,Man City,1,0,0.2529830332833326,0.23934854446215742,0.50766842225451,False
2021-22,2021-08-21,Liverpool,Burnley,2,0,0.7300061735087648,0.17836258667285104,0.09163123981838407,False
2021-22,2021-08-21,Leeds,Everton,2,2,0.5104845585659495,0.2478078506007895,0.24170759083326102,False
2021-22,2021-08-21,Man City,Norwich,5,0,0.9275431568672144,0.05787855382357759,0.014578289309207987,False
2021-22,2021-08-21,Brighton,Watford,2,0,0.4450081412614233,0.29070937037701433,0.2642824883615622,False
2021-22,2021-08-21,Aston Villa,Newcastle,2,0,0.4659260692143826,0.2671199929665255,0.26695393781909205,False
2021-22,2021-08-21,Crystal Palace,Brentford,0,0,0.5706971603254769,0.2669818446304025,0.16232099504412065,True
2021-22,2021-08-22,Wolves,Tottenham,0,1,0.26693801664640177,0.2775777554784158,0.4554842278751825,False
2021-22,2021-08-22,Arsenal,Chelsea,0,2,0.4018223962437241,0.2673231617945306,0.3308544419617455,False
2021-22,2021-08-22,Southampton,Man United,1,1,0.21111187969384693,0.2305553014161313,0.5583328188900217,False
2021-22,2021-08-23,West Ham,Leicester,4,1,0.3748242162993505,0.24689771274698452,0.378278070953665,False
2021-22,2021-08-28,Aston Villa,Brentford,1,1,0.6403636726740646,0.23403860415060487,0.1255977231753306,True
2021-22,2021-08-28,Brighton,Everton,0,2,0.3359696780075532,0.30759719842373834,0.35643312356870843,False
2021-22,2021-08-28,Liverpool,Chelsea,1,1,0.5266130178247463,0.2438337098259223,0.22955327234933154,False
2021-22,2021-08-28,Man City,Arsenal,5,0,0.6653432029743769,0.1952765733877988,0.13938022363782432,False
2021-22,2021-08-28,Newcastle,Southampton,2,2,0.4247260524108626,0.2626619766802569,0.3126119709088803,False
2021-22,2021-08-28,Norwich,Leicester,1,2,0.11222063932372153,0.20487239091431522,0.6829069697619633,False
2021-22,2021-08-28,West Ham,Crystal Palace,2,2,0.5489355091247538,0.23961311229059637,0.21145137858465,False
2021-22,2021-08-29,Wolves,Man United,0,1,0.2482854628592996,0.2775512356136795,0.47416330152702096,False
2021-22,2021-08-29,Tottenham,Watford,1,0,0.7045652946224181,0.1814813143359353,0.11395339104164642,False
2021-22,2021-08-29,Burnley,Leeds,1,1,0.2684367506093953,0.26618779541327314,0.4653754539773316,False
2021-22,2021-09-11,Arsenal,Norwich,1,0,0.7962040865134268,0.14774314830348986,0.05605276518308325,False
2021-22,2021-09-11,Brentford,Brighton,0,1,0.22341487774345695,0.32053633926780695,0.4560487829887362,True
2021-22,2021-09-11,Chelsea,Aston Villa,3,0,0.5964509839393635,0.22986915644651293,0.1736798596141235,False
2021-22,2021-09-11,Crystal Palace,Tottenham,3,0,0.20707891592450967,0.24161085399667773,0.5513102300788125,False
2021-22,2021-09-11,Leicester,Man City,0,1,0.19841216876491458,0.21649022146913158,0.5850976097659539,False
2021-22,2021-09-11,Man United,Newcastle,4,1,0.6731093659610491,0.19845121482830705,0.12843941921064395,False
2021-22,2021-09-11,Southampton,West Ham,0,0,0.34948951662412847,0.2501658988432086,0.4003445845326628,False
2021-22,2021-09-11,Watford,Wolves,0,2,0.31721366684443375,0.29577602753932075,0.38701030561624544,False
2021-22,2021-09-12,Leeds,Liverpool,0,3,0.2784067392580391,0.2407073967482459,0.48088586399371486,False
2021-22,2021-09-13,Everton,Burnley,3,1,0.48820998115322733,0.28289898570885547,0.22889103313791692,False
2021-22,2021-09-17,Newcastle,Leeds,1,1,0.28926823940775126,0.25330121529583716,0.45743054529641153,False
2021-22,2021-09-18,Aston Villa,Everton,3,0,0.39402890722299955,0.28076124298468114,0.32520984979231926,False
2021-22,2021-09-18,Burnley,Arsenal,0,1,0.23301985793454316,0.2708129244185127,0.496167217646944,False
2021-22,2021-09-18,Liverpool,Crystal Palace,3,0,0.7516425277344267,0.16193858665742458,0.08641888560814903,False
2021-22,2021-09-18,Man City,Southampton,0,0,0.8356650537692858,0.1105362015457974,0.05379874468491676,False
2021-22,2021-09-18,Norwich,Watford,1,3,0.2328986166197342,0.2910918112473696,0.4760095721328963,False
2021-22,2021-09-18,Wolves,Brentford,0,2,0.6175829747478043,0.2585021181105933,0.12391490714160232,True
2021-22,2021-09-19,Tottenham,Chelsea,0,3,0.4377732573288786,0.2589223039517327,0.30330443871938867,False
2021-22,2021-09-19,West Ham,Man United,1,2,0.28438925233212053,0.24775398528630527,0.4678567623815742,False
2021-22,2021-09-19,Brighton,Leicester,2,1,0.27333174854869513,0.2756899370733952,0.4509783143779097,False
2021-22,2021-09-25,Brentford,Liverpool,3,3,0.06776672105018233,0.16210594488641444,0.7701273340634032,True
2021-22,2021-09-25,Chelsea,Man City,0,1,0.24706771526860544,0.24638226682561984,0.5065500179057747,False
2021-22,2021-09-25,Everton,Norwich,2,0,0.6839628846054981,0.21608148182528172,0.09995563356921995,False
2021-22,2021-09-25,Leeds,West Ham,1,2,0.5059963129978491,0.23252151595752618,0.2614821710446247,False
2021-22,2021-09-25,Leicester,Burnley,2,2,0.5965251904898016,0.2327075661857613,0.17076724332443716,False
2021-22,2021-09-25,Man United,Aston Villa,0,1,0.631632363097901,0.2141480954850043,0.15421954141709487,False
2021-22,2021-09-25,Watford,Newcastle,1,1,0.3760184362119443,0.2759603868385316,0.34802117694952406,False
2021-22,2021-09-26,Southampton,Wolves,0,1,0.3680572622253558,0.28556402886540294,0.3463787089092411,False
2021-22,2021-09-26,Arsenal,Tottenham,3,1,0.40056351239226695,0.2593266428080675,0.34010984479966566,False
2021-22,2021-09-27,Crystal Palace,Brighton,1,1,0.3835814775787224,0.30446460444276807,0.31195391797850947,False
2021-22,2021-10-02,Wolves,Newcastle,2,1,0.4562354407985905,0.2887440394413671,0.25502051976004236,False
2021-22,2021-10-02,Man United,Everton,1,1,0.598500618056035,0.23055373839872037,0.17094564354524444,False
2021-22,2021-10-02,Leeds,Watford,1,0,0.6406059573073921,0.20391537935345502,0.15547866333915275,False
2021-22,2021-10-02,Burnley,Norwich,0,0,0.5896906943999687,0.26800757786351964,0.14230172773651173,False
2021-22,2021-10-02,Brighton,Arsenal,0,0,0.24417511554761306,0.28087713910747875,0.47494774534490825,False
2021-22,2021-10-02,Chelsea,Southampton,3,1,0.6509461083145462,0.20287813522591455,0.14617575645953912,False
2021-22,2021-10-03,Crystal Palace,Leicester,2,2,0.25981951293749783,0.2528400788152476,0.48734040824725455,False
2021-22,2021-10-03,Liverpool,Man City,2,2,0.3321119418116705,0.25328267035097785,0.41460538783735174,False
2021-22,2021-10-03,Tottenham,Aston Villa,2,1,0.6134247443197074,0.2183334814632432,0.1682417742170493,False
2021-22,2021-10-03,West Ham,Brentford,1,2,0.7015470563042276,0.19702576326455165,0.10142718043122063,True
2021-22,2021-10-16,Leicester,Man United,4,2,0.34554172039913134,0.2531145205102505,0.4013437590906182,False
2021-22,2021-10-16,Watford,Liverpool,0,5,0.13504695168196135,0.19852548619934324,0.6664275621186955,False
2021-22,2021-10-16,Southampton,Leeds,1,0,0.2959162889421832,0.24168294373912236,0.46240076731869467,False
2021-22,2021-10-16,Norwich,Brighton,0,0,0.20165796940544506,0.31084760270360734,0.48749442789094766,False
2021-22,2021-10-16,Brentford,Chelsea,0,1,0.10426511705414987,0.21235006317684751,0.6833848197690027,True
2021-22,2021-10-16,Aston Villa,Wolves,2,3,0.39777903412836846,0.2955285891705639,0.30669237670106764,False
2021-22,2021-10-16,Man City,Burnley,2,0,0.8148743639458937,0.1304634909611103,0.05466214509299583,False
2021-22,2021-10-17,Everton,West Ham,0,1,0.40583946301086954,0.26644605279839856,0.3277144841907317,False
2021-22,2021-10-17,Newcastle,Tottenham,2,3,0.2256639913845834,0.24485765555310499,0.5294783530623115,False
2021-22,2021-10-18,Arsenal,Crystal Palace,2,2,0.6373279636324765,0.2160667624259592,0.14660527394156445,False
2021-22,2021-10-22,Arsenal,Aston Villa,3,1,0.5744069337843397,0.2350328373676699,0.1905602288479904,False
2021-22,2021-10-23,Southampton,Burnley,2,2,0.4422780327440915,0.2754687735211431,0.28225319373476543,False
2021-22,2021-10-23,Leeds,Wolves,1,1,0.5110319830983445,0.25971105225229885,0.2292569646493567,False
2021-22,2021-10-23,Everton,Watford,2,5,0.5336762495119651,0.25529428383118646,0.21102946665684838,False
2021-22,2021-10-23,Chelsea,Norwich,7,0,0.809653114452478,0.14030241137578514,0.05004447417173676,False
2021-22,2021-10-23,Brighton,Man City,1,4,0.10901220010014392,0.19850322457537642,0.6924845753244797,False
2021-22,2021-10-23,Crystal Palace,Newcastle,1,1,0.3941145874223784,0.28085426706262007,0.32503114551500145,False
2021-22,2021-10-24,Brentford,Leicester,1,2,0.12989293497429005,0.22066186456304684,0.6494452004626632,True
2021-22,2021-10-24,Man United,Liverpool,0,5,0.36912229131622365,0.25975210904639096,0.37112559963738534,False
2021-22,2021-10-24,West Ham,Tottenham,1,0,0.306549633164937,0.24731833807346698,0.446132028761596,False
2021-22,2021-10-30,Tottenham,Man United,0,3,0.41056609294420676,0.2571983651700733,0.33223554188572,False
2021-22,2021-10-30,Watford,Southampton,0,1,0.37856672052734774,0.2632054460274692,0.3582278334451833,False
2021-22,2021-10-30,Newcastle,Chelsea,0,3,0.23037146986659413,0.2554519951472542,0.5141765349861516,False
2021-22,2021-10-30,Man City,Crystal Palace,0,2,0.8349666101201315,0.11508538865598507,0.04994800122388339,False
2021-22,2021-10-30,Liverpool,Brighton,2,2,0.7076993368197637,0.19234690705135135,0.09995375612888488,False
2021-22,2021-10-30,Leicester,Arsenal,0,2,0.40036458279932086,0.2546688092444782,0.34496660795620104,False
2021-22,2021-10-30,Burnley,Brentford,3,1,0.5573717858005366,0.2820538424585759,0.16057437174088762,True
2021-22,2021-10-31,Aston Villa,West Ham,1,4,0.3849557581384898,0.2610831334133362,0.3539611084481739,False
2021-22,2021-10-31,Norwich,Leeds,1,2,0.11568312327818325,0.2060119154602453,0.6783049612615714,False
2021-22,2021-11-01,Wolves,Everton,2,1,0.3885395684917592,0.3034500470141839,0.3080103844940567,False
2021-22,2021-11-05,Southampton,Aston Villa,1,0,0.3897041126333213,0.2634703442050513,0.3468255431616275,False
2021-22,2021-11-06,Crystal Palace,Wolves,2,0,0.3336210462626351,0.303172742925174,0.36320621081219084,False
2021-22,2021-11-06,Chelsea,Burnley,1,1,0.6364919816344887,0.22605419749519387,0.13745382087031732,False
2021-22,2021-11-06,Man United,Man City,0,2,0.272715108380153,0.2477437688287883,0.47954112279105854,False
2021-22,2021-11-06,Brentford,Norwich,1,2,0.4029660727425215,0.3396940425374179,0.2573398847200606,True
2021-22,2021-11-06,Brighton,Newcastle,1,1,0.39973937523167363,0.29941634134520917,0.3008442834231172,False
2021-22,2021-11-07,Everton,Tottenham,0,0,0.2823427673401747,0.2644740430880702,0.453183189571755,False
2021-22,2021-11-07,Leeds,Leicester,1,1,0.43641809014068933,0.24110111600154585,0.32248079385776485,False
2021-22,2021-11-07,Arsenal,Watford,1,0,0.6668498960443578,0.20072667344850312,0.13242343050713917,False
2021-22,2021-11-07,West Ham,Liverpool,3,2,0.22977872519986103,0.23176031730093077,0.5384609574992083,False
2021-22,2021-11-20,Norwich,Southampton,2,1,0.19829032724690632,0.2653594344250473,0.5363502383280467,False
2021-22,2021-11-20,Wolves,West Ham,1,0,0.38230039830226636,0.2823270654644404,0.3353725362332933,False
2021-22,2021-11-20,Newcastle,Brentford,3,3,0.5975900993684536,0.2537915150376497,0.14861838559389676,True
2021-22,2021-11-20,Watford,Man United,4,1,0.17484483976601073,0.22509563970225893,0.6000595205317305,False
2021-22,2021-11-20,Leicester,Chelsea,0,3,0.3728848273058151,0.2581991905303812,0.36891598216380384,False
2021-22,2021-11-20,Burnley,Crystal Palace,3,3,0.40942403239029856,0.29580805270398475,0.2947679149057167,False
2021-22,2021-11-20,Liverpool,Arsenal,4,0,0.5564116715791289,0.23381194659315588,0.20977638182771513,False
2021-22,2021-11-20,Aston Villa,Brighton,2,0,0.45083715709838307,0.2902333539681794,0.2589294889334374,False
2021-22,2021-11-21,Man City,Everton,3,0,0.7602493704627544,0.1571335081821375,0.08261712135510793,False
2021-22,2021-11-21,Tottenham,Leeds,2,1,0.5238836520965944,0.2316218912274746,0.24449445667593092,False
2021-22,2021-11-27,Arsenal,Newcastle,2,0,0.6175226494294479,0.22151112484141575,0.16096622572913608,False
2021-22,2021-11-27,Brighton,Leeds,0,0,0.28049855891944964,0.2749165604719331,0.44458488060861734,False
2021-22,2021-11-27,Crystal Palace,Aston Villa,1,2,0.35309818239353263,0.28021329186496624,0.36668852574150107,False
2021-22,2021-11-27,Liverpool,Southampton,4,0,0.7488672624789897,0.15675338747608403,0.09437935004492613,False
2021-22,2021-11-27,Norwich,Wolves,0,0,0.1678201085617979,0.29027411559700583,0.5419057758411963,False
2021-22,2021-11-28,Man City,West Ham,2,1,0.7701395583503121,0.1443926436818115,0.0854677979678762,False
2021-22,2021-11-28,Leicester,Watford,4,2,0.6464611710095387,0.20284824110795846,0.15069058788250278,False
2021-22,2021-11-28,Brentford,Everton,1,0,0.1796233691751597,0.27904182311439696,0.5413348077104434,True
2021-22,2021-11-28,Chelsea,Man United,1,1,0.3988509706034046,0.2659327800152919,0.3352162493813038,False
2021-22,2021-11-30,Leeds,Crystal Palace,1,0,0.6103448351039278,0.21821210357626145,0.17144306131981057,False
2021-22,2021-11-30,Newcastle,Norwich,1,1,0.6307862828257393,0.23890007249000533,0.13031364468425533,False
2021-22,2021-12-01,Wolves,Burnley,0,0,0.4595072450052843,0.30362257962313227,0.23687017537158367,False
2021-22,2021-12-01,Aston Villa,Man City,1,2,0.12850697543536,0.19205843177848525,0.6794345927861546,False
2021-22,2021-12-01,Everton,Liverpool,1,4,0.21314426199667186,0.24695938860800218,0.539896349395326,False
2021-22,2021-12-01,Southampton,Leicester,2,2,0.287906450861414,0.24222748099848154,0.46986606814010445,False
2021-22,2021-12-01,Watford,Chelsea,1,2,0.1955218895085014,0.23976234159025145,0.5647157689012471,False
2021-22,2021-12-01,West Ham,Brighton,1,1,0.5090205767168612,0.2648752003760614,0.22610422290707752,False
2021-22,2021-12-02,Tottenham,Brentford,2,0,0.8003440127231174,0.14376095090117685,0.05589503637570576,True
2021-22,2021-12-02,Man United,Arsenal,3,2,0.4873736069843826,0.25206809389953677,0.26055829911608075,False
2021-22,2021-12-04,Newcastle,Burnley,1,0,0.4274366963538799,0.29005888280461034,0.28250442084150995,False
2021-22,2021-12-04,Southampton,Brighton,1,1,0.42223543469289593,0.28379907169650204,0.29396549361060204,False
2021-22,2021-12-04,Watford,Man City,1,3,0.08346483875813024,0.15226571017026788,0.7642694510716018,False
2021-22,2021-12-04,West Ham,Chelsea,3,2,0.3104377173145039,0.25622272693641096,0.4333395557490851,False
2021-22,2021-12-04,Wolves,Liverpool,0,1,0.20266831042879824,0.25893584721987606,0.5383958423513258,False
2021-22,2021-12-05,Aston Villa,Leicester,2,1,0.3231990790340042,0.25779996969641356,0.41900095126958237,False
2021-22,2021-12-05,Leeds,Brentford,2,2,0.7533651956579581,0.1684085775480278,0.07822622679401402,True
2021-22,2021-12-05,Man United,Crystal Palace,1,0,0.6915961242400459,0.19210358490831053,0.11630029085164355,False
2021-22,2021-12-05,Tottenham,Norwich,3,0,0.8262334493196346,0.12745764444713956,0.046308906233225935,False
2021-22,2021-12-06,Everton,Arsenal,2,1,0.30852649792602704,0.2741493332837892,0.41732416879018386,False
2021-22,2021-12-10,Brentford,Watford,2,1,0.25828214929701254,0.2990742843751313,0.44264356632785623,True
2021-22,2021-12-11,Arsenal,Southampton,3,0,0.6291421554206487,0.20923766837725163,0.16162017620209956,False
2021-22,2021-12-11,Chelsea,Leeds,3,2,0.5089183305202726,0.24140191480866258,0.24967975467106485,False
2021-22,2021-12-11,Liverpool,Aston Villa,1,0,0.6964191183669506,0.18602455142966,0.11755633020338944,False
2021-22,2021-12-11,Man City,Wolves,1,0,0.7514531989895914,0.1675859038111252,0.08096089719928343,False
2021-22,2021-12-11,Norwich,Man United,0,1,0.0776113096625185,0.17666208416393558,0.745726606173546,False
2021-22,2021-12-12,Burnley,West Ham,0,0,0.31522348603263717,0.27697134753337566,0.4078051664339869,False
2021-22,2021-12-12,Crystal Palace,Everton,3,1,0.32775377348720763,0.28645123556721086,0.38579499094558145,False
2021-22,2021-12-12,Leicester,Newcastle,4,0,0.5951664316860761,0.22230770573846387,0.18252586257546,False
2021-22,2021-12-14,Man City,Leeds,7,0,0.7239199116971832,0.16455264101893982,0.11152744728387703,False
2021-22,2021-12-14,Norwich,Aston Villa,0,2,0.17318952020481174,0.2660914057911373,0.5607190740040511,False
2021-22,2021-12-15,Brighton,Wolves,0,1,0.33971750963116454,0.3249595899655136,0.3353229004033218,False
2021-22,2021-12-15,Crystal Palace,Southampton,2,2,0.3977969336240129,0.267968232871164,0.3342348335048232,False
2021-22,2021-12-15,Arsenal,West Ham,2,0,0.5409830737398142,0.23434527771025182,0.2246716485499339,False
2021-22,2021-12-16,Chelsea,Everton,1,1,0.5636531322963274,0.24548701098953496,0.19085985671413774,False
2021-22,2021-12-16,Liverpool,Newcastle,3,1,0.7350317151937065,0.16882659150310628,0.09614169330318734,False
2021-22,2021-12-18,Leeds,Arsenal,1,4,0.3929610411388713,0.253212578744742,0.3538263801163867,False
2021-22,2021-12-19,Newcastle,Man City,0,4,0.10550494053698145,0.17519616739318883,0.7192988920698298,False
2021-22,2021-12-19,Tottenham,Liverpool,2,2,0.3480068296671591,0.25552087031877657,0.3964723000140643,False
2021-22,2021-12-19,Wolves,Chelsea,0,0,0.27004255925649556,0.2880120490825946,0.44194539166090985,False
2021-22,2021-12-26,West Ham,Southampton,2,3,0.5347228342392039,0.23107133768618682,0.23420582807460943,False
2021-22,2021-12-26,Tottenham,Crystal Palace,3,0,0.6753517404654561,0.1972193851165878,0.12742887441795606,False
2021-22,2021-12-26,Norwich,Arsenal,0,5,0.09915601794160538,0.2029967332761891,0.6978472487822055,False
2021-22,2021-12-26,Brighton,Brentford,2,0,0.5633371369093044,0.28427253288589727,0.15239033020479825,True
2021-22,2021-12-26,Aston Villa,Chelsea,1,3,0.2664482972406347,0.2632857866954886,0.47026591606387685,False
2021-22,2021-12-26,Man City,Leicester,6,3,0.7135178576010188,0.16994603779229006,0.11653610460669103,False
2021-22,2021-12-27,Newcastle,Man United,1,1,0.20829712523475968,0.24262169912893294,0.5490811756363077,False
2021-22,2021-12-28,Crystal Palace,Norwich,3,0,0.6039439553331512,0.25287733156333214,0.1431787131035167,False
2021-22,2021-12-28,Leicester,Liverpool,1,0,0.2856504321004505,0.24389563390488508,0.4704539339946644,False
2021-22,2021-12-28,Southampton,Tottenham,1,1,0.22923980520929532,0.2329984613652804,0.5377617334254245,False
2021-22,2021-12-28,Watford,West Ham,1,4,0.2966381121302242,0.255536050246046,0.44782583762372985,False
2021-22,2021-12-29,Brentford,Man City,0,1,0.039421803274918885,0.11481931975144655,0.8457588769736345,True
2021-22,2021-12-29,Chelsea,Brighton,1,1,0.6136453927986062,0.23931632767998395,0.14703827952140974,False
2021-22,2021-12-30,Man United,Burnley,3,1,0.6701159434760184,0.20858506084849981,0.1212989956754817,False
2021-22,2022-01-01,Watford,Tottenham,0,1,0.19025967756896783,0.2286163962258981,0.581123926205134,False
2021-22,2022-01-01,Crystal Palace,West Ham,2,3,0.31583277035371815,0.2637366265325863,0.4204306031136954,False
2021-22,2022-01-01,Arsenal,Man City,1,2,0.22644737763853956,0.2371534002852303,0.5363992220762301,False
2021-22,2022-01-02,Leeds,Burnley,3,1,0.5907679236534542,0.2333951445785184,0.17583693176802767,False
2021-22,2022-01-02,Everton,Brighton,2,3,0.4673860300614905,0.2932420498605976,0.23937192007791197,False
2021-22,2022-01-02,Brentford,Aston Villa,2,1,0.19490261562450417,0.2782893968290768,0.5268079875464191,True
2021-22,2022-01-02,Chelsea,Liverpool,2,2,0.3385061793558395,0.2634467950434372,0.39804702560072347,False
2021-22,2022-01-03,Man United,Wolves,0,1,0.5943683847411392,0.24217384889322546,0.16345776636563547,False
2021-22,2022-01-11,Southampton,Brentford,4,1,0.6193439731416204,0.23607530106442048,0.14458072579395898,True
2021-22,2022-01-12,West Ham,Norwich,2,0,0.7330758784601548,0.18038062957147996,0.08654349196836567,False
2021-22,2022-01-14,Brighton,Crystal Palace,1,1,0.41931062867848456,0.3005386948412722,0.2801506764802432,False
2021-22,2022-01-15,Norwich,Everton,2,1,0.15936614359883203,0.266000997114989,0.5746328592861794,False
2021-22,2022-01-15,Aston Villa,Man United,2,2,0.24292928448260925,0.2524601261788293,0.5046105893385614,False
2021-22,2022-01-15,Man City,Chelsea,1,0,0.6360187506425964,0.20827920961304347,0.15570203974436,False
2021-22,2022-01-15,Newcastle,Watford,1,1,0.468853326033309,0.266054848259351,0.26509182570734,False
2021-22,2022-01-15,Wolves,Southampton,3,1,0.46364355143199293,0.2752823022231903,0.2610741463448166,False
2021-22,2022-01-16,Liverpool,Brentford,3,0,0.8554605344073782,0.1089963994432003,0.035543066149421265,True
2021-22,2022-01-16,West Ham,Leeds,2,3,0.38429992043355155,0.2451212263966194,0.3705788531698292,False
2021-22,2022-01-18,Brighton,Chelsea,1,1,0.22533814909535682,0.27859393943232175,0.4960679114723212,False
2021-22,2022-01-19,Brentford,Man United,1,3,0.0911264954237868,0.19356418105490164,0.7153093235213117,True
2021-22,2022-01-19,Leicester,Tottenham,2,3,0.37036682904688467,0.25015101268764656,0.3794821582654686,False
2021-22,2022-01-21,Watford,Norwich,0,3,0.5911649435282,0.25410566224463843,0.15472939422716153,False
2021-22,2022-01-22,Man United,West Ham,1,0,0.6010452949906175,0.2160498979264156,0.18290480708296697,False
2021-22,2022-01-22,Leeds,Newcastle,0,1,0.5889029075308425,0.22301773647291084,0.18807935599624662,False
2021-22,2022-01-22,Southampton,Man City,1,1,0.10396749790982182,0.16321028572442026,0.7328222163657581,False
2021-22,2022-01-22,Brentford,Wolves,1,2,0.1876625421225761,0.30250745976155663,0.5098299981158674,True
2021-22,2022-01-22,Everton,Aston Villa,0,1,0.4418225520117388,0.27562070117464316,0.2825567468136181,False
2021-22,2022-01-23,Crystal Palace,Liverpool,1,3,0.14959165901535043,0.21368992048623334,0.6367184204984163,False
2021-22,2022-01-23,Leicester,Brighton,1,1,0.5735867993896997,0.24470847422825562,0.18170472638204477,False
2021-22,2022-01-23,Arsenal,Burnley,0,0,0.6166836356353659,0.23224919338152708,0.15106717098310696,False
2021-22,2022-01-23,Chelsea,Tottenham,2,0,0.42461775966946724,0.26031550063530745,0.31506673969522514,False
2021-22,2022-02-05,Burnley,Watford,0,0,0.4350338539640004,0.2866581940057636,0.27830795203023606,False
2021-22,2022-02-08,Burnley,Man United,1,1,0.19432312770069893,0.2541633427198835,0.5515135295794177,False
2021-22,2022-02-08,Newcastle,Everton,3,1,0.351298791052165,0.28368585575912225,0.3650153531887128,False
2021-22,2022-02-08,West Ham,Watford,1,0,0.5789015858246899,0.2268339374596982,0.1942644767156121,False
2021-22,2022-02-09,Aston Villa,Leeds,3,3,0.3316242416475179,0.2566033777849898,0.4117723805674921,False
2021-22,2022-02-09,Man City,Brentford,2,0,0.9119997421023349,0.06934562255521338,0.018654635342451875,True
2021-22,2022-02-09,Norwich,Crystal Palace,1,1,0.21664877728000054,0.29261013818866327,0.4907410845313361,False
2021-22,2022-02-09,Tottenham,Southampton,2,3,0.6684440785546459,0.19127845179161565,0.14027746965373844,False
2021-22,2022-02-10,Liverpool,Leicester,2,0,0.6052213235633407,0.21204074417673885,0.18273793225992052,False
2021-22,2022-02-10,Wolves,Arsenal,0,1,0.29122488789356793,0.2881924438784122,0.42058266822802004,False
2021-22,2022-02-12,Watford,Brighton,0,2,0.36734901468826753,0.2991762100027053,0.3334747753090272,False
2021-22,2022-02-12,Norwich,Man City,0,4,0.03204303853236273,0.09979519328038565,0.8681617681872517,False
2021-22,2022-02-12,Brentford,Crystal Palace,0,0,0.24067889613744214,0.3016368029143631,0.4576843009481948,True
2021-22,2022-02-12,Everton,Leeds,3,0,0.35291672020925174,0.26432392891106493,0.3827593508796836,False
2021-22,2022-02-12,Man United,Southampton,1,1,0.6860682649530621,0.18618100016619207,0.12775073488074581,False
2021-22,2022-02-13,Burnley,Liverpool,0,1,0.15415411882346491,0.22961031686917432,0.6162355643073611,False
2021-22,2022-02-13,Leicester,West Ham,2,2,0.5133484912229163,0.2325632396283142,0.25408826914876975,False
2021-22,2022-02-13,Newcastle,Aston Villa,1,0,0.3779500631772792,0.2765160230937681,0.3455339137289527,False
2021-22,2022-02-13,Tottenham,Wolves,0,2,0.5770987753182666,0.24559075049855308,0.17731047418318013,False
2021-22,2022-02-15,Man United,Brighton,2,0,0.6472293328220655,0.2221523529562848,0.1306183142216498,False
2021-22,2022-02-19,Man City,Tottenham,2,3,0.6402613713899722,0.20165457780964288,0.15808405080038487,False
2021-22,2022-02-19,West Ham,Newcastle,1,1,0.5267597496642489,0.24276149517218562,0.23047875516356553,False
2021-22,2022-02-19,Southampton,Everton,2,0,0.3619287982229329,0.2705213867542668,0.3675498150228001,False
2021-22,2022-02-19,Liverpool,Norwich,3,1,0.8768924041424456,0.09432894779987216,0.02877864805768205,False
2021-22,2022-02-19,Aston Villa,Watford,0,1,0.5158576486380677,0.2545667187584412,0.22957563260349118,False
2021-22,2022-02-19,Brighton,Burnley,0,3,0.40523484829190015,0.31591896279175413,0.2788461889163457,False
2021-22,2022-02-19,Arsenal,Brentford,2,1,0.7685955117818645,0.16458114166736215,0.0668233465507734,True
2021-22,2022-02-19,Crystal Palace,Chelsea,0,1,0.21192143670137123,0.2526261011210458,0.5354524621775829,False
2021-22,2022-02-20,Leeds,Man United,2,4,0.3381304602668509,0.25085488969928815,0.4110146500338609,False
2021-22,2022-02-20,Wolves,Leicester,2,1,0.3246783137591086,0.2800917388204362,0.39522994742045536,False
2021-22,2022-02-23,Burnley,Tottenham,1,0,0.21019839660021356,0.2565228584779574,0.5332787449218288,False
2021-22,2022-02-23,Liverpool,Leeds,6,0,0.6161622264022658,0.2073047015744102,0.1765330720233239,False
2021-22,2022-02-23,Watford,Crystal Palace,1,4,0.3974959814067749,0.2783069729581129,0.3241970456351121,False
2021-22,2022-02-24,Arsenal,Wolves,2,1,0.5396824839823577,0.2619805940481365,0.19833692196950584,False
2021-22,2022-02-25,Southampton,Norwich,2,0,0.6532123174884241,0.2209188062546753,0.12586887625690046,False
2021-22,2022-02-26,Man United,Watford,0,0,0.7203204943250154,0.1760452340490035,0.10363427162598118,False
2021-22,2022-02-26,Leeds,Tottenham,0,4,0.36279008243567645,0.24826055148285828,0.38894936608146524,False
2021-22,2022-02-26,Everton,Man City,0,1,0.1442867245061827,0.20933280623365239,0.646380469260165,False
2021-22,2022-02-26,Brentford,Newcastle,0,2,0.22425551126277748,0.29222329600561947,0.48352119273160316,True
2021-22,2022-02-26,Brighton,Aston Villa,0,2,0.3609636151502413,0.300028282505875,0.3390081023438838,False
2021-22,2022-02-26,Crystal Palace,Burnley,1,1,0.4021080404010262,0.2966077979353386,0.30128416166363525,False
2021-22,2022-02-27,West Ham,Wolves,1,0,0.4526447484697168,0.2747642117534842,0.27259103977679905,False
2021-22,2022-03-01,Burnley,Leicester,0,2,0.2614098890228732,0.26670770381614944,0.4718824071609774,False
2021-22,2022-03-05,Newcastle,Brighton,2,1,0.40808163115268276,0.2985022340686571,0.2934161347786601,False
2021-22,2022-03-05,Wolves,Crystal Palace,0,2,0.47596926762228847,0.2877037500684242,0.2363269823092874,False
2021-22,2022-03-05,Liverpool,West Ham,1,0,0.6696160554640831,0.19004420396551616,0.1403397405704006,False
2021-22,2022-03-05,Norwich,Brentford,1,3,0.34696744204264096,0.3460658533894111,0.30696670456794806,True
2021-22,2022-03-05,Burnley,Chelsea,0,4,0.2144939242576851,0.2678496362061965,0.5176564395361185,False
2021-22,2022-03-05,Aston Villa,Southampton,4,0,0.4723233529473486,0.2547414151968923,0.27293523185575896,False
2021-22,2022-03-05,Leicester,Leeds,1,0,0.45443129415368366,0.23922571300927667,0.3063429928370397,False
2021-22,2022-03-06,Man City,Man United,4,1,0.6116445161842887,0.21400753453116111,0.17434794928455016,False
2021-22,2022-03-06,Watford,Arsenal,2,3,0.21384143919040025,0.2440344030016105,0.5421241578079894,False
2021-22,2022-03-07,Tottenham,Everton,5,0,0.5801332468363971,0.23404843453337904,0.18581831863022374,False
2021-22,2022-03-10,Leeds,Aston Villa,0,3,0.5433822779312465,0.2347450570139328,0.2218726650548209,False
2021-22,2022-03-10,Norwich,Chelsea,1,3,0.08962997999462027,0.1956454685195511,0.7147245514858285,False
2021-22,2022-03-10,Southampton,Newcastle,1,2,0.4340286633849695,0.261674603620451,0.3042967329945797,False
2021-22,2022-03-10,Wolves,Watford,4,0,0.5032596770474744,0.27580748657247295,0.22093283638005257,False
2021-22,2022-03-12,Brighton,Liverpool,0,2,0.16445323511597726,0.2422360592582244,0.5933107056257984,False
2021-22,2022-03-12,Man United,Tottenham,3,2,0.45860877214372386,0.252135531383208,0.28925569647306826,False
2021-22,2022-03-12,Brentford,Burnley,2,0,0.23512548340782793,0.3164321531890421,0.44844236340312993,True
2021-22,2022-03-13,Arsenal,Leicester,2,0,0.47388944451502524,0.24695367621290357,0.2791568792720711,False
2021-22,2022-03-13,Chelsea,Newcastle,1,0,0.6385660732462815,0.21534675270441156,0.1460871740493069,False
2021-22,2022-03-13,Everton,Wolves,0,1,0.4151200383248004,0.3005302703590008,0.28434969131619897,False
2021-22,2022-03-13,Leeds,Norwich,2,1,0.7826140619719693,0.15167049621440143,0.0657154418136293,False
2021-22,2022-03-13,Southampton,Watford,1,2,0.4848734127776896,0.2520031516437093,0.2631234355786013,False
2021-22,2022-03-13,West Ham,Aston Villa,2,1,0.48110234935794527,0.2509594755684325,0.2679381750736224,False
2021-22,2022-03-14,Crystal Palace,Man City,0,0,0.09496071139311195,0.16838514324498505,0.7366541453619031,False
2021-22,2022-03-16,Arsenal,Liverpool,0,2,0.31560047928501483,0.2585807595488652,0.4258187611661198,False
2021-22,2022-03-16,Brighton,Tottenham,0,2,0.22146494226349867,0.2673020719011662,0.511232985835335,False
2021-22,2022-03-17,Everton,Newcastle,1,0,0.48439737741861066,0.2694509160297569,0.2461517065516323,False
2021-22,2022-03-18,Wolves,Leeds,2,3,0.3327652219379247,0.27857726120708554,0.38865751685498956,False
2021-22,2022-03-19,Aston Villa,Arsenal,0,1,0.2886634701263343,0.2643027736200685,0.44703375625359726,False
2021-22,2022-03-20,Tottenham,West Ham,3,1,0.5810206952170647,0.21957253769792498,0.19940676708501023,False
2021-22,2022-03-20,Leicester,Brentford,2,1,0.757131696559155,0.16709097782498344,0.07577732561586148,True
2021-22,2022-04-02,Brighton,Norwich,0,0,0.5951669926311867,0.2698080400421251,0.135024967326688,False
2021-22,2022-04-02,Burnley,Man City,0,2,0.10024700259545932,0.1846866082370436,0.7150663891674971,False
2021-22,2022-04-02,Chelsea,Brentford,1,4,0.7830864967353186,0.15701385173869908,0.059899651525982506,True
2021-22,2022-04-02,Leeds,Southampton,1,1,0.5989010545184277,0.21141878164582484,0.18968016383574754,False
2021-22,2022-04-02,Liverpool,Watford,2,0,0.7786062432482078,0.145758713357839,0.07563504339395312,False
2021-22,2022-04-02,Man United,Leicester,1,1,0.5344112273909094,0.2336049707963896,0.23198380181270106,False
2021-22,2022-04-02,Wolves,Aston Villa,2,1,0.41597314628722437,0.2935427313648531,0.29048412234792265,False
2021-22,2022-04-03,Tottenham,Newcastle,5,1,0.6560888236309448,0.20333393501461117,0.14057724135444422,False
2021-22,2022-04-03,West Ham,Everton,2,1,0.4498483495490327,0.26176957515246296,0.28838207529850446,False
2021-22,2022-04-04,Crystal Palace,Arsenal,3,0,0.23093736090415298,0.25604164191094836,0.5130209971848989,False
2021-22,2022-04-06,Burnley,Everton,3,2,0.3254977190934729,0.30049361992908236,0.3740086609774449,False
2021-22,2022-04-08,Newcastle,Wolves,1,0,0.35659281911300705,0.2995892776300523,0.3438179032569407,False
2021-22,2022-04-09,Watford,Leeds,0,3,0.248229224209707,0.24215062723451328,0.5096201485557798,False
2021-22,2022-04-09,Southampton,Chelsea,0,6,0.23441121532253772,0.2431869872842479,0.5224017973932145,False
2021-22,2022-04-09,Arsenal,Brighton,1,2,0.5938433802607446,0.24505245116420007,0.16110416857505544,False
2021-22,2022-04-09,Aston Villa,Tottenham,0,4,0.26229639791211157,0.2533559664696093,0.48434763561827915,False
2021-22,2022-04-09,Everton,Man United,1,0,0.26231708398127507,0.2645841064680903,0.47309880955063477,False
2021-22,2022-04-10,Norwich,Burnley,2,0,0.21233557339185943,0.30739452281882784,0.4802699037893127,False
2021-22,2022-04-10,Brentford,West Ham,2,0,0.16572937217835712,0.24665591249066,0.5876147153309831,True
2021-22,2022-04-10,Leicester,Crystal Palace,2,1,0.6163186223616827,0.21735298839360637,0.16632838924471086,False
2021-22,2022-04-10,Man City,Liverpool,2,2,0.5476746603449849,0.23111303267290498,0.22121230698211014,False
2021-22,2022-04-16,Tottenham,Brighton,0,1,0.6311941730468795,0.22658463858125188,0.1422211883718685,False
2021-22,2022-04-16,Watford,Brentford,1,2,0.5573251552928076,0.2675305546776591,0.1751442900295334,True
2021-22,2022-04-16,Man United,Norwich,3,2,0.8358542500651643,0.12228839454955795,0.04185735538527767,False
2021-22,2022-04-16,Southampton,Arsenal,1,0,0.2556067925417118,0.24598998861616297,0.49840321884212513,False
2021-22,2022-04-17,West Ham,Burnley,1,1,0.5311108585371218,0.25429249709889473,0.21459664436398346,False
2021-22,2022-04-17,Newcastle,Leicester,2,1,0.28160366083472976,0.2539099583411016,0.4644863808241688,False
2021-22,2022-04-19,Liverpool,Man United,4,0,0.5001277096132348,0.2460278804128958,0.25384440997386926,False
2021-22,2022-04-20,Chelsea,Arsenal,2,4,0.45305303295473676,0.26187801946384737,0.285068947581416,False
2021-22,2022-04-20,Everton,Leicester,1,1,0.3442777111725899,0.2659236714243872,0.3897986174030229,False
2021-22,2022-04-20,Man City,Brighton,3,0,0.7949117774901555,0.14402061962808893,0.0610676028817556,False
2021-22,2022-04-20,Newcastle,Crystal Palace,1,0,0.44158909069740304,0.27574752231045246,0.2826633869921446,False
2021-22,2022-04-21,Burnley,Southampton,2,0,0.39371578280796604,0.28069137659063403,0.3255928406013998,False
2021-22,2022-04-23,Norwich,Newcastle,0,3,0.20087330874856058,0.2819873085254977,0.5171393827259417,False
2021-22,2022-04-23,Leicester,Aston Villa,0,0,0.5500463227116545,0.23442228284157265,0.21553139444677266,False
2021-22,2022-04-23,Man City,Watford,5,1,0.8574824518648585,0.10021781803625766,0.04229973009888368,False
2021-22,2022-04-23,Arsenal,Man United,3,1,0.3753330575193938,0.26387411202057937,0.36079283046002675,False
2021-22,2022-04-23,Brentford,Tottenham,0,0,0.09965065767436986,0.1987813559230554,0.7015679864025746,True
2021-22,2022-04-24,Brighton,Southampton,2,2,0.4048821803484497,0.285677155772164,0.3094406638793862,False
2021-22,2022-04-24,Burnley,Wolves,1,0,0.3302269695049308,0.3178760152491868,0.35189701524588235,False
2021-22,2022-04-24,Chelsea,West Ham,1,0,0.5647507214618621,0.23019129152746862,0.20505798701066924,False
2021-22,2022-04-24,Liverpool,Everton,2,0,0.6637371297813728,0.20371157918813151,0.1325512910304958,False
2021-22,2022-04-25,Crystal Palace,Leeds,0,0,0.26701050921670877,0.2525023848419591,0.48048710594133215,False
2021-22,2022-04-28,Man United,Chelsea,1,1,0.4584776374997622,0.25960699786241315,0.28191536463782463,False
2021-22,2022-04-30,Watford,Burnley,1,2,0.38544353012868504,0.2920436015366209,0.32251286833469406,False
2021-22,2022-04-30,Southampton,Crystal Palace,1,2,0.45659834062257065,0.26171857605936666,0.28168308331806274,False
2021-22,2022-04-30,Wolves,Brighton,0,3,0.439603902474043,0.3138441810527648,0.2465519164731922,False
2021-22,2022-04-30,Leeds,Man City,0,4,0.19192825352772958,0.21197931875501244,0.5960924277172581,False
2021-22,2022-04-30,Aston Villa,Norwich,2,0,0.6728479953628288,0.21805531430610253,0.10909669033106856,False
2021-22,2022-04-30,Newcastle,Liverpool,0,1,0.16434055546350063,0.21911072853157396,0.6165487160049254,False
2021-22,2022-05-01,Everton,Chelsea,1,0,0.2858003551343933,0.2742603293668326,0.4399393154987742,False
2021-22,2022-05-01,Tottenham,Leicester,3,1,0.5131347782592086,0.23534290285056253,0.25152231889022886,False
2021-22,2022-05-01,West Ham,Arsenal,1,2,0.3355235700769549,0.2555565848227135,0.40891984510033175,False
2021-22,2022-05-02,Man United,Brentford,3,0,0.810917086564846,0.1384143768062671,0.0506685366288869,True
2021-22,2022-05-07,Crystal Palace,Watford,1,0,0.4415346530260147,0.2735790757696053,0.2848862712043799,False
2021-22,2022-05-07,Chelsea,Wolves,2,2,0.5604595404099032,0.2576354273666161,0.1819050322234807,False
2021-22,2022-05-07,Liverpool,Tottenham,1,1,0.5283801309461573,0.23682380199074515,0.23479606706309758,False
2021-22,2022-05-07,Brighton,Man United,4,0,0.20519325025849341,0.2655372638350233,0.5292694859064833,False
2021-22,2022-05-07,Brentford,Southampton,3,0,0.2225418921571772,0.27601005948179674,0.501448048361026,True
2021-22,2022-05-07,Burnley,Aston Villa,1,3,0.3501956038311477,0.2937275263774728,0.35607686979137976,False
2021-22,2022-05-08,Arsenal,Leeds,2,1,0.4842619839104415,0.24366038949839386,0.27207762659116463,False
2021-22,2022-05-08,Leicester,Everton,1,2,0.5171355869054599,0.24781886686171992,0.23504554623282026,False
2021-22,2022-05-08,Man City,Newcastle,5,0,0.8219907069127943,0.12175906284574392,0.0562502302414618,False
2021-22,2022-05-08,Norwich,West Ham,0,4,0.14516662485705176,0.23254917709201442,0.6222841980509339,False
2021-22,2022-05-10,Aston Villa,Liverpool,1,2,0.19472292550927958,0.23246440911667493,0.5728126653740455,False
2021-22,2022-05-11,Leeds,Chelsea,0,3,0.3655797490055607,0.25634983973946346,0.3780704112549758,False
2021-22,2022-05-11,Leicester,Norwich,3,0,0.7860446592672233,0.15033863024034844,0.06361671049242827,False
2021-22,2022-05-11,Watford,Everton,0,0,0.31016642865338895,0.27878094063581205,0.4110526307107991,False
2021-22,2022-05-11,Wolves,Man City,1,5,0.13869908804590955,0.22036870479454923,0.640932207159541,False
2021-22,2022-05-12,Tottenham,Arsenal,3,0,0.46656115993425085,0.25236865519736396,0.28107018486838514,False
2021-22,2022-05-15,Watford,Leicester,1,5,0.24132238070017714,0.24216395247290048,0.5165136668269221,False
2021-22,2022-05-15,Wolves,Norwich,1,1,0.6489416198791074,0.24245624274088004,0.10860213738001273,False
2021-22,2022-05-15,Tottenham,Burnley,1,0,0.6542051235810507,0.2133784858308142,0.13241639058813542,False
2021-22,2022-05-15,West Ham,Man City,2,2,0.15331771365413188,0.19569994091845253,0.6509823454274157,False
2021-22,2022-05-15,Everton,Brentford,2,3,0.6522877538492061,0.23249005553375707,0.11522219061703688,True
2021-22,2022-05-15,Aston Villa,Crystal Palace,1,1,0.48742552748171863,0.2658925837914107,0.24668188872687058,False
2021-22,2022-05-15,Leeds,Brighton,1,1,0.5678321044950154,0.24520421944780094,0.18696367605718367,False
2021-22,2022-05-16,Newcastle,Arsenal,2,0,0.2506139702851197,0.2581131153887705,0.49127291432611003,False
2021-22,2022-05-17,Southampton,Liverpool,1,2,0.16504959522206888,0.20705838559551673,0.6278920191824146,False
2021-22,2022-05-19,Aston Villa,Burnley,1,1,0.47139574350918345,0.28063295376639047,0.2479713027244263,False
2021-22,2022-05-19,Chelsea,Leicester,1,1,0.49842809626685586,0.24505639747806043,0.25651550625508357,False
2021-22,2022-05-19,Everton,Crystal Palace,3,2,0.5052143226587724,0.26753702831645854,0.22724864902476904,False
2021-22,2022-05-22,Norwich,Tottenham,0,5,0.08510091262755153,0.18206156403075596,0.7328375233416926,False
2021-22,2022-05-22,Man City,Aston Villa,3,2,0.7899905811569012,0.1390157623502607,0.07099365649283795,False
2021-22,2022-05-22,Liverpool,Wolves,3,1,0.6574546575481829,0.2148037623955296,0.12774158005628744,False
2021-22,2022-05-22,Crystal Palace,Man United,1,0,0.19089440281198203,0.23879735859284487,0.5703082385951731,False
2021-22,2022-05-22,Leicester,Southampton,4,1,0.6054813588372404,0.21060570202071263,0.18391293914204698,False
2021-22,2022-05-22,Burnley,Newcastle,1,2,0.38941255008554243,0.29419929827891766,0.3163881516355399,False
2021-22,2022-05-22,Brighton,West Ham,3,1,0.32707193452049843,0.28421676401529217,0.3887113014642094,False
2021-22,2022-05-22,Brentford,Leeds,1,2,0.13380814492797435,0.2216447931219506,0.6445470619500748,True
2021-22,2022-05-22,Arsenal,Everton,5,1,0.5416802514379179,0.24979315584349798,0.20852659271858398,False
2021-22,2022-05-22,Chelsea,Watford,2,1,0.6868019754936214,0.19371468714515602,0.11948333736122253,False
2022-23,2022-08-05,Crystal Palace,Arsenal,0,2,0.28319019264019957,0.26573520367969616,0.4510746036801042,False
2022-23,2022-08-06,Bournemouth,Aston Villa,2,0,0.33740471163684027,0.25605040944047647,0.4065448789226832,False
2022-23,2022-08-06,Everton,Chelsea,0,1,0.2096408019485498,0.24483598566849238,0.5455232123829578,False
2022-23,2022-08-06,Fulham,Liverpool,2,2,0.07281989087132008,0.1756116490355502,0.7515684600931296,False
2022-23,2022-08-06,Leeds,Wolves,2,1,0.36056396704090277,0.2780360437154975,0.3613999892435997,False
2022-23,2022-08-06,Newcastle,Nott'm Forest,2,0,0.5988943324816369,0.2524777560467561,0.14862791147160703,True
2022-23,2022-08-06,Tottenham,Southampton,4,1,0.7073289430077836,0.17502087221957988,0.11765018477263654,False
2022-23,2022-08-07,West Ham,Man City,0,2,0.14275679278465098,0.1900258284661944,0.6672173787491549,False
2022-23,2022-08-07,Leicester,Brentford,2,2,0.5308808233787052,0.23378222950389238,0.23533694711740238,False
2022-23,2022-08-07,Man United,Brighton,1,2,0.5465440858424979,0.2546170506427544,0.19883886351474767,False
2022-23,2022-08-13,Arsenal,Leicester,4,2,0.48512541022579725,0.23724403624390444,0.2776305535302983,False
2022-23,2022-08-13,Aston Villa,Everton,2,1,0.4639567273595373,0.2624492480566009,0.27359402458386184,False
2022-23,2022-08-13,Brentford,Man United,4,0,0.30186215742012157,0.2560304804844763,0.44210736209540213,False
2022-23,2022-08-13,Brighton,Newcastle,0,0,0.43026007397556715,0.29309693446794394,0.276642991556489,False
2022-23,2022-08-13,Man City,Bournemouth,4,0,0.8757791899260932,0.0864538259072687,0.03776698416663821,False
2022-23,2022-08-13,Southampton,Leeds,2,2,0.42919732360839924,0.2394188251522015,0.33138385123939906,False
2022-23,2022-08-13,Wolves,Fulham,0,0,0.5277741960162818,0.30372724032476284,0.16849856365895532,False
2022-23,2022-08-14,Chelsea,Tottenham,2,2,0.44167719791760496,0.2583748041542096,0.29994799792818544,False
2022-23,2022-08-14,Nott'm Forest,West Ham,1,0,0.15135773130525754,0.23829751021289644,0.6103447584818459,True
2022-23,2022-08-15,Liverpool,Crystal Palace,1,1,0.7476058705109465,0.16589658935067625,0.08649754013837725,False
2022-23,2022-08-20,Tottenham,Wolves,1,0,0.5901175497974891,0.24483076272815685,0.16505168747435403,False
2022-23,2022-08-20,Leicester,Southampton,1,2,0.6125021921517759,0.20406020692552485,0.18343760092269923,False
2022-23,2022-08-20,Fulham,Brentford,3,2,0.24525205541936157,0.2995121960775771,0.45523574850306114,False
2022-23,2022-08-20,Bournemouth,Arsenal,0,3,0.23334004894145016,0.2325273696224398,0.5341325814361102,False
2022-23,2022-08-20,Crystal Palace,Aston Villa,3,1,0.3866680797484754,0.27698350022546403,0.3363484200260606,False
2022-23,2022-08-20,Everton,Nott'm Forest,1,1,0.6151550249283864,0.24572338785320819,0.13912158721840548,True
2022-23,2022-08-21,West Ham,Brighton,0,2,0.4832906967618736,0.2702442631341563,0.24646504010397016,False
2022-23,2022-08-21,Leeds,Chelsea,3,0,0.1871678762749686,0.2126953984283287,0.6001367252967026,False
2022-23,2022-08-21,Newcastle,Man City,3,3,0.09062874604922837,0.16045266326849153,0.7489185906822802,False
2022-23,2022-08-22,Man United,Liverpool,2,1,0.23839662638698206,0.23882698016006834,0.5227763934529499,False
2022-23,2022-08-27,Man City,Crystal Palace,4,2,0.8070458517687176,0.13182374988623155,0.06113039834505084,False
2022-23,2022-08-27,Southampton,Man United,0,1,0.2460656432322289,0.2339796662187204,0.5199546905490506,False
2022-23,2022-08-27,Liverpool,Bournemouth,9,0,0.8253754912697648,0.1170349202233469,0.05758958850688848,False
2022-23,2022-08-27,Chelsea,Leicester,2,1,0.5661588011123266,0.22391849675819728,0.2099227021294761,False
2022-23,2022-08-27,Brighton,Leeds,1,0,0.45847494630151536,0.267041304741177,0.27448374895730776,False
2022-23,2022-08-27,Brentford,Everton,1,1,0.4440642625252527,0.2674704846221868,0.2884652528525604,False
2022-23,2022-08-27,Arsenal,Fulham,2,1,0.6899318356318115,0.2072658943120893,0.10280227005609938,False
2022-23,2022-08-28,Aston Villa,West Ham,0,1,0.38370685248382463,0.2573132991623685,0.3589798483538067,False
2022-23,2022-08-28,Nott'm Forest,Tottenham,0,2,0.08828916987240998,0.18819325347763746,0.7235175766499525,True
2022-23,2022-08-28,Wolves,Newcastle,1,1,0.4428507511773534,0.29371445146512265,0.263434797357524,False
2022-23,2022-08-30,Crystal Palace,Brentford,1,1,0.40244479670105904,0.2781643366725998,0.31939086662634103,False
2022-23,2022-08-30,Fulham,Brighton,2,1,0.2465623148463996,0.33256768067896264,0.42087000447463774,False
2022-23,2022-08-30,Leeds,Everton,1,1,0.4045852124741066,0.25119056824502756,0.34422421928086583,False
2022-23,2022-08-30,Southampton,Chelsea,2,1,0.18077953048047876,0.22032348302929983,0.5988969864902214,False
2022-23,2022-08-31,West Ham,Tottenham,1,1,0.29757603348164974,0.2462673981496472,0.45615656836870316,False
2022-23,2022-08-31,Man City,Nott'm Forest,6,0,0.9207648226430278,0.06313169339501046,0.01610348396196177,True
2022-23,2022-08-31,Liverpool,Newcastle,2,1,0.7828561812425566,0.14479239580634787,0.07235142295109555,False
2022-23,2022-08-31,Bournemouth,Wolves,0,0,0.3377254905775693,0.28657154119502926,0.37570296822740135,False
2022-23,2022-08-31,Arsenal,Aston Villa,2,1,0.5466788422795812,0.2377955313810484,0.2155256263393704,False
2022-23,2022-09-01,Leicester,Man United,0,1,0.40027005076281985,0.2416002712137692,0.3581296780234109,False
2022-23,2022-09-03,Aston Villa,Man City,1,1,0.11975617134545385,0.18353460879347552,0.6967092198610708,False
2022-23,2022-09-03,Brentford,Leeds,5,2,0.49170881720462045,0.2403247692294056,0.2679664135659739,False
2022-23,2022-09-03,Chelsea,West Ham,2,1,0.5882815379212664,0.22218210241275682,0.18953635966597676,False
2022-23,2022-09-03,Everton,Liverpool,0,0,0.13371265336544563,0.2014304468203005,0.6648568998142537,False
2022-23,2022-09-03,Newcastle,Crystal Palace,0,0,0.3837652727787602,0.28000709734240653,0.33622762987883337,False
2022-23,2022-09-03,Nott'm Forest,Bournemouth,2,3,0.24051808728943663,0.2789616932740052,0.4805202194365581,True
2022-23,2022-09-03,Tottenham,Fulham,2,1,0.7446774081384441,0.17764562064633108,0.07767697121522482,False
2022-23,2022-09-03,Wolves,Southampton,1,0,0.47300209977703467,0.2769139458333993,0.25008395438956604,False
2022-23,2022-09-04,Man United,Arsenal,3,1,0.4265963018487908,0.2512625989064686,0.32214109924474055,False
2022-23,2022-09-04,Brighton,Leicester,5,2,0.31995379455667783,0.2754910542002821,0.4045551512430401,False
2022-23,2022-09-16,Aston Villa,Southampton,1,0,0.5148874046777917,0.24277968673264666,0.24233290858956164,False
2022-23,2022-09-16,Nott'm Forest,Fulham,2,3,0.3033010572692107,0.354012396554266,0.3426865461765233,True
2022-23,2022-09-17,Newcastle,Bournemouth,1,1,0.4595264555506884,0.2531370698218957,0.28733647462741585,False
2022-23,2022-09-17,Tottenham,Leicester,6,2,0.5568294410438398,0.22150512859950758,0.22166543035665265,False
2022-23,2022-09-17,Wolves,Man City,0,3,0.12003842569268816,0.21211750945652974,0.667844064850782,False
2022-23,2022-09-18,Brentford,Arsenal,0,3,0.29552787837109373,0.2601572732403065,0.4443148483885995,False
2022-23,2022-09-18,Everton,West Ham,1,0,0.339469480911855,0.2594665685008528,0.4010639505872922,False
2022-23,2022-10-01,West Ham,Wolves,2,0,0.4649370101032858,0.27642420164513537,0.25863878825157877,False
2022-23,2022-10-01,Southampton,Everton,1,2,0.3868924581104993,0.2622363476771515,0.35087119421234925,False
2022-23,2022-10-01,Fulham,Newcastle,1,4,0.27707193903894056,0.3073608111347087,0.41556724982635085,False
2022-23,2022-10-01,Liverpool,Brighton,3,3,0.7215972374810233,0.18699900674549044,0.0914037557734862,False
2022-23,2022-10-01,Bournemouth,Brentford,0,0,0.3540724951044224,0.2589584257662495,0.38696907912932804,False
2022-23,2022-10-01,Arsenal,Tottenham,3,1,0.3646064285933607,0.25726727132261046,0.37812630008402887,False
2022-23,2022-10-01,Crystal Palace,Chelsea,1,2,0.21936933221391497,0.25539383056987375,0.5252368372162112,False
2022-23,2022-10-02,Leeds,Aston Villa,0,0,0.36112312447788986,0.24903018010755557,0.3898466954145544,False
2022-23,2022-10-02,Man City,Man United,6,3,0.7141084480163773,0.17117655768944992,0.11471499429417248,False
2022-23,2022-10-03,Leicester,Nott'm Forest,4,0,0.747104132681063,0.1704863895527629,0.0824094777661741,True
2022-23,2022-10-08,Bournemouth,Leicester,2,1,0.27159345883376707,0.23013317123642923,0.49827336992980364,False
2022-23,2022-10-08,Brighton,Tottenham,0,1,0.2303843298757483,0.2709976174685412,0.4986180526557106,False
2022-23,2022-10-08,Chelsea,Wolves,3,0,0.5953629655149855,0.24778030014430333,0.15685673434071137,False
2022-23,2022-10-08,Man City,Southampton,4,0,0.8668096518322914,0.09237974624341064,0.04081060192429793,False
2022-23,2022-10-08,Newcastle,Brentford,5,1,0.37632486856229264,0.2729806562938562,0.35069447514385105,False
2022-23,2022-10-09,West Ham,Fulham,3,1,0.6352254098002729,0.2294688122559158,0.13530577794381132,False
2022-23,2022-10-09,Everton,Man United,1,2,0.2788404208325159,0.25312381275230744,0.4680357664151764,False
2022-23,2022-10-09,Crystal Palace,Leeds,2,1,0.4724993043568446,0.24951736469914268,0.2779833309440126,False
2022-23,2022-10-09,Arsenal,Liverpool,3,2,0.24293535236091712,0.24511909078918853,0.5119455568498943,False
2022-23,2022-10-10,Nott'm Forest,Aston Villa,1,1,0.17842928222347537,0.2673550418469034,0.5542156759296211,True
2022-23,2022-10-14,Brentford,Brighton,2,0,0.4121767893681399,0.2948870342664164,0.2929361763654438,False
2022-23,2022-10-15,Fulham,Bournemouth,2,2,0.3059049853261371,0.2943568370447212,0.39973817762914166,False
2022-23,2022-10-15,Leicester,Crystal Palace,0,0,0.5366968160421148,0.2378246441439088,0.22547853981397625,False
2022-23,2022-10-15,Tottenham,Everton,2,0,0.6539014941620782,0.2033099859079204,0.1427885199300014,False
2022-23,2022-10-15,Wolves,Nott'm Forest,1,0,0.6025843718734871,0.26986591645877017,0.1275497116677427,True
2022-23,2022-10-16,Southampton,West Ham,1,1,0.305593292169563,0.24490628969025882,0.4495004181401784,False
2022-23,2022-10-16,Liverpool,Man City,1,0,0.3621618708163993,0.26001850868148685,0.37781962050211393,False
2022-23,2022-10-16,Man United,Newcastle,0,0,0.6071769579857795,0.21801473213401198,0.1748083098802085,False
2022-23,2022-10-16,Aston Villa,Chelsea,0,2,0.2430190009214731,0.2528345364215545,0.5041464626569725,False
2022-23,2022-10-16,Leeds,Arsenal,0,1,0.2509785219428493,0.22938944980931208,0.5196320282478386,False
2022-23,2022-10-18,Brighton,Nott'm Forest,0,0,0.592838906020885,0.27243336946330365,0.13472772451581141,True
2022-23,2022-10-18,Crystal Palace,Wolves,2,1,0.37944815618007,0.30872111532670876,0.31183072849322113,False
2022-23,2022-10-19,Bournemouth,Southampton,0,1,0.42589301130471874,0.24694865780347441,0.327158330891807,False
2022-23,2022-10-19,Brentford,Chelsea,0,0,0.22878325061428437,0.25081310515452254,0.520403644231193,False
2022-23,2022-10-19,Liverpool,West Ham,1,0,0.708773644861107,0.17546671640245146,0.11575963873644136,False
2022-23,2022-10-19,Man United,Tottenham,2,0,0.3610408280896483,0.2525238870007593,0.3864352849095922,False
2022-23,2022-10-19,Newcastle,Everton,1,0,0.4004329547892457,0.2726676537781305,0.32689939143262364,False
2022-23,2022-10-20,Leicester,Leeds,2,0,0.6128164154638924,0.1972210262083945,0.18996255832771297,False
2022-23,2022-10-20,Fulham,Aston Villa,3,0,0.23303028175318485,0.2931874304484912,0.4737822877983238,False
2022-23,2022-10-22,Nott'm Forest,Liverpool,1,0,0.047978156519530565,0.13548305461466784,0.8165387888658016,True
2022-23,2022-10-22,Man City,Brighton,3,1,0.7817682760466123,0.15193673763847337,0.06629498631491448,False
2022-23,2022-10-22,Chelsea,Man United,1,1,0.5180613637387885,0.24175423602617488,0.24018440023503657,False
2022-23,2022-10-22,Everton,Crystal Palace,3,0,0.4009621863704932,0.2790940418841479,0.319943771745359,False
2022-23,2022-10-23,Aston Villa,Brentford,4,0,0.4388755767134934,0.26540161530618334,0.29572280798032335,False
2022-23,2022-10-23,Leeds,Fulham,2,3,0.5362168664686464,0.25917703733354475,0.2046060961978089,False
2022-23,2022-10-23,Southampton,Arsenal,1,1,0.2411395854001622,0.23742982605671062,0.5214305885431271,False
2022-23,2022-10-23,Tottenham,Newcastle,1,2,0.6718837969820506,0.195918049906188,0.1321981531117614,False
2022-23,2022-10-23,Wolves,Leicester,0,4,0.3333903789767263,0.27932526243714256,0.3872843585861311,False
2022-23,2022-10-24,West Ham,Bournemouth,2,0,0.5873735025971657,0.21434863769897414,0.19827785970386022,False
2022-23,2022-10-29,Fulham,Everton,0,0,0.2634538964931866,0.3049374810353864,0.43160862247142673,False
2022-23,2022-10-29,Newcastle,Aston Villa,4,0,0.3603159621678717,0.27091397118552707,0.3687700666466013,False
2022-23,2022-10-29,Liverpool,Leeds,1,2,0.8210483252524228,0.11710005573771329,0.061851619009864134,False
2022-23,2022-10-29,Leicester,Man City,0,1,0.15931728817108803,0.19373820214962342,0.6469445096792885,False
2022-23,2022-10-29,Crystal Palace,Southampton,1,0,0.4747501776386319,0.2586149332814106,0.2666348890799574,False
2022-23,2022-10-29,Brighton,Chelsea,4,1,0.21887129863424531,0.27519952908453166,0.505929172281223,False
2022-23,2022-10-29,Brentford,Wolves,1,1,0.3954352413339835,0.29951963484469823,0.30504512382131843,False
2022-23,2022-10-29,Bournemouth,Tottenham,2,3,0.18352363847660233,0.2124367961270539,0.604039565396344,False
2022-23,2022-10-30,Arsenal,Nott'm Forest,5,0,0.7624952057371662,0.1670430142939323,0.07046177996890135,True
2022-23,2022-10-30,Man United,West Ham,1,0,0.5080723894926112,0.23466236054806366,0.257265249959325,False
2022-23,2022-11-05,Everton,Leicester,0,2,0.3147840125627799,0.2506355370887112,0.4345804503485089,False
2022-23,2022-11-05,Leeds,Bournemouth,4,3,0.4664180412562382,0.23340703359858736,0.30017492514517446,False
2022-23,2022-11-05,Man City,Fulham,2,1,0.8784001094095654,0.0937313946264985,0.027868495963936188,False
2022-23,2022-11-05,Nott'm Forest,Brentford,2,2,0.1894188698111194,0.27568690617750796,0.5348942240113727,True
2022-23,2022-11-05,Wolves,Brighton,2,3,0.39389708512697275,0.32695624857208133,0.27914666630094587,False
2022-23,2022-11-06,West Ham,Crystal Palace,1,2,0.5005005814513384,0.25163826248652216,0.24786115606213946,False
2022-23,2022-11-06,Tottenham,Liverpool,1,2,0.2984845916843576,0.2557376923833163,0.4457777159323262,False
2022-23,2022-11-06,Aston Villa,Man United,3,1,0.3191490505590124,0.2558800106802243,0.42497093876076336,False
2022-23,2022-11-06,Chelsea,Arsenal,0,1,0.5072992354001611,0.2480588917633295,0.2446418728365093,False
2022-23,2022-11-06,Southampton,Newcastle,1,4,0.4053098224121259,0.2612100455626891,0.33348013202518517,False
2022-23,2022-11-12,Bournemouth,Everton,3,0,0.37891092493670253,0.2599162138978157,0.36117286116548186,False
2022-23,2022-11-12,Liverpool,Southampton,3,1,0.8148427989700361,0.12364025303374944,0.0615169479962145,False
2022-23,2022-11-12,Man City,Brentford,1,2,0.8077340642110112,0.1292556824947462,0.0630102532942426,False
2022-23,2022-11-12,Newcastle,Chelsea,1,0,0.19652024785872602,0.2392639269743043,0.5642158251669696,False
2022-23,2022-11-12,Nott'm Forest,Crystal Palace,1,0,0.19669663527871417,0.2882854938922273,0.5150178708290584,True
2022-23,2022-11-12,Tottenham,Leeds,4,3,0.7112855340724743,0.16815885948006457,0.120555606447461,False
2022-23,2022-11-12,West Ham,Leicester,0,2,0.4109208270343333,0.24029238713434928,0.34878678583131745,False
2022-23,2022-11-12,Wolves,Arsenal,0,2,0.2917255957777619,0.28949405462101335,0.4187803496012247,False
2022-23,2022-11-13,Fulham,Man United,1,2,0.1624778202168167,0.24911951915085004,0.5884026606323333,False
2022-23,2022-11-13,Brighton,Aston Villa,1,2,0.3762589653167262,0.2956536844638617,0.32808735021941215,False
2022-23,2022-12-26,Arsenal,West Ham,3,1,0.5098058341600933,0.23814450434050355,0.2520496614994031,False
2022-23,2022-12-26,Aston Villa,Liverpool,1,3,0.15898161402056332,0.21485502701197712,0.6261633589674596,False
2022-23,2022-12-26,Brentford,Tottenham,2,2,0.24114006747170752,0.24730816209409454,0.511551770434198,False
2022-23,2022-12-26,Crystal Palace,Fulham,0,3,0.5394279915314799,0.2821146511961775,0.17845735727234258,False
2022-23,2022-12-26,Everton,Wolves,1,2,0.372286367721292,0.30207034767193586,0.3256432846067721,False
2022-23,2022-12-26,Leicester,Newcastle,0,3,0.5771463010216806,0.22218348532355325,0.200670213654766,False
2022-23,2022-12-26,Southampton,Brighton,1,3,0.36069621052839784,0.2868444614266324,0.3524593280449696,False
2022-23,2022-12-27,Chelsea,Bournemouth,2,0,0.7246263093221607,0.16927515923730485,0.10609853144053442,False
2022-23,2022-12-27,Man United,Nott'm Forest,3,0,0.7654441979449805,0.16347822807803686,0.07107757397698253,True
2022-23,2022-12-28,Leeds,Man City,1,3,0.07926312346362521,0.13266781040769954,0.7880690661286751,False
2022-23,2022-12-30,West Ham,Brentford,0,2,0.4943511663080199,0.24696476932173886,0.2586840643702413,False
2022-23,2022-12-30,Liverpool,Leicester,2,1,0.6907551597152766,0.17977592284293142,0.12946891744179195,False
2022-23,2022-12-31,Bournemouth,Crystal Palace,0,2,0.36274093951189723,0.2662053493425561,0.37105371114554664,False
2022-23,2022-12-31,Brighton,Arsenal,2,4,0.2793902628117646,0.28440099644099903,0.43620874074723653,False
2022-23,2022-12-31,Fulham,Southampton,2,1,0.29725478691106977,0.29643113008544075,0.4063140830034894,False
2022-23,2022-12-31,Man City,Everton,1,1,0.825513481080384,0.11942058555809215,0.055065933361523794,False
2022-23,2022-12-31,Newcastle,Leeds,0,0,0.4440383859549115,0.2478236186075835,0.308137995437505,False
2022-23,2022-12-31,Wolves,Man United,0,1,0.298035089176061,0.2847307629116086,0.41723414791233016,False
2022-23,2023-01-01,Nott'm Forest,Chelsea,1,1,0.08418952536391772,0.19028466126301632,0.725525813373066,True
2022-23,2023-01-01,Tottenham,Aston Villa,0,2,0.6141579389121454,0.2162771096454671,0.1695649514423874,False
2022-23,2023-01-02,Brentford,Liverpool,3,1,0.1483247695123997,0.21050265972496215,0.641172570762638,False
2022-23,2023-01-03,Man United,Bournemouth,3,0,0.655753266282401,0.19238517169298766,0.15186156202461132,False
2022-23,2023-01-03,Leicester,Fulham,0,1,0.6705932347262249,0.2096380429250543,0.11976872234872073,False
2022-23,2023-01-03,Everton,Brighton,1,4,0.3885077610486579,0.2980969392380599,0.31339529971328234,False
2022-23,2023-01-03,Arsenal,Newcastle,0,0,0.6069788675644652,0.22128898060880633,0.17173215182672846,False
2022-23,2023-01-04,Aston Villa,Wolves,1,1,0.413363315411891,0.2952793909329186,0.29135729365519053,False
2022-23,2023-01-04,Crystal Palace,Tottenham,0,4,0.23112837428177485,0.2518480016674645,0.5170236240507609,False
2022-23,2023-01-04,Leeds,West Ham,2,2,0.3190451528162724,0.23613728738874087,0.44481755979498666,False
2022-23,2023-01-04,Southampton,Nott'm Forest,0,1,0.595331041311413,0.2457551680809446,0.15891379060764238,True
2022-23,2023-01-05,Chelsea,Man City,0,1,0.2546174056966922,0.24897619626062828,0.4964063980426796,False
2022-23,2023-01-12,Fulham,Chelsea,2,1,0.11961555428492804,0.2298348920869503,0.6505495536281216,False
2022-23,2023-01-13,Aston Villa,Leeds,2,1,0.5132550167213502,0.23449210068814028,0.25225288259050954,False
2022-23,2023-01-14,Wolves,West Ham,1,0,0.3553446801846638,0.28731362424044815,0.35734169557488793,False
2022-23,2023-01-14,Man United,Man City,2,1,0.18726484796906936,0.21483791674843022,0.5978972352825005,False
2022-23,2023-01-14,Nott'm Forest,Leicester,2,0,0.13481527849196312,0.21918441816058154,0.6460003033474554,True
2022-23,2023-01-14,Brighton,Liverpool,3,0,0.14589748098286465,0.23466627381425031,0.619436245202885,False
2022-23,2023-01-14,Everton,Southampton,1,2,0.4665251139405176,0.2544751788180662,0.2789997072414164,False
2022-23,2023-01-14,Brentford,Bournemouth,2,0,0.5062144813369595,0.24429135957007847,0.24949415909296208,False
2022-23,2023-01-15,Chelsea,Crystal Palace,1,0,0.6381645798643574,0.21750429903524543,0.14433112110039736,False
2022-23,2023-01-15,Newcastle,Fulham,1,0,0.5189697732142889,0.28332011011148794,0.1977101166742229,False
2022-23,2023-01-15,Tottenham,Arsenal,0,2,0.4976373189993592,0.2444304795870086,0.25793220141363227,False
2022-23,2023-01-18,Crystal Palace,Man United,1,1,0.2892187916579251,0.2615495548535477,0.4492316534885271,False
2022-23,2023-01-19,Man City,Tottenham,4,2,0.6399441252816914,0.20300987656523986,0.15704599815306863,False
2022-23,2023-01-21,West Ham,Everton,2,0,0.5205110204664705,0.24207726091848888,0.2374117186150407,False
2022-23,2023-01-21,Southampton,Aston Villa,0,1,0.3455193109574687,0.25907006931380117,0.39541061972873026,False
2022-23,2023-01-21,Liverpool,Chelsea,0,0,0.5426273263193038,0.24219440904943174,0.21517826463126463,False
2022-23,2023-01-21,Leicester,Brighton,2,2,0.518076192542737,0.25623547915024636,0.22568832830701663,False
2022-23,2023-01-21,Crystal Palace,Newcastle,0,0,0.4442919476716458,0.2740055147517921,0.28170253757656194,False
2022-23,2023-01-21,Bournemouth,Nott'm Forest,1,1,0.5899356314009672,0.24592977920968895,0.1641345893893439,True
2022-23,2023-01-22,Arsenal,Man United,3,2,0.4386692182314811,0.2500916883059393,0.3112390934625796,False
2022-23,2023-01-22,Leeds,Brentford,0,0,0.37857256013677687,0.25120905659997356,0.37021838326324963,False
2022-23,2023-01-22,Man City,Wolves,3,0,0.7651839860288068,0.1623395801652269,0.07247643380596631,False
2022-23,2023-01-23,Fulham,Tottenham,0,1,0.12568782146617857,0.22721101965362764,0.6471011588801937,False
2022-23,2023-02-03,Chelsea,Fulham,0,0,0.7461441648677929,0.17970816271330928,0.07414767241889766,False
2022-23,2023-02-04,Wolves,Liverpool,3,0,0.1553258848258365,0.24403125973260012,0.6006428554415633,False
2022-23,2023-02-04,Man United,Crystal Palace,2,1,0.5671196066646775,0.23527568240446378,0.19760471093085855,False
2022-23,2023-02-04,Everton,Arsenal,1,0,0.2730796127984827,0.25707504634642786,0.46984534085508933,False
2022-23,2023-02-04,Newcastle,West Ham,1,1,0.32217654715817545,0.25802632955186294,0.41979712328996166,False
2022-23,2023-02-04,Brentford,Southampton,3,0,0.49388267249305784,0.24892694361448967,0.2571903838924527,False
2022-23,2023-02-04,Aston Villa,Leicester,2,4,0.3584701658992948,0.25076483629377055,0.3907649978069345,False
2022-23,2023-02-04,Brighton,Bournemouth,1,0,0.4713626267276577,0.27238244155915703,0.25625493171318536,False
2022-23,2023-02-05,Nott'm Forest,Leeds,1,0,0.2262137678185676,0.2646810744369102,0.5091051577445219,True
2022-23,2023-02-05,Tottenham,Man City,1,0,0.2422074796663224,0.2386297545285581,0.5191627658051194,False
2022-23,2023-02-08,Man United,Leeds,2,2,0.6445716170490691,0.1916400387716241,0.1637883441793067,False
2022-23,2023-02-11,Arsenal,Brentford,1,1,0.5629705202907225,0.23484882074753277,0.20218065896174467,False
2022-23,2023-02-11,Bournemouth,Newcastle,1,1,0.3973624165834443,0.25918843525447305,0.3434491481620825,False
2022-23,2023-02-11,Crystal Palace,Brighton,1,1,0.39562508945471025,0.3043439423243315,0.3000309682209584,False
2022-23,2023-02-11,Fulham,Nott'm Forest,2,0,0.432159178398181,0.3404319671531556,0.2274088544486632,True
2022-23,2023-02-11,Leicester,Tottenham,4,1,0.32629128987438266,0.24314339157263842,0.4305653185529789,False
2022-23,2023-02-11,Southampton,Wolves,1,2,0.3447459937959534,0.2896589690689022,0.3655950371351444,False
2022-23,2023-02-11,West Ham,Chelsea,1,1,0.28232827029161256,0.2506309639527166,0.4670407657556708,False
2022-23,2023-02-12,Man City,Aston Villa,3,1,0.7967882307395731,0.13458221736123718,0.06862955189918964,False
2022-23,2023-02-12,Leeds,Man United,0,2,0.2561803735107499,0.22609513929464475,0.5177244871946055,False
2022-23,2023-02-13,Liverpool,Everton,2,0,0.7678113120740887,0.1528675896064961,0.07932109831941517,False
2022-23,2023-02-15,Arsenal,Man City,1,3,0.19210897905255991,0.22172041367802411,0.5861706072694159,False
2022-23,2023-02-18,Aston Villa,Arsenal,2,4,0.3123935530698828,0.2601108207325056,0.42749562619761156,False
2022-23,2023-02-18,Brentford,Crystal Palace,1,1,0.4260832276196816,0.2758184910048555,0.2980982813754629,False
2022-23,2023-02-18,Brighton,Fulham,0,1,0.5174962540742589,0.3051228735530981,0.17738087237264313,False
2022-23,2023-02-18,Chelsea,Southampton,0,1,0.7122919632416523,0.17609627228019992,0.11161176447814775,False
2022-23,2023-02-18,Everton,Leeds,1,0,0.4634940690442396,0.24549444871553353,0.2910114822402269,False
2022-23,2023-02-18,Newcastle,Liverpool,0,2,0.12370787098625285,0.19385903474559316,0.682433094268154,False
2022-23,2023-02-18,Nott'm Forest,Man City,1,1,0.032667679840781595,0.10278693702504409,0.8645453831341743,True
2022-23,2023-02-18,Wolves,Bournemouth,0,1,0.48463562405005156,0.2720455157392906,0.24331886021065774,False
2022-23,2023-02-19,Man United,Leicester,3,0,0.4827727394910516,0.23370474427193585,0.2835225162370126,False
2022-23,2023-02-19,Tottenham,West Ham,2,0,0.5799872285099853,0.21996998940156495,0.2000427820884498,False
2022-23,2023-02-24,Fulham,Wolves,1,1,0.23519984424300705,0.3332689780620429,0.4315311776949501,False
2022-23,2023-02-25,Bournemouth,Man City,1,4,0.07362709328707777,0.13248528379889474,0.7938876229140275,False
2022-23,2023-02-25,Crystal Palace,Liverpool,0,0,0.1425855066177012,0.21389156201848172,0.6435229313638171,False
2022-23,2023-02-25,Everton,Aston Villa,0,2,0.3776940551011336,0.27091588695495616,0.3513900579439101,False
2022-23,2023-02-25,Leeds,Southampton,1,0,0.45402888543752795,0.23703670348749936,0.3089344110749729,False
2022-23,2023-02-25,Leicester,Arsenal,0,1,0.3916465437555885,0.2462165295711454,0.3621369266732662,False
2022-23,2023-02-25,West Ham,Nott'm Forest,4,0,0.7133623123684636,0.19123084516152297,0.09540684247001327,True
2022-23,2023-02-26,Tottenham,Chelsea,2,0,0.410393147896587,0.2614327024579086,0.32817414964550434,False
2022-23,2023-03-01,Arsenal,Everton,4,0,0.5882293380510677,0.22765760575542746,0.18411305619350482,False
2022-23,2023-03-01,Liverpool,Wolves,2,0,0.7037670506135523,0.19747741156709145,0.09875553781935631,False
2022-23,2023-03-04,Wolves,Tottenham,1,0,0.24204676114392212,0.27770578038028,0.4802474584757978,False
2022-23,2023-03-04,Southampton,Leicester,1,0,0.2801278340805862,0.23428500358436904,0.4855871623350446,False
2022-23,2023-03-04,Man City,Newcastle,2,0,0.8385694759050952,0.1117687482722239,0.04966177582268075,False
2022-23,2023-03-04,Aston Villa,Crystal Palace,1,0,0.4454106472107181,0.27117359161105775,0.2834157611782242,False
2022-23,2023-03-04,Brighton,West Ham,4,0,0.3421356354476134,0.28418109096852506,0.3736832735838617,False
2022-23,2023-03-04,Arsenal,Bournemouth,3,2,0.655352248327197,0.1952752095515137,0.1493725421212893,False
2022-23,2023-03-04,Chelsea,Leeds,1,0,0.7168117783237349,0.168971069489902,0.11421715218636325,False
2022-23,2023-03-05,Liverpool,Man United,7,0,0.6429417908053465,0.20267117400280144,0.15438703519185193,False
2022-23,2023-03-05,Nott'm Forest,Everton,2,2,0.20552652865531962,0.28401148010723404,0.5104619912374463,True
2022-23,2023-03-06,Brentford,Fulham,3,2,0.5597804803833706,0.2689210199197947,0.1712984996968346,False
2022-23,2023-03-11,Leicester,Chelsea,1,3,0.3096288455522059,0.2479780189988508,0.4423931354489435,False
2022-23,2023-03-11,Leeds,Brighton,2,2,0.3773006355189452,0.27504126506469245,0.3476580994163623,False
2022-23,2023-03-11,Tottenham,Nott'm Forest,3,1,0.8111551343189595,0.1375583638115704,0.05128650186947014,True
2022-23,2023-03-11,Crystal Palace,Man City,0,1,0.10698946327213293,0.18129695071001717,0.7117135860178498,False
2022-23,2023-03-11,Bournemouth,Liverpool,1,0,0.1042623831149844,0.16575489239290517,0.7299827244921104,False
2022-23,2023-03-11,Everton,Brentford,1,0,0.39381732256119323,0.2724232869613713,0.3337593904774353,False
2022-23,2023-03-12,Fulham,Arsenal,0,3,0.15963871422839804,0.2531438408039498,0.5872174449676523,False
2022-23,2023-03-12,Man United,Southampton,0,0,0.6427242496995781,0.19860919562378726,0.15866655467663465,False
2022-23,2023-03-12,Newcastle,Wolves,2,1,0.35651229157920206,0.30243003488537656,0.34105767353542116,False
2022-23,2023-03-12,West Ham,Aston Villa,1,1,0.4772029189694119,0.24825186849011438,0.2745452125404738,False
2022-23,2023-03-15,Brighton,Crystal Palace,1,0,0.3965776904514325,0.30424705809638614,0.2991752514521815,False
2022-23,2023-03-15,Southampton,Brentford,0,2,0.3621093470896706,0.2616940498074704,0.3761966031028591,False
2022-23,2023-03-17,Nott'm Forest,Newcastle,1,2,0.21754826358680782,0.28857568337949896,0.49387605303369314,True
2022-23,2023-03-18,Wolves,Leeds,2,4,0.47230347912996246,0.2670272633680903,0.26066925750194736,False
2022-23,2023-03-18,Chelsea,Everton,2,2,0.6594698891868072,0.20501762379738026,0.13551248701581253,False
2022-23,2023-03-18,Southampton,Tottenham,3,3,0.19076518102709428,0.21820952841365035,0.5910252905592552,False
2022-23,2023-03-18,Aston Villa,Bournemouth,3,0,0.5274386238046771,0.23787831402692836,0.23468306216839452,False
2022-23,2023-03-18,Brentford,Leicester,1,1,0.3397062044151893,0.25199397700046877,0.40829981858434206,False
2022-23,2023-03-19,Arsenal,Crystal Palace,4,1,0.5672609103043059,0.2388085971161629,0.19393049257953127,False
2022-23,2023-04-01,Arsenal,Leeds,4,1,0.644601184711012,0.19441559259824348,0.1609832226907444,False
2022-23,2023-04-01,Bournemouth,Fulham,2,1,0.5069569671695227,0.2744854708605595,0.21855756196991774,False
2022-23,2023-04-01,Brighton,Brentford,3,3,0.3909273184080072,0.297031821483447,0.3120408601085461,False
2022-23,2023-04-01,Chelsea,Aston Villa,0,2,0.6208801830960493,0.2182982841282426,0.1608215327757078,False
2022-23,2023-04-01,Crystal Palace,Leicester,2,1,0.32546491197530625,0.2579883917767991,0.41654669624789464,False
2022-23,2023-04-01,Man City,Liverpool,4,1,0.4962367804157384,0.24705121288643903,0.2567120066978227,False
2022-23,2023-04-01,Nott'm Forest,Wolves,1,1,0.1851142038631393,0.30987819128472205,0.5050076048521386,True
2022-23,2023-04-02,Newcastle,Man United,2,0,0.2630426107465137,0.24967297065878588,0.48728441859470034,False
2022-23,2023-04-02,West Ham,Southampton,1,0,0.5742907295335802,0.2198412362783873,0.20586803418803246,False
2022-23,2023-04-03,Everton,Tottenham,1,1,0.22099032591023166,0.24174057201204702,0.5372691020777214,False
2022-23,2023-04-04,Leicester,Aston Villa,1,2,0.5134753470047668,0.23593530885769054,0.2505893441375426,False
2022-23,2023-04-04,Leeds,Nott'm Forest,2,1,0.6206511653007007,0.22837765979769797,0.15097117490160145,True
2022-23,2023-04-04,Bournemouth,Brighton,0,2,0.3535851647352365,0.2840408640781378,0.36237397118662573,False
2022-23,2023-04-04,Chelsea,Liverpool,0,0,0.3105332314708582,0.2643965747800534,0.42507019374908833,False
2022-23,2023-04-05,Man United,Brentford,1,0,0.5625067216028772,0.23142453133227336,0.2060687470648494,False
2022-23,2023-04-05,West Ham,Newcastle,1,5,0.5399134492103468,0.23726438395072355,0.22282216683892977,False
2022-23,2023-04-08,Tottenham,Brighton,2,1,0.6090728893489668,0.23575934678590127,0.15516776386513204,False
2022-23,2023-04-08,Southampton,Man City,1,4,0.07825296313565819,0.13920915359393785,0.7825378832704041,False
2022-23,2023-04-08,Man United,Everton,2,0,0.5881636766157927,0.22431735798643923,0.18751896539776794,False
2022-23,2023-04-08,Wolves,Chelsea,1,0,0.2299971902840422,0.28229221110095537,0.48771059861500243,False
2022-23,2023-04-08,Fulham,West Ham,0,1,0.2034160558940525,0.26892440077932983,0.5276595433266177,False
2022-23,2023-04-08,Brentford,Newcastle,1,2,0.46248373105324714,0.26450870547385996,0.2730075634728928,False
2022-23,2023-04-08,Aston Villa,Nott'm Forest,2,0,0.6581897962529103,0.22431024443514713,0.11749995931194265,True
2022-23,2023-04-08,Leicester,Bournemouth,0,1,0.6257634669977512,0.1982520072700011,0.17598452573224757,False
2022-23,2023-04-09,Leeds,Crystal Palace,1,5,0.38742373944194564,0.2577726140845862,0.3548036464734682,False
2022-23,2023-04-09,Liverpool,Arsenal,2,2,0.6309002870054737,0.21003877678716693,0.15906093620735942,False
2022-23,2023-04-15,Aston Villa,Newcastle,3,0,0.48262375804851554,0.2589537492684504,0.2584224926830342,False
2022-23,2023-04-15,Chelsea,Brighton,1,2,0.6140934415966437,0.2384395629917781,0.14746699541157815,False
2022-23,2023-04-15,Everton,Fulham,1,3,0.5354625797840998,0.27811209245902163,0.18642532775687837,False
2022-23,2023-04-15,Man City,Leicester,3,1,0.7595028390003261,0.14721391546036194,0.09328324553931175,False
2022-23,2023-04-15,Southampton,Crystal Palace,0,2,0.37049794456134116,0.2688104051751328,0.360691650263526,False
2022-23,2023-04-15,Tottenham,Bournemouth,2,3,0.7198308241439495,0.16832376432646265,0.11184541152958768,False
2022-23,2023-04-15,Wolves,Brentford,2,0,0.40356626417827,0.2986965363934137,0.2977371994283162,False
2022-23,2023-04-16,Nott'm Forest,Man United,0,2,0.11748142132350531,0.2134762126588482,0.6690423660176466,True
2022-23,2023-04-16,West Ham,Arsenal,2,2,0.3594993251138269,0.2525564083208634,0.3879442665653099,False
2022-23,2023-04-17,Leeds,Liverpool,1,6,0.112280135215684,0.16554802491084197,0.7221718398734738,False
2022-23,2023-04-21,Arsenal,Southampton,3,3,0.6424166393668054,0.20157787086355075,0.15600548976964385,False
2022-23,2023-04-22,Brentford,Aston Villa,1,1,0.4030315197513258,0.26892731342772863,0.32804116682094553,False
2022-23,2023-04-22,Crystal Palace,Everton,0,0,0.4264118784602571,0.276566633375204,0.29702148816453877,False
2022-23,2023-04-22,Fulham,Leeds,2,1,0.2917743258090188,0.28290918260792447,0.4253164915830568,False
2022-23,2023-04-22,Leicester,Wolves,2,1,0.4990882631946292,0.2630879818176305,0.23782375498774025,False
2022-23,2023-04-22,Liverpool,Nott'm Forest,3,2,0.8848636575589832,0.08969071994630685,0.025445622494710076,True
2022-23,2023-04-23,Bournemouth,West Ham,0,4,0.29717076862453845,0.24119628487270564,0.46163294650275566,False
2022-23,2023-04-23,Newcastle,Tottenham,6,1,0.20717568856072313,0.23645805963742625,0.5563662518018506,False
2022-23,2023-04-25,Leeds,Leicester,1,1,0.29217487823224597,0.22624887811939642,0.48157624364835744,False
2022-23,2023-04-25,Wolves,Crystal Palace,2,0,0.4088178756243148,0.30572679294831234,0.28545533142737284,False
2022-23,2023-04-25,Aston Villa,Fulham,1,0,0.5790855716725742,0.25998020859169085,0.16093421973573493,False
2022-23,2023-04-26,Chelsea,Brentford,0,2,0.6358388158428927,0.21401808459082408,0.15014309956628333,False
2022-23,2023-04-26,Man City,Arsenal,4,1,0.701985986724151,0.1787871494623784,0.11922686381347049,False
2022-23,2023-04-26,Nott'm Forest,Brighton,3,1,0.19469824185784113,0.31082815698156063,0.4944736011605983,True
2022-23,2023-04-26,West Ham,Liverpool,1,2,0.18760473027500357,0.21898340469797092,0.5934118650270255,False
2022-23,2023-04-27,Everton,Newcastle,1,4,0.43632540109699475,0.2691255766359892,0.294549022267016,False
2022-23,2023-04-27,Southampton,Bournemouth,0,1,0.44608789862941917,0.24499816420182136,0.30891393716875937,False
2022-23,2023-04-27,Tottenham,Man United,2,2,0.5082499828582296,0.2384035758316481,0.2533464413101222,False
2022-23,2023-04-29,Brighton,Wolves,6,0,0.3672226460177913,0.3297285609021622,0.30304879308004656,False
2022-23,2023-04-29,Brentford,Nott'm Forest,2,1,0.6390987288088998,0.23454169102508496,0.12635958016601545,True
2022-23,2023-04-29,Crystal Palace,West Ham,4,3,0.34953997774281187,0.26628867787228566,0.3841713443849024,False
2022-23,2023-04-30,Newcastle,Southampton,3,1,0.4477068949802896,0.2570696400056788,0.29522346501403185,False
2022-23,2023-04-30,Liverpool,Tottenham,4,3,0.5661445886961665,0.23051319275036297,0.20334221855347037,False
2022-23,2023-04-30,Man United,Aston Villa,1,0,0.5458949940595325,0.23433580707207852,0.21976919886838914,False
2022-23,2023-04-30,Fulham,Man City,1,2,0.05213151092803972,0.14027218424549293,0.8075963048264675,False
2022-23,2023-04-30,Bournemouth,Leeds,4,1,0.42041816456519576,0.23780781221260822,0.3417740232221961,False
2022-23,2023-05-01,Leicester,Everton,2,2,0.5574748051316515,0.22775505183254366,0.21477014303580477,False
2022-23,2023-05-02,Arsenal,Chelsea,3,1,0.3466635058921746,0.26359071497825964,0.38974577912956554,False
2022-23,2023-05-03,Liverpool,Fulham,1,0,0.8331178971259467,0.12538366502373294,0.041498437850320126,False
2022-23,2023-05-03,Man City,West Ham,3,0,0.7748399438551447,0.142300531466837,0.08285952467801833,False
2022-23,2023-05-04,Brighton,Man United,1,0,0.2853715921103943,0.27982069386016417,0.43480771402944135,False
2022-23,2023-05-06,Tottenham,Crystal Palace,1,0,0.6325075716076679,0.21546189420495282,0.15203053418737922,False
2022-23,2023-05-06,Man City,Leeds,2,1,0.8729871991172422,0.08653249743651341,0.040480303446244315,False
2022-23,2023-05-06,Wolves,Aston Villa,1,0,0.3889937807326197,0.2977402241890651,0.3132659950783152,False
2022-23,2023-05-06,Bournemouth,Chelsea,1,3,0.1738760939463476,0.2143412435545787,0.6117826624990739,False
2022-23,2023-05-06,Liverpool,Brentford,1,0,0.7474583128301668,0.16301539135176335,0.08952629581806981,False
2022-23,2023-05-07,Newcastle,Arsenal,0,2,0.2576822863699495,0.253496083319632,0.4888216303104184,False
2022-23,2023-05-07,West Ham,Man United,1,0,0.36738943215790754,0.24811584699637992,0.38449472084571246,False
2022-23,2023-05-08,Brighton,Everton,1,5,0.4134105534390894,0.2955815304178048,0.29100791614310584,False
2022-23,2023-05-08,Fulham,Leicester,5,3,0.184867967412496,0.25240184031218776,0.5627301922753162,False
2022-23,2023-05-08,Nott'm Forest,Southampton,4,3,0.23331107608391694,0.2798990833936813,0.48678984052240193,True
2022-23,2023-05-13,Southampton,Fulham,0,2,0.512961987304378,0.27511930631796466,0.21191870637765742,False
2022-23,2023-05-13,Aston Villa,Tottenham,2,1,0.2561353776324621,0.2490669679095306,0.4947976544580071,False
2022-23,2023-05-13,Chelsea,Nott'm Forest,2,2,0.8115192625439402,0.13935767296771517,0.04912306448834441,True
2022-23,2023-05-13,Crystal Palace,Bournemouth,2,0,0.4867527485143349,0.25413126876060055,0.25911598272506464,False
2022-23,2023-05-13,Leeds,Newcastle,2,2,0.42387452692700933,0.2497759017251281,0.3263495713478627,False
2022-23,2023-05-13,Man United,Wolves,2,0,0.5276188630145399,0.262344369658257,0.21003676732720306,False
2022-23,2023-05-14,Everton,Man City,0,3,0.09890662009044583,0.16846992696369395,0.7326234529458603,False
2022-23,2023-05-14,Brentford,West Ham,2,0,0.3646475960083363,0.2595102740208642,0.3758421299707997,False
2022-23,2023-05-14,Arsenal,Brighton,0,3,0.5463505050912619,0.2585570397350311,0.19509245517370688,False
2022-23,2023-05-15,Leicester,Liverpool,0,3,0.20794872270510245,0.2208846137752929,0.5711666635196047,False
2022-23,2023-05-18,Newcastle,Brighton,4,1,0.3723722591218731,0.29893575560586777,0.3286919852722593,False
2022-23,2023-05-20,Bournemouth,Man United,0,1,0.23806208469898357,0.22918627779543618,0.5327516375055801,False
2022-23,2023-05-20,Fulham,Crystal Palace,2,2,0.2521440351849882,0.31051565074137083,0.43734031407364093,False
2022-23,2023-05-20,Liverpool,Aston Villa,1,1,0.7348345387736503,0.1683402400846369,0.09682522114171274,False
2022-23,2023-05-20,Nott'm Forest,Arsenal,1,0,0.11579590478699887,0.2172535446348943,0.6669505505781066,True
2022-23,2023-05-20,Tottenham,Brentford,1,3,0.629633217135537,0.21210893778639986,0.15825784507806334,False
2022-23,2023-05-20,Wolves,Everton,1,1,0.4260115805961876,0.29663443389340194,0.27735398551041046,False
2022-23,2023-05-21,Brighton,Southampton,3,1,0.4598328107425258,0.27698775353348765,0.2631794357239865,False
2022-23,2023-05-21,Man City,Chelsea,1,0,0.615626833155581,0.21594380657371015,0.1684293602707087,False
2022-23,2023-05-21,West Ham,Leeds,3,1,0.573835995684333,0.2124894655985962,0.21367453871707087,False
2022-23,2023-05-22,Newcastle,Leicester,0,0,0.29766044766787125,0.2482741152616117,0.4540654370705172,False
2022-23,2023-05-24,Brighton,Man City,1,1,0.1116619690392912,0.20200899747396758,0.6863290334867415,False
2022-23,2023-05-25,Man United,Chelsea,4,1,0.34313054078775035,0.2585583500318341,0.39831110918041535,False
2022-23,2023-05-28,Arsenal,Wolves,5,0,0.5275942135564109,0.2664181470421471,0.20598763940144182,False
2022-23,2023-05-28,Aston Villa,Brighton,2,1,0.43052333080562566,0.290194967477067,0.27928170171730715,False
2022-23,2023-05-28,Brentford,Man City,1,0,0.11102169595007343,0.17841229100152545,0.7105660130484012,False
2022-23,2023-05-28,Chelsea,Newcastle,1,1,0.6770257048798168,0.19748161232498934,0.12549268279519393,False
2022-23,2023-05-28,Crystal Palace,Nott'm Forest,1,1,0.6178063863278128,0.24888013976348844,0.13331347390869885,True
2022-23,2023-05-28,Everton,Bournemouth,1,0,0.4785632899720219,0.2502420020213968,0.27119470800658124,False
2022-23,2023-05-28,Leeds,Tottenham,1,4,0.19770918264227624,0.21079872495313084,0.591492092404593,False
2022-23,2023-05-28,Leicester,West Ham,2,1,0.47310646193528927,0.23433753993281825,0.29255599813189254,False
2022-23,2023-05-28,Man United,Fulham,2,1,0.6923414441442645,0.20348722970395913,0.10417132615177652,False
2022-23,2023-05-28,Southampton,Liverpool,4,4,0.10977241658810946,0.17255651411129203,0.7176710693005983,False
2023-24,2023-08-11,Burnley,Man City,0,3,0.09711531377698955,0.17716094293064674,0.7257237432923638,False
2023-24,2023-08-12,Arsenal,Nott'm Forest,2,1,0.7517238579058709,0.15169218194582723,0.09658396014830198,False
2023-24,2023-08-12,Bournemouth,West Ham,1,1,0.3039101545857262,0.2501132979717769,0.445976547442497,False
2023-24,2023-08-12,Brighton,Luton,4,1,0.7047377775144328,0.19859195175224031,0.09667027073332696,True
2023-24,2023-08-12,Everton,Fulham,0,1,0.3791758586876378,0.27657921601432506,0.34424492529803724,False
2023-24,2023-08-12,Newcastle,Aston Villa,5,1,0.4644261050954536,0.25902810304125595,0.2765457918632903,False
2023-24,2023-08-12,Sheffield United,Crystal Palace,0,1,0.26833760591796196,0.33020673496506225,0.4014556591169758,False
2023-24,2023-08-13,Brentford,Tottenham,2,2,0.39659015466436476,0.2418825758265009,0.3615272695091344,False
2023-24,2023-08-13,Chelsea,Liverpool,1,1,0.30546183504161034,0.25508905638039836,0.4394491085779914,False
2023-24,2023-08-14,Man United,Wolves,1,0,0.6015780383822286,0.2365239115425231,0.16189805007524824,False
2023-24,2023-08-18,Nott'm Forest,Sheffield United,2,1,0.455452669932799,0.3056702737611274,0.2388770563060736,False
2023-24,2023-08-19,Wolves,Brighton,1,4,0.3145976854170799,0.28658459424971394,0.39881772033320617,False
2023-24,2023-08-19,Tottenham,Man United,2,0,0.4653422632041816,0.2317519676176566,0.3029057691781618,False
2023-24,2023-08-19,Fulham,Brentford,0,3,0.35466015171245313,0.26938166285125714,0.37595818543628967,False
2023-24,2023-08-19,Liverpool,Bournemouth,3,1,0.8264146817843562,0.11363447353898831,0.05995084467665547,False
2023-24,2023-08-19,Man City,Newcastle,1,0,0.7459570510476067,0.1573480793665935,0.09669486958579976,False
2023-24,2023-08-20,Aston Villa,Everton,4,0,0.5377000906793279,0.24986991081870583,0.21242999850196617,False
2023-24,2023-08-20,West Ham,Chelsea,3,1,0.34424602830023987,0.2665064785150095,0.3892474931847505,False
2023-24,2023-08-21,Crystal Palace,Arsenal,0,1,0.257926734519757,0.24653784397708214,0.49553542150316077,False
2023-24,2023-08-25,Chelsea,Luton,3,0,0.7340006787048328,0.1883347868474616,0.07766453444770573,True
2023-24,2023-08-26,Everton,Wolves,0,1,0.4119875768459993,0.29749719825126436,0.2905152249027364,False
2023-24,2023-08-26,Brighton,West Ham,1,3,0.4843984492695709,0.2452006719232253,0.2704008788072038,False
2023-24,2023-08-26,Man United,Nott'm Forest,3,2,0.6833579919491177,0.18871041806945424,0.12793158998142784,False
2023-24,2023-08-26,Bournemouth,Tottenham,0,2,0.20983213000537762,0.20910078061679319,0.5810670893778294,False
2023-24,2023-08-26,Arsenal,Fulham,2,2,0.648213272275024,0.19620731030457883,0.15557941742039708,False
2023-24,2023-08-26,Brentford,Crystal Palace,1,1,0.5169841472201062,0.25846190512447137,0.22455394765542241,False
2023-24,2023-08-27,Burnley,Aston Villa,1,3,0.3038611022212424,0.2893178299606617,0.40682106781809585,False
2023-24,2023-08-27,Newcastle,Liverpool,1,2,0.2688730832269006,0.24012011355495091,0.4910068032181484,False
2023-24,2023-08-27,Sheffield United,Man City,1,2,0.0691418653554132,0.16725820734756378,0.7635999272970231,False
2023-24,2023-09-01,Luton,West Ham,1,2,0.1893496761177711,0.2642881477035579,0.5463621761786712,True
2023-24,2023-09-02,Brentford,Bournemouth,2,2,0.6430654164427674,0.2051335866396738,0.15180099691755888,False
2023-24,2023-09-02,Brighton,Newcastle,3,1,0.42469656643628084,0.25854650304414944,0.31675693051956955,False
2023-24,2023-09-02,Burnley,Tottenham,2,5,0.24208007147559646,0.24560568313221698,0.5123142453921865,False
2023-24,2023-09-02,Chelsea,Nott'm Forest,0,1,0.657114951360077,0.20706250816503646,0.13582254047488646,False
2023-24,2023-09-02,Man City,Fulham,5,1,0.8093154408095111,0.12627197438784918,0.06441258480263977,False
2023-24,2023-09-02,Sheffield United,Everton,2,2,0.3029246645008672,0.3271268053325828,0.3699485301665498,False
2023-24,2023-09-03,Liverpool,Aston Villa,3,0,0.6673494102468732,0.19119350681719283,0.14145708293593412,False
2023-24,2023-09-03,Arsenal,Man United,3,1,0.5137379571697085,0.22858559630146827,0.25767644652882304,False
2023-24,2023-09-03,Crystal Palace,Wolves,3,2,0.44693430714275567,0.29780409607510494,0.25526159678213955,False
2023-24,2023-09-16,Aston Villa,Crystal Palace,3,1,0.48797404958551505,0.2669992575233892,0.2450266928910958,False
2023-24,2023-09-16,Fulham,Luton,1,0,0.6364185945285126,0.23617120420944224,0.12741020126204525,True
2023-24,2023-09-16,Man United,Brighton,1,3,0.5152464143121493,0.2402997090968005,0.24445387659105003,False
2023-24,2023-09-16,Newcastle,Brentford,1,0,0.4380188876755875,0.26109891639600324,0.3008821959284095,False
2023-24,2023-09-16,Tottenham,Sheffield United,2,1,0.7085567532039201,0.190440910451929,0.10100233634415101,False
2023-24,2023-09-16,West Ham,Man City,1,3,0.14405775162494808,0.188239654831899,0.6677025935431529,False
2023-24,2023-09-16,Wolves,Liverpool,1,3,0.1678801054281421,0.22964910484165857,0.6024707897301994,False
2023-24,2023-09-17,Bournemouth,Chelsea,0,0,0.22231613071787804,0.24618203837078098,0.5315018309113408,False
2023-24,2023-09-17,Everton,Arsenal,0,1,0.2217746267623564,0.23036454546330762,0.5478608277743361,False
2023-24,2023-09-18,Nott'm Forest,Burnley,1,1,0.39424887705886513,0.2885919721813661,0.3171591507597689,False
2023-24,2023-09-23,Man City,Nott'm Forest,2,0,0.8822168396517654,0.0830504268661931,0.03473273348204145,False
2023-24,2023-09-23,Luton,Wolves,1,1,0.23752559703841347,0.3266854975988148,0.4357889053627715,True
2023-24,2023-09-23,Brentford,Everton,1,3,0.5673416535153102,0.23966416797138487,0.19299417851330486,False
2023-24,2023-09-23,Burnley,Man United,0,1,0.24380985173832329,0.26850498540810913,0.48768516285356767,False
2023-24,2023-09-23,Crystal Palace,Fulham,0,0,0.41728929244471274,0.27954298403493444,0.303167723520353,False
2023-24,2023-09-24,Arsenal,Tottenham,2,2,0.5265280737129561,0.21177876581466992,0.2616931604723741,False
2023-24,2023-09-24,Brighton,Bournemouth,3,1,0.6321256690911501,0.2066005470608984,0.16127378384795166,False
2023-24,2023-09-24,Chelsea,Aston Villa,0,1,0.49890196676433257,0.25998090403214485,0.24111712920352246,False
2023-24,2023-09-24,Liverpool,West Ham,3,1,0.7046542674502403,0.17153653134631863,0.12380920120344113,False
2023-24,2023-09-24,Sheffield United,Newcastle,0,8,0.21107066256938886,0.29417370095950823,0.4947556364711027,False
2023-24,2023-09-30,Wolves,Man City,2,1,0.10800703211491633,0.1902563914666982,0.7017365764183856,False
2023-24,2023-09-30,West Ham,Sheffield United,2,0,0.5842974255047736,0.2581860222793094,0.15751655221591684,False
2023-24,2023-09-30,Newcastle,Burnley,2,0,0.5724381291795176,0.2482182348422497,0.17934363597823255,False
2023-24,2023-09-30,Tottenham,Liverpool,2,1,0.32549542134766274,0.22635344272795693,0.44815113592438044,False
2023-24,2023-09-30,Everton,Luton,1,2,0.5830340079429399,0.26242874645508063,0.15453724560197935,True
2023-24,2023-09-30,Bournemouth,Arsenal,0,4,0.1744726626678158,0.19927331535216777,0.6262540219800166,False
2023-24,2023-09-30,Aston Villa,Brighton,6,1,0.4278241146769718,0.26109497404010806,0.31108091128292026,False
2023-24,2023-09-30,Man United,Crystal Palace,0,1,0.5738544965925069,0.23744521668708177,0.18870028672041145,False
2023-24,2023-10-01,Nott'm Forest,Brentford,1,1,0.26383841398457036,0.25579742451512044,0.48036416150030903,False
2023-24,2023-10-02,Fulham,Chelsea,0,2,0.31338706886631024,0.27488510205372835,0.4117278290799614,False
2023-24,2023-10-03,Luton,Burnley,1,2,0.2533052232583718,0.3266240372224139,0.42007073951921425,True
2023-24,2023-10-07,Burnley,Chelsea,1,4,0.2479197596617871,0.28561988402509275,0.4664603563131199,False
2023-24,2023-10-07,Crystal Palace,Nott'm Forest,0,0,0.5200305199546613,0.2577701560272257,0.22219932401811315,False
2023-24,2023-10-07,Everton,Bournemouth,3,0,0.4967059508407177,0.25407687505824134,0.2492171741010413,False
2023-24,2023-10-07,Fulham,Sheffield United,3,1,0.5439069866283013,0.2817516022866897,0.1743414110850089,False
2023-24,2023-10-07,Luton,Tottenham,0,1,0.12462579783486738,0.20191884064241464,0.6734553615227181,True
2023-24,2023-10-07,Man United,Brentford,2,1,0.4939121347539257,0.24822398626425682,0.2578638789818174,False
2023-24,2023-10-08,Wolves,Aston Villa,1,1,0.3212686053249163,0.2943618913707364,0.38436950330434727,False
2023-24,2023-10-08,West Ham,Newcastle,2,2,0.3894747999968044,0.25808691873696743,0.3524382812662282,False
2023-24,2023-10-08,Brighton,Liverpool,2,2,0.2547384283228049,0.23383269274912255,0.5114288789280725,False
2023-24,2023-10-08,Arsenal,Man City,1,0,0.2619466814347618,0.22453326157429998,0.5135200569909382,False
2023-24,2023-10-21,Bournemouth,Wolves,1,2,0.3664121525802404,0.2873277618925446,0.34626008552721493,False
2023-24,2023-10-21,Brentford,Burnley,3,0,0.570981760974808,0.24966578948198537,0.17935244954320656,False
2023-24,2023-10-21,Chelsea,Arsenal,2,2,0.384058650206362,0.2543404895236262,0.3616008602700118,False
2023-24,2023-10-21,Liverpool,Everton,2,0,0.7608570102634233,0.15185936064115893,0.08728362909541769,False
2023-24,2023-10-21,Man City,Brighton,2,1,0.7646520124515523,0.14711538829253487,0.0882325992559127,False
2023-24,2023-10-21,Newcastle,Crystal Palace,4,0,0.5181977891478968,0.2571092987441132,0.22469291210798992,False
2023-24,2023-10-21,Nott'm Forest,Luton,2,2,0.5467744145809549,0.2703191630963238,0.18290642232272133,True
2023-24,2023-10-21,Sheffield United,Man United,1,2,0.1801982443830974,0.27362364828251307,0.5461781073343897,False
2023-24,2023-10-22,Aston Villa,West Ham,4,1,0.4675272054777859,0.25325348935210906,0.27921930517010507,False
2023-24,2023-10-23,Tottenham,Fulham,2,0,0.605446802107616,0.20704999099731478,0.18750320689506922,False
2023-24,2023-10-27,Crystal Palace,Tottenham,1,2,0.30090388563660586,0.2487089734254682,0.45038714093792614,False
2023-24,2023-10-28,Arsenal,Sheffield United,5,0,0.7395324872438818,0.17715712483328086,0.08331038792283714,False
2023-24,2023-10-28,Bournemouth,Burnley,2,1,0.3887167623317356,0.2832910451595199,0.32799219250874445,False
2023-24,2023-10-28,Chelsea,Brentford,0,2,0.473233932606799,0.2636385932595742,0.2631274741336268,False
2023-24,2023-10-28,Wolves,Newcastle,2,2,0.2998211652869013,0.28861598285353773,0.411562851859561,False
2023-24,2023-10-29,Aston Villa,Luton,3,1,0.6857784680643664,0.21166681338592597,0.10255471854970771,True
2023-24,2023-10-29,Brighton,Fulham,1,1,0.5064781490116104,0.24904172338102218,0.2444801276073676,False
2023-24,2023-10-29,Liverpool,Nott'm Forest,3,0,0.8117025819891367,0.12309388979853719,0.06520352821232593,False
2023-24,2023-10-29,Man United,Man City,0,3,0.21788089692194204,0.2250060050623603,0.5571130980156979,False
2023-24,2023-10-29,West Ham,Everton,0,1,0.5216206045117613,0.24675407346014896,0.2316253220280895,False
2023-24,2023-11-04,Sheffield United,Wolves,2,1,0.2931473228795574,0.35098397305685713,0.3558687040635854,False
2023-24,2023-11-04,Newcastle,Arsenal,1,0,0.3451257574398642,0.24553540300085713,0.40933883955927874,False
2023-24,2023-11-04,Man City,Bournemouth,6,1,0.8939627205850738,0.07485439197654359,0.031182887438382594,False
2023-24,2023-11-04,Brentford,West Ham,3,2,0.4978426154562388,0.2462347937860493,0.25592259075771184,False
2023-24,2023-11-04,Everton,Brighton,1,1,0.3211535228850171,0.2676237013199915,0.41122277579499156,False
2023-24,2023-11-04,Burnley,Crystal Palace,0,2,0.351956011516398,0.3046568055205631,0.34338718296303883,False
2023-24,2023-11-04,Fulham,Man United,0,1,0.3101424407688282,0.2603965461708885,0.4294610130602832,False
2023-24,2023-11-05,Luton,Liverpool,1,1,0.07314286003711243,0.16042676627729263,0.7664303736855949,True
2023-24,2023-11-05,Nott'm Forest,Aston Villa,2,0,0.2868059240987916,0.2623387637152614,0.45085531218594743,False
2023-24,2023-11-06,Tottenham,Chelsea,1,4,0.4647603536018287,0.24245056899680606,0.2927890774013653,False
2023-24,2023-11-11,Wolves,Tottenham,2,1,0.2602005781153715,0.25341446018333635,0.4863849617012921,False
2023-24,2023-11-11,Crystal Palace,Everton,2,3,0.4639395879704965,0.27682761679021567,0.2592327952392879,False
2023-24,2023-11-11,Man United,Luton,1,0,0.761345896597184,0.16699797589261497,0.07165612751020094,True
2023-24,2023-11-11,Arsenal,Burnley,3,1,0.695707787378375,0.18714551428878054,0.11714669833284469,False
2023-24,2023-11-11,Bournemouth,Newcastle,2,0,0.25632943097021155,0.24713802403333665,0.49653254499645183,False
2023-24,2023-11-12,Aston Villa,Fulham,3,1,0.4891991883977043,0.2579429080196529,0.2528579035826427,False
2023-24,2023-11-12,Brighton,Sheffield United,1,1,0.613059372879247,0.24834449364546596,0.1385961334752873,False
2023-24,2023-11-12,Chelsea,Man City,4,4,0.21223312304625605,0.2360678880561352,0.5516989888976087,False
2023-24,2023-11-12,Liverpool,Brentford,3,0,0.6419194255932403,0.19975696930313108,0.15832360510362845,False
2023-24,2023-11-12,West Ham,Nott'm Forest,3,2,0.5812973661865026,0.2251253431403103,0.19357729067318705,False
2023-24,2023-11-25,Newcastle,Chelsea,4,1,0.39131959236196384,0.272387592650078,0.33629281498795816,False
2023-24,2023-11-25,Nott'm Forest,Brighton,2,3,0.27843097987052995,0.25430575453176635,0.46726326559770365,False
2023-24,2023-11-25,Man City,Liverpool,1,1,0.579982702230862,0.21251269916952392,0.20750459859961404,False
2023-24,2023-11-25,Sheffield United,Bournemouth,1,3,0.35800429970031444,0.31266752907528506,0.3293281712244006,False
2023-24,2023-11-25,Burnley,West Ham,1,2,0.3292617354099574,0.2811160364954519,0.3896222280945908,False
2023-24,2023-11-25,Brentford,Arsenal,0,1,0.3448172821387115,0.2466603872401678,0.4085223306211206,False
2023-24,2023-11-25,Luton,Crystal Palace,2,1,0.21206212626677567,0.3005867745156654,0.48735109921755887,True
2023-24,2023-11-26,Everton,Man United,0,3,0.2634441586587437,0.2570268854297353,0.479528955911521,False
2023-24,2023-11-26,Tottenham,Aston Villa,1,2,0.5459526579798311,0.22275022167679107,0.23129712034337802,False
2023-24,2023-11-27,Fulham,Wolves,3,2,0.46443476845630843,0.2842232757092708,0.2513419558344208,False
2023-24,2023-12-02,Arsenal,Wolves,2,1,0.6706571242058652,0.19968110673724607,0.12966176905688886,False
2023-24,2023-12-02,Brentford,Luton,3,1,0.71175700120434,0.19708695076485294,0.09115604803080704,True
2023-24,2023-12-02,Burnley,Sheffield United,5,0,0.45520058789377865,0.32922283678227415,0.21557657532394722,False
2023-24,2023-12-02,Newcastle,Man United,1,0,0.390907031661513,0.2594315666870391,0.34966140165144793,False
2023-24,2023-12-02,Nott'm Forest,Everton,0,1,0.38306517062459566,0.2737553318236154,0.34317949755178895,False
2023-24,2023-12-03,West Ham,Crystal Palace,1,1,0.47126872191497776,0.26215532603781483,0.26657595204720763,False
2023-24,2023-12-03,Man City,Tottenham,3,3,0.7278033560446668,0.1552999248299301,0.11689671912540311,False
2023-24,2023-12-03,Chelsea,Brighton,3,2,0.49380312098541945,0.2557586446304509,0.25043823438412954,False
2023-24,2023-12-03,Bournemouth,Aston Villa,2,2,0.2792672302705965,0.2553526933828712,0.46538007634653233,False
2023-24,2023-12-03,Liverpool,Fulham,4,3,0.7196913199366912,0.16956966960231507,0.1107390104609936,False
2023-24,2023-12-05,Luton,Arsenal,3,4,0.10321133168747107,0.1891599633504682,0.7076287049620609,True
2023-24,2023-12-05,Wolves,Burnley,1,0,0.4189699865965378,0.3128312849650096,0.2681987284384526,False
2023-24,2023-12-06,Sheffield United,Liverpool,0,2,0.11066987832487965,0.21137195090216965,0.6779581707729507,False
2023-24,2023-12-06,Aston Villa,Man City,1,0,0.16251378144369816,0.2073535244142326,0.6301326941420692,False
2023-24,2023-12-06,Brighton,Brentford,2,1,0.42373672326783357,0.2597756297577004,0.316487646974466,False
2023-24,2023-12-06,Crystal Palace,Bournemouth,0,2,0.5357857559903352,0.24917800074369906,0.21503624326596582,False
2023-24,2023-12-06,Fulham,Nott'm Forest,5,0,0.5393544940858183,0.2445556407830798,0.21608986513110184,False
2023-24,2023-12-06,Man United,Chelsea,2,1,0.4443282261306902,0.2630157119849928,0.29265606188431714,False
2023-24,2023-12-07,Tottenham,West Ham,1,2,0.5837237384859155,0.20710775629802067,0.20916850521606384,False
2023-24,2023-12-07,Everton,Newcastle,3,0,0.30563931571443037,0.26929278139901025,0.4250679028865595,False
2023-24,2023-12-09,Aston Villa,Arsenal,1,0,0.3173002822528263,0.24614597558064685,0.43655374216652687,False
2023-24,2023-12-09,Brighton,Burnley,1,1,0.5605462802048073,0.24979341054282153,0.1896603092523712,False
2023-24,2023-12-09,Crystal Palace,Liverpool,1,2,0.1960510383238714,0.23089090474970217,0.5730580569264263,False
2023-24,2023-12-09,Man United,Bournemouth,0,3,0.7001923152952645,0.17883793304065496,0.12096975166408067,False
2023-24,2023-12-09,Sheffield United,Brentford,1,0,0.21083131180200934,0.2957599454143323,0.49340874278365854,False
2023-24,2023-12-09,Wolves,Nott'm Forest,1,1,0.4648637614483491,0.28159096591335353,0.2535452726382974,False
2023-24,2023-12-10,Everton,Chelsea,2,0,0.26800257510087505,0.2727537889526326,0.4592436359464923,False
2023-24,2023-12-10,Fulham,West Ham,5,0,0.41028325323192527,0.26072494552485864,0.32899180124321614,False
2023-24,2023-12-10,Luton,Man City,1,2,0.042432082443265275,0.11714831185130663,0.8404196057054281,True
2023-24,2023-12-10,Tottenham,Newcastle,4,1,0.5184861996631798,0.22653979613284048,0.2549740042039798,False
2023-24,2023-12-15,Nott'm Forest,Tottenham,0,2,0.2186265380624694,0.21698884690547088,0.5643846150320597,False
2023-24,2023-12-16,Newcastle,Fulham,3,0,0.5201183316939608,0.24841582153495567,0.2314658467710835,False
2023-24,2023-12-16,Man City,Crystal Palace,2,2,0.8019672998516583,0.13336917987611976,0.06466352027222187,False
2023-24,2023-12-16,Burnley,Everton,0,2,0.3943419801755489,0.29619395436844353,0.3094640654560076,False
2023-24,2023-12-16,Chelsea,Sheffield United,2,0,0.6459761379058928,0.24092470801956703,0.11309915407454037,False
2023-24,2023-12-17,Arsenal,Brighton,2,0,0.586183046172841,0.21212458389792985,0.20169236992922918,False
2023-24,2023-12-17,Brentford,Aston Villa,1,2,0.4634881790806067,0.26028464258302997,0.27622717833636345,False
2023-24,2023-12-17,Liverpool,Man United,0,0,0.5957761274026692,0.21155998890692151,0.19266388369040943,False
2023-24,2023-12-17,West Ham,Wolves,3,0,0.5030957196800923,0.26618765037875947,0.2307166299411482,False
2023-24,2023-12-21,Crystal Palace,Brighton,1,1,0.35930497693754604,0.27529184468746426,0.3654031783749898,False
2023-24,2023-12-22,Aston Villa,Sheffield United,1,1,0.594221848460082,0.2610491678440501,0.1447289836958679,False
2023-24,2023-12-23,Tottenham,Everton,2,1,0.6555775126963038,0.19258531937337153,0.15183716793032462,False
2023-24,2023-12-23,West Ham,Man United,2,0,0.34139164946903056,0.25317603767510954,0.4054323128558599,False
2023-24,2023-12-23,Nott'm Forest,Bournemouth,2,3,0.45125457515115275,0.2559004724281751,0.29284495242067204,False
2023-24,2023-12-23,Luton,Newcastle,1,0,0.15822003596110495,0.2541902594439465,0.5875897045949485,True
2023-24,2023-12-23,Liverpool,Arsenal,1,1,0.553414679033527,0.21348792338499956,0.23309739758147346,False
2023-24,2023-12-23,Fulham,Burnley,0,2,0.4885276521876497,0.27610071760847726,0.23537163020387306,False
2023-24,2023-12-24,Wolves,Chelsea,2,1,0.2638768514237908,0.293161373689885,0.4429617748863241,False
2023-24,2023-12-26,Bournemouth,Fulham,3,0,0.3287038403291387,0.26275747043808473,0.4085386892327766,False
2023-24,2023-12-26,Burnley,Liverpool,0,2,0.15368904065677177,0.21816541565041234,0.6281455436928158,False
2023-24,2023-12-26,Man United,Aston Villa,3,2,0.5207738466352845,0.24393077747283912,0.23529537589187646,False
2023-24,2023-12-26,Newcastle,Nott'm Forest,1,3,0.6277092586520243,0.21338297111687826,0.15890777023109778,False
2023-24,2023-12-26,Sheffield United,Luton,2,3,0.43459128550354975,0.35209733292635215,0.2133113815700981,True
2023-24,2023-12-27,Chelsea,Crystal Palace,2,1,0.5496538816374843,0.2553219540993773,0.1950241642631383,False
2023-24,2023-12-27,Everton,Man City,1,3,0.10299886344115178,0.16975534365953435,0.7272457928993139,False
2023-24,2023-12-27,Brentford,Wolves,1,4,0.5459713119687193,0.26026835797236175,0.19376033005891907,False
2023-24,2023-12-28,Arsenal,West Ham,0,2,0.6291491694093103,0.19715236108754422,0.17369846950314544,False
2023-24,2023-12-28,Brighton,Tottenham,4,2,0.38107531293916175,0.2383721397421528,0.3805525473186855,False
2023-24,2023-12-30,Aston Villa,Burnley,3,2,0.5423659759465993,0.26053578385261045,0.1970982402007904,False
2023-24,2023-12-30,Crystal Palace,Brentford,3,1,0.3421969233451474,0.2795710093888383,0.3782320672660143,False
2023-24,2023-12-30,Luton,Chelsea,2,3,0.13688485173484996,0.2499101466156386,0.6132050016495114,True
2023-24,2023-12-30,Man City,Sheffield United,2,0,0.8605550669551905,0.10602527428385239,0.03341965876095701,False
2023-24,2023-12-30,Nott'm Forest,Man United,2,1,0.2234351641919511,0.23827726209575203,0.5382875737122967,False
2023-24,2023-12-30,Wolves,Everton,3,0,0.41219765738305036,0.29747091193251674,0.290331430684433,False
2023-24,2023-12-31,Tottenham,Bournemouth,3,1,0.7319236999153798,0.156066350810014,0.11200994927460636,False
2023-24,2023-12-31,Fulham,Arsenal,2,1,0.2660451327949084,0.23854926898476228,0.49540559822032926,False
2023-24,2024-01-01,Liverpool,Newcastle,4,2,0.6435941645405113,0.19844228804233457,0.15796354741715388,False
2023-24,2024-01-02,West Ham,Brighton,0,0,0.4078119306860536,0.25434758778229344,0.33784048153165297,False
2023-24,2024-01-12,Burnley,Luton,1,1,0.5427871908085649,0.29063179800366035,0.1665810111877748,True
2023-24,2024-01-13,Chelsea,Fulham,1,0,0.5531366351804907,0.24637435076839176,0.20048901405111735,False
2023-24,2024-01-13,Newcastle,Man City,2,3,0.1805059721990039,0.21377929100417564,0.6057147367968206,False
2023-24,2024-01-14,Everton,Aston Villa,0,0,0.32878948054435453,0.2748493332935715,0.39636118616207405,False
2023-24,2024-01-14,Man United,Tottenham,2,2,0.455378784969539,0.23292683174905432,0.3116943832814066,False
2023-24,2024-01-20,Arsenal,Crystal Palace,5,0,0.6440265575416859,0.20347319614191758,0.15250024631639653,False
2023-24,2024-01-20,Brentford,Nott'm Forest,3,2,0.626221601696366,0.2147066465994701,0.15907175170416377,False
2023-24,2024-01-21,Bournemouth,Liverpool,0,4,0.12469391799425349,0.17378679520414733,0.7015192868015994,False
2023-24,2024-01-21,Sheffield United,West Ham,2,2,0.24790190131230505,0.29836445202671485,0.45373364666098015,False
2023-24,2024-01-22,Brighton,Wolves,0,0,0.5353722045538412,0.2599330490372952,0.20469474640886354,False
2023-24,2024-01-30,Nott'm Forest,Arsenal,1,2,0.18273576218595905,0.20796793944898812,0.6092962983650528,False
2023-24,2024-01-30,Luton,Brighton,4,0,0.1672727264293818,0.25595870556885,0.576768568001768,True
2023-24,2024-01-30,Aston Villa,Newcastle,1,3,0.40939943028411413,0.2656800741602202,0.3249204955556655,False
2023-24,2024-01-30,Crystal Palace,Sheffield United,3,2,0.5232228628053271,0.298201394337989,0.17857574285668396,False
2023-24,2024-01-30,Fulham,Everton,0,0,0.4815970985416017,0.2641293385487089,0.2542735629096895,False
2023-24,2024-01-31,Liverpool,Chelsea,4,1,0.5892403482871176,0.22228232576334042,0.18847732594954197,False
2023-24,2024-01-31,Man City,Burnley,3,1,0.8368359498123225,0.11560009762831601,0.04756395255936174,False
2023-24,2024-01-31,Tottenham,Brentford,3,2,0.5172459035963451,0.22769240260234808,0.2550616938013067,False
2023-24,2024-02-01,West Ham,Bournemouth,1,1,0.5979298598255207,0.21636195833984248,0.18570818183463675,False
2023-24,2024-02-01,Wolves,Man United,3,4,0.26056207356591876,0.27625059593206763,0.46318733050201344,False
2023-24,2024-02-03,Sheffield United,Aston Villa,0,5,0.22835484076801932,0.3047592879758919,0.4668858712560888,False
2023-24,2024-02-03,Everton,Tottenham,2,2,0.26161813257653,0.2359569146999961,0.5024249527234739,False
2023-24,2024-02-03,Newcastle,Luton,4,4,0.7135881805448829,0.19549293630225748,0.0909188831528597,True
2023-24,2024-02-03,Brighton,Crystal Palace,4,1,0.5051785019391166,0.2576751809018276,0.23714631715905582,False
2023-24,2024-02-03,Burnley,Fulham,2,2,0.35049009129908887,0.29307848880383686,0.3564314198970744,False
2023-24,2024-02-04,Arsenal,Liverpool,3,1,0.3743754192432336,0.2342404558214158,0.3913841249353506,False
2023-24,2024-02-04,Bournemouth,Nott'm Forest,1,1,0.43084353353489513,0.25835796905973235,0.3107984974053727,False
2023-24,2024-02-04,Chelsea,Wolves,2,4,0.5760779881338742,0.25588248167731104,0.16803953018881468,False
2023-24,2024-02-04,Man United,West Ham,3,0,0.5570753900549039,0.22793484131064407,0.21498976863445218,False
2023-24,2024-02-05,Brentford,Man City,1,3,0.18078957483800268,0.21509202550743398,0.6041183996545633,False
2023-24,2024-02-10,Nott'm Forest,Newcastle,2,3,0.264093492886478,0.25454647146554327,0.48136003564797886,False
2023-24,2024-02-10,Wolves,Brentford,0,2,0.29928011146125666,0.29001534617787833,0.4107045423608646,False
2023-24,2024-02-10,Tottenham,Brighton,2,1,0.5396460040879449,0.21987197319299417,0.24048202271906094,False
2023-24,2024-02-10,Luton,Sheffield United,1,3,0.3033719491069203,0.36954382968698124,0.32708422120609865,True
2023-24,2024-02-10,Liverpool,Burnley,3,1,0.7585322215494879,0.15878418663039245,0.08268359182011978,False
2023-24,2024-02-10,Fulham,Bournemouth,3,1,0.5554442834272708,0.23604213489673917,0.20851358167599007,False
2023-24,2024-02-10,Man City,Everton,2,0,0.8416393963581825,0.10906322714552852,0.04929737649628886,False
2023-24,2024-02-11,Aston Villa,Man United,1,2,0.36236559528949597,0.2628067476249944,0.3748276570855097,False
2023-24,2024-02-11,West Ham,Arsenal,0,6,0.29459707290366466,0.23461820792260452,0.47078471917373077,False
2023-24,2024-02-12,Crystal Palace,Chelsea,1,3,0.30262503079471514,0.28495498987450424,0.41241997933078056,False
2023-24,2024-02-17,Newcastle,Bournemouth,2,2,0.644566118997447,0.2038375048192747,0.15159637618327831,False
2023-24,2024-02-17,Man City,Chelsea,1,1,0.6949202133468598,0.1846422276363722,0.12043755901676802,False
2023-24,2024-02-17,Nott'm Forest,West Ham,2,0,0.3117698046494476,0.25642291654869415,0.4318072788018582,False
2023-24,2024-02-17,Burnley,Arsenal,0,5,0.20564988845829393,0.23939768946286982,0.5549524220788362,False
2023-24,2024-02-17,Brentford,Liverpool,1,4,0.268857325330186,0.241319967459345,0.48982270721046905,False
2023-24,2024-02-17,Fulham,Aston Villa,1,2,0.37976369398093945,0.2711674670713313,0.3490688389477292,False
2023-24,2024-02-17,Tottenham,Wolves,1,2,0.6326613002563521,0.21140591472517778,0.15593278501846997,False
2023-24,2024-02-18,Sheffield United,Brighton,0,5,0.22215422471731913,0.29420816767857855,0.48363760760410235,False
2023-24,2024-02-18,Luton,Man United,1,2,0.13092938817438385,0.22896467328469094,0.6401059385409253,True
2023-24,2024-02-19,Everton,Crystal Palace,1,1,0.38085588363294787,0.2870494944368829,0.33209462193016936,False
2023-24,2024-02-20,Man City,Brentford,1,0,0.7441375480305918,0.15871596693282006,0.09714648503658832,False
2023-24,2024-02-21,Liverpool,Luton,4,1,0.8652179080933204,0.10015087555875424,0.03463121634792522,True
2023-24,2024-02-24,Arsenal,Newcastle,4,1,0.5650599752853094,0.2199896812391575,0.2149503434755332,False
2023-24,2024-02-24,Aston Villa,Nott'm Forest,4,2,0.5963934953398653,0.22651254610418262,0.17709395855595206,False
2023-24,2024-02-24,Bournemouth,Man City,0,1,0.0729047279667161,0.13081573101718272,0.7962795410161014,False
2023-24,2024-02-24,Brighton,Everton,1,1,0.555852567771938,0.2398837405166066,0.20426369171145506,False
2023-24,2024-02-24,Crystal Palace,Burnley,3,0,0.47026430084381077,0.2899024198138927,0.2398332793422966,False
2023-24,2024-02-24,Man United,Fulham,1,2,0.5770912598967808,0.22926413812609536,0.19364460197712377,False
2023-24,2024-02-25,Wolves,Sheffield United,1,0,0.47025260687989484,0.327999347304367,0.20174804581573821,False
2023-24,2024-02-26,West Ham,Brentford,4,2,0.3886857794859174,0.2592835634254699,0.3520306570886127,False
2023-24,2024-03-02,Brentford,Chelsea,2,2,0.3906578573886651,0.2736695497989925,0.33567259281234263,False
2023-24,2024-03-02,Everton,West Ham,1,3,0.3562351288409753,0.2665087925998922,0.37725607855913246,False
2023-24,2024-03-02,Fulham,Brighton,3,0,0.3724571519352956,0.26509852744969664,0.3624443206150078,False
2023-24,2024-03-02,Luton,Aston Villa,2,3,0.17396112244243925,0.26768700304664533,0.5583518745109152,True
2023-24,2024-03-02,Newcastle,Wolves,3,0,0.547364188549472,0.25881351209112663,0.19382229935940132,False
2023-24,2024-03-02,Nott'm Forest,Liverpool,0,1,0.13201642198515853,0.18336985092836203,0.6846137270864795,False
2023-24,2024-03-02,Tottenham,Crystal Palace,3,1,0.6027691130156616,0.21416815275305168,0.18306273423128655,False
2023-24,2024-03-03,Burnley,Bournemouth,0,2,0.46073027955186896,0.2744537580129007,0.26481596243523037,False
2023-24,2024-03-03,Man City,Man United,3,1,0.7050596282415111,0.1738289849611224,0.12111138679736638,False
2023-24,2024-03-04,Sheffield United,Arsenal,0,6,0.14947805422118388,0.23710795364777176,0.6134139921310444,False
2023-24,2024-03-09,Wolves,Fulham,2,1,0.36839603627779577,0.2961285649408535,0.3354753987813508,False
2023-24,2024-03-09,Man United,Everton,2,0,0.6248899394563989,0.2159799039886654,0.15913015655493565,False
2023-24,2024-03-09,Crystal Palace,Luton,1,1,0.6141185571781353,0.25320610199722476,0.13267534082464,True
2023-24,2024-03-09,Bournemouth,Sheffield United,2,2,0.4521057435823689,0.30080645922982385,0.24708779718780718,False
2023-24,2024-03-09,Arsenal,Brentford,2,1,0.5636274931263687,0.22121502959366365,0.21515747727996762,False
2023-24,2024-03-10,Aston Villa,Tottenham,0,4,0.36682154183189153,0.2436732539805469,0.38950520418756157,False
2023-24,2024-03-10,Brighton,Nott'm Forest,1,0,0.6152921058031311,0.21589823931294683,0.16880965488392213,False
2023-24,2024-03-10,Liverpool,Man City,1,1,0.33813109563680344,0.24035834785663046,0.42151055650656605,False
2023-24,2024-03-10,West Ham,Burnley,2,2,0.5281763507813572,0.25714646651127815,0.21467718270736455,False
2023-24,2024-03-11,Chelsea,Newcastle,3,2,0.47446703081539243,0.2622999290228225,0.26323304016178517,False
2023-24,2024-03-13,Bournemouth,Luton,4,3,0.544276925204854,0.26666096882867274,0.18906210596647305,True
2023-24,2024-03-16,Burnley,Brentford,2,1,0.2821023897602343,0.2839996355869802,0.4338979746527854,False
2023-24,2024-03-16,Fulham,Tottenham,3,0,0.3110152135053788,0.24055224577918616,0.44843254071543515,False
2023-24,2024-03-16,Luton,Nott'm Forest,1,1,0.28113822263661586,0.302659280954859,0.41620249640852525,True
2023-24,2024-03-17,West Ham,Aston Villa,1,1,0.4152395772608658,0.25954074584775344,0.3252196768913807,False
2023-24,2024-03-30,Aston Villa,Wolves,2,0,0.5176069596895269,0.27037941056748066,0.21201362974299243,False
2023-24,2024-03-30,Bournemouth,Everton,2,1,0.3765935202230652,0.2685380866560264,0.35486839312090823,False
2023-24,2024-03-30,Brentford,Man United,1,1,0.3903244189494096,0.26062980376171935,0.3490457772888709,False
2023-24,2024-03-30,Chelsea,Burnley,2,2,0.600789364133454,0.2442169201044055,0.15499371576214063,False
2023-24,2024-03-30,Newcastle,West Ham,4,3,0.4988646108778319,0.24502458996200913,0.2561107991601589,False
2023-24,2024-03-30,Nott'm Forest,Crystal Palace,1,1,0.3392683365888882,0.27958152941637027,0.3811501339947416,False
2023-24,2024-03-30,Sheffield United,Fulham,3,3,0.2662066846879578,0.3159623461698501,0.41783096914219203,False
2023-24,2024-03-30,Tottenham,Luton,2,1,0.7951541135919289,0.14028722250789555,0.06455866390017535,True
2023-24,2024-03-31,Liverpool,Brighton,2,1,0.664236504713867,0.18908166716642746,0.14668182811970554,False
2023-24,2024-03-31,Man City,Arsenal,0,0,0.6714768226553701,0.18017587928844706,0.14834729805618285,False
2023-24,2024-04-02,West Ham,Tottenham,1,1,0.343485010711485,0.23464552939411285,0.42186945989440205,False
2023-24,2024-04-02,Nott'm Forest,Fulham,3,1,0.33587790462571687,0.26876589659018413,0.3953561987840991,False
2023-24,2024-04-02,Burnley,Wolves,1,1,0.38075718207039255,0.3176968056272959,0.3015460123023114,False
2023-24,2024-04-02,Bournemouth,Crystal Palace,1,0,0.3326455590780458,0.2734583303310703,0.39389611059088403,False
2023-24,2024-04-02,Newcastle,Everton,1,1,0.5686973104255241,0.23832338785975637,0.19297930171471944,False
2023-24,2024-04-03,Arsenal,Luton,2,0,0.8211012278614578,0.12688668631876354,0.05201208581977855,True
2023-24,2024-04-03,Brentford,Brighton,0,0,0.4572906884091089,0.2557342442142773,0.2869750673766138,False
2023-24,2024-04-03,Man City,Aston Villa,4,1,0.7655958242134113,0.14894137396213808,0.0854628018244507,False
2023-24,2024-04-04,Chelsea,Man United,4,3,0.4275103331708797,0.2650534090195568,0.3074362578095634,False
2023-24,2024-04-04,Liverpool,Sheffield United,3,1,0.7933370409671092,0.14817732087531726,0.05848563815757357,False
2023-24,2024-04-06,Wolves,West Ham,1,2,0.34769914877253655,0.2851084276896272,0.3671924235378363,False
2023-24,2024-04-06,Luton,Bournemouth,2,1,0.2907912542485943,0.29742275466010937,0.4117859910912965,True
2023-24,2024-04-06,Fulham,Newcastle,0,1,0.3553438736636768,0.2681290540730437,0.37652707226327925,False
2023-24,2024-04-06,Crystal Palace,Man City,2,4,0.12705350153059214,0.1944849709384857,0.6784615275309221,False
2023-24,2024-04-06,Brighton,Arsenal,0,3,0.32976771098744007,0.24158665220184852,0.42864563681071133,False
2023-24,2024-04-06,Aston Villa,Brentford,3,3,0.4084751539273065,0.26694268183582537,0.3245821642368681,False
2023-24,2024-04-06,Everton,Burnley,1,0,0.43486491263910376,0.2911444614686528,0.2739906258922431,False
2023-24,2024-04-07,Man United,Liverpool,2,2,0.3165940789807638,0.24352803954695884,0.4398778814722773,False
2023-24,2024-04-07,Sheffield United,Chelsea,2,2,0.1845147963959637,0.29399833752730886,0.5214868660767273,False
2023-24,2024-04-07,Tottenham,Nott'm Forest,3,1,0.715155638696428,0.1654903420765376,0.11935401922703441,False
2023-24,2024-04-13,Nott'm Forest,Wolves,2,2,0.37204862196604616,0.29306592827828815,0.33488544975566553,False
2023-24,2024-04-13,Man City,Luton,5,1,0.9168407988092327,0.0650911922880678,0.0180680089026996,True
2023-24,2024-04-13,Newcastle,Tottenham,4,0,0.3970899098981172,0.2408031865774168,0.36210690352446584,False
2023-24,2024-04-13,Brentford,Sheffield United,2,0,0.6211574591406945,0.24777828717812445,0.1310642536811809,False
2023-24,2024-04-13,Bournemouth,Man United,2,2,0.21547747551909827,0.23009359047849023,0.5544289340024116,False
2023-24,2024-04-13,Burnley,Brighton,1,1,0.29684783670364634,0.281205706681696,0.4219464566146577,False
2023-24,2024-04-14,Arsenal,Aston Villa,0,2,0.5911892627469773,0.2146720994526351,0.19413863780038754,False
2023-24,2024-04-14,Liverpool,Crystal Palace,0,1,0.7136442006972308,0.17689213696885797,0.10946366233391126,False
2023-24,2024-04-14,West Ham,Fulham,0,2,0.4713119494779272,0.25338431442994,0.27530373609213266,False
2023-24,2024-04-15,Chelsea,Everton,6,0,0.5994485619972115,0.2341931759242907,0.1663582620784977,False
2023-24,2024-04-20,Luton,Brentford,1,5,0.1582488921280713,0.25575746505671687,0.5859936428152117,True
2023-24,2024-04-20,Sheffield United,Burnley,1,4,0.31084769177168836,0.3479749072594324,0.3411774009688792,False
2023-24,2024-04-20,Wolves,Arsenal,0,2,0.22222327993605823,0.24878316515182045,0.5289935549121214,False
2023-24,2024-04-21,Fulham,Liverpool,1,3,0.20122534835825434,0.2231537236121854,0.5756209280295601,False
2023-24,2024-04-21,Everton,Nott'm Forest,2,0,0.4815864817245845,0.261806292002282,0.2566072262731334,False
2023-24,2024-04-21,Crystal Palace,West Ham,5,2,0.3956073919583061,0.27133245919837046,0.33306014884332324,False
2023-24,2024-04-21,Aston Villa,Bournemouth,3,1,0.6130737165533825,0.21722320317950883,0.16970308026710856,False
2023-24,2024-04-23,Arsenal,Chelsea,5,0,0.5107185852701317,0.23929726021017106,0.2499841545196973,False
2023-24,2024-04-24,Crystal Palace,Newcastle,2,0,0.3428748529437158,0.2782544617214751,0.3788706853348091,False
2023-24,2024-04-24,Everton,Liverpool,2,0,0.16487102331105924,0.2100353645106517,0.6250936121782891,False
2023-24,2024-04-24,Man United,Sheffield United,4,2,0.6737806208529336,0.21883592731968182,0.10738345182738451,False
2023-24,2024-04-24,Wolves,Bournemouth,0,1,0.47958369739088713,0.27344513952412786,0.24697116308498496,False
2023-24,2024-04-25,Brighton,Man City,0,4,0.1686319611089362,0.20491126260406292,0.6264567762870008,False
2023-24,2024-04-27,Newcastle,Sheffield United,5,1,0.6229036968768661,0.2461237831619436,0.13097251996119036,False
2023-24,2024-04-27,West Ham,Liverpool,2,2,0.22370713683575066,0.22203737273552004,0.5542554904287293,False
2023-24,2024-04-27,Man United,Burnley,1,1,0.6268070367701633,0.22474583603502607,0.1484471271948105,False
2023-24,2024-04-27,Wolves,Luton,2,1,0.5580231009197291,0.2870696924746554,0.1549072066056154,True
2023-24,2024-04-27,Everton,Brentford,1,0,0.30516277714177786,0.2705745506166421,0.4242626722415799,False
2023-24,2024-04-27,Aston Villa,Chelsea,2,2,0.3636673326904889,0.2763519457833807,0.3599807215261305,False
2023-24,2024-04-27,Fulham,Crystal Palace,1,1,0.43346205888150047,0.27755651976088386,0.28898142135761573,False
2023-24,2024-04-28,Nott'm Forest,Man City,0,2,0.0786350848187717,0.1406172046897837,0.7807477104914446,False
2023-24,2024-04-28,Tottenham,Arsenal,2,3,0.4147490515105393,0.22476620521590449,0.36048474327355623,False
2023-24,2024-04-28,Bournemouth,Brighton,3,0,0.27055903982056273,0.247257815816919,0.4821831443625184,False
2023-24,2024-05-02,Chelsea,Tottenham,2,0,0.43720139748974074,0.24573086481813874,0.31706773769212027,False
2023-24,2024-05-03,Luton,Everton,1,1,0.2424782937474818,0.30328562634054046,0.4542360799119777,True
2023-24,2024-05-04,Arsenal,Bournemouth,3,0,0.7679164044677698,0.14203771961737294,0.09004587591485713,False
2023-24,2024-05-04,Brentford,Fulham,0,0,0.5189577338770058,0.24970105279533836,0.2313412133276557,False
2023-24,2024-05-04,Burnley,Newcastle,1,4,0.28254689769240415,0.2826157026222682,0.43483739968532775,False
2023-24,2024-05-04,Man City,Wolves,5,1,0.8173029149091477,0.12817138183697266,0.05452570325387971,False
2023-24,2024-05-04,Sheffield United,Nott'm Forest,1,3,0.34627881380036474,0.3195040560075918,0.33421713019204363,False
2023-24,2024-05-05,Brighton,Aston Villa,1,0,0.45035533245594095,0.25837589558850965,0.29126877195554945,False
2023-24,2024-05-05,Chelsea,West Ham,5,0,0.5341153554297833,0.2439126865847753,0.2219719579854413,False
2023-24,2024-05-05,Liverpool,Tottenham,4,2,0.613860389302686,0.19388375102947947,0.19225585966783443,False
2023-24,2024-05-06,Crystal Palace,Man United,4,0,0.299783052027213,0.26964873933308664,0.43056820863970047,False
2023-24,2024-05-11,Wolves,Crystal Palace,1,3,0.36912871698454175,0.30757717263607776,0.3232941103793806,False
2023-24,2024-05-11,West Ham,Luton,3,1,0.6776510883735023,0.21061080393204962,0.111738107694448,True
2023-24,2024-05-11,Tottenham,Burnley,2,1,0.6586056713043489,0.19964797938844722,0.14174634930720392,False
2023-24,2024-05-11,Nott'm Forest,Chelsea,2,3,0.2297111592955497,0.25450233069293615,0.5157865100115143,False
2023-24,2024-05-11,Fulham,Man City,0,4,0.1290923533720437,0.186894725619845,0.6840129210081112,False
2023-24,2024-05-11,Everton,Sheffield United,1,0,0.491725593123732,0.3032542922755954,0.2050201146006726,False
2023-24,2024-05-11,Bournemouth,Brentford,1,2,0.25613173552497137,0.24836020899408293,0.4955080554809456,False
2023-24,2024-05-11,Newcastle,Brighton,1,1,0.45816653660058587,0.2545196478884788,0.2873138155109354,False
2023-24,2024-05-12,Man United,Arsenal,0,1,0.39958726625304275,0.24202289264424215,0.3583898411027151,False
2023-24,2024-05-13,Aston Villa,Liverpool,3,3,0.24510360816022897,0.2372906644254196,0.5176057274143515,False
2023-24,2024-05-14,Tottenham,Man City,0,2,0.21939571099573205,0.20720242420643017,0.5734018647978376,False
2023-24,2024-05-15,Brighton,Chelsea,1,2,0.3775019902370572,0.2697835624884724,0.3527144472744704,False
2023-24,2024-05-15,Man United,Newcastle,3,2,0.4951587058455583,0.24696055804379116,0.2578807361106506,False
2023-24,2024-05-19,Liverpool,Wolves,2,0,0.7353565491729268,0.17192578137226638,0.0927176694548067,False
2023-24,2024-05-19,Sheffield United,Tottenham,0,3,0.17685470761071995,0.2466486707233113,0.5764966216659688,False
2023-24,2024-05-19,Man City,West Ham,3,1,0.7993893274626546,0.1285664572467486,0.0720442152905968,False
2023-24,2024-05-19,Luton,Fulham,2,4,0.2079300996526171,0.2854268410753482,0.5066430592720348,True
2023-24,2024-05-19,Crystal Palace,Aston Villa,5,0,0.3661772612506604,0.28184590480667476,0.3519768339426648,False
2023-24,2024-05-19,Arsenal,Everton,2,1,0.6950468770858074,0.18006393230827747,0.12488919060591516,False
2023-24,2024-05-19,Burnley,Nott'm Forest,1,2,0.4463992323493294,0.28214791432483777,0.27145285332583297,False
2023-24,2024-05-19,Brighton,Man United,0,2,0.37624494939387276,0.2568183624280131,0.366936688178114,False
2023-24,2024-05-19,Brentford,Newcastle,2,4,0.4382424224970112,0.26107190328099233,0.30068567422199644,False
2023-24,2024-05-19,Chelsea,Bournemouth,2,1,0.6739483914509558,0.19692977209644139,0.12912183645260278,False
2024-25,2024-08-16,Man United,Fulham,1,0,0.5342887574473065,0.23676979306932883,0.2289414494833646,False
2024-25,2024-08-17,West Ham,Aston Villa,1,2,0.37595391879585666,0.23817723048350198,0.38586885072064137,False
2024-25,2024-08-17,Nott'm Forest,Bournemouth,1,1,0.43964975678099316,0.24796455909070345,0.31238568412830336,False
2024-25,2024-08-17,Newcastle,Southampton,1,0,0.6872941633321514,0.17853894940002124,0.13416688726782722,False
2024-25,2024-08-17,Everton,Brighton,0,3,0.3508888203513567,0.2848202654292594,0.36429091421938364,False
2024-25,2024-08-17,Arsenal,Wolves,2,0,0.7411956252622283,0.1673432474946831,0.09146112724308872,False
2024-25,2024-08-17,Ipswich,Liverpool,0,2,0.06644396191736882,0.13669048099856654,0.7968655570840648,True
2024-25,2024-08-18,Brentford,Crystal Palace,2,1,0.4569755999805223,0.25629911931639676,0.2867252807030808,False
2024-25,2024-08-18,Chelsea,Man City,0,2,0.2062788544663302,0.21770506778974263,0.576016077743927,False
2024-25,2024-08-19,Leicester,Tottenham,1,1,0.37479699805208855,0.2284352432173891,0.39676775873052234,False
2024-25,2024-08-24,Man City,Ipswich,4,1,0.9353615801459274,0.05012255751745433,0.014515862336618154,True
2024-25,2024-08-24,Tottenham,Everton,4,0,0.6131071154778212,0.21500547463431666,0.17188740988786208,False
2024-25,2024-08-24,Fulham,Leicester,2,1,0.4231957007371035,0.24763112551425295,0.3291731737486434,False
2024-25,2024-08-24,Southampton,Nott'm Forest,0,1,0.40383968676916887,0.2584148952514128,0.33774541797941826,False
2024-25,2024-08-24,Brighton,Man United,2,1,0.38408122861606775,0.25791397661633997,0.35800479476759217,False
2024-25,2024-08-24,Aston Villa,Arsenal,0,2,0.2647826881890532,0.2341557450233297,0.5010615667876173,False
2024-25,2024-08-24,Crystal Palace,West Ham,0,2,0.4665401024273863,0.24737342570086945,0.28608647187174435,False
2024-25,2024-08-25,Bournemouth,Newcastle,1,1,0.28429459691678105,0.22940065249836805,0.48630475058485084,False
2024-25,2024-08-25,Liverpool,Brentford,2,0,0.6960926007263026,0.17596857365808832,0.12793882561560938,False
2024-25,2024-08-25,Wolves,Chelsea,2,6,0.28115616292786694,0.25905656383758147,0.4597872732345517,False
2024-25,2024-08-31,Nott'm Forest,Wolves,1,1,0.41393712405300404,0.2720282604710571,0.31403461547593886,False
2024-25,2024-08-31,Leicester,Aston Villa,1,2,0.4104787733667288,0.2389046180980843,0.35061660853518684,False
2024-25,2024-08-31,Ipswich,Fulham,1,1,0.2005893562718913,0.24864982208079994,0.5507608216473089,True
2024-25,2024-08-31,West Ham,Man City,1,3,0.1270686441594774,0.17305478764622279,0.6998765681942997,False
2024-25,2024-08-31,Brentford,Southampton,3,1,0.5957058259265826,0.2189616755829457,0.18533249849047173,False
2024-25,2024-08-31,Arsenal,Brighton,1,1,0.6874982348418035,0.1846313792647514,0.12787038589344513,False
2024-25,2024-08-31,Everton,Bournemouth,2,3,0.4429520234365556,0.2709253040592957,0.2861226725041487,False
2024-25,2024-09-01,Man United,Liverpool,0,3,0.28073561641917455,0.24010253654527625,0.47916184703554937,False
2024-25,2024-09-01,Newcastle,Tottenham,2,1,0.4630508541703977,0.21960969773783767,0.3173394480917645,False
2024-25,2024-09-01,Chelsea,Crystal Palace,1,1,0.5468752329934201,0.23341811219494665,0.21970665481163332,False
2024-25,2024-09-14,Southampton,Man United,0,3,0.2530345695572663,0.24489715629261627,0.5020682741501172,False
2024-25,2024-09-14,Aston Villa,Everton,3,2,0.5588241306349975,0.2415963288842002,0.1995795404808024,False
2024-25,2024-09-14,Bournemouth,Chelsea,0,1,0.2762314263334321,0.23484402463993767,0.48892454902663024,False
2024-25,2024-09-14,Brighton,Ipswich,0,0,0.7122040885165848,0.18481357394081915,0.10298233754259603,True
2024-25,2024-09-14,Crystal Palace,Leicester,2,2,0.43088630069566236,0.2532199237454378,0.31589377555889975,False
2024-25,2024-09-14,Fulham,West Ham,1,1,0.45942047203065567,0.2424311023685551,0.298148425600789,False
2024-25,2024-09-14,Liverpool,Nott'm Forest,0,1,0.7878420043870324,0.13469704222460377,0.07746095338836367,False
2024-25,2024-09-14,Man City,Brentford,2,1,0.78895475953774,0.13531024490664312,0.07573499555561697,False
2024-25,2024-09-15,Wolves,Newcastle,1,2,0.28949337418376964,0.2526864098490443,0.45782021596718625,False
2024-25,2024-09-15,Tottenham,Arsenal,0,1,0.30196986376583657,0.22896016688993465,0.46906996934422895,False
2024-25,2024-09-21,Aston Villa,Wolves,3,1,0.5704872303123844,0.23290668801692346,0.1966060816706921,False
2024-25,2024-09-21,Crystal Palace,Man United,0,0,0.36684896208538037,0.2647886722893311,0.3683623656252884,False
2024-25,2024-09-21,Fulham,Newcastle,3,1,0.34889106110126666,0.24335887579881213,0.4077500630999213,False
2024-25,2024-09-21,Leicester,Everton,1,1,0.5150597266576168,0.2527718425733734,0.23216843076900967,False
2024-25,2024-09-21,Liverpool,Bournemouth,3,0,0.7860811636406853,0.1340585751665926,0.07986026119272224,False
2024-25,2024-09-21,Southampton,Ipswich,1,1,0.5784244610796343,0.24069731539209313,0.18087822352827226,True
2024-25,2024-09-21,Tottenham,Brentford,3,1,0.5564469518209063,0.21291265862278866,0.230640389556305,False
2024-25,2024-09-21,West Ham,Chelsea,0,3,0.3362833116002949,0.23711798157722533,0.42659870682247986,False
2024-25,2024-09-22,Brighton,Nott'm Forest,2,2,0.5517362685793468,0.2327837577619667,0.2154799736586866,False
2024-25,2024-09-22,Man City,Arsenal,2,2,0.56420424079839,0.22486949048438307,0.21092626871722686,False
2024-25,2024-09-28,Wolves,Liverpool,1,2,0.1699318936616538,0.22113542906359085,0.6089326772747554,False
2024-25,2024-09-28,Nott'm Forest,Fulham,0,1,0.3668460896347876,0.2582919724351943,0.37486193793001793,False
2024-25,2024-09-28,Newcastle,Man City,1,1,0.19909206942894364,0.20798056055139902,0.5929273700196575,False
2024-25,2024-09-28,Brentford,West Ham,1,1,0.4932455554401205,0.2334320443330477,0.2733224002268318,False
2024-25,2024-09-28,Chelsea,Brighton,4,2,0.5391444050546411,0.2302683645126808,0.23058723043267804,False
2024-25,2024-09-28,Arsenal,Leicester,4,2,0.7030570434909094,0.17223004117480104,0.12471291533428965,False
2024-25,2024-09-28,Everton,Crystal Palace,2,1,0.35949336378023034,0.2924345914894257,0.3480720447303439,False
2024-25,2024-09-29,Ipswich,Aston Villa,2,2,0.1531310423629842,0.21233181270310506,0.6345371449339108,True
2024-25,2024-09-29,Man United,Tottenham,0,3,0.4356257551186341,0.23374616458763808,0.3306280802937278,False
2024-25,2024-09-30,Bournemouth,Southampton,3,1,0.4984566596370339,0.24225736864364164,0.2592859717193245,False
2024-25,2024-10-05,Leicester,Bournemouth,1,0,0.5598615036843908,0.21879659273170918,0.22134190358390007,False
2024-25,2024-10-05,Man City,Fulham,3,2,0.8042024205205309,0.12880056505359655,0.06699701442587248,False
2024-25,2024-10-05,Everton,Newcastle,0,0,0.29110731973666587,0.2601884247551482,0.44870425550818605,False
2024-25,2024-10-05,West Ham,Ipswich,4,1,0.7029458356814119,0.18245010758918045,0.11460405672940763,True
2024-25,2024-10-05,Brentford,Wolves,5,3,0.5195354389578922,0.2516954340774136,0.228769126964694,False
2024-25,2024-10-05,Crystal Palace,Liverpool,0,1,0.21851039915990073,0.2334507424671118,0.5480388583729876,False
2024-25,2024-10-05,Arsenal,Southampton,3,1,0.8096050294266414,0.12601563719084302,0.06437933338251595,False
2024-25,2024-10-06,Aston Villa,Man United,0,0,0.43757303306255985,0.2444905977884541,0.31793636914898604,False
2024-25,2024-10-06,Brighton,Tottenham,3,2,0.3693724307322722,0.23866553213697198,0.39196203713075584,False
2024-25,2024-10-06,Chelsea,Nott'm Forest,1,1,0.6507546101769242,0.19450526778601462,0.15474012203706128,False
2024-25,2024-10-19,Tottenham,West Ham,4,1,0.6040625585843379,0.19520689502561284,0.20073054639004922,False
2024-25,2024-10-19,Newcastle,Brighton,0,1,0.5381157297757952,0.2250045105622877,0.23687975966191716,False
2024-25,2024-10-19,Man United,Brentford,2,1,0.5099095545941712,0.23850894948611506,0.25158149591971385,False
2024-25,2024-10-19,Southampton,Leicester,2,3,0.30646381357265956,0.24628206167025202,0.4472541247570885,False
2024-25,2024-10-19,Fulham,Aston Villa,1,3,0.3765802114262091,0.2503401745995965,0.3730796139741945,False
2024-25,2024-10-19,Bournemouth,Arsenal,2,0,0.1578597741975017,0.19723156847657314,0.6449086573259251,False
2024-25,2024-10-19,Ipswich,Everton,0,2,0.2368969158775533,0.2896791719586619,0.47342391216378465,True
2024-25,2024-10-20,Liverpool,Chelsea,2,1,0.6191456479291712,0.20108499061668672,0.17976936145414207,False
2024-25,2024-10-20,Wolves,Man City,1,2,0.10856179136521002,0.18409567119749942,0.7073425374372906,False
2024-25,2024-10-21,Nott'm Forest,Crystal Palace,1,0,0.35223283574042275,0.26501668507657916,0.3827504791829982,False
2024-25,2024-10-25,Leicester,Nott'm Forest,1,3,0.5654915962518501,0.22050432964091557,0.21400407410723427,False
2024-25,2024-10-26,Man City,Southampton,1,0,0.8812536185183651,0.08420909945434123,0.03453728202729378,False
2024-25,2024-10-26,Aston Villa,Bournemouth,1,1,0.6072931814941752,0.20603301431860024,0.1866738041872245,False
2024-25,2024-10-26,Brentford,Ipswich,4,3,0.7210451447584568,0.17812183714646881,0.10083301809507449,True
2024-25,2024-10-26,Brighton,Wolves,2,2,0.5125649050772909,0.2576172464523112,0.22981784847039782,False
2024-25,2024-10-26,Everton,Fulham,1,1,0.3742771384877192,0.2843760272606705,0.3413468342516103,False
2024-25,2024-10-27,West Ham,Man United,2,1,0.3578714867208682,0.24493959819160735,0.39718891508752446,False
2024-25,2024-10-27,Crystal Palace,Tottenham,1,0,0.35230319674415467,0.24430551131981193,0.4033912919360334,False
2024-25,2024-10-27,Arsenal,Liverpool,2,2,0.4572543521841296,0.24187232467949474,0.3008733231363758,False
2024-25,2024-10-27,Chelsea,Newcastle,2,1,0.47196717360304563,0.22900924389201133,0.2990235825049431,False
2024-25,2024-11-02,Bournemouth,Man City,2,1,0.09704108119583219,0.15440024067513594,0.7485586781290319,False
2024-25,2024-11-02,Ipswich,Leicester,1,1,0.18150649148328318,0.22711068475282498,0.5913828237638918,True
2024-25,2024-11-02,Liverpool,Brighton,2,1,0.6909827792655132,0.18055494222935187,0.12846227850513514,False
2024-25,2024-11-02,Newcastle,Arsenal,1,0,0.2931784576800297,0.23322125438988578,0.4736002879300844,False
2024-25,2024-11-02,Nott'm Forest,West Ham,3,0,0.37955467725930825,0.24566468894017165,0.37478063380052007,False
2024-25,2024-11-02,Southampton,Everton,1,0,0.3671894460573162,0.2857862246863127,0.34702432925637117,False
2024-25,2024-11-02,Wolves,Crystal Palace,2,2,0.3603660483306222,0.2847131998845991,0.3549207517847786,False
2024-25,2024-11-03,Man United,Chelsea,1,1,0.4272837270611671,0.24600801228266067,0.3267082606561722,False
2024-25,2024-11-03,Tottenham,Aston Villa,4,1,0.5121299761814802,0.21773667296253968,0.27013335085598,False
2024-25,2024-11-04,Fulham,Brentford,2,1,0.4177253374048667,0.2543325751837785,0.3279420874113549,False
2024-25,2024-11-09,Wolves,Southampton,2,0,0.48614698141600104,0.2644709803347925,0.24938203824920652,False
2024-25,2024-11-09,West Ham,Everton,0,0,0.483487251365226,0.2582611556741238,0.2582515929606504,False
2024-25,2024-11-09,Liverpool,Aston Villa,2,0,0.6600525555110188,0.18675441457545108,0.15319302991353018,False
2024-25,2024-11-09,Brentford,Bournemouth,3,2,0.5535885579636168,0.2253086876121986,0.2211027544241846,False
2024-25,2024-11-09,Brighton,Man City,2,1,0.1502044266149683,0.2000232098241197,0.6497723635609121,False
2024-25,2024-11-09,Crystal Palace,Fulham,0,2,0.4491495840456521,0.2617845872834888,0.2890658286708593,False
2024-25,2024-11-10,Chelsea,Arsenal,1,1,0.29947616883331335,0.24123787543221334,0.4592859557344733,False
2024-25,2024-11-10,Man United,Leicester,3,0,0.5175050897234077,0.231532113077145,0.25096279719944725,False
2024-25,2024-11-10,Nott'm Forest,Newcastle,1,3,0.27488910555495394,0.23181955826935913,0.4932913361756869,False
2024-25,2024-11-10,Tottenham,Ipswich,1,2,0.8155953666092054,0.12202342548821236,0.062381207902582336,True
2024-25,2024-11-23,Man City,Tottenham,0,4,0.7429682295828341,0.15021154683232238,0.10682022358484353,False
2024-25,2024-11-23,Leicester,Chelsea,1,2,0.36974362301277186,0.2401556917665373,0.3901006852206909,False
2024-25,2024-11-23,Everton,Brentford,0,0,0.35195046369180905,0.2793586910702303,0.36869084523796064,False
2024-25,2024-11-23,Fulham,Wolves,1,4,0.4871733175084122,0.26324825186438167,0.24957843062720617,False
2024-25,2024-11-23,Aston Villa,Crystal Palace,2,2,0.5076596309478983,0.24209258092317418,0.2502477881289274,False
2024-25,2024-11-23,Arsenal,Nott'm Forest,3,0,0.7836926542318788,0.1385728745743845,0.07773447119373686,False
2024-25,2024-11-23,Bournemouth,Brighton,1,2,0.352835803268883,0.25374504285136645,0.3934191538797505,False
2024-25,2024-11-24,Ipswich,Man United,1,1,0.14623965025317415,0.21601547116711625,0.6377448785797095,True
2024-25,2024-11-24,Southampton,Liverpool,2,3,0.13091921521110678,0.183075696963604,0.686005087825289,False
2024-25,2024-11-25,Newcastle,West Ham,0,2,0.5881065535628256,0.2033361788266367,0.20855726761053772,False
2024-25,2024-11-29,Brighton,Southampton,1,1,0.5879558428013301,0.22483519805755225,0.18720895914111763,False
2024-25,2024-11-30,West Ham,Arsenal,2,5,0.20009160546209032,0.21172663831576544,0.5881817562221443,False
2024-25,2024-11-30,Nott'm Forest,Ipswich,1,0,0.6211330548708764,0.22277808921637712,0.15608885591274646,True
2024-25,2024-11-30,Wolves,Bournemouth,2,4,0.44514032502439016,0.26405560142150797,0.2908040735541018,False
2024-25,2024-11-30,Brentford,Leicester,4,1,0.4559327120115898,0.2402152504701267,0.30385203751828355,False
2024-25,2024-11-30,Crystal Palace,Newcastle,1,1,0.3581369299147902,0.25028882766150906,0.3915742424237007,False
2024-25,2024-12-01,Chelsea,Aston Villa,3,0,0.5001825736923123,0.2299583469508218,0.26985907935686576,False
2024-25,2024-12-01,Liverpool,Man City,2,0,0.3369806135458948,0.24631557764460296,0.4167038088095023,False
2024-25,2024-12-01,Man United,Everton,4,0,0.5635256874211145,0.24620661017089715,0.1902677024079882,False
2024-25,2024-12-01,Tottenham,Fulham,1,1,0.5822234853194972,0.2095767684220604,0.2081997462584425,False
2024-25,2024-12-03,Ipswich,Crystal Palace,0,1,0.19286359951607399,0.25324485655743695,0.5538915439264891,True
2024-25,2024-12-03,Leicester,West Ham,3,1,0.4980381554595181,0.22724376169575164,0.2747180828447301,False
2024-25,2024-12-04,Newcastle,Liverpool,3,3,0.2974227049142277,0.2291706877977757,0.4734066072879968,False
2024-25,2024-12-04,Arsenal,Man United,2,0,0.6324414267226866,0.20411020385315357,0.16344836942415986,False
2024-25,2024-12-04,Aston Villa,Brentford,3,1,0.5016659214940944,0.23389573254147797,0.2644383459644276,False
2024-25,2024-12-04,Everton,Wolves,4,0,0.41506269877700364,0.2983265567370232,0.2866107444859731,False
2024-25,2024-12-04,Man City,Nott'm Forest,3,0,0.8620759485811986,0.09522103276181063,0.042703018656990895,False
2024-25,2024-12-04,Southampton,Chelsea,1,5,0.23372499380948092,0.2321610388277165,0.5341139673628028,False
2024-25,2024-12-05,Fulham,Brighton,3,1,0.41617626564311216,0.25909718390748715,0.3247265504494005,False
2024-25,2024-12-05,Bournemouth,Tottenham,1,0,0.2769698798336067,0.2224687413243089,0.5005613788420844,False
2024-25,2024-12-07,Aston Villa,Southampton,1,0,0.6480853910216453,0.19719826137450874,0.154716347603846,False
2024-25,2024-12-07,Brentford,Newcastle,4,2,0.3792829904673648,0.2397834477416767,0.38093356179095855,False
2024-25,2024-12-07,Crystal Palace,Man City,2,2,0.14333636340209702,0.20212641333502945,0.6545372232628734,False
2024-25,2024-12-07,Man United,Nott'm Forest,2,3,0.6173947358367067,0.21059980106777246,0.17200546309552095,False
2024-25,2024-12-08,Fulham,Arsenal,1,1,0.20655590318152267,0.2271361212606153,0.5663079755578622,False
2024-25,2024-12-08,Ipswich,Bournemouth,1,2,0.25074526245928025,0.25784785322716397,0.4914068843135558,True
2024-25,2024-12-08,Leicester,Brighton,2,2,0.45199110963705097,0.24492188027173395,0.30308701009121497,False
2024-25,2024-12-08,Tottenham,Chelsea,3,4,0.4677397313157634,0.22476596959011988,0.30749429909411674,False
2024-25,2024-12-09,West Ham,Wolves,2,1,0.49353776125743143,0.2503038720892254,0.2561583666533433,False
2024-25,2024-12-14,Nott'm Forest,Aston Villa,2,1,0.3019450383024772,0.2429238269643241,0.45513113473319866,False
2024-25,2024-12-14,Wolves,Ipswich,1,2,0.6135909861846516,0.23829979470702708,0.14810921910832142,True
2024-25,2024-12-14,Newcastle,Leicester,4,0,0.5490891937643643,0.21405886955651507,0.23685193667912044,False
2024-25,2024-12-14,Liverpool,Fulham,2,2,0.716013696817694,0.16978570118108138,0.11420060200122469,False
2024-25,2024-12-14,Arsenal,Everton,0,0,0.7279630838128859,0.17708268952499062,0.09495422666212336,False
2024-25,2024-12-15,Brighton,Crystal Palace,1,3,0.4511902304730715,0.2616740109297489,0.2871357585971795,False
2024-25,2024-12-15,Chelsea,Brentford,2,1,0.5424128692238306,0.22580342806057963,0.2317837027155899,False
2024-25,2024-12-15,Man City,Man United,1,2,0.7364406003493957,0.16177938503567796,0.10178001461492617,False
2024-25,2024-12-15,Southampton,Tottenham,0,5,0.23292059626272724,0.21895815661024653,0.5481212471270265,False
2024-25,2024-12-16,Bournemouth,West Ham,1,1,0.39182560686631396,0.24142588870693069,0.36674850442675533,False
2024-25,2024-12-21,Aston Villa,Man City,2,1,0.17790967191663626,0.20480485996352002,0.6172854681198437,False
2024-25,2024-12-21,Brentford,Nott'm Forest,0,2,0.5589729279857341,0.22717897728887987,0.21384809472538605,False
2024-25,2024-12-21,Crystal Palace,Arsenal,1,5,0.21592571695186455,0.23782960859536234,0.5462446744527731,False
2024-25,2024-12-21,Ipswich,Newcastle,0,4,0.1339050413080887,0.19314522922063637,0.672949729471275,True
2024-25,2024-12-21,West Ham,Brighton,1,1,0.4181365875268478,0.24672170984166197,0.3351417026314902,False
2024-25,2024-12-22,Tottenham,Liverpool,3,6,0.30638824066406134,0.2250082389771992,0.4686035203587392,False
2024-25,2024-12-22,Man United,Bournemouth,0,3,0.6130242687199051,0.20918230218667785,0.17779342909341717,False
2024-25,2024-12-22,Fulham,Southampton,0,0,0.5616292819443226,0.2326304002912963,0.20574031776438095,False
2024-25,2024-12-22,Leicester,Wolves,0,3,0.5258491034616688,0.2444807537799976,0.22967014275833347,False
2024-25,2024-12-22,Everton,Chelsea,0,0,0.2826612388207641,0.26686085634725193,0.4504779048319838,False
2024-25,2024-12-26,Bournemouth,Crystal Palace,0,0,0.363544803069231,0.26066576650912,0.375789430421649,False
2024-25,2024-12-26,Chelsea,Fulham,1,2,0.5669999249283908,0.22296137284828926,0.21003870222332005,False
2024-25,2024-12-26,Liverpool,Leicester,3,1,0.7063754575175755,0.16843377716890742,0.12519076531351697,False
2024-25,2024-12-26,Man City,Everton,1,1,0.8123468773519691,0.1311907870767092,0.056462335571321756,False
2024-25,2024-12-26,Newcastle,Aston Villa,3,0,0.49761221549179124,0.2247133145244875,0.27767446998372136,False
2024-25,2024-12-26,Nott'm Forest,Tottenham,1,0,0.2676981196187559,0.224635664258249,0.5076662161229952,False
2024-25,2024-12-26,Southampton,West Ham,0,1,0.33858890788830687,0.24785028892182692,0.4135608031898661,False
2024-25,2024-12-26,Wolves,Man United,2,0,0.29966530646202805,0.2698403988368381,0.43049429470113393,False
2024-25,2024-12-27,Arsenal,Ipswich,1,0,0.8873502825645893,0.08307983213072179,0.029569885304688955,True
2024-25,2024-12-27,Brighton,Brentford,0,0,0.44430932351776453,0.25190681879232746,0.303783857689908,False
2024-25,2024-12-29,West Ham,Liverpool,0,5,0.2021748148550457,0.20787116630238217,0.5899540188425723,False
2024-25,2024-12-29,Tottenham,Wolves,2,2,0.6253721312184672,0.20641213683742987,0.1682157319441029,False
2024-25,2024-12-29,Leicester,Man City,0,2,0.1476199233846381,0.18771332133924168,0.6646667552761203,False
2024-25,2024-12-29,Crystal Palace,Southampton,2,1,0.565630315587685,0.2366342339545968,0.19773545045771834,False
2024-25,2024-12-29,Everton,Nott'm Forest,0,2,0.4484332659075171,0.27448533418593685,0.277081399906546,False
2024-25,2024-12-29,Fulham,Bournemouth,2,2,0.519218863393692,0.23707652080919367,0.24370461579711428,False
2024-25,2024-12-30,Aston Villa,Brighton,2,2,0.49903658096014736,0.23833977432741982,0.2626236447124327,False
2024-25,2024-12-30,Ipswich,Chelsea,2,0,0.1313960711550655,0.1984192427558302,0.6701846860891041,True
2024-25,2024-12-30,Man United,Newcastle,0,2,0.4406642565347172,0.23840928983375917,0.32092645363152367,False
2024-25,2025-01-01,Brentford,Arsenal,1,3,0.22772575407728468,0.22995018466473638,0.5423240612579789,False
2024-25,2025-01-04,Southampton,Brentford,0,5,0.3039588617265034,0.25286803230690486,0.44317310596659165,False
2024-25,2025-01-04,Tottenham,Newcastle,1,2,0.4823043712877036,0.21734274848085414,0.30035288023144235,False
2024-25,2025-01-04,Man City,West Ham,4,1,0.8272630866467159,0.11246877571562561,0.06026813763765856,False
2024-25,2025-01-04,Brighton,Arsenal,1,1,0.22654149691707934,0.2345441389667249,0.5389143641161958,False
2024-25,2025-01-04,Bournemouth,Everton,1,0,0.41812108885318083,0.273984186318433,0.30789472482838626,False
2024-25,2025-01-04,Aston Villa,Leicester,2,1,0.5088870473122171,0.2272197769665286,0.2638931757212542,False
2024-25,2025-01-04,Crystal Palace,Chelsea,1,1,0.34738226945559625,0.25713353488147894,0.39548419566292475,False
2024-25,2025-01-05,Fulham,Ipswich,2,2,0.6894908533683322,0.19547588430606208,0.11503326232560586,True
2024-25,2025-01-05,Liverpool,Man United,2,2,0.6351657154251436,0.20006884433573185,0.16476544023912454,False
2024-25,2025-01-06,Wolves,Nott'm Forest,0,3,0.45094333551669374,0.26748158702652747,0.2815750774567786,False
2024-25,2025-01-14,Brentford,Man City,2,2,0.15004530517932252,0.19532482115827282,0.6546298736624048,False
2024-25,2025-01-14,Chelsea,Bournemouth,2,2,0.6466048016529711,0.19341699925832095,0.15997819908870803,False
2024-25,2025-01-14,Nott'm Forest,Liverpool,1,1,0.15383295145879394,0.19438239147810613,0.6517846570630998,False
2024-25,2025-01-14,West Ham,Fulham,3,2,0.44573422105727367,0.24407473591734458,0.3101910430253817,False
2024-25,2025-01-15,Everton,Aston Villa,0,1,0.31553880039614013,0.27064397024670195,0.41381722935715803,False
2024-25,2025-01-15,Newcastle,Wolves,3,0,0.609338253849951,0.21577788582068316,0.17488386032936565,False
2024-25,2025-01-15,Arsenal,Tottenham,2,1,0.6329245720983275,0.19170051243392833,0.17537491546774417,False
2024-25,2025-01-15,Leicester,Crystal Palace,0,2,0.46157678269822233,0.24950957248869873,0.2889136448130788,False
2024-25,2025-01-16,Ipswich,Brighton,0,2,0.18327186421846736,0.24086178424868815,0.5758663515328445,True
2024-25,2025-01-16,Man United,Southampton,3,1,0.6521407676103825,0.20023311958022139,0.1476261128093965,False
2024-25,2025-01-18,Newcastle,Bournemouth,1,4,0.6476267241521744,0.18887534451176527,0.16349793133606044,False
2024-25,2025-01-18,Arsenal,Aston Villa,2,2,0.6572417159742361,0.190600204727463,0.15215807929830102,False
2024-25,2025-01-18,Brentford,Liverpool,0,2,0.23050247770530619,0.22583214748500394,0.5436653748096898,False
2024-25,2025-01-18,Leicester,Fulham,0,2,0.479835201560626,0.2408296664551739,0.2793351319842001,False
2024-25,2025-01-18,West Ham,Crystal Palace,0,2,0.4284151966824865,0.25197520115226724,0.3196096021652462,False
2024-25,2025-01-19,Nott'm Forest,Southampton,3,2,0.48423318315217123,0.2486926931822252,0.26707412366560357,False
2024-25,2025-01-19,Man United,Brighton,1,3,0.5069480872004071,0.2431317292499872,0.24992018354960596,False
2024-25,2025-01-19,Everton,Tottenham,3,2,0.2852223171988202,0.25276551128318103,0.4620121715179989,False
2024-25,2025-01-19,Ipswich,Man City,0,6,0.037236740844195516,0.09751220987386541,0.865251049281939,True
2024-25,2025-01-20,Chelsea,Wolves,3,1,0.6079339955519618,0.2211849287252566,0.17088107572278144,False
2024-25,2025-01-25,Bournemouth,Nott'm Forest,5,0,0.4600380502813223,0.2455090352752543,0.29445291444342336,False
2024-25,2025-01-25,Brighton,Everton,0,1,0.5018086539645357,0.26628246403526284,0.2319088820002017,False
2024-25,2025-01-25,Liverpool,Ipswich,4,1,0.8915365207939171,0.07948527101764725,0.028978208188435578,True
2024-25,2025-01-25,Man City,Chelsea,3,1,0.7247034932015983,0.163958008106895,0.11133849869150642,False
2024-25,2025-01-25,Southampton,Newcastle,1,3,0.24014341549748014,0.22683670302924458,0.5330198814732752,False
2024-25,2025-01-25,Wolves,Arsenal,0,1,0.16837767856466956,0.22565449009571886,0.6059678313396116,False
2024-25,2025-01-26,Fulham,Man United,0,1,0.3586890496746251,0.2577379441632089,0.3835730061621659,False
2024-25,2025-01-26,Tottenham,Leicester,1,2,0.5645259078767031,0.20638235814813263,0.2290917339751644,False
2024-25,2025-01-26,Crystal Palace,Brentford,1,2,0.42504725758270123,0.26018218255753833,0.31477055985976055,False
2024-25,2025-01-26,Aston Villa,West Ham,1,1,0.5472830714083257,0.21804396724186575,0.23467296134980864,False
2024-25,2025-02-01,Bournemouth,Liverpool,0,2,0.15903403512251138,0.1932928720768765,0.647673092800612,False
2024-25,2025-02-01,Everton,Leicester,4,0,0.35630851458310253,0.27202120715990935,0.37167027825698806,False
2024-25,2025-02-01,Ipswich,Southampton,1,2,0.2888386861391329,0.2750898778946579,0.43607143596620945,True
2024-25,2025-02-01,Newcastle,Fulham,1,2,0.5666096896020547,0.21786972233440413,0.2155205880635412,False
2024-25,2025-02-01,Nott'm Forest,Brighton,7,0,0.34172578470422116,0.25771654709482517,0.40055766820095356,False
2024-25,2025-02-01,Wolves,Aston Villa,2,0,0.3146913518139768,0.26315923156912835,0.4221494166168951,False
2024-25,2025-02-02,Brentford,Tottenham,0,2,0.37315940781865736,0.23434184178433737,0.39249875039700527,False
2024-25,2025-02-02,Man United,Crystal Palace,0,2,0.5148310333035195,0.24693511182572597,0.23823385487075444,False
2024-25,2025-02-02,Arsenal,Man City,5,1,0.3388574071116257,0.25139805894936573,0.4097445339390085,False
2024-25,2025-02-03,Chelsea,West Ham,2,1,0.5887230550582088,0.20792744593338064,0.20334949900841062,False
2024-25,2025-02-12,Everton,Liverpool,2,2,0.17320088521679539,0.23015899522487185,0.5966401195583331,False
2024-25,2025-02-14,Brighton,Chelsea,3,0,0.3639876680165749,0.2510635691194883,0.38494876286393676,False
2024-25,2025-02-15,Aston Villa,Ipswich,1,1,0.7670741977615984,0.1523338829641323,0.08059191927426915,True
2024-25,2025-02-15,Crystal Palace,Everton,1,2,0.48130786374199697,0.2773089580067827,0.24138317825122046,False
2024-25,2025-02-15,Fulham,Nott'm Forest,2,1,0.5248659528154997,0.23936374381932174,0.2357703033651784,False
2024-25,2025-02-15,Leicester,Arsenal,0,2,0.22656998566722358,0.2228696667301795,0.5505603476025971,False
2024-25,2025-02-15,Man City,Newcastle,4,0,0.7423303208470986,0.1529721566215732,0.10469752253132814,False
2024-25,2025-02-15,Southampton,Bournemouth,1,3,0.3967788453305331,0.25448447727708917,0.3487366773923778,False
2024-25,2025-02-15,West Ham,Brentford,0,1,0.4193692189667758,0.24225014431043185,0.3383806367227922,False
2024-25,2025-02-16,Tottenham,Man United,1,0,0.4891803000392829,0.22738624325234683,0.28343345670837006,False
2024-25,2025-02-16,Liverpool,Wolves,2,1,0.7455716552389056,0.16295812322598532,0.09147022153510892,False
2024-25,2025-02-19,Aston Villa,Liverpool,2,2,0.2683970045659405,0.2300636193233422,0.5015393761107172,False
2024-25,2025-02-21,Leicester,Brentford,0,4,0.4538311971002259,0.24046703334376238,0.30570176955601164,False
2024-25,2025-02-22,Ipswich,Tottenham,1,4,0.127610808938573,0.18314547173321533,0.6892437193282117,True
2024-25,2025-02-22,Arsenal,West Ham,0,1,0.7367900162602727,0.15696164124782766,0.10624834249189968,False
2024-25,2025-02-22,Aston Villa,Chelsea,2,1,0.41676781043494215,0.23988647352081466,0.34334571604424313,False
2024-25,2025-02-22,Bournemouth,Wolves,0,1,0.42664844927169443,0.26631886253820647,0.3070326881900991,False
2024-25,2025-02-22,Everton,Man United,2,2,0.3005227091455771,0.27769745061164186,0.4217798402427811,False
2024-25,2025-02-22,Fulham,Crystal Palace,0,2,0.42550296051703085,0.2646735267633568,0.3098235127196123,False
2024-25,2025-02-22,Southampton,Brighton,0,4,0.3042434697683942,0.25802815318885924,0.43772837704274653,False
2024-25,2025-02-23,Newcastle,Nott'm Forest,4,3,0.6520967942660378,0.18983885023521613,0.15806435549874587,False
2024-25,2025-02-23,Man City,Liverpool,0,2,0.5738273288080298,0.21861987708041783,0.20755279411155214,False
2024-25,2025-02-25,Crystal Palace,Aston Villa,4,1,0.38499154580399325,0.25683745632474897,0.3581709978712577,False
2024-25,2025-02-25,Wolves,Fulham,1,2,0.3751904714176805,0.27697045687768473,0.3478390717046347,False
2024-25,2025-02-25,Brighton,Bournemouth,2,1,0.5464919130770016,0.23076941683328767,0.22273867008971046,False
2024-25,2025-02-25,Chelsea,Southampton,4,0,0.6850763221865495,0.18322499810002219,0.13169867971342822,False
2024-25,2025-02-26,Tottenham,Man City,0,1,0.20456951418413932,0.2046722745044296,0.5907582113114311,False
2024-25,2025-02-26,Nott'm Forest,Arsenal,0,0,0.15274430139734185,0.19842189198475627,0.6488338066179019,False
2024-25,2025-02-26,Brentford,Everton,1,1,0.5087373858973928,0.2602133834000523,0.2310492307025549,False
2024-25,2025-02-26,Liverpool,Newcastle,2,0,0.6366090733922221,0.19106816178355146,0.17232276482422626,False
2024-25,2025-02-26,Man United,Ipswich,3,2,0.7671967943515832,0.15528837778794582,0.07751482786047123,True
2024-25,2025-02-27,West Ham,Leicester,2,0,0.42455592837222833,0.2359704708394452,0.33947360078832645,False
2024-25,2025-03-08,Brentford,Aston Villa,0,1,0.4076314219566036,0.24512384070728666,0.3472447373361098,False
2024-25,2025-03-08,Brighton,Fulham,2,1,0.4690551502429552,0.25268261252753893,0.27826223722950594,False
2024-25,2025-03-08,Crystal Palace,Ipswich,1,0,0.6897752428817141,0.19908374059782058,0.11114101652046537,True
2024-25,2025-03-08,Liverpool,Southampton,3,1,0.8138984865145822,0.12214881513191787,0.06395269835350023,False
2024-25,2025-03-08,Nott'm Forest,Man City,1,0,0.09406790504215073,0.15519952906283208,0.7507325658950171,False
2024-25,2025-03-08,Wolves,Everton,1,1,0.40881399637101395,0.29911549830078943,0.29207050532819656,False
2024-25,2025-03-09,Tottenham,Bournemouth,2,2,0.6639610013729784,0.17990800291083126,0.15613099571619038,False
2024-25,2025-03-09,Man United,Arsenal,1,1,0.2767816829814631,0.2444330138593493,0.47878530315918766,False
2024-25,2025-03-09,Chelsea,Leicester,1,0,0.550517008589249,0.2189103547161953,0.23057263669455572,False
2024-25,2025-03-10,West Ham,Newcastle,0,1,0.346598471900594,0.2311896779516593,0.42221185014774676,False
2024-25,2025-03-15,Bournemouth,Brentford,1,2,0.3531361058244826,0.24896411572645882,0.3978997784490584,False
2024-25,2025-03-15,Everton,West Ham,1,1,0.38837584403377223,0.2698627628958745,0.34176139307035325,False
2024-25,2025-03-15,Ipswich,Nott'm Forest,2,4,0.2578183450941052,0.2647088922724848,0.47747276263341,True
2024-25,2025-03-15,Man City,Brighton,2,2,0.7833296788965118,0.1399268281359476,0.07674349296754046,False
2024-25,2025-03-15,Southampton,Wolves,1,2,0.3744667782907727,0.2781716430516098,0.34736157865761763,False
2024-25,2025-03-16,Arsenal,Chelsea,1,0,0.6168566499091583,0.20497717431358137,0.1781661757772602,False
2024-25,2025-03-16,Fulham,Tottenham,2,0,0.3425843707863392,0.23736859409368488,0.4200470351199759,False
2024-25,2025-03-16,Leicester,Man United,0,3,0.39106123800325365,0.24659121867510952,0.36234754332163677,False
2024-25,2025-04-01,Nott'm Forest,Man United,1,0,0.28730867958570805,0.2484356062695005,0.46425571414479133,False
2024-25,2025-04-01,Wolves,West Ham,1,0,0.3890481920690988,0.2629582842253534,0.3479935237055478,False
2024-25,2025-04-01,Arsenal,Fulham,2,1,0.7122863872606155,0.1738366160098509,0.11387699672953364,False
2024-25,2025-04-02,Bournemouth,Ipswich,1,2,0.6365439871467057,0.2139195115239806,0.14953650132931356,True
2024-25,2025-04-02,Brighton,Aston Villa,0,3,0.40302023463151215,0.24984761969458436,0.3471321456739035,False
2024-25,2025-04-02,Liverpool,Everton,1,0,0.7324342612789497,0.17250599450760204,0.0950597442134481,False
2024-25,2025-04-02,Man City,Leicester,2,0,0.7993323368094182,0.12770305217841774,0.07296461101216406,False
2024-25,2025-04-02,Newcastle,Brentford,2,1,0.5411803474427651,0.2207054228640149,0.23811422969322,False
2024-25,2025-04-02,Southampton,Crystal Palace,1,1,0.3148259025202708,0.2664169079382971,0.41875718954143226,False
2024-25,2025-04-03,Chelsea,Tottenham,1,0,0.46711415696570285,0.22483999246789854,0.30804585056639855,False
2024-25,2025-04-05,West Ham,Bournemouth,2,2,0.5251300460622336,0.22563187994603326,0.2492380739917333,False
2024-25,2025-04-05,Everton,Arsenal,1,1,0.1715174999538047,0.23486574244375052,0.5936167576024449,False
2024-25,2025-04-05,Ipswich,Wolves,1,2,0.24057459882945598,0.28201460327367994,0.47741079789686386,True
2024-25,2025-04-05,Aston Villa,Nott'm Forest,2,1,0.6121275842479104,0.20736437847092246,0.18050803728116732,False
2024-25,2025-04-05,Crystal Palace,Brighton,2,1,0.4231899650111675,0.26509510367682976,0.3117149313120028,False
2024-25,2025-04-06,Brentford,Chelsea,0,0,0.3678458431265614,0.2464488229538664,0.38570533391957224,False
2024-25,2025-04-06,Fulham,Liverpool,3,2,0.20886860881771524,0.22295295295907078,0.568178438223214,False
2024-25,2025-04-06,Man United,Man City,0,0,0.1895738307597716,0.21766581340849428,0.592760355831734,False
2024-25,2025-04-06,Tottenham,Southampton,3,1,0.7036002061734445,0.16901139628666034,0.12738839753989523,False
2024-25,2025-04-07,Leicester,Newcastle,0,3,0.3812416650512927,0.23372244403300493,0.3850358909157024,False
2024-25,2025-04-12,Nott'm Forest,Everton,0,1,0.40565158423983716,0.27977648036151026,0.3145719353986526,False
2024-25,2025-04-12,Arsenal,Brentford,1,1,0.6926928886345314,0.17992668301229842,0.12738042835317007,False
2024-25,2025-04-12,Brighton,Leicester,2,2,0.4504519955801541,0.24510700163416144,0.3044410027856846,False
2024-25,2025-04-12,Man City,Crystal Palace,5,2,0.7850124432233238,0.14139808189831,0.07358947487836606,False
2024-25,2025-04-12,Southampton,Aston Villa,0,3,0.26588811529464945,0.23999740409609732,0.49411448060925345,False
2024-25,2025-04-13,Wolves,Tottenham,4,2,0.2832676227791693,0.24538413826947758,0.4713482389513533,False
2024-25,2025-04-13,Newcastle,Man United,4,1,0.47519028989290385,0.2342877623834669,0.2905219477236294,False
2024-25,2025-04-13,Chelsea,Ipswich,2,2,0.7963025633015113,0.1368554852796602,0.0668419514188284,True
2024-25,2025-04-13,Liverpool,West Ham,2,1,0.7403852965845364,0.15323132513955007,0.1063833782759136,False
2024-25,2025-04-14,Bournemouth,Fulham,1,0,0.3786149123084511,0.2538952163432625,0.36748987134828637,False
2024-25,2025-04-16,Newcastle,Crystal Palace,5,0,0.5464102592339902,0.22799882263773313,0.22559091812827667,False
2024-25,2025-04-19,Aston Villa,Newcastle,4,1,0.4298146921513279,0.23274845709946326,0.33743685074920904,False
2024-25,2025-04-19,Brentford,Brighton,4,2,0.4478289855649813,0.25148107127129815,0.30068994316372066,False
2024-25,2025-04-19,Crystal Palace,Bournemouth,0,0,0.5246833053339793,0.24133227636795568,0.2339844182980651,False
2024-25,2025-04-19,Everton,Man City,0,2,0.11207095754499874,0.193834114229445,0.6940949282255562,False
2024-25,2025-04-19,West Ham,Southampton,1,1,0.5698905330174371,0.22073678948335826,0.20937267749920468,False
2024-25,2025-04-20,Man United,Wolves,0,1,0.5754324099463817,0.23715696397375488,0.18741062607986353,False
2024-25,2025-04-20,Leicester,Liverpool,0,1,0.22927670815423495,0.21891809286652972,0.5518051989792352,False
2024-25,2025-04-20,Fulham,Chelsea,1,2,0.33848227831976474,0.24980919222953252,0.4117085294507026,False
2024-25,2025-04-20,Ipswich,Arsenal,0,4,0.06678381346099066,0.1409821810637793,0.7922340054752302,True
2024-25,2025-04-21,Tottenham,Nott'm Forest,1,2,0.6684199563435845,0.1806873920701252,0.15089265158629023,False
2024-25,2025-04-22,Man City,Aston Villa,2,1,0.7603219603543224,0.14734282642110796,0.09233521322456953,False
2024-25,2025-04-23,Arsenal,Crystal Palace,2,2,0.6914125798896378,0.18646149674935938,0.12212592336100297,False
2024-25,2025-04-26,Brighton,West Ham,3,2,0.4871523410061647,0.23844940347233146,0.27439825552150393,False
2024-25,2025-04-26,Chelsea,Everton,1,0,0.5956640482574724,0.2301835058132565,0.17415244592927093,False
2024-25,2025-04-26,Newcastle,Ipswich,3,0,0.8008164348380362,0.13196934083150033,0.06721422433046333,True
2024-25,2025-04-26,Southampton,Fulham,1,2,0.32795731050361576,0.26031577890522944,0.41172691059115496,False
2024-25,2025-04-26,Wolves,Leicester,3,0,0.3563223052752281,0.26487178799833944,0.37880590672643233,False
2024-25,2025-04-27,Bournemouth,Man United,1,1,0.29690061147440505,0.24545080391103477,0.4576485846145602,False
2024-25,2025-04-27,Liverpool,Tottenham,5,1,0.6350304663492836,0.18811141722916122,0.17685811642155486,False
2024-25,2025-05-01,Nott'm Forest,Brentford,0,2,0.34195704147087513,0.2527984982044185,0.40524446032470635,False
2024-25,2025-05-02,Man City,Wolves,1,0,0.8246815439717624,0.12190954447457943,0.053408911553658046,False
2024-25,2025-05-03,Arsenal,Bournemouth,1,2,0.7820409127753503,0.13784381629807438,0.08011527092657557,False
2024-25,2025-05-03,Aston Villa,Fulham,1,0,0.5270365267496763,0.23242233955195762,0.240541133698366,False
2024-25,2025-05-03,Everton,Ipswich,2,2,0.6069879897571007,0.2459194146200758,0.1470925956228235,True
2024-25,2025-05-03,Leicester,Southampton,2,0,0.6030167042661412,0.21206426485918392,0.18491903087467493,False
2024-25,2025-05-04,Brentford,Man United,4,3,0.3884408722700452,0.2530643213017032,0.3584948064282516,False
2024-25,2025-05-04,Brighton,Newcastle,1,1,0.375302224823086,0.24425939006827296,0.3804383851086411,False
2024-25,2025-05-04,Chelsea,Liverpool,3,1,0.30391454165595155,0.23698291213267442,0.45910254621137403,False
2024-25,2025-05-04,West Ham,Tottenham,1,1,0.3396070433232008,0.22540764384059364,0.43498531283620556,False
2024-25,2025-05-05,Crystal Palace,Nott'm Forest,1,1,0.5299058460539442,0.2436696242536021,0.2264245296924536,False
2024-25,2025-05-10,Bournemouth,Aston Villa,0,1,0.31207544003645493,0.2399137059548801,0.4480108540086651,False
2024-25,2025-05-10,Fulham,Everton,1,3,0.4769911000445969,0.27169026422536674,0.25131863573003643,False
2024-25,2025-05-10,Ipswich,Brentford,0,1,0.18168063809982307,0.23457181473552605,0.5837475471646508,True
2024-25,2025-05-10,Southampton,Man City,0,0,0.07855954337004588,0.14255360599727074,0.7788868506326834,False
2024-25,2025-05-10,Wolves,Brighton,0,2,0.3512749001322262,0.27726175627268135,0.37146334359509253,False
2024-25,2025-05-11,Liverpool,Arsenal,2,2,0.4493437739757173,0.2428216539873107,0.30783457203697184,False
2024-25,2025-05-11,Man United,West Ham,0,2,0.5550694060958175,0.22173528597861608,0.22319530792556624,False
2024-25,2025-05-11,Newcastle,Chelsea,2,0,0.4541865237162943,0.23112167967360936,0.31469179661009633,False
2024-25,2025-05-11,Nott'm Forest,Leicester,2,2,0.3453824065678059,0.2463274989868289,0.4082900944453651,False
2024-25,2025-05-11,Tottenham,Crystal Palace,0,2,0.5617055009408503,0.21973211574739057,0.21856238331175915,False
2024-25,2025-05-16,Aston Villa,Tottenham,2,0,0.4241802518329904,0.22810198339873883,0.3477177647682707,False
2024-25,2025-05-16,Chelsea,Man United,1,0,0.4778344208292494,0.23994292568246262,0.282222653488288,False
2024-25,2025-05-18,West Ham,Nott'm Forest,1,2,0.5313611702584189,0.22766107882291986,0.2409777509186613,False
2024-25,2025-05-18,Leicester,Ipswich,2,0,0.7303116461790239,0.1704486586476248,0.09923969517335131,True
2024-25,2025-05-18,Brentford,Fulham,2,3,0.47504103729608493,0.24741099569867575,0.2775479670052394,False
2024-25,2025-05-18,Everton,Southampton,2,0,0.48270564811317,0.27152118691879945,0.2457731649680306,False
2024-25,2025-05-18,Arsenal,Newcastle,1,0,0.63430209156277,0.19478388460063284,0.17091402383659715,False
2024-25,2025-05-19,Brighton,Liverpool,3,2,0.2293250853130112,0.23030780756122052,0.5403671071257683,False
2024-25,2025-05-20,Crystal Palace,Wolves,4,2,0.49175451814901894,0.2685351877982343,0.23971029405274688,False
2024-25,2025-05-20,Man City,Bournemouth,3,1,0.8616241823795148,0.09453651530406494,0.043839302316420095,False
2024-25,2025-05-25,Wolves,Brentford,1,1,0.35215193394847577,0.2719651258513441,0.3758829402001802,False
2024-25,2025-05-25,Tottenham,Brighton,1,4,0.5533059456908029,0.2170868160500852,0.2296072382591119,False
2024-25,2025-05-25,Southampton,Arsenal,1,2,0.13027493859663364,0.1871773953782174,0.682547666025149,False
2024-25,2025-05-25,Newcastle,Everton,0,1,0.5971847694295186,0.22449346794406774,0.17832176262641353,False
2024-25,2025-05-25,Nott'm Forest,Chelsea,0,1,0.2671701899111908,0.2373304877629364,0.49549932232587285,False
2024-25,2025-05-25,Liverpool,Crystal Palace,1,1,0.6951307281957915,0.18222813019911377,0.12264114160509493,False
2024-25,2025-05-25,Ipswich,West Ham,1,3,0.20442707415131683,0.23566310235282326,0.5599098234958598,True
2024-25,2025-05-25,Fulham,Man City,0,2,0.13466909146573935,0.18978974145015282,0.6755411670841079,False
2024-25,2025-05-25,Bournemouth,Leicester,2,0,0.35674999742620883,0.24262489105626367,0.40062511151752744,False
2024-25,2025-05-25,Man United,Aston Villa,2,0,0.46838662375211915,0.2407928153594951,0.2908205608883858,False
2025-26,2025-08-15,Liverpool,Bournemouth,4,2,0.695398045198796,0.17598641600768244,0.12861553879352144,False
2025-26,2025-08-16,Aston Villa,Newcastle,0,0,0.39376776538179514,0.24119399115131213,0.3650382434668929,False
2025-26,2025-08-16,Brighton,Fulham,1,1,0.4670417961880089,0.2428548152287395,0.2901033885832516,False
2025-26,2025-08-16,Sunderland,West Ham,3,0,0.18853356517828318,0.23555220620323328,0.5759142286184835,True
2025-26,2025-08-16,Tottenham,Burnley,3,0,0.6562118865710124,0.1910187109226834,0.15276940250630427,False
2025-26,2025-08-16,Wolves,Man City,0,4,0.14139404613083673,0.1935267963568567,0.6650791575123066,False
2025-26,2025-08-17,Man United,Arsenal,0,1,0.23059727104980154,0.24813353750731976,0.5212691914428786,False
2025-26,2025-08-17,Chelsea,Crystal Palace,0,0,0.5272725518115651,0.2437221209355848,0.22900532725285017,False
2025-26,2025-08-17,Nott'm Forest,Brentford,3,1,0.3930447228823851,0.2492909564904875,0.35766432062712733,False
2025-26,2025-08-18,Leeds,Everton,1,0,0.3402493932813819,0.27687665709108344,0.38287394962753474,False
2025-26,2025-08-22,West Ham,Chelsea,1,5,0.2874926855565472,0.24358576720578975,0.46892154723766294,False
2025-26,2025-08-23,Arsenal,Leeds,5,0,0.7916145634328771,0.13403568797550408,0.07434974859161875,False
2025-26,2025-08-23,Bournemouth,Wolves,1,0,0.48773892756260484,0.24901087681646378,0.26325019562093144,False
2025-26,2025-08-23,Brentford,Aston Villa,1,0,0.41891468221851424,0.24238861717935234,0.33869670060213325,False
2025-26,2025-08-23,Burnley,Sunderland,2,0,0.5589811720617267,0.2551473462487616,0.18587148168951168,True
2025-26,2025-08-23,Man City,Tottenham,0,2,0.706170585375593,0.16336140841902475,0.13046800620538224,False
2025-26,2025-08-24,Crystal Palace,Nott'm Forest,1,1,0.43336917046016654,0.2638014788064845,0.3028293507333488,False
2025-26,2025-08-24,Everton,Brighton,2,0,0.35357512170700844,0.27860756480174204,0.3678173134912497,False
2025-26,2025-08-24,Fulham,Man United,1,1,0.40127318351877084,0.26281797316747835,0.3359088433137508,False
2025-26,2025-08-25,Newcastle,Liverpool,2,3,0.30587166496436735,0.2297482626824803,0.4643800723531524,False
2025-26,2025-08-30,Wolves,Everton,2,3,0.38351970506785915,0.29147399003880115,0.32500630489333965,False
2025-26,2025-08-30,Tottenham,Bournemouth,0,1,0.5096074774931685,0.2229467133382121,0.2674458091686194,False
2025-26,2025-08-30,Sunderland,Brentford,2,1,0.1377916337150193,0.20169858810870175,0.6605097781762788,True
2025-26,2025-08-30,Leeds,Newcastle,0,0,0.22199587365738024,0.21159604529294618,0.5664080810496734,False
2025-26,2025-08-30,Chelsea,Fulham,2,0,0.5438765459973741,0.2339299053131241,0.2221935486895017,False
2025-26,2025-08-30,Man United,Burnley,3,2,0.5918665520939653,0.23288093197643514,0.1752525159295994,False
2025-26,2025-08-31,Aston Villa,Crystal Palace,0,3,0.4797986891850774,0.2512725993466951,0.2689287114682275,False
2025-26,2025-08-31,Brighton,Man City,2,1,0.20139108213680884,0.2128809540379948,0.5857279638251963,False
2025-26,2025-08-31,Liverpool,Arsenal,1,0,0.43217087313850144,0.24863055060181277,0.31919857625968595,False
2025-26,2025-08-31,Nott'm Forest,West Ham,0,3,0.4738507502173737,0.24562988034676875,0.28051936943585765,False
2025-26,2025-09-13,Fulham,Leeds,1,0,0.5654525224884869,0.22150805595195222,0.21303942155956085,False
2025-26,2025-09-13,West Ham,Tottenham,0,3,0.34989242162269635,0.22888205595013247,0.42122552242717104,False
2025-26,2025-09-13,Newcastle,Wolves,1,0,0.6166847954421566,0.20601134084274184,0.17730386371510148,False
2025-26,2025-09-13,Everton,Aston Villa,0,0,0.32419747340547,0.2829236236983862,0.3928789028961437,False
2025-26,2025-09-13,Crystal Palace,Sunderland,0,0,0.7120098975989756,0.18835130329317812,0.09963879910784626,True
2025-26,2025-09-13,Brentford,Chelsea,2,2,0.36629375839439493,0.2463938172364132,0.387312424369192,False
2025-26,2025-09-13,Bournemouth,Brighton,2,1,0.40137006520185736,0.24804289769482046,0.35058703710332195,False
2025-26,2025-09-13,Arsenal,Nott'm Forest,3,0,0.6688217983058387,0.1969605754087011,0.13421762628546036,False
2025-26,2025-09-14,Burnley,Liverpool,0,1,0.1159766857940241,0.17740615225026896,0.7066171619557069,False
2025-26,2025-09-14,Man City,Man United,3,0,0.6912460634607821,0.183980892893594,0.12477304364562393,False
2025-26,2025-09-20,Wolves,Leeds,1,3,0.4964924839406929,0.23836422892001552,0.26514328713929153,False
2025-26,2025-09-20,Man United,Chelsea,2,1,0.34538413280988023,0.2605185928163524,0.3940972743737673,False
2025-26,2025-09-20,Liverpool,Everton,2,1,0.6844292520390578,0.19622252784405003,0.11934822011689222,False
2025-26,2025-09-20,West Ham,Crystal Palace,1,2,0.3790671354878965,0.2603088662422231,0.36062399826988045,False
2025-26,2025-09-20,Burnley,Nott'm Forest,1,1,0.2823109873441402,0.2653065908201595,0.4523824218357002,False
2025-26,2025-09-20,Brighton,Tottenham,2,2,0.42880607370823853,0.22524969809571627,0.3459442281960451,False
2025-26,2025-09-20,Fulham,Brentford,3,1,0.3951206189886846,0.24871649558676293,0.35616288542455254,False
2025-26,2025-09-21,Arsenal,Man City,1,1,0.3889089806537204,0.25835215923795596,0.3527388601083238,False
2025-26,2025-09-21,Bournemouth,Newcastle,0,0,0.3262398811999895,0.24328046332941203,0.43047965547059863,False
2025-26,2025-09-21,Sunderland,Aston Villa,1,1,0.12815502360758144,0.20028303543714934,0.6715619409552691,True
2025-26,2025-09-27,Nott'm Forest,Sunderland,0,1,0.7130495369945216,0.18455140601985276,0.10239905698562585,True
2025-26,2025-09-27,Brentford,Man United,3,1,0.44948513089525244,0.24792043479303696,0.3025944343117106,False
2025-26,2025-09-27,Chelsea,Brighton,1,3,0.5238371743984238,0.23045854891223524,0.24570427668934072,False
2025-26,2025-09-27,Crystal Palace,Liverpool,2,1,0.21984471461829067,0.229903749289806,0.5502515360919036,False
2025-26,2025-09-27,Leeds,Bournemouth,2,2,0.3205447483991377,0.24464441472357368,0.43481083687728855,False
2025-26,2025-09-27,Man City,Burnley,5,1,0.8278125805252662,0.11823460888893293,0.0539528105858009,False
2025-26,2025-09-27,Tottenham,Wolves,1,1,0.5720285397294902,0.21122645694480846,0.2167450033257013,False
2025-26,2025-09-28,Newcastle,Arsenal,1,2,0.3002698345807687,0.24544559520445283,0.4542845702147785,False
2025-26,2025-09-28,Aston Villa,Fulham,3,1,0.49529612189720207,0.24235928655871328,0.26234459154408474,False
2025-26,2025-09-29,Everton,West Ham,1,1,0.4156289291640578,0.2798229250166505,0.30454814581929157,False
2025-26,2025-10-03,Bournemouth,Fulham,3,1,0.42458890668976335,0.2563874380307783,0.3190236552794583,False
2025-26,2025-10-04,Arsenal,West Ham,2,0,0.7157794308371128,0.17288365680601625,0.11133691235687077,False
2025-26,2025-10-04,Chelsea,Liverpool,2,1,0.3075637844510053,0.24045510381055993,0.4519811117384347,False
2025-26,2025-10-04,Leeds,Tottenham,1,2,0.27026817732507313,0.21391570789967587,0.515816114775251,False
2025-26,2025-10-04,Man United,Sunderland,2,0,0.7308473837169385,0.17720880989235965,0.09194380639070199,True
2025-26,2025-10-05,Wolves,Brighton,1,1,0.34169735690618325,0.2502095865127153,0.4080930565811012,False
2025-26,2025-10-05,Everton,Crystal Palace,2,1,0.3614376435534657,0.2986969686005588,0.3398653878459754,False
2025-26,2025-10-05,Newcastle,Nott'm Forest,2,0,0.552962865857221,0.22371195567741115,0.22332517846536779,False
2025-26,2025-10-05,Aston Villa,Burnley,2,1,0.6385759453030709,0.20954248092373096,0.15188157377319805,False
2025-26,2025-10-05,Brentford,Man City,0,1,0.20951699356532824,0.21543053348005556,0.5750524729546161,False
2025-26,2025-10-18,Brighton,Newcastle,2,1,0.3636765350255093,0.23663694010018846,0.39968652487430223,False
2025-26,2025-10-18,Burnley,Leeds,2,0,0.39596876285347204,0.25892787226277236,0.34510336488375537,False
2025-26,2025-10-18,Crystal Palace,Bournemouth,3,3,0.43763400059252244,0.2617352844345178,0.3006307149729596,False
2025-26,2025-10-18,Fulham,Arsenal,0,1,0.21186480060935547,0.2374776829830547,0.5506575164075899,False
2025-26,2025-10-18,Man City,Everton,2,0,0.7114102368814269,0.18738579494596483,0.1012039681726083,False
2025-26,2025-10-18,Nott'm Forest,Chelsea,0,3,0.3216480589528093,0.25553750191218655,0.42281443913500405,False
2025-26,2025-10-18,Sunderland,Wolves,2,0,0.20402629047458895,0.2518228286742958,0.5441508808511151,True
2025-26,2025-10-19,Tottenham,Aston Villa,1,2,0.4399895482039878,0.2284802338422721,0.33153021795374,False
2025-26,2025-10-19,Liverpool,Man United,1,2,0.6595129150915565,0.19271294909902267,0.1477741358094207,False
2025-26,2025-10-20,West Ham,Brentford,0,2,0.3564290315189011,0.24233732095853683,0.40123364752256196,False
2025-26,2025-10-24,Leeds,West Ham,2,1,0.3581212568801813,0.2418326300767795,0.4000461130430391,False
2025-26,2025-10-25,Newcastle,Fulham,2,1,0.5516768999162445,0.22363469553327806,0.22468840455047742,False
2025-26,2025-10-25,Man United,Brighton,4,2,0.4289803620781192,0.2506614812929608,0.3203581566289202,False
2025-26,2025-10-25,Chelsea,Sunderland,1,2,0.8068458218747743,0.1332774071645564,0.05987677096066922,True
2025-26,2025-10-25,Brentford,Liverpool,3,2,0.24471930289841878,0.21979030683842796,0.5354903902631533,False
2025-26,2025-10-26,Arsenal,Crystal Palace,1,0,0.6497163971557796,0.2086506756044394,0.14163292723978105,False
2025-26,2025-10-26,Aston Villa,Man City,1,0,0.22606993807419246,0.22662266672816986,0.5473073951976377,False
2025-26,2025-10-26,Bournemouth,Nott'm Forest,2,0,0.4259640605871315,0.256772336434361,0.31726360297850753,False
2025-26,2025-10-26,Everton,Tottenham,0,3,0.34069419272995366,0.2620304638653177,0.3972753434047287,False
2025-26,2025-10-26,Wolves,Burnley,2,3,0.5077492946596912,0.25557832308716666,0.23667238225314202,False
2025-26,2025-11-01,Tottenham,Chelsea,0,1,0.38414665175385554,0.23336595727776396,0.3824873909683806,False
2025-26,2025-11-01,Nott'm Forest,Man United,2,2,0.3992273832774374,0.26347296502543666,0.33729965169712584,False
2025-26,2025-11-01,Fulham,Wolves,3,0,0.4916218365828551,0.24921204166834904,0.25916612174879594,False
2025-26,2025-11-01,Liverpool,Aston Villa,2,0,0.6357827664032958,0.1957298494672228,0.16848738412948136,False
2025-26,2025-11-01,Burnley,Arsenal,0,2,0.11949189212221319,0.19642350026657746,0.6840846076112094,False
2025-26,2025-11-01,Brighton,Leeds,3,0,0.6090460846727586,0.2019476314816803,0.18900628384556117,False
2025-26,2025-11-01,Crystal Palace,Brentford,2,0,0.39988553533566384,0.25524476864784895,0.3448696960164875,False
2025-26,2025-11-02,Man City,Bournemouth,3,1,0.72574423459943,0.1664502056289052,0.10780555977166466,False
2025-26,2025-11-02,West Ham,Newcastle,3,1,0.29275231683648106,0.2336181828885366,0.4736295002749822,False
2025-26,2025-11-03,Sunderland,Everton,1,1,0.1876851601546256,0.27788872384984115,0.5344261159955334,True
2025-26,2025-11-08,Chelsea,Wolves,3,0,0.6068235406662964,0.21650323724223106,0.1766732220914723,False
2025-26,2025-11-08,Everton,Fulham,2,0,0.37356156041220917,0.2901608573108569,0.3362775822769338,False
2025-26,2025-11-08,Sunderland,Arsenal,2,2,0.05772978893144537,0.13553806079554748,0.8067321502730072,True
2025-26,2025-11-08,Tottenham,Man United,2,2,0.4724874612805182,0.2326357782331746,0.2948767604863073,False
2025-26,2025-11-08,West Ham,Burnley,3,2,0.5389215732656478,0.24094542282094186,0.2201330039134102,False
2025-26,2025-11-09,Nott'm Forest,Leeds,3,1,0.5630002306185812,0.22255359743281,0.21444617194860893,False
2025-26,2025-11-09,Man City,Liverpool,3,0,0.4885155845079687,0.23299749347842125,0.2784869220136099,False
2025-26,2025-11-09,Brentford,Newcastle,3,1,0.3750402761493483,0.23631004809721676,0.38864967575343484,False
2025-26,2025-11-09,Aston Villa,Bournemouth,4,0,0.5013279877572694,0.24030191307794643,0.25837009916478415,False
2025-26,2025-11-09,Crystal Palace,Brighton,0,0,0.4101789210292819,0.25525234511681777,0.3345687338539006,False
2025-26,2025-11-22,Bournemouth,West Ham,2,2,0.4720422366073283,0.2445054811989186,0.28345228219375296,False
2025-26,2025-11-22,Brighton,Brentford,2,1,0.43233345907522625,0.23709248133894026,0.3305740595858335,False
2025-26,2025-11-22,Burnley,Chelsea,0,2,0.19719156714269861,0.23628364273612582,0.5665247901211757,False
2025-26,2025-11-22,Fulham,Sunderland,1,0,0.7153744722231337,0.18314765991725188,0.10147786785961445,True
2025-26,2025-11-22,Liverpool,Nott'm Forest,0,3,0.6902028826944837,0.1789301659393235,0.13086695136619264,False
2025-26,2025-11-22,Newcastle,Man City,2,1,0.2645715442091717,0.22927245612751124,0.506155999663317,False
2025-26,2025-11-22,Wolves,Crystal Palace,0,2,0.3538110128294828,0.2687864971015749,0.3774024900689424,False
2025-26,2025-11-23,Arsenal,Tottenham,4,1,0.6516276462409416,0.18862821580250158,0.15974413795655676,False
2025-26,2025-11-23,Leeds,Aston Villa,1,2,0.26136019750379613,0.23034679381958767,0.508293008676616,False
2025-26,2025-11-24,Man United,Everton,0,1,0.46176249448423956,0.28349997631314916,0.2547375292026113,False
2025-26,2025-11-29,Brentford,Burnley,3,1,0.6260931158154037,0.21064317294892798,0.1632637112356682,False
2025-26,2025-11-29,Everton,Newcastle,1,4,0.28861609587048087,0.2694678660441779,0.44191603808534125,False
2025-26,2025-11-29,Man City,Leeds,3,2,0.8361142156472943,0.10736307238902909,0.05652271196367671,False
2025-26,2025-11-29,Sunderland,Bournemouth,3,2,0.1659942442120685,0.23009328840984372,0.6039124673780878,True
2025-26,2025-11-29,Tottenham,Fulham,1,2,0.5033003855330618,0.22488596495872631,0.27181364950821174,False
2025-26,2025-11-30,Nott'm Forest,Brighton,0,2,0.40355048415242467,0.24945978688052872,0.3469897289670467,False
2025-26,2025-11-30,Crystal Palace,Man United,1,2,0.4050431598408232,0.2696705780874521,0.3252862620717245,False
2025-26,2025-11-30,West Ham,Liverpool,0,2,0.18054069610382634,0.20063358992643465,0.6188257139697388,False
2025-26,2025-11-30,Aston Villa,Wolves,1,0,0.5597200193371452,0.2287245258711397,0.21155545479171517,False
2025-26,2025-11-30,Chelsea,Arsenal,1,1,0.30125827548512607,0.25699861565750287,0.4417431088573711,False
2025-26,2025-12-02,Newcastle,Tottenham,2,2,0.5193450713391654,0.21188130759291146,0.268773621067923,False
2025-26,2025-12-02,Bournemouth,Everton,0,1,0.43874851837731427,0.28263330452865115,0.2786181770940347,False
2025-26,2025-12-02,Fulham,Man City,4,5,0.18166956016505187,0.21450317734501917,0.6038272624899291,False
2025-26,2025-12-03,Arsenal,Brentford,2,0,0.6441961387861197,0.19968802393284327,0.15611583728103712,False
2025-26,2025-12-03,Brighton,Aston Villa,3,4,0.4073644567569996,0.24359796707234513,0.34903757617065534,False
2025-26,2025-12-03,Burnley,Crystal Palace,0,1,0.27233738127338836,0.27089917167552285,0.4567634470510887,False
2025-26,2025-12-03,Leeds,Chelsea,3,1,0.21989509363559126,0.22130833345810666,0.5587965729063022,False
2025-26,2025-12-03,Liverpool,Sunderland,1,1,0.9004445944296728,0.07312033136257398,0.026435074207753182,True
2025-26,2025-12-03,Wolves,Nott'm Forest,0,1,0.3668523295573662,0.262155299026836,0.3709923714157978,False
2025-26,2025-12-04,Man United,West Ham,1,1,0.49883022540690425,0.24393650804970465,0.25723326654339096,False
2025-26,2025-12-06,Leeds,Liverpool,3,3,0.12676158381050068,0.1659429229075803,0.7072954932819193,False
2025-26,2025-12-06,Tottenham,Brentford,2,0,0.4667353242104038,0.2214288049399309,0.31183587084966535,False
2025-26,2025-12-06,Newcastle,Burnley,2,1,0.6934064053049163,0.18271830702297134,0.12387528767211245,False
2025-26,2025-12-06,Man City,Sunderland,3,0,0.9126079563436645,0.06594732593395117,0.02144471772238419,True
2025-26,2025-12-06,Bournemouth,Chelsea,0,0,0.3193383935162952,0.2536359206549957,0.4270256858287091,False
2025-26,2025-12-06,Aston Villa,Arsenal,2,1,0.2592250320778224,0.2460031055341643,0.49477186238801324,False
2025-26,2025-12-06,Everton,Nott'm Forest,3,0,0.3747479013151967,0.29072591784193974,0.33452618084286345,False
2025-26,2025-12-07,Brighton,West Ham,1,1,0.5170471021751902,0.22876567177115056,0.2541872260536592,False
2025-26,2025-12-07,Fulham,Crystal Palace,1,2,0.41496429440366656,0.2651269350428444,0.319908770553489,False
2025-26,2025-12-08,Wolves,Man United,1,4,0.3402775214110409,0.26475338530606185,0.3949690932828971,False
2025-26,2025-12-13,Liverpool,Brighton,2,0,0.6741096192710793,0.1793926131898387,0.1464977675390821,False
2025-26,2025-12-13,Chelsea,Everton,2,0,0.5485034406243847,0.2553278293607882,0.19616873001482707,False
2025-26,2025-12-13,Arsenal,Wolves,2,1,0.7236018797990342,0.17320782376716853,0.10319029643379725,False
2025-26,2025-12-13,Burnley,Fulham,2,3,0.28098259622697497,0.26445846282856794,0.45455894094445715,False
2025-26,2025-12-14,West Ham,Aston Villa,2,3,0.3344122477361979,0.24640431286827683,0.41918343939552527,False
2025-26,2025-12-14,Sunderland,Newcastle,1,0,0.10329784451231669,0.1721033907856637,0.7245987647020196,True
2025-26,2025-12-14,Brentford,Leeds,1,1,0.6211845377403177,0.19782147708393266,0.18099398517574955,False
2025-26,2025-12-14,Crystal Palace,Man City,0,3,0.18877240465067005,0.22500929533231015,0.5862183000170199,False
2025-26,2025-12-14,Nott'm Forest,Tottenham,3,0,0.38878760864462336,0.2361993769486234,0.37501301440675316,False
2025-26,2025-12-15,Man United,Bournemouth,4,4,0.4566238522945303,0.25609604882439735,0.2872800988810724,False
2025-26,2025-12-20,Bournemouth,Burnley,1,1,0.5687818272745016,0.23681903058273127,0.19439914214276732,False
2025-26,2025-12-20,Brighton,Sunderland,0,0,0.7561375838320983,0.15800568756472258,0.08585672860317918,True
2025-26,2025-12-20,Everton,Arsenal,0,1,0.1873177291523227,0.25958978075776723,0.55309249008991,False
2025-26,2025-12-20,Leeds,Crystal Palace,4,1,0.30586229850834,0.25114447890275776,0.4429932225889022,False
2025-26,2025-12-20,Man City,West Ham,3,0,0.7659419418136064,0.14524510639904997,0.08881295178734351,False
2025-26,2025-12-20,Newcastle,Chelsea,2,2,0.43605488908784773,0.24136922032320277,0.32257589058894937,False
2025-26,2025-12-20,Tottenham,Liverpool,1,2,0.25413370455826917,0.2092538342070473,0.5366124612346834,False
2025-26,2025-12-20,Wolves,Brentford,0,2,0.3316894244507298,0.2489045489261471,0.4194060266231232,False
2025-26,2025-12-21,Aston Villa,Man United,2,1,0.4660192473309883,0.25059204435227594,0.2833887083167356,False
2025-26,2025-12-22,Fulham,Nott'm Forest,1,0,0.4299996352939728,0.25740309459230765,0.31259727011371957,False
2025-26,2025-12-26,Man United,Newcastle,1,0,0.3536500120465567,0.24977340363295147,0.39657658432049164,False
2025-26,2025-12-27,Liverpool,Wolves,2,1,0.7461301693532434,0.15503544119392962,0.09883438945282691,False
2025-26,2025-12-27,Chelsea,Aston Villa,1,2,0.4863278592501761,0.24171180815622345,0.27196033259360075,False
2025-26,2025-12-27,Nott'm Forest,Man City,1,2,0.18055570422287376,0.21450627675745482,0.6049380190196715,False
2025-26,2025-12-27,Brentford,Bournemouth,4,1,0.4848398556618696,0.2386742210543541,0.27648592328377614,False
2025-26,2025-12-27,Arsenal,Brighton,2,1,0.6539598044788022,0.1964249447013242,0.1496152508198738,False
2025-26,2025-12-27,Burnley,Everton,0,0,0.3023958943410364,0.301471979775653,0.3961321258833106,False
2025-26,2025-12-27,West Ham,Fulham,0,1,0.3915557965435971,0.2530743474738107,0.35536985598259196,False
2025-26,2025-12-28,Sunderland,Leeds,1,1,0.24668846499765165,0.2512333457372282,0.50207818926512,True
2025-26,2025-12-28,Crystal Palace,Tottenham,0,1,0.3965773679823641,0.24191810146309556,0.3615045305545402,False
2025-26,2025-12-30,West Ham,Brighton,2,2,0.36696446148799405,0.2432186600726798,0.38981687843932616,False
2025-26,2025-12-30,Nott'm Forest,Everton,0,2,0.4401099271838167,0.28409698579937137,0.27579308701681204,False
2025-26,2025-12-30,Man United,Wolves,1,1,0.5133638776537399,0.24782017348887245,0.23881594885738752,False
2025-26,2025-12-30,Chelsea,Bournemouth,2,2,0.5500318044170359,0.23150564773853982,0.2184625478444241,False
2025-26,2025-12-30,Arsenal,Aston Villa,4,1,0.6166181616725923,0.21295793684830328,0.17042390147910452,False
2025-26,2025-12-30,Burnley,Newcastle,1,3,0.1989135478458086,0.2253359314487282,0.5757505207054633,False
2025-26,2026-01-01,Brentford,Tottenham,0,0,0.44125197002461525,0.22387344948542526,0.33487458048995944,False
2025-26,2026-01-01,Crystal Palace,Fulham,1,1,0.4320675872448525,0.2634271764849424,0.3045052362702051,False
2025-26,2026-01-01,Liverpool,Leeds,0,0,0.8133813226493822,0.1173921181818937,0.06922655916872397,False
2025-26,2026-01-01,Sunderland,Man City,0,0,0.043954338315003366,0.10779708350313733,0.8482485781818594,True
2025-26,2026-01-03,Aston Villa,Nott'm Forest,3,1,0.4966165390543293,0.24256305329357566,0.2608204076520949,False
2025-26,2026-01-03,Bournemouth,Arsenal,2,3,0.2083012908860324,0.23494377441818481,0.5567549346957827,False
2025-26,2026-01-03,Brighton,Burnley,2,0,0.6147042117202027,0.21505379954997553,0.17024198872982166,False
2025-26,2026-01-03,Wolves,West Ham,3,0,0.4096720849073296,0.25374322526890597,0.33658468982376455,False
2025-26,2026-01-04,Tottenham,Sunderland,1,1,0.7956992898467758,0.13196784965959713,0.07233286049362692,True
2025-26,2026-01-04,Newcastle,Crystal Palace,2,0,0.5349361631961864,0.2330650260179669,0.23199881078584675,False
2025-26,2026-01-04,Man City,Chelsea,1,1,0.6164435358613354,0.20859607376632444,0.1749603903723402,False
2025-26,2026-01-04,Everton,Brentford,2,4,0.3443968598274476,0.27770592376481396,0.37789721640773855,False
2025-26,2026-01-04,Fulham,Liverpool,2,2,0.212506875335705,0.22021113276557625,0.5672819918987186,False
2025-26,2026-01-04,Leeds,Man United,1,1,0.2918110869813081,0.24568922004203775,0.46249969297665405,False
2025-26,2026-01-06,West Ham,Nott'm Forest,1,2,0.3930042666508363,0.2535464376797038,0.35344929566945993,False
2025-26,2026-01-07,Fulham,Chelsea,2,1,0.3234310867132311,0.25514577537072997,0.421423137916039,False
2025-26,2026-01-07,Man City,Brighton,1,1,0.7071203637406407,0.17010778964965492,0.12277184660970428,False
2025-26,2026-01-07,Everton,Wolves,1,1,0.42932499849168926,0.28681833591342004,0.2838566655948907,False
2025-26,2026-01-07,Newcastle,Leeds,4,3,0.6930072647770017,0.17118002616757244,0.13581270905542583,False
2025-26,2026-01-07,Burnley,Man United,2,2,0.26001131077770534,0.2643413640750269,0.4756473251472677,False
2025-26,2026-01-07,Brentford,Sunderland,3,0,0.765795457302745,0.15278283989928637,0.08142170279796851,True
2025-26,2026-01-07,Bournemouth,Tottenham,3,2,0.38630016646857246,0.23477815560808138,0.37892167792334597,False
2025-26,2026-01-07,Crystal Palace,Aston Villa,0,0,0.3767860948845203,0.26140781546638414,0.36180608964909555,False
2025-26,2026-01-08,Arsenal,Liverpool,0,0,0.43749226469322616,0.248109009713359,0.31439872559341486,False
2025-26,2026-01-17,Chelsea,Brentford,2,0,0.5130148573331679,0.23221970951721752,0.2547654331496147,False
2025-26,2026-01-17,Leeds,Fulham,1,0,0.3157182211650424,0.24519494676475695,0.4390868320702006,False
2025-26,2026-01-17,Liverpool,Burnley,1,1,0.806828792300569,0.12788253223776494,0.065288675461666,False
2025-26,2026-01-17,Man United,Man City,2,0,0.1999323155963226,0.22643477548464638,0.5736329089190311,False
2025-26,2026-01-17,Nott'm Forest,Arsenal,0,0,0.21061460314049463,0.23758265443611584,0.5518027424233893,False
2025-26,2026-01-17,Sunderland,Crystal Palace,2,1,0.1591242527482723,0.23530257025884732,0.6055731769928804,True
2025-26,2026-01-17,Tottenham,West Ham,1,2,0.5559235015663309,0.2094504392429452,0.23462605919072377,False
2025-26,2026-01-18,Wolves,Newcastle,0,0,0.2715502655988703,0.23778165344443183,0.49066808095669806,False
2025-26,2026-01-18,Aston Villa,Everton,0,1,0.504720816988721,0.2649804427163517,0.2302987402949273,False
2025-26,2026-01-19,Brighton,Bournemouth,1,1,0.473001173756459,0.24105623293829342,0.2859425933052477,False
2025-26,2026-01-24,Bournemouth,Liverpool,3,2,0.20867510688309887,0.21773010939746507,0.5735947837194361,False
2025-26,2026-01-24,Burnley,Tottenham,2,2,0.2407806554231054,0.2280648258446832,0.5311545187322113,False
2025-26,2026-01-24,Fulham,Brighton,2,1,0.40565818509187507,0.24885115684257378,0.3454906580655511,False
2025-26,2026-01-24,Man City,Wolves,2,0,0.7727530912259566,0.1450089952498316,0.08223791352421178,False
2025-26,2026-01-24,West Ham,Sunderland,3,1,0.6890010489379488,0.19202932292287256,0.1189696281391787,True
2025-26,2026-01-25,Arsenal,Man United,2,3,0.6388160851886665,0.21088680822122663,0.150297106590107,False
2025-26,2026-01-25,Brentford,Nott'm Forest,0,2,0.480206352604179,0.24079229944982147,0.2790013479459997,False
2025-26,2026-01-25,Crystal Palace,Chelsea,1,3,0.32900776010482413,0.2630133041940838,0.40797893570109217,False
2025-26,2026-01-25,Newcastle,Aston Villa,0,2,0.4917472234433724,0.2317160070911371,0.2765367694654905,False
2025-26,2026-01-26,Everton,Leeds,1,1,0.496437422633621,0.26138869975892787,0.24217387760745118,False
2025-26,2026-01-31,Wolves,Bournemouth,0,2,0.37059249477340117,0.26050999730179564,0.3688975079248032,False
2025-26,2026-01-31,Liverpool,Newcastle,4,1,0.5967798235155878,0.20278125614735332,0.2004389203370588,False
2025-26,2026-01-31,Leeds,Arsenal,0,4,0.1306824666143337,0.18300414827830175,0.6863133851073646,False
2025-26,2026-01-31,Chelsea,West Ham,3,2,0.5943068454766878,0.21489928907071076,0.19079386545260135,False
2025-26,2026-01-31,Brighton,Everton,1,1,0.480014615089047,0.266003422551826,0.25398196235912696,False
2025-26,2026-02-01,Aston Villa,Brentford,0,1,0.46224716029366697,0.2381731740223816,0.29957966568395156,False
2025-26,2026-02-01,Man United,Fulham,3,2,0.4509110616104175,0.2579051353918244,0.2911838029977579,False
2025-26,2026-02-01,Nott'm Forest,Crystal Palace,1,1,0.4128860447063438,0.26583805281743117,0.32127590247622506,False
2025-26,2026-02-01,Tottenham,Man City,2,2,0.2165772497480039,0.20472705672954794,0.5786956935224481,False
2025-26,2026-02-02,Sunderland,Burnley,3,0,0.26868504358556644,0.2834677384753539,0.4478472179390797,True
2025-26,2026-02-06,Leeds,Nott'm Forest,3,1,0.31722614673621446,0.24589827523441013,0.4368755780293755,False
2025-26,2026-02-07,Wolves,Chelsea,1,3,0.26699244398594,0.2481436177131095,0.4848639383009504,False
2025-26,2026-02-07,Newcastle,Brentford,2,3,0.5190780102830838,0.2225082958309811,0.25841369388593505,False
2025-26,2026-02-07,Man United,Tottenham,2,0,0.4157029369176068,0.2381349930694337,0.3461620700129596,False
2025-26,2026-02-07,Fulham,Everton,1,2,0.44220979047334497,0.28320419988925466,0.27458600963740026,False
2025-26,2026-02-07,Burnley,West Ham,0,2,0.3183348143191892,0.2623142847908836,0.41935090088992716,False
2025-26,2026-02-07,Bournemouth,Aston Villa,1,1,0.36769984001196293,0.2533106247872208,0.37898953520081624,False
2025-26,2026-02-07,Arsenal,Sunderland,3,0,0.8809503708663168,0.08887908825845663,0.030170540875226776,True
2025-26,2026-02-08,Brighton,Crystal Palace,0,1,0.45228985806307687,0.25111000717245835,0.2966001347644647,False
2025-26,2026-02-08,Liverpool,Man City,1,2,0.3956223638577443,0.24199409384162035,0.3623835423006355,False
2025-26,2026-02-10,Chelsea,Leeds,2,2,0.6820180100192177,0.18110471535760903,0.1368772746231732,False
2025-26,2026-02-10,Everton,Bournemouth,1,2,0.37851536137615427,0.2887331244800578,0.3327515141437881,False
2025-26,2026-02-10,Tottenham,Newcastle,1,2,0.3932936786636631,0.2238660233289014,0.3828402980074355,False
2025-26,2026-02-10,West Ham,Man United,1,1,0.3649267785374808,0.25701410162472005,0.37805911983779916,False
2025-26,2026-02-11,Sunderland,Liverpool,0,1,0.053272119514548674,0.11697918017543002,0.8297487003100215,True
2025-26,2026-02-11,Nott'm Forest,Wolves,0,0,0.4893296725691756,0.2501225130219313,0.2605478144088934,False
2025-26,2026-02-11,Crystal Palace,Burnley,2,3,0.5718435550145619,0.2421013888019274,0.18605505618351087,False
2025-26,2026-02-11,Aston Villa,Brighton,1,0,0.47321491830920814,0.23719620858411636,0.2895888731066756,False
2025-26,2026-02-11,Man City,Fulham,3,0,0.719822581559124,0.16962358498980545,0.11055383345107064,False
2025-26,2026-02-12,Brentford,Arsenal,1,1,0.2427407196652322,0.23594402879260665,0.5213152515421612,False
2025-26,2026-02-18,Wolves,Arsenal,2,2,0.1685969074698162,0.21936334254576173,0.612039749984422,False
2025-26,2026-02-21,Aston Villa,Leeds,1,1,0.6357103858031377,0.19642652666406465,0.1678630875327978,False
2025-26,2026-02-21,Brentford,Brighton,0,2,0.45544130035127767,0.2348516398726365,0.30970705977608576,False
2025-26,2026-02-21,Chelsea,Burnley,1,1,0.6812498628821014,0.1938649645359075,0.12488517258199106,False
2025-26,2026-02-21,Man City,Newcastle,2,1,0.6343944514244996,0.19574895755350458,0.16985659102199588,False
2025-26,2026-02-21,West Ham,Bournemouth,0,0,0.39699152465509313,0.25184748605546176,0.3511609892894452,False
2025-26,2026-02-22,Nott'm Forest,Liverpool,0,1,0.21120907734015587,0.22026142264806708,0.5685295000117769,False
2025-26,2026-02-22,Tottenham,Arsenal,1,4,0.2522550468682202,0.22431182296305188,0.5234331301687278,False
2025-26,2026-02-22,Crystal Palace,Wolves,1,0,0.49360460315670185,0.2549984884719096,0.25139690837138845,False
2025-26,2026-02-22,Sunderland,Fulham,1,3,0.1632568541361674,0.22972279990952726,0.6070203459543053,True
2025-26,2026-02-23,Everton,Man United,0,1,0.34956225979192257,0.2948747076090886,0.35556303259898886,False
2025-26,2026-02-27,Wolves,Aston Villa,2,0,0.3110754977236079,0.2524691424270868,0.4364553598493052,False
2025-26,2026-02-28,Liverpool,West Ham,5,2,0.7376741451281819,0.15537752138127967,0.1069483334905387,False
2025-26,2026-02-28,Bournemouth,Sunderland,1,1,0.7128797136094351,0.18382155112784937,0.10329873526271544,True
2025-26,2026-02-28,Burnley,Brentford,3,4,0.24962642500423438,0.2452318202510735,0.5051417547446921,False
2025-26,2026-02-28,Leeds,Man City,0,1,0.10559498557659387,0.15604357903729926,0.7383614353861067,False
2025-26,2026-02-28,Newcastle,Everton,2,3,0.5582301810868631,0.24341555037331283,0.19835426853982396,False
2025-26,2026-03-01,Man United,Crystal Palace,2,1,0.4365671860813641,0.26652744259789174,0.2969053713207441,False
2025-26,2026-03-01,Fulham,Tottenham,2,1,0.39090484628110717,0.23569220489274784,0.373402948826145,False
2025-26,2026-03-01,Brighton,Nott'm Forest,2,1,0.4684437962208753,0.243119069730409,0.2884371340487158,False
2025-26,2026-03-01,Arsenal,Chelsea,2,1,0.5629297588110702,0.2319712197312989,0.20509902145763087,False
2025-26,2026-03-03,Bournemouth,Brentford,0,0,0.390814380184087,0.24782453234719085,0.36136108746872236,False
2025-26,2026-03-03,Everton,Burnley,2,0,0.5022410775370164,0.28130573507714257,0.21645318738584096,False
2025-26,2026-03-03,Leeds,Sunderland,0,1,0.6208584702417337,0.2166240558623455,0.1625174738959209,True
2025-26,2026-03-03,Wolves,Liverpool,2,1,0.16688110130435196,0.20153996252960923,0.6315789361660388,False
2025-26,2026-03-04,Aston Villa,Chelsea,1,4,0.38405275276828055,0.2516897392918962,0.36425750793982326,False
2025-26,2026-03-04,Brighton,Arsenal,0,1,0.23411465128025052,0.23403154078657137,0.5318538079331783,False
2025-26,2026-03-04,Fulham,West Ham,0,1,0.4761371067597667,0.2447983061385078,0.27906458710172555,False
2025-26,2026-03-04,Man City,Nott'm Forest,2,2,0.7206400736623193,0.16950965552521127,0.10985027081246942,False
2025-26,2026-03-04,Newcastle,Man United,2,1,0.521114699872792,0.23359478168393627,0.24529051844327165,False
2025-26,2026-03-05,Tottenham,Crystal Palace,1,3,0.48759780625835725,0.2331018160449559,0.27930037769668686,False
2025-26,2026-03-14,West Ham,Man City,1,1,0.15283870507060354,0.1929096730061819,0.6542516219232146,False
2025-26,2026-03-14,Sunderland,Brighton,0,1,0.1439681024437334,0.206488691331756,0.6495432062245106,True
2025-26,2026-03-14,Arsenal,Everton,2,0,0.6611411093326423,0.21677656799706768,0.1220823226702899,False
2025-26,2026-03-14,Burnley,Bournemouth,0,0,0.28522166131850063,0.2639949363207645,0.45078340236073483,False
2025-26,2026-03-14,Chelsea,Newcastle,0,1,0.44440551390214633,0.2405559384844304,0.3150385476134232,False
2025-26,2026-03-15,Crystal Palace,Leeds,0,0,0.566586729461986,0.2263376649750977,0.20707560556291643,False
2025-26,2026-03-15,Liverpool,Tottenham,1,1,0.6706721103872144,0.17279167246981783,0.1565362171429674,False
2025-26,2026-03-15,Man United,Aston Villa,3,1,0.39460573971768675,0.25761563249178904,0.3477786277905244,False
2025-26,2026-03-15,Nott'm Forest,Fulham,0,0,0.4264965310108615,0.2577491959435071,0.3157542730456313,False
2025-26,2026-03-16,Brentford,Wolves,2,2,0.5445443947051825,0.22850617288570746,0.22694943240910992,False
2025-26,2026-03-20,Bournemouth,Man United,2,2,0.3972724693386383,0.26196151881080515,0.34076601185055666,False
2025-26,2026-03-21,Leeds,Brentford,0,0,0.28007990251817916,0.22900124356901935,0.4909188539128015,False
2025-26,2026-03-21,Fulham,Burnley,3,1,0.5721798845699487,0.23658463912638192,0.1912354763036693,False
2025-26,2026-03-21,Brighton,Liverpool,2,1,0.23558500255207848,0.21776804245655615,0.5466469549913652,False
2025-26,2026-03-21,Everton,Chelsea,3,0,0.2824179775360587,0.28135791629784057,0.4362241061661007,False
2025-26,2026-03-22,Aston Villa,West Ham,2,0,0.5454310702702178,0.22622001559459518,0.22834891413518688,False
2025-26,2026-03-22,Newcastle,Sunderland,1,2,0.8200381826043919,0.12233955147559178,0.05762226592001634,True
2025-26,2026-03-22,Tottenham,Nott'm Forest,0,3,0.5047719587615525,0.22504797302005655,0.27018006821839075,False
2025-26,2026-04-10,West Ham,Wolves,4,0,0.45514103830770436,0.2492774722511484,0.29558148944114704,False
2025-26,2026-04-11,Arsenal,Bournemouth,1,2,0.6739946747864302,0.19389522382177904,0.13211010139179089,False
2025-26,2026-04-11,Brentford,Everton,2,2,0.4909531693626054,0.2631438309715702,0.24590299966582457,False
2025-26,2026-04-11,Burnley,Brighton,0,2,0.2582827115856928,0.2480857718879795,0.4936315165263278,False
2025-26,2026-04-11,Liverpool,Fulham,2,0,0.6892517647664178,0.17903642867935124,0.13171180655423118,False
2025-26,2026-04-12,Crystal Palace,Newcastle,2,1,0.336627810447926,0.25217209764271586,0.41120009190935813,False
2025-26,2026-04-12,Sunderland,Tottenham,1,0,0.1276575451262587,0.18104470220543728,0.691297752668304,True
2025-26,2026-04-12,Chelsea,Man City,0,3,0.2672401763891238,0.24079619308166536,0.4919636305292108,False
2025-26,2026-04-12,Nott'm Forest,Aston Villa,1,1,0.36991852720677365,0.25492492750894946,0.3751565452842771,False
2025-26,2026-04-13,Man United,Leeds,1,2,0.587411762038784,0.2179218029163469,0.1946664350448693,False
2025-26,2026-04-18,Newcastle,Bournemouth,1,2,0.5579740762479839,0.22125979222049727,0.22076613153151892,False
2025-26,2026-04-18,Brentford,Fulham,0,0,0.4788157998745912,0.24055720008358136,0.28062700004182733,False
2025-26,2026-04-18,Chelsea,Man United,0,1,0.5141179176973836,0.24406414511755817,0.24181793718505823,False
2025-26,2026-04-18,Leeds,Wolves,3,0,0.3769139189476093,0.24999111937281365,0.373094961679577,False
2025-26,2026-04-18,Tottenham,Brighton,2,2,0.4785198326976137,0.22048269148378496,0.30099747581860126,False
2025-26,2026-04-19,Nott'm Forest,Burnley,4,1,0.5697944665949426,0.23774316694397124,0.19246236646108622,False
2025-26,2026-04-19,Man City,Arsenal,2,1,0.4711611522865674,0.2502650599090799,0.27857378780435277,False
2025-26,2026-04-19,Everton,Liverpool,1,2,0.18801719622754923,0.23967235599923098,0.5723104477732198,False
2025-26,2026-04-19,Aston Villa,Sunderland,4,3,0.7738060947596213,0.15068502884609747,0.07550887639428118,True
2025-26,2026-04-20,Crystal Palace,West Ham,0,0,0.47894990934968895,0.25048802689540645,0.27056206375490455,False
2025-26,2026-04-21,Brighton,Chelsea,3,0,0.3554055577030033,0.24668462745579842,0.3979098148411982,False
2025-26,2026-04-22,Bournemouth,Leeds,2,2,0.561566536551376,0.22175504674814395,0.21667841670047994,False
2025-26,2026-04-22,Burnley,Man City,0,1,0.09748244379365993,0.16792029281314422,0.734597263393196,False
2025-26,2026-04-24,Sunderland,Nott'm Forest,0,5,0.16438472368277707,0.23098552590624108,0.6046297504109818,True
2025-26,2026-04-25,Wolves,Tottenham,0,1,0.3249010412471664,0.2344581605051976,0.440640798247636,False
2025-26,2026-04-25,Liverpool,Crystal Palace,3,1,0.6710221816927775,0.19012476638869072,0.13885305191853192,False
2025-26,2026-04-25,West Ham,Everton,2,1,0.4096448324419722,0.2804263516003563,0.3099288159576716,False
2025-26,2026-04-25,Arsenal,Newcastle,1,0,0.5798257385261758,0.2190935375007431,0.20108072397308097,False
2025-26,2026-04-25,Fulham,Aston Villa,1,0,0.3718956815934128,0.2543985334380286,0.3737057849685586,False
2025-26,2026-04-27,Man United,Brentford,2,1,0.41848109379860454,0.2509610476842083,0.33055785851718744,False
2025-26,2026-05-01,Leeds,Burnley,3,1,0.4625665607401534,0.2523677106816622,0.28506572857818446,False
2025-26,2026-05-02,Arsenal,Fulham,3,0,0.6679339028599569,0.1970169230356024,0.13504917410444078,False
2025-26,2026-05-02,Brentford,West Ham,3,0,0.5292067225627308,0.22576547158187704,0.24502780585539224,False
2025-26,2026-05-02,Newcastle,Brighton,3,1,0.5303212884364165,0.22071556143044696,0.24896315013313647,False
2025-26,2026-05-02,Wolves,Sunderland,1,1,0.6566435657973075,0.21097859854660972,0.13237783565608277,True
2025-26,2026-05-03,Bournemouth,Crystal Palace,3,0,0.41104256543859213,0.2643747908610986,0.3245826437003091,False
2025-26,2026-05-03,Aston Villa,Tottenham,1,2,0.4606021899083168,0.2264950660710936,0.3129027440205895,False
2025-26,2026-05-03,Man United,Liverpool,3,2,0.2325980933343057,0.23072838808567636,0.5366735185800179,False
2025-26,2026-05-04,Everton,Man City,3,3,0.1618198821412017,0.23405662724594437,0.604123490612854,False
2025-26,2026-05-04,Chelsea,Nott'm Forest,1,3,0.5450891612697225,0.2340372495744047,0.22087358915587277,False
2025-26,2026-05-09,Brighton,Wolves,3,0,0.5326502562388999,0.23182113070709318,0.23552861305400677,False
2025-26,2026-05-09,Fulham,Bournemouth,0,1,0.434257086459208,0.2554336594586855,0.31030925408210663,False
2025-26,2026-05-09,Liverpool,Chelsea,1,1,0.5799420721036934,0.21485415658700754,0.2052037713092989,False
2025-26,2026-05-09,Man City,Brentford,3,0,0.6976827101317765,0.1736926899756099,0.1286245998926136,False
2025-26,2026-05-09,Sunderland,Man United,0,0,0.14932640203279982,0.22526441598787095,0.6254091819793288,True
2025-26,2026-05-10,West Ham,Arsenal,0,1,0.18192377710738855,0.2176658578279099,0.6004103650647015,False
2025-26,2026-05-10,Burnley,Aston Villa,2,2,0.2333244417029368,0.24649070437042156,0.5201848539266416,False
2025-26,2026-05-10,Crystal Palace,Everton,2,2,0.4436450086551612,0.29030841061586715,0.2660465807289716,False
2025-26,2026-05-10,Nott'm Forest,Newcastle,1,1,0.32870843007460726,0.2450860371131969,0.42620553281219564,False
2025-26,2026-05-11,Tottenham,Leeds,1,1,0.6508029639029244,0.18002631763068125,0.16917071846639453,False
2025-26,2026-05-13,Man City,Crystal Palace,3,0,0.7016436264300406,0.1811852049724554,0.1171711685975041,False
2025-26,2026-05-15,Aston Villa,Liverpool,4,2,0.2625532713230186,0.2295344024609777,0.5079123262160037,False
2025-26,2026-05-17,Brentford,Crystal Palace,2,2,0.46374894863726235,0.24897284875934667,0.28727820260339104,False
2025-26,2026-05-17,Everton,Sunderland,1,3,0.6391448731230847,0.23590648511002738,0.12494864176688766,True
2025-26,2026-05-17,Leeds,Brighton,1,0,0.28995867372989337,0.2313562360741804,0.47868509019592625,False
2025-26,2026-05-17,Man United,Nott'm Forest,3,2,0.45221755255692975,0.25822656466987876,0.28955588277319133,False
2025-26,2026-05-17,Newcastle,West Ham,3,1,0.6033313162590178,0.20487108395450415,0.19179759978647806,False
2025-26,2026-05-17,Wolves,Fulham,1,1,0.3654543451682195,0.2615958699247363,0.3729497849070441,False
2025-26,2026-05-18,Arsenal,Burnley,1,0,0.7837387069076079,0.1463501577814812,0.06991113531091095,False
2025-26,2026-05-19,Chelsea,Tottenham,2,1,0.514064756757505,0.22092469641364967,0.26501054682884534,False
2025-26,2026-05-19,Bournemouth,Man City,1,1,0.1781725958665979,0.2117472070569072,0.6100801970764951,False
2025-26,2026-05-24,Nott'm Forest,Bournemouth,1,1,0.4320966605068541,0.25616704002580326,0.31173629946734266,False
2025-26,2026-05-24,Man City,Aston Villa,1,2,0.6701911371880265,0.1874930419108683,0.14231582090110506,False
2025-26,2026-05-24,Sunderland,Chelsea,2,1,0.10475714123009139,0.1836250431794777,0.7116178155904306,True
2025-26,2026-05-24,Liverpool,Brentford,1,1,0.6639769688234598,0.18275731081383798,0.1532657203627021,False
2025-26,2026-05-24,Tottenham,Everton,1,0,0.5167830976979594,0.24485366881094828,0.23836323349109212,False
2025-26,2026-05-24,Crystal Palace,Arsenal,1,2,0.21842600951384433,0.24768317224701425,0.5338908182391413,False
2025-26,2026-05-24,Burnley,Wolves,1,1,0.3350631942326427,0.2725957787911653,0.392341026976192,False
2025-26,2026-05-24,Brighton,Man United,0,3,0.43800763488637007,0.24977533528152526,0.31221702983210464,False
2025-26,2026-05-24,Fulham,Newcastle,2,0,0.33055687952287366,0.24471537169119653,0.42472774878592967,False
2025-26,2026-05-24,West Ham,Leeds,3,0,0.5282267226558428,0.22551754451242578,0.24625573283173147,False
