key,gw,home,away,kind,side,line,label,locked_at,close_at,model,kal_at,kal_mid,kal_ask,result,settled,graded,brier_model,brier_kalshi,closer
Arsenal|Coventry|btts|-|-,1,Arsenal,Coventry,btts,,,Both teams to score,2026-08-14T19:40+00:00,2026-08-20T19:42+00:00,39.3,2026-08-20T19:42+00:00,37.5,38.0,3-0,NO,2026-08-22T00:18+00:00,0.1544,0.1406,kalshi
Arsenal|Coventry|total|-|1.5,1,Arsenal,Coventry,total,,1.5,Over 1.5 goals,2026-08-14T19:40+00:00,2026-08-20T19:42+00:00,85.0,2026-08-20T19:42+00:00,82.5,83.0,3-0,YES,2026-08-22T00:18+00:00,0.0225,0.0306,model
Arsenal|Coventry|total|-|2.5,1,Arsenal,Coventry,total,,2.5,Over 2.5 goals,2026-08-14T19:40+00:00,2026-08-20T19:42+00:00,64.8,2026-08-20T19:42+00:00,60.5,61.0,3-0,YES,2026-08-22T00:18+00:00,0.1239,0.156,model
Arsenal|Coventry|total|-|3.5,1,Arsenal,Coventry,total,,3.5,Over 3.5 goals,2026-08-14T19:40+00:00,2026-08-20T19:42+00:00,42.8,2026-08-20T19:42+00:00,37.5,38.0,3-0,NO,2026-08-22T00:18+00:00,0.1832,0.1406,kalshi
Arsenal|Coventry|spread|h|1.5,1,Arsenal,Coventry,spread,h,1.5,Arsenal wins by >1.5,2026-08-14T19:40+00:00,2026-08-20T19:42+00:00,64.6,2026-08-20T19:42+00:00,61.5,62.0,3-0,YES,2026-08-22T00:18+00:00,0.1253,0.1482,model
Arsenal|Coventry|spread|a|1.5,1,Arsenal,Coventry,spread,a,1.5,Coventry wins by >1.5,2026-08-14T19:40+00:00,2026-08-20T19:42+00:00,1.0,2026-08-20T19:42+00:00,1.5,2.0,3-0,NO,2026-08-22T00:18+00:00,0.0001,0.0002,model
Arsenal|Coventry|spread|h|2.5,1,Arsenal,Coventry,spread,h,2.5,Arsenal wins by >2.5,2026-08-14T19:40+00:00,2026-08-20T19:42+00:00,42.2,2026-08-20T19:42+00:00,38.5,39.0,3-0,YES,2026-08-22T00:18+00:00,0.3341,0.3782,model
Arsenal|Coventry|spread|a|2.5,1,Arsenal,Coventry,spread,a,2.5,Coventry wins by >2.5,2026-08-14T19:40+00:00,2026-08-20T19:42+00:00,0.1,2026-08-20T19:42+00:00,0.5,1.0,3-0,NO,2026-08-22T00:18+00:00,0.0,0.0,tie
Hull|Man United|btts|-|-,1,Hull,Man United,btts,,,Both teams to score,2026-08-14T19:40+00:00,2026-08-22T00:48+00:00,56.6,2026-08-22T00:48+00:00,49.5,50.0,2-0,NO,2026-08-24T15:03+00:00,0.3204,0.245,kalshi
Hull|Man United|total|-|1.5,1,Hull,Man United,total,,1.5,Over 1.5 goals,2026-08-14T19:40+00:00,2026-08-22T00:48+00:00,80.2,2026-08-22T00:48+00:00,82.5,83.0,2-0,YES,2026-08-24T15:03+00:00,0.0392,0.0306,kalshi
Hull|Man United|total|-|2.5,1,Hull,Man United,total,,2.5,Over 2.5 goals,2026-08-14T19:40+00:00,2026-08-22T00:48+00:00,56.5,2026-08-22T00:48+00:00,59.5,60.0,2-0,NO,2026-08-24T15:03+00:00,0.3192,0.354,model
Hull|Man United|total|-|3.5,1,Hull,Man United,total,,3.5,Over 3.5 goals,2026-08-14T19:40+00:00,2026-08-22T00:48+00:00,34.1,2026-08-22T00:48+00:00,36.5,37.0,2-0,NO,2026-08-24T15:03+00:00,0.1163,0.1332,model
Hull|Man United|spread|h|1.5,1,Hull,Man United,spread,h,1.5,Hull wins by >1.5,2026-08-14T19:40+00:00,2026-08-22T00:48+00:00,7.9,2026-08-22T00:48+00:00,2.5,3.0,2-0,YES,2026-08-24T15:03+00:00,0.8482,0.9506,model
Hull|Man United|spread|a|1.5,1,Hull,Man United,spread,a,1.5,Man United wins by >1.5,2026-08-14T19:40+00:00,2026-08-22T00:48+00:00,32.5,2026-08-22T00:48+00:00,48.5,49.0,2-0,NO,2026-08-24T15:03+00:00,0.1056,0.2352,model
Hull|Man United|spread|h|2.5,1,Hull,Man United,spread,h,2.5,Hull wins by >2.5,2026-08-14T19:40+00:00,2026-08-22T00:48+00:00,2.3,2026-08-22T00:48+00:00,0.5,1.0,2-0,NO,2026-08-24T15:03+00:00,0.0005,0.0,kalshi
Hull|Man United|spread|a|2.5,1,Hull,Man United,spread,a,2.5,Man United wins by >2.5,2026-08-14T19:40+00:00,2026-08-22T00:48+00:00,15.3,2026-08-22T00:48+00:00,26.5,27.0,2-0,NO,2026-08-24T15:03+00:00,0.0234,0.0702,model
Everton|Crystal Palace|btts|-|-,1,Everton,Crystal Palace,btts,,,Both teams to score,2026-08-14T19:40+00:00,2026-08-22T00:48+00:00,45.1,2026-08-22T00:48+00:00,54.5,55.0,2-0,NO,2026-08-24T15:03+00:00,0.2034,0.297,model
Everton|Crystal Palace|total|-|1.5,1,Everton,Crystal Palace,total,,1.5,Over 1.5 goals,2026-08-14T19:40+00:00,2026-08-22T00:48+00:00,65.8,2026-08-22T00:48+00:00,75.5,76.0,2-0,YES,2026-08-24T15:03+00:00,0.117,0.06,kalshi
Everton|Crystal Palace|total|-|2.5,1,Everton,Crystal Palace,total,,2.5,Over 2.5 goals,2026-08-14T19:40+00:00,2026-08-22T00:48+00:00,38.0,2026-08-22T00:48+00:00,48.5,49.0,2-0,NO,2026-08-24T15:03+00:00,0.1444,0.2352,model
Everton|Crystal Palace|total|-|3.5,1,Everton,Crystal Palace,total,,3.5,Over 3.5 goals,2026-08-14T19:40+00:00,2026-08-22T00:48+00:00,18.2,2026-08-22T00:48+00:00,27.5,28.0,2-0,NO,2026-08-24T15:03+00:00,0.0331,0.0756,model
Everton|Crystal Palace|spread|h|1.5,1,Everton,Crystal Palace,spread,h,1.5,Everton wins by >1.5,2026-08-14T19:40+00:00,2026-08-22T00:48+00:00,18.9,2026-08-22T00:48+00:00,20.5,21.0,2-0,YES,2026-08-24T15:03+00:00,0.6577,0.632,kalshi
Everton|Crystal Palace|spread|a|1.5,1,Everton,Crystal Palace,spread,a,1.5,Crystal Palace wins by >1.5,2026-08-14T19:40+00:00,2026-08-22T00:48+00:00,10.3,2026-08-22T00:48+00:00,10.5,11.0,2-0,NO,2026-08-24T15:03+00:00,0.0106,0.011,model
Everton|Crystal Palace|spread|h|2.5,1,Everton,Crystal Palace,spread,h,2.5,Everton wins by >2.5,2026-08-14T19:40+00:00,2026-08-22T00:48+00:00,6.5,,,,2-0,NO,2026-08-24T15:03+00:00,0.0042,,
Everton|Crystal Palace|spread|a|2.5,1,Everton,Crystal Palace,spread,a,2.5,Crystal Palace wins by >2.5,2026-08-14T19:40+00:00,2026-08-22T00:48+00:00,2.8,2026-08-22T00:48+00:00,3.5,4.0,2-0,NO,2026-08-24T15:03+00:00,0.0008,0.0012,model
Ipswich|Sunderland|btts|-|-,1,Ipswich,Sunderland,btts,,,Both teams to score,2026-08-14T19:40+00:00,2026-08-22T00:48+00:00,44.6,2026-08-22T00:48+00:00,53.5,54.0,2-1,YES,2026-08-24T15:03+00:00,0.3069,0.2162,kalshi
Ipswich|Sunderland|total|-|1.5,1,Ipswich,Sunderland,total,,1.5,Over 1.5 goals,2026-08-14T19:40+00:00,2026-08-22T00:48+00:00,66.8,,,,2-1,YES,2026-08-24T15:03+00:00,0.1102,,
Ipswich|Sunderland|total|-|2.5,1,Ipswich,Sunderland,total,,2.5,Over 2.5 goals,2026-08-14T19:40+00:00,2026-08-22T00:48+00:00,39.1,2026-08-22T00:48+00:00,46.5,47.0,2-1,YES,2026-08-24T15:03+00:00,0.3709,0.2862,kalshi
Ipswich|Sunderland|total|-|3.5,1,Ipswich,Sunderland,total,,3.5,Over 3.5 goals,2026-08-14T19:40+00:00,2026-08-22T00:48+00:00,19.1,2026-08-22T00:48+00:00,25.5,26.0,2-1,NO,2026-08-24T15:03+00:00,0.0365,0.065,model
Ipswich|Sunderland|spread|h|1.5,1,Ipswich,Sunderland,spread,h,1.5,Ipswich wins by >1.5,2026-08-14T19:40+00:00,2026-08-22T00:48+00:00,7.8,,,,2-1,NO,2026-08-24T15:03+00:00,0.0061,,
Ipswich|Sunderland|spread|a|1.5,1,Ipswich,Sunderland,spread,a,1.5,Sunderland wins by >1.5,2026-08-14T19:40+00:00,2026-08-22T00:48+00:00,23.5,2026-08-22T00:48+00:00,14.5,15.0,2-1,NO,2026-08-24T15:03+00:00,0.0552,0.021,kalshi
Ipswich|Sunderland|spread|h|2.5,1,Ipswich,Sunderland,spread,h,2.5,Ipswich wins by >2.5,2026-08-14T19:40+00:00,2026-08-22T00:48+00:00,1.9,2026-08-22T00:48+00:00,4.5,5.0,2-1,NO,2026-08-24T15:03+00:00,0.0004,0.002,model
Ipswich|Sunderland|spread|a|2.5,1,Ipswich,Sunderland,spread,a,2.5,Sunderland wins by >2.5,2026-08-14T19:40+00:00,2026-08-22T00:48+00:00,8.8,2026-08-22T00:48+00:00,4.5,5.0,2-1,NO,2026-08-24T15:03+00:00,0.0077,0.002,kalshi
Nott'm Forest|Leeds|btts|-|-,1,Nott'm Forest,Leeds,btts,,,Both teams to score,2026-08-14T19:40+00:00,2026-08-22T00:48+00:00,53.2,2026-08-22T00:48+00:00,54.5,55.0,0-1,NO,2026-08-24T15:03+00:00,0.283,0.297,model
Nott'm Forest|Leeds|total|-|1.5,1,Nott'm Forest,Leeds,total,,1.5,Over 1.5 goals,2026-08-14T19:40+00:00,2026-08-22T00:48+00:00,75.1,2026-08-22T00:48+00:00,73.5,74.0,0-1,NO,2026-08-24T15:03+00:00,0.564,0.5402,kalshi
Nott'm Forest|Leeds|total|-|2.5,1,Nott'm Forest,Leeds,total,,2.5,Over 2.5 goals,2026-08-14T19:40+00:00,2026-08-22T00:48+00:00,49.3,2026-08-22T00:48+00:00,48.5,49.0,0-1,NO,2026-08-24T15:03+00:00,0.243,0.2352,kalshi
Nott'm Forest|Leeds|total|-|3.5,1,Nott'm Forest,Leeds,total,,3.5,Over 3.5 goals,2026-08-14T19:40+00:00,2026-08-22T00:48+00:00,27.4,2026-08-22T00:48+00:00,27.5,28.0,0-1,NO,2026-08-24T15:03+00:00,0.0751,0.0756,model
Nott'm Forest|Leeds|spread|h|1.5,1,Nott'm Forest,Leeds,spread,h,1.5,Nott'm Forest wins by >1.5,2026-08-14T19:40+00:00,2026-08-22T00:48+00:00,25.1,2026-08-22T00:48+00:00,18.5,19.0,0-1,NO,2026-08-24T15:03+00:00,0.063,0.0342,kalshi
Nott'm Forest|Leeds|spread|a|1.5,1,Nott'm Forest,Leeds,spread,a,1.5,Leeds wins by >1.5,2026-08-14T19:40+00:00,2026-08-22T00:48+00:00,9.9,2026-08-22T00:48+00:00,11.5,12.0,0-1,NO,2026-08-24T15:03+00:00,0.0098,0.0132,model
Nott'm Forest|Leeds|spread|h|2.5,1,Nott'm Forest,Leeds,spread,h,2.5,Nott'm Forest wins by >2.5,2026-08-14T19:40+00:00,2026-08-22T00:48+00:00,10.3,,,,0-1,NO,2026-08-24T15:03+00:00,0.0106,,
Nott'm Forest|Leeds|spread|a|2.5,1,Nott'm Forest,Leeds,spread,a,2.5,Leeds wins by >2.5,2026-08-14T19:40+00:00,2026-08-22T00:48+00:00,2.9,2026-08-22T00:48+00:00,3.5,4.0,0-1,NO,2026-08-24T15:03+00:00,0.0008,0.0012,model
Brentford|Tottenham|btts|-|-,1,Brentford,Tottenham,btts,,,Both teams to score,2026-08-14T19:40+00:00,2026-08-22T00:48+00:00,61.9,2026-08-22T00:48+00:00,61.5,62.0,3-0,NO,2026-08-24T15:03+00:00,0.3832,0.3782,kalshi
Brentford|Tottenham|total|-|1.5,1,Brentford,Tottenham,total,,1.5,Over 1.5 goals,2026-08-14T19:40+00:00,2026-08-22T00:48+00:00,82.9,2026-08-22T00:48+00:00,79.5,80.0,3-0,YES,2026-08-24T15:03+00:00,0.0292,0.042,model
Brentford|Tottenham|total|-|2.5,1,Brentford,Tottenham,total,,2.5,Over 2.5 goals,2026-08-14T19:40+00:00,2026-08-22T00:48+00:00,60.8,2026-08-22T00:48+00:00,56.5,57.0,3-0,YES,2026-08-24T15:03+00:00,0.1537,0.1892,model
Brentford|Tottenham|total|-|3.5,1,Brentford,Tottenham,total,,3.5,Over 3.5 goals,2026-08-14T19:40+00:00,2026-08-22T00:48+00:00,38.4,2026-08-22T00:48+00:00,33.5,34.0,3-0,NO,2026-08-24T15:03+00:00,0.1475,0.1122,kalshi
Brentford|Tottenham|spread|h|1.5,1,Brentford,Tottenham,spread,h,1.5,Brentford wins by >1.5,2026-08-14T19:40+00:00,2026-08-22T00:48+00:00,28.6,2026-08-22T00:48+00:00,19.5,20.0,3-0,YES,2026-08-24T15:03+00:00,0.5098,0.648,model
Brentford|Tottenham|spread|a|1.5,1,Brentford,Tottenham,spread,a,1.5,Tottenham wins by >1.5,2026-08-14T19:40+00:00,2026-08-22T00:48+00:00,11.1,2026-08-22T00:48+00:00,15.5,16.0,3-0,NO,2026-08-24T15:03+00:00,0.0123,0.024,model
Brentford|Tottenham|spread|h|2.5,1,Brentford,Tottenham,spread,h,2.5,Brentford wins by >2.5,2026-08-14T19:40+00:00,2026-08-22T00:48+00:00,13.1,2026-08-22T00:48+00:00,7.5,8.0,3-0,YES,2026-08-24T15:03+00:00,0.7552,0.8556,model
Brentford|Tottenham|spread|a|2.5,1,Brentford,Tottenham,spread,a,2.5,Tottenham wins by >2.5,2026-08-14T19:40+00:00,2026-08-22T00:48+00:00,3.7,2026-08-22T00:48+00:00,5.5,6.0,3-0,NO,2026-08-24T15:03+00:00,0.0014,0.003,model
Brighton|Aston Villa|btts|-|-,1,Brighton,Aston Villa,btts,,,Both teams to score,2026-08-14T19:40+00:00,2026-08-22T00:48+00:00,57.5,2026-08-22T00:48+00:00,59.5,60.0,4-0,NO,2026-08-24T15:03+00:00,0.3306,0.354,model
Brighton|Aston Villa|total|-|1.5,1,Brighton,Aston Villa,total,,1.5,Over 1.5 goals,2026-08-14T19:40+00:00,2026-08-22T00:48+00:00,78.0,2026-08-22T00:48+00:00,79.0,80.0,4-0,YES,2026-08-24T15:03+00:00,0.0484,0.0441,kalshi
Brighton|Aston Villa|total|-|2.5,1,Brighton,Aston Villa,total,,2.5,Over 2.5 goals,2026-08-14T19:40+00:00,2026-08-22T00:48+00:00,53.2,2026-08-22T00:48+00:00,56.5,57.0,4-0,YES,2026-08-24T15:03+00:00,0.219,0.1892,kalshi
Brighton|Aston Villa|total|-|3.5,1,Brighton,Aston Villa,total,,3.5,Over 3.5 goals,2026-08-14T19:40+00:00,2026-08-22T00:48+00:00,30.9,2026-08-22T00:48+00:00,34.5,35.0,4-0,YES,2026-08-24T15:03+00:00,0.4775,0.429,kalshi
Brighton|Aston Villa|spread|h|1.5,1,Brighton,Aston Villa,spread,h,1.5,Brighton wins by >1.5,2026-08-14T19:40+00:00,2026-08-22T00:48+00:00,21.5,2026-08-22T00:48+00:00,21.5,22.0,4-0,YES,2026-08-24T15:03+00:00,0.6162,0.6162,tie
Brighton|Aston Villa|spread|a|1.5,1,Brighton,Aston Villa,spread,a,1.5,Aston Villa wins by >1.5,2026-08-14T19:40+00:00,2026-08-22T00:48+00:00,13.6,2026-08-22T00:48+00:00,12.5,13.0,4-0,NO,2026-08-24T15:03+00:00,0.0185,0.0156,kalshi
Brighton|Aston Villa|spread|h|2.5,1,Brighton,Aston Villa,spread,h,2.5,Brighton wins by >2.5,2026-08-14T19:40+00:00,2026-08-22T00:48+00:00,8.5,2026-08-22T00:48+00:00,8.5,9.0,4-0,YES,2026-08-24T15:03+00:00,0.8372,0.8372,tie
Brighton|Aston Villa|spread|a|2.5,1,Brighton,Aston Villa,spread,a,2.5,Aston Villa wins by >2.5,2026-08-14T19:40+00:00,2026-08-22T00:48+00:00,4.6,2026-08-22T00:48+00:00,3.5,4.0,4-0,NO,2026-08-24T15:03+00:00,0.0021,0.0012,kalshi
Man City|Bournemouth|btts|-|-,1,Man City,Bournemouth,btts,,,Both teams to score,2026-08-14T19:40+00:00,2026-08-22T00:48+00:00,52.9,2026-08-22T00:48+00:00,61.5,62.0,2-1,YES,2026-08-24T15:03+00:00,0.2218,0.1482,kalshi
Man City|Bournemouth|total|-|1.5,1,Man City,Bournemouth,total,,1.5,Over 1.5 goals,2026-08-14T19:40+00:00,2026-08-22T00:48+00:00,82.5,,,,2-1,YES,2026-08-24T15:03+00:00,0.0306,,
Man City|Bournemouth|total|-|2.5,1,Man City,Bournemouth,total,,2.5,Over 2.5 goals,2026-08-14T19:40+00:00,2026-08-22T00:48+00:00,60.3,2026-08-22T00:48+00:00,67.5,68.0,2-1,YES,2026-08-24T15:03+00:00,0.1576,0.1056,kalshi
Man City|Bournemouth|total|-|3.5,1,Man City,Bournemouth,total,,3.5,Over 3.5 goals,2026-08-14T19:40+00:00,2026-08-22T00:48+00:00,38.0,2026-08-22T00:48+00:00,44.5,45.0,2-1,NO,2026-08-24T15:03+00:00,0.1444,0.198,model
Man City|Bournemouth|spread|h|1.5,1,Man City,Bournemouth,spread,h,1.5,Man City wins by >1.5,2026-08-14T19:40+00:00,2026-08-22T00:48+00:00,45.0,2026-08-22T00:48+00:00,41.5,42.0,2-1,NO,2026-08-24T15:03+00:00,0.2025,0.1722,kalshi
Man City|Bournemouth|spread|a|1.5,1,Man City,Bournemouth,spread,a,1.5,Bournemouth wins by >1.5,2026-08-14T19:40+00:00,2026-08-22T00:48+00:00,4.1,,,,2-1,NO,2026-08-24T15:03+00:00,0.0017,,
Man City|Bournemouth|spread|h|2.5,1,Man City,Bournemouth,spread,h,2.5,Man City wins by >2.5,2026-08-14T19:40+00:00,2026-08-22T00:48+00:00,24.5,,,,2-1,NO,2026-08-24T15:03+00:00,0.06,,
Man City|Bournemouth|spread|a|2.5,1,Man City,Bournemouth,spread,a,2.5,Bournemouth wins by >2.5,2026-08-14T19:40+00:00,2026-08-22T00:48+00:00,1.0,2026-08-22T00:48+00:00,1.5,2.0,2-1,NO,2026-08-24T15:03+00:00,0.0001,0.0002,model
Newcastle|Liverpool|btts|-|-,1,Newcastle,Liverpool,btts,,,Both teams to score,2026-08-14T19:40+00:00,2026-08-22T00:48+00:00,65.2,2026-08-22T00:48+00:00,65.5,66.0,2-2,YES,2026-08-24T15:03+00:00,0.1211,0.119,kalshi
Newcastle|Liverpool|total|-|1.5,1,Newcastle,Liverpool,total,,1.5,Over 1.5 goals,2026-08-14T19:40+00:00,2026-08-22T00:48+00:00,84.3,2026-08-22T00:48+00:00,84.5,85.0,2-2,YES,2026-08-24T15:03+00:00,0.0246,0.024,kalshi
Newcastle|Liverpool|total|-|2.5,1,Newcastle,Liverpool,total,,2.5,Over 2.5 goals,2026-08-14T19:40+00:00,2026-08-22T00:48+00:00,62.9,2026-08-22T00:48+00:00,64.5,65.0,2-2,YES,2026-08-24T15:03+00:00,0.1376,0.126,kalshi
Newcastle|Liverpool|total|-|3.5,1,Newcastle,Liverpool,total,,3.5,Over 3.5 goals,2026-08-14T19:40+00:00,2026-08-22T00:48+00:00,40.7,2026-08-22T00:48+00:00,42.5,43.0,2-2,YES,2026-08-24T15:03+00:00,0.3516,0.3306,kalshi
Newcastle|Liverpool|spread|h|1.5,1,Newcastle,Liverpool,spread,h,1.5,Newcastle wins by >1.5,2026-08-14T19:40+00:00,2026-08-22T00:48+00:00,18.4,,,,2-2,NO,2026-08-24T15:03+00:00,0.0339,,
Newcastle|Liverpool|spread|a|1.5,1,Newcastle,Liverpool,spread,a,1.5,Liverpool wins by >1.5,2026-08-14T19:40+00:00,2026-08-22T00:48+00:00,20.0,2026-08-22T00:48+00:00,28.5,29.0,2-2,NO,2026-08-24T15:03+00:00,0.04,0.0812,model
Newcastle|Liverpool|spread|h|2.5,1,Newcastle,Liverpool,spread,h,2.5,Newcastle wins by >2.5,2026-08-14T19:40+00:00,2026-08-22T00:48+00:00,7.3,2026-08-22T00:48+00:00,3.5,4.0,2-2,NO,2026-08-24T15:03+00:00,0.0053,0.0012,kalshi
Newcastle|Liverpool|spread|a|2.5,1,Newcastle,Liverpool,spread,a,2.5,Liverpool wins by >2.5,2026-08-14T19:40+00:00,2026-08-22T00:48+00:00,8.2,2026-08-22T00:48+00:00,13.5,14.0,2-2,NO,2026-08-24T15:03+00:00,0.0067,0.0182,model
Fulham|Chelsea|btts|-|-,1,Fulham,Chelsea,btts,,,Both teams to score,2026-08-14T19:40+00:00,2026-08-24T15:19+00:00,55.0,2026-08-24T15:19+00:00,57.5,58.0,2-3,YES,2026-08-25T15:43+00:00,0.2025,0.1806,kalshi
Fulham|Chelsea|total|-|1.5,1,Fulham,Chelsea,total,,1.5,Over 1.5 goals,2026-08-14T19:40+00:00,2026-08-24T15:19+00:00,75.3,2026-08-24T15:19+00:00,78.5,79.0,2-3,YES,2026-08-25T15:43+00:00,0.061,0.0462,kalshi
Fulham|Chelsea|total|-|2.5,1,Fulham,Chelsea,total,,2.5,Over 2.5 goals,2026-08-14T19:40+00:00,2026-08-24T15:19+00:00,49.6,2026-08-24T15:19+00:00,53.5,54.0,2-3,YES,2026-08-25T15:43+00:00,0.254,0.2162,kalshi
Fulham|Chelsea|total|-|3.5,1,Fulham,Chelsea,total,,3.5,Over 3.5 goals,2026-08-14T19:40+00:00,2026-08-24T15:19+00:00,27.7,2026-08-24T15:19+00:00,31.5,32.0,2-3,YES,2026-08-25T15:43+00:00,0.5227,0.4692,kalshi
Fulham|Chelsea|spread|h|1.5,1,Fulham,Chelsea,spread,h,1.5,Fulham wins by >1.5,2026-08-14T19:40+00:00,2026-08-24T15:19+00:00,17.1,2026-08-24T15:19+00:00,8.5,9.0,2-3,NO,2026-08-25T15:43+00:00,0.0292,0.0072,kalshi
Fulham|Chelsea|spread|a|1.5,1,Fulham,Chelsea,spread,a,1.5,Chelsea wins by >1.5,2026-08-14T19:40+00:00,2026-08-24T15:19+00:00,16.1,2026-08-24T15:19+00:00,27.5,28.0,2-3,NO,2026-08-25T15:43+00:00,0.0259,0.0756,model
Fulham|Chelsea|spread|h|2.5,1,Fulham,Chelsea,spread,h,2.5,Fulham wins by >2.5,2026-08-14T19:40+00:00,2026-08-24T15:19+00:00,6.1,2026-08-24T15:19+00:00,2.5,3.0,2-3,NO,2026-08-25T15:43+00:00,0.0037,0.0006,kalshi
Fulham|Chelsea|spread|a|2.5,1,Fulham,Chelsea,spread,a,2.5,Chelsea wins by >2.5,2026-08-14T19:40+00:00,2026-08-24T15:19+00:00,5.6,2026-08-24T15:19+00:00,11.5,12.0,2-3,NO,2026-08-25T15:43+00:00,0.0031,0.0132,model
Crystal Palace|Man City|btts|-|-,2,Crystal Palace,Man City,btts,,,Both teams to score,2026-08-14T19:40+00:00,2026-08-28T10:47+00:00,50.5,2026-08-28T10:47+00:00,56.5,57.0,1-4,YES,2026-08-29T10:51+00:00,0.245,0.1892,kalshi
Crystal Palace|Man City|total|-|1.5,2,Crystal Palace,Man City,total,,1.5,Over 1.5 goals,2026-08-14T19:40+00:00,2026-08-28T10:47+00:00,75.3,2026-08-28T10:47+00:00,80.5,81.0,1-4,YES,2026-08-29T10:51+00:00,0.061,0.038,kalshi
Crystal Palace|Man City|total|-|2.5,2,Crystal Palace,Man City,total,,2.5,Over 2.5 goals,2026-08-14T19:40+00:00,2026-08-28T10:47+00:00,49.7,2026-08-28T10:47+00:00,56.5,57.0,1-4,YES,2026-08-29T10:51+00:00,0.253,0.1892,kalshi
Crystal Palace|Man City|total|-|3.5,2,Crystal Palace,Man City,total,,3.5,Over 3.5 goals,2026-08-14T19:40+00:00,2026-08-28T10:47+00:00,27.8,2026-08-28T10:47+00:00,34.5,35.0,1-4,YES,2026-08-29T10:51+00:00,0.5213,0.429,kalshi
Crystal Palace|Man City|spread|h|1.5,2,Crystal Palace,Man City,spread,h,1.5,Crystal Palace wins by >1.5,2026-08-14T19:40+00:00,2026-08-28T10:47+00:00,6.6,2026-08-28T10:47+00:00,5.5,6.0,1-4,NO,2026-08-29T10:51+00:00,0.0044,0.003,kalshi
Crystal Palace|Man City|spread|a|1.5,2,Crystal Palace,Man City,spread,a,1.5,Man City wins by >1.5,2026-08-14T19:40+00:00,2026-08-28T10:47+00:00,31.8,2026-08-28T10:47+00:00,33.5,34.0,1-4,YES,2026-08-29T10:51+00:00,0.4651,0.4422,kalshi
Crystal Palace|Man City|spread|h|2.5,2,Crystal Palace,Man City,spread,h,2.5,Crystal Palace wins by >2.5,2026-08-14T19:40+00:00,2026-08-28T10:47+00:00,1.7,,,,1-4,NO,2026-08-29T10:51+00:00,0.0003,,
Crystal Palace|Man City|spread|a|2.5,2,Crystal Palace,Man City,spread,a,2.5,Man City wins by >2.5,2026-08-14T19:40+00:00,2026-08-28T10:47+00:00,14.3,2026-08-28T10:47+00:00,15.5,16.0,1-4,YES,2026-08-29T10:51+00:00,0.7344,0.714,kalshi
Liverpool|Nott'm Forest|btts|-|-,2,Liverpool,Nott'm Forest,btts,,,Both teams to score,2026-08-14T19:40+00:00,2026-08-29T10:51+00:00,56.4,2026-08-29T10:51+00:00,56.5,57.0,2-2,YES,2026-08-29T20:06+00:00,0.1901,0.1892,kalshi
Liverpool|Nott'm Forest|total|-|1.5,2,Liverpool,Nott'm Forest,total,,1.5,Over 1.5 goals,2026-08-14T19:40+00:00,2026-08-29T10:51+00:00,81.5,2026-08-29T10:51+00:00,84.5,85.0,2-2,YES,2026-08-29T20:06+00:00,0.0342,0.024,kalshi
Liverpool|Nott'm Forest|total|-|2.5,2,Liverpool,Nott'm Forest,total,,2.5,Over 2.5 goals,2026-08-14T19:40+00:00,2026-08-29T10:51+00:00,58.7,2026-08-29T10:51+00:00,63.5,64.0,2-2,YES,2026-08-29T20:06+00:00,0.1706,0.1332,kalshi
Liverpool|Nott'm Forest|total|-|3.5,2,Liverpool,Nott'm Forest,total,,3.5,Over 3.5 goals,2026-08-14T19:40+00:00,2026-08-29T10:51+00:00,36.3,2026-08-29T10:51+00:00,40.5,41.0,2-2,YES,2026-08-29T20:06+00:00,0.4058,0.354,kalshi
Liverpool|Nott'm Forest|spread|h|1.5,2,Liverpool,Nott'm Forest,spread,h,1.5,Liverpool wins by >1.5,2026-08-14T19:40+00:00,2026-08-29T10:51+00:00,36.8,2026-08-29T10:51+00:00,43.5,44.0,2-2,NO,2026-08-29T20:06+00:00,0.1354,0.1892,model
Liverpool|Nott'm Forest|spread|a|1.5,2,Liverpool,Nott'm Forest,spread,a,1.5,Nott'm Forest wins by >1.5,2026-08-14T19:40+00:00,2026-08-29T10:51+00:00,6.5,2026-08-29T10:51+00:00,3.5,4.0,2-2,NO,2026-08-29T20:06+00:00,0.0042,0.0012,kalshi
Liverpool|Nott'm Forest|spread|h|2.5,2,Liverpool,Nott'm Forest,spread,h,2.5,Liverpool wins by >2.5,2026-08-14T19:40+00:00,2026-08-29T10:51+00:00,18.3,2026-08-29T10:51+00:00,23.5,24.0,2-2,NO,2026-08-29T20:06+00:00,0.0335,0.0552,model
Liverpool|Nott'm Forest|spread|a|2.5,2,Liverpool,Nott'm Forest,spread,a,2.5,Nott'm Forest wins by >2.5,2026-08-14T19:40+00:00,2026-08-29T10:51+00:00,1.8,2026-08-29T10:51+00:00,1.5,2.0,2-2,NO,2026-08-29T20:06+00:00,0.0003,0.0002,kalshi
Bournemouth|Everton|btts|-|-,2,Bournemouth,Everton,btts,,,Both teams to score,2026-08-14T19:40+00:00,2026-08-29T10:51+00:00,49.3,2026-08-29T10:51+00:00,55.5,56.0,1-1,YES,2026-08-29T20:06+00:00,0.257,0.198,kalshi
Bournemouth|Everton|total|-|1.5,2,Bournemouth,Everton,total,,1.5,Over 1.5 goals,2026-08-14T19:40+00:00,2026-08-29T10:51+00:00,71.1,2026-08-29T10:51+00:00,75.5,76.0,1-1,YES,2026-08-29T20:06+00:00,0.0835,0.06,kalshi
Bournemouth|Everton|total|-|2.5,2,Bournemouth,Everton,total,,2.5,Over 2.5 goals,2026-08-14T19:40+00:00,2026-08-29T10:51+00:00,44.3,2026-08-29T10:51+00:00,50.5,51.0,1-1,NO,2026-08-29T20:06+00:00,0.1962,0.255,model
Bournemouth|Everton|total|-|3.5,2,Bournemouth,Everton,total,,3.5,Over 3.5 goals,2026-08-14T19:40+00:00,2026-08-29T10:51+00:00,23.1,2026-08-29T10:51+00:00,28.5,29.0,1-1,NO,2026-08-29T20:06+00:00,0.0534,0.0812,model
Bournemouth|Everton|spread|h|1.5,2,Bournemouth,Everton,spread,h,1.5,Bournemouth wins by >1.5,2026-08-14T19:40+00:00,2026-08-29T10:51+00:00,23.2,2026-08-29T10:51+00:00,22.5,23.0,1-1,NO,2026-08-29T20:06+00:00,0.0538,0.0506,kalshi
Bournemouth|Everton|spread|a|1.5,2,Bournemouth,Everton,spread,a,1.5,Everton wins by >1.5,2026-08-14T19:40+00:00,2026-08-29T10:51+00:00,9.5,2026-08-29T10:51+00:00,9.5,10.0,1-1,NO,2026-08-29T20:06+00:00,0.009,0.009,tie
Bournemouth|Everton|spread|h|2.5,2,Bournemouth,Everton,spread,h,2.5,Bournemouth wins by >2.5,2026-08-14T19:40+00:00,2026-08-29T10:51+00:00,9.0,2026-08-29T10:51+00:00,8.5,9.0,1-1,NO,2026-08-29T20:06+00:00,0.0081,0.0072,kalshi
Bournemouth|Everton|spread|a|2.5,2,Bournemouth,Everton,spread,a,2.5,Everton wins by >2.5,2026-08-14T19:40+00:00,2026-08-29T10:51+00:00,2.7,2026-08-29T10:51+00:00,2.5,3.0,1-1,NO,2026-08-29T20:06+00:00,0.0007,0.0006,kalshi
Coventry|Hull|btts|-|-,2,Coventry,Hull,btts,,,Both teams to score,2026-08-14T19:40+00:00,2026-08-29T10:51+00:00,44.3,2026-08-29T10:51+00:00,52.5,53.0,0-1,NO,2026-08-29T20:06+00:00,0.1962,0.2756,model
Coventry|Hull|total|-|1.5,2,Coventry,Hull,total,,1.5,Over 1.5 goals,2026-08-14T19:40+00:00,2026-08-29T10:51+00:00,64.2,2026-08-29T10:51+00:00,75.5,76.0,0-1,NO,2026-08-29T20:06+00:00,0.4122,0.57,model
Coventry|Hull|total|-|2.5,2,Coventry,Hull,total,,2.5,Over 2.5 goals,2026-08-14T19:40+00:00,2026-08-29T10:51+00:00,36.3,2026-08-29T10:51+00:00,49.5,50.0,0-1,NO,2026-08-29T20:06+00:00,0.1318,0.245,model
Coventry|Hull|total|-|3.5,2,Coventry,Hull,total,,3.5,Over 3.5 goals,2026-08-14T19:40+00:00,2026-08-29T10:51+00:00,17.0,2026-08-29T10:51+00:00,28.5,29.0,0-1,NO,2026-08-29T20:06+00:00,0.0289,0.0812,model
Coventry|Hull|spread|h|1.5,2,Coventry,Hull,spread,h,1.5,Coventry wins by >1.5,2026-08-14T19:40+00:00,2026-08-29T10:51+00:00,12.8,2026-08-29T10:51+00:00,29.5,30.0,0-1,NO,2026-08-29T20:06+00:00,0.0164,0.087,model
Coventry|Hull|spread|a|1.5,2,Coventry,Hull,spread,a,1.5,Hull wins by >1.5,2026-08-14T19:40+00:00,2026-08-29T10:51+00:00,15.1,2026-08-29T10:51+00:00,6.5,7.0,0-1,NO,2026-08-29T20:06+00:00,0.0228,0.0042,kalshi
Coventry|Hull|spread|h|2.5,2,Coventry,Hull,spread,h,2.5,Coventry wins by >2.5,2026-08-14T19:40+00:00,2026-08-29T10:51+00:00,3.7,2026-08-29T10:51+00:00,12.5,13.0,0-1,NO,2026-08-29T20:06+00:00,0.0014,0.0156,model
Coventry|Hull|spread|a|2.5,2,Coventry,Hull,spread,a,2.5,Hull wins by >2.5,2026-08-14T19:40+00:00,2026-08-29T10:51+00:00,4.7,2026-08-29T10:51+00:00,1.5,2.0,0-1,NO,2026-08-29T20:06+00:00,0.0022,0.0002,kalshi
Tottenham|Newcastle|btts|-|-,2,Tottenham,Newcastle,btts,,,Both teams to score,2026-08-14T19:40+00:00,2026-08-29T10:51+00:00,64.1,2026-08-29T10:51+00:00,62.5,63.0,0-2,NO,2026-08-29T20:06+00:00,0.4109,0.3906,kalshi
Tottenham|Newcastle|total|-|1.5,2,Tottenham,Newcastle,total,,1.5,Over 1.5 goals,2026-08-14T19:40+00:00,2026-08-29T10:51+00:00,83.4,2026-08-29T10:51+00:00,81.5,82.0,0-2,YES,2026-08-29T20:06+00:00,0.0276,0.0342,model
Tottenham|Newcastle|total|-|2.5,2,Tottenham,Newcastle,total,,2.5,Over 2.5 goals,2026-08-14T19:40+00:00,2026-08-29T10:51+00:00,61.5,2026-08-29T10:51+00:00,59.0,60.0,0-2,NO,2026-08-29T20:06+00:00,0.3782,0.3481,kalshi
Tottenham|Newcastle|total|-|3.5,2,Tottenham,Newcastle,total,,3.5,Over 3.5 goals,2026-08-14T19:40+00:00,2026-08-29T10:51+00:00,39.2,2026-08-29T10:51+00:00,36.5,37.0,0-2,NO,2026-08-29T20:06+00:00,0.1537,0.1332,kalshi
Tottenham|Newcastle|spread|h|1.5,2,Tottenham,Newcastle,spread,h,1.5,Tottenham wins by >1.5,2026-08-14T19:40+00:00,2026-08-29T10:51+00:00,19.0,2026-08-29T10:51+00:00,21.5,22.0,0-2,NO,2026-08-29T20:06+00:00,0.0361,0.0462,model
Tottenham|Newcastle|spread|a|1.5,2,Tottenham,Newcastle,spread,a,1.5,Newcastle wins by >1.5,2026-08-14T19:40+00:00,2026-08-29T10:51+00:00,18.8,2026-08-29T10:51+00:00,12.5,13.0,0-2,YES,2026-08-29T20:06+00:00,0.6593,0.7656,model
Tottenham|Newcastle|spread|h|2.5,2,Tottenham,Newcastle,spread,h,2.5,Tottenham wins by >2.5,2026-08-14T19:40+00:00,2026-08-29T10:51+00:00,7.6,2026-08-29T10:51+00:00,8.5,9.0,0-2,NO,2026-08-29T20:06+00:00,0.0058,0.0072,model
Tottenham|Newcastle|spread|a|2.5,2,Tottenham,Newcastle,spread,a,2.5,Newcastle wins by >2.5,2026-08-14T19:40+00:00,2026-08-29T10:51+00:00,7.5,2026-08-29T10:51+00:00,4.5,5.0,0-2,NO,2026-08-29T20:06+00:00,0.0056,0.002,kalshi
Chelsea|Brighton|btts|-|-,2,Chelsea,Brighton,btts,,,Both teams to score,2026-08-14T19:40+00:00,2026-08-30T10:34+00:00,58.5,2026-08-30T10:34+00:00,61.5,62.0,4-3,YES,2026-08-30T22:31+00:00,0.1722,0.1482,kalshi
Chelsea|Brighton|total|-|1.5,2,Chelsea,Brighton,total,,1.5,Over 1.5 goals,2026-08-14T19:40+00:00,2026-08-30T10:34+00:00,79.4,2026-08-30T10:34+00:00,82.5,83.0,4-3,YES,2026-08-30T22:31+00:00,0.0424,0.0306,kalshi
Chelsea|Brighton|total|-|2.5,2,Chelsea,Brighton,total,,2.5,Over 2.5 goals,2026-08-14T19:40+00:00,2026-08-30T10:34+00:00,55.4,2026-08-30T10:34+00:00,60.5,61.0,4-3,YES,2026-08-30T22:31+00:00,0.1989,0.156,kalshi
Chelsea|Brighton|total|-|3.5,2,Chelsea,Brighton,total,,3.5,Over 3.5 goals,2026-08-14T19:40+00:00,2026-08-30T10:34+00:00,33.1,2026-08-30T10:34+00:00,36.5,37.0,4-3,YES,2026-08-30T22:31+00:00,0.4476,0.4032,kalshi
Chelsea|Brighton|spread|h|1.5,2,Chelsea,Brighton,spread,h,1.5,Chelsea wins by >1.5,2026-08-14T19:40+00:00,2026-08-30T10:34+00:00,24.6,2026-08-30T10:34+00:00,27.5,28.0,4-3,NO,2026-08-30T22:31+00:00,0.0605,0.0756,model
Chelsea|Brighton|spread|a|1.5,2,Chelsea,Brighton,spread,a,1.5,Brighton wins by >1.5,2026-08-14T19:40+00:00,2026-08-30T10:34+00:00,12.1,2026-08-30T10:34+00:00,9.5,10.0,4-3,NO,2026-08-30T22:31+00:00,0.0146,0.009,kalshi
Chelsea|Brighton|spread|h|2.5,2,Chelsea,Brighton,spread,h,2.5,Chelsea wins by >2.5,2026-08-14T19:40+00:00,2026-08-30T10:34+00:00,10.4,2026-08-30T10:34+00:00,12.5,13.0,4-3,NO,2026-08-30T22:31+00:00,0.0108,0.0156,model
Chelsea|Brighton|spread|a|2.5,2,Chelsea,Brighton,spread,a,2.5,Brighton wins by >2.5,2026-08-14T19:40+00:00,2026-08-30T10:34+00:00,4.0,2026-08-30T10:34+00:00,2.5,3.0,4-3,NO,2026-08-30T22:31+00:00,0.0016,0.0006,kalshi
Leeds|Brentford|btts|-|-,2,Leeds,Brentford,btts,,,Both teams to score,2026-08-14T19:40+00:00,2026-08-30T10:34+00:00,57.0,2026-08-30T10:34+00:00,57.5,58.0,1-1,YES,2026-08-30T22:31+00:00,0.1849,0.1806,kalshi
Leeds|Brentford|total|-|1.5,2,Leeds,Brentford,total,,1.5,Over 1.5 goals,2026-08-14T19:40+00:00,2026-08-30T10:34+00:00,77.1,2026-08-30T10:34+00:00,76.5,77.0,1-1,YES,2026-08-30T22:31+00:00,0.0524,0.0552,model
Leeds|Brentford|total|-|2.5,2,Leeds,Brentford,total,,2.5,Over 2.5 goals,2026-08-14T19:40+00:00,2026-08-30T10:34+00:00,52.1,2026-08-30T10:34+00:00,51.5,52.0,1-1,NO,2026-08-30T22:31+00:00,0.2714,0.2652,kalshi
Leeds|Brentford|total|-|3.5,2,Leeds,Brentford,total,,3.5,Over 3.5 goals,2026-08-14T19:40+00:00,2026-08-30T10:34+00:00,29.9,2026-08-30T10:34+00:00,29.5,30.0,1-1,NO,2026-08-30T22:31+00:00,0.0894,0.087,kalshi
Leeds|Brentford|spread|h|1.5,2,Leeds,Brentford,spread,h,1.5,Leeds wins by >1.5,2026-08-14T19:40+00:00,2026-08-30T10:34+00:00,17.6,2026-08-30T10:34+00:00,15.5,16.0,1-1,NO,2026-08-30T22:31+00:00,0.031,0.024,kalshi
Leeds|Brentford|spread|a|1.5,2,Leeds,Brentford,spread,a,1.5,Brentford wins by >1.5,2026-08-14T19:40+00:00,2026-08-30T10:34+00:00,16.6,2026-08-30T10:34+00:00,15.5,16.0,1-1,NO,2026-08-30T22:31+00:00,0.0276,0.024,kalshi
Leeds|Brentford|spread|h|2.5,2,Leeds,Brentford,spread,h,2.5,Leeds wins by >2.5,2026-08-14T19:40+00:00,2026-08-30T10:34+00:00,6.5,2026-08-30T10:34+00:00,4.5,5.0,1-1,NO,2026-08-30T22:31+00:00,0.0042,0.002,kalshi
Leeds|Brentford|spread|a|2.5,2,Leeds,Brentford,spread,a,2.5,Brentford wins by >2.5,2026-08-14T19:40+00:00,2026-08-30T10:34+00:00,6.0,2026-08-30T10:34+00:00,5.5,6.0,1-1,NO,2026-08-30T22:31+00:00,0.0036,0.003,kalshi
Sunderland|Fulham|btts|-|-,2,Sunderland,Fulham,btts,,,Both teams to score,2026-08-14T19:40+00:00,2026-08-30T10:34+00:00,46.0,2026-08-30T10:34+00:00,53.5,54.0,1-0,NO,2026-08-30T22:31+00:00,0.2116,0.2862,model
Sunderland|Fulham|total|-|1.5,2,Sunderland,Fulham,total,,1.5,Over 1.5 goals,2026-08-14T19:40+00:00,2026-08-30T10:34+00:00,66.3,2026-08-30T10:34+00:00,72.5,73.0,1-0,NO,2026-08-30T22:31+00:00,0.4396,0.5256,model
Sunderland|Fulham|total|-|2.5,2,Sunderland,Fulham,total,,2.5,Over 2.5 goals,2026-08-14T19:40+00:00,2026-08-30T10:34+00:00,38.6,2026-08-30T10:34+00:00,46.5,47.0,1-0,NO,2026-08-30T22:31+00:00,0.149,0.2162,model
Sunderland|Fulham|total|-|3.5,2,Sunderland,Fulham,total,,3.5,Over 3.5 goals,2026-08-14T19:40+00:00,2026-08-30T10:34+00:00,18.7,2026-08-30T10:34+00:00,25.5,26.0,1-0,NO,2026-08-30T22:31+00:00,0.035,0.065,model
Sunderland|Fulham|spread|h|1.5,2,Sunderland,Fulham,spread,h,1.5,Sunderland wins by >1.5,2026-08-14T19:40+00:00,2026-08-30T10:34+00:00,17.2,2026-08-30T10:34+00:00,16.5,17.0,1-0,NO,2026-08-30T22:31+00:00,0.0296,0.0272,kalshi
Sunderland|Fulham|spread|a|1.5,2,Sunderland,Fulham,spread,a,1.5,Fulham wins by >1.5,2026-08-14T19:40+00:00,2026-08-30T10:34+00:00,11.9,2026-08-30T10:34+00:00,12.5,13.0,1-0,NO,2026-08-30T22:31+00:00,0.0142,0.0156,model
Sunderland|Fulham|spread|h|2.5,2,Sunderland,Fulham,spread,h,2.5,Sunderland wins by >2.5,2026-08-14T19:40+00:00,2026-08-30T10:34+00:00,5.7,2026-08-30T10:34+00:00,5.5,6.0,1-0,NO,2026-08-30T22:31+00:00,0.0032,0.003,kalshi
Sunderland|Fulham|spread|a|2.5,2,Sunderland,Fulham,spread,a,2.5,Fulham wins by >2.5,2026-08-14T19:40+00:00,2026-08-30T10:34+00:00,3.4,2026-08-30T10:34+00:00,3.5,4.0,1-0,NO,2026-08-30T22:31+00:00,0.0012,0.0012,tie
Man United|Ipswich|btts|-|-,2,Man United,Ipswich,btts,,,Both teams to score,2026-08-14T19:40+00:00,2026-08-30T10:34+00:00,51.6,2026-08-30T10:34+00:00,54.5,55.0,5-2,YES,2026-08-30T22:31+00:00,0.2343,0.207,kalshi
Man United|Ipswich|total|-|1.5,2,Man United,Ipswich,total,,1.5,Over 1.5 goals,2026-08-14T19:40+00:00,2026-08-30T10:34+00:00,84.2,2026-08-30T10:34+00:00,83.5,84.0,5-2,YES,2026-08-30T22:31+00:00,0.025,0.0272,model
Man United|Ipswich|total|-|2.5,2,Man United,Ipswich,total,,2.5,Over 2.5 goals,2026-08-14T19:40+00:00,2026-08-30T10:34+00:00,63.1,2026-08-30T10:34+00:00,63.5,64.0,5-2,YES,2026-08-30T22:31+00:00,0.1362,0.1332,kalshi
Man United|Ipswich|total|-|3.5,2,Man United,Ipswich,total,,3.5,Over 3.5 goals,2026-08-14T19:40+00:00,2026-08-30T10:34+00:00,40.9,2026-08-30T10:34+00:00,40.5,41.0,5-2,YES,2026-08-30T22:31+00:00,0.3493,0.354,model
Man United|Ipswich|spread|h|1.5,2,Man United,Ipswich,spread,h,1.5,Man United wins by >1.5,2026-08-14T19:40+00:00,2026-08-30T10:34+00:00,50.5,2026-08-30T10:34+00:00,47.5,48.0,5-2,YES,2026-08-30T22:31+00:00,0.245,0.2756,model
Man United|Ipswich|spread|a|1.5,2,Man United,Ipswich,spread,a,1.5,Ipswich wins by >1.5,2026-08-14T19:40+00:00,2026-08-30T10:34+00:00,3.1,2026-08-30T10:34+00:00,3.5,4.0,5-2,NO,2026-08-30T22:31+00:00,0.001,0.0012,model
Man United|Ipswich|spread|h|2.5,2,Man United,Ipswich,spread,h,2.5,Man United wins by >2.5,2026-08-14T19:40+00:00,2026-08-30T10:34+00:00,29.3,2026-08-30T10:34+00:00,25.5,26.0,5-2,YES,2026-08-30T22:31+00:00,0.4998,0.555,model
Man United|Ipswich|spread|a|2.5,2,Man United,Ipswich,spread,a,2.5,Ipswich wins by >2.5,2026-08-14T19:40+00:00,2026-08-30T10:34+00:00,0.7,2026-08-30T10:34+00:00,1.0,2.0,5-2,NO,2026-08-30T22:31+00:00,0.0,0.0001,model
Aston Villa|Arsenal|btts|-|-,2,Aston Villa,Arsenal,btts,,,Both teams to score,2026-08-14T19:40+00:00,2026-08-31T10:30+00:00,52.3,2026-08-31T10:30+00:00,49.5,50.0,0-1,NO,2026-09-01T10:49+00:00,0.2735,0.245,kalshi
Aston Villa|Arsenal|total|-|1.5,2,Aston Villa,Arsenal,total,,1.5,Over 1.5 goals,2026-08-14T19:40+00:00,2026-08-31T10:30+00:00,76.1,2026-08-31T10:30+00:00,77.5,78.0,0-1,NO,2026-09-01T10:49+00:00,0.5791,0.6006,model
Aston Villa|Arsenal|total|-|2.5,2,Aston Villa,Arsenal,total,,2.5,Over 2.5 goals,2026-08-14T19:40+00:00,2026-08-31T10:30+00:00,50.8,2026-08-31T10:30+00:00,52.5,53.0,0-1,NO,2026-09-01T10:49+00:00,0.2581,0.2756,model
Aston Villa|Arsenal|total|-|3.5,2,Aston Villa,Arsenal,total,,3.5,Over 3.5 goals,2026-08-14T19:40+00:00,2026-08-31T10:30+00:00,28.8,2026-08-31T10:30+00:00,30.5,31.0,0-1,NO,2026-09-01T10:49+00:00,0.0829,0.093,model
Aston Villa|Arsenal|spread|h|1.5,2,Aston Villa,Arsenal,spread,h,1.5,Aston Villa wins by >1.5,2026-08-14T19:40+00:00,2026-08-31T10:30+00:00,7.5,2026-08-31T10:30+00:00,3.5,4.0,0-1,NO,2026-09-01T10:49+00:00,0.0056,0.0012,kalshi
Aston Villa|Arsenal|spread|a|1.5,2,Aston Villa,Arsenal,spread,a,1.5,Arsenal wins by >1.5,2026-08-14T19:40+00:00,2026-08-31T10:30+00:00,30.4,2026-08-31T10:30+00:00,37.5,38.0,0-1,NO,2026-09-01T10:49+00:00,0.0924,0.1406,model
Aston Villa|Arsenal|spread|h|2.5,2,Aston Villa,Arsenal,spread,h,2.5,Aston Villa wins by >2.5,2026-08-14T19:40+00:00,2026-08-31T10:30+00:00,2.0,2026-08-31T10:30+00:00,1.5,2.0,0-1,NO,2026-09-01T10:49+00:00,0.0004,0.0002,kalshi
Aston Villa|Arsenal|spread|a|2.5,2,Aston Villa,Arsenal,spread,a,2.5,Arsenal wins by >2.5,2026-08-14T19:40+00:00,2026-08-31T10:30+00:00,13.5,2026-08-31T10:30+00:00,19.5,20.0,0-1,NO,2026-09-01T10:49+00:00,0.0182,0.038,model
Ipswich|Liverpool|btts|-|-,3,Ipswich,Liverpool,btts,,,Both teams to score,2026-08-14T19:40+00:00,2026-09-04T11:23+00:00,61.6,2026-09-04T11:23+00:00,62.5,63.0,0-2,NO,2026-09-05T11:07+00:00,0.3795,0.3906,model
Ipswich|Liverpool|total|-|1.5,3,Ipswich,Liverpool,total,,1.5,Over 1.5 goals,2026-08-14T19:40+00:00,2026-09-04T11:23+00:00,89.8,2026-09-04T11:23+00:00,87.5,88.0,0-2,YES,2026-09-05T11:07+00:00,0.0104,0.0156,model
Ipswich|Liverpool|total|-|2.5,3,Ipswich,Liverpool,total,,2.5,Over 2.5 goals,2026-08-14T19:40+00:00,2026-09-04T11:23+00:00,73.2,2026-09-04T11:23+00:00,68.5,69.0,0-2,NO,2026-09-05T11:07+00:00,0.5358,0.4692,kalshi
Ipswich|Liverpool|total|-|3.5,3,Ipswich,Liverpool,total,,3.5,Over 3.5 goals,2026-08-14T19:40+00:00,2026-09-04T11:23+00:00,52.7,2026-09-04T11:23+00:00,47.5,48.0,0-2,NO,2026-09-05T11:07+00:00,0.2777,0.2256,kalshi
Ipswich|Liverpool|spread|h|1.5,3,Ipswich,Liverpool,spread,h,1.5,Ipswich wins by >1.5,2026-08-14T19:40+00:00,2026-09-04T11:23+00:00,4.1,2026-09-04T11:23+00:00,5.5,6.0,0-2,NO,2026-09-05T11:07+00:00,0.0017,0.003,model
Ipswich|Liverpool|spread|a|1.5,3,Ipswich,Liverpool,spread,a,1.5,Liverpool wins by >1.5,2026-08-14T19:40+00:00,2026-09-04T11:23+00:00,52.2,2026-09-04T11:23+00:00,41.5,42.0,0-2,YES,2026-09-05T11:07+00:00,0.2285,0.3422,model
Ipswich|Liverpool|spread|h|2.5,3,Ipswich,Liverpool,spread,h,2.5,Ipswich wins by >2.5,2026-08-14T19:40+00:00,2026-09-04T11:23+00:00,1.1,2026-09-04T11:23+00:00,1.5,2.0,0-2,NO,2026-09-05T11:07+00:00,0.0001,0.0002,model
Ipswich|Liverpool|spread|a|2.5,3,Ipswich,Liverpool,spread,a,2.5,Liverpool wins by >2.5,2026-08-14T19:40+00:00,2026-09-04T11:23+00:00,32.1,2026-09-04T11:23+00:00,22.5,23.0,0-2,NO,2026-09-05T11:07+00:00,0.103,0.0506,kalshi
Newcastle|Bournemouth|btts|-|-,3,Newcastle,Bournemouth,btts,,,Both teams to score,2026-08-14T19:40+00:00,2026-09-05T11:07+00:00,61.7,2026-09-05T11:07+00:00,64.5,65.0,2-2,YES,2026-09-06T12:20+00:00,0.1467,0.126,kalshi
Newcastle|Bournemouth|total|-|1.5,3,Newcastle,Bournemouth,total,,1.5,Over 1.5 goals,2026-08-14T19:40+00:00,2026-09-05T11:07+00:00,82.2,2026-09-05T11:07+00:00,82.5,83.0,2-2,YES,2026-09-06T12:20+00:00,0.0317,0.0306,kalshi
Newcastle|Bournemouth|total|-|2.5,3,Newcastle,Bournemouth,total,,2.5,Over 2.5 goals,2026-08-14T19:40+00:00,2026-09-05T11:07+00:00,59.7,2026-09-05T11:07+00:00,60.5,61.0,2-2,YES,2026-09-06T12:20+00:00,0.1624,0.156,kalshi
Newcastle|Bournemouth|total|-|3.5,3,Newcastle,Bournemouth,total,,3.5,Over 3.5 goals,2026-08-14T19:40+00:00,2026-09-05T11:07+00:00,37.4,2026-09-05T11:07+00:00,37.5,38.0,2-2,YES,2026-09-06T12:20+00:00,0.3919,0.3906,kalshi
Newcastle|Bournemouth|spread|h|1.5,3,Newcastle,Bournemouth,spread,h,1.5,Newcastle wins by >1.5,2026-08-14T19:40+00:00,2026-09-05T11:07+00:00,25.9,2026-09-05T11:07+00:00,24.5,25.0,2-2,NO,2026-09-06T12:20+00:00,0.0671,0.06,kalshi
Newcastle|Bournemouth|spread|a|1.5,3,Newcastle,Bournemouth,spread,a,1.5,Bournemouth wins by >1.5,2026-08-14T19:40+00:00,2026-09-05T11:07+00:00,12.5,2026-09-05T11:07+00:00,11.5,12.0,2-2,NO,2026-09-06T12:20+00:00,0.0156,0.0132,kalshi
Newcastle|Bournemouth|spread|h|2.5,3,Newcastle,Bournemouth,spread,h,2.5,Newcastle wins by >2.5,2026-08-14T19:40+00:00,2026-09-05T11:07+00:00,11.4,2026-09-05T11:07+00:00,10.5,11.0,2-2,NO,2026-09-06T12:20+00:00,0.013,0.011,kalshi
Newcastle|Bournemouth|spread|a|2.5,3,Newcastle,Bournemouth,spread,a,2.5,Bournemouth wins by >2.5,2026-08-14T19:40+00:00,2026-09-05T11:07+00:00,4.3,2026-09-05T11:07+00:00,4.0,5.0,2-2,NO,2026-09-06T12:20+00:00,0.0018,0.0016,kalshi
Brentford|Sunderland|btts|-|-,3,Brentford,Sunderland,btts,,,Both teams to score,2026-08-14T19:40+00:00,2026-09-05T11:07+00:00,49.7,2026-09-05T11:07+00:00,53.5,54.0,1-1,YES,2026-09-06T12:20+00:00,0.253,0.2162,kalshi
Brentford|Sunderland|total|-|1.5,3,Brentford,Sunderland,total,,1.5,Over 1.5 goals,2026-08-14T19:40+00:00,2026-09-05T11:07+00:00,71.7,2026-09-05T11:07+00:00,77.5,78.0,1-1,YES,2026-09-06T12:20+00:00,0.0801,0.0506,kalshi
Brentford|Sunderland|total|-|2.5,3,Brentford,Sunderland,total,,2.5,Over 2.5 goals,2026-08-14T19:40+00:00,2026-09-05T11:07+00:00,45.1,2026-09-05T11:07+00:00,53.5,54.0,1-1,NO,2026-09-06T12:20+00:00,0.2034,0.2862,model
Brentford|Sunderland|total|-|3.5,3,Brentford,Sunderland,total,,3.5,Over 3.5 goals,2026-08-14T19:40+00:00,2026-09-05T11:07+00:00,23.8,2026-09-05T11:07+00:00,30.5,31.0,1-1,NO,2026-09-06T12:20+00:00,0.0566,0.093,model
Brentford|Sunderland|spread|h|1.5,3,Brentford,Sunderland,spread,h,1.5,Brentford wins by >1.5,2026-08-14T19:40+00:00,2026-09-05T11:07+00:00,24.0,2026-09-05T11:07+00:00,31.5,32.0,1-1,NO,2026-09-06T12:20+00:00,0.0576,0.0992,model
Brentford|Sunderland|spread|a|1.5,3,Brentford,Sunderland,spread,a,1.5,Sunderland wins by >1.5,2026-08-14T19:40+00:00,2026-09-05T11:07+00:00,9.3,2026-09-05T11:07+00:00,5.5,6.0,1-1,NO,2026-09-06T12:20+00:00,0.0086,0.003,kalshi
Brentford|Sunderland|spread|h|2.5,3,Brentford,Sunderland,spread,h,2.5,Brentford wins by >2.5,2026-08-14T19:40+00:00,2026-09-05T11:07+00:00,9.4,2026-09-05T11:07+00:00,13.5,14.0,1-1,NO,2026-09-06T12:20+00:00,0.0088,0.0182,model
Brentford|Sunderland|spread|a|2.5,3,Brentford,Sunderland,spread,a,2.5,Sunderland wins by >2.5,2026-08-14T19:40+00:00,2026-09-05T11:07+00:00,2.6,,,,1-1,NO,2026-09-06T12:20+00:00,0.0007,,
Brighton|Leeds|btts|-|-,3,Brighton,Leeds,btts,,,Both teams to score,2026-08-14T19:40+00:00,2026-09-05T11:07+00:00,57.4,2026-09-05T11:07+00:00,57.5,58.0,1-1,YES,2026-09-06T12:20+00:00,0.1815,0.1806,kalshi
Brighton|Leeds|total|-|1.5,3,Brighton,Leeds,total,,1.5,Over 1.5 goals,2026-08-14T19:40+00:00,2026-09-05T11:07+00:00,79.1,2026-09-05T11:07+00:00,78.5,79.0,1-1,YES,2026-09-06T12:20+00:00,0.0437,0.0462,model
Brighton|Leeds|total|-|2.5,3,Brighton,Leeds,total,,2.5,Over 2.5 goals,2026-08-14T19:40+00:00,2026-09-05T11:07+00:00,55.1,2026-09-05T11:07+00:00,52.5,53.0,1-1,NO,2026-09-06T12:20+00:00,0.3036,0.2756,kalshi
Brighton|Leeds|total|-|3.5,3,Brighton,Leeds,total,,3.5,Over 3.5 goals,2026-08-14T19:40+00:00,2026-09-05T11:07+00:00,32.7,2026-09-05T11:07+00:00,30.5,31.0,1-1,NO,2026-09-06T12:20+00:00,0.1069,0.093,kalshi
Brighton|Leeds|spread|h|1.5,3,Brighton,Leeds,spread,h,1.5,Brighton wins by >1.5,2026-08-14T19:40+00:00,2026-09-05T11:07+00:00,27.2,2026-09-05T11:07+00:00,24.5,25.0,1-1,NO,2026-09-06T12:20+00:00,0.074,0.06,kalshi
Brighton|Leeds|spread|a|1.5,3,Brighton,Leeds,spread,a,1.5,Leeds wins by >1.5,2026-08-14T19:40+00:00,2026-09-05T11:07+00:00,10.3,2026-09-05T11:07+00:00,9.5,10.0,1-1,NO,2026-09-06T12:20+00:00,0.0106,0.009,kalshi
Brighton|Leeds|spread|h|2.5,3,Brighton,Leeds,spread,h,2.5,Brighton wins by >2.5,2026-08-14T19:40+00:00,2026-09-05T11:07+00:00,11.9,2026-09-05T11:07+00:00,10.5,11.0,1-1,NO,2026-09-06T12:20+00:00,0.0142,0.011,kalshi
Brighton|Leeds|spread|a|2.5,3,Brighton,Leeds,spread,a,2.5,Leeds wins by >2.5,2026-08-14T19:40+00:00,2026-09-05T11:07+00:00,3.2,2026-09-05T11:07+00:00,2.5,3.0,1-1,NO,2026-09-06T12:20+00:00,0.001,0.0006,kalshi
Fulham|Crystal Palace|btts|-|-,3,Fulham,Crystal Palace,btts,,,Both teams to score,2026-08-14T19:40+00:00,2026-09-05T11:07+00:00,52.0,2026-09-05T11:07+00:00,55.0,56.0,2-3,YES,2026-09-06T12:20+00:00,0.2304,0.2025,kalshi
Fulham|Crystal Palace|total|-|1.5,3,Fulham,Crystal Palace,total,,1.5,Over 1.5 goals,2026-08-14T19:40+00:00,2026-09-05T11:07+00:00,73.0,2026-09-05T11:07+00:00,74.5,75.0,2-3,YES,2026-09-06T12:20+00:00,0.0729,0.065,kalshi
Fulham|Crystal Palace|total|-|2.5,3,Fulham,Crystal Palace,total,,2.5,Over 2.5 goals,2026-08-14T19:40+00:00,2026-09-05T11:07+00:00,46.7,2026-09-05T11:07+00:00,49.5,50.0,2-3,YES,2026-09-06T12:20+00:00,0.2841,0.255,kalshi
Fulham|Crystal Palace|total|-|3.5,3,Fulham,Crystal Palace,total,,3.5,Over 3.5 goals,2026-08-14T19:40+00:00,2026-09-05T11:07+00:00,25.1,2026-09-05T11:07+00:00,26.5,27.0,2-3,YES,2026-09-06T12:20+00:00,0.561,0.5402,kalshi
Fulham|Crystal Palace|spread|h|1.5,3,Fulham,Crystal Palace,spread,h,1.5,Fulham wins by >1.5,2026-08-14T19:40+00:00,2026-09-05T11:07+00:00,21.1,2026-09-05T11:07+00:00,21.5,22.0,2-3,NO,2026-09-06T12:20+00:00,0.0445,0.0462,model
Fulham|Crystal Palace|spread|a|1.5,3,Fulham,Crystal Palace,spread,a,1.5,Crystal Palace wins by >1.5,2026-08-14T19:40+00:00,2026-09-05T11:07+00:00,11.7,2026-09-05T11:07+00:00,9.5,10.0,2-3,NO,2026-09-06T12:20+00:00,0.0137,0.009,kalshi
Fulham|Crystal Palace|spread|h|2.5,3,Fulham,Crystal Palace,spread,h,2.5,Fulham wins by >2.5,2026-08-14T19:40+00:00,2026-09-05T11:07+00:00,8.0,2026-09-05T11:07+00:00,8.5,9.0,2-3,NO,2026-09-06T12:20+00:00,0.0064,0.0072,model
Fulham|Crystal Palace|spread|a|2.5,3,Fulham,Crystal Palace,spread,a,2.5,Crystal Palace wins by >2.5,2026-08-14T19:40+00:00,2026-09-05T11:07+00:00,3.6,2026-09-05T11:07+00:00,3.5,4.0,2-3,NO,2026-09-06T12:20+00:00,0.0013,0.0012,kalshi
Man City|Coventry|btts|-|-,3,Man City,Coventry,btts,,,Both teams to score,2026-08-14T19:40+00:00,2026-09-05T11:07+00:00,39.1,2026-09-05T11:07+00:00,46.5,47.0,1-0,NO,2026-09-06T12:20+00:00,0.1529,0.2162,model
Man City|Coventry|total|-|1.5,3,Man City,Coventry,total,,1.5,Over 1.5 goals,2026-08-14T19:40+00:00,2026-09-05T11:07+00:00,83.6,2026-09-05T11:07+00:00,89.0,90.0,1-0,NO,2026-09-06T12:20+00:00,0.6989,0.7921,model
Man City|Coventry|total|-|2.5,3,Man City,Coventry,total,,2.5,Over 2.5 goals,2026-08-14T19:40+00:00,2026-09-05T11:07+00:00,62.5,2026-09-05T11:07+00:00,72.5,73.0,1-0,NO,2026-09-06T12:20+00:00,0.3906,0.5256,model
Man City|Coventry|total|-|3.5,3,Man City,Coventry,total,,3.5,Over 3.5 goals,2026-08-14T19:40+00:00,2026-09-05T11:07+00:00,40.3,2026-09-05T11:07+00:00,50.5,51.0,1-0,NO,2026-09-06T12:20+00:00,0.1624,0.255,model
Man City|Coventry|spread|h|1.5,3,Man City,Coventry,spread,h,1.5,Man City wins by >1.5,2026-08-14T19:40+00:00,2026-09-05T11:07+00:00,62.2,2026-09-05T11:07+00:00,64.5,65.0,1-0,NO,2026-09-06T12:20+00:00,0.3869,0.416,model
Man City|Coventry|spread|a|1.5,3,Man City,Coventry,spread,a,1.5,Coventry wins by >1.5,2026-08-14T19:40+00:00,2026-09-05T11:07+00:00,1.1,2026-09-05T11:07+00:00,1.5,2.0,1-0,NO,2026-09-06T12:20+00:00,0.0001,0.0002,model
Man City|Coventry|spread|h|2.5,3,Man City,Coventry,spread,h,2.5,Man City wins by >2.5,2026-08-14T19:40+00:00,2026-09-05T11:07+00:00,39.5,2026-09-05T11:07+00:00,41.5,42.0,1-0,NO,2026-09-06T12:20+00:00,0.156,0.1722,model
Man City|Coventry|spread|a|2.5,3,Man City,Coventry,spread,a,2.5,Coventry wins by >2.5,2026-08-14T19:40+00:00,2026-09-05T11:07+00:00,0.2,2026-09-05T11:07+00:00,0.5,1.0,1-0,NO,2026-09-06T12:20+00:00,0.0,0.0,tie
Nott'm Forest|Tottenham|btts|-|-,3,Nott'm Forest,Tottenham,btts,,,Both teams to score,2026-08-14T19:40+00:00,2026-09-05T11:07+00:00,59.1,2026-09-05T11:07+00:00,58.5,59.0,0-0,NO,2026-09-06T12:20+00:00,0.3493,0.3422,kalshi
Nott'm Forest|Tottenham|total|-|1.5,3,Nott'm Forest,Tottenham,total,,1.5,Over 1.5 goals,2026-08-14T19:40+00:00,2026-09-05T11:07+00:00,79.8,2026-09-05T11:07+00:00,77.5,78.0,0-0,NO,2026-09-06T12:20+00:00,0.6368,0.6006,kalshi
Nott'm Forest|Tottenham|total|-|2.5,3,Nott'm Forest,Tottenham,total,,2.5,Over 2.5 goals,2026-08-14T19:40+00:00,2026-09-05T11:07+00:00,56.1,2026-09-05T11:07+00:00,52.5,53.0,0-0,NO,2026-09-06T12:20+00:00,0.3147,0.2756,kalshi
Nott'm Forest|Tottenham|total|-|3.5,3,Nott'm Forest,Tottenham,total,,3.5,Over 3.5 goals,2026-08-14T19:40+00:00,2026-09-05T11:07+00:00,33.7,2026-09-05T11:07+00:00,31.5,32.0,0-0,NO,2026-09-06T12:20+00:00,0.1136,0.0992,kalshi
Nott'm Forest|Tottenham|spread|h|1.5,3,Nott'm Forest,Tottenham,spread,h,1.5,Nott'm Forest wins by >1.5,2026-08-14T19:40+00:00,2026-09-05T11:07+00:00,24.3,2026-09-05T11:07+00:00,18.5,19.0,0-0,NO,2026-09-06T12:20+00:00,0.059,0.0342,kalshi
Nott'm Forest|Tottenham|spread|a|1.5,3,Nott'm Forest,Tottenham,spread,a,1.5,Tottenham wins by >1.5,2026-08-14T19:40+00:00,2026-09-05T11:07+00:00,12.5,2026-09-05T11:07+00:00,14.5,15.0,0-0,NO,2026-09-06T12:20+00:00,0.0156,0.021,model
Nott'm Forest|Tottenham|spread|h|2.5,3,Nott'm Forest,Tottenham,spread,h,2.5,Nott'm Forest wins by >2.5,2026-08-14T19:40+00:00,2026-09-05T11:07+00:00,10.2,2026-09-05T11:07+00:00,7.5,8.0,0-0,NO,2026-09-06T12:20+00:00,0.0104,0.0056,kalshi
Nott'm Forest|Tottenham|spread|a|2.5,3,Nott'm Forest,Tottenham,spread,a,2.5,Tottenham wins by >2.5,2026-08-14T19:40+00:00,2026-09-05T11:07+00:00,4.2,2026-09-05T11:07+00:00,4.5,5.0,0-0,NO,2026-09-06T12:20+00:00,0.0018,0.002,model
Hull|Aston Villa|btts|-|-,3,Hull,Aston Villa,btts,,,Both teams to score,2026-08-14T19:40+00:00,2026-09-05T11:07+00:00,47.7,2026-09-05T11:07+00:00,54.5,55.0,0-0,NO,2026-09-06T12:20+00:00,0.2275,0.297,model
Hull|Aston Villa|total|-|1.5,3,Hull,Aston Villa,total,,1.5,Over 1.5 goals,2026-08-14T19:40+00:00,2026-09-05T11:07+00:00,68.0,2026-09-05T11:07+00:00,75.5,76.0,0-0,NO,2026-09-06T12:20+00:00,0.4624,0.57,model
Hull|Aston Villa|total|-|2.5,3,Hull,Aston Villa,total,,2.5,Over 2.5 goals,2026-08-14T19:40+00:00,2026-09-05T11:07+00:00,40.5,2026-09-05T11:07+00:00,50.5,51.0,0-0,NO,2026-09-06T12:20+00:00,0.164,0.255,model
Hull|Aston Villa|total|-|3.5,3,Hull,Aston Villa,total,,3.5,Over 3.5 goals,2026-08-14T19:40+00:00,2026-09-05T11:07+00:00,20.1,2026-09-05T11:07+00:00,28.5,29.0,0-0,NO,2026-09-06T12:20+00:00,0.0404,0.0812,model
Hull|Aston Villa|spread|h|1.5,3,Hull,Aston Villa,spread,h,1.5,Hull wins by >1.5,2026-08-14T19:40+00:00,2026-09-05T11:07+00:00,14.2,2026-09-05T11:07+00:00,8.5,9.0,0-0,NO,2026-09-06T12:20+00:00,0.0202,0.0072,kalshi
Hull|Aston Villa|spread|a|1.5,3,Hull,Aston Villa,spread,a,1.5,Aston Villa wins by >1.5,2026-08-14T19:40+00:00,2026-09-05T11:07+00:00,15.4,2026-09-05T11:07+00:00,26.5,27.0,0-0,NO,2026-09-06T12:20+00:00,0.0237,0.0702,model
Hull|Aston Villa|spread|h|2.5,3,Hull,Aston Villa,spread,h,2.5,Hull wins by >2.5,2026-08-14T19:40+00:00,2026-09-05T11:07+00:00,4.5,2026-09-05T11:07+00:00,2.5,3.0,0-0,NO,2026-09-06T12:20+00:00,0.002,0.0006,kalshi
Hull|Aston Villa|spread|a|2.5,3,Hull,Aston Villa,spread,a,2.5,Aston Villa wins by >2.5,2026-08-14T19:40+00:00,2026-09-05T11:07+00:00,5.0,2026-09-05T11:07+00:00,10.5,11.0,0-0,NO,2026-09-06T12:20+00:00,0.0025,0.011,model
Everton|Man United|btts|-|-,3,Everton,Man United,btts,,,Both teams to score,2026-08-14T19:40+00:00,2026-09-06T12:20+00:00,54.2,2026-09-06T12:20+00:00,61.5,62.0,2-2,YES,2026-09-07T10:59+00:00,0.2098,0.1482,kalshi
Everton|Man United|total|-|1.5,3,Everton,Man United,total,,1.5,Over 1.5 goals,2026-08-14T19:40+00:00,2026-09-06T12:20+00:00,74.6,2026-09-06T12:20+00:00,81.5,82.0,2-2,YES,2026-09-07T10:59+00:00,0.0645,0.0342,kalshi
Everton|Man United|total|-|2.5,3,Everton,Man United,total,,2.5,Over 2.5 goals,2026-08-14T19:40+00:00,2026-09-06T12:20+00:00,48.4,2026-09-06T12:20+00:00,59.5,60.0,2-2,YES,2026-09-07T10:59+00:00,0.2663,0.164,kalshi
Everton|Man United|total|-|3.5,3,Everton,Man United,total,,3.5,Over 3.5 goals,2026-08-14T19:40+00:00,2026-09-06T12:20+00:00,26.6,2026-09-06T12:20+00:00,36.5,37.0,2-2,YES,2026-09-07T10:59+00:00,0.5388,0.4032,kalshi
Everton|Man United|spread|h|1.5,3,Everton,Man United,spread,h,1.5,Everton wins by >1.5,2026-08-14T19:40+00:00,2026-09-06T12:20+00:00,14.9,2026-09-06T12:20+00:00,9.5,10.0,2-2,NO,2026-09-07T10:59+00:00,0.0222,0.009,kalshi
Everton|Man United|spread|a|1.5,3,Everton,Man United,spread,a,1.5,Man United wins by >1.5,2026-08-14T19:40+00:00,2026-09-06T12:20+00:00,17.9,2026-09-06T12:20+00:00,26.5,27.0,2-2,NO,2026-09-07T10:59+00:00,0.032,0.0702,model
Everton|Man United|spread|h|2.5,3,Everton,Man United,spread,h,2.5,Everton wins by >2.5,2026-08-14T19:40+00:00,2026-09-06T12:20+00:00,5.0,2026-09-06T12:20+00:00,3.0,4.0,2-2,NO,2026-09-07T10:59+00:00,0.0025,0.0009,kalshi
Everton|Man United|spread|a|2.5,3,Everton,Man United,spread,a,2.5,Man United wins by >2.5,2026-08-14T19:40+00:00,2026-09-06T12:20+00:00,6.5,2026-09-06T12:20+00:00,11.5,12.0,2-2,NO,2026-09-07T10:59+00:00,0.0042,0.0132,model
Arsenal|Chelsea|btts|-|-,3,Arsenal,Chelsea,btts,,,Both teams to score,2026-08-14T19:40+00:00,2026-09-06T12:20+00:00,52.1,2026-09-06T12:20+00:00,55.5,56.0,2-1,YES,2026-09-07T10:59+00:00,0.2294,0.198,kalshi
Arsenal|Chelsea|total|-|1.5,3,Arsenal,Chelsea,total,,1.5,Over 1.5 goals,2026-08-14T19:40+00:00,2026-09-06T12:20+00:00,79.5,2026-09-06T12:20+00:00,78.5,79.0,2-1,YES,2026-09-07T10:59+00:00,0.042,0.0462,model
Arsenal|Chelsea|total|-|2.5,3,Arsenal,Chelsea,total,,2.5,Over 2.5 goals,2026-08-14T19:40+00:00,2026-09-06T12:20+00:00,55.5,2026-09-06T12:20+00:00,53.5,54.0,2-1,YES,2026-09-07T10:59+00:00,0.198,0.2162,model
Arsenal|Chelsea|total|-|3.5,3,Arsenal,Chelsea,total,,3.5,Over 3.5 goals,2026-08-14T19:40+00:00,2026-09-06T12:20+00:00,33.1,2026-09-06T12:20+00:00,30.5,31.0,2-1,NO,2026-09-07T10:59+00:00,0.1096,0.093,kalshi
Arsenal|Chelsea|spread|h|1.5,3,Arsenal,Chelsea,spread,h,1.5,Arsenal wins by >1.5,2026-08-14T19:40+00:00,2026-09-06T12:20+00:00,38.8,2026-09-06T12:20+00:00,31.5,32.0,2-1,NO,2026-09-07T10:59+00:00,0.1505,0.0992,kalshi
Arsenal|Chelsea|spread|a|1.5,3,Arsenal,Chelsea,spread,a,1.5,Chelsea wins by >1.5,2026-08-14T19:40+00:00,2026-09-06T12:20+00:00,5.1,2026-09-06T12:20+00:00,6.5,7.0,2-1,NO,2026-09-07T10:59+00:00,0.0026,0.0042,model
Arsenal|Chelsea|spread|h|2.5,3,Arsenal,Chelsea,spread,h,2.5,Arsenal wins by >2.5,2026-08-14T19:40+00:00,2026-09-06T12:20+00:00,19.4,2026-09-06T12:20+00:00,13.5,14.0,2-1,NO,2026-09-07T10:59+00:00,0.0376,0.0182,kalshi
Arsenal|Chelsea|spread|a|2.5,3,Arsenal,Chelsea,spread,a,2.5,Chelsea wins by >2.5,2026-08-14T19:40+00:00,2026-09-06T12:20+00:00,1.3,2026-09-06T12:20+00:00,1.5,2.0,2-1,NO,2026-09-07T10:59+00:00,0.0002,0.0002,tie
Bournemouth|Brentford|btts|-|-,4,Bournemouth,Brentford,btts,,,Both teams to score,2026-08-14T19:40+00:00,2026-09-07T16:58+00:00,61.1,2026-09-07T16:58+00:00,62.0,63.0,,,,,,
Bournemouth|Brentford|total|-|1.5,4,Bournemouth,Brentford,total,,1.5,Over 1.5 goals,2026-08-14T19:40+00:00,2026-09-07T16:58+00:00,81.0,,,,,,,,,
Bournemouth|Brentford|total|-|2.5,4,Bournemouth,Brentford,total,,2.5,Over 2.5 goals,2026-08-14T19:40+00:00,2026-09-07T16:58+00:00,57.6,2026-09-07T16:58+00:00,58.0,59.0,,,,,,
Bournemouth|Brentford|total|-|3.5,4,Bournemouth,Brentford,total,,3.5,Over 3.5 goals,2026-08-14T19:40+00:00,2026-09-07T16:58+00:00,35.2,,,,,,,,,
Bournemouth|Brentford|spread|h|1.5,4,Bournemouth,Brentford,spread,h,1.5,Bournemouth wins by >1.5,2026-08-14T19:40+00:00,2026-09-07T16:58+00:00,20.7,2026-09-07T16:58+00:00,17.0,18.0,,,,,,
Bournemouth|Brentford|spread|a|1.5,4,Bournemouth,Brentford,spread,a,1.5,Brentford wins by >1.5,2026-08-14T19:40+00:00,2026-09-07T16:58+00:00,15.8,2026-09-07T16:58+00:00,15.5,16.0,,,,,,
Bournemouth|Brentford|spread|h|2.5,4,Bournemouth,Brentford,spread,h,2.5,Bournemouth wins by >2.5,2026-08-14T19:40+00:00,2026-09-07T16:58+00:00,8.3,2026-09-07T16:58+00:00,6.0,7.0,,,,,,
Bournemouth|Brentford|spread|a|2.5,4,Bournemouth,Brentford,spread,a,2.5,Brentford wins by >2.5,2026-08-14T19:40+00:00,2026-09-07T16:58+00:00,5.8,,,,,,,,,
Aston Villa|Nott'm Forest|btts|-|-,4,Aston Villa,Nott'm Forest,btts,,,Both teams to score,2026-08-14T19:40+00:00,2026-09-07T16:58+00:00,55.2,,,,,,,,,
Aston Villa|Nott'm Forest|total|-|1.5,4,Aston Villa,Nott'm Forest,total,,1.5,Over 1.5 goals,2026-08-14T19:40+00:00,2026-09-07T16:58+00:00,76.2,,,,,,,,,
Aston Villa|Nott'm Forest|total|-|2.5,4,Aston Villa,Nott'm Forest,total,,2.5,Over 2.5 goals,2026-08-14T19:40+00:00,2026-09-07T16:58+00:00,50.6,,,,,,,,,
Aston Villa|Nott'm Forest|total|-|3.5,4,Aston Villa,Nott'm Forest,total,,3.5,Over 3.5 goals,2026-08-14T19:40+00:00,2026-09-07T16:58+00:00,28.6,,,,,,,,,
Aston Villa|Nott'm Forest|spread|h|1.5,4,Aston Villa,Nott'm Forest,spread,h,1.5,Aston Villa wins by >1.5,2026-08-14T19:40+00:00,2026-09-07T16:58+00:00,22.6,,,,,,,,,
Aston Villa|Nott'm Forest|spread|a|1.5,4,Aston Villa,Nott'm Forest,spread,a,1.5,Nott'm Forest wins by >1.5,2026-08-14T19:40+00:00,2026-09-07T16:58+00:00,11.9,,,,,,,,,
Aston Villa|Nott'm Forest|spread|h|2.5,4,Aston Villa,Nott'm Forest,spread,h,2.5,Aston Villa wins by >2.5,2026-08-14T19:40+00:00,2026-09-07T16:58+00:00,9.0,,,,,,,,,
Aston Villa|Nott'm Forest|spread|a|2.5,4,Aston Villa,Nott'm Forest,spread,a,2.5,Nott'm Forest wins by >2.5,2026-08-14T19:40+00:00,2026-09-07T16:58+00:00,3.8,,,,,,,,,
Chelsea|Hull|btts|-|-,4,Chelsea,Hull,btts,,,Both teams to score,2026-08-14T19:40+00:00,2026-09-07T16:58+00:00,43.9,2026-09-07T16:58+00:00,49.5,50.0,,,,,,
Chelsea|Hull|total|-|1.5,4,Chelsea,Hull,total,,1.5,Over 1.5 goals,2026-08-14T19:40+00:00,2026-09-07T16:58+00:00,65.1,2026-09-07T16:58+00:00,85.5,86.0,,,,,,
Chelsea|Hull|total|-|2.5,4,Chelsea,Hull,total,,2.5,Over 2.5 goals,2026-08-14T19:40+00:00,2026-09-07T16:58+00:00,37.1,2026-09-07T16:58+00:00,66.5,67.0,,,,,,
Chelsea|Hull|total|-|3.5,4,Chelsea,Hull,total,,3.5,Over 3.5 goals,2026-08-14T19:40+00:00,2026-09-07T16:58+00:00,17.6,,,,,,,,,
Chelsea|Hull|spread|h|1.5,4,Chelsea,Hull,spread,h,1.5,Chelsea wins by >1.5,2026-08-14T19:40+00:00,2026-09-07T16:58+00:00,20.7,2026-09-07T16:58+00:00,57.5,58.0,,,,,,
Chelsea|Hull|spread|a|1.5,4,Chelsea,Hull,spread,a,1.5,Hull wins by >1.5,2026-08-14T19:40+00:00,2026-09-07T16:58+00:00,8.8,2026-09-07T16:58+00:00,2.0,3.0,,,,,,
Chelsea|Hull|spread|h|2.5,4,Chelsea,Hull,spread,h,2.5,Chelsea wins by >2.5,2026-08-14T19:40+00:00,2026-09-07T16:58+00:00,7.3,2026-09-07T16:58+00:00,36.0,37.0,,,,,,
Chelsea|Hull|spread|a|2.5,4,Chelsea,Hull,spread,a,2.5,Hull wins by >2.5,2026-08-14T19:40+00:00,2026-09-07T16:58+00:00,2.3,2026-09-07T16:58+00:00,1.5,3.0,,,,,,
Crystal Palace|Ipswich|btts|-|-,4,Crystal Palace,Ipswich,btts,,,Both teams to score,2026-08-14T19:40+00:00,2026-09-07T16:58+00:00,54.6,2026-09-07T16:58+00:00,55.0,56.0,,,,,,
Crystal Palace|Ipswich|total|-|1.5,4,Crystal Palace,Ipswich,total,,1.5,Over 1.5 goals,2026-08-14T19:40+00:00,2026-09-07T16:58+00:00,81.2,,,,,,,,,
Crystal Palace|Ipswich|total|-|2.5,4,Crystal Palace,Ipswich,total,,2.5,Over 2.5 goals,2026-08-14T19:40+00:00,2026-09-07T16:58+00:00,58.0,2026-09-07T16:58+00:00,52.5,54.0,,,,,,
Crystal Palace|Ipswich|total|-|3.5,4,Crystal Palace,Ipswich,total,,3.5,Over 3.5 goals,2026-08-14T19:40+00:00,2026-09-07T16:58+00:00,35.6,,,,,,,,,
Crystal Palace|Ipswich|spread|h|1.5,4,Crystal Palace,Ipswich,spread,h,1.5,Crystal Palace wins by >1.5,2026-08-14T19:40+00:00,2026-09-07T16:58+00:00,38.9,,,,,,,,,
Crystal Palace|Ipswich|spread|a|1.5,4,Crystal Palace,Ipswich,spread,a,1.5,Ipswich wins by >1.5,2026-08-14T19:40+00:00,2026-09-07T16:58+00:00,5.6,2026-09-07T16:58+00:00,8.5,10.0,,,,,,
Crystal Palace|Ipswich|spread|h|2.5,4,Crystal Palace,Ipswich,spread,h,2.5,Crystal Palace wins by >2.5,2026-08-14T19:40+00:00,2026-09-07T16:58+00:00,19.8,2026-09-07T16:58+00:00,11.0,12.0,,,,,,
Crystal Palace|Ipswich|spread|a|2.5,4,Crystal Palace,Ipswich,spread,a,2.5,Ipswich wins by >2.5,2026-08-14T19:40+00:00,2026-09-07T16:58+00:00,1.5,,,,,,,,,
Liverpool|Fulham|btts|-|-,4,Liverpool,Fulham,btts,,,Both teams to score,2026-08-14T19:40+00:00,2026-09-07T16:58+00:00,59.5,2026-09-07T16:58+00:00,59.5,60.0,,,,,,
Liverpool|Fulham|total|-|1.5,4,Liverpool,Fulham,total,,1.5,Over 1.5 goals,2026-08-14T19:40+00:00,2026-09-07T16:58+00:00,83.9,2026-09-07T16:58+00:00,85.0,86.0,,,,,,
Liverpool|Fulham|total|-|2.5,4,Liverpool,Fulham,total,,2.5,Over 2.5 goals,2026-08-14T19:40+00:00,2026-09-07T16:58+00:00,62.3,,,,,,,,,
Liverpool|Fulham|total|-|3.5,4,Liverpool,Fulham,total,,3.5,Over 3.5 goals,2026-08-14T19:40+00:00,2026-09-07T16:58+00:00,40.1,2026-09-07T16:58+00:00,44.5,45.0,,,,,,
Liverpool|Fulham|spread|h|1.5,4,Liverpool,Fulham,spread,h,1.5,Liverpool wins by >1.5,2026-08-14T19:40+00:00,2026-09-07T16:58+00:00,37.7,2026-09-07T16:58+00:00,44.0,45.0,,,,,,
Liverpool|Fulham|spread|a|1.5,4,Liverpool,Fulham,spread,a,1.5,Fulham wins by >1.5,2026-08-14T19:40+00:00,2026-09-07T16:58+00:00,7.0,,,,,,,,,
Liverpool|Fulham|spread|h|2.5,4,Liverpool,Fulham,spread,h,2.5,Liverpool wins by >2.5,2026-08-14T19:40+00:00,2026-09-07T16:58+00:00,19.3,,,,,,,,,
Liverpool|Fulham|spread|a|2.5,4,Liverpool,Fulham,spread,a,2.5,Fulham wins by >2.5,2026-08-14T19:40+00:00,2026-09-07T16:58+00:00,2.0,,,,,,,,,
Tottenham|Everton|btts|-|-,4,Tottenham,Everton,btts,,,Both teams to score,2026-08-14T19:40+00:00,2026-09-07T16:58+00:00,54.2,2026-09-07T16:58+00:00,53.5,54.0,,,,,,
Tottenham|Everton|total|-|1.5,4,Tottenham,Everton,total,,1.5,Over 1.5 goals,2026-08-14T19:40+00:00,2026-09-07T16:58+00:00,74.7,,,,,,,,,
Tottenham|Everton|total|-|2.5,4,Tottenham,Everton,total,,2.5,Over 2.5 goals,2026-08-14T19:40+00:00,2026-09-07T16:58+00:00,48.6,,,,,,,,,
Tottenham|Everton|total|-|3.5,4,Tottenham,Everton,total,,3.5,Over 3.5 goals,2026-08-14T19:40+00:00,2026-09-07T16:58+00:00,26.8,,,,,,,,,
Tottenham|Everton|spread|h|1.5,4,Tottenham,Everton,spread,h,1.5,Tottenham wins by >1.5,2026-08-14T19:40+00:00,2026-09-07T16:58+00:00,18.6,,,,,,,,,
Tottenham|Everton|spread|a|1.5,4,Tottenham,Everton,spread,a,1.5,Everton wins by >1.5,2026-08-14T19:40+00:00,2026-09-07T16:58+00:00,14.4,2026-09-07T16:58+00:00,8.5,9.0,,,,,,
Tottenham|Everton|spread|h|2.5,4,Tottenham,Everton,spread,h,2.5,Tottenham wins by >2.5,2026-08-14T19:40+00:00,2026-09-07T16:58+00:00,6.8,2026-09-07T16:58+00:00,8.5,9.0,,,,,,
Tottenham|Everton|spread|a|2.5,4,Tottenham,Everton,spread,a,2.5,Everton wins by >2.5,2026-08-14T19:40+00:00,2026-09-07T16:58+00:00,4.8,,,,,,,,,
Sunderland|Arsenal|btts|-|-,4,Sunderland,Arsenal,btts,,,Both teams to score,2026-08-14T19:40+00:00,2026-09-07T16:58+00:00,40.4,,,,,,,,,
Sunderland|Arsenal|total|-|1.5,4,Sunderland,Arsenal,total,,1.5,Over 1.5 goals,2026-08-14T19:40+00:00,2026-09-07T16:58+00:00,66.4,,,,,,,,,
Sunderland|Arsenal|total|-|2.5,4,Sunderland,Arsenal,total,,2.5,Over 2.5 goals,2026-08-14T19:40+00:00,2026-09-07T16:58+00:00,38.6,2026-09-07T16:58+00:00,47.0,48.0,,,,,,
Sunderland|Arsenal|total|-|3.5,4,Sunderland,Arsenal,total,,3.5,Over 3.5 goals,2026-08-14T19:40+00:00,2026-09-07T16:58+00:00,18.7,,,,,,,,,
Sunderland|Arsenal|spread|h|1.5,4,Sunderland,Arsenal,spread,h,1.5,Sunderland wins by >1.5,2026-08-14T19:40+00:00,2026-09-07T16:58+00:00,4.6,,,,,,,,,
Sunderland|Arsenal|spread|a|1.5,4,Sunderland,Arsenal,spread,a,1.5,Arsenal wins by >1.5,2026-08-14T19:40+00:00,2026-09-07T16:58+00:00,30.5,2026-09-07T16:58+00:00,38.5,40.0,,,,,,
Sunderland|Arsenal|spread|h|2.5,4,Sunderland,Arsenal,spread,h,2.5,Sunderland wins by >2.5,2026-08-14T19:40+00:00,2026-09-07T16:58+00:00,0.9,2026-09-06T12:20+00:00,1.5,3.0,,,,,,
Sunderland|Arsenal|spread|a|2.5,4,Sunderland,Arsenal,spread,a,2.5,Arsenal wins by >2.5,2026-08-14T19:40+00:00,2026-09-07T16:58+00:00,12.7,,,,,,,,,
Coventry|Brighton|btts|-|-,4,Coventry,Brighton,btts,,,Both teams to score,2026-08-14T19:40+00:00,2026-09-07T16:58+00:00,44.1,,,,,,,,,
Coventry|Brighton|total|-|1.5,4,Coventry,Brighton,total,,1.5,Over 1.5 goals,2026-08-14T19:40+00:00,2026-09-07T16:58+00:00,68.3,,,,,,,,,
Coventry|Brighton|total|-|2.5,4,Coventry,Brighton,total,,2.5,Over 2.5 goals,2026-08-14T19:40+00:00,2026-09-07T16:58+00:00,40.8,,,,,,,,,
Coventry|Brighton|total|-|3.5,4,Coventry,Brighton,total,,3.5,Over 3.5 goals,2026-08-14T19:40+00:00,2026-09-07T16:58+00:00,20.4,,,,,,,,,
Coventry|Brighton|spread|h|1.5,4,Coventry,Brighton,spread,h,1.5,Coventry wins by >1.5,2026-08-14T19:40+00:00,2026-09-07T16:58+00:00,6.1,,,,,,,,,
Coventry|Brighton|spread|a|1.5,4,Coventry,Brighton,spread,a,1.5,Brighton wins by >1.5,2026-08-14T19:40+00:00,2026-09-07T16:58+00:00,28.1,,,,,,,,,
Coventry|Brighton|spread|h|2.5,4,Coventry,Brighton,spread,h,2.5,Coventry wins by >2.5,2026-08-14T19:40+00:00,2026-09-07T16:58+00:00,1.4,,,,,,,,,
Coventry|Brighton|spread|a|2.5,4,Coventry,Brighton,spread,a,2.5,Brighton wins by >2.5,2026-08-14T19:40+00:00,2026-09-07T16:58+00:00,11.4,2026-09-07T16:58+00:00,11.5,12.0,,,,,,
Man United|Man City|btts|-|-,4,Man United,Man City,btts,,,Both teams to score,2026-08-14T19:40+00:00,2026-09-07T16:58+00:00,61.3,2026-09-07T16:58+00:00,65.5,66.0,,,,,,
Man United|Man City|total|-|1.5,4,Man United,Man City,total,,1.5,Over 1.5 goals,2026-08-14T19:40+00:00,2026-09-07T16:58+00:00,83.2,,,,,,,,,
Man United|Man City|total|-|2.5,4,Man United,Man City,total,,2.5,Over 2.5 goals,2026-08-14T19:40+00:00,2026-09-07T16:58+00:00,61.1,,,,,,,,,
Man United|Man City|total|-|3.5,4,Man United,Man City,total,,3.5,Over 3.5 goals,2026-08-14T19:40+00:00,2026-09-07T16:58+00:00,38.8,2026-09-07T16:58+00:00,41.0,42.0,,,,,,
Man United|Man City|spread|h|1.5,4,Man United,Man City,spread,h,1.5,Man United wins by >1.5,2026-08-14T19:40+00:00,2026-09-07T16:58+00:00,9.7,,,,,,,,,
Man United|Man City|spread|a|1.5,4,Man United,Man City,spread,a,1.5,Man City wins by >1.5,2026-08-14T19:40+00:00,2026-09-07T16:58+00:00,31.2,2026-09-07T16:58+00:00,22.5,23.0,,,,,,
Man United|Man City|spread|h|2.5,4,Man United,Man City,spread,h,2.5,Man United wins by >2.5,2026-08-14T19:40+00:00,2026-09-07T16:58+00:00,3.1,2026-09-07T16:58+00:00,5.5,7.0,,,,,,
Man United|Man City|spread|a|2.5,4,Man United,Man City,spread,a,2.5,Man City wins by >2.5,2026-08-14T19:40+00:00,2026-09-07T16:58+00:00,14.8,2026-09-07T16:58+00:00,9.5,10.0,,,,,,
Leeds|Newcastle|btts|-|-,4,Leeds,Newcastle,btts,,,Both teams to score,2026-08-14T19:40+00:00,2026-09-07T16:58+00:00,59.8,,,,,,,,,
Leeds|Newcastle|total|-|1.5,4,Leeds,Newcastle,total,,1.5,Over 1.5 goals,2026-08-14T19:40+00:00,2026-09-07T16:58+00:00,79.9,,,,,,,,,
Leeds|Newcastle|total|-|2.5,4,Leeds,Newcastle,total,,2.5,Over 2.5 goals,2026-08-14T19:40+00:00,2026-09-07T16:58+00:00,55.9,,,,,,,,,
Leeds|Newcastle|total|-|3.5,4,Leeds,Newcastle,total,,3.5,Over 3.5 goals,2026-08-14T19:40+00:00,2026-09-07T16:58+00:00,33.5,,,,,,,,,
Leeds|Newcastle|spread|h|1.5,4,Leeds,Newcastle,spread,h,1.5,Leeds wins by >1.5,2026-08-14T19:40+00:00,2026-09-07T16:58+00:00,15.4,,,,,,,,,
Leeds|Newcastle|spread|a|1.5,4,Leeds,Newcastle,spread,a,1.5,Newcastle wins by >1.5,2026-08-14T19:40+00:00,2026-09-07T16:58+00:00,20.5,,,,,,,,,
Leeds|Newcastle|spread|h|2.5,4,Leeds,Newcastle,spread,h,2.5,Leeds wins by >2.5,2026-08-14T19:40+00:00,2026-09-07T16:58+00:00,5.5,,,,,,,,,
Leeds|Newcastle|spread|a|2.5,4,Leeds,Newcastle,spread,a,2.5,Newcastle wins by >2.5,2026-08-14T19:40+00:00,2026-09-07T16:58+00:00,8.1,,,,,,,,,
Brentford|Chelsea|btts|-|-,5,Brentford,Chelsea,btts,,,Both teams to score,2026-08-14T19:40+00:00,2026-09-07T16:58+00:00,63.7,,,,,,,,,
Brentford|Chelsea|total|-|1.5,5,Brentford,Chelsea,total,,1.5,Over 1.5 goals,2026-08-14T19:40+00:00,2026-09-07T16:58+00:00,83.1,,,,,,,,,
Brentford|Chelsea|total|-|2.5,5,Brentford,Chelsea,total,,2.5,Over 2.5 goals,2026-08-14T19:40+00:00,2026-09-07T16:58+00:00,60.8,,,,,,,,,
Brentford|Chelsea|total|-|3.5,5,Brentford,Chelsea,total,,3.5,Over 3.5 goals,2026-08-14T19:40+00:00,2026-09-07T16:58+00:00,38.5,,,,,,,,,
Brentford|Chelsea|spread|h|1.5,5,Brentford,Chelsea,spread,h,1.5,Brentford wins by >1.5,2026-08-14T19:40+00:00,2026-09-07T16:58+00:00,20.4,,,,,,,,,
Brentford|Chelsea|spread|a|1.5,5,Brentford,Chelsea,spread,a,1.5,Chelsea wins by >1.5,2026-08-14T19:40+00:00,2026-09-07T16:58+00:00,17.2,,,,,,,,,
Brentford|Chelsea|spread|h|2.5,5,Brentford,Chelsea,spread,h,2.5,Brentford wins by >2.5,2026-08-14T19:40+00:00,2026-09-07T16:58+00:00,8.3,,,,,,,,,
Brentford|Chelsea|spread|a|2.5,5,Brentford,Chelsea,spread,a,2.5,Chelsea wins by >2.5,2026-08-14T19:40+00:00,2026-09-07T16:58+00:00,6.6,,,,,,,,,
Tottenham|Aston Villa|btts|-|-,5,Tottenham,Aston Villa,btts,,,Both teams to score,2026-08-14T19:40+00:00,2026-09-07T16:58+00:00,61.5,,,,,,,,,
Tottenham|Aston Villa|total|-|1.5,5,Tottenham,Aston Villa,total,,1.5,Over 1.5 goals,2026-08-14T19:40+00:00,2026-09-07T16:58+00:00,81.2,,,,,,,,,
Tottenham|Aston Villa|total|-|2.5,5,Tottenham,Aston Villa,total,,2.5,Over 2.5 goals,2026-08-14T19:40+00:00,2026-09-07T16:58+00:00,57.9,,,,,,,,,
Tottenham|Aston Villa|total|-|3.5,5,Tottenham,Aston Villa,total,,3.5,Over 3.5 goals,2026-08-14T19:40+00:00,2026-09-07T16:58+00:00,35.5,,,,,,,,,
Tottenham|Aston Villa|spread|h|1.5,5,Tottenham,Aston Villa,spread,h,1.5,Tottenham wins by >1.5,2026-08-14T19:40+00:00,2026-09-07T16:58+00:00,17.0,,,,,,,,,
Tottenham|Aston Villa|spread|a|1.5,5,Tottenham,Aston Villa,spread,a,1.5,Aston Villa wins by >1.5,2026-08-14T19:40+00:00,2026-09-07T16:58+00:00,19.4,,,,,,,,,
Tottenham|Aston Villa|spread|h|2.5,5,Tottenham,Aston Villa,spread,h,2.5,Tottenham wins by >2.5,2026-08-14T19:40+00:00,2026-09-07T16:58+00:00,6.4,,,,,,,,,
Tottenham|Aston Villa|spread|a|2.5,5,Tottenham,Aston Villa,spread,a,2.5,Aston Villa wins by >2.5,2026-08-14T19:40+00:00,2026-09-07T16:58+00:00,7.7,,,,,,,,,
Brighton|Arsenal|btts|-|-,5,Brighton,Arsenal,btts,,,Both teams to score,2026-08-14T19:40+00:00,2026-09-07T16:58+00:00,52.1,,,,,,,,,
Brighton|Arsenal|total|-|1.5,5,Brighton,Arsenal,total,,1.5,Over 1.5 goals,2026-08-14T19:40+00:00,2026-09-07T16:58+00:00,76.1,,,,,,,,,
Brighton|Arsenal|total|-|2.5,5,Brighton,Arsenal,total,,2.5,Over 2.5 goals,2026-08-14T19:40+00:00,2026-09-07T16:58+00:00,50.5,,,,,,,,,
Brighton|Arsenal|total|-|3.5,5,Brighton,Arsenal,total,,3.5,Over 3.5 goals,2026-08-14T19:40+00:00,2026-09-07T16:58+00:00,28.5,,,,,,,,,
Brighton|Arsenal|spread|h|1.5,5,Brighton,Arsenal,spread,h,1.5,Brighton wins by >1.5,2026-08-14T19:40+00:00,2026-09-07T16:58+00:00,7.4,,,,,,,,,
Brighton|Arsenal|spread|a|1.5,5,Brighton,Arsenal,spread,a,1.5,Arsenal wins by >1.5,2026-08-14T19:40+00:00,2026-09-07T16:58+00:00,30.5,,,,,,,,,
Brighton|Arsenal|spread|h|2.5,5,Brighton,Arsenal,spread,h,2.5,Brighton wins by >2.5,2026-08-14T19:40+00:00,2026-09-07T16:58+00:00,2.0,,,,,,,,,
Brighton|Arsenal|spread|a|2.5,5,Brighton,Arsenal,spread,a,2.5,Arsenal wins by >2.5,2026-08-14T19:40+00:00,2026-09-07T16:58+00:00,13.5,,,,,,,,,
Everton|Ipswich|btts|-|-,5,Everton,Ipswich,btts,,,Both teams to score,2026-08-14T19:40+00:00,2026-09-07T16:58+00:00,49.9,,,,,,,,,
Everton|Ipswich|total|-|1.5,5,Everton,Ipswich,total,,1.5,Over 1.5 goals,2026-08-14T19:40+00:00,2026-09-07T16:58+00:00,77.8,,,,,,,,,
Everton|Ipswich|total|-|2.5,5,Everton,Ipswich,total,,2.5,Over 2.5 goals,2026-08-14T19:40+00:00,2026-09-07T16:58+00:00,53.1,,,,,,,,,
Everton|Ipswich|total|-|3.5,5,Everton,Ipswich,total,,3.5,Over 3.5 goals,2026-08-14T19:40+00:00,2026-09-07T16:58+00:00,30.9,,,,,,,,,
Everton|Ipswich|spread|h|1.5,5,Everton,Ipswich,spread,h,1.5,Everton wins by >1.5,2026-08-14T19:40+00:00,2026-09-07T16:58+00:00,38.6,,,,,,,,,
Everton|Ipswich|spread|a|1.5,5,Everton,Ipswich,spread,a,1.5,Ipswich wins by >1.5,2026-08-14T19:40+00:00,2026-09-07T16:58+00:00,4.8,,,,,,,,,
Everton|Ipswich|spread|h|2.5,5,Everton,Ipswich,spread,h,2.5,Everton wins by >2.5,2026-08-14T19:40+00:00,2026-09-07T16:58+00:00,19.1,,,,,,,,,
Everton|Ipswich|spread|a|2.5,5,Everton,Ipswich,spread,a,2.5,Ipswich wins by >2.5,2026-08-14T19:40+00:00,2026-09-07T16:58+00:00,1.1,,,,,,,,,
Leeds|Crystal Palace|btts|-|-,5,Leeds,Crystal Palace,btts,,,Both teams to score,2026-08-14T19:40+00:00,2026-09-07T16:58+00:00,53.6,,,,,,,,,
Leeds|Crystal Palace|total|-|1.5,5,Leeds,Crystal Palace,total,,1.5,Over 1.5 goals,2026-08-14T19:40+00:00,2026-09-07T16:58+00:00,74.4,,,,,,,,,
Leeds|Crystal Palace|total|-|2.5,5,Leeds,Crystal Palace,total,,2.5,Over 2.5 goals,2026-08-14T19:40+00:00,2026-09-07T16:58+00:00,48.2,,,,,,,,,
Leeds|Crystal Palace|total|-|3.5,5,Leeds,Crystal Palace,total,,3.5,Over 3.5 goals,2026-08-14T19:40+00:00,2026-09-07T16:58+00:00,26.4,,,,,,,,,
Leeds|Crystal Palace|spread|h|1.5,5,Leeds,Crystal Palace,spread,h,1.5,Leeds wins by >1.5,2026-08-14T19:40+00:00,2026-09-07T16:58+00:00,20.4,,,,,,,,,
Leeds|Crystal Palace|spread|a|1.5,5,Leeds,Crystal Palace,spread,a,1.5,Crystal Palace wins by >1.5,2026-08-14T19:40+00:00,2026-09-07T16:58+00:00,12.8,,,,,,,,,
Leeds|Crystal Palace|spread|h|2.5,5,Leeds,Crystal Palace,spread,h,2.5,Leeds wins by >2.5,2026-08-14T19:40+00:00,2026-09-07T16:58+00:00,7.7,,,,,,,,,
Leeds|Crystal Palace|spread|a|2.5,5,Leeds,Crystal Palace,spread,a,2.5,Crystal Palace wins by >2.5,2026-08-14T19:40+00:00,2026-09-07T16:58+00:00,4.1,,,,,,,,,
Man City|Sunderland|btts|-|-,5,Man City,Sunderland,btts,,,Both teams to score,2026-08-14T19:40+00:00,2026-09-07T16:58+00:00,44.6,,,,,,,,,
Man City|Sunderland|total|-|1.5,5,Man City,Sunderland,total,,1.5,Over 1.5 goals,2026-08-14T19:40+00:00,2026-09-07T16:58+00:00,75.6,,,,,,,,,
Man City|Sunderland|total|-|2.5,5,Man City,Sunderland,total,,2.5,Over 2.5 goals,2026-08-14T19:40+00:00,2026-09-07T16:58+00:00,50.2,,,,,,,,,
Man City|Sunderland|total|-|3.5,5,Man City,Sunderland,total,,3.5,Over 3.5 goals,2026-08-14T19:40+00:00,2026-09-07T16:58+00:00,28.2,,,,,,,,,
Man City|Sunderland|spread|h|1.5,5,Man City,Sunderland,spread,h,1.5,Man City wins by >1.5,2026-08-14T19:40+00:00,2026-09-07T16:58+00:00,41.7,,,,,,,,,
Man City|Sunderland|spread|a|1.5,5,Man City,Sunderland,spread,a,1.5,Sunderland wins by >1.5,2026-08-14T19:40+00:00,2026-09-07T16:58+00:00,3.4,,,,,,,,,
Man City|Sunderland|spread|h|2.5,5,Man City,Sunderland,spread,h,2.5,Man City wins by >2.5,2026-08-14T19:40+00:00,2026-09-07T16:58+00:00,21.0,,,,,,,,,
Man City|Sunderland|spread|a|2.5,5,Man City,Sunderland,spread,a,2.5,Sunderland wins by >2.5,2026-08-14T19:40+00:00,2026-09-07T16:58+00:00,0.7,,,,,,,,,
Newcastle|Hull|btts|-|-,5,Newcastle,Hull,btts,,,Both teams to score,2026-08-14T19:40+00:00,2026-09-07T16:58+00:00,44.0,,,,,,,,,
Newcastle|Hull|total|-|1.5,5,Newcastle,Hull,total,,1.5,Over 1.5 goals,2026-08-14T19:40+00:00,2026-09-07T16:58+00:00,65.1,,,,,,,,,
Newcastle|Hull|total|-|2.5,5,Newcastle,Hull,total,,2.5,Over 2.5 goals,2026-08-14T19:40+00:00,2026-09-07T16:58+00:00,37.1,,,,,,,,,
Newcastle|Hull|total|-|3.5,5,Newcastle,Hull,total,,3.5,Over 3.5 goals,2026-08-14T19:40+00:00,2026-09-07T16:58+00:00,17.6,,,,,,,,,
Newcastle|Hull|spread|h|1.5,5,Newcastle,Hull,spread,h,1.5,Newcastle wins by >1.5,2026-08-14T19:40+00:00,2026-09-07T16:58+00:00,20.4,,,,,,,,,
Newcastle|Hull|spread|a|1.5,5,Newcastle,Hull,spread,a,1.5,Hull wins by >1.5,2026-08-14T19:40+00:00,2026-09-07T16:58+00:00,9.0,,,,,,,,,
Newcastle|Hull|spread|h|2.5,5,Newcastle,Hull,spread,h,2.5,Newcastle wins by >2.5,2026-08-14T19:40+00:00,2026-09-07T16:58+00:00,7.2,,,,,,,,,
Newcastle|Hull|spread|a|2.5,5,Newcastle,Hull,spread,a,2.5,Hull wins by >2.5,2026-08-14T19:40+00:00,2026-09-07T16:58+00:00,2.3,,,,,,,,,
Nott'm Forest|Coventry|btts|-|-,5,Nott'm Forest,Coventry,btts,,,Both teams to score,2026-08-14T19:40+00:00,2026-09-07T16:58+00:00,38.8,,,,,,,,,
Nott'm Forest|Coventry|total|-|1.5,5,Nott'm Forest,Coventry,total,,1.5,Over 1.5 goals,2026-08-14T19:40+00:00,2026-09-07T16:58+00:00,64.6,,,,,,,,,
Nott'm Forest|Coventry|total|-|2.5,5,Nott'm Forest,Coventry,total,,2.5,Over 2.5 goals,2026-08-14T19:40+00:00,2026-09-07T16:58+00:00,36.7,,,,,,,,,
Nott'm Forest|Coventry|total|-|3.5,5,Nott'm Forest,Coventry,total,,3.5,Over 3.5 goals,2026-08-14T19:40+00:00,2026-09-07T16:58+00:00,17.3,,,,,,,,,
Nott'm Forest|Coventry|spread|h|1.5,5,Nott'm Forest,Coventry,spread,h,1.5,Nott'm Forest wins by >1.5,2026-08-14T19:40+00:00,2026-09-07T16:58+00:00,29.9,,,,,,,,,
Nott'm Forest|Coventry|spread|a|1.5,5,Nott'm Forest,Coventry,spread,a,1.5,Coventry wins by >1.5,2026-08-14T19:40+00:00,2026-09-07T16:58+00:00,4.4,,,,,,,,,
Nott'm Forest|Coventry|spread|h|2.5,5,Nott'm Forest,Coventry,spread,h,2.5,Nott'm Forest wins by >2.5,2026-08-14T19:40+00:00,2026-09-07T16:58+00:00,12.2,,,,,,,,,
Nott'm Forest|Coventry|spread|a|2.5,5,Nott'm Forest,Coventry,spread,a,2.5,Coventry wins by >2.5,2026-08-14T19:40+00:00,2026-09-07T16:58+00:00,0.9,,,,,,,,,
Bournemouth|Liverpool|btts|-|-,5,Bournemouth,Liverpool,btts,,,Both teams to score,2026-08-14T19:40+00:00,2026-09-07T16:58+00:00,64.5,,,,,,,,,
Bournemouth|Liverpool|total|-|1.5,5,Bournemouth,Liverpool,total,,1.5,Over 1.5 goals,2026-08-14T19:40+00:00,2026-09-07T16:58+00:00,84.1,,,,,,,,,
Bournemouth|Liverpool|total|-|2.5,5,Bournemouth,Liverpool,total,,2.5,Over 2.5 goals,2026-08-14T19:40+00:00,2026-09-07T16:58+00:00,62.6,,,,,,,,,
Bournemouth|Liverpool|total|-|3.5,5,Bournemouth,Liverpool,total,,3.5,Over 3.5 goals,2026-08-14T19:40+00:00,2026-09-07T16:58+00:00,40.4,,,,,,,,,
Bournemouth|Liverpool|spread|h|1.5,5,Bournemouth,Liverpool,spread,h,1.5,Bournemouth wins by >1.5,2026-08-14T19:40+00:00,2026-09-07T16:58+00:00,14.4,,,,,,,,,
Bournemouth|Liverpool|spread|a|1.5,5,Bournemouth,Liverpool,spread,a,1.5,Liverpool wins by >1.5,2026-08-14T19:40+00:00,2026-09-07T16:58+00:00,24.5,,,,,,,,,
Bournemouth|Liverpool|spread|h|2.5,5,Bournemouth,Liverpool,spread,h,2.5,Bournemouth wins by >2.5,2026-08-14T19:40+00:00,2026-09-07T16:58+00:00,5.3,,,,,,,,,
Bournemouth|Liverpool|spread|a|2.5,5,Bournemouth,Liverpool,spread,a,2.5,Liverpool wins by >2.5,2026-08-14T19:40+00:00,2026-09-07T16:58+00:00,10.8,,,,,,,,,
Fulham|Man United|btts|-|-,5,Fulham,Man United,btts,,,Both teams to score,2026-08-14T19:40+00:00,2026-09-07T16:58+00:00,60.5,,,,,,,,,
Fulham|Man United|total|-|1.5,5,Fulham,Man United,total,,1.5,Over 1.5 goals,2026-08-14T19:40+00:00,2026-09-07T16:58+00:00,80.4,,,,,,,,,
Fulham|Man United|total|-|2.5,5,Fulham,Man United,total,,2.5,Over 2.5 goals,2026-08-14T19:40+00:00,2026-09-07T16:58+00:00,56.7,,,,,,,,,
Fulham|Man United|total|-|3.5,5,Fulham,Man United,total,,3.5,Over 3.5 goals,2026-08-14T19:40+00:00,2026-09-07T16:58+00:00,34.3,,,,,,,,,
Fulham|Man United|spread|h|1.5,5,Fulham,Man United,spread,h,1.5,Fulham wins by >1.5,2026-08-14T19:40+00:00,2026-09-07T16:58+00:00,15.6,,,,,,,,,
Fulham|Man United|spread|a|1.5,5,Fulham,Man United,spread,a,1.5,Man United wins by >1.5,2026-08-14T19:40+00:00,2026-09-07T16:58+00:00,20.5,,,,,,,,,
Fulham|Man United|spread|h|2.5,5,Fulham,Man United,spread,h,2.5,Fulham wins by >2.5,2026-08-14T19:40+00:00,2026-09-07T16:58+00:00,5.7,,,,,,,,,
Fulham|Man United|spread|a|2.5,5,Fulham,Man United,spread,a,2.5,Man United wins by >2.5,2026-08-14T19:40+00:00,2026-09-07T16:58+00:00,8.2,,,,,,,,,
Arsenal|Leeds|btts|-|-,6,Arsenal,Leeds,btts,,,Both teams to score,2026-08-14T19:40+00:00,2026-09-07T16:58+00:00,44.7,,,,,,,,,
Arsenal|Leeds|total|-|1.5,6,Arsenal,Leeds,total,,1.5,Over 1.5 goals,2026-08-14T19:40+00:00,2026-09-07T16:58+00:00,76.9,,,,,,,,,
Arsenal|Leeds|total|-|2.5,6,Arsenal,Leeds,total,,2.5,Over 2.5 goals,2026-08-14T19:40+00:00,2026-09-07T16:58+00:00,51.9,,,,,,,,,
Arsenal|Leeds|total|-|3.5,6,Arsenal,Leeds,total,,3.5,Over 3.5 goals,2026-08-14T19:40+00:00,2026-09-07T16:58+00:00,29.8,,,,,,,,,
Arsenal|Leeds|spread|h|1.5,6,Arsenal,Leeds,spread,h,1.5,Arsenal wins by >1.5,2026-08-14T19:40+00:00,2026-09-07T16:58+00:00,43.9,,,,,,,,,
Arsenal|Leeds|spread|a|1.5,6,Arsenal,Leeds,spread,a,1.5,Leeds wins by >1.5,2026-08-14T19:40+00:00,2026-09-07T16:58+00:00,3.1,,,,,,,,,
Arsenal|Leeds|spread|h|2.5,6,Arsenal,Leeds,spread,h,2.5,Arsenal wins by >2.5,2026-08-14T19:40+00:00,2026-09-07T16:58+00:00,22.8,,,,,,,,,
Arsenal|Leeds|spread|a|2.5,6,Arsenal,Leeds,spread,a,2.5,Leeds wins by >2.5,2026-08-14T19:40+00:00,2026-09-07T16:58+00:00,0.6,,,,,,,,,
Aston Villa|Brentford|btts|-|-,6,Aston Villa,Brentford,btts,,,Both teams to score,2026-08-14T19:40+00:00,2026-09-07T16:58+00:00,60.4,,,,,,,,,
Aston Villa|Brentford|total|-|1.5,6,Aston Villa,Brentford,total,,1.5,Over 1.5 goals,2026-08-14T19:40+00:00,2026-09-07T16:58+00:00,80.5,,,,,,,,,
Aston Villa|Brentford|total|-|2.5,6,Aston Villa,Brentford,total,,2.5,Over 2.5 goals,2026-08-14T19:40+00:00,2026-09-07T16:58+00:00,56.8,,,,,,,,,
Aston Villa|Brentford|total|-|3.5,6,Aston Villa,Brentford,total,,3.5,Over 3.5 goals,2026-08-14T19:40+00:00,2026-09-07T16:58+00:00,34.4,,,,,,,,,
Aston Villa|Brentford|spread|h|1.5,6,Aston Villa,Brentford,spread,h,1.5,Aston Villa wins by >1.5,2026-08-14T19:40+00:00,2026-09-07T16:58+00:00,21.4,,,,,,,,,
Aston Villa|Brentford|spread|a|1.5,6,Aston Villa,Brentford,spread,a,1.5,Brentford wins by >1.5,2026-08-14T19:40+00:00,2026-09-07T16:58+00:00,14.9,,,,,,,,,
Aston Villa|Brentford|spread|h|2.5,6,Aston Villa,Brentford,spread,h,2.5,Aston Villa wins by >2.5,2026-08-14T19:40+00:00,2026-09-07T16:58+00:00,8.7,,,,,,,,,
Aston Villa|Brentford|spread|a|2.5,6,Aston Villa,Brentford,spread,a,2.5,Brentford wins by >2.5,2026-08-14T19:40+00:00,2026-09-07T16:58+00:00,5.3,,,,,,,,,
Chelsea|Bournemouth|btts|-|-,6,Chelsea,Bournemouth,btts,,,Both teams to score,2026-08-14T19:40+00:00,2026-09-07T16:58+00:00,62.6,,,,,,,,,
Chelsea|Bournemouth|total|-|1.5,6,Chelsea,Bournemouth,total,,1.5,Over 1.5 goals,2026-08-14T19:40+00:00,2026-09-07T16:58+00:00,82.9,,,,,,,,,
Chelsea|Bournemouth|total|-|2.5,6,Chelsea,Bournemouth,total,,2.5,Over 2.5 goals,2026-08-14T19:40+00:00,2026-09-07T16:58+00:00,60.6,,,,,,,,,
Chelsea|Bournemouth|total|-|3.5,6,Chelsea,Bournemouth,total,,3.5,Over 3.5 goals,2026-08-14T19:40+00:00,2026-09-07T16:58+00:00,38.3,,,,,,,,,
Chelsea|Bournemouth|spread|h|1.5,6,Chelsea,Bournemouth,spread,h,1.5,Chelsea wins by >1.5,2026-08-14T19:40+00:00,2026-09-07T16:58+00:00,25.8,,,,,,,,,
Chelsea|Bournemouth|spread|a|1.5,6,Chelsea,Bournemouth,spread,a,1.5,Bournemouth wins by >1.5,2026-08-14T19:40+00:00,2026-09-07T16:58+00:00,12.8,,,,,,,,,
Chelsea|Bournemouth|spread|h|2.5,6,Chelsea,Bournemouth,spread,h,2.5,Chelsea wins by >2.5,2026-08-14T19:40+00:00,2026-09-07T16:58+00:00,11.4,,,,,,,,,
Chelsea|Bournemouth|spread|a|2.5,6,Chelsea,Bournemouth,spread,a,2.5,Bournemouth wins by >2.5,2026-08-14T19:40+00:00,2026-09-07T16:58+00:00,4.5,,,,,,,,,
Coventry|Newcastle|btts|-|-,6,Coventry,Newcastle,btts,,,Both teams to score,2026-08-14T19:40+00:00,2026-09-07T16:58+00:00,45.6,,,,,,,,,
Coventry|Newcastle|total|-|1.5,6,Coventry,Newcastle,total,,1.5,Over 1.5 goals,2026-08-14T19:40+00:00,2026-09-07T16:58+00:00,70.8,,,,,,,,,
Coventry|Newcastle|total|-|2.5,6,Coventry,Newcastle,total,,2.5,Over 2.5 goals,2026-08-14T19:40+00:00,2026-09-07T16:58+00:00,43.8,,,,,,,,,
Coventry|Newcastle|total|-|3.5,6,Coventry,Newcastle,total,,3.5,Over 3.5 goals,2026-08-14T19:40+00:00,2026-09-07T16:58+00:00,22.7,,,,,,,,,
Coventry|Newcastle|spread|h|1.5,6,Coventry,Newcastle,spread,h,1.5,Coventry wins by >1.5,2026-08-14T19:40+00:00,2026-09-07T16:58+00:00,5.7,,,,,,,,,
Coventry|Newcastle|spread|a|1.5,6,Coventry,Newcastle,spread,a,1.5,Newcastle wins by >1.5,2026-08-14T19:40+00:00,2026-09-07T16:58+00:00,30.6,,,,,,,,,
Coventry|Newcastle|spread|h|2.5,6,Coventry,Newcastle,spread,h,2.5,Coventry wins by >2.5,2026-08-14T19:40+00:00,2026-09-07T16:58+00:00,1.3,,,,,,,,,
Coventry|Newcastle|spread|a|2.5,6,Coventry,Newcastle,spread,a,2.5,Newcastle wins by >2.5,2026-08-14T19:40+00:00,2026-09-07T16:58+00:00,13.1,,,,,,,,,
Crystal Palace|Nott'm Forest|btts|-|-,6,Crystal Palace,Nott'm Forest,btts,,,Both teams to score,2026-08-14T19:40+00:00,2026-09-07T16:58+00:00,52.8,,,,,,,,,
Crystal Palace|Nott'm Forest|total|-|1.5,6,Crystal Palace,Nott'm Forest,total,,1.5,Over 1.5 goals,2026-08-14T19:40+00:00,2026-09-07T16:58+00:00,73.2,,,,,,,,,
Crystal Palace|Nott'm Forest|total|-|2.5,6,Crystal Palace,Nott'm Forest,total,,2.5,Over 2.5 goals,2026-08-14T19:40+00:00,2026-09-07T16:58+00:00,46.6,,,,,,,,,
Crystal Palace|Nott'm Forest|total|-|3.5,6,Crystal Palace,Nott'm Forest,total,,3.5,Over 3.5 goals,2026-08-14T19:40+00:00,2026-09-07T16:58+00:00,25.1,,,,,,,,,
Crystal Palace|Nott'm Forest|spread|h|1.5,6,Crystal Palace,Nott'm Forest,spread,h,1.5,Crystal Palace wins by >1.5,2026-08-14T19:40+00:00,2026-09-07T16:58+00:00,16.6,,,,,,,,,
Crystal Palace|Nott'm Forest|spread|a|1.5,6,Crystal Palace,Nott'm Forest,spread,a,1.5,Nott'm Forest wins by >1.5,2026-08-14T19:40+00:00,2026-09-07T16:58+00:00,15.5,,,,,,,,,
Crystal Palace|Nott'm Forest|spread|h|2.5,6,Crystal Palace,Nott'm Forest,spread,h,2.5,Crystal Palace wins by >2.5,2026-08-14T19:40+00:00,2026-09-07T16:58+00:00,5.8,,,,,,,,,
Crystal Palace|Nott'm Forest|spread|a|2.5,6,Crystal Palace,Nott'm Forest,spread,a,2.5,Nott'm Forest wins by >2.5,2026-08-14T19:40+00:00,2026-09-07T16:58+00:00,5.2,,,,,,,,,
Hull|Everton|btts|-|-,6,Hull,Everton,btts,,,Both teams to score,2026-08-14T19:40+00:00,2026-09-07T16:58+00:00,35.0,,,,,,,,,
Hull|Everton|total|-|1.5,6,Hull,Everton,total,,1.5,Over 1.5 goals,2026-08-14T19:40+00:00,2026-09-07T16:58+00:00,53.5,,,,,,,,,
Hull|Everton|total|-|2.5,6,Hull,Everton,total,,2.5,Over 2.5 goals,2026-08-14T19:40+00:00,2026-09-07T16:58+00:00,25.7,,,,,,,,,
Hull|Everton|total|-|3.5,6,Hull,Everton,total,,3.5,Over 3.5 goals,2026-08-14T19:40+00:00,2026-09-07T16:58+00:00,10.2,,,,,,,,,
Hull|Everton|spread|h|1.5,6,Hull,Everton,spread,h,1.5,Hull wins by >1.5,2026-08-14T19:40+00:00,2026-09-07T16:58+00:00,14.1,,,,,,,,,
Hull|Everton|spread|a|1.5,6,Hull,Everton,spread,a,1.5,Everton wins by >1.5,2026-08-14T19:40+00:00,2026-09-07T16:58+00:00,9.2,,,,,,,,,
Hull|Everton|spread|h|2.5,6,Hull,Everton,spread,h,2.5,Hull wins by >2.5,2026-08-14T19:40+00:00,2026-09-07T16:58+00:00,3.9,,,,,,,,,
Hull|Everton|spread|a|2.5,6,Hull,Everton,spread,a,2.5,Everton wins by >2.5,2026-08-14T19:40+00:00,2026-09-07T16:58+00:00,2.2,,,,,,,,,
Ipswich|Fulham|btts|-|-,6,Ipswich,Fulham,btts,,,Both teams to score,2026-08-14T19:40+00:00,2026-09-07T16:58+00:00,57.3,,,,,,,,,
Ipswich|Fulham|total|-|1.5,6,Ipswich,Fulham,total,,1.5,Over 1.5 goals,2026-08-14T19:40+00:00,2026-09-07T16:58+00:00,80.2,,,,,,,,,
Ipswich|Fulham|total|-|2.5,6,Ipswich,Fulham,total,,2.5,Over 2.5 goals,2026-08-14T19:40+00:00,2026-09-07T16:58+00:00,56.5,,,,,,,,,
Ipswich|Fulham|total|-|3.5,6,Ipswich,Fulham,total,,3.5,Over 3.5 goals,2026-08-14T19:40+00:00,2026-09-07T16:58+00:00,34.1,,,,,,,,,
Ipswich|Fulham|spread|h|1.5,6,Ipswich,Fulham,spread,h,1.5,Ipswich wins by >1.5,2026-08-14T19:40+00:00,2026-09-07T16:58+00:00,8.6,,,,,,,,,
Ipswich|Fulham|spread|a|1.5,6,Ipswich,Fulham,spread,a,1.5,Fulham wins by >1.5,2026-08-14T19:40+00:00,2026-09-07T16:58+00:00,31.0,,,,,,,,,
Ipswich|Fulham|spread|h|2.5,6,Ipswich,Fulham,spread,h,2.5,Ipswich wins by >2.5,2026-08-14T19:40+00:00,2026-09-07T16:58+00:00,2.5,,,,,,,,,
Ipswich|Fulham|spread|a|2.5,6,Ipswich,Fulham,spread,a,2.5,Fulham wins by >2.5,2026-08-14T19:40+00:00,2026-09-07T16:58+00:00,14.3,,,,,,,,,
Liverpool|Man City|btts|-|-,6,Liverpool,Man City,btts,,,Both teams to score,2026-08-14T19:40+00:00,2026-09-07T16:58+00:00,64.0,,,,,,,,,
Liverpool|Man City|total|-|1.5,6,Liverpool,Man City,total,,1.5,Over 1.5 goals,2026-08-14T19:40+00:00,2026-09-07T16:58+00:00,83.7,,,,,,,,,
Liverpool|Man City|total|-|2.5,6,Liverpool,Man City,total,,2.5,Over 2.5 goals,2026-08-14T19:40+00:00,2026-09-07T16:58+00:00,61.9,,,,,,,,,
Liverpool|Man City|total|-|3.5,6,Liverpool,Man City,total,,3.5,Over 3.5 goals,2026-08-14T19:40+00:00,2026-09-07T16:58+00:00,39.6,,,,,,,,,
Liverpool|Man City|spread|h|1.5,6,Liverpool,Man City,spread,h,1.5,Liverpool wins by >1.5,2026-08-14T19:40+00:00,2026-09-07T16:58+00:00,14.3,,,,,,,,,
Liverpool|Man City|spread|a|1.5,6,Liverpool,Man City,spread,a,1.5,Man City wins by >1.5,2026-08-14T19:40+00:00,2026-09-07T16:58+00:00,24.3,,,,,,,,,
Liverpool|Man City|spread|h|2.5,6,Liverpool,Man City,spread,h,2.5,Liverpool wins by >2.5,2026-08-14T19:40+00:00,2026-09-07T16:58+00:00,5.2,,,,,,,,,
Liverpool|Man City|spread|a|2.5,6,Liverpool,Man City,spread,a,2.5,Man City wins by >2.5,2026-08-14T19:40+00:00,2026-09-07T16:58+00:00,10.6,,,,,,,,,
Man United|Tottenham|btts|-|-,6,Man United,Tottenham,btts,,,Both teams to score,2026-08-14T19:40+00:00,2026-09-07T16:58+00:00,63.5,,,,,,,,,
Man United|Tottenham|total|-|1.5,6,Man United,Tottenham,total,,1.5,Over 1.5 goals,2026-08-14T19:40+00:00,2026-09-07T16:58+00:00,84.7,,,,,,,,,
Man United|Tottenham|total|-|2.5,6,Man United,Tottenham,total,,2.5,Over 2.5 goals,2026-08-14T19:40+00:00,2026-09-07T16:58+00:00,63.6,,,,,,,,,
Man United|Tottenham|total|-|3.5,6,Man United,Tottenham,total,,3.5,Over 3.5 goals,2026-08-14T19:40+00:00,2026-09-07T16:58+00:00,41.5,,,,,,,,,
Man United|Tottenham|spread|h|1.5,6,Man United,Tottenham,spread,h,1.5,Man United wins by >1.5,2026-08-14T19:40+00:00,2026-09-07T16:58+00:00,30.9,,,,,,,,,
Man United|Tottenham|spread|a|1.5,6,Man United,Tottenham,spread,a,1.5,Tottenham wins by >1.5,2026-08-14T19:40+00:00,2026-09-07T16:58+00:00,10.5,,,,,,,,,
Man United|Tottenham|spread|h|2.5,6,Man United,Tottenham,spread,h,2.5,Man United wins by >2.5,2026-08-14T19:40+00:00,2026-09-07T16:58+00:00,14.8,,,,,,,,,
Man United|Tottenham|spread|a|2.5,6,Man United,Tottenham,spread,a,2.5,Tottenham wins by >2.5,2026-08-14T19:40+00:00,2026-09-07T16:58+00:00,3.5,,,,,,,,,
Sunderland|Brighton|btts|-|-,6,Sunderland,Brighton,btts,,,Both teams to score,2026-08-14T19:40+00:00,2026-09-07T16:58+00:00,50.4,,,,,,,,,
Sunderland|Brighton|total|-|1.5,6,Sunderland,Brighton,total,,1.5,Over 1.5 goals,2026-08-14T19:40+00:00,2026-09-07T16:58+00:00,70.8,,,,,,,,,
Sunderland|Brighton|total|-|2.5,6,Sunderland,Brighton,total,,2.5,Over 2.5 goals,2026-08-14T19:40+00:00,2026-09-07T16:58+00:00,43.6,,,,,,,,,
Sunderland|Brighton|total|-|3.5,6,Sunderland,Brighton,total,,3.5,Over 3.5 goals,2026-08-14T19:40+00:00,2026-09-07T16:58+00:00,22.6,,,,,,,,,
Sunderland|Brighton|spread|h|1.5,6,Sunderland,Brighton,spread,h,1.5,Sunderland wins by >1.5,2026-08-14T19:40+00:00,2026-09-07T16:58+00:00,14.1,,,,,,,,,
Sunderland|Brighton|spread|a|1.5,6,Sunderland,Brighton,spread,a,1.5,Brighton wins by >1.5,2026-08-14T19:40+00:00,2026-09-07T16:58+00:00,16.8,,,,,,,,,
Sunderland|Brighton|spread|h|2.5,6,Sunderland,Brighton,spread,h,2.5,Sunderland wins by >2.5,2026-08-14T19:40+00:00,2026-09-07T16:58+00:00,4.5,,,,,,,,,
Sunderland|Brighton|spread|a|2.5,6,Sunderland,Brighton,spread,a,2.5,Brighton wins by >2.5,2026-08-14T19:40+00:00,2026-09-07T16:58+00:00,5.7,,,,,,,,,
Bournemouth|Sunderland|btts|-|-,7,Bournemouth,Sunderland,btts,,,Both teams to score,2026-08-14T19:40+00:00,2026-09-07T16:58+00:00,49.3,,,,,,,,,
Bournemouth|Sunderland|total|-|1.5,7,Bournemouth,Sunderland,total,,1.5,Over 1.5 goals,2026-08-14T19:40+00:00,2026-09-07T16:58+00:00,70.7,,,,,,,,,
Bournemouth|Sunderland|total|-|2.5,7,Bournemouth,Sunderland,total,,2.5,Over 2.5 goals,2026-08-14T19:40+00:00,2026-09-07T16:58+00:00,43.6,,,,,,,,,
Bournemouth|Sunderland|total|-|3.5,7,Bournemouth,Sunderland,total,,3.5,Over 3.5 goals,2026-08-14T19:40+00:00,2026-09-07T16:58+00:00,22.6,,,,,,,,,
Bournemouth|Sunderland|spread|h|1.5,7,Bournemouth,Sunderland,spread,h,1.5,Bournemouth wins by >1.5,2026-08-14T19:40+00:00,2026-09-07T16:58+00:00,21.9,,,,,,,,,
Bournemouth|Sunderland|spread|a|1.5,7,Bournemouth,Sunderland,spread,a,1.5,Sunderland wins by >1.5,2026-08-14T19:40+00:00,2026-09-07T16:58+00:00,10.2,,,,,,,,,
Bournemouth|Sunderland|spread|h|2.5,7,Bournemouth,Sunderland,spread,h,2.5,Bournemouth wins by >2.5,2026-08-14T19:40+00:00,2026-09-07T16:58+00:00,8.2,,,,,,,,,
Bournemouth|Sunderland|spread|a|2.5,7,Bournemouth,Sunderland,spread,a,2.5,Sunderland wins by >2.5,2026-08-14T19:40+00:00,2026-09-07T16:58+00:00,2.9,,,,,,,,,
Brentford|Liverpool|btts|-|-,7,Brentford,Liverpool,btts,,,Both teams to score,2026-08-14T19:40+00:00,2026-09-07T16:58+00:00,65.2,,,,,,,,,
Brentford|Liverpool|total|-|1.5,7,Brentford,Liverpool,total,,1.5,Over 1.5 goals,2026-08-14T19:40+00:00,2026-09-07T16:58+00:00,84.6,,,,,,,,,
Brentford|Liverpool|total|-|2.5,7,Brentford,Liverpool,total,,2.5,Over 2.5 goals,2026-08-14T19:40+00:00,2026-09-07T16:58+00:00,63.3,,,,,,,,,
Brentford|Liverpool|total|-|3.5,7,Brentford,Liverpool,total,,3.5,Over 3.5 goals,2026-08-14T19:40+00:00,2026-09-07T16:58+00:00,41.1,,,,,,,,,
Brentford|Liverpool|spread|h|1.5,7,Brentford,Liverpool,spread,h,1.5,Brentford wins by >1.5,2026-08-14T19:40+00:00,2026-09-07T16:58+00:00,15.4,,,,,,,,,
Brentford|Liverpool|spread|a|1.5,7,Brentford,Liverpool,spread,a,1.5,Liverpool wins by >1.5,2026-08-14T19:40+00:00,2026-09-07T16:58+00:00,23.6,,,,,,,,,
Brentford|Liverpool|spread|h|2.5,7,Brentford,Liverpool,spread,h,2.5,Brentford wins by >2.5,2026-08-14T19:40+00:00,2026-09-07T16:58+00:00,5.8,,,,,,,,,
Brentford|Liverpool|spread|a|2.5,7,Brentford,Liverpool,spread,a,2.5,Liverpool wins by >2.5,2026-08-14T19:40+00:00,2026-09-07T16:58+00:00,10.3,,,,,,,,,
Brighton|Crystal Palace|btts|-|-,7,Brighton,Crystal Palace,btts,,,Both teams to score,2026-08-14T19:40+00:00,2026-09-07T16:58+00:00,56.8,,,,,,,,,
Brighton|Crystal Palace|total|-|1.5,7,Brighton,Crystal Palace,total,,1.5,Over 1.5 goals,2026-08-14T19:40+00:00,2026-09-07T16:58+00:00,78.7,,,,,,,,,
Brighton|Crystal Palace|total|-|2.5,7,Brighton,Crystal Palace,total,,2.5,Over 2.5 goals,2026-08-14T19:40+00:00,2026-09-07T16:58+00:00,54.3,,,,,,,,,
Brighton|Crystal Palace|total|-|3.5,7,Brighton,Crystal Palace,total,,3.5,Over 3.5 goals,2026-08-14T19:40+00:00,2026-09-07T16:58+00:00,32.0,,,,,,,,,
Brighton|Crystal Palace|spread|h|1.5,7,Brighton,Crystal Palace,spread,h,1.5,Brighton wins by >1.5,2026-08-14T19:40+00:00,2026-09-07T16:58+00:00,27.2,,,,,,,,,
Brighton|Crystal Palace|spread|a|1.5,7,Brighton,Crystal Palace,spread,a,1.5,Crystal Palace wins by >1.5,2026-08-14T19:40+00:00,2026-09-07T16:58+00:00,10.1,,,,,,,,,
Brighton|Crystal Palace|spread|h|2.5,7,Brighton,Crystal Palace,spread,h,2.5,Brighton wins by >2.5,2026-08-14T19:40+00:00,2026-09-07T16:58+00:00,11.9,,,,,,,,,
Brighton|Crystal Palace|spread|a|2.5,7,Brighton,Crystal Palace,spread,a,2.5,Crystal Palace wins by >2.5,2026-08-14T19:40+00:00,2026-09-07T16:58+00:00,3.1,,,,,,,,,
Everton|Chelsea|btts|-|-,7,Everton,Chelsea,btts,,,Both teams to score,2026-08-14T19:40+00:00,2026-09-07T16:58+00:00,55.1,,,,,,,,,
Everton|Chelsea|total|-|1.5,7,Everton,Chelsea,total,,1.5,Over 1.5 goals,2026-08-14T19:40+00:00,2026-09-07T16:58+00:00,75.5,,,,,,,,,
Everton|Chelsea|total|-|2.5,7,Everton,Chelsea,total,,2.5,Over 2.5 goals,2026-08-14T19:40+00:00,2026-09-07T16:58+00:00,49.7,,,,,,,,,
Everton|Chelsea|total|-|3.5,7,Everton,Chelsea,total,,3.5,Over 3.5 goals,2026-08-14T19:40+00:00,2026-09-07T16:58+00:00,27.8,,,,,,,,,
Everton|Chelsea|spread|h|1.5,7,Everton,Chelsea,spread,h,1.5,Everton wins by >1.5,2026-08-14T19:40+00:00,2026-09-07T16:58+00:00,14.8,,,,,,,,,
Everton|Chelsea|spread|a|1.5,7,Everton,Chelsea,spread,a,1.5,Chelsea wins by >1.5,2026-08-14T19:40+00:00,2026-09-07T16:58+00:00,18.6,,,,,,,,,
Everton|Chelsea|spread|h|2.5,7,Everton,Chelsea,spread,h,2.5,Everton wins by >2.5,2026-08-14T19:40+00:00,2026-09-07T16:58+00:00,5.0,,,,,,,,,
Everton|Chelsea|spread|a|2.5,7,Everton,Chelsea,spread,a,2.5,Chelsea wins by >2.5,2026-08-14T19:40+00:00,2026-09-07T16:58+00:00,6.9,,,,,,,,,
Fulham|Hull|btts|-|-,7,Fulham,Hull,btts,,,Both teams to score,2026-08-14T19:40+00:00,2026-09-07T16:58+00:00,39.7,,,,,,,,,
Fulham|Hull|total|-|1.5,7,Fulham,Hull,total,,1.5,Over 1.5 goals,2026-08-14T19:40+00:00,2026-09-07T16:58+00:00,58.9,,,,,,,,,
Fulham|Hull|total|-|2.5,7,Fulham,Hull,total,,2.5,Over 2.5 goals,2026-08-14T19:40+00:00,2026-09-07T16:58+00:00,30.7,,,,,,,,,
Fulham|Hull|total|-|3.5,7,Fulham,Hull,total,,3.5,Over 3.5 goals,2026-08-14T19:40+00:00,2026-09-07T16:58+00:00,13.2,,,,,,,,,
Fulham|Hull|spread|h|1.5,7,Fulham,Hull,spread,h,1.5,Fulham wins by >1.5,2026-08-14T19:40+00:00,2026-09-07T16:58+00:00,13.9,,,,,,,,,
Fulham|Hull|spread|a|1.5,7,Fulham,Hull,spread,a,1.5,Hull wins by >1.5,2026-08-14T19:40+00:00,2026-09-07T16:58+00:00,11.6,,,,,,,,,
Fulham|Hull|spread|h|2.5,7,Fulham,Hull,spread,h,2.5,Fulham wins by >2.5,2026-08-14T19:40+00:00,2026-09-07T16:58+00:00,4.0,,,,,,,,,
Fulham|Hull|spread|a|2.5,7,Fulham,Hull,spread,a,2.5,Hull wins by >2.5,2026-08-14T19:40+00:00,2026-09-07T16:58+00:00,3.1,,,,,,,,,
Leeds|Man United|btts|-|-,7,Leeds,Man United,btts,,,Both teams to score,2026-08-14T19:40+00:00,2026-09-07T16:58+00:00,59.8,,,,,,,,,
Leeds|Man United|total|-|1.5,7,Leeds,Man United,total,,1.5,Over 1.5 goals,2026-08-14T19:40+00:00,2026-09-07T16:58+00:00,79.8,,,,,,,,,
Leeds|Man United|total|-|2.5,7,Leeds,Man United,total,,2.5,Over 2.5 goals,2026-08-14T19:40+00:00,2026-09-07T16:58+00:00,55.8,,,,,,,,,
Leeds|Man United|total|-|3.5,7,Leeds,Man United,total,,3.5,Over 3.5 goals,2026-08-14T19:40+00:00,2026-09-07T16:58+00:00,33.4,,,,,,,,,
Leeds|Man United|spread|h|1.5,7,Leeds,Man United,spread,h,1.5,Leeds wins by >1.5,2026-08-14T19:40+00:00,2026-09-07T16:58+00:00,15.5,,,,,,,,,
Leeds|Man United|spread|a|1.5,7,Leeds,Man United,spread,a,1.5,Man United wins by >1.5,2026-08-14T19:40+00:00,2026-09-07T16:58+00:00,20.3,,,,,,,,,
Leeds|Man United|spread|h|2.5,7,Leeds,Man United,spread,h,2.5,Leeds wins by >2.5,2026-08-14T19:40+00:00,2026-09-07T16:58+00:00,5.6,,,,,,,,,
Leeds|Man United|spread|a|2.5,7,Leeds,Man United,spread,a,2.5,Man United wins by >2.5,2026-08-14T19:40+00:00,2026-09-07T16:58+00:00,8.0,,,,,,,,,
Man City|Ipswich|btts|-|-,7,Man City,Ipswich,btts,,,Both teams to score,2026-08-14T19:40+00:00,2026-09-07T16:58+00:00,46.4,,,,,,,,,
Man City|Ipswich|total|-|1.5,7,Man City,Ipswich,total,,1.5,Over 1.5 goals,2026-08-14T19:40+00:00,2026-09-07T16:58+00:00,91.6,,,,,,,,,
Man City|Ipswich|total|-|2.5,7,Man City,Ipswich,total,,2.5,Over 2.5 goals,2026-08-14T19:40+00:00,2026-09-07T16:58+00:00,77.1,,,,,,,,,
Man City|Ipswich|total|-|3.5,7,Man City,Ipswich,total,,3.5,Over 3.5 goals,2026-08-14T19:40+00:00,2026-09-07T16:58+00:00,57.8,,,,,,,,,
Man City|Ipswich|spread|h|1.5,7,Man City,Ipswich,spread,h,1.5,Man City wins by >1.5,2026-08-14T19:40+00:00,2026-09-07T16:58+00:00,72.8,,,,,,,,,
Man City|Ipswich|spread|a|1.5,7,Man City,Ipswich,spread,a,1.5,Ipswich wins by >1.5,2026-08-14T19:40+00:00,2026-09-07T16:58+00:00,0.9,,,,,,,,,
Man City|Ipswich|spread|h|2.5,7,Man City,Ipswich,spread,h,2.5,Man City wins by >2.5,2026-08-14T19:40+00:00,2026-09-07T16:58+00:00,52.9,,,,,,,,,
Man City|Ipswich|spread|a|2.5,7,Man City,Ipswich,spread,a,2.5,Ipswich wins by >2.5,2026-08-14T19:40+00:00,2026-09-07T16:58+00:00,0.2,,,,,,,,,
Newcastle|Aston Villa|btts|-|-,7,Newcastle,Aston Villa,btts,,,Both teams to score,2026-08-14T19:40+00:00,2026-09-07T16:58+00:00,62.2,,,,,,,,,
Newcastle|Aston Villa|total|-|1.5,7,Newcastle,Aston Villa,total,,1.5,Over 1.5 goals,2026-08-14T19:40+00:00,2026-09-07T16:58+00:00,82.3,,,,,,,,,
Newcastle|Aston Villa|total|-|2.5,7,Newcastle,Aston Villa,total,,2.5,Over 2.5 goals,2026-08-14T19:40+00:00,2026-09-07T16:58+00:00,59.6,,,,,,,,,
Newcastle|Aston Villa|total|-|3.5,7,Newcastle,Aston Villa,total,,3.5,Over 3.5 goals,2026-08-14T19:40+00:00,2026-09-07T16:58+00:00,37.2,,,,,,,,,
Newcastle|Aston Villa|spread|h|1.5,7,Newcastle,Aston Villa,spread,h,1.5,Newcastle wins by >1.5,2026-08-14T19:40+00:00,2026-09-07T16:58+00:00,24.2,,,,,,,,,
Newcastle|Aston Villa|spread|a|1.5,7,Newcastle,Aston Villa,spread,a,1.5,Aston Villa wins by >1.5,2026-08-14T19:40+00:00,2026-09-07T16:58+00:00,13.7,,,,,,,,,
Newcastle|Aston Villa|spread|h|2.5,7,Newcastle,Aston Villa,spread,h,2.5,Newcastle wins by >2.5,2026-08-14T19:40+00:00,2026-09-07T16:58+00:00,10.4,,,,,,,,,
Newcastle|Aston Villa|spread|a|2.5,7,Newcastle,Aston Villa,spread,a,2.5,Aston Villa wins by >2.5,2026-08-14T19:40+00:00,2026-09-07T16:58+00:00,4.8,,,,,,,,,
Nott'm Forest|Arsenal|btts|-|-,7,Nott'm Forest,Arsenal,btts,,,Both teams to score,2026-08-14T19:40+00:00,2026-09-07T16:58+00:00,46.7,,,,,,,,,
Nott'm Forest|Arsenal|total|-|1.5,7,Nott'm Forest,Arsenal,total,,1.5,Over 1.5 goals,2026-08-14T19:40+00:00,2026-09-07T16:58+00:00,72.2,,,,,,,,,
Nott'm Forest|Arsenal|total|-|2.5,7,Nott'm Forest,Arsenal,total,,2.5,Over 2.5 goals,2026-08-14T19:40+00:00,2026-09-07T16:58+00:00,45.5,,,,,,,,,
Nott'm Forest|Arsenal|total|-|3.5,7,Nott'm Forest,Arsenal,total,,3.5,Over 3.5 goals,2026-08-14T19:40+00:00,2026-09-07T16:58+00:00,24.1,,,,,,,,,
Nott'm Forest|Arsenal|spread|h|1.5,7,Nott'm Forest,Arsenal,spread,h,1.5,Nott'm Forest wins by >1.5,2026-08-14T19:40+00:00,2026-09-07T16:58+00:00,5.7,,,,,,,,,
Nott'm Forest|Arsenal|spread|a|1.5,7,Nott'm Forest,Arsenal,spread,a,1.5,Arsenal wins by >1.5,2026-08-14T19:40+00:00,2026-09-07T16:58+00:00,31.5,,,,,,,,,
Nott'm Forest|Arsenal|spread|h|2.5,7,Nott'm Forest,Arsenal,spread,h,2.5,Nott'm Forest wins by >2.5,2026-08-14T19:40+00:00,2026-09-07T16:58+00:00,1.3,,,,,,,,,
Nott'm Forest|Arsenal|spread|a|2.5,7,Nott'm Forest,Arsenal,spread,a,2.5,Arsenal wins by >2.5,2026-08-14T19:40+00:00,2026-09-07T16:58+00:00,13.8,,,,,,,,,
Tottenham|Coventry|btts|-|-,7,Tottenham,Coventry,btts,,,Both teams to score,2026-08-14T19:40+00:00,2026-09-07T16:58+00:00,44.5,,,,,,,,,
Tottenham|Coventry|total|-|1.5,7,Tottenham,Coventry,total,,1.5,Over 1.5 goals,2026-08-14T19:40+00:00,2026-09-07T16:58+00:00,70.0,,,,,,,,,
Tottenham|Coventry|total|-|2.5,7,Tottenham,Coventry,total,,2.5,Over 2.5 goals,2026-08-14T19:40+00:00,2026-09-07T16:58+00:00,42.8,,,,,,,,,
Tottenham|Coventry|total|-|3.5,7,Tottenham,Coventry,total,,3.5,Over 3.5 goals,2026-08-14T19:40+00:00,2026-09-07T16:58+00:00,21.9,,,,,,,,,
Tottenham|Coventry|spread|h|1.5,7,Tottenham,Coventry,spread,h,1.5,Tottenham wins by >1.5,2026-08-14T19:40+00:00,2026-09-07T16:58+00:00,30.7,,,,,,,,,
Tottenham|Coventry|spread|a|1.5,7,Tottenham,Coventry,spread,a,1.5,Coventry wins by >1.5,2026-08-14T19:40+00:00,2026-09-07T16:58+00:00,5.5,,,,,,,,,
Tottenham|Coventry|spread|h|2.5,7,Tottenham,Coventry,spread,h,2.5,Tottenham wins by >2.5,2026-08-14T19:40+00:00,2026-09-07T16:58+00:00,13.1,,,,,,,,,
Tottenham|Coventry|spread|a|2.5,7,Tottenham,Coventry,spread,a,2.5,Coventry wins by >2.5,2026-08-14T19:40+00:00,2026-09-07T16:58+00:00,1.2,,,,,,,,,
Arsenal|Everton|btts|-|-,8,Arsenal,Everton,btts,,,Both teams to score,2026-08-14T19:40+00:00,2026-09-07T16:58+00:00,41.2,,,,,,,,,
Arsenal|Everton|total|-|1.5,8,Arsenal,Everton,total,,1.5,Over 1.5 goals,2026-08-14T19:40+00:00,2026-09-07T16:58+00:00,72.1,,,,,,,,,
Arsenal|Everton|total|-|2.5,8,Arsenal,Everton,total,,2.5,Over 2.5 goals,2026-08-14T19:40+00:00,2026-09-07T16:58+00:00,45.5,,,,,,,,,
Arsenal|Everton|total|-|3.5,8,Arsenal,Everton,total,,3.5,Over 3.5 goals,2026-08-14T19:40+00:00,2026-09-07T16:58+00:00,24.2,,,,,,,,,
Arsenal|Everton|spread|h|1.5,8,Arsenal,Everton,spread,h,1.5,Arsenal wins by >1.5,2026-08-14T19:40+00:00,2026-09-07T16:58+00:00,39.6,,,,,,,,,
Arsenal|Everton|spread|a|1.5,8,Arsenal,Everton,spread,a,1.5,Everton wins by >1.5,2026-08-14T19:40+00:00,2026-09-07T16:58+00:00,3.2,,,,,,,,,
Arsenal|Everton|spread|h|2.5,8,Arsenal,Everton,spread,h,2.5,Arsenal wins by >2.5,2026-08-14T19:40+00:00,2026-09-07T16:58+00:00,19.1,,,,,,,,,
Arsenal|Everton|spread|a|2.5,8,Arsenal,Everton,spread,a,2.5,Everton wins by >2.5,2026-08-14T19:40+00:00,2026-09-07T16:58+00:00,0.6,,,,,,,,,
Aston Villa|Man City|btts|-|-,8,Aston Villa,Man City,btts,,,Both teams to score,2026-08-14T19:40+00:00,2026-09-07T16:58+00:00,57.7,,,,,,,,,
Aston Villa|Man City|total|-|1.5,8,Aston Villa,Man City,total,,1.5,Over 1.5 goals,2026-08-14T19:40+00:00,2026-09-07T16:58+00:00,80.8,,,,,,,,,
Aston Villa|Man City|total|-|2.5,8,Aston Villa,Man City,total,,2.5,Over 2.5 goals,2026-08-14T19:40+00:00,2026-09-07T16:58+00:00,57.3,,,,,,,,,
Aston Villa|Man City|total|-|3.5,8,Aston Villa,Man City,total,,3.5,Over 3.5 goals,2026-08-14T19:40+00:00,2026-09-07T16:58+00:00,34.9,,,,,,,,,
Aston Villa|Man City|spread|h|1.5,8,Aston Villa,Man City,spread,h,1.5,Aston Villa wins by >1.5,2026-08-14T19:40+00:00,2026-09-07T16:58+00:00,8.4,,,,,,,,,
Aston Villa|Man City|spread|a|1.5,8,Aston Villa,Man City,spread,a,1.5,Man City wins by >1.5,2026-08-14T19:40+00:00,2026-09-07T16:58+00:00,31.8,,,,,,,,,
Aston Villa|Man City|spread|h|2.5,8,Aston Villa,Man City,spread,h,2.5,Aston Villa wins by >2.5,2026-08-14T19:40+00:00,2026-09-07T16:58+00:00,2.5,,,,,,,,,
Aston Villa|Man City|spread|a|2.5,8,Aston Villa,Man City,spread,a,2.5,Man City wins by >2.5,2026-08-14T19:40+00:00,2026-09-07T16:58+00:00,14.9,,,,,,,,,
Chelsea|Tottenham|btts|-|-,8,Chelsea,Tottenham,btts,,,Both teams to score,2026-08-14T19:40+00:00,2026-09-07T16:58+00:00,63.4,,,,,,,,,
Chelsea|Tottenham|total|-|1.5,8,Chelsea,Tottenham,total,,1.5,Over 1.5 goals,2026-08-14T19:40+00:00,2026-09-07T16:58+00:00,84.7,,,,,,,,,
Chelsea|Tottenham|total|-|2.5,8,Chelsea,Tottenham,total,,2.5,Over 2.5 goals,2026-08-14T19:40+00:00,2026-09-07T16:58+00:00,63.7,,,,,,,,,
Chelsea|Tottenham|total|-|3.5,8,Chelsea,Tottenham,total,,3.5,Over 3.5 goals,2026-08-14T19:40+00:00,2026-09-07T16:58+00:00,41.5,,,,,,,,,
Chelsea|Tottenham|spread|h|1.5,8,Chelsea,Tottenham,spread,h,1.5,Chelsea wins by >1.5,2026-08-14T19:40+00:00,2026-09-07T16:58+00:00,31.6,,,,,,,,,
Chelsea|Tottenham|spread|a|1.5,8,Chelsea,Tottenham,spread,a,1.5,Tottenham wins by >1.5,2026-08-14T19:40+00:00,2026-09-07T16:58+00:00,10.2,,,,,,,,,
Chelsea|Tottenham|spread|h|2.5,8,Chelsea,Tottenham,spread,h,2.5,Chelsea wins by >2.5,2026-08-14T19:40+00:00,2026-09-07T16:58+00:00,15.3,,,,,,,,,
Chelsea|Tottenham|spread|a|2.5,8,Chelsea,Tottenham,spread,a,2.5,Tottenham wins by >2.5,2026-08-14T19:40+00:00,2026-09-07T16:58+00:00,3.4,,,,,,,,,
Coventry|Fulham|btts|-|-,8,Coventry,Fulham,btts,,,Both teams to score,2026-08-14T19:40+00:00,2026-09-07T16:58+00:00,42.0,,,,,,,,,
Coventry|Fulham|total|-|1.5,8,Coventry,Fulham,total,,1.5,Over 1.5 goals,2026-08-14T19:40+00:00,2026-09-07T16:58+00:00,63.6,,,,,,,,,
Coventry|Fulham|total|-|2.5,8,Coventry,Fulham,total,,2.5,Over 2.5 goals,2026-08-14T19:40+00:00,2026-09-07T16:58+00:00,35.5,,,,,,,,,
Coventry|Fulham|total|-|3.5,8,Coventry,Fulham,total,,3.5,Over 3.5 goals,2026-08-14T19:40+00:00,2026-09-07T16:58+00:00,16.4,,,,,,,,,
Coventry|Fulham|spread|h|1.5,8,Coventry,Fulham,spread,h,1.5,Coventry wins by >1.5,2026-08-14T19:40+00:00,2026-09-07T16:58+00:00,7.8,,,,,,,,,
Coventry|Fulham|spread|a|1.5,8,Coventry,Fulham,spread,a,1.5,Fulham wins by >1.5,2026-08-14T19:40+00:00,2026-09-07T16:58+00:00,21.6,,,,,,,,,
Coventry|Fulham|spread|h|2.5,8,Coventry,Fulham,spread,h,2.5,Coventry wins by >2.5,2026-08-14T19:40+00:00,2026-09-07T16:58+00:00,1.9,,,,,,,,,
Coventry|Fulham|spread|a|2.5,8,Coventry,Fulham,spread,a,2.5,Fulham wins by >2.5,2026-08-14T19:40+00:00,2026-09-07T16:58+00:00,7.7,,,,,,,,,
Crystal Palace|Newcastle|btts|-|-,8,Crystal Palace,Newcastle,btts,,,Both teams to score,2026-08-14T19:40+00:00,2026-09-07T16:58+00:00,59.6,,,,,,,,,
Crystal Palace|Newcastle|total|-|1.5,8,Crystal Palace,Newcastle,total,,1.5,Over 1.5 goals,2026-08-14T19:40+00:00,2026-09-07T16:58+00:00,79.8,,,,,,,,,
Crystal Palace|Newcastle|total|-|2.5,8,Crystal Palace,Newcastle,total,,2.5,Over 2.5 goals,2026-08-14T19:40+00:00,2026-09-07T16:58+00:00,55.8,,,,,,,,,
Crystal Palace|Newcastle|total|-|3.5,8,Crystal Palace,Newcastle,total,,3.5,Over 3.5 goals,2026-08-14T19:40+00:00,2026-09-07T16:58+00:00,33.4,,,,,,,,,
Crystal Palace|Newcastle|spread|h|1.5,8,Crystal Palace,Newcastle,spread,h,1.5,Crystal Palace wins by >1.5,2026-08-14T19:40+00:00,2026-09-07T16:58+00:00,14.5,,,,,,,,,
Crystal Palace|Newcastle|spread|a|1.5,8,Crystal Palace,Newcastle,spread,a,1.5,Newcastle wins by >1.5,2026-08-14T19:40+00:00,2026-09-07T16:58+00:00,21.4,,,,,,,,,
Crystal Palace|Newcastle|spread|h|2.5,8,Crystal Palace,Newcastle,spread,h,2.5,Crystal Palace wins by >2.5,2026-08-14T19:40+00:00,2026-09-07T16:58+00:00,5.1,,,,,,,,,
Crystal Palace|Newcastle|spread|a|2.5,8,Crystal Palace,Newcastle,spread,a,2.5,Newcastle wins by >2.5,2026-08-14T19:40+00:00,2026-09-07T16:58+00:00,8.6,,,,,,,,,
Hull|Brentford|btts|-|-,8,Hull,Brentford,btts,,,Both teams to score,2026-08-14T19:40+00:00,2026-09-07T16:58+00:00,42.6,,,,,,,,,
Hull|Brentford|total|-|1.5,8,Hull,Brentford,total,,1.5,Over 1.5 goals,2026-08-14T19:40+00:00,2026-09-07T16:58+00:00,62.3,,,,,,,,,
Hull|Brentford|total|-|2.5,8,Hull,Brentford,total,,2.5,Over 2.5 goals,2026-08-14T19:40+00:00,2026-09-07T16:58+00:00,34.1,,,,,,,,,
Hull|Brentford|total|-|3.5,8,Hull,Brentford,total,,3.5,Over 3.5 goals,2026-08-14T19:40+00:00,2026-09-07T16:58+00:00,15.5,,,,,,,,,
Hull|Brentford|spread|h|1.5,8,Hull,Brentford,spread,h,1.5,Hull wins by >1.5,2026-08-14T19:40+00:00,2026-09-07T16:58+00:00,13.9,,,,,,,,,
Hull|Brentford|spread|a|1.5,8,Hull,Brentford,spread,a,1.5,Brentford wins by >1.5,2026-08-14T19:40+00:00,2026-09-07T16:58+00:00,13.0,,,,,,,,,
Hull|Brentford|spread|h|2.5,8,Hull,Brentford,spread,h,2.5,Hull wins by >2.5,2026-08-14T19:40+00:00,2026-09-07T16:58+00:00,4.1,,,,,,,,,
Hull|Brentford|spread|a|2.5,8,Hull,Brentford,spread,a,2.5,Brentford wins by >2.5,2026-08-14T19:40+00:00,2026-09-07T16:58+00:00,3.8,,,,,,,,,
Ipswich|Nott'm Forest|btts|-|-,8,Ipswich,Nott'm Forest,btts,,,Both teams to score,2026-08-14T19:40+00:00,2026-09-07T16:58+00:00,55.1,,,,,,,,,
Ipswich|Nott'm Forest|total|-|1.5,8,Ipswich,Nott'm Forest,total,,1.5,Over 1.5 goals,2026-08-14T19:40+00:00,2026-09-07T16:58+00:00,79.1,,,,,,,,,
Ipswich|Nott'm Forest|total|-|2.5,8,Ipswich,Nott'm Forest,total,,2.5,Over 2.5 goals,2026-08-14T19:40+00:00,2026-09-07T16:58+00:00,54.9,,,,,,,,,
Ipswich|Nott'm Forest|total|-|3.5,8,Ipswich,Nott'm Forest,total,,3.5,Over 3.5 goals,2026-08-14T19:40+00:00,2026-09-07T16:58+00:00,32.5,,,,,,,,,
Ipswich|Nott'm Forest|spread|h|1.5,8,Ipswich,Nott'm Forest,spread,h,1.5,Ipswich wins by >1.5,2026-08-14T19:40+00:00,2026-09-07T16:58+00:00,7.4,,,,,,,,,
Ipswich|Nott'm Forest|spread|a|1.5,8,Ipswich,Nott'm Forest,spread,a,1.5,Nott'm Forest wins by >1.5,2026-08-14T19:40+00:00,2026-09-07T16:58+00:00,32.6,,,,,,,,,
Ipswich|Nott'm Forest|spread|h|2.5,8,Ipswich,Nott'm Forest,spread,h,2.5,Ipswich wins by >2.5,2026-08-14T19:40+00:00,2026-09-07T16:58+00:00,2.1,,,,,,,,,
Ipswich|Nott'm Forest|spread|a|2.5,8,Ipswich,Nott'm Forest,spread,a,2.5,Nott'm Forest wins by >2.5,2026-08-14T19:40+00:00,2026-09-07T16:58+00:00,15.2,,,,,,,,,
Liverpool|Brighton|btts|-|-,8,Liverpool,Brighton,btts,,,Both teams to score,2026-08-14T19:40+00:00,2026-09-07T16:58+00:00,64.0,,,,,,,,,
Liverpool|Brighton|total|-|1.5,8,Liverpool,Brighton,total,,1.5,Over 1.5 goals,2026-08-14T19:40+00:00,2026-09-07T16:58+00:00,85.3,,,,,,,,,
Liverpool|Brighton|total|-|2.5,8,Liverpool,Brighton,total,,2.5,Over 2.5 goals,2026-08-14T19:40+00:00,2026-09-07T16:58+00:00,64.7,,,,,,,,,
Liverpool|Brighton|total|-|3.5,8,Liverpool,Brighton,total,,3.5,Over 3.5 goals,2026-08-14T19:40+00:00,2026-09-07T16:58+00:00,42.6,,,,,,,,,
Liverpool|Brighton|spread|h|1.5,8,Liverpool,Brighton,spread,h,1.5,Liverpool wins by >1.5,2026-08-14T19:40+00:00,2026-09-07T16:58+00:00,32.3,,,,,,,,,
Liverpool|Brighton|spread|a|1.5,8,Liverpool,Brighton,spread,a,1.5,Brighton wins by >1.5,2026-08-14T19:40+00:00,2026-09-07T16:58+00:00,10.1,,,,,,,,,
Liverpool|Brighton|spread|h|2.5,8,Liverpool,Brighton,spread,h,2.5,Liverpool wins by >2.5,2026-08-14T19:40+00:00,2026-09-07T16:58+00:00,15.8,,,,,,,,,
Liverpool|Brighton|spread|a|2.5,8,Liverpool,Brighton,spread,a,2.5,Brighton wins by >2.5,2026-08-14T19:40+00:00,2026-09-07T16:58+00:00,3.3,,,,,,,,,
Man United|Bournemouth|btts|-|-,8,Man United,Bournemouth,btts,,,Both teams to score,2026-08-14T19:40+00:00,2026-09-07T16:58+00:00,62.7,,,,,,,,,
Man United|Bournemouth|total|-|1.5,8,Man United,Bournemouth,total,,1.5,Over 1.5 goals,2026-08-14T19:40+00:00,2026-09-07T16:58+00:00,82.9,,,,,,,,,
Man United|Bournemouth|total|-|2.5,8,Man United,Bournemouth,total,,2.5,Over 2.5 goals,2026-08-14T19:40+00:00,2026-09-07T16:58+00:00,60.6,,,,,,,,,
Man United|Bournemouth|total|-|3.5,8,Man United,Bournemouth,total,,3.5,Over 3.5 goals,2026-08-14T19:40+00:00,2026-09-07T16:58+00:00,38.3,,,,,,,,,
Man United|Bournemouth|spread|h|1.5,8,Man United,Bournemouth,spread,h,1.5,Man United wins by >1.5,2026-08-14T19:40+00:00,2026-09-07T16:58+00:00,25.3,,,,,,,,,
Man United|Bournemouth|spread|a|1.5,8,Man United,Bournemouth,spread,a,1.5,Bournemouth wins by >1.5,2026-08-14T19:40+00:00,2026-09-07T16:58+00:00,13.2,,,,,,,,,
Man United|Bournemouth|spread|h|2.5,8,Man United,Bournemouth,spread,h,2.5,Man United wins by >2.5,2026-08-14T19:40+00:00,2026-09-07T16:58+00:00,11.1,,,,,,,,,
Man United|Bournemouth|spread|a|2.5,8,Man United,Bournemouth,spread,a,2.5,Bournemouth wins by >2.5,2026-08-14T19:40+00:00,2026-09-07T16:58+00:00,4.7,,,,,,,,,
Sunderland|Leeds|btts|-|-,8,Sunderland,Leeds,btts,,,Both teams to score,2026-08-14T19:40+00:00,2026-09-07T16:58+00:00,46.5,,,,,,,,,
Sunderland|Leeds|total|-|1.5,8,Sunderland,Leeds,total,,1.5,Over 1.5 goals,2026-08-14T19:40+00:00,2026-09-07T16:58+00:00,66.8,,,,,,,,,
Sunderland|Leeds|total|-|2.5,8,Sunderland,Leeds,total,,2.5,Over 2.5 goals,2026-08-14T19:40+00:00,2026-09-07T16:58+00:00,39.0,,,,,,,,,
Sunderland|Leeds|total|-|3.5,8,Sunderland,Leeds,total,,3.5,Over 3.5 goals,2026-08-14T19:40+00:00,2026-09-07T16:58+00:00,19.0,,,,,,,,,
Sunderland|Leeds|spread|h|1.5,8,Sunderland,Leeds,spread,h,1.5,Sunderland wins by >1.5,2026-08-14T19:40+00:00,2026-09-07T16:58+00:00,17.0,,,,,,,,,
Sunderland|Leeds|spread|a|1.5,8,Sunderland,Leeds,spread,a,1.5,Leeds wins by >1.5,2026-08-14T19:40+00:00,2026-09-07T16:58+00:00,12.2,,,,,,,,,
Sunderland|Leeds|spread|h|2.5,8,Sunderland,Leeds,spread,h,2.5,Sunderland wins by >2.5,2026-08-14T19:40+00:00,2026-09-07T16:58+00:00,5.6,,,,,,,,,
Sunderland|Leeds|spread|a|2.5,8,Sunderland,Leeds,spread,a,2.5,Leeds wins by >2.5,2026-08-14T19:40+00:00,2026-09-07T16:58+00:00,3.6,,,,,,,,,
Bournemouth|Leeds|btts|-|-,9,Bournemouth,Leeds,btts,,,Both teams to score,2026-08-14T19:40+00:00,2026-09-07T16:58+00:00,56.8,,,,,,,,,
Bournemouth|Leeds|total|-|1.5,9,Bournemouth,Leeds,total,,1.5,Over 1.5 goals,2026-08-14T19:40+00:00,2026-09-07T16:58+00:00,78.0,,,,,,,,,
Bournemouth|Leeds|total|-|2.5,9,Bournemouth,Leeds,total,,2.5,Over 2.5 goals,2026-08-14T19:40+00:00,2026-09-07T16:58+00:00,53.1,,,,,,,,,
Bournemouth|Leeds|total|-|3.5,9,Bournemouth,Leeds,total,,3.5,Over 3.5 goals,2026-08-14T19:40+00:00,2026-09-07T16:58+00:00,30.9,,,,,,,,,
Bournemouth|Leeds|spread|h|1.5,9,Bournemouth,Leeds,spread,h,1.5,Bournemouth wins by >1.5,2026-08-14T19:40+00:00,2026-09-07T16:58+00:00,24.4,,,,,,,,,
Bournemouth|Leeds|spread|a|1.5,9,Bournemouth,Leeds,spread,a,1.5,Leeds wins by >1.5,2026-08-14T19:40+00:00,2026-09-07T16:58+00:00,11.5,,,,,,,,,
Bournemouth|Leeds|spread|h|2.5,9,Bournemouth,Leeds,spread,h,2.5,Bournemouth wins by >2.5,2026-08-14T19:40+00:00,2026-09-07T16:58+00:00,10.1,,,,,,,,,
Bournemouth|Leeds|spread|a|2.5,9,Bournemouth,Leeds,spread,a,2.5,Leeds wins by >2.5,2026-08-14T19:40+00:00,2026-09-07T16:58+00:00,3.7,,,,,,,,,
Aston Villa|Fulham|btts|-|-,9,Aston Villa,Fulham,btts,,,Both teams to score,2026-08-14T19:40+00:00,2026-09-07T16:58+00:00,56.6,,,,,,,,,
Aston Villa|Fulham|total|-|1.5,9,Aston Villa,Fulham,total,,1.5,Over 1.5 goals,2026-08-14T19:40+00:00,2026-09-07T16:58+00:00,78.1,,,,,,,,,
Aston Villa|Fulham|total|-|2.5,9,Aston Villa,Fulham,total,,2.5,Over 2.5 goals,2026-08-14T19:40+00:00,2026-09-07T16:58+00:00,53.3,,,,,,,,,
Aston Villa|Fulham|total|-|3.5,9,Aston Villa,Fulham,total,,3.5,Over 3.5 goals,2026-08-14T19:40+00:00,2026-09-07T16:58+00:00,31.0,,,,,,,,,
Aston Villa|Fulham|spread|h|1.5,9,Aston Villa,Fulham,spread,h,1.5,Aston Villa wins by >1.5,2026-08-14T19:40+00:00,2026-09-07T16:58+00:00,25.4,,,,,,,,,
Aston Villa|Fulham|spread|a|1.5,9,Aston Villa,Fulham,spread,a,1.5,Fulham wins by >1.5,2026-08-14T19:40+00:00,2026-09-07T16:58+00:00,10.9,,,,,,,,,
Aston Villa|Fulham|spread|h|2.5,9,Aston Villa,Fulham,spread,h,2.5,Aston Villa wins by >2.5,2026-08-14T19:40+00:00,2026-09-07T16:58+00:00,10.7,,,,,,,,,
Aston Villa|Fulham|spread|a|2.5,9,Aston Villa,Fulham,spread,a,2.5,Fulham wins by >2.5,2026-08-14T19:40+00:00,2026-09-07T16:58+00:00,3.4,,,,,,,,,
Brentford|Nott'm Forest|btts|-|-,9,Brentford,Nott'm Forest,btts,,,Both teams to score,2026-08-14T19:40+00:00,2026-09-07T16:58+00:00,56.5,,,,,,,,,
Brentford|Nott'm Forest|total|-|1.5,9,Brentford,Nott'm Forest,total,,1.5,Over 1.5 goals,2026-08-14T19:40+00:00,2026-09-07T16:58+00:00,77.5,,,,,,,,,
Brentford|Nott'm Forest|total|-|2.5,9,Brentford,Nott'm Forest,total,,2.5,Over 2.5 goals,2026-08-14T19:40+00:00,2026-09-07T16:58+00:00,52.4,,,,,,,,,
Brentford|Nott'm Forest|total|-|3.5,9,Brentford,Nott'm Forest,total,,3.5,Over 3.5 goals,2026-08-14T19:40+00:00,2026-09-07T16:58+00:00,30.2,,,,,,,,,
Brentford|Nott'm Forest|spread|h|1.5,9,Brentford,Nott'm Forest,spread,h,1.5,Brentford wins by >1.5,2026-08-14T19:40+00:00,2026-09-07T16:58+00:00,23.2,,,,,,,,,
Brentford|Nott'm Forest|spread|a|1.5,9,Brentford,Nott'm Forest,spread,a,1.5,Nott'm Forest wins by >1.5,2026-08-14T19:40+00:00,2026-09-07T16:58+00:00,12.1,,,,,,,,,
Brentford|Nott'm Forest|spread|h|2.5,9,Brentford,Nott'm Forest,spread,h,2.5,Brentford wins by >2.5,2026-08-14T19:40+00:00,2026-09-07T16:58+00:00,9.4,,,,,,,,,
Brentford|Nott'm Forest|spread|a|2.5,9,Brentford,Nott'm Forest,spread,a,2.5,Nott'm Forest wins by >2.5,2026-08-14T19:40+00:00,2026-09-07T16:58+00:00,3.9,,,,,,,,,
Chelsea|Man United|btts|-|-,9,Chelsea,Man United,btts,,,Both teams to score,2026-08-14T19:40+00:00,2026-09-07T16:58+00:00,65.4,,,,,,,,,
Chelsea|Man United|total|-|1.5,9,Chelsea,Man United,total,,1.5,Over 1.5 goals,2026-08-14T19:40+00:00,2026-09-07T16:58+00:00,84.7,,,,,,,,,
Chelsea|Man United|total|-|2.5,9,Chelsea,Man United,total,,2.5,Over 2.5 goals,2026-08-14T19:40+00:00,2026-09-07T16:58+00:00,63.6,,,,,,,,,
Chelsea|Man United|total|-|3.5,9,Chelsea,Man United,total,,3.5,Over 3.5 goals,2026-08-14T19:40+00:00,2026-09-07T16:58+00:00,41.4,,,,,,,,,
Chelsea|Man United|spread|h|1.5,9,Chelsea,Man United,spread,h,1.5,Chelsea wins by >1.5,2026-08-14T19:40+00:00,2026-09-07T16:58+00:00,23.7,,,,,,,,,
Chelsea|Man United|spread|a|1.5,9,Chelsea,Man United,spread,a,1.5,Man United wins by >1.5,2026-08-14T19:40+00:00,2026-09-07T16:58+00:00,15.3,,,,,,,,,
Chelsea|Man United|spread|h|2.5,9,Chelsea,Man United,spread,h,2.5,Chelsea wins by >2.5,2026-08-14T19:40+00:00,2026-09-07T16:58+00:00,10.4,,,,,,,,,
Chelsea|Man United|spread|a|2.5,9,Chelsea,Man United,spread,a,2.5,Man United wins by >2.5,2026-08-14T19:40+00:00,2026-09-07T16:58+00:00,5.8,,,,,,,,,
Coventry|Sunderland|btts|-|-,9,Coventry,Sunderland,btts,,,Both teams to score,2026-08-14T19:40+00:00,2026-09-07T16:58+00:00,34.9,,,,,,,,,
Coventry|Sunderland|total|-|1.5,9,Coventry,Sunderland,total,,1.5,Over 1.5 goals,2026-08-14T19:40+00:00,2026-09-07T16:58+00:00,54.8,,,,,,,,,
Coventry|Sunderland|total|-|2.5,9,Coventry,Sunderland,total,,2.5,Over 2.5 goals,2026-08-14T19:40+00:00,2026-09-07T16:58+00:00,26.9,,,,,,,,,
Coventry|Sunderland|total|-|3.5,9,Coventry,Sunderland,total,,3.5,Over 3.5 goals,2026-08-14T19:40+00:00,2026-09-07T16:58+00:00,10.9,,,,,,,,,
Coventry|Sunderland|spread|h|1.5,9,Coventry,Sunderland,spread,h,1.5,Coventry wins by >1.5,2026-08-14T19:40+00:00,2026-09-07T16:58+00:00,6.9,,,,,,,,,
Coventry|Sunderland|spread|a|1.5,9,Coventry,Sunderland,spread,a,1.5,Sunderland wins by >1.5,2026-08-14T19:40+00:00,2026-09-07T16:58+00:00,18.1,,,,,,,,,
Coventry|Sunderland|spread|h|2.5,9,Coventry,Sunderland,spread,h,2.5,Coventry wins by >2.5,2026-08-14T19:40+00:00,2026-09-07T16:58+00:00,1.5,,,,,,,,,
Coventry|Sunderland|spread|a|2.5,9,Coventry,Sunderland,spread,a,2.5,Sunderland wins by >2.5,2026-08-14T19:40+00:00,2026-09-07T16:58+00:00,5.6,,,,,,,,,
Hull|Ipswich|btts|-|-,9,Hull,Ipswich,btts,,,Both teams to score,2026-08-14T19:40+00:00,2026-09-07T16:58+00:00,40.0,,,,,,,,,
Hull|Ipswich|total|-|1.5,9,Hull,Ipswich,total,,1.5,Over 1.5 goals,2026-08-14T19:40+00:00,2026-09-07T16:58+00:00,67.3,,,,,,,,,
Hull|Ipswich|total|-|2.5,9,Hull,Ipswich,total,,2.5,Over 2.5 goals,2026-08-14T19:40+00:00,2026-09-07T16:58+00:00,39.7,,,,,,,,,
Hull|Ipswich|total|-|3.5,9,Hull,Ipswich,total,,3.5,Over 3.5 goals,2026-08-14T19:40+00:00,2026-09-07T16:58+00:00,19.5,,,,,,,,,
Hull|Ipswich|spread|h|1.5,9,Hull,Ipswich,spread,h,1.5,Hull wins by >1.5,2026-08-14T19:40+00:00,2026-09-07T16:58+00:00,32.9,,,,,,,,,
Hull|Ipswich|spread|a|1.5,9,Hull,Ipswich,spread,a,1.5,Ipswich wins by >1.5,2026-08-14T19:40+00:00,2026-09-07T16:58+00:00,4.0,,,,,,,,,
Hull|Ipswich|spread|h|2.5,9,Hull,Ipswich,spread,h,2.5,Hull wins by >2.5,2026-08-14T19:40+00:00,2026-09-07T16:58+00:00,14.2,,,,,,,,,
Hull|Ipswich|spread|a|2.5,9,Hull,Ipswich,spread,a,2.5,Ipswich wins by >2.5,2026-08-14T19:40+00:00,2026-09-07T16:58+00:00,0.8,,,,,,,,,
Liverpool|Arsenal|btts|-|-,9,Liverpool,Arsenal,btts,,,Both teams to score,2026-08-14T19:40+00:00,2026-09-07T16:58+00:00,57.0,,,,,,,,,
Liverpool|Arsenal|total|-|1.5,9,Liverpool,Arsenal,total,,1.5,Over 1.5 goals,2026-08-14T19:40+00:00,2026-09-07T16:58+00:00,78.0,,,,,,,,,
Liverpool|Arsenal|total|-|2.5,9,Liverpool,Arsenal,total,,2.5,Over 2.5 goals,2026-08-14T19:40+00:00,2026-09-07T16:58+00:00,53.2,,,,,,,,,
Liverpool|Arsenal|total|-|3.5,9,Liverpool,Arsenal,total,,3.5,Over 3.5 goals,2026-08-14T19:40+00:00,2026-09-07T16:58+00:00,30.9,,,,,,,,,
Liverpool|Arsenal|spread|h|1.5,9,Liverpool,Arsenal,spread,h,1.5,Liverpool wins by >1.5,2026-08-14T19:40+00:00,2026-09-07T16:58+00:00,12.0,,,,,,,,,
Liverpool|Arsenal|spread|a|1.5,9,Liverpool,Arsenal,spread,a,1.5,Arsenal wins by >1.5,2026-08-14T19:40+00:00,2026-09-07T16:58+00:00,23.7,,,,,,,,,
Liverpool|Arsenal|spread|h|2.5,9,Liverpool,Arsenal,spread,h,2.5,Liverpool wins by >2.5,2026-08-14T19:40+00:00,2026-09-07T16:58+00:00,3.9,,,,,,,,,
Liverpool|Arsenal|spread|a|2.5,9,Liverpool,Arsenal,spread,a,2.5,Arsenal wins by >2.5,2026-08-14T19:40+00:00,2026-09-07T16:58+00:00,9.7,,,,,,,,,
Man City|Brighton|btts|-|-,9,Man City,Brighton,btts,,,Both teams to score,2026-08-14T19:40+00:00,2026-09-07T16:58+00:00,56.8,,,,,,,,,
Man City|Brighton|total|-|1.5,9,Man City,Brighton,total,,1.5,Over 1.5 goals,2026-08-14T19:40+00:00,2026-09-07T16:58+00:00,83.7,,,,,,,,,
Man City|Brighton|total|-|2.5,9,Man City,Brighton,total,,2.5,Over 2.5 goals,2026-08-14T19:40+00:00,2026-09-07T16:58+00:00,62.0,,,,,,,,,
Man City|Brighton|total|-|3.5,9,Man City,Brighton,total,,3.5,Over 3.5 goals,2026-08-14T19:40+00:00,2026-09-07T16:58+00:00,39.8,,,,,,,,,
Man City|Brighton|spread|h|1.5,9,Man City,Brighton,spread,h,1.5,Man City wins by >1.5,2026-08-14T19:40+00:00,2026-09-07T16:58+00:00,41.8,,,,,,,,,
Man City|Brighton|spread|a|1.5,9,Man City,Brighton,spread,a,1.5,Brighton wins by >1.5,2026-08-14T19:40+00:00,2026-09-07T16:58+00:00,5.3,,,,,,,,,
Man City|Brighton|spread|h|2.5,9,Man City,Brighton,spread,h,2.5,Man City wins by >2.5,2026-08-14T19:40+00:00,2026-09-07T16:58+00:00,22.3,,,,,,,,,
Man City|Brighton|spread|a|2.5,9,Man City,Brighton,spread,a,2.5,Brighton wins by >2.5,2026-08-14T19:40+00:00,2026-09-07T16:58+00:00,1.4,,,,,,,,,
Newcastle|Everton|btts|-|-,9,Newcastle,Everton,btts,,,Both teams to score,2026-08-14T19:40+00:00,2026-09-07T16:58+00:00,54.5,,,,,,,,,
Newcastle|Everton|total|-|1.5,9,Newcastle,Everton,total,,1.5,Over 1.5 goals,2026-08-14T19:40+00:00,2026-09-07T16:58+00:00,76.4,,,,,,,,,
Newcastle|Everton|total|-|2.5,9,Newcastle,Everton,total,,2.5,Over 2.5 goals,2026-08-14T19:40+00:00,2026-09-07T16:58+00:00,50.9,,,,,,,,,
Newcastle|Everton|total|-|3.5,9,Newcastle,Everton,total,,3.5,Over 3.5 goals,2026-08-14T19:40+00:00,2026-09-07T16:58+00:00,28.9,,,,,,,,,
Newcastle|Everton|spread|h|1.5,9,Newcastle,Everton,spread,h,1.5,Newcastle wins by >1.5,2026-08-14T19:40+00:00,2026-09-07T16:58+00:00,25.6,,,,,,,,,
Newcastle|Everton|spread|a|1.5,9,Newcastle,Everton,spread,a,1.5,Everton wins by >1.5,2026-08-14T19:40+00:00,2026-09-07T16:58+00:00,10.1,,,,,,,,,
Newcastle|Everton|spread|h|2.5,9,Newcastle,Everton,spread,h,2.5,Newcastle wins by >2.5,2026-08-14T19:40+00:00,2026-09-07T16:58+00:00,10.7,,,,,,,,,
Newcastle|Everton|spread|a|2.5,9,Newcastle,Everton,spread,a,2.5,Everton wins by >2.5,2026-08-14T19:40+00:00,2026-09-07T16:58+00:00,3.0,,,,,,,,,
Tottenham|Crystal Palace|btts|-|-,9,Tottenham,Crystal Palace,btts,,,Both teams to score,2026-08-14T19:40+00:00,2026-09-07T16:58+00:00,58.6,,,,,,,,,
Tottenham|Crystal Palace|total|-|1.5,9,Tottenham,Crystal Palace,total,,1.5,Over 1.5 goals,2026-08-14T19:40+00:00,2026-09-07T16:58+00:00,79.0,,,,,,,,,
Tottenham|Crystal Palace|total|-|2.5,9,Tottenham,Crystal Palace,total,,2.5,Over 2.5 goals,2026-08-14T19:40+00:00,2026-09-07T16:58+00:00,54.5,,,,,,,,,
Tottenham|Crystal Palace|total|-|3.5,9,Tottenham,Crystal Palace,total,,3.5,Over 3.5 goals,2026-08-14T19:40+00:00,2026-09-07T16:58+00:00,32.2,,,,,,,,,
Tottenham|Crystal Palace|spread|h|1.5,9,Tottenham,Crystal Palace,spread,h,1.5,Tottenham wins by >1.5,2026-08-14T19:40+00:00,2026-09-07T16:58+00:00,21.7,,,,,,,,,
Tottenham|Crystal Palace|spread|a|1.5,9,Tottenham,Crystal Palace,spread,a,1.5,Crystal Palace wins by >1.5,2026-08-14T19:40+00:00,2026-09-07T16:58+00:00,13.9,,,,,,,,,
Tottenham|Crystal Palace|spread|h|2.5,9,Tottenham,Crystal Palace,spread,h,2.5,Tottenham wins by >2.5,2026-08-14T19:40+00:00,2026-09-07T16:58+00:00,8.7,,,,,,,,,
Tottenham|Crystal Palace|spread|a|2.5,9,Tottenham,Crystal Palace,spread,a,2.5,Crystal Palace wins by >2.5,2026-08-14T19:40+00:00,2026-09-07T16:58+00:00,4.8,,,,,,,,,
Arsenal|Hull|btts|-|-,10,Arsenal,Hull,btts,,,Both teams to score,2026-08-14T19:40+00:00,2026-09-07T16:58+00:00,32.7,,,,,,,,,
Arsenal|Hull|total|-|1.5,10,Arsenal,Hull,total,,1.5,Over 1.5 goals,2026-08-14T19:40+00:00,2026-09-07T16:58+00:00,60.1,,,,,,,,,
Arsenal|Hull|total|-|2.5,10,Arsenal,Hull,total,,2.5,Over 2.5 goals,2026-08-14T19:40+00:00,2026-09-07T16:58+00:00,32.1,,,,,,,,,
Arsenal|Hull|total|-|3.5,10,Arsenal,Hull,total,,3.5,Over 3.5 goals,2026-08-14T19:40+00:00,2026-09-07T16:58+00:00,14.2,,,,,,,,,
Arsenal|Hull|spread|h|1.5,10,Arsenal,Hull,spread,h,1.5,Arsenal wins by >1.5,2026-08-14T19:40+00:00,2026-09-07T16:58+00:00,31.3,,,,,,,,,
Arsenal|Hull|spread|a|1.5,10,Arsenal,Hull,spread,a,1.5,Hull wins by >1.5,2026-08-14T19:40+00:00,2026-09-07T16:58+00:00,3.0,,,,,,,,,
Arsenal|Hull|spread|h|2.5,10,Arsenal,Hull,spread,h,2.5,Arsenal wins by >2.5,2026-08-14T19:40+00:00,2026-09-07T16:58+00:00,12.6,,,,,,,,,
Arsenal|Hull|spread|a|2.5,10,Arsenal,Hull,spread,a,2.5,Hull wins by >2.5,2026-08-14T19:40+00:00,2026-09-07T16:58+00:00,0.5,,,,,,,,,
Brighton|Brentford|btts|-|-,10,Brighton,Brentford,btts,,,Both teams to score,2026-08-14T19:40+00:00,2026-09-07T16:58+00:00,61.6,,,,,,,,,
Brighton|Brentford|total|-|1.5,10,Brighton,Brentford,total,,1.5,Over 1.5 goals,2026-08-14T19:40+00:00,2026-09-07T16:58+00:00,81.6,,,,,,,,,
Brighton|Brentford|total|-|2.5,10,Brighton,Brentford,total,,2.5,Over 2.5 goals,2026-08-14T19:40+00:00,2026-09-07T16:58+00:00,58.5,,,,,,,,,
Brighton|Brentford|total|-|3.5,10,Brighton,Brentford,total,,3.5,Over 3.5 goals,2026-08-14T19:40+00:00,2026-09-07T16:58+00:00,36.1,,,,,,,,,
Brighton|Brentford|spread|h|1.5,10,Brighton,Brentford,spread,h,1.5,Brighton wins by >1.5,2026-08-14T19:40+00:00,2026-09-07T16:58+00:00,22.3,,,,,,,,,
Brighton|Brentford|spread|a|1.5,10,Brighton,Brentford,spread,a,1.5,Brentford wins by >1.5,2026-08-14T19:40+00:00,2026-09-07T16:58+00:00,14.8,,,,,,,,,
Brighton|Brentford|spread|h|2.5,10,Brighton,Brentford,spread,h,2.5,Brighton wins by >2.5,2026-08-14T19:40+00:00,2026-09-07T16:58+00:00,9.3,,,,,,,,,
Brighton|Brentford|spread|a|2.5,10,Brighton,Brentford,spread,a,2.5,Brentford wins by >2.5,2026-08-14T19:40+00:00,2026-09-07T16:58+00:00,5.3,,,,,,,,,
Crystal Palace|Liverpool|btts|-|-,10,Crystal Palace,Liverpool,btts,,,Both teams to score,2026-08-14T19:40+00:00,2026-09-07T16:58+00:00,60.3,,,,,,,,,
Crystal Palace|Liverpool|total|-|1.5,10,Crystal Palace,Liverpool,total,,1.5,Over 1.5 goals,2026-08-14T19:40+00:00,2026-09-07T16:58+00:00,81.9,,,,,,,,,
Crystal Palace|Liverpool|total|-|2.5,10,Crystal Palace,Liverpool,total,,2.5,Over 2.5 goals,2026-08-14T19:40+00:00,2026-09-07T16:58+00:00,59.0,,,,,,,,,
Crystal Palace|Liverpool|total|-|3.5,10,Crystal Palace,Liverpool,total,,3.5,Over 3.5 goals,2026-08-14T19:40+00:00,2026-09-07T16:58+00:00,36.6,,,,,,,,,
Crystal Palace|Liverpool|spread|h|1.5,10,Crystal Palace,Liverpool,spread,h,1.5,Crystal Palace wins by >1.5,2026-08-14T19:40+00:00,2026-09-07T16:58+00:00,10.4,,,,,,,,,
Crystal Palace|Liverpool|spread|a|1.5,10,Crystal Palace,Liverpool,spread,a,1.5,Liverpool wins by >1.5,2026-08-14T19:40+00:00,2026-09-07T16:58+00:00,28.9,,,,,,,,,
Crystal Palace|Liverpool|spread|h|2.5,10,Crystal Palace,Liverpool,spread,h,2.5,Crystal Palace wins by >2.5,2026-08-14T19:40+00:00,2026-09-07T16:58+00:00,3.4,,,,,,,,,
Crystal Palace|Liverpool|spread|a|2.5,10,Crystal Palace,Liverpool,spread,a,2.5,Liverpool wins by >2.5,2026-08-14T19:40+00:00,2026-09-07T16:58+00:00,13.2,,,,,,,,,
Everton|Coventry|btts|-|-,10,Everton,Coventry,btts,,,Both teams to score,2026-08-14T19:40+00:00,2026-09-07T16:58+00:00,36.1,,,,,,,,,
Everton|Coventry|total|-|1.5,10,Everton,Coventry,total,,1.5,Over 1.5 goals,2026-08-14T19:40+00:00,2026-09-07T16:58+00:00,60.5,,,,,,,,,
Everton|Coventry|total|-|2.5,10,Everton,Coventry,total,,2.5,Over 2.5 goals,2026-08-14T19:40+00:00,2026-09-07T16:58+00:00,32.4,,,,,,,,,
Everton|Coventry|total|-|3.5,10,Everton,Coventry,total,,3.5,Over 3.5 goals,2026-08-14T19:40+00:00,2026-09-07T16:58+00:00,14.3,,,,,,,,,
Everton|Coventry|spread|h|1.5,10,Everton,Coventry,spread,h,1.5,Everton wins by >1.5,2026-08-14T19:40+00:00,2026-09-07T16:58+00:00,26.8,,,,,,,,,
Everton|Coventry|spread|a|1.5,10,Everton,Coventry,spread,a,1.5,Coventry wins by >1.5,2026-08-14T19:40+00:00,2026-09-07T16:58+00:00,4.5,,,,,,,,,
Everton|Coventry|spread|h|2.5,10,Everton,Coventry,spread,h,2.5,Everton wins by >2.5,2026-08-14T19:40+00:00,2026-09-07T16:58+00:00,10.2,,,,,,,,,
Everton|Coventry|spread|a|2.5,10,Everton,Coventry,spread,a,2.5,Coventry wins by >2.5,2026-08-14T19:40+00:00,2026-09-07T16:58+00:00,0.9,,,,,,,,,
Fulham|Newcastle|btts|-|-,10,Fulham,Newcastle,btts,,,Both teams to score,2026-08-14T19:40+00:00,2026-09-07T16:58+00:00,60.5,,,,,,,,,
Fulham|Newcastle|total|-|1.5,10,Fulham,Newcastle,total,,1.5,Over 1.5 goals,2026-08-14T19:40+00:00,2026-09-07T16:58+00:00,80.5,,,,,,,,,
Fulham|Newcastle|total|-|2.5,10,Fulham,Newcastle,total,,2.5,Over 2.5 goals,2026-08-14T19:40+00:00,2026-09-07T16:58+00:00,56.8,,,,,,,,,
Fulham|Newcastle|total|-|3.5,10,Fulham,Newcastle,total,,3.5,Over 3.5 goals,2026-08-14T19:40+00:00,2026-09-07T16:58+00:00,34.4,,,,,,,,,
Fulham|Newcastle|spread|h|1.5,10,Fulham,Newcastle,spread,h,1.5,Fulham wins by >1.5,2026-08-14T19:40+00:00,2026-09-07T16:58+00:00,15.5,,,,,,,,,
Fulham|Newcastle|spread|a|1.5,10,Fulham,Newcastle,spread,a,1.5,Newcastle wins by >1.5,2026-08-14T19:40+00:00,2026-09-07T16:58+00:00,20.7,,,,,,,,,
Fulham|Newcastle|spread|h|2.5,10,Fulham,Newcastle,spread,h,2.5,Fulham wins by >2.5,2026-08-14T19:40+00:00,2026-09-07T16:58+00:00,5.6,,,,,,,,,
Fulham|Newcastle|spread|a|2.5,10,Fulham,Newcastle,spread,a,2.5,Newcastle wins by >2.5,2026-08-14T19:40+00:00,2026-09-07T16:58+00:00,8.3,,,,,,,,,
Ipswich|Bournemouth|btts|-|-,10,Ipswich,Bournemouth,btts,,,Both teams to score,2026-08-14T19:40+00:00,2026-09-07T16:58+00:00,58.7,,,,,,,,,
Ipswich|Bournemouth|total|-|1.5,10,Ipswich,Bournemouth,total,,1.5,Over 1.5 goals,2026-08-14T19:40+00:00,2026-09-07T16:58+00:00,83.3,,,,,,,,,
Ipswich|Bournemouth|total|-|2.5,10,Ipswich,Bournemouth,total,,2.5,Over 2.5 goals,2026-08-14T19:40+00:00,2026-09-07T16:58+00:00,61.3,,,,,,,,,
Ipswich|Bournemouth|total|-|3.5,10,Ipswich,Bournemouth,total,,3.5,Over 3.5 goals,2026-08-14T19:40+00:00,2026-09-07T16:58+00:00,39.0,,,,,,,,,
Ipswich|Bournemouth|spread|h|1.5,10,Ipswich,Bournemouth,spread,h,1.5,Ipswich wins by >1.5,2026-08-14T19:40+00:00,2026-09-07T16:58+00:00,6.9,,,,,,,,,
Ipswich|Bournemouth|spread|a|1.5,10,Ipswich,Bournemouth,spread,a,1.5,Bournemouth wins by >1.5,2026-08-14T19:40+00:00,2026-09-07T16:58+00:00,37.3,,,,,,,,,
Ipswich|Bournemouth|spread|h|2.5,10,Ipswich,Bournemouth,spread,h,2.5,Ipswich wins by >2.5,2026-08-14T19:40+00:00,2026-09-07T16:58+00:00,2.0,,,,,,,,,
Ipswich|Bournemouth|spread|a|2.5,10,Ipswich,Bournemouth,spread,a,2.5,Bournemouth wins by >2.5,2026-08-14T19:40+00:00,2026-09-07T16:58+00:00,19.0,,,,,,,,,
Leeds|Tottenham|btts|-|-,10,Leeds,Tottenham,btts,,,Both teams to score,2026-08-14T19:40+00:00,2026-09-07T16:58+00:00,58.7,,,,,,,,,
Leeds|Tottenham|total|-|1.5,10,Leeds,Tottenham,total,,1.5,Over 1.5 goals,2026-08-14T19:40+00:00,2026-09-07T16:58+00:00,79.1,,,,,,,,,
Leeds|Tottenham|total|-|2.5,10,Leeds,Tottenham,total,,2.5,Over 2.5 goals,2026-08-14T19:40+00:00,2026-09-07T16:58+00:00,54.7,,,,,,,,,
Leeds|Tottenham|total|-|3.5,10,Leeds,Tottenham,total,,3.5,Over 3.5 goals,2026-08-14T19:40+00:00,2026-09-07T16:58+00:00,32.3,,,,,,,,,
Leeds|Tottenham|spread|h|1.5,10,Leeds,Tottenham,spread,h,1.5,Leeds wins by >1.5,2026-08-14T19:40+00:00,2026-09-07T16:58+00:00,21.4,,,,,,,,,
Leeds|Tottenham|spread|a|1.5,10,Leeds,Tottenham,spread,a,1.5,Tottenham wins by >1.5,2026-08-14T19:40+00:00,2026-09-07T16:58+00:00,14.2,,,,,,,,,
Leeds|Tottenham|spread|h|2.5,10,Leeds,Tottenham,spread,h,2.5,Leeds wins by >2.5,2026-08-14T19:40+00:00,2026-09-07T16:58+00:00,8.5,,,,,,,,,
Leeds|Tottenham|spread|a|2.5,10,Leeds,Tottenham,spread,a,2.5,Tottenham wins by >2.5,2026-08-14T19:40+00:00,2026-09-07T16:58+00:00,4.9,,,,,,,,,
Man United|Aston Villa|btts|-|-,10,Man United,Aston Villa,btts,,,Both teams to score,2026-08-14T19:40+00:00,2026-09-07T16:58+00:00,62.1,,,,,,,,,
Man United|Aston Villa|total|-|1.5,10,Man United,Aston Villa,total,,1.5,Over 1.5 goals,2026-08-14T19:40+00:00,2026-09-07T16:58+00:00,82.2,,,,,,,,,
Man United|Aston Villa|total|-|2.5,10,Man United,Aston Villa,total,,2.5,Over 2.5 goals,2026-08-14T19:40+00:00,2026-09-07T16:58+00:00,59.5,,,,,,,,,
Man United|Aston Villa|total|-|3.5,10,Man United,Aston Villa,total,,3.5,Over 3.5 goals,2026-08-14T19:40+00:00,2026-09-07T16:58+00:00,37.1,,,,,,,,,
Man United|Aston Villa|spread|h|1.5,10,Man United,Aston Villa,spread,h,1.5,Man United wins by >1.5,2026-08-14T19:40+00:00,2026-09-07T16:58+00:00,24.0,,,,,,,,,
Man United|Aston Villa|spread|a|1.5,10,Man United,Aston Villa,spread,a,1.5,Aston Villa wins by >1.5,2026-08-14T19:40+00:00,2026-09-07T16:58+00:00,13.8,,,,,,,,,
Man United|Aston Villa|spread|h|2.5,10,Man United,Aston Villa,spread,h,2.5,Man United wins by >2.5,2026-08-14T19:40+00:00,2026-09-07T16:58+00:00,10.3,,,,,,,,,
Man United|Aston Villa|spread|a|2.5,10,Man United,Aston Villa,spread,a,2.5,Aston Villa wins by >2.5,2026-08-14T19:40+00:00,2026-09-07T16:58+00:00,4.9,,,,,,,,,
Nott'm Forest|Man City|btts|-|-,10,Nott'm Forest,Man City,btts,,,Both teams to score,2026-08-14T19:40+00:00,2026-09-07T16:58+00:00,53.5,,,,,,,,,
Nott'm Forest|Man City|total|-|1.5,10,Nott'm Forest,Man City,total,,1.5,Over 1.5 goals,2026-08-14T19:40+00:00,2026-09-07T16:58+00:00,78.2,,,,,,,,,
Nott'm Forest|Man City|total|-|2.5,10,Nott'm Forest,Man City,total,,2.5,Over 2.5 goals,2026-08-14T19:40+00:00,2026-09-07T16:58+00:00,53.6,,,,,,,,,
Nott'm Forest|Man City|total|-|3.5,10,Nott'm Forest,Man City,total,,3.5,Over 3.5 goals,2026-08-14T19:40+00:00,2026-09-07T16:58+00:00,31.3,,,,,,,,,
Nott'm Forest|Man City|spread|h|1.5,10,Nott'm Forest,Man City,spread,h,1.5,Nott'm Forest wins by >1.5,2026-08-14T19:40+00:00,2026-09-07T16:58+00:00,6.8,,,,,,,,,
Nott'm Forest|Man City|spread|a|1.5,10,Nott'm Forest,Man City,spread,a,1.5,Man City wins by >1.5,2026-08-14T19:40+00:00,2026-09-07T16:58+00:00,33.3,,,,,,,,,
Nott'm Forest|Man City|spread|h|2.5,10,Nott'm Forest,Man City,spread,h,2.5,Nott'm Forest wins by >2.5,2026-08-14T19:40+00:00,2026-09-07T16:58+00:00,1.8,,,,,,,,,
Nott'm Forest|Man City|spread|a|2.5,10,Nott'm Forest,Man City,spread,a,2.5,Man City wins by >2.5,2026-08-14T19:40+00:00,2026-09-07T16:58+00:00,15.6,,,,,,,,,
Sunderland|Chelsea|btts|-|-,10,Sunderland,Chelsea,btts,,,Both teams to score,2026-08-14T19:40+00:00,2026-09-07T16:58+00:00,52.2,,,,,,,,,
Sunderland|Chelsea|total|-|1.5,10,Sunderland,Chelsea,total,,1.5,Over 1.5 goals,2026-08-14T19:40+00:00,2026-09-07T16:58+00:00,72.7,,,,,,,,,
Sunderland|Chelsea|total|-|2.5,10,Sunderland,Chelsea,total,,2.5,Over 2.5 goals,2026-08-14T19:40+00:00,2026-09-07T16:58+00:00,46.1,,,,,,,,,
Sunderland|Chelsea|total|-|3.5,10,Sunderland,Chelsea,total,,3.5,Over 3.5 goals,2026-08-14T19:40+00:00,2026-09-07T16:58+00:00,24.6,,,,,,,,,
Sunderland|Chelsea|spread|h|1.5,10,Sunderland,Chelsea,spread,h,1.5,Sunderland wins by >1.5,2026-08-14T19:40+00:00,2026-09-07T16:58+00:00,13.3,,,,,,,,,
Sunderland|Chelsea|spread|a|1.5,10,Sunderland,Chelsea,spread,a,1.5,Chelsea wins by >1.5,2026-08-14T19:40+00:00,2026-09-07T16:58+00:00,18.8,,,,,,,,,
Sunderland|Chelsea|spread|h|2.5,10,Sunderland,Chelsea,spread,h,2.5,Sunderland wins by >2.5,2026-08-14T19:40+00:00,2026-09-07T16:58+00:00,4.2,,,,,,,,,
Sunderland|Chelsea|spread|a|2.5,10,Sunderland,Chelsea,spread,a,2.5,Chelsea wins by >2.5,2026-08-14T19:40+00:00,2026-09-07T16:58+00:00,6.8,,,,,,,,,
Bournemouth|Nott'm Forest|btts|-|-,11,Bournemouth,Nott'm Forest,btts,,,Both teams to score,2026-08-14T19:40+00:00,2026-09-07T16:58+00:00,56.0,,,,,,,,,
Bournemouth|Nott'm Forest|total|-|1.5,11,Bournemouth,Nott'm Forest,total,,1.5,Over 1.5 goals,2026-08-14T19:40+00:00,2026-09-07T16:58+00:00,76.8,,,,,,,,,
Bournemouth|Nott'm Forest|total|-|2.5,11,Bournemouth,Nott'm Forest,total,,2.5,Over 2.5 goals,2026-08-14T19:40+00:00,2026-09-07T16:58+00:00,51.4,,,,,,,,,
Bournemouth|Nott'm Forest|total|-|3.5,11,Bournemouth,Nott'm Forest,total,,3.5,Over 3.5 goals,2026-08-14T19:40+00:00,2026-09-07T16:58+00:00,29.3,,,,,,,,,
Bournemouth|Nott'm Forest|spread|h|1.5,11,Bournemouth,Nott'm Forest,spread,h,1.5,Bournemouth wins by >1.5,2026-08-14T19:40+00:00,2026-09-07T16:58+00:00,22.0,,,,,,,,,
Bournemouth|Nott'm Forest|spread|a|1.5,11,Bournemouth,Nott'm Forest,spread,a,1.5,Nott'm Forest wins by >1.5,2026-08-14T19:40+00:00,2026-09-07T16:58+00:00,12.7,,,,,,,,,
Bournemouth|Nott'm Forest|spread|h|2.5,11,Bournemouth,Nott'm Forest,spread,h,2.5,Bournemouth wins by >2.5,2026-08-14T19:40+00:00,2026-09-07T16:58+00:00,8.7,,,,,,,,,
Bournemouth|Nott'm Forest|spread|a|2.5,11,Bournemouth,Nott'm Forest,spread,a,2.5,Nott'm Forest wins by >2.5,2026-08-14T19:40+00:00,2026-09-07T16:58+00:00,4.1,,,,,,,,,
Aston Villa|Sunderland|btts|-|-,11,Aston Villa,Sunderland,btts,,,Both teams to score,2026-08-14T19:40+00:00,2026-09-07T16:58+00:00,48.5,,,,,,,,,
Aston Villa|Sunderland|total|-|1.5,11,Aston Villa,Sunderland,total,,1.5,Over 1.5 goals,2026-08-14T19:40+00:00,2026-09-07T16:58+00:00,70.2,,,,,,,,,
Aston Villa|Sunderland|total|-|2.5,11,Aston Villa,Sunderland,total,,2.5,Over 2.5 goals,2026-08-14T19:40+00:00,2026-09-07T16:58+00:00,42.9,,,,,,,,,
Aston Villa|Sunderland|total|-|3.5,11,Aston Villa,Sunderland,total,,3.5,Over 3.5 goals,2026-08-14T19:40+00:00,2026-09-07T16:58+00:00,22.0,,,,,,,,,
Aston Villa|Sunderland|spread|h|1.5,11,Aston Villa,Sunderland,spread,h,1.5,Aston Villa wins by >1.5,2026-08-14T19:40+00:00,2026-09-07T16:58+00:00,22.5,,,,,,,,,
Aston Villa|Sunderland|spread|a|1.5,11,Aston Villa,Sunderland,spread,a,1.5,Sunderland wins by >1.5,2026-08-14T19:40+00:00,2026-09-07T16:58+00:00,9.6,,,,,,,,,
Aston Villa|Sunderland|spread|h|2.5,11,Aston Villa,Sunderland,spread,h,2.5,Aston Villa wins by >2.5,2026-08-14T19:40+00:00,2026-09-07T16:58+00:00,8.5,,,,,,,,,
Aston Villa|Sunderland|spread|a|2.5,11,Aston Villa,Sunderland,spread,a,2.5,Sunderland wins by >2.5,2026-08-14T19:40+00:00,2026-09-07T16:58+00:00,2.7,,,,,,,,,
Brentford|Everton|btts|-|-,11,Brentford,Everton,btts,,,Both teams to score,2026-08-14T19:40+00:00,2026-09-07T16:58+00:00,52.8,,,,,,,,,
Brentford|Everton|total|-|1.5,11,Brentford,Everton,total,,1.5,Over 1.5 goals,2026-08-14T19:40+00:00,2026-09-07T16:58+00:00,74.2,,,,,,,,,
Brentford|Everton|total|-|2.5,11,Brentford,Everton,total,,2.5,Over 2.5 goals,2026-08-14T19:40+00:00,2026-09-07T16:58+00:00,48.0,,,,,,,,,
Brentford|Everton|total|-|3.5,11,Brentford,Everton,total,,3.5,Over 3.5 goals,2026-08-14T19:40+00:00,2026-09-07T16:58+00:00,26.3,,,,,,,,,
Brentford|Everton|spread|h|1.5,11,Brentford,Everton,spread,h,1.5,Brentford wins by >1.5,2026-08-14T19:40+00:00,2026-09-07T16:58+00:00,23.1,,,,,,,,,
Brentford|Everton|spread|a|1.5,11,Brentford,Everton,spread,a,1.5,Everton wins by >1.5,2026-08-14T19:40+00:00,2026-09-07T16:58+00:00,10.8,,,,,,,,,
Brentford|Everton|spread|h|2.5,11,Brentford,Everton,spread,h,2.5,Brentford wins by >2.5,2026-08-14T19:40+00:00,2026-09-07T16:58+00:00,9.1,,,,,,,,,
Brentford|Everton|spread|a|2.5,11,Brentford,Everton,spread,a,2.5,Everton wins by >2.5,2026-08-14T19:40+00:00,2026-09-07T16:58+00:00,3.2,,,,,,,,,
Chelsea|Leeds|btts|-|-,11,Chelsea,Leeds,btts,,,Both teams to score,2026-08-14T19:40+00:00,2026-09-07T16:58+00:00,58.7,,,,,,,,,
Chelsea|Leeds|total|-|1.5,11,Chelsea,Leeds,total,,1.5,Over 1.5 goals,2026-08-14T19:40+00:00,2026-09-07T16:58+00:00,80.7,,,,,,,,,
Chelsea|Leeds|total|-|2.5,11,Chelsea,Leeds,total,,2.5,Over 2.5 goals,2026-08-14T19:40+00:00,2026-09-07T16:58+00:00,57.1,,,,,,,,,
Chelsea|Leeds|total|-|3.5,11,Chelsea,Leeds,total,,3.5,Over 3.5 goals,2026-08-14T19:40+00:00,2026-09-07T16:58+00:00,34.7,,,,,,,,,
Chelsea|Leeds|spread|h|1.5,11,Chelsea,Leeds,spread,h,1.5,Chelsea wins by >1.5,2026-08-14T19:40+00:00,2026-09-07T16:58+00:00,29.0,,,,,,,,,
Chelsea|Leeds|spread|a|1.5,11,Chelsea,Leeds,spread,a,1.5,Leeds wins by >1.5,2026-08-14T19:40+00:00,2026-09-07T16:58+00:00,9.9,,,,,,,,,
Chelsea|Leeds|spread|h|2.5,11,Chelsea,Leeds,spread,h,2.5,Chelsea wins by >2.5,2026-08-14T19:40+00:00,2026-09-07T16:58+00:00,13.1,,,,,,,,,
Chelsea|Leeds|spread|a|2.5,11,Chelsea,Leeds,spread,a,2.5,Leeds wins by >2.5,2026-08-14T19:40+00:00,2026-09-07T16:58+00:00,3.1,,,,,,,,,
Coventry|Crystal Palace|btts|-|-,11,Coventry,Crystal Palace,btts,,,Both teams to score,2026-08-14T19:40+00:00,2026-09-07T16:58+00:00,41.4,,,,,,,,,
Coventry|Crystal Palace|total|-|1.5,11,Coventry,Crystal Palace,total,,1.5,Over 1.5 goals,2026-08-14T19:40+00:00,2026-09-07T16:58+00:00,62.5,,,,,,,,,
Coventry|Crystal Palace|total|-|2.5,11,Coventry,Crystal Palace,total,,2.5,Over 2.5 goals,2026-08-14T19:40+00:00,2026-09-07T16:58+00:00,34.3,,,,,,,,,
Coventry|Crystal Palace|total|-|3.5,11,Coventry,Crystal Palace,total,,3.5,Over 3.5 goals,2026-08-14T19:40+00:00,2026-09-07T16:58+00:00,15.6,,,,,,,,,
Coventry|Crystal Palace|spread|h|1.5,11,Coventry,Crystal Palace,spread,h,1.5,Coventry wins by >1.5,2026-08-14T19:40+00:00,2026-09-07T16:58+00:00,8.1,,,,,,,,,
Coventry|Crystal Palace|spread|a|1.5,11,Coventry,Crystal Palace,spread,a,1.5,Crystal Palace wins by >1.5,2026-08-14T19:40+00:00,2026-09-07T16:58+00:00,20.4,,,,,,,,,
Coventry|Crystal Palace|spread|h|2.5,11,Coventry,Crystal Palace,spread,h,2.5,Coventry wins by >2.5,2026-08-14T19:40+00:00,2026-09-07T16:58+00:00,2.0,,,,,,,,,
Coventry|Crystal Palace|spread|a|2.5,11,Coventry,Crystal Palace,spread,a,2.5,Crystal Palace wins by >2.5,2026-08-14T19:40+00:00,2026-09-07T16:58+00:00,7.0,,,,,,,,,
Hull|Brighton|btts|-|-,11,Hull,Brighton,btts,,,Both teams to score,2026-08-14T19:40+00:00,2026-09-07T16:58+00:00,42.6,,,,,,,,,
Hull|Brighton|total|-|1.5,11,Hull,Brighton,total,,1.5,Over 1.5 goals,2026-08-14T19:40+00:00,2026-09-07T16:58+00:00,62.3,,,,,,,,,
Hull|Brighton|total|-|2.5,11,Hull,Brighton,total,,2.5,Over 2.5 goals,2026-08-14T19:40+00:00,2026-09-07T16:58+00:00,34.1,,,,,,,,,
Hull|Brighton|total|-|3.5,11,Hull,Brighton,total,,3.5,Over 3.5 goals,2026-08-14T19:40+00:00,2026-09-07T16:58+00:00,15.5,,,,,,,,,
Hull|Brighton|spread|h|1.5,11,Hull,Brighton,spread,h,1.5,Hull wins by >1.5,2026-08-14T19:40+00:00,2026-09-07T16:58+00:00,13.6,,,,,,,,,
Hull|Brighton|spread|a|1.5,11,Hull,Brighton,spread,a,1.5,Brighton wins by >1.5,2026-08-14T19:40+00:00,2026-09-07T16:58+00:00,13.2,,,,,,,,,
Hull|Brighton|spread|h|2.5,11,Hull,Brighton,spread,h,2.5,Hull wins by >2.5,2026-08-14T19:40+00:00,2026-09-07T16:58+00:00,4.0,,,,,,,,,
Hull|Brighton|spread|a|2.5,11,Hull,Brighton,spread,a,2.5,Brighton wins by >2.5,2026-08-14T19:40+00:00,2026-09-07T16:58+00:00,3.9,,,,,,,,,
Liverpool|Man United|btts|-|-,11,Liverpool,Man United,btts,,,Both teams to score,2026-08-14T19:40+00:00,2026-09-07T16:58+00:00,66.2,,,,,,,,,
Liverpool|Man United|total|-|1.5,11,Liverpool,Man United,total,,1.5,Over 1.5 goals,2026-08-14T19:40+00:00,2026-09-07T16:58+00:00,86.6,,,,,,,,,
Liverpool|Man United|total|-|2.5,11,Liverpool,Man United,total,,2.5,Over 2.5 goals,2026-08-14T19:40+00:00,2026-09-07T16:58+00:00,66.8,,,,,,,,,
Liverpool|Man United|total|-|3.5,11,Liverpool,Man United,total,,3.5,Over 3.5 goals,2026-08-14T19:40+00:00,2026-09-07T16:58+00:00,45.1,,,,,,,,,
Liverpool|Man United|spread|h|1.5,11,Liverpool,Man United,spread,h,1.5,Liverpool wins by >1.5,2026-08-14T19:40+00:00,2026-09-07T16:58+00:00,31.5,,,,,,,,,
Liverpool|Man United|spread|a|1.5,11,Liverpool,Man United,spread,a,1.5,Man United wins by >1.5,2026-08-14T19:40+00:00,2026-09-07T16:58+00:00,11.1,,,,,,,,,
Liverpool|Man United|spread|h|2.5,11,Liverpool,Man United,spread,h,2.5,Liverpool wins by >2.5,2026-08-14T19:40+00:00,2026-09-07T16:58+00:00,15.5,,,,,,,,,
Liverpool|Man United|spread|a|2.5,11,Liverpool,Man United,spread,a,2.5,Man United wins by >2.5,2026-08-14T19:40+00:00,2026-09-07T16:58+00:00,3.9,,,,,,,,,
Man City|Fulham|btts|-|-,11,Man City,Fulham,btts,,,Both teams to score,2026-08-14T19:40+00:00,2026-09-07T16:58+00:00,51.8,,,,,,,,,
Man City|Fulham|total|-|1.5,11,Man City,Fulham,total,,1.5,Over 1.5 goals,2026-08-14T19:40+00:00,2026-09-07T16:58+00:00,82.8,,,,,,,,,
Man City|Fulham|total|-|2.5,11,Man City,Fulham,total,,2.5,Over 2.5 goals,2026-08-14T19:40+00:00,2026-09-07T16:58+00:00,60.8,,,,,,,,,
Man City|Fulham|total|-|3.5,11,Man City,Fulham,total,,3.5,Over 3.5 goals,2026-08-14T19:40+00:00,2026-09-07T16:58+00:00,38.4,,,,,,,,,
Man City|Fulham|spread|h|1.5,11,Man City,Fulham,spread,h,1.5,Man City wins by >1.5,2026-08-14T19:40+00:00,2026-09-07T16:58+00:00,47.0,,,,,,,,,
Man City|Fulham|spread|a|1.5,11,Man City,Fulham,spread,a,1.5,Fulham wins by >1.5,2026-08-14T19:40+00:00,2026-09-07T16:58+00:00,3.6,,,,,,,,,
Man City|Fulham|spread|h|2.5,11,Man City,Fulham,spread,h,2.5,Man City wins by >2.5,2026-08-14T19:40+00:00,2026-09-07T16:58+00:00,26.2,,,,,,,,,
Man City|Fulham|spread|a|2.5,11,Man City,Fulham,spread,a,2.5,Fulham wins by >2.5,2026-08-14T19:40+00:00,2026-09-07T16:58+00:00,0.8,,,,,,,,,
Newcastle|Arsenal|btts|-|-,11,Newcastle,Arsenal,btts,,,Both teams to score,2026-08-14T19:40+00:00,2026-09-07T16:58+00:00,54.3,,,,,,,,,
Newcastle|Arsenal|total|-|1.5,11,Newcastle,Arsenal,total,,1.5,Over 1.5 goals,2026-08-14T19:40+00:00,2026-09-07T16:58+00:00,77.6,,,,,,,,,
Newcastle|Arsenal|total|-|2.5,11,Newcastle,Arsenal,total,,2.5,Over 2.5 goals,2026-08-14T19:40+00:00,2026-09-07T16:58+00:00,52.7,,,,,,,,,
Newcastle|Arsenal|total|-|3.5,11,Newcastle,Arsenal,total,,3.5,Over 3.5 goals,2026-08-14T19:40+00:00,2026-09-07T16:58+00:00,30.4,,,,,,,,,
Newcastle|Arsenal|spread|h|1.5,11,Newcastle,Arsenal,spread,h,1.5,Newcastle wins by >1.5,2026-08-14T19:40+00:00,2026-09-07T16:58+00:00,8.2,,,,,,,,,
Newcastle|Arsenal|spread|a|1.5,11,Newcastle,Arsenal,spread,a,1.5,Arsenal wins by >1.5,2026-08-14T19:40+00:00,2026-09-07T16:58+00:00,29.8,,,,,,,,,
Newcastle|Arsenal|spread|h|2.5,11,Newcastle,Arsenal,spread,h,2.5,Newcastle wins by >2.5,2026-08-14T19:40+00:00,2026-09-07T16:58+00:00,2.3,,,,,,,,,
Newcastle|Arsenal|spread|a|2.5,11,Newcastle,Arsenal,spread,a,2.5,Arsenal wins by >2.5,2026-08-14T19:40+00:00,2026-09-07T16:58+00:00,13.3,,,,,,,,,
Tottenham|Ipswich|btts|-|-,11,Tottenham,Ipswich,btts,,,Both teams to score,2026-08-14T19:40+00:00,2026-09-07T16:58+00:00,59.0,,,,,,,,,
Tottenham|Ipswich|total|-|1.5,11,Tottenham,Ipswich,total,,1.5,Over 1.5 goals,2026-08-14T19:40+00:00,2026-09-07T16:58+00:00,85.4,,,,,,,,,
Tottenham|Ipswich|total|-|2.5,11,Tottenham,Ipswich,total,,2.5,Over 2.5 goals,2026-08-14T19:40+00:00,2026-09-07T16:58+00:00,65.0,,,,,,,,,
Tottenham|Ipswich|total|-|3.5,11,Tottenham,Ipswich,total,,3.5,Over 3.5 goals,2026-08-14T19:40+00:00,2026-09-07T16:58+00:00,43.0,,,,,,,,,
Tottenham|Ipswich|spread|h|1.5,11,Tottenham,Ipswich,spread,h,1.5,Tottenham wins by >1.5,2026-08-14T19:40+00:00,2026-09-07T16:58+00:00,42.9,,,,,,,,,
Tottenham|Ipswich|spread|a|1.5,11,Tottenham,Ipswich,spread,a,1.5,Ipswich wins by >1.5,2026-08-14T19:40+00:00,2026-09-07T16:58+00:00,5.5,,,,,,,,,
Tottenham|Ipswich|spread|h|2.5,11,Tottenham,Ipswich,spread,h,2.5,Tottenham wins by >2.5,2026-08-14T19:40+00:00,2026-09-07T16:58+00:00,23.5,,,,,,,,,
Tottenham|Ipswich|spread|a|2.5,11,Tottenham,Ipswich,spread,a,2.5,Ipswich wins by >2.5,2026-08-14T19:40+00:00,2026-09-07T16:58+00:00,1.5,,,,,,,,,
Arsenal|Man City|btts|-|-,12,Arsenal,Man City,btts,,,Both teams to score,2026-08-14T19:40+00:00,2026-09-07T16:58+00:00,52.5,,,,,,,,,
Arsenal|Man City|total|-|1.5,12,Arsenal,Man City,total,,1.5,Over 1.5 goals,2026-08-14T19:40+00:00,2026-09-07T16:58+00:00,73.3,,,,,,,,,
Arsenal|Man City|total|-|2.5,12,Arsenal,Man City,total,,2.5,Over 2.5 goals,2026-08-14T19:40+00:00,2026-09-07T16:58+00:00,46.8,,,,,,,,,
Arsenal|Man City|total|-|3.5,12,Arsenal,Man City,total,,3.5,Over 3.5 goals,2026-08-14T19:40+00:00,2026-09-07T16:58+00:00,25.3,,,,,,,,,
Arsenal|Man City|spread|h|1.5,12,Arsenal,Man City,spread,h,1.5,Arsenal wins by >1.5,2026-08-14T19:40+00:00,2026-09-07T16:58+00:00,20.6,,,,,,,,,
Arsenal|Man City|spread|a|1.5,12,Arsenal,Man City,spread,a,1.5,Man City wins by >1.5,2026-08-14T19:40+00:00,2026-09-07T16:58+00:00,12.2,,,,,,,,,
Arsenal|Man City|spread|h|2.5,12,Arsenal,Man City,spread,h,2.5,Arsenal wins by >2.5,2026-08-14T19:40+00:00,2026-09-07T16:58+00:00,7.7,,,,,,,,,
Arsenal|Man City|spread|a|2.5,12,Arsenal,Man City,spread,a,2.5,Man City wins by >2.5,2026-08-14T19:40+00:00,2026-09-07T16:58+00:00,3.8,,,,,,,,,
Brighton|Newcastle|btts|-|-,12,Brighton,Newcastle,btts,,,Both teams to score,2026-08-14T19:40+00:00,2026-09-07T16:58+00:00,63.7,,,,,,,,,
Brighton|Newcastle|total|-|1.5,12,Brighton,Newcastle,total,,1.5,Over 1.5 goals,2026-08-14T19:40+00:00,2026-09-07T16:58+00:00,83.2,,,,,,,,,
Brighton|Newcastle|total|-|2.5,12,Brighton,Newcastle,total,,2.5,Over 2.5 goals,2026-08-14T19:40+00:00,2026-09-07T16:58+00:00,61.0,,,,,,,,,
Brighton|Newcastle|total|-|3.5,12,Brighton,Newcastle,total,,3.5,Over 3.5 goals,2026-08-14T19:40+00:00,2026-09-07T16:58+00:00,38.7,,,,,,,,,
Brighton|Newcastle|spread|h|1.5,12,Brighton,Newcastle,spread,h,1.5,Brighton wins by >1.5,2026-08-14T19:40+00:00,2026-09-07T16:58+00:00,21.1,,,,,,,,,
Brighton|Newcastle|spread|a|1.5,12,Brighton,Newcastle,spread,a,1.5,Newcastle wins by >1.5,2026-08-14T19:40+00:00,2026-09-07T16:58+00:00,16.6,,,,,,,,,
Brighton|Newcastle|spread|h|2.5,12,Brighton,Newcastle,spread,h,2.5,Brighton wins by >2.5,2026-08-14T19:40+00:00,2026-09-07T16:58+00:00,8.7,,,,,,,,,
Brighton|Newcastle|spread|a|2.5,12,Brighton,Newcastle,spread,a,2.5,Newcastle wins by >2.5,2026-08-14T19:40+00:00,2026-09-07T16:58+00:00,6.3,,,,,,,,,
Crystal Palace|Hull|btts|-|-,12,Crystal Palace,Hull,btts,,,Both teams to score,2026-08-14T19:40+00:00,2026-09-07T16:58+00:00,39.0,,,,,,,,,
Crystal Palace|Hull|total|-|1.5,12,Crystal Palace,Hull,total,,1.5,Over 1.5 goals,2026-08-14T19:40+00:00,2026-09-07T16:58+00:00,58.0,,,,,,,,,
Crystal Palace|Hull|total|-|2.5,12,Crystal Palace,Hull,total,,2.5,Over 2.5 goals,2026-08-14T19:40+00:00,2026-09-07T16:58+00:00,29.8,,,,,,,,,
Crystal Palace|Hull|total|-|3.5,12,Crystal Palace,Hull,total,,3.5,Over 3.5 goals,2026-08-14T19:40+00:00,2026-09-07T16:58+00:00,12.7,,,,,,,,,
Crystal Palace|Hull|spread|h|1.5,12,Crystal Palace,Hull,spread,h,1.5,Crystal Palace wins by >1.5,2026-08-14T19:40+00:00,2026-09-07T16:58+00:00,13.0,,,,,,,,,
Crystal Palace|Hull|spread|a|1.5,12,Crystal Palace,Hull,spread,a,1.5,Hull wins by >1.5,2026-08-14T19:40+00:00,2026-09-07T16:58+00:00,11.9,,,,,,,,,
Crystal Palace|Hull|spread|h|2.5,12,Crystal Palace,Hull,spread,h,2.5,Crystal Palace wins by >2.5,2026-08-14T19:40+00:00,2026-09-07T16:58+00:00,3.6,,,,,,,,,
Crystal Palace|Hull|spread|a|2.5,12,Crystal Palace,Hull,spread,a,2.5,Hull wins by >2.5,2026-08-14T19:40+00:00,2026-09-07T16:58+00:00,3.2,,,,,,,,,
Everton|Liverpool|btts|-|-,12,Everton,Liverpool,btts,,,Both teams to score,2026-08-14T19:40+00:00,2026-09-07T16:58+00:00,56.3,,,,,,,,,
Everton|Liverpool|total|-|1.5,12,Everton,Liverpool,total,,1.5,Over 1.5 goals,2026-08-14T19:40+00:00,2026-09-07T16:58+00:00,77.7,,,,,,,,,
Everton|Liverpool|total|-|2.5,12,Everton,Liverpool,total,,2.5,Over 2.5 goals,2026-08-14T19:40+00:00,2026-09-07T16:58+00:00,52.7,,,,,,,,,
Everton|Liverpool|total|-|3.5,12,Everton,Liverpool,total,,3.5,Over 3.5 goals,2026-08-14T19:40+00:00,2026-09-07T16:58+00:00,30.5,,,,,,,,,
Everton|Liverpool|spread|h|1.5,12,Everton,Liverpool,spread,h,1.5,Everton wins by >1.5,2026-08-14T19:40+00:00,2026-09-07T16:58+00:00,11.1,,,,,,,,,
Everton|Liverpool|spread|a|1.5,12,Everton,Liverpool,spread,a,1.5,Liverpool wins by >1.5,2026-08-14T19:40+00:00,2026-09-07T16:58+00:00,24.9,,,,,,,,,
Everton|Liverpool|spread|h|2.5,12,Everton,Liverpool,spread,h,2.5,Everton wins by >2.5,2026-08-14T19:40+00:00,2026-09-07T16:58+00:00,3.5,,,,,,,,,
Everton|Liverpool|spread|a|2.5,12,Everton,Liverpool,spread,a,2.5,Liverpool wins by >2.5,2026-08-14T19:40+00:00,2026-09-07T16:58+00:00,10.4,,,,,,,,,
Fulham|Bournemouth|btts|-|-,12,Fulham,Bournemouth,btts,,,Both teams to score,2026-08-14T19:40+00:00,2026-09-07T16:58+00:00,58.0,,,,,,,,,
Fulham|Bournemouth|total|-|1.5,12,Fulham,Bournemouth,total,,1.5,Over 1.5 goals,2026-08-14T19:40+00:00,2026-09-07T16:58+00:00,78.1,,,,,,,,,
Fulham|Bournemouth|total|-|2.5,12,Fulham,Bournemouth,total,,2.5,Over 2.5 goals,2026-08-14T19:40+00:00,2026-09-07T16:58+00:00,53.3,,,,,,,,,
Fulham|Bournemouth|total|-|3.5,12,Fulham,Bournemouth,total,,3.5,Over 3.5 goals,2026-08-14T19:40+00:00,2026-09-07T16:58+00:00,31.0,,,,,,,,,
Fulham|Bournemouth|spread|h|1.5,12,Fulham,Bournemouth,spread,h,1.5,Fulham wins by >1.5,2026-08-14T19:40+00:00,2026-09-07T16:58+00:00,17.2,,,,,,,,,
Fulham|Bournemouth|spread|a|1.5,12,Fulham,Bournemouth,spread,a,1.5,Bournemouth wins by >1.5,2026-08-14T19:40+00:00,2026-09-07T16:58+00:00,17.4,,,,,,,,,
Fulham|Bournemouth|spread|h|2.5,12,Fulham,Bournemouth,spread,h,2.5,Fulham wins by >2.5,2026-08-14T19:40+00:00,2026-09-07T16:58+00:00,6.3,,,,,,,,,
Fulham|Bournemouth|spread|a|2.5,12,Fulham,Bournemouth,spread,a,2.5,Bournemouth wins by >2.5,2026-08-14T19:40+00:00,2026-09-07T16:58+00:00,6.4,,,,,,,,,
Ipswich|Aston Villa|btts|-|-,12,Ipswich,Aston Villa,btts,,,Both teams to score,2026-08-14T19:40+00:00,2026-09-07T16:58+00:00,57.7,,,,,,,,,
Ipswich|Aston Villa|total|-|1.5,12,Ipswich,Aston Villa,total,,1.5,Over 1.5 goals,2026-08-14T19:40+00:00,2026-09-07T16:58+00:00,83.0,,,,,,,,,
Ipswich|Aston Villa|total|-|2.5,12,Ipswich,Aston Villa,total,,2.5,Over 2.5 goals,2026-08-14T19:40+00:00,2026-09-07T16:58+00:00,60.8,,,,,,,,,
Ipswich|Aston Villa|total|-|3.5,12,Ipswich,Aston Villa,total,,3.5,Over 3.5 goals,2026-08-14T19:40+00:00,2026-09-07T16:58+00:00,38.5,,,,,,,,,
Ipswich|Aston Villa|spread|h|1.5,12,Ipswich,Aston Villa,spread,h,1.5,Ipswich wins by >1.5,2026-08-14T19:40+00:00,2026-09-07T16:58+00:00,6.4,,,,,,,,,
Ipswich|Aston Villa|spread|a|1.5,12,Ipswich,Aston Villa,spread,a,1.5,Aston Villa wins by >1.5,2026-08-14T19:40+00:00,2026-09-07T16:58+00:00,38.2,,,,,,,,,
Ipswich|Aston Villa|spread|h|2.5,12,Ipswich,Aston Villa,spread,h,2.5,Ipswich wins by >2.5,2026-08-14T19:40+00:00,2026-09-07T16:58+00:00,1.8,,,,,,,,,
Ipswich|Aston Villa|spread|a|2.5,12,Ipswich,Aston Villa,spread,a,2.5,Aston Villa wins by >2.5,2026-08-14T19:40+00:00,2026-09-07T16:58+00:00,19.5,,,,,,,,,
Leeds|Coventry|btts|-|-,12,Leeds,Coventry,btts,,,Both teams to score,2026-08-14T19:40+00:00,2026-09-07T16:58+00:00,40.1,,,,,,,,,
Leeds|Coventry|total|-|1.5,12,Leeds,Coventry,total,,1.5,Over 1.5 goals,2026-08-14T19:40+00:00,2026-09-07T16:58+00:00,65.0,,,,,,,,,
Leeds|Coventry|total|-|2.5,12,Leeds,Coventry,total,,2.5,Over 2.5 goals,2026-08-14T19:40+00:00,2026-09-07T16:58+00:00,37.1,,,,,,,,,
Leeds|Coventry|total|-|3.5,12,Leeds,Coventry,total,,3.5,Over 3.5 goals,2026-08-14T19:40+00:00,2026-09-07T16:58+00:00,17.6,,,,,,,,,
Leeds|Coventry|spread|h|1.5,12,Leeds,Coventry,spread,h,1.5,Leeds wins by >1.5,2026-08-14T19:40+00:00,2026-09-07T16:58+00:00,28.4,,,,,,,,,
Leeds|Coventry|spread|a|1.5,12,Leeds,Coventry,spread,a,1.5,Coventry wins by >1.5,2026-08-14T19:40+00:00,2026-09-07T16:58+00:00,5.0,,,,,,,,,
Leeds|Coventry|spread|h|2.5,12,Leeds,Coventry,spread,h,2.5,Leeds wins by >2.5,2026-08-14T19:40+00:00,2026-09-07T16:58+00:00,11.4,,,,,,,,,
Leeds|Coventry|spread|a|2.5,12,Leeds,Coventry,spread,a,2.5,Coventry wins by >2.5,2026-08-14T19:40+00:00,2026-09-07T16:58+00:00,1.0,,,,,,,,,
Man United|Brentford|btts|-|-,12,Man United,Brentford,btts,,,Both teams to score,2026-08-14T19:40+00:00,2026-09-07T16:58+00:00,63.5,,,,,,,,,
Man United|Brentford|total|-|1.5,12,Man United,Brentford,total,,1.5,Over 1.5 goals,2026-08-14T19:40+00:00,2026-09-07T16:58+00:00,83.3,,,,,,,,,
Man United|Brentford|total|-|2.5,12,Man United,Brentford,total,,2.5,Over 2.5 goals,2026-08-14T19:40+00:00,2026-09-07T16:58+00:00,61.3,,,,,,,,,
Man United|Brentford|total|-|3.5,12,Man United,Brentford,total,,3.5,Over 3.5 goals,2026-08-14T19:40+00:00,2026-09-07T16:58+00:00,38.9,,,,,,,,,
Man United|Brentford|spread|h|1.5,12,Man United,Brentford,spread,h,1.5,Man United wins by >1.5,2026-08-14T19:40+00:00,2026-09-07T16:58+00:00,24.3,,,,,,,,,
Man United|Brentford|spread|a|1.5,12,Man United,Brentford,spread,a,1.5,Brentford wins by >1.5,2026-08-14T19:40+00:00,2026-09-07T16:58+00:00,14.1,,,,,,,,,
Man United|Brentford|spread|h|2.5,12,Man United,Brentford,spread,h,2.5,Man United wins by >2.5,2026-08-14T19:40+00:00,2026-09-07T16:58+00:00,10.6,,,,,,,,,
Man United|Brentford|spread|a|2.5,12,Man United,Brentford,spread,a,2.5,Brentford wins by >2.5,2026-08-14T19:40+00:00,2026-09-07T16:58+00:00,5.1,,,,,,,,,
Nott'm Forest|Chelsea|btts|-|-,12,Nott'm Forest,Chelsea,btts,,,Both teams to score,2026-08-14T19:40+00:00,2026-09-07T16:58+00:00,58.7,,,,,,,,,
Nott'm Forest|Chelsea|total|-|1.5,12,Nott'm Forest,Chelsea,total,,1.5,Over 1.5 goals,2026-08-14T19:40+00:00,2026-09-07T16:58+00:00,78.8,,,,,,,,,
Nott'm Forest|Chelsea|total|-|2.5,12,Nott'm Forest,Chelsea,total,,2.5,Over 2.5 goals,2026-08-14T19:40+00:00,2026-09-07T16:58+00:00,54.3,,,,,,,,,
Nott'm Forest|Chelsea|total|-|3.5,12,Nott'm Forest,Chelsea,total,,3.5,Over 3.5 goals,2026-08-14T19:40+00:00,2026-09-07T16:58+00:00,32.0,,,,,,,,,
Nott'm Forest|Chelsea|spread|h|1.5,12,Nott'm Forest,Chelsea,spread,h,1.5,Nott'm Forest wins by >1.5,2026-08-14T19:40+00:00,2026-09-07T16:58+00:00,16.5,,,,,,,,,
Nott'm Forest|Chelsea|spread|a|1.5,12,Nott'm Forest,Chelsea,spread,a,1.5,Chelsea wins by >1.5,2026-08-14T19:40+00:00,2026-09-07T16:58+00:00,18.6,,,,,,,,,
Nott'm Forest|Chelsea|spread|h|2.5,12,Nott'm Forest,Chelsea,spread,h,2.5,Nott'm Forest wins by >2.5,2026-08-14T19:40+00:00,2026-09-07T16:58+00:00,6.0,,,,,,,,,
Nott'm Forest|Chelsea|spread|a|2.5,12,Nott'm Forest,Chelsea,spread,a,2.5,Chelsea wins by >2.5,2026-08-14T19:40+00:00,2026-09-07T16:58+00:00,7.1,,,,,,,,,
Sunderland|Tottenham|btts|-|-,12,Sunderland,Tottenham,btts,,,Both teams to score,2026-08-14T19:40+00:00,2026-09-07T16:58+00:00,51.3,,,,,,,,,
Sunderland|Tottenham|total|-|1.5,12,Sunderland,Tottenham,total,,1.5,Over 1.5 goals,2026-08-14T19:40+00:00,2026-09-07T16:58+00:00,71.9,,,,,,,,,
Sunderland|Tottenham|total|-|2.5,12,Sunderland,Tottenham,total,,2.5,Over 2.5 goals,2026-08-14T19:40+00:00,2026-09-07T16:58+00:00,45.0,,,,,,,,,
Sunderland|Tottenham|total|-|3.5,12,Sunderland,Tottenham,total,,3.5,Over 3.5 goals,2026-08-14T19:40+00:00,2026-09-07T16:58+00:00,23.7,,,,,,,,,
Sunderland|Tottenham|spread|h|1.5,12,Sunderland,Tottenham,spread,h,1.5,Sunderland wins by >1.5,2026-08-14T19:40+00:00,2026-09-07T16:58+00:00,18.7,,,,,,,,,
Sunderland|Tottenham|spread|a|1.5,12,Sunderland,Tottenham,spread,a,1.5,Tottenham wins by >1.5,2026-08-14T19:40+00:00,2026-09-07T16:58+00:00,13.0,,,,,,,,,
Sunderland|Tottenham|spread|h|2.5,12,Sunderland,Tottenham,spread,h,2.5,Sunderland wins by >2.5,2026-08-14T19:40+00:00,2026-09-07T16:58+00:00,6.7,,,,,,,,,
Sunderland|Tottenham|spread|a|2.5,12,Sunderland,Tottenham,spread,a,2.5,Tottenham wins by >2.5,2026-08-14T19:40+00:00,2026-09-07T16:58+00:00,4.1,,,,,,,,,
Bournemouth|Brighton|btts|-|-,13,Bournemouth,Brighton,btts,,,Both teams to score,2026-08-14T19:40+00:00,2026-09-07T16:58+00:00,61.1,,,,,,,,,
Bournemouth|Brighton|total|-|1.5,13,Bournemouth,Brighton,total,,1.5,Over 1.5 goals,2026-08-14T19:40+00:00,2026-09-07T16:58+00:00,81.0,,,,,,,,,
Bournemouth|Brighton|total|-|2.5,13,Bournemouth,Brighton,total,,2.5,Over 2.5 goals,2026-08-14T19:40+00:00,2026-09-07T16:58+00:00,57.6,,,,,,,,,
Bournemouth|Brighton|total|-|3.5,13,Bournemouth,Brighton,total,,3.5,Over 3.5 goals,2026-08-14T19:40+00:00,2026-09-07T16:58+00:00,35.2,,,,,,,,,
Bournemouth|Brighton|spread|h|1.5,13,Bournemouth,Brighton,spread,h,1.5,Bournemouth wins by >1.5,2026-08-14T19:40+00:00,2026-09-07T16:58+00:00,20.4,,,,,,,,,
Bournemouth|Brighton|spread|a|1.5,13,Bournemouth,Brighton,spread,a,1.5,Brighton wins by >1.5,2026-08-14T19:40+00:00,2026-09-07T16:58+00:00,16.0,,,,,,,,,
Bournemouth|Brighton|spread|h|2.5,13,Bournemouth,Brighton,spread,h,2.5,Bournemouth wins by >2.5,2026-08-14T19:40+00:00,2026-09-07T16:58+00:00,8.2,,,,,,,,,
Bournemouth|Brighton|spread|a|2.5,13,Bournemouth,Brighton,spread,a,2.5,Brighton wins by >2.5,2026-08-14T19:40+00:00,2026-09-07T16:58+00:00,5.9,,,,,,,,,
Aston Villa|Everton|btts|-|-,13,Aston Villa,Everton,btts,,,Both teams to score,2026-08-14T19:40+00:00,2026-09-07T16:58+00:00,51.5,,,,,,,,,
Aston Villa|Everton|total|-|1.5,13,Aston Villa,Everton,total,,1.5,Over 1.5 goals,2026-08-14T19:40+00:00,2026-09-07T16:58+00:00,72.9,,,,,,,,,
Aston Villa|Everton|total|-|2.5,13,Aston Villa,Everton,total,,2.5,Over 2.5 goals,2026-08-14T19:40+00:00,2026-09-07T16:58+00:00,46.3,,,,,,,,,
Aston Villa|Everton|total|-|3.5,13,Aston Villa,Everton,total,,3.5,Over 3.5 goals,2026-08-14T19:40+00:00,2026-09-07T16:58+00:00,24.8,,,,,,,,,
Aston Villa|Everton|spread|h|1.5,13,Aston Villa,Everton,spread,h,1.5,Aston Villa wins by >1.5,2026-08-14T19:40+00:00,2026-09-07T16:58+00:00,22.5,,,,,,,,,
Aston Villa|Everton|spread|a|1.5,13,Aston Villa,Everton,spread,a,1.5,Everton wins by >1.5,2026-08-14T19:40+00:00,2026-09-07T16:58+00:00,10.7,,,,,,,,,
Aston Villa|Everton|spread|h|2.5,13,Aston Villa,Everton,spread,h,2.5,Aston Villa wins by >2.5,2026-08-14T19:40+00:00,2026-09-07T16:58+00:00,8.7,,,,,,,,,
Aston Villa|Everton|spread|a|2.5,13,Aston Villa,Everton,spread,a,2.5,Everton wins by >2.5,2026-08-14T19:40+00:00,2026-09-07T16:58+00:00,3.2,,,,,,,,,
Brentford|Arsenal|btts|-|-,13,Brentford,Arsenal,btts,,,Both teams to score,2026-08-14T19:40+00:00,2026-09-07T16:58+00:00,52.1,,,,,,,,,
Brentford|Arsenal|total|-|1.5,13,Brentford,Arsenal,total,,1.5,Over 1.5 goals,2026-08-14T19:40+00:00,2026-09-07T16:58+00:00,76.2,,,,,,,,,
Brentford|Arsenal|total|-|2.5,13,Brentford,Arsenal,total,,2.5,Over 2.5 goals,2026-08-14T19:40+00:00,2026-09-07T16:58+00:00,50.7,,,,,,,,,
Brentford|Arsenal|total|-|3.5,13,Brentford,Arsenal,total,,3.5,Over 3.5 goals,2026-08-14T19:40+00:00,2026-09-07T16:58+00:00,28.6,,,,,,,,,
Brentford|Arsenal|spread|h|1.5,13,Brentford,Arsenal,spread,h,1.5,Brentford wins by >1.5,2026-08-14T19:40+00:00,2026-09-07T16:58+00:00,7.2,,,,,,,,,
Brentford|Arsenal|spread|a|1.5,13,Brentford,Arsenal,spread,a,1.5,Arsenal wins by >1.5,2026-08-14T19:40+00:00,2026-09-07T16:58+00:00,30.9,,,,,,,,,
Brentford|Arsenal|spread|h|2.5,13,Brentford,Arsenal,spread,h,2.5,Brentford wins by >2.5,2026-08-14T19:40+00:00,2026-09-07T16:58+00:00,1.9,,,,,,,,,
Brentford|Arsenal|spread|a|2.5,13,Brentford,Arsenal,spread,a,2.5,Arsenal wins by >2.5,2026-08-14T19:40+00:00,2026-09-07T16:58+00:00,13.8,,,,,,,,,
Chelsea|Crystal Palace|btts|-|-,13,Chelsea,Crystal Palace,btts,,,Both teams to score,2026-08-14T19:40+00:00,2026-09-07T16:58+00:00,58.3,,,,,,,,,
Chelsea|Crystal Palace|total|-|1.5,13,Chelsea,Crystal Palace,total,,1.5,Over 1.5 goals,2026-08-14T19:40+00:00,2026-09-07T16:58+00:00,80.7,,,,,,,,,
Chelsea|Crystal Palace|total|-|2.5,13,Chelsea,Crystal Palace,total,,2.5,Over 2.5 goals,2026-08-14T19:40+00:00,2026-09-07T16:58+00:00,57.3,,,,,,,,,
Chelsea|Crystal Palace|total|-|3.5,13,Chelsea,Crystal Palace,total,,3.5,Over 3.5 goals,2026-08-14T19:40+00:00,2026-09-07T16:58+00:00,34.8,,,,,,,,,
Chelsea|Crystal Palace|spread|h|1.5,13,Chelsea,Crystal Palace,spread,h,1.5,Chelsea wins by >1.5,2026-08-14T19:40+00:00,2026-09-07T16:58+00:00,30.1,,,,,,,,,
Chelsea|Crystal Palace|spread|a|1.5,13,Chelsea,Crystal Palace,spread,a,1.5,Crystal Palace wins by >1.5,2026-08-14T19:40+00:00,2026-09-07T16:58+00:00,9.2,,,,,,,,,
Chelsea|Crystal Palace|spread|h|2.5,13,Chelsea,Crystal Palace,spread,h,2.5,Chelsea wins by >2.5,2026-08-14T19:40+00:00,2026-09-07T16:58+00:00,13.8,,,,,,,,,
Chelsea|Crystal Palace|spread|a|2.5,13,Chelsea,Crystal Palace,spread,a,2.5,Crystal Palace wins by >2.5,2026-08-14T19:40+00:00,2026-09-07T16:58+00:00,2.8,,,,,,,,,
Coventry|Ipswich|btts|-|-,13,Coventry,Ipswich,btts,,,Both teams to score,2026-08-14T19:40+00:00,2026-09-07T16:58+00:00,45.7,,,,,,,,,
Coventry|Ipswich|total|-|1.5,13,Coventry,Ipswich,total,,1.5,Over 1.5 goals,2026-08-14T19:40+00:00,2026-09-07T16:58+00:00,66.3,,,,,,,,,
Coventry|Ipswich|total|-|2.5,13,Coventry,Ipswich,total,,2.5,Over 2.5 goals,2026-08-14T19:40+00:00,2026-09-07T16:58+00:00,38.4,,,,,,,,,
Coventry|Ipswich|total|-|3.5,13,Coventry,Ipswich,total,,3.5,Over 3.5 goals,2026-08-14T19:40+00:00,2026-09-07T16:58+00:00,18.6,,,,,,,,,
Coventry|Ipswich|spread|h|1.5,13,Coventry,Ipswich,spread,h,1.5,Coventry wins by >1.5,2026-08-14T19:40+00:00,2026-09-07T16:58+00:00,18.6,,,,,,,,,
Coventry|Ipswich|spread|a|1.5,13,Coventry,Ipswich,spread,a,1.5,Ipswich wins by >1.5,2026-08-14T19:40+00:00,2026-09-07T16:58+00:00,10.7,,,,,,,,,
Coventry|Ipswich|spread|h|2.5,13,Coventry,Ipswich,spread,h,2.5,Coventry wins by >2.5,2026-08-14T19:40+00:00,2026-09-07T16:58+00:00,6.4,,,,,,,,,
Coventry|Ipswich|spread|a|2.5,13,Coventry,Ipswich,spread,a,2.5,Ipswich wins by >2.5,2026-08-14T19:40+00:00,2026-09-07T16:58+00:00,3.0,,,,,,,,,
Hull|Nott'm Forest|btts|-|-,13,Hull,Nott'm Forest,btts,,,Both teams to score,2026-08-14T19:40+00:00,2026-09-07T16:58+00:00,38.1,,,,,,,,,
Hull|Nott'm Forest|total|-|1.5,13,Hull,Nott'm Forest,total,,1.5,Over 1.5 goals,2026-08-14T19:40+00:00,2026-09-07T16:58+00:00,57.2,,,,,,,,,
Hull|Nott'm Forest|total|-|2.5,13,Hull,Nott'm Forest,total,,2.5,Over 2.5 goals,2026-08-14T19:40+00:00,2026-09-07T16:58+00:00,29.0,,,,,,,,,
Hull|Nott'm Forest|total|-|3.5,13,Hull,Nott'm Forest,total,,3.5,Over 3.5 goals,2026-08-14T19:40+00:00,2026-09-07T16:58+00:00,12.2,,,,,,,,,
Hull|Nott'm Forest|spread|h|1.5,13,Hull,Nott'm Forest,spread,h,1.5,Hull wins by >1.5,2026-08-14T19:40+00:00,2026-09-07T16:58+00:00,14.4,,,,,,,,,
Hull|Nott'm Forest|spread|a|1.5,13,Hull,Nott'm Forest,spread,a,1.5,Nott'm Forest wins by >1.5,2026-08-14T19:40+00:00,2026-09-07T16:58+00:00,10.4,,,,,,,,,
Hull|Nott'm Forest|spread|h|2.5,13,Hull,Nott'm Forest,spread,h,2.5,Hull wins by >2.5,2026-08-14T19:40+00:00,2026-09-07T16:58+00:00,4.1,,,,,,,,,
Hull|Nott'm Forest|spread|a|2.5,13,Hull,Nott'm Forest,spread,a,2.5,Nott'm Forest wins by >2.5,2026-08-14T19:40+00:00,2026-09-07T16:58+00:00,2.6,,,,,,,,,
Liverpool|Sunderland|btts|-|-,13,Liverpool,Sunderland,btts,,,Both teams to score,2026-08-14T19:40+00:00,2026-09-07T16:58+00:00,51.6,,,,,,,,,
Liverpool|Sunderland|total|-|1.5,13,Liverpool,Sunderland,total,,1.5,Over 1.5 goals,2026-08-14T19:40+00:00,2026-09-07T16:58+00:00,76.9,,,,,,,,,
Liverpool|Sunderland|total|-|2.5,13,Liverpool,Sunderland,total,,2.5,Over 2.5 goals,2026-08-14T19:40+00:00,2026-09-07T16:58+00:00,51.7,,,,,,,,,
Liverpool|Sunderland|total|-|3.5,13,Liverpool,Sunderland,total,,3.5,Over 3.5 goals,2026-08-14T19:40+00:00,2026-09-07T16:58+00:00,29.5,,,,,,,,,
Liverpool|Sunderland|spread|h|1.5,13,Liverpool,Sunderland,spread,h,1.5,Liverpool wins by >1.5,2026-08-14T19:40+00:00,2026-09-07T16:58+00:00,33.5,,,,,,,,,
Liverpool|Sunderland|spread|a|1.5,13,Liverpool,Sunderland,spread,a,1.5,Sunderland wins by >1.5,2026-08-14T19:40+00:00,2026-09-07T16:58+00:00,6.3,,,,,,,,,
Liverpool|Sunderland|spread|h|2.5,13,Liverpool,Sunderland,spread,h,2.5,Liverpool wins by >2.5,2026-08-14T19:40+00:00,2026-09-07T16:58+00:00,15.5,,,,,,,,,
Liverpool|Sunderland|spread|a|2.5,13,Liverpool,Sunderland,spread,a,2.5,Sunderland wins by >2.5,2026-08-14T19:40+00:00,2026-09-07T16:58+00:00,1.6,,,,,,,,,
Man City|Leeds|btts|-|-,13,Man City,Leeds,btts,,,Both teams to score,2026-08-14T19:40+00:00,2026-09-07T16:58+00:00,51.3,,,,,,,,,
Man City|Leeds|total|-|1.5,13,Man City,Leeds,total,,1.5,Over 1.5 goals,2026-08-14T19:40+00:00,2026-09-07T16:58+00:00,82.2,,,,,,,,,
Man City|Leeds|total|-|2.5,13,Man City,Leeds,total,,2.5,Over 2.5 goals,2026-08-14T19:40+00:00,2026-09-07T16:58+00:00,59.8,,,,,,,,,
Man City|Leeds|total|-|3.5,13,Man City,Leeds,total,,3.5,Over 3.5 goals,2026-08-14T19:40+00:00,2026-09-07T16:58+00:00,37.5,,,,,,,,,
Man City|Leeds|spread|h|1.5,13,Man City,Leeds,spread,h,1.5,Man City wins by >1.5,2026-08-14T19:40+00:00,2026-09-07T16:58+00:00,46.5,,,,,,,,,
Man City|Leeds|spread|a|1.5,13,Man City,Leeds,spread,a,1.5,Leeds wins by >1.5,2026-08-14T19:40+00:00,2026-09-07T16:58+00:00,3.6,,,,,,,,,
Man City|Leeds|spread|h|2.5,13,Man City,Leeds,spread,h,2.5,Man City wins by >2.5,2026-08-14T19:40+00:00,2026-09-07T16:58+00:00,25.6,,,,,,,,,
Man City|Leeds|spread|a|2.5,13,Man City,Leeds,spread,a,2.5,Leeds wins by >2.5,2026-08-14T19:40+00:00,2026-09-07T16:58+00:00,0.8,,,,,,,,,
Newcastle|Man United|btts|-|-,13,Newcastle,Man United,btts,,,Both teams to score,2026-08-14T19:40+00:00,2026-09-07T16:58+00:00,65.5,,,,,,,,,
Newcastle|Man United|total|-|1.5,13,Newcastle,Man United,total,,1.5,Over 1.5 goals,2026-08-14T19:40+00:00,2026-09-07T16:58+00:00,84.8,,,,,,,,,
Newcastle|Man United|total|-|2.5,13,Newcastle,Man United,total,,2.5,Over 2.5 goals,2026-08-14T19:40+00:00,2026-09-07T16:58+00:00,63.7,,,,,,,,,
Newcastle|Man United|total|-|3.5,13,Newcastle,Man United,total,,3.5,Over 3.5 goals,2026-08-14T19:40+00:00,2026-09-07T16:58+00:00,41.5,,,,,,,,,
Newcastle|Man United|spread|h|1.5,13,Newcastle,Man United,spread,h,1.5,Newcastle wins by >1.5,2026-08-14T19:40+00:00,2026-09-07T16:58+00:00,23.4,,,,,,,,,
Newcastle|Man United|spread|a|1.5,13,Newcastle,Man United,spread,a,1.5,Man United wins by >1.5,2026-08-14T19:40+00:00,2026-09-07T16:58+00:00,15.6,,,,,,,,,
Newcastle|Man United|spread|h|2.5,13,Newcastle,Man United,spread,h,2.5,Newcastle wins by >2.5,2026-08-14T19:40+00:00,2026-09-07T16:58+00:00,10.2,,,,,,,,,
Newcastle|Man United|spread|a|2.5,13,Newcastle,Man United,spread,a,2.5,Man United wins by >2.5,2026-08-14T19:40+00:00,2026-09-07T16:58+00:00,6.0,,,,,,,,,
Tottenham|Fulham|btts|-|-,13,Tottenham,Fulham,btts,,,Both teams to score,2026-08-14T19:40+00:00,2026-09-07T16:58+00:00,59.5,,,,,,,,,
Tottenham|Fulham|total|-|1.5,13,Tottenham,Fulham,total,,1.5,Over 1.5 goals,2026-08-14T19:40+00:00,2026-09-07T16:58+00:00,79.6,,,,,,,,,
Tottenham|Fulham|total|-|2.5,13,Tottenham,Fulham,total,,2.5,Over 2.5 goals,2026-08-14T19:40+00:00,2026-09-07T16:58+00:00,55.5,,,,,,,,,
Tottenham|Fulham|total|-|3.5,13,Tottenham,Fulham,total,,3.5,Over 3.5 goals,2026-08-14T19:40+00:00,2026-09-07T16:58+00:00,33.2,,,,,,,,,
Tottenham|Fulham|spread|h|1.5,13,Tottenham,Fulham,spread,h,1.5,Tottenham wins by >1.5,2026-08-14T19:40+00:00,2026-09-07T16:58+00:00,21.0,,,,,,,,,
Tottenham|Fulham|spread|a|1.5,13,Tottenham,Fulham,spread,a,1.5,Fulham wins by >1.5,2026-08-14T19:40+00:00,2026-09-07T16:58+00:00,14.8,,,,,,,,,
Tottenham|Fulham|spread|h|2.5,13,Tottenham,Fulham,spread,h,2.5,Tottenham wins by >2.5,2026-08-14T19:40+00:00,2026-09-07T16:58+00:00,8.4,,,,,,,,,
Tottenham|Fulham|spread|a|2.5,13,Tottenham,Fulham,spread,a,2.5,Fulham wins by >2.5,2026-08-14T19:40+00:00,2026-09-07T16:58+00:00,5.2,,,,,,,,,
Bournemouth|Hull|btts|-|-,14,Bournemouth,Hull,btts,,,Both teams to score,2026-08-14T19:40+00:00,2026-09-07T16:58+00:00,41.9,,,,,,,,,
Bournemouth|Hull|total|-|1.5,14,Bournemouth,Hull,total,,1.5,Over 1.5 goals,2026-08-14T19:40+00:00,2026-09-07T16:58+00:00,62.0,,,,,,,,,
Bournemouth|Hull|total|-|2.5,14,Bournemouth,Hull,total,,2.5,Over 2.5 goals,2026-08-14T19:40+00:00,2026-09-07T16:58+00:00,33.8,,,,,,,,,
Bournemouth|Hull|total|-|3.5,14,Bournemouth,Hull,total,,3.5,Over 3.5 goals,2026-08-14T19:40+00:00,2026-09-07T16:58+00:00,15.3,,,,,,,,,
Bournemouth|Hull|spread|h|1.5,14,Bournemouth,Hull,spread,h,1.5,Bournemouth wins by >1.5,2026-08-14T19:40+00:00,2026-09-07T16:58+00:00,17.3,,,,,,,,,
Bournemouth|Hull|spread|a|1.5,14,Bournemouth,Hull,spread,a,1.5,Hull wins by >1.5,2026-08-14T19:40+00:00,2026-09-07T16:58+00:00,10.0,,,,,,,,,
Bournemouth|Hull|spread|h|2.5,14,Bournemouth,Hull,spread,h,2.5,Bournemouth wins by >2.5,2026-08-14T19:40+00:00,2026-09-07T16:58+00:00,5.6,,,,,,,,,
Bournemouth|Hull|spread|a|2.5,14,Bournemouth,Hull,spread,a,2.5,Hull wins by >2.5,2026-08-14T19:40+00:00,2026-09-07T16:58+00:00,2.6,,,,,,,,,
Aston Villa|Crystal Palace|btts|-|-,14,Aston Villa,Crystal Palace,btts,,,Both teams to score,2026-08-14T19:40+00:00,2026-09-07T16:58+00:00,55.6,,,,,,,,,
Aston Villa|Crystal Palace|total|-|1.5,14,Aston Villa,Crystal Palace,total,,1.5,Over 1.5 goals,2026-08-14T19:40+00:00,2026-09-07T16:58+00:00,77.5,,,,,,,,,
Aston Villa|Crystal Palace|total|-|2.5,14,Aston Villa,Crystal Palace,total,,2.5,Over 2.5 goals,2026-08-14T19:40+00:00,2026-09-07T16:58+00:00,52.4,,,,,,,,,
Aston Villa|Crystal Palace|total|-|3.5,14,Aston Villa,Crystal Palace,total,,3.5,Over 3.5 goals,2026-08-14T19:40+00:00,2026-09-07T16:58+00:00,30.2,,,,,,,,,
Aston Villa|Crystal Palace|spread|h|1.5,14,Aston Villa,Crystal Palace,spread,h,1.5,Aston Villa wins by >1.5,2026-08-14T19:40+00:00,2026-09-07T16:58+00:00,26.2,,,,,,,,,
Aston Villa|Crystal Palace|spread|a|1.5,14,Aston Villa,Crystal Palace,spread,a,1.5,Crystal Palace wins by >1.5,2026-08-14T19:40+00:00,2026-09-07T16:58+00:00,10.2,,,,,,,,,
Aston Villa|Crystal Palace|spread|h|2.5,14,Aston Villa,Crystal Palace,spread,h,2.5,Aston Villa wins by >2.5,2026-08-14T19:40+00:00,2026-09-07T16:58+00:00,11.1,,,,,,,,,
Aston Villa|Crystal Palace|spread|a|2.5,14,Aston Villa,Crystal Palace,spread,a,2.5,Crystal Palace wins by >2.5,2026-08-14T19:40+00:00,2026-09-07T16:58+00:00,3.1,,,,,,,,,
Brentford|Man City|btts|-|-,14,Brentford,Man City,btts,,,Both teams to score,2026-08-14T19:40+00:00,2026-09-07T16:58+00:00,59.0,,,,,,,,,
Brentford|Man City|total|-|1.5,14,Brentford,Man City,total,,1.5,Over 1.5 goals,2026-08-14T19:40+00:00,2026-09-07T16:58+00:00,81.9,,,,,,,,,
Brentford|Man City|total|-|2.5,14,Brentford,Man City,total,,2.5,Over 2.5 goals,2026-08-14T19:40+00:00,2026-09-07T16:58+00:00,59.1,,,,,,,,,
Brentford|Man City|total|-|3.5,14,Brentford,Man City,total,,3.5,Over 3.5 goals,2026-08-14T19:40+00:00,2026-09-07T16:58+00:00,36.7,,,,,,,,,
Brentford|Man City|spread|h|1.5,14,Brentford,Man City,spread,h,1.5,Brentford wins by >1.5,2026-08-14T19:40+00:00,2026-09-07T16:58+00:00,8.6,,,,,,,,,
Brentford|Man City|spread|a|1.5,14,Brentford,Man City,spread,a,1.5,Man City wins by >1.5,2026-08-14T19:40+00:00,2026-09-07T16:58+00:00,32.3,,,,,,,,,
Brentford|Man City|spread|h|2.5,14,Brentford,Man City,spread,h,2.5,Brentford wins by >2.5,2026-08-14T19:40+00:00,2026-09-07T16:58+00:00,2.6,,,,,,,,,
Brentford|Man City|spread|a|2.5,14,Brentford,Man City,spread,a,2.5,Man City wins by >2.5,2026-08-14T19:40+00:00,2026-09-07T16:58+00:00,15.4,,,,,,,,,
Chelsea|Liverpool|btts|-|-,14,Chelsea,Liverpool,btts,,,Both teams to score,2026-08-14T19:40+00:00,2026-09-07T16:58+00:00,67.2,,,,,,,,,
Chelsea|Liverpool|total|-|1.5,14,Chelsea,Liverpool,total,,1.5,Over 1.5 goals,2026-08-14T19:40+00:00,2026-09-07T16:58+00:00,85.9,,,,,,,,,
Chelsea|Liverpool|total|-|2.5,14,Chelsea,Liverpool,total,,2.5,Over 2.5 goals,2026-08-14T19:40+00:00,2026-09-07T16:58+00:00,65.5,,,,,,,,,
Chelsea|Liverpool|total|-|3.5,14,Chelsea,Liverpool,total,,3.5,Over 3.5 goals,2026-08-14T19:40+00:00,2026-09-07T16:58+00:00,43.6,,,,,,,,,
Chelsea|Liverpool|spread|h|1.5,14,Chelsea,Liverpool,spread,h,1.5,Chelsea wins by >1.5,2026-08-14T19:40+00:00,2026-09-07T16:58+00:00,17.6,,,,,,,,,
Chelsea|Liverpool|spread|a|1.5,14,Chelsea,Liverpool,spread,a,1.5,Liverpool wins by >1.5,2026-08-14T19:40+00:00,2026-09-07T16:58+00:00,21.8,,,,,,,,,
Chelsea|Liverpool|spread|h|2.5,14,Chelsea,Liverpool,spread,h,2.5,Chelsea wins by >2.5,2026-08-14T19:40+00:00,2026-09-07T16:58+00:00,7.1,,,,,,,,,
Chelsea|Liverpool|spread|a|2.5,14,Chelsea,Liverpool,spread,a,2.5,Liverpool wins by >2.5,2026-08-14T19:40+00:00,2026-09-07T16:58+00:00,9.4,,,,,,,,,
Everton|Fulham|btts|-|-,14,Everton,Fulham,btts,,,Both teams to score,2026-08-14T19:40+00:00,2026-09-07T16:58+00:00,50.0,,,,,,,,,
Everton|Fulham|total|-|1.5,14,Everton,Fulham,total,,1.5,Over 1.5 goals,2026-08-14T19:40+00:00,2026-09-07T16:58+00:00,70.7,,,,,,,,,
Everton|Fulham|total|-|2.5,14,Everton,Fulham,total,,2.5,Over 2.5 goals,2026-08-14T19:40+00:00,2026-09-07T16:58+00:00,43.5,,,,,,,,,
Everton|Fulham|total|-|3.5,14,Everton,Fulham,total,,3.5,Over 3.5 goals,2026-08-14T19:40+00:00,2026-09-07T16:58+00:00,22.5,,,,,,,,,
Everton|Fulham|spread|h|1.5,14,Everton,Fulham,spread,h,1.5,Everton wins by >1.5,2026-08-14T19:40+00:00,2026-09-07T16:58+00:00,19.1,,,,,,,,,
Everton|Fulham|spread|a|1.5,14,Everton,Fulham,spread,a,1.5,Fulham wins by >1.5,2026-08-14T19:40+00:00,2026-09-07T16:58+00:00,12.2,,,,,,,,,
Everton|Fulham|spread|h|2.5,14,Everton,Fulham,spread,h,2.5,Everton wins by >2.5,2026-08-14T19:40+00:00,2026-09-07T16:58+00:00,6.8,,,,,,,,,
Everton|Fulham|spread|a|2.5,14,Everton,Fulham,spread,a,2.5,Fulham wins by >2.5,2026-08-14T19:40+00:00,2026-09-07T16:58+00:00,3.7,,,,,,,,,
Leeds|Ipswich|btts|-|-,14,Leeds,Ipswich,btts,,,Both teams to score,2026-08-14T19:40+00:00,2026-09-07T16:58+00:00,54.4,,,,,,,,,
Leeds|Ipswich|total|-|1.5,14,Leeds,Ipswich,total,,1.5,Over 1.5 goals,2026-08-14T19:40+00:00,2026-09-07T16:58+00:00,81.6,,,,,,,,,
Leeds|Ipswich|total|-|2.5,14,Leeds,Ipswich,total,,2.5,Over 2.5 goals,2026-08-14T19:40+00:00,2026-09-07T16:58+00:00,58.7,,,,,,,,,
Leeds|Ipswich|total|-|3.5,14,Leeds,Ipswich,total,,3.5,Over 3.5 goals,2026-08-14T19:40+00:00,2026-09-07T16:58+00:00,36.3,,,,,,,,,
Leeds|Ipswich|spread|h|1.5,14,Leeds,Ipswich,spread,h,1.5,Leeds wins by >1.5,2026-08-14T19:40+00:00,2026-09-07T16:58+00:00,40.4,,,,,,,,,
Leeds|Ipswich|spread|a|1.5,14,Leeds,Ipswich,spread,a,1.5,Ipswich wins by >1.5,2026-08-14T19:40+00:00,2026-09-07T16:58+00:00,5.2,,,,,,,,,
Leeds|Ipswich|spread|h|2.5,14,Leeds,Ipswich,spread,h,2.5,Leeds wins by >2.5,2026-08-14T19:40+00:00,2026-09-07T16:58+00:00,20.9,,,,,,,,,
Leeds|Ipswich|spread|a|2.5,14,Leeds,Ipswich,spread,a,2.5,Ipswich wins by >2.5,2026-08-14T19:40+00:00,2026-09-07T16:58+00:00,1.3,,,,,,,,,
Man United|Coventry|btts|-|-,14,Man United,Coventry,btts,,,Both teams to score,2026-08-14T19:40+00:00,2026-09-07T16:58+00:00,43.5,,,,,,,,,
Man United|Coventry|total|-|1.5,14,Man United,Coventry,total,,1.5,Over 1.5 goals,2026-08-14T19:40+00:00,2026-09-07T16:58+00:00,73.5,,,,,,,,,
Man United|Coventry|total|-|2.5,14,Man United,Coventry,total,,2.5,Over 2.5 goals,2026-08-14T19:40+00:00,2026-09-07T16:58+00:00,47.4,,,,,,,,,
Man United|Coventry|total|-|3.5,14,Man United,Coventry,total,,3.5,Over 3.5 goals,2026-08-14T19:40+00:00,2026-09-07T16:58+00:00,25.7,,,,,,,,,
Man United|Coventry|spread|h|1.5,14,Man United,Coventry,spread,h,1.5,Man United wins by >1.5,2026-08-14T19:40+00:00,2026-09-07T16:58+00:00,39.2,,,,,,,,,
Man United|Coventry|spread|a|1.5,14,Man United,Coventry,spread,a,1.5,Coventry wins by >1.5,2026-08-14T19:40+00:00,2026-09-07T16:58+00:00,3.6,,,,,,,,,
Man United|Coventry|spread|h|2.5,14,Man United,Coventry,spread,h,2.5,Man United wins by >2.5,2026-08-14T19:40+00:00,2026-09-07T16:58+00:00,19.0,,,,,,,,,
Man United|Coventry|spread|a|2.5,14,Man United,Coventry,spread,a,2.5,Coventry wins by >2.5,2026-08-14T19:40+00:00,2026-09-07T16:58+00:00,0.7,,,,,,,,,
Newcastle|Sunderland|btts|-|-,14,Newcastle,Sunderland,btts,,,Both teams to score,2026-08-14T19:40+00:00,2026-09-07T16:58+00:00,51.5,,,,,,,,,
Newcastle|Sunderland|total|-|1.5,14,Newcastle,Sunderland,total,,1.5,Over 1.5 goals,2026-08-14T19:40+00:00,2026-09-07T16:58+00:00,73.8,,,,,,,,,
Newcastle|Sunderland|total|-|2.5,14,Newcastle,Sunderland,total,,2.5,Over 2.5 goals,2026-08-14T19:40+00:00,2026-09-07T16:58+00:00,47.5,,,,,,,,,
Newcastle|Sunderland|total|-|3.5,14,Newcastle,Sunderland,total,,3.5,Over 3.5 goals,2026-08-14T19:40+00:00,2026-09-07T16:58+00:00,25.8,,,,,,,,,
Newcastle|Sunderland|spread|h|1.5,14,Newcastle,Sunderland,spread,h,1.5,Newcastle wins by >1.5,2026-08-14T19:40+00:00,2026-09-07T16:58+00:00,25.7,,,,,,,,,
Newcastle|Sunderland|spread|a|1.5,14,Newcastle,Sunderland,spread,a,1.5,Sunderland wins by >1.5,2026-08-14T19:40+00:00,2026-09-07T16:58+00:00,9.0,,,,,,,,,
Newcastle|Sunderland|spread|h|2.5,14,Newcastle,Sunderland,spread,h,2.5,Newcastle wins by >2.5,2026-08-14T19:40+00:00,2026-09-07T16:58+00:00,10.5,,,,,,,,,
Newcastle|Sunderland|spread|a|2.5,14,Newcastle,Sunderland,spread,a,2.5,Sunderland wins by >2.5,2026-08-14T19:40+00:00,2026-09-07T16:58+00:00,2.5,,,,,,,,,
Nott'm Forest|Brighton|btts|-|-,14,Nott'm Forest,Brighton,btts,,,Both teams to score,2026-08-14T19:40+00:00,2026-09-07T16:58+00:00,56.8,,,,,,,,,
Nott'm Forest|Brighton|total|-|1.5,14,Nott'm Forest,Brighton,total,,1.5,Over 1.5 goals,2026-08-14T19:40+00:00,2026-09-07T16:58+00:00,77.0,,,,,,,,,
Nott'm Forest|Brighton|total|-|2.5,14,Nott'm Forest,Brighton,total,,2.5,Over 2.5 goals,2026-08-14T19:40+00:00,2026-09-07T16:58+00:00,51.8,,,,,,,,,
Nott'm Forest|Brighton|total|-|3.5,14,Nott'm Forest,Brighton,total,,3.5,Over 3.5 goals,2026-08-14T19:40+00:00,2026-09-07T16:58+00:00,29.6,,,,,,,,,
Nott'm Forest|Brighton|spread|h|1.5,14,Nott'm Forest,Brighton,spread,h,1.5,Nott'm Forest wins by >1.5,2026-08-14T19:40+00:00,2026-09-07T16:58+00:00,17.5,,,,,,,,,
Nott'm Forest|Brighton|spread|a|1.5,14,Nott'm Forest,Brighton,spread,a,1.5,Brighton wins by >1.5,2026-08-14T19:40+00:00,2026-09-07T16:58+00:00,16.6,,,,,,,,,
Nott'm Forest|Brighton|spread|h|2.5,14,Nott'm Forest,Brighton,spread,h,2.5,Nott'm Forest wins by >2.5,2026-08-14T19:40+00:00,2026-09-07T16:58+00:00,6.4,,,,,,,,,
Nott'm Forest|Brighton|spread|a|2.5,14,Nott'm Forest,Brighton,spread,a,2.5,Brighton wins by >2.5,2026-08-14T19:40+00:00,2026-09-07T16:58+00:00,6.0,,,,,,,,,
Tottenham|Arsenal|btts|-|-,14,Tottenham,Arsenal,btts,,,Both teams to score,2026-08-14T19:40+00:00,2026-09-07T16:58+00:00,51.5,,,,,,,,,
Tottenham|Arsenal|total|-|1.5,14,Tottenham,Arsenal,total,,1.5,Over 1.5 goals,2026-08-14T19:40+00:00,2026-09-07T16:58+00:00,78.6,,,,,,,,,
Tottenham|Arsenal|total|-|2.5,14,Tottenham,Arsenal,total,,2.5,Over 2.5 goals,2026-08-14T19:40+00:00,2026-09-07T16:58+00:00,54.2,,,,,,,,,
Tottenham|Arsenal|total|-|3.5,14,Tottenham,Arsenal,total,,3.5,Over 3.5 goals,2026-08-14T19:40+00:00,2026-09-07T16:58+00:00,31.9,,,,,,,,,
Tottenham|Arsenal|spread|h|1.5,14,Tottenham,Arsenal,spread,h,1.5,Tottenham wins by >1.5,2026-08-14T19:40+00:00,2026-09-07T16:58+00:00,5.2,,,,,,,,,
Tottenham|Arsenal|spread|a|1.5,14,Tottenham,Arsenal,spread,a,1.5,Arsenal wins by >1.5,2026-08-14T19:40+00:00,2026-09-07T16:58+00:00,37.8,,,,,,,,,
Tottenham|Arsenal|spread|h|2.5,14,Tottenham,Arsenal,spread,h,2.5,Tottenham wins by >2.5,2026-08-14T19:40+00:00,2026-09-07T16:58+00:00,1.3,,,,,,,,,
Tottenham|Arsenal|spread|a|2.5,14,Tottenham,Arsenal,spread,a,2.5,Arsenal wins by >2.5,2026-08-14T19:40+00:00,2026-09-07T16:58+00:00,18.7,,,,,,,,,
Arsenal|Bournemouth|btts|-|-,15,Arsenal,Bournemouth,btts,,,Both teams to score,2026-08-14T19:40+00:00,2026-09-07T16:58+00:00,49.0,,,,,,,,,
Arsenal|Bournemouth|total|-|1.5,15,Arsenal,Bournemouth,total,,1.5,Over 1.5 goals,2026-08-14T19:40+00:00,2026-09-07T16:58+00:00,78.4,,,,,,,,,
Arsenal|Bournemouth|total|-|2.5,15,Arsenal,Bournemouth,total,,2.5,Over 2.5 goals,2026-08-14T19:40+00:00,2026-09-07T16:58+00:00,53.9,,,,,,,,,
Arsenal|Bournemouth|total|-|3.5,15,Arsenal,Bournemouth,total,,3.5,Over 3.5 goals,2026-08-14T19:40+00:00,2026-09-07T16:58+00:00,31.6,,,,,,,,,
Arsenal|Bournemouth|spread|h|1.5,15,Arsenal,Bournemouth,spread,h,1.5,Arsenal wins by >1.5,2026-08-14T19:40+00:00,2026-09-07T16:58+00:00,41.2,,,,,,,,,
Arsenal|Bournemouth|spread|a|1.5,15,Arsenal,Bournemouth,spread,a,1.5,Bournemouth wins by >1.5,2026-08-14T19:40+00:00,2026-09-07T16:58+00:00,4.1,,,,,,,,,
Arsenal|Bournemouth|spread|h|2.5,15,Arsenal,Bournemouth,spread,h,2.5,Arsenal wins by >2.5,2026-08-14T19:40+00:00,2026-09-07T16:58+00:00,21.0,,,,,,,,,
Arsenal|Bournemouth|spread|a|2.5,15,Arsenal,Bournemouth,spread,a,2.5,Bournemouth wins by >2.5,2026-08-14T19:40+00:00,2026-09-07T16:58+00:00,0.9,,,,,,,,,
Brighton|Everton|btts|-|-,15,Brighton,Everton,btts,,,Both teams to score,2026-08-14T19:40+00:00,2026-09-07T16:58+00:00,52.8,,,,,,,,,
Brighton|Everton|total|-|1.5,15,Brighton,Everton,total,,1.5,Over 1.5 goals,2026-08-14T19:40+00:00,2026-09-07T16:58+00:00,74.3,,,,,,,,,
Brighton|Everton|total|-|2.5,15,Brighton,Everton,total,,2.5,Over 2.5 goals,2026-08-14T19:40+00:00,2026-09-07T16:58+00:00,48.1,,,,,,,,,
Brighton|Everton|total|-|3.5,15,Brighton,Everton,total,,3.5,Over 3.5 goals,2026-08-14T19:40+00:00,2026-09-07T16:58+00:00,26.3,,,,,,,,,
Brighton|Everton|spread|h|1.5,15,Brighton,Everton,spread,h,1.5,Brighton wins by >1.5,2026-08-14T19:40+00:00,2026-09-07T16:58+00:00,23.4,,,,,,,,,
Brighton|Everton|spread|a|1.5,15,Brighton,Everton,spread,a,1.5,Everton wins by >1.5,2026-08-14T19:40+00:00,2026-09-07T16:58+00:00,10.6,,,,,,,,,
Brighton|Everton|spread|h|2.5,15,Brighton,Everton,spread,h,2.5,Brighton wins by >2.5,2026-08-14T19:40+00:00,2026-09-07T16:58+00:00,9.3,,,,,,,,,
Brighton|Everton|spread|a|2.5,15,Brighton,Everton,spread,a,2.5,Everton wins by >2.5,2026-08-14T19:40+00:00,2026-09-07T16:58+00:00,3.2,,,,,,,,,
Coventry|Aston Villa|btts|-|-,15,Coventry,Aston Villa,btts,,,Both teams to score,2026-08-14T19:40+00:00,2026-09-07T16:58+00:00,43.0,,,,,,,,,
Coventry|Aston Villa|total|-|1.5,15,Coventry,Aston Villa,total,,1.5,Over 1.5 goals,2026-08-14T19:40+00:00,2026-09-07T16:58+00:00,66.8,,,,,,,,,
Coventry|Aston Villa|total|-|2.5,15,Coventry,Aston Villa,total,,2.5,Over 2.5 goals,2026-08-14T19:40+00:00,2026-09-07T16:58+00:00,39.1,,,,,,,,,
Coventry|Aston Villa|total|-|3.5,15,Coventry,Aston Villa,total,,3.5,Over 3.5 goals,2026-08-14T19:40+00:00,2026-09-07T16:58+00:00,19.1,,,,,,,,,
Coventry|Aston Villa|spread|h|1.5,15,Coventry,Aston Villa,spread,h,1.5,Coventry wins by >1.5,2026-08-14T19:40+00:00,2026-09-07T16:58+00:00,6.1,,,,,,,,,
Coventry|Aston Villa|spread|a|1.5,15,Coventry,Aston Villa,spread,a,1.5,Aston Villa wins by >1.5,2026-08-14T19:40+00:00,2026-09-07T16:58+00:00,26.9,,,,,,,,,
Coventry|Aston Villa|spread|h|2.5,15,Coventry,Aston Villa,spread,h,2.5,Coventry wins by >2.5,2026-08-14T19:40+00:00,2026-09-07T16:58+00:00,1.4,,,,,,,,,
Coventry|Aston Villa|spread|a|2.5,15,Coventry,Aston Villa,spread,a,2.5,Aston Villa wins by >2.5,2026-08-14T19:40+00:00,2026-09-07T16:58+00:00,10.7,,,,,,,,,
Crystal Palace|Man United|btts|-|-,15,Crystal Palace,Man United,btts,,,Both teams to score,2026-08-14T19:40+00:00,2026-09-07T16:58+00:00,59.6,,,,,,,,,
Crystal Palace|Man United|total|-|1.5,15,Crystal Palace,Man United,total,,1.5,Over 1.5 goals,2026-08-14T19:40+00:00,2026-09-07T16:58+00:00,79.8,,,,,,,,,
Crystal Palace|Man United|total|-|2.5,15,Crystal Palace,Man United,total,,2.5,Over 2.5 goals,2026-08-14T19:40+00:00,2026-09-07T16:58+00:00,55.7,,,,,,,,,
Crystal Palace|Man United|total|-|3.5,15,Crystal Palace,Man United,total,,3.5,Over 3.5 goals,2026-08-14T19:40+00:00,2026-09-07T16:58+00:00,33.3,,,,,,,,,
Crystal Palace|Man United|spread|h|1.5,15,Crystal Palace,Man United,spread,h,1.5,Crystal Palace wins by >1.5,2026-08-14T19:40+00:00,2026-09-07T16:58+00:00,14.6,,,,,,,,,
Crystal Palace|Man United|spread|a|1.5,15,Crystal Palace,Man United,spread,a,1.5,Man United wins by >1.5,2026-08-14T19:40+00:00,2026-09-07T16:58+00:00,21.3,,,,,,,,,
Crystal Palace|Man United|spread|h|2.5,15,Crystal Palace,Man United,spread,h,2.5,Crystal Palace wins by >2.5,2026-08-14T19:40+00:00,2026-09-07T16:58+00:00,5.2,,,,,,,,,
Crystal Palace|Man United|spread|a|2.5,15,Crystal Palace,Man United,spread,a,2.5,Man United wins by >2.5,2026-08-14T19:40+00:00,2026-09-07T16:58+00:00,8.5,,,,,,,,,
Fulham|Brentford|btts|-|-,15,Fulham,Brentford,btts,,,Both teams to score,2026-08-14T19:40+00:00,2026-09-07T16:58+00:00,58.6,,,,,,,,,
Fulham|Brentford|total|-|1.5,15,Fulham,Brentford,total,,1.5,Over 1.5 goals,2026-08-14T19:40+00:00,2026-09-07T16:58+00:00,78.7,,,,,,,,,
Fulham|Brentford|total|-|2.5,15,Fulham,Brentford,total,,2.5,Over 2.5 goals,2026-08-14T19:40+00:00,2026-09-07T16:58+00:00,54.1,,,,,,,,,
Fulham|Brentford|total|-|3.5,15,Fulham,Brentford,total,,3.5,Over 3.5 goals,2026-08-14T19:40+00:00,2026-09-07T16:58+00:00,31.8,,,,,,,,,
Fulham|Brentford|spread|h|1.5,15,Fulham,Brentford,spread,h,1.5,Fulham wins by >1.5,2026-08-14T19:40+00:00,2026-09-07T16:58+00:00,16.5,,,,,,,,,
Fulham|Brentford|spread|a|1.5,15,Fulham,Brentford,spread,a,1.5,Brentford wins by >1.5,2026-08-14T19:40+00:00,2026-09-07T16:58+00:00,18.5,,,,,,,,,
Fulham|Brentford|spread|h|2.5,15,Fulham,Brentford,spread,h,2.5,Fulham wins by >2.5,2026-08-14T19:40+00:00,2026-09-07T16:58+00:00,6.0,,,,,,,,,
Fulham|Brentford|spread|a|2.5,15,Fulham,Brentford,spread,a,2.5,Brentford wins by >2.5,2026-08-14T19:40+00:00,2026-09-07T16:58+00:00,7.0,,,,,,,,,
Hull|Tottenham|btts|-|-,15,Hull,Tottenham,btts,,,Both teams to score,2026-08-14T19:40+00:00,2026-09-07T16:58+00:00,43.3,,,,,,,,,
Hull|Tottenham|total|-|1.5,15,Hull,Tottenham,total,,1.5,Over 1.5 goals,2026-08-14T19:40+00:00,2026-09-07T16:58+00:00,63.7,,,,,,,,,
Hull|Tottenham|total|-|2.5,15,Hull,Tottenham,total,,2.5,Over 2.5 goals,2026-08-14T19:40+00:00,2026-09-07T16:58+00:00,35.5,,,,,,,,,
Hull|Tottenham|total|-|3.5,15,Hull,Tottenham,total,,3.5,Over 3.5 goals,2026-08-14T19:40+00:00,2026-09-07T16:58+00:00,16.5,,,,,,,,,
Hull|Tottenham|spread|h|1.5,15,Hull,Tottenham,spread,h,1.5,Hull wins by >1.5,2026-08-14T19:40+00:00,2026-09-07T16:58+00:00,17.8,,,,,,,,,
Hull|Tottenham|spread|a|1.5,15,Hull,Tottenham,spread,a,1.5,Tottenham wins by >1.5,2026-08-14T19:40+00:00,2026-09-07T16:58+00:00,10.3,,,,,,,,,
Hull|Tottenham|spread|h|2.5,15,Hull,Tottenham,spread,h,2.5,Hull wins by >2.5,2026-08-14T19:40+00:00,2026-09-07T16:58+00:00,5.9,,,,,,,,,
Hull|Tottenham|spread|a|2.5,15,Hull,Tottenham,spread,a,2.5,Tottenham wins by >2.5,2026-08-14T19:40+00:00,2026-09-07T16:58+00:00,2.7,,,,,,,,,
Ipswich|Newcastle|btts|-|-,15,Ipswich,Newcastle,btts,,,Both teams to score,2026-08-14T19:40+00:00,2026-09-07T16:58+00:00,60.2,,,,,,,,,
Ipswich|Newcastle|total|-|1.5,15,Ipswich,Newcastle,total,,1.5,Over 1.5 goals,2026-08-14T19:40+00:00,2026-09-07T16:58+00:00,86.0,,,,,,,,,
Ipswich|Newcastle|total|-|2.5,15,Ipswich,Newcastle,total,,2.5,Over 2.5 goals,2026-08-14T19:40+00:00,2026-09-07T16:58+00:00,66.0,,,,,,,,,
Ipswich|Newcastle|total|-|3.5,15,Ipswich,Newcastle,total,,3.5,Over 3.5 goals,2026-08-14T19:40+00:00,2026-09-07T16:58+00:00,44.1,,,,,,,,,
Ipswich|Newcastle|spread|h|1.5,15,Ipswich,Newcastle,spread,h,1.5,Ipswich wins by >1.5,2026-08-14T19:40+00:00,2026-09-07T16:58+00:00,5.8,,,,,,,,,
Ipswich|Newcastle|spread|a|1.5,15,Ipswich,Newcastle,spread,a,1.5,Newcastle wins by >1.5,2026-08-14T19:40+00:00,2026-09-07T16:58+00:00,42.7,,,,,,,,,
Ipswich|Newcastle|spread|h|2.5,15,Ipswich,Newcastle,spread,h,2.5,Ipswich wins by >2.5,2026-08-14T19:40+00:00,2026-09-07T16:58+00:00,1.6,,,,,,,,,
Ipswich|Newcastle|spread|a|2.5,15,Ipswich,Newcastle,spread,a,2.5,Newcastle wins by >2.5,2026-08-14T19:40+00:00,2026-09-07T16:58+00:00,23.4,,,,,,,,,
Liverpool|Leeds|btts|-|-,15,Liverpool,Leeds,btts,,,Both teams to score,2026-08-14T19:40+00:00,2026-09-07T16:58+00:00,58.8,,,,,,,,,
Liverpool|Leeds|total|-|1.5,15,Liverpool,Leeds,total,,1.5,Over 1.5 goals,2026-08-14T19:40+00:00,2026-09-07T16:58+00:00,83.3,,,,,,,,,
Liverpool|Leeds|total|-|2.5,15,Liverpool,Leeds,total,,2.5,Over 2.5 goals,2026-08-14T19:40+00:00,2026-09-07T16:58+00:00,61.4,,,,,,,,,
Liverpool|Leeds|total|-|3.5,15,Liverpool,Leeds,total,,3.5,Over 3.5 goals,2026-08-14T19:40+00:00,2026-09-07T16:58+00:00,39.1,,,,,,,,,
Liverpool|Leeds|spread|h|1.5,15,Liverpool,Leeds,spread,h,1.5,Liverpool wins by >1.5,2026-08-14T19:40+00:00,2026-09-07T16:58+00:00,37.2,,,,,,,,,
Liverpool|Leeds|spread|a|1.5,15,Liverpool,Leeds,spread,a,1.5,Leeds wins by >1.5,2026-08-14T19:40+00:00,2026-09-07T16:58+00:00,6.9,,,,,,,,,
Liverpool|Leeds|spread|h|2.5,15,Liverpool,Leeds,spread,h,2.5,Liverpool wins by >2.5,2026-08-14T19:40+00:00,2026-09-07T16:58+00:00,18.9,,,,,,,,,
Liverpool|Leeds|spread|a|2.5,15,Liverpool,Leeds,spread,a,2.5,Leeds wins by >2.5,2026-08-14T19:40+00:00,2026-09-07T16:58+00:00,2.0,,,,,,,,,
Man City|Chelsea|btts|-|-,15,Man City,Chelsea,btts,,,Both teams to score,2026-08-14T19:40+00:00,2026-09-07T16:58+00:00,59.2,,,,,,,,,
Man City|Chelsea|total|-|1.5,15,Man City,Chelsea,total,,1.5,Over 1.5 goals,2026-08-14T19:40+00:00,2026-09-07T16:58+00:00,84.7,,,,,,,,,
Man City|Chelsea|total|-|2.5,15,Man City,Chelsea,total,,2.5,Over 2.5 goals,2026-08-14T19:40+00:00,2026-09-07T16:58+00:00,63.7,,,,,,,,,
Man City|Chelsea|total|-|3.5,15,Man City,Chelsea,total,,3.5,Over 3.5 goals,2026-08-14T19:40+00:00,2026-09-07T16:58+00:00,41.5,,,,,,,,,
Man City|Chelsea|spread|h|1.5,15,Man City,Chelsea,spread,h,1.5,Man City wins by >1.5,2026-08-14T19:40+00:00,2026-09-07T16:58+00:00,40.5,,,,,,,,,
Man City|Chelsea|spread|a|1.5,15,Man City,Chelsea,spread,a,1.5,Chelsea wins by >1.5,2026-08-14T19:40+00:00,2026-09-07T16:58+00:00,6.1,,,,,,,,,
Man City|Chelsea|spread|h|2.5,15,Man City,Chelsea,spread,h,2.5,Man City wins by >2.5,2026-08-14T19:40+00:00,2026-09-07T16:58+00:00,21.5,,,,,,,,,
Man City|Chelsea|spread|a|2.5,15,Man City,Chelsea,spread,a,2.5,Chelsea wins by >2.5,2026-08-14T19:40+00:00,2026-09-07T16:58+00:00,1.7,,,,,,,,,
Sunderland|Nott'm Forest|btts|-|-,15,Sunderland,Nott'm Forest,btts,,,Both teams to score,2026-08-14T19:40+00:00,2026-09-07T16:58+00:00,45.6,,,,,,,,,
Sunderland|Nott'm Forest|total|-|1.5,15,Sunderland,Nott'm Forest,total,,1.5,Over 1.5 goals,2026-08-14T19:40+00:00,2026-09-07T16:58+00:00,65.7,,,,,,,,,
Sunderland|Nott'm Forest|total|-|2.5,15,Sunderland,Nott'm Forest,total,,2.5,Over 2.5 goals,2026-08-14T19:40+00:00,2026-09-07T16:58+00:00,37.7,,,,,,,,,
Sunderland|Nott'm Forest|total|-|3.5,15,Sunderland,Nott'm Forest,total,,3.5,Over 3.5 goals,2026-08-14T19:40+00:00,2026-09-07T16:58+00:00,18.0,,,,,,,,,
Sunderland|Nott'm Forest|spread|h|1.5,15,Sunderland,Nott'm Forest,spread,h,1.5,Sunderland wins by >1.5,2026-08-14T19:40+00:00,2026-09-07T16:58+00:00,15.2,,,,,,,,,
Sunderland|Nott'm Forest|spread|a|1.5,15,Sunderland,Nott'm Forest,spread,a,1.5,Nott'm Forest wins by >1.5,2026-08-14T19:40+00:00,2026-09-07T16:58+00:00,13.3,,,,,,,,,
Sunderland|Nott'm Forest|spread|h|2.5,15,Sunderland,Nott'm Forest,spread,h,2.5,Sunderland wins by >2.5,2026-08-14T19:40+00:00,2026-09-07T16:58+00:00,4.8,,,,,,,,,
Sunderland|Nott'm Forest|spread|a|2.5,15,Sunderland,Nott'm Forest,spread,a,2.5,Nott'm Forest wins by >2.5,2026-08-14T19:40+00:00,2026-09-07T16:58+00:00,4.0,,,,,,,,,
Bournemouth|Coventry|btts|-|-,16,Bournemouth,Coventry,btts,,,Both teams to score,2026-08-14T19:40+00:00,2026-09-07T16:58+00:00,42.1,,,,,,,,,
Bournemouth|Coventry|total|-|1.5,16,Bournemouth,Coventry,total,,1.5,Over 1.5 goals,2026-08-14T19:40+00:00,2026-09-07T16:58+00:00,69.9,,,,,,,,,
Bournemouth|Coventry|total|-|2.5,16,Bournemouth,Coventry,total,,2.5,Over 2.5 goals,2026-08-14T19:40+00:00,2026-09-07T16:58+00:00,42.8,,,,,,,,,
Bournemouth|Coventry|total|-|3.5,16,Bournemouth,Coventry,total,,3.5,Over 3.5 goals,2026-08-14T19:40+00:00,2026-09-07T16:58+00:00,21.9,,,,,,,,,
Bournemouth|Coventry|spread|h|1.5,16,Bournemouth,Coventry,spread,h,1.5,Bournemouth wins by >1.5,2026-08-14T19:40+00:00,2026-09-07T16:58+00:00,34.5,,,,,,,,,
Bournemouth|Coventry|spread|a|1.5,16,Bournemouth,Coventry,spread,a,1.5,Coventry wins by >1.5,2026-08-14T19:40+00:00,2026-09-07T16:58+00:00,4.1,,,,,,,,,
Bournemouth|Coventry|spread|h|2.5,16,Bournemouth,Coventry,spread,h,2.5,Bournemouth wins by >2.5,2026-08-14T19:40+00:00,2026-09-07T16:58+00:00,15.4,,,,,,,,,
Bournemouth|Coventry|spread|a|2.5,16,Bournemouth,Coventry,spread,a,2.5,Coventry wins by >2.5,2026-08-14T19:40+00:00,2026-09-07T16:58+00:00,0.8,,,,,,,,,
Arsenal|Man United|btts|-|-,16,Arsenal,Man United,btts,,,Both teams to score,2026-08-14T19:40+00:00,2026-09-07T16:58+00:00,52.2,,,,,,,,,
Arsenal|Man United|total|-|1.5,16,Arsenal,Man United,total,,1.5,Over 1.5 goals,2026-08-14T19:40+00:00,2026-09-07T16:58+00:00,79.7,,,,,,,,,
Arsenal|Man United|total|-|2.5,16,Arsenal,Man United,total,,2.5,Over 2.5 goals,2026-08-14T19:40+00:00,2026-09-07T16:58+00:00,55.8,,,,,,,,,
Arsenal|Man United|total|-|3.5,16,Arsenal,Man United,total,,3.5,Over 3.5 goals,2026-08-14T19:40+00:00,2026-09-07T16:58+00:00,33.5,,,,,,,,,
Arsenal|Man United|spread|h|1.5,16,Arsenal,Man United,spread,h,1.5,Arsenal wins by >1.5,2026-08-14T19:40+00:00,2026-09-07T16:58+00:00,39.4,,,,,,,,,
Arsenal|Man United|spread|a|1.5,16,Arsenal,Man United,spread,a,1.5,Man United wins by >1.5,2026-08-14T19:40+00:00,2026-09-07T16:58+00:00,5.0,,,,,,,,,
Arsenal|Man United|spread|h|2.5,16,Arsenal,Man United,spread,h,2.5,Arsenal wins by >2.5,2026-08-14T19:40+00:00,2026-09-07T16:58+00:00,19.9,,,,,,,,,
Arsenal|Man United|spread|a|2.5,16,Arsenal,Man United,spread,a,2.5,Man United wins by >2.5,2026-08-14T19:40+00:00,2026-09-07T16:58+00:00,1.2,,,,,,,,,
Brentford|Newcastle|btts|-|-,16,Brentford,Newcastle,btts,,,Both teams to score,2026-08-14T19:40+00:00,2026-09-07T16:58+00:00,63.8,,,,,,,,,
Brentford|Newcastle|total|-|1.5,16,Brentford,Newcastle,total,,1.5,Over 1.5 goals,2026-08-14T19:40+00:00,2026-09-07T16:58+00:00,83.2,,,,,,,,,
Brentford|Newcastle|total|-|2.5,16,Brentford,Newcastle,total,,2.5,Over 2.5 goals,2026-08-14T19:40+00:00,2026-09-07T16:58+00:00,61.0,,,,,,,,,
Brentford|Newcastle|total|-|3.5,16,Brentford,Newcastle,total,,3.5,Over 3.5 goals,2026-08-14T19:40+00:00,2026-09-07T16:58+00:00,38.7,,,,,,,,,
Brentford|Newcastle|spread|h|1.5,16,Brentford,Newcastle,spread,h,1.5,Brentford wins by >1.5,2026-08-14T19:40+00:00,2026-09-07T16:58+00:00,20.8,,,,,,,,,
Brentford|Newcastle|spread|a|1.5,16,Brentford,Newcastle,spread,a,1.5,Newcastle wins by >1.5,2026-08-14T19:40+00:00,2026-09-07T16:58+00:00,16.9,,,,,,,,,
Brentford|Newcastle|spread|h|2.5,16,Brentford,Newcastle,spread,h,2.5,Brentford wins by >2.5,2026-08-14T19:40+00:00,2026-09-07T16:58+00:00,8.5,,,,,,,,,
Brentford|Newcastle|spread|a|2.5,16,Brentford,Newcastle,spread,a,2.5,Newcastle wins by >2.5,2026-08-14T19:40+00:00,2026-09-07T16:58+00:00,6.5,,,,,,,,,
Brighton|Ipswich|btts|-|-,16,Brighton,Ipswich,btts,,,Both teams to score,2026-08-14T19:40+00:00,2026-09-07T16:58+00:00,55.8,,,,,,,,,
Brighton|Ipswich|total|-|1.5,16,Brighton,Ipswich,total,,1.5,Over 1.5 goals,2026-08-14T19:40+00:00,2026-09-07T16:58+00:00,86.4,,,,,,,,,
Brighton|Ipswich|total|-|2.5,16,Brighton,Ipswich,total,,2.5,Over 2.5 goals,2026-08-14T19:40+00:00,2026-09-07T16:58+00:00,66.7,,,,,,,,,
Brighton|Ipswich|total|-|3.5,16,Brighton,Ipswich,total,,3.5,Over 3.5 goals,2026-08-14T19:40+00:00,2026-09-07T16:58+00:00,45.0,,,,,,,,,
Brighton|Ipswich|spread|h|1.5,16,Brighton,Ipswich,spread,h,1.5,Brighton wins by >1.5,2026-08-14T19:40+00:00,2026-09-07T16:58+00:00,50.3,,,,,,,,,
Brighton|Ipswich|spread|a|1.5,16,Brighton,Ipswich,spread,a,1.5,Ipswich wins by >1.5,2026-08-14T19:40+00:00,2026-09-07T16:58+00:00,3.6,,,,,,,,,
Brighton|Ipswich|spread|h|2.5,16,Brighton,Ipswich,spread,h,2.5,Brighton wins by >2.5,2026-08-14T19:40+00:00,2026-09-07T16:58+00:00,29.6,,,,,,,,,
Brighton|Ipswich|spread|a|2.5,16,Brighton,Ipswich,spread,a,2.5,Ipswich wins by >2.5,2026-08-14T19:40+00:00,2026-09-07T16:58+00:00,0.9,,,,,,,,,
Chelsea|Aston Villa|btts|-|-,16,Chelsea,Aston Villa,btts,,,Both teams to score,2026-08-14T19:40+00:00,2026-09-07T16:58+00:00,62.0,,,,,,,,,
Chelsea|Aston Villa|total|-|1.5,16,Chelsea,Aston Villa,total,,1.5,Over 1.5 goals,2026-08-14T19:40+00:00,2026-09-07T16:58+00:00,82.2,,,,,,,,,
Chelsea|Aston Villa|total|-|2.5,16,Chelsea,Aston Villa,total,,2.5,Over 2.5 goals,2026-08-14T19:40+00:00,2026-09-07T16:58+00:00,59.5,,,,,,,,,
Chelsea|Aston Villa|total|-|3.5,16,Chelsea,Aston Villa,total,,3.5,Over 3.5 goals,2026-08-14T19:40+00:00,2026-09-07T16:58+00:00,37.1,,,,,,,,,
Chelsea|Aston Villa|spread|h|1.5,16,Chelsea,Aston Villa,spread,h,1.5,Chelsea wins by >1.5,2026-08-14T19:40+00:00,2026-09-07T16:58+00:00,24.5,,,,,,,,,
Chelsea|Aston Villa|spread|a|1.5,16,Chelsea,Aston Villa,spread,a,1.5,Aston Villa wins by >1.5,2026-08-14T19:40+00:00,2026-09-07T16:58+00:00,13.4,,,,,,,,,
Chelsea|Aston Villa|spread|h|2.5,16,Chelsea,Aston Villa,spread,h,2.5,Chelsea wins by >2.5,2026-08-14T19:40+00:00,2026-09-07T16:58+00:00,10.6,,,,,,,,,
Chelsea|Aston Villa|spread|a|2.5,16,Chelsea,Aston Villa,spread,a,2.5,Aston Villa wins by >2.5,2026-08-14T19:40+00:00,2026-09-07T16:58+00:00,4.7,,,,,,,,,
Leeds|Fulham|btts|-|-,16,Leeds,Fulham,btts,,,Both teams to score,2026-08-14T19:40+00:00,2026-09-07T16:58+00:00,54.5,,,,,,,,,
Leeds|Fulham|total|-|1.5,16,Leeds,Fulham,total,,1.5,Over 1.5 goals,2026-08-14T19:40+00:00,2026-09-07T16:58+00:00,75.1,,,,,,,,,
Leeds|Fulham|total|-|2.5,16,Leeds,Fulham,total,,2.5,Over 2.5 goals,2026-08-14T19:40+00:00,2026-09-07T16:58+00:00,49.2,,,,,,,,,
Leeds|Fulham|total|-|3.5,16,Leeds,Fulham,total,,3.5,Over 3.5 goals,2026-08-14T19:40+00:00,2026-09-07T16:58+00:00,27.3,,,,,,,,,
Leeds|Fulham|spread|h|1.5,16,Leeds,Fulham,spread,h,1.5,Leeds wins by >1.5,2026-08-14T19:40+00:00,2026-09-07T16:58+00:00,19.8,,,,,,,,,
Leeds|Fulham|spread|a|1.5,16,Leeds,Fulham,spread,a,1.5,Fulham wins by >1.5,2026-08-14T19:40+00:00,2026-09-07T16:58+00:00,13.6,,,,,,,,,
Leeds|Fulham|spread|h|2.5,16,Leeds,Fulham,spread,h,2.5,Leeds wins by >2.5,2026-08-14T19:40+00:00,2026-09-07T16:58+00:00,7.4,,,,,,,,,
Leeds|Fulham|spread|a|2.5,16,Leeds,Fulham,spread,a,2.5,Fulham wins by >2.5,2026-08-14T19:40+00:00,2026-09-07T16:58+00:00,4.5,,,,,,,,,
Liverpool|Tottenham|btts|-|-,16,Liverpool,Tottenham,btts,,,Both teams to score,2026-08-14T19:40+00:00,2026-09-07T16:58+00:00,63.3,,,,,,,,,
Liverpool|Tottenham|total|-|1.5,16,Liverpool,Tottenham,total,,1.5,Over 1.5 goals,2026-08-14T19:40+00:00,2026-09-07T16:58+00:00,87.1,,,,,,,,,
Liverpool|Tottenham|total|-|2.5,16,Liverpool,Tottenham,total,,2.5,Over 2.5 goals,2026-08-14T19:40+00:00,2026-09-07T16:58+00:00,67.9,,,,,,,,,
Liverpool|Tottenham|total|-|3.5,16,Liverpool,Tottenham,total,,3.5,Over 3.5 goals,2026-08-14T19:40+00:00,2026-09-07T16:58+00:00,46.3,,,,,,,,,
Liverpool|Tottenham|spread|h|1.5,16,Liverpool,Tottenham,spread,h,1.5,Liverpool wins by >1.5,2026-08-14T19:40+00:00,2026-09-07T16:58+00:00,40.5,,,,,,,,,
Liverpool|Tottenham|spread|a|1.5,16,Liverpool,Tottenham,spread,a,1.5,Tottenham wins by >1.5,2026-08-14T19:40+00:00,2026-09-07T16:58+00:00,7.0,,,,,,,,,
Liverpool|Tottenham|spread|h|2.5,16,Liverpool,Tottenham,spread,h,2.5,Liverpool wins by >2.5,2026-08-14T19:40+00:00,2026-09-07T16:58+00:00,21.9,,,,,,,,,
Liverpool|Tottenham|spread|a|2.5,16,Liverpool,Tottenham,spread,a,2.5,Tottenham wins by >2.5,2026-08-14T19:40+00:00,2026-09-07T16:58+00:00,2.1,,,,,,,,,
Man City|Hull|btts|-|-,16,Man City,Hull,btts,,,Both teams to score,2026-08-14T19:40+00:00,2026-09-07T16:58+00:00,38.4,,,,,,,,,
Man City|Hull|total|-|1.5,16,Man City,Hull,total,,1.5,Over 1.5 goals,2026-08-14T19:40+00:00,2026-09-07T16:58+00:00,66.6,,,,,,,,,
Man City|Hull|total|-|2.5,16,Man City,Hull,total,,2.5,Over 2.5 goals,2026-08-14T19:40+00:00,2026-09-07T16:58+00:00,38.9,,,,,,,,,
Man City|Hull|total|-|3.5,16,Man City,Hull,total,,3.5,Over 3.5 goals,2026-08-14T19:40+00:00,2026-09-07T16:58+00:00,19.0,,,,,,,,,
Man City|Hull|spread|h|1.5,16,Man City,Hull,spread,h,1.5,Man City wins by >1.5,2026-08-14T19:40+00:00,2026-09-07T16:58+00:00,33.8,,,,,,,,,
Man City|Hull|spread|a|1.5,16,Man City,Hull,spread,a,1.5,Hull wins by >1.5,2026-08-14T19:40+00:00,2026-09-07T16:58+00:00,3.6,,,,,,,,,
Man City|Hull|spread|h|2.5,16,Man City,Hull,spread,h,2.5,Man City wins by >2.5,2026-08-14T19:40+00:00,2026-09-07T16:58+00:00,14.7,,,,,,,,,
Man City|Hull|spread|a|2.5,16,Man City,Hull,spread,a,2.5,Hull wins by >2.5,2026-08-14T19:40+00:00,2026-09-07T16:58+00:00,0.7,,,,,,,,,
Nott'm Forest|Everton|btts|-|-,16,Nott'm Forest,Everton,btts,,,Both teams to score,2026-08-14T19:40+00:00,2026-09-07T16:58+00:00,48.2,,,,,,,,,
Nott'm Forest|Everton|total|-|1.5,16,Nott'm Forest,Everton,total,,1.5,Over 1.5 goals,2026-08-14T19:40+00:00,2026-09-07T16:58+00:00,68.9,,,,,,,,,
Nott'm Forest|Everton|total|-|2.5,16,Nott'm Forest,Everton,total,,2.5,Over 2.5 goals,2026-08-14T19:40+00:00,2026-09-07T16:58+00:00,41.4,,,,,,,,,
Nott'm Forest|Everton|total|-|3.5,16,Nott'm Forest,Everton,total,,3.5,Over 3.5 goals,2026-08-14T19:40+00:00,2026-09-07T16:58+00:00,20.8,,,,,,,,,
Nott'm Forest|Everton|spread|h|1.5,16,Nott'm Forest,Everton,spread,h,1.5,Nott'm Forest wins by >1.5,2026-08-14T19:40+00:00,2026-09-07T16:58+00:00,18.7,,,,,,,,,
Nott'm Forest|Everton|spread|a|1.5,16,Nott'm Forest,Everton,spread,a,1.5,Everton wins by >1.5,2026-08-14T19:40+00:00,2026-09-07T16:58+00:00,11.7,,,,,,,,,
Nott'm Forest|Everton|spread|h|2.5,16,Nott'm Forest,Everton,spread,h,2.5,Nott'm Forest wins by >2.5,2026-08-14T19:40+00:00,2026-09-07T16:58+00:00,6.5,,,,,,,,,
Nott'm Forest|Everton|spread|a|2.5,16,Nott'm Forest,Everton,spread,a,2.5,Everton wins by >2.5,2026-08-14T19:40+00:00,2026-09-07T16:58+00:00,3.4,,,,,,,,,
Sunderland|Crystal Palace|btts|-|-,16,Sunderland,Crystal Palace,btts,,,Both teams to score,2026-08-14T19:40+00:00,2026-09-07T16:58+00:00,46.3,,,,,,,,,
Sunderland|Crystal Palace|total|-|1.5,16,Sunderland,Crystal Palace,total,,1.5,Over 1.5 goals,2026-08-14T19:40+00:00,2026-09-07T16:58+00:00,66.8,,,,,,,,,
Sunderland|Crystal Palace|total|-|2.5,16,Sunderland,Crystal Palace,total,,2.5,Over 2.5 goals,2026-08-14T19:40+00:00,2026-09-07T16:58+00:00,38.9,,,,,,,,,
Sunderland|Crystal Palace|total|-|3.5,16,Sunderland,Crystal Palace,total,,3.5,Over 3.5 goals,2026-08-14T19:40+00:00,2026-09-07T16:58+00:00,18.9,,,,,,,,,
Sunderland|Crystal Palace|spread|h|1.5,16,Sunderland,Crystal Palace,spread,h,1.5,Sunderland wins by >1.5,2026-08-14T19:40+00:00,2026-09-07T16:58+00:00,17.7,,,,,,,,,
Sunderland|Crystal Palace|spread|a|1.5,16,Sunderland,Crystal Palace,spread,a,1.5,Crystal Palace wins by >1.5,2026-08-14T19:40+00:00,2026-09-07T16:58+00:00,11.6,,,,,,,,,
Sunderland|Crystal Palace|spread|h|2.5,16,Sunderland,Crystal Palace,spread,h,2.5,Sunderland wins by >2.5,2026-08-14T19:40+00:00,2026-09-07T16:58+00:00,6.0,,,,,,,,,
Sunderland|Crystal Palace|spread|a|2.5,16,Sunderland,Crystal Palace,spread,a,2.5,Crystal Palace wins by >2.5,2026-08-14T19:40+00:00,2026-09-07T16:58+00:00,3.3,,,,,,,,,
Aston Villa|Leeds|btts|-|-,17,Aston Villa,Leeds,btts,,,Both teams to score,2026-08-14T19:40+00:00,2026-09-07T16:58+00:00,55.9,,,,,,,,,
Aston Villa|Leeds|total|-|1.5,17,Aston Villa,Leeds,total,,1.5,Over 1.5 goals,2026-08-14T19:40+00:00,2026-09-07T16:58+00:00,77.4,,,,,,,,,
Aston Villa|Leeds|total|-|2.5,17,Aston Villa,Leeds,total,,2.5,Over 2.5 goals,2026-08-14T19:40+00:00,2026-09-07T16:58+00:00,52.4,,,,,,,,,
Aston Villa|Leeds|total|-|3.5,17,Aston Villa,Leeds,total,,3.5,Over 3.5 goals,2026-08-14T19:40+00:00,2026-09-07T16:58+00:00,30.2,,,,,,,,,
Aston Villa|Leeds|spread|h|1.5,17,Aston Villa,Leeds,spread,h,1.5,Aston Villa wins by >1.5,2026-08-14T19:40+00:00,2026-09-07T16:58+00:00,25.1,,,,,,,,,
Aston Villa|Leeds|spread|a|1.5,17,Aston Villa,Leeds,spread,a,1.5,Leeds wins by >1.5,2026-08-14T19:40+00:00,2026-09-07T16:58+00:00,10.8,,,,,,,,,
Aston Villa|Leeds|spread|h|2.5,17,Aston Villa,Leeds,spread,h,2.5,Aston Villa wins by >2.5,2026-08-14T19:40+00:00,2026-09-07T16:58+00:00,10.5,,,,,,,,,
Aston Villa|Leeds|spread|a|2.5,17,Aston Villa,Leeds,spread,a,2.5,Leeds wins by >2.5,2026-08-14T19:40+00:00,2026-09-07T16:58+00:00,3.4,,,,,,,,,
Coventry|Chelsea|btts|-|-,17,Coventry,Chelsea,btts,,,Both teams to score,2026-08-14T19:40+00:00,2026-09-07T16:58+00:00,45.4,,,,,,,,,
Coventry|Chelsea|total|-|1.5,17,Coventry,Chelsea,total,,1.5,Over 1.5 goals,2026-08-14T19:40+00:00,2026-09-07T16:58+00:00,70.8,,,,,,,,,
Coventry|Chelsea|total|-|2.5,17,Coventry,Chelsea,total,,2.5,Over 2.5 goals,2026-08-14T19:40+00:00,2026-09-07T16:58+00:00,43.8,,,,,,,,,
Coventry|Chelsea|total|-|3.5,17,Coventry,Chelsea,total,,3.5,Over 3.5 goals,2026-08-14T19:40+00:00,2026-09-07T16:58+00:00,22.7,,,,,,,,,
Coventry|Chelsea|spread|h|1.5,17,Coventry,Chelsea,spread,h,1.5,Coventry wins by >1.5,2026-08-14T19:40+00:00,2026-09-07T16:58+00:00,5.6,,,,,,,,,
Coventry|Chelsea|spread|a|1.5,17,Coventry,Chelsea,spread,a,1.5,Chelsea wins by >1.5,2026-08-14T19:40+00:00,2026-09-07T16:58+00:00,31.0,,,,,,,,,
Coventry|Chelsea|spread|h|2.5,17,Coventry,Chelsea,spread,h,2.5,Coventry wins by >2.5,2026-08-14T19:40+00:00,2026-09-07T16:58+00:00,1.3,,,,,,,,,
Coventry|Chelsea|spread|a|2.5,17,Coventry,Chelsea,spread,a,2.5,Chelsea wins by >2.5,2026-08-14T19:40+00:00,2026-09-07T16:58+00:00,13.3,,,,,,,,,
Crystal Palace|Arsenal|btts|-|-,17,Crystal Palace,Arsenal,btts,,,Both teams to score,2026-08-14T19:40+00:00,2026-09-07T16:58+00:00,46.7,,,,,,,,,
Crystal Palace|Arsenal|total|-|1.5,17,Crystal Palace,Arsenal,total,,1.5,Over 1.5 goals,2026-08-14T19:40+00:00,2026-09-07T16:58+00:00,74.1,,,,,,,,,
Crystal Palace|Arsenal|total|-|2.5,17,Crystal Palace,Arsenal,total,,2.5,Over 2.5 goals,2026-08-14T19:40+00:00,2026-09-07T16:58+00:00,48.0,,,,,,,,,
Crystal Palace|Arsenal|total|-|3.5,17,Crystal Palace,Arsenal,total,,3.5,Over 3.5 goals,2026-08-14T19:40+00:00,2026-09-07T16:58+00:00,26.3,,,,,,,,,
Crystal Palace|Arsenal|spread|h|1.5,17,Crystal Palace,Arsenal,spread,h,1.5,Crystal Palace wins by >1.5,2026-08-14T19:40+00:00,2026-09-07T16:58+00:00,4.8,,,,,,,,,
Crystal Palace|Arsenal|spread|a|1.5,17,Crystal Palace,Arsenal,spread,a,1.5,Arsenal wins by >1.5,2026-08-14T19:40+00:00,2026-09-07T16:58+00:00,35.6,,,,,,,,,
Crystal Palace|Arsenal|spread|h|2.5,17,Crystal Palace,Arsenal,spread,h,2.5,Crystal Palace wins by >2.5,2026-08-14T19:40+00:00,2026-09-07T16:58+00:00,1.1,,,,,,,,,
Crystal Palace|Arsenal|spread|a|2.5,17,Crystal Palace,Arsenal,spread,a,2.5,Arsenal wins by >2.5,2026-08-14T19:40+00:00,2026-09-07T16:58+00:00,16.6,,,,,,,,,
Everton|Sunderland|btts|-|-,17,Everton,Sunderland,btts,,,Both teams to score,2026-08-14T19:40+00:00,2026-09-07T16:58+00:00,42.1,,,,,,,,,
Everton|Sunderland|total|-|1.5,17,Everton,Sunderland,total,,1.5,Over 1.5 goals,2026-08-14T19:40+00:00,2026-09-07T16:58+00:00,62.1,,,,,,,,,
Everton|Sunderland|total|-|2.5,17,Everton,Sunderland,total,,2.5,Over 2.5 goals,2026-08-14T19:40+00:00,2026-09-07T16:58+00:00,33.9,,,,,,,,,
Everton|Sunderland|total|-|3.5,17,Everton,Sunderland,total,,3.5,Over 3.5 goals,2026-08-14T19:40+00:00,2026-09-07T16:58+00:00,15.4,,,,,,,,,
Everton|Sunderland|spread|h|1.5,17,Everton,Sunderland,spread,h,1.5,Everton wins by >1.5,2026-08-14T19:40+00:00,2026-09-07T16:58+00:00,16.7,,,,,,,,,
Everton|Sunderland|spread|a|1.5,17,Everton,Sunderland,spread,a,1.5,Sunderland wins by >1.5,2026-08-14T19:40+00:00,2026-09-07T16:58+00:00,10.5,,,,,,,,,
Everton|Sunderland|spread|h|2.5,17,Everton,Sunderland,spread,h,2.5,Everton wins by >2.5,2026-08-14T19:40+00:00,2026-09-07T16:58+00:00,5.3,,,,,,,,,
Everton|Sunderland|spread|a|2.5,17,Everton,Sunderland,spread,a,2.5,Sunderland wins by >2.5,2026-08-14T19:40+00:00,2026-09-07T16:58+00:00,2.8,,,,,,,,,
Fulham|Brighton|btts|-|-,17,Fulham,Brighton,btts,,,Both teams to score,2026-08-14T19:40+00:00,2026-09-07T16:58+00:00,58.6,,,,,,,,,
Fulham|Brighton|total|-|1.5,17,Fulham,Brighton,total,,1.5,Over 1.5 goals,2026-08-14T19:40+00:00,2026-09-07T16:58+00:00,78.7,,,,,,,,,
Fulham|Brighton|total|-|2.5,17,Fulham,Brighton,total,,2.5,Over 2.5 goals,2026-08-14T19:40+00:00,2026-09-07T16:58+00:00,54.1,,,,,,,,,
Fulham|Brighton|total|-|3.5,17,Fulham,Brighton,total,,3.5,Over 3.5 goals,2026-08-14T19:40+00:00,2026-09-07T16:58+00:00,31.8,,,,,,,,,
Fulham|Brighton|spread|h|1.5,17,Fulham,Brighton,spread,h,1.5,Fulham wins by >1.5,2026-08-14T19:40+00:00,2026-09-07T16:58+00:00,16.2,,,,,,,,,
Fulham|Brighton|spread|a|1.5,17,Fulham,Brighton,spread,a,1.5,Brighton wins by >1.5,2026-08-14T19:40+00:00,2026-09-07T16:58+00:00,18.8,,,,,,,,,
Fulham|Brighton|spread|h|2.5,17,Fulham,Brighton,spread,h,2.5,Fulham wins by >2.5,2026-08-14T19:40+00:00,2026-09-07T16:58+00:00,5.9,,,,,,,,,
Fulham|Brighton|spread|a|2.5,17,Fulham,Brighton,spread,a,2.5,Brighton wins by >2.5,2026-08-14T19:40+00:00,2026-09-07T16:58+00:00,7.2,,,,,,,,,
Hull|Liverpool|btts|-|-,17,Hull,Liverpool,btts,,,Both teams to score,2026-08-14T19:40+00:00,2026-09-07T16:58+00:00,45.7,,,,,,,,,
Hull|Liverpool|total|-|1.5,17,Hull,Liverpool,total,,1.5,Over 1.5 goals,2026-08-14T19:40+00:00,2026-09-07T16:58+00:00,66.6,,,,,,,,,
Hull|Liverpool|total|-|2.5,17,Hull,Liverpool,total,,2.5,Over 2.5 goals,2026-08-14T19:40+00:00,2026-09-07T16:58+00:00,38.7,,,,,,,,,
Hull|Liverpool|total|-|3.5,17,Hull,Liverpool,total,,3.5,Over 3.5 goals,2026-08-14T19:40+00:00,2026-09-07T16:58+00:00,18.8,,,,,,,,,
Hull|Liverpool|spread|h|1.5,17,Hull,Liverpool,spread,h,1.5,Hull wins by >1.5,2026-08-14T19:40+00:00,2026-09-07T16:58+00:00,9.9,,,,,,,,,
Hull|Liverpool|spread|a|1.5,17,Hull,Liverpool,spread,a,1.5,Liverpool wins by >1.5,2026-08-14T19:40+00:00,2026-09-07T16:58+00:00,19.9,,,,,,,,,
Hull|Liverpool|spread|h|2.5,17,Hull,Liverpool,spread,h,2.5,Hull wins by >2.5,2026-08-14T19:40+00:00,2026-09-07T16:58+00:00,2.7,,,,,,,,,
Hull|Liverpool|spread|a|2.5,17,Hull,Liverpool,spread,a,2.5,Liverpool wins by >2.5,2026-08-14T19:40+00:00,2026-09-07T16:58+00:00,7.0,,,,,,,,,
Ipswich|Brentford|btts|-|-,17,Ipswich,Brentford,btts,,,Both teams to score,2026-08-14T19:40+00:00,2026-09-07T16:58+00:00,58.9,,,,,,,,,
Ipswich|Brentford|total|-|1.5,17,Ipswich,Brentford,total,,1.5,Over 1.5 goals,2026-08-14T19:40+00:00,2026-09-07T16:58+00:00,84.1,,,,,,,,,
Ipswich|Brentford|total|-|2.5,17,Ipswich,Brentford,total,,2.5,Over 2.5 goals,2026-08-14T19:40+00:00,2026-09-07T16:58+00:00,62.6,,,,,,,,,
Ipswich|Brentford|total|-|3.5,17,Ipswich,Brentford,total,,3.5,Over 3.5 goals,2026-08-14T19:40+00:00,2026-09-07T16:58+00:00,40.4,,,,,,,,,
Ipswich|Brentford|spread|h|1.5,17,Ipswich,Brentford,spread,h,1.5,Ipswich wins by >1.5,2026-08-14T19:40+00:00,2026-09-07T16:58+00:00,6.4,,,,,,,,,
Ipswich|Brentford|spread|a|1.5,17,Ipswich,Brentford,spread,a,1.5,Brentford wins by >1.5,2026-08-14T19:40+00:00,2026-09-07T16:58+00:00,39.1,,,,,,,,,
Ipswich|Brentford|spread|h|2.5,17,Ipswich,Brentford,spread,h,2.5,Ipswich wins by >2.5,2026-08-14T19:40+00:00,2026-09-07T16:58+00:00,1.8,,,,,,,,,
Ipswich|Brentford|spread|a|2.5,17,Ipswich,Brentford,spread,a,2.5,Brentford wins by >2.5,2026-08-14T19:40+00:00,2026-09-07T16:58+00:00,20.4,,,,,,,,,
Man United|Nott'm Forest|btts|-|-,17,Man United,Nott'm Forest,btts,,,Both teams to score,2026-08-14T19:40+00:00,2026-09-07T16:58+00:00,58.2,,,,,,,,,
Man United|Nott'm Forest|total|-|1.5,17,Man United,Nott'm Forest,total,,1.5,Over 1.5 goals,2026-08-14T19:40+00:00,2026-09-07T16:58+00:00,79.4,,,,,,,,,
Man United|Nott'm Forest|total|-|2.5,17,Man United,Nott'm Forest,total,,2.5,Over 2.5 goals,2026-08-14T19:40+00:00,2026-09-07T16:58+00:00,55.2,,,,,,,,,
Man United|Nott'm Forest|total|-|3.5,17,Man United,Nott'm Forest,total,,3.5,Over 3.5 goals,2026-08-14T19:40+00:00,2026-09-07T16:58+00:00,32.9,,,,,,,,,
Man United|Nott'm Forest|spread|h|1.5,17,Man United,Nott'm Forest,spread,h,1.5,Man United wins by >1.5,2026-08-14T19:40+00:00,2026-09-07T16:58+00:00,25.7,,,,,,,,,
Man United|Nott'm Forest|spread|a|1.5,17,Man United,Nott'm Forest,spread,a,1.5,Nott'm Forest wins by >1.5,2026-08-14T19:40+00:00,2026-09-07T16:58+00:00,11.3,,,,,,,,,
Man United|Nott'm Forest|spread|h|2.5,17,Man United,Nott'm Forest,spread,h,2.5,Man United wins by >2.5,2026-08-14T19:40+00:00,2026-09-07T16:58+00:00,11.0,,,,,,,,,
Man United|Nott'm Forest|spread|a|2.5,17,Man United,Nott'm Forest,spread,a,2.5,Nott'm Forest wins by >2.5,2026-08-14T19:40+00:00,2026-09-07T16:58+00:00,3.6,,,,,,,,,
Newcastle|Man City|btts|-|-,17,Newcastle,Man City,btts,,,Both teams to score,2026-08-14T19:40+00:00,2026-09-07T16:58+00:00,61.3,,,,,,,,,
Newcastle|Man City|total|-|1.5,17,Newcastle,Man City,total,,1.5,Over 1.5 goals,2026-08-14T19:40+00:00,2026-09-07T16:58+00:00,83.2,,,,,,,,,
Newcastle|Man City|total|-|2.5,17,Newcastle,Man City,total,,2.5,Over 2.5 goals,2026-08-14T19:40+00:00,2026-09-07T16:58+00:00,61.1,,,,,,,,,
Newcastle|Man City|total|-|3.5,17,Newcastle,Man City,total,,3.5,Over 3.5 goals,2026-08-14T19:40+00:00,2026-09-07T16:58+00:00,38.8,,,,,,,,,
Newcastle|Man City|spread|h|1.5,17,Newcastle,Man City,spread,h,1.5,Newcastle wins by >1.5,2026-08-14T19:40+00:00,2026-09-07T16:58+00:00,9.8,,,,,,,,,
Newcastle|Man City|spread|a|1.5,17,Newcastle,Man City,spread,a,1.5,Man City wins by >1.5,2026-08-14T19:40+00:00,2026-09-07T16:58+00:00,31.0,,,,,,,,,
Newcastle|Man City|spread|h|2.5,17,Newcastle,Man City,spread,h,2.5,Newcastle wins by >2.5,2026-08-14T19:40+00:00,2026-09-07T16:58+00:00,3.1,,,,,,,,,
Newcastle|Man City|spread|a|2.5,17,Newcastle,Man City,spread,a,2.5,Man City wins by >2.5,2026-08-14T19:40+00:00,2026-09-07T16:58+00:00,14.7,,,,,,,,,
Tottenham|Bournemouth|btts|-|-,17,Tottenham,Bournemouth,btts,,,Both teams to score,2026-08-14T19:40+00:00,2026-09-07T16:58+00:00,62.2,,,,,,,,,
Tottenham|Bournemouth|total|-|1.5,17,Tottenham,Bournemouth,total,,1.5,Over 1.5 goals,2026-08-14T19:40+00:00,2026-09-07T16:58+00:00,81.8,,,,,,,,,
Tottenham|Bournemouth|total|-|2.5,17,Tottenham,Bournemouth,total,,2.5,Over 2.5 goals,2026-08-14T19:40+00:00,2026-09-07T16:58+00:00,58.8,,,,,,,,,
Tottenham|Bournemouth|total|-|3.5,17,Tottenham,Bournemouth,total,,3.5,Over 3.5 goals,2026-08-14T19:40+00:00,2026-09-07T16:58+00:00,36.4,,,,,,,,,
Tottenham|Bournemouth|spread|h|1.5,17,Tottenham,Bournemouth,spread,h,1.5,Tottenham wins by >1.5,2026-08-14T19:40+00:00,2026-09-07T16:58+00:00,18.0,,,,,,,,,
Tottenham|Bournemouth|spread|a|1.5,17,Tottenham,Bournemouth,spread,a,1.5,Bournemouth wins by >1.5,2026-08-14T19:40+00:00,2026-09-07T16:58+00:00,18.8,,,,,,,,,
Tottenham|Bournemouth|spread|h|2.5,17,Tottenham,Bournemouth,spread,h,2.5,Tottenham wins by >2.5,2026-08-14T19:40+00:00,2026-09-07T16:58+00:00,7.0,,,,,,,,,
Tottenham|Bournemouth|spread|a|2.5,17,Tottenham,Bournemouth,spread,a,2.5,Bournemouth wins by >2.5,2026-08-14T19:40+00:00,2026-09-07T16:58+00:00,7.4,,,,,,,,,
Aston Villa|Liverpool|btts|-|-,18,Aston Villa,Liverpool,btts,,,Both teams to score,2026-08-14T19:40+00:00,2026-09-07T16:58+00:00,63.9,,,,,,,,,
Aston Villa|Liverpool|total|-|1.5,18,Aston Villa,Liverpool,total,,1.5,Over 1.5 goals,2026-08-14T19:40+00:00,2026-09-07T16:58+00:00,83.5,,,,,,,,,
Aston Villa|Liverpool|total|-|2.5,18,Aston Villa,Liverpool,total,,2.5,Over 2.5 goals,2026-08-14T19:40+00:00,2026-09-07T16:58+00:00,61.5,,,,,,,,,
Aston Villa|Liverpool|total|-|3.5,18,Aston Villa,Liverpool,total,,3.5,Over 3.5 goals,2026-08-14T19:40+00:00,2026-09-07T16:58+00:00,39.3,,,,,,,,,
Aston Villa|Liverpool|spread|h|1.5,18,Aston Villa,Liverpool,spread,h,1.5,Aston Villa wins by >1.5,2026-08-14T19:40+00:00,2026-09-07T16:58+00:00,15.0,,,,,,,,,
Aston Villa|Liverpool|spread|a|1.5,18,Aston Villa,Liverpool,spread,a,1.5,Liverpool wins by >1.5,2026-08-14T19:40+00:00,2026-09-07T16:58+00:00,23.3,,,,,,,,,
Aston Villa|Liverpool|spread|h|2.5,18,Aston Villa,Liverpool,spread,h,2.5,Aston Villa wins by >2.5,2026-08-14T19:40+00:00,2026-09-07T16:58+00:00,5.6,,,,,,,,,
Aston Villa|Liverpool|spread|a|2.5,18,Aston Villa,Liverpool,spread,a,2.5,Liverpool wins by >2.5,2026-08-14T19:40+00:00,2026-09-07T16:58+00:00,10.0,,,,,,,,,
Coventry|Brentford|btts|-|-,18,Coventry,Brentford,btts,,,Both teams to score,2026-08-14T19:40+00:00,2026-09-07T16:58+00:00,44.2,,,,,,,,,
Coventry|Brentford|total|-|1.5,18,Coventry,Brentford,total,,1.5,Over 1.5 goals,2026-08-14T19:40+00:00,2026-09-07T16:58+00:00,68.2,,,,,,,,,
Coventry|Brentford|total|-|2.5,18,Coventry,Brentford,total,,2.5,Over 2.5 goals,2026-08-14T19:40+00:00,2026-09-07T16:58+00:00,40.7,,,,,,,,,
Coventry|Brentford|total|-|3.5,18,Coventry,Brentford,total,,3.5,Over 3.5 goals,2026-08-14T19:40+00:00,2026-09-07T16:58+00:00,20.3,,,,,,,,,
Coventry|Brentford|spread|h|1.5,18,Coventry,Brentford,spread,h,1.5,Coventry wins by >1.5,2026-08-14T19:40+00:00,2026-09-07T16:58+00:00,6.2,,,,,,,,,
Coventry|Brentford|spread|a|1.5,18,Coventry,Brentford,spread,a,1.5,Brentford wins by >1.5,2026-08-14T19:40+00:00,2026-09-07T16:58+00:00,27.7,,,,,,,,,
Coventry|Brentford|spread|h|2.5,18,Coventry,Brentford,spread,h,2.5,Coventry wins by >2.5,2026-08-14T19:40+00:00,2026-09-07T16:58+00:00,1.4,,,,,,,,,
Coventry|Brentford|spread|a|2.5,18,Coventry,Brentford,spread,a,2.5,Brentford wins by >2.5,2026-08-14T19:40+00:00,2026-09-07T16:58+00:00,11.2,,,,,,,,,
Crystal Palace|Bournemouth|btts|-|-,18,Crystal Palace,Bournemouth,btts,,,Both teams to score,2026-08-14T19:40+00:00,2026-09-07T16:58+00:00,57.1,,,,,,,,,
Crystal Palace|Bournemouth|total|-|1.5,18,Crystal Palace,Bournemouth,total,,1.5,Over 1.5 goals,2026-08-14T19:40+00:00,2026-09-07T16:58+00:00,77.3,,,,,,,,,
Crystal Palace|Bournemouth|total|-|2.5,18,Crystal Palace,Bournemouth,total,,2.5,Over 2.5 goals,2026-08-14T19:40+00:00,2026-09-07T16:58+00:00,52.2,,,,,,,,,
Crystal Palace|Bournemouth|total|-|3.5,18,Crystal Palace,Bournemouth,total,,3.5,Over 3.5 goals,2026-08-14T19:40+00:00,2026-09-07T16:58+00:00,30.0,,,,,,,,,
Crystal Palace|Bournemouth|spread|h|1.5,18,Crystal Palace,Bournemouth,spread,h,1.5,Crystal Palace wins by >1.5,2026-08-14T19:40+00:00,2026-09-07T16:58+00:00,16.2,,,,,,,,,
Crystal Palace|Bournemouth|spread|a|1.5,18,Crystal Palace,Bournemouth,spread,a,1.5,Bournemouth wins by >1.5,2026-08-14T19:40+00:00,2026-09-07T16:58+00:00,18.1,,,,,,,,,
Crystal Palace|Bournemouth|spread|h|2.5,18,Crystal Palace,Bournemouth,spread,h,2.5,Crystal Palace wins by >2.5,2026-08-14T19:40+00:00,2026-09-07T16:58+00:00,5.8,,,,,,,,,
Crystal Palace|Bournemouth|spread|a|2.5,18,Crystal Palace,Bournemouth,spread,a,2.5,Bournemouth wins by >2.5,2026-08-14T19:40+00:00,2026-09-07T16:58+00:00,6.7,,,,,,,,,
Everton|Man City|btts|-|-,18,Everton,Man City,btts,,,Both teams to score,2026-08-14T19:40+00:00,2026-09-07T16:58+00:00,49.9,,,,,,,,,
Everton|Man City|total|-|1.5,18,Everton,Man City,total,,1.5,Over 1.5 goals,2026-08-14T19:40+00:00,2026-09-07T16:58+00:00,75.2,,,,,,,,,
Everton|Man City|total|-|2.5,18,Everton,Man City,total,,2.5,Over 2.5 goals,2026-08-14T19:40+00:00,2026-09-07T16:58+00:00,49.4,,,,,,,,,
Everton|Man City|total|-|3.5,18,Everton,Man City,total,,3.5,Over 3.5 goals,2026-08-14T19:40+00:00,2026-09-07T16:58+00:00,27.5,,,,,,,,,
Everton|Man City|spread|h|1.5,18,Everton,Man City,spread,h,1.5,Everton wins by >1.5,2026-08-14T19:40+00:00,2026-09-07T16:58+00:00,6.1,,,,,,,,,
Everton|Man City|spread|a|1.5,18,Everton,Man City,spread,a,1.5,Man City wins by >1.5,2026-08-14T19:40+00:00,2026-09-07T16:58+00:00,32.7,,,,,,,,,
Everton|Man City|spread|h|2.5,18,Everton,Man City,spread,h,2.5,Everton wins by >2.5,2026-08-14T19:40+00:00,2026-09-07T16:58+00:00,1.5,,,,,,,,,
Everton|Man City|spread|a|2.5,18,Everton,Man City,spread,a,2.5,Man City wins by >2.5,2026-08-14T19:40+00:00,2026-09-07T16:58+00:00,14.9,,,,,,,,,
Fulham|Arsenal|btts|-|-,18,Fulham,Arsenal,btts,,,Both teams to score,2026-08-14T19:40+00:00,2026-09-07T16:58+00:00,47.8,,,,,,,,,
Fulham|Arsenal|total|-|1.5,18,Fulham,Arsenal,total,,1.5,Over 1.5 goals,2026-08-14T19:40+00:00,2026-09-07T16:58+00:00,74.6,,,,,,,,,
Fulham|Arsenal|total|-|2.5,18,Fulham,Arsenal,total,,2.5,Over 2.5 goals,2026-08-14T19:40+00:00,2026-09-07T16:58+00:00,48.6,,,,,,,,,
Fulham|Arsenal|total|-|3.5,18,Fulham,Arsenal,total,,3.5,Over 3.5 goals,2026-08-14T19:40+00:00,2026-09-07T16:58+00:00,26.8,,,,,,,,,
Fulham|Arsenal|spread|h|1.5,18,Fulham,Arsenal,spread,h,1.5,Fulham wins by >1.5,2026-08-14T19:40+00:00,2026-09-07T16:58+00:00,5.1,,,,,,,,,
Fulham|Arsenal|spread|a|1.5,18,Fulham,Arsenal,spread,a,1.5,Arsenal wins by >1.5,2026-08-14T19:40+00:00,2026-09-07T16:58+00:00,34.9,,,,,,,,,
Fulham|Arsenal|spread|h|2.5,18,Fulham,Arsenal,spread,h,2.5,Fulham wins by >2.5,2026-08-14T19:40+00:00,2026-09-07T16:58+00:00,1.2,,,,,,,,,
Fulham|Arsenal|spread|a|2.5,18,Fulham,Arsenal,spread,a,2.5,Arsenal wins by >2.5,2026-08-14T19:40+00:00,2026-09-07T16:58+00:00,16.2,,,,,,,,,
Hull|Leeds|btts|-|-,18,Hull,Leeds,btts,,,Both teams to score,2026-08-14T19:40+00:00,2026-09-07T16:58+00:00,38.9,,,,,,,,,
Hull|Leeds|total|-|1.5,18,Hull,Leeds,total,,1.5,Over 1.5 goals,2026-08-14T19:40+00:00,2026-09-07T16:58+00:00,58.5,,,,,,,,,
Hull|Leeds|total|-|2.5,18,Hull,Leeds,total,,2.5,Over 2.5 goals,2026-08-14T19:40+00:00,2026-09-07T16:58+00:00,30.3,,,,,,,,,
Hull|Leeds|total|-|3.5,18,Hull,Leeds,total,,3.5,Over 3.5 goals,2026-08-14T19:40+00:00,2026-09-07T16:58+00:00,12.9,,,,,,,,,
Hull|Leeds|spread|h|1.5,18,Hull,Leeds,spread,h,1.5,Hull wins by >1.5,2026-08-14T19:40+00:00,2026-09-07T16:58+00:00,16.0,,,,,,,,,
Hull|Leeds|spread|a|1.5,18,Hull,Leeds,spread,a,1.5,Leeds wins by >1.5,2026-08-14T19:40+00:00,2026-09-07T16:58+00:00,9.6,,,,,,,,,
Hull|Leeds|spread|h|2.5,18,Hull,Leeds,spread,h,2.5,Hull wins by >2.5,2026-08-14T19:40+00:00,2026-09-07T16:58+00:00,4.9,,,,,,,,,
Hull|Leeds|spread|a|2.5,18,Hull,Leeds,spread,a,2.5,Leeds wins by >2.5,2026-08-14T19:40+00:00,2026-09-07T16:58+00:00,2.4,,,,,,,,,
Ipswich|Chelsea|btts|-|-,18,Ipswich,Chelsea,btts,,,Both teams to score,2026-08-14T19:40+00:00,2026-09-07T16:58+00:00,59.9,,,,,,,,,
Ipswich|Chelsea|total|-|1.5,18,Ipswich,Chelsea,total,,1.5,Over 1.5 goals,2026-08-14T19:40+00:00,2026-09-07T16:58+00:00,86.0,,,,,,,,,
Ipswich|Chelsea|total|-|2.5,18,Ipswich,Chelsea,total,,2.5,Over 2.5 goals,2026-08-14T19:40+00:00,2026-09-07T16:58+00:00,66.0,,,,,,,,,
Ipswich|Chelsea|total|-|3.5,18,Ipswich,Chelsea,total,,3.5,Over 3.5 goals,2026-08-14T19:40+00:00,2026-09-07T16:58+00:00,44.1,,,,,,,,,
Ipswich|Chelsea|spread|h|1.5,18,Ipswich,Chelsea,spread,h,1.5,Ipswich wins by >1.5,2026-08-14T19:40+00:00,2026-09-07T16:58+00:00,5.6,,,,,,,,,
Ipswich|Chelsea|spread|a|1.5,18,Ipswich,Chelsea,spread,a,1.5,Chelsea wins by >1.5,2026-08-14T19:40+00:00,2026-09-07T16:58+00:00,43.2,,,,,,,,,
Ipswich|Chelsea|spread|h|2.5,18,Ipswich,Chelsea,spread,h,2.5,Ipswich wins by >2.5,2026-08-14T19:40+00:00,2026-09-07T16:58+00:00,1.6,,,,,,,,,
Ipswich|Chelsea|spread|a|2.5,18,Ipswich,Chelsea,spread,a,2.5,Chelsea wins by >2.5,2026-08-14T19:40+00:00,2026-09-07T16:58+00:00,23.8,,,,,,,,,
Man United|Sunderland|btts|-|-,18,Man United,Sunderland,btts,,,Both teams to score,2026-08-14T19:40+00:00,2026-09-07T16:58+00:00,51.4,,,,,,,,,
Man United|Sunderland|total|-|1.5,18,Man United,Sunderland,total,,1.5,Over 1.5 goals,2026-08-14T19:40+00:00,2026-09-07T16:58+00:00,73.7,,,,,,,,,
Man United|Sunderland|total|-|2.5,18,Man United,Sunderland,total,,2.5,Over 2.5 goals,2026-08-14T19:40+00:00,2026-09-07T16:58+00:00,47.4,,,,,,,,,
Man United|Sunderland|total|-|3.5,18,Man United,Sunderland,total,,3.5,Over 3.5 goals,2026-08-14T19:40+00:00,2026-09-07T16:58+00:00,25.7,,,,,,,,,
Man United|Sunderland|spread|h|1.5,18,Man United,Sunderland,spread,h,1.5,Man United wins by >1.5,2026-08-14T19:40+00:00,2026-09-07T16:58+00:00,25.5,,,,,,,,,
Man United|Sunderland|spread|a|1.5,18,Man United,Sunderland,spread,a,1.5,Sunderland wins by >1.5,2026-08-14T19:40+00:00,2026-09-07T16:58+00:00,9.1,,,,,,,,,
Man United|Sunderland|spread|h|2.5,18,Man United,Sunderland,spread,h,2.5,Man United wins by >2.5,2026-08-14T19:40+00:00,2026-09-07T16:58+00:00,10.4,,,,,,,,,
Man United|Sunderland|spread|a|2.5,18,Man United,Sunderland,spread,a,2.5,Sunderland wins by >2.5,2026-08-14T19:40+00:00,2026-09-07T16:58+00:00,2.6,,,,,,,,,
Newcastle|Nott'm Forest|btts|-|-,18,Newcastle,Nott'm Forest,btts,,,Both teams to score,2026-08-14T19:40+00:00,2026-09-07T16:58+00:00,58.2,,,,,,,,,
Newcastle|Nott'm Forest|total|-|1.5,18,Newcastle,Nott'm Forest,total,,1.5,Over 1.5 goals,2026-08-14T19:40+00:00,2026-09-07T16:58+00:00,79.5,,,,,,,,,
Newcastle|Nott'm Forest|total|-|2.5,18,Newcastle,Nott'm Forest,total,,2.5,Over 2.5 goals,2026-08-14T19:40+00:00,2026-09-07T16:58+00:00,55.3,,,,,,,,,
Newcastle|Nott'm Forest|total|-|3.5,18,Newcastle,Nott'm Forest,total,,3.5,Over 3.5 goals,2026-08-14T19:40+00:00,2026-09-07T16:58+00:00,32.9,,,,,,,,,
Newcastle|Nott'm Forest|spread|h|1.5,18,Newcastle,Nott'm Forest,spread,h,1.5,Newcastle wins by >1.5,2026-08-14T19:40+00:00,2026-09-07T16:58+00:00,25.8,,,,,,,,,
Newcastle|Nott'm Forest|spread|a|1.5,18,Newcastle,Nott'm Forest,spread,a,1.5,Nott'm Forest wins by >1.5,2026-08-14T19:40+00:00,2026-09-07T16:58+00:00,11.2,,,,,,,,,
Newcastle|Nott'm Forest|spread|h|2.5,18,Newcastle,Nott'm Forest,spread,h,2.5,Newcastle wins by >2.5,2026-08-14T19:40+00:00,2026-09-07T16:58+00:00,11.1,,,,,,,,,
Newcastle|Nott'm Forest|spread|a|2.5,18,Newcastle,Nott'm Forest,spread,a,2.5,Nott'm Forest wins by >2.5,2026-08-14T19:40+00:00,2026-09-07T16:58+00:00,3.6,,,,,,,,,
Tottenham|Brighton|btts|-|-,18,Tottenham,Brighton,btts,,,Both teams to score,2026-08-14T19:40+00:00,2026-09-07T16:58+00:00,62.8,,,,,,,,,
Tottenham|Brighton|total|-|1.5,18,Tottenham,Brighton,total,,1.5,Over 1.5 goals,2026-08-14T19:40+00:00,2026-09-07T16:58+00:00,82.3,,,,,,,,,
Tottenham|Brighton|total|-|2.5,18,Tottenham,Brighton,total,,2.5,Over 2.5 goals,2026-08-14T19:40+00:00,2026-09-07T16:58+00:00,59.6,,,,,,,,,
Tottenham|Brighton|total|-|3.5,18,Tottenham,Brighton,total,,3.5,Over 3.5 goals,2026-08-14T19:40+00:00,2026-09-07T16:58+00:00,37.3,,,,,,,,,
Tottenham|Brighton|spread|h|1.5,18,Tottenham,Brighton,spread,h,1.5,Tottenham wins by >1.5,2026-08-14T19:40+00:00,2026-09-07T16:58+00:00,16.9,,,,,,,,,
Tottenham|Brighton|spread|a|1.5,18,Tottenham,Brighton,spread,a,1.5,Brighton wins by >1.5,2026-08-14T19:40+00:00,2026-09-07T16:58+00:00,20.3,,,,,,,,,
Tottenham|Brighton|spread|h|2.5,18,Tottenham,Brighton,spread,h,2.5,Tottenham wins by >2.5,2026-08-14T19:40+00:00,2026-09-07T16:58+00:00,6.4,,,,,,,,,
Tottenham|Brighton|spread|a|2.5,18,Tottenham,Brighton,spread,a,2.5,Brighton wins by >2.5,2026-08-14T19:40+00:00,2026-09-07T16:58+00:00,8.2,,,,,,,,,
Bournemouth|Aston Villa|btts|-|-,19,Bournemouth,Aston Villa,btts,,,Both teams to score,2026-08-14T19:40+00:00,2026-09-07T16:58+00:00,59.8,,,,,,,,,
Bournemouth|Aston Villa|total|-|1.5,19,Bournemouth,Aston Villa,total,,1.5,Over 1.5 goals,2026-08-14T19:40+00:00,2026-09-07T16:58+00:00,79.9,,,,,,,,,
Bournemouth|Aston Villa|total|-|2.5,19,Bournemouth,Aston Villa,total,,2.5,Over 2.5 goals,2026-08-14T19:40+00:00,2026-09-07T16:58+00:00,55.9,,,,,,,,,
Bournemouth|Aston Villa|total|-|3.5,19,Bournemouth,Aston Villa,total,,3.5,Over 3.5 goals,2026-08-14T19:40+00:00,2026-09-07T16:58+00:00,33.5,,,,,,,,,
Bournemouth|Aston Villa|spread|h|1.5,19,Bournemouth,Aston Villa,spread,h,1.5,Bournemouth wins by >1.5,2026-08-14T19:40+00:00,2026-09-07T16:58+00:00,20.5,,,,,,,,,
Bournemouth|Aston Villa|spread|a|1.5,19,Bournemouth,Aston Villa,spread,a,1.5,Aston Villa wins by >1.5,2026-08-14T19:40+00:00,2026-09-07T16:58+00:00,15.4,,,,,,,,,
Bournemouth|Aston Villa|spread|h|2.5,19,Bournemouth,Aston Villa,spread,h,2.5,Bournemouth wins by >2.5,2026-08-14T19:40+00:00,2026-09-07T16:58+00:00,8.1,,,,,,,,,
Bournemouth|Aston Villa|spread|a|2.5,19,Bournemouth,Aston Villa,spread,a,2.5,Aston Villa wins by >2.5,2026-08-14T19:40+00:00,2026-09-07T16:58+00:00,5.5,,,,,,,,,
Arsenal|Ipswich|btts|-|-,19,Arsenal,Ipswich,btts,,,Both teams to score,2026-08-14T19:40+00:00,2026-09-07T16:58+00:00,40.6,,,,,,,,,
Arsenal|Ipswich|total|-|1.5,19,Arsenal,Ipswich,total,,1.5,Over 1.5 goals,2026-08-14T19:40+00:00,2026-09-07T16:58+00:00,88.2,,,,,,,,,
Arsenal|Ipswich|total|-|2.5,19,Arsenal,Ipswich,total,,2.5,Over 2.5 goals,2026-08-14T19:40+00:00,2026-09-07T16:58+00:00,70.3,,,,,,,,,
Arsenal|Ipswich|total|-|3.5,19,Arsenal,Ipswich,total,,3.5,Over 3.5 goals,2026-08-14T19:40+00:00,2026-09-07T16:58+00:00,49.2,,,,,,,,,
Arsenal|Ipswich|spread|h|1.5,19,Arsenal,Ipswich,spread,h,1.5,Arsenal wins by >1.5,2026-08-14T19:40+00:00,2026-09-07T16:58+00:00,69.5,,,,,,,,,
Arsenal|Ipswich|spread|a|1.5,19,Arsenal,Ipswich,spread,a,1.5,Ipswich wins by >1.5,2026-08-14T19:40+00:00,2026-09-07T16:58+00:00,0.8,,,,,,,,,
Arsenal|Ipswich|spread|h|2.5,19,Arsenal,Ipswich,spread,h,2.5,Arsenal wins by >2.5,2026-08-14T19:40+00:00,2026-09-07T16:58+00:00,48.1,,,,,,,,,
Arsenal|Ipswich|spread|a|2.5,19,Arsenal,Ipswich,spread,a,2.5,Ipswich wins by >2.5,2026-08-14T19:40+00:00,2026-09-07T16:58+00:00,0.1,,,,,,,,,
Brentford|Crystal Palace|btts|-|-,19,Brentford,Crystal Palace,btts,,,Both teams to score,2026-08-14T19:40+00:00,2026-09-07T16:58+00:00,56.9,,,,,,,,,
Brentford|Crystal Palace|total|-|1.5,19,Brentford,Crystal Palace,total,,1.5,Over 1.5 goals,2026-08-14T19:40+00:00,2026-09-07T16:58+00:00,78.7,,,,,,,,,
Brentford|Crystal Palace|total|-|2.5,19,Brentford,Crystal Palace,total,,2.5,Over 2.5 goals,2026-08-14T19:40+00:00,2026-09-07T16:58+00:00,54.2,,,,,,,,,
Brentford|Crystal Palace|total|-|3.5,19,Brentford,Crystal Palace,total,,3.5,Over 3.5 goals,2026-08-14T19:40+00:00,2026-09-07T16:58+00:00,31.9,,,,,,,,,
Brentford|Crystal Palace|spread|h|1.5,19,Brentford,Crystal Palace,spread,h,1.5,Brentford wins by >1.5,2026-08-14T19:40+00:00,2026-09-07T16:58+00:00,26.9,,,,,,,,,
Brentford|Crystal Palace|spread|a|1.5,19,Brentford,Crystal Palace,spread,a,1.5,Crystal Palace wins by >1.5,2026-08-14T19:40+00:00,2026-09-07T16:58+00:00,10.3,,,,,,,,,
Brentford|Crystal Palace|spread|h|2.5,19,Brentford,Crystal Palace,spread,h,2.5,Brentford wins by >2.5,2026-08-14T19:40+00:00,2026-09-07T16:58+00:00,11.6,,,,,,,,,
Brentford|Crystal Palace|spread|a|2.5,19,Brentford,Crystal Palace,spread,a,2.5,Crystal Palace wins by >2.5,2026-08-14T19:40+00:00,2026-09-07T16:58+00:00,3.2,,,,,,,,,
Brighton|Man United|btts|-|-,19,Brighton,Man United,btts,,,Both teams to score,2026-08-14T19:40+00:00,2026-09-07T16:58+00:00,63.7,,,,,,,,,
Brighton|Man United|total|-|1.5,19,Brighton,Man United,total,,1.5,Over 1.5 goals,2026-08-14T19:40+00:00,2026-09-07T16:58+00:00,83.1,,,,,,,,,
Brighton|Man United|total|-|2.5,19,Brighton,Man United,total,,2.5,Over 2.5 goals,2026-08-14T19:40+00:00,2026-09-07T16:58+00:00,60.9,,,,,,,,,
Brighton|Man United|total|-|3.5,19,Brighton,Man United,total,,3.5,Over 3.5 goals,2026-08-14T19:40+00:00,2026-09-07T16:58+00:00,38.6,,,,,,,,,
Brighton|Man United|spread|h|1.5,19,Brighton,Man United,spread,h,1.5,Brighton wins by >1.5,2026-08-14T19:40+00:00,2026-09-07T16:58+00:00,21.3,,,,,,,,,
Brighton|Man United|spread|a|1.5,19,Brighton,Man United,spread,a,1.5,Man United wins by >1.5,2026-08-14T19:40+00:00,2026-09-07T16:58+00:00,16.5,,,,,,,,,
Brighton|Man United|spread|h|2.5,19,Brighton,Man United,spread,h,2.5,Brighton wins by >2.5,2026-08-14T19:40+00:00,2026-09-07T16:58+00:00,8.8,,,,,,,,,
Brighton|Man United|spread|a|2.5,19,Brighton,Man United,spread,a,2.5,Man United wins by >2.5,2026-08-14T19:40+00:00,2026-09-07T16:58+00:00,6.3,,,,,,,,,
Chelsea|Newcastle|btts|-|-,19,Chelsea,Newcastle,btts,,,Both teams to score,2026-08-14T19:40+00:00,2026-09-07T16:58+00:00,65.5,,,,,,,,,
Chelsea|Newcastle|total|-|1.5,19,Chelsea,Newcastle,total,,1.5,Over 1.5 goals,2026-08-14T19:40+00:00,2026-09-07T16:58+00:00,84.7,,,,,,,,,
Chelsea|Newcastle|total|-|2.5,19,Chelsea,Newcastle,total,,2.5,Over 2.5 goals,2026-08-14T19:40+00:00,2026-09-07T16:58+00:00,63.6,,,,,,,,,
Chelsea|Newcastle|total|-|3.5,19,Chelsea,Newcastle,total,,3.5,Over 3.5 goals,2026-08-14T19:40+00:00,2026-09-07T16:58+00:00,41.5,,,,,,,,,
Chelsea|Newcastle|spread|h|1.5,19,Chelsea,Newcastle,spread,h,1.5,Chelsea wins by >1.5,2026-08-14T19:40+00:00,2026-09-07T16:58+00:00,23.6,,,,,,,,,
Chelsea|Newcastle|spread|a|1.5,19,Chelsea,Newcastle,spread,a,1.5,Newcastle wins by >1.5,2026-08-14T19:40+00:00,2026-09-07T16:58+00:00,15.4,,,,,,,,,
Chelsea|Newcastle|spread|h|2.5,19,Chelsea,Newcastle,spread,h,2.5,Chelsea wins by >2.5,2026-08-14T19:40+00:00,2026-09-07T16:58+00:00,10.3,,,,,,,,,
Chelsea|Newcastle|spread|a|2.5,19,Chelsea,Newcastle,spread,a,2.5,Newcastle wins by >2.5,2026-08-14T19:40+00:00,2026-09-07T16:58+00:00,5.8,,,,,,,,,
Leeds|Everton|btts|-|-,19,Leeds,Everton,btts,,,Both teams to score,2026-08-14T19:40+00:00,2026-09-07T16:58+00:00,49.4,,,,,,,,,
Leeds|Everton|total|-|1.5,19,Leeds,Everton,total,,1.5,Over 1.5 goals,2026-08-14T19:40+00:00,2026-09-07T16:58+00:00,69.8,,,,,,,,,
Leeds|Everton|total|-|2.5,19,Leeds,Everton,total,,2.5,Over 2.5 goals,2026-08-14T19:40+00:00,2026-09-07T16:58+00:00,42.5,,,,,,,,,
Leeds|Everton|total|-|3.5,19,Leeds,Everton,total,,3.5,Over 3.5 goals,2026-08-14T19:40+00:00,2026-09-07T16:58+00:00,21.7,,,,,,,,,
Leeds|Everton|spread|h|1.5,19,Leeds,Everton,spread,h,1.5,Leeds wins by >1.5,2026-08-14T19:40+00:00,2026-09-07T16:58+00:00,17.4,,,,,,,,,
Leeds|Everton|spread|a|1.5,19,Leeds,Everton,spread,a,1.5,Everton wins by >1.5,2026-08-14T19:40+00:00,2026-09-07T16:58+00:00,13.2,,,,,,,,,
Leeds|Everton|spread|h|2.5,19,Leeds,Everton,spread,h,2.5,Leeds wins by >2.5,2026-08-14T19:40+00:00,2026-09-07T16:58+00:00,6.0,,,,,,,,,
Leeds|Everton|spread|a|2.5,19,Leeds,Everton,spread,a,2.5,Everton wins by >2.5,2026-08-14T19:40+00:00,2026-09-07T16:58+00:00,4.1,,,,,,,,,
Liverpool|Coventry|btts|-|-,19,Liverpool,Coventry,btts,,,Both teams to score,2026-08-14T19:40+00:00,2026-09-07T16:58+00:00,42.6,,,,,,,,,
Liverpool|Coventry|total|-|1.5,19,Liverpool,Coventry,total,,1.5,Over 1.5 goals,2026-08-14T19:40+00:00,2026-09-07T16:58+00:00,78.1,,,,,,,,,
Liverpool|Coventry|total|-|2.5,19,Liverpool,Coventry,total,,2.5,Over 2.5 goals,2026-08-14T19:40+00:00,2026-09-07T16:58+00:00,53.7,,,,,,,,,
Liverpool|Coventry|total|-|3.5,19,Liverpool,Coventry,total,,3.5,Over 3.5 goals,2026-08-14T19:40+00:00,2026-09-07T16:58+00:00,31.4,,,,,,,,,
Liverpool|Coventry|spread|h|1.5,19,Liverpool,Coventry,spread,h,1.5,Liverpool wins by >1.5,2026-08-14T19:40+00:00,2026-09-07T16:58+00:00,48.6,,,,,,,,,
Liverpool|Coventry|spread|a|1.5,19,Liverpool,Coventry,spread,a,1.5,Coventry wins by >1.5,2026-08-14T19:40+00:00,2026-09-07T16:58+00:00,2.3,,,,,,,,,
Liverpool|Coventry|spread|h|2.5,19,Liverpool,Coventry,spread,h,2.5,Liverpool wins by >2.5,2026-08-14T19:40+00:00,2026-09-07T16:58+00:00,26.6,,,,,,,,,
Liverpool|Coventry|spread|a|2.5,19,Liverpool,Coventry,spread,a,2.5,Coventry wins by >2.5,2026-08-14T19:40+00:00,2026-09-07T16:58+00:00,0.4,,,,,,,,,
Man City|Tottenham|btts|-|-,19,Man City,Tottenham,btts,,,Both teams to score,2026-08-14T19:40+00:00,2026-09-07T16:58+00:00,55.4,,,,,,,,,
Man City|Tottenham|total|-|1.5,19,Man City,Tottenham,total,,1.5,Over 1.5 goals,2026-08-14T19:40+00:00,2026-09-07T16:58+00:00,86.2,,,,,,,,,
Man City|Tottenham|total|-|2.5,19,Man City,Tottenham,total,,2.5,Over 2.5 goals,2026-08-14T19:40+00:00,2026-09-07T16:58+00:00,66.4,,,,,,,,,
Man City|Tottenham|total|-|3.5,19,Man City,Tottenham,total,,3.5,Over 3.5 goals,2026-08-14T19:40+00:00,2026-09-07T16:58+00:00,44.6,,,,,,,,,
Man City|Tottenham|spread|h|1.5,19,Man City,Tottenham,spread,h,1.5,Man City wins by >1.5,2026-08-14T19:40+00:00,2026-09-07T16:58+00:00,50.4,,,,,,,,,
Man City|Tottenham|spread|a|1.5,19,Man City,Tottenham,spread,a,1.5,Tottenham wins by >1.5,2026-08-14T19:40+00:00,2026-09-07T16:58+00:00,3.6,,,,,,,,,
Man City|Tottenham|spread|h|2.5,19,Man City,Tottenham,spread,h,2.5,Man City wins by >2.5,2026-08-14T19:40+00:00,2026-09-07T16:58+00:00,29.6,,,,,,,,,
Man City|Tottenham|spread|a|2.5,19,Man City,Tottenham,spread,a,2.5,Tottenham wins by >2.5,2026-08-14T19:40+00:00,2026-09-07T16:58+00:00,0.9,,,,,,,,,
Nott'm Forest|Fulham|btts|-|-,19,Nott'm Forest,Fulham,btts,,,Both teams to score,2026-08-14T19:40+00:00,2026-09-07T16:58+00:00,53.3,,,,,,,,,
Nott'm Forest|Fulham|total|-|1.5,19,Nott'm Forest,Fulham,total,,1.5,Over 1.5 goals,2026-08-14T19:40+00:00,2026-09-07T16:58+00:00,74.3,,,,,,,,,
Nott'm Forest|Fulham|total|-|2.5,19,Nott'm Forest,Fulham,total,,2.5,Over 2.5 goals,2026-08-14T19:40+00:00,2026-09-07T16:58+00:00,48.1,,,,,,,,,
Nott'm Forest|Fulham|total|-|3.5,19,Nott'm Forest,Fulham,total,,3.5,Over 3.5 goals,2026-08-14T19:40+00:00,2026-09-07T16:58+00:00,26.3,,,,,,,,,
Nott'm Forest|Fulham|spread|h|1.5,19,Nott'm Forest,Fulham,spread,h,1.5,Nott'm Forest wins by >1.5,2026-08-14T19:40+00:00,2026-09-07T16:58+00:00,21.3,,,,,,,,,
Nott'm Forest|Fulham|spread|a|1.5,19,Nott'm Forest,Fulham,spread,a,1.5,Fulham wins by >1.5,2026-08-14T19:40+00:00,2026-09-07T16:58+00:00,12.1,,,,,,,,,
Nott'm Forest|Fulham|spread|h|2.5,19,Nott'm Forest,Fulham,spread,h,2.5,Nott'm Forest wins by >2.5,2026-08-14T19:40+00:00,2026-09-07T16:58+00:00,8.2,,,,,,,,,
Nott'm Forest|Fulham|spread|a|2.5,19,Nott'm Forest,Fulham,spread,a,2.5,Fulham wins by >2.5,2026-08-14T19:40+00:00,2026-09-07T16:58+00:00,3.8,,,,,,,,,
Sunderland|Hull|btts|-|-,19,Sunderland,Hull,btts,,,Both teams to score,2026-08-14T19:40+00:00,2026-09-07T16:58+00:00,32.7,,,,,,,,,
Sunderland|Hull|total|-|1.5,19,Sunderland,Hull,total,,1.5,Over 1.5 goals,2026-08-14T19:40+00:00,2026-09-07T16:58+00:00,50.3,,,,,,,,,
Sunderland|Hull|total|-|2.5,19,Sunderland,Hull,total,,2.5,Over 2.5 goals,2026-08-14T19:40+00:00,2026-09-07T16:58+00:00,23.0,,,,,,,,,
Sunderland|Hull|total|-|3.5,19,Sunderland,Hull,total,,3.5,Over 3.5 goals,2026-08-14T19:40+00:00,2026-09-07T16:58+00:00,8.6,,,,,,,,,
Sunderland|Hull|spread|h|1.5,19,Sunderland,Hull,spread,h,1.5,Sunderland wins by >1.5,2026-08-14T19:40+00:00,2026-09-07T16:58+00:00,11.6,,,,,,,,,
Sunderland|Hull|spread|a|1.5,19,Sunderland,Hull,spread,a,1.5,Hull wins by >1.5,2026-08-14T19:40+00:00,2026-09-07T16:58+00:00,10.0,,,,,,,,,
Sunderland|Hull|spread|h|2.5,19,Sunderland,Hull,spread,h,2.5,Sunderland wins by >2.5,2026-08-14T19:40+00:00,2026-09-07T16:58+00:00,2.9,,,,,,,,,
Sunderland|Hull|spread|a|2.5,19,Sunderland,Hull,spread,a,2.5,Hull wins by >2.5,2026-08-14T19:40+00:00,2026-09-07T16:58+00:00,2.4,,,,,,,,,
Arsenal|Brentford|btts|-|-,20,Arsenal,Brentford,btts,,,Both teams to score,2026-08-14T19:40+00:00,2026-09-07T16:58+00:00,49.9,,,,,,,,,
Arsenal|Brentford|total|-|1.5,20,Arsenal,Brentford,total,,1.5,Over 1.5 goals,2026-08-14T19:40+00:00,2026-09-07T16:58+00:00,78.5,,,,,,,,,
Arsenal|Brentford|total|-|2.5,20,Arsenal,Brentford,total,,2.5,Over 2.5 goals,2026-08-14T19:40+00:00,2026-09-07T16:58+00:00,54.2,,,,,,,,,
Arsenal|Brentford|total|-|3.5,20,Arsenal,Brentford,total,,3.5,Over 3.5 goals,2026-08-14T19:40+00:00,2026-09-07T16:58+00:00,31.8,,,,,,,,,
Arsenal|Brentford|spread|h|1.5,20,Arsenal,Brentford,spread,h,1.5,Arsenal wins by >1.5,2026-08-14T19:40+00:00,2026-09-07T16:58+00:00,40.2,,,,,,,,,
Arsenal|Brentford|spread|a|1.5,20,Arsenal,Brentford,spread,a,1.5,Brentford wins by >1.5,2026-08-14T19:40+00:00,2026-09-07T16:58+00:00,4.4,,,,,,,,,
Arsenal|Brentford|spread|h|2.5,20,Arsenal,Brentford,spread,h,2.5,Arsenal wins by >2.5,2026-08-14T19:40+00:00,2026-09-07T16:58+00:00,20.3,,,,,,,,,
Arsenal|Brentford|spread|a|2.5,20,Arsenal,Brentford,spread,a,2.5,Brentford wins by >2.5,2026-08-14T19:40+00:00,2026-09-07T16:58+00:00,1.0,,,,,,,,,
Brighton|Bournemouth|btts|-|-,20,Brighton,Bournemouth,btts,,,Both teams to score,2026-08-14T19:40+00:00,2026-09-07T16:58+00:00,60.9,,,,,,,,,
Brighton|Bournemouth|total|-|1.5,20,Brighton,Bournemouth,total,,1.5,Over 1.5 goals,2026-08-14T19:40+00:00,2026-09-07T16:58+00:00,81.2,,,,,,,,,
Brighton|Bournemouth|total|-|2.5,20,Brighton,Bournemouth,total,,2.5,Over 2.5 goals,2026-08-14T19:40+00:00,2026-09-07T16:58+00:00,57.8,,,,,,,,,
Brighton|Bournemouth|total|-|3.5,20,Brighton,Bournemouth,total,,3.5,Over 3.5 goals,2026-08-14T19:40+00:00,2026-09-07T16:58+00:00,35.4,,,,,,,,,
Brighton|Bournemouth|spread|h|1.5,20,Brighton,Bournemouth,spread,h,1.5,Brighton wins by >1.5,2026-08-14T19:40+00:00,2026-09-07T16:58+00:00,23.2,,,,,,,,,
Brighton|Bournemouth|spread|a|1.5,20,Brighton,Bournemouth,spread,a,1.5,Bournemouth wins by >1.5,2026-08-14T19:40+00:00,2026-09-07T16:58+00:00,13.8,,,,,,,,,
Brighton|Bournemouth|spread|h|2.5,20,Brighton,Bournemouth,spread,h,2.5,Brighton wins by >2.5,2026-08-14T19:40+00:00,2026-09-07T16:58+00:00,9.7,,,,,,,,,
Brighton|Bournemouth|spread|a|2.5,20,Brighton,Bournemouth,spread,a,2.5,Bournemouth wins by >2.5,2026-08-14T19:40+00:00,2026-09-07T16:58+00:00,4.9,,,,,,,,,
Crystal Palace|Chelsea|btts|-|-,20,Crystal Palace,Chelsea,btts,,,Both teams to score,2026-08-14T19:40+00:00,2026-09-07T16:58+00:00,59.5,,,,,,,,,
Crystal Palace|Chelsea|total|-|1.5,20,Crystal Palace,Chelsea,total,,1.5,Over 1.5 goals,2026-08-14T19:40+00:00,2026-09-07T16:58+00:00,79.7,,,,,,,,,
Crystal Palace|Chelsea|total|-|2.5,20,Crystal Palace,Chelsea,total,,2.5,Over 2.5 goals,2026-08-14T19:40+00:00,2026-09-07T16:58+00:00,55.7,,,,,,,,,
Crystal Palace|Chelsea|total|-|3.5,20,Crystal Palace,Chelsea,total,,3.5,Over 3.5 goals,2026-08-14T19:40+00:00,2026-09-07T16:58+00:00,33.3,,,,,,,,,
Crystal Palace|Chelsea|spread|h|1.5,20,Crystal Palace,Chelsea,spread,h,1.5,Crystal Palace wins by >1.5,2026-08-14T19:40+00:00,2026-09-07T16:58+00:00,14.2,,,,,,,,,
Crystal Palace|Chelsea|spread|a|1.5,20,Crystal Palace,Chelsea,spread,a,1.5,Chelsea wins by >1.5,2026-08-14T19:40+00:00,2026-09-07T16:58+00:00,21.8,,,,,,,,,
Crystal Palace|Chelsea|spread|h|2.5,20,Crystal Palace,Chelsea,spread,h,2.5,Crystal Palace wins by >2.5,2026-08-14T19:40+00:00,2026-09-07T16:58+00:00,5.0,,,,,,,,,
Crystal Palace|Chelsea|spread|a|2.5,20,Crystal Palace,Chelsea,spread,a,2.5,Chelsea wins by >2.5,2026-08-14T19:40+00:00,2026-09-07T16:58+00:00,8.8,,,,,,,,,
Everton|Aston Villa|btts|-|-,20,Everton,Aston Villa,btts,,,Both teams to score,2026-08-14T19:40+00:00,2026-09-07T16:58+00:00,52.0,,,,,,,,,
Everton|Aston Villa|total|-|1.5,20,Everton,Aston Villa,total,,1.5,Over 1.5 goals,2026-08-14T19:40+00:00,2026-09-07T16:58+00:00,72.4,,,,,,,,,
Everton|Aston Villa|total|-|2.5,20,Everton,Aston Villa,total,,2.5,Over 2.5 goals,2026-08-14T19:40+00:00,2026-09-07T16:58+00:00,45.6,,,,,,,,,
Everton|Aston Villa|total|-|3.5,20,Everton,Aston Villa,total,,3.5,Over 3.5 goals,2026-08-14T19:40+00:00,2026-09-07T16:58+00:00,24.2,,,,,,,,,
Everton|Aston Villa|spread|h|1.5,20,Everton,Aston Villa,spread,h,1.5,Everton wins by >1.5,2026-08-14T19:40+00:00,2026-09-07T16:58+00:00,15.7,,,,,,,,,
Everton|Aston Villa|spread|a|1.5,20,Everton,Aston Villa,spread,a,1.5,Aston Villa wins by >1.5,2026-08-14T19:40+00:00,2026-09-07T16:58+00:00,15.9,,,,,,,,,
Everton|Aston Villa|spread|h|2.5,20,Everton,Aston Villa,spread,h,2.5,Everton wins by >2.5,2026-08-14T19:40+00:00,2026-09-07T16:58+00:00,5.3,,,,,,,,,
Everton|Aston Villa|spread|a|2.5,20,Everton,Aston Villa,spread,a,2.5,Aston Villa wins by >2.5,2026-08-14T19:40+00:00,2026-09-07T16:58+00:00,5.4,,,,,,,,,
Fulham|Tottenham|btts|-|-,20,Fulham,Tottenham,btts,,,Both teams to score,2026-08-14T19:40+00:00,2026-09-07T16:58+00:00,59.4,,,,,,,,,
Fulham|Tottenham|total|-|1.5,20,Fulham,Tottenham,total,,1.5,Over 1.5 goals,2026-08-14T19:40+00:00,2026-09-07T16:58+00:00,79.7,,,,,,,,,
Fulham|Tottenham|total|-|2.5,20,Fulham,Tottenham,total,,2.5,Over 2.5 goals,2026-08-14T19:40+00:00,2026-09-07T16:58+00:00,55.6,,,,,,,,,
Fulham|Tottenham|total|-|3.5,20,Fulham,Tottenham,total,,3.5,Over 3.5 goals,2026-08-14T19:40+00:00,2026-09-07T16:58+00:00,33.2,,,,,,,,,
Fulham|Tottenham|spread|h|1.5,20,Fulham,Tottenham,spread,h,1.5,Fulham wins by >1.5,2026-08-14T19:40+00:00,2026-09-07T16:58+00:00,21.6,,,,,,,,,
Fulham|Tottenham|spread|a|1.5,20,Fulham,Tottenham,spread,a,1.5,Tottenham wins by >1.5,2026-08-14T19:40+00:00,2026-09-07T16:58+00:00,14.4,,,,,,,,,
Fulham|Tottenham|spread|h|2.5,20,Fulham,Tottenham,spread,h,2.5,Fulham wins by >2.5,2026-08-14T19:40+00:00,2026-09-07T16:58+00:00,8.7,,,,,,,,,
Fulham|Tottenham|spread|a|2.5,20,Fulham,Tottenham,spread,a,2.5,Tottenham wins by >2.5,2026-08-14T19:40+00:00,2026-09-07T16:58+00:00,5.0,,,,,,,,,
Ipswich|Coventry|btts|-|-,20,Ipswich,Coventry,btts,,,Both teams to score,2026-08-14T19:40+00:00,2026-09-07T16:58+00:00,45.9,,,,,,,,,
Ipswich|Coventry|total|-|1.5,20,Ipswich,Coventry,total,,1.5,Over 1.5 goals,2026-08-14T19:40+00:00,2026-09-07T16:58+00:00,66.0,,,,,,,,,
Ipswich|Coventry|total|-|2.5,20,Ipswich,Coventry,total,,2.5,Over 2.5 goals,2026-08-14T19:40+00:00,2026-09-07T16:58+00:00,38.1,,,,,,,,,
Ipswich|Coventry|total|-|3.5,20,Ipswich,Coventry,total,,3.5,Over 3.5 goals,2026-08-14T19:40+00:00,2026-09-07T16:58+00:00,18.3,,,,,,,,,
Ipswich|Coventry|spread|h|1.5,20,Ipswich,Coventry,spread,h,1.5,Ipswich wins by >1.5,2026-08-14T19:40+00:00,2026-09-07T16:58+00:00,15.5,,,,,,,,,
Ipswich|Coventry|spread|a|1.5,20,Ipswich,Coventry,spread,a,1.5,Coventry wins by >1.5,2026-08-14T19:40+00:00,2026-09-07T16:58+00:00,13.1,,,,,,,,,
Ipswich|Coventry|spread|h|2.5,20,Ipswich,Coventry,spread,h,2.5,Ipswich wins by >2.5,2026-08-14T19:40+00:00,2026-09-07T16:58+00:00,4.9,,,,,,,,,
Ipswich|Coventry|spread|a|2.5,20,Ipswich,Coventry,spread,a,2.5,Coventry wins by >2.5,2026-08-14T19:40+00:00,2026-09-07T16:58+00:00,3.9,,,,,,,,,
Leeds|Man City|btts|-|-,20,Leeds,Man City,btts,,,Both teams to score,2026-08-14T19:40+00:00,2026-09-07T16:58+00:00,53.9,,,,,,,,,
Leeds|Man City|total|-|1.5,20,Leeds,Man City,total,,1.5,Over 1.5 goals,2026-08-14T19:40+00:00,2026-09-07T16:58+00:00,79.7,,,,,,,,,
Leeds|Man City|total|-|2.5,20,Leeds,Man City,total,,2.5,Over 2.5 goals,2026-08-14T19:40+00:00,2026-09-07T16:58+00:00,55.8,,,,,,,,,
Leeds|Man City|total|-|3.5,20,Leeds,Man City,total,,3.5,Over 3.5 goals,2026-08-14T19:40+00:00,2026-09-07T16:58+00:00,33.4,,,,,,,,,
Leeds|Man City|spread|h|1.5,20,Leeds,Man City,spread,h,1.5,Leeds wins by >1.5,2026-08-14T19:40+00:00,2026-09-07T16:58+00:00,6.1,,,,,,,,,
Leeds|Man City|spread|a|1.5,20,Leeds,Man City,spread,a,1.5,Man City wins by >1.5,2026-08-14T19:40+00:00,2026-09-07T16:58+00:00,36.4,,,,,,,,,
Leeds|Man City|spread|h|2.5,20,Leeds,Man City,spread,h,2.5,Leeds wins by >2.5,2026-08-14T19:40+00:00,2026-09-07T16:58+00:00,1.6,,,,,,,,,
Leeds|Man City|spread|a|2.5,20,Leeds,Man City,spread,a,2.5,Man City wins by >2.5,2026-08-14T19:40+00:00,2026-09-07T16:58+00:00,17.8,,,,,,,,,
Man United|Newcastle|btts|-|-,20,Man United,Newcastle,btts,,,Both teams to score,2026-08-14T19:40+00:00,2026-09-07T16:58+00:00,65.6,,,,,,,,,
Man United|Newcastle|total|-|1.5,20,Man United,Newcastle,total,,1.5,Over 1.5 goals,2026-08-14T19:40+00:00,2026-09-07T16:58+00:00,84.8,,,,,,,,,
Man United|Newcastle|total|-|2.5,20,Man United,Newcastle,total,,2.5,Over 2.5 goals,2026-08-14T19:40+00:00,2026-09-07T16:58+00:00,63.6,,,,,,,,,
Man United|Newcastle|total|-|3.5,20,Man United,Newcastle,total,,3.5,Over 3.5 goals,2026-08-14T19:40+00:00,2026-09-07T16:58+00:00,41.5,,,,,,,,,
Man United|Newcastle|spread|h|1.5,20,Man United,Newcastle,spread,h,1.5,Man United wins by >1.5,2026-08-14T19:40+00:00,2026-09-07T16:58+00:00,23.0,,,,,,,,,
Man United|Newcastle|spread|a|1.5,20,Man United,Newcastle,spread,a,1.5,Newcastle wins by >1.5,2026-08-14T19:40+00:00,2026-09-07T16:58+00:00,15.9,,,,,,,,,
Man United|Newcastle|spread|h|2.5,20,Man United,Newcastle,spread,h,2.5,Man United wins by >2.5,2026-08-14T19:40+00:00,2026-09-07T16:58+00:00,10.0,,,,,,,,,
Man United|Newcastle|spread|a|2.5,20,Man United,Newcastle,spread,a,2.5,Newcastle wins by >2.5,2026-08-14T19:40+00:00,2026-09-07T16:58+00:00,6.1,,,,,,,,,
Nott'm Forest|Hull|btts|-|-,20,Nott'm Forest,Hull,btts,,,Both teams to score,2026-08-14T19:40+00:00,2026-09-07T16:58+00:00,38.1,,,,,,,,,
Nott'm Forest|Hull|total|-|1.5,20,Nott'm Forest,Hull,total,,1.5,Over 1.5 goals,2026-08-14T19:40+00:00,2026-09-07T16:58+00:00,57.2,,,,,,,,,
Nott'm Forest|Hull|total|-|2.5,20,Nott'm Forest,Hull,total,,2.5,Over 2.5 goals,2026-08-14T19:40+00:00,2026-09-07T16:58+00:00,29.1,,,,,,,,,
Nott'm Forest|Hull|total|-|3.5,20,Nott'm Forest,Hull,total,,3.5,Over 3.5 goals,2026-08-14T19:40+00:00,2026-09-07T16:58+00:00,12.2,,,,,,,,,
Nott'm Forest|Hull|spread|h|1.5,20,Nott'm Forest,Hull,spread,h,1.5,Nott'm Forest wins by >1.5,2026-08-14T19:40+00:00,2026-09-07T16:58+00:00,14.7,,,,,,,,,
Nott'm Forest|Hull|spread|a|1.5,20,Nott'm Forest,Hull,spread,a,1.5,Hull wins by >1.5,2026-08-14T19:40+00:00,2026-09-07T16:58+00:00,10.1,,,,,,,,,
Nott'm Forest|Hull|spread|h|2.5,20,Nott'm Forest,Hull,spread,h,2.5,Nott'm Forest wins by >2.5,2026-08-14T19:40+00:00,2026-09-07T16:58+00:00,4.3,,,,,,,,,
Nott'm Forest|Hull|spread|a|2.5,20,Nott'm Forest,Hull,spread,a,2.5,Hull wins by >2.5,2026-08-14T19:40+00:00,2026-09-07T16:58+00:00,2.6,,,,,,,,,
Sunderland|Liverpool|btts|-|-,20,Sunderland,Liverpool,btts,,,Both teams to score,2026-08-14T19:40+00:00,2026-09-07T16:58+00:00,53.2,,,,,,,,,
Sunderland|Liverpool|total|-|1.5,20,Sunderland,Liverpool,total,,1.5,Over 1.5 goals,2026-08-14T19:40+00:00,2026-09-07T16:58+00:00,75.1,,,,,,,,,
Sunderland|Liverpool|total|-|2.5,20,Sunderland,Liverpool,total,,2.5,Over 2.5 goals,2026-08-14T19:40+00:00,2026-09-07T16:58+00:00,49.2,,,,,,,,,
Sunderland|Liverpool|total|-|3.5,20,Sunderland,Liverpool,total,,3.5,Over 3.5 goals,2026-08-14T19:40+00:00,2026-09-07T16:58+00:00,27.3,,,,,,,,,
Sunderland|Liverpool|spread|h|1.5,20,Sunderland,Liverpool,spread,h,1.5,Sunderland wins by >1.5,2026-08-14T19:40+00:00,2026-09-07T16:58+00:00,10.0,,,,,,,,,
Sunderland|Liverpool|spread|a|1.5,20,Sunderland,Liverpool,spread,a,1.5,Liverpool wins by >1.5,2026-08-14T19:40+00:00,2026-09-07T16:58+00:00,25.0,,,,,,,,,
Sunderland|Liverpool|spread|h|2.5,20,Sunderland,Liverpool,spread,h,2.5,Sunderland wins by >2.5,2026-08-14T19:40+00:00,2026-09-07T16:58+00:00,2.9,,,,,,,,,
Sunderland|Liverpool|spread|a|2.5,20,Sunderland,Liverpool,spread,a,2.5,Liverpool wins by >2.5,2026-08-14T19:40+00:00,2026-09-07T16:58+00:00,10.2,,,,,,,,,
Bournemouth|Ipswich|btts|-|-,21,Bournemouth,Ipswich,btts,,,Both teams to score,2026-08-14T19:40+00:00,2026-09-07T16:58+00:00,55.9,,,,,,,,,
Bournemouth|Ipswich|total|-|1.5,21,Bournemouth,Ipswich,total,,1.5,Over 1.5 goals,2026-08-14T19:40+00:00,2026-09-07T16:58+00:00,85.5,,,,,,,,,
Bournemouth|Ipswich|total|-|2.5,21,Bournemouth,Ipswich,total,,2.5,Over 2.5 goals,2026-08-14T19:40+00:00,2026-09-07T16:58+00:00,65.1,,,,,,,,,
Bournemouth|Ipswich|total|-|3.5,21,Bournemouth,Ipswich,total,,3.5,Over 3.5 goals,2026-08-14T19:40+00:00,2026-09-07T16:58+00:00,43.2,,,,,,,,,
Bournemouth|Ipswich|spread|h|1.5,21,Bournemouth,Ipswich,spread,h,1.5,Bournemouth wins by >1.5,2026-08-14T19:40+00:00,2026-09-07T16:58+00:00,47.9,,,,,,,,,
Bournemouth|Ipswich|spread|a|1.5,21,Bournemouth,Ipswich,spread,a,1.5,Ipswich wins by >1.5,2026-08-14T19:40+00:00,2026-09-07T16:58+00:00,4.0,,,,,,,,,
Bournemouth|Ipswich|spread|h|2.5,21,Bournemouth,Ipswich,spread,h,2.5,Bournemouth wins by >2.5,2026-08-14T19:40+00:00,2026-09-07T16:58+00:00,27.4,,,,,,,,,
Bournemouth|Ipswich|spread|a|2.5,21,Bournemouth,Ipswich,spread,a,2.5,Ipswich wins by >2.5,2026-08-14T19:40+00:00,2026-09-07T16:58+00:00,1.0,,,,,,,,,
Aston Villa|Man United|btts|-|-,21,Aston Villa,Man United,btts,,,Both teams to score,2026-08-14T19:40+00:00,2026-09-07T16:58+00:00,62.4,,,,,,,,,
Aston Villa|Man United|total|-|1.5,21,Aston Villa,Man United,total,,1.5,Over 1.5 goals,2026-08-14T19:40+00:00,2026-09-07T16:58+00:00,82.0,,,,,,,,,
Aston Villa|Man United|total|-|2.5,21,Aston Villa,Man United,total,,2.5,Over 2.5 goals,2026-08-14T19:40+00:00,2026-09-07T16:58+00:00,59.2,,,,,,,,,
Aston Villa|Man United|total|-|3.5,21,Aston Villa,Man United,total,,3.5,Over 3.5 goals,2026-08-14T19:40+00:00,2026-09-07T16:58+00:00,36.8,,,,,,,,,
Aston Villa|Man United|spread|h|1.5,21,Aston Villa,Man United,spread,h,1.5,Aston Villa wins by >1.5,2026-08-14T19:40+00:00,2026-09-07T16:58+00:00,20.4,,,,,,,,,
Aston Villa|Man United|spread|a|1.5,21,Aston Villa,Man United,spread,a,1.5,Man United wins by >1.5,2026-08-14T19:40+00:00,2026-09-07T16:58+00:00,16.6,,,,,,,,,
Aston Villa|Man United|spread|h|2.5,21,Aston Villa,Man United,spread,h,2.5,Aston Villa wins by >2.5,2026-08-14T19:40+00:00,2026-09-07T16:58+00:00,8.3,,,,,,,,,
Aston Villa|Man United|spread|a|2.5,21,Aston Villa,Man United,spread,a,2.5,Man United wins by >2.5,2026-08-14T19:40+00:00,2026-09-07T16:58+00:00,6.2,,,,,,,,,
Brentford|Brighton|btts|-|-,21,Brentford,Brighton,btts,,,Both teams to score,2026-08-14T19:40+00:00,2026-09-07T16:58+00:00,61.7,,,,,,,,,
Brentford|Brighton|total|-|1.5,21,Brentford,Brighton,total,,1.5,Over 1.5 goals,2026-08-14T19:40+00:00,2026-09-07T16:58+00:00,81.6,,,,,,,,,
Brentford|Brighton|total|-|2.5,21,Brentford,Brighton,total,,2.5,Over 2.5 goals,2026-08-14T19:40+00:00,2026-09-07T16:58+00:00,58.5,,,,,,,,,
Brentford|Brighton|total|-|3.5,21,Brentford,Brighton,total,,3.5,Over 3.5 goals,2026-08-14T19:40+00:00,2026-09-07T16:58+00:00,36.1,,,,,,,,,
Brentford|Brighton|spread|h|1.5,21,Brentford,Brighton,spread,h,1.5,Brentford wins by >1.5,2026-08-14T19:40+00:00,2026-09-07T16:58+00:00,21.6,,,,,,,,,
Brentford|Brighton|spread|a|1.5,21,Brentford,Brighton,spread,a,1.5,Brighton wins by >1.5,2026-08-14T19:40+00:00,2026-09-07T16:58+00:00,15.3,,,,,,,,,
Brentford|Brighton|spread|h|2.5,21,Brentford,Brighton,spread,h,2.5,Brentford wins by >2.5,2026-08-14T19:40+00:00,2026-09-07T16:58+00:00,8.9,,,,,,,,,
Brentford|Brighton|spread|a|2.5,21,Brentford,Brighton,spread,a,2.5,Brighton wins by >2.5,2026-08-14T19:40+00:00,2026-09-07T16:58+00:00,5.6,,,,,,,,,
Chelsea|Sunderland|btts|-|-,21,Chelsea,Sunderland,btts,,,Both teams to score,2026-08-14T19:40+00:00,2026-09-07T16:58+00:00,51.3,,,,,,,,,
Chelsea|Sunderland|total|-|1.5,21,Chelsea,Sunderland,total,,1.5,Over 1.5 goals,2026-08-14T19:40+00:00,2026-09-07T16:58+00:00,73.8,,,,,,,,,
Chelsea|Sunderland|total|-|2.5,21,Chelsea,Sunderland,total,,2.5,Over 2.5 goals,2026-08-14T19:40+00:00,2026-09-07T16:58+00:00,47.4,,,,,,,,,
Chelsea|Sunderland|total|-|3.5,21,Chelsea,Sunderland,total,,3.5,Over 3.5 goals,2026-08-14T19:40+00:00,2026-09-07T16:58+00:00,25.8,,,,,,,,,
Chelsea|Sunderland|spread|h|1.5,21,Chelsea,Sunderland,spread,h,1.5,Chelsea wins by >1.5,2026-08-14T19:40+00:00,2026-09-07T16:58+00:00,26.0,,,,,,,,,
Chelsea|Sunderland|spread|a|1.5,21,Chelsea,Sunderland,spread,a,1.5,Sunderland wins by >1.5,2026-08-14T19:40+00:00,2026-09-07T16:58+00:00,8.8,,,,,,,,,
Chelsea|Sunderland|spread|h|2.5,21,Chelsea,Sunderland,spread,h,2.5,Chelsea wins by >2.5,2026-08-14T19:40+00:00,2026-09-07T16:58+00:00,10.7,,,,,,,,,
Chelsea|Sunderland|spread|a|2.5,21,Chelsea,Sunderland,spread,a,2.5,Sunderland wins by >2.5,2026-08-14T19:40+00:00,2026-09-07T16:58+00:00,2.5,,,,,,,,,
Coventry|Everton|btts|-|-,21,Coventry,Everton,btts,,,Both teams to score,2026-08-14T19:40+00:00,2026-09-07T16:58+00:00,37.3,,,,,,,,,
Coventry|Everton|total|-|1.5,21,Coventry,Everton,total,,1.5,Over 1.5 goals,2026-08-14T19:40+00:00,2026-09-07T16:58+00:00,58.2,,,,,,,,,
Coventry|Everton|total|-|2.5,21,Coventry,Everton,total,,2.5,Over 2.5 goals,2026-08-14T19:40+00:00,2026-09-07T16:58+00:00,30.0,,,,,,,,,
Coventry|Everton|total|-|3.5,21,Coventry,Everton,total,,3.5,Over 3.5 goals,2026-08-14T19:40+00:00,2026-09-07T16:58+00:00,12.8,,,,,,,,,
Coventry|Everton|spread|h|1.5,21,Coventry,Everton,spread,h,1.5,Coventry wins by >1.5,2026-08-14T19:40+00:00,2026-09-07T16:58+00:00,6.8,,,,,,,,,
Coventry|Everton|spread|a|1.5,21,Coventry,Everton,spread,a,1.5,Everton wins by >1.5,2026-08-14T19:40+00:00,2026-09-07T16:58+00:00,20.2,,,,,,,,,
Coventry|Everton|spread|h|2.5,21,Coventry,Everton,spread,h,2.5,Coventry wins by >2.5,2026-08-14T19:40+00:00,2026-09-07T16:58+00:00,1.5,,,,,,,,,
Coventry|Everton|spread|a|2.5,21,Coventry,Everton,spread,a,2.5,Everton wins by >2.5,2026-08-14T19:40+00:00,2026-09-07T16:58+00:00,6.7,,,,,,,,,
Hull|Arsenal|btts|-|-,21,Hull,Arsenal,btts,,,Both teams to score,2026-08-14T19:40+00:00,2026-09-07T16:58+00:00,34.1,,,,,,,,,
Hull|Arsenal|total|-|1.5,21,Hull,Arsenal,total,,1.5,Over 1.5 goals,2026-08-14T19:40+00:00,2026-09-07T16:58+00:00,57.0,,,,,,,,,
Hull|Arsenal|total|-|2.5,21,Hull,Arsenal,total,,2.5,Over 2.5 goals,2026-08-14T19:40+00:00,2026-09-07T16:58+00:00,29.0,,,,,,,,,
Hull|Arsenal|total|-|3.5,21,Hull,Arsenal,total,,3.5,Over 3.5 goals,2026-08-14T19:40+00:00,2026-09-07T16:58+00:00,12.1,,,,,,,,,
Hull|Arsenal|spread|h|1.5,21,Hull,Arsenal,spread,h,1.5,Hull wins by >1.5,2026-08-14T19:40+00:00,2026-09-07T16:58+00:00,4.6,,,,,,,,,
Hull|Arsenal|spread|a|1.5,21,Hull,Arsenal,spread,a,1.5,Arsenal wins by >1.5,2026-08-14T19:40+00:00,2026-09-07T16:58+00:00,24.1,,,,,,,,,
Hull|Arsenal|spread|h|2.5,21,Hull,Arsenal,spread,h,2.5,Hull wins by >2.5,2026-08-14T19:40+00:00,2026-09-07T16:58+00:00,0.9,,,,,,,,,
Hull|Arsenal|spread|a|2.5,21,Hull,Arsenal,spread,a,2.5,Arsenal wins by >2.5,2026-08-14T19:40+00:00,2026-09-07T16:58+00:00,8.6,,,,,,,,,
Liverpool|Crystal Palace|btts|-|-,21,Liverpool,Crystal Palace,btts,,,Both teams to score,2026-08-14T19:40+00:00,2026-09-07T16:58+00:00,58.4,,,,,,,,,
Liverpool|Crystal Palace|total|-|1.5,21,Liverpool,Crystal Palace,total,,1.5,Over 1.5 goals,2026-08-14T19:40+00:00,2026-09-07T16:58+00:00,83.5,,,,,,,,,
Liverpool|Crystal Palace|total|-|2.5,21,Liverpool,Crystal Palace,total,,2.5,Over 2.5 goals,2026-08-14T19:40+00:00,2026-09-07T16:58+00:00,61.7,,,,,,,,,
Liverpool|Crystal Palace|total|-|3.5,21,Liverpool,Crystal Palace,total,,3.5,Over 3.5 goals,2026-08-14T19:40+00:00,2026-09-07T16:58+00:00,39.4,,,,,,,,,
Liverpool|Crystal Palace|spread|h|1.5,21,Liverpool,Crystal Palace,spread,h,1.5,Liverpool wins by >1.5,2026-08-14T19:40+00:00,2026-09-07T16:58+00:00,38.5,,,,,,,,,
Liverpool|Crystal Palace|spread|a|1.5,21,Liverpool,Crystal Palace,spread,a,1.5,Crystal Palace wins by >1.5,2026-08-14T19:40+00:00,2026-09-07T16:58+00:00,6.5,,,,,,,,,
Liverpool|Crystal Palace|spread|h|2.5,21,Liverpool,Crystal Palace,spread,h,2.5,Liverpool wins by >2.5,2026-08-14T19:40+00:00,2026-09-07T16:58+00:00,19.9,,,,,,,,,
Liverpool|Crystal Palace|spread|a|2.5,21,Liverpool,Crystal Palace,spread,a,2.5,Crystal Palace wins by >2.5,2026-08-14T19:40+00:00,2026-09-07T16:58+00:00,1.8,,,,,,,,,
Man City|Nott'm Forest|btts|-|-,21,Man City,Nott'm Forest,btts,,,Both teams to score,2026-08-14T19:40+00:00,2026-09-07T16:58+00:00,51.1,,,,,,,,,
Man City|Nott'm Forest|total|-|1.5,21,Man City,Nott'm Forest,total,,1.5,Over 1.5 goals,2026-08-14T19:40+00:00,2026-09-07T16:58+00:00,80.6,,,,,,,,,
Man City|Nott'm Forest|total|-|2.5,21,Man City,Nott'm Forest,total,,2.5,Over 2.5 goals,2026-08-14T19:40+00:00,2026-09-07T16:58+00:00,57.3,,,,,,,,,
Man City|Nott'm Forest|total|-|3.5,21,Man City,Nott'm Forest,total,,3.5,Over 3.5 goals,2026-08-14T19:40+00:00,2026-09-07T16:58+00:00,34.9,,,,,,,,,
Man City|Nott'm Forest|spread|h|1.5,21,Man City,Nott'm Forest,spread,h,1.5,Man City wins by >1.5,2026-08-14T19:40+00:00,2026-09-07T16:58+00:00,43.0,,,,,,,,,
Man City|Nott'm Forest|spread|a|1.5,21,Man City,Nott'm Forest,spread,a,1.5,Nott'm Forest wins by >1.5,2026-08-14T19:40+00:00,2026-09-07T16:58+00:00,4.1,,,,,,,,,
Man City|Nott'm Forest|spread|h|2.5,21,Man City,Nott'm Forest,spread,h,2.5,Man City wins by >2.5,2026-08-14T19:40+00:00,2026-09-07T16:58+00:00,22.7,,,,,,,,,
Man City|Nott'm Forest|spread|a|2.5,21,Man City,Nott'm Forest,spread,a,2.5,Nott'm Forest wins by >2.5,2026-08-14T19:40+00:00,2026-09-07T16:58+00:00,1.0,,,,,,,,,
Newcastle|Fulham|btts|-|-,21,Newcastle,Fulham,btts,,,Both teams to score,2026-08-14T19:40+00:00,2026-09-07T16:58+00:00,59.5,,,,,,,,,
Newcastle|Fulham|total|-|1.5,21,Newcastle,Fulham,total,,1.5,Over 1.5 goals,2026-08-14T19:40+00:00,2026-09-07T16:58+00:00,81.3,,,,,,,,,
Newcastle|Fulham|total|-|2.5,21,Newcastle,Fulham,total,,2.5,Over 2.5 goals,2026-08-14T19:40+00:00,2026-09-07T16:58+00:00,58.1,,,,,,,,,
Newcastle|Fulham|total|-|3.5,21,Newcastle,Fulham,total,,3.5,Over 3.5 goals,2026-08-14T19:40+00:00,2026-09-07T16:58+00:00,35.7,,,,,,,,,
Newcastle|Fulham|spread|h|1.5,21,Newcastle,Fulham,spread,h,1.5,Newcastle wins by >1.5,2026-08-14T19:40+00:00,2026-09-07T16:58+00:00,28.9,,,,,,,,,
Newcastle|Fulham|spread|a|1.5,21,Newcastle,Fulham,spread,a,1.5,Fulham wins by >1.5,2026-08-14T19:40+00:00,2026-09-07T16:58+00:00,10.1,,,,,,,,,
Newcastle|Fulham|spread|h|2.5,21,Newcastle,Fulham,spread,h,2.5,Newcastle wins by >2.5,2026-08-14T19:40+00:00,2026-09-07T16:58+00:00,13.1,,,,,,,,,
Newcastle|Fulham|spread|a|2.5,21,Newcastle,Fulham,spread,a,2.5,Fulham wins by >2.5,2026-08-14T19:40+00:00,2026-09-07T16:58+00:00,3.2,,,,,,,,,
Tottenham|Leeds|btts|-|-,21,Tottenham,Leeds,btts,,,Both teams to score,2026-08-14T19:40+00:00,2026-09-07T16:58+00:00,58.8,,,,,,,,,
Tottenham|Leeds|total|-|1.5,21,Tottenham,Leeds,total,,1.5,Over 1.5 goals,2026-08-14T19:40+00:00,2026-09-07T16:58+00:00,79.0,,,,,,,,,
Tottenham|Leeds|total|-|2.5,21,Tottenham,Leeds,total,,2.5,Over 2.5 goals,2026-08-14T19:40+00:00,2026-09-07T16:58+00:00,54.6,,,,,,,,,
Tottenham|Leeds|total|-|3.5,21,Tottenham,Leeds,total,,3.5,Over 3.5 goals,2026-08-14T19:40+00:00,2026-09-07T16:58+00:00,32.3,,,,,,,,,
Tottenham|Leeds|spread|h|1.5,21,Tottenham,Leeds,spread,h,1.5,Tottenham wins by >1.5,2026-08-14T19:40+00:00,2026-09-07T16:58+00:00,20.7,,,,,,,,,
Tottenham|Leeds|spread|a|1.5,21,Tottenham,Leeds,spread,a,1.5,Leeds wins by >1.5,2026-08-14T19:40+00:00,2026-09-07T16:58+00:00,14.7,,,,,,,,,
Tottenham|Leeds|spread|h|2.5,21,Tottenham,Leeds,spread,h,2.5,Tottenham wins by >2.5,2026-08-14T19:40+00:00,2026-09-07T16:58+00:00,8.2,,,,,,,,,
Tottenham|Leeds|spread|a|2.5,21,Tottenham,Leeds,spread,a,2.5,Leeds wins by >2.5,2026-08-14T19:40+00:00,2026-09-07T16:58+00:00,5.2,,,,,,,,,
Arsenal|Newcastle|btts|-|-,22,Arsenal,Newcastle,btts,,,Both teams to score,2026-08-14T19:40+00:00,2026-09-07T16:58+00:00,52.2,,,,,,,,,
Arsenal|Newcastle|total|-|1.5,22,Arsenal,Newcastle,total,,1.5,Over 1.5 goals,2026-08-14T19:40+00:00,2026-09-07T16:58+00:00,79.7,,,,,,,,,
Arsenal|Newcastle|total|-|2.5,22,Arsenal,Newcastle,total,,2.5,Over 2.5 goals,2026-08-14T19:40+00:00,2026-09-07T16:58+00:00,55.8,,,,,,,,,
Arsenal|Newcastle|total|-|3.5,22,Arsenal,Newcastle,total,,3.5,Over 3.5 goals,2026-08-14T19:40+00:00,2026-09-07T16:58+00:00,33.5,,,,,,,,,
Arsenal|Newcastle|spread|h|1.5,22,Arsenal,Newcastle,spread,h,1.5,Arsenal wins by >1.5,2026-08-14T19:40+00:00,2026-09-07T16:58+00:00,39.2,,,,,,,,,
Arsenal|Newcastle|spread|a|1.5,22,Arsenal,Newcastle,spread,a,1.5,Newcastle wins by >1.5,2026-08-14T19:40+00:00,2026-09-07T16:58+00:00,5.1,,,,,,,,,
Arsenal|Newcastle|spread|h|2.5,22,Arsenal,Newcastle,spread,h,2.5,Arsenal wins by >2.5,2026-08-14T19:40+00:00,2026-09-07T16:58+00:00,19.8,,,,,,,,,
Arsenal|Newcastle|spread|a|2.5,22,Arsenal,Newcastle,spread,a,2.5,Newcastle wins by >2.5,2026-08-14T19:40+00:00,2026-09-07T16:58+00:00,1.3,,,,,,,,,
Brighton|Man City|btts|-|-,22,Brighton,Man City,btts,,,Both teams to score,2026-08-14T19:40+00:00,2026-09-07T16:58+00:00,59.1,,,,,,,,,
Brighton|Man City|total|-|1.5,22,Brighton,Man City,total,,1.5,Over 1.5 goals,2026-08-14T19:40+00:00,2026-09-07T16:58+00:00,81.8,,,,,,,,,
Brighton|Man City|total|-|2.5,22,Brighton,Man City,total,,2.5,Over 2.5 goals,2026-08-14T19:40+00:00,2026-09-07T16:58+00:00,58.9,,,,,,,,,
Brighton|Man City|total|-|3.5,22,Brighton,Man City,total,,3.5,Over 3.5 goals,2026-08-14T19:40+00:00,2026-09-07T16:58+00:00,36.5,,,,,,,,,
Brighton|Man City|spread|h|1.5,22,Brighton,Man City,spread,h,1.5,Brighton wins by >1.5,2026-08-14T19:40+00:00,2026-09-07T16:58+00:00,8.8,,,,,,,,,
Brighton|Man City|spread|a|1.5,22,Brighton,Man City,spread,a,1.5,Man City wins by >1.5,2026-08-14T19:40+00:00,2026-09-07T16:58+00:00,31.8,,,,,,,,,
Brighton|Man City|spread|h|2.5,22,Brighton,Man City,spread,h,2.5,Brighton wins by >2.5,2026-08-14T19:40+00:00,2026-09-07T16:58+00:00,2.7,,,,,,,,,
Brighton|Man City|spread|a|2.5,22,Brighton,Man City,spread,a,2.5,Man City wins by >2.5,2026-08-14T19:40+00:00,2026-09-07T16:58+00:00,15.1,,,,,,,,,
Crystal Palace|Tottenham|btts|-|-,22,Crystal Palace,Tottenham,btts,,,Both teams to score,2026-08-14T19:40+00:00,2026-09-07T16:58+00:00,58.7,,,,,,,,,
Crystal Palace|Tottenham|total|-|1.5,22,Crystal Palace,Tottenham,total,,1.5,Over 1.5 goals,2026-08-14T19:40+00:00,2026-09-07T16:58+00:00,78.9,,,,,,,,,
Crystal Palace|Tottenham|total|-|2.5,22,Crystal Palace,Tottenham,total,,2.5,Over 2.5 goals,2026-08-14T19:40+00:00,2026-09-07T16:58+00:00,54.4,,,,,,,,,
Crystal Palace|Tottenham|total|-|3.5,22,Crystal Palace,Tottenham,total,,3.5,Over 3.5 goals,2026-08-14T19:40+00:00,2026-09-07T16:58+00:00,32.1,,,,,,,,,
Crystal Palace|Tottenham|spread|h|1.5,22,Crystal Palace,Tottenham,spread,h,1.5,Crystal Palace wins by >1.5,2026-08-14T19:40+00:00,2026-09-07T16:58+00:00,20.3,,,,,,,,,
Crystal Palace|Tottenham|spread|a|1.5,22,Crystal Palace,Tottenham,spread,a,1.5,Tottenham wins by >1.5,2026-08-14T19:40+00:00,2026-09-07T16:58+00:00,15.0,,,,,,,,,
Crystal Palace|Tottenham|spread|h|2.5,22,Crystal Palace,Tottenham,spread,h,2.5,Crystal Palace wins by >2.5,2026-08-14T19:40+00:00,2026-09-07T16:58+00:00,8.0,,,,,,,,,
Crystal Palace|Tottenham|spread|a|2.5,22,Crystal Palace,Tottenham,spread,a,2.5,Tottenham wins by >2.5,2026-08-14T19:40+00:00,2026-09-07T16:58+00:00,5.3,,,,,,,,,
Everton|Brentford|btts|-|-,22,Everton,Brentford,btts,,,Both teams to score,2026-08-14T19:40+00:00,2026-09-07T16:58+00:00,53.3,,,,,,,,,
Everton|Brentford|total|-|1.5,22,Everton,Brentford,total,,1.5,Over 1.5 goals,2026-08-14T19:40+00:00,2026-09-07T16:58+00:00,73.7,,,,,,,,,
Everton|Brentford|total|-|2.5,22,Everton,Brentford,total,,2.5,Over 2.5 goals,2026-08-14T19:40+00:00,2026-09-07T16:58+00:00,47.3,,,,,,,,,
Everton|Brentford|total|-|3.5,22,Everton,Brentford,total,,3.5,Over 3.5 goals,2026-08-14T19:40+00:00,2026-09-07T16:58+00:00,25.6,,,,,,,,,
Everton|Brentford|spread|h|1.5,22,Everton,Brentford,spread,h,1.5,Everton wins by >1.5,2026-08-14T19:40+00:00,2026-09-07T16:58+00:00,16.0,,,,,,,,,
Everton|Brentford|spread|a|1.5,22,Everton,Brentford,spread,a,1.5,Brentford wins by >1.5,2026-08-14T19:40+00:00,2026-09-07T16:58+00:00,16.4,,,,,,,,,
Everton|Brentford|spread|h|2.5,22,Everton,Brentford,spread,h,2.5,Everton wins by >2.5,2026-08-14T19:40+00:00,2026-09-07T16:58+00:00,5.5,,,,,,,,,
Everton|Brentford|spread|a|2.5,22,Everton,Brentford,spread,a,2.5,Brentford wins by >2.5,2026-08-14T19:40+00:00,2026-09-07T16:58+00:00,5.7,,,,,,,,,
Fulham|Aston Villa|btts|-|-,22,Fulham,Aston Villa,btts,,,Both teams to score,2026-08-14T19:40+00:00,2026-09-07T16:58+00:00,57.3,,,,,,,,,
Fulham|Aston Villa|total|-|1.5,22,Fulham,Aston Villa,total,,1.5,Over 1.5 goals,2026-08-14T19:40+00:00,2026-09-07T16:58+00:00,77.5,,,,,,,,,
Fulham|Aston Villa|total|-|2.5,22,Fulham,Aston Villa,total,,2.5,Over 2.5 goals,2026-08-14T19:40+00:00,2026-09-07T16:58+00:00,52.4,,,,,,,,,
Fulham|Aston Villa|total|-|3.5,22,Fulham,Aston Villa,total,,3.5,Over 3.5 goals,2026-08-14T19:40+00:00,2026-09-07T16:58+00:00,30.2,,,,,,,,,
Fulham|Aston Villa|spread|h|1.5,22,Fulham,Aston Villa,spread,h,1.5,Fulham wins by >1.5,2026-08-14T19:40+00:00,2026-09-07T16:58+00:00,16.3,,,,,,,,,
Fulham|Aston Villa|spread|a|1.5,22,Fulham,Aston Villa,spread,a,1.5,Aston Villa wins by >1.5,2026-08-14T19:40+00:00,2026-09-07T16:58+00:00,18.0,,,,,,,,,
Fulham|Aston Villa|spread|h|2.5,22,Fulham,Aston Villa,spread,h,2.5,Fulham wins by >2.5,2026-08-14T19:40+00:00,2026-09-07T16:58+00:00,5.8,,,,,,,,,
Fulham|Aston Villa|spread|a|2.5,22,Fulham,Aston Villa,spread,a,2.5,Aston Villa wins by >2.5,2026-08-14T19:40+00:00,2026-09-07T16:58+00:00,6.7,,,,,,,,,
Ipswich|Hull|btts|-|-,22,Ipswich,Hull,btts,,,Both teams to score,2026-08-14T19:40+00:00,2026-09-07T16:58+00:00,41.5,,,,,,,,,
Ipswich|Hull|total|-|1.5,22,Ipswich,Hull,total,,1.5,Over 1.5 goals,2026-08-14T19:40+00:00,2026-09-07T16:58+00:00,64.6,,,,,,,,,
Ipswich|Hull|total|-|2.5,22,Ipswich,Hull,total,,2.5,Over 2.5 goals,2026-08-14T19:40+00:00,2026-09-07T16:58+00:00,36.6,,,,,,,,,
Ipswich|Hull|total|-|3.5,22,Ipswich,Hull,total,,3.5,Over 3.5 goals,2026-08-14T19:40+00:00,2026-09-07T16:58+00:00,17.3,,,,,,,,,
Ipswich|Hull|spread|h|1.5,22,Ipswich,Hull,spread,h,1.5,Ipswich wins by >1.5,2026-08-14T19:40+00:00,2026-09-07T16:58+00:00,6.3,,,,,,,,,
Ipswich|Hull|spread|a|1.5,22,Ipswich,Hull,spread,a,1.5,Hull wins by >1.5,2026-08-14T19:40+00:00,2026-09-07T16:58+00:00,25.1,,,,,,,,,
Ipswich|Hull|spread|h|2.5,22,Ipswich,Hull,spread,h,2.5,Ipswich wins by >2.5,2026-08-14T19:40+00:00,2026-09-07T16:58+00:00,1.4,,,,,,,,,
Ipswich|Hull|spread|a|2.5,22,Ipswich,Hull,spread,a,2.5,Hull wins by >2.5,2026-08-14T19:40+00:00,2026-09-07T16:58+00:00,9.5,,,,,,,,,
Leeds|Chelsea|btts|-|-,22,Leeds,Chelsea,btts,,,Both teams to score,2026-08-14T19:40+00:00,2026-09-07T16:58+00:00,59.7,,,,,,,,,
Leeds|Chelsea|total|-|1.5,22,Leeds,Chelsea,total,,1.5,Over 1.5 goals,2026-08-14T19:40+00:00,2026-09-07T16:58+00:00,79.8,,,,,,,,,
Leeds|Chelsea|total|-|2.5,22,Leeds,Chelsea,total,,2.5,Over 2.5 goals,2026-08-14T19:40+00:00,2026-09-07T16:58+00:00,55.8,,,,,,,,,
Leeds|Chelsea|total|-|3.5,22,Leeds,Chelsea,total,,3.5,Over 3.5 goals,2026-08-14T19:40+00:00,2026-09-07T16:58+00:00,33.4,,,,,,,,,
Leeds|Chelsea|spread|h|1.5,22,Leeds,Chelsea,spread,h,1.5,Leeds wins by >1.5,2026-08-14T19:40+00:00,2026-09-07T16:58+00:00,15.1,,,,,,,,,
Leeds|Chelsea|spread|a|1.5,22,Leeds,Chelsea,spread,a,1.5,Chelsea wins by >1.5,2026-08-14T19:40+00:00,2026-09-07T16:58+00:00,20.8,,,,,,,,,
Leeds|Chelsea|spread|h|2.5,22,Leeds,Chelsea,spread,h,2.5,Leeds wins by >2.5,2026-08-14T19:40+00:00,2026-09-07T16:58+00:00,5.4,,,,,,,,,
Leeds|Chelsea|spread|a|2.5,22,Leeds,Chelsea,spread,a,2.5,Chelsea wins by >2.5,2026-08-14T19:40+00:00,2026-09-07T16:58+00:00,8.3,,,,,,,,,
Man United|Liverpool|btts|-|-,22,Man United,Liverpool,btts,,,Both teams to score,2026-08-14T19:40+00:00,2026-09-07T16:58+00:00,67.2,,,,,,,,,
Man United|Liverpool|total|-|1.5,22,Man United,Liverpool,total,,1.5,Over 1.5 goals,2026-08-14T19:40+00:00,2026-09-07T16:58+00:00,85.9,,,,,,,,,
Man United|Liverpool|total|-|2.5,22,Man United,Liverpool,total,,2.5,Over 2.5 goals,2026-08-14T19:40+00:00,2026-09-07T16:58+00:00,65.6,,,,,,,,,
Man United|Liverpool|total|-|3.5,22,Man United,Liverpool,total,,3.5,Over 3.5 goals,2026-08-14T19:40+00:00,2026-09-07T16:58+00:00,43.7,,,,,,,,,
Man United|Liverpool|spread|h|1.5,22,Man United,Liverpool,spread,h,1.5,Man United wins by >1.5,2026-08-14T19:40+00:00,2026-09-07T16:58+00:00,17.1,,,,,,,,,
Man United|Liverpool|spread|a|1.5,22,Man United,Liverpool,spread,a,1.5,Liverpool wins by >1.5,2026-08-14T19:40+00:00,2026-09-07T16:58+00:00,22.4,,,,,,,,,
Man United|Liverpool|spread|h|2.5,22,Man United,Liverpool,spread,h,2.5,Man United wins by >2.5,2026-08-14T19:40+00:00,2026-09-07T16:58+00:00,6.8,,,,,,,,,
Man United|Liverpool|spread|a|2.5,22,Man United,Liverpool,spread,a,2.5,Liverpool wins by >2.5,2026-08-14T19:40+00:00,2026-09-07T16:58+00:00,9.7,,,,,,,,,
Nott'm Forest|Bournemouth|btts|-|-,22,Nott'm Forest,Bournemouth,btts,,,Both teams to score,2026-08-14T19:40+00:00,2026-09-07T16:58+00:00,56.2,,,,,,,,,
Nott'm Forest|Bournemouth|total|-|1.5,22,Nott'm Forest,Bournemouth,total,,1.5,Over 1.5 goals,2026-08-14T19:40+00:00,2026-09-07T16:58+00:00,76.5,,,,,,,,,
Nott'm Forest|Bournemouth|total|-|2.5,22,Nott'm Forest,Bournemouth,total,,2.5,Over 2.5 goals,2026-08-14T19:40+00:00,2026-09-07T16:58+00:00,51.1,,,,,,,,,
Nott'm Forest|Bournemouth|total|-|3.5,22,Nott'm Forest,Bournemouth,total,,3.5,Over 3.5 goals,2026-08-14T19:40+00:00,2026-09-07T16:58+00:00,29.0,,,,,,,,,
Nott'm Forest|Bournemouth|spread|h|1.5,22,Nott'm Forest,Bournemouth,spread,h,1.5,Nott'm Forest wins by >1.5,2026-08-14T19:40+00:00,2026-09-07T16:58+00:00,18.6,,,,,,,,,
Nott'm Forest|Bournemouth|spread|a|1.5,22,Nott'm Forest,Bournemouth,spread,a,1.5,Bournemouth wins by >1.5,2026-08-14T19:40+00:00,2026-09-07T16:58+00:00,15.3,,,,,,,,,
Nott'm Forest|Bournemouth|spread|h|2.5,22,Nott'm Forest,Bournemouth,spread,h,2.5,Nott'm Forest wins by >2.5,2026-08-14T19:40+00:00,2026-09-07T16:58+00:00,6.9,,,,,,,,,
Nott'm Forest|Bournemouth|spread|a|2.5,22,Nott'm Forest,Bournemouth,spread,a,2.5,Bournemouth wins by >2.5,2026-08-14T19:40+00:00,2026-09-07T16:58+00:00,5.3,,,,,,,,,
Sunderland|Coventry|btts|-|-,22,Sunderland,Coventry,btts,,,Both teams to score,2026-08-14T19:40+00:00,2026-09-07T16:58+00:00,34.0,,,,,,,,,
Sunderland|Coventry|total|-|1.5,22,Sunderland,Coventry,total,,1.5,Over 1.5 goals,2026-08-14T19:40+00:00,2026-09-07T16:58+00:00,56.9,,,,,,,,,
Sunderland|Coventry|total|-|2.5,22,Sunderland,Coventry,total,,2.5,Over 2.5 goals,2026-08-14T19:40+00:00,2026-09-07T16:58+00:00,28.9,,,,,,,,,
Sunderland|Coventry|total|-|3.5,22,Sunderland,Coventry,total,,3.5,Over 3.5 goals,2026-08-14T19:40+00:00,2026-09-07T16:58+00:00,12.1,,,,,,,,,
Sunderland|Coventry|spread|h|1.5,22,Sunderland,Coventry,spread,h,1.5,Sunderland wins by >1.5,2026-08-14T19:40+00:00,2026-09-07T16:58+00:00,24.2,,,,,,,,,
Sunderland|Coventry|spread|a|1.5,22,Sunderland,Coventry,spread,a,1.5,Coventry wins by >1.5,2026-08-14T19:40+00:00,2026-09-07T16:58+00:00,4.6,,,,,,,,,
Sunderland|Coventry|spread|h|2.5,22,Sunderland,Coventry,spread,h,2.5,Sunderland wins by >2.5,2026-08-14T19:40+00:00,2026-09-07T16:58+00:00,8.6,,,,,,,,,
Sunderland|Coventry|spread|a|2.5,22,Sunderland,Coventry,spread,a,2.5,Coventry wins by >2.5,2026-08-14T19:40+00:00,2026-09-07T16:58+00:00,0.8,,,,,,,,,
Bournemouth|Fulham|btts|-|-,23,Bournemouth,Fulham,btts,,,Both teams to score,2026-08-14T19:40+00:00,2026-09-07T16:58+00:00,57.4,,,,,,,,,
Bournemouth|Fulham|total|-|1.5,23,Bournemouth,Fulham,total,,1.5,Over 1.5 goals,2026-08-14T19:40+00:00,2026-09-07T16:58+00:00,78.6,,,,,,,,,
Bournemouth|Fulham|total|-|2.5,23,Bournemouth,Fulham,total,,2.5,Over 2.5 goals,2026-08-14T19:40+00:00,2026-09-07T16:58+00:00,54.0,,,,,,,,,
Bournemouth|Fulham|total|-|3.5,23,Bournemouth,Fulham,total,,3.5,Over 3.5 goals,2026-08-14T19:40+00:00,2026-09-07T16:58+00:00,31.7,,,,,,,,,
Bournemouth|Fulham|spread|h|1.5,23,Bournemouth,Fulham,spread,h,1.5,Bournemouth wins by >1.5,2026-08-14T19:40+00:00,2026-09-07T16:58+00:00,24.7,,,,,,,,,
Bournemouth|Fulham|spread|a|1.5,23,Bournemouth,Fulham,spread,a,1.5,Fulham wins by >1.5,2026-08-14T19:40+00:00,2026-09-07T16:58+00:00,11.6,,,,,,,,,
Bournemouth|Fulham|spread|h|2.5,23,Bournemouth,Fulham,spread,h,2.5,Bournemouth wins by >2.5,2026-08-14T19:40+00:00,2026-09-07T16:58+00:00,10.4,,,,,,,,,
Bournemouth|Fulham|spread|a|2.5,23,Bournemouth,Fulham,spread,a,2.5,Fulham wins by >2.5,2026-08-14T19:40+00:00,2026-09-07T16:58+00:00,3.7,,,,,,,,,
Aston Villa|Ipswich|btts|-|-,23,Aston Villa,Ipswich,btts,,,Both teams to score,2026-08-14T19:40+00:00,2026-09-07T16:58+00:00,54.9,,,,,,,,,
Aston Villa|Ipswich|total|-|1.5,23,Aston Villa,Ipswich,total,,1.5,Over 1.5 goals,2026-08-14T19:40+00:00,2026-09-07T16:58+00:00,85.2,,,,,,,,,
Aston Villa|Ipswich|total|-|2.5,23,Aston Villa,Ipswich,total,,2.5,Over 2.5 goals,2026-08-14T19:40+00:00,2026-09-07T16:58+00:00,64.8,,,,,,,,,
Aston Villa|Ipswich|total|-|3.5,23,Aston Villa,Ipswich,total,,3.5,Over 3.5 goals,2026-08-14T19:40+00:00,2026-09-07T16:58+00:00,42.7,,,,,,,,,
Aston Villa|Ipswich|spread|h|1.5,23,Aston Villa,Ipswich,spread,h,1.5,Aston Villa wins by >1.5,2026-08-14T19:40+00:00,2026-09-07T16:58+00:00,48.7,,,,,,,,,
Aston Villa|Ipswich|spread|a|1.5,23,Aston Villa,Ipswich,spread,a,1.5,Ipswich wins by >1.5,2026-08-14T19:40+00:00,2026-09-07T16:58+00:00,3.8,,,,,,,,,
Aston Villa|Ipswich|spread|h|2.5,23,Aston Villa,Ipswich,spread,h,2.5,Aston Villa wins by >2.5,2026-08-14T19:40+00:00,2026-09-07T16:58+00:00,28.0,,,,,,,,,
Aston Villa|Ipswich|spread|a|2.5,23,Aston Villa,Ipswich,spread,a,2.5,Ipswich wins by >2.5,2026-08-14T19:40+00:00,2026-09-07T16:58+00:00,0.9,,,,,,,,,
Brentford|Man United|btts|-|-,23,Brentford,Man United,btts,,,Both teams to score,2026-08-14T19:40+00:00,2026-09-07T16:58+00:00,63.7,,,,,,,,,
Brentford|Man United|total|-|1.5,23,Brentford,Man United,total,,1.5,Over 1.5 goals,2026-08-14T19:40+00:00,2026-09-07T16:58+00:00,83.1,,,,,,,,,
Brentford|Man United|total|-|2.5,23,Brentford,Man United,total,,2.5,Over 2.5 goals,2026-08-14T19:40+00:00,2026-09-07T16:58+00:00,60.9,,,,,,,,,
Brentford|Man United|total|-|3.5,23,Brentford,Man United,total,,3.5,Over 3.5 goals,2026-08-14T19:40+00:00,2026-09-07T16:58+00:00,38.6,,,,,,,,,
Brentford|Man United|spread|h|1.5,23,Brentford,Man United,spread,h,1.5,Brentford wins by >1.5,2026-08-14T19:40+00:00,2026-09-07T16:58+00:00,20.9,,,,,,,,,
Brentford|Man United|spread|a|1.5,23,Brentford,Man United,spread,a,1.5,Man United wins by >1.5,2026-08-14T19:40+00:00,2026-09-07T16:58+00:00,16.8,,,,,,,,,
Brentford|Man United|spread|h|2.5,23,Brentford,Man United,spread,h,2.5,Brentford wins by >2.5,2026-08-14T19:40+00:00,2026-09-07T16:58+00:00,8.6,,,,,,,,,
Brentford|Man United|spread|a|2.5,23,Brentford,Man United,spread,a,2.5,Man United wins by >2.5,2026-08-14T19:40+00:00,2026-09-07T16:58+00:00,6.4,,,,,,,,,
Chelsea|Nott'm Forest|btts|-|-,23,Chelsea,Nott'm Forest,btts,,,Both teams to score,2026-08-14T19:40+00:00,2026-09-07T16:58+00:00,58.0,,,,,,,,,
Chelsea|Nott'm Forest|total|-|1.5,23,Chelsea,Nott'm Forest,total,,1.5,Over 1.5 goals,2026-08-14T19:40+00:00,2026-09-07T16:58+00:00,79.4,,,,,,,,,
Chelsea|Nott'm Forest|total|-|2.5,23,Chelsea,Nott'm Forest,total,,2.5,Over 2.5 goals,2026-08-14T19:40+00:00,2026-09-07T16:58+00:00,55.3,,,,,,,,,
Chelsea|Nott'm Forest|total|-|3.5,23,Chelsea,Nott'm Forest,total,,3.5,Over 3.5 goals,2026-08-14T19:40+00:00,2026-09-07T16:58+00:00,32.9,,,,,,,,,
Chelsea|Nott'm Forest|spread|h|1.5,23,Chelsea,Nott'm Forest,spread,h,1.5,Chelsea wins by >1.5,2026-08-14T19:40+00:00,2026-09-07T16:58+00:00,26.2,,,,,,,,,
Chelsea|Nott'm Forest|spread|a|1.5,23,Chelsea,Nott'm Forest,spread,a,1.5,Nott'm Forest wins by >1.5,2026-08-14T19:40+00:00,2026-09-07T16:58+00:00,11.0,,,,,,,,,
Chelsea|Nott'm Forest|spread|h|2.5,23,Chelsea,Nott'm Forest,spread,h,2.5,Chelsea wins by >2.5,2026-08-14T19:40+00:00,2026-09-07T16:58+00:00,11.3,,,,,,,,,
Chelsea|Nott'm Forest|spread|a|2.5,23,Chelsea,Nott'm Forest,spread,a,2.5,Nott'm Forest wins by >2.5,2026-08-14T19:40+00:00,2026-09-07T16:58+00:00,3.5,,,,,,,,,
Coventry|Leeds|btts|-|-,23,Coventry,Leeds,btts,,,Both teams to score,2026-08-14T19:40+00:00,2026-09-07T16:58+00:00,41.4,,,,,,,,,
Coventry|Leeds|total|-|1.5,23,Coventry,Leeds,total,,1.5,Over 1.5 goals,2026-08-14T19:40+00:00,2026-09-07T16:58+00:00,62.9,,,,,,,,,
Coventry|Leeds|total|-|2.5,23,Coventry,Leeds,total,,2.5,Over 2.5 goals,2026-08-14T19:40+00:00,2026-09-07T16:58+00:00,34.7,,,,,,,,,
Coventry|Leeds|total|-|3.5,23,Coventry,Leeds,total,,3.5,Over 3.5 goals,2026-08-14T19:40+00:00,2026-09-07T16:58+00:00,15.9,,,,,,,,,
Coventry|Leeds|spread|h|1.5,23,Coventry,Leeds,spread,h,1.5,Coventry wins by >1.5,2026-08-14T19:40+00:00,2026-09-07T16:58+00:00,7.7,,,,,,,,,
Coventry|Leeds|spread|a|1.5,23,Coventry,Leeds,spread,a,1.5,Leeds wins by >1.5,2026-08-14T19:40+00:00,2026-09-07T16:58+00:00,21.3,,,,,,,,,
Coventry|Leeds|spread|h|2.5,23,Coventry,Leeds,spread,h,2.5,Coventry wins by >2.5,2026-08-14T19:40+00:00,2026-09-07T16:58+00:00,1.8,,,,,,,,,
Coventry|Leeds|spread|a|2.5,23,Coventry,Leeds,spread,a,2.5,Leeds wins by >2.5,2026-08-14T19:40+00:00,2026-09-07T16:58+00:00,7.5,,,,,,,,,
Hull|Crystal Palace|btts|-|-,23,Hull,Crystal Palace,btts,,,Both teams to score,2026-08-14T19:40+00:00,2026-09-07T16:58+00:00,38.7,,,,,,,,,
Hull|Crystal Palace|total|-|1.5,23,Hull,Crystal Palace,total,,1.5,Over 1.5 goals,2026-08-14T19:40+00:00,2026-09-07T16:58+00:00,58.4,,,,,,,,,
Hull|Crystal Palace|total|-|2.5,23,Hull,Crystal Palace,total,,2.5,Over 2.5 goals,2026-08-14T19:40+00:00,2026-09-07T16:58+00:00,30.2,,,,,,,,,
Hull|Crystal Palace|total|-|3.5,23,Hull,Crystal Palace,total,,3.5,Over 3.5 goals,2026-08-14T19:40+00:00,2026-09-07T16:58+00:00,12.9,,,,,,,,,
Hull|Crystal Palace|spread|h|1.5,23,Hull,Crystal Palace,spread,h,1.5,Hull wins by >1.5,2026-08-14T19:40+00:00,2026-09-07T16:58+00:00,16.7,,,,,,,,,
Hull|Crystal Palace|spread|a|1.5,23,Hull,Crystal Palace,spread,a,1.5,Crystal Palace wins by >1.5,2026-08-14T19:40+00:00,2026-09-07T16:58+00:00,9.1,,,,,,,,,
Hull|Crystal Palace|spread|h|2.5,23,Hull,Crystal Palace,spread,h,2.5,Hull wins by >2.5,2026-08-14T19:40+00:00,2026-09-07T16:58+00:00,5.2,,,,,,,,,
Hull|Crystal Palace|spread|a|2.5,23,Hull,Crystal Palace,spread,a,2.5,Crystal Palace wins by >2.5,2026-08-14T19:40+00:00,2026-09-07T16:58+00:00,2.2,,,,,,,,,
Liverpool|Everton|btts|-|-,23,Liverpool,Everton,btts,,,Both teams to score,2026-08-14T19:40+00:00,2026-09-07T16:58+00:00,54.7,,,,,,,,,
Liverpool|Everton|total|-|1.5,23,Liverpool,Everton,total,,1.5,Over 1.5 goals,2026-08-14T19:40+00:00,2026-09-07T16:58+00:00,79.2,,,,,,,,,
Liverpool|Everton|total|-|2.5,23,Liverpool,Everton,total,,2.5,Over 2.5 goals,2026-08-14T19:40+00:00,2026-09-07T16:58+00:00,55.0,,,,,,,,,
Liverpool|Everton|total|-|3.5,23,Liverpool,Everton,total,,3.5,Over 3.5 goals,2026-08-14T19:40+00:00,2026-09-07T16:58+00:00,32.7,,,,,,,,,
Liverpool|Everton|spread|h|1.5,23,Liverpool,Everton,spread,h,1.5,Liverpool wins by >1.5,2026-08-14T19:40+00:00,2026-09-07T16:58+00:00,33.6,,,,,,,,,
Liverpool|Everton|spread|a|1.5,23,Liverpool,Everton,spread,a,1.5,Everton wins by >1.5,2026-08-14T19:40+00:00,2026-09-07T16:58+00:00,7.0,,,,,,,,,
Liverpool|Everton|spread|h|2.5,23,Liverpool,Everton,spread,h,2.5,Liverpool wins by >2.5,2026-08-14T19:40+00:00,2026-09-07T16:58+00:00,15.9,,,,,,,,,
Liverpool|Everton|spread|a|2.5,23,Liverpool,Everton,spread,a,2.5,Everton wins by >2.5,2026-08-14T19:40+00:00,2026-09-07T16:58+00:00,1.9,,,,,,,,,
Man City|Arsenal|btts|-|-,23,Man City,Arsenal,btts,,,Both teams to score,2026-08-14T19:40+00:00,2026-09-07T16:58+00:00,52.7,,,,,,,,,
Man City|Arsenal|total|-|1.5,23,Man City,Arsenal,total,,1.5,Over 1.5 goals,2026-08-14T19:40+00:00,2026-09-07T16:58+00:00,73.1,,,,,,,,,
Man City|Arsenal|total|-|2.5,23,Man City,Arsenal,total,,2.5,Over 2.5 goals,2026-08-14T19:40+00:00,2026-09-07T16:58+00:00,46.5,,,,,,,,,
Man City|Arsenal|total|-|3.5,23,Man City,Arsenal,total,,3.5,Over 3.5 goals,2026-08-14T19:40+00:00,2026-09-07T16:58+00:00,25.0,,,,,,,,,
Man City|Arsenal|spread|h|1.5,23,Man City,Arsenal,spread,h,1.5,Man City wins by >1.5,2026-08-14T19:40+00:00,2026-09-07T16:58+00:00,17.7,,,,,,,,,
Man City|Arsenal|spread|a|1.5,23,Man City,Arsenal,spread,a,1.5,Arsenal wins by >1.5,2026-08-14T19:40+00:00,2026-09-07T16:58+00:00,14.4,,,,,,,,,
Man City|Arsenal|spread|h|2.5,23,Man City,Arsenal,spread,h,2.5,Man City wins by >2.5,2026-08-14T19:40+00:00,2026-09-07T16:58+00:00,6.3,,,,,,,,,
Man City|Arsenal|spread|a|2.5,23,Man City,Arsenal,spread,a,2.5,Arsenal wins by >2.5,2026-08-14T19:40+00:00,2026-09-07T16:58+00:00,4.8,,,,,,,,,
Newcastle|Brighton|btts|-|-,23,Newcastle,Brighton,btts,,,Both teams to score,2026-08-14T19:40+00:00,2026-09-07T16:58+00:00,63.5,,,,,,,,,
Newcastle|Brighton|total|-|1.5,23,Newcastle,Brighton,total,,1.5,Over 1.5 goals,2026-08-14T19:40+00:00,2026-09-07T16:58+00:00,83.3,,,,,,,,,
Newcastle|Brighton|total|-|2.5,23,Newcastle,Brighton,total,,2.5,Over 2.5 goals,2026-08-14T19:40+00:00,2026-09-07T16:58+00:00,61.3,,,,,,,,,
Newcastle|Brighton|total|-|3.5,23,Newcastle,Brighton,total,,3.5,Over 3.5 goals,2026-08-14T19:40+00:00,2026-09-07T16:58+00:00,39.0,,,,,,,,,
Newcastle|Brighton|spread|h|1.5,23,Newcastle,Brighton,spread,h,1.5,Newcastle wins by >1.5,2026-08-14T19:40+00:00,2026-09-07T16:58+00:00,24.1,,,,,,,,,
Newcastle|Brighton|spread|a|1.5,23,Newcastle,Brighton,spread,a,1.5,Brighton wins by >1.5,2026-08-14T19:40+00:00,2026-09-07T16:58+00:00,14.3,,,,,,,,,
Newcastle|Brighton|spread|h|2.5,23,Newcastle,Brighton,spread,h,2.5,Newcastle wins by >2.5,2026-08-14T19:40+00:00,2026-09-07T16:58+00:00,10.5,,,,,,,,,
Newcastle|Brighton|spread|a|2.5,23,Newcastle,Brighton,spread,a,2.5,Brighton wins by >2.5,2026-08-14T19:40+00:00,2026-09-07T16:58+00:00,5.2,,,,,,,,,
Tottenham|Sunderland|btts|-|-,23,Tottenham,Sunderland,btts,,,Both teams to score,2026-08-14T19:40+00:00,2026-09-07T16:58+00:00,51.3,,,,,,,,,
Tottenham|Sunderland|total|-|1.5,23,Tottenham,Sunderland,total,,1.5,Over 1.5 goals,2026-08-14T19:40+00:00,2026-09-07T16:58+00:00,71.9,,,,,,,,,
Tottenham|Sunderland|total|-|2.5,23,Tottenham,Sunderland,total,,2.5,Over 2.5 goals,2026-08-14T19:40+00:00,2026-09-07T16:58+00:00,45.0,,,,,,,,,
Tottenham|Sunderland|total|-|3.5,23,Tottenham,Sunderland,total,,3.5,Over 3.5 goals,2026-08-14T19:40+00:00,2026-09-07T16:58+00:00,23.7,,,,,,,,,
Tottenham|Sunderland|spread|h|1.5,23,Tottenham,Sunderland,spread,h,1.5,Tottenham wins by >1.5,2026-08-14T19:40+00:00,2026-09-07T16:58+00:00,18.7,,,,,,,,,
Tottenham|Sunderland|spread|a|1.5,23,Tottenham,Sunderland,spread,a,1.5,Sunderland wins by >1.5,2026-08-14T19:40+00:00,2026-09-07T16:58+00:00,13.0,,,,,,,,,
Tottenham|Sunderland|spread|h|2.5,23,Tottenham,Sunderland,spread,h,2.5,Tottenham wins by >2.5,2026-08-14T19:40+00:00,2026-09-07T16:58+00:00,6.7,,,,,,,,,
Tottenham|Sunderland|spread|a|2.5,23,Tottenham,Sunderland,spread,a,2.5,Sunderland wins by >2.5,2026-08-14T19:40+00:00,2026-09-07T16:58+00:00,4.1,,,,,,,,,
Arsenal|Liverpool|btts|-|-,24,Arsenal,Liverpool,btts,,,Both teams to score,2026-08-14T19:40+00:00,2026-09-07T16:58+00:00,55.6,,,,,,,,,
Arsenal|Liverpool|total|-|1.5,24,Arsenal,Liverpool,total,,1.5,Over 1.5 goals,2026-08-14T19:40+00:00,2026-09-07T16:58+00:00,79.4,,,,,,,,,
Arsenal|Liverpool|total|-|2.5,24,Arsenal,Liverpool,total,,2.5,Over 2.5 goals,2026-08-14T19:40+00:00,2026-09-07T16:58+00:00,55.2,,,,,,,,,
Arsenal|Liverpool|total|-|3.5,24,Arsenal,Liverpool,total,,3.5,Over 3.5 goals,2026-08-14T19:40+00:00,2026-09-07T16:58+00:00,32.9,,,,,,,,,
Arsenal|Liverpool|spread|h|1.5,24,Arsenal,Liverpool,spread,h,1.5,Arsenal wins by >1.5,2026-08-14T19:40+00:00,2026-09-07T16:58+00:00,32.2,,,,,,,,,
Arsenal|Liverpool|spread|a|1.5,24,Arsenal,Liverpool,spread,a,1.5,Liverpool wins by >1.5,2026-08-14T19:40+00:00,2026-09-07T16:58+00:00,7.7,,,,,,,,,
Arsenal|Liverpool|spread|h|2.5,24,Arsenal,Liverpool,spread,h,2.5,Arsenal wins by >2.5,2026-08-14T19:40+00:00,2026-09-07T16:58+00:00,15.0,,,,,,,,,
Arsenal|Liverpool|spread|a|2.5,24,Arsenal,Liverpool,spread,a,2.5,Liverpool wins by >2.5,2026-08-14T19:40+00:00,2026-09-07T16:58+00:00,2.2,,,,,,,,,
Brighton|Hull|btts|-|-,24,Brighton,Hull,btts,,,Both teams to score,2026-08-14T19:40+00:00,2026-09-07T16:58+00:00,42.3,,,,,,,,,
Brighton|Hull|total|-|1.5,24,Brighton,Hull,total,,1.5,Over 1.5 goals,2026-08-14T19:40+00:00,2026-09-07T16:58+00:00,62.8,,,,,,,,,
Brighton|Hull|total|-|2.5,24,Brighton,Hull,total,,2.5,Over 2.5 goals,2026-08-14T19:40+00:00,2026-09-07T16:58+00:00,34.6,,,,,,,,,
Brighton|Hull|total|-|3.5,24,Brighton,Hull,total,,3.5,Over 3.5 goals,2026-08-14T19:40+00:00,2026-09-07T16:58+00:00,15.9,,,,,,,,,
Brighton|Hull|spread|h|1.5,24,Brighton,Hull,spread,h,1.5,Brighton wins by >1.5,2026-08-14T19:40+00:00,2026-09-07T16:58+00:00,18.5,,,,,,,,,
Brighton|Hull|spread|a|1.5,24,Brighton,Hull,spread,a,1.5,Hull wins by >1.5,2026-08-14T19:40+00:00,2026-09-07T16:58+00:00,9.4,,,,,,,,,
Brighton|Hull|spread|h|2.5,24,Brighton,Hull,spread,h,2.5,Brighton wins by >2.5,2026-08-14T19:40+00:00,2026-09-07T16:58+00:00,6.2,,,,,,,,,
Brighton|Hull|spread|a|2.5,24,Brighton,Hull,spread,a,2.5,Hull wins by >2.5,2026-08-14T19:40+00:00,2026-09-07T16:58+00:00,2.4,,,,,,,,,
Crystal Palace|Coventry|btts|-|-,24,Crystal Palace,Coventry,btts,,,Both teams to score,2026-08-14T19:40+00:00,2026-09-07T16:58+00:00,40.2,,,,,,,,,
Crystal Palace|Coventry|total|-|1.5,24,Crystal Palace,Coventry,total,,1.5,Over 1.5 goals,2026-08-14T19:40+00:00,2026-09-07T16:58+00:00,64.5,,,,,,,,,
Crystal Palace|Coventry|total|-|2.5,24,Crystal Palace,Coventry,total,,2.5,Over 2.5 goals,2026-08-14T19:40+00:00,2026-09-07T16:58+00:00,36.5,,,,,,,,,
Crystal Palace|Coventry|total|-|3.5,24,Crystal Palace,Coventry,total,,3.5,Over 3.5 goals,2026-08-14T19:40+00:00,2026-09-07T16:58+00:00,17.2,,,,,,,,,
Crystal Palace|Coventry|spread|h|1.5,24,Crystal Palace,Coventry,spread,h,1.5,Crystal Palace wins by >1.5,2026-08-14T19:40+00:00,2026-09-07T16:58+00:00,27.3,,,,,,,,,
Crystal Palace|Coventry|spread|a|1.5,24,Crystal Palace,Coventry,spread,a,1.5,Coventry wins by >1.5,2026-08-14T19:40+00:00,2026-09-07T16:58+00:00,5.3,,,,,,,,,
Crystal Palace|Coventry|spread|h|2.5,24,Crystal Palace,Coventry,spread,h,2.5,Crystal Palace wins by >2.5,2026-08-14T19:40+00:00,2026-09-07T16:58+00:00,10.7,,,,,,,,,
Crystal Palace|Coventry|spread|a|2.5,24,Crystal Palace,Coventry,spread,a,2.5,Coventry wins by >2.5,2026-08-14T19:40+00:00,2026-09-07T16:58+00:00,1.1,,,,,,,,,
Everton|Newcastle|btts|-|-,24,Everton,Newcastle,btts,,,Both teams to score,2026-08-14T19:40+00:00,2026-09-07T16:58+00:00,55.3,,,,,,,,,
Everton|Newcastle|total|-|1.5,24,Everton,Newcastle,total,,1.5,Over 1.5 goals,2026-08-14T19:40+00:00,2026-09-07T16:58+00:00,75.6,,,,,,,,,
Everton|Newcastle|total|-|2.5,24,Everton,Newcastle,total,,2.5,Over 2.5 goals,2026-08-14T19:40+00:00,2026-09-07T16:58+00:00,49.8,,,,,,,,,
Everton|Newcastle|total|-|3.5,24,Everton,Newcastle,total,,3.5,Over 3.5 goals,2026-08-14T19:40+00:00,2026-09-07T16:58+00:00,27.9,,,,,,,,,
Everton|Newcastle|spread|h|1.5,24,Everton,Newcastle,spread,h,1.5,Everton wins by >1.5,2026-08-14T19:40+00:00,2026-09-07T16:58+00:00,15.1,,,,,,,,,
Everton|Newcastle|spread|a|1.5,24,Everton,Newcastle,spread,a,1.5,Newcastle wins by >1.5,2026-08-14T19:40+00:00,2026-09-07T16:58+00:00,18.3,,,,,,,,,
Everton|Newcastle|spread|h|2.5,24,Everton,Newcastle,spread,h,2.5,Everton wins by >2.5,2026-08-14T19:40+00:00,2026-09-07T16:58+00:00,5.2,,,,,,,,,
Everton|Newcastle|spread|a|2.5,24,Everton,Newcastle,spread,a,2.5,Newcastle wins by >2.5,2026-08-14T19:40+00:00,2026-09-07T16:58+00:00,6.7,,,,,,,,,
Fulham|Man City|btts|-|-,24,Fulham,Man City,btts,,,Both teams to score,2026-08-14T19:40+00:00,2026-09-07T16:58+00:00,54.6,,,,,,,,,
Fulham|Man City|total|-|1.5,24,Fulham,Man City,total,,1.5,Over 1.5 goals,2026-08-14T19:40+00:00,2026-09-07T16:58+00:00,80.3,,,,,,,,,
Fulham|Man City|total|-|2.5,24,Fulham,Man City,total,,2.5,Over 2.5 goals,2026-08-14T19:40+00:00,2026-09-07T16:58+00:00,56.7,,,,,,,,,
Fulham|Man City|total|-|3.5,24,Fulham,Man City,total,,3.5,Over 3.5 goals,2026-08-14T19:40+00:00,2026-09-07T16:58+00:00,34.3,,,,,,,,,
Fulham|Man City|spread|h|1.5,24,Fulham,Man City,spread,h,1.5,Fulham wins by >1.5,2026-08-14T19:40+00:00,2026-09-07T16:58+00:00,6.1,,,,,,,,,
Fulham|Man City|spread|a|1.5,24,Fulham,Man City,spread,a,1.5,Man City wins by >1.5,2026-08-14T19:40+00:00,2026-09-07T16:58+00:00,36.8,,,,,,,,,
Fulham|Man City|spread|h|2.5,24,Fulham,Man City,spread,h,2.5,Fulham wins by >2.5,2026-08-14T19:40+00:00,2026-09-07T16:58+00:00,1.6,,,,,,,,,
Fulham|Man City|spread|a|2.5,24,Fulham,Man City,spread,a,2.5,Man City wins by >2.5,2026-08-14T19:40+00:00,2026-09-07T16:58+00:00,18.2,,,,,,,,,
Ipswich|Tottenham|btts|-|-,24,Ipswich,Tottenham,btts,,,Both teams to score,2026-08-14T19:40+00:00,2026-09-07T16:58+00:00,61.4,,,,,,,,,
Ipswich|Tottenham|total|-|1.5,24,Ipswich,Tottenham,total,,1.5,Over 1.5 goals,2026-08-14T19:40+00:00,2026-09-07T16:58+00:00,83.7,,,,,,,,,
Ipswich|Tottenham|total|-|2.5,24,Ipswich,Tottenham,total,,2.5,Over 2.5 goals,2026-08-14T19:40+00:00,2026-09-07T16:58+00:00,61.9,,,,,,,,,
Ipswich|Tottenham|total|-|3.5,24,Ipswich,Tottenham,total,,3.5,Over 3.5 goals,2026-08-14T19:40+00:00,2026-09-07T16:58+00:00,39.6,,,,,,,,,
Ipswich|Tottenham|spread|h|1.5,24,Ipswich,Tottenham,spread,h,1.5,Ipswich wins by >1.5,2026-08-14T19:40+00:00,2026-09-07T16:58+00:00,9.1,,,,,,,,,
Ipswich|Tottenham|spread|a|1.5,24,Ipswich,Tottenham,spread,a,1.5,Tottenham wins by >1.5,2026-08-14T19:40+00:00,2026-09-07T16:58+00:00,32.7,,,,,,,,,
Ipswich|Tottenham|spread|h|2.5,24,Ipswich,Tottenham,spread,h,2.5,Ipswich wins by >2.5,2026-08-14T19:40+00:00,2026-09-07T16:58+00:00,2.9,,,,,,,,,
Ipswich|Tottenham|spread|a|2.5,24,Ipswich,Tottenham,spread,a,2.5,Tottenham wins by >2.5,2026-08-14T19:40+00:00,2026-09-07T16:58+00:00,15.8,,,,,,,,,
Leeds|Bournemouth|btts|-|-,24,Leeds,Bournemouth,btts,,,Both teams to score,2026-08-14T19:40+00:00,2026-09-07T16:58+00:00,57.3,,,,,,,,,
Leeds|Bournemouth|total|-|1.5,24,Leeds,Bournemouth,total,,1.5,Over 1.5 goals,2026-08-14T19:40+00:00,2026-09-07T16:58+00:00,77.5,,,,,,,,,
Leeds|Bournemouth|total|-|2.5,24,Leeds,Bournemouth,total,,2.5,Over 2.5 goals,2026-08-14T19:40+00:00,2026-09-07T16:58+00:00,52.4,,,,,,,,,
Leeds|Bournemouth|total|-|3.5,24,Leeds,Bournemouth,total,,3.5,Over 3.5 goals,2026-08-14T19:40+00:00,2026-09-07T16:58+00:00,30.2,,,,,,,,,
Leeds|Bournemouth|spread|h|1.5,24,Leeds,Bournemouth,spread,h,1.5,Leeds wins by >1.5,2026-08-14T19:40+00:00,2026-09-07T16:58+00:00,17.1,,,,,,,,,
Leeds|Bournemouth|spread|a|1.5,24,Leeds,Bournemouth,spread,a,1.5,Bournemouth wins by >1.5,2026-08-14T19:40+00:00,2026-09-07T16:58+00:00,17.2,,,,,,,,,
Leeds|Bournemouth|spread|h|2.5,24,Leeds,Bournemouth,spread,h,2.5,Leeds wins by >2.5,2026-08-14T19:40+00:00,2026-09-07T16:58+00:00,6.2,,,,,,,,,
Leeds|Bournemouth|spread|a|2.5,24,Leeds,Bournemouth,spread,a,2.5,Bournemouth wins by >2.5,2026-08-14T19:40+00:00,2026-09-07T16:58+00:00,6.3,,,,,,,,,
Man United|Chelsea|btts|-|-,24,Man United,Chelsea,btts,,,Both teams to score,2026-08-14T19:40+00:00,2026-09-07T16:58+00:00,65.5,,,,,,,,,
Man United|Chelsea|total|-|1.5,24,Man United,Chelsea,total,,1.5,Over 1.5 goals,2026-08-14T19:40+00:00,2026-09-07T16:58+00:00,84.7,,,,,,,,,
Man United|Chelsea|total|-|2.5,24,Man United,Chelsea,total,,2.5,Over 2.5 goals,2026-08-14T19:40+00:00,2026-09-07T16:58+00:00,63.5,,,,,,,,,
Man United|Chelsea|total|-|3.5,24,Man United,Chelsea,total,,3.5,Over 3.5 goals,2026-08-14T19:40+00:00,2026-09-07T16:58+00:00,41.3,,,,,,,,,
Man United|Chelsea|spread|h|1.5,24,Man United,Chelsea,spread,h,1.5,Man United wins by >1.5,2026-08-14T19:40+00:00,2026-09-07T16:58+00:00,22.6,,,,,,,,,
Man United|Chelsea|spread|a|1.5,24,Man United,Chelsea,spread,a,1.5,Chelsea wins by >1.5,2026-08-14T19:40+00:00,2026-09-07T16:58+00:00,16.2,,,,,,,,,
Man United|Chelsea|spread|h|2.5,24,Man United,Chelsea,spread,h,2.5,Man United wins by >2.5,2026-08-14T19:40+00:00,2026-09-07T16:58+00:00,9.7,,,,,,,,,
Man United|Chelsea|spread|a|2.5,24,Man United,Chelsea,spread,a,2.5,Chelsea wins by >2.5,2026-08-14T19:40+00:00,2026-09-07T16:58+00:00,6.2,,,,,,,,,
Nott'm Forest|Brentford|btts|-|-,24,Nott'm Forest,Brentford,btts,,,Both teams to score,2026-08-14T19:40+00:00,2026-09-07T16:58+00:00,56.9,,,,,,,,,
Nott'm Forest|Brentford|total|-|1.5,24,Nott'm Forest,Brentford,total,,1.5,Over 1.5 goals,2026-08-14T19:40+00:00,2026-09-07T16:58+00:00,77.1,,,,,,,,,
Nott'm Forest|Brentford|total|-|2.5,24,Nott'm Forest,Brentford,total,,2.5,Over 2.5 goals,2026-08-14T19:40+00:00,2026-09-07T16:58+00:00,51.8,,,,,,,,,
Nott'm Forest|Brentford|total|-|3.5,24,Nott'm Forest,Brentford,total,,3.5,Over 3.5 goals,2026-08-14T19:40+00:00,2026-09-07T16:58+00:00,29.7,,,,,,,,,
Nott'm Forest|Brentford|spread|h|1.5,24,Nott'm Forest,Brentford,spread,h,1.5,Nott'm Forest wins by >1.5,2026-08-14T19:40+00:00,2026-09-07T16:58+00:00,17.8,,,,,,,,,
Nott'm Forest|Brentford|spread|a|1.5,24,Nott'm Forest,Brentford,spread,a,1.5,Brentford wins by >1.5,2026-08-14T19:40+00:00,2026-09-07T16:58+00:00,16.3,,,,,,,,,
Nott'm Forest|Brentford|spread|h|2.5,24,Nott'm Forest,Brentford,spread,h,2.5,Nott'm Forest wins by >2.5,2026-08-14T19:40+00:00,2026-09-07T16:58+00:00,6.6,,,,,,,,,
Nott'm Forest|Brentford|spread|a|2.5,24,Nott'm Forest,Brentford,spread,a,2.5,Brentford wins by >2.5,2026-08-14T19:40+00:00,2026-09-07T16:58+00:00,5.8,,,,,,,,,
Sunderland|Aston Villa|btts|-|-,24,Sunderland,Aston Villa,btts,,,Both teams to score,2026-08-14T19:40+00:00,2026-09-07T16:58+00:00,49.1,,,,,,,,,
Sunderland|Aston Villa|total|-|1.5,24,Sunderland,Aston Villa,total,,1.5,Over 1.5 goals,2026-08-14T19:40+00:00,2026-09-07T16:58+00:00,69.4,,,,,,,,,
Sunderland|Aston Villa|total|-|2.5,24,Sunderland,Aston Villa,total,,2.5,Over 2.5 goals,2026-08-14T19:40+00:00,2026-09-07T16:58+00:00,42.0,,,,,,,,,
Sunderland|Aston Villa|total|-|3.5,24,Sunderland,Aston Villa,total,,3.5,Over 3.5 goals,2026-08-14T19:40+00:00,2026-09-07T16:58+00:00,21.3,,,,,,,,,
Sunderland|Aston Villa|spread|h|1.5,24,Sunderland,Aston Villa,spread,h,1.5,Sunderland wins by >1.5,2026-08-14T19:40+00:00,2026-09-07T16:58+00:00,14.2,,,,,,,,,
Sunderland|Aston Villa|spread|a|1.5,24,Sunderland,Aston Villa,spread,a,1.5,Aston Villa wins by >1.5,2026-08-14T19:40+00:00,2026-09-07T16:58+00:00,16.1,,,,,,,,,
Sunderland|Aston Villa|spread|h|2.5,24,Sunderland,Aston Villa,spread,h,2.5,Sunderland wins by >2.5,2026-08-14T19:40+00:00,2026-09-07T16:58+00:00,4.5,,,,,,,,,
Sunderland|Aston Villa|spread|a|2.5,24,Sunderland,Aston Villa,spread,a,2.5,Aston Villa wins by >2.5,2026-08-14T19:40+00:00,2026-09-07T16:58+00:00,5.3,,,,,,,,,
Aston Villa|Bournemouth|btts|-|-,25,Aston Villa,Bournemouth,btts,,,Both teams to score,2026-08-14T19:40+00:00,2026-09-07T16:58+00:00,59.7,,,,,,,,,
Aston Villa|Bournemouth|total|-|1.5,25,Aston Villa,Bournemouth,total,,1.5,Over 1.5 goals,2026-08-14T19:40+00:00,2026-09-07T16:58+00:00,80.0,,,,,,,,,
Aston Villa|Bournemouth|total|-|2.5,25,Aston Villa,Bournemouth,total,,2.5,Over 2.5 goals,2026-08-14T19:40+00:00,2026-09-07T16:58+00:00,56.1,,,,,,,,,
Aston Villa|Bournemouth|total|-|3.5,25,Aston Villa,Bournemouth,total,,3.5,Over 3.5 goals,2026-08-14T19:40+00:00,2026-09-07T16:58+00:00,33.7,,,,,,,,,
Aston Villa|Bournemouth|spread|h|1.5,25,Aston Villa,Bournemouth,spread,h,1.5,Aston Villa wins by >1.5,2026-08-14T19:40+00:00,2026-09-07T16:58+00:00,22.3,,,,,,,,,
Aston Villa|Bournemouth|spread|a|1.5,25,Aston Villa,Bournemouth,spread,a,1.5,Bournemouth wins by >1.5,2026-08-14T19:40+00:00,2026-09-07T16:58+00:00,14.0,,,,,,,,,
Aston Villa|Bournemouth|spread|h|2.5,25,Aston Villa,Bournemouth,spread,h,2.5,Aston Villa wins by >2.5,2026-08-14T19:40+00:00,2026-09-07T16:58+00:00,9.1,,,,,,,,,
Aston Villa|Bournemouth|spread|a|2.5,25,Aston Villa,Bournemouth,spread,a,2.5,Bournemouth wins by >2.5,2026-08-14T19:40+00:00,2026-09-07T16:58+00:00,4.9,,,,,,,,,
Coventry|Liverpool|btts|-|-,25,Coventry,Liverpool,btts,,,Both teams to score,2026-08-14T19:40+00:00,2026-09-07T16:58+00:00,45.3,,,,,,,,,
Coventry|Liverpool|total|-|1.5,25,Coventry,Liverpool,total,,1.5,Over 1.5 goals,2026-08-14T19:40+00:00,2026-09-07T16:58+00:00,74.7,,,,,,,,,
Coventry|Liverpool|total|-|2.5,25,Coventry,Liverpool,total,,2.5,Over 2.5 goals,2026-08-14T19:40+00:00,2026-09-07T16:58+00:00,48.8,,,,,,,,,
Coventry|Liverpool|total|-|3.5,25,Coventry,Liverpool,total,,3.5,Over 3.5 goals,2026-08-14T19:40+00:00,2026-09-07T16:58+00:00,27.0,,,,,,,,,
Coventry|Liverpool|spread|h|1.5,25,Coventry,Liverpool,spread,h,1.5,Coventry wins by >1.5,2026-08-14T19:40+00:00,2026-09-07T16:58+00:00,3.9,,,,,,,,,
Coventry|Liverpool|spread|a|1.5,25,Coventry,Liverpool,spread,a,1.5,Liverpool wins by >1.5,2026-08-14T19:40+00:00,2026-09-07T16:58+00:00,38.9,,,,,,,,,
Coventry|Liverpool|spread|h|2.5,25,Coventry,Liverpool,spread,h,2.5,Coventry wins by >2.5,2026-08-14T19:40+00:00,2026-09-07T16:58+00:00,0.8,,,,,,,,,
Coventry|Liverpool|spread|a|2.5,25,Coventry,Liverpool,spread,a,2.5,Liverpool wins by >2.5,2026-08-14T19:40+00:00,2026-09-07T16:58+00:00,18.9,,,,,,,,,
Crystal Palace|Brentford|btts|-|-,25,Crystal Palace,Brentford,btts,,,Both teams to score,2026-08-14T19:40+00:00,2026-09-07T16:58+00:00,57.7,,,,,,,,,
Crystal Palace|Brentford|total|-|1.5,25,Crystal Palace,Brentford,total,,1.5,Over 1.5 goals,2026-08-14T19:40+00:00,2026-09-07T16:58+00:00,77.9,,,,,,,,,
Crystal Palace|Brentford|total|-|2.5,25,Crystal Palace,Brentford,total,,2.5,Over 2.5 goals,2026-08-14T19:40+00:00,2026-09-07T16:58+00:00,53.1,,,,,,,,,
Crystal Palace|Brentford|total|-|3.5,25,Crystal Palace,Brentford,total,,3.5,Over 3.5 goals,2026-08-14T19:40+00:00,2026-09-07T16:58+00:00,30.8,,,,,,,,,
Crystal Palace|Brentford|spread|h|1.5,25,Crystal Palace,Brentford,spread,h,1.5,Crystal Palace wins by >1.5,2026-08-14T19:40+00:00,2026-09-07T16:58+00:00,15.5,,,,,,,,,
Crystal Palace|Brentford|spread|a|1.5,25,Crystal Palace,Brentford,spread,a,1.5,Brentford wins by >1.5,2026-08-14T19:40+00:00,2026-09-07T16:58+00:00,19.2,,,,,,,,,
Crystal Palace|Brentford|spread|h|2.5,25,Crystal Palace,Brentford,spread,h,2.5,Crystal Palace wins by >2.5,2026-08-14T19:40+00:00,2026-09-07T16:58+00:00,5.5,,,,,,,,,
Crystal Palace|Brentford|spread|a|2.5,25,Crystal Palace,Brentford,spread,a,2.5,Brentford wins by >2.5,2026-08-14T19:40+00:00,2026-09-07T16:58+00:00,7.3,,,,,,,,,
Everton|Leeds|btts|-|-,25,Everton,Leeds,btts,,,Both teams to score,2026-08-14T19:40+00:00,2026-09-07T16:58+00:00,49.3,,,,,,,,,
Everton|Leeds|total|-|1.5,25,Everton,Leeds,total,,1.5,Over 1.5 goals,2026-08-14T19:40+00:00,2026-09-07T16:58+00:00,69.9,,,,,,,,,
Everton|Leeds|total|-|2.5,25,Everton,Leeds,total,,2.5,Over 2.5 goals,2026-08-14T19:40+00:00,2026-09-07T16:58+00:00,42.6,,,,,,,,,
Everton|Leeds|total|-|3.5,25,Everton,Leeds,total,,3.5,Over 3.5 goals,2026-08-14T19:40+00:00,2026-09-07T16:58+00:00,21.8,,,,,,,,,
Everton|Leeds|spread|h|1.5,25,Everton,Leeds,spread,h,1.5,Everton wins by >1.5,2026-08-14T19:40+00:00,2026-09-07T16:58+00:00,18.8,,,,,,,,,
Everton|Leeds|spread|a|1.5,25,Everton,Leeds,spread,a,1.5,Leeds wins by >1.5,2026-08-14T19:40+00:00,2026-09-07T16:58+00:00,12.1,,,,,,,,,
Everton|Leeds|spread|h|2.5,25,Everton,Leeds,spread,h,2.5,Everton wins by >2.5,2026-08-14T19:40+00:00,2026-09-07T16:58+00:00,6.6,,,,,,,,,
Everton|Leeds|spread|a|2.5,25,Everton,Leeds,spread,a,2.5,Leeds wins by >2.5,2026-08-14T19:40+00:00,2026-09-07T16:58+00:00,3.6,,,,,,,,,
Fulham|Nott'm Forest|btts|-|-,25,Fulham,Nott'm Forest,btts,,,Both teams to score,2026-08-14T19:40+00:00,2026-09-07T16:58+00:00,53.6,,,,,,,,,
Fulham|Nott'm Forest|total|-|1.5,25,Fulham,Nott'm Forest,total,,1.5,Over 1.5 goals,2026-08-14T19:40+00:00,2026-09-07T16:58+00:00,74.0,,,,,,,,,
Fulham|Nott'm Forest|total|-|2.5,25,Fulham,Nott'm Forest,total,,2.5,Over 2.5 goals,2026-08-14T19:40+00:00,2026-09-07T16:58+00:00,47.7,,,,,,,,,
Fulham|Nott'm Forest|total|-|3.5,25,Fulham,Nott'm Forest,total,,3.5,Over 3.5 goals,2026-08-14T19:40+00:00,2026-09-07T16:58+00:00,26.0,,,,,,,,,
Fulham|Nott'm Forest|spread|h|1.5,25,Fulham,Nott'm Forest,spread,h,1.5,Fulham wins by >1.5,2026-08-14T19:40+00:00,2026-09-07T16:58+00:00,17.6,,,,,,,,,
Fulham|Nott'm Forest|spread|a|1.5,25,Fulham,Nott'm Forest,spread,a,1.5,Nott'm Forest wins by >1.5,2026-08-14T19:40+00:00,2026-09-07T16:58+00:00,14.9,,,,,,,,,
Fulham|Nott'm Forest|spread|h|2.5,25,Fulham,Nott'm Forest,spread,h,2.5,Fulham wins by >2.5,2026-08-14T19:40+00:00,2026-09-07T16:58+00:00,6.3,,,,,,,,,
Fulham|Nott'm Forest|spread|a|2.5,25,Fulham,Nott'm Forest,spread,a,2.5,Nott'm Forest wins by >2.5,2026-08-14T19:40+00:00,2026-09-07T16:58+00:00,5.0,,,,,,,,,
Hull|Sunderland|btts|-|-,25,Hull,Sunderland,btts,,,Both teams to score,2026-08-14T19:40+00:00,2026-09-07T16:58+00:00,32.6,,,,,,,,,
Hull|Sunderland|total|-|1.5,25,Hull,Sunderland,total,,1.5,Over 1.5 goals,2026-08-14T19:40+00:00,2026-09-07T16:58+00:00,50.6,,,,,,,,,
Hull|Sunderland|total|-|2.5,25,Hull,Sunderland,total,,2.5,Over 2.5 goals,2026-08-14T19:40+00:00,2026-09-07T16:58+00:00,23.3,,,,,,,,,
Hull|Sunderland|total|-|3.5,25,Hull,Sunderland,total,,3.5,Over 3.5 goals,2026-08-14T19:40+00:00,2026-09-07T16:58+00:00,8.7,,,,,,,,,
Hull|Sunderland|spread|h|1.5,25,Hull,Sunderland,spread,h,1.5,Hull wins by >1.5,2026-08-14T19:40+00:00,2026-09-07T16:58+00:00,13.9,,,,,,,,,
Hull|Sunderland|spread|a|1.5,25,Hull,Sunderland,spread,a,1.5,Sunderland wins by >1.5,2026-08-14T19:40+00:00,2026-09-07T16:58+00:00,8.2,,,,,,,,,
Hull|Sunderland|spread|h|2.5,25,Hull,Sunderland,spread,h,2.5,Hull wins by >2.5,2026-08-14T19:40+00:00,2026-09-07T16:58+00:00,3.8,,,,,,,,,
Hull|Sunderland|spread|a|2.5,25,Hull,Sunderland,spread,a,2.5,Sunderland wins by >2.5,2026-08-14T19:40+00:00,2026-09-07T16:58+00:00,1.8,,,,,,,,,
Ipswich|Arsenal|btts|-|-,25,Ipswich,Arsenal,btts,,,Both teams to score,2026-08-14T19:40+00:00,2026-09-07T16:58+00:00,44.3,,,,,,,,,
Ipswich|Arsenal|total|-|1.5,25,Ipswich,Arsenal,total,,1.5,Over 1.5 goals,2026-08-14T19:40+00:00,2026-09-07T16:58+00:00,84.7,,,,,,,,,
Ipswich|Arsenal|total|-|2.5,25,Ipswich,Arsenal,total,,2.5,Over 2.5 goals,2026-08-14T19:40+00:00,2026-09-07T16:58+00:00,64.0,,,,,,,,,
Ipswich|Arsenal|total|-|3.5,25,Ipswich,Arsenal,total,,3.5,Over 3.5 goals,2026-08-14T19:40+00:00,2026-09-07T16:58+00:00,41.9,,,,,,,,,
Ipswich|Arsenal|spread|h|1.5,25,Ipswich,Arsenal,spread,h,1.5,Ipswich wins by >1.5,2026-08-14T19:40+00:00,2026-09-07T16:58+00:00,1.5,,,,,,,,,
Ipswich|Arsenal|spread|a|1.5,25,Ipswich,Arsenal,spread,a,1.5,Arsenal wins by >1.5,2026-08-14T19:40+00:00,2026-09-07T16:58+00:00,59.4,,,,,,,,,
Ipswich|Arsenal|spread|h|2.5,25,Ipswich,Arsenal,spread,h,2.5,Ipswich wins by >2.5,2026-08-14T19:40+00:00,2026-09-07T16:58+00:00,0.3,,,,,,,,,
Ipswich|Arsenal|spread|a|2.5,25,Ipswich,Arsenal,spread,a,2.5,Arsenal wins by >2.5,2026-08-14T19:40+00:00,2026-09-07T16:58+00:00,37.2,,,,,,,,,
Man United|Brighton|btts|-|-,25,Man United,Brighton,btts,,,Both teams to score,2026-08-14T19:40+00:00,2026-09-07T16:58+00:00,63.5,,,,,,,,,
Man United|Brighton|total|-|1.5,25,Man United,Brighton,total,,1.5,Over 1.5 goals,2026-08-14T19:40+00:00,2026-09-07T16:58+00:00,83.3,,,,,,,,,
Man United|Brighton|total|-|2.5,25,Man United,Brighton,total,,2.5,Over 2.5 goals,2026-08-14T19:40+00:00,2026-09-07T16:58+00:00,61.2,,,,,,,,,
Man United|Brighton|total|-|3.5,25,Man United,Brighton,total,,3.5,Over 3.5 goals,2026-08-14T19:40+00:00,2026-09-07T16:58+00:00,38.9,,,,,,,,,
Man United|Brighton|spread|h|1.5,25,Man United,Brighton,spread,h,1.5,Man United wins by >1.5,2026-08-14T19:40+00:00,2026-09-07T16:58+00:00,23.9,,,,,,,,,
Man United|Brighton|spread|a|1.5,25,Man United,Brighton,spread,a,1.5,Brighton wins by >1.5,2026-08-14T19:40+00:00,2026-09-07T16:58+00:00,14.4,,,,,,,,,
Man United|Brighton|spread|h|2.5,25,Man United,Brighton,spread,h,2.5,Man United wins by >2.5,2026-08-14T19:40+00:00,2026-09-07T16:58+00:00,10.3,,,,,,,,,
Man United|Brighton|spread|a|2.5,25,Man United,Brighton,spread,a,2.5,Brighton wins by >2.5,2026-08-14T19:40+00:00,2026-09-07T16:58+00:00,5.2,,,,,,,,,
Newcastle|Chelsea|btts|-|-,25,Newcastle,Chelsea,btts,,,Both teams to score,2026-08-14T19:40+00:00,2026-09-07T16:58+00:00,65.5,,,,,,,,,
Newcastle|Chelsea|total|-|1.5,25,Newcastle,Chelsea,total,,1.5,Over 1.5 goals,2026-08-14T19:40+00:00,2026-09-07T16:58+00:00,84.7,,,,,,,,,
Newcastle|Chelsea|total|-|2.5,25,Newcastle,Chelsea,total,,2.5,Over 2.5 goals,2026-08-14T19:40+00:00,2026-09-07T16:58+00:00,63.5,,,,,,,,,
Newcastle|Chelsea|total|-|3.5,25,Newcastle,Chelsea,total,,3.5,Over 3.5 goals,2026-08-14T19:40+00:00,2026-09-07T16:58+00:00,41.4,,,,,,,,,
Newcastle|Chelsea|spread|h|1.5,25,Newcastle,Chelsea,spread,h,1.5,Newcastle wins by >1.5,2026-08-14T19:40+00:00,2026-09-07T16:58+00:00,22.8,,,,,,,,,
Newcastle|Chelsea|spread|a|1.5,25,Newcastle,Chelsea,spread,a,1.5,Chelsea wins by >1.5,2026-08-14T19:40+00:00,2026-09-07T16:58+00:00,16.1,,,,,,,,,
Newcastle|Chelsea|spread|h|2.5,25,Newcastle,Chelsea,spread,h,2.5,Newcastle wins by >2.5,2026-08-14T19:40+00:00,2026-09-07T16:58+00:00,9.8,,,,,,,,,
Newcastle|Chelsea|spread|a|2.5,25,Newcastle,Chelsea,spread,a,2.5,Chelsea wins by >2.5,2026-08-14T19:40+00:00,2026-09-07T16:58+00:00,6.2,,,,,,,,,
Tottenham|Man City|btts|-|-,25,Tottenham,Man City,btts,,,Both teams to score,2026-08-14T19:40+00:00,2026-09-07T16:58+00:00,58.4,,,,,,,,,
Tottenham|Man City|total|-|1.5,25,Tottenham,Man City,total,,1.5,Over 1.5 goals,2026-08-14T19:40+00:00,2026-09-07T16:58+00:00,83.9,,,,,,,,,
Tottenham|Man City|total|-|2.5,25,Tottenham,Man City,total,,2.5,Over 2.5 goals,2026-08-14T19:40+00:00,2026-09-07T16:58+00:00,62.4,,,,,,,,,
Tottenham|Man City|total|-|3.5,25,Tottenham,Man City,total,,3.5,Over 3.5 goals,2026-08-14T19:40+00:00,2026-09-07T16:58+00:00,40.2,,,,,,,,,
Tottenham|Man City|spread|h|1.5,25,Tottenham,Man City,spread,h,1.5,Tottenham wins by >1.5,2026-08-14T19:40+00:00,2026-09-07T16:58+00:00,6.2,,,,,,,,,
Tottenham|Man City|spread|a|1.5,25,Tottenham,Man City,spread,a,1.5,Man City wins by >1.5,2026-08-14T19:40+00:00,2026-09-07T16:58+00:00,39.7,,,,,,,,,
Tottenham|Man City|spread|h|2.5,25,Tottenham,Man City,spread,h,2.5,Tottenham wins by >2.5,2026-08-14T19:40+00:00,2026-09-07T16:58+00:00,1.7,,,,,,,,,
Tottenham|Man City|spread|a|2.5,25,Tottenham,Man City,spread,a,2.5,Man City wins by >2.5,2026-08-14T19:40+00:00,2026-09-07T16:58+00:00,20.8,,,,,,,,,
Bournemouth|Crystal Palace|btts|-|-,26,Bournemouth,Crystal Palace,btts,,,Both teams to score,2026-08-14T19:40+00:00,2026-09-07T16:58+00:00,56.5,,,,,,,,,
Bournemouth|Crystal Palace|total|-|1.5,26,Bournemouth,Crystal Palace,total,,1.5,Over 1.5 goals,2026-08-14T19:40+00:00,2026-09-07T16:58+00:00,78.0,,,,,,,,,
Bournemouth|Crystal Palace|total|-|2.5,26,Bournemouth,Crystal Palace,total,,2.5,Over 2.5 goals,2026-08-14T19:40+00:00,2026-09-07T16:58+00:00,53.2,,,,,,,,,
Bournemouth|Crystal Palace|total|-|3.5,26,Bournemouth,Crystal Palace,total,,3.5,Over 3.5 goals,2026-08-14T19:40+00:00,2026-09-07T16:58+00:00,30.9,,,,,,,,,
Bournemouth|Crystal Palace|spread|h|1.5,26,Bournemouth,Crystal Palace,spread,h,1.5,Bournemouth wins by >1.5,2026-08-14T19:40+00:00,2026-09-07T16:58+00:00,25.5,,,,,,,,,
Bournemouth|Crystal Palace|spread|a|1.5,26,Bournemouth,Crystal Palace,spread,a,1.5,Crystal Palace wins by >1.5,2026-08-14T19:40+00:00,2026-09-07T16:58+00:00,10.8,,,,,,,,,
Bournemouth|Crystal Palace|spread|h|2.5,26,Bournemouth,Crystal Palace,spread,h,2.5,Bournemouth wins by >2.5,2026-08-14T19:40+00:00,2026-09-07T16:58+00:00,10.7,,,,,,,,,
Bournemouth|Crystal Palace|spread|a|2.5,26,Bournemouth,Crystal Palace,spread,a,2.5,Crystal Palace wins by >2.5,2026-08-14T19:40+00:00,2026-09-07T16:58+00:00,3.4,,,,,,,,,
Arsenal|Fulham|btts|-|-,26,Arsenal,Fulham,btts,,,Both teams to score,2026-08-14T19:40+00:00,2026-09-07T16:58+00:00,45.3,,,,,,,,,
Arsenal|Fulham|total|-|1.5,26,Arsenal,Fulham,total,,1.5,Over 1.5 goals,2026-08-14T19:40+00:00,2026-09-07T16:58+00:00,77.6,,,,,,,,,
Arsenal|Fulham|total|-|2.5,26,Arsenal,Fulham,total,,2.5,Over 2.5 goals,2026-08-14T19:40+00:00,2026-09-07T16:58+00:00,52.9,,,,,,,,,
Arsenal|Fulham|total|-|3.5,26,Arsenal,Fulham,total,,3.5,Over 3.5 goals,2026-08-14T19:40+00:00,2026-09-07T16:58+00:00,30.6,,,,,,,,,
Arsenal|Fulham|spread|h|1.5,26,Arsenal,Fulham,spread,h,1.5,Arsenal wins by >1.5,2026-08-14T19:40+00:00,2026-09-07T16:58+00:00,44.5,,,,,,,,,
Arsenal|Fulham|spread|a|1.5,26,Arsenal,Fulham,spread,a,1.5,Fulham wins by >1.5,2026-08-14T19:40+00:00,2026-09-07T16:58+00:00,3.1,,,,,,,,,
Arsenal|Fulham|spread|h|2.5,26,Arsenal,Fulham,spread,h,2.5,Arsenal wins by >2.5,2026-08-14T19:40+00:00,2026-09-07T16:58+00:00,23.3,,,,,,,,,
Arsenal|Fulham|spread|a|2.5,26,Arsenal,Fulham,spread,a,2.5,Fulham wins by >2.5,2026-08-14T19:40+00:00,2026-09-07T16:58+00:00,0.6,,,,,,,,,
Brentford|Coventry|btts|-|-,26,Brentford,Coventry,btts,,,Both teams to score,2026-08-14T19:40+00:00,2026-09-07T16:58+00:00,42.3,,,,,,,,,
Brentford|Coventry|total|-|1.5,26,Brentford,Coventry,total,,1.5,Over 1.5 goals,2026-08-14T19:40+00:00,2026-09-07T16:58+00:00,71.0,,,,,,,,,
Brentford|Coventry|total|-|2.5,26,Brentford,Coventry,total,,2.5,Over 2.5 goals,2026-08-14T19:40+00:00,2026-09-07T16:58+00:00,44.1,,,,,,,,,
Brentford|Coventry|total|-|3.5,26,Brentford,Coventry,total,,3.5,Over 3.5 goals,2026-08-14T19:40+00:00,2026-09-07T16:58+00:00,23.0,,,,,,,,,
Brentford|Coventry|spread|h|1.5,26,Brentford,Coventry,spread,h,1.5,Brentford wins by >1.5,2026-08-14T19:40+00:00,2026-09-07T16:58+00:00,36.1,,,,,,,,,
Brentford|Coventry|spread|a|1.5,26,Brentford,Coventry,spread,a,1.5,Coventry wins by >1.5,2026-08-14T19:40+00:00,2026-09-07T16:58+00:00,3.9,,,,,,,,,
Brentford|Coventry|spread|h|2.5,26,Brentford,Coventry,spread,h,2.5,Brentford wins by >2.5,2026-08-14T19:40+00:00,2026-09-07T16:58+00:00,16.6,,,,,,,,,
Brentford|Coventry|spread|a|2.5,26,Brentford,Coventry,spread,a,2.5,Coventry wins by >2.5,2026-08-14T19:40+00:00,2026-09-07T16:58+00:00,0.8,,,,,,,,,
Brighton|Tottenham|btts|-|-,26,Brighton,Tottenham,btts,,,Both teams to score,2026-08-14T19:40+00:00,2026-09-07T16:58+00:00,61.9,,,,,,,,,
Brighton|Tottenham|total|-|1.5,26,Brighton,Tottenham,total,,1.5,Over 1.5 goals,2026-08-14T19:40+00:00,2026-09-07T16:58+00:00,83.0,,,,,,,,,
Brighton|Tottenham|total|-|2.5,26,Brighton,Tottenham,total,,2.5,Over 2.5 goals,2026-08-14T19:40+00:00,2026-09-07T16:58+00:00,60.7,,,,,,,,,
Brighton|Tottenham|total|-|3.5,26,Brighton,Tottenham,total,,3.5,Over 3.5 goals,2026-08-14T19:40+00:00,2026-09-07T16:58+00:00,38.4,,,,,,,,,
Brighton|Tottenham|spread|h|1.5,26,Brighton,Tottenham,spread,h,1.5,Brighton wins by >1.5,2026-08-14T19:40+00:00,2026-09-07T16:58+00:00,28.6,,,,,,,,,
Brighton|Tottenham|spread|a|1.5,26,Brighton,Tottenham,spread,a,1.5,Tottenham wins by >1.5,2026-08-14T19:40+00:00,2026-09-07T16:58+00:00,11.1,,,,,,,,,
Brighton|Tottenham|spread|h|2.5,26,Brighton,Tottenham,spread,h,2.5,Brighton wins by >2.5,2026-08-14T19:40+00:00,2026-09-07T16:58+00:00,13.1,,,,,,,,,
Brighton|Tottenham|spread|a|2.5,26,Brighton,Tottenham,spread,a,2.5,Tottenham wins by >2.5,2026-08-14T19:40+00:00,2026-09-07T16:58+00:00,3.7,,,,,,,,,
Chelsea|Ipswich|btts|-|-,26,Chelsea,Ipswich,btts,,,Both teams to score,2026-08-14T19:40+00:00,2026-09-07T16:58+00:00,56.7,,,,,,,,,
Chelsea|Ipswich|total|-|1.5,26,Chelsea,Ipswich,total,,1.5,Over 1.5 goals,2026-08-14T19:40+00:00,2026-09-07T16:58+00:00,88.3,,,,,,,,,
Chelsea|Ipswich|total|-|2.5,26,Chelsea,Ipswich,total,,2.5,Over 2.5 goals,2026-08-14T19:40+00:00,2026-09-07T16:58+00:00,70.2,,,,,,,,,
Chelsea|Ipswich|total|-|3.5,26,Chelsea,Ipswich,total,,3.5,Over 3.5 goals,2026-08-14T19:40+00:00,2026-09-07T16:58+00:00,49.0,,,,,,,,,
Chelsea|Ipswich|spread|h|1.5,26,Chelsea,Ipswich,spread,h,1.5,Chelsea wins by >1.5,2026-08-14T19:40+00:00,2026-09-07T16:58+00:00,54.3,,,,,,,,,
Chelsea|Ipswich|spread|a|1.5,26,Chelsea,Ipswich,spread,a,1.5,Ipswich wins by >1.5,2026-08-14T19:40+00:00,2026-09-07T16:58+00:00,3.2,,,,,,,,,
Chelsea|Ipswich|spread|h|2.5,26,Chelsea,Ipswich,spread,h,2.5,Chelsea wins by >2.5,2026-08-14T19:40+00:00,2026-09-07T16:58+00:00,33.5,,,,,,,,,
Chelsea|Ipswich|spread|a|2.5,26,Chelsea,Ipswich,spread,a,2.5,Ipswich wins by >2.5,2026-08-14T19:40+00:00,2026-09-07T16:58+00:00,0.8,,,,,,,,,
Leeds|Aston Villa|btts|-|-,26,Leeds,Aston Villa,btts,,,Both teams to score,2026-08-14T19:40+00:00,2026-09-07T16:58+00:00,56.6,,,,,,,,,
Leeds|Aston Villa|total|-|1.5,26,Leeds,Aston Villa,total,,1.5,Over 1.5 goals,2026-08-14T19:40+00:00,2026-09-07T16:58+00:00,76.8,,,,,,,,,
Leeds|Aston Villa|total|-|2.5,26,Leeds,Aston Villa,total,,2.5,Over 2.5 goals,2026-08-14T19:40+00:00,2026-09-07T16:58+00:00,51.5,,,,,,,,,
Leeds|Aston Villa|total|-|3.5,26,Leeds,Aston Villa,total,,3.5,Over 3.5 goals,2026-08-14T19:40+00:00,2026-09-07T16:58+00:00,29.3,,,,,,,,,
Leeds|Aston Villa|spread|h|1.5,26,Leeds,Aston Villa,spread,h,1.5,Leeds wins by >1.5,2026-08-14T19:40+00:00,2026-09-07T16:58+00:00,16.2,,,,,,,,,
Leeds|Aston Villa|spread|a|1.5,26,Leeds,Aston Villa,spread,a,1.5,Aston Villa wins by >1.5,2026-08-14T19:40+00:00,2026-09-07T16:58+00:00,17.8,,,,,,,,,
Leeds|Aston Villa|spread|h|2.5,26,Leeds,Aston Villa,spread,h,2.5,Leeds wins by >2.5,2026-08-14T19:40+00:00,2026-09-07T16:58+00:00,5.7,,,,,,,,,
Leeds|Aston Villa|spread|a|2.5,26,Leeds,Aston Villa,spread,a,2.5,Aston Villa wins by >2.5,2026-08-14T19:40+00:00,2026-09-07T16:58+00:00,6.5,,,,,,,,,
Liverpool|Hull|btts|-|-,26,Liverpool,Hull,btts,,,Both teams to score,2026-08-14T19:40+00:00,2026-09-07T16:58+00:00,44.6,,,,,,,,,
Liverpool|Hull|total|-|1.5,26,Liverpool,Hull,total,,1.5,Over 1.5 goals,2026-08-14T19:40+00:00,2026-09-07T16:58+00:00,68.2,,,,,,,,,
Liverpool|Hull|total|-|2.5,26,Liverpool,Hull,total,,2.5,Over 2.5 goals,2026-08-14T19:40+00:00,2026-09-07T16:58+00:00,40.7,,,,,,,,,
Liverpool|Hull|total|-|3.5,26,Liverpool,Hull,total,,3.5,Over 3.5 goals,2026-08-14T19:40+00:00,2026-09-07T16:58+00:00,20.3,,,,,,,,,
Liverpool|Hull|spread|h|1.5,26,Liverpool,Hull,spread,h,1.5,Liverpool wins by >1.5,2026-08-14T19:40+00:00,2026-09-07T16:58+00:00,26.9,,,,,,,,,
Liverpool|Hull|spread|a|1.5,26,Liverpool,Hull,spread,a,1.5,Hull wins by >1.5,2026-08-14T19:40+00:00,2026-09-07T16:58+00:00,6.6,,,,,,,,,
Liverpool|Hull|spread|h|2.5,26,Liverpool,Hull,spread,h,2.5,Liverpool wins by >2.5,2026-08-14T19:40+00:00,2026-09-07T16:58+00:00,10.8,,,,,,,,,
Liverpool|Hull|spread|a|2.5,26,Liverpool,Hull,spread,a,2.5,Hull wins by >2.5,2026-08-14T19:40+00:00,2026-09-07T16:58+00:00,1.5,,,,,,,,,
Man City|Newcastle|btts|-|-,26,Man City,Newcastle,btts,,,Both teams to score,2026-08-14T19:40+00:00,2026-09-07T16:58+00:00,59.1,,,,,,,,,
Man City|Newcastle|total|-|1.5,26,Man City,Newcastle,total,,1.5,Over 1.5 goals,2026-08-14T19:40+00:00,2026-09-07T16:58+00:00,84.9,,,,,,,,,
Man City|Newcastle|total|-|2.5,26,Man City,Newcastle,total,,2.5,Over 2.5 goals,2026-08-14T19:40+00:00,2026-09-07T16:58+00:00,64.0,,,,,,,,,
Man City|Newcastle|total|-|3.5,26,Man City,Newcastle,total,,3.5,Over 3.5 goals,2026-08-14T19:40+00:00,2026-09-07T16:58+00:00,41.9,,,,,,,,,
Man City|Newcastle|spread|h|1.5,26,Man City,Newcastle,spread,h,1.5,Man City wins by >1.5,2026-08-14T19:40+00:00,2026-09-07T16:58+00:00,41.1,,,,,,,,,
Man City|Newcastle|spread|a|1.5,26,Man City,Newcastle,spread,a,1.5,Newcastle wins by >1.5,2026-08-14T19:40+00:00,2026-09-07T16:58+00:00,6.0,,,,,,,,,
Man City|Newcastle|spread|h|2.5,26,Man City,Newcastle,spread,h,2.5,Man City wins by >2.5,2026-08-14T19:40+00:00,2026-09-07T16:58+00:00,22.0,,,,,,,,,
Man City|Newcastle|spread|a|2.5,26,Man City,Newcastle,spread,a,2.5,Newcastle wins by >2.5,2026-08-14T19:40+00:00,2026-09-07T16:58+00:00,1.7,,,,,,,,,
Nott'm Forest|Man United|btts|-|-,26,Nott'm Forest,Man United,btts,,,Both teams to score,2026-08-14T19:40+00:00,2026-09-07T16:58+00:00,58.8,,,,,,,,,
Nott'm Forest|Man United|total|-|1.5,26,Nott'm Forest,Man United,total,,1.5,Over 1.5 goals,2026-08-14T19:40+00:00,2026-09-07T16:58+00:00,78.8,,,,,,,,,
Nott'm Forest|Man United|total|-|2.5,26,Nott'm Forest,Man United,total,,2.5,Over 2.5 goals,2026-08-14T19:40+00:00,2026-09-07T16:58+00:00,54.3,,,,,,,,,
Nott'm Forest|Man United|total|-|3.5,26,Nott'm Forest,Man United,total,,3.5,Over 3.5 goals,2026-08-14T19:40+00:00,2026-09-07T16:58+00:00,32.0,,,,,,,,,
Nott'm Forest|Man United|spread|h|1.5,26,Nott'm Forest,Man United,spread,h,1.5,Nott'm Forest wins by >1.5,2026-08-14T19:40+00:00,2026-09-07T16:58+00:00,16.9,,,,,,,,,
Nott'm Forest|Man United|spread|a|1.5,26,Nott'm Forest,Man United,spread,a,1.5,Man United wins by >1.5,2026-08-14T19:40+00:00,2026-09-07T16:58+00:00,18.1,,,,,,,,,
Nott'm Forest|Man United|spread|h|2.5,26,Nott'm Forest,Man United,spread,h,2.5,Nott'm Forest wins by >2.5,2026-08-14T19:40+00:00,2026-09-07T16:58+00:00,6.2,,,,,,,,,
Nott'm Forest|Man United|spread|a|2.5,26,Nott'm Forest,Man United,spread,a,2.5,Man United wins by >2.5,2026-08-14T19:40+00:00,2026-09-07T16:58+00:00,6.8,,,,,,,,,
Sunderland|Everton|btts|-|-,26,Sunderland,Everton,btts,,,Both teams to score,2026-08-14T19:40+00:00,2026-09-07T16:58+00:00,42.2,,,,,,,,,
Sunderland|Everton|total|-|1.5,26,Sunderland,Everton,total,,1.5,Over 1.5 goals,2026-08-14T19:40+00:00,2026-09-07T16:58+00:00,62.0,,,,,,,,,
Sunderland|Everton|total|-|2.5,26,Sunderland,Everton,total,,2.5,Over 2.5 goals,2026-08-14T19:40+00:00,2026-09-07T16:58+00:00,33.7,,,,,,,,,
Sunderland|Everton|total|-|3.5,26,Sunderland,Everton,total,,3.5,Over 3.5 goals,2026-08-14T19:40+00:00,2026-09-07T16:58+00:00,15.2,,,,,,,,,
Sunderland|Everton|spread|h|1.5,26,Sunderland,Everton,spread,h,1.5,Sunderland wins by >1.5,2026-08-14T19:40+00:00,2026-09-07T16:58+00:00,15.0,,,,,,,,,
Sunderland|Everton|spread|a|1.5,26,Sunderland,Everton,spread,a,1.5,Everton wins by >1.5,2026-08-14T19:40+00:00,2026-09-07T16:58+00:00,11.8,,,,,,,,,
Sunderland|Everton|spread|h|2.5,26,Sunderland,Everton,spread,h,2.5,Sunderland wins by >2.5,2026-08-14T19:40+00:00,2026-09-07T16:58+00:00,4.6,,,,,,,,,
Sunderland|Everton|spread|a|2.5,26,Sunderland,Everton,spread,a,2.5,Everton wins by >2.5,2026-08-14T19:40+00:00,2026-09-07T16:58+00:00,3.3,,,,,,,,,
Aston Villa|Chelsea|btts|-|-,27,Aston Villa,Chelsea,btts,,,Both teams to score,2026-08-14T19:40+00:00,2026-09-07T16:58+00:00,62.4,,,,,,,,,
Aston Villa|Chelsea|total|-|1.5,27,Aston Villa,Chelsea,total,,1.5,Over 1.5 goals,2026-08-14T19:40+00:00,2026-09-07T16:58+00:00,82.0,,,,,,,,,
Aston Villa|Chelsea|total|-|2.5,27,Aston Villa,Chelsea,total,,2.5,Over 2.5 goals,2026-08-14T19:40+00:00,2026-09-07T16:58+00:00,59.1,,,,,,,,,
Aston Villa|Chelsea|total|-|3.5,27,Aston Villa,Chelsea,total,,3.5,Over 3.5 goals,2026-08-14T19:40+00:00,2026-09-07T16:58+00:00,36.7,,,,,,,,,
Aston Villa|Chelsea|spread|h|1.5,27,Aston Villa,Chelsea,spread,h,1.5,Aston Villa wins by >1.5,2026-08-14T19:40+00:00,2026-09-07T16:58+00:00,19.9,,,,,,,,,
Aston Villa|Chelsea|spread|a|1.5,27,Aston Villa,Chelsea,spread,a,1.5,Chelsea wins by >1.5,2026-08-14T19:40+00:00,2026-09-07T16:58+00:00,17.0,,,,,,,,,
Aston Villa|Chelsea|spread|h|2.5,27,Aston Villa,Chelsea,spread,h,2.5,Aston Villa wins by >2.5,2026-08-14T19:40+00:00,2026-09-07T16:58+00:00,8.0,,,,,,,,,
Aston Villa|Chelsea|spread|a|2.5,27,Aston Villa,Chelsea,spread,a,2.5,Chelsea wins by >2.5,2026-08-14T19:40+00:00,2026-09-07T16:58+00:00,6.5,,,,,,,,,
Coventry|Bournemouth|btts|-|-,27,Coventry,Bournemouth,btts,,,Both teams to score,2026-08-14T19:40+00:00,2026-09-07T16:58+00:00,43.8,,,,,,,,,
Coventry|Bournemouth|total|-|1.5,27,Coventry,Bournemouth,total,,1.5,Over 1.5 goals,2026-08-14T19:40+00:00,2026-09-07T16:58+00:00,67.3,,,,,,,,,
Coventry|Bournemouth|total|-|2.5,27,Coventry,Bournemouth,total,,2.5,Over 2.5 goals,2026-08-14T19:40+00:00,2026-09-07T16:58+00:00,39.6,,,,,,,,,
Coventry|Bournemouth|total|-|3.5,27,Coventry,Bournemouth,total,,3.5,Over 3.5 goals,2026-08-14T19:40+00:00,2026-09-07T16:58+00:00,19.4,,,,,,,,,
Coventry|Bournemouth|spread|h|1.5,27,Coventry,Bournemouth,spread,h,1.5,Coventry wins by >1.5,2026-08-14T19:40+00:00,2026-09-07T16:58+00:00,6.5,,,,,,,,,
Coventry|Bournemouth|spread|a|1.5,27,Coventry,Bournemouth,spread,a,1.5,Bournemouth wins by >1.5,2026-08-14T19:40+00:00,2026-09-07T16:58+00:00,26.3,,,,,,,,,
Coventry|Bournemouth|spread|h|2.5,27,Coventry,Bournemouth,spread,h,2.5,Coventry wins by >2.5,2026-08-14T19:40+00:00,2026-09-07T16:58+00:00,1.5,,,,,,,,,
Coventry|Bournemouth|spread|a|2.5,27,Coventry,Bournemouth,spread,a,2.5,Bournemouth wins by >2.5,2026-08-14T19:40+00:00,2026-09-07T16:58+00:00,10.4,,,,,,,,,
Crystal Palace|Sunderland|btts|-|-,27,Crystal Palace,Sunderland,btts,,,Both teams to score,2026-08-14T19:40+00:00,2026-09-07T16:58+00:00,46.4,,,,,,,,,
Crystal Palace|Sunderland|total|-|1.5,27,Crystal Palace,Sunderland,total,,1.5,Over 1.5 goals,2026-08-14T19:40+00:00,2026-09-07T16:58+00:00,66.7,,,,,,,,,
Crystal Palace|Sunderland|total|-|2.5,27,Crystal Palace,Sunderland,total,,2.5,Over 2.5 goals,2026-08-14T19:40+00:00,2026-09-07T16:58+00:00,38.8,,,,,,,,,
Crystal Palace|Sunderland|total|-|3.5,27,Crystal Palace,Sunderland,total,,3.5,Over 3.5 goals,2026-08-14T19:40+00:00,2026-09-07T16:58+00:00,18.9,,,,,,,,,
Crystal Palace|Sunderland|spread|h|1.5,27,Crystal Palace,Sunderland,spread,h,1.5,Crystal Palace wins by >1.5,2026-08-14T19:40+00:00,2026-09-07T16:58+00:00,16.6,,,,,,,,,
Crystal Palace|Sunderland|spread|a|1.5,27,Crystal Palace,Sunderland,spread,a,1.5,Sunderland wins by >1.5,2026-08-14T19:40+00:00,2026-09-07T16:58+00:00,12.4,,,,,,,,,
Crystal Palace|Sunderland|spread|h|2.5,27,Crystal Palace,Sunderland,spread,h,2.5,Crystal Palace wins by >2.5,2026-08-14T19:40+00:00,2026-09-07T16:58+00:00,5.5,,,,,,,,,
Crystal Palace|Sunderland|spread|a|2.5,27,Crystal Palace,Sunderland,spread,a,2.5,Sunderland wins by >2.5,2026-08-14T19:40+00:00,2026-09-07T16:58+00:00,3.7,,,,,,,,,
Everton|Nott'm Forest|btts|-|-,27,Everton,Nott'm Forest,btts,,,Both teams to score,2026-08-14T19:40+00:00,2026-09-07T16:58+00:00,48.4,,,,,,,,,
Everton|Nott'm Forest|total|-|1.5,27,Everton,Nott'm Forest,total,,1.5,Over 1.5 goals,2026-08-14T19:40+00:00,2026-09-07T16:58+00:00,68.7,,,,,,,,,
Everton|Nott'm Forest|total|-|2.5,27,Everton,Nott'm Forest,total,,2.5,Over 2.5 goals,2026-08-14T19:40+00:00,2026-09-07T16:58+00:00,41.2,,,,,,,,,
Everton|Nott'm Forest|total|-|3.5,27,Everton,Nott'm Forest,total,,3.5,Over 3.5 goals,2026-08-14T19:40+00:00,2026-09-07T16:58+00:00,20.7,,,,,,,,,
Everton|Nott'm Forest|spread|h|1.5,27,Everton,Nott'm Forest,spread,h,1.5,Everton wins by >1.5,2026-08-14T19:40+00:00,2026-09-07T16:58+00:00,16.9,,,,,,,,,
Everton|Nott'm Forest|spread|a|1.5,27,Everton,Nott'm Forest,spread,a,1.5,Nott'm Forest wins by >1.5,2026-08-14T19:40+00:00,2026-09-07T16:58+00:00,13.1,,,,,,,,,
Everton|Nott'm Forest|spread|h|2.5,27,Everton,Nott'm Forest,spread,h,2.5,Everton wins by >2.5,2026-08-14T19:40+00:00,2026-09-07T16:58+00:00,5.7,,,,,,,,,
Everton|Nott'm Forest|spread|a|2.5,27,Everton,Nott'm Forest,spread,a,2.5,Nott'm Forest wins by >2.5,2026-08-14T19:40+00:00,2026-09-07T16:58+00:00,4.0,,,,,,,,,
Fulham|Leeds|btts|-|-,27,Fulham,Leeds,btts,,,Both teams to score,2026-08-14T19:40+00:00,2026-09-07T16:58+00:00,54.5,,,,,,,,,
Fulham|Leeds|total|-|1.5,27,Fulham,Leeds,total,,1.5,Over 1.5 goals,2026-08-14T19:40+00:00,2026-09-07T16:58+00:00,75.1,,,,,,,,,
Fulham|Leeds|total|-|2.5,27,Fulham,Leeds,total,,2.5,Over 2.5 goals,2026-08-14T19:40+00:00,2026-09-07T16:58+00:00,49.2,,,,,,,,,
Fulham|Leeds|total|-|3.5,27,Fulham,Leeds,total,,3.5,Over 3.5 goals,2026-08-14T19:40+00:00,2026-09-07T16:58+00:00,27.3,,,,,,,,,
Fulham|Leeds|spread|h|1.5,27,Fulham,Leeds,spread,h,1.5,Fulham wins by >1.5,2026-08-14T19:40+00:00,2026-09-07T16:58+00:00,19.7,,,,,,,,,
Fulham|Leeds|spread|a|1.5,27,Fulham,Leeds,spread,a,1.5,Leeds wins by >1.5,2026-08-14T19:40+00:00,2026-09-07T16:58+00:00,13.7,,,,,,,,,
Fulham|Leeds|spread|h|2.5,27,Fulham,Leeds,spread,h,2.5,Fulham wins by >2.5,2026-08-14T19:40+00:00,2026-09-07T16:58+00:00,7.4,,,,,,,,,
Fulham|Leeds|spread|a|2.5,27,Fulham,Leeds,spread,a,2.5,Leeds wins by >2.5,2026-08-14T19:40+00:00,2026-09-07T16:58+00:00,4.5,,,,,,,,,
Hull|Man City|btts|-|-,27,Hull,Man City,btts,,,Both teams to score,2026-08-14T19:40+00:00,2026-09-07T16:58+00:00,40.1,,,,,,,,,
Hull|Man City|total|-|1.5,27,Hull,Man City,total,,1.5,Over 1.5 goals,2026-08-14T19:40+00:00,2026-09-07T16:58+00:00,63.7,,,,,,,,,
Hull|Man City|total|-|2.5,27,Hull,Man City,total,,2.5,Over 2.5 goals,2026-08-14T19:40+00:00,2026-09-07T16:58+00:00,35.7,,,,,,,,,
Hull|Man City|total|-|3.5,27,Hull,Man City,total,,3.5,Over 3.5 goals,2026-08-14T19:40+00:00,2026-09-07T16:58+00:00,16.6,,,,,,,,,
Hull|Man City|spread|h|1.5,27,Hull,Man City,spread,h,1.5,Hull wins by >1.5,2026-08-14T19:40+00:00,2026-09-07T16:58+00:00,5.7,,,,,,,,,
Hull|Man City|spread|a|1.5,27,Hull,Man City,spread,a,1.5,Man City wins by >1.5,2026-08-14T19:40+00:00,2026-09-07T16:58+00:00,26.0,,,,,,,,,
Hull|Man City|spread|h|2.5,27,Hull,Man City,spread,h,2.5,Hull wins by >2.5,2026-08-14T19:40+00:00,2026-09-07T16:58+00:00,1.2,,,,,,,,,
Hull|Man City|spread|a|2.5,27,Hull,Man City,spread,a,2.5,Man City wins by >2.5,2026-08-14T19:40+00:00,2026-09-07T16:58+00:00,9.9,,,,,,,,,
Ipswich|Brighton|btts|-|-,27,Ipswich,Brighton,btts,,,Both teams to score,2026-08-14T19:40+00:00,2026-09-07T16:58+00:00,58.8,,,,,,,,,
Ipswich|Brighton|total|-|1.5,27,Ipswich,Brighton,total,,1.5,Over 1.5 goals,2026-08-14T19:40+00:00,2026-09-07T16:58+00:00,84.1,,,,,,,,,
Ipswich|Brighton|total|-|2.5,27,Ipswich,Brighton,total,,2.5,Over 2.5 goals,2026-08-14T19:40+00:00,2026-09-07T16:58+00:00,62.7,,,,,,,,,
Ipswich|Brighton|total|-|3.5,27,Ipswich,Brighton,total,,3.5,Over 3.5 goals,2026-08-14T19:40+00:00,2026-09-07T16:58+00:00,40.5,,,,,,,,,
Ipswich|Brighton|spread|h|1.5,27,Ipswich,Brighton,spread,h,1.5,Ipswich wins by >1.5,2026-08-14T19:40+00:00,2026-09-07T16:58+00:00,6.3,,,,,,,,,
Ipswich|Brighton|spread|a|1.5,27,Ipswich,Brighton,spread,a,1.5,Brighton wins by >1.5,2026-08-14T19:40+00:00,2026-09-07T16:58+00:00,39.6,,,,,,,,,
Ipswich|Brighton|spread|h|2.5,27,Ipswich,Brighton,spread,h,2.5,Ipswich wins by >2.5,2026-08-14T19:40+00:00,2026-09-07T16:58+00:00,1.8,,,,,,,,,
Ipswich|Brighton|spread|a|2.5,27,Ipswich,Brighton,spread,a,2.5,Brighton wins by >2.5,2026-08-14T19:40+00:00,2026-09-07T16:58+00:00,20.7,,,,,,,,,
Man United|Arsenal|btts|-|-,27,Man United,Arsenal,btts,,,Both teams to score,2026-08-14T19:40+00:00,2026-09-07T16:58+00:00,54.3,,,,,,,,,
Man United|Arsenal|total|-|1.5,27,Man United,Arsenal,total,,1.5,Over 1.5 goals,2026-08-14T19:40+00:00,2026-09-07T16:58+00:00,77.6,,,,,,,,,
Man United|Arsenal|total|-|2.5,27,Man United,Arsenal,total,,2.5,Over 2.5 goals,2026-08-14T19:40+00:00,2026-09-07T16:58+00:00,52.6,,,,,,,,,
Man United|Arsenal|total|-|3.5,27,Man United,Arsenal,total,,3.5,Over 3.5 goals,2026-08-14T19:40+00:00,2026-09-07T16:58+00:00,30.4,,,,,,,,,
Man United|Arsenal|spread|h|1.5,27,Man United,Arsenal,spread,h,1.5,Man United wins by >1.5,2026-08-14T19:40+00:00,2026-09-07T16:58+00:00,8.1,,,,,,,,,
Man United|Arsenal|spread|a|1.5,27,Man United,Arsenal,spread,a,1.5,Arsenal wins by >1.5,2026-08-14T19:40+00:00,2026-09-07T16:58+00:00,30.0,,,,,,,,,
Man United|Arsenal|spread|h|2.5,27,Man United,Arsenal,spread,h,2.5,Man United wins by >2.5,2026-08-14T19:40+00:00,2026-09-07T16:58+00:00,2.3,,,,,,,,,
Man United|Arsenal|spread|a|2.5,27,Man United,Arsenal,spread,a,2.5,Arsenal wins by >2.5,2026-08-14T19:40+00:00,2026-09-07T16:58+00:00,13.4,,,,,,,,,
Newcastle|Brentford|btts|-|-,27,Newcastle,Brentford,btts,,,Both teams to score,2026-08-14T19:40+00:00,2026-09-07T16:58+00:00,63.5,,,,,,,,,
Newcastle|Brentford|total|-|1.5,27,Newcastle,Brentford,total,,1.5,Over 1.5 goals,2026-08-14T19:40+00:00,2026-09-07T16:58+00:00,83.4,,,,,,,,,
Newcastle|Brentford|total|-|2.5,27,Newcastle,Brentford,total,,2.5,Over 2.5 goals,2026-08-14T19:40+00:00,2026-09-07T16:58+00:00,61.3,,,,,,,,,
Newcastle|Brentford|total|-|3.5,27,Newcastle,Brentford,total,,3.5,Over 3.5 goals,2026-08-14T19:40+00:00,2026-09-07T16:58+00:00,39.0,,,,,,,,,
Newcastle|Brentford|spread|h|1.5,27,Newcastle,Brentford,spread,h,1.5,Newcastle wins by >1.5,2026-08-14T19:40+00:00,2026-09-07T16:58+00:00,24.5,,,,,,,,,
Newcastle|Brentford|spread|a|1.5,27,Newcastle,Brentford,spread,a,1.5,Brentford wins by >1.5,2026-08-14T19:40+00:00,2026-09-07T16:58+00:00,14.0,,,,,,,,,
Newcastle|Brentford|spread|h|2.5,27,Newcastle,Brentford,spread,h,2.5,Newcastle wins by >2.5,2026-08-14T19:40+00:00,2026-09-07T16:58+00:00,10.7,,,,,,,,,
Newcastle|Brentford|spread|a|2.5,27,Newcastle,Brentford,spread,a,2.5,Brentford wins by >2.5,2026-08-14T19:40+00:00,2026-09-07T16:58+00:00,5.1,,,,,,,,,
Tottenham|Liverpool|btts|-|-,27,Tottenham,Liverpool,btts,,,Both teams to score,2026-08-14T19:40+00:00,2026-09-07T16:58+00:00,65.4,,,,,,,,,
Tottenham|Liverpool|total|-|1.5,27,Tottenham,Liverpool,total,,1.5,Over 1.5 goals,2026-08-14T19:40+00:00,2026-09-07T16:58+00:00,85.8,,,,,,,,,
Tottenham|Liverpool|total|-|2.5,27,Tottenham,Liverpool,total,,2.5,Over 2.5 goals,2026-08-14T19:40+00:00,2026-09-07T16:58+00:00,65.4,,,,,,,,,
Tottenham|Liverpool|total|-|3.5,27,Tottenham,Liverpool,total,,3.5,Over 3.5 goals,2026-08-14T19:40+00:00,2026-09-07T16:58+00:00,43.5,,,,,,,,,
Tottenham|Liverpool|spread|h|1.5,27,Tottenham,Liverpool,spread,h,1.5,Tottenham wins by >1.5,2026-08-14T19:40+00:00,2026-09-07T16:58+00:00,11.5,,,,,,,,,
Tottenham|Liverpool|spread|a|1.5,27,Tottenham,Liverpool,spread,a,1.5,Liverpool wins by >1.5,2026-08-14T19:40+00:00,2026-09-07T16:58+00:00,30.2,,,,,,,,,
Tottenham|Liverpool|spread|h|2.5,27,Tottenham,Liverpool,spread,h,2.5,Tottenham wins by >2.5,2026-08-14T19:40+00:00,2026-09-07T16:58+00:00,4.0,,,,,,,,,
Tottenham|Liverpool|spread|a|2.5,27,Tottenham,Liverpool,spread,a,2.5,Liverpool wins by >2.5,2026-08-14T19:40+00:00,2026-09-07T16:58+00:00,14.5,,,,,,,,,
Bournemouth|Tottenham|btts|-|-,28,Bournemouth,Tottenham,btts,,,Both teams to score,2026-08-14T19:40+00:00,2026-09-07T16:58+00:00,61.6,,,,,,,,,
Bournemouth|Tottenham|total|-|1.5,28,Bournemouth,Tottenham,total,,1.5,Over 1.5 goals,2026-08-14T19:40+00:00,2026-09-07T16:58+00:00,82.3,,,,,,,,,
Bournemouth|Tottenham|total|-|2.5,28,Bournemouth,Tottenham,total,,2.5,Over 2.5 goals,2026-08-14T19:40+00:00,2026-09-07T16:58+00:00,59.6,,,,,,,,,
Bournemouth|Tottenham|total|-|3.5,28,Bournemouth,Tottenham,total,,3.5,Over 3.5 goals,2026-08-14T19:40+00:00,2026-09-07T16:58+00:00,37.3,,,,,,,,,
Bournemouth|Tottenham|spread|h|1.5,28,Bournemouth,Tottenham,spread,h,1.5,Bournemouth wins by >1.5,2026-08-14T19:40+00:00,2026-09-07T16:58+00:00,26.7,,,,,,,,,
Bournemouth|Tottenham|spread|a|1.5,28,Bournemouth,Tottenham,spread,a,1.5,Tottenham wins by >1.5,2026-08-14T19:40+00:00,2026-09-07T16:58+00:00,12.0,,,,,,,,,
Bournemouth|Tottenham|spread|h|2.5,28,Bournemouth,Tottenham,spread,h,2.5,Bournemouth wins by >2.5,2026-08-14T19:40+00:00,2026-09-07T16:58+00:00,11.9,,,,,,,,,
Bournemouth|Tottenham|spread|a|2.5,28,Bournemouth,Tottenham,spread,a,2.5,Tottenham wins by >2.5,2026-08-14T19:40+00:00,2026-09-07T16:58+00:00,4.0,,,,,,,,,
Arsenal|Crystal Palace|btts|-|-,28,Arsenal,Crystal Palace,btts,,,Both teams to score,2026-08-14T19:40+00:00,2026-09-07T16:58+00:00,44.2,,,,,,,,,
Arsenal|Crystal Palace|total|-|1.5,28,Arsenal,Crystal Palace,total,,1.5,Over 1.5 goals,2026-08-14T19:40+00:00,2026-09-07T16:58+00:00,77.2,,,,,,,,,
Arsenal|Crystal Palace|total|-|2.5,28,Arsenal,Crystal Palace,total,,2.5,Over 2.5 goals,2026-08-14T19:40+00:00,2026-09-07T16:58+00:00,52.4,,,,,,,,,
Arsenal|Crystal Palace|total|-|3.5,28,Arsenal,Crystal Palace,total,,3.5,Over 3.5 goals,2026-08-14T19:40+00:00,2026-09-07T16:58+00:00,30.2,,,,,,,,,
Arsenal|Crystal Palace|spread|h|1.5,28,Arsenal,Crystal Palace,spread,h,1.5,Arsenal wins by >1.5,2026-08-14T19:40+00:00,2026-09-07T16:58+00:00,45.2,,,,,,,,,
Arsenal|Crystal Palace|spread|a|1.5,28,Arsenal,Crystal Palace,spread,a,1.5,Crystal Palace wins by >1.5,2026-08-14T19:40+00:00,2026-09-07T16:58+00:00,2.9,,,,,,,,,
Arsenal|Crystal Palace|spread|h|2.5,28,Arsenal,Crystal Palace,spread,h,2.5,Arsenal wins by >2.5,2026-08-14T19:40+00:00,2026-09-07T16:58+00:00,23.8,,,,,,,,,
Arsenal|Crystal Palace|spread|a|2.5,28,Arsenal,Crystal Palace,spread,a,2.5,Crystal Palace wins by >2.5,2026-08-14T19:40+00:00,2026-09-07T16:58+00:00,0.6,,,,,,,,,
Brentford|Ipswich|btts|-|-,28,Brentford,Ipswich,btts,,,Both teams to score,2026-08-14T19:40+00:00,2026-09-07T16:58+00:00,56.0,,,,,,,,,
Brentford|Ipswich|total|-|1.5,28,Brentford,Ipswich,total,,1.5,Over 1.5 goals,2026-08-14T19:40+00:00,2026-09-07T16:58+00:00,86.3,,,,,,,,,
Brentford|Ipswich|total|-|2.5,28,Brentford,Ipswich,total,,2.5,Over 2.5 goals,2026-08-14T19:40+00:00,2026-09-07T16:58+00:00,66.5,,,,,,,,,
Brentford|Ipswich|total|-|3.5,28,Brentford,Ipswich,total,,3.5,Over 3.5 goals,2026-08-14T19:40+00:00,2026-09-07T16:58+00:00,44.7,,,,,,,,,
Brentford|Ipswich|spread|h|1.5,28,Brentford,Ipswich,spread,h,1.5,Brentford wins by >1.5,2026-08-14T19:40+00:00,2026-09-07T16:58+00:00,49.8,,,,,,,,,
Brentford|Ipswich|spread|a|1.5,28,Brentford,Ipswich,spread,a,1.5,Ipswich wins by >1.5,2026-08-14T19:40+00:00,2026-09-07T16:58+00:00,3.7,,,,,,,,,
Brentford|Ipswich|spread|h|2.5,28,Brentford,Ipswich,spread,h,2.5,Brentford wins by >2.5,2026-08-14T19:40+00:00,2026-09-07T16:58+00:00,29.2,,,,,,,,,
Brentford|Ipswich|spread|a|2.5,28,Brentford,Ipswich,spread,a,2.5,Ipswich wins by >2.5,2026-08-14T19:40+00:00,2026-09-07T16:58+00:00,0.9,,,,,,,,,
Brighton|Fulham|btts|-|-,28,Brighton,Fulham,btts,,,Both teams to score,2026-08-14T19:40+00:00,2026-09-07T16:58+00:00,57.8,,,,,,,,,
Brighton|Fulham|total|-|1.5,28,Brighton,Fulham,total,,1.5,Over 1.5 goals,2026-08-14T19:40+00:00,2026-09-07T16:58+00:00,79.3,,,,,,,,,
Brighton|Fulham|total|-|2.5,28,Brighton,Fulham,total,,2.5,Over 2.5 goals,2026-08-14T19:40+00:00,2026-09-07T16:58+00:00,55.1,,,,,,,,,
Brighton|Fulham|total|-|3.5,28,Brighton,Fulham,total,,3.5,Over 3.5 goals,2026-08-14T19:40+00:00,2026-09-07T16:58+00:00,32.8,,,,,,,,,
Brighton|Fulham|spread|h|1.5,28,Brighton,Fulham,spread,h,1.5,Brighton wins by >1.5,2026-08-14T19:40+00:00,2026-09-07T16:58+00:00,26.5,,,,,,,,,
Brighton|Fulham|spread|a|1.5,28,Brighton,Fulham,spread,a,1.5,Fulham wins by >1.5,2026-08-14T19:40+00:00,2026-09-07T16:58+00:00,10.8,,,,,,,,,
Brighton|Fulham|spread|h|2.5,28,Brighton,Fulham,spread,h,2.5,Brighton wins by >2.5,2026-08-14T19:40+00:00,2026-09-07T16:58+00:00,11.5,,,,,,,,,
Brighton|Fulham|spread|a|2.5,28,Brighton,Fulham,spread,a,2.5,Fulham wins by >2.5,2026-08-14T19:40+00:00,2026-09-07T16:58+00:00,3.4,,,,,,,,,
Chelsea|Coventry|btts|-|-,28,Chelsea,Coventry,btts,,,Both teams to score,2026-08-14T19:40+00:00,2026-09-07T16:58+00:00,43.3,,,,,,,,,
Chelsea|Coventry|total|-|1.5,28,Chelsea,Coventry,total,,1.5,Over 1.5 goals,2026-08-14T19:40+00:00,2026-09-07T16:58+00:00,73.7,,,,,,,,,
Chelsea|Coventry|total|-|2.5,28,Chelsea,Coventry,total,,2.5,Over 2.5 goals,2026-08-14T19:40+00:00,2026-09-07T16:58+00:00,47.6,,,,,,,,,
Chelsea|Coventry|total|-|3.5,28,Chelsea,Coventry,total,,3.5,Over 3.5 goals,2026-08-14T19:40+00:00,2026-09-07T16:58+00:00,25.9,,,,,,,,,
Chelsea|Coventry|spread|h|1.5,28,Chelsea,Coventry,spread,h,1.5,Chelsea wins by >1.5,2026-08-14T19:40+00:00,2026-09-07T16:58+00:00,39.9,,,,,,,,,
Chelsea|Coventry|spread|a|1.5,28,Chelsea,Coventry,spread,a,1.5,Coventry wins by >1.5,2026-08-14T19:40+00:00,2026-09-07T16:58+00:00,3.4,,,,,,,,,
Chelsea|Coventry|spread|h|2.5,28,Chelsea,Coventry,spread,h,2.5,Chelsea wins by >2.5,2026-08-14T19:40+00:00,2026-09-07T16:58+00:00,19.4,,,,,,,,,
Chelsea|Coventry|spread|a|2.5,28,Chelsea,Coventry,spread,a,2.5,Coventry wins by >2.5,2026-08-14T19:40+00:00,2026-09-07T16:58+00:00,0.7,,,,,,,,,
Leeds|Hull|btts|-|-,28,Leeds,Hull,btts,,,Both teams to score,2026-08-14T19:40+00:00,2026-09-07T16:58+00:00,39.1,,,,,,,,,
Leeds|Hull|total|-|1.5,28,Leeds,Hull,total,,1.5,Over 1.5 goals,2026-08-14T19:40+00:00,2026-09-07T16:58+00:00,58.2,,,,,,,,,
Leeds|Hull|total|-|2.5,28,Leeds,Hull,total,,2.5,Over 2.5 goals,2026-08-14T19:40+00:00,2026-09-07T16:58+00:00,30.0,,,,,,,,,
Leeds|Hull|total|-|3.5,28,Leeds,Hull,total,,3.5,Over 3.5 goals,2026-08-14T19:40+00:00,2026-09-07T16:58+00:00,12.8,,,,,,,,,
Leeds|Hull|spread|h|1.5,28,Leeds,Hull,spread,h,1.5,Leeds wins by >1.5,2026-08-14T19:40+00:00,2026-09-07T16:58+00:00,13.7,,,,,,,,,
Leeds|Hull|spread|a|1.5,28,Leeds,Hull,spread,a,1.5,Hull wins by >1.5,2026-08-14T19:40+00:00,2026-09-07T16:58+00:00,11.4,,,,,,,,,
Leeds|Hull|spread|h|2.5,28,Leeds,Hull,spread,h,2.5,Leeds wins by >2.5,2026-08-14T19:40+00:00,2026-09-07T16:58+00:00,3.9,,,,,,,,,
Leeds|Hull|spread|a|2.5,28,Leeds,Hull,spread,a,2.5,Hull wins by >2.5,2026-08-14T19:40+00:00,2026-09-07T16:58+00:00,3.0,,,,,,,,,
Liverpool|Aston Villa|btts|-|-,28,Liverpool,Aston Villa,btts,,,Both teams to score,2026-08-14T19:40+00:00,2026-09-07T16:58+00:00,62.6,,,,,,,,,
Liverpool|Aston Villa|total|-|1.5,28,Liverpool,Aston Villa,total,,1.5,Over 1.5 goals,2026-08-14T19:40+00:00,2026-09-07T16:58+00:00,84.4,,,,,,,,,
Liverpool|Aston Villa|total|-|2.5,28,Liverpool,Aston Villa,total,,2.5,Over 2.5 goals,2026-08-14T19:40+00:00,2026-09-07T16:58+00:00,63.1,,,,,,,,,
Liverpool|Aston Villa|total|-|3.5,28,Liverpool,Aston Villa,total,,3.5,Over 3.5 goals,2026-08-14T19:40+00:00,2026-09-07T16:58+00:00,40.9,,,,,,,,,
Liverpool|Aston Villa|spread|h|1.5,28,Liverpool,Aston Villa,spread,h,1.5,Liverpool wins by >1.5,2026-08-14T19:40+00:00,2026-09-07T16:58+00:00,32.3,,,,,,,,,
Liverpool|Aston Villa|spread|a|1.5,28,Liverpool,Aston Villa,spread,a,1.5,Aston Villa wins by >1.5,2026-08-14T19:40+00:00,2026-09-07T16:58+00:00,9.6,,,,,,,,,
Liverpool|Aston Villa|spread|h|2.5,28,Liverpool,Aston Villa,spread,h,2.5,Liverpool wins by >2.5,2026-08-14T19:40+00:00,2026-09-07T16:58+00:00,15.7,,,,,,,,,
Liverpool|Aston Villa|spread|a|2.5,28,Liverpool,Aston Villa,spread,a,2.5,Aston Villa wins by >2.5,2026-08-14T19:40+00:00,2026-09-07T16:58+00:00,3.1,,,,,,,,,
Man City|Everton|btts|-|-,28,Man City,Everton,btts,,,Both teams to score,2026-08-14T19:40+00:00,2026-09-07T16:58+00:00,47.6,,,,,,,,,
Man City|Everton|total|-|1.5,28,Man City,Everton,total,,1.5,Over 1.5 goals,2026-08-14T19:40+00:00,2026-09-07T16:58+00:00,77.9,,,,,,,,,
Man City|Everton|total|-|2.5,28,Man City,Everton,total,,2.5,Over 2.5 goals,2026-08-14T19:40+00:00,2026-09-07T16:58+00:00,53.3,,,,,,,,,
Man City|Everton|total|-|3.5,28,Man City,Everton,total,,3.5,Over 3.5 goals,2026-08-14T19:40+00:00,2026-09-07T16:58+00:00,31.0,,,,,,,,,
Man City|Everton|spread|h|1.5,28,Man City,Everton,spread,h,1.5,Man City wins by >1.5,2026-08-14T19:40+00:00,2026-09-07T16:58+00:00,42.2,,,,,,,,,
Man City|Everton|spread|a|1.5,28,Man City,Everton,spread,a,1.5,Everton wins by >1.5,2026-08-14T19:40+00:00,2026-09-07T16:58+00:00,3.7,,,,,,,,,
Man City|Everton|spread|h|2.5,28,Man City,Everton,spread,h,2.5,Man City wins by >2.5,2026-08-14T19:40+00:00,2026-09-07T16:58+00:00,21.6,,,,,,,,,
Man City|Everton|spread|a|2.5,28,Man City,Everton,spread,a,2.5,Everton wins by >2.5,2026-08-14T19:40+00:00,2026-09-07T16:58+00:00,0.8,,,,,,,,,
Nott'm Forest|Newcastle|btts|-|-,28,Nott'm Forest,Newcastle,btts,,,Both teams to score,2026-08-14T19:40+00:00,2026-09-07T16:58+00:00,58.8,,,,,,,,,
Nott'm Forest|Newcastle|total|-|1.5,28,Nott'm Forest,Newcastle,total,,1.5,Over 1.5 goals,2026-08-14T19:40+00:00,2026-09-07T16:58+00:00,78.9,,,,,,,,,
Nott'm Forest|Newcastle|total|-|2.5,28,Nott'm Forest,Newcastle,total,,2.5,Over 2.5 goals,2026-08-14T19:40+00:00,2026-09-07T16:58+00:00,54.4,,,,,,,,,
Nott'm Forest|Newcastle|total|-|3.5,28,Nott'm Forest,Newcastle,total,,3.5,Over 3.5 goals,2026-08-14T19:40+00:00,2026-09-07T16:58+00:00,32.1,,,,,,,,,
Nott'm Forest|Newcastle|spread|h|1.5,28,Nott'm Forest,Newcastle,spread,h,1.5,Nott'm Forest wins by >1.5,2026-08-14T19:40+00:00,2026-09-07T16:58+00:00,16.8,,,,,,,,,
Nott'm Forest|Newcastle|spread|a|1.5,28,Nott'm Forest,Newcastle,spread,a,1.5,Newcastle wins by >1.5,2026-08-14T19:40+00:00,2026-09-07T16:58+00:00,18.3,,,,,,,,,
Nott'm Forest|Newcastle|spread|h|2.5,28,Nott'm Forest,Newcastle,spread,h,2.5,Nott'm Forest wins by >2.5,2026-08-14T19:40+00:00,2026-09-07T16:58+00:00,6.2,,,,,,,,,
Nott'm Forest|Newcastle|spread|a|2.5,28,Nott'm Forest,Newcastle,spread,a,2.5,Newcastle wins by >2.5,2026-08-14T19:40+00:00,2026-09-07T16:58+00:00,6.9,,,,,,,,,
Sunderland|Man United|btts|-|-,28,Sunderland,Man United,btts,,,Both teams to score,2026-08-14T19:40+00:00,2026-09-07T16:58+00:00,52.3,,,,,,,,,
Sunderland|Man United|total|-|1.5,28,Sunderland,Man United,total,,1.5,Over 1.5 goals,2026-08-14T19:40+00:00,2026-09-07T16:58+00:00,72.8,,,,,,,,,
Sunderland|Man United|total|-|2.5,28,Sunderland,Man United,total,,2.5,Over 2.5 goals,2026-08-14T19:40+00:00,2026-09-07T16:58+00:00,46.1,,,,,,,,,
Sunderland|Man United|total|-|3.5,28,Sunderland,Man United,total,,3.5,Over 3.5 goals,2026-08-14T19:40+00:00,2026-09-07T16:58+00:00,24.6,,,,,,,,,
Sunderland|Man United|spread|h|1.5,28,Sunderland,Man United,spread,h,1.5,Sunderland wins by >1.5,2026-08-14T19:40+00:00,2026-09-07T16:58+00:00,13.7,,,,,,,,,
Sunderland|Man United|spread|a|1.5,28,Sunderland,Man United,spread,a,1.5,Man United wins by >1.5,2026-08-14T19:40+00:00,2026-09-07T16:58+00:00,18.4,,,,,,,,,
Sunderland|Man United|spread|h|2.5,28,Sunderland,Man United,spread,h,2.5,Sunderland wins by >2.5,2026-08-14T19:40+00:00,2026-09-07T16:58+00:00,4.4,,,,,,,,,
Sunderland|Man United|spread|a|2.5,28,Sunderland,Man United,spread,a,2.5,Man United wins by >2.5,2026-08-14T19:40+00:00,2026-09-07T16:58+00:00,6.6,,,,,,,,,
Bournemouth|Newcastle|btts|-|-,29,Bournemouth,Newcastle,btts,,,Both teams to score,2026-08-14T19:40+00:00,2026-09-07T16:58+00:00,63.2,,,,,,,,,
Bournemouth|Newcastle|total|-|1.5,29,Bournemouth,Newcastle,total,,1.5,Over 1.5 goals,2026-08-14T19:40+00:00,2026-09-07T16:58+00:00,82.6,,,,,,,,,
Bournemouth|Newcastle|total|-|2.5,29,Bournemouth,Newcastle,total,,2.5,Over 2.5 goals,2026-08-14T19:40+00:00,2026-09-07T16:58+00:00,60.1,,,,,,,,,
Bournemouth|Newcastle|total|-|3.5,29,Bournemouth,Newcastle,total,,3.5,Over 3.5 goals,2026-08-14T19:40+00:00,2026-09-07T16:58+00:00,37.8,,,,,,,,,
Bournemouth|Newcastle|spread|h|1.5,29,Bournemouth,Newcastle,spread,h,1.5,Bournemouth wins by >1.5,2026-08-14T19:40+00:00,2026-09-07T16:58+00:00,19.6,,,,,,,,,
Bournemouth|Newcastle|spread|a|1.5,29,Bournemouth,Newcastle,spread,a,1.5,Newcastle wins by >1.5,2026-08-14T19:40+00:00,2026-09-07T16:58+00:00,17.7,,,,,,,,,
Bournemouth|Newcastle|spread|h|2.5,29,Bournemouth,Newcastle,spread,h,2.5,Bournemouth wins by >2.5,2026-08-14T19:40+00:00,2026-09-07T16:58+00:00,7.8,,,,,,,,,
Bournemouth|Newcastle|spread|a|2.5,29,Bournemouth,Newcastle,spread,a,2.5,Newcastle wins by >2.5,2026-08-14T19:40+00:00,2026-09-07T16:58+00:00,6.9,,,,,,,,,
Aston Villa|Hull|btts|-|-,29,Aston Villa,Hull,btts,,,Both teams to score,2026-08-14T19:40+00:00,2026-09-07T16:58+00:00,41.2,,,,,,,,,
Aston Villa|Hull|total|-|1.5,29,Aston Villa,Hull,total,,1.5,Over 1.5 goals,2026-08-14T19:40+00:00,2026-09-07T16:58+00:00,61.4,,,,,,,,,
Aston Villa|Hull|total|-|2.5,29,Aston Villa,Hull,total,,2.5,Over 2.5 goals,2026-08-14T19:40+00:00,2026-09-07T16:58+00:00,33.1,,,,,,,,,
Aston Villa|Hull|total|-|3.5,29,Aston Villa,Hull,total,,3.5,Over 3.5 goals,2026-08-14T19:40+00:00,2026-09-07T16:58+00:00,14.8,,,,,,,,,
Aston Villa|Hull|spread|h|1.5,29,Aston Villa,Hull,spread,h,1.5,Aston Villa wins by >1.5,2026-08-14T19:40+00:00,2026-09-07T16:58+00:00,17.7,,,,,,,,,
Aston Villa|Hull|spread|a|1.5,29,Aston Villa,Hull,spread,a,1.5,Hull wins by >1.5,2026-08-14T19:40+00:00,2026-09-07T16:58+00:00,9.4,,,,,,,,,
Aston Villa|Hull|spread|h|2.5,29,Aston Villa,Hull,spread,h,2.5,Aston Villa wins by >2.5,2026-08-14T19:40+00:00,2026-09-07T16:58+00:00,5.7,,,,,,,,,
Aston Villa|Hull|spread|a|2.5,29,Aston Villa,Hull,spread,a,2.5,Hull wins by >2.5,2026-08-14T19:40+00:00,2026-09-07T16:58+00:00,2.4,,,,,,,,,
Chelsea|Arsenal|btts|-|-,29,Chelsea,Arsenal,btts,,,Both teams to score,2026-08-14T19:40+00:00,2026-09-07T16:58+00:00,54.3,,,,,,,,,
Chelsea|Arsenal|total|-|1.5,29,Chelsea,Arsenal,total,,1.5,Over 1.5 goals,2026-08-14T19:40+00:00,2026-09-07T16:58+00:00,77.4,,,,,,,,,
Chelsea|Arsenal|total|-|2.5,29,Chelsea,Arsenal,total,,2.5,Over 2.5 goals,2026-08-14T19:40+00:00,2026-09-07T16:58+00:00,52.4,,,,,,,,,
Chelsea|Arsenal|total|-|3.5,29,Chelsea,Arsenal,total,,3.5,Over 3.5 goals,2026-08-14T19:40+00:00,2026-09-07T16:58+00:00,30.2,,,,,,,,,
Chelsea|Arsenal|spread|h|1.5,29,Chelsea,Arsenal,spread,h,1.5,Chelsea wins by >1.5,2026-08-14T19:40+00:00,2026-09-07T16:58+00:00,8.4,,,,,,,,,
Chelsea|Arsenal|spread|a|1.5,29,Chelsea,Arsenal,spread,a,1.5,Arsenal wins by >1.5,2026-08-14T19:40+00:00,2026-09-07T16:58+00:00,29.3,,,,,,,,,
Chelsea|Arsenal|spread|h|2.5,29,Chelsea,Arsenal,spread,h,2.5,Chelsea wins by >2.5,2026-08-14T19:40+00:00,2026-09-07T16:58+00:00,2.4,,,,,,,,,
Chelsea|Arsenal|spread|a|2.5,29,Chelsea,Arsenal,spread,a,2.5,Arsenal wins by >2.5,2026-08-14T19:40+00:00,2026-09-07T16:58+00:00,13.0,,,,,,,,,
Coventry|Man City|btts|-|-,29,Coventry,Man City,btts,,,Both teams to score,2026-08-14T19:40+00:00,2026-09-07T16:58+00:00,38.4,,,,,,,,,
Coventry|Man City|total|-|1.5,29,Coventry,Man City,total,,1.5,Over 1.5 goals,2026-08-14T19:40+00:00,2026-09-07T16:58+00:00,74.3,,,,,,,,,
Coventry|Man City|total|-|2.5,29,Coventry,Man City,total,,2.5,Over 2.5 goals,2026-08-14T19:40+00:00,2026-09-07T16:58+00:00,48.6,,,,,,,,,
Coventry|Man City|total|-|3.5,29,Coventry,Man City,total,,3.5,Over 3.5 goals,2026-08-14T19:40+00:00,2026-09-07T16:58+00:00,26.8,,,,,,,,,
Coventry|Man City|spread|h|1.5,29,Coventry,Man City,spread,h,1.5,Coventry wins by >1.5,2026-08-14T19:40+00:00,2026-09-07T16:58+00:00,2.0,,,,,,,,,
Coventry|Man City|spread|a|1.5,29,Coventry,Man City,spread,a,1.5,Man City wins by >1.5,2026-08-14T19:40+00:00,2026-09-07T16:58+00:00,46.8,,,,,,,,,
Coventry|Man City|spread|h|2.5,29,Coventry,Man City,spread,h,2.5,Coventry wins by >2.5,2026-08-14T19:40+00:00,2026-09-07T16:58+00:00,0.3,,,,,,,,,
Coventry|Man City|spread|a|2.5,29,Coventry,Man City,spread,a,2.5,Man City wins by >2.5,2026-08-14T19:40+00:00,2026-09-07T16:58+00:00,24.6,,,,,,,,,
Crystal Palace|Fulham|btts|-|-,29,Crystal Palace,Fulham,btts,,,Both teams to score,2026-08-14T19:40+00:00,2026-09-07T16:58+00:00,54.5,,,,,,,,,
Crystal Palace|Fulham|total|-|1.5,29,Crystal Palace,Fulham,total,,1.5,Over 1.5 goals,2026-08-14T19:40+00:00,2026-09-07T16:58+00:00,74.9,,,,,,,,,
Crystal Palace|Fulham|total|-|2.5,29,Crystal Palace,Fulham,total,,2.5,Over 2.5 goals,2026-08-14T19:40+00:00,2026-09-07T16:58+00:00,48.9,,,,,,,,,
Crystal Palace|Fulham|total|-|3.5,29,Crystal Palace,Fulham,total,,3.5,Over 3.5 goals,2026-08-14T19:40+00:00,2026-09-07T16:58+00:00,27.1,,,,,,,,,
Crystal Palace|Fulham|spread|h|1.5,29,Crystal Palace,Fulham,spread,h,1.5,Crystal Palace wins by >1.5,2026-08-14T19:40+00:00,2026-09-07T16:58+00:00,18.8,,,,,,,,,
Crystal Palace|Fulham|spread|a|1.5,29,Crystal Palace,Fulham,spread,a,1.5,Fulham wins by >1.5,2026-08-14T19:40+00:00,2026-09-07T16:58+00:00,14.3,,,,,,,,,
Crystal Palace|Fulham|spread|h|2.5,29,Crystal Palace,Fulham,spread,h,2.5,Crystal Palace wins by >2.5,2026-08-14T19:40+00:00,2026-09-07T16:58+00:00,6.9,,,,,,,,,
Crystal Palace|Fulham|spread|a|2.5,29,Crystal Palace,Fulham,spread,a,2.5,Fulham wins by >2.5,2026-08-14T19:40+00:00,2026-09-07T16:58+00:00,4.8,,,,,,,,,
Leeds|Brighton|btts|-|-,29,Leeds,Brighton,btts,,,Both teams to score,2026-08-14T19:40+00:00,2026-09-07T16:58+00:00,57.9,,,,,,,,,
Leeds|Brighton|total|-|1.5,29,Leeds,Brighton,total,,1.5,Over 1.5 goals,2026-08-14T19:40+00:00,2026-09-07T16:58+00:00,78.0,,,,,,,,,
Leeds|Brighton|total|-|2.5,29,Leeds,Brighton,total,,2.5,Over 2.5 goals,2026-08-14T19:40+00:00,2026-09-07T16:58+00:00,53.2,,,,,,,,,
Leeds|Brighton|total|-|3.5,29,Leeds,Brighton,total,,3.5,Over 3.5 goals,2026-08-14T19:40+00:00,2026-09-07T16:58+00:00,30.9,,,,,,,,,
Leeds|Brighton|spread|h|1.5,29,Leeds,Brighton,spread,h,1.5,Leeds wins by >1.5,2026-08-14T19:40+00:00,2026-09-07T16:58+00:00,16.1,,,,,,,,,
Leeds|Brighton|spread|a|1.5,29,Leeds,Brighton,spread,a,1.5,Brighton wins by >1.5,2026-08-14T19:40+00:00,2026-09-07T16:58+00:00,18.6,,,,,,,,,
Leeds|Brighton|spread|h|2.5,29,Leeds,Brighton,spread,h,2.5,Leeds wins by >2.5,2026-08-14T19:40+00:00,2026-09-07T16:58+00:00,5.8,,,,,,,,,
Leeds|Brighton|spread|a|2.5,29,Leeds,Brighton,spread,a,2.5,Brighton wins by >2.5,2026-08-14T19:40+00:00,2026-09-07T16:58+00:00,7.0,,,,,,,,,
Liverpool|Ipswich|btts|-|-,29,Liverpool,Ipswich,btts,,,Both teams to score,2026-08-14T19:40+00:00,2026-09-07T16:58+00:00,55.1,,,,,,,,,
Liverpool|Ipswich|total|-|1.5,29,Liverpool,Ipswich,total,,1.5,Over 1.5 goals,2026-08-14T19:40+00:00,2026-09-07T16:58+00:00,91.2,,,,,,,,,
Liverpool|Ipswich|total|-|2.5,29,Liverpool,Ipswich,total,,2.5,Over 2.5 goals,2026-08-14T19:40+00:00,2026-09-07T16:58+00:00,76.0,,,,,,,,,
Liverpool|Ipswich|total|-|3.5,29,Liverpool,Ipswich,total,,3.5,Over 3.5 goals,2026-08-14T19:40+00:00,2026-09-07T16:58+00:00,56.4,,,,,,,,,
Liverpool|Ipswich|spread|h|1.5,29,Liverpool,Ipswich,spread,h,1.5,Liverpool wins by >1.5,2026-08-14T19:40+00:00,2026-09-07T16:58+00:00,64.2,,,,,,,,,
Liverpool|Ipswich|spread|a|1.5,29,Liverpool,Ipswich,spread,a,1.5,Ipswich wins by >1.5,2026-08-14T19:40+00:00,2026-09-07T16:58+00:00,1.9,,,,,,,,,
Liverpool|Ipswich|spread|h|2.5,29,Liverpool,Ipswich,spread,h,2.5,Liverpool wins by >2.5,2026-08-14T19:40+00:00,2026-09-07T16:58+00:00,43.7,,,,,,,,,
Liverpool|Ipswich|spread|a|2.5,29,Liverpool,Ipswich,spread,a,2.5,Ipswich wins by >2.5,2026-08-14T19:40+00:00,2026-09-07T16:58+00:00,0.4,,,,,,,,,
Man United|Everton|btts|-|-,29,Man United,Everton,btts,,,Both teams to score,2026-08-14T19:40+00:00,2026-09-07T16:58+00:00,54.5,,,,,,,,,
Man United|Everton|total|-|1.5,29,Man United,Everton,total,,1.5,Over 1.5 goals,2026-08-14T19:40+00:00,2026-09-07T16:58+00:00,76.3,,,,,,,,,
Man United|Everton|total|-|2.5,29,Man United,Everton,total,,2.5,Over 2.5 goals,2026-08-14T19:40+00:00,2026-09-07T16:58+00:00,50.8,,,,,,,,,
Man United|Everton|total|-|3.5,29,Man United,Everton,total,,3.5,Over 3.5 goals,2026-08-14T19:40+00:00,2026-09-07T16:58+00:00,28.8,,,,,,,,,
Man United|Everton|spread|h|1.5,29,Man United,Everton,spread,h,1.5,Man United wins by >1.5,2026-08-14T19:40+00:00,2026-09-07T16:58+00:00,25.5,,,,,,,,,
Man United|Everton|spread|a|1.5,29,Man United,Everton,spread,a,1.5,Everton wins by >1.5,2026-08-14T19:40+00:00,2026-09-07T16:58+00:00,10.1,,,,,,,,,
Man United|Everton|spread|h|2.5,29,Man United,Everton,spread,h,2.5,Man United wins by >2.5,2026-08-14T19:40+00:00,2026-09-07T16:58+00:00,10.6,,,,,,,,,
Man United|Everton|spread|a|2.5,29,Man United,Everton,spread,a,2.5,Everton wins by >2.5,2026-08-14T19:40+00:00,2026-09-07T16:58+00:00,3.0,,,,,,,,,
Sunderland|Brentford|btts|-|-,29,Sunderland,Brentford,btts,,,Both teams to score,2026-08-14T19:40+00:00,2026-09-07T16:58+00:00,50.4,,,,,,,,,
Sunderland|Brentford|total|-|1.5,29,Sunderland,Brentford,total,,1.5,Over 1.5 goals,2026-08-14T19:40+00:00,2026-09-07T16:58+00:00,70.8,,,,,,,,,
Sunderland|Brentford|total|-|2.5,29,Sunderland,Brentford,total,,2.5,Over 2.5 goals,2026-08-14T19:40+00:00,2026-09-07T16:58+00:00,43.6,,,,,,,,,
Sunderland|Brentford|total|-|3.5,29,Sunderland,Brentford,total,,3.5,Over 3.5 goals,2026-08-14T19:40+00:00,2026-09-07T16:58+00:00,22.6,,,,,,,,,
Sunderland|Brentford|spread|h|1.5,29,Sunderland,Brentford,spread,h,1.5,Sunderland wins by >1.5,2026-08-14T19:40+00:00,2026-09-07T16:58+00:00,14.4,,,,,,,,,
Sunderland|Brentford|spread|a|1.5,29,Sunderland,Brentford,spread,a,1.5,Brentford wins by >1.5,2026-08-14T19:40+00:00,2026-09-07T16:58+00:00,16.5,,,,,,,,,
Sunderland|Brentford|spread|h|2.5,29,Sunderland,Brentford,spread,h,2.5,Sunderland wins by >2.5,2026-08-14T19:40+00:00,2026-09-07T16:58+00:00,4.6,,,,,,,,,
Sunderland|Brentford|spread|a|2.5,29,Sunderland,Brentford,spread,a,2.5,Brentford wins by >2.5,2026-08-14T19:40+00:00,2026-09-07T16:58+00:00,5.6,,,,,,,,,
Tottenham|Nott'm Forest|btts|-|-,29,Tottenham,Nott'm Forest,btts,,,Both teams to score,2026-08-14T19:40+00:00,2026-09-07T16:58+00:00,57.8,,,,,,,,,
Tottenham|Nott'm Forest|total|-|1.5,29,Tottenham,Nott'm Forest,total,,1.5,Over 1.5 goals,2026-08-14T19:40+00:00,2026-09-07T16:58+00:00,78.0,,,,,,,,,
Tottenham|Nott'm Forest|total|-|2.5,29,Tottenham,Nott'm Forest,total,,2.5,Over 2.5 goals,2026-08-14T19:40+00:00,2026-09-07T16:58+00:00,53.1,,,,,,,,,
Tottenham|Nott'm Forest|total|-|3.5,29,Tottenham,Nott'm Forest,total,,3.5,Over 3.5 goals,2026-08-14T19:40+00:00,2026-09-07T16:58+00:00,30.9,,,,,,,,,
Tottenham|Nott'm Forest|spread|h|1.5,29,Tottenham,Nott'm Forest,spread,h,1.5,Tottenham wins by >1.5,2026-08-14T19:40+00:00,2026-09-07T16:58+00:00,18.5,,,,,,,,,
Tottenham|Nott'm Forest|spread|a|1.5,29,Tottenham,Nott'm Forest,spread,a,1.5,Nott'm Forest wins by >1.5,2026-08-14T19:40+00:00,2026-09-07T16:58+00:00,16.1,,,,,,,,,
Tottenham|Nott'm Forest|spread|h|2.5,29,Tottenham,Nott'm Forest,spread,h,2.5,Tottenham wins by >2.5,2026-08-14T19:40+00:00,2026-09-07T16:58+00:00,7.0,,,,,,,,,
Tottenham|Nott'm Forest|spread|a|2.5,29,Tottenham,Nott'm Forest,spread,a,2.5,Nott'm Forest wins by >2.5,2026-08-14T19:40+00:00,2026-09-07T16:58+00:00,5.8,,,,,,,,,
Arsenal|Sunderland|btts|-|-,30,Arsenal,Sunderland,btts,,,Both teams to score,2026-08-14T19:40+00:00,2026-09-07T16:58+00:00,38.5,,,,,,,,,
Arsenal|Sunderland|total|-|1.5,30,Arsenal,Sunderland,total,,1.5,Over 1.5 goals,2026-08-14T19:40+00:00,2026-09-07T16:58+00:00,69.7,,,,,,,,,
Arsenal|Sunderland|total|-|2.5,30,Arsenal,Sunderland,total,,2.5,Over 2.5 goals,2026-08-14T19:40+00:00,2026-09-07T16:58+00:00,42.6,,,,,,,,,
Arsenal|Sunderland|total|-|3.5,30,Arsenal,Sunderland,total,,3.5,Over 3.5 goals,2026-08-14T19:40+00:00,2026-09-07T16:58+00:00,21.8,,,,,,,,,
Arsenal|Sunderland|spread|h|1.5,30,Arsenal,Sunderland,spread,h,1.5,Arsenal wins by >1.5,2026-08-14T19:40+00:00,2026-09-07T16:58+00:00,39.0,,,,,,,,,
Arsenal|Sunderland|spread|a|1.5,30,Arsenal,Sunderland,spread,a,1.5,Sunderland wins by >1.5,2026-08-14T19:40+00:00,2026-09-07T16:58+00:00,2.9,,,,,,,,,
Arsenal|Sunderland|spread|h|2.5,30,Arsenal,Sunderland,spread,h,2.5,Arsenal wins by >2.5,2026-08-14T19:40+00:00,2026-09-07T16:58+00:00,18.4,,,,,,,,,
Arsenal|Sunderland|spread|a|2.5,30,Arsenal,Sunderland,spread,a,2.5,Sunderland wins by >2.5,2026-08-14T19:40+00:00,2026-09-07T16:58+00:00,0.5,,,,,,,,,
Brentford|Bournemouth|btts|-|-,30,Brentford,Bournemouth,btts,,,Both teams to score,2026-08-14T19:40+00:00,2026-09-07T16:58+00:00,61.0,,,,,,,,,
Brentford|Bournemouth|total|-|1.5,30,Brentford,Bournemouth,total,,1.5,Over 1.5 goals,2026-08-14T19:40+00:00,2026-09-07T16:58+00:00,81.2,,,,,,,,,
Brentford|Bournemouth|total|-|2.5,30,Brentford,Bournemouth,total,,2.5,Over 2.5 goals,2026-08-14T19:40+00:00,2026-09-07T16:58+00:00,57.8,,,,,,,,,
Brentford|Bournemouth|total|-|3.5,30,Brentford,Bournemouth,total,,3.5,Over 3.5 goals,2026-08-14T19:40+00:00,2026-09-07T16:58+00:00,35.4,,,,,,,,,
Brentford|Bournemouth|spread|h|1.5,30,Brentford,Bournemouth,spread,h,1.5,Brentford wins by >1.5,2026-08-14T19:40+00:00,2026-09-07T16:58+00:00,22.9,,,,,,,,,
Brentford|Bournemouth|spread|a|1.5,30,Brentford,Bournemouth,spread,a,1.5,Bournemouth wins by >1.5,2026-08-14T19:40+00:00,2026-09-07T16:58+00:00,14.1,,,,,,,,,
Brentford|Bournemouth|spread|h|2.5,30,Brentford,Bournemouth,spread,h,2.5,Brentford wins by >2.5,2026-08-14T19:40+00:00,2026-09-07T16:58+00:00,9.5,,,,,,,,,
Brentford|Bournemouth|spread|a|2.5,30,Brentford,Bournemouth,spread,a,2.5,Bournemouth wins by >2.5,2026-08-14T19:40+00:00,2026-09-07T16:58+00:00,5.0,,,,,,,,,
Brighton|Coventry|btts|-|-,30,Brighton,Coventry,btts,,,Both teams to score,2026-08-14T19:40+00:00,2026-09-07T16:58+00:00,42.2,,,,,,,,,
Brighton|Coventry|total|-|1.5,30,Brighton,Coventry,total,,1.5,Over 1.5 goals,2026-08-14T19:40+00:00,2026-09-07T16:58+00:00,71.1,,,,,,,,,
Brighton|Coventry|total|-|2.5,30,Brighton,Coventry,total,,2.5,Over 2.5 goals,2026-08-14T19:40+00:00,2026-09-07T16:58+00:00,44.2,,,,,,,,,
Brighton|Coventry|total|-|3.5,30,Brighton,Coventry,total,,3.5,Over 3.5 goals,2026-08-14T19:40+00:00,2026-09-07T16:58+00:00,23.1,,,,,,,,,
Brighton|Coventry|spread|h|1.5,30,Brighton,Coventry,spread,h,1.5,Brighton wins by >1.5,2026-08-14T19:40+00:00,2026-09-07T16:58+00:00,36.5,,,,,,,,,
Brighton|Coventry|spread|a|1.5,30,Brighton,Coventry,spread,a,1.5,Coventry wins by >1.5,2026-08-14T19:40+00:00,2026-09-07T16:58+00:00,3.8,,,,,,,,,
Brighton|Coventry|spread|h|2.5,30,Brighton,Coventry,spread,h,2.5,Brighton wins by >2.5,2026-08-14T19:40+00:00,2026-09-07T16:58+00:00,16.8,,,,,,,,,
Brighton|Coventry|spread|a|2.5,30,Brighton,Coventry,spread,a,2.5,Coventry wins by >2.5,2026-08-14T19:40+00:00,2026-09-07T16:58+00:00,0.8,,,,,,,,,
Everton|Tottenham|btts|-|-,30,Everton,Tottenham,btts,,,Both teams to score,2026-08-14T19:40+00:00,2026-09-07T16:58+00:00,54.1,,,,,,,,,
Everton|Tottenham|total|-|1.5,30,Everton,Tottenham,total,,1.5,Over 1.5 goals,2026-08-14T19:40+00:00,2026-09-07T16:58+00:00,74.8,,,,,,,,,
Everton|Tottenham|total|-|2.5,30,Everton,Tottenham,total,,2.5,Over 2.5 goals,2026-08-14T19:40+00:00,2026-09-07T16:58+00:00,48.8,,,,,,,,,
Everton|Tottenham|total|-|3.5,30,Everton,Tottenham,total,,3.5,Over 3.5 goals,2026-08-14T19:40+00:00,2026-09-07T16:58+00:00,27.0,,,,,,,,,
Everton|Tottenham|spread|h|1.5,30,Everton,Tottenham,spread,h,1.5,Everton wins by >1.5,2026-08-14T19:40+00:00,2026-09-07T16:58+00:00,20.7,,,,,,,,,
Everton|Tottenham|spread|a|1.5,30,Everton,Tottenham,spread,a,1.5,Tottenham wins by >1.5,2026-08-14T19:40+00:00,2026-09-07T16:58+00:00,12.7,,,,,,,,,
Everton|Tottenham|spread|h|2.5,30,Everton,Tottenham,spread,h,2.5,Everton wins by >2.5,2026-08-14T19:40+00:00,2026-09-07T16:58+00:00,7.9,,,,,,,,,
Everton|Tottenham|spread|a|2.5,30,Everton,Tottenham,spread,a,2.5,Tottenham wins by >2.5,2026-08-14T19:40+00:00,2026-09-07T16:58+00:00,4.1,,,,,,,,,
Fulham|Liverpool|btts|-|-,30,Fulham,Liverpool,btts,,,Both teams to score,2026-08-14T19:40+00:00,2026-09-07T16:58+00:00,61.4,,,,,,,,,
Fulham|Liverpool|total|-|1.5,30,Fulham,Liverpool,total,,1.5,Over 1.5 goals,2026-08-14T19:40+00:00,2026-09-07T16:58+00:00,82.4,,,,,,,,,
Fulham|Liverpool|total|-|2.5,30,Fulham,Liverpool,total,,2.5,Over 2.5 goals,2026-08-14T19:40+00:00,2026-09-07T16:58+00:00,59.9,,,,,,,,,
Fulham|Liverpool|total|-|3.5,30,Fulham,Liverpool,total,,3.5,Over 3.5 goals,2026-08-14T19:40+00:00,2026-09-07T16:58+00:00,37.5,,,,,,,,,
Fulham|Liverpool|spread|h|1.5,30,Fulham,Liverpool,spread,h,1.5,Fulham wins by >1.5,2026-08-14T19:40+00:00,2026-09-07T16:58+00:00,11.2,,,,,,,,,
Fulham|Liverpool|spread|a|1.5,30,Fulham,Liverpool,spread,a,1.5,Liverpool wins by >1.5,2026-08-14T19:40+00:00,2026-09-07T16:58+00:00,28.0,,,,,,,,,
Fulham|Liverpool|spread|h|2.5,30,Fulham,Liverpool,spread,h,2.5,Fulham wins by >2.5,2026-08-14T19:40+00:00,2026-09-07T16:58+00:00,3.7,,,,,,,,,
Fulham|Liverpool|spread|a|2.5,30,Fulham,Liverpool,spread,a,2.5,Liverpool wins by >2.5,2026-08-14T19:40+00:00,2026-09-07T16:58+00:00,12.7,,,,,,,,,
Hull|Chelsea|btts|-|-,30,Hull,Chelsea,btts,,,Both teams to score,2026-08-14T19:40+00:00,2026-09-07T16:58+00:00,44.4,,,,,,,,,
Hull|Chelsea|total|-|1.5,30,Hull,Chelsea,total,,1.5,Over 1.5 goals,2026-08-14T19:40+00:00,2026-09-07T16:58+00:00,64.3,,,,,,,,,
Hull|Chelsea|total|-|2.5,30,Hull,Chelsea,total,,2.5,Over 2.5 goals,2026-08-14T19:40+00:00,2026-09-07T16:58+00:00,36.2,,,,,,,,,
Hull|Chelsea|total|-|3.5,30,Hull,Chelsea,total,,3.5,Over 3.5 goals,2026-08-14T19:40+00:00,2026-09-07T16:58+00:00,17.0,,,,,,,,,
Hull|Chelsea|spread|h|1.5,30,Hull,Chelsea,spread,h,1.5,Hull wins by >1.5,2026-08-14T19:40+00:00,2026-09-07T16:58+00:00,13.0,,,,,,,,,
Hull|Chelsea|spread|a|1.5,30,Hull,Chelsea,spread,a,1.5,Chelsea wins by >1.5,2026-08-14T19:40+00:00,2026-09-07T16:58+00:00,14.9,,,,,,,,,
Hull|Chelsea|spread|h|2.5,30,Hull,Chelsea,spread,h,2.5,Hull wins by >2.5,2026-08-14T19:40+00:00,2026-09-07T16:58+00:00,3.8,,,,,,,,,
Hull|Chelsea|spread|a|2.5,30,Hull,Chelsea,spread,a,2.5,Chelsea wins by >2.5,2026-08-14T19:40+00:00,2026-09-07T16:58+00:00,4.6,,,,,,,,,
Ipswich|Crystal Palace|btts|-|-,30,Ipswich,Crystal Palace,btts,,,Both teams to score,2026-08-14T19:40+00:00,2026-09-07T16:58+00:00,56.7,,,,,,,,,
Ipswich|Crystal Palace|total|-|1.5,30,Ipswich,Crystal Palace,total,,1.5,Over 1.5 goals,2026-08-14T19:40+00:00,2026-09-07T16:58+00:00,79.3,,,,,,,,,
Ipswich|Crystal Palace|total|-|2.5,30,Ipswich,Crystal Palace,total,,2.5,Over 2.5 goals,2026-08-14T19:40+00:00,2026-09-07T16:58+00:00,55.1,,,,,,,,,
Ipswich|Crystal Palace|total|-|3.5,30,Ipswich,Crystal Palace,total,,3.5,Over 3.5 goals,2026-08-14T19:40+00:00,2026-09-07T16:58+00:00,32.7,,,,,,,,,
Ipswich|Crystal Palace|spread|h|1.5,30,Ipswich,Crystal Palace,spread,h,1.5,Ipswich wins by >1.5,2026-08-14T19:40+00:00,2026-09-07T16:58+00:00,9.1,,,,,,,,,
Ipswich|Crystal Palace|spread|a|1.5,30,Ipswich,Crystal Palace,spread,a,1.5,Crystal Palace wins by >1.5,2026-08-14T19:40+00:00,2026-09-07T16:58+00:00,29.4,,,,,,,,,
Ipswich|Crystal Palace|spread|h|2.5,30,Ipswich,Crystal Palace,spread,h,2.5,Ipswich wins by >2.5,2026-08-14T19:40+00:00,2026-09-07T16:58+00:00,2.7,,,,,,,,,
Ipswich|Crystal Palace|spread|a|2.5,30,Ipswich,Crystal Palace,spread,a,2.5,Crystal Palace wins by >2.5,2026-08-14T19:40+00:00,2026-09-07T16:58+00:00,13.2,,,,,,,,,
Man City|Man United|btts|-|-,30,Man City,Man United,btts,,,Both teams to score,2026-08-14T19:40+00:00,2026-09-07T16:58+00:00,59.0,,,,,,,,,
Man City|Man United|total|-|1.5,30,Man City,Man United,total,,1.5,Over 1.5 goals,2026-08-14T19:40+00:00,2026-09-07T16:58+00:00,84.9,,,,,,,,,
Man City|Man United|total|-|2.5,30,Man City,Man United,total,,2.5,Over 2.5 goals,2026-08-14T19:40+00:00,2026-09-07T16:58+00:00,64.0,,,,,,,,,
Man City|Man United|total|-|3.5,30,Man City,Man United,total,,3.5,Over 3.5 goals,2026-08-14T19:40+00:00,2026-09-07T16:58+00:00,41.9,,,,,,,,,
Man City|Man United|spread|h|1.5,30,Man City,Man United,spread,h,1.5,Man City wins by >1.5,2026-08-14T19:40+00:00,2026-09-07T16:58+00:00,41.3,,,,,,,,,
Man City|Man United|spread|a|1.5,30,Man City,Man United,spread,a,1.5,Man United wins by >1.5,2026-08-14T19:40+00:00,2026-09-07T16:58+00:00,5.9,,,,,,,,,
Man City|Man United|spread|h|2.5,30,Man City,Man United,spread,h,2.5,Man City wins by >2.5,2026-08-14T19:40+00:00,2026-09-07T16:58+00:00,22.1,,,,,,,,,
Man City|Man United|spread|a|2.5,30,Man City,Man United,spread,a,2.5,Man United wins by >2.5,2026-08-14T19:40+00:00,2026-09-07T16:58+00:00,1.6,,,,,,,,,
Newcastle|Leeds|btts|-|-,30,Newcastle,Leeds,btts,,,Both teams to score,2026-08-14T19:40+00:00,2026-09-07T16:58+00:00,58.9,,,,,,,,,
Newcastle|Leeds|total|-|1.5,30,Newcastle,Leeds,total,,1.5,Over 1.5 goals,2026-08-14T19:40+00:00,2026-09-07T16:58+00:00,80.7,,,,,,,,,
Newcastle|Leeds|total|-|2.5,30,Newcastle,Leeds,total,,2.5,Over 2.5 goals,2026-08-14T19:40+00:00,2026-09-07T16:58+00:00,57.2,,,,,,,,,
Newcastle|Leeds|total|-|3.5,30,Newcastle,Leeds,total,,3.5,Over 3.5 goals,2026-08-14T19:40+00:00,2026-09-07T16:58+00:00,34.8,,,,,,,,,
Newcastle|Leeds|spread|h|1.5,30,Newcastle,Leeds,spread,h,1.5,Newcastle wins by >1.5,2026-08-14T19:40+00:00,2026-09-07T16:58+00:00,28.6,,,,,,,,,
Newcastle|Leeds|spread|a|1.5,30,Newcastle,Leeds,spread,a,1.5,Leeds wins by >1.5,2026-08-14T19:40+00:00,2026-09-07T16:58+00:00,10.1,,,,,,,,,
Newcastle|Leeds|spread|h|2.5,30,Newcastle,Leeds,spread,h,2.5,Newcastle wins by >2.5,2026-08-14T19:40+00:00,2026-09-07T16:58+00:00,12.9,,,,,,,,,
Newcastle|Leeds|spread|a|2.5,30,Newcastle,Leeds,spread,a,2.5,Leeds wins by >2.5,2026-08-14T19:40+00:00,2026-09-07T16:58+00:00,3.2,,,,,,,,,
Nott'm Forest|Aston Villa|btts|-|-,30,Nott'm Forest,Aston Villa,btts,,,Both teams to score,2026-08-14T19:40+00:00,2026-09-07T16:58+00:00,55.5,,,,,,,,,
Nott'm Forest|Aston Villa|total|-|1.5,30,Nott'm Forest,Aston Villa,total,,1.5,Over 1.5 goals,2026-08-14T19:40+00:00,2026-09-07T16:58+00:00,75.8,,,,,,,,,
Nott'm Forest|Aston Villa|total|-|2.5,30,Nott'm Forest,Aston Villa,total,,2.5,Over 2.5 goals,2026-08-14T19:40+00:00,2026-09-07T16:58+00:00,50.1,,,,,,,,,
Nott'm Forest|Aston Villa|total|-|3.5,30,Nott'm Forest,Aston Villa,total,,3.5,Over 3.5 goals,2026-08-14T19:40+00:00,2026-09-07T16:58+00:00,28.1,,,,,,,,,
Nott'm Forest|Aston Villa|spread|h|1.5,30,Nott'm Forest,Aston Villa,spread,h,1.5,Nott'm Forest wins by >1.5,2026-08-14T19:40+00:00,2026-09-07T16:58+00:00,17.6,,,,,,,,,
Nott'm Forest|Aston Villa|spread|a|1.5,30,Nott'm Forest,Aston Villa,spread,a,1.5,Aston Villa wins by >1.5,2026-08-14T19:40+00:00,2026-09-07T16:58+00:00,15.9,,,,,,,,,
Nott'm Forest|Aston Villa|spread|h|2.5,30,Nott'm Forest,Aston Villa,spread,h,2.5,Nott'm Forest wins by >2.5,2026-08-14T19:40+00:00,2026-09-07T16:58+00:00,6.4,,,,,,,,,
Nott'm Forest|Aston Villa|spread|a|2.5,30,Nott'm Forest,Aston Villa,spread,a,2.5,Aston Villa wins by >2.5,2026-08-14T19:40+00:00,2026-09-07T16:58+00:00,5.6,,,,,,,,,
Bournemouth|Man City|btts|-|-,31,Bournemouth,Man City,btts,,,Both teams to score,2026-08-14T19:40+00:00,2026-09-07T16:58+00:00,58.2,,,,,,,,,
Bournemouth|Man City|total|-|1.5,31,Bournemouth,Man City,total,,1.5,Over 1.5 goals,2026-08-14T19:40+00:00,2026-09-07T16:58+00:00,81.6,,,,,,,,,
Bournemouth|Man City|total|-|2.5,31,Bournemouth,Man City,total,,2.5,Over 2.5 goals,2026-08-14T19:40+00:00,2026-09-07T16:58+00:00,58.6,,,,,,,,,
Bournemouth|Man City|total|-|3.5,31,Bournemouth,Man City,total,,3.5,Over 3.5 goals,2026-08-14T19:40+00:00,2026-09-07T16:58+00:00,36.2,,,,,,,,,
Bournemouth|Man City|spread|h|1.5,31,Bournemouth,Man City,spread,h,1.5,Bournemouth wins by >1.5,2026-08-14T19:40+00:00,2026-09-07T16:58+00:00,8.0,,,,,,,,,
Bournemouth|Man City|spread|a|1.5,31,Bournemouth,Man City,spread,a,1.5,Man City wins by >1.5,2026-08-14T19:40+00:00,2026-09-07T16:58+00:00,33.3,,,,,,,,,
Bournemouth|Man City|spread|h|2.5,31,Bournemouth,Man City,spread,h,2.5,Bournemouth wins by >2.5,2026-08-14T19:40+00:00,2026-09-07T16:58+00:00,2.4,,,,,,,,,
Bournemouth|Man City|spread|a|2.5,31,Bournemouth,Man City,spread,a,2.5,Man City wins by >2.5,2026-08-14T19:40+00:00,2026-09-07T16:58+00:00,16.0,,,,,,,,,
Aston Villa|Brighton|btts|-|-,31,Aston Villa,Brighton,btts,,,Both teams to score,2026-08-14T19:40+00:00,2026-09-07T16:58+00:00,60.4,,,,,,,,,
Aston Villa|Brighton|total|-|1.5,31,Aston Villa,Brighton,total,,1.5,Over 1.5 goals,2026-08-14T19:40+00:00,2026-09-07T16:58+00:00,80.4,,,,,,,,,
Aston Villa|Brighton|total|-|2.5,31,Aston Villa,Brighton,total,,2.5,Over 2.5 goals,2026-08-14T19:40+00:00,2026-09-07T16:58+00:00,56.7,,,,,,,,,
Aston Villa|Brighton|total|-|3.5,31,Aston Villa,Brighton,total,,3.5,Over 3.5 goals,2026-08-14T19:40+00:00,2026-09-07T16:58+00:00,34.3,,,,,,,,,
Aston Villa|Brighton|spread|h|1.5,31,Aston Villa,Brighton,spread,h,1.5,Aston Villa wins by >1.5,2026-08-14T19:40+00:00,2026-09-07T16:58+00:00,21.1,,,,,,,,,
Aston Villa|Brighton|spread|a|1.5,31,Aston Villa,Brighton,spread,a,1.5,Brighton wins by >1.5,2026-08-14T19:40+00:00,2026-09-07T16:58+00:00,15.1,,,,,,,,,
Aston Villa|Brighton|spread|h|2.5,31,Aston Villa,Brighton,spread,h,2.5,Aston Villa wins by >2.5,2026-08-14T19:40+00:00,2026-09-07T16:58+00:00,8.5,,,,,,,,,
Aston Villa|Brighton|spread|a|2.5,31,Aston Villa,Brighton,spread,a,2.5,Brighton wins by >2.5,2026-08-14T19:40+00:00,2026-09-07T16:58+00:00,5.4,,,,,,,,,
Chelsea|Fulham|btts|-|-,31,Chelsea,Fulham,btts,,,Both teams to score,2026-08-14T19:40+00:00,2026-09-07T16:58+00:00,59.3,,,,,,,,,
Chelsea|Fulham|total|-|1.5,31,Chelsea,Fulham,total,,1.5,Over 1.5 goals,2026-08-14T19:40+00:00,2026-09-07T16:58+00:00,81.3,,,,,,,,,
Chelsea|Fulham|total|-|2.5,31,Chelsea,Fulham,total,,2.5,Over 2.5 goals,2026-08-14T19:40+00:00,2026-09-07T16:58+00:00,58.1,,,,,,,,,
Chelsea|Fulham|total|-|3.5,31,Chelsea,Fulham,total,,3.5,Over 3.5 goals,2026-08-14T19:40+00:00,2026-09-07T16:58+00:00,35.7,,,,,,,,,
Chelsea|Fulham|spread|h|1.5,31,Chelsea,Fulham,spread,h,1.5,Chelsea wins by >1.5,2026-08-14T19:40+00:00,2026-09-07T16:58+00:00,29.3,,,,,,,,,
Chelsea|Fulham|spread|a|1.5,31,Chelsea,Fulham,spread,a,1.5,Fulham wins by >1.5,2026-08-14T19:40+00:00,2026-09-07T16:58+00:00,9.9,,,,,,,,,
Chelsea|Fulham|spread|h|2.5,31,Chelsea,Fulham,spread,h,2.5,Chelsea wins by >2.5,2026-08-14T19:40+00:00,2026-09-07T16:58+00:00,13.4,,,,,,,,,
Chelsea|Fulham|spread|a|2.5,31,Chelsea,Fulham,spread,a,2.5,Fulham wins by >2.5,2026-08-14T19:40+00:00,2026-09-07T16:58+00:00,3.1,,,,,,,,,
Coventry|Arsenal|btts|-|-,31,Coventry,Arsenal,btts,,,Both teams to score,2026-08-14T19:40+00:00,2026-09-07T16:58+00:00,32.9,,,,,,,,,
Coventry|Arsenal|total|-|1.5,31,Coventry,Arsenal,total,,1.5,Over 1.5 goals,2026-08-14T19:40+00:00,2026-09-07T16:58+00:00,68.4,,,,,,,,,
Coventry|Arsenal|total|-|2.5,31,Coventry,Arsenal,total,,2.5,Over 2.5 goals,2026-08-14T19:40+00:00,2026-09-07T16:58+00:00,41.3,,,,,,,,,
Coventry|Arsenal|total|-|3.5,31,Coventry,Arsenal,total,,3.5,Over 3.5 goals,2026-08-14T19:40+00:00,2026-09-07T16:58+00:00,20.7,,,,,,,,,
Coventry|Arsenal|spread|h|1.5,31,Coventry,Arsenal,spread,h,1.5,Coventry wins by >1.5,2026-08-14T19:40+00:00,2026-09-07T16:58+00:00,1.7,,,,,,,,,
Coventry|Arsenal|spread|a|1.5,31,Coventry,Arsenal,spread,a,1.5,Arsenal wins by >1.5,2026-08-14T19:40+00:00,2026-09-07T16:58+00:00,43.6,,,,,,,,,
Coventry|Arsenal|spread|h|2.5,31,Coventry,Arsenal,spread,h,2.5,Coventry wins by >2.5,2026-08-14T19:40+00:00,2026-09-07T16:58+00:00,0.2,,,,,,,,,
Coventry|Arsenal|spread|a|2.5,31,Coventry,Arsenal,spread,a,2.5,Arsenal wins by >2.5,2026-08-14T19:40+00:00,2026-09-07T16:58+00:00,21.4,,,,,,,,,
Crystal Palace|Everton|btts|-|-,31,Crystal Palace,Everton,btts,,,Both teams to score,2026-08-14T19:40+00:00,2026-09-07T16:58+00:00,49.3,,,,,,,,,
Crystal Palace|Everton|total|-|1.5,31,Crystal Palace,Everton,total,,1.5,Over 1.5 goals,2026-08-14T19:40+00:00,2026-09-07T16:58+00:00,69.6,,,,,,,,,
Crystal Palace|Everton|total|-|2.5,31,Crystal Palace,Everton,total,,2.5,Over 2.5 goals,2026-08-14T19:40+00:00,2026-09-07T16:58+00:00,42.2,,,,,,,,,
Crystal Palace|Everton|total|-|3.5,31,Crystal Palace,Everton,total,,3.5,Over 3.5 goals,2026-08-14T19:40+00:00,2026-09-07T16:58+00:00,21.5,,,,,,,,,
Crystal Palace|Everton|spread|h|1.5,31,Crystal Palace,Everton,spread,h,1.5,Crystal Palace wins by >1.5,2026-08-14T19:40+00:00,2026-09-07T16:58+00:00,16.6,,,,,,,,,
Crystal Palace|Everton|spread|a|1.5,31,Crystal Palace,Everton,spread,a,1.5,Everton wins by >1.5,2026-08-14T19:40+00:00,2026-09-07T16:58+00:00,13.8,,,,,,,,,
Crystal Palace|Everton|spread|h|2.5,31,Crystal Palace,Everton,spread,h,2.5,Crystal Palace wins by >2.5,2026-08-14T19:40+00:00,2026-09-07T16:58+00:00,5.6,,,,,,,,,
Crystal Palace|Everton|spread|a|2.5,31,Crystal Palace,Everton,spread,a,2.5,Everton wins by >2.5,2026-08-14T19:40+00:00,2026-09-07T16:58+00:00,4.4,,,,,,,,,
Leeds|Nott'm Forest|btts|-|-,31,Leeds,Nott'm Forest,btts,,,Both teams to score,2026-08-14T19:40+00:00,2026-09-07T16:58+00:00,52.9,,,,,,,,,
Leeds|Nott'm Forest|total|-|1.5,31,Leeds,Nott'm Forest,total,,1.5,Over 1.5 goals,2026-08-14T19:40+00:00,2026-09-07T16:58+00:00,73.3,,,,,,,,,
Leeds|Nott'm Forest|total|-|2.5,31,Leeds,Nott'm Forest,total,,2.5,Over 2.5 goals,2026-08-14T19:40+00:00,2026-09-07T16:58+00:00,46.8,,,,,,,,,
Leeds|Nott'm Forest|total|-|3.5,31,Leeds,Nott'm Forest,total,,3.5,Over 3.5 goals,2026-08-14T19:40+00:00,2026-09-07T16:58+00:00,25.2,,,,,,,,,
Leeds|Nott'm Forest|spread|h|1.5,31,Leeds,Nott'm Forest,spread,h,1.5,Leeds wins by >1.5,2026-08-14T19:40+00:00,2026-09-07T16:58+00:00,17.5,,,,,,,,,
Leeds|Nott'm Forest|spread|a|1.5,31,Leeds,Nott'm Forest,spread,a,1.5,Nott'm Forest wins by >1.5,2026-08-14T19:40+00:00,2026-09-07T16:58+00:00,14.7,,,,,,,,,
Leeds|Nott'm Forest|spread|h|2.5,31,Leeds,Nott'm Forest,spread,h,2.5,Leeds wins by >2.5,2026-08-14T19:40+00:00,2026-09-07T16:58+00:00,6.2,,,,,,,,,
Leeds|Nott'm Forest|spread|a|2.5,31,Leeds,Nott'm Forest,spread,a,2.5,Nott'm Forest wins by >2.5,2026-08-14T19:40+00:00,2026-09-07T16:58+00:00,4.9,,,,,,,,,
Liverpool|Newcastle|btts|-|-,31,Liverpool,Newcastle,btts,,,Both teams to score,2026-08-14T19:40+00:00,2026-09-07T16:58+00:00,66.2,,,,,,,,,
Liverpool|Newcastle|total|-|1.5,31,Liverpool,Newcastle,total,,1.5,Over 1.5 goals,2026-08-14T19:40+00:00,2026-09-07T16:58+00:00,86.6,,,,,,,,,
Liverpool|Newcastle|total|-|2.5,31,Liverpool,Newcastle,total,,2.5,Over 2.5 goals,2026-08-14T19:40+00:00,2026-09-07T16:58+00:00,66.9,,,,,,,,,
Liverpool|Newcastle|total|-|3.5,31,Liverpool,Newcastle,total,,3.5,Over 3.5 goals,2026-08-14T19:40+00:00,2026-09-07T16:58+00:00,45.1,,,,,,,,,
Liverpool|Newcastle|spread|h|1.5,31,Liverpool,Newcastle,spread,h,1.5,Liverpool wins by >1.5,2026-08-14T19:40+00:00,2026-09-07T16:58+00:00,31.3,,,,,,,,,
Liverpool|Newcastle|spread|a|1.5,31,Liverpool,Newcastle,spread,a,1.5,Newcastle wins by >1.5,2026-08-14T19:40+00:00,2026-09-07T16:58+00:00,11.2,,,,,,,,,
Liverpool|Newcastle|spread|h|2.5,31,Liverpool,Newcastle,spread,h,2.5,Liverpool wins by >2.5,2026-08-14T19:40+00:00,2026-09-07T16:58+00:00,15.4,,,,,,,,,
Liverpool|Newcastle|spread|a|2.5,31,Liverpool,Newcastle,spread,a,2.5,Newcastle wins by >2.5,2026-08-14T19:40+00:00,2026-09-07T16:58+00:00,3.9,,,,,,,,,
Man United|Hull|btts|-|-,31,Man United,Hull,btts,,,Both teams to score,2026-08-14T19:40+00:00,2026-09-07T16:58+00:00,44.0,,,,,,,,,
Man United|Hull|total|-|1.5,31,Man United,Hull,total,,1.5,Over 1.5 goals,2026-08-14T19:40+00:00,2026-09-07T16:58+00:00,65.1,,,,,,,,,
Man United|Hull|total|-|2.5,31,Man United,Hull,total,,2.5,Over 2.5 goals,2026-08-14T19:40+00:00,2026-09-07T16:58+00:00,37.0,,,,,,,,,
Man United|Hull|total|-|3.5,31,Man United,Hull,total,,3.5,Over 3.5 goals,2026-08-14T19:40+00:00,2026-09-07T16:58+00:00,17.6,,,,,,,,,
Man United|Hull|spread|h|1.5,31,Man United,Hull,spread,h,1.5,Man United wins by >1.5,2026-08-14T19:40+00:00,2026-09-07T16:58+00:00,20.3,,,,,,,,,
Man United|Hull|spread|a|1.5,31,Man United,Hull,spread,a,1.5,Hull wins by >1.5,2026-08-14T19:40+00:00,2026-09-07T16:58+00:00,9.1,,,,,,,,,
Man United|Hull|spread|h|2.5,31,Man United,Hull,spread,h,2.5,Man United wins by >2.5,2026-08-14T19:40+00:00,2026-09-07T16:58+00:00,7.1,,,,,,,,,
Man United|Hull|spread|a|2.5,31,Man United,Hull,spread,a,2.5,Hull wins by >2.5,2026-08-14T19:40+00:00,2026-09-07T16:58+00:00,2.4,,,,,,,,,
Sunderland|Ipswich|btts|-|-,31,Sunderland,Ipswich,btts,,,Both teams to score,2026-08-14T19:40+00:00,2026-09-07T16:58+00:00,47.6,,,,,,,,,
Sunderland|Ipswich|total|-|1.5,31,Sunderland,Ipswich,total,,1.5,Over 1.5 goals,2026-08-14T19:40+00:00,2026-09-07T16:58+00:00,74.6,,,,,,,,,
Sunderland|Ipswich|total|-|2.5,31,Sunderland,Ipswich,total,,2.5,Over 2.5 goals,2026-08-14T19:40+00:00,2026-09-07T16:58+00:00,48.7,,,,,,,,,
Sunderland|Ipswich|total|-|3.5,31,Sunderland,Ipswich,total,,3.5,Over 3.5 goals,2026-08-14T19:40+00:00,2026-09-07T16:58+00:00,26.9,,,,,,,,,
Sunderland|Ipswich|spread|h|1.5,31,Sunderland,Ipswich,spread,h,1.5,Sunderland wins by >1.5,2026-08-14T19:40+00:00,2026-09-07T16:58+00:00,35.3,,,,,,,,,
Sunderland|Ipswich|spread|a|1.5,31,Sunderland,Ipswich,spread,a,1.5,Ipswich wins by >1.5,2026-08-14T19:40+00:00,2026-09-07T16:58+00:00,5.0,,,,,,,,,
Sunderland|Ipswich|spread|h|2.5,31,Sunderland,Ipswich,spread,h,2.5,Sunderland wins by >2.5,2026-08-14T19:40+00:00,2026-09-07T16:58+00:00,16.5,,,,,,,,,
Sunderland|Ipswich|spread|a|2.5,31,Sunderland,Ipswich,spread,a,2.5,Ipswich wins by >2.5,2026-08-14T19:40+00:00,2026-09-07T16:58+00:00,1.2,,,,,,,,,
Tottenham|Brentford|btts|-|-,31,Tottenham,Brentford,btts,,,Both teams to score,2026-08-14T19:40+00:00,2026-09-07T16:58+00:00,62.8,,,,,,,,,
Tottenham|Brentford|total|-|1.5,31,Tottenham,Brentford,total,,1.5,Over 1.5 goals,2026-08-14T19:40+00:00,2026-09-07T16:58+00:00,82.3,,,,,,,,,
Tottenham|Brentford|total|-|2.5,31,Tottenham,Brentford,total,,2.5,Over 2.5 goals,2026-08-14T19:40+00:00,2026-09-07T16:58+00:00,59.7,,,,,,,,,
Tottenham|Brentford|total|-|3.5,31,Tottenham,Brentford,total,,3.5,Over 3.5 goals,2026-08-14T19:40+00:00,2026-09-07T16:58+00:00,37.3,,,,,,,,,
Tottenham|Brentford|spread|h|1.5,31,Tottenham,Brentford,spread,h,1.5,Tottenham wins by >1.5,2026-08-14T19:40+00:00,2026-09-07T16:58+00:00,17.2,,,,,,,,,
Tottenham|Brentford|spread|a|1.5,31,Tottenham,Brentford,spread,a,1.5,Brentford wins by >1.5,2026-08-14T19:40+00:00,2026-09-07T16:58+00:00,19.9,,,,,,,,,
Tottenham|Brentford|spread|h|2.5,31,Tottenham,Brentford,spread,h,2.5,Tottenham wins by >2.5,2026-08-14T19:40+00:00,2026-09-07T16:58+00:00,6.6,,,,,,,,,
Tottenham|Brentford|spread|a|2.5,31,Tottenham,Brentford,spread,a,2.5,Brentford wins by >2.5,2026-08-14T19:40+00:00,2026-09-07T16:58+00:00,8.0,,,,,,,,,
Arsenal|Aston Villa|btts|-|-,32,Arsenal,Aston Villa,btts,,,Both teams to score,2026-08-14T19:40+00:00,2026-09-07T16:58+00:00,48.6,,,,,,,,,
Arsenal|Aston Villa|total|-|1.5,32,Arsenal,Aston Villa,total,,1.5,Over 1.5 goals,2026-08-14T19:40+00:00,2026-09-07T16:58+00:00,77.4,,,,,,,,,
Arsenal|Aston Villa|total|-|2.5,32,Arsenal,Aston Villa,total,,2.5,Over 2.5 goals,2026-08-14T19:40+00:00,2026-09-07T16:58+00:00,52.5,,,,,,,,,
Arsenal|Aston Villa|total|-|3.5,32,Arsenal,Aston Villa,total,,3.5,Over 3.5 goals,2026-08-14T19:40+00:00,2026-09-07T16:58+00:00,30.3,,,,,,,,,
Arsenal|Aston Villa|spread|h|1.5,32,Arsenal,Aston Villa,spread,h,1.5,Arsenal wins by >1.5,2026-08-14T19:40+00:00,2026-09-07T16:58+00:00,39.5,,,,,,,,,
Arsenal|Aston Villa|spread|a|1.5,32,Arsenal,Aston Villa,spread,a,1.5,Aston Villa wins by >1.5,2026-08-14T19:40+00:00,2026-09-07T16:58+00:00,4.4,,,,,,,,,
Arsenal|Aston Villa|spread|h|2.5,32,Arsenal,Aston Villa,spread,h,2.5,Arsenal wins by >2.5,2026-08-14T19:40+00:00,2026-09-07T16:58+00:00,19.7,,,,,,,,,
Arsenal|Aston Villa|spread|a|2.5,32,Arsenal,Aston Villa,spread,a,2.5,Aston Villa wins by >2.5,2026-08-14T19:40+00:00,2026-09-07T16:58+00:00,1.0,,,,,,,,,
Brentford|Leeds|btts|-|-,32,Brentford,Leeds,btts,,,Both teams to score,2026-08-14T19:40+00:00,2026-09-07T16:58+00:00,57.2,,,,,,,,,
Brentford|Leeds|total|-|1.5,32,Brentford,Leeds,total,,1.5,Over 1.5 goals,2026-08-14T19:40+00:00,2026-09-07T16:58+00:00,78.7,,,,,,,,,
Brentford|Leeds|total|-|2.5,32,Brentford,Leeds,total,,2.5,Over 2.5 goals,2026-08-14T19:40+00:00,2026-09-07T16:58+00:00,54.1,,,,,,,,,
Brentford|Leeds|total|-|3.5,32,Brentford,Leeds,total,,3.5,Over 3.5 goals,2026-08-14T19:40+00:00,2026-09-07T16:58+00:00,31.8,,,,,,,,,
Brentford|Leeds|spread|h|1.5,32,Brentford,Leeds,spread,h,1.5,Brentford wins by >1.5,2026-08-14T19:40+00:00,2026-09-07T16:58+00:00,25.8,,,,,,,,,
Brentford|Leeds|spread|a|1.5,32,Brentford,Leeds,spread,a,1.5,Leeds wins by >1.5,2026-08-14T19:40+00:00,2026-09-07T16:58+00:00,10.9,,,,,,,,,
Brentford|Leeds|spread|h|2.5,32,Brentford,Leeds,spread,h,2.5,Brentford wins by >2.5,2026-08-14T19:40+00:00,2026-09-07T16:58+00:00,11.0,,,,,,,,,
Brentford|Leeds|spread|a|2.5,32,Brentford,Leeds,spread,a,2.5,Leeds wins by >2.5,2026-08-14T19:40+00:00,2026-09-07T16:58+00:00,3.4,,,,,,,,,
Brighton|Chelsea|btts|-|-,32,Brighton,Chelsea,btts,,,Both teams to score,2026-08-14T19:40+00:00,2026-09-07T16:58+00:00,63.6,,,,,,,,,
Brighton|Chelsea|total|-|1.5,32,Brighton,Chelsea,total,,1.5,Over 1.5 goals,2026-08-14T19:40+00:00,2026-09-07T16:58+00:00,83.1,,,,,,,,,
Brighton|Chelsea|total|-|2.5,32,Brighton,Chelsea,total,,2.5,Over 2.5 goals,2026-08-14T19:40+00:00,2026-09-07T16:58+00:00,60.8,,,,,,,,,
Brighton|Chelsea|total|-|3.5,32,Brighton,Chelsea,total,,3.5,Over 3.5 goals,2026-08-14T19:40+00:00,2026-09-07T16:58+00:00,38.5,,,,,,,,,
Brighton|Chelsea|spread|h|1.5,32,Brighton,Chelsea,spread,h,1.5,Brighton wins by >1.5,2026-08-14T19:40+00:00,2026-09-07T16:58+00:00,20.7,,,,,,,,,
Brighton|Chelsea|spread|a|1.5,32,Brighton,Chelsea,spread,a,1.5,Chelsea wins by >1.5,2026-08-14T19:40+00:00,2026-09-07T16:58+00:00,16.9,,,,,,,,,
Brighton|Chelsea|spread|h|2.5,32,Brighton,Chelsea,spread,h,2.5,Brighton wins by >2.5,2026-08-14T19:40+00:00,2026-09-07T16:58+00:00,8.5,,,,,,,,,
Brighton|Chelsea|spread|a|2.5,32,Brighton,Chelsea,spread,a,2.5,Chelsea wins by >2.5,2026-08-14T19:40+00:00,2026-09-07T16:58+00:00,6.5,,,,,,,,,
Everton|Bournemouth|btts|-|-,32,Everton,Bournemouth,btts,,,Both teams to score,2026-08-14T19:40+00:00,2026-09-07T16:58+00:00,52.7,,,,,,,,,
Everton|Bournemouth|total|-|1.5,32,Everton,Bournemouth,total,,1.5,Over 1.5 goals,2026-08-14T19:40+00:00,2026-09-07T16:58+00:00,73.1,,,,,,,,,
Everton|Bournemouth|total|-|2.5,32,Everton,Bournemouth,total,,2.5,Over 2.5 goals,2026-08-14T19:40+00:00,2026-09-07T16:58+00:00,46.5,,,,,,,,,
Everton|Bournemouth|total|-|3.5,32,Everton,Bournemouth,total,,3.5,Over 3.5 goals,2026-08-14T19:40+00:00,2026-09-07T16:58+00:00,25.0,,,,,,,,,
Everton|Bournemouth|spread|h|1.5,32,Everton,Bournemouth,spread,h,1.5,Everton wins by >1.5,2026-08-14T19:40+00:00,2026-09-07T16:58+00:00,16.6,,,,,,,,,
Everton|Bournemouth|spread|a|1.5,32,Everton,Bournemouth,spread,a,1.5,Bournemouth wins by >1.5,2026-08-14T19:40+00:00,2026-09-07T16:58+00:00,15.4,,,,,,,,,
Everton|Bournemouth|spread|h|2.5,32,Everton,Bournemouth,spread,h,2.5,Everton wins by >2.5,2026-08-14T19:40+00:00,2026-09-07T16:58+00:00,5.8,,,,,,,,,
Everton|Bournemouth|spread|a|2.5,32,Everton,Bournemouth,spread,a,2.5,Bournemouth wins by >2.5,2026-08-14T19:40+00:00,2026-09-07T16:58+00:00,5.2,,,,,,,,,
Fulham|Sunderland|btts|-|-,32,Fulham,Sunderland,btts,,,Both teams to score,2026-08-14T19:40+00:00,2026-09-07T16:58+00:00,47.2,,,,,,,,,
Fulham|Sunderland|total|-|1.5,32,Fulham,Sunderland,total,,1.5,Over 1.5 goals,2026-08-14T19:40+00:00,2026-09-07T16:58+00:00,67.6,,,,,,,,,
Fulham|Sunderland|total|-|2.5,32,Fulham,Sunderland,total,,2.5,Over 2.5 goals,2026-08-14T19:40+00:00,2026-09-07T16:58+00:00,39.9,,,,,,,,,
Fulham|Sunderland|total|-|3.5,32,Fulham,Sunderland,total,,3.5,Over 3.5 goals,2026-08-14T19:40+00:00,2026-09-07T16:58+00:00,19.7,,,,,,,,,
Fulham|Sunderland|spread|h|1.5,32,Fulham,Sunderland,spread,h,1.5,Fulham wins by >1.5,2026-08-14T19:40+00:00,2026-09-07T16:58+00:00,17.7,,,,,,,,,
Fulham|Sunderland|spread|a|1.5,32,Fulham,Sunderland,spread,a,1.5,Sunderland wins by >1.5,2026-08-14T19:40+00:00,2026-09-07T16:58+00:00,12.0,,,,,,,,,
Fulham|Sunderland|spread|h|2.5,32,Fulham,Sunderland,spread,h,2.5,Fulham wins by >2.5,2026-08-14T19:40+00:00,2026-09-07T16:58+00:00,6.0,,,,,,,,,
Fulham|Sunderland|spread|a|2.5,32,Fulham,Sunderland,spread,a,2.5,Sunderland wins by >2.5,2026-08-14T19:40+00:00,2026-09-07T16:58+00:00,3.5,,,,,,,,,
Hull|Coventry|btts|-|-,32,Hull,Coventry,btts,,,Both teams to score,2026-08-14T19:40+00:00,2026-09-07T16:58+00:00,27.7,,,,,,,,,
Hull|Coventry|total|-|1.5,32,Hull,Coventry,total,,1.5,Over 1.5 goals,2026-08-14T19:40+00:00,2026-09-07T16:58+00:00,49.2,,,,,,,,,
Hull|Coventry|total|-|2.5,32,Hull,Coventry,total,,2.5,Over 2.5 goals,2026-08-14T19:40+00:00,2026-09-07T16:58+00:00,22.2,,,,,,,,,
Hull|Coventry|total|-|3.5,32,Hull,Coventry,total,,3.5,Over 3.5 goals,2026-08-14T19:40+00:00,2026-09-07T16:58+00:00,8.2,,,,,,,,,
Hull|Coventry|spread|h|1.5,32,Hull,Coventry,spread,h,1.5,Hull wins by >1.5,2026-08-14T19:40+00:00,2026-09-07T16:58+00:00,21.9,,,,,,,,,
Hull|Coventry|spread|a|1.5,32,Hull,Coventry,spread,a,1.5,Coventry wins by >1.5,2026-08-14T19:40+00:00,2026-09-07T16:58+00:00,3.6,,,,,,,,,
Hull|Coventry|spread|h|2.5,32,Hull,Coventry,spread,h,2.5,Hull wins by >2.5,2026-08-14T19:40+00:00,2026-09-07T16:58+00:00,7.1,,,,,,,,,
Hull|Coventry|spread|a|2.5,32,Hull,Coventry,spread,a,2.5,Coventry wins by >2.5,2026-08-14T19:40+00:00,2026-09-07T16:58+00:00,0.6,,,,,,,,,
Ipswich|Man United|btts|-|-,32,Ipswich,Man United,btts,,,Both teams to score,2026-08-14T19:40+00:00,2026-09-07T16:58+00:00,60.2,,,,,,,,,
Ipswich|Man United|total|-|1.5,32,Ipswich,Man United,total,,1.5,Over 1.5 goals,2026-08-14T19:40+00:00,2026-09-07T16:58+00:00,85.9,,,,,,,,,
Ipswich|Man United|total|-|2.5,32,Ipswich,Man United,total,,2.5,Over 2.5 goals,2026-08-14T19:40+00:00,2026-09-07T16:58+00:00,65.8,,,,,,,,,
Ipswich|Man United|total|-|3.5,32,Ipswich,Man United,total,,3.5,Over 3.5 goals,2026-08-14T19:40+00:00,2026-09-07T16:58+00:00,44.0,,,,,,,,,
Ipswich|Man United|spread|h|1.5,32,Ipswich,Man United,spread,h,1.5,Ipswich wins by >1.5,2026-08-14T19:40+00:00,2026-09-07T16:58+00:00,5.8,,,,,,,,,
Ipswich|Man United|spread|a|1.5,32,Ipswich,Man United,spread,a,1.5,Man United wins by >1.5,2026-08-14T19:40+00:00,2026-09-07T16:58+00:00,42.5,,,,,,,,,
Ipswich|Man United|spread|h|2.5,32,Ipswich,Man United,spread,h,2.5,Ipswich wins by >2.5,2026-08-14T19:40+00:00,2026-09-07T16:58+00:00,1.6,,,,,,,,,
Ipswich|Man United|spread|a|2.5,32,Ipswich,Man United,spread,a,2.5,Man United wins by >2.5,2026-08-14T19:40+00:00,2026-09-07T16:58+00:00,23.2,,,,,,,,,
Man City|Crystal Palace|btts|-|-,32,Man City,Crystal Palace,btts,,,Both teams to score,2026-08-14T19:40+00:00,2026-09-07T16:58+00:00,50.7,,,,,,,,,
Man City|Crystal Palace|total|-|1.5,32,Man City,Crystal Palace,total,,1.5,Over 1.5 goals,2026-08-14T19:40+00:00,2026-09-07T16:58+00:00,82.5,,,,,,,,,
Man City|Crystal Palace|total|-|2.5,32,Man City,Crystal Palace,total,,2.5,Over 2.5 goals,2026-08-14T19:40+00:00,2026-09-07T16:58+00:00,60.3,,,,,,,,,
Man City|Crystal Palace|total|-|3.5,32,Man City,Crystal Palace,total,,3.5,Over 3.5 goals,2026-08-14T19:40+00:00,2026-09-07T16:58+00:00,38.0,,,,,,,,,
Man City|Crystal Palace|spread|h|1.5,32,Man City,Crystal Palace,spread,h,1.5,Man City wins by >1.5,2026-08-14T19:40+00:00,2026-09-07T16:58+00:00,47.8,,,,,,,,,
Man City|Crystal Palace|spread|a|1.5,32,Man City,Crystal Palace,spread,a,1.5,Crystal Palace wins by >1.5,2026-08-14T19:40+00:00,2026-09-07T16:58+00:00,3.3,,,,,,,,,
Man City|Crystal Palace|spread|h|2.5,32,Man City,Crystal Palace,spread,h,2.5,Man City wins by >2.5,2026-08-14T19:40+00:00,2026-09-07T16:58+00:00,26.8,,,,,,,,,
Man City|Crystal Palace|spread|a|2.5,32,Man City,Crystal Palace,spread,a,2.5,Crystal Palace wins by >2.5,2026-08-14T19:40+00:00,2026-09-07T16:58+00:00,0.7,,,,,,,,,
Newcastle|Tottenham|btts|-|-,32,Newcastle,Tottenham,btts,,,Both teams to score,2026-08-14T19:40+00:00,2026-09-07T16:58+00:00,63.6,,,,,,,,,
Newcastle|Tottenham|total|-|1.5,32,Newcastle,Tottenham,total,,1.5,Over 1.5 goals,2026-08-14T19:40+00:00,2026-09-07T16:58+00:00,84.8,,,,,,,,,
Newcastle|Tottenham|total|-|2.5,32,Newcastle,Tottenham,total,,2.5,Over 2.5 goals,2026-08-14T19:40+00:00,2026-09-07T16:58+00:00,63.7,,,,,,,,,
Newcastle|Tottenham|total|-|3.5,32,Newcastle,Tottenham,total,,3.5,Over 3.5 goals,2026-08-14T19:40+00:00,2026-09-07T16:58+00:00,41.6,,,,,,,,,
Newcastle|Tottenham|spread|h|1.5,32,Newcastle,Tottenham,spread,h,1.5,Newcastle wins by >1.5,2026-08-14T19:40+00:00,2026-09-07T16:58+00:00,31.2,,,,,,,,,
Newcastle|Tottenham|spread|a|1.5,32,Newcastle,Tottenham,spread,a,1.5,Tottenham wins by >1.5,2026-08-14T19:40+00:00,2026-09-07T16:58+00:00,10.4,,,,,,,,,
Newcastle|Tottenham|spread|h|2.5,32,Newcastle,Tottenham,spread,h,2.5,Newcastle wins by >2.5,2026-08-14T19:40+00:00,2026-09-07T16:58+00:00,15.0,,,,,,,,,
Newcastle|Tottenham|spread|a|2.5,32,Newcastle,Tottenham,spread,a,2.5,Tottenham wins by >2.5,2026-08-14T19:40+00:00,2026-09-07T16:58+00:00,3.5,,,,,,,,,
Nott'm Forest|Liverpool|btts|-|-,32,Nott'm Forest,Liverpool,btts,,,Both teams to score,2026-08-14T19:40+00:00,2026-09-07T16:58+00:00,60.0,,,,,,,,,
Nott'm Forest|Liverpool|total|-|1.5,32,Nott'm Forest,Liverpool,total,,1.5,Over 1.5 goals,2026-08-14T19:40+00:00,2026-09-07T16:58+00:00,80.7,,,,,,,,,
Nott'm Forest|Liverpool|total|-|2.5,32,Nott'm Forest,Liverpool,total,,2.5,Over 2.5 goals,2026-08-14T19:40+00:00,2026-09-07T16:58+00:00,57.2,,,,,,,,,
Nott'm Forest|Liverpool|total|-|3.5,32,Nott'm Forest,Liverpool,total,,3.5,Over 3.5 goals,2026-08-14T19:40+00:00,2026-09-07T16:58+00:00,34.8,,,,,,,,,
Nott'm Forest|Liverpool|spread|h|1.5,32,Nott'm Forest,Liverpool,spread,h,1.5,Nott'm Forest wins by >1.5,2026-08-14T19:40+00:00,2026-09-07T16:58+00:00,12.3,,,,,,,,,
Nott'm Forest|Liverpool|spread|a|1.5,32,Nott'm Forest,Liverpool,spread,a,1.5,Liverpool wins by >1.5,2026-08-14T19:40+00:00,2026-09-07T16:58+00:00,25.0,,,,,,,,,
Nott'm Forest|Liverpool|spread|h|2.5,32,Nott'm Forest,Liverpool,spread,h,2.5,Nott'm Forest wins by >2.5,2026-08-14T19:40+00:00,2026-09-07T16:58+00:00,4.1,,,,,,,,,
Nott'm Forest|Liverpool|spread|a|2.5,32,Nott'm Forest,Liverpool,spread,a,2.5,Liverpool wins by >2.5,2026-08-14T19:40+00:00,2026-09-07T16:58+00:00,10.7,,,,,,,,,
Bournemouth|Arsenal|btts|-|-,33,Bournemouth,Arsenal,btts,,,Both teams to score,2026-08-14T19:40+00:00,2026-09-07T16:58+00:00,51.2,,,,,,,,,
Bournemouth|Arsenal|total|-|1.5,33,Bournemouth,Arsenal,total,,1.5,Over 1.5 goals,2026-08-14T19:40+00:00,2026-09-07T16:58+00:00,75.9,,,,,,,,,
Bournemouth|Arsenal|total|-|2.5,33,Bournemouth,Arsenal,total,,2.5,Over 2.5 goals,2026-08-14T19:40+00:00,2026-09-07T16:58+00:00,50.3,,,,,,,,,
Bournemouth|Arsenal|total|-|3.5,33,Bournemouth,Arsenal,total,,3.5,Over 3.5 goals,2026-08-14T19:40+00:00,2026-09-07T16:58+00:00,28.3,,,,,,,,,
Bournemouth|Arsenal|spread|h|1.5,33,Bournemouth,Arsenal,spread,h,1.5,Bournemouth wins by >1.5,2026-08-14T19:40+00:00,2026-09-07T16:58+00:00,6.7,,,,,,,,,
Bournemouth|Arsenal|spread|a|1.5,33,Bournemouth,Arsenal,spread,a,1.5,Arsenal wins by >1.5,2026-08-14T19:40+00:00,2026-09-07T16:58+00:00,31.8,,,,,,,,,
Bournemouth|Arsenal|spread|h|2.5,33,Bournemouth,Arsenal,spread,h,2.5,Bournemouth wins by >2.5,2026-08-14T19:40+00:00,2026-09-07T16:58+00:00,1.7,,,,,,,,,
Bournemouth|Arsenal|spread|a|2.5,33,Bournemouth,Arsenal,spread,a,2.5,Arsenal wins by >2.5,2026-08-14T19:40+00:00,2026-09-07T16:58+00:00,14.3,,,,,,,,,
Aston Villa|Coventry|btts|-|-,33,Aston Villa,Coventry,btts,,,Both teams to score,2026-08-14T19:40+00:00,2026-09-07T16:58+00:00,41.2,,,,,,,,,
Aston Villa|Coventry|total|-|1.5,33,Aston Villa,Coventry,total,,1.5,Over 1.5 goals,2026-08-14T19:40+00:00,2026-09-07T16:58+00:00,69.6,,,,,,,,,
Aston Villa|Coventry|total|-|2.5,33,Aston Villa,Coventry,total,,2.5,Over 2.5 goals,2026-08-14T19:40+00:00,2026-09-07T16:58+00:00,42.4,,,,,,,,,
Aston Villa|Coventry|total|-|3.5,33,Aston Villa,Coventry,total,,3.5,Over 3.5 goals,2026-08-14T19:40+00:00,2026-09-07T16:58+00:00,21.6,,,,,,,,,
Aston Villa|Coventry|spread|h|1.5,33,Aston Villa,Coventry,spread,h,1.5,Aston Villa wins by >1.5,2026-08-14T19:40+00:00,2026-09-07T16:58+00:00,35.1,,,,,,,,,
Aston Villa|Coventry|spread|a|1.5,33,Aston Villa,Coventry,spread,a,1.5,Coventry wins by >1.5,2026-08-14T19:40+00:00,2026-09-07T16:58+00:00,3.9,,,,,,,,,
Aston Villa|Coventry|spread|h|2.5,33,Aston Villa,Coventry,spread,h,2.5,Aston Villa wins by >2.5,2026-08-14T19:40+00:00,2026-09-07T16:58+00:00,15.8,,,,,,,,,
Aston Villa|Coventry|spread|a|2.5,33,Aston Villa,Coventry,spread,a,2.5,Coventry wins by >2.5,2026-08-14T19:40+00:00,2026-09-07T16:58+00:00,0.8,,,,,,,,,
Brentford|Fulham|btts|-|-,33,Brentford,Fulham,btts,,,Both teams to score,2026-08-14T19:40+00:00,2026-09-07T16:58+00:00,57.9,,,,,,,,,
Brentford|Fulham|total|-|1.5,33,Brentford,Fulham,total,,1.5,Over 1.5 goals,2026-08-14T19:40+00:00,2026-09-07T16:58+00:00,79.3,,,,,,,,,
Brentford|Fulham|total|-|2.5,33,Brentford,Fulham,total,,2.5,Over 2.5 goals,2026-08-14T19:40+00:00,2026-09-07T16:58+00:00,55.1,,,,,,,,,
Brentford|Fulham|total|-|3.5,33,Brentford,Fulham,total,,3.5,Over 3.5 goals,2026-08-14T19:40+00:00,2026-09-07T16:58+00:00,32.7,,,,,,,,,
Brentford|Fulham|spread|h|1.5,33,Brentford,Fulham,spread,h,1.5,Brentford wins by >1.5,2026-08-14T19:40+00:00,2026-09-07T16:58+00:00,26.1,,,,,,,,,
Brentford|Fulham|spread|a|1.5,33,Brentford,Fulham,spread,a,1.5,Fulham wins by >1.5,2026-08-14T19:40+00:00,2026-09-07T16:58+00:00,11.0,,,,,,,,,
Brentford|Fulham|spread|h|2.5,33,Brentford,Fulham,spread,h,2.5,Brentford wins by >2.5,2026-08-14T19:40+00:00,2026-09-07T16:58+00:00,11.2,,,,,,,,,
Brentford|Fulham|spread|a|2.5,33,Brentford,Fulham,spread,a,2.5,Fulham wins by >2.5,2026-08-14T19:40+00:00,2026-09-07T16:58+00:00,3.5,,,,,,,,,
Chelsea|Man City|btts|-|-,33,Chelsea,Man City,btts,,,Both teams to score,2026-08-14T19:40+00:00,2026-09-07T16:58+00:00,61.3,,,,,,,,,
Chelsea|Man City|total|-|1.5,33,Chelsea,Man City,total,,1.5,Over 1.5 goals,2026-08-14T19:40+00:00,2026-09-07T16:58+00:00,83.0,,,,,,,,,
Chelsea|Man City|total|-|2.5,33,Chelsea,Man City,total,,2.5,Over 2.5 goals,2026-08-14T19:40+00:00,2026-09-07T16:58+00:00,60.9,,,,,,,,,
Chelsea|Man City|total|-|3.5,33,Chelsea,Man City,total,,3.5,Over 3.5 goals,2026-08-14T19:40+00:00,2026-09-07T16:58+00:00,38.5,,,,,,,,,
Chelsea|Man City|spread|h|1.5,33,Chelsea,Man City,spread,h,1.5,Chelsea wins by >1.5,2026-08-14T19:40+00:00,2026-09-07T16:58+00:00,10.0,,,,,,,,,
Chelsea|Man City|spread|a|1.5,33,Chelsea,Man City,spread,a,1.5,Man City wins by >1.5,2026-08-14T19:40+00:00,2026-09-07T16:58+00:00,30.5,,,,,,,,,
Chelsea|Man City|spread|h|2.5,33,Chelsea,Man City,spread,h,2.5,Chelsea wins by >2.5,2026-08-14T19:40+00:00,2026-09-07T16:58+00:00,3.2,,,,,,,,,
Chelsea|Man City|spread|a|2.5,33,Chelsea,Man City,spread,a,2.5,Man City wins by >2.5,2026-08-14T19:40+00:00,2026-09-07T16:58+00:00,14.4,,,,,,,,,
Everton|Brighton|btts|-|-,33,Everton,Brighton,btts,,,Both teams to score,2026-08-14T19:40+00:00,2026-09-07T16:58+00:00,53.3,,,,,,,,,
Everton|Brighton|total|-|1.5,33,Everton,Brighton,total,,1.5,Over 1.5 goals,2026-08-14T19:40+00:00,2026-09-07T16:58+00:00,73.7,,,,,,,,,
Everton|Brighton|total|-|2.5,33,Everton,Brighton,total,,2.5,Over 2.5 goals,2026-08-14T19:40+00:00,2026-09-07T16:58+00:00,47.2,,,,,,,,,
Everton|Brighton|total|-|3.5,33,Everton,Brighton,total,,3.5,Over 3.5 goals,2026-08-14T19:40+00:00,2026-09-07T16:58+00:00,25.6,,,,,,,,,
Everton|Brighton|spread|h|1.5,33,Everton,Brighton,spread,h,1.5,Everton wins by >1.5,2026-08-14T19:40+00:00,2026-09-07T16:58+00:00,15.7,,,,,,,,,
Everton|Brighton|spread|a|1.5,33,Everton,Brighton,spread,a,1.5,Brighton wins by >1.5,2026-08-14T19:40+00:00,2026-09-07T16:58+00:00,16.6,,,,,,,,,
Everton|Brighton|spread|h|2.5,33,Everton,Brighton,spread,h,2.5,Everton wins by >2.5,2026-08-14T19:40+00:00,2026-09-07T16:58+00:00,5.4,,,,,,,,,
Everton|Brighton|spread|a|2.5,33,Everton,Brighton,spread,a,2.5,Brighton wins by >2.5,2026-08-14T19:40+00:00,2026-09-07T16:58+00:00,5.8,,,,,,,,,
Leeds|Liverpool|btts|-|-,33,Leeds,Liverpool,btts,,,Both teams to score,2026-08-14T19:40+00:00,2026-09-07T16:58+00:00,60.7,,,,,,,,,
Leeds|Liverpool|total|-|1.5,33,Leeds,Liverpool,total,,1.5,Over 1.5 goals,2026-08-14T19:40+00:00,2026-09-07T16:58+00:00,81.9,,,,,,,,,
Leeds|Liverpool|total|-|2.5,33,Leeds,Liverpool,total,,2.5,Over 2.5 goals,2026-08-14T19:40+00:00,2026-09-07T16:58+00:00,58.9,,,,,,,,,
Leeds|Liverpool|total|-|3.5,33,Leeds,Liverpool,total,,3.5,Over 3.5 goals,2026-08-14T19:40+00:00,2026-09-07T16:58+00:00,36.6,,,,,,,,,
Leeds|Liverpool|spread|h|1.5,33,Leeds,Liverpool,spread,h,1.5,Leeds wins by >1.5,2026-08-14T19:40+00:00,2026-09-07T16:58+00:00,11.1,,,,,,,,,
Leeds|Liverpool|spread|a|1.5,33,Leeds,Liverpool,spread,a,1.5,Liverpool wins by >1.5,2026-08-14T19:40+00:00,2026-09-07T16:58+00:00,27.7,,,,,,,,,
Leeds|Liverpool|spread|h|2.5,33,Leeds,Liverpool,spread,h,2.5,Leeds wins by >2.5,2026-08-14T19:40+00:00,2026-09-07T16:58+00:00,3.7,,,,,,,,,
Leeds|Liverpool|spread|a|2.5,33,Leeds,Liverpool,spread,a,2.5,Liverpool wins by >2.5,2026-08-14T19:40+00:00,2026-09-07T16:58+00:00,12.4,,,,,,,,,
Man United|Crystal Palace|btts|-|-,33,Man United,Crystal Palace,btts,,,Both teams to score,2026-08-14T19:40+00:00,2026-09-07T16:58+00:00,58.5,,,,,,,,,
Man United|Crystal Palace|total|-|1.5,33,Man United,Crystal Palace,total,,1.5,Over 1.5 goals,2026-08-14T19:40+00:00,2026-09-07T16:58+00:00,80.7,,,,,,,,,
Man United|Crystal Palace|total|-|2.5,33,Man United,Crystal Palace,total,,2.5,Over 2.5 goals,2026-08-14T19:40+00:00,2026-09-07T16:58+00:00,57.2,,,,,,,,,
Man United|Crystal Palace|total|-|3.5,33,Man United,Crystal Palace,total,,3.5,Over 3.5 goals,2026-08-14T19:40+00:00,2026-09-07T16:58+00:00,34.8,,,,,,,,,
Man United|Crystal Palace|spread|h|1.5,33,Man United,Crystal Palace,spread,h,1.5,Man United wins by >1.5,2026-08-14T19:40+00:00,2026-09-07T16:58+00:00,29.5,,,,,,,,,
Man United|Crystal Palace|spread|a|1.5,33,Man United,Crystal Palace,spread,a,1.5,Crystal Palace wins by >1.5,2026-08-14T19:40+00:00,2026-09-07T16:58+00:00,9.6,,,,,,,,,
Man United|Crystal Palace|spread|h|2.5,33,Man United,Crystal Palace,spread,h,2.5,Man United wins by >2.5,2026-08-14T19:40+00:00,2026-09-07T16:58+00:00,13.5,,,,,,,,,
Man United|Crystal Palace|spread|a|2.5,33,Man United,Crystal Palace,spread,a,2.5,Crystal Palace wins by >2.5,2026-08-14T19:40+00:00,2026-09-07T16:58+00:00,2.9,,,,,,,,,
Newcastle|Ipswich|btts|-|-,33,Newcastle,Ipswich,btts,,,Both teams to score,2026-08-14T19:40+00:00,2026-09-07T16:58+00:00,56.9,,,,,,,,,
Newcastle|Ipswich|total|-|1.5,33,Newcastle,Ipswich,total,,1.5,Over 1.5 goals,2026-08-14T19:40+00:00,2026-09-07T16:58+00:00,88.2,,,,,,,,,
Newcastle|Ipswich|total|-|2.5,33,Newcastle,Ipswich,total,,2.5,Over 2.5 goals,2026-08-14T19:40+00:00,2026-09-07T16:58+00:00,70.1,,,,,,,,,
Newcastle|Ipswich|total|-|3.5,33,Newcastle,Ipswich,total,,3.5,Over 3.5 goals,2026-08-14T19:40+00:00,2026-09-07T16:58+00:00,48.9,,,,,,,,,
Newcastle|Ipswich|spread|h|1.5,33,Newcastle,Ipswich,spread,h,1.5,Newcastle wins by >1.5,2026-08-14T19:40+00:00,2026-09-07T16:58+00:00,53.8,,,,,,,,,
Newcastle|Ipswich|spread|a|1.5,33,Newcastle,Ipswich,spread,a,1.5,Ipswich wins by >1.5,2026-08-14T19:40+00:00,2026-09-07T16:58+00:00,3.3,,,,,,,,,
Newcastle|Ipswich|spread|h|2.5,33,Newcastle,Ipswich,spread,h,2.5,Newcastle wins by >2.5,2026-08-14T19:40+00:00,2026-09-07T16:58+00:00,33.0,,,,,,,,,
Newcastle|Ipswich|spread|a|2.5,33,Newcastle,Ipswich,spread,a,2.5,Ipswich wins by >2.5,2026-08-14T19:40+00:00,2026-09-07T16:58+00:00,0.8,,,,,,,,,
Nott'm Forest|Sunderland|btts|-|-,33,Nott'm Forest,Sunderland,btts,,,Both teams to score,2026-08-14T19:40+00:00,2026-09-07T16:58+00:00,45.4,,,,,,,,,
Nott'm Forest|Sunderland|total|-|1.5,33,Nott'm Forest,Sunderland,total,,1.5,Over 1.5 goals,2026-08-14T19:40+00:00,2026-09-07T16:58+00:00,66.0,,,,,,,,,
Nott'm Forest|Sunderland|total|-|2.5,33,Nott'm Forest,Sunderland,total,,2.5,Over 2.5 goals,2026-08-14T19:40+00:00,2026-09-07T16:58+00:00,38.1,,,,,,,,,
Nott'm Forest|Sunderland|total|-|3.5,33,Nott'm Forest,Sunderland,total,,3.5,Over 3.5 goals,2026-08-14T19:40+00:00,2026-09-07T16:58+00:00,18.3,,,,,,,,,
Nott'm Forest|Sunderland|spread|h|1.5,33,Nott'm Forest,Sunderland,spread,h,1.5,Nott'm Forest wins by >1.5,2026-08-14T19:40+00:00,2026-09-07T16:58+00:00,18.7,,,,,,,,,
Nott'm Forest|Sunderland|spread|a|1.5,33,Nott'm Forest,Sunderland,spread,a,1.5,Sunderland wins by >1.5,2026-08-14T19:40+00:00,2026-09-07T16:58+00:00,10.5,,,,,,,,,
Nott'm Forest|Sunderland|spread|h|2.5,33,Nott'm Forest,Sunderland,spread,h,2.5,Nott'm Forest wins by >2.5,2026-08-14T19:40+00:00,2026-09-07T16:58+00:00,6.4,,,,,,,,,
Nott'm Forest|Sunderland|spread|a|2.5,33,Nott'm Forest,Sunderland,spread,a,2.5,Sunderland wins by >2.5,2026-08-14T19:40+00:00,2026-09-07T16:58+00:00,2.9,,,,,,,,,
Tottenham|Hull|btts|-|-,33,Tottenham,Hull,btts,,,Both teams to score,2026-08-14T19:40+00:00,2026-09-07T16:58+00:00,43.5,,,,,,,,,
Tottenham|Hull|total|-|1.5,33,Tottenham,Hull,total,,1.5,Over 1.5 goals,2026-08-14T19:40+00:00,2026-09-07T16:58+00:00,63.4,,,,,,,,,
Tottenham|Hull|total|-|2.5,33,Tottenham,Hull,total,,2.5,Over 2.5 goals,2026-08-14T19:40+00:00,2026-09-07T16:58+00:00,35.2,,,,,,,,,
Tottenham|Hull|total|-|3.5,33,Tottenham,Hull,total,,3.5,Over 3.5 goals,2026-08-14T19:40+00:00,2026-09-07T16:58+00:00,16.2,,,,,,,,,
Tottenham|Hull|spread|h|1.5,33,Tottenham,Hull,spread,h,1.5,Tottenham wins by >1.5,2026-08-14T19:40+00:00,2026-09-07T16:58+00:00,14.8,,,,,,,,,
Tottenham|Hull|spread|a|1.5,33,Tottenham,Hull,spread,a,1.5,Hull wins by >1.5,2026-08-14T19:40+00:00,2026-09-07T16:58+00:00,12.6,,,,,,,,,
Tottenham|Hull|spread|h|2.5,33,Tottenham,Hull,spread,h,2.5,Tottenham wins by >2.5,2026-08-14T19:40+00:00,2026-09-07T16:58+00:00,4.5,,,,,,,,,
Tottenham|Hull|spread|a|2.5,33,Tottenham,Hull,spread,a,2.5,Hull wins by >2.5,2026-08-14T19:40+00:00,2026-09-07T16:58+00:00,3.6,,,,,,,,,
Arsenal|Tottenham|btts|-|-,34,Arsenal,Tottenham,btts,,,Both teams to score,2026-08-14T19:40+00:00,2026-09-07T16:58+00:00,48.8,,,,,,,,,
Arsenal|Tottenham|total|-|1.5,34,Arsenal,Tottenham,total,,1.5,Over 1.5 goals,2026-08-14T19:40+00:00,2026-09-07T16:58+00:00,81.4,,,,,,,,,
Arsenal|Tottenham|total|-|2.5,34,Arsenal,Tottenham,total,,2.5,Over 2.5 goals,2026-08-14T19:40+00:00,2026-09-07T16:58+00:00,58.6,,,,,,,,,
Arsenal|Tottenham|total|-|3.5,34,Arsenal,Tottenham,total,,3.5,Over 3.5 goals,2026-08-14T19:40+00:00,2026-09-07T16:58+00:00,36.2,,,,,,,,,
Arsenal|Tottenham|spread|h|1.5,34,Arsenal,Tottenham,spread,h,1.5,Arsenal wins by >1.5,2026-08-14T19:40+00:00,2026-09-07T16:58+00:00,47.9,,,,,,,,,
Arsenal|Tottenham|spread|a|1.5,34,Arsenal,Tottenham,spread,a,1.5,Tottenham wins by >1.5,2026-08-14T19:40+00:00,2026-09-07T16:58+00:00,3.1,,,,,,,,,
Arsenal|Tottenham|spread|h|2.5,34,Arsenal,Tottenham,spread,h,2.5,Arsenal wins by >2.5,2026-08-14T19:40+00:00,2026-09-07T16:58+00:00,26.6,,,,,,,,,
Arsenal|Tottenham|spread|a|2.5,34,Arsenal,Tottenham,spread,a,2.5,Tottenham wins by >2.5,2026-08-14T19:40+00:00,2026-09-07T16:58+00:00,0.7,,,,,,,,,
Brighton|Nott'm Forest|btts|-|-,34,Brighton,Nott'm Forest,btts,,,Both teams to score,2026-08-14T19:40+00:00,2026-09-07T16:58+00:00,56.4,,,,,,,,,
Brighton|Nott'm Forest|total|-|1.5,34,Brighton,Nott'm Forest,total,,1.5,Over 1.5 goals,2026-08-14T19:40+00:00,2026-09-07T16:58+00:00,77.5,,,,,,,,,
Brighton|Nott'm Forest|total|-|2.5,34,Brighton,Nott'm Forest,total,,2.5,Over 2.5 goals,2026-08-14T19:40+00:00,2026-09-07T16:58+00:00,52.4,,,,,,,,,
Brighton|Nott'm Forest|total|-|3.5,34,Brighton,Nott'm Forest,total,,3.5,Over 3.5 goals,2026-08-14T19:40+00:00,2026-09-07T16:58+00:00,30.2,,,,,,,,,
Brighton|Nott'm Forest|spread|h|1.5,34,Brighton,Nott'm Forest,spread,h,1.5,Brighton wins by >1.5,2026-08-14T19:40+00:00,2026-09-07T16:58+00:00,23.6,,,,,,,,,
Brighton|Nott'm Forest|spread|a|1.5,34,Brighton,Nott'm Forest,spread,a,1.5,Nott'm Forest wins by >1.5,2026-08-14T19:40+00:00,2026-09-07T16:58+00:00,11.8,,,,,,,,,
Brighton|Nott'm Forest|spread|h|2.5,34,Brighton,Nott'm Forest,spread,h,2.5,Brighton wins by >2.5,2026-08-14T19:40+00:00,2026-09-07T16:58+00:00,9.6,,,,,,,,,
Brighton|Nott'm Forest|spread|a|2.5,34,Brighton,Nott'm Forest,spread,a,2.5,Nott'm Forest wins by >2.5,2026-08-14T19:40+00:00,2026-09-07T16:58+00:00,3.8,,,,,,,,,
Coventry|Man United|btts|-|-,34,Coventry,Man United,btts,,,Both teams to score,2026-08-14T19:40+00:00,2026-09-07T16:58+00:00,45.6,,,,,,,,,
Coventry|Man United|total|-|1.5,34,Coventry,Man United,total,,1.5,Over 1.5 goals,2026-08-14T19:40+00:00,2026-09-07T16:58+00:00,70.7,,,,,,,,,
Coventry|Man United|total|-|2.5,34,Coventry,Man United,total,,2.5,Over 2.5 goals,2026-08-14T19:40+00:00,2026-09-07T16:58+00:00,43.6,,,,,,,,,
Coventry|Man United|total|-|3.5,34,Coventry,Man United,total,,3.5,Over 3.5 goals,2026-08-14T19:40+00:00,2026-09-07T16:58+00:00,22.6,,,,,,,,,
Coventry|Man United|spread|h|1.5,34,Coventry,Man United,spread,h,1.5,Coventry wins by >1.5,2026-08-14T19:40+00:00,2026-09-07T16:58+00:00,5.8,,,,,,,,,
Coventry|Man United|spread|a|1.5,34,Coventry,Man United,spread,a,1.5,Man United wins by >1.5,2026-08-14T19:40+00:00,2026-09-07T16:58+00:00,30.4,,,,,,,,,
Coventry|Man United|spread|h|2.5,34,Coventry,Man United,spread,h,2.5,Coventry wins by >2.5,2026-08-14T19:40+00:00,2026-09-07T16:58+00:00,1.3,,,,,,,,,
Coventry|Man United|spread|a|2.5,34,Coventry,Man United,spread,a,2.5,Man United wins by >2.5,2026-08-14T19:40+00:00,2026-09-07T16:58+00:00,13.0,,,,,,,,,
Crystal Palace|Aston Villa|btts|-|-,34,Crystal Palace,Aston Villa,btts,,,Both teams to score,2026-08-14T19:40+00:00,2026-09-07T16:58+00:00,56.4,,,,,,,,,
Crystal Palace|Aston Villa|total|-|1.5,34,Crystal Palace,Aston Villa,total,,1.5,Over 1.5 goals,2026-08-14T19:40+00:00,2026-09-07T16:58+00:00,76.7,,,,,,,,,
Crystal Palace|Aston Villa|total|-|2.5,34,Crystal Palace,Aston Villa,total,,2.5,Over 2.5 goals,2026-08-14T19:40+00:00,2026-09-07T16:58+00:00,51.3,,,,,,,,,
Crystal Palace|Aston Villa|total|-|3.5,34,Crystal Palace,Aston Villa,total,,3.5,Over 3.5 goals,2026-08-14T19:40+00:00,2026-09-07T16:58+00:00,29.2,,,,,,,,,
Crystal Palace|Aston Villa|spread|h|1.5,34,Crystal Palace,Aston Villa,spread,h,1.5,Crystal Palace wins by >1.5,2026-08-14T19:40+00:00,2026-09-07T16:58+00:00,15.3,,,,,,,,,
Crystal Palace|Aston Villa|spread|a|1.5,34,Crystal Palace,Aston Villa,spread,a,1.5,Aston Villa wins by >1.5,2026-08-14T19:40+00:00,2026-09-07T16:58+00:00,18.7,,,,,,,,,
Crystal Palace|Aston Villa|spread|h|2.5,34,Crystal Palace,Aston Villa,spread,h,2.5,Crystal Palace wins by >2.5,2026-08-14T19:40+00:00,2026-09-07T16:58+00:00,5.3,,,,,,,,,
Crystal Palace|Aston Villa|spread|a|2.5,34,Crystal Palace,Aston Villa,spread,a,2.5,Aston Villa wins by >2.5,2026-08-14T19:40+00:00,2026-09-07T16:58+00:00,7.0,,,,,,,,,
Fulham|Everton|btts|-|-,34,Fulham,Everton,btts,,,Both teams to score,2026-08-14T19:40+00:00,2026-09-07T16:58+00:00,50.1,,,,,,,,,
Fulham|Everton|total|-|1.5,34,Fulham,Everton,total,,1.5,Over 1.5 goals,2026-08-14T19:40+00:00,2026-09-07T16:58+00:00,70.5,,,,,,,,,
Fulham|Everton|total|-|2.5,34,Fulham,Everton,total,,2.5,Over 2.5 goals,2026-08-14T19:40+00:00,2026-09-07T16:58+00:00,43.3,,,,,,,,,
Fulham|Everton|total|-|3.5,34,Fulham,Everton,total,,3.5,Over 3.5 goals,2026-08-14T19:40+00:00,2026-09-07T16:58+00:00,22.3,,,,,,,,,
Fulham|Everton|spread|h|1.5,34,Fulham,Everton,spread,h,1.5,Fulham wins by >1.5,2026-08-14T19:40+00:00,2026-09-07T16:58+00:00,17.6,,,,,,,,,
Fulham|Everton|spread|a|1.5,34,Fulham,Everton,spread,a,1.5,Everton wins by >1.5,2026-08-14T19:40+00:00,2026-09-07T16:58+00:00,13.3,,,,,,,,,
Fulham|Everton|spread|h|2.5,34,Fulham,Everton,spread,h,2.5,Fulham wins by >2.5,2026-08-14T19:40+00:00,2026-09-07T16:58+00:00,6.1,,,,,,,,,
Fulham|Everton|spread|a|2.5,34,Fulham,Everton,spread,a,2.5,Everton wins by >2.5,2026-08-14T19:40+00:00,2026-09-07T16:58+00:00,4.2,,,,,,,,,
Hull|Bournemouth|btts|-|-,34,Hull,Bournemouth,btts,,,Both teams to score,2026-08-14T19:40+00:00,2026-09-07T16:58+00:00,42.1,,,,,,,,,
Hull|Bournemouth|total|-|1.5,34,Hull,Bournemouth,total,,1.5,Over 1.5 goals,2026-08-14T19:40+00:00,2026-09-07T16:58+00:00,61.7,,,,,,,,,
Hull|Bournemouth|total|-|2.5,34,Hull,Bournemouth,total,,2.5,Over 2.5 goals,2026-08-14T19:40+00:00,2026-09-07T16:58+00:00,33.4,,,,,,,,,
Hull|Bournemouth|total|-|3.5,34,Hull,Bournemouth,total,,3.5,Over 3.5 goals,2026-08-14T19:40+00:00,2026-09-07T16:58+00:00,15.0,,,,,,,,,
Hull|Bournemouth|spread|h|1.5,34,Hull,Bournemouth,spread,h,1.5,Hull wins by >1.5,2026-08-14T19:40+00:00,2026-09-07T16:58+00:00,14.4,,,,,,,,,
Hull|Bournemouth|spread|a|1.5,34,Hull,Bournemouth,spread,a,1.5,Bournemouth wins by >1.5,2026-08-14T19:40+00:00,2026-09-07T16:58+00:00,12.3,,,,,,,,,
Hull|Bournemouth|spread|h|2.5,34,Hull,Bournemouth,spread,h,2.5,Hull wins by >2.5,2026-08-14T19:40+00:00,2026-09-07T16:58+00:00,4.3,,,,,,,,,
Hull|Bournemouth|spread|a|2.5,34,Hull,Bournemouth,spread,a,2.5,Bournemouth wins by >2.5,2026-08-14T19:40+00:00,2026-09-07T16:58+00:00,3.4,,,,,,,,,
Ipswich|Leeds|btts|-|-,34,Ipswich,Leeds,btts,,,Both teams to score,2026-08-14T19:40+00:00,2026-09-07T16:58+00:00,56.6,,,,,,,,,
Ipswich|Leeds|total|-|1.5,34,Ipswich,Leeds,total,,1.5,Over 1.5 goals,2026-08-14T19:40+00:00,2026-09-07T16:58+00:00,79.6,,,,,,,,,
Ipswich|Leeds|total|-|2.5,34,Ipswich,Leeds,total,,2.5,Over 2.5 goals,2026-08-14T19:40+00:00,2026-09-07T16:58+00:00,55.6,,,,,,,,,
Ipswich|Leeds|total|-|3.5,34,Ipswich,Leeds,total,,3.5,Over 3.5 goals,2026-08-14T19:40+00:00,2026-09-07T16:58+00:00,33.2,,,,,,,,,
Ipswich|Leeds|spread|h|1.5,34,Ipswich,Leeds,spread,h,1.5,Ipswich wins by >1.5,2026-08-14T19:40+00:00,2026-09-07T16:58+00:00,8.5,,,,,,,,,
Ipswich|Leeds|spread|a|1.5,34,Ipswich,Leeds,spread,a,1.5,Leeds wins by >1.5,2026-08-14T19:40+00:00,2026-09-07T16:58+00:00,30.7,,,,,,,,,
Ipswich|Leeds|spread|h|2.5,34,Ipswich,Leeds,spread,h,2.5,Ipswich wins by >2.5,2026-08-14T19:40+00:00,2026-09-07T16:58+00:00,2.5,,,,,,,,,
Ipswich|Leeds|spread|a|2.5,34,Ipswich,Leeds,spread,a,2.5,Leeds wins by >2.5,2026-08-14T19:40+00:00,2026-09-07T16:58+00:00,14.1,,,,,,,,,
Liverpool|Chelsea|btts|-|-,34,Liverpool,Chelsea,btts,,,Both teams to score,2026-08-14T19:40+00:00,2026-09-07T16:58+00:00,66.2,,,,,,,,,
Liverpool|Chelsea|total|-|1.5,34,Liverpool,Chelsea,total,,1.5,Over 1.5 goals,2026-08-14T19:40+00:00,2026-09-07T16:58+00:00,86.5,,,,,,,,,
Liverpool|Chelsea|total|-|2.5,34,Liverpool,Chelsea,total,,2.5,Over 2.5 goals,2026-08-14T19:40+00:00,2026-09-07T16:58+00:00,66.6,,,,,,,,,
Liverpool|Chelsea|total|-|3.5,34,Liverpool,Chelsea,total,,3.5,Over 3.5 goals,2026-08-14T19:40+00:00,2026-09-07T16:58+00:00,44.9,,,,,,,,,
Liverpool|Chelsea|spread|h|1.5,34,Liverpool,Chelsea,spread,h,1.5,Liverpool wins by >1.5,2026-08-14T19:40+00:00,2026-09-07T16:58+00:00,30.8,,,,,,,,,
Liverpool|Chelsea|spread|a|1.5,34,Liverpool,Chelsea,spread,a,1.5,Chelsea wins by >1.5,2026-08-14T19:40+00:00,2026-09-07T16:58+00:00,11.4,,,,,,,,,
Liverpool|Chelsea|spread|h|2.5,34,Liverpool,Chelsea,spread,h,2.5,Liverpool wins by >2.5,2026-08-14T19:40+00:00,2026-09-07T16:58+00:00,15.0,,,,,,,,,
Liverpool|Chelsea|spread|a|2.5,34,Liverpool,Chelsea,spread,a,2.5,Chelsea wins by >2.5,2026-08-14T19:40+00:00,2026-09-07T16:58+00:00,4.0,,,,,,,,,
Man City|Brentford|btts|-|-,34,Man City,Brentford,btts,,,Both teams to score,2026-08-14T19:40+00:00,2026-09-07T16:58+00:00,56.7,,,,,,,,,
Man City|Brentford|total|-|1.5,34,Man City,Brentford,total,,1.5,Over 1.5 goals,2026-08-14T19:40+00:00,2026-09-07T16:58+00:00,83.8,,,,,,,,,
Man City|Brentford|total|-|2.5,34,Man City,Brentford,total,,2.5,Over 2.5 goals,2026-08-14T19:40+00:00,2026-09-07T16:58+00:00,62.2,,,,,,,,,
Man City|Brentford|total|-|3.5,34,Man City,Brentford,total,,3.5,Over 3.5 goals,2026-08-14T19:40+00:00,2026-09-07T16:58+00:00,40.0,,,,,,,,,
Man City|Brentford|spread|h|1.5,34,Man City,Brentford,spread,h,1.5,Man City wins by >1.5,2026-08-14T19:40+00:00,2026-09-07T16:58+00:00,42.3,,,,,,,,,
Man City|Brentford|spread|a|1.5,34,Man City,Brentford,spread,a,1.5,Brentford wins by >1.5,2026-08-14T19:40+00:00,2026-09-07T16:58+00:00,5.2,,,,,,,,,
Man City|Brentford|spread|h|2.5,34,Man City,Brentford,spread,h,2.5,Man City wins by >2.5,2026-08-14T19:40+00:00,2026-09-07T16:58+00:00,22.7,,,,,,,,,
Man City|Brentford|spread|a|2.5,34,Man City,Brentford,spread,a,2.5,Brentford wins by >2.5,2026-08-14T19:40+00:00,2026-09-07T16:58+00:00,1.4,,,,,,,,,
Sunderland|Newcastle|btts|-|-,34,Sunderland,Newcastle,btts,,,Both teams to score,2026-08-14T19:40+00:00,2026-09-07T16:58+00:00,52.3,,,,,,,,,
Sunderland|Newcastle|total|-|1.5,34,Sunderland,Newcastle,total,,1.5,Over 1.5 goals,2026-08-14T19:40+00:00,2026-09-07T16:58+00:00,72.8,,,,,,,,,
Sunderland|Newcastle|total|-|2.5,34,Sunderland,Newcastle,total,,2.5,Over 2.5 goals,2026-08-14T19:40+00:00,2026-09-07T16:58+00:00,46.2,,,,,,,,,
Sunderland|Newcastle|total|-|3.5,34,Sunderland,Newcastle,total,,3.5,Over 3.5 goals,2026-08-14T19:40+00:00,2026-09-07T16:58+00:00,24.7,,,,,,,,,
Sunderland|Newcastle|spread|h|1.5,34,Sunderland,Newcastle,spread,h,1.5,Sunderland wins by >1.5,2026-08-14T19:40+00:00,2026-09-07T16:58+00:00,13.6,,,,,,,,,
Sunderland|Newcastle|spread|a|1.5,34,Sunderland,Newcastle,spread,a,1.5,Newcastle wins by >1.5,2026-08-14T19:40+00:00,2026-09-07T16:58+00:00,18.5,,,,,,,,,
Sunderland|Newcastle|spread|h|2.5,34,Sunderland,Newcastle,spread,h,2.5,Sunderland wins by >2.5,2026-08-14T19:40+00:00,2026-09-07T16:58+00:00,4.4,,,,,,,,,
Sunderland|Newcastle|spread|a|2.5,34,Sunderland,Newcastle,spread,a,2.5,Newcastle wins by >2.5,2026-08-14T19:40+00:00,2026-09-07T16:58+00:00,6.7,,,,,,,,,
Bournemouth|Man United|btts|-|-,35,Bournemouth,Man United,btts,,,Both teams to score,2026-08-14T19:40+00:00,2026-09-07T16:58+00:00,63.1,,,,,,,,,
Bournemouth|Man United|total|-|1.5,35,Bournemouth,Man United,total,,1.5,Over 1.5 goals,2026-08-14T19:40+00:00,2026-09-07T16:58+00:00,82.6,,,,,,,,,
Bournemouth|Man United|total|-|2.5,35,Bournemouth,Man United,total,,2.5,Over 2.5 goals,2026-08-14T19:40+00:00,2026-09-07T16:58+00:00,60.1,,,,,,,,,
Bournemouth|Man United|total|-|3.5,35,Bournemouth,Man United,total,,3.5,Over 3.5 goals,2026-08-14T19:40+00:00,2026-09-07T16:58+00:00,37.7,,,,,,,,,
Bournemouth|Man United|spread|h|1.5,35,Bournemouth,Man United,spread,h,1.5,Bournemouth wins by >1.5,2026-08-14T19:40+00:00,2026-09-07T16:58+00:00,19.7,,,,,,,,,
Bournemouth|Man United|spread|a|1.5,35,Bournemouth,Man United,spread,a,1.5,Man United wins by >1.5,2026-08-14T19:40+00:00,2026-09-07T16:58+00:00,17.6,,,,,,,,,
Bournemouth|Man United|spread|h|2.5,35,Bournemouth,Man United,spread,h,2.5,Bournemouth wins by >2.5,2026-08-14T19:40+00:00,2026-09-07T16:58+00:00,7.9,,,,,,,,,
Bournemouth|Man United|spread|a|2.5,35,Bournemouth,Man United,spread,a,2.5,Man United wins by >2.5,2026-08-14T19:40+00:00,2026-09-07T16:58+00:00,6.8,,,,,,,,,
Brentford|Aston Villa|btts|-|-,35,Brentford,Aston Villa,btts,,,Both teams to score,2026-08-14T19:40+00:00,2026-09-07T16:58+00:00,60.4,,,,,,,,,
Brentford|Aston Villa|total|-|1.5,35,Brentford,Aston Villa,total,,1.5,Over 1.5 goals,2026-08-14T19:40+00:00,2026-09-07T16:58+00:00,80.5,,,,,,,,,
Brentford|Aston Villa|total|-|2.5,35,Brentford,Aston Villa,total,,2.5,Over 2.5 goals,2026-08-14T19:40+00:00,2026-09-07T16:58+00:00,56.8,,,,,,,,,
Brentford|Aston Villa|total|-|3.5,35,Brentford,Aston Villa,total,,3.5,Over 3.5 goals,2026-08-14T19:40+00:00,2026-09-07T16:58+00:00,34.4,,,,,,,,,
Brentford|Aston Villa|spread|h|1.5,35,Brentford,Aston Villa,spread,h,1.5,Brentford wins by >1.5,2026-08-14T19:40+00:00,2026-09-07T16:58+00:00,21.7,,,,,,,,,
Brentford|Aston Villa|spread|a|1.5,35,Brentford,Aston Villa,spread,a,1.5,Aston Villa wins by >1.5,2026-08-14T19:40+00:00,2026-09-07T16:58+00:00,14.7,,,,,,,,,
Brentford|Aston Villa|spread|h|2.5,35,Brentford,Aston Villa,spread,h,2.5,Brentford wins by >2.5,2026-08-14T19:40+00:00,2026-09-07T16:58+00:00,8.8,,,,,,,,,
Brentford|Aston Villa|spread|a|2.5,35,Brentford,Aston Villa,spread,a,2.5,Aston Villa wins by >2.5,2026-08-14T19:40+00:00,2026-09-07T16:58+00:00,5.2,,,,,,,,,
Brighton|Sunderland|btts|-|-,35,Brighton,Sunderland,btts,,,Both teams to score,2026-08-14T19:40+00:00,2026-09-07T16:58+00:00,49.7,,,,,,,,,
Brighton|Sunderland|total|-|1.5,35,Brighton,Sunderland,total,,1.5,Over 1.5 goals,2026-08-14T19:40+00:00,2026-09-07T16:58+00:00,71.6,,,,,,,,,
Brighton|Sunderland|total|-|2.5,35,Brighton,Sunderland,total,,2.5,Over 2.5 goals,2026-08-14T19:40+00:00,2026-09-07T16:58+00:00,44.6,,,,,,,,,
Brighton|Sunderland|total|-|3.5,35,Brighton,Sunderland,total,,3.5,Over 3.5 goals,2026-08-14T19:40+00:00,2026-09-07T16:58+00:00,23.4,,,,,,,,,
Brighton|Sunderland|spread|h|1.5,35,Brighton,Sunderland,spread,h,1.5,Brighton wins by >1.5,2026-08-14T19:40+00:00,2026-09-07T16:58+00:00,23.4,,,,,,,,,
Brighton|Sunderland|spread|a|1.5,35,Brighton,Sunderland,spread,a,1.5,Sunderland wins by >1.5,2026-08-14T19:40+00:00,2026-09-07T16:58+00:00,9.5,,,,,,,,,
Brighton|Sunderland|spread|h|2.5,35,Brighton,Sunderland,spread,h,2.5,Brighton wins by >2.5,2026-08-14T19:40+00:00,2026-09-07T16:58+00:00,9.1,,,,,,,,,
Brighton|Sunderland|spread|a|2.5,35,Brighton,Sunderland,spread,a,2.5,Sunderland wins by >2.5,2026-08-14T19:40+00:00,2026-09-07T16:58+00:00,2.7,,,,,,,,,
Everton|Hull|btts|-|-,35,Everton,Hull,btts,,,Both teams to score,2026-08-14T19:40+00:00,2026-09-07T16:58+00:00,35.1,,,,,,,,,
Everton|Hull|total|-|1.5,35,Everton,Hull,total,,1.5,Over 1.5 goals,2026-08-14T19:40+00:00,2026-09-07T16:58+00:00,53.4,,,,,,,,,
Everton|Hull|total|-|2.5,35,Everton,Hull,total,,2.5,Over 2.5 goals,2026-08-14T19:40+00:00,2026-09-07T16:58+00:00,25.6,,,,,,,,,
Everton|Hull|total|-|3.5,35,Everton,Hull,total,,3.5,Over 3.5 goals,2026-08-14T19:40+00:00,2026-09-07T16:58+00:00,10.1,,,,,,,,,
Everton|Hull|spread|h|1.5,35,Everton,Hull,spread,h,1.5,Everton wins by >1.5,2026-08-14T19:40+00:00,2026-09-07T16:58+00:00,13.0,,,,,,,,,
Everton|Hull|spread|a|1.5,35,Everton,Hull,spread,a,1.5,Hull wins by >1.5,2026-08-14T19:40+00:00,2026-09-07T16:58+00:00,10.0,,,,,,,,,
Everton|Hull|spread|h|2.5,35,Everton,Hull,spread,h,2.5,Everton wins by >2.5,2026-08-14T19:40+00:00,2026-09-07T16:58+00:00,3.5,,,,,,,,,
Everton|Hull|spread|a|2.5,35,Everton,Hull,spread,a,2.5,Hull wins by >2.5,2026-08-14T19:40+00:00,2026-09-07T16:58+00:00,2.4,,,,,,,,,
Fulham|Ipswich|btts|-|-,35,Fulham,Ipswich,btts,,,Both teams to score,2026-08-14T19:40+00:00,2026-09-07T16:58+00:00,55.0,,,,,,,,,
Fulham|Ipswich|total|-|1.5,35,Fulham,Ipswich,total,,1.5,Over 1.5 goals,2026-08-14T19:40+00:00,2026-09-07T16:58+00:00,82.2,,,,,,,,,
Fulham|Ipswich|total|-|2.5,35,Fulham,Ipswich,total,,2.5,Over 2.5 goals,2026-08-14T19:40+00:00,2026-09-07T16:58+00:00,59.6,,,,,,,,,
Fulham|Ipswich|total|-|3.5,35,Fulham,Ipswich,total,,3.5,Over 3.5 goals,2026-08-14T19:40+00:00,2026-09-07T16:58+00:00,37.2,,,,,,,,,
Fulham|Ipswich|spread|h|1.5,35,Fulham,Ipswich,spread,h,1.5,Fulham wins by >1.5,2026-08-14T19:40+00:00,2026-09-07T16:58+00:00,40.7,,,,,,,,,
Fulham|Ipswich|spread|a|1.5,35,Fulham,Ipswich,spread,a,1.5,Ipswich wins by >1.5,2026-08-14T19:40+00:00,2026-09-07T16:58+00:00,5.3,,,,,,,,,
Fulham|Ipswich|spread|h|2.5,35,Fulham,Ipswich,spread,h,2.5,Fulham wins by >2.5,2026-08-14T19:40+00:00,2026-09-07T16:58+00:00,21.3,,,,,,,,,
Fulham|Ipswich|spread|a|2.5,35,Fulham,Ipswich,spread,a,2.5,Ipswich wins by >2.5,2026-08-14T19:40+00:00,2026-09-07T16:58+00:00,1.4,,,,,,,,,
Leeds|Arsenal|btts|-|-,35,Leeds,Arsenal,btts,,,Both teams to score,2026-08-14T19:40+00:00,2026-09-07T16:58+00:00,47.1,,,,,,,,,
Leeds|Arsenal|total|-|1.5,35,Leeds,Arsenal,total,,1.5,Over 1.5 goals,2026-08-14T19:40+00:00,2026-09-07T16:58+00:00,73.9,,,,,,,,,
Leeds|Arsenal|total|-|2.5,35,Leeds,Arsenal,total,,2.5,Over 2.5 goals,2026-08-14T19:40+00:00,2026-09-07T16:58+00:00,47.7,,,,,,,,,
Leeds|Arsenal|total|-|3.5,35,Leeds,Arsenal,total,,3.5,Over 3.5 goals,2026-08-14T19:40+00:00,2026-09-07T16:58+00:00,26.0,,,,,,,,,
Leeds|Arsenal|spread|h|1.5,35,Leeds,Arsenal,spread,h,1.5,Leeds wins by >1.5,2026-08-14T19:40+00:00,2026-09-07T16:58+00:00,5.1,,,,,,,,,
Leeds|Arsenal|spread|a|1.5,35,Leeds,Arsenal,spread,a,1.5,Arsenal wins by >1.5,2026-08-14T19:40+00:00,2026-09-07T16:58+00:00,34.5,,,,,,,,,
Leeds|Arsenal|spread|h|2.5,35,Leeds,Arsenal,spread,h,2.5,Leeds wins by >2.5,2026-08-14T19:40+00:00,2026-09-07T16:58+00:00,1.2,,,,,,,,,
Leeds|Arsenal|spread|a|2.5,35,Leeds,Arsenal,spread,a,2.5,Arsenal wins by >2.5,2026-08-14T19:40+00:00,2026-09-07T16:58+00:00,15.8,,,,,,,,,
Man City|Liverpool|btts|-|-,35,Man City,Liverpool,btts,,,Both teams to score,2026-08-14T19:40+00:00,2026-09-07T16:58+00:00,62.6,,,,,,,,,
Man City|Liverpool|total|-|1.5,35,Man City,Liverpool,total,,1.5,Over 1.5 goals,2026-08-14T19:40+00:00,2026-09-07T16:58+00:00,84.7,,,,,,,,,
Man City|Liverpool|total|-|2.5,35,Man City,Liverpool,total,,2.5,Over 2.5 goals,2026-08-14T19:40+00:00,2026-09-07T16:58+00:00,63.6,,,,,,,,,
Man City|Liverpool|total|-|3.5,35,Man City,Liverpool,total,,3.5,Over 3.5 goals,2026-08-14T19:40+00:00,2026-09-07T16:58+00:00,41.5,,,,,,,,,
Man City|Liverpool|spread|h|1.5,35,Man City,Liverpool,spread,h,1.5,Man City wins by >1.5,2026-08-14T19:40+00:00,2026-09-07T16:58+00:00,33.5,,,,,,,,,
Man City|Liverpool|spread|a|1.5,35,Man City,Liverpool,spread,a,1.5,Liverpool wins by >1.5,2026-08-14T19:40+00:00,2026-09-07T16:58+00:00,9.1,,,,,,,,,
Man City|Liverpool|spread|h|2.5,35,Man City,Liverpool,spread,h,2.5,Man City wins by >2.5,2026-08-14T19:40+00:00,2026-09-07T16:58+00:00,16.5,,,,,,,,,
Man City|Liverpool|spread|a|2.5,35,Man City,Liverpool,spread,a,2.5,Liverpool wins by >2.5,2026-08-14T19:40+00:00,2026-09-07T16:58+00:00,2.9,,,,,,,,,
Newcastle|Coventry|btts|-|-,35,Newcastle,Coventry,btts,,,Both teams to score,2026-08-14T19:40+00:00,2026-09-07T16:58+00:00,43.5,,,,,,,,,
Newcastle|Coventry|total|-|1.5,35,Newcastle,Coventry,total,,1.5,Over 1.5 goals,2026-08-14T19:40+00:00,2026-09-07T16:58+00:00,73.7,,,,,,,,,
Newcastle|Coventry|total|-|2.5,35,Newcastle,Coventry,total,,2.5,Over 2.5 goals,2026-08-14T19:40+00:00,2026-09-07T16:58+00:00,47.5,,,,,,,,,
Newcastle|Coventry|total|-|3.5,35,Newcastle,Coventry,total,,3.5,Over 3.5 goals,2026-08-14T19:40+00:00,2026-09-07T16:58+00:00,25.9,,,,,,,,,
Newcastle|Coventry|spread|h|1.5,35,Newcastle,Coventry,spread,h,1.5,Newcastle wins by >1.5,2026-08-14T19:40+00:00,2026-09-07T16:58+00:00,39.5,,,,,,,,,
Newcastle|Coventry|spread|a|1.5,35,Newcastle,Coventry,spread,a,1.5,Coventry wins by >1.5,2026-08-14T19:40+00:00,2026-09-07T16:58+00:00,3.5,,,,,,,,,
Newcastle|Coventry|spread|h|2.5,35,Newcastle,Coventry,spread,h,2.5,Newcastle wins by >2.5,2026-08-14T19:40+00:00,2026-09-07T16:58+00:00,19.2,,,,,,,,,
Newcastle|Coventry|spread|a|2.5,35,Newcastle,Coventry,spread,a,2.5,Coventry wins by >2.5,2026-08-14T19:40+00:00,2026-09-07T16:58+00:00,0.7,,,,,,,,,
Nott'm Forest|Crystal Palace|btts|-|-,35,Nott'm Forest,Crystal Palace,btts,,,Both teams to score,2026-08-14T19:40+00:00,2026-09-07T16:58+00:00,52.4,,,,,,,,,
Nott'm Forest|Crystal Palace|total|-|1.5,35,Nott'm Forest,Crystal Palace,total,,1.5,Over 1.5 goals,2026-08-14T19:40+00:00,2026-09-07T16:58+00:00,73.6,,,,,,,,,
Nott'm Forest|Crystal Palace|total|-|2.5,35,Nott'm Forest,Crystal Palace,total,,2.5,Over 2.5 goals,2026-08-14T19:40+00:00,2026-09-07T16:58+00:00,47.2,,,,,,,,,
Nott'm Forest|Crystal Palace|total|-|3.5,35,Nott'm Forest,Crystal Palace,total,,3.5,Over 3.5 goals,2026-08-14T19:40+00:00,2026-09-07T16:58+00:00,25.6,,,,,,,,,
Nott'm Forest|Crystal Palace|spread|h|1.5,35,Nott'm Forest,Crystal Palace,spread,h,1.5,Nott'm Forest wins by >1.5,2026-08-14T19:40+00:00,2026-09-07T16:58+00:00,21.9,,,,,,,,,
Nott'm Forest|Crystal Palace|spread|a|1.5,35,Nott'm Forest,Crystal Palace,spread,a,1.5,Crystal Palace wins by >1.5,2026-08-14T19:40+00:00,2026-09-07T16:58+00:00,11.3,,,,,,,,,
Nott'm Forest|Crystal Palace|spread|h|2.5,35,Nott'm Forest,Crystal Palace,spread,h,2.5,Nott'm Forest wins by >2.5,2026-08-14T19:40+00:00,2026-09-07T16:58+00:00,8.4,,,,,,,,,
Nott'm Forest|Crystal Palace|spread|a|2.5,35,Nott'm Forest,Crystal Palace,spread,a,2.5,Crystal Palace wins by >2.5,2026-08-14T19:40+00:00,2026-09-07T16:58+00:00,3.4,,,,,,,,,
Tottenham|Chelsea|btts|-|-,35,Tottenham,Chelsea,btts,,,Both teams to score,2026-08-14T19:40+00:00,2026-09-07T16:58+00:00,64.5,,,,,,,,,
Tottenham|Chelsea|total|-|1.5,35,Tottenham,Chelsea,total,,1.5,Over 1.5 goals,2026-08-14T19:40+00:00,2026-09-07T16:58+00:00,83.9,,,,,,,,,
Tottenham|Chelsea|total|-|2.5,35,Tottenham,Chelsea,total,,2.5,Over 2.5 goals,2026-08-14T19:40+00:00,2026-09-07T16:58+00:00,62.2,,,,,,,,,
Tottenham|Chelsea|total|-|3.5,35,Tottenham,Chelsea,total,,3.5,Over 3.5 goals,2026-08-14T19:40+00:00,2026-09-07T16:58+00:00,40.0,,,,,,,,,
Tottenham|Chelsea|spread|h|1.5,35,Tottenham,Chelsea,spread,h,1.5,Tottenham wins by >1.5,2026-08-14T19:40+00:00,2026-09-07T16:58+00:00,15.7,,,,,,,,,
Tottenham|Chelsea|spread|a|1.5,35,Tottenham,Chelsea,spread,a,1.5,Chelsea wins by >1.5,2026-08-14T19:40+00:00,2026-09-07T16:58+00:00,22.6,,,,,,,,,
Tottenham|Chelsea|spread|h|2.5,35,Tottenham,Chelsea,spread,h,2.5,Tottenham wins by >2.5,2026-08-14T19:40+00:00,2026-09-07T16:58+00:00,5.9,,,,,,,,,
Tottenham|Chelsea|spread|a|2.5,35,Tottenham,Chelsea,spread,a,2.5,Chelsea wins by >2.5,2026-08-14T19:40+00:00,2026-09-07T16:58+00:00,9.7,,,,,,,,,
Arsenal|Nott'm Forest|btts|-|-,36,Arsenal,Nott'm Forest,btts,,,Both teams to score,2026-08-14T19:40+00:00,2026-09-07T16:58+00:00,44.5,,,,,,,,,
Arsenal|Nott'm Forest|total|-|1.5,36,Arsenal,Nott'm Forest,total,,1.5,Over 1.5 goals,2026-08-14T19:40+00:00,2026-09-07T16:58+00:00,75.0,,,,,,,,,
Arsenal|Nott'm Forest|total|-|2.5,36,Arsenal,Nott'm Forest,total,,2.5,Over 2.5 goals,2026-08-14T19:40+00:00,2026-09-07T16:58+00:00,49.3,,,,,,,,,
Arsenal|Nott'm Forest|total|-|3.5,36,Arsenal,Nott'm Forest,total,,3.5,Over 3.5 goals,2026-08-14T19:40+00:00,2026-09-07T16:58+00:00,27.4,,,,,,,,,
Arsenal|Nott'm Forest|spread|h|1.5,36,Arsenal,Nott'm Forest,spread,h,1.5,Arsenal wins by >1.5,2026-08-14T19:40+00:00,2026-09-07T16:58+00:00,40.6,,,,,,,,,
Arsenal|Nott'm Forest|spread|a|1.5,36,Arsenal,Nott'm Forest,spread,a,1.5,Nott'm Forest wins by >1.5,2026-08-14T19:40+00:00,2026-09-07T16:58+00:00,3.5,,,,,,,,,
Arsenal|Nott'm Forest|spread|h|2.5,36,Arsenal,Nott'm Forest,spread,h,2.5,Arsenal wins by >2.5,2026-08-14T19:40+00:00,2026-09-07T16:58+00:00,20.1,,,,,,,,,
Arsenal|Nott'm Forest|spread|a|2.5,36,Arsenal,Nott'm Forest,spread,a,2.5,Nott'm Forest wins by >2.5,2026-08-14T19:40+00:00,2026-09-07T16:58+00:00,0.7,,,,,,,,,
Aston Villa|Newcastle|btts|-|-,36,Aston Villa,Newcastle,btts,,,Both teams to score,2026-08-14T19:40+00:00,2026-09-07T16:58+00:00,62.5,,,,,,,,,
Aston Villa|Newcastle|total|-|1.5,36,Aston Villa,Newcastle,total,,1.5,Over 1.5 goals,2026-08-14T19:40+00:00,2026-09-07T16:58+00:00,82.1,,,,,,,,,
Aston Villa|Newcastle|total|-|2.5,36,Aston Villa,Newcastle,total,,2.5,Over 2.5 goals,2026-08-14T19:40+00:00,2026-09-07T16:58+00:00,59.2,,,,,,,,,
Aston Villa|Newcastle|total|-|3.5,36,Aston Villa,Newcastle,total,,3.5,Over 3.5 goals,2026-08-14T19:40+00:00,2026-09-07T16:58+00:00,36.9,,,,,,,,,
Aston Villa|Newcastle|spread|h|1.5,36,Aston Villa,Newcastle,spread,h,1.5,Aston Villa wins by >1.5,2026-08-14T19:40+00:00,2026-09-07T16:58+00:00,20.3,,,,,,,,,
Aston Villa|Newcastle|spread|a|1.5,36,Aston Villa,Newcastle,spread,a,1.5,Newcastle wins by >1.5,2026-08-14T19:40+00:00,2026-09-07T16:58+00:00,16.7,,,,,,,,,
Aston Villa|Newcastle|spread|h|2.5,36,Aston Villa,Newcastle,spread,h,2.5,Aston Villa wins by >2.5,2026-08-14T19:40+00:00,2026-09-07T16:58+00:00,8.2,,,,,,,,,
Aston Villa|Newcastle|spread|a|2.5,36,Aston Villa,Newcastle,spread,a,2.5,Newcastle wins by >2.5,2026-08-14T19:40+00:00,2026-09-07T16:58+00:00,6.3,,,,,,,,,
Chelsea|Everton|btts|-|-,36,Chelsea,Everton,btts,,,Both teams to score,2026-08-14T19:40+00:00,2026-09-07T16:58+00:00,54.3,,,,,,,,,
Chelsea|Everton|total|-|1.5,36,Chelsea,Everton,total,,1.5,Over 1.5 goals,2026-08-14T19:40+00:00,2026-09-07T16:58+00:00,76.4,,,,,,,,,
Chelsea|Everton|total|-|2.5,36,Chelsea,Everton,total,,2.5,Over 2.5 goals,2026-08-14T19:40+00:00,2026-09-07T16:58+00:00,50.9,,,,,,,,,
Chelsea|Everton|total|-|3.5,36,Chelsea,Everton,total,,3.5,Over 3.5 goals,2026-08-14T19:40+00:00,2026-09-07T16:58+00:00,28.8,,,,,,,,,
Chelsea|Everton|spread|h|1.5,36,Chelsea,Everton,spread,h,1.5,Chelsea wins by >1.5,2026-08-14T19:40+00:00,2026-09-07T16:58+00:00,26.0,,,,,,,,,
Chelsea|Everton|spread|a|1.5,36,Chelsea,Everton,spread,a,1.5,Everton wins by >1.5,2026-08-14T19:40+00:00,2026-09-07T16:58+00:00,9.8,,,,,,,,,
Chelsea|Everton|spread|h|2.5,36,Chelsea,Everton,spread,h,2.5,Chelsea wins by >2.5,2026-08-14T19:40+00:00,2026-09-07T16:58+00:00,10.9,,,,,,,,,
Chelsea|Everton|spread|a|2.5,36,Chelsea,Everton,spread,a,2.5,Everton wins by >2.5,2026-08-14T19:40+00:00,2026-09-07T16:58+00:00,2.9,,,,,,,,,
Coventry|Tottenham|btts|-|-,36,Coventry,Tottenham,btts,,,Both teams to score,2026-08-14T19:40+00:00,2026-09-07T16:58+00:00,46.0,,,,,,,,,
Coventry|Tottenham|total|-|1.5,36,Coventry,Tottenham,total,,1.5,Over 1.5 goals,2026-08-14T19:40+00:00,2026-09-07T16:58+00:00,67.9,,,,,,,,,
Coventry|Tottenham|total|-|2.5,36,Coventry,Tottenham,total,,2.5,Over 2.5 goals,2026-08-14T19:40+00:00,2026-09-07T16:58+00:00,40.3,,,,,,,,,
Coventry|Tottenham|total|-|3.5,36,Coventry,Tottenham,total,,3.5,Over 3.5 goals,2026-08-14T19:40+00:00,2026-09-07T16:58+00:00,20.0,,,,,,,,,
Coventry|Tottenham|spread|h|1.5,36,Coventry,Tottenham,spread,h,1.5,Coventry wins by >1.5,2026-08-14T19:40+00:00,2026-09-07T16:58+00:00,8.4,,,,,,,,,
Coventry|Tottenham|spread|a|1.5,36,Coventry,Tottenham,spread,a,1.5,Tottenham wins by >1.5,2026-08-14T19:40+00:00,2026-09-07T16:58+00:00,23.0,,,,,,,,,
Coventry|Tottenham|spread|h|2.5,36,Coventry,Tottenham,spread,h,2.5,Coventry wins by >2.5,2026-08-14T19:40+00:00,2026-09-07T16:58+00:00,2.2,,,,,,,,,
Coventry|Tottenham|spread|a|2.5,36,Coventry,Tottenham,spread,a,2.5,Tottenham wins by >2.5,2026-08-14T19:40+00:00,2026-09-07T16:58+00:00,8.7,,,,,,,,,
Crystal Palace|Brighton|btts|-|-,36,Crystal Palace,Brighton,btts,,,Both teams to score,2026-08-14T19:40+00:00,2026-09-07T16:58+00:00,57.7,,,,,,,,,
Crystal Palace|Brighton|total|-|1.5,36,Crystal Palace,Brighton,total,,1.5,Over 1.5 goals,2026-08-14T19:40+00:00,2026-09-07T16:58+00:00,77.9,,,,,,,,,
Crystal Palace|Brighton|total|-|2.5,36,Crystal Palace,Brighton,total,,2.5,Over 2.5 goals,2026-08-14T19:40+00:00,2026-09-07T16:58+00:00,53.1,,,,,,,,,
Crystal Palace|Brighton|total|-|3.5,36,Crystal Palace,Brighton,total,,3.5,Over 3.5 goals,2026-08-14T19:40+00:00,2026-09-07T16:58+00:00,30.8,,,,,,,,,
Crystal Palace|Brighton|spread|h|1.5,36,Crystal Palace,Brighton,spread,h,1.5,Crystal Palace wins by >1.5,2026-08-14T19:40+00:00,2026-09-07T16:58+00:00,15.2,,,,,,,,,
Crystal Palace|Brighton|spread|a|1.5,36,Crystal Palace,Brighton,spread,a,1.5,Brighton wins by >1.5,2026-08-14T19:40+00:00,2026-09-07T16:58+00:00,19.5,,,,,,,,,
Crystal Palace|Brighton|spread|h|2.5,36,Crystal Palace,Brighton,spread,h,2.5,Crystal Palace wins by >2.5,2026-08-14T19:40+00:00,2026-09-07T16:58+00:00,5.3,,,,,,,,,
Crystal Palace|Brighton|spread|a|2.5,36,Crystal Palace,Brighton,spread,a,2.5,Brighton wins by >2.5,2026-08-14T19:40+00:00,2026-09-07T16:58+00:00,7.5,,,,,,,,,
Hull|Fulham|btts|-|-,36,Hull,Fulham,btts,,,Both teams to score,2026-08-14T19:40+00:00,2026-09-07T16:58+00:00,39.5,,,,,,,,,
Hull|Fulham|total|-|1.5,36,Hull,Fulham,total,,1.5,Over 1.5 goals,2026-08-14T19:40+00:00,2026-09-07T16:58+00:00,59.2,,,,,,,,,
Hull|Fulham|total|-|2.5,36,Hull,Fulham,total,,2.5,Over 2.5 goals,2026-08-14T19:40+00:00,2026-09-07T16:58+00:00,31.0,,,,,,,,,
Hull|Fulham|total|-|3.5,36,Hull,Fulham,total,,3.5,Over 3.5 goals,2026-08-14T19:40+00:00,2026-09-07T16:58+00:00,13.4,,,,,,,,,
Hull|Fulham|spread|h|1.5,36,Hull,Fulham,spread,h,1.5,Hull wins by >1.5,2026-08-14T19:40+00:00,2026-09-07T16:58+00:00,16.3,,,,,,,,,
Hull|Fulham|spread|a|1.5,36,Hull,Fulham,spread,a,1.5,Fulham wins by >1.5,2026-08-14T19:40+00:00,2026-09-07T16:58+00:00,9.7,,,,,,,,,
Hull|Fulham|spread|h|2.5,36,Hull,Fulham,spread,h,2.5,Hull wins by >2.5,2026-08-14T19:40+00:00,2026-09-07T16:58+00:00,5.0,,,,,,,,,
Hull|Fulham|spread|a|2.5,36,Hull,Fulham,spread,a,2.5,Fulham wins by >2.5,2026-08-14T19:40+00:00,2026-09-07T16:58+00:00,2.4,,,,,,,,,
Ipswich|Man City|btts|-|-,36,Ipswich,Man City,btts,,,Both teams to score,2026-08-14T19:40+00:00,2026-09-07T16:58+00:00,50.5,,,,,,,,,
Ipswich|Man City|total|-|1.5,36,Ipswich,Man City,total,,1.5,Over 1.5 goals,2026-08-14T19:40+00:00,2026-09-07T16:58+00:00,88.8,,,,,,,,,
Ipswich|Man City|total|-|2.5,36,Ipswich,Man City,total,,2.5,Over 2.5 goals,2026-08-14T19:40+00:00,2026-09-07T16:58+00:00,71.4,,,,,,,,,
Ipswich|Man City|total|-|3.5,36,Ipswich,Man City,total,,3.5,Over 3.5 goals,2026-08-14T19:40+00:00,2026-09-07T16:58+00:00,50.5,,,,,,,,,
Ipswich|Man City|spread|h|1.5,36,Ipswich,Man City,spread,h,1.5,Ipswich wins by >1.5,2026-08-14T19:40+00:00,2026-09-07T16:58+00:00,1.7,,,,,,,,,
Ipswich|Man City|spread|a|1.5,36,Ipswich,Man City,spread,a,1.5,Man City wins by >1.5,2026-08-14T19:40+00:00,2026-09-07T16:58+00:00,62.5,,,,,,,,,
Ipswich|Man City|spread|h|2.5,36,Ipswich,Man City,spread,h,2.5,Ipswich wins by >2.5,2026-08-14T19:40+00:00,2026-09-07T16:58+00:00,0.4,,,,,,,,,
Ipswich|Man City|spread|a|2.5,36,Ipswich,Man City,spread,a,2.5,Man City wins by >2.5,2026-08-14T19:40+00:00,2026-09-07T16:58+00:00,41.3,,,,,,,,,
Liverpool|Brentford|btts|-|-,36,Liverpool,Brentford,btts,,,Both teams to score,2026-08-14T19:40+00:00,2026-09-07T16:58+00:00,63.9,,,,,,,,,
Liverpool|Brentford|total|-|1.5,36,Liverpool,Brentford,total,,1.5,Over 1.5 goals,2026-08-14T19:40+00:00,2026-09-07T16:58+00:00,85.4,,,,,,,,,
Liverpool|Brentford|total|-|2.5,36,Liverpool,Brentford,total,,2.5,Over 2.5 goals,2026-08-14T19:40+00:00,2026-09-07T16:58+00:00,64.8,,,,,,,,,
Liverpool|Brentford|total|-|3.5,36,Liverpool,Brentford,total,,3.5,Over 3.5 goals,2026-08-14T19:40+00:00,2026-09-07T16:58+00:00,42.8,,,,,,,,,
Liverpool|Brentford|spread|h|1.5,36,Liverpool,Brentford,spread,h,1.5,Liverpool wins by >1.5,2026-08-14T19:40+00:00,2026-09-07T16:58+00:00,32.7,,,,,,,,,
Liverpool|Brentford|spread|a|1.5,36,Liverpool,Brentford,spread,a,1.5,Brentford wins by >1.5,2026-08-14T19:40+00:00,2026-09-07T16:58+00:00,9.8,,,,,,,,,
Liverpool|Brentford|spread|h|2.5,36,Liverpool,Brentford,spread,h,2.5,Liverpool wins by >2.5,2026-08-14T19:40+00:00,2026-09-07T16:58+00:00,16.1,,,,,,,,,
Liverpool|Brentford|spread|a|2.5,36,Liverpool,Brentford,spread,a,2.5,Brentford wins by >2.5,2026-08-14T19:40+00:00,2026-09-07T16:58+00:00,3.3,,,,,,,,,
Man United|Leeds|btts|-|-,36,Man United,Leeds,btts,,,Both teams to score,2026-08-14T19:40+00:00,2026-09-07T16:58+00:00,58.8,,,,,,,,,
Man United|Leeds|total|-|1.5,36,Man United,Leeds,total,,1.5,Over 1.5 goals,2026-08-14T19:40+00:00,2026-09-07T16:58+00:00,80.6,,,,,,,,,
Man United|Leeds|total|-|2.5,36,Man United,Leeds,total,,2.5,Over 2.5 goals,2026-08-14T19:40+00:00,2026-09-07T16:58+00:00,57.1,,,,,,,,,
Man United|Leeds|total|-|3.5,36,Man United,Leeds,total,,3.5,Over 3.5 goals,2026-08-14T19:40+00:00,2026-09-07T16:58+00:00,34.7,,,,,,,,,
Man United|Leeds|spread|h|1.5,36,Man United,Leeds,spread,h,1.5,Man United wins by >1.5,2026-08-14T19:40+00:00,2026-09-07T16:58+00:00,28.4,,,,,,,,,
Man United|Leeds|spread|a|1.5,36,Man United,Leeds,spread,a,1.5,Leeds wins by >1.5,2026-08-14T19:40+00:00,2026-09-07T16:58+00:00,10.2,,,,,,,,,
Man United|Leeds|spread|h|2.5,36,Man United,Leeds,spread,h,2.5,Man United wins by >2.5,2026-08-14T19:40+00:00,2026-09-07T16:58+00:00,12.7,,,,,,,,,
Man United|Leeds|spread|a|2.5,36,Man United,Leeds,spread,a,2.5,Leeds wins by >2.5,2026-08-14T19:40+00:00,2026-09-07T16:58+00:00,3.2,,,,,,,,,
Sunderland|Bournemouth|btts|-|-,36,Sunderland,Bournemouth,btts,,,Both teams to score,2026-08-14T19:40+00:00,2026-09-07T16:58+00:00,49.8,,,,,,,,,
Sunderland|Bournemouth|total|-|1.5,36,Sunderland,Bournemouth,total,,1.5,Over 1.5 goals,2026-08-14T19:40+00:00,2026-09-07T16:58+00:00,70.1,,,,,,,,,
Sunderland|Bournemouth|total|-|2.5,36,Sunderland,Bournemouth,total,,2.5,Over 2.5 goals,2026-08-14T19:40+00:00,2026-09-07T16:58+00:00,42.8,,,,,,,,,
Sunderland|Bournemouth|total|-|3.5,36,Sunderland,Bournemouth,total,,3.5,Over 3.5 goals,2026-08-14T19:40+00:00,2026-09-07T16:58+00:00,22.0,,,,,,,,,
Sunderland|Bournemouth|spread|h|1.5,36,Sunderland,Bournemouth,spread,h,1.5,Sunderland wins by >1.5,2026-08-14T19:40+00:00,2026-09-07T16:58+00:00,15.0,,,,,,,,,
Sunderland|Bournemouth|spread|a|1.5,36,Sunderland,Bournemouth,spread,a,1.5,Bournemouth wins by >1.5,2026-08-14T19:40+00:00,2026-09-07T16:58+00:00,15.6,,,,,,,,,
Sunderland|Bournemouth|spread|h|2.5,36,Sunderland,Bournemouth,spread,h,2.5,Sunderland wins by >2.5,2026-08-14T19:40+00:00,2026-09-07T16:58+00:00,4.9,,,,,,,,,
Sunderland|Bournemouth|spread|a|2.5,36,Sunderland,Bournemouth,spread,a,2.5,Bournemouth wins by >2.5,2026-08-14T19:40+00:00,2026-09-07T16:58+00:00,5.1,,,,,,,,,
Bournemouth|Chelsea|btts|-|-,37,Bournemouth,Chelsea,btts,,,Both teams to score,2026-08-14T19:40+00:00,2026-09-07T16:58+00:00,63.1,,,,,,,,,
Bournemouth|Chelsea|total|-|1.5,37,Bournemouth,Chelsea,total,,1.5,Over 1.5 goals,2026-08-14T19:40+00:00,2026-09-07T16:58+00:00,82.5,,,,,,,,,
Bournemouth|Chelsea|total|-|2.5,37,Bournemouth,Chelsea,total,,2.5,Over 2.5 goals,2026-08-14T19:40+00:00,2026-09-07T16:58+00:00,60.0,,,,,,,,,
Bournemouth|Chelsea|total|-|3.5,37,Bournemouth,Chelsea,total,,3.5,Over 3.5 goals,2026-08-14T19:40+00:00,2026-09-07T16:58+00:00,37.6,,,,,,,,,
Bournemouth|Chelsea|spread|h|1.5,37,Bournemouth,Chelsea,spread,h,1.5,Bournemouth wins by >1.5,2026-08-14T19:40+00:00,2026-09-07T16:58+00:00,19.2,,,,,,,,,
Bournemouth|Chelsea|spread|a|1.5,37,Bournemouth,Chelsea,spread,a,1.5,Chelsea wins by >1.5,2026-08-14T19:40+00:00,2026-09-07T16:58+00:00,18.0,,,,,,,,,
Bournemouth|Chelsea|spread|h|2.5,37,Bournemouth,Chelsea,spread,h,2.5,Bournemouth wins by >2.5,2026-08-14T19:40+00:00,2026-09-07T16:58+00:00,7.6,,,,,,,,,
Bournemouth|Chelsea|spread|a|2.5,37,Bournemouth,Chelsea,spread,a,2.5,Chelsea wins by >2.5,2026-08-14T19:40+00:00,2026-09-07T16:58+00:00,7.0,,,,,,,,,
Brentford|Hull|btts|-|-,37,Brentford,Hull,btts,,,Both teams to score,2026-08-14T19:40+00:00,2026-09-07T16:58+00:00,42.4,,,,,,,,,
Brentford|Hull|total|-|1.5,37,Brentford,Hull,total,,1.5,Over 1.5 goals,2026-08-14T19:40+00:00,2026-09-07T16:58+00:00,62.8,,,,,,,,,
Brentford|Hull|total|-|2.5,37,Brentford,Hull,total,,2.5,Over 2.5 goals,2026-08-14T19:40+00:00,2026-09-07T16:58+00:00,34.6,,,,,,,,,
Brentford|Hull|total|-|3.5,37,Brentford,Hull,total,,3.5,Over 3.5 goals,2026-08-14T19:40+00:00,2026-09-07T16:58+00:00,15.8,,,,,,,,,
Brentford|Hull|spread|h|1.5,37,Brentford,Hull,spread,h,1.5,Brentford wins by >1.5,2026-08-14T19:40+00:00,2026-09-07T16:58+00:00,18.3,,,,,,,,,
Brentford|Hull|spread|a|1.5,37,Brentford,Hull,spread,a,1.5,Hull wins by >1.5,2026-08-14T19:40+00:00,2026-09-07T16:58+00:00,9.6,,,,,,,,,
Brentford|Hull|spread|h|2.5,37,Brentford,Hull,spread,h,2.5,Brentford wins by >2.5,2026-08-14T19:40+00:00,2026-09-07T16:58+00:00,6.0,,,,,,,,,
Brentford|Hull|spread|a|2.5,37,Brentford,Hull,spread,a,2.5,Hull wins by >2.5,2026-08-14T19:40+00:00,2026-09-07T16:58+00:00,2.5,,,,,,,,,
Brighton|Liverpool|btts|-|-,37,Brighton,Liverpool,btts,,,Both teams to score,2026-08-14T19:40+00:00,2026-09-07T16:58+00:00,65.2,,,,,,,,,
Brighton|Liverpool|total|-|1.5,37,Brighton,Liverpool,total,,1.5,Over 1.5 goals,2026-08-14T19:40+00:00,2026-09-07T16:58+00:00,84.5,,,,,,,,,
Brighton|Liverpool|total|-|2.5,37,Brighton,Liverpool,total,,2.5,Over 2.5 goals,2026-08-14T19:40+00:00,2026-09-07T16:58+00:00,63.2,,,,,,,,,
Brighton|Liverpool|total|-|3.5,37,Brighton,Liverpool,total,,3.5,Over 3.5 goals,2026-08-14T19:40+00:00,2026-09-07T16:58+00:00,41.0,,,,,,,,,
Brighton|Liverpool|spread|h|1.5,37,Brighton,Liverpool,spread,h,1.5,Brighton wins by >1.5,2026-08-14T19:40+00:00,2026-09-07T16:58+00:00,15.7,,,,,,,,,
Brighton|Liverpool|spread|a|1.5,37,Brighton,Liverpool,spread,a,1.5,Liverpool wins by >1.5,2026-08-14T19:40+00:00,2026-09-07T16:58+00:00,23.2,,,,,,,,,
Brighton|Liverpool|spread|h|2.5,37,Brighton,Liverpool,spread,h,2.5,Brighton wins by >2.5,2026-08-14T19:40+00:00,2026-09-07T16:58+00:00,5.9,,,,,,,,,
Brighton|Liverpool|spread|a|2.5,37,Brighton,Liverpool,spread,a,2.5,Liverpool wins by >2.5,2026-08-14T19:40+00:00,2026-09-07T16:58+00:00,10.0,,,,,,,,,
Everton|Arsenal|btts|-|-,37,Everton,Arsenal,btts,,,Both teams to score,2026-08-14T19:40+00:00,2026-09-07T16:58+00:00,43.3,,,,,,,,,
Everton|Arsenal|total|-|1.5,37,Everton,Arsenal,total,,1.5,Over 1.5 goals,2026-08-14T19:40+00:00,2026-09-07T16:58+00:00,69.0,,,,,,,,,
Everton|Arsenal|total|-|2.5,37,Everton,Arsenal,total,,2.5,Over 2.5 goals,2026-08-14T19:40+00:00,2026-09-07T16:58+00:00,41.6,,,,,,,,,
Everton|Arsenal|total|-|3.5,37,Everton,Arsenal,total,,3.5,Over 3.5 goals,2026-08-14T19:40+00:00,2026-09-07T16:58+00:00,21.0,,,,,,,,,
Everton|Arsenal|spread|h|1.5,37,Everton,Arsenal,spread,h,1.5,Everton wins by >1.5,2026-08-14T19:40+00:00,2026-09-07T16:58+00:00,5.1,,,,,,,,,
Everton|Arsenal|spread|a|1.5,37,Everton,Arsenal,spread,a,1.5,Arsenal wins by >1.5,2026-08-14T19:40+00:00,2026-09-07T16:58+00:00,30.8,,,,,,,,,
Everton|Arsenal|spread|h|2.5,37,Everton,Arsenal,spread,h,2.5,Everton wins by >2.5,2026-08-14T19:40+00:00,2026-09-07T16:58+00:00,1.1,,,,,,,,,
Everton|Arsenal|spread|a|2.5,37,Everton,Arsenal,spread,a,2.5,Arsenal wins by >2.5,2026-08-14T19:40+00:00,2026-09-07T16:58+00:00,13.1,,,,,,,,,
Fulham|Coventry|btts|-|-,37,Fulham,Coventry,btts,,,Both teams to score,2026-08-14T19:40+00:00,2026-09-07T16:58+00:00,40.8,,,,,,,,,
Fulham|Coventry|total|-|1.5,37,Fulham,Coventry,total,,1.5,Over 1.5 goals,2026-08-14T19:40+00:00,2026-09-07T16:58+00:00,65.7,,,,,,,,,
Fulham|Coventry|total|-|2.5,37,Fulham,Coventry,total,,2.5,Over 2.5 goals,2026-08-14T19:40+00:00,2026-09-07T16:58+00:00,37.9,,,,,,,,,
Fulham|Coventry|total|-|3.5,37,Fulham,Coventry,total,,3.5,Over 3.5 goals,2026-08-14T19:40+00:00,2026-09-07T16:58+00:00,18.2,,,,,,,,,
Fulham|Coventry|spread|h|1.5,37,Fulham,Coventry,spread,h,1.5,Fulham wins by >1.5,2026-08-14T19:40+00:00,2026-09-07T16:58+00:00,28.7,,,,,,,,,
Fulham|Coventry|spread|a|1.5,37,Fulham,Coventry,spread,a,1.5,Coventry wins by >1.5,2026-08-14T19:40+00:00,2026-09-07T16:58+00:00,5.1,,,,,,,,,
Fulham|Coventry|spread|h|2.5,37,Fulham,Coventry,spread,h,2.5,Fulham wins by >2.5,2026-08-14T19:40+00:00,2026-09-07T16:58+00:00,11.6,,,,,,,,,
Fulham|Coventry|spread|a|2.5,37,Fulham,Coventry,spread,a,2.5,Coventry wins by >2.5,2026-08-14T19:40+00:00,2026-09-07T16:58+00:00,1.1,,,,,,,,,
Leeds|Sunderland|btts|-|-,37,Leeds,Sunderland,btts,,,Both teams to score,2026-08-14T19:40+00:00,2026-09-07T16:58+00:00,46.5,,,,,,,,,
Leeds|Sunderland|total|-|1.5,37,Leeds,Sunderland,total,,1.5,Over 1.5 goals,2026-08-14T19:40+00:00,2026-09-07T16:58+00:00,66.9,,,,,,,,,
Leeds|Sunderland|total|-|2.5,37,Leeds,Sunderland,total,,2.5,Over 2.5 goals,2026-08-14T19:40+00:00,2026-09-07T16:58+00:00,39.0,,,,,,,,,
Leeds|Sunderland|total|-|3.5,37,Leeds,Sunderland,total,,3.5,Over 3.5 goals,2026-08-14T19:40+00:00,2026-09-07T16:58+00:00,19.0,,,,,,,,,
Leeds|Sunderland|spread|h|1.5,37,Leeds,Sunderland,spread,h,1.5,Leeds wins by >1.5,2026-08-14T19:40+00:00,2026-09-07T16:58+00:00,17.5,,,,,,,,,
Leeds|Sunderland|spread|a|1.5,37,Leeds,Sunderland,spread,a,1.5,Sunderland wins by >1.5,2026-08-14T19:40+00:00,2026-09-07T16:58+00:00,11.8,,,,,,,,,
Leeds|Sunderland|spread|h|2.5,37,Leeds,Sunderland,spread,h,2.5,Leeds wins by >2.5,2026-08-14T19:40+00:00,2026-09-07T16:58+00:00,5.9,,,,,,,,,
Leeds|Sunderland|spread|a|2.5,37,Leeds,Sunderland,spread,a,2.5,Sunderland wins by >2.5,2026-08-14T19:40+00:00,2026-09-07T16:58+00:00,3.4,,,,,,,,,
Man City|Aston Villa|btts|-|-,37,Man City,Aston Villa,btts,,,Both teams to score,2026-08-14T19:40+00:00,2026-09-07T16:58+00:00,55.4,,,,,,,,,
Man City|Aston Villa|total|-|1.5,37,Man City,Aston Villa,total,,1.5,Over 1.5 goals,2026-08-14T19:40+00:00,2026-09-07T16:58+00:00,82.8,,,,,,,,,
Man City|Aston Villa|total|-|2.5,37,Man City,Aston Villa,total,,2.5,Over 2.5 goals,2026-08-14T19:40+00:00,2026-09-07T16:58+00:00,60.6,,,,,,,,,
Man City|Aston Villa|total|-|3.5,37,Man City,Aston Villa,total,,3.5,Over 3.5 goals,2026-08-14T19:40+00:00,2026-09-07T16:58+00:00,38.2,,,,,,,,,
Man City|Aston Villa|spread|h|1.5,37,Man City,Aston Villa,spread,h,1.5,Man City wins by >1.5,2026-08-14T19:40+00:00,2026-09-07T16:58+00:00,41.6,,,,,,,,,
Man City|Aston Villa|spread|a|1.5,37,Man City,Aston Villa,spread,a,1.5,Aston Villa wins by >1.5,2026-08-14T19:40+00:00,2026-09-07T16:58+00:00,5.1,,,,,,,,,
Man City|Aston Villa|spread|h|2.5,37,Man City,Aston Villa,spread,h,2.5,Man City wins by >2.5,2026-08-14T19:40+00:00,2026-09-07T16:58+00:00,22.0,,,,,,,,,
Man City|Aston Villa|spread|a|2.5,37,Man City,Aston Villa,spread,a,2.5,Aston Villa wins by >2.5,2026-08-14T19:40+00:00,2026-09-07T16:58+00:00,1.3,,,,,,,,,
Newcastle|Crystal Palace|btts|-|-,37,Newcastle,Crystal Palace,btts,,,Both teams to score,2026-08-14T19:40+00:00,2026-09-07T16:58+00:00,58.5,,,,,,,,,
Newcastle|Crystal Palace|total|-|1.5,37,Newcastle,Crystal Palace,total,,1.5,Over 1.5 goals,2026-08-14T19:40+00:00,2026-09-07T16:58+00:00,80.8,,,,,,,,,
Newcastle|Crystal Palace|total|-|2.5,37,Newcastle,Crystal Palace,total,,2.5,Over 2.5 goals,2026-08-14T19:40+00:00,2026-09-07T16:58+00:00,57.3,,,,,,,,,
Newcastle|Crystal Palace|total|-|3.5,37,Newcastle,Crystal Palace,total,,3.5,Over 3.5 goals,2026-08-14T19:40+00:00,2026-09-07T16:58+00:00,34.9,,,,,,,,,
Newcastle|Crystal Palace|spread|h|1.5,37,Newcastle,Crystal Palace,spread,h,1.5,Newcastle wins by >1.5,2026-08-14T19:40+00:00,2026-09-07T16:58+00:00,29.7,,,,,,,,,
Newcastle|Crystal Palace|spread|a|1.5,37,Newcastle,Crystal Palace,spread,a,1.5,Crystal Palace wins by >1.5,2026-08-14T19:40+00:00,2026-09-07T16:58+00:00,9.5,,,,,,,,,
Newcastle|Crystal Palace|spread|h|2.5,37,Newcastle,Crystal Palace,spread,h,2.5,Newcastle wins by >2.5,2026-08-14T19:40+00:00,2026-09-07T16:58+00:00,13.6,,,,,,,,,
Newcastle|Crystal Palace|spread|a|2.5,37,Newcastle,Crystal Palace,spread,a,2.5,Crystal Palace wins by >2.5,2026-08-14T19:40+00:00,2026-09-07T16:58+00:00,2.9,,,,,,,,,
Nott'm Forest|Ipswich|btts|-|-,37,Nott'm Forest,Ipswich,btts,,,Both teams to score,2026-08-14T19:40+00:00,2026-09-07T16:58+00:00,52.7,,,,,,,,,
Nott'm Forest|Ipswich|total|-|1.5,37,Nott'm Forest,Ipswich,total,,1.5,Over 1.5 goals,2026-08-14T19:40+00:00,2026-09-07T16:58+00:00,81.4,,,,,,,,,
Nott'm Forest|Ipswich|total|-|2.5,37,Nott'm Forest,Ipswich,total,,2.5,Over 2.5 goals,2026-08-14T19:40+00:00,2026-09-07T16:58+00:00,58.4,,,,,,,,,
Nott'm Forest|Ipswich|total|-|3.5,37,Nott'm Forest,Ipswich,total,,3.5,Over 3.5 goals,2026-08-14T19:40+00:00,2026-09-07T16:58+00:00,36.0,,,,,,,,,
Nott'm Forest|Ipswich|spread|h|1.5,37,Nott'm Forest,Ipswich,spread,h,1.5,Nott'm Forest wins by >1.5,2026-08-14T19:40+00:00,2026-09-07T16:58+00:00,42.4,,,,,,,,,
Nott'm Forest|Ipswich|spread|a|1.5,37,Nott'm Forest,Ipswich,spread,a,1.5,Ipswich wins by >1.5,2026-08-14T19:40+00:00,2026-09-07T16:58+00:00,4.5,,,,,,,,,
Nott'm Forest|Ipswich|spread|h|2.5,37,Nott'm Forest,Ipswich,spread,h,2.5,Nott'm Forest wins by >2.5,2026-08-14T19:40+00:00,2026-09-07T16:58+00:00,22.4,,,,,,,,,
Nott'm Forest|Ipswich|spread|a|2.5,37,Nott'm Forest,Ipswich,spread,a,2.5,Ipswich wins by >2.5,2026-08-14T19:40+00:00,2026-09-07T16:58+00:00,1.1,,,,,,,,,
Tottenham|Man United|btts|-|-,37,Tottenham,Man United,btts,,,Both teams to score,2026-08-14T19:40+00:00,2026-09-07T16:58+00:00,64.6,,,,,,,,,
Tottenham|Man United|total|-|1.5,37,Tottenham,Man United,total,,1.5,Over 1.5 goals,2026-08-14T19:40+00:00,2026-09-07T16:58+00:00,84.0,,,,,,,,,
Tottenham|Man United|total|-|2.5,37,Tottenham,Man United,total,,2.5,Over 2.5 goals,2026-08-14T19:40+00:00,2026-09-07T16:58+00:00,62.3,,,,,,,,,
Tottenham|Man United|total|-|3.5,37,Tottenham,Man United,total,,3.5,Over 3.5 goals,2026-08-14T19:40+00:00,2026-09-07T16:58+00:00,40.0,,,,,,,,,
Tottenham|Man United|spread|h|1.5,37,Tottenham,Man United,spread,h,1.5,Tottenham wins by >1.5,2026-08-14T19:40+00:00,2026-09-07T16:58+00:00,16.2,,,,,,,,,
Tottenham|Man United|spread|a|1.5,37,Tottenham,Man United,spread,a,1.5,Man United wins by >1.5,2026-08-14T19:40+00:00,2026-09-07T16:58+00:00,22.1,,,,,,,,,
Tottenham|Man United|spread|h|2.5,37,Tottenham,Man United,spread,h,2.5,Tottenham wins by >2.5,2026-08-14T19:40+00:00,2026-09-07T16:58+00:00,6.2,,,,,,,,,
Tottenham|Man United|spread|a|2.5,37,Tottenham,Man United,spread,a,2.5,Man United wins by >2.5,2026-08-14T19:40+00:00,2026-09-07T16:58+00:00,9.4,,,,,,,,,
Arsenal|Brighton|btts|-|-,38,Arsenal,Brighton,btts,,,Both teams to score,2026-08-14T19:40+00:00,2026-09-07T16:58+00:00,50.0,,,,,,,,,
Arsenal|Brighton|total|-|1.5,38,Arsenal,Brighton,total,,1.5,Over 1.5 goals,2026-08-14T19:40+00:00,2026-09-07T16:58+00:00,78.4,,,,,,,,,
Arsenal|Brighton|total|-|2.5,38,Arsenal,Brighton,total,,2.5,Over 2.5 goals,2026-08-14T19:40+00:00,2026-09-07T16:58+00:00,53.9,,,,,,,,,
Arsenal|Brighton|total|-|3.5,38,Arsenal,Brighton,total,,3.5,Over 3.5 goals,2026-08-14T19:40+00:00,2026-09-07T16:58+00:00,31.6,,,,,,,,,
Arsenal|Brighton|spread|h|1.5,38,Arsenal,Brighton,spread,h,1.5,Arsenal wins by >1.5,2026-08-14T19:40+00:00,2026-09-07T16:58+00:00,39.7,,,,,,,,,
Arsenal|Brighton|spread|a|1.5,38,Arsenal,Brighton,spread,a,1.5,Brighton wins by >1.5,2026-08-14T19:40+00:00,2026-09-07T16:58+00:00,4.6,,,,,,,,,
Arsenal|Brighton|spread|h|2.5,38,Arsenal,Brighton,spread,h,2.5,Arsenal wins by >2.5,2026-08-14T19:40+00:00,2026-09-07T16:58+00:00,20.0,,,,,,,,,
Arsenal|Brighton|spread|a|2.5,38,Arsenal,Brighton,spread,a,2.5,Brighton wins by >2.5,2026-08-14T19:40+00:00,2026-09-07T16:58+00:00,1.1,,,,,,,,,
Aston Villa|Tottenham|btts|-|-,38,Aston Villa,Tottenham,btts,,,Both teams to score,2026-08-14T19:40+00:00,2026-09-07T16:58+00:00,60.7,,,,,,,,,
Aston Villa|Tottenham|total|-|1.5,38,Aston Villa,Tottenham,total,,1.5,Over 1.5 goals,2026-08-14T19:40+00:00,2026-09-07T16:58+00:00,81.8,,,,,,,,,
Aston Villa|Tottenham|total|-|2.5,38,Aston Villa,Tottenham,total,,2.5,Over 2.5 goals,2026-08-14T19:40+00:00,2026-09-07T16:58+00:00,58.9,,,,,,,,,
Aston Villa|Tottenham|total|-|3.5,38,Aston Villa,Tottenham,total,,3.5,Over 3.5 goals,2026-08-14T19:40+00:00,2026-09-07T16:58+00:00,36.5,,,,,,,,,
Aston Villa|Tottenham|spread|h|1.5,38,Aston Villa,Tottenham,spread,h,1.5,Aston Villa wins by >1.5,2026-08-14T19:40+00:00,2026-09-07T16:58+00:00,27.5,,,,,,,,,
Aston Villa|Tottenham|spread|a|1.5,38,Aston Villa,Tottenham,spread,a,1.5,Tottenham wins by >1.5,2026-08-14T19:40+00:00,2026-09-07T16:58+00:00,11.2,,,,,,,,,
Aston Villa|Tottenham|spread|h|2.5,38,Aston Villa,Tottenham,spread,h,2.5,Aston Villa wins by >2.5,2026-08-14T19:40+00:00,2026-09-07T16:58+00:00,12.3,,,,,,,,,
Aston Villa|Tottenham|spread|a|2.5,38,Aston Villa,Tottenham,spread,a,2.5,Tottenham wins by >2.5,2026-08-14T19:40+00:00,2026-09-07T16:58+00:00,3.7,,,,,,,,,
Chelsea|Brentford|btts|-|-,38,Chelsea,Brentford,btts,,,Both teams to score,2026-08-14T19:40+00:00,2026-09-07T16:58+00:00,63.3,,,,,,,,,
Chelsea|Brentford|total|-|1.5,38,Chelsea,Brentford,total,,1.5,Over 1.5 goals,2026-08-14T19:40+00:00,2026-09-07T16:58+00:00,83.3,,,,,,,,,
Chelsea|Brentford|total|-|2.5,38,Chelsea,Brentford,total,,2.5,Over 2.5 goals,2026-08-14T19:40+00:00,2026-09-07T16:58+00:00,61.3,,,,,,,,,
Chelsea|Brentford|total|-|3.5,38,Chelsea,Brentford,total,,3.5,Over 3.5 goals,2026-08-14T19:40+00:00,2026-09-07T16:58+00:00,38.9,,,,,,,,,
Chelsea|Brentford|spread|h|1.5,38,Chelsea,Brentford,spread,h,1.5,Chelsea wins by >1.5,2026-08-14T19:40+00:00,2026-09-07T16:58+00:00,24.9,,,,,,,,,
Chelsea|Brentford|spread|a|1.5,38,Chelsea,Brentford,spread,a,1.5,Brentford wins by >1.5,2026-08-14T19:40+00:00,2026-09-07T16:58+00:00,13.7,,,,,,,,,
Chelsea|Brentford|spread|h|2.5,38,Chelsea,Brentford,spread,h,2.5,Chelsea wins by >2.5,2026-08-14T19:40+00:00,2026-09-07T16:58+00:00,10.9,,,,,,,,,
Chelsea|Brentford|spread|a|2.5,38,Chelsea,Brentford,spread,a,2.5,Brentford wins by >2.5,2026-08-14T19:40+00:00,2026-09-07T16:58+00:00,4.9,,,,,,,,,
Coventry|Nott'm Forest|btts|-|-,38,Coventry,Nott'm Forest,btts,,,Both teams to score,2026-08-14T19:40+00:00,2026-09-07T16:58+00:00,40.2,,,,,,,,,
Coventry|Nott'm Forest|total|-|1.5,38,Coventry,Nott'm Forest,total,,1.5,Over 1.5 goals,2026-08-14T19:40+00:00,2026-09-07T16:58+00:00,62.2,,,,,,,,,
Coventry|Nott'm Forest|total|-|2.5,38,Coventry,Nott'm Forest,total,,2.5,Over 2.5 goals,2026-08-14T19:40+00:00,2026-09-07T16:58+00:00,34.1,,,,,,,,,
Coventry|Nott'm Forest|total|-|3.5,38,Coventry,Nott'm Forest,total,,3.5,Over 3.5 goals,2026-08-14T19:40+00:00,2026-09-07T16:58+00:00,15.5,,,,,,,,,
Coventry|Nott'm Forest|spread|h|1.5,38,Coventry,Nott'm Forest,spread,h,1.5,Coventry wins by >1.5,2026-08-14T19:40+00:00,2026-09-07T16:58+00:00,6.8,,,,,,,,,
Coventry|Nott'm Forest|spread|a|1.5,38,Coventry,Nott'm Forest,spread,a,1.5,Nott'm Forest wins by >1.5,2026-08-14T19:40+00:00,2026-09-07T16:58+00:00,22.6,,,,,,,,,
Coventry|Nott'm Forest|spread|h|2.5,38,Coventry,Nott'm Forest,spread,h,2.5,Coventry wins by >2.5,2026-08-14T19:40+00:00,2026-09-07T16:58+00:00,1.5,,,,,,,,,
Coventry|Nott'm Forest|spread|a|2.5,38,Coventry,Nott'm Forest,spread,a,2.5,Nott'm Forest wins by >2.5,2026-08-14T19:40+00:00,2026-09-07T16:58+00:00,8.1,,,,,,,,,
Crystal Palace|Leeds|btts|-|-,38,Crystal Palace,Leeds,btts,,,Both teams to score,2026-08-14T19:40+00:00,2026-09-07T16:58+00:00,53.8,,,,,,,,,
Crystal Palace|Leeds|total|-|1.5,38,Crystal Palace,Leeds,total,,1.5,Over 1.5 goals,2026-08-14T19:40+00:00,2026-09-07T16:58+00:00,74.2,,,,,,,,,
Crystal Palace|Leeds|total|-|2.5,38,Crystal Palace,Leeds,total,,2.5,Over 2.5 goals,2026-08-14T19:40+00:00,2026-09-07T16:58+00:00,48.0,,,,,,,,,
Crystal Palace|Leeds|total|-|3.5,38,Crystal Palace,Leeds,total,,3.5,Over 3.5 goals,2026-08-14T19:40+00:00,2026-09-07T16:58+00:00,26.3,,,,,,,,,
Crystal Palace|Leeds|spread|h|1.5,38,Crystal Palace,Leeds,spread,h,1.5,Crystal Palace wins by >1.5,2026-08-14T19:40+00:00,2026-09-07T16:58+00:00,18.6,,,,,,,,,
Crystal Palace|Leeds|spread|a|1.5,38,Crystal Palace,Leeds,spread,a,1.5,Leeds wins by >1.5,2026-08-14T19:40+00:00,2026-09-07T16:58+00:00,14.2,,,,,,,,,
Crystal Palace|Leeds|spread|h|2.5,38,Crystal Palace,Leeds,spread,h,2.5,Crystal Palace wins by >2.5,2026-08-14T19:40+00:00,2026-09-07T16:58+00:00,6.8,,,,,,,,,
Crystal Palace|Leeds|spread|a|2.5,38,Crystal Palace,Leeds,spread,a,2.5,Leeds wins by >2.5,2026-08-14T19:40+00:00,2026-09-07T16:58+00:00,4.7,,,,,,,,,
Hull|Newcastle|btts|-|-,38,Hull,Newcastle,btts,,,Both teams to score,2026-08-14T19:40+00:00,2026-09-07T16:58+00:00,44.5,,,,,,,,,
Hull|Newcastle|total|-|1.5,38,Hull,Newcastle,total,,1.5,Over 1.5 goals,2026-08-14T19:40+00:00,2026-09-07T16:58+00:00,64.4,,,,,,,,,
Hull|Newcastle|total|-|2.5,38,Hull,Newcastle,total,,2.5,Over 2.5 goals,2026-08-14T19:40+00:00,2026-09-07T16:58+00:00,36.3,,,,,,,,,
Hull|Newcastle|total|-|3.5,38,Hull,Newcastle,total,,3.5,Over 3.5 goals,2026-08-14T19:40+00:00,2026-09-07T16:58+00:00,17.0,,,,,,,,,
Hull|Newcastle|spread|h|1.5,38,Hull,Newcastle,spread,h,1.5,Hull wins by >1.5,2026-08-14T19:40+00:00,2026-09-07T16:58+00:00,13.2,,,,,,,,,
Hull|Newcastle|spread|a|1.5,38,Hull,Newcastle,spread,a,1.5,Newcastle wins by >1.5,2026-08-14T19:40+00:00,2026-09-07T16:58+00:00,14.6,,,,,,,,,
Hull|Newcastle|spread|h|2.5,38,Hull,Newcastle,spread,h,2.5,Hull wins by >2.5,2026-08-14T19:40+00:00,2026-09-07T16:58+00:00,3.9,,,,,,,,,
Hull|Newcastle|spread|a|2.5,38,Hull,Newcastle,spread,a,2.5,Newcastle wins by >2.5,2026-08-14T19:40+00:00,2026-09-07T16:58+00:00,4.5,,,,,,,,,
Ipswich|Everton|btts|-|-,38,Ipswich,Everton,btts,,,Both teams to score,2026-08-14T19:40+00:00,2026-09-07T16:58+00:00,52.0,,,,,,,,,
Ipswich|Everton|total|-|1.5,38,Ipswich,Everton,total,,1.5,Over 1.5 goals,2026-08-14T19:40+00:00,2026-09-07T16:58+00:00,75.6,,,,,,,,,
Ipswich|Everton|total|-|2.5,38,Ipswich,Everton,total,,2.5,Over 2.5 goals,2026-08-14T19:40+00:00,2026-09-07T16:58+00:00,49.9,,,,,,,,,
Ipswich|Everton|total|-|3.5,38,Ipswich,Everton,total,,3.5,Over 3.5 goals,2026-08-14T19:40+00:00,2026-09-07T16:58+00:00,27.9,,,,,,,,,
Ipswich|Everton|spread|h|1.5,38,Ipswich,Everton,spread,h,1.5,Ipswich wins by >1.5,2026-08-14T19:40+00:00,2026-09-07T16:58+00:00,7.7,,,,,,,,,
Ipswich|Everton|spread|a|1.5,38,Ipswich,Everton,spread,a,1.5,Everton wins by >1.5,2026-08-14T19:40+00:00,2026-09-07T16:58+00:00,29.5,,,,,,,,,
Ipswich|Everton|spread|h|2.5,38,Ipswich,Everton,spread,h,2.5,Ipswich wins by >2.5,2026-08-14T19:40+00:00,2026-09-07T16:58+00:00,2.1,,,,,,,,,
Ipswich|Everton|spread|a|2.5,38,Ipswich,Everton,spread,a,2.5,Everton wins by >2.5,2026-08-14T19:40+00:00,2026-09-07T16:58+00:00,12.9,,,,,,,,,
Liverpool|Bournemouth|btts|-|-,38,Liverpool,Bournemouth,btts,,,Both teams to score,2026-08-14T19:40+00:00,2026-09-07T16:58+00:00,63.1,,,,,,,,,
Liverpool|Bournemouth|total|-|1.5,38,Liverpool,Bournemouth,total,,1.5,Over 1.5 goals,2026-08-14T19:40+00:00,2026-09-07T16:58+00:00,85.1,,,,,,,,,
Liverpool|Bournemouth|total|-|2.5,38,Liverpool,Bournemouth,total,,2.5,Over 2.5 goals,2026-08-14T19:40+00:00,2026-09-07T16:58+00:00,64.3,,,,,,,,,
Liverpool|Bournemouth|total|-|3.5,38,Liverpool,Bournemouth,total,,3.5,Over 3.5 goals,2026-08-14T19:40+00:00,2026-09-07T16:58+00:00,42.2,,,,,,,,,
Liverpool|Bournemouth|spread|h|1.5,38,Liverpool,Bournemouth,spread,h,1.5,Liverpool wins by >1.5,2026-08-14T19:40+00:00,2026-09-07T16:58+00:00,33.8,,,,,,,,,
Liverpool|Bournemouth|spread|a|1.5,38,Liverpool,Bournemouth,spread,a,1.5,Bournemouth wins by >1.5,2026-08-14T19:40+00:00,2026-09-07T16:58+00:00,9.2,,,,,,,,,
Liverpool|Bournemouth|spread|h|2.5,38,Liverpool,Bournemouth,spread,h,2.5,Liverpool wins by >2.5,2026-08-14T19:40+00:00,2026-09-07T16:58+00:00,16.8,,,,,,,,,
Liverpool|Bournemouth|spread|a|2.5,38,Liverpool,Bournemouth,spread,a,2.5,Bournemouth wins by >2.5,2026-08-14T19:40+00:00,2026-09-07T16:58+00:00,2.9,,,,,,,,,
Man United|Fulham|btts|-|-,38,Man United,Fulham,btts,,,Both teams to score,2026-08-14T19:40+00:00,2026-09-07T16:58+00:00,59.5,,,,,,,,,
Man United|Fulham|total|-|1.5,38,Man United,Fulham,total,,1.5,Over 1.5 goals,2026-08-14T19:40+00:00,2026-09-07T16:58+00:00,81.2,,,,,,,,,
Man United|Fulham|total|-|2.5,38,Man United,Fulham,total,,2.5,Over 2.5 goals,2026-08-14T19:40+00:00,2026-09-07T16:58+00:00,58.0,,,,,,,,,
Man United|Fulham|total|-|3.5,38,Man United,Fulham,total,,3.5,Over 3.5 goals,2026-08-14T19:40+00:00,2026-09-07T16:58+00:00,35.6,,,,,,,,,
Man United|Fulham|spread|h|1.5,38,Man United,Fulham,spread,h,1.5,Man United wins by >1.5,2026-08-14T19:40+00:00,2026-09-07T16:58+00:00,28.7,,,,,,,,,
Man United|Fulham|spread|a|1.5,38,Man United,Fulham,spread,a,1.5,Fulham wins by >1.5,2026-08-14T19:40+00:00,2026-09-07T16:58+00:00,10.2,,,,,,,,,
Man United|Fulham|spread|h|2.5,38,Man United,Fulham,spread,h,2.5,Man United wins by >2.5,2026-08-14T19:40+00:00,2026-09-07T16:58+00:00,13.0,,,,,,,,,
Man United|Fulham|spread|a|2.5,38,Man United,Fulham,spread,a,2.5,Fulham wins by >2.5,2026-08-14T19:40+00:00,2026-09-07T16:58+00:00,3.2,,,,,,,,,
Sunderland|Man City|btts|-|-,38,Sunderland,Man City,btts,,,Both teams to score,2026-08-14T19:40+00:00,2026-09-07T16:58+00:00,46.9,,,,,,,,,
Sunderland|Man City|total|-|1.5,38,Sunderland,Man City,total,,1.5,Over 1.5 goals,2026-08-14T19:40+00:00,2026-09-07T16:58+00:00,72.7,,,,,,,,,
Sunderland|Man City|total|-|2.5,38,Sunderland,Man City,total,,2.5,Over 2.5 goals,2026-08-14T19:40+00:00,2026-09-07T16:58+00:00,46.2,,,,,,,,,
Sunderland|Man City|total|-|3.5,38,Sunderland,Man City,total,,3.5,Over 3.5 goals,2026-08-14T19:40+00:00,2026-09-07T16:58+00:00,24.7,,,,,,,,,
Sunderland|Man City|spread|h|1.5,38,Sunderland,Man City,spread,h,1.5,Sunderland wins by >1.5,2026-08-14T19:40+00:00,2026-09-07T16:58+00:00,5.5,,,,,,,,,
Sunderland|Man City|spread|a|1.5,38,Sunderland,Man City,spread,a,1.5,Man City wins by >1.5,2026-08-14T19:40+00:00,2026-09-07T16:58+00:00,32.5,,,,,,,,,
Sunderland|Man City|spread|h|2.5,38,Sunderland,Man City,spread,h,2.5,Sunderland wins by >2.5,2026-08-14T19:40+00:00,2026-09-07T16:58+00:00,1.3,,,,,,,,,
Sunderland|Man City|spread|a|2.5,38,Sunderland,Man City,spread,a,2.5,Man City wins by >2.5,2026-08-14T19:40+00:00,2026-09-07T16:58+00:00,14.5,,,,,,,,,
Aston Villa|Arsenal|tcorners|a|6,2,Aston Villa,Arsenal,tcorners,a,6,Arsenal 6+ corners,2026-08-31T00:26+00:00,2026-08-31T10:30+00:00,38.4,2026-08-31T10:30+00:00,45.5,47.0,0-1,NO,2026-09-03T18:44+00:00,0.1475,0.207,model
Aston Villa|Arsenal|tcorners|h|5,2,Aston Villa,Arsenal,tcorners,h,5,Aston Villa 5+ corners,2026-08-31T00:26+00:00,2026-08-31T10:30+00:00,40.0,2026-08-31T10:30+00:00,39.5,40.0,0-1,NO,2026-09-03T18:44+00:00,0.16,0.156,kalshi
Newcastle|Bournemouth|tcorners|a|5,3,Newcastle,Bournemouth,tcorners,a,5,Bournemouth 5+ corners,2026-09-01T16:27+00:00,2026-09-05T11:07+00:00,62.4,2026-09-05T11:07+00:00,49.5,50.0,2-2,NO,2026-09-06T12:20+00:00,0.3894,0.245,kalshi
Newcastle|Bournemouth|tcorners|h|6,3,Newcastle,Bournemouth,tcorners,h,6,Newcastle 6+ corners,2026-09-01T16:27+00:00,2026-09-05T11:07+00:00,53.5,2026-09-05T11:07+00:00,52.0,54.0,2-2,NO,2026-09-06T12:20+00:00,0.2862,0.2704,kalshi
Brentford|Sunderland|tcorners|a|5,3,Brentford,Sunderland,tcorners,a,5,Sunderland 5+ corners,2026-09-01T16:27+00:00,2026-09-05T11:07+00:00,50.2,,,,1-1,NO,2026-09-06T12:20+00:00,0.252,,
Brentford|Sunderland|tcorners|h|6,3,Brentford,Sunderland,tcorners,h,6,Brentford 6+ corners,2026-09-01T16:27+00:00,2026-09-05T11:07+00:00,39.6,,,,1-1,NO,2026-09-06T12:20+00:00,0.1568,,
Brighton|Leeds|tcorners|a|4,3,Brighton,Leeds,tcorners,a,4,Leeds 4+ corners,2026-09-01T16:27+00:00,2026-09-05T11:07+00:00,68.8,2026-09-05T11:07+00:00,50.5,51.0,1-1,YES,2026-09-06T12:20+00:00,0.0973,0.245,model
Brighton|Leeds|tcorners|h|7,3,Brighton,Leeds,tcorners,h,7,Brighton 7+ corners,2026-09-01T16:27+00:00,2026-09-05T11:07+00:00,29.1,2026-09-05T11:07+00:00,42.0,43.0,1-1,YES,2026-09-06T12:20+00:00,0.5027,0.3364,kalshi
Fulham|Crystal Palace|tcorners|a|5,3,Fulham,Crystal Palace,tcorners,a,5,Crystal Palace 5+ corners,2026-09-01T16:27+00:00,2026-09-05T11:07+00:00,53.3,,,,2-3,NO,2026-09-06T12:20+00:00,0.2841,,
Fulham|Crystal Palace|tcorners|h|6,3,Fulham,Crystal Palace,tcorners,h,6,Fulham 6+ corners,2026-09-01T16:27+00:00,2026-09-05T11:07+00:00,38.1,,,,2-3,YES,2026-09-06T12:20+00:00,0.3832,,
Nott'm Forest|Tottenham|tcorners|a|5,3,Nott'm Forest,Tottenham,tcorners,a,5,Tottenham 5+ corners,2026-09-01T16:27+00:00,2026-09-05T11:07+00:00,54.8,2026-09-05T11:07+00:00,54.5,55.0,0-0,YES,2026-09-06T12:20+00:00,0.2043,0.207,model
Nott'm Forest|Tottenham|tcorners|h|6,3,Nott'm Forest,Tottenham,tcorners,h,6,Nott'm Forest 6+ corners,2026-09-01T16:27+00:00,2026-09-05T11:07+00:00,35.8,,,,0-0,NO,2026-09-06T12:20+00:00,0.1282,,
Everton|Man United|tcorners|a|6,3,Everton,Man United,tcorners,a,6,Man United 6+ corners,2026-09-01T16:27+00:00,2026-09-06T12:20+00:00,41.3,2026-09-06T12:20+00:00,44.5,45.0,2-2,NO,2026-09-07T10:59+00:00,0.1706,0.198,model
Everton|Man United|tcorners|h|5,3,Everton,Man United,tcorners,h,5,Everton 5+ corners,2026-09-01T16:27+00:00,2026-09-06T12:20+00:00,48.7,2026-09-06T12:20+00:00,49.5,50.0,2-2,NO,2026-09-07T10:59+00:00,0.2372,0.245,model
Arsenal|Chelsea|tcorners|a|4,3,Arsenal,Chelsea,tcorners,a,4,Chelsea 4+ corners,2026-09-01T16:27+00:00,2026-09-06T12:20+00:00,67.4,2026-09-06T12:20+00:00,50.0,51.0,2-1,NO,2026-09-07T10:59+00:00,0.4543,0.25,kalshi
Arsenal|Chelsea|tcorners|h|7,3,Arsenal,Chelsea,tcorners,h,7,Arsenal 7+ corners,2026-09-01T16:27+00:00,2026-09-06T12:20+00:00,20.9,2026-09-06T12:20+00:00,39.0,41.0,2-1,NO,2026-09-07T10:59+00:00,0.0437,0.1521,model
Ipswich|Liverpool|tcorners|a|6,3,Ipswich,Liverpool,tcorners,a,6,Liverpool 6+ corners,2026-09-03T10:36+00:00,2026-09-04T11:23+00:00,64.3,2026-09-04T11:23+00:00,53.5,55.0,0-2,NO,2026-09-05T11:07+00:00,0.4134,0.2862,kalshi
Ipswich|Liverpool|tcorners|h|4,3,Ipswich,Liverpool,tcorners,h,4,Ipswich 4+ corners,2026-09-03T10:36+00:00,2026-09-04T11:23+00:00,51.6,2026-09-04T11:23+00:00,49.0,50.0,0-2,YES,2026-09-05T11:07+00:00,0.2343,0.2601,model
Man City|Coventry|tcorners|a|3,3,Man City,Coventry,tcorners,a,3,Coventry 3+ corners,2026-09-03T10:36+00:00,2026-09-05T11:07+00:00,83.6,2026-09-05T11:07+00:00,54.0,55.0,1-0,YES,2026-09-06T12:20+00:00,0.0269,0.2116,model
Man City|Coventry|tcorners|h|8,3,Man City,Coventry,tcorners,h,8,Man City 8+ corners,2026-09-03T10:36+00:00,2026-09-05T11:07+00:00,26.8,2026-09-05T11:07+00:00,46.5,47.0,1-0,NO,2026-09-06T12:20+00:00,0.0718,0.2162,model
Hull|Aston Villa|tcorners|a|6,3,Hull,Aston Villa,tcorners,a,6,Aston Villa 6+ corners,2026-09-03T10:36+00:00,2026-09-05T11:07+00:00,49.9,2026-09-05T11:07+00:00,44.5,45.0,0-0,NO,2026-09-06T12:20+00:00,0.249,0.198,kalshi
Hull|Aston Villa|tcorners|h|4,3,Hull,Aston Villa,tcorners,h,4,Hull 4+ corners,2026-09-03T10:36+00:00,2026-09-05T11:07+00:00,71.1,2026-09-05T11:07+00:00,49.0,50.0,0-0,NO,2026-09-06T12:20+00:00,0.5055,0.2401,kalshi
"Man City|Coventry|score|-|(0, 0)",3,Man City,Coventry,score,,"(0, 0)",0-0,2026-09-03T17:47+00:00,2026-09-05T11:07+00:00,4.4,2026-09-05T11:07+00:00,1.5,3.0,1-0,NO,2026-09-06T12:20+00:00,0.0019,0.0002,kalshi
"Man City|Coventry|score|-|(1, 0)",3,Man City,Coventry,score,,"(1, 0)",1-0,2026-09-03T17:47+00:00,2026-09-05T11:07+00:00,10.3,2026-09-05T11:07+00:00,7.5,8.0,1-0,YES,2026-09-06T12:20+00:00,0.8046,0.8556,model
"Man City|Coventry|score|-|(1, 1)",3,Man City,Coventry,score,,"(1, 1)",1-1,2026-09-03T17:47+00:00,2026-09-05T11:07+00:00,6.2,2026-09-05T11:07+00:00,4.5,5.0,1-0,NO,2026-09-06T12:20+00:00,0.0038,0.002,kalshi
"Man City|Coventry|score|-|(2, 0)",3,Man City,Coventry,score,,"(2, 0)",2-0,2026-09-03T17:47+00:00,2026-09-05T11:07+00:00,14.4,2026-09-05T11:07+00:00,11.5,12.0,1-0,NO,2026-09-06T12:20+00:00,0.0207,0.0132,kalshi
"Man City|Coventry|score|-|(2, 1)",3,Man City,Coventry,score,,"(2, 1)",2-1,2026-09-03T17:47+00:00,2026-09-05T11:07+00:00,7.7,2026-09-05T11:07+00:00,7.5,8.0,1-0,NO,2026-09-06T12:20+00:00,0.0059,0.0056,kalshi
"Man City|Coventry|score|-|(2, 2)",3,Man City,Coventry,score,,"(2, 2)",2-2,2026-09-03T17:47+00:00,2026-09-05T11:07+00:00,2.1,,,,1-0,NO,2026-09-06T12:20+00:00,0.0004,,
"Man City|Coventry|score|-|(3, 0)",3,Man City,Coventry,score,,"(3, 0)",3-0,2026-09-03T17:47+00:00,2026-09-05T11:07+00:00,12.9,2026-09-05T11:07+00:00,11.5,12.0,1-0,NO,2026-09-06T12:20+00:00,0.0166,0.0132,kalshi
"Man City|Coventry|score|-|(3, 1)",3,Man City,Coventry,score,,"(3, 1)",3-1,2026-09-03T17:47+00:00,2026-09-05T11:07+00:00,6.9,2026-09-05T11:07+00:00,8.5,9.0,1-0,NO,2026-09-06T12:20+00:00,0.0048,0.0072,model
"Man City|Coventry|score|-|(3, 2)",3,Man City,Coventry,score,,"(3, 2)",3-2,2026-09-03T17:47+00:00,2026-09-05T11:07+00:00,1.9,,,,1-0,NO,2026-09-06T12:20+00:00,0.0004,,
"Man City|Coventry|score|-|(3, 3)",3,Man City,Coventry,score,,"(3, 3)",3-3,2026-09-03T17:47+00:00,2026-09-05T11:07+00:00,0.3,,,,1-0,NO,2026-09-06T12:20+00:00,0.0,,
"Man City|Coventry|score|-|(4, 0)",3,Man City,Coventry,score,,"(4, 0)",4-0,2026-09-03T17:47+00:00,2026-09-05T11:07+00:00,8.6,,,,1-0,NO,2026-09-06T12:20+00:00,0.0074,,
"Man City|Coventry|score|-|(4, 1)",3,Man City,Coventry,score,,"(4, 1)",4-1,2026-09-03T17:47+00:00,2026-09-05T11:07+00:00,4.6,2026-09-05T11:07+00:00,3.5,7.0,1-0,NO,2026-09-06T12:20+00:00,0.0021,0.0012,kalshi
"Man City|Coventry|score|-|(4, 2)",3,Man City,Coventry,score,,"(4, 2)",4-2,2026-09-03T17:47+00:00,2026-09-05T11:07+00:00,1.2,2026-09-05T11:07+00:00,1.5,3.0,1-0,NO,2026-09-06T12:20+00:00,0.0001,0.0002,model
"Man City|Coventry|score|-|(4, 3)",3,Man City,Coventry,score,,"(4, 3)",4-3,2026-09-03T17:47+00:00,2026-09-05T11:07+00:00,0.2,,,,1-0,NO,2026-09-06T12:20+00:00,0.0,,
"Man City|Coventry|score|-|(5, 0)",3,Man City,Coventry,score,,"(5, 0)",5-0,2026-09-03T17:47+00:00,2026-09-05T11:07+00:00,4.6,2026-09-05T11:07+00:00,3.0,6.0,1-0,NO,2026-09-06T12:20+00:00,0.0021,0.0009,kalshi
"Man City|Coventry|score|-|(5, 1)",3,Man City,Coventry,score,,"(5, 1)",5-1,2026-09-03T17:47+00:00,2026-09-05T11:07+00:00,2.5,2026-09-05T11:07+00:00,2.0,4.0,1-0,NO,2026-09-06T12:20+00:00,0.0006,0.0004,kalshi
"Man City|Coventry|score|-|(5, 2)",3,Man City,Coventry,score,,"(5, 2)",5-2,2026-09-03T17:47+00:00,2026-09-05T11:07+00:00,0.7,,,,1-0,NO,2026-09-06T12:20+00:00,0.0,,
"Man City|Coventry|score|-|(5, 3)",3,Man City,Coventry,score,,"(5, 3)",5-3,2026-09-03T17:47+00:00,2026-09-05T11:07+00:00,0.1,,,,1-0,NO,2026-09-06T12:20+00:00,0.0,,
"Man City|Coventry|score|-|(6, 0)",3,Man City,Coventry,score,,"(6, 0)",6-0,2026-09-03T17:47+00:00,2026-09-05T11:07+00:00,2.1,2026-09-05T11:07+00:00,2.0,4.0,1-0,NO,2026-09-06T12:20+00:00,0.0004,0.0004,tie
"Man City|Coventry|score|-|(6, 1)",3,Man City,Coventry,score,,"(6, 1)",6-1,2026-09-03T17:47+00:00,2026-09-05T11:07+00:00,1.1,,,,1-0,NO,2026-09-06T12:20+00:00,0.0001,,
"Man City|Coventry|score|-|(6, 2)",3,Man City,Coventry,score,,"(6, 2)",6-2,2026-09-03T17:47+00:00,2026-09-05T11:07+00:00,0.3,,,,1-0,NO,2026-09-06T12:20+00:00,0.0,,
"Hull|Aston Villa|score|-|(0, 0)",3,Hull,Aston Villa,score,,"(0, 0)",0-0,2026-09-03T17:47+00:00,2026-09-05T11:07+00:00,11.0,,,,0-0,YES,2026-09-06T12:20+00:00,0.7921,,
"Hull|Aston Villa|score|-|(1, 0)",3,Hull,Aston Villa,score,,"(1, 0)",1-0,2026-09-03T17:47+00:00,2026-09-05T11:07+00:00,10.4,2026-09-05T11:07+00:00,6.5,7.0,0-0,NO,2026-09-06T12:20+00:00,0.0108,0.0042,kalshi
"Hull|Aston Villa|score|-|(1, 1)",3,Hull,Aston Villa,score,,"(1, 1)",1-1,2026-09-03T17:47+00:00,2026-09-05T11:07+00:00,14.2,2026-09-05T11:07+00:00,11.5,12.0,0-0,NO,2026-09-06T12:20+00:00,0.0202,0.0132,kalshi
"Hull|Aston Villa|score|-|(2, 0)",3,Hull,Aston Villa,score,,"(2, 0)",2-0,2026-09-03T17:47+00:00,2026-09-05T11:07+00:00,6.4,2026-09-05T11:07+00:00,3.5,4.0,0-0,NO,2026-09-06T12:20+00:00,0.0041,0.0012,kalshi
"Hull|Aston Villa|score|-|(2, 1)",3,Hull,Aston Villa,score,,"(2, 1)",2-1,2026-09-03T17:47+00:00,2026-09-05T11:07+00:00,7.5,2026-09-05T11:07+00:00,5.5,6.0,0-0,NO,2026-09-06T12:20+00:00,0.0056,0.003,kalshi
"Hull|Aston Villa|score|-|(2, 2)",3,Hull,Aston Villa,score,,"(2, 2)",2-2,2026-09-03T17:47+00:00,2026-09-05T11:07+00:00,4.4,2026-09-05T11:07+00:00,5.5,6.0,0-0,NO,2026-09-06T12:20+00:00,0.0019,0.003,model
"Hull|Aston Villa|score|-|(3, 0)",3,Hull,Aston Villa,score,,"(3, 0)",3-0,2026-09-03T17:47+00:00,2026-09-05T11:07+00:00,2.4,2026-09-05T11:07+00:00,1.0,2.0,0-0,NO,2026-09-06T12:20+00:00,0.0006,0.0001,kalshi
"Hull|Aston Villa|score|-|(3, 1)",3,Hull,Aston Villa,score,,"(3, 1)",3-1,2026-09-03T17:47+00:00,2026-09-05T11:07+00:00,2.8,2026-09-05T11:07+00:00,1.5,3.0,0-0,NO,2026-09-06T12:20+00:00,0.0008,0.0002,kalshi
"Hull|Aston Villa|score|-|(3, 2)",3,Hull,Aston Villa,score,,"(3, 2)",3-2,2026-09-03T17:47+00:00,2026-09-05T11:07+00:00,1.7,2026-09-05T11:07+00:00,1.5,3.0,0-0,NO,2026-09-06T12:20+00:00,0.0003,0.0002,kalshi
"Hull|Aston Villa|score|-|(3, 3)",3,Hull,Aston Villa,score,,"(3, 3)",3-3,2026-09-03T17:47+00:00,2026-09-05T11:07+00:00,0.6,,,,0-0,NO,2026-09-06T12:20+00:00,0.0,,
"Hull|Aston Villa|score|-|(4, 0)",3,Hull,Aston Villa,score,,"(4, 0)",4-0,2026-09-03T17:47+00:00,2026-09-05T11:07+00:00,0.7,2026-09-05T11:07+00:00,1.5,3.0,0-0,NO,2026-09-06T12:20+00:00,0.0,0.0002,model
"Hull|Aston Villa|score|-|(4, 1)",3,Hull,Aston Villa,score,,"(4, 1)",4-1,2026-09-03T17:47+00:00,2026-09-05T11:07+00:00,0.8,,,,0-0,NO,2026-09-06T12:20+00:00,0.0001,,
"Hull|Aston Villa|score|-|(4, 2)",3,Hull,Aston Villa,score,,"(4, 2)",4-2,2026-09-03T17:47+00:00,2026-09-05T11:07+00:00,0.5,2026-09-05T11:07+00:00,1.0,2.0,0-0,NO,2026-09-06T12:20+00:00,0.0,0.0001,model
"Hull|Aston Villa|score|-|(4, 3)",3,Hull,Aston Villa,score,,"(4, 3)",4-3,2026-09-03T17:47+00:00,2026-09-05T11:07+00:00,0.2,,,,0-0,NO,2026-09-06T12:20+00:00,0.0,,
"Hull|Aston Villa|score|-|(5, 0)",3,Hull,Aston Villa,score,,"(5, 0)",5-0,2026-09-03T17:47+00:00,2026-09-05T11:07+00:00,0.2,,,,0-0,NO,2026-09-06T12:20+00:00,0.0,,
"Hull|Aston Villa|score|-|(5, 1)",3,Hull,Aston Villa,score,,"(5, 1)",5-1,2026-09-03T17:47+00:00,2026-09-05T11:07+00:00,0.2,,,,0-0,NO,2026-09-06T12:20+00:00,0.0,,
"Hull|Aston Villa|score|-|(5, 2)",3,Hull,Aston Villa,score,,"(5, 2)",5-2,2026-09-03T17:47+00:00,2026-09-05T11:07+00:00,0.1,2026-09-05T11:07+00:00,1.0,2.0,0-0,NO,2026-09-06T12:20+00:00,0.0,0.0001,model
