season,player_id,first_name,second_name,web_name,team,position,total_points,minutes,goals_scored,assists,clean_sheets,goals_conceded,bonus,bps,influence,creativity,threat,ict_index,expected_goals,expected_assists,now_cost,selected_by_percent,starts
2016-17,1,David,Ospina,Ospina,Arsenal,GKP,2,143,0,0,0,4,0,18,28.8,0.0,0.0,2.9,,,47,0.2,
2016-17,2,Petr,Cech,Cech,Arsenal,GKP,134,3097,0,0,12,37,2,660,819.8,0.1,0.0,82.0,,,54,13.7,
2016-17,3,Laurent,Koscielny,Koscielny,Arsenal,DEF,121,2821,2,1,10,37,19,723,831.2,53.9,239.0,112.7,,,61,11.2,
2016-17,4,Per,Mertesacker,Mertesacker,Arsenal,DEF,1,38,0,0,0,1,0,5,17.8,0.1,0.0,1.8,,,48,0.2,
2016-17,5,Gabriel Armando,de Abreu,Gabriel,Arsenal,DEF,45,1517,0,0,5,18,2,296,295.8,84.5,119.0,50.0,,,48,0.8,
2016-17,6,Héctor,Bellerín,Bellerín,Arsenal,DEF,119,2503,1,5,10,34,12,569,437.6,508.3,395.0,133.8,,,65,13.9,
2016-17,7,Kieran,Gibbs,Gibbs,Arsenal,DEF,45,702,0,1,6,3,3,201,142.4,171.4,117.0,43.1,,,47,1.7,
2016-17,8,Mathieu,Debuchy,Debuchy,Arsenal,DEF,1,15,0,0,0,0,0,2,1.0,1.4,0.0,0.2,,,46,0.2,
2016-17,9,Carl,Jenkinson,Jenkinson,Arsenal,DEF,2,82,0,0,0,1,0,12,19.4,2.0,0.0,2.1,,,48,0.1,
2016-17,10,Nacho,Monreal,Monreal,Arsenal,DEF,115,3153,0,3,11,43,9,681,554.0,280.3,220.0,105.8,,,59,6.4,
2016-17,11,Calum,Chambers,Chambers,Middlesbrough,DEF,83,2250,2,1,7,37,7,499,692.2,107.0,80.0,88.0,,,43,3.4,
2016-17,12,Alexis,Sánchez,Sánchez,Arsenal,MID,264,3217,24,11,13,41,32,834,1357.8,1278.3,1896.0,453.4,,,117,29.7,
2016-17,13,Theo,Walcott,Walcott,Arsenal,MID,122,1916,10,3,8,26,7,380,541.8,280.5,1023.0,184.1,,,72,4.2,
2016-17,14,Mesut,Özil,Özil,Arsenal,MID,167,2841,8,11,12,30,19,729,834.4,1649.3,734.0,322.0,,,95,7.5,
2016-17,15,Santiago,Cazorla,Cazorla,Arsenal,MID,38,618,2,2,4,5,5,159,198.2,221.7,89.0,50.8,,,70,1.4,
2016-17,16,Aaron,Ramsey,Ramsey,Arsenal,MID,56,1236,1,4,4,20,3,240,257.2,361.2,496.0,111.3,,,76,1.1,
2016-17,17,Jack,Wilshere,Wilshere,Bournemouth,MID,61,1950,0,3,5,45,2,312,308.4,544.4,321.0,116.8,,,58,0.5,
2016-17,18,Alex,Oxlade-Chamberlain,Chamberlain,Arsenal,MID,83,1564,2,7,4,22,3,393,435.4,519.9,416.0,137.5,,,58,1.4,
2016-17,19,Serge,Gnabry,Gnabry,Arsenal,MID,0,0,0,0,0,0,0,0,0.0,0.0,0.0,0.0,,,50,0.0,
2016-17,20,Francis,Coquelin,Coquelin,Arsenal,MID,52,1779,0,1,5,27,1,303,291.6,314.1,117.0,72.4,,,42,1.9,
2016-17,21,Alex,Iwobi,Iwobi,Arsenal,MID,89,1456,3,5,9,20,8,352,326.4,467.8,592.0,138.7,,,53,1.1,
2016-17,22,Mohamed,Elneny,Elneny,Arsenal,MID,26,694,0,1,3,9,0,133,89.0,108.6,116.0,31.1,,,45,0.4,
2016-17,23,Joel,Campbell,Campbell,Arsenal,MID,0,0,0,0,0,0,0,0,0.0,0.0,0.0,0.0,,,59,0.0,
2016-17,24,Granit,Xhaka,Xhaka,Arsenal,MID,85,2483,2,3,10,32,7,506,488.8,626.2,193.0,130.8,,,52,3.2,
2016-17,25,Olivier,Giroud,Giroud,Arsenal,FWD,116,1206,12,5,4,16,17,432,522.6,275.1,797.0,158.9,,,81,4.7,
2016-17,26,Danny,Welbeck,Welbeck,Arsenal,FWD,37,748,2,2,3,11,0,117,144.8,89.9,321.0,55.5,,,73,0.8,
2016-17,27,Yaya,Sanogo,Sanogo,Arsenal,FWD,0,0,0,0,0,0,0,0,0.0,0.0,0.0,0.0,,,46,0.1,
2016-17,28,Takuma,Asano,Asano,Arsenal,FWD,0,0,0,0,0,0,0,0,0.0,0.0,0.0,0.0,,,49,0.0,
2016-17,29,Artur,Boruc,Boruc,Bournemouth,GKP,120,3150,0,0,9,63,7,657,815.4,10.0,0.0,82.4,,,45,6.2,
2016-17,30,Adam,Federici,Federici,Bournemouth,GKP,8,180,0,0,1,3,1,37,34.4,0.0,0.0,3.5,,,44,0.1,
2016-17,31,Simon,Francis,Francis,Bournemouth,DEF,89,2938,0,1,10,54,7,639,748.2,291.2,130.0,117.3,,,45,1.4,
2016-17,32,Steve,Cook,Steve Cook,Bournemouth,DEF,112,3420,2,0,10,67,17,777,1123.0,66.2,391.0,158.2,,,48,3.2,
2016-17,33,Charlie,Daniels,Daniels,Bournemouth,DEF,134,3060,4,3,10,53,14,692,698.2,528.3,302.0,152.9,,,52,9.9,
2016-17,34,Adam,Smith,Smith,Bournemouth,DEF,104,3101,1,5,8,61,12,645,566.6,509.8,242.0,132.1,,,46,7.0,
2016-17,35,Tyrone,Mings,Mings,Bournemouth,DEF,4,506,0,0,0,16,2,89,125.4,18.3,45.0,18.9,,,45,0.0,
2016-17,36,Nathan,Aké,Aké,Chelsea,DEF,55,834,3,1,3,20,8,267,373.2,55.5,147.0,57.5,,,39,6.1,
2016-17,37,Harry,Arter,Arter,Bournemouth,MID,84,2956,1,4,9,62,6,513,482.0,533.0,343.0,135.4,,,50,0.3,
2016-17,38,Marc,Pugh,Pugh,Bournemouth,MID,64,1329,2,3,5,24,6,224,238.6,304.6,290.0,83.3,,,46,0.4,
2016-17,39,Andrew,Surman,Surman,Bournemouth,MID,44,1800,0,1,4,38,0,288,256.8,223.8,90.0,57.0,,,46,0.1,
2016-17,40,Eunan,O'Kane,O'Kane,Bournemouth,MID,0,0,0,0,0,0,0,0,0.0,0.0,0.0,0.0,,,44,0.3,
2016-17,41,Shaun,MacDonald,MacDonald,Bournemouth,MID,0,0,0,0,0,0,0,0,0.0,0.0,0.0,0.0,,,45,0.1,
2016-17,42,Junior,Stanislas,Stanislas,Bournemouth,MID,107,1467,7,6,4,29,13,372,454.6,406.9,418.0,128.0,,,46,1.3,
2016-17,43,Dan,Gosling,Gosling,Bournemouth,MID,49,1366,2,0,4,24,2,254,254.0,181.7,168.0,60.5,,,47,0.1,
2016-17,44,Max,Gradel,Gradel,Bournemouth,MID,8,134,0,0,0,1,0,24,24.6,18.2,70.0,10.8,,,50,0.1,
2016-17,45,Emerson,Hyndman,Hyndman,Bournemouth,MID,0,0,0,0,0,0,0,0,0.0,0.0,0.0,0.0,,,44,0.0,
2016-17,46,Jordon,Ibe,Ibe,Bournemouth,MID,36,1055,0,0,3,22,0,133,113.0,268.3,235.0,61.5,,,49,1.1,
2016-17,47,Lewis,Cook,Lewis Cook,Bournemouth,MID,17,432,0,2,1,7,1,81,100.8,89.8,28.0,21.8,,,42,0.8,
2016-17,48,Joshua,King,King,Bournemouth,MID,178,2714,16,3,9,54,17,553,835.2,474.6,1007.0,231.6,,,62,19.3,
2016-17,49,Callum,Wilson,Callum Wilson,Bournemouth,FWD,63,1361,6,1,6,25,2,170,229.0,125.7,487.0,82.2,,,60,1.1,
2016-17,50,Tokelo,Rantie,Rantie,Bournemouth,FWD,0,0,0,0,0,0,0,0,0.0,0.0,0.0,0.0,,,45,0.3,
2016-17,51,Lewis,Grabban,Grabban,Bournemouth,FWD,6,60,0,1,0,2,0,17,24.2,11.8,17.0,5.3,,,43,2.9,
2016-17,52,Benik,Afobe,Afobe,Bournemouth,FWD,88,1458,6,5,5,24,9,259,350.0,320.7,639.0,130.8,,,53,1.2,
2016-17,53,Lys,Mousset,Mousset,Bournemouth,FWD,14,270,0,1,1,4,0,22,27.8,39.6,109.0,16.1,,,51,0.1,
2016-17,54,Tom,Heaton,Heaton,Burnley,GKP,149,3150,0,0,10,48,21,741,1001.6,30.3,0.0,103.2,,,51,18.6,
2016-17,55,Matthew,Lowton,Lowton,Burnley,DEF,90,3240,0,2,9,53,5,631,770.6,491.5,80.0,134.2,,,45,0.8,
2016-17,56,Ben,Mee,Mee,Burnley,DEF,94,3015,1,2,9,49,6,592,890.0,93.7,281.0,126.7,,,44,2.2,
2016-17,57,Stephen,Ward,Ward,Burnley,DEF,91,3230,1,1,8,53,3,596,644.6,409.9,128.0,118.3,,,45,1.6,
2016-17,58,Michael,Keane,Keane,Burnley,DEF,113,3150,2,1,10,49,10,619,930.8,96.7,557.0,158.6,,,50,3.3,
2016-17,59,James,Tarkowski,Tarkowski,Burnley,DEF,23,568,0,0,1,11,0,111,146.2,53.4,81.0,27.5,,,40,1.8,
2016-17,60,Tendayi,Darikwa,Darikwa,Burnley,DEF,0,0,0,0,0,0,0,0,0.0,0.0,0.0,0.0,,,42,0.1,
2016-17,61,David,Jones,Jones,Burnley,MID,1,86,0,0,0,1,0,8,0.0,11.7,2.0,1.3,,,50,0.0,
2016-17,62,George,Boyd,Boyd,Burnley,MID,92,2837,2,2,9,45,2,386,330.6,268.4,376.0,97.2,,,51,0.2,
2016-17,63,Scott,Arfield,Arfield,Burnley,MID,69,2103,1,2,6,36,3,253,210.2,556.5,393.0,115.7,,,52,0.1,
2016-17,64,Dean,Marney,Marney,Burnley,MID,51,1764,1,2,5,28,1,239,244.4,88.7,73.0,40.5,,,43,0.4,
2016-17,65,Fredrik,Ulvestad,Ulvestad,Burnley,MID,0,0,0,0,0,0,0,0,0.0,0.0,0.0,0.0,,,44,0.1,
2016-17,66,Michael,Kightly,Kightly,Burnley,MID,6,104,0,0,0,1,0,20,2.8,9.3,4.0,1.5,,,42,0.6,
2016-17,67,Sam,Vokes,Vokes,Burnley,FWD,121,2064,10,4,5,34,12,394,500.0,248.1,907.0,164.6,,,57,3.2,
2016-17,68,Andre,Gray,Gray,Burnley,FWD,108,2260,9,3,8,33,10,303,415.6,320.2,648.0,137.4,,,60,4.0,
2016-17,69,Lukas,Jutkiewicz,Jutkiewicz,Burnley,FWD,2,13,0,0,0,0,0,5,0.4,1.0,2.0,0.3,,,43,0.6,
2016-17,70,Ashley,Barnes,Barnes,Burnley,FWD,81,1774,6,3,6,27,10,241,328.8,277.1,663.0,125.5,,,46,4.3,
2016-17,71,Rouwen,Hennings,Hennings,Burnley,FWD,0,0,0,0,0,0,0,0,0.0,0.0,0.0,0.0,,,45,0.0,
2016-17,72,Chris,Long,Long,Burnley,FWD,0,0,0,0,0,0,0,0,0.0,0.0,0.0,0.0,,,45,0.3,
2016-17,73,Thibaut,Courtois,Courtois,Chelsea,GKP,141,3240,0,0,16,28,0,623,517.6,0.0,0.0,52.0,,,59,14.1,
2016-17,74,Asmir,Begovic,Begovic,Chelsea,GKP,2,180,0,0,0,5,0,17,13.2,0.0,0.0,1.3,,,46,0.2,
2016-17,75,John,Terry,Terry,Chelsea,DEF,21,496,1,0,1,9,0,97,104.6,24.3,104.0,23.3,,,52,1.9,
2016-17,76,Branislav,Ivanovic,Ivanovic,Chelsea,DEF,23,589,0,1,1,9,2,143,114.6,69.4,112.0,29.4,,,56,2.7,
2016-17,77,César,Azpilicueta,Azpilicueta,Chelsea,DEF,170,3420,1,5,16,33,22,872,792.8,422.8,150.0,136.8,,,64,18.1,
2016-17,78,Gary,Cahill,Cahill,Chelsea,DEF,178,3296,6,0,17,29,15,778,831.6,100.8,400.0,133.3,,,67,15.3,
2016-17,79,Kurt,Zouma,Zouma,Chelsea,DEF,15,250,0,1,0,8,3,69,60.6,13.5,4.0,7.8,,,53,0.3,
2016-17,80,Abdul Rahman,Baba,Baba Rahman,Chelsea,DEF,0,0,0,0,0,0,0,0,0.0,0.0,0.0,0.0,,,55,0.0,
2016-17,81,Matt,Miazga,Miazga,Chelsea,DEF,0,0,0,0,0,0,0,0,0.0,0.0,0.0,0.0,,,44,0.1,
2016-17,82,Eden,Hazard,Hazard,Chelsea,MID,224,2985,16,9,17,29,33,869,1044.6,1306.8,1162.0,351.6,,,105,30.6,
2016-17,83,Cesc,Fàbregas,Fàbregas,Chelsea,MID,121,1340,5,15,4,14,14,529,635.0,881.8,325.0,184.1,,,70,3.3,
2016-17,84,Oscar,dos Santos Emboaba Junior,Oscar,Chelsea,MID,17,455,0,1,1,6,0,104,97.4,197.4,128.0,42.2,,,71,0.5,
2016-17,85,Juan,Cuadrado,Cuadrado,Chelsea,MID,0,0,0,0,0,0,0,0,0.0,0.0,0.0,0.0,,,69,0.5,
2016-17,86,Willian,Borges Da Silva,Willian,Chelsea,MID,114,1534,8,3,6,19,13,441,491.4,809.4,522.0,182.1,,,70,3.5,
2016-17,87,Nemanja,Matic,Matic,Chelsea,MID,105,2694,1,8,15,24,1,550,546.8,447.1,279.0,127.5,,,48,3.9,
2016-17,88,Ruben,Loftus-Cheek,Loftus-Cheek,Chelsea,MID,6,35,0,0,0,0,0,16,3.8,3.9,25.0,3.4,,,50,0.1,
2016-17,89,John Obi,Mikel,Mikel,Chelsea,MID,0,0,0,0,0,0,0,0,0.0,0.0,0.0,0.0,,,44,0.1,
2016-17,90,Pedro,Rodríguez Ledesma,Pedro,Chelsea,MID,162,2140,9,10,15,15,18,580,639.0,697.9,669.0,198.8,,,68,8.5,
2016-17,91,Bertrand,Traore,Traore,Chelsea,MID,0,0,0,0,0,0,0,0,0.0,0.0,0.0,0.0,,,54,0.0,
2016-17,92,Victor,Moses,Moses,Chelsea,MID,105,2485,3,3,17,15,6,476,528.6,456.2,683.0,166.7,,,55,2.2,
2016-17,93,Marco,Van Ginkel,Van Ginkel,Chelsea,MID,0,0,0,0,0,0,0,0,0.0,0.0,0.0,0.0,,,49,0.0,
2016-17,94,Robert Kenedy,Nunes do Nascimento,Kenedy,Chelsea,MID,3,90,0,0,0,3,0,8,1.8,11.8,46.0,6.0,,,51,0.0,
2016-17,95,N'Golo,Kanté,Kanté,Chelsea,MID,83,3138,1,1,13,33,1,554,515.4,432.8,244.0,119.0,,,47,11.7,
2016-17,96,Michy,Batshuayi,Batshuayi,Chelsea,FWD,48,254,5,1,0,3,4,169,193.2,40.9,277.0,50.7,,,84,1.2,
2016-17,97,Diego,Da Silva Costa,Costa,Chelsea,FWD,196,3083,20,11,14,30,25,657,982.6,687.9,1891.0,355.0,,,104,32.2,
2016-17,98,Loïc,Remy,Remy,Crystal Palace,FWD,6,134,0,0,1,3,0,17,20.0,26.9,60.0,10.2,,,62,0.2,
2016-17,99,Julian,Speroni,Speroni,Crystal Palace,GKP,0,0,0,0,0,0,0,0,0.0,0.0,0.0,0.0,,,43,0.2,
2016-17,100,Wayne,Hennessey,Hennessey,Crystal Palace,GKP,92,2610,0,0,7,46,4,497,600.4,31.1,0.0,63.2,,,43,3.1,
2016-17,101,Alex,McCarthy,McCarthy,Southampton,GKP,0,0,0,0,0,0,0,0,0.0,0.0,0.0,0.0,,,43,0.1,
2016-17,102,Steve,Mandanda,Mandanda,Crystal Palace,GKP,19,810,0,0,0,17,0,120,182.8,0.0,0.0,18.2,,,42,1.9,
2016-17,103,James,Tomkins,Tomkins,Crystal Palace,DEF,75,1974,3,0,6,36,5,359,471.0,35.7,213.0,72.1,,,48,0.2,
2016-17,104,Scott,Dann,Dann,Crystal Palace,DEF,61,1752,3,1,2,36,4,310,459.0,73.1,426.0,96.0,,,51,2.1,
2016-17,105,Joel,Ward,Ward,Crystal Palace,DEF,86,3417,0,1,7,63,7,568,608.2,263.7,129.0,100.4,,,48,0.9,
2016-17,106,Martin,Kelly,Kelly,Crystal Palace,DEF,46,2124,0,2,2,44,0,323,421.8,125.1,61.0,61.0,,,42,0.6,
2016-17,107,Damien,Delaney,Delaney,Crystal Palace,DEF,51,2014,0,2,3,39,3,344,496.6,79.6,67.0,64.1,,,48,0.5,
2016-17,108,Pape,Souaré,Souaré,Crystal Palace,DEF,6,270,0,0,0,3,0,37,53.6,33.5,9.0,9.7,,,41,0.2,
2016-17,109,Yannick,Bolasie,Bolasie,Everton,MID,45,1048,1,4,3,14,3,172,238.0,326.7,252.0,81.8,,,56,1.7,
2016-17,110,Jason,Puncheon,Puncheon,Crystal Palace,MID,92,3093,0,6,7,53,6,500,500.2,941.8,448.0,188.7,,,51,0.7,
2016-17,111,Wilfried,Zaha,Zaha,Crystal Palace,MID,149,3019,7,11,7,56,13,481,740.4,606.4,865.0,221.2,,,58,11.9,
2016-17,112,Mile,Jedinak,Jedinak,Crystal Palace,MID,2,90,0,0,0,1,0,8,11.8,31.2,0.0,4.3,,,45,0.1,
2016-17,113,Joe,Ledley,Ledley,Crystal Palace,MID,40,1160,1,1,2,26,1,201,158.2,109.9,48.0,31.5,,,43,0.4,
2016-17,114,James,McArthur,McArthur,Crystal Palace,MID,93,1999,5,3,3,39,8,363,400.4,284.5,300.0,97.7,,,47,1.0,
2016-17,115,Jordon,Mutch,Mutch,Crystal Palace,MID,4,53,0,0,0,1,0,17,15.6,14.1,0.0,3.1,,,42,0.3,
2016-17,116,Jonathan,Williams,Williams,Crystal Palace,MID,0,0,0,0,0,0,0,0,0.0,0.0,0.0,0.0,,,45,0.0,
2016-17,117,Chung-yong,Lee,Lee Chung-yong,Crystal Palace,MID,24,471,0,1,2,13,0,103,71.2,125.0,44.0,23.9,,,42,0.3,
2016-17,118,Yohan,Cabaye,Cabaye,Crystal Palace,MID,91,2125,4,4,7,41,6,411,427.4,568.0,478.0,146.8,,,56,1.1,
2016-17,119,Bakary,Sako,Sako,Crystal Palace,MID,7,142,0,0,0,5,0,29,21.8,31.6,32.0,8.7,,,53,0.0,
2016-17,120,Andros,Townsend,Townsend,Crystal Palace,MID,116,2520,3,7,7,38,16,492,552.4,852.4,511.0,191.3,,,57,2.2,
2016-17,121,Fraizer,Campbell,Campbell,Crystal Palace,FWD,16,165,1,0,0,4,0,56,42.4,25.9,84.0,15.2,,,44,1.0,
2016-17,122,Connor,Wickham,Wickham,Crystal Palace,FWD,18,412,2,0,0,6,0,59,87.6,36.2,132.0,25.0,,,55,0.3,
2016-17,123,Joel,Robles,Robles,Everton,GKP,89,1737,0,1,10,20,5,407,439.2,10.0,0.0,44.9,,,47,0.9,
2016-17,124,Maarten,Stekelenburg,Stekelenburg,Everton,GKP,68,1683,0,0,4,24,3,309,350.4,0.1,0.0,35.1,,,47,1.7,
2016-17,125,Leighton,Baines,Baines,Everton,DEF,135,2819,2,5,11,34,15,647,570.8,695.0,151.0,141.9,,,58,11.0,
2016-17,126,Seamus,Coleman,Coleman,Everton,DEF,133,2316,4,4,10,28,15,548,596.0,308.9,297.0,120.3,,,56,4.0,
2016-17,127,Phil,Jagielka,Jagielka,Everton,DEF,104,2251,3,3,6,32,16,533,751.4,71.7,278.0,110.1,,,49,7.5,
2016-17,128,John,Stones,Stones,Man City,DEF,59,2014,0,0,4,29,4,435,441.4,78.0,174.0,69.7,,,46,13.3,
2016-17,129,Brendan,Galloway,Galloway,Everton,DEF,9,247,0,0,1,3,0,44,33.0,18.4,25.0,7.5,,,40,0.2,
2016-17,130,Tyias,Browning,Browning,Everton,DEF,0,0,0,0,0,0,0,0,0.0,0.0,0.0,0.0,,,39,2.0,
2016-17,131,Matthew,Pennington,Pennington,Everton,DEF,9,180,1,0,0,6,0,37,63.8,10.7,33.0,10.8,,,39,0.9,
2016-17,132,Ramiro,Funes Mori,Funes Mori,Everton,DEF,69,1543,0,1,7,19,4,365,346.2,64.0,129.0,54.0,,,45,1.4,
2016-17,133,Kevin,Mirallas,Mirallas,Everton,MID,119,2074,4,8,11,26,8,420,439.6,682.1,739.0,185.4,,,59,2.2,
2016-17,134,Ross,Barkley,Barkley,Everton,MID,144,2900,5,11,12,36,11,534,692.4,1237.6,973.0,290.3,,,70,6.6,
2016-17,135,Tom,Cleverley,Cleverley,Watford,MID,55,1848,0,3,3,40,0,294,255.2,438.1,93.0,78.7,,,51,0.1,
2016-17,136,James,McCarthy,McCarthy,Everton,MID,23,613,1,1,0,10,0,100,119.8,80.4,84.0,28.6,,,47,0.2,
2016-17,137,Gareth,Barry,Barry,Everton,MID,68,2109,2,1,7,28,3,371,509.4,400.6,244.0,115.0,,,43,3.2,
2016-17,138,Darron,Gibson,Gibson,Sunderland,MID,17,640,0,0,1,12,0,101,72.4,51.5,16.0,13.8,,,43,0.1,
2016-17,139,Muhamed,Besic,Besic,Everton,MID,0,0,0,0,0,0,0,0,0.0,0.0,0.0,0.0,,,43,0.0,
2016-17,140,Bryan,Oviedo,Oviedo,Sunderland,MID,29,1323,0,0,3,26,0,223,250.6,155.4,37.0,44.4,,,42,0.1,
2016-17,141,Gerard,Deulofeu,Deulofeu,Everton,MID,13,460,0,0,0,6,0,53,54.6,150.8,115.0,32.0,,,59,0.8,
2016-17,142,Aaron,Lennon,Lennon,Everton,MID,22,509,0,1,2,5,0,104,78.0,93.4,54.0,22.3,,,55,0.2,
2016-17,143,Romelu,Lukaku,Lukaku,Everton,FWD,221,3266,25,6,13,42,33,824,1171.6,701.4,1670.0,354.1,,,101,32.2,
2016-17,144,Arouna,Koné,Koné,Everton,FWD,6,78,0,0,0,3,0,17,7.8,19.6,22.0,4.9,,,51,0.7,
2016-17,145,Oumar,Niasse,Niasse,Hull,FWD,44,1096,4,1,2,30,3,125,205.8,163.0,417.0,76.8,,,55,0.4,
2016-17,146,Allan,McGregor,McGregor,Hull,GKP,0,0,0,0,0,0,0,0,0.0,0.0,0.0,0.0,,,44,0.0,
2016-17,147,Eldin,Jakupovic,Jakupovic,Hull,GKP,86,1980,0,0,5,36,7,431,554.2,0.3,4.0,55.8,,,41,21.9,
2016-17,148,Brian,Lenihan,Lenihan,Hull,DEF,0,0,0,0,0,0,0,0,0.0,0.0,0.0,0.0,,,39,1.1,
2016-17,149,Curtis,Davies,Davies,Hull,DEF,38,2135,0,2,1,53,3,368,644.6,33.0,128.0,80.5,,,49,1.3,
2016-17,150,Michael,Dawson,Dawson,Hull,DEF,46,1722,3,0,1,44,4,311,573.6,46.3,236.0,85.5,,,42,0.5,
2016-17,151,Moses,Odubajo,Odubajo,Hull,DEF,0,0,0,0,0,0,0,0,0.0,0.0,0.0,0.0,,,44,0.0,
2016-17,152,Andrew,Robertson,Robertson,Hull,DEF,73,2736,1,2,5,59,4,488,502.6,352.8,100.0,95.6,,,44,1.9,
2016-17,153,Harry,Maguire,Maguire,Hull,DEF,71,2307,2,3,4,53,5,483,707.6,157.2,439.0,130.6,,,44,0.8,
2016-17,154,Alex,Bruce,Bruce,Hull,DEF,0,0,0,0,0,0,0,0,0.0,0.0,0.0,0.0,,,40,0.1,
2016-17,155,Robert,Snodgrass,Snodgrass,West Ham,MID,133,2548,7,6,3,56,16,503,550.2,1050.1,538.0,212.3,,,55,6.3,
2016-17,156,Sam,Clucas,Clucas,Hull,MID,87,3186,3,1,5,75,4,509,482.2,344.2,405.0,122.5,,,47,0.2,
2016-17,157,Jake,Livermore,Livermore,West Brom,MID,77,2970,1,1,4,62,2,458,556.4,323.5,283.0,116.5,,,47,0.1,
2016-17,158,Ahmed,Elmohamady,Elmohamady,Hull,MID,62,2523,0,2,3,63,1,428,464.4,428.6,108.0,99.9,,,46,0.2,
2016-17,159,Mohamed,Diamé,Diamé,Hull,MID,0,0,0,0,0,0,0,0,0.0,0.0,0.0,0.0,,,55,0.0,
2016-17,160,Tom,Huddlestone,Huddlestone,Hull,MID,62,2025,1,2,4,47,5,348,344.4,300.3,130.0,77.6,,,45,0.2,
2016-17,161,David,Meyler,Meyler,Hull,MID,33,962,1,0,2,23,0,179,164.6,123.6,81.0,37.1,,,44,0.2,
2016-17,162,Shaun,Maloney,Maloney,Hull,MID,24,283,1,2,1,7,2,86,104.6,70.4,58.0,23.4,,,43,0.5,
2016-17,163,Abel,Hernández,Hernández,Hull,FWD,72,1425,4,4,4,23,6,208,219.4,190.4,532.0,93.6,,,59,0.9,
2016-17,164,Adama,Diomande,Diomande,Hull,FWD,42,1171,2,0,2,29,2,127,141.0,195.4,259.0,58.7,,,43,3.6,
2016-17,165,Kasper,Schmeichel,Schmeichel,Leicester,GKP,109,2666,0,0,8,47,10,585,757.4,0.0,0.0,75.8,,,49,6.0,
2016-17,166,Ron-Robert,Zieler,Zieler,Leicester,GKP,17,754,0,0,1,16,0,119,136.0,0.0,2.0,13.9,,,44,0.3,
2016-17,167,Wes,Morgan,Morgan,Leicester,DEF,63,2430,1,1,5,45,0,360,480.0,48.4,284.0,81.4,,,46,10.3,
2016-17,168,Christian,Fuchs,Fuchs,Leicester,DEF,104,3103,2,4,8,57,10,679,802.0,536.4,152.0,149.4,,,53,5.7,
2016-17,169,Jeffrey,Schlupp,Schlupp,Crystal Palace,DEF,47,1139,0,2,3,17,4,237,214.2,100.4,65.0,38.1,,,47,0.3,
2016-17,170,Marcin,Wasilewski,Wasilewski,Leicester,DEF,1,90,0,0,0,2,0,10,10.8,0.3,0.0,1.1,,,39,1.8,
2016-17,171,Ritchie,de Laet,de Laet,Leicester,DEF,0,0,0,0,0,0,0,0,0.0,0.0,0.0,0.0,,,44,0.1,
2016-17,172,Danny,Simpson,Simpson,Leicester,DEF,85,2988,0,3,9,50,4,529,531.2,199.0,50.0,77.9,,,49,2.1,
2016-17,173,Robert,Huth,Huth,Leicester,DEF,88,2926,2,2,9,49,1,479,701.0,69.4,477.0,124.9,,,49,1.8,
2016-17,174,Yohan,Benalouane,Benalouane,Leicester,DEF,27,917,0,0,4,15,0,156,158.2,22.0,54.0,23.6,,,40,1.0,
2016-17,175,Luis,Hernández,Hernández,Leicester,DEF,3,327,0,0,0,8,0,50,57.6,62.0,0.0,12.0,,,42,0.3,
2016-17,176,Riyad,Mahrez,Mahrez,Leicester,MID,120,2826,6,4,9,48,9,437,573.0,802.1,898.0,227.8,,,89,8.2,
2016-17,177,Marc,Albrighton,Albrighton,Leicester,MID,95,2412,2,6,8,47,3,468,483.8,719.8,272.0,147.6,,,50,2.5,
2016-17,178,Andy,King,King,Leicester,MID,41,1446,1,0,1,26,1,217,258.4,122.7,167.0,54.9,,,47,0.2,
2016-17,179,Daniel,Drinkwater,Drinkwater,Leicester,MID,69,2466,1,1,8,44,3,384,401.8,307.1,213.0,92.0,,,53,3.6,
2016-17,180,Gökhan,Inler,Inler,Leicester,MID,0,0,0,0,0,0,0,0,0.0,0.0,0.0,0.0,,,44,0.1,
2016-17,181,Demarai,Gray,Gray,Leicester,MID,58,1049,1,4,4,20,0,210,220.4,268.8,233.0,72.2,,,48,0.5,
2016-17,182,Daniel,Amartey,Amartey,Leicester,MID,53,1673,1,1,4,35,3,262,254.4,204.0,109.0,57.0,,,43,0.2,
2016-17,183,Nampalys,Mendy,Mendy,Leicester,MID,6,269,0,0,1,5,0,26,16.8,24.9,0.0,4.0,,,44,0.3,
2016-17,184,Jamie,Vardy,Vardy,Leicester,FWD,161,2801,13,8,7,57,24,555,629.8,450.4,955.0,202.5,,,99,13.9,
2016-17,185,Leonardo,Ulloa,Ulloa,Leicester,FWD,24,447,1,0,2,5,1,56,60.8,55.7,262.0,37.4,,,55,0.1,
2016-17,186,Shinji,Okazaki,Okazaki,Leicester,FWD,63,1565,3,1,7,26,3,220,181.2,262.0,471.0,90.4,,,56,1.6,
2016-17,187,Ahmed,Musa,Musa,Leicester,FWD,39,761,2,0,1,20,5,131,132.6,120.8,232.0,47.7,,,69,3.0,
2016-17,188,Simon,Mignolet,Mignolet,Liverpool,GKP,110,2520,0,0,9,30,7,506,461.2,0.0,0.0,46.0,,,48,3.5,
2016-17,189,Loris,Karius,Karius,Liverpool,GKP,32,900,0,0,3,12,0,153,149.4,0.0,0.0,15.0,,,43,0.7,
2016-17,190,Mamadou,Sakho,Sakho,Crystal Palace,DEF,35,686,0,0,4,6,6,155,143.4,48.7,40.0,23.2,,,47,0.6,
2016-17,191,Dejan,Lovren,Lovren,Liverpool,DEF,106,2553,2,1,11,31,6,589,715.4,119.2,236.0,107.1,,,49,5.6,
2016-17,192,Alberto,Moreno,Moreno,Liverpool,DEF,15,305,0,1,0,7,1,79,64.6,78.3,32.0,17.5,,,44,1.4,
2016-17,193,Nathaniel,Clyne,Clyne,Liverpool,DEF,129,3323,0,2,12,41,13,735,512.0,716.5,294.0,152.4,,,59,10.3,
2016-17,194,Jon,Flanagan,Flanagan,Burnley,DEF,9,360,0,0,1,4,0,55,63.8,16.4,0.0,8.0,,,43,0.2,
2016-17,195,Joseph,Gomez,Gomez,Liverpool,DEF,0,0,0,0,0,0,0,0,0.0,0.0,0.0,0.0,,,48,0.0,
2016-17,196,Connor,Randall,Randall,Liverpool,DEF,0,0,0,0,0,0,0,0,0.0,0.0,0.0,0.0,,,39,1.7,
2016-17,197,Bradley,Smith,Smith,Bournemouth,DEF,4,269,0,0,0,9,0,35,28.6,30.3,27.0,8.6,,,39,2.5,
2016-17,198,Kevin,Stewart,Stewart,Liverpool,DEF,4,20,0,0,0,0,0,12,3.6,0.4,0.0,0.4,,,42,0.1,
2016-17,199,Joel,Matip,Matip,Liverpool,DEF,97,2457,1,0,9,25,7,557,588.6,143.3,348.0,108.0,,,54,3.2,
2016-17,200,Leiva,Lucas,Lucas,Liverpool,MID,47,1112,0,3,4,17,2,240,306.4,102.9,99.0,51.1,,,44,0.2,
2016-17,201,Jordan,Henderson,Henderson,Liverpool,MID,73,2116,1,4,7,28,9,467,507.4,554.3,93.0,115.5,,,62,1.0,
2016-17,202,Joe,Allen,Allen,Stoke,MID,118,2930,6,3,10,49,10,525,576.8,539.8,675.0,179.4,,,49,6.4,
2016-17,203,Philippe,Coutinho,Coutinho,Liverpool,MID,171,2228,13,8,8,27,21,631,860.0,1081.8,1125.0,306.5,,,87,26.0,
2016-17,204,Emre,Can,Can,Liverpool,MID,104,2371,5,2,9,28,12,436,512.2,544.5,500.0,155.3,,,48,3.0,
2016-17,205,Adam,Lallana,Lallana,Liverpool,MID,139,2338,8,7,9,32,14,543,679.4,693.0,825.0,219.5,,,67,9.1,
2016-17,206,Lazar,Markovic,Markovic,Hull,MID,37,1005,2,0,5,15,2,125,142.2,160.3,185.0,48.5,,,52,0.1,
2016-17,207,Oluwaseyi,Ojo,Sheyi Ojo,Liverpool,MID,0,0,0,0,0,0,0,0,0.0,0.0,0.0,0.0,,,47,0.0,
2016-17,208,James,Milner,Milner,Liverpool,MID,139,3154,7,4,12,35,16,682,919.0,937.0,493.0,235.2,,,63,4.8,
2016-17,209,Roberto,Firmino,Firmino,Liverpool,MID,180,3062,11,11,11,39,17,639,869.6,1127.3,1569.0,356.9,,,85,8.8,
2016-17,210,Cameron,Brannagan,Brannagan,Liverpool,MID,0,0,0,0,0,0,0,0,0.0,0.0,0.0,0.0,,,42,0.1,
2016-17,211,Pedro,Chirivella,Chirivella,Liverpool,MID,0,0,0,0,0,0,0,0,0.0,0.0,0.0,0.0,,,42,0.1,
2016-17,212,Sadio,Mané,Mané,Liverpool,MID,156,2242,13,7,8,26,14,502,727.0,660.7,1074.0,246.0,,,93,7.8,
2016-17,213,Christian,Benteke,Christian Benteke,Crystal Palace,FWD,136,3131,15,2,7,58,13,382,640.2,484.4,1762.0,286.1,,,72,9.5,
2016-17,214,Daniel,Sturridge,Sturridge,Liverpool,FWD,54,775,3,5,3,7,2,180,202.8,207.4,492.0,89.7,,,97,1.9,
2016-17,215,Mario,Balotelli,Balotelli,Liverpool,FWD,0,0,0,0,0,0,0,0,0.0,0.0,0.0,0.0,,,63,0.2,
2016-17,216,Danny,Ings,Ings,Liverpool,FWD,0,0,0,0,0,0,0,0,0.0,0.0,0.0,0.0,,,54,0.2,
2016-17,217,Divock,Origi,Origi,Liverpool,FWD,96,1469,7,4,7,18,8,297,360.0,264.4,551.0,116.1,,,60,5.5,
2016-17,218,Joe,Hart,Hart,Man City,GKP,0,0,0,0,0,0,0,0,0.0,0.0,0.0,0.0,,,53,1.0,
2016-17,219,Willy,Caballero,Caballero,Man City,GKP,64,1452,0,0,6,13,1,295,266.6,0.0,0.0,26.8,,,48,3.8,
2016-17,220,Aleksandar,Kolarov,Kolarov,Man City,DEF,95,2535,1,1,9,27,7,558,639.0,296.4,223.0,116.0,,,58,3.1,
2016-17,221,Pablo,Zabaleta,Zabaleta,Man City,DEF,45,1065,1,1,2,18,5,230,238.6,167.7,113.0,52.1,,,47,1.2,
2016-17,222,Vincent,Kompany,Kompany,Man City,DEF,57,820,3,0,5,6,6,227,249.0,32.9,123.0,40.6,,,60,3.2,
2016-17,223,Gaël,Clichy,Clichy,Man City,DEF,87,2123,1,0,8,24,9,493,407.4,314.8,38.0,76.1,,,52,1.9,
2016-17,224,Bacary,Sagna,Sagna,Man City,DEF,55,1346,0,1,6,14,3,316,223.2,152.1,53.0,42.8,,,53,1.7,
2016-17,225,Eliaquim,Mangala,Mangala,Man City,DEF,0,0,0,0,0,0,0,0,0.0,0.0,0.0,0.0,,,54,0.3,
2016-17,226,Nicolás,Otamendi,Otamendi,Man City,DEF,100,2592,1,2,9,28,10,640,772.4,125.6,276.0,117.6,,,59,3.2,
2016-17,227,Fabian,Delph,Delph,Man City,MID,13,224,1,0,0,4,0,62,68.2,42.3,43.0,15.3,,,47,0.1,
2016-17,228,Raheem,Sterling,Sterling,Man City,MID,149,2509,7,14,9,27,11,468,527.0,688.3,1170.0,237.7,,,75,10.6,
2016-17,229,Samir,Nasri,Nasri,Man City,MID,1,16,0,0,0,0,0,0,4.8,12.3,41.0,5.8,,,64,0.2,
2016-17,230,David,Silva,Silva,Man City,MID,130,2760,4,9,12,32,12,621,671.2,1388.4,801.0,286.2,,,86,2.8,
2016-17,231,Gnegneri Yaya,Touré,Yaya Touré,Man City,MID,86,1941,5,0,12,17,6,422,474.2,407.7,335.0,121.8,,,72,1.0,
2016-17,232,Jesús,Navas,Navas,Man City,MID,48,1064,0,3,2,17,6,245,161.0,359.9,163.0,68.3,,,61,0.6,
2016-17,233,Fernando,Luiz Rosa,Fernandinho,Man City,MID,78,2755,2,1,10,27,3,483,546.6,575.7,364.0,148.5,,,53,1.5,
2016-17,234,Fernando Francisco,Reges,Fernando,Man City,MID,18,568,0,0,1,10,1,106,115.2,65.7,29.0,21.0,,,47,0.2,
2016-17,235,Kevin,De Bruyne,De Bruyne,Man City,MID,199,2877,6,21,11,34,33,825,872.4,1702.0,790.0,336.6,,,105,10.4,
2016-17,236,Ilkay,Gündogan,Gündogan,Man City,MID,41,704,3,1,3,8,2,196,186.8,209.6,199.0,59.6,,,49,1.3,
2016-17,237,Manuel,Agudo Durán,Nolito,Man City,MID,54,777,4,3,3,7,2,170,210.0,238.4,411.0,85.6,,,84,1.0,
2016-17,238,Oleksandr,Zinchenko,Zinchenko,Man City,MID,0,0,0,0,0,0,0,0,0.0,0.0,0.0,0.0,,,53,0.0,
2016-17,239,Sergio,Agüero,Agüero,Man City,FWD,175,2404,20,5,8,30,32,640,871.8,518.2,1853.0,323.9,,,127,17.6,
2016-17,240,Wilfried,Bony,Bony,Stoke,FWD,29,684,2,0,3,12,3,92,103.0,116.9,271.0,49.0,,,69,0.6,
2016-17,241,Kelechi,Iheanacho,Iheanacho,Man City,FWD,52,537,4,3,1,9,6,180,224.0,193.7,463.0,87.4,,,60,2.3,
2016-17,242,David,de Gea,de Gea,Man Utd,GKP,136,3150,0,0,14,29,5,575,542.4,10.0,0.0,55.0,,,55,33.2,
2016-17,243,Sergio,Romero,Romero,Man Utd,GKP,23,180,0,0,2,0,3,80,77.2,0.0,0.0,7.7,,,47,0.2,
2016-17,244,Chris,Smalling,Smalling,Man Utd,DEF,52,1217,1,1,4,16,1,282,342.6,36.1,95.0,47.4,,,58,1.1,
2016-17,245,Phil,Jones,Jones,Man Utd,DEF,55,1584,0,0,5,14,4,362,437.8,35.2,89.0,56.3,,,45,0.7,
2016-17,246,Guillermo,Varela,Varela,Man Utd,DEF,0,0,0,0,0,0,0,0,0.0,0.0,0.0,0.0,,,45,0.0,
2016-17,247,Luke,Shaw,Shaw,Man Utd,DEF,45,688,0,3,4,6,4,202,139.2,160.5,64.0,36.5,,,52,6.4,
2016-17,248,Marcos,Rojo,Rojo,Man Utd,DEF,77,1663,1,0,8,13,7,394,446.4,71.0,147.0,66.5,,,52,0.7,
2016-17,249,Patrick,McNair,McNair,Sunderland,DEF,12,353,0,0,1,9,0,58,30.6,51.1,28.0,10.7,,,42,0.2,
2016-17,250,Antonio,Valencia,Valencia,Man Utd,DEF,120,2483,1,3,12,20,9,612,547.2,614.8,243.0,140.6,,,58,12.4,
2016-17,251,Matteo,Darmian,Darmian,Man Utd,DEF,70,1333,0,0,9,8,6,319,206.0,74.0,13.0,29.4,,,50,1.0,
2016-17,252,Cameron,Borthwick-Jackson,Borthwick-Jackson,Man Utd,DEF,0,0,0,0,0,0,0,0,0.0,0.0,0.0,0.0,,,44,0.0,
2016-17,253,Timothy,Fosu-Mensah,Fosu-Mensah,Man Utd,DEF,9,97,0,0,1,0,0,36,12.8,2.9,8.0,2.4,,,41,0.2,
2016-17,254,Daley,Blind,Blind,Man Utd,DEF,98,1830,1,2,9,17,14,525,534.0,426.6,122.0,108.2,,,52,4.7,
2016-17,255,Eric,Bailly,Bailly,Man Utd,DEF,105,2058,0,0,13,15,14,542,481.2,31.0,98.0,61.2,,,55,8.3,
2016-17,256,Juan,Mata,Mata,Man Utd,MID,102,1614,6,3,10,16,14,457,457.6,747.5,598.0,179.9,,,72,2.0,
2016-17,257,Marouane,Fellaini,Fellaini,Man Utd,MID,48,1604,1,0,10,14,0,259,299.0,281.9,333.0,90.9,,,58,0.3,
2016-17,258,Memphis,Depay,Depay,Man Utd,MID,3,24,0,0,0,1,0,6,1.2,1.8,4.0,0.7,,,71,0.2,
2016-17,259,Michael,Carrick,Carrick,Man Utd,MID,42,1601,0,0,5,14,0,297,288.0,209.3,48.0,54.5,,,42,1.7,
2016-17,260,Ashley,Young,Young,Man Utd,MID,26,760,0,1,4,6,1,154,147.4,167.0,61.0,37.6,,,50,0.1,
2016-17,261,Adnan,Januzaj,Januzaj,Sunderland,MID,49,1628,0,3,3,38,0,158,226.2,470.8,364.0,106.4,,,53,0.5,
2016-17,262,Ander,Herrera,Herrera,Man Utd,MID,97,2465,1,6,13,18,11,559,593.2,720.8,276.0,159.2,,,62,2.2,
2016-17,263,Andreas,Pereira,Pereira,Man Utd,MID,0,0,0,0,0,0,0,0,0.0,0.0,0.0,0.0,,,44,0.0,
2016-17,264,Morgan,Schneiderlin,Schneiderlin,Everton,MID,37,1073,1,0,5,14,1,214,216.2,112.3,90.0,42.0,,,45,0.4,
2016-17,265,Bastian,Schweinsteiger,Schweinsteiger,Man Utd,MID,0,0,0,0,0,0,0,0,0.0,0.0,0.0,0.0,,,51,0.1,
2016-17,266,Jesse,Lingard,Lingard,Man Utd,MID,60,1360,1,3,7,12,3,227,229.4,522.3,439.0,118.0,,,56,0.8,
2016-17,267,Anthony,Martial,Martial,Man Utd,MID,95,1553,4,6,9,13,9,302,382.8,399.1,579.0,136.2,,,92,2.5,
2016-17,268,Henrikh,Mkhitaryan,Mkhitaryan,Man Utd,MID,73,1348,4,1,10,8,3,279,325.8,512.2,427.0,126.2,,,87,2.1,
2016-17,269,Wayne,Rooney,Rooney,Man Utd,FWD,76,1540,5,5,6,16,9,322,394.2,593.8,616.0,160.2,,,86,2.4,
2016-17,270,James,Wilson,Wilson,Man Utd,FWD,0,0,0,0,0,0,0,0,0.0,0.0,0.0,0.0,,,50,0.1,
2016-17,271,Marcus,Rashford,Rashford,Man Utd,FWD,76,1712,5,3,7,15,2,287,316.2,411.4,734.0,145.5,,,64,10.6,
2016-17,272,Zlatan,Ibrahimovic,Ibrahimovic,Man Utd,FWD,163,2438,17,7,11,22,28,540,807.8,775.0,1694.0,327.3,,,114,22.8,
2016-17,273,Dimitrios,Konstantopoulos,Konstantopoulos,Middlesbrough,GKP,0,0,0,0,0,0,0,0,0.0,0.0,0.0,0.0,,,41,0.1,
2016-17,274,Víctor,Valdés,Valdés,Middlesbrough,GKP,102,2520,0,0,8,36,10,493,607.6,0.3,2.0,61.0,,,45,4.3,
2016-17,275,Daniel,Ayala,Ayala,Middlesbrough,DEF,31,918,1,0,3,16,0,174,220.8,10.4,166.0,39.8,,,47,0.1,
2016-17,276,George,Friend,Friend,Middlesbrough,DEF,59,1964,0,3,4,35,6,371,436.0,169.1,213.0,82.0,,,42,1.8,
2016-17,277,Dael,Fry,Fry,Middlesbrough,DEF,0,0,0,0,0,0,0,0,0.0,0.0,0.0,0.0,,,40,0.5,
2016-17,278,Ben,Gibson,Gibson,Middlesbrough,DEF,121,3420,1,1,11,53,14,682,818.4,55.7,248.0,112.2,,,49,8.8,
2016-17,279,Emilio,Nsue Lopez,Nsue,Middlesbrough,DEF,10,320,0,0,1,5,0,49,47.6,31.9,38.0,11.9,,,41,0.2,
2016-17,280,Bernardo,Espinosa Zúñiga,Bernardo,Middlesbrough,DEF,35,975,0,0,4,13,3,198,224.8,10.0,39.0,27.4,,,42,0.1,
2016-17,281,Albert,Adomah,Adomah,Middlesbrough,MID,3,122,0,0,0,2,0,6,8.4,20.5,33.0,6.0,,,54,0.0,
2016-17,282,Stewart,Downing,Downing,Middlesbrough,MID,77,2214,1,3,7,39,3,364,324.6,566.9,283.0,117.7,,,48,0.4,
2016-17,283,Adam,Clayton,Clayton,Middlesbrough,MID,70,2804,0,2,10,45,0,427,454.6,323.3,71.0,84.8,,,43,0.8,
2016-17,284,Grant,Leadbitter,Leadbitter,Middlesbrough,MID,28,710,1,0,3,12,1,125,93.4,139.9,88.0,31.9,,,43,0.0,
2016-17,285,Adam,Reach,Reach,Middlesbrough,MID,0,0,0,0,0,0,0,0,0.0,0.0,0.0,0.0,,,44,0.0,
2016-17,286,Adam,Forshaw,Forshaw,Middlesbrough,MID,77,2695,0,2,9,36,3,401,275.6,511.6,240.0,102.5,,,45,0.4,
2016-17,287,Carlos,De Pena,De Pena,Middlesbrough,MID,0,0,0,0,0,0,0,0,0.0,0.0,0.0,0.0,,,42,0.2,
2016-17,288,Julien,de Sart,de Sart,Middlesbrough,MID,0,0,0,0,0,0,0,0,0.0,0.0,0.0,0.0,,,43,0.0,
2016-17,289,Viktor,Fischer,Fischer,Middlesbrough,MID,25,438,0,3,1,6,0,91,82.6,121.7,165.0,37.0,,,49,0.2,
2016-17,290,Marten,de Roon,de Roon,Middlesbrough,MID,91,2773,4,1,8,44,5,399,370.6,245.8,390.0,100.1,,,43,1.8,
2016-17,291,David,Nugent,Nugent,Middlesbrough,FWD,4,43,0,0,0,0,0,11,3.4,3.3,2.0,0.7,,,46,0.2,
2016-17,292,Jordan,Rhodes,Rhodes,Middlesbrough,FWD,8,211,0,0,0,2,0,21,21.6,28.0,104.0,15.4,,,54,0.2,
2016-17,293,Cristhian,Stuani,Stuani,Middlesbrough,FWD,54,1355,4,0,4,15,4,203,224.0,132.4,430.0,78.3,,,46,2.4,
2016-17,294,Fraser,Forster,Forster,Southampton,GKP,134,3420,0,0,14,48,4,625,553.6,10.0,0.0,56.4,,,50,5.0,
2016-17,295,Paulo,Gazzaniga,Gazzaniga,Southampton,GKP,0,0,0,0,0,0,0,0,0.0,0.0,0.0,0.0,,,45,0.0,
2016-17,296,Ryan,Bertrand,Bertrand,Southampton,DEF,123,2507,2,5,12,36,9,575,517.4,442.4,255.0,121.5,,,56,3.9,
2016-17,297,Jose,Fonte,Fonte,West Ham,DEF,98,2934,0,0,11,46,10,592,654.4,128.0,221.0,100.2,,,53,3.2,
2016-17,298,Maya,Yoshida,Yoshida,Southampton,DEF,78,2070,1,1,7,32,8,469,532.6,62.8,277.0,87.5,,,45,5.9,
2016-17,299,Matt,Targett,Targett,Southampton,DEF,12,373,0,0,1,4,0,80,64.6,87.9,12.0,16.5,,,41,0.2,
2016-17,300,Florin,Gardos,Gardos,Southampton,DEF,0,0,0,0,0,0,0,0,0.0,0.0,0.0,0.0,,,40,0.1,
2016-17,301,Cédric,Soares,Cédric,Southampton,DEF,102,2515,0,3,11,36,11,584,591.0,648.9,155.0,139.6,,,49,2.7,
2016-17,302,Cuco,Martina,Martina,Southampton,DEF,31,592,0,0,3,6,5,140,94.2,114.7,20.0,22.7,,,43,0.4,
2016-17,303,Virgil,van Dijk,van Dijk,Southampton,DEF,75,1852,1,0,7,23,14,435,546.2,81.1,232.0,86.0,,,56,5.3,
2016-17,304,Nathan,Redmond,Redmond,Southampton,MID,126,2898,7,1,12,40,13,483,545.6,880.3,1021.0,243.8,,,59,7.4,
2016-17,305,Steven,Davis,Davis,Southampton,MID,77,2643,0,3,10,37,0,450,437.6,573.0,379.0,138.9,,,51,0.5,
2016-17,306,James,Ward-Prowse,Ward-Prowse,Southampton,MID,92,1883,4,4,9,26,5,377,427.4,729.1,448.0,160.7,,,50,1.4,
2016-17,307,Harrison,Reed,Reed,Southampton,MID,3,64,0,0,0,1,0,16,11.0,1.4,0.0,1.3,,,43,0.1,
2016-17,308,Dusan,Tadic,Tadic,Southampton,MID,108,2411,3,7,13,29,4,376,455.4,1144.1,819.0,242.0,,,69,2.0,
2016-17,309,Jordy,Clasie,Clasie,Southampton,MID,38,1022,1,1,2,15,3,157,122.4,129.1,94.0,33.3,,,46,0.1,
2016-17,310,Oriol,Romeu Vidal,Oriol Romeu,Southampton,MID,80,3071,1,0,13,42,4,566,585.6,280.5,240.0,110.7,,,44,0.8,
2016-17,311,Jay,Rodriguez,Rodriguez,Southampton,MID,73,893,5,2,3,15,8,170,255.2,132.8,507.0,89.4,,,59,0.3,
2016-17,312,Pierre-Emile,Højbjerg,Højbjerg,Southampton,MID,38,1300,0,0,6,16,0,232,222.0,305.0,216.0,74.1,,,42,1.6,
2016-17,313,Shane,Long,Long,Southampton,FWD,57,1262,3,2,2,23,2,159,201.6,231.6,584.0,100.1,,,61,3.0,
2016-17,314,Charlie,Austin,Austin,Southampton,FWD,62,934,6,1,6,8,10,218,274.2,134.3,573.0,97.9,,,63,1.8,
2016-17,315,Shay,Given,Given,Stoke,GKP,13,450,0,0,0,14,3,92,144.8,0.0,0.0,14.4,,,42,0.4,
2016-17,316,Jack,Butland,Butland,Stoke,GKP,20,450,0,0,2,8,2,104,121.8,0.0,0.0,12.2,,,45,0.9,
2016-17,317,Jakob,Haugaard,Haugaard,Stoke,GKP,0,0,0,0,0,0,0,0,0.0,0.0,0.0,0.0,,,43,0.1,
2016-17,318,Ryan,Shawcross,Shawcross,Stoke,DEF,94,3150,1,2,9,53,6,549,732.2,65.3,395.0,119.3,,,49,1.7,
2016-17,319,Marc,Wilson,Marc Wilson,West Brom,DEF,0,255,0,0,0,7,0,29,63.0,34.5,5.0,10.3,,,38,2.3,
2016-17,320,Geoff,Cameron,Cameron,Stoke,DEF,58,1629,0,1,6,25,5,340,354.4,165.0,174.0,69.6,,,42,0.4,
2016-17,321,Erik,Pieters,Pieters,Stoke,DEF,103,3151,0,2,10,50,9,614,583.2,353.8,130.0,107.1,,,46,6.7,
2016-17,322,Marc,Muniesa,Muniesa,Stoke,DEF,34,650,1,0,3,7,3,153,172.4,59.7,50.0,28.2,,,40,0.8,
2016-17,323,Phil,Bardsley,Bardsley,Stoke,DEF,27,1168,0,0,3,17,0,174,155.0,146.7,51.0,35.4,,,42,0.1,
2016-17,324,Philipp,Wollscheid,Wollscheid,Stoke,DEF,1,180,0,0,0,5,0,23,36.4,3.4,10.0,5.0,,,45,0.2,
2016-17,325,Glen,Johnson,Johnson,Stoke,DEF,56,1957,0,0,6,34,3,376,350.0,176.1,101.0,62.8,,,47,0.1,
2016-17,326,Dionatan do Nascimento,Teixeira,Teixeira,Stoke,DEF,0,0,0,0,0,0,0,0,0.0,0.0,0.0,0.0,,,40,0.4,
2016-17,327,Stephen,Ireland,Ireland,Stoke,MID,0,0,0,0,0,0,0,0,0.0,0.0,0.0,0.0,,,44,0.0,
2016-17,328,Charlie,Adam,Adam,Stoke,MID,59,1491,1,4,6,23,5,218,263.4,477.6,328.0,106.7,,,46,0.3,
2016-17,329,Glenn,Whelan,Whelan,Stoke,MID,62,2276,0,1,7,40,3,380,392.6,336.6,41.0,77.0,,,42,0.7,
2016-17,330,Jonathan,Walters,Walters,Stoke,MID,72,1304,4,3,6,22,3,195,294.0,198.7,487.0,98.0,,,53,0.1,
2016-17,331,Marko,Arnautovic,Arnautovic,Stoke,MID,117,2713,6,7,9,43,8,401,530.4,768.7,861.0,216.2,,,71,1.0,
2016-17,332,Ibrahim,Afellay,Afellay,Stoke,MID,15,384,0,0,0,5,0,63,32.0,55.2,63.0,14.8,,,54,0.0,
2016-17,333,Xherdan,Shaqiri,Shaqiri,Stoke,MID,80,1699,4,2,8,21,8,275,293.6,672.9,453.0,141.6,,,60,3.0,
2016-17,334,Giannelli,Imbula,Imbula,Stoke,MID,24,796,0,1,2,20,1,126,65.0,111.3,44.0,22.0,,,45,0.1,
2016-17,335,Bojan,Krkic,Bojan,Stoke,MID,30,475,3,0,0,12,4,93,125.4,84.5,114.0,32.1,,,55,0.7,
2016-17,336,Peter,Crouch,Crouch,Stoke,FWD,79,1343,7,3,4,23,7,262,346.6,260.9,664.0,126.8,,,44,3.4,
2016-17,337,Mame Biram,Diouf,Diouf,Stoke,FWD,51,1385,1,2,5,26,2,190,198.0,148.6,340.0,68.4,,,57,0.3,
2016-17,338,Jose Luis,Mato Sanmartín,Joselu,Stoke,FWD,0,0,0,0,0,0,0,0,0.0,0.0,0.0,0.0,,,53,0.1,
2016-17,339,Vito,Mannone,Mannone,Sunderland,GKP,34,810,0,0,2,19,6,187,247.0,0.0,0.0,24.8,,,40,0.6,
2016-17,340,Jordan,Pickford,Pickford,Sunderland,GKP,102,2610,0,0,4,50,9,608,933.0,40.0,0.0,97.4,,,42,11.0,
2016-17,341,Younes,Kaboul,Kaboul,Watford,DEF,57,1910,2,0,4,36,1,342,443.2,31.5,243.0,71.8,,,43,0.6,
2016-17,342,John,O'Shea,O'Shea,Sunderland,DEF,47,2158,0,1,3,42,3,335,453.4,21.3,98.0,57.0,,,44,0.4,
2016-17,343,Billy,Jones,Jones,Sunderland,DEF,56,2270,1,0,5,49,6,368,476.8,387.5,270.0,113.5,,,44,0.1,
2016-17,344,Patrick,van Aanholt,van Aanholt,Crystal Palace,DEF,98,2498,5,1,5,53,9,534,616.0,534.2,383.0,153.5,,,49,3.6,
2016-17,345,Adam,Matthews,Matthews,Sunderland,DEF,0,0,0,0,0,0,0,0,0.0,0.0,0.0,0.0,,,40,0.0,
2016-17,346,Lamine,Koné,Koné,Sunderland,DEF,69,2545,1,0,5,46,5,451,624.0,35.6,339.0,100.2,,,42,1.7,
2016-17,347,Jan,Kirchhoff,Kirchhoff,Sunderland,MID,12,433,0,1,0,11,0,61,53.6,30.1,26.0,10.9,,,42,0.0,
2016-17,348,Lee,Cattermole,Cattermole,Sunderland,MID,12,633,0,0,0,13,0,63,65.0,47.3,12.0,12.6,,,42,0.1,
2016-17,349,Sebastian,Larsson,Larsson,Sunderland,MID,40,1468,0,3,3,35,0,219,206.0,402.5,109.0,71.4,,,47,0.0,
2016-17,350,Jack,Rodwell,Rodwell,Sunderland,MID,38,1492,0,1,2,32,1,200,235.0,131.0,233.0,60.0,,,43,0.6,
2016-17,351,Jeremain,Lens,Lens,Sunderland,MID,2,69,0,0,0,1,0,12,14.2,31.3,52.0,9.7,,,59,0.0,
2016-17,352,Wahbi,Khazri,Khazri,Sunderland,MID,31,849,1,0,1,21,3,96,112.2,332.2,203.0,64.9,,,60,0.1,
2016-17,353,Duncan,Watmore,Watmore,Sunderland,MID,43,1025,0,5,2,20,1,125,118.6,159.7,241.0,51.4,,,47,0.1,
2016-17,354,Fabio,Borini,Borini,Sunderland,FWD,49,1742,2,0,5,34,3,177,217.0,257.3,406.0,87.4,,,51,0.6,
2016-17,355,Jermain,Defoe,Defoe,Sunderland,FWD,166,3322,15,3,6,63,24,529,630.4,274.5,1379.0,227.0,,,74,16.1,
2016-17,356,Lukasz,Fabianski,Fabianski,Swansea,GKP,116,3330,0,0,8,69,8,650,780.4,0.1,0.0,78.1,,,48,3.6,
2016-17,357,Kristoffer,Nordfeldt,Nordfeldt,Swansea,GKP,3,90,0,0,0,1,0,12,24.8,0.0,0.0,2.5,,,39,3.4,
2016-17,358,Kyle,Naughton,Naughton,Swansea,DEF,82,2714,1,0,8,48,7,528,589.0,407.5,216.0,121.3,,,44,2.1,
2016-17,359,Ashley,Williams,Williams,Everton,DEF,127,3160,1,3,13,40,9,739,927.6,119.1,289.0,133.9,,,52,8.7,
2016-17,360,Neil,Taylor,Taylor,Swansea,DEF,22,920,0,1,2,26,0,160,149.2,84.1,12.0,24.6,,,41,0.1,
2016-17,361,Angel,Rangel,Rangel,Swansea,DEF,26,831,1,0,1,24,1,190,221.8,122.7,54.0,40.0,,,41,0.2,
2016-17,362,Jordi,Amat,Amat,Swansea,DEF,21,1409,0,0,2,36,0,237,332.2,29.2,106.0,46.8,,,38,7.4,
2016-17,363,Federico,Fernández,Fernández,Swansea,DEF,63,2430,0,1,6,41,4,435,579.4,38.2,206.0,82.9,,,42,1.9,
2016-17,364,Franck,Tabanou,Tabanou,Swansea,DEF,0,0,0,0,0,0,0,0,0.0,0.0,0.0,0.0,,,44,0.0,
2016-17,365,Stephen,Kingsley,Kingsley,Swansea,DEF,29,1036,0,0,3,20,2,192,140.2,106.8,15.0,26.2,,,39,8.9,
2016-17,366,Mike,van der Hoorn,van der Hoorn,Swansea,DEF,16,662,1,0,1,20,0,125,191.6,1.2,50.0,24.3,,,43,0.2,
2016-17,367,Jack,Cork,Cork,Swansea,MID,50,2232,0,1,3,51,0,348,331.2,222.0,168.0,71.6,,,46,0.1,
2016-17,368,Gylfi,Sigurdsson,Sigurdsson,Swansea,MID,181,3327,9,13,7,70,18,684,905.4,1302.7,1074.0,328.3,,,74,10.8,
2016-17,369,Wayne,Routledge,Routledge,Swansea,MID,74,1917,3,2,5,42,2,228,273.2,428.5,355.0,105.5,,,45,0.3,
2016-17,370,Leon,Britton,Britton,Swansea,MID,32,1163,0,0,5,24,0,200,127.8,72.8,10.0,21.2,,,44,0.1,
2016-17,371,Jay,Fulton,Fulton,Swansea,MID,19,690,0,0,3,15,0,92,85.4,53.3,47.0,18.7,,,44,0.0,
2016-17,372,Sung-yueng,Ki,Ki Sung-yueng,Swansea,MID,41,1291,0,1,4,28,0,220,160.4,210.9,77.0,44.4,,,50,0.1,
2016-17,373,Jefferson,Montero,Montero,Swansea,MID,18,380,0,1,0,9,0,76,82.4,134.3,99.0,31.5,,,50,0.1,
2016-17,374,André,Ayew,Ayew,West Ham,MID,89,1439,6,3,6,25,5,257,324.4,233.4,505.0,105.6,,,71,1.0,
2016-17,375,Leroy,Fer,Fer,Swansea,MID,95,2405,6,2,4,49,5,429,507.6,333.9,443.0,128.3,,,48,4.6,
2016-17,376,Nathan,Dyer,Dyer,Swansea,MID,12,214,0,1,0,11,0,47,40.0,57.5,48.0,14.6,,,47,0.1,
2016-17,377,Bafétimbi,Gomis,Gomis,Swansea,FWD,0,0,0,0,0,0,0,0,0.0,0.0,0.0,0.0,,,65,0.0,
2016-17,378,Marvin,Emnes,Emnes,Swansea,FWD,0,0,0,0,0,0,0,0,0.0,0.0,0.0,0.0,,,44,0.3,
2016-17,379,Modou,Barrow,Barrow,Swansea,FWD,34,1145,0,2,4,23,0,136,153.6,332.7,223.0,70.5,,,50,0.6,
2016-17,380,Hugo,Lloris,Lloris,Spurs,GKP,143,3004,0,0,15,24,6,665,664.6,20.0,2.0,68.7,,,55,7.9,
2016-17,381,Michel,Vorm,Vorm,Spurs,GKP,17,416,0,0,2,2,0,81,70.4,0.0,0.0,6.9,,,48,0.3,
2016-17,382,Toby,Alderweireld,Alderweireld,Spurs,DEF,120,2601,1,0,14,17,4,611,618.4,102.2,363.0,108.6,,,64,9.6,
2016-17,383,Danny,Rose,Rose,Spurs,DEF,84,1530,2,3,8,11,6,357,387.4,371.5,237.0,99.6,,,58,4.3,
2016-17,384,Kyle,Walker,Walker,Spurs,DEF,142,2701,0,6,14,21,18,640,564.0,570.5,264.0,140.2,,,62,27.6,
2016-17,385,Jan,Vertonghen,Vertonghen,Spurs,DEF,126,2894,0,0,15,21,8,733,790.8,121.1,138.0,105.1,,,58,7.7,
2016-17,386,Ben,Davies,Davies,Spurs,DEF,90,1739,1,3,8,13,5,443,452.0,449.6,156.0,105.8,,,50,5.2,
2016-17,387,Kieran,Trippier,Trippier,Spurs,DEF,51,568,0,5,3,3,7,202,183.8,185.6,35.0,40.6,,,47,0.4,
2016-17,388,Kevin,Wimmer,Wimmer,Spurs,DEF,2,357,0,0,0,4,0,26,39.4,14.4,0.0,5.4,,,45,0.1,
2016-17,389,DeAndre,Yedlin,Yedlin,Spurs,DEF,0,0,0,0,0,0,0,0,0.0,0.0,0.0,0.0,,,44,0.2,
2016-17,390,Eric,Dier,Dier,Spurs,MID,93,3043,2,0,16,24,4,505,663.6,223.8,315.0,120.7,,,50,5.1,
2016-17,391,Mousa,Dembélé,Dembélé,Spurs,MID,76,2056,1,2,11,17,6,456,407.2,409.7,121.0,94.2,,,54,0.5,
2016-17,392,Nacer,Chadli,Chadli,West Brom,MID,110,2135,5,6,6,32,8,359,412.0,538.8,543.0,148.7,,,58,1.4,
2016-17,393,Erik,Lamela,Lamela,Spurs,MID,28,595,1,1,4,2,4,93,121.8,275.2,225.0,62.2,,,66,3.3,
2016-17,394,Christian,Eriksen,Eriksen,Spurs,MID,218,3159,8,20,16,24,30,798,974.6,1679.2,1244.0,389.7,,,89,17.9,
2016-17,395,Nabil,Bentaleb,Bentaleb,Spurs,MID,0,0,0,0,0,0,0,0,0.0,0.0,0.0,0.0,,,45,0.0,
2016-17,396,Ryan,Mason,Mason,Hull,MID,26,927,1,0,0,27,0,126,116.0,149.6,137.0,39.8,,,46,0.0,
2016-17,397,Tom,Carroll,Carroll,Swansea,MID,52,1389,1,2,5,18,4,243,253.8,268.2,86.0,61.0,,,41,2.6,
2016-17,398,Bamidele,Alli,Alli,Spurs,MID,225,3036,18,11,17,22,17,679,969.6,778.7,1270.0,301.7,,,91,32.3,
2016-17,399,Joshua,Onomah,Onomah,Spurs,MID,5,22,0,0,0,0,0,17,7.4,4.4,18.0,3.0,,,42,0.1,
2016-17,400,Victor,Wanyama,Wanyama,Spurs,MID,103,3012,4,2,12,25,7,578,609.6,486.0,480.0,157.7,,,48,2.9,
2016-17,401,Alex,Pritchard,Pritchard,Spurs,MID,0,0,0,0,0,0,0,0,0.0,0.0,0.0,0.0,,,45,0.0,
2016-17,402,Heung-Min,Son,Son,Spurs,MID,174,2063,14,9,10,18,13,512,753.4,642.3,1161.0,255.6,,,72,11.0,
2016-17,403,Harry,Kane,Kane,Spurs,FWD,224,2523,29,7,14,19,33,920,1279.0,548.4,1530.0,336.0,,,119,23.3,
2016-17,404,Clinton,N'Jie,N'Jie,Spurs,FWD,0,0,0,0,0,0,0,0,0.0,0.0,0.0,0.0,,,59,0.0,
2016-17,405,Vincent,Janssen,Janssen,Spurs,FWD,55,845,2,3,3,8,3,134,158.0,241.3,501.0,89.4,,,75,0.8,
2016-17,406,Costel,Pantilimon,Pantilimon,Watford,GKP,2,83,0,0,0,4,0,20,41.6,0.0,0.0,4.1,,,42,0.4,
2016-17,407,Heurelho,Gomes,Gomes,Watford,GKP,113,3337,0,0,7,64,6,681,834.4,10.0,0.0,84.4,,,49,1.7,
2016-17,408,Craig,Cathcart,Cathcart,Watford,DEF,31,1162,0,1,2,21,3,183,225.2,61.7,45.0,33.2,,,43,0.2,
2016-17,409,Sebastian,Prödl,Prödl,Watford,DEF,67,2770,1,2,5,49,3,441,624.0,111.3,302.0,103.8,,,43,0.8,
2016-17,410,Juan Carlos,Paredes,Paredes,Watford,DEF,0,0,0,0,0,0,0,0,0.0,0.0,0.0,0.0,,,40,3.8,
2016-17,411,José,Holebas,Holebas,Watford,DEF,87,2905,2,4,7,61,9,547,666.8,567.6,211.0,144.6,,,46,3.0,
2016-17,412,Allan-Roméo,Nyom,Nyom,West Brom,DEF,74,2638,0,2,5,39,6,419,461.0,214.3,109.0,78.3,,,44,1.3,
2016-17,413,Miguel,Britos,Britos,Watford,DEF,71,2280,1,2,6,36,8,413,531.2,96.7,280.0,90.9,,,42,0.7,
2016-17,414,Christian,Kabasele,Kabasele,Watford,DEF,35,771,2,0,1,15,1,143,200.4,49.1,166.0,41.7,,,48,0.0,
2016-17,415,Adlène,Guédioura,Guédioura,Middlesbrough,MID,26,861,0,1,0,20,0,131,123.6,169.2,100.0,38.7,,,42,0.1,
2016-17,416,Etienne,Capoue,Capoue,Watford,MID,131,3204,7,2,7,60,14,544,577.6,696.8,513.0,178.7,,,45,22.9,
2016-17,417,Almen,Abdi,Abdi,Watford,MID,0,0,0,0,0,0,0,0,0.0,0.0,0.0,0.0,,,50,0.0,
2016-17,418,Ben,Watson,Watson,Watford,MID,1,54,0,0,0,2,0,6,5.6,1.3,0.0,0.6,,,42,0.6,
2016-17,419,Ikechi,Anya,Anya,Watford,MID,1,10,0,0,0,0,0,3,0.0,0.0,0.0,0.0,,,45,0.0,
2016-17,420,Valon,Behrami,Behrami,Watford,MID,48,2030,0,0,5,39,0,258,208.2,101.9,24.0,33.6,,,45,0.2,
2016-17,421,Steven,Berghuis,Berghuis,Watford,MID,0,0,0,0,0,0,0,0,0.0,0.0,0.0,0.0,,,50,0.0,
2016-17,422,Nordin,Amrabat,Amrabat,Watford,MID,65,2091,0,3,4,51,5,263,282.4,494.3,368.0,113.9,,,50,0.1,
2016-17,423,Mario,Suárez,Suárez,Watford,MID,0,0,0,0,0,0,0,0,0.0,0.0,0.0,0.0,,,45,0.1,
2016-17,424,Isaac,Success,Success,Watford,MID,28,519,1,1,1,9,0,87,146.2,96.7,225.0,46.8,,,57,0.0,
2016-17,425,Troy,Deeney,Deeney,Watford,FWD,130,2944,10,4,6,52,18,441,617.4,555.9,900.0,206.8,,,66,4.8,
2016-17,426,Odion,Ighalo,Ighalo,Watford,FWD,39,1291,1,1,2,29,2,84,93.6,173.8,440.0,70.0,,,68,2.4,
2016-17,427,Mamadou Obbi,Oularé,Oularé,Watford,FWD,0,0,0,0,0,0,0,0,0.0,0.0,0.0,0.0,,,45,0.0,
2016-17,428,Jerome,Sinclair,Sinclair,Watford,FWD,6,116,0,0,0,1,0,11,1.0,14.3,22.0,3.5,,,48,0.2,
2016-17,429,Boaz,Myhill,Myhill,West Brom,GKP,0,0,0,0,0,0,0,0,0.0,0.0,0.0,0.0,,,41,0.4,
2016-17,430,Ben,Foster,Foster,West Brom,GKP,113,3420,0,0,6,51,4,629,767.0,20.3,5.0,79.5,,,47,12.6,
2016-17,431,Jonny,Evans,Evans,West Brom,DEF,79,2637,2,1,4,39,7,478,626.6,117.5,259.0,100.6,,,44,4.1,
2016-17,432,Jonas,Olsson,Olsson,West Brom,DEF,8,590,0,0,1,13,0,60,96.4,1.1,21.0,12.0,,,42,0.5,
2016-17,433,Craig,Dawson,Dawson,West Brom,DEF,102,3276,4,0,6,50,6,500,742.4,317.1,418.0,147.9,,,49,2.5,
2016-17,434,Sébastien,Pocognoli,Pocognoli,West Brom,DEF,0,0,0,0,0,0,0,0,0.0,0.0,0.0,0.0,,,40,0.2,
2016-17,435,Cristian,Gamboa,Gamboa,West Brom,DEF,0,0,0,0,0,0,0,0,0.0,0.0,0.0,0.0,,,40,0.4,
2016-17,436,Gareth,McAuley,McAuley,West Brom,DEF,131,3140,6,1,7,45,14,576,913.8,74.3,367.0,135.4,,,50,24.7,
2016-17,437,James,Chester,Chester,West Brom,DEF,0,0,0,0,0,0,0,0,0.0,0.0,0.0,0.0,,,45,0.0,
2016-17,438,Chris,Brunt,Brunt,West Brom,DEF,99,2477,3,4,4,37,11,462,509.4,674.5,340.0,153.1,,,48,2.3,
2016-17,439,Darren,Fletcher,Fletcher,West Brom,MID,103,3231,2,3,8,45,2,453,393.2,362.3,260.0,101.2,,,44,8.1,
2016-17,440,Craig,Gardner,Gardner,West Brom,MID,14,218,0,1,1,6,0,52,35.4,137.9,11.0,18.3,,,51,0.1,
2016-17,441,James,Morrison,Morrison,West Brom,MID,84,1741,5,2,4,22,4,328,351.0,348.9,237.0,93.7,,,43,1.1,
2016-17,442,Claudio,Yacob,Yacob,West Brom,MID,54,2418,0,0,4,36,0,366,346.0,108.5,33.0,49.0,,,43,0.2,
2016-17,443,Callum,McManaman,McManaman,West Brom,MID,0,0,0,0,0,0,0,0,0.0,0.0,0.0,0.0,,,43,0.1,
2016-17,444,James,McClean,McClean,West Brom,MID,52,1477,1,3,2,24,1,236,288.6,331.3,360.0,98.2,,,48,0.1,
2016-17,445,Jonathan,Leko,Leko,West Brom,MID,12,118,0,1,0,3,0,38,27.4,29.9,20.0,7.6,,,41,0.5,
2016-17,446,Matt,Phillips,Phillips,West Brom,MID,115,2181,4,9,6,28,12,357,463.2,508.9,458.0,142.3,,,53,4.0,
2016-17,447,Rickie,Lambert,Lambert,West Brom,FWD,1,13,0,0,0,0,0,3,3.6,11.0,40.0,5.5,,,54,0.1,
2016-17,448,Saido,Berahino,Berahino,Stoke,FWD,26,963,0,0,4,13,0,50,38.4,73.5,299.0,40.0,,,60,0.5,
2016-17,449,Salomón,Rondón,Rondón,West Brom,FWD,118,2892,8,3,6,44,10,287,435.4,430.3,1430.0,227.8,,,63,4.2,
2016-17,450,Adrián,San Miguel del Castillo,Adrián,West Ham,GKP,64,1440,0,0,6,25,6,311,367.8,10.0,0.0,37.7,,,46,1.7,
2016-17,451,Darren,Randolph,Randolph,West Ham,GKP,69,1980,0,0,4,39,5,370,484.8,0.0,0.0,48.7,,,44,1.3,
2016-17,452,James,Collins,Collins,West Ham,DEF,69,1655,2,0,6,29,7,364,501.0,45.4,169.0,71.6,,,42,4.5,
2016-17,453,Winston,Reid,Reid,West Ham,DEF,102,2587,2,3,9,48,16,622,793.6,104.4,141.0,104.0,,,49,2.4,
2016-17,454,Aaron,Cresswell,Cresswell,West Ham,DEF,60,2115,0,2,5,35,1,334,307.6,284.7,121.0,71.2,,,51,0.3,
2016-17,455,Reece,Oxford,Oxford,West Ham,DEF,0,0,0,0,0,0,0,0,0.0,0.0,0.0,0.0,,,42,0.3,
2016-17,456,Angelo,Ogbonna,Ogbonna,West Ham,DEF,45,1755,0,0,4,31,2,322,384.4,82.4,51.0,51.6,,,47,0.7,
2016-17,457,Sam,Byram,Byram,West Ham,DEF,29,1249,0,1,3,27,2,198,202.2,118.2,72.0,39.4,,,42,0.3,
2016-17,458,Mark,Noble,Noble,West Ham,MID,71,2389,3,0,8,40,5,389,342.0,384.8,233.0,95.9,,,62,1.2,
2016-17,459,Cheikhou,Kouyaté,Kouyaté,West Ham,MID,79,2723,1,1,9,46,3,438,458.8,147.4,200.0,80.5,,,50,0.7,
2016-17,460,Pedro,Obiang,Obiang,West Ham,MID,55,1763,1,2,4,32,6,331,311.4,131.3,52.0,49.4,,,43,0.3,
2016-17,461,Dimitri,Payet,Payet,West Ham,MID,81,1513,2,8,4,28,10,347,414.0,1096.6,516.0,202.6,,,90,6.2,
2016-17,462,Manuel,Lanzini,Lanzini,West Ham,MID,133,2708,8,3,9,53,20,635,639.0,863.3,629.0,213.5,,,59,2.0,
2016-17,463,Josh,Cullen,Cullen,West Ham,MID,0,0,0,0,0,0,0,0,0.0,0.0,0.0,0.0,,,43,0.1,
2016-17,464,Michail,Antonio,Antonio,West Ham,MID,132,2433,9,8,7,43,8,410,622.4,503.1,1105.0,222.7,,,67,5.3,
2016-17,465,Håvard,Nordtveit,Nordtveit,West Ham,MID,31,957,0,1,3,20,0,160,155.4,63.3,43.0,26.1,,,47,0.1,
2016-17,466,Sofiane,Feghouli,Feghouli,West Ham,MID,55,1042,3,3,1,23,4,220,268.0,320.2,262.0,84.9,,,50,0.7,
2016-17,467,Gökhan,Töre,Töre,West Ham,MID,10,240,0,1,1,4,0,29,28.2,87.8,33.0,14.6,,,53,0.1,
2016-17,468,Andy,Carroll,Carroll,West Ham,FWD,69,1312,7,2,3,27,6,256,351.8,220.8,620.0,119.2,,,59,2.0,
2016-17,469,Enner,Valencia,Valencia,Everton,FWD,54,927,3,3,2,12,3,173,194.2,117.6,490.0,79.0,,,52,1.7,
2016-17,470,Diafra,Sakho,Sakho,West Ham,FWD,12,181,1,0,0,4,2,32,41.8,19.6,45.0,10.7,,,57,0.1,
2016-17,471,Nick,Pope,Pope,Burnley,GKP,0,0,0,0,0,0,0,0,0.0,0.0,0.0,0.0,,,39,2.5,
2016-17,472,Paul,Robinson,Robinson,Burnley,GKP,5,270,0,0,0,7,0,45,66.2,0.0,0.0,6.6,,,40,2.3,
2016-17,473,Johann Berg,Gudmundsson,Gudmundsson,Burnley,MID,47,999,1,3,3,19,3,187,220.0,267.3,161.0,64.8,,,48,0.1,
2016-17,474,Ragnar,Klavan,Klavan,Liverpool,DEF,43,1410,0,0,3,19,4,292,308.2,52.5,78.0,44.0,,,44,0.6,
2016-17,475,Marko,Grujic,Grujic,Liverpool,MID,4,43,0,0,0,0,0,10,8.8,17.4,39.0,6.1,,,43,0.2,
2016-17,476,Jason,Denayer,Denayer,Sunderland,DEF,56,1878,0,0,6,30,2,320,319.2,55.1,62.0,43.7,,,47,0.1,
2016-17,477,Antonio,Barragán,Barragán,Middlesbrough,DEF,71,2193,0,0,7,32,8,455,442.2,219.0,50.0,71.5,,,43,1.0,
2016-17,478,Álvaro,Negredo,Negredo,Middlesbrough,FWD,130,2872,9,5,10,45,17,436,542.4,454.9,1078.0,207.1,,,61,10.9,
2016-17,479,Juan,Zuñiga,Zuñiga,Watford,DEF,38,823,1,1,1,15,2,173,139.8,86.4,79.0,30.1,,,41,1.1,
2016-17,480,Tommie,Hoban,Hoban,Watford,DEF,0,0,0,0,0,0,0,0,0.0,0.0,0.0,0.0,,,40,0.2,
2016-17,481,Brice,Dja Djédjé,Dja Djédjé,Watford,DEF,0,0,0,0,0,0,0,0,0.0,0.0,0.0,0.0,,,44,0.0,
2016-17,482,Abdoulaye,Doucouré,Doucouré,Watford,MID,38,1352,1,0,4,32,0,226,179.4,178.2,254.0,61.1,,,46,0.0,
2016-17,483,Matej,Vydra,Vydra,Watford,FWD,1,3,0,0,0,0,0,3,0.0,0.3,0.0,0.0,,,45,0.3,
2016-17,484,Rob,Holding,Holding,Arsenal,DEF,32,810,0,0,4,8,3,171,172.0,49.2,100.0,32.2,,,41,3.3,
2016-17,485,Georginio,Wijnaldum,Wijnaldum,Liverpool,MID,149,2974,6,9,11,37,14,650,648.4,694.5,639.0,198.5,,,75,1.7,
2016-17,486,Ramadan,Sobhi,Sobhi,Stoke,MID,36,855,0,2,5,11,1,151,104.6,137.3,149.0,38.5,,,48,0.5,
2016-17,487,Ola,Aina,Aina,Chelsea,DEF,3,26,0,0,0,0,0,9,4.8,0.9,17.0,2.3,,,45,0.1,
2016-17,488,Idrissa,Gueye,Gueye,Everton,MID,80,2681,1,2,9,31,9,540,555.8,434.1,237.0,122.9,,,50,0.4,
2016-17,489,Leroy,Sané,Sané,Man City,MID,105,1781,5,7,9,15,8,343,397.2,505.1,632.0,153.7,,,77,7.5,
2016-17,490,Bradley,Guzan,Guzan,Middlesbrough,GKP,36,900,0,0,3,17,3,197,228.4,0.0,0.0,22.9,,,42,0.7,
2016-17,491,Gastón,Ramírez,Ramírez,Middlesbrough,MID,59,1539,2,3,6,22,6,244,287.2,509.9,364.0,115.6,,,52,0.5,
2016-17,492,Jérémy,Pied,Pied,Southampton,DEF,5,129,0,0,0,1,0,24,20.6,20.7,21.0,6.3,,,47,0.0,
2016-17,493,Chuba,Akpom,Akpom,Arsenal,FWD,0,0,0,0,0,0,0,0,0.0,0.0,0.0,0.0,,,51,0.1,
2016-17,494,Sullay,Kaikai,Kaikai,Crystal Palace,MID,1,24,0,0,0,0,0,1,0.0,1.8,4.0,0.5,,,45,0.0,
2016-17,495,Mason,Holgate,Holgate,Everton,DEF,54,1372,0,1,5,18,5,303,286.8,152.2,83.0,52.3,,,41,7.1,
2016-17,496,Benjamin,Chilwell,Chilwell,Leicester,DEF,19,699,1,0,1,18,0,136,137.0,48.4,88.0,27.2,,,43,0.2,
2016-17,497,Bartosz,Kapustka,Kapustka,Leicester,MID,0,0,0,0,0,0,0,0,0.0,0.0,0.0,0.0,,,50,0.1,
2016-17,498,Jose Angel,Esmoris Tasende,Angelino,Man City,DEF,0,0,0,0,0,0,0,0,0.0,0.0,0.0,0.0,,,43,0.1,
2016-17,499,Papy,Djilobodji,Djilobodji,Sunderland,DEF,24,1577,0,0,2,35,0,281,487.6,25.9,124.0,63.8,,,42,0.2,
2016-17,500,Fernando,Llorente,Llorente,Swansea,FWD,146,2442,15,3,5,51,22,512,639.8,489.6,1086.0,220.3,,,63,9.4,
2016-17,501,Cameron,Carter-Vickers,Carter-Vickers,Spurs,DEF,0,0,0,0,0,0,0,0,0.0,0.0,0.0,0.0,,,43,0.0,
2016-17,502,Daniel,Lafferty,Lafferty,Burnley,DEF,0,0,0,0,0,0,0,0,0.0,0.0,0.0,0.0,,,40,0.3,
2016-17,503,Paul,Pogba,Pogba,Man Utd,MID,115,2608,5,4,13,21,14,512,713.0,953.5,839.0,250.0,,,82,7.3,
2016-17,504,Jack,Stephens,Stephens,Southampton,DEF,60,1471,0,1,6,24,10,341,350.4,58.2,58.0,46.6,,,42,5.2,
2016-17,505,Arthur,Masuaku,Masuaku,West Ham,DEF,34,972,0,1,3,24,7,253,219.8,126.7,18.0,36.4,,,47,0.1,
2016-17,506,Donald,Love,Love,Sunderland,DEF,21,611,0,1,1,11,1,133,157.6,73.6,17.0,24.9,,,38,4.2,
2016-17,507,Borja,Bastón,Bastón,Swansea,FWD,32,561,1,2,1,11,1,83,59.0,91.9,190.0,33.1,,,66,0.0,
2016-17,508,Olayinka Fredrick Oladotun,Ladapo,Ladapo,Crystal Palace,FWD,0,0,0,0,0,0,0,0,0.0,0.0,0.0,0.0,,,45,0.0,
2016-17,509,Keshi,Anderson,Anderson,Crystal Palace,FWD,0,0,0,0,0,0,0,0,0.0,0.0,0.0,0.0,,,45,0.0,
2016-17,510,Kane,Wilson,Wilson,West Brom,DEF,0,0,0,0,0,0,0,0,0.0,0.0,0.0,0.0,,,40,0.4,
2016-17,511,Sam,Field,Field,West Brom,MID,9,275,0,0,1,1,0,50,16.4,49.0,3.0,6.7,,,43,0.0,
2016-17,512,Tom,Davies,Davies,Everton,MID,63,1544,2,3,8,17,0,248,259.0,246.1,208.0,70.9,,,44,2.3,
2016-17,513,Harry,Winks,Winks,Spurs,MID,30,494,1,1,0,6,0,141,128.0,122.1,77.0,32.8,,,45,0.0,
2016-17,514,Greg,Olley,Olley,Hull,MID,0,0,0,0,0,0,0,0,0.0,0.0,0.0,0.0,,,43,0.0,
2016-17,515,Josh,Clackstone,Clackstone,Hull,DEF,0,0,0,0,0,0,0,0,0.0,0.0,0.0,0.0,,,40,0.1,
2016-17,516,Jarrod,Bowen,Bowen,Hull,FWD,8,181,0,0,0,8,0,21,3.8,17.9,36.0,5.7,,,45,0.1,
2016-17,517,Dusan,Kuciak,Kuciak,Hull,GKP,0,0,0,0,0,0,0,0,0.0,0.0,0.0,0.0,,,40,0.2,
2016-17,518,Greg,Luer,Luer,Hull,FWD,0,0,0,0,0,0,0,0,0.0,0.0,0.0,0.0,,,44,0.1,
2016-17,519,Josh,Tymon,Tymon,Hull,DEF,9,323,0,0,1,8,0,57,40.2,20.5,2.0,6.4,,,40,0.3,
2016-17,520,Lynden,Gooch,Gooch,Sunderland,MID,12,366,0,0,1,9,0,43,36.4,66.4,54.0,15.4,,,41,0.2,
2016-17,521,Joel,Asoro,Asoro,Sunderland,MID,1,10,0,0,0,0,0,3,0.0,0.0,2.0,0.2,,,44,0.0,
2016-17,522,Alex,Baptiste,Baptiste,Middlesbrough,DEF,0,0,0,0,0,0,0,0,0.0,0.0,0.0,0.0,,,40,0.1,
2016-17,523,Trent,Alexander-Arnold,Alexander-Arnold,Liverpool,MID,8,167,0,0,0,2,0,32,32.4,20.2,48.0,10.1,,,43,0.0,
2016-17,524,Alexander,Manninger,Manninger,Liverpool,GKP,0,0,0,0,0,0,0,0,0.0,0.0,0.0,0.0,,,40,0.3,
2016-17,525,Steven,Defour,Defour,Burnley,MID,54,1068,1,3,5,13,6,245,249.2,386.4,96.0,73.3,,,56,0.2,
2016-17,526,Jonathan,Calleri,Calleri,West Ham,FWD,23,540,1,0,3,4,0,47,56.2,115.0,265.0,43.2,,,66,0.1,
2016-17,527,Fabio Pereira,da Silva,Fabio,Middlesbrough,DEF,58,1847,0,0,6,30,8,347,355.8,273.9,39.0,67.1,,,42,0.4,
2016-17,528,Pablo,Maffeo,Maffeo,Man City,DEF,0,0,0,0,0,0,0,0,0.0,0.0,0.0,0.0,,,45,0.0,
2016-17,529,Luke,McGee,McGee,Spurs,GKP,0,0,0,0,0,0,0,0,0.0,0.0,0.0,0.0,,,39,0.1,
2016-17,530,Nathaniel,Chalobah,Chalobah,Chelsea,MID,12,167,0,1,0,3,0,54,40.6,51.1,7.0,9.9,,,45,0.0,
2016-17,531,Aiden,O'Neill,O'Neill,Burnley,MID,3,85,0,0,0,4,0,16,7.6,5.1,8.0,2.1,,,43,0.0,
2016-17,532,Josh,Robson,Josh Robson,Sunderland,DEF,0,0,0,0,0,0,0,0,0.0,0.0,0.0,0.0,,,40,0.1,
2016-17,533,Steven,Pienaar,Pienaar,Sunderland,MID,15,802,0,0,2,13,0,77,90.8,134.4,98.0,32.3,,,48,0.0,
2016-17,534,Reece,Burke,Burke,West Ham,DEF,0,0,0,0,0,0,0,0,0.0,0.0,0.0,0.0,,,40,0.0,
2016-17,535,Ashley,Fletcher,Fletcher,West Ham,FWD,16,367,0,0,0,13,0,33,30.6,64.2,160.0,24.4,,,50,0.2,
2016-17,536,Ryan,Fraser,Fraser,Bournemouth,MID,100,1764,3,9,7,32,8,345,338.4,536.5,332.0,120.7,,,46,1.2,
2016-17,537,Thomas,Robson,Thomas Robson,Sunderland,DEF,0,0,0,0,0,0,0,0,0.0,0.0,0.0,0.0,,,40,0.1,
2016-17,538,Javier,Manquillo,Manquillo,Sunderland,DEF,38,1430,1,0,2,28,0,210,242.2,98.7,66.0,40.8,,,43,0.0,
2016-17,539,Roberto,Pereyra,Pereyra,Watford,MID,43,1036,2,3,3,17,2,186,168.0,239.3,141.0,54.7,,,58,0.2,
2016-17,540,Daryl,Janmaat,Janmaat,Watford,DEF,50,1614,2,1,2,33,0,261,309.4,222.3,254.0,78.8,,,45,0.2,
2016-17,541,Claudio,Bravo,Bravo,Man City,GKP,73,1968,0,0,6,26,3,366,292.2,0.0,0.0,28.9,,,50,1.2,
2016-17,542,Edimilson,Fernandes,Fernandes,West Ham,MID,38,1002,0,1,3,18,0,148,107.8,109.9,209.0,42.3,,,47,0.0,
2016-17,543,Hiram,Boateng,Boateng,Crystal Palace,MID,0,0,0,0,0,0,0,0,0.0,0.0,0.0,0.0,,,45,0.0,
2016-17,544,Julien,Ngoy,Ngoy,Stoke,FWD,5,49,0,0,0,1,0,16,7.4,12.1,46.0,6.5,,,45,0.1,
2016-17,545,Ben,Hinchcliffe,Hinchcliffe,Hull,FWD,0,0,0,0,0,0,0,0,0.0,0.0,0.0,0.0,,,45,0.0,
2016-17,546,Oliver,McBurnie,McBurnie,Swansea,FWD,5,82,0,0,0,5,0,17,8.0,33.0,39.0,8.0,,,45,0.1,
2016-17,547,Maksymilian,Stryjek,Stryjek,Sunderland,GKP,0,0,0,0,0,0,0,0,0.0,0.0,0.0,0.0,,,40,0.1,
2016-17,548,Jack,Rose,Rose,West Brom,GKP,0,0,0,0,0,0,0,0,0.0,0.0,0.0,0.0,,,40,0.2,
2016-17,549,Lucas,Pérez,Pérez,Arsenal,FWD,20,272,1,1,1,2,0,83,65.4,105.4,163.0,32.9,,,78,0.1,
2016-17,550,Simone,Zaza,Zaza,West Ham,FWD,10,459,0,0,2,14,0,21,16.4,112.4,207.0,32.9,,,60,0.1,
2016-17,551,Sofiane,Boufal,Boufal,Southampton,MID,40,1104,1,1,3,22,1,160,197.0,328.6,265.0,78.6,,,67,0.1,
2016-17,552,Stefano,Okaka,Okaka,Watford,FWD,43,959,4,0,2,23,3,157,197.6,179.6,494.0,87.1,,,51,0.1,
2016-17,553,Patrick,Bamford,Bamford,Middlesbrough,FWD,21,326,1,0,0,8,2,59,51.0,26.9,139.0,21.5,,,49,0.1,
2016-17,554,David,Marshall,Marshall,Hull,GKP,32,1440,0,0,0,44,0,262,423.0,0.3,0.0,42.3,,,44,0.1,
2016-17,555,Shkodran,Mustafi,Mustafi,Arsenal,DEF,90,2274,2,2,8,30,8,513,598.2,159.7,364.0,112.4,,,58,1.4,
2016-17,556,Adrian,Mariappa,Mariappa,Watford,DEF,15,562,0,0,1,13,3,121,162.6,12.7,26.0,20.1,,,40,0.4,
2016-17,557,Will,Keane,Keane,Hull,FWD,8,280,0,0,1,10,0,9,2.8,50.1,39.0,8.3,,,44,0.2,
2016-17,558,Alfie,Mawson,Mawson,Swansea,DEF,94,2430,4,0,7,45,9,541,678.0,62.0,302.0,104.2,,,46,1.9,
2016-17,559,Didier,Ndong,Ndong,Sunderland,MID,67,2520,1,1,5,48,1,397,340.4,310.1,140.0,78.9,,,48,0.0,
2016-17,560,Jeff,Hendrick,Hendrick,Burnley,MID,76,2691,2,1,9,47,1,286,284.6,234.4,259.0,77.4,,,53,0.1,
2016-17,561,Marcos,Alonso,Alonso,Chelsea,DEF,177,2693,6,5,15,19,11,675,618.2,420.4,536.0,157.6,,,69,16.0,
2016-17,562,Bruno,Martins Indi,Martins Indi,Stoke,DEF,106,3146,1,0,11,50,9,634,682.6,34.4,266.0,98.6,,,49,0.7,
2016-17,563,Adama,Traoré,Traoré,Middlesbrough,MID,52,1543,0,1,6,22,2,264,283.2,320.5,176.0,77.9,,,48,0.1,
2016-17,564,Pau,López Sabata,Pau López,Spurs,GKP,0,0,0,0,0,0,0,0,0.0,0.0,0.0,0.0,,,49,0.0,
2016-17,565,Georges-Kévin,Nkoudou,Nkoudou,Spurs,MID,8,54,0,0,0,0,0,25,17.0,7.7,26.0,5.2,,,68,0.0,
2016-17,566,James,Weir,Weir,Hull,MID,0,0,0,0,0,0,0,0,0.0,0.0,0.0,0.0,,,43,0.0,
2016-17,567,Islam,Slimani,Slimani,Leicester,FWD,83,1281,7,4,5,23,9,271,338.2,268.4,516.0,111.3,,,82,0.6,
2016-17,568,Álvaro,Arbeloa,Arbeloa,West Ham,DEF,0,258,0,0,0,9,0,34,37.0,32.5,3.0,7.3,,,45,0.1,
2016-17,569,Dieumerci,Mbokani,Mbokani,Hull,FWD,27,764,0,2,3,16,0,43,52.4,107.3,235.0,39.6,,,54,0.0,
2016-17,570,David,Luiz Moreira Marinho,David Luiz,Chelsea,DEF,132,2954,1,1,15,26,10,675,651.0,158.1,280.0,109.1,,,62,5.0,
2016-17,571,Hal,Robson-Kanu,Robson-Kanu,West Brom,FWD,52,701,3,2,1,13,3,144,166.2,130.7,255.0,53.8,,,50,0.3,
2016-17,572,Moussa,Sissoko,Sissoko,Spurs,MID,43,909,0,3,4,5,0,162,133.0,274.2,212.0,61.0,,,66,0.1,
2016-17,573,Markus,Henriksen,Henriksen,Hull,MID,20,638,0,0,0,13,0,75,52.4,62.9,60.0,17.4,,,49,0.0,
2016-17,574,Lee,Grant,Grant,Stoke,GKP,106,2520,0,0,9,34,9,546,644.0,0.0,0.0,64.7,,,43,6.5,
2016-17,575,Victor,Anichebe,Anichebe,Sunderland,FWD,48,1219,3,1,3,21,5,166,210.4,195.3,505.0,90.4,,,43,2.2,
2016-17,576,Mathieu,Flamini,Flamini,Crystal Palace,MID,12,274,0,0,0,6,0,47,33.0,13.7,13.0,5.9,,,42,0.1,
2016-17,577,Michael,Simões Domingues,Mika,Sunderland,GKP,0,0,0,0,0,0,0,0,0.0,0.0,0.0,0.0,,,44,0.0,
2016-17,578,Aleix,García Serrano,García,Man City,MID,4,77,0,0,0,2,0,25,14.0,19.1,0.0,3.4,,,50,0.0,
2016-17,579,Jonathan,Benteke,Jonathan Benteke,Crystal Palace,FWD,1,7,0,0,0,0,0,3,5.0,0.3,9.0,1.4,,,43,0.4,
2016-17,580,Ezekiel,Fryers,Fryers,Crystal Palace,DEF,9,188,0,1,0,7,0,38,41.6,36.3,8.0,8.6,,,45,0.0,
2016-17,581,Luke,Dreher,Dreher,Crystal Palace,MID,0,0,0,0,0,0,0,0,0.0,0.0,0.0,0.0,,,44,0.0,
2016-17,582,Oviemuno,Ejaria,Ejaria,Liverpool,MID,2,8,0,0,0,0,0,6,0.0,1.3,2.0,0.3,,,44,0.0,
2016-17,583,Ben,Hamer,Hamer,Leicester,GKP,0,0,0,0,0,0,0,0,0.0,0.0,0.0,0.0,,,43,0.0,
2016-17,584,Lloyd,Isgrove,Isgrove,Southampton,MID,0,0,0,0,0,0,0,0,0.0,0.0,0.0,0.0,,,44,0.0,
2016-17,585,Ben,Wynter,Wynter,Crystal Palace,DEF,0,0,0,0,0,0,0,0,0.0,0.0,0.0,0.0,,,40,0.1,
2016-17,586,Jake,Hesketh,Hesketh,Southampton,MID,0,0,0,0,0,0,0,0,0.0,0.0,0.0,0.0,,,45,0.0,
2016-17,587,George,Honeyman,Honeyman,Sunderland,MID,7,235,0,0,1,4,0,30,34.2,42.7,29.0,10.6,,,45,0.0,
2016-17,588,Jeff,Reine-Adelaide,Reine-Adelaide,Arsenal,MID,0,0,0,0,0,0,0,0,0.0,0.0,0.0,0.0,,,45,0.0,
2016-17,589,Olufela,Olomola,Olomola,Southampton,MID,0,0,0,0,0,0,0,0,0.0,0.0,0.0,0.0,,,44,0.0,
2016-17,590,Dominic,Solanke,Solanke,Chelsea,FWD,0,0,0,0,0,0,0,0,0.0,0.0,0.0,0.0,,,50,0.0,
2016-17,591,Raphael,Spiegel,Spiegel,West Ham,GKP,0,0,0,0,0,0,0,0,0.0,0.0,0.0,0.0,,,40,0.2,
2016-17,592,Sam,McQueen,McQueen,Southampton,MID,23,616,0,1,1,9,0,132,123.6,58.4,25.0,20.8,,,42,0.1,
2016-17,593,Ainsley,Maitland-Niles,Maitland-Niles,Arsenal,MID,1,2,0,0,0,0,0,5,2.2,0.0,0.0,0.2,,,45,0.0,
2016-17,594,Kevin,Long,Long,Burnley,DEF,3,270,0,0,0,6,0,39,56.4,0.2,4.0,6.1,,,40,0.1,
2016-17,595,Dominic,Calvert-Lewin,Calvert-Lewin,Everton,FWD,17,347,1,0,0,7,1,46,53.2,10.0,82.0,14.1,,,45,0.1,
2016-17,596,Mateusz,Hewelt,Hewelt,Everton,GKP,0,0,0,0,0,0,0,0,0.0,0.0,0.0,0.0,,,40,0.1,
2016-17,597,Stuart,Taylor,Taylor,Southampton,GKP,0,0,0,0,0,0,0,0,0.0,0.0,0.0,0.0,,,40,0.1,
2016-17,598,Daniel,James,James,Swansea,MID,0,0,0,0,0,0,0,0,0.0,0.0,0.0,0.0,,,45,0.0,
2016-17,599,Thibaud,Verlinden,Verlinden,Stoke,MID,0,0,0,0,0,0,0,0,0.0,0.0,0.0,0.0,,,45,0.0,
2016-17,600,Ryan,Allsop,Allsop,Bournemouth,GKP,3,90,0,0,0,1,0,17,33.8,0.0,0.0,3.4,,,40,0.1,
2016-17,601,Alex,Palmer,Palmer,West Brom,GKP,0,0,0,0,0,0,0,0,0.0,0.0,0.0,0.0,,,40,0.0,
2016-17,602,Matthew,James,James,Leicester,MID,1,1,0,0,0,0,0,3,0.0,0.0,0.0,0.0,,,45,0.0,
2016-17,603,Ben,Woodburn,Woodburn,Liverpool,MID,5,86,0,0,0,1,0,14,7.4,12.6,34.0,5.4,,,43,0.0,
2016-17,604,Joshua,Sims,Sims,Southampton,MID,12,211,0,1,1,1,0,48,41.8,38.2,83.0,16.3,,,41,0.3,
2016-17,605,Andrew,Eleftheriou,Eleftheriou,Watford,DEF,0,52,0,0,0,2,0,4,5.2,0.8,0.0,0.6,,,40,0.0,
2016-17,606,Michael,Phillips,Phillips,Crystal Palace,MID,0,0,0,0,0,0,0,0,0.0,0.0,0.0,0.0,,,45,0.0,
2016-17,607,Oluwatosin,Adarabioyo,Tosin Adarabioyo,Man City,DEF,0,0,0,0,0,0,0,0,0.0,0.0,0.0,0.0,,,45,0.0,
2016-17,608,Alex,Pike,Pike,West Ham,DEF,0,0,0,0,0,0,0,0,0.0,0.0,0.0,0.0,,,40,0.0,
2016-17,609,Marcus,Browne,Browne,West Ham,MID,0,0,0,0,0,0,0,0,0.0,0.0,0.0,0.0,,,45,0.0,
2016-17,610,Domingos,Quina,Quina,West Ham,MID,0,0,0,0,0,0,0,0,0.0,0.0,0.0,0.0,,,45,0.0,
2016-17,611,Noor,Husin,Husin,Crystal Palace,MID,0,0,0,0,0,0,0,0,0.0,0.0,0.0,0.0,,,45,0.0,
2016-17,612,Aaron,Wan-Bissaka,Wan-Bissaka,Crystal Palace,MID,0,0,0,0,0,0,0,0,0.0,0.0,0.0,0.0,,,45,0.0,
2016-17,613,Josh,Maja,Maja,Sunderland,FWD,0,0,0,0,0,0,0,0,0.0,0.0,0.0,0.0,,,45,0.1,
2016-17,614,Rekeem,Harper,Harper,West Brom,MID,0,0,0,0,0,0,0,0,0.0,0.0,0.0,0.0,,,45,0.0,
2016-17,615,Ethan,Robson,Ethan Robson,Sunderland,MID,0,0,0,0,0,0,0,0,0.0,0.0,0.0,0.0,,,45,0.0,
2016-17,616,Jonjoe,Kenny,Kenny,Everton,DEF,1,13,0,0,0,0,0,2,0.0,0.6,0.0,0.0,,,40,0.0,
2016-17,617,Elliot,Embleton,Embleton,Sunderland,MID,0,0,0,0,0,0,0,0,0.0,0.0,0.0,0.0,,,44,0.0,
2016-17,618,Declan,Rice,Rice,West Ham,MID,1,1,0,0,0,0,0,3,0.6,0.3,0.0,0.1,,,45,0.0,
2016-17,619,Charlie,Rowan,Rowan,Watford,DEF,0,0,0,0,0,0,0,0,0.0,0.0,0.0,0.0,,,40,0.0,
2016-17,620,Michael,Folivi,Folivi,Watford,FWD,1,10,0,0,0,0,0,2,0.0,0.1,0.0,0.0,,,45,0.0,
2016-17,621,Brandon,Mason,Mason,Watford,DEF,1,113,0,0,0,5,0,13,11.4,0.8,0.0,1.2,,,39,0.1,
2016-17,622,Carl,Stewart,Stewart,Watford,MID,0,0,0,0,0,0,0,0,0.0,0.0,0.0,0.0,,,45,0.0,
2016-17,623,Harry,Lewis,Lewis,Southampton,GKP,0,0,0,0,0,0,0,0,0.0,0.0,0.0,0.0,,,40,0.0,
2016-17,624,Michael,Ledger,Ledger,Sunderland,DEF,0,0,0,0,0,0,0,0,0.0,0.0,0.0,0.0,,,40,0.0,
2016-17,625,Gabriel Fernando,de Jesus,Jesus,Man City,FWD,67,651,7,4,3,5,12,258,335.8,165.9,436.0,92.9,,,91,14.7,
2016-17,626,Joey,Barton,Barton,Burnley,MID,37,1105,1,2,4,16,0,205,184.8,147.4,86.0,41.9,,,41,0.1,
2016-17,627,Ademola,Lookman,Lookman,Everton,MID,16,289,1,0,1,2,0,33,55.8,15.5,193.0,26.1,,,50,0.0,
2016-17,628,Wilfred,Ndidi,Ndidi,Leicester,MID,59,1521,2,3,4,28,2,288,313.6,93.8,357.0,76.4,,,46,0.7,
2016-17,629,Rudy,Gestede,Gestede,Middlesbrough,FWD,21,533,1,0,1,12,0,80,79.4,148.4,254.0,48.1,,,45,0.1,
2016-17,630,Evandro,Goebel,Evandro,Hull,MID,18,576,0,0,3,10,0,88,42.4,171.0,20.0,23.2,,,49,0.0,
2016-17,631,Joel,Taylor,Taylor,Stoke,DEF,0,0,0,0,0,0,0,0,0.0,0.0,0.0,0.0,,,40,0.0,
2016-17,632,Luciano,Narsingh,Narsingh,Swansea,MID,25,416,0,3,1,8,0,75,74.4,105.7,60.0,23.9,,,51,0.0,
2016-17,633,Martin,Olsson,Olsson,Swansea,DEF,52,1252,2,0,4,18,3,234,262.0,149.5,114.0,52.6,,,41,0.8,
2016-17,634,Omar,Elabdellaoui,Elabdellaoui,Hull,DEF,13,615,0,0,1,16,0,111,84.6,70.4,8.0,16.4,,,44,0.0,
2016-17,635,Joleon,Lescott,Lescott,Sunderland,DEF,1,124,0,0,0,5,0,14,39.0,0.3,0.0,3.9,,,39,0.3,
2016-17,636,Mauro,Zárate,Zárate,Watford,FWD,8,204,0,1,0,3,0,27,18.8,52.8,71.0,14.3,,,52,0.0,
2016-17,637,M'Baye,Niang,Niang,Watford,FWD,49,1246,2,2,3,27,6,183,190.0,186.3,364.0,73.4,,,58,0.4,
2016-17,638,Andrea,Ranocchia,Ranocchia,Hull,DEF,55,1330,2,2,3,31,9,299,444.4,39.0,158.0,64.2,,,45,1.3,
2016-17,639,Giedrius,Arlauskis,Arlauskis,Watford,GKP,0,0,0,0,0,0,0,0,0.0,0.0,0.0,0.0,,,40,0.0,
2016-17,640,Robbie,Brady,Brady,Burnley,MID,39,719,1,3,1,11,4,143,151.2,253.0,116.0,51.6,,,55,0.2,
2016-17,641,Ashley,Westwood,Westwood,Burnley,MID,13,551,0,0,1,9,0,68,50.8,64.3,2.0,11.8,,,45,0.0,
2016-17,642,Jordan,Ayew,Ayew,Swansea,FWD,39,867,1,4,5,7,2,122,141.0,122.5,219.0,47.9,,,50,0.6,
2016-17,643,Manolo,Gabbiadini,Gabbiadini,Southampton,FWD,38,724,4,1,3,12,4,124,165.6,85.0,432.0,67.8,,,64,6.5,
2016-17,644,Alfred,N'Diaye,N'Diaye,Hull,MID,34,1273,1,0,4,30,2,177,158.8,98.3,137.0,39.1,,,41,0.8,
2016-17,645,Molla,Wagué,Wagué,Leicester,DEF,0,0,0,0,0,0,0,0,0.0,0.0,0.0,0.0,,,44,0.0,
2016-17,646,Luka,Milivojevic,Milivojevic,Crystal Palace,MID,42,1224,2,0,5,16,3,169,192.4,96.5,130.0,41.8,,,50,0.1,
2016-17,647,Kamil,Grosicki,Grosicki,Hull,MID,43,1143,0,5,3,27,0,132,133.6,360.9,309.0,80.3,,,55,0.2,
2016-17,648,Thomas,Edwards,Edwards,Stoke,DEF,0,0,0,0,0,0,0,0,0.0,0.0,0.0,0.0,,,40,0.0,
2016-17,649,Baily,Cargill,Cargill,Bournemouth,DEF,1,13,0,0,0,0,0,5,4.2,0.0,0.0,0.4,,,40,0.0,
2016-17,650,Mouez,Hassen,Hassen,Southampton,GKP,0,0,0,0,0,0,0,0,0.0,0.0,0.0,0.0,,,40,0.0,
2016-17,651,Daniel,Agyei,Agyei,Burnley,FWD,3,25,0,0,0,0,0,6,1.0,0.3,11.0,0.8,,,45,0.0,
2016-17,652,Martín,Cáceres,Cáceres,Southampton,DEF,2,90,0,0,0,1,0,16,19.6,1.1,6.0,2.7,,,50,0.0,
2016-17,653,Harry,Wilson,Wilson,Liverpool,MID,0,0,0,0,0,0,0,0,0.0,0.0,0.0,0.0,,,45,0.0,
2016-17,654,Connor,Roberts,Roberts,Swansea,DEF,0,0,0,0,0,0,0,0,0.0,0.0,0.0,0.0,,,40,0.0,
2016-17,655,Matthew,Willock,Willock,Man Utd,MID,0,0,0,0,0,0,0,0,0.0,0.0,0.0,0.0,,,45,0.0,
2016-17,656,Axel,Tuanzebe,Tuanzebe,Man Utd,DEF,14,303,0,0,2,4,0,69,32.6,27.7,18.0,7.8,,,40,0.3,
2016-17,657,Damian Emiliano,Martinez,Martinez,Arsenal,GKP,8,180,0,0,1,3,0,35,30.6,0.0,0.0,3.1,,,39,0.6,
2016-17,658,Joe,Williams,Joe Williams,Everton,MID,0,0,0,0,0,0,0,0,0.0,0.0,0.0,0.0,,,45,0.0,
2016-17,659,Dion,Pereira,Pereira,Watford,MID,2,25,0,0,0,1,0,6,4.2,14.6,4.0,2.3,,,45,0.0,
2016-17,660,Matt,Macey,Macey,Arsenal,GKP,0,0,0,0,0,0,0,0,0.0,0.0,0.0,0.0,,,40,0.0,
2016-17,661,James,Husband,Husband,Middlesbrough,DEF,0,58,0,0,0,3,0,3,1.2,1.5,0.0,0.3,,,40,0.0,
2016-17,662,Joel Dinis,Castro Pereira,Joel Pereira,Man Utd,GKP,6,90,0,0,1,0,0,23,7.4,0.0,0.0,0.7,,,40,0.1,
2016-17,663,Eduardo,Dos Reis Carvalho,Eduardo,Chelsea,GKP,0,0,0,0,0,0,0,0,0.0,0.0,0.0,0.0,,,45,0.0,
2016-17,664,Moses,Makasi,Makasi,West Ham,MID,0,0,0,0,0,0,0,0,0.0,0.0,0.0,0.0,,,45,0.0,
2016-17,665,Nathan,Holland,Holland,West Ham,MID,0,0,0,0,0,0,0,0,0.0,0.0,0.0,0.0,,,45,0.0,
2016-17,666,Rhian,Brewster,Brewster,Liverpool,FWD,0,0,0,0,0,0,0,0,0.0,0.0,0.0,0.0,,,45,0.0,
2016-17,667,Scott,McTominay,McTominay,Man Utd,MID,3,97,0,0,1,0,0,16,22.2,19.1,17.0,5.8,,,45,0.0,
2016-17,668,Angus,Gunn,Gunn,Man City,GKP,0,0,0,0,0,0,0,0,0.0,0.0,0.0,0.0,,,40,0.0,
2016-17,669,Demetri,Mitchell,Mitchell,Man Utd,DEF,8,90,0,0,1,0,2,35,24.8,31.6,0.0,5.6,,,40,0.0,
2016-17,670,Elliott,Moore,Moore,Leicester,DEF,0,0,0,0,0,0,0,0,0.0,0.0,0.0,0.0,,,40,0.0,
2016-17,671,Filip,Lesniak,Lesniak,Spurs,MID,4,5,0,1,0,0,0,14,18.6,11.2,0.0,3.0,,,45,0.0,
2016-17,672,Samuel,Shashoua,Shashoua,Spurs,MID,0,0,0,0,0,0,0,0,0.0,0.0,0.0,0.0,,,45,0.0,
2016-17,673,Zachary,Dearnley,Dearnley,Man Utd,MID,0,0,0,0,0,0,0,0,0.0,0.0,0.0,0.0,,,45,0.0,
2016-17,674,Joshua,Harrop,Harrop,Man Utd,MID,8,90,1,0,1,0,0,32,36.2,20.2,21.0,7.7,,,45,0.0,
2016-17,675,Daniel,Kemp,Kemp,West Ham,MID,0,0,0,0,0,0,0,0,0.0,0.0,0.0,0.0,,,45,0.0,
2016-17,676,Daniel,Batty,Batty,Hull,MID,0,0,0,0,0,0,0,0,0.0,0.0,0.0,0.0,,,45,0.0,
2016-17,677,Aaron,Ramsdale,Ramsdale,Bournemouth,GKP,0,0,0,0,0,0,0,0,0.0,0.0,0.0,0.0,,,40,0.0,
2016-17,678,Matthew,Worthington,Worthington,Bournemouth,MID,1,17,0,0,0,0,0,3,1.0,0.7,0.0,0.2,,,45,0.0,
2016-17,679,Sam,Surridge,Surridge,Bournemouth,FWD,0,0,0,0,0,0,0,0,0.0,0.0,0.0,0.0,,,45,0.0,
2016-17,680,Angel,Gomes,Gomes,Man Utd,MID,1,3,0,0,0,0,0,2,0.8,3.8,0.0,0.5,,,45,0.0,
2016-17,681,Kieran,O'Hara,O'Hara,Man Utd,GKP,0,0,0,0,0,0,0,0,0.0,0.0,0.0,0.0,,,40,0.0,
2016-17,682,Gerhard,Tremmel,Tremmel,Swansea,GKP,0,0,0,0,0,0,0,0,0.0,0.0,0.0,0.0,,,40,0.0,
2016-17,683,Rene,Gilmartin,Gilmartin,Watford,GKP,0,0,0,0,0,0,0,0,0.0,0.0,0.0,0.0,,,40,0.0,
2017-18,1,David,Ospina,Ospina,Arsenal,GKP,19,380,0,0,2,3,1,86,75.8,0.0,0.0,7.7,,,48,0.2,
2017-18,2,Petr,Cech,Cech,Arsenal,GKP,124,3039,0,0,11,48,7,627,722.4,0.0,0.0,71.9,,,53,4.5,
2017-18,3,Damian Emiliano,Martinez,Martinez,Arsenal,GKP,0,0,0,0,0,0,0,0,0.0,0.0,0.0,0.0,,,40,0.6,
2017-18,4,Laurent,Koscielny,Koscielny,Arsenal,DEF,100,2225,2,0,9,32,16,556,692.0,123.8,137.0,95.5,,,60,1.5,
2017-18,5,Per,Mertesacker,Mertesacker,Arsenal,DEF,16,364,1,0,0,7,2,81,119.6,3.0,38.0,16.1,,,47,0.5,
2017-18,6,Gabriel Armando,de Abreu,Gabriel,Arsenal,DEF,0,0,0,0,0,0,0,0,0.0,0.0,0.0,0.0,,,50,0.1,
2017-18,7,Héctor,Bellerín,Bellerín,Arsenal,DEF,132,3050,2,4,12,44,11,656,554.0,561.0,484.0,160.1,,,59,10.3,
2017-18,9,Carl,Jenkinson,Jenkinson,Arsenal,DEF,0,0,0,0,0,0,0,0,0.0,0.0,0.0,0.0,,,45,0.2,
2017-18,10,Nacho,Monreal,Monreal,Arsenal,DEF,130,2241,5,2,10,29,15,604,693.6,238.7,305.0,124.0,,,57,8.0,
2017-18,11,Rob,Holding,Holding,Arsenal,DEF,27,819,0,1,3,17,1,196,212.2,39.3,24.0,27.5,,,44,0.7,
2017-18,12,Shkodran,Mustafi,Mustafi,Arsenal,DEF,109,2272,3,1,10,30,13,610,836.6,129.9,202.0,117.0,,,54,4.2,
2017-18,13,Sead,Kolasinac,Kolasinac,Arsenal,DEF,108,2146,2,4,10,30,6,510,443.2,334.9,404.0,118.3,,,58,6.1,
2017-18,16,Mesut,Özil,Özil,Arsenal,MID,112,2161,4,9,8,36,11,506,640.6,1287.5,555.0,248.6,,,93,2.1,
2017-18,17,Santiago,Cazorla,Cazorla,Arsenal,MID,0,0,0,0,0,0,0,0,0.0,0.0,0.0,0.0,,,69,0.1,
2017-18,18,Aaron,Ramsey,Ramsey,Arsenal,MID,130,1844,7,10,9,25,12,503,631.2,478.3,734.0,184.2,,,68,4.5,
2017-18,20,Francis,Coquelin,Coquelin,Arsenal,MID,7,164,0,0,0,6,0,35,22.2,16.9,8.0,4.8,,,43,0.5,
2017-18,21,Alex,Iwobi,Iwobi,Arsenal,MID,89,1827,3,5,9,26,2,426,430.0,592.9,635.0,165.6,,,51,1.0,
2017-18,22,Mohamed,Elneny,Elneny,Arsenal,MID,22,865,0,1,3,12,0,156,138.2,194.4,92.0,42.5,,,42,3.0,
2017-18,23,Granit,Xhaka,Xhaka,Arsenal,MID,109,3259,1,8,12,50,3,593,753.4,822.8,378.0,195.3,,,51,7.0,
2017-18,24,Jack,Wilshere,Wilshere,Arsenal,MID,46,1185,1,3,4,16,2,236,258.4,281.8,169.0,71.0,,,50,0.7,
2017-18,26,Danny,Welbeck,Welbeck,Arsenal,FWD,70,1178,5,2,4,21,6,249,309.8,212.8,435.0,96.0,,,73,1.2,
2017-18,27,Lucas,Pérez,Pérez,Arsenal,FWD,0,0,0,0,0,0,0,0,0.0,0.0,0.0,0.0,,,74,0.1,
2017-18,28,Alexandre,Lacazette,Lacazette,Arsenal,FWD,138,2197,14,5,10,28,11,543,725.6,566.0,1291.0,258.0,,,103,7.6,
2017-18,281,Henrikh,Mkhitaryan,Mkhitaryan,Arsenal,MID,107,1712,3,9,12,17,9,411,506.8,727.8,400.0,163.8,,,77,7.5,
2017-18,480,Calum,Chambers,Chambers,Arsenal,DEF,23,864,0,0,2,14,0,171,227.8,40.0,134.0,40.2,,,47,0.4,
2017-18,489,Reiss,Nelson,Nelson,Arsenal,MID,5,144,0,0,0,3,0,23,12.0,29.7,11.0,5.3,,,47,0.0,
2017-18,546,Ainsley,Maitland-Niles,Maitland-Niles,Arsenal,MID,25,908,0,0,3,16,0,160,168.4,141.3,67.0,37.8,,,45,0.1,
2017-18,559,Matt,Macey,Macey,Arsenal,GKP,0,0,0,0,0,0,0,0,0.0,0.0,0.0,0.0,,,50,0.0,
2017-18,560,Edward,Nketiah,Nketiah,Arsenal,FWD,3,17,0,0,0,1,0,10,5.0,1.9,17.0,2.3,,,50,0.0,
2017-18,564,Mathieu,Debuchy,Debuchy,Arsenal,DEF,0,0,0,0,0,0,0,0,0.0,0.0,0.0,0.0,,,45,0.0,
2017-18,595,Konstantinos,Mavropanos,Mavropanos,Arsenal,DEF,4,194,0,0,1,5,0,41,52.2,1.3,2.0,5.5,,,42,0.0,
2017-18,616,Pierre-Emerick,Aubameyang,Aubameyang,Arsenal,FWD,87,1056,10,4,4,15,12,354,484.0,207.1,580.0,127.1,,,108,14.0,
2017-18,634,Joseph,Willock,Willock,Arsenal,MID,3,81,0,0,0,2,0,8,8.2,5.8,4.0,1.8,,,45,0.0,
2017-18,644,Jordi,Osei-Tutu,Osei-Tutu,Arsenal,DEF,0,0,0,0,0,0,0,0,0.0,0.0,0.0,0.0,,,40,0.0,
2017-18,29,Asmir,Begovic,Begovic,Bournemouth,GKP,112,3420,0,0,6,61,6,631,790.8,20.0,0.0,80.8,,,45,4.1,
2017-18,30,Artur,Boruc,Boruc,Bournemouth,GKP,0,0,0,0,0,0,0,0,0.0,0.0,0.0,0.0,,,41,1.3,
2017-18,31,Adam,Federici,Federici,Bournemouth,GKP,0,0,0,0,0,0,0,0,0.0,0.0,0.0,0.0,,,40,2.2,
2017-18,32,Simon,Francis,Francis,Bournemouth,DEF,56,2708,0,1,4,47,3,491,726.8,418.4,163.0,131.0,,,43,1.3,
2017-18,33,Steve,Cook,Steve Cook,Bournemouth,DEF,83,2764,2,1,5,53,9,495,870.0,65.6,271.0,120.6,,,46,1.1,
2017-18,34,Charlie,Daniels,Daniels,Bournemouth,DEF,94,3001,1,3,6,50,4,587,582.2,479.7,196.0,125.9,,,47,6.6,
2017-18,35,Adam,Smith,Adam Smith,Bournemouth,DEF,56,2067,1,3,2,38,3,376,455.0,345.5,144.0,94.5,,,48,0.4,
2017-18,36,Tyrone,Mings,Mings,Bournemouth,DEF,3,201,0,0,0,5,0,40,46.6,14.8,10.0,7.2,,,42,0.2,
2017-18,37,Bradley,Smith,Brad Smith,Bournemouth,DEF,0,0,0,0,0,0,0,0,0.0,0.0,0.0,0.0,,,39,3.2,
2017-18,38,Nathan,Aké,Aké,Bournemouth,DEF,102,3352,2,3,6,59,8,642,932.4,115.1,287.0,133.5,,,50,6.1,
2017-18,39,Harry,Arter,Arter,Bournemouth,MID,27,959,1,0,3,13,0,156,146.0,76.1,69.0,29.2,,,47,0.3,
2017-18,40,Marc,Pugh,Pugh,Bournemouth,MID,32,974,0,0,5,17,0,97,99.2,195.5,224.0,51.6,,,47,0.1,
2017-18,41,Andrew,Surman,Surman,Bournemouth,MID,82,1851,2,5,5,29,9,363,458.0,261.1,121.0,84.0,,,43,3.1,
2017-18,42,Junior,Stanislas,Stanislas,Bournemouth,MID,75,1285,5,3,2,22,7,285,394.8,377.2,483.0,125.1,,,57,0.3,
2017-18,43,Dan,Gosling,Gosling,Bournemouth,MID,59,1941,2,1,1,41,4,254,396.4,262.2,274.0,93.3,,,48,0.1,
2017-18,44,Max,Gradel,Gradel,Bournemouth,MID,0,0,0,0,0,0,0,0,0.0,0.0,0.0,0.0,,,50,0.0,
2017-18,45,Jordon,Ibe,Ibe,Bournemouth,MID,85,1988,2,6,4,33,5,289,362.0,602.7,610.0,157.3,,,46,1.0,
2017-18,46,Lewis,Cook,Lewis Cook,Bournemouth,MID,58,2234,0,2,3,42,0,337,456.4,423.3,126.0,100.7,,,43,1.2,
2017-18,47,Ryan,Fraser,Fraser,Bournemouth,MID,97,2003,5,3,2,38,13,390,492.8,646.6,413.0,155.0,,,51,0.7,
2017-18,48,Callum,Wilson,Wilson,Bournemouth,FWD,102,1981,8,2,6,33,13,282,392.2,288.4,799.0,147.5,,,56,4.5,
2017-18,49,Benik,Afobe,Afobe,Bournemouth,FWD,24,534,0,1,0,12,0,73,33.8,62.6,219.0,31.3,,,57,0.2,
2017-18,50,Lys,Mousset,Mousset,Bournemouth,FWD,36,581,2,0,1,16,3,106,120.4,69.5,252.0,43.9,,,49,0.2,
2017-18,51,Joshua,King,King,Bournemouth,FWD,110,2450,8,4,7,38,10,381,577.0,556.7,902.0,203.7,,,70,1.9,
2017-18,52,Jermain,Defoe,Defoe,Bournemouth,FWD,60,1075,4,2,2,21,5,191,209.4,144.9,539.0,88.9,,,76,1.4,
2017-18,549,Aaron,Ramsdale,Ramsdale,Bournemouth,GKP,0,0,0,0,0,0,0,0,0.0,0.0,0.0,0.0,,,40,0.1,
2017-18,570,Jack,Simpson,Simpson,Bournemouth,DEF,1,71,0,0,0,2,0,10,6.2,0.0,0.0,0.6,,,40,0.2,
2017-18,584,Emerson,Hyndman,Hyndman,Bournemouth,MID,1,58,0,0,0,1,0,6,5.0,12.5,0.0,1.8,,,45,0.0,
2017-18,585,Connor,Mahoney,Mahoney,Bournemouth,MID,0,0,0,0,0,0,0,0,0.0,0.0,0.0,0.0,,,45,0.0,
2017-18,588,Matt,Butcher,Butcher,Bournemouth,MID,0,0,0,0,0,0,0,0,0.0,0.0,0.0,0.0,,,45,0.0,
2017-18,602,Kyle,Taylor,Taylor,Bournemouth,MID,0,0,0,0,0,0,0,0,0.0,0.0,0.0,0.0,,,45,0.0,
2017-18,53,Niki,Mäenpää,Mäenpää,Brighton,GKP,0,0,0,0,0,0,0,0,0.0,0.0,0.0,0.0,,,39,1.9,
2017-18,54,Mathew,Ryan,Ryan,Brighton,GKP,146,3420,0,0,10,54,13,726,911.6,0.0,0.0,91.1,,,46,3.4,
2017-18,55,Lewis,Dunk,Dunk,Brighton,DEF,97,3420,1,1,10,54,7,637,1002.8,147.8,425.0,157.9,,,45,2.9,
2017-18,56,Shane,Duffy,Duffy,Brighton,DEF,100,3292,0,2,10,52,7,614,1027.6,98.9,361.0,148.9,,,46,2.9,
2017-18,57,Uwe,Hünemeier,Hünemeier,Brighton,DEF,1,17,0,0,0,1,0,5,7.0,0.3,2.0,0.9,,,38,5.6,
2017-18,58,Bruno,Saltor Grau,Bruno,Brighton,DEF,84,2014,0,0,10,23,8,423,360.4,174.1,35.0,57.2,,,45,0.8,
2017-18,59,Gaëtan,Bong,Bong,Brighton,DEF,63,2237,0,0,6,36,5,369,346.2,154.6,18.0,52.1,,,44,0.2,
2017-18,60,Liam,Rosenior,Rosenior,Brighton,DEF,3,163,0,0,0,3,0,22,28.8,4.7,2.0,3.6,,,39,3.0,
2017-18,61,Connor,Goldson,Goldson,Brighton,DEF,6,199,0,0,1,5,0,36,40.4,3.5,55.0,9.9,,,39,2.6,
2017-18,62,Anthony,Knockaert,Knockaert,Brighton,MID,88,2415,3,1,11,29,6,383,404.0,557.2,530.0,149.1,,,55,0.6,
2017-18,63,Dale,Stephens,Stephens,Brighton,MID,87,3240,0,3,10,50,2,550,625.8,272.5,176.0,107.7,,,45,1.2,
2017-18,64,Beram,Kayal,Kayal,Brighton,MID,25,735,0,0,1,14,0,115,111.2,137.0,48.0,29.6,,,44,0.1,
2017-18,65,Steve,Sidwell,Sidwell,Brighton,MID,0,0,0,0,0,0,0,0,0.0,0.0,0.0,0.0,,,42,0.2,
2017-18,66,Solomon,March,March,Brighton,MID,74,1838,1,3,6,29,3,303,357.4,320.9,316.0,99.8,,,48,0.2,
2017-18,67,Jiri,Skalak,Skalak,Brighton,MID,0,0,0,0,0,0,0,0,0.0,0.0,0.0,0.0,,,47,0.0,
2017-18,68,Oliver,Norwood,Norwood,Brighton,MID,0,0,0,0,0,0,0,0,0.0,0.0,0.0,0.0,,,45,0.0,
2017-18,69,Jamie,Murphy,Murphy,Brighton,MID,6,166,0,0,0,4,0,25,11.8,15.5,24.0,5.1,,,47,0.0,
2017-18,70,Pascal,Groß,Groß,Brighton,MID,164,2928,7,8,10,46,24,635,735.4,1311.0,527.0,257.6,,,59,15.4,
2017-18,71,Glenn,Murray,Murray,Brighton,FWD,111,2184,12,0,8,36,16,319,492.4,271.8,779.0,153.1,,,59,5.7,
2017-18,72,Tomer,Hemed,Hemed,Brighton,FWD,43,842,2,2,3,8,5,110,152.0,66.1,227.0,44.2,,,46,1.0,
2017-18,73,Sam,Baldock,Baldock,Brighton,FWD,2,30,0,0,0,1,0,4,0.4,0.8,6.0,0.7,,,49,0.0,
2017-18,210,Leonardo,Ulloa,Ulloa,Brighton,FWD,20,279,1,0,1,4,0,66,68.0,94.2,66.0,22.7,,,48,0.3,
2017-18,461,Markus,Suttner,Suttner,Brighton,DEF,38,1178,0,0,4,18,3,204,187.4,105.6,17.0,30.8,,,42,0.4,
2017-18,481,Isaiah,Brown,Brown,Brighton,MID,16,302,0,0,0,8,0,60,33.2,86.2,25.0,14.5,,,52,0.0,
2017-18,490,Davy,Pröpper,Pröpper,Brighton,MID,87,3118,0,4,9,50,1,446,535.8,297.1,255.0,108.9,,,53,0.1,
2017-18,517,José Heriberto,Izquierdo Mena,Izquierdo,Brighton,MID,101,1976,5,5,5,32,4,324,385.4,311.3,618.0,131.3,,,59,0.3,
2017-18,538,Ezequiel,Schelotto,Schelotto,Brighton,DEF,20,1313,0,0,0,30,0,183,210.0,99.2,73.0,38.2,,,44,0.1,
2017-18,540,Tim,Krul,Krul,Brighton,GKP,0,0,0,0,0,0,0,0,0.0,0.0,0.0,0.0,,,39,0.8,
2017-18,553,Jayson,Molumby,Molumby,Brighton,MID,0,0,0,0,0,0,0,0,0.0,0.0,0.0,0.0,,,45,0.0,
2017-18,604,Jürgen,Locadia,Locadia,Brighton,FWD,16,221,1,1,1,8,2,47,50.4,24.6,89.0,15.8,,,60,0.0,
2017-18,74,Tom,Heaton,Heaton,Burnley,GKP,8,305,0,0,0,4,0,48,53.4,0.0,0.0,5.3,,,47,1.7,
2017-18,75,Paul,Robinson,Robinson,Burnley,GKP,0,0,0,0,0,0,0,0,0.0,0.0,0.0,0.0,,,45,0.0,
2017-18,76,Matthew,Lowton,Lowton,Burnley,DEF,89,2295,0,3,8,26,4,450,574.6,264.9,46.0,89.0,,,44,4.9,
2017-18,77,Ben,Mee,Mee,Burnley,DEF,90,2610,0,0,9,27,6,491,748.6,74.5,349.0,117.3,,,49,7.3,
2017-18,78,Stephen,Ward,Ward,Burnley,DEF,102,2460,1,1,9,27,9,484,498.4,270.9,82.0,85.4,,,48,8.5,
2017-18,79,James,Tarkowski,Tarkowski,Burnley,DEF,101,2790,0,1,11,30,4,539,822.0,98.4,253.0,117.8,,,46,5.1,
2017-18,80,Kevin,Long,Long,Burnley,DEF,57,1440,1,2,4,21,6,282,460.0,64.8,220.0,74.5,,,41,7.5,
2017-18,81,Charlie,Taylor,Taylor,Burnley,DEF,23,949,0,0,2,12,0,132,184.2,86.8,4.0,27.5,,,42,0.4,
2017-18,82,Scott,Arfield,Arfield,Burnley,MID,56,1330,2,2,6,15,6,185,233.2,120.2,246.0,60.1,,,49,0.2,
2017-18,83,Dean,Marney,Marney,Burnley,MID,0,0,0,0,0,0,0,0,0.0,0.0,0.0,0.0,,,44,0.0,
2017-18,84,Johann Berg,Gudmundsson,Gudmundsson,Burnley,MID,117,2831,2,9,10,33,7,467,599.0,1052.0,539.0,219.2,,,50,1.9,
2017-18,85,Steven,Defour,Defour,Burnley,MID,62,1998,1,1,12,17,0,353,353.8,310.8,117.0,78.4,,,54,0.3,
2017-18,86,Jeff,Hendrick,Hendrick,Burnley,MID,85,2326,2,2,9,28,1,307,265.6,408.2,335.0,100.9,,,54,0.2,
2017-18,87,Robbie,Brady,Brady,Burnley,MID,56,1277,1,4,6,12,7,216,273.8,477.9,221.0,97.3,,,53,0.4,
2017-18,88,Ashley,Westwood,Westwood,Burnley,MID,35,1105,0,1,2,17,1,189,182.4,134.8,90.0,40.7,,,43,0.1,
2017-18,89,Jonathan,Walters,Walters,Burnley,MID,3,36,0,0,0,2,0,3,1.2,0.7,12.0,1.1,,,51,0.1,
2017-18,90,Jack,Cork,Cork,Burnley,MID,100,3420,2,1,12,39,6,533,589.6,332.8,265.0,119.0,,,45,3.6,
2017-18,91,Sam,Vokes,Vokes,Burnley,FWD,63,977,4,2,2,16,7,170,208.4,128.0,384.0,71.1,,,57,2.1,
2017-18,93,Ashley,Barnes,Barnes,Burnley,FWD,92,2150,9,0,5,23,9,290,407.2,274.8,797.0,145.8,,,53,3.2,
2017-18,153,Aaron,Lennon,Lennon,Burnley,MID,65,1906,0,4,6,30,0,204,232.2,203.2,297.0,73.3,,,54,0.2,
2017-18,185,Nahki,Wells,Wells,Burnley,FWD,9,46,0,0,0,3,0,20,7.2,3.5,37.0,4.7,,,49,0.1,
2017-18,334,Phil,Bardsley,Bardsley,Burnley,DEF,33,1125,0,0,4,13,0,193,229.4,117.5,35.0,38.3,,,40,0.3,
2017-18,392,Georges-Kévin,Nkoudou,Nkoudou,Burnley,MID,11,223,0,0,1,2,0,21,26.0,49.3,41.0,11.2,,,53,0.0,
2017-18,469,Nick,Pope,Pope,Burnley,GKP,152,3114,0,0,11,35,19,701,862.4,40.0,0.0,90.1,,,50,10.1,
2017-18,518,Chris,Wood,Wood,Burnley,FWD,104,1621,10,1,10,11,20,314,442.0,203.5,692.0,133.8,,,62,1.7,
2017-18,545,Adam,Legzdins,Legzdins,Burnley,GKP,0,0,0,0,0,0,0,0,0.0,0.0,0.0,0.0,,,40,0.1,
2017-18,554,Anders,Lindegaard,Lindegaard,Burnley,GKP,0,0,0,0,0,0,0,0,0.0,0.0,0.0,0.0,,,40,0.2,
2017-18,575,Fredrik,Ulvestad,Ulvestad,Burnley,MID,0,0,0,0,0,0,0,0,0.0,0.0,0.0,0.0,,,44,0.0,
2017-18,623,Aiden,O'Neill,O'Neill,Burnley,MID,0,0,0,0,0,0,0,0,0.0,0.0,0.0,0.0,,,45,0.0,
2017-18,646,Dwight,McNeil,McNeil,Burnley,FWD,1,1,0,0,0,0,0,3,0.0,0.0,0.0,0.0,,,45,0.0,
2017-18,25,Olivier,Giroud,Giroud,Chelsea,FWD,77,981,7,1,5,11,10,273,307.0,311.1,673.0,129.0,,,84,3.7,
2017-18,94,Thibaut,Courtois,Courtois,Chelsea,GKP,136,3150,0,0,15,34,4,635,549.0,0.0,0.0,55.2,,,53,10.3,
2017-18,95,Eduardo,dos Reis Carvalho,Eduardo,Chelsea,GKP,0,0,0,0,0,0,0,0,0.0,0.0,0.0,0.0,,,47,0.1,
2017-18,96,Willy,Caballero,Caballero,Chelsea,GKP,11,270,0,0,1,4,0,54,55.2,0.0,0.0,5.5,,,48,0.1,
2017-18,97,César,Azpilicueta,Azpilicueta,Chelsea,DEF,175,3330,2,6,15,38,25,913,967.4,535.7,168.0,167.5,,,69,21.0,
2017-18,98,Gary,Cahill,Cahill,Chelsea,DEF,74,2082,0,0,9,27,2,447,496.6,55.6,99.0,65.4,,,62,3.0,
2017-18,100,Marcos,Alonso,Alonso,Chelsea,DEF,165,2855,7,2,13,30,15,650,697.8,549.6,822.0,207.1,,,71,16.2,
2017-18,101,David,Luiz Moreira Marinho,David Luiz,Chelsea,DEF,32,838,1,2,3,13,0,186,210.2,22.3,65.0,29.6,,,57,8.1,
2017-18,102,Victor,Moses,Moses,Chelsea,DEF,131,2109,3,6,11,20,9,486,417.0,358.1,482.0,125.9,,,65,2.9,
2017-18,103,Antonio,Rüdiger,Rüdiger,Chelsea,DEF,115,2336,2,1,12,22,8,557,546.6,83.0,217.0,84.8,,,58,3.3,
2017-18,104,Eden,Hazard,Hazard,Chelsea,MID,173,2417,12,6,12,27,24,699,928.0,1127.3,1115.0,317.3,,,105,6.4,
2017-18,105,Cesc,Fàbregas,Fàbregas,Chelsea,MID,89,2300,2,4,11,26,7,539,713.8,1349.3,485.0,254.9,,,68,3.1,
2017-18,106,Willian,Borges Da Silva,Willian,Chelsea,MID,130,1874,6,8,9,19,13,522,640.0,891.5,715.0,224.5,,,70,12.6,
2017-18,109,Pedro,Rodríguez Ledesma,Pedro,Chelsea,MID,81,1511,4,2,8,14,2,272,338.4,410.0,498.0,124.6,,,77,1.0,
2017-18,111,N'Golo,Kanté,Kanté,Chelsea,MID,101,2994,1,2,16,32,9,655,676.0,638.2,199.0,151.7,,,49,11.7,
2017-18,113,Michy,Batshuayi,Batshuayi,Chelsea,FWD,25,351,2,1,1,7,3,77,99.4,39.0,123.0,25.7,,,81,0.5,
2017-18,114,Diego,Da Silva Costa,Costa,Chelsea,FWD,0,0,0,0,0,0,0,0,0.0,0.0,0.0,0.0,,,95,0.4,
2017-18,149,Ross,Barkley,Barkley,Chelsea,MID,3,129,0,0,0,4,0,11,21.0,34.7,45.0,10.1,,,73,0.2,
2017-18,183,Kasey,Palmer,Palmer,Chelsea,MID,4,168,0,0,1,2,0,9,20.0,25.6,27.0,7.2,,,53,0.0,
2017-18,202,Daniel,Drinkwater,Drinkwater,Chelsea,MID,24,520,1,0,1,7,1,117,116.4,88.1,54.0,25.7,,,47,0.2,
2017-18,463,Tiemoué,Bakayoko,Bakayoko,Chelsea,MID,77,2121,2,2,11,24,5,346,415.4,279.5,434.0,113.2,,,49,1.2,
2017-18,470,Andreas,Christensen,Christensen,Chelsea,DEF,79,2067,0,0,8,23,4,475,466.6,66.5,109.0,64.3,,,53,1.9,
2017-18,471,Charly,Musonda,Musonda,Chelsea,MID,6,35,0,1,0,0,0,15,20.6,18.5,14.0,5.0,,,48,0.0,
2017-18,472,Álvaro,Morata,Morata,Chelsea,FWD,122,2055,11,6,11,19,13,356,620.6,478.9,1192.0,228.8,,,104,7.6,
2017-18,503,Fikayo,Tomori,Tomori,Chelsea,DEF,0,0,0,0,0,0,0,0,0.0,0.0,0.0,0.0,,,45,0.0,
2017-18,504,Kyle,Scott,Scott,Chelsea,MID,0,0,0,0,0,0,0,0,0.0,0.0,0.0,0.0,,,43,0.1,
2017-18,509,Jeremie,Boga,Boga,Chelsea,MID,1,17,0,0,0,0,0,1,0.0,1.0,0.0,0.0,,,60,0.0,
2017-18,543,Davide,Zappacosta,Zappacosta,Chelsea,DEF,58,1087,1,1,5,15,1,226,255.2,245.3,329.0,82.6,,,59,0.2,
2017-18,558,Ethan,Ampadu,Ampadu,Chelsea,MID,1,10,0,0,0,1,0,6,7.4,0.0,0.0,0.7,,,45,0.0,
2017-18,583,Callum,Hudson-Odoi,Hudson-Odoi,Chelsea,MID,2,27,0,0,0,1,0,11,8.8,1.7,27.0,3.8,,,45,0.0,
2017-18,600,Dujon,Sterling,Sterling,Chelsea,DEF,0,0,0,0,0,0,0,0,0.0,0.0,0.0,0.0,,,45,0.0,
2017-18,614,Emerson,Palmieri dos Santos,Emerson,Chelsea,DEF,14,278,0,1,1,4,0,68,61.8,28.7,48.0,13.8,,,52,0.1,
2017-18,632,Trevoh,Chalobah,Chalobah,Chelsea,DEF,0,0,0,0,0,0,0,0,0.0,0.0,0.0,0.0,,,40,0.0,
2017-18,108,Ruben,Loftus-Cheek,Loftus-Cheek,Crystal Palace,MID,77,1871,2,5,6,30,2,337,379.2,377.0,487.0,124.5,,,44,3.5,
2017-18,115,Wayne,Hennessey,Hennessey,Crystal Palace,GKP,99,2430,0,0,7,41,11,506,603.8,10.0,0.0,61.4,,,44,3.1,
2017-18,116,Julian,Speroni,Speroni,Crystal Palace,GKP,36,990,0,0,2,14,3,175,213.6,0.0,0.0,21.3,,,40,2.9,
2017-18,117,James,Tomkins,Tomkins,Crystal Palace,DEF,99,2386,3,0,9,32,9,512,712.6,22.4,309.0,104.7,,,44,4.4,
2017-18,118,Scott,Dann,Dann,Crystal Palace,DEF,32,1434,1,0,1,26,0,211,342.2,62.3,268.0,67.0,,,46,0.3,
2017-18,119,Joel,Ward,Ward,Crystal Palace,DEF,41,1613,0,1,4,25,0,276,340.6,163.5,58.0,56.3,,,47,0.2,
2017-18,120,Martin,Kelly,Kelly,Crystal Palace,DEF,34,1193,0,0,4,21,1,185,222.6,25.7,84.0,33.3,,,41,0.6,
2017-18,121,Damien,Delaney,Delaney,Crystal Palace,DEF,1,95,0,0,0,5,0,19,40.0,0.3,0.0,4.0,,,42,0.2,
2017-18,122,Pape,Souaré,Souaré,Crystal Palace,DEF,1,8,0,0,0,0,0,3,0.2,1.1,0.0,0.1,,,45,0.0,
2017-18,123,Jeffrey,Schlupp,Schlupp,Crystal Palace,DEF,50,1742,0,2,3,30,0,281,339.6,189.7,155.0,68.6,,,47,0.2,
2017-18,124,Patrick,van Aanholt,van Aanholt,Crystal Palace,DEF,95,2182,5,1,6,38,7,448,537.0,303.8,319.0,116.3,,,52,3.1,
2017-18,125,Jason,Puncheon,Puncheon,Crystal Palace,MID,11,574,0,0,0,14,0,38,46.4,93.9,112.0,25.1,,,44,0.3,
2017-18,126,Wilfried,Zaha,Zaha,Crystal Palace,MID,136,2549,9,7,10,31,8,404,668.0,716.9,1125.0,251.0,,,71,10.6,
2017-18,127,James,McArthur,McArthur,Crystal Palace,MID,101,2425,5,2,7,35,9,416,490.6,333.0,566.0,138.9,,,44,4.7,
2017-18,128,Chung-yong,Lee,Lee Chung-yong,Crystal Palace,MID,8,131,0,0,0,3,0,23,4.4,32.0,10.0,4.6,,,42,0.3,
2017-18,129,Yohan,Cabaye,Cabaye,Crystal Palace,MID,73,2374,0,4,8,36,3,415,431.2,754.0,348.0,153.5,,,53,0.2,
2017-18,130,Bakary,Sako,Sako,Crystal Palace,MID,36,466,3,0,1,10,1,115,143.2,103.1,227.0,46.9,,,48,0.1,
2017-18,131,Andros,Townsend,Townsend,Crystal Palace,MID,121,3120,2,9,9,48,7,552,626.0,1012.1,587.0,222.8,,,56,1.4,
2017-18,132,Luka,Milivojevic,Milivojevic,Crystal Palace,MID,144,3079,10,2,8,52,21,630,873.8,379.0,432.0,168.6,,,52,13.5,
2017-18,133,Connor,Wickham,Wickham,Crystal Palace,FWD,0,0,0,0,0,0,0,0,0.0,0.0,0.0,0.0,,,54,0.0,
2017-18,134,Christian,Benteke,Benteke,Crystal Palace,FWD,84,2234,3,7,6,36,5,174,325.2,406.7,845.0,157.5,,,75,2.5,
2017-18,221,Mamadou,Sakho,Sakho,Crystal Palace,DEF,81,1597,1,2,6,23,18,405,426.2,30.7,77.0,53.6,,,46,1.0,
2017-18,269,Timothy,Fosu-Mensah,Fosu-Mensah,Crystal Palace,DEF,39,1592,0,0,2,29,3,279,326.6,103.7,43.0,47.4,,,44,1.0,
2017-18,482,Jairo,Riedewald,Riedewald,Crystal Palace,DEF,23,435,0,0,2,6,0,100,74.4,21.5,12.0,10.6,,,46,0.1,
2017-18,491,Jason,Lokilo,Lokilo,Crystal Palace,MID,0,0,0,0,0,0,0,0,0.0,0.0,0.0,0.0,,,43,0.1,
2017-18,505,Olayinka Fredrick Oladotun,Ladapo,Ladapo,Crystal Palace,FWD,1,16,0,0,0,1,0,3,0.4,1.1,0.0,0.2,,,45,1.0,
2017-18,515,Sullay,Kaikai,Kaikai,Crystal Palace,MID,1,13,0,0,0,0,0,5,5.2,0.3,0.0,0.6,,,43,0.1,
2017-18,528,Keshi,Anderson,Anderson,Crystal Palace,FWD,0,0,0,0,0,0,0,0,0.0,0.0,0.0,0.0,,,45,0.3,
2017-18,544,Levi,Lumeka,Lumeka,Crystal Palace,MID,1,25,0,0,0,0,0,3,4.2,0.5,18.0,2.3,,,44,0.0,
2017-18,552,Jordon,Mutch,Mutch,Crystal Palace,MID,0,0,0,0,0,0,0,0,0.0,0.0,0.0,0.0,,,45,0.0,
2017-18,555,Dion,Henry,Henry,Crystal Palace,GKP,0,0,0,0,0,0,0,0,0.0,0.0,0.0,0.0,,,40,0.1,
2017-18,579,Aaron,Wan-Bissaka,Wan-Bissaka,Crystal Palace,MID,15,627,0,0,2,10,0,116,207.2,60.0,2.0,26.8,,,45,0.0,
2017-18,605,Jaroslaw,Jach,Jach,Crystal Palace,DEF,0,0,0,0,0,0,0,0,0.0,0.0,0.0,0.0,,,42,0.0,
2017-18,606,Erdal,Rakip,Rakip,Crystal Palace,MID,0,0,0,0,0,0,0,0,0.0,0.0,0.0,0.0,,,48,0.0,
2017-18,620,Alexander,Sørloth,Sørloth,Crystal Palace,FWD,8,360,0,0,0,9,0,25,48.6,74.0,102.0,22.5,,,54,0.1,
2017-18,630,Nya,Kirby,Kirby,Crystal Palace,MID,0,0,0,0,0,0,0,0,0.0,0.0,0.0,0.0,,,45,0.0,
2017-18,633,Diego,Cavalieri,Cavalieri,Crystal Palace,GKP,0,0,0,0,0,0,0,0,0.0,0.0,0.0,0.0,,,40,0.0,
2017-18,638,James,Daly,Daly,Crystal Palace,FWD,0,0,0,0,0,0,0,0,0.0,0.0,0.0,0.0,,,45,0.1,
2017-18,15,Theo,Walcott,Walcott,Everton,MID,62,1214,3,3,4,17,3,226,316.6,234.9,406.0,95.9,,,66,2.1,
2017-18,135,Jordan,Pickford,Pickford,Everton,GKP,145,3420,0,0,10,58,16,724,873.6,30.1,4.0,90.7,,,49,8.3,
2017-18,136,Joel,Robles,Robles,Everton,GKP,0,0,0,0,0,0,0,0,0.0,0.0,0.0,0.0,,,42,0.2,
2017-18,137,Maarten,Stekelenburg,Stekelenburg,Everton,GKP,0,0,0,0,0,0,0,0,0.0,0.0,0.0,0.0,,,42,0.3,
2017-18,138,Leighton,Baines,Baines,Everton,DEF,82,1909,2,3,5,34,10,381,407.4,373.5,102.0,88.2,,,57,4.0,
2017-18,139,Seamus,Coleman,Coleman,Everton,DEF,39,1035,0,1,4,12,0,198,227.6,113.7,69.0,41.2,,,64,0.5,
2017-18,140,Phil,Jagielka,Jagielka,Everton,DEF,60,2063,0,0,6,39,5,415,529.2,24.1,108.0,66.2,,,47,2.7,
2017-18,141,Matthew,Pennington,Pennington,Everton,DEF,0,0,0,0,0,0,0,0,0.0,0.0,0.0,0.0,,,40,0.1,
2017-18,142,Ramiro,Funes Mori,Funes Mori,Everton,DEF,3,119,0,0,0,2,0,14,29.2,0.9,6.0,3.6,,,49,0.0,
2017-18,143,Ashley,Williams,Williams,Everton,DEF,56,1830,1,0,5,31,3,332,518.0,39.0,132.0,68.9,,,52,2.1,
2017-18,144,Mason,Holgate,Holgate,Everton,DEF,37,1183,0,0,4,14,0,214,285.8,93.9,105.0,48.5,,,40,1.0,
2017-18,145,Jonjoe,Kenny,Kenny,Everton,DEF,50,1589,0,2,5,31,2,309,362.4,184.5,47.0,59.5,,,39,2.1,
2017-18,146,Michael,Keane,Keane,Everton,DEF,81,2559,0,1,7,46,11,513,703.4,58.4,124.0,88.7,,,53,5.1,
2017-18,147,Yannick,Bolasie,Bolasie,Everton,MID,35,848,1,1,3,14,0,80,98.6,109.0,204.0,40.8,,,64,0.2,
2017-18,148,Kevin,Mirallas,Mirallas,Everton,MID,5,135,0,0,0,8,0,19,16.4,20.2,42.0,7.9,,,60,0.8,
2017-18,150,James,McCarthy,McCarthy,Everton,MID,6,204,0,0,0,6,0,41,33.8,19.3,4.0,5.8,,,49,0.0,
2017-18,152,Muhamed,Besic,Besic,Everton,MID,2,46,0,0,0,0,0,10,18.2,11.5,0.0,3.0,,,42,0.1,
2017-18,154,Morgan,Schneiderlin,Schneiderlin,Everton,MID,52,2124,0,0,6,38,1,344,361.2,159.2,52.0,57.2,,,47,0.5,
2017-18,155,Idrissa,Gueye,Gueye,Everton,MID,87,2749,2,2,9,45,7,552,577.0,303.6,166.0,104.6,,,48,0.9,
2017-18,156,Tom,Davies,Davies,Everton,MID,66,1892,2,2,6,24,3,223,242.8,207.2,218.0,65.8,,,51,0.4,
2017-18,157,Ademola,Lookman,Lookman,Everton,MID,10,153,0,1,0,6,0,30,12.0,20.5,43.0,7.5,,,51,0.1,
2017-18,158,Davy,Klaassen,Klaassen,Everton,MID,7,248,0,0,0,6,0,18,23.0,33.7,28.0,8.3,,,69,0.4,
2017-18,159,Dominic,Calvert-Lewin,Calvert-Lewin,Everton,FWD,88,1871,4,8,6,28,3,255,354.0,322.6,630.0,130.2,,,49,3.5,
2017-18,160,Sandro,Ramírez,Sandro,Everton,FWD,10,275,0,0,1,7,0,21,8.8,28.3,67.0,9.8,,,70,0.4,
2017-18,161,Wayne,Rooney,Rooney,Everton,FWD,113,2265,10,3,7,33,20,480,585.0,573.7,467.0,162.4,,,71,9.3,
2017-18,359,Gylfi,Sigurdsson,Sigurdsson,Everton,MID,96,2257,4,4,6,40,8,396,485.6,614.9,437.0,154.0,,,80,1.9,
2017-18,464,Cuco,Martina,Martina,Everton,DEF,55,1830,0,2,5,30,0,367,468.8,238.8,39.0,74.9,,,41,1.1,
2017-18,502,Eliaquim,Mangala,Mangala,Everton,DEF,22,617,0,0,2,7,0,118,113.8,19.9,32.0,16.8,,,50,0.1,
2017-18,539,Nikola,Vlasic,Vlasic,Everton,MID,18,572,0,0,1,12,0,80,91.8,159.1,85.0,33.6,,,53,0.0,
2017-18,548,Oumar,Niasse,Niasse,Everton,FWD,83,1076,8,3,0,23,14,248,370.6,159.2,634.0,115.2,,,46,5.0,
2017-18,563,Beni,Baningime,Baningime,Everton,MID,7,192,0,0,0,2,0,20,9.4,3.8,0.0,1.3,,,45,0.0,
2017-18,592,Cenk,Tosun,Tosun,Everton,FWD,55,984,5,0,4,13,9,192,232.4,226.4,304.0,75.6,,,67,2.1,
2017-18,629,Luke,Garbutt,Garbutt,Everton,DEF,0,0,0,0,0,0,0,0,0.0,0.0,0.0,0.0,,,40,0.0,
2017-18,162,Joel,Coleman,Coleman,Huddersfield,GKP,0,0,0,0,0,0,0,0,0.0,0.0,0.0,0.0,,,39,3.8,
2017-18,163,Jonas,Lössl,Lössl,Huddersfield,GKP,135,3420,0,1,10,58,11,701,846.8,30.0,0.0,87.8,,,46,6.8,
2017-18,164,Christopher,Schindler,Schindler,Huddersfield,DEF,102,3264,0,2,9,53,15,692,928.0,107.1,149.0,119.1,,,46,3.2,
2017-18,165,Chris,Löwe,Löwe,Huddersfield,DEF,60,1585,0,0,7,26,0,321,266.0,125.5,39.0,43.0,,,44,1.1,
2017-18,166,Tommy,Smith,Smith,Huddersfield,DEF,50,1902,0,1,5,31,2,311,322.0,251.6,50.0,62.8,,,47,0.2,
2017-18,167,Michael,Hefele,Hefele,Huddersfield,DEF,1,32,0,0,0,1,0,1,4.0,0.1,0.0,0.4,,,42,0.1,
2017-18,168,Martin,Cranie,Cranie,Huddersfield,DEF,2,179,0,0,0,7,0,35,44.0,1.7,2.0,4.7,,,40,0.2,
2017-18,169,Jon Gorenc,Stankovic,Stankovic,Huddersfield,DEF,0,0,0,0,0,0,0,0,0.0,0.0,0.0,0.0,,,39,0.2,
2017-18,170,Mark,Hudson,Hudson,Huddersfield,DEF,0,0,0,0,0,0,0,0,0.0,0.0,0.0,0.0,,,40,0.1,
2017-18,171,Mathias,Jorgensen,Zanka,Huddersfield,DEF,107,3420,0,3,10,58,9,623,768.6,123.6,169.0,106.2,,,45,6.6,
2017-18,172,Aaron,Mooy,Mooy,Huddersfield,MID,113,3066,4,3,10,52,8,576,753.2,848.8,350.0,195.2,,,52,4.7,
2017-18,173,Rajiv,van La Parra,van La Parra,Huddersfield,MID,74,2131,3,0,6,36,3,240,322.6,261.6,544.0,112.7,,,44,0.4,
2017-18,174,Jonathan,Hogg,Hogg,Huddersfield,MID,53,2396,0,0,7,40,0,400,475.0,172.8,61.0,71.2,,,44,0.2,
2017-18,175,Philip,Billing,Billing,Huddersfield,MID,22,755,0,0,3,11,0,98,111.4,58.6,26.0,19.3,,,44,0.2,
2017-18,176,Joe,Lolley,Lolley,Huddersfield,MID,11,217,1,0,0,5,0,28,50.6,20.0,47.0,11.8,,,43,0.1,
2017-18,177,Jack,Payne,Payne,Huddersfield,MID,0,0,0,0,0,0,0,0,0.0,0.0,0.0,0.0,,,45,0.0,
2017-18,178,Dean,Whitehead,Whitehead,Huddersfield,MID,4,68,0,0,0,3,0,16,6.6,1.1,0.0,0.8,,,42,0.1,
2017-18,179,Harry,Bunn,Bunn,Huddersfield,MID,0,0,0,0,0,0,0,0,0.0,0.0,0.0,0.0,,,45,0.0,
2017-18,180,Sean,Scannell,Scannell,Huddersfield,MID,0,0,0,0,0,0,0,0,0.0,0.0,0.0,0.0,,,45,0.0,
2017-18,181,Elias,Kachunga,Kachunga,Huddersfield,MID,46,1327,1,1,6,23,0,151,151.0,152.1,246.0,54.5,,,57,0.1,
2017-18,182,Tom,Ince,Ince,Huddersfield,MID,82,2450,2,1,7,39,3,269,253.0,331.3,794.0,138.0,,,55,0.4,
2017-18,184,Danny,Williams,Williams,Huddersfield,MID,28,1115,0,0,0,22,0,134,131.4,83.0,56.0,27.0,,,48,0.0,
2017-18,186,Collin,Quaner,Quaner,Huddersfield,FWD,44,1268,0,4,3,23,0,173,209.0,255.7,283.0,74.8,,,45,4.8,
2017-18,187,Laurent,Depoitre,Depoitre,Huddersfield,FWD,94,1807,6,2,4,34,14,283,352.0,191.4,451.0,99.6,,,50,2.6,
2017-18,188,Steve,Mounie,Mounie,Huddersfield,FWD,92,1849,7,2,6,32,12,269,377.0,270.7,600.0,124.5,,,55,1.7,
2017-18,462,Scott,Malone,Malone,Huddersfield,DEF,41,1110,0,1,3,23,4,211,221.6,146.8,97.0,46.5,,,43,0.2,
2017-18,521,Florent,Hadergjonaj,Hadergjonaj,Huddersfield,DEF,51,1670,0,1,4,28,5,274,310.0,381.8,95.0,78.8,,,45,0.1,
2017-18,522,Abdelhamid,Sabiri,Sabiri,Huddersfield,MID,10,217,0,1,1,5,0,30,30.8,40.6,53.0,12.4,,,47,0.0,
2017-18,547,Robert,Green,Green,Huddersfield,GKP,0,0,0,0,0,0,0,0,0.0,0.0,0.0,0.0,,,40,0.2,
2017-18,591,Terence,Kongolo,Kongolo,Huddersfield,DEF,30,1047,0,0,2,14,2,182,268.0,52.2,47.0,36.7,,,44,0.0,
2017-18,593,Alex,Pritchard,Pritchard,Huddersfield,MID,40,997,1,2,3,12,3,168,173.6,300.3,213.0,68.7,,,54,0.1,
2017-18,189,Kasper,Schmeichel,Schmeichel,Leicester,GKP,123,2965,0,0,8,47,17,592,687.2,11.1,0.0,69.9,,,51,4.1,
2017-18,190,Ben,Hamer,Hamer,Leicester,GKP,9,274,0,0,1,7,0,54,51.8,0.0,0.0,5.1,,,43,0.1,
2017-18,191,Wes,Morgan,Morgan,Leicester,DEF,61,2817,0,0,5,52,1,390,530.0,62.0,158.0,75.1,,,44,2.9,
2017-18,192,Christian,Fuchs,Fuchs,Leicester,DEF,57,1917,0,1,4,35,8,370,396.6,282.2,55.0,73.5,,,47,1.9,
2017-18,193,Danny,Simpson,Simpson,Leicester,DEF,55,2306,0,0,5,41,0,342,444.2,121.2,42.0,60.7,,,43,2.2,
2017-18,194,Robert,Huth,Huth,Leicester,DEF,0,0,0,0,0,0,0,0,0.0,0.0,0.0,0.0,,,48,0.1,
2017-18,195,Yohan,Benalouane,Benalouane,Leicester,DEF,1,90,0,0,0,2,0,7,24.8,1.3,18.0,4.4,,,42,0.1,
2017-18,196,Benjamin,Chilwell,Chilwell,Leicester,DEF,65,1848,0,2,6,30,4,381,382.8,332.1,63.0,78.0,,,44,3.1,
2017-18,198,Harry,Maguire,Maguire,Leicester,DEF,117,3420,2,4,9,60,10,716,955.8,254.3,478.0,168.8,,,55,10.9,
2017-18,199,Riyad,Mahrez,Mahrez,Leicester,MID,195,2948,12,13,9,51,19,682,966.0,924.0,932.0,282.6,,,87,8.2,
2017-18,200,Marc,Albrighton,Albrighton,Leicester,MID,107,2533,2,8,8,42,12,458,580.0,718.3,300.0,160.2,,,55,2.2,
2017-18,203,Demarai,Gray,Gray,Leicester,MID,80,1683,3,3,4,35,2,308,290.6,412.8,461.0,116.7,,,53,0.6,
2017-18,204,Daniel,Amartey,Amartey,Leicester,MID,13,486,0,0,3,7,0,53,81.2,10.3,0.0,9.2,,,43,0.2,
2017-18,205,Nampalys,Mendy,Mendy,Leicester,MID,0,0,0,0,0,0,0,0,0.0,0.0,0.0,0.0,,,45,0.0,
2017-18,206,Wilfred,Ndidi,Ndidi,Leicester,MID,78,2896,0,4,9,45,4,449,640.4,230.7,299.0,117.2,,,49,0.4,
2017-18,207,Ahmed,Musa,Musa,Leicester,MID,0,0,0,0,0,0,0,0,0.0,0.0,0.0,0.0,,,61,0.4,
2017-18,208,Vicente,Iborra,Iborra,Leicester,MID,58,1411,3,0,3,23,6,293,341.6,131.6,150.0,62.3,,,57,0.1,
2017-18,209,Jamie,Vardy,Vardy,Leicester,FWD,183,3248,20,2,8,57,28,674,822.8,439.9,1222.0,248.6,,,88,21.7,
2017-18,211,Shinji,Okazaki,Okazaki,Leicester,FWD,76,1314,6,3,5,19,7,275,347.6,228.1,508.0,107.9,,,53,2.9,
2017-18,258,Kelechi,Iheanacho,Iheanacho,Leicester,FWD,54,818,3,4,1,17,5,171,214.2,185.6,350.0,74.5,,,65,0.8,
2017-18,473,Eldin,Jakupovic,Jakupovic,Leicester,GKP,4,180,0,0,0,6,0,36,67.8,0.0,0.0,6.8,,,42,0.1,
2017-18,474,Matty,James,James,Leicester,MID,26,991,0,0,4,15,0,121,114.6,52.7,145.0,31.4,,,44,0.2,
2017-18,541,Aleksandar,Dragovic,Dragovic,Leicester,DEF,28,766,0,0,4,14,0,166,177.8,3.6,35.0,21.8,,,49,0.1,
2017-18,571,Hamza,Choudhury,Choudhury,Leicester,MID,13,375,0,1,0,9,0,60,68.0,20.2,16.0,10.4,,,44,0.0,
2017-18,587,George,Thomas,Thomas,Leicester,MID,0,0,0,0,0,0,0,0,0.0,0.0,0.0,0.0,,,45,0.0,
2017-18,589,Adrien Sebastian,Perruchet Silva,Silva,Leicester,MID,23,760,0,2,1,18,0,128,133.2,120.0,65.0,31.8,,,59,0.0,
2017-18,601,Fousseni,Diabaté,Diabaté,Leicester,FWD,21,579,0,1,0,12,0,72,98.6,130.8,67.0,29.7,,,49,0.1,
2017-18,642,Harvey,Barnes,Barnes,Leicester,MID,3,8,0,0,0,0,0,8,0.2,1.0,6.0,0.6,,,45,0.0,
2017-18,645,Sam,Hughes,Hughes,Leicester,DEF,0,0,0,0,0,0,0,0,0.0,0.0,0.0,0.0,,,40,0.0,
2017-18,647,Layton,Ndukwu,Ndukwu,Leicester,DEF,0,0,0,0,0,0,0,0,0.0,0.0,0.0,0.0,,,40,0.0,
2017-18,19,Alex,Oxlade-Chamberlain,Chamberlain,Liverpool,MID,94,1718,3,7,5,28,5,423,548.0,625.1,494.0,166.5,,,55,2.2,
2017-18,213,Simon,Mignolet,Mignolet,Liverpool,GKP,67,1710,0,0,7,24,0,329,281.0,0.0,0.0,28.0,,,47,1.1,
2017-18,214,Loris,Karius,Karius,Liverpool,GKP,88,1710,0,0,10,14,5,382,280.6,0.0,0.0,27.9,,,49,1.9,
2017-18,215,Dejan,Lovren,Lovren,Liverpool,DEF,110,2124,2,1,11,24,10,539,656.4,104.5,242.0,100.2,,,53,1.5,
2017-18,216,Alberto,Moreno,Moreno,Liverpool,DEF,52,1264,0,1,6,19,3,328,261.8,250.1,106.0,61.7,,,43,1.2,
2017-18,217,Nathaniel,Clyne,Clyne,Liverpool,DEF,7,173,0,0,1,1,0,25,21.8,23.8,41.0,8.7,,,53,0.3,
2017-18,218,Joseph,Gomez,Gomez,Liverpool,DEF,86,1901,0,2,9,22,9,480,437.4,285.6,46.0,76.9,,,45,2.2,
2017-18,219,Joel,Matip,Matip,Liverpool,DEF,81,1995,1,0,9,27,3,470,544.8,96.1,140.0,78.1,,,54,1.7,
2017-18,220,Ragnar,Klavan,Klavan,Liverpool,DEF,78,1449,1,0,8,15,9,384,357.2,65.0,43.0,46.6,,,41,1.8,
2017-18,222,James,Milner,Milner,Liverpool,DEF,77,1759,0,3,6,25,4,459,437.2,615.5,272.0,132.5,,,60,2.5,
2017-18,223,Trent,Alexander-Arnold,Alexander-Arnold,Liverpool,DEF,83,1573,1,2,8,17,10,385,358.2,399.2,142.0,90.1,,,44,5.5,
2017-18,224,Leiva,Lucas,Lucas,Liverpool,MID,0,0,0,0,0,0,0,0,0.0,0.0,0.0,0.0,,,45,0.0,
2017-18,225,Jordan,Henderson,Henderson,Liverpool,MID,75,2169,1,1,14,21,3,382,417.0,448.8,110.0,97.8,,,53,1.2,
2017-18,226,Philippe,Coutinho,Coutinho,Liverpool,MID,103,1109,7,7,5,14,15,381,550.4,624.4,519.0,169.4,,,91,3.0,
2017-18,227,Emre,Can,Can,Liverpool,MID,92,2089,3,6,8,29,10,499,546.4,426.4,231.0,120.6,,,49,4.0,
2017-18,228,Adam,Lallana,Lallana,Liverpool,MID,13,234,0,0,1,1,0,37,32.6,113.4,128.0,27.3,,,73,0.3,
2017-18,229,Oluwaseyi,Ojo,Sheyi Ojo,Liverpool,MID,0,0,0,0,0,0,0,0,0.0,0.0,0.0,0.0,,,50,0.0,
2017-18,230,Sadio,Mané,Mané,Liverpool,MID,147,2189,10,8,15,24,8,499,677.4,739.1,964.0,238.0,,,94,8.5,
2017-18,231,Marko,Grujic,Grujic,Liverpool,MID,3,14,0,0,0,0,0,9,7.4,11.7,0.0,1.9,,,42,0.4,
2017-18,232,Georginio,Wijnaldum,Wijnaldum,Liverpool,MID,85,2381,1,2,15,23,1,406,341.8,356.2,399.0,109.9,,,66,2.2,
2017-18,233,Ben,Woodburn,Woodburn,Liverpool,MID,1,6,0,0,0,0,0,3,0.4,2.3,2.0,0.5,,,42,0.3,
2017-18,234,Mohamed,Salah,Salah,Liverpool,MID,303,2905,32,12,15,29,26,881,1496.2,942.5,2109.0,454.4,,,106,56.7,
2017-18,235,Roberto,Firmino,Firmino,Liverpool,FWD,181,2760,15,8,16,32,29,758,951.0,834.5,1341.0,312.7,,,95,36.1,
2017-18,237,Danny,Ings,Ings,Liverpool,FWD,18,262,1,1,3,0,0,53,57.8,42.0,143.0,24.0,,,54,0.2,
2017-18,238,Divock,Origi,Origi,Liverpool,FWD,1,9,0,0,0,1,0,3,0.0,0.0,0.0,0.0,,,74,0.2,
2017-18,239,Dominic,Solanke,Solanke,Liverpool,FWD,38,581,1,2,3,4,2,107,123.8,199.4,350.0,66.4,,,46,1.6,
2017-18,311,Virgil,van Dijk,van Dijk,Liverpool,DEF,78,2253,0,0,8,28,5,481,601.0,122.6,277.0,100.2,,,57,7.3,
2017-18,475,Andrew,Robertson,Robertson,Liverpool,DEF,111,1940,1,5,10,18,12,514,424.0,414.5,174.0,101.3,,,50,7.4,
2017-18,514,Jon,Flanagan,Flanagan,Liverpool,DEF,0,0,0,0,0,0,0,0,0.0,0.0,0.0,0.0,,,44,0.0,
2017-18,530,Danny,Ward,Ward,Liverpool,GKP,0,0,0,0,0,0,0,0,0.0,0.0,0.0,0.0,,,44,0.0,
2017-18,639,Conor,Masterson,Masterson,Liverpool,DEF,0,0,0,0,0,0,0,0,0.0,0.0,0.0,0.0,,,40,0.0,
2017-18,640,Curtis,Jones,Jones,Liverpool,MID,0,0,0,0,0,0,0,0,0.0,0.0,0.0,0.0,,,45,0.0,
2017-18,641,Rafael,Camacho,Camacho,Liverpool,MID,0,0,0,0,0,0,0,0,0.0,0.0,0.0,0.0,,,45,0.0,
2017-18,240,Ederson,Santana de Moraes,Ederson,Man City,GKP,158,3195,0,0,16,26,10,666,546.2,10.0,0.0,55.6,,,57,9.0,
2017-18,241,Claudio,Bravo,Bravo,Man City,GKP,10,224,0,0,1,1,1,42,45.2,0.0,0.0,4.5,,,45,0.5,
2017-18,242,John,Stones,Stones,Man City,DEF,70,1301,0,0,9,11,5,334,283.4,26.3,120.0,43.2,,,53,3.1,
2017-18,243,Aleksandar,Kolarov,Kolarov,Man City,DEF,0,0,0,0,0,0,0,0,0.0,0.0,0.0,0.0,,,55,0.0,
2017-18,244,Vincent,Kompany,Kompany,Man City,DEF,60,1394,1,1,6,11,2,326,399.6,76.5,116.0,59.2,,,59,2.9,
2017-18,245,Nicolás,Otamendi,Otamendi,Man City,DEF,156,2966,4,0,15,25,21,742,846.6,224.6,363.0,143.7,,,64,25.8,
2017-18,246,Fabian,Delph,Delph,Man City,MID,55,1740,1,2,6,17,0,398,369.2,263.7,62.0,69.4,,,45,0.5,
2017-18,247,Raheem,Sterling,Sterling,Man City,MID,229,2584,18,17,13,23,19,701,969.8,838.2,1488.0,329.7,,,91,27.6,
2017-18,248,David,Silva,David Silva,Man City,MID,169,2431,9,11,14,18,26,671,875.8,1118.5,867.0,286.5,,,82,11.5,
2017-18,249,Gnegneri Yaya,Touré,Yaya Touré,Man City,MID,16,227,0,2,0,2,0,99,105.0,122.6,72.0,29.8,,,60,0.8,
2017-18,250,Fernando,Luiz Rosa,Fernandinho,Man City,MID,120,2880,5,4,15,24,9,596,800.2,511.9,411.0,172.4,,,50,4.6,
2017-18,251,Fernando Francisco,Reges,Fernando,Man City,MID,0,0,0,0,0,0,0,0,0.0,0.0,0.0,0.0,,,45,0.0,
2017-18,252,Kevin,De Bruyne,De Bruyne,Man City,MID,209,3073,8,18,19,22,25,872,1146.6,1744.2,797.0,368.9,,,103,21.4,
2017-18,253,Ilkay,Gündogan,Gündogan,Man City,MID,82,1504,4,2,6,15,9,376,381.4,406.4,408.0,119.3,,,54,2.3,
2017-18,254,Manuel,Agudo Durán,Nolito,Man City,MID,0,0,0,0,0,0,0,0,0.0,0.0,0.0,0.0,,,70,0.0,
2017-18,255,Leroy,Sané,Sané,Man City,MID,179,2415,10,15,12,22,17,647,842.4,891.3,1013.0,274.4,,,87,13.4,
2017-18,256,Bernardo Mota,Veiga de Carvalho e Silva,Bernardo Silva,Man City,MID,112,1514,6,5,9,10,8,440,475.6,508.7,464.0,144.4,,,72,1.4,
2017-18,257,Sergio,Agüero,Agüero,Man City,FWD,169,1960,21,6,13,12,22,740,966.4,570.8,1484.0,302.5,,,115,10.7,
2017-18,259,Gabriel Fernando,de Jesus,Jesus,Man City,FWD,126,1660,13,7,9,12,18,473,603.6,360.3,1089.0,204.9,,,104,17.1,
2017-18,379,Kyle,Walker,Walker,Man City,DEF,138,2784,0,6,15,22,8,691,542.4,511.4,117.0,117.1,,,66,12.3,
2017-18,483,Danilo Luiz,da Silva,Danilo,Man City,DEF,100,1340,3,2,9,11,8,398,376.0,158.1,176.0,71.1,,,50,2.8,
2017-18,484,Benjamin,Mendy,Mendy,Man City,DEF,20,360,0,1,2,1,1,96,84.2,139.3,48.0,27.2,,,63,0.4,
2017-18,492,Phil,Foden,Foden,Man City,MID,8,45,0,1,0,1,0,31,29.2,32.1,10.0,7.1,,,47,0.0,
2017-18,493,Brahim,Diaz,Diaz,Man City,MID,5,50,0,0,0,1,0,14,6.8,5.6,53.0,6.6,,,47,0.0,
2017-18,551,Oleksandr,Zinchenko,Zinchenko,Man City,MID,16,530,0,0,3,3,0,104,116.4,145.9,21.0,28.3,,,50,0.0,
2017-18,586,Oluwatosin,Adarabioyo,Adarabioyo,Man City,DEF,0,0,0,0,0,0,0,0,0.0,0.0,0.0,0.0,,,40,0.1,
2017-18,612,Aymeric,Laporte,Laporte,Man City,DEF,35,806,0,0,4,5,2,204,165.8,52.8,34.0,25.4,,,51,1.5,
2017-18,627,Lukas,Nmecha,Nmecha,Man City,FWD,2,14,0,0,0,0,0,4,0.0,3.1,0.0,0.3,,,45,0.1,
2017-18,14,Alexis,Sánchez,Sánchez,Man Utd,MID,152,2546,9,10,11,32,13,515,823.2,1155.2,1281.0,326.1,,,114,3.0,
2017-18,107,Nemanja,Matic,Matic,Man Utd,MID,91,3117,1,1,16,26,3,576,681.4,427.9,168.0,127.9,,,47,9.1,
2017-18,260,David,De Gea,De Gea,Man Utd,GKP,172,3330,0,0,18,28,10,757,821.2,10.0,0.0,83.4,,,59,44.3,
2017-18,261,Sergio,Romero,Romero,Man Utd,GKP,7,90,0,0,1,0,0,26,26.4,0.0,0.0,2.6,,,47,0.7,
2017-18,262,Joel Dinis,Castro Pereira,Joel Pereira,Man Utd,GKP,0,0,0,0,0,0,0,0,0.0,0.0,0.0,0.0,,,39,4.1,
2017-18,263,Chris,Smalling,Smalling,Man Utd,DEF,123,2535,4,0,11,24,9,590,743.8,35.3,230.0,101.2,,,57,11.5,
2017-18,264,Phil,Jones,Jones,Man Utd,DEF,116,1973,0,0,15,11,19,554,486.4,36.6,12.0,53.6,,,55,5.2,
2017-18,265,Luke,Shaw,Shaw,Man Utd,DEF,48,787,0,0,7,2,4,216,142.6,127.0,144.0,41.5,,,48,0.5,
2017-18,266,Marcos,Rojo,Rojo,Man Utd,DEF,23,639,0,0,3,8,4,126,151.4,26.0,47.0,22.5,,,54,0.1,
2017-18,267,Antonio,Valencia,Valencia,Man Utd,DEF,146,2741,3,1,16,22,13,660,559.2,438.5,259.0,125.5,,,69,11.7,
2017-18,268,Matteo,Darmian,Darmian,Man Utd,DEF,27,443,0,0,3,3,3,119,95.0,25.3,6.0,12.6,,,49,0.2,
2017-18,270,Daley,Blind,Blind,Man Utd,DEF,28,360,0,0,4,0,1,119,65.8,93.0,15.0,17.3,,,51,0.9,
2017-18,271,Eric,Bailly,Bailly,Man Utd,DEF,55,1000,1,0,7,6,3,248,222.0,28.4,79.0,33.0,,,60,5.7,
2017-18,272,Axel,Tuanzebe,Tuanzebe,Man Utd,DEF,1,1,0,0,0,0,0,3,0.0,0.0,0.0,0.0,,,39,1.1,
2017-18,273,Victor,Lindelöf,Lindelöf,Man Utd,DEF,47,1284,0,0,5,14,1,297,272.8,37.7,8.0,32.0,,,49,1.3,
2017-18,274,Juan,Mata,Mata,Man Utd,MID,100,1919,3,5,15,10,6,418,422.8,849.9,453.0,172.1,,,68,2.0,
2017-18,275,Marouane,Fellaini,Fellaini,Man Utd,MID,47,611,4,0,4,1,3,171,246.0,88.2,264.0,59.8,,,47,0.6,
2017-18,276,Michael,Carrick,Carrick,Man Utd,MID,4,108,0,0,1,0,0,19,23.2,13.7,41.0,7.8,,,42,1.0,
2017-18,277,Ashley,Young,Young,Man Utd,MID,98,2444,2,6,9,26,11,479,601.2,502.3,213.0,131.6,,,48,2.4,
2017-18,278,Ander,Herrera,Herrera,Man Utd,MID,44,1257,0,2,5,14,0,229,294.4,229.4,101.0,62.7,,,50,1.3,
2017-18,279,Jesse,Lingard,Lingard,Man Utd,MID,128,1807,8,6,9,18,10,450,526.6,519.1,711.0,175.3,,,60,10.3,
2017-18,280,Anthony,Martial,Martial,Man Utd,MID,125,1572,9,6,9,13,7,403,535.4,509.3,748.0,179.5,,,78,2.6,
2017-18,282,Paul,Pogba,Pogba,Man Utd,MID,138,2145,6,13,11,20,15,528,710.8,663.5,780.0,215.6,,,79,14.7,
2017-18,283,Scott,McTominay,McTominay,Man Utd,MID,21,629,0,0,4,3,0,96,78.2,53.6,11.0,14.2,,,42,0.8,
2017-18,284,Marcus,Rashford,Rashford,Man Utd,FWD,104,1799,7,5,10,16,11,387,470.8,412.1,838.0,171.7,,,73,7.6,
2017-18,285,Romelu,Lukaku,Lukaku,Man Utd,FWD,162,2866,16,7,14,26,18,593,831.0,572.4,1334.0,273.2,,,115,21.9,
2017-18,476,Andreas,Pereira,Pereira,Man Utd,MID,0,0,0,0,0,0,0,0,0.0,0.0,0.0,0.0,,,49,0.0,
2017-18,523,Zlatan,Ibrahimovic,Ibrahimovic,Man Utd,FWD,5,102,0,0,0,2,0,18,14.8,43.5,68.0,12.6,,,95,0.2,
2017-18,110,Robert Kenedy,Nunes do Nascimento,Kenedy,Newcastle,MID,51,1023,2,2,6,9,5,171,236.4,224.1,253.0,71.4,,,48,2.0,
2017-18,212,Islam,Slimani,Slimani,Newcastle,FWD,25,369,1,1,1,4,1,76,83.2,100.8,115.0,29.6,,,66,0.3,
2017-18,286,Robert,Elliot,Elliot,Newcastle,GKP,57,1440,0,0,3,21,4,280,364.2,0.0,0.0,36.5,,,40,13.6,
2017-18,287,Karl,Darlow,Darlow,Newcastle,GKP,33,900,0,0,2,15,2,172,258.8,0.0,0.0,25.9,,,43,0.2,
2017-18,288,DeAndre,Yedlin,Yedlin,Newcastle,DEF,88,2842,0,2,7,37,5,467,494.4,340.7,63.0,90.0,,,45,1.7,
2017-18,289,Ciaran,Clark,Clark,Newcastle,DEF,64,1745,2,1,4,30,6,317,433.6,50.8,190.0,67.5,,,43,1.5,
2017-18,290,Jamaal,Lascelles,Lascelles,Newcastle,DEF,116,2927,3,0,9,31,9,567,800.0,77.2,234.0,111.5,,,49,9.5,
2017-18,291,Paul,Dummett,Dummett,Newcastle,DEF,52,1602,0,0,5,18,0,280,333.6,97.8,58.0,49.0,,,42,1.1,
2017-18,292,Grant,Hanley,Hanley,Newcastle,DEF,0,0,0,0,0,0,0,0,0.0,0.0,0.0,0.0,,,40,0.4,
2017-18,293,Jesús,Gámez Duarte,Gámez,Newcastle,DEF,9,97,0,0,1,0,2,38,32.2,47.6,4.0,8.4,,,39,1.5,
2017-18,294,Florian,Lejeune,Lejeune,Newcastle,DEF,66,2103,0,2,5,32,6,406,557.0,92.3,139.0,78.9,,,43,0.9,
2017-18,295,Matt,Ritchie,Ritchie,Newcastle,MID,116,2802,3,7,9,35,10,489,561.2,844.4,520.0,192.6,,,54,2.3,
2017-18,296,Jonjo,Shelvey,Shelvey,Newcastle,MID,73,2264,1,4,6,30,4,360,442.6,639.9,243.0,132.3,,,52,0.6,
2017-18,297,Yoan,Gouffran,Gouffran,Newcastle,MID,0,0,0,0,0,0,0,0,0.0,0.0,0.0,0.0,,,50,0.0,
2017-18,298,Mohamed,Diamé,Diamé,Newcastle,MID,70,2034,2,0,6,27,3,340,431.8,214.2,203.0,85.3,,,46,0.3,
2017-18,299,Jack,Colback,Colback,Newcastle,MID,0,0,0,0,0,0,0,0,0.0,0.0,0.0,0.0,,,42,0.7,
2017-18,300,Christian,Atsu,Atsu,Newcastle,MID,78,1776,2,4,6,22,5,236,308.8,340.6,480.0,112.9,,,48,1.2,
2017-18,301,Dwight,Gayle,Gayle,Newcastle,FWD,94,1946,6,3,6,31,8,276,352.0,333.6,808.0,148.7,,,61,1.1,
2017-18,302,Ayoze,Pérez,Pérez,Newcastle,FWD,124,2486,8,6,8,28,15,420,571.8,539.0,809.0,191.7,,,55,6.5,
2017-18,303,Aleksandar,Mitrovic,Mitrovic,Newcastle,FWD,10,89,1,0,0,0,0,37,48.2,44.7,73.0,16.6,,,47,0.6,
2017-18,304,Daryl,Murphy,Murphy,Newcastle,FWD,0,0,0,0,0,0,0,0,0.0,0.0,0.0,0.0,,,45,0.7,
2017-18,465,Massadio,Haidara,Haidara,Newcastle,DEF,1,3,0,0,0,0,0,3,0.0,0.0,0.0,0.0,,,39,1.8,
2017-18,466,Siem,de Jong,de Jong,Newcastle,MID,0,0,0,0,0,0,0,0,0.0,0.0,0.0,0.0,,,49,0.1,
2017-18,467,Rolando,Aarons,Aarons,Newcastle,MID,5,136,0,0,0,2,0,19,12.0,8.1,25.0,4.6,,,43,0.1,
2017-18,477,Javier,Manquillo,Manquillo,Newcastle,DEF,49,1757,0,1,4,31,1,247,266.0,164.8,26.0,45.9,,,42,0.6,
2017-18,478,Jacob,Murphy,Murphy,Newcastle,MID,51,1137,1,2,2,25,2,171,161.8,159.7,227.0,54.7,,,50,0.1,
2017-18,488,Jose Luis,Mato Sanmartín,Joselu,Newcastle,FWD,69,1703,4,1,5,25,5,227,291.2,254.8,526.0,106.5,,,55,0.4,
2017-18,494,Chancel,Mbemba,Mbemba,Newcastle,DEF,20,670,0,0,1,11,3,133,158.2,67.1,6.0,23.2,,,39,10.1,
2017-18,495,Mikel,Merino,Merino,Newcastle,MID,49,1337,1,1,3,18,4,271,374.8,236.7,156.0,76.9,,,49,0.1,
2017-18,496,Isaac,Hayden,Hayden,Newcastle,MID,41,1365,1,0,3,25,0,171,273.6,164.7,144.0,58.2,,,43,0.2,
2017-18,516,Henri,Saivet,Saivet,Newcastle,MID,8,83,1,0,0,2,1,27,49.8,0.8,7.0,5.8,,,44,0.0,
2017-18,529,Freddie,Woodman,Woodman,Newcastle,GKP,0,0,0,0,0,0,0,0,0.0,0.0,0.0,0.0,,,40,0.1,
2017-18,621,Martin,Dubravka,Dubravka,Newcastle,GKP,53,1080,0,0,4,11,5,215,234.6,0.0,0.0,23.3,,,45,1.0,
2017-18,305,Alex,McCarthy,McCarthy,Southampton,GKP,52,1620,0,0,4,26,3,278,280.8,0.0,0.0,28.1,,,44,0.8,
2017-18,306,Fraser,Forster,Forster,Southampton,GKP,73,1800,0,0,4,30,6,351,488.2,0.0,0.0,48.9,,,46,3.9,
2017-18,307,Ryan,Bertrand,Bertrand,Southampton,DEF,103,3135,0,5,8,49,4,553,515.2,589.1,286.0,139.3,,,53,5.2,
2017-18,308,Maya,Yoshida,Yoshida,Southampton,DEF,76,2049,2,1,6,32,6,413,525.2,67.0,236.0,83.0,,,46,1.7,
2017-18,309,Matt,Targett,Targett,Southampton,DEF,2,166,0,0,0,6,0,35,42.2,38.6,0.0,8.1,,,43,0.1,
2017-18,310,Cédric,Soares,Cédric,Southampton,DEF,85,2794,0,3,7,44,2,481,507.0,455.6,159.0,112.3,,,47,4.0,
2017-18,312,Jérémy,Pied,Pied,Southampton,DEF,7,180,0,1,0,3,1,47,65.8,29.9,4.0,10.0,,,42,0.1,
2017-18,313,Jack,Stephens,Stephens,Southampton,DEF,58,1980,2,0,5,33,2,360,506.6,68.3,224.0,79.9,,,45,0.5,
2017-18,314,Sam,McQueen,McQueen,Southampton,DEF,14,142,0,0,1,2,2,49,29.4,34.2,8.0,7.2,,,42,0.1,
2017-18,315,Jan,Bednarek,Bednarek,Southampton,DEF,22,427,1,0,2,5,0,88,110.0,1.9,19.0,13.1,,,41,0.6,
2017-18,316,Steven,Davis,Davis,Southampton,MID,71,1515,3,2,4,21,6,337,345.2,350.8,126.0,82.5,,,47,1.3,
2017-18,317,James,Ward-Prowse,Ward-Prowse,Southampton,MID,84,1708,3,5,2,29,8,367,363.4,613.9,296.0,127.1,,,49,1.7,
2017-18,318,Dusan,Tadic,Tadic,Southampton,MID,122,2791,6,3,10,43,10,464,588.6,950.9,656.0,219.5,,,62,3.2,
2017-18,319,Jordy,Clasie,Clasie,Southampton,MID,0,0,0,0,0,0,0,0,0.0,0.0,0.0,0.0,,,44,0.1,
2017-18,320,Oriol,Romeu Vidal,Oriol Romeu,Southampton,MID,68,2897,1,0,8,47,0,474,616.2,338.7,231.0,118.7,,,42,2.5,
2017-18,321,Pierre-Emile,Højbjerg,Højbjerg,Southampton,MID,39,1666,0,0,3,30,0,261,266.6,258.4,148.0,67.6,,,43,0.4,
2017-18,322,Sofiane,Boufal,Boufal,Southampton,MID,55,1206,2,2,1,24,2,215,289.4,351.6,397.0,103.7,,,57,0.2,
2017-18,323,Joshua,Sims,Sims,Southampton,MID,8,160,0,0,1,2,0,18,32.6,43.5,149.0,22.5,,,43,0.1,
2017-18,324,Nathan,Redmond,Redmond,Southampton,MID,72,1938,1,3,7,31,3,296,347.0,630.9,493.0,147.2,,,59,1.8,
2017-18,325,Shane,Long,Long,Southampton,FWD,53,1570,2,2,4,28,0,167,235.6,301.9,512.0,104.6,,,56,0.5,
2017-18,326,Charlie,Austin,Austin,Southampton,FWD,72,1024,7,1,4,15,9,215,302.8,89.4,689.0,107.7,,,58,1.4,
2017-18,327,Manolo,Gabbiadini,Gabbiadini,Southampton,FWD,66,1067,5,0,4,17,10,204,203.0,133.9,269.0,58.6,,,62,1.4,
2017-18,500,Mario,Lemina,Lemina,Southampton,MID,58,1715,1,1,4,31,5,337,363.6,170.6,145.0,67.8,,,48,0.2,
2017-18,506,Stuart,Taylor,Taylor,Southampton,GKP,0,0,0,0,0,0,0,0,0.0,0.0,0.0,0.0,,,40,0.4,
2017-18,525,Wesley,Hoedt,Hoedt,Southampton,DEF,74,2520,0,2,5,42,11,532,661.6,130.9,146.0,93.8,,,50,0.1,
2017-18,603,Michael,Obafemi,Obafemi,Southampton,FWD,1,8,0,0,0,0,0,-1,0.0,1.3,4.0,0.3,,,45,0.7,
2017-18,607,Guido,Carrillo,Carrillo,Southampton,FWD,15,449,0,1,1,8,0,40,50.2,64.2,179.0,29.4,,,59,0.0,
2017-18,99,Kurt,Zouma,Zouma,Stoke,DEF,87,2887,1,0,7,50,5,554,814.2,91.8,235.0,114.4,,,54,2.0,
2017-18,328,Jack,Butland,Butland,Stoke,GKP,125,3150,0,0,6,61,16,687,1013.4,10.0,0.0,102.5,,,50,2.5,
2017-18,329,Lee,Grant,Grant,Stoke,GKP,5,270,0,0,0,7,0,44,64.2,0.0,0.0,6.3,,,42,0.2,
2017-18,330,Ryan,Shawcross,Shawcross,Stoke,DEF,67,2371,1,1,5,40,2,356,656.0,26.5,276.0,96.0,,,48,0.8,
2017-18,331,Geoff,Cameron,Cameron,Stoke,DEF,33,1522,0,0,2,30,0,220,265.4,77.2,46.0,39.0,,,43,0.2,
2017-18,332,Erik,Pieters,Pieters,Stoke,DEF,71,2717,0,1,7,50,1,456,567.4,247.2,58.0,87.3,,,47,0.4,
2017-18,333,Marc,Muniesa,Muniesa,Stoke,DEF,0,0,0,0,0,0,0,0,0.0,0.0,0.0,0.0,,,45,0.0,
2017-18,335,Glen,Johnson,Johnson,Stoke,DEF,5,546,0,0,0,14,0,70,86.6,56.8,41.0,18.4,,,41,0.3,
2017-18,336,Josh,Tymon,Tymon,Stoke,DEF,0,162,0,0,0,9,0,18,20.4,4.9,0.0,2.5,,,44,0.0,
2017-18,337,Joe,Allen,Allen,Stoke,MID,109,3139,2,6,6,55,12,527,691.8,512.3,339.0,154.3,,,51,1.7,
2017-18,338,Charlie,Adam,Adam,Stoke,MID,10,405,0,0,2,9,0,57,73.2,114.4,84.0,27.1,,,47,0.1,
2017-18,339,Glenn,Whelan,Whelan,Stoke,MID,0,0,0,0,0,0,0,0,0.0,0.0,0.0,0.0,,,45,0.0,
2017-18,341,Ibrahim,Afellay,Afellay,Stoke,MID,6,162,0,0,0,9,0,29,12.6,5.5,0.0,1.8,,,48,0.0,
2017-18,342,Xherdan,Shaqiri,Shaqiri,Stoke,MID,155,3039,8,9,6,58,19,554,718.0,1151.6,676.0,255.2,,,61,8.6,
2017-18,343,Giannelli,Imbula,Imbula,Stoke,MID,0,0,0,0,0,0,0,0,0.0,0.0,0.0,0.0,,,45,0.1,
2017-18,344,Bojan,Krkic Perez,Bojan,Stoke,MID,2,71,0,0,0,1,0,5,0.0,13.3,6.0,1.9,,,55,0.0,
2017-18,345,Ramadan,Sobhi,Sobhi,Stoke,MID,51,1227,2,1,2,30,2,226,237.6,237.9,206.0,68.1,,,45,0.5,
2017-18,346,Darren,Fletcher,Fletcher,Stoke,MID,67,2217,1,1,4,49,3,337,346.2,359.8,72.0,77.8,,,47,0.4,
2017-18,347,Peter,Crouch,Crouch,Stoke,FWD,73,1551,5,2,2,27,6,225,289.2,321.2,390.0,99.9,,,48,2.4,
2017-18,348,Mame Biram,Diouf,Diouf,Stoke,FWD,99,2592,6,3,8,49,8,350,482.0,285.4,832.0,159.6,,,52,1.9,
2017-18,349,Saido,Berahino,Berahino,Stoke,FWD,20,483,0,1,2,13,0,42,40.4,51.8,149.0,23.7,,,55,0.3,
2017-18,383,Kevin,Wimmer,Wimmer,Stoke,DEF,19,1321,0,0,1,32,1,196,297.0,38.8,28.0,36.5,,,40,0.3,
2017-18,497,Eric Maxim,Choupo-Moting,Choupo-Moting,Stoke,MID,107,2241,5,5,5,45,9,341,505.6,327.5,851.0,168.1,,,52,1.9,
2017-18,512,Jesé,Rodríguez Ruiz,Jesé,Stoke,MID,31,609,1,1,1,17,2,93,110.4,127.7,171.0,40.8,,,54,2.0,
2017-18,513,Bruno,Martins Indi,Martins Indi,Stoke,DEF,20,1242,0,0,1,28,0,171,241.8,48.3,60.0,35.1,,,49,0.0,
2017-18,550,Harry,Souttar,Souttar,Stoke,DEF,0,0,0,0,0,0,0,0,0.0,0.0,0.0,0.0,,,40,0.1,
2017-18,556,Thomas,Edwards,Edwards,Stoke,DEF,6,481,0,0,0,15,0,81,93.4,23.0,10.0,12.7,,,40,0.3,
2017-18,562,Julien,Ngoy,Ngoy,Stoke,FWD,1,19,0,0,0,2,0,4,1.0,1.8,0.0,0.3,,,45,0.3,
2017-18,569,Jakob,Haugaard,Haugaard,Stoke,GKP,0,0,0,0,0,0,0,0,0.0,0.0,0.0,0.0,,,40,0.1,
2017-18,590,Stephen,Ireland,Ireland,Stoke,MID,4,128,0,0,0,4,0,13,14.4,17.8,11.0,4.3,,,45,0.0,
2017-18,594,Moritz,Bauer,Bauer,Stoke,DEF,41,1307,0,0,5,18,1,201,181.8,189.9,67.0,44.0,,,45,0.4,
2017-18,599,Konstantinos,Stafylidis,Stafylidis,Stoke,DEF,6,334,0,0,0,6,0,38,68.2,23.8,18.0,11.0,,,43,0.0,
2017-18,619,Papa Alioune,Ndiaye,Badou Ndiaye,Stoke,MID,41,1138,2,1,2,17,5,159,298.4,116.7,133.0,55.0,,,50,0.0,
2017-18,628,Tyrese,Campbell,Campbell,Stoke,FWD,4,75,0,0,0,2,0,11,13.0,2.6,28.0,4.4,,,45,0.5,
2017-18,637,Lasse,Sorenson,Sorenson,Stoke,MID,5,75,0,1,0,1,0,27,29.6,25.4,0.0,5.5,,,45,0.0,
2017-18,201,Andy,King,King,Swansea,MID,51,1247,3,1,1,26,1,225,239.8,116.9,204.0,56.2,,,42,3.5,
2017-18,350,Lukasz,Fabianski,Fabianski,Swansea,GKP,157,3420,0,0,9,56,14,772,1087.8,10.0,0.0,109.9,,,47,10.1,
2017-18,351,Kristoffer,Nordfeldt,Nordfeldt,Swansea,GKP,0,0,0,0,0,0,0,0,0.0,0.0,0.0,0.0,,,39,1.5,
2017-18,352,Kyle,Naughton,Naughton,Swansea,DEF,101,3030,0,2,9,50,11,561,670.6,253.3,141.0,106.9,,,46,6.3,
2017-18,353,Angel,Rangel,Rangel,Swansea,DEF,4,154,0,0,0,3,0,28,24.2,22.1,2.0,4.8,,,39,7.3,
2017-18,354,Federico,Fernández,Fernández,Swansea,DEF,85,2676,1,1,7,44,10,500,736.0,75.4,187.0,100.0,,,45,3.3,
2017-18,355,Stephen,Kingsley,Kingsley,Swansea,DEF,0,0,0,0,0,0,0,0,0.0,0.0,0.0,0.0,,,45,0.0,
2017-18,356,Mike,van der Hoorn,van der Hoorn,Swansea,DEF,74,1944,1,0,8,27,4,396,460.6,72.6,160.0,69.4,,,44,1.2,
2017-18,357,Alfie,Mawson,Mawson,Swansea,DEF,112,3420,2,1,9,56,7,662,848.4,86.4,254.0,119.4,,,51,4.1,
2017-18,358,Martin,Olsson,Olsson,Swansea,DEF,89,3149,0,1,10,50,0,454,324.4,295.9,133.0,75.4,,,50,0.3,
2017-18,360,Wayne,Routledge,Routledge,Swansea,MID,17,420,0,0,1,11,0,57,56.6,95.7,76.0,22.6,,,51,0.1,
2017-18,361,Leon,Britton,Britton,Swansea,MID,10,301,0,0,3,1,0,38,18.4,8.5,4.0,3.0,,,44,0.1,
2017-18,362,Jay,Fulton,Fulton,Swansea,MID,1,17,0,0,0,0,0,1,0.2,0.1,0.0,0.0,,,43,0.0,
2017-18,363,Sung-yueng,Ki,Ki Sung-yueng,Swansea,MID,73,1865,2,2,5,29,9,340,307.2,338.1,152.0,79.7,,,46,0.9,
2017-18,364,Jefferson,Montero,Montero,Swansea,MID,0,0,0,0,0,0,0,0,0.0,0.0,0.0,0.0,,,49,0.0,
2017-18,365,Leroy,Fer,Fer,Swansea,MID,41,1394,1,1,4,26,0,201,240.6,180.0,139.0,56.0,,,52,0.2,
2017-18,366,Nathan,Dyer,Dyer,Swansea,MID,41,1300,0,1,3,21,0,139,103.8,211.1,174.0,48.7,,,44,0.2,
2017-18,367,Tom,Carroll,Carroll,Swansea,MID,85,2562,0,4,7,39,6,431,452.8,748.6,172.0,137.5,,,43,4.5,
2017-18,368,Modou,Barrow,Barrow,Swansea,MID,0,0,0,0,0,0,0,0,0.0,0.0,0.0,0.0,,,50,0.0,
2017-18,369,Luciano,Narsingh,Narsingh,Swansea,MID,30,614,1,0,1,15,3,97,109.4,149.5,155.0,41.4,,,47,0.0,
2017-18,370,Roque,Mesa,Mesa,Swansea,MID,18,753,0,0,2,16,0,125,89.0,85.7,34.0,20.9,,,42,0.4,
2017-18,372,Oliver,McBurnie,McBurnie,Swansea,FWD,16,267,0,1,0,5,0,45,38.4,30.4,105.0,17.4,,,46,1.7,
2017-18,373,Jordan,Ayew,Jordan Ayew,Swansea,FWD,108,2850,7,2,7,49,12,382,562.2,350.4,944.0,185.8,,,54,9.5,
2017-18,374,Tammy,Abraham,Abraham,Swansea,FWD,86,1715,5,3,4,31,11,238,269.2,182.6,693.0,114.2,,,54,3.4,
2017-18,449,André,Ayew,André Ayew,Swansea,MID,77,1834,3,5,3,42,2,249,319.4,283.1,429.0,102.7,,,68,1.0,
2017-18,485,Kyle,Bartley,Bartley,Swansea,DEF,5,233,0,0,0,4,0,29,75.0,21.2,16.0,11.2,,,43,0.1,
2017-18,519,Sam,Clucas,Clucas,Swansea,MID,75,2039,3,1,5,30,4,305,362.4,270.1,233.0,86.2,,,47,0.4,
2017-18,535,Renato,Sanches,Sanches,Swansea,MID,20,699,0,0,2,10,0,83,71.8,135.0,64.0,27.0,,,43,0.3,
2017-18,542,Wilfried,Bony,Bony,Swansea,FWD,33,701,2,1,2,8,3,103,119.0,70.6,211.0,39.3,,,56,0.1,
2017-18,561,Joe,Rodon,Rodon,Swansea,DEF,0,0,0,0,0,0,0,0,0.0,0.0,0.0,0.0,,,40,0.0,
2017-18,576,Erwin,Mulder,Mulder,Swansea,GKP,0,0,0,0,0,0,0,0,0.0,0.0,0.0,0.0,,,40,0.1,
2017-18,598,Connor,Roberts,Roberts,Swansea,DEF,7,267,0,0,0,4,0,41,26.2,12.8,2.0,4.1,,,40,0.3,
2017-18,371,Fernando,Llorente,Llorente,Spurs,FWD,22,224,1,0,1,2,2,70,60.2,66.7,99.0,22.6,,,73,0.2,
2017-18,375,Hugo,Lloris,Lloris,Spurs,GKP,144,3240,0,0,15,35,6,694,726.4,0.1,0.0,72.3,,,55,9.3,
2017-18,376,Michel,Vorm,Vorm,Spurs,GKP,3,90,0,0,0,1,0,17,19.0,0.0,0.0,1.9,,,48,0.1,
2017-18,377,Toby,Alderweireld,Alderweireld,Spurs,DEF,43,1177,0,0,5,13,3,247,249.2,67.8,50.0,36.8,,,58,5.0,
2017-18,378,Danny,Rose,Rose,Spurs,DEF,24,800,0,2,2,14,0,136,159.4,181.6,117.0,45.9,,,64,0.3,
2017-18,380,Jan,Vertonghen,Vertonghen,Spurs,DEF,138,3203,0,1,16,31,13,778,774.4,205.7,243.0,122.7,,,61,10.1,
2017-18,381,Ben,Davies,Davies,Spurs,DEF,143,2323,2,7,12,20,14,615,610.0,698.8,201.0,151.0,,,58,21.9,
2017-18,382,Kieran,Trippier,Trippier,Spurs,DEF,113,1912,0,7,9,21,18,539,459.0,617.5,78.0,115.6,,,52,4.8,
2017-18,384,Eric,Dier,Dier,Spurs,MID,85,2822,0,2,15,30,2,477,604.2,293.4,289.0,118.6,,,47,2.4,
2017-18,385,Mousa,Dembélé,Dembélé,Spurs,MID,52,1875,0,0,7,22,3,358,309.2,303.1,73.0,68.5,,,49,1.7,
2017-18,386,Erik,Lamela,Lamela,Spurs,MID,55,826,2,4,4,12,1,186,204.8,283.1,364.0,84.7,,,63,0.1,
2017-18,387,Christian,Eriksen,Eriksen,Spurs,MID,199,3218,11,10,17,33,23,826,1072.6,1487.0,1021.0,358.2,,,97,19.4,
2017-18,388,Bamidele,Alli,Alli,Spurs,MID,175,2957,9,13,16,28,12,565,775.2,878.5,934.0,258.8,,,90,13.8,
2017-18,389,Victor,Wanyama,Wanyama,Spurs,MID,32,837,1,0,2,11,1,174,206.0,96.8,77.0,37.8,,,48,0.3,
2017-18,390,Heung-Min,Son,Son,Spurs,MID,178,2292,12,8,14,18,16,544,725.8,588.2,1177.0,249.1,,,83,14.0,
2017-18,391,Harry,Winks,Winks,Spurs,MID,31,768,0,1,4,9,0,167,144.4,172.2,14.0,33.1,,,48,0.1,
2017-18,393,Moussa,Sissoko,Sissoko,Spurs,MID,58,1385,1,1,7,18,0,246,245.8,384.7,281.0,91.1,,,53,0.4,
2017-18,394,Harry,Kane,Kane,Spurs,FWD,217,3074,29,2,15,34,31,781,1214.4,502.1,2355.0,407.4,,,131,37.7,
2017-18,395,Vincent,Janssen,Janssen,Spurs,FWD,1,1,0,0,0,0,0,2,0.0,0.0,0.0,0.0,,,74,0.1,
2017-18,498,Kyle,Walker-Peters,Walker-Peters,Spurs,DEF,13,188,0,2,1,4,0,73,70.4,48.3,10.0,12.9,,,40,0.9,
2017-18,511,Cameron,Carter-Vickers,Carter-Vickers,Spurs,DEF,0,0,0,0,0,0,0,0,0.0,0.0,0.0,0.0,,,45,0.0,
2017-18,520,Davinson,Sánchez,Sánchez,Spurs,DEF,107,2532,0,0,13,21,8,597,598.0,74.8,89.0,76.2,,,60,1.2,
2017-18,531,Tashan,Oakley-Boothe,Oakley-Boothe,Spurs,MID,0,0,0,0,0,0,0,0,0.0,0.0,0.0,0.0,,,45,0.0,
2017-18,532,Serge,Aurier,Aurier,Spurs,DEF,77,1427,2,2,6,13,9,335,367.2,236.5,209.0,81.4,,,59,0.7,
2017-18,534,Juan,Foyth,Foyth,Spurs,DEF,0,0,0,0,0,0,0,0,0.0,0.0,0.0,0.0,,,45,0.0,
2017-18,565,Paulo,Gazzaniga,Gazzaniga,Spurs,GKP,9,90,0,0,1,0,2,26,27.4,0.0,0.0,2.7,,,42,0.1,
2017-18,566,Alfie,Whiteman,Whiteman,Spurs,GKP,0,0,0,0,0,0,0,0,0.0,0.0,0.0,0.0,,,40,0.1,
2017-18,617,Lucas,Rodrigues Moura da Silva,Lucas Moura,Spurs,MID,11,206,0,1,0,6,0,36,49.0,83.2,41.0,17.5,,,77,0.0,
2017-18,643,Kazaiah,Sterling,Sterling,Spurs,FWD,0,0,0,0,0,0,0,0,0.0,0.0,0.0,0.0,,,45,0.1,
2017-18,92,Andre,Gray,Gray,Watford,FWD,79,1486,5,3,5,30,4,237,251.2,254.0,594.0,108.2,,,63,1.3,
2017-18,112,Nathaniel,Chalobah,Chalobah,Watford,MID,13,447,0,0,3,7,0,40,78.8,26.5,95.0,20.0,,,42,0.8,
2017-18,197,Molla,Wagué,Wagué,Watford,DEF,19,438,1,0,1,8,0,82,98.0,5.6,41.0,14.5,,,45,0.0,
2017-18,396,Costel,Pantilimon,Pantilimon,Watford,GKP,0,0,0,0,0,0,0,0,0.0,0.0,0.0,0.0,,,45,0.1,
2017-18,397,Heurelho,Gomes,Gomes,Watford,GKP,64,2128,0,0,5,40,4,394,457.0,0.2,0.0,45.6,,,44,1.2,
2017-18,398,Younes,Kaboul,Kaboul,Watford,DEF,7,151,0,0,1,3,0,35,47.4,0.9,2.0,5.0,,,42,0.1,
2017-18,399,Craig,Cathcart,Cathcart,Watford,DEF,14,495,0,0,1,6,0,90,120.0,2.0,23.0,14.6,,,44,0.0,
2017-18,400,Sebastian,Prödl,Prödl,Watford,DEF,42,1566,0,0,5,29,0,267,276.4,25.9,89.0,39.3,,,43,0.2,
2017-18,401,José,Holebas,Holebas,Watford,DEF,72,2381,0,4,6,47,6,412,510.0,632.8,125.0,127.0,,,48,0.5,
2017-18,402,Miguel,Britos,Britos,Watford,DEF,22,795,1,0,2,16,0,149,180.4,42.7,51.0,27.3,,,43,0.5,
2017-18,403,Christian,Kabasele,Kabasele,Watford,DEF,68,2329,2,0,6,43,2,407,645.0,52.0,137.0,83.7,,,44,0.5,
2017-18,404,Daryl,Janmaat,Janmaat,Watford,DEF,59,1818,3,1,2,37,3,342,445.0,230.6,253.0,92.9,,,48,0.4,
2017-18,405,Adrian,Mariappa,Mariappa,Watford,DEF,58,2206,0,0,6,43,2,378,462.0,59.4,106.0,62.8,,,41,4.9,
2017-18,406,Brandon,Mason,Mason,Watford,DEF,0,0,0,0,0,0,0,0,0.0,0.0,0.0,0.0,,,39,1.1,
2017-18,407,Francisco,Femenía Far,Kiko Femenía,Watford,DEF,65,1709,1,1,5,34,9,389,327.2,302.8,113.0,74.5,,,43,1.4,
2017-18,408,Tom,Cleverley,Cleverley,Watford,MID,58,1900,1,2,6,33,3,300,332.2,464.8,124.0,92.1,,,50,0.4,
2017-18,409,Etienne,Capoue,Capoue,Watford,MID,48,1537,1,1,4,29,0,262,280.2,165.9,150.0,59.7,,,48,1.4,
2017-18,410,Valon,Behrami,Behrami,Watford,MID,0,0,0,0,0,0,0,0,0.0,0.0,0.0,0.0,,,45,0.1,
2017-18,411,Steven,Berghuis,Berghuis,Watford,MID,0,0,0,0,0,0,0,0,0.0,0.0,0.0,0.0,,,50,0.0,
2017-18,412,Nordin,Amrabat,Amrabat,Watford,MID,6,198,0,0,1,3,0,11,22.8,46.5,10.0,8.0,,,50,0.0,
2017-18,413,Isaac,Success,Success,Watford,MID,0,0,0,0,0,0,0,0,0.0,0.0,0.0,0.0,,,53,0.0,
2017-18,414,Abdoulaye,Doucouré,Doucouré,Watford,MID,136,3324,7,4,9,63,16,679,859.0,595.8,537.0,199.7,,,52,11.0,
2017-18,415,Roberto,Pereyra,Pereyra,Watford,MID,81,1610,5,3,1,34,5,299,346.0,370.6,472.0,118.8,,,58,0.2,
2017-18,416,Will,Hughes,Hughes,Watford,MID,53,987,2,3,4,16,5,190,238.6,267.0,136.0,64.3,,,46,0.3,
2017-18,417,Troy,Deeney,Deeney,Watford,FWD,73,1836,5,2,6,30,7,241,343.0,349.4,566.0,125.3,,,63,0.8,
2017-18,418,Stefano,Okaka,Okaka,Watford,FWD,24,442,1,1,2,9,1,52,74.4,92.0,145.0,29.8,,,53,0.3,
2017-18,419,Mauro,Zárate,Zárate,Watford,FWD,0,0,0,0,0,0,0,0,0.0,0.0,0.0,0.0,,,54,0.0,
2017-18,486,Ben,Watson,Watson,Watford,MID,12,455,0,0,0,12,0,61,74.2,46.1,10.0,13.1,,,43,0.1,
2017-18,499,Jerome,Sinclair,Sinclair,Watford,FWD,4,29,0,0,0,1,0,12,4.4,11.0,4.0,1.9,,,49,0.2,
2017-18,501,Richarlison,de Andrade,Richarlison,Watford,MID,125,2817,5,8,8,54,4,304,497.0,384.7,1217.0,209.3,,,58,6.5,
2017-18,527,André,Carrillo,Carrillo,Watford,MID,64,1529,1,3,4,31,4,275,271.2,331.2,300.0,90.3,,,54,0.0,
2017-18,536,Orestis,Karnezis,Karnezis,Watford,GKP,47,1291,0,0,4,24,5,240,247.6,0.0,0.0,24.8,,,45,0.2,
2017-18,537,Marvin,Zeegelaar,Zeegelaar,Watford,DEF,28,993,0,2,2,18,5,186,185.2,142.1,24.0,35.2,,,40,0.3,
2017-18,581,Michael,Folivi,Folivi,Watford,FWD,0,0,0,0,0,0,0,0,0.0,0.0,0.0,0.0,,,45,0.1,
2017-18,582,Daniel,Bachmann,Bachmann,Watford,GKP,0,0,0,0,0,0,0,0,0.0,0.0,0.0,0.0,,,40,0.1,
2017-18,609,Gerard,Deulofeu,Deulofeu,Watford,MID,25,433,1,1,2,3,3,87,92.4,141.3,124.0,35.8,,,55,0.4,
2017-18,613,Carl,Stewart,Stewart,Watford,MID,0,0,0,0,0,0,0,0,0.0,0.0,0.0,0.0,,,45,0.0,
2017-18,615,Dodi,Lukebakio,Lukebakio,Watford,MID,1,15,0,0,0,1,0,5,6.6,24.7,5.0,3.6,,,48,0.0,
2017-18,618,Didier,Ndong,Ndong,Watford,MID,0,0,0,0,0,0,0,0,0.0,0.0,0.0,0.0,,,45,0.0,
2017-18,625,Joy,Mukena,Mukena,Watford,DEF,0,0,0,0,0,0,0,0,0.0,0.0,0.0,0.0,,,40,0.0,
2017-18,8,Kieran,Gibbs,Gibbs,West Brom,DEF,86,2826,0,2,8,44,2,483,484.6,359.6,131.0,97.7,,,50,0.4,
2017-18,151,Gareth,Barry,Barry,West Brom,MID,56,1921,1,2,4,35,0,287,347.8,274.9,195.0,82.0,,,44,0.8,
2017-18,236,Daniel,Sturridge,Sturridge,West Brom,FWD,32,541,2,1,3,8,0,131,136.2,205.3,304.0,64.5,,,79,0.6,
2017-18,420,Boaz,Myhill,Myhill,West Brom,GKP,1,90,0,0,0,1,0,7,12.2,0.0,0.0,1.2,,,40,3.1,
2017-18,421,Ben,Foster,Foster,West Brom,GKP,123,3330,0,0,10,55,11,635,716.8,20.0,0.0,73.8,,,43,9.4,
2017-18,422,Allan-Roméo,Nyom,Nyom,West Brom,DEF,70,2306,0,1,7,40,6,407,454.6,266.7,23.0,74.3,,,47,1.1,
2017-18,423,Jonny,Evans,Evans,West Brom,DEF,78,2269,2,2,6,38,5,455,536.2,104.2,211.0,85.1,,,49,1.0,
2017-18,424,Craig,Dawson,Dawson,West Brom,DEF,87,2510,2,1,8,39,4,453,629.6,181.3,298.0,111.2,,,48,1.5,
2017-18,425,Gareth,McAuley,McAuley,West Brom,DEF,8,454,0,0,0,15,0,73,85.4,4.9,2.0,9.3,,,45,0.5,
2017-18,426,Jake,Livermore,Livermore,West Brom,MID,89,2671,2,2,8,41,6,375,454.6,313.1,207.0,97.8,,,48,0.4,
2017-18,427,Nacer,Chadli,Chadli,West Brom,MID,15,213,1,0,1,4,3,38,44.4,26.4,35.0,10.6,,,56,0.2,
2017-18,428,James,Morrison,Morrison,West Brom,MID,13,205,1,0,2,1,0,35,56.0,40.4,47.0,14.5,,,53,0.0,
2017-18,429,Claudio,Yacob,Yacob,West Brom,MID,23,898,0,0,3,17,0,124,142.8,29.1,59.0,23.2,,,43,0.2,
2017-18,430,James,McClean,McClean,West Brom,MID,45,1391,1,0,6,20,1,153,237.4,299.0,279.0,80.2,,,47,0.1,
2017-18,431,Jonathan,Leko,Leko,West Brom,MID,0,0,0,0,0,0,0,0,0.0,0.0,0.0,0.0,,,45,0.0,
2017-18,432,Matt,Phillips,Phillips,West Brom,MID,81,2087,2,3,10,32,3,276,370.2,531.8,345.0,124.7,,,54,0.5,
2017-18,433,Sam,Field,Field,West Brom,MID,23,534,1,0,4,7,2,70,102.4,64.8,95.0,26.3,,,44,0.1,
2017-18,434,Chris,Brunt,Brunt,West Brom,MID,81,1917,0,8,9,23,6,380,421.8,651.1,155.0,122.9,,,50,0.5,
2017-18,435,Salomón,Rondón,Rondón,West Brom,FWD,103,2765,7,3,6,48,5,271,431.2,387.2,891.0,169.6,,,60,1.1,
2017-18,436,Hal,Robson-Kanu,Robson-Kanu,West Brom,FWD,32,816,2,0,4,14,1,83,121.2,115.9,264.0,49.5,,,49,0.4,
2017-18,437,Jay,Rodriguez,Rodriguez,West Brom,FWD,109,2807,7,1,10,41,11,335,460.4,329.8,931.0,171.1,,,54,2.5,
2017-18,468,Ahmed El-Sayed,Hegazi,Hegazi,West Brom,DEF,114,3386,2,0,10,55,11,646,962.8,99.5,196.0,126.1,,,46,17.8,
2017-18,507,Rekeem,Harper,Harper,West Brom,MID,1,20,0,0,0,0,0,6,6.6,20.4,0.0,2.7,,,45,0.0,
2017-18,508,Kane,Wilson,Wilson,West Brom,DEF,0,0,0,0,0,0,0,0,0.0,0.0,0.0,0.0,,,40,0.2,
2017-18,524,Oliver,Burke,Burke,West Brom,MID,23,356,0,2,0,11,0,75,77.4,73.9,75.0,22.5,,,49,0.0,
2017-18,533,Grzegorz,Krychowiak,Krychowiak,West Brom,MID,58,1634,0,3,4,30,4,249,271.8,220.9,91.0,58.4,,,47,0.1,
2017-18,557,Alex,Palmer,Palmer,West Brom,GKP,0,0,0,0,0,0,0,0,0.0,0.0,0.0,0.0,,,40,0.1,
2017-18,572,Max,Melbourne,Melbourne,West Brom,DEF,0,0,0,0,0,0,0,0,0.0,0.0,0.0,0.0,,,40,0.0,
2017-18,577,Rayhaan,Tulloch,Tulloch,West Brom,FWD,0,0,0,0,0,0,0,0,0.0,0.0,0.0,0.0,,,45,0.7,
2017-18,578,Nathan,Ferguson,Ferguson,West Brom,DEF,0,0,0,0,0,0,0,0,0.0,0.0,0.0,0.0,,,40,0.1,
2017-18,610,Ali,Gabr,Gabr,West Brom,DEF,0,0,0,0,0,0,0,0,0.0,0.0,0.0,0.0,,,42,0.1,
2017-18,624,Kyle,Jameson,Jameson,West Brom,DEF,0,0,0,0,0,0,0,0,0.0,0.0,0.0,0.0,,,40,0.1,
2017-18,340,Marko,Arnautovic,Arnautovic,West Ham,MID,144,2309,11,7,7,50,12,440,713.8,543.0,1155.0,241.1,,,71,7.6,
2017-18,438,Adrián,San Miguel del Castillo,Adrián,West Ham,GKP,72,1710,0,0,6,29,5,374,470.4,0.0,0.0,47.0,,,40,2.4,
2017-18,439,Darren,Randolph,Randolph,West Ham,GKP,0,0,0,0,0,0,0,0,0.0,0.0,0.0,0.0,,,45,0.0,
2017-18,440,Jose,Fonte,Fonte,West Ham,DEF,34,688,0,2,3,11,3,156,186.8,57.8,89.0,33.4,,,47,0.8,
2017-18,441,James,Collins,Collins,West Ham,DEF,36,1049,1,0,3,19,3,200,346.0,25.5,76.0,44.6,,,43,0.2,
2017-18,442,Winston,Reid,Reid,West Ham,DEF,42,1452,0,0,5,27,3,264,322.4,48.8,64.0,43.6,,,48,0.6,
2017-18,443,Aaron,Cresswell,Cresswell,West Ham,DEF,118,3069,1,7,10,60,10,613,690.2,562.7,193.0,145.0,,,49,3.2,
2017-18,444,Angelo,Ogbonna,Ogbonna,West Ham,DEF,77,2880,1,0,7,60,4,520,687.8,81.4,145.0,91.4,,,42,3.4,
2017-18,445,Sam,Byram,Byram,West Ham,DEF,5,246,0,0,0,7,0,41,71.0,37.6,36.0,14.5,,,42,0.1,
2017-18,446,Arthur,Masuaku,Masuaku,West Ham,DEF,68,1867,0,3,6,29,2,352,385.0,295.1,128.0,80.7,,,42,1.2,
2017-18,447,Pablo,Zabaleta,Zabaleta,West Ham,DEF,90,3289,0,1,10,62,6,563,635.0,293.7,77.0,100.7,,,49,1.9,
2017-18,448,Robert,Snodgrass,Snodgrass,West Ham,MID,0,0,0,0,0,0,0,0,0.0,0.0,0.0,0.0,,,58,0.6,
2017-18,450,Mark,Noble,Noble,West Ham,MID,84,2400,4,0,7,45,7,461,527.6,337.8,141.0,100.8,,,53,0.3,
2017-18,451,Cheikhou,Kouyaté,Kouyaté,West Ham,MID,86,2798,2,3,7,56,2,367,480.0,262.4,320.0,106.1,,,50,0.3,
2017-18,452,Pedro,Obiang,Obiang,West Ham,MID,54,1562,2,0,5,29,6,270,377.8,132.1,88.0,60.1,,,42,0.7,
2017-18,453,Manuel,Lanzini,Lanzini,West Ham,MID,106,2039,5,7,6,44,11,470,559.4,624.9,502.0,168.8,,,66,0.8,
2017-18,454,Michail,Antonio,Antonio,West Ham,MID,62,1350,3,2,7,23,1,188,296.6,256.3,393.0,94.6,,,74,0.2,
2017-18,455,Sofiane,Feghouli,Feghouli,West Ham,MID,0,0,0,0,0,0,0,0,0.0,0.0,0.0,0.0,,,55,0.0,
2017-18,456,Edimilson,Fernandes,Fernandes,West Ham,MID,29,840,0,2,2,20,0,123,110.8,97.3,77.0,28.6,,,43,0.2,
2017-18,457,Andy,Carroll,Carroll,West Ham,FWD,36,742,3,1,3,13,6,106,145.4,110.2,344.0,58.8,,,57,0.3,
2017-18,458,Diafra,Sakho,Sakho,West Ham,FWD,24,294,2,1,0,11,1,65,77.6,25.1,110.0,21.2,,,55,0.1,
2017-18,459,Ashley,Fletcher,Fletcher,West Ham,FWD,0,0,0,0,0,0,0,0,0.0,0.0,0.0,0.0,,,45,0.4,
2017-18,460,Enner,Valencia,Valencia,West Ham,FWD,0,0,0,0,0,0,0,0,0.0,0.0,0.0,0.0,,,50,0.0,
2017-18,479,Joe,Hart,Hart,West Ham,GKP,59,1710,0,1,4,39,3,341,382.8,20.0,0.0,40.2,,,42,5.7,
2017-18,487,Javier,Hernández Balcázar,Chicharito,West Ham,FWD,93,1537,8,2,6,36,14,309,373.6,312.4,476.0,115.0,,,67,7.2,
2017-18,510,Declan,Rice,Rice,West Ham,DEF,41,1421,0,0,3,29,0,280,310.4,35.7,29.0,37.5,,,44,0.1,
2017-18,526,Sead,Haksabanovic,Haksabanovic,West Ham,MID,0,0,0,0,0,0,0,0,0.0,0.0,0.0,0.0,,,50,0.0,
2017-18,567,Antonio,Martinez Lopez,Martínez,West Ham,FWD,0,0,0,0,0,0,0,0,0.0,0.0,0.0,0.0,,,50,0.0,
2017-18,568,Domingos,Quina,Quina,West Ham,MID,0,0,0,0,0,0,0,0,0.0,0.0,0.0,0.0,,,44,0.0,
2017-18,573,Ben,Johnson,Johnson,West Ham,MID,0,0,0,0,0,0,0,0,0.0,0.0,0.0,0.0,,,44,0.0,
2017-18,574,Nathan,Trott,Trott,West Ham,GKP,0,0,0,0,0,0,0,0,0.0,0.0,0.0,0.0,,,40,0.2,
2017-18,580,Moses,Makasi,Makasi,West Ham,MID,0,0,0,0,0,0,0,0,0.0,0.0,0.0,0.0,,,45,0.0,
2017-18,596,Reece,Burke,Burke,West Ham,DEF,0,0,0,0,0,0,0,0,0.0,0.0,0.0,0.0,,,40,0.0,
2017-18,597,Josh,Cullen,Cullen,West Ham,MID,2,6,0,0,0,0,0,7,7.2,0.6,0.0,0.8,,,45,0.0,
2017-18,608,João Mário,Naval Costa Eduardo,João Mário,West Ham,MID,46,1021,2,1,4,14,5,170,176.0,294.9,191.0,66.1,,,60,0.2,
2017-18,611,Reece,Oxford,Oxford,West Ham,DEF,1,4,0,0,0,0,0,2,3.0,0.0,0.0,0.3,,,45,0.0,
2017-18,622,Jordan,Hugill,Hugill,West Ham,FWD,3,22,0,0,0,0,0,4,0.0,0.4,0.0,0.0,,,49,0.0,
2017-18,626,Patrice,Evra,Evra,West Ham,DEF,2,227,0,0,0,10,0,32,42.8,6.0,0.0,5.0,,,41,0.2,
2017-18,631,Marcus,Browne,Browne,West Ham,MID,0,0,0,0,0,0,0,0,0.0,0.0,0.0,0.0,,,45,0.0,
2017-18,635,Josh,Pask,Pask,West Ham,DEF,0,0,0,0,0,0,0,0,0.0,0.0,0.0,0.0,,,40,0.0,
2017-18,636,Grady,Diangana,Diangana,West Ham,MID,0,0,0,0,0,0,0,0,0.0,0.0,0.0,0.0,,,45,0.0,
2018-19,1,Petr,Cech,Cech,Arsenal,GKP,24,585,0,0,1,9,3,130,205.0,0.0,0.0,20.4,,,47,1.1,
2018-19,2,Bernd,Leno,Leno,Arsenal,GKP,106,2835,0,0,6,42,5,568,807.2,0.0,0.0,80.5,,,49,4.0,
2018-19,3,Laurent,Koscielny,Koscielny,Arsenal,DEF,62,1329,3,0,3,23,8,319,456.4,29.5,105.0,59.1,,,54,0.9,
2018-19,4,Héctor,Bellerín,Bellerín,Arsenal,DEF,60,1532,0,5,4,21,5,304,261.6,197.8,280.0,73.7,,,53,4.5,
2018-19,5,Nacho,Monreal,Monreal,Arsenal,DEF,77,1860,1,4,5,24,7,392,413.2,196.6,224.0,83.4,,,54,1.3,
2018-19,6,Rob,Holding,Holding,Arsenal,DEF,24,806,0,0,1,10,5,148,187.8,28.7,14.0,23.2,,,43,0.4,
2018-19,7,Shkodran,Mustafi,Mustafi,Arsenal,DEF,80,2611,2,0,6,40,5,475,718.6,106.0,252.0,107.8,,,54,1.3,
2018-19,8,Sead,Kolasinac,Kolasinac,Arsenal,DEF,81,1886,0,7,5,29,10,382,323.2,445.9,242.0,101.0,,,49,5.4,
2018-19,10,Konstantinos,Mavropanos,Mavropanos,Arsenal,DEF,3,147,0,0,0,1,0,28,27.0,14.1,10.0,5.2,,,47,0.1,
2018-19,11,Stephan,Lichtsteiner,Lichtsteiner,Arsenal,DEF,14,935,0,0,0,18,0,89,113.0,61.1,23.0,20.0,,,45,0.8,
2018-19,12,Sokratis,Papastathopoulos,Sokratis,Arsenal,DEF,64,2198,1,2,5,33,4,402,513.8,67.9,120.0,70.4,,,51,1.2,
2018-19,13,Mesut,Özil,Özil,Arsenal,MID,89,1732,5,3,5,24,9,363,429.6,714.2,254.0,140.0,,,79,2.6,
2018-19,14,Aaron,Ramsey,Ramsey,Arsenal,MID,91,1319,4,6,9,13,4,298,418.4,387.2,502.0,131.0,,,71,0.9,
2018-19,15,Alex,Iwobi,Iwobi,Arsenal,MID,99,1961,3,8,4,32,3,382,469.0,596.7,646.0,171.1,,,54,1.5,
2018-19,16,Mohamed,Elneny,Elneny,Arsenal,MID,10,377,0,0,0,5,0,59,86.6,76.7,63.0,22.7,,,42,2.2,
2018-19,17,Granit,Xhaka,Xhaka,Arsenal,MID,90,2498,4,3,7,37,8,452,634.6,674.0,215.0,152.6,,,52,2.3,
2018-19,18,Henrikh,Mkhitaryan,Mkhitaryan,Arsenal,MID,98,1637,6,4,3,26,12,354,446.4,454.9,600.0,150.2,,,66,4.6,
2018-19,19,Reiss,Nelson,Nelson,Arsenal,MID,0,0,0,0,0,0,0,0,0.0,0.0,0.0,0.0,,,44,0.4,
2018-19,20,Ainsley,Maitland-Niles,Maitland-Niles,Arsenal,MID,34,983,1,1,2,20,3,152,224.2,98.9,126.0,44.8,,,44,0.4,
2018-19,21,Danny,Welbeck,Welbeck,Arsenal,FWD,19,146,1,1,0,3,3,63,73.6,56.8,66.0,19.5,,,64,0.4,
2018-19,22,Alexandre,Lacazette,Lacazette,Arsenal,FWD,166,2497,13,12,6,31,20,560,808.0,482.4,1319.0,260.6,,,94,11.4,
2018-19,23,Pierre-Emerick,Aubameyang,Aubameyang,Arsenal,FWD,205,2722,22,7,7,42,32,756,984.4,484.6,1429.0,289.6,,,108,18.8,
2018-19,450,Lucas,Torreira,Torreira,Arsenal,MID,78,2377,2,4,5,38,6,409,440.8,301.0,203.0,94.5,,,47,2.6,
2018-19,451,Matteo,Guendouzi,Guendouzi,Arsenal,MID,47,2140,0,0,3,32,0,321,323.2,312.4,130.0,76.6,,,44,1.6,
2018-19,542,Emiliano,Martínez,Martínez,Arsenal,GKP,0,0,0,0,0,0,0,0,0.0,0.0,0.0,0.0,,,40,0.2,
2018-19,545,Emile,Smith-Rowe,Smith-Rowe,Arsenal,MID,0,0,0,0,0,0,0,0,0.0,0.0,0.0,0.0,,,45,0.0,
2018-19,546,Zech,Medley,Medley,Arsenal,DEF,0,0,0,0,0,0,0,0,0.0,0.0,0.0,0.0,,,40,0.1,
2018-19,552,Edward,Nketiah,Nketiah,Arsenal,FWD,10,63,1,0,0,3,1,36,40.8,14.7,59.0,11.4,,,50,0.0,
2018-19,563,Bukayo,Saka,Saka,Arsenal,MID,1,7,0,0,0,0,0,3,0.0,0.0,0.0,0.0,,,45,0.0,
2018-19,566,Joseph,Willock,Willock,Arsenal,MID,4,63,0,0,1,1,0,4,1.0,2.5,23.0,2.7,,,45,0.0,
2018-19,581,Carl,Jenkinson,Jenkinson,Arsenal,DEF,4,165,0,0,0,3,0,16,26.8,16.9,8.0,5.2,,,45,0.0,
2018-19,586,Denis,Suárez,Suárez,Arsenal,MID,4,67,0,0,0,1,0,11,8.4,4.8,0.0,1.4,,,57,0.1,
2018-19,24,Asmir,Begovic,Begovic,Bournemouth,GKP,63,2160,0,0,5,47,4,363,440.6,0.0,0.0,44.2,,,43,2.7,
2018-19,25,Artur,Boruc,Boruc,Bournemouth,GKP,46,1080,0,0,4,18,4,218,302.0,0.0,0.0,30.3,,,41,8.6,
2018-19,26,Simon,Francis,Francis,Bournemouth,DEF,40,1227,0,2,4,24,0,244,332.4,173.3,39.0,54.4,,,43,0.2,
2018-19,27,Steve,Cook,Steve Cook,Bournemouth,DEF,85,2786,1,1,9,56,6,549,731.0,143.3,292.0,116.5,,,43,4.2,
2018-19,28,Charlie,Daniels,Daniels,Bournemouth,DEF,44,1583,1,0,4,34,1,278,289.8,215.4,156.0,66.2,,,41,3.2,
2018-19,29,Adam,Smith,Adam Smith,Bournemouth,DEF,70,2067,1,1,8,33,1,383,374.0,199.8,110.0,68.5,,,43,0.4,
2018-19,30,Tyrone,Mings,Mings,Bournemouth,DEF,5,141,0,0,0,4,0,41,49.0,16.3,2.0,6.8,,,42,0.1,
2018-19,31,Nathan,Aké,Aké,Bournemouth,DEF,120,3411,4,1,10,70,8,716,1002.0,125.9,440.0,156.8,,,51,6.1,
2018-19,32,Jack,Simpson,Simpson,Bournemouth,DEF,10,401,0,0,1,9,0,73,85.4,2.0,21.0,11.0,,,39,6.1,
2018-19,34,Marc,Pugh,Pugh,Bournemouth,MID,0,0,0,0,0,0,0,0,0.0,0.0,0.0,0.0,,,43,0.3,
2018-19,35,Andrew,Surman,Surman,Bournemouth,MID,36,1438,0,0,4,37,0,206,190.8,163.0,38.0,39.2,,,46,0.1,
2018-19,36,Junior,Stanislas,Stanislas,Bournemouth,MID,56,1021,2,3,2,24,3,205,225.2,254.5,340.0,82.0,,,60,0.1,
2018-19,37,Dan,Gosling,Gosling,Bournemouth,MID,54,1734,2,2,4,33,0,237,400.6,164.7,217.0,78.1,,,47,0.1,
2018-19,38,Jordon,Ibe,Ibe,Bournemouth,MID,33,789,1,1,1,23,0,105,131.2,174.8,155.0,46.0,,,49,0.2,
2018-19,39,Lewis,Cook,Lewis Cook,Bournemouth,MID,22,719,0,0,3,10,0,91,76.0,50.4,36.0,16.5,,,46,0.1,
2018-19,40,Ryan,Fraser,Fraser,Bournemouth,MID,181,3165,7,14,9,64,23,751,930.6,1382.4,696.0,301.2,,,64,23.7,
2018-19,41,Emerson,Hyndman,Hyndman,Bournemouth,MID,1,37,0,0,0,2,0,2,14.0,1.2,0.0,1.5,,,44,0.0,
2018-19,42,David,Brooks,Brooks,Bournemouth,MID,123,2263,7,6,9,41,7,414,598.0,466.7,609.0,167.5,,,50,3.6,
2018-19,43,Callum,Wilson,Wilson,Bournemouth,FWD,168,2528,14,12,9,47,22,525,737.8,388.4,1137.0,225.0,,,69,20.3,
2018-19,44,Lys,Mousset,Mousset,Bournemouth,FWD,28,350,1,0,0,15,0,74,74.6,65.1,201.0,33.8,,,49,0.2,
2018-19,45,Joshua,King,King,Bournemouth,FWD,141,2963,12,3,10,57,20,457,655.4,535.7,1058.0,223.8,,,64,5.1,
2018-19,46,Jermain,Defoe,Defoe,Bournemouth,FWD,4,22,0,0,0,2,0,12,3.0,0.0,23.0,2.6,,,56,0.4,
2018-19,241,Nathaniel,Clyne,Clyne,Bournemouth,DEF,34,1250,0,1,3,26,0,201,199.4,100.2,72.0,36.9,,,44,0.6,
2018-19,259,Dominic,Solanke,Solanke,Bournemouth,FWD,15,340,0,1,0,5,0,45,79.0,96.0,154.0,33.0,,,47,0.4,
2018-19,473,Diego,Rico,Rico,Bournemouth,DEF,8,606,0,0,0,19,0,89,107.4,171.6,36.0,31.4,,,41,0.0,
2018-19,494,Jefferson,Lerma,Lerma,Bournemouth,MID,75,2505,2,2,9,49,6,410,539.6,245.8,174.0,96.2,,,45,0.3,
2018-19,580,Chris,Mepham,Mepham,Bournemouth,DEF,27,848,0,1,2,17,0,158,177.2,24.1,22.0,22.5,,,45,0.1,
2018-19,599,Sam,Surridge,Surridge,Bournemouth,FWD,2,11,0,0,0,0,0,3,5.0,11.8,23.0,4.0,,,45,0.1,
2018-19,600,Kyle,Taylor,Taylor,Bournemouth,MID,0,0,0,0,0,0,0,0,0.0,0.0,0.0,0.0,,,45,0.0,
2018-19,613,Nnamdi,Ofoborh,Ofoborh,Bournemouth,MID,0,0,0,0,0,0,0,0,0.0,0.0,0.0,0.0,,,45,0.0,
2018-19,616,Mark,Travers,Travers,Bournemouth,GKP,9,180,0,0,1,5,1,46,68.2,0.0,0.0,6.8,,,40,0.3,
2018-19,620,Matt,Butcher,Butcher,Bournemouth,MID,0,0,0,0,0,0,0,0,0.0,0.0,0.0,0.0,,,45,0.0,
2018-19,47,Mathew,Ryan,Ryan,Brighton,GKP,104,3060,0,0,6,55,11,547,707.0,0.0,0.0,70.9,,,44,4.9,
2018-19,48,Lewis,Dunk,Dunk,Brighton,DEF,91,3151,2,1,7,56,6,573,805.8,132.9,245.0,118.7,,,44,3.4,
2018-19,49,Shane,Duffy,Duffy,Brighton,DEF,115,3087,5,2,7,55,9,582,1024.4,84.1,499.0,160.9,,,47,8.1,
2018-19,50,Bruno,Saltor Grau,Bruno,Brighton,DEF,46,1131,0,1,4,17,7,229,181.6,102.0,14.0,29.8,,,44,0.3,
2018-19,51,Gaëtan,Bong,Bong,Brighton,DEF,48,1805,0,0,5,34,0,254,220.0,153.3,8.0,38.0,,,44,0.1,
2018-19,52,Markus,Suttner,Suttner,Brighton,DEF,0,0,0,0,0,0,0,0,0.0,0.0,0.0,0.0,,,38,4.3,
2018-19,53,Ezequiel,Schelotto,Schelotto,Brighton,DEF,0,0,0,0,0,0,0,0,0.0,0.0,0.0,0.0,,,38,1.9,
2018-19,54,Leon,Balogun,Balogun,Brighton,DEF,15,591,1,0,0,10,0,86,134.0,1.1,27.0,16.2,,,42,0.1,
2018-19,55,Anthony,Knockaert,Knockaert,Brighton,MID,74,1828,2,6,3,41,2,293,389.6,580.8,345.0,131.4,,,52,0.5,
2018-19,56,Dale,Stephens,Stephens,Brighton,MID,65,2484,1,1,5,46,4,404,498.2,249.3,88.0,83.6,,,43,3.0,
2018-19,57,Beram,Kayal,Kayal,Brighton,MID,36,935,1,1,4,17,0,136,224.0,59.3,53.0,33.6,,,44,0.3,
2018-19,58,Solomon,March,March,Brighton,MID,94,2459,1,6,6,40,5,342,474.6,684.5,405.0,156.6,,,47,0.7,
2018-19,59,Pascal,Groß,Groß,Brighton,MID,80,1864,3,3,3,31,12,347,456.0,815.3,344.0,161.7,,,67,1.5,
2018-19,60,Davy,Pröpper,Pröpper,Brighton,MID,72,2546,1,1,4,45,3,351,389.2,279.1,121.0,79.2,,,48,0.2,
2018-19,61,José Heriberto,Izquierdo Mena,Izquierdo,Brighton,MID,31,789,0,2,3,10,0,95,75.4,77.3,147.0,30.0,,,59,0.1,
2018-19,62,Glenn,Murray,Murray,Brighton,FWD,129,2501,13,1,4,45,16,337,478.0,190.0,835.0,148.1,,,61,2.8,
2018-19,63,Tomer,Hemed,Hemed,Brighton,FWD,0,0,0,0,0,0,0,0,0.0,0.0,0.0,0.0,,,49,0.1,
2018-19,64,Sam,Baldock,Baldock,Brighton,FWD,0,0,0,0,0,0,0,0,0.0,0.0,0.0,0.0,,,45,0.3,
2018-19,65,Jürgen,Locadia,Locadia,Brighton,FWD,52,1225,2,0,3,21,6,155,154.4,190.8,356.0,69.7,,,53,0.3,
2018-19,66,Florin,Andone,Andone,Brighton,FWD,38,866,3,0,2,14,2,74,147.2,48.6,361.0,54.9,,,50,0.2,
2018-19,179,David,Button,Button,Brighton,GKP,15,360,0,0,1,5,2,76,89.2,0.0,0.0,8.9,,,40,2.3,
2018-19,439,Jason,Steele,Steele,Brighton,GKP,0,0,0,0,0,0,0,0,0.0,0.0,0.0,0.0,,,39,1.3,
2018-19,440,Bernardo,Fernandes da Silva Junior,Bernardo,Brighton,DEF,39,1749,0,1,2,29,0,290,444.2,172.6,83.0,70.0,,,42,0.1,
2018-19,466,Yves,Bissouma,Bissouma,Brighton,MID,43,1764,0,0,3,32,0,170,253.4,213.0,201.0,66.8,,,46,0.0,
2018-19,476,Alireza,Jahanbakhsh,Jahanbakhsh,Brighton,MID,33,1014,0,0,5,16,0,61,94.4,104.0,162.0,35.5,,,67,0.6,
2018-19,503,Martín,Montoya,Montoya,Brighton,DEF,45,2166,0,1,3,41,1,351,437.6,289.2,58.0,78.6,,,43,0.2,
2018-19,551,Viktor,Gyokeres,Gyokeres,Brighton,FWD,0,0,0,0,0,0,0,0,0.0,0.0,0.0,0.0,,,45,0.1,
2018-19,559,Ben,White,White,Brighton,DEF,0,0,0,0,0,0,0,0,0.0,0.0,0.0,0.0,,,40,0.0,
2018-19,572,Max,Sanders,Sanders,Brighton,MID,0,0,0,0,0,0,0,0,0.0,0.0,0.0,0.0,,,45,0.0,
2018-19,582,Dan,Burn,Burn,Brighton,DEF,0,0,0,0,0,0,0,0,0.0,0.0,0.0,0.0,,,45,0.0,
2018-19,617,Jayson,Molumby,Molumby,Brighton,MID,0,0,0,0,0,0,0,0,0.0,0.0,0.0,0.0,,,45,0.0,
2018-19,67,Tom,Heaton,Heaton,Burnley,GKP,58,1710,0,0,4,27,4,323,442.8,20.1,4.0,46.6,,,48,0.5,
2018-19,68,Nick,Pope,Pope,Burnley,GKP,0,0,0,0,0,0,0,0,0.0,0.0,0.0,0.0,,,48,0.2,
2018-19,69,Matthew,Lowton,Lowton,Burnley,DEF,34,1748,0,0,4,41,1,269,338.0,158.6,48.0,54.6,,,46,0.2,
2018-19,70,Ben,Mee,Mee,Burnley,DEF,81,3420,0,2,8,68,5,572,885.4,113.8,238.0,123.9,,,46,1.6,
2018-19,71,Stephen,Ward,Ward,Burnley,DEF,7,228,0,0,1,6,0,44,48.4,17.2,19.0,8.5,,,47,0.5,
2018-19,72,James,Tarkowski,Tarkowski,Burnley,DEF,97,3086,3,2,7,63,7,524,1023.2,69.8,450.0,154.5,,,47,4.2,
2018-19,73,Kevin,Long,Long,Burnley,DEF,16,513,0,1,1,9,0,101,147.8,11.6,8.0,16.8,,,41,0.3,
2018-19,74,Charlie,Taylor,Taylor,Burnley,DEF,82,3240,0,1,7,64,2,505,649.4,268.5,30.0,94.9,,,44,0.5,
2018-19,75,Phil,Bardsley,Bardsley,Burnley,DEF,33,1670,0,0,4,27,0,224,267.8,139.6,66.0,47.4,,,42,0.1,
2018-19,76,Johann Berg,Gudmundsson,Gudmundsson,Burnley,MID,92,1743,3,7,5,39,6,339,456.2,574.1,380.0,141.1,,,55,1.0,
2018-19,77,Steven,Defour,Defour,Burnley,MID,10,449,0,0,0,14,0,70,61.4,36.6,0.0,9.9,,,53,0.0,
2018-19,78,Jeff,Hendrick,Hendrick,Burnley,MID,73,2058,2,2,4,44,3,243,233.8,205.3,269.0,70.6,,,52,0.2,
2018-19,79,Robbie,Brady,Brady,Burnley,MID,20,714,0,1,1,17,0,77,102.0,194.1,85.0,38.2,,,54,0.0,
2018-19,80,Ashley,Westwood,Westwood,Burnley,MID,111,2821,2,8,7,55,10,518,623.0,643.1,253.0,152.3,,,46,3.1,
2018-19,81,Jonathan,Walters,Walters,Burnley,MID,0,0,0,0,0,0,0,0,0.0,0.0,0.0,0.0,,,47,0.0,
2018-19,82,Jack,Cork,Cork,Burnley,MID,87,3312,1,2,8,63,0,446,491.4,309.7,240.0,104.3,,,46,0.5,
2018-19,83,Aaron,Lennon,Lennon,Burnley,MID,41,1214,1,1,3,22,2,133,151.6,121.2,108.0,38.0,,,49,0.3,
2018-19,84,Sam,Vokes,Vokes,Burnley,FWD,48,907,3,0,2,20,7,130,152.0,108.6,292.0,54.3,,,53,0.6,
2018-19,85,Ashley,Barnes,Barnes,Burnley,FWD,122,2378,12,3,7,41,13,394,581.2,309.9,1042.0,192.9,,,56,2.1,
2018-19,86,Nahki,Wells,Wells,Burnley,FWD,0,0,0,0,0,0,0,0,0.0,0.0,0.0,0.0,,,45,0.8,
2018-19,87,Chris,Wood,Wood,Burnley,FWD,131,2580,10,3,7,49,17,379,475.8,310.3,911.0,167.9,,,63,1.4,
2018-19,485,Anders,Lindegaard,Lindegaard,Burnley,GKP,0,0,0,0,0,0,0,0,0.0,0.0,0.0,0.0,,,43,0.1,
2018-19,490,Joe,Hart,Hart,Burnley,GKP,69,1710,0,0,4,41,7,378,594.6,10.1,0.0,60.3,,,42,4.4,
2018-19,491,Ben,Gibson,Gibson,Burnley,DEF,6,62,1,0,0,3,0,17,42.4,0.4,33.0,7.6,,,48,0.1,
2018-19,495,Matej,Vydra,Vydra,Burnley,FWD,21,310,1,1,0,7,0,61,70.4,33.7,114.0,21.4,,,56,0.0,
2018-19,534,Dwight,McNeil,McNeil,Burnley,MID,75,1590,3,4,5,25,6,305,405.2,442.8,279.0,112.5,,,44,0.8,
2018-19,564,Abd-Al-Ali Morakinyo Olaposi,Koiki,Koiki,Burnley,DEF,0,0,0,0,0,0,0,0,0.0,0.0,0.0,0.0,,,40,0.0,
2018-19,583,Josh,Benson,Benson,Burnley,MID,0,0,0,0,0,0,0,0,0.0,0.0,0.0,0.0,,,45,0.0,
2018-19,590,Peter,Crouch,Crouch,Burnley,FWD,8,86,0,1,0,3,0,24,7.6,1.6,115.0,12.3,,,44,0.9,
2018-19,615,Anthony,Driscoll-Glennon,Driscoll-Glennon,Burnley,DEF,0,0,0,0,0,0,0,0,0.0,0.0,0.0,0.0,,,40,0.0,
2018-19,33,Harry,Arter,Arter,Cardiff,MID,48,1999,0,1,7,39,0,225,230.6,188.8,170.0,58.9,,,49,0.2,
2018-19,88,Neil,Etheridge,Etheridge,Cardiff,GKP,154,3420,0,0,10,69,18,775,1116.8,21.0,0.0,113.6,,,46,10.2,
2018-19,89,Alex,Smithies,Smithies,Cardiff,GKP,0,0,0,0,0,0,0,0,0.0,0.0,0.0,0.0,,,42,0.1,
2018-19,90,Sean,Morrison,Morrison,Cardiff,DEF,97,3039,1,4,9,63,5,477,673.4,239.0,580.0,149.4,,,47,0.4,
2018-19,91,Sol,Bamba,Bamba,Cardiff,DEF,95,2475,4,1,7,52,11,459,787.0,51.4,304.0,114.2,,,44,1.5,
2018-19,92,Bruno,Ecuele Manga,Ecuele Manga,Cardiff,DEF,97,3375,0,1,10,67,4,581,722.0,105.5,172.0,100.4,,,44,0.4,
2018-19,93,Matthew,Connolly,Connolly,Cardiff,DEF,0,0,0,0,0,0,0,0,0.0,0.0,0.0,0.0,,,38,2.8,
2018-19,94,Joe,Bennett,Bennett,Cardiff,DEF,77,2639,0,1,9,50,4,433,442.8,237.1,98.0,77.8,,,44,0.4,
2018-19,95,Lee,Peltier,Peltier,Cardiff,DEF,43,1542,0,0,5,26,1,232,267.2,49.5,15.0,33.1,,,39,4.0,
2018-19,96,Ashley Darel Jazz,Richards,Jazz Richards,Cardiff,DEF,2,129,0,0,0,4,0,15,14.8,1.6,0.0,1.8,,,39,0.5,
2018-19,97,Greg,Halford,Halford,Cardiff,DEF,0,0,0,0,0,0,0,0,0.0,0.0,0.0,0.0,,,40,0.0,
2018-19,98,Joe,Ralls,Ralls,Cardiff,MID,45,1954,0,0,5,40,0,232,284.6,481.1,204.0,96.7,,,46,0.1,
2018-19,99,David Junior,Hoilett,Hoilett,Cardiff,MID,82,2134,3,2,6,46,4,230,313.2,383.4,463.0,115.3,,,50,0.1,
2018-19,100,Nathaniel,Mendez-Laing,Mendez-Laing,Cardiff,MID,63,978,4,1,4,18,6,253,351.4,255.0,370.0,97.8,,,48,0.0,
2018-19,101,Callum,Paterson,Paterson,Cardiff,MID,80,1993,4,2,5,41,4,227,266.8,311.9,541.0,111.7,,,48,0.3,
2018-19,102,Aron,Gunnarsson,Gunnarsson,Cardiff,MID,65,2266,1,1,6,40,3,290,370.6,217.5,201.0,78.9,,,44,0.6,
2018-19,103,Anthony,Pilkington,Pilkington,Cardiff,MID,0,0,0,0,0,0,0,0,0.0,0.0,0.0,0.0,,,44,0.1,
2018-19,104,Loïc,Damour,Damour,Cardiff,MID,2,21,0,0,0,2,0,6,0.6,1.0,8.0,0.9,,,43,0.1,
2018-19,105,Danny,Ward,Ward,Cardiff,MID,22,435,1,0,0,14,0,67,81.8,83.3,168.0,32.9,,,43,0.2,
2018-19,106,Josh,Murphy,Murphy,Cardiff,MID,76,1810,3,2,7,32,3,191,285.6,267.0,550.0,109.5,,,48,0.2,
2018-19,107,Kenneth,Zohore,Zohore,Cardiff,FWD,33,741,1,1,2,19,2,93,103.6,159.5,270.0,53.3,,,46,0.5,
2018-19,108,Omar,Bogle,Bogle,Cardiff,FWD,0,0,0,0,0,0,0,0,0.0,0.0,0.0,0.0,,,45,0.1,
2018-19,109,Gary,Madine,Madine,Cardiff,FWD,5,32,0,0,0,3,0,13,2.0,1.5,8.0,1.0,,,44,0.9,
2018-19,110,Bobby,Reid,Reid,Cardiff,FWD,80,1413,5,3,4,30,9,276,296.6,224.4,392.0,91.0,,,52,0.9,
2018-19,176,Oumar,Niasse,Niasse,Cardiff,FWD,30,988,0,0,5,13,0,29,70.8,85.7,317.0,47.1,,,50,0.4,
2018-19,467,Greg,Cunninghamm,Cunningham,Cardiff,DEF,9,630,0,0,1,17,0,72,106.4,69.7,19.0,19.6,,,41,0.0,
2018-19,504,Víctor,Camarasa,Camarasa,Cardiff,MID,106,2569,5,4,9,53,5,398,515.8,798.4,387.0,170.2,,,44,2.2,
2018-19,535,Kadeem,Harris,Harris,Cardiff,MID,24,365,1,1,1,6,0,80,90.4,87.7,89.0,26.7,,,45,0.0,
2018-19,537,Brian,Murphy,Brian Murphy,Cardiff,GKP,0,0,0,0,0,0,0,0,0.0,0.0,0.0,0.0,,,40,0.2,
2018-19,573,Rhys,Healey,Healey,Cardiff,FWD,3,49,0,0,0,1,0,7,4.2,10.9,12.0,2.7,,,45,0.1,
2018-19,589,Leandro,Bacuna,Bacuna,Cardiff,DEF,17,554,0,1,1,14,0,81,69.0,30.2,22.0,12.0,,,43,0.0,
2018-19,111,Thibaut,Courtois,Courtois,Chelsea,GKP,0,0,0,0,0,0,0,0,0.0,0.0,0.0,0.0,,,55,0.5,
2018-19,112,Willy,Caballero,Caballero,Chelsea,GKP,13,180,0,0,2,0,0,45,24.6,1.0,0.0,2.6,,,47,0.1,
2018-19,113,César,Azpilicueta,Azpilicueta,Chelsea,DEF,158,3402,1,6,16,39,11,822,815.0,525.1,286.0,163.2,,,64,9.6,
2018-19,114,Gary,Cahill,Cahill,Chelsea,DEF,2,22,0,0,0,0,0,6,4.8,0.0,0.0,0.5,,,50,0.5,
2018-19,115,Marcos,Alonso,Alonso,Chelsea,DEF,161,2759,2,8,14,28,21,702,619.0,520.1,475.0,161.7,,,62,22.1,
2018-19,116,David,Luiz Moreira Marinho,David Luiz,Chelsea,DEF,164,3238,3,2,16,36,19,794,859.0,358.7,363.0,158.0,,,58,11.7,
2018-19,117,Victor,Moses,Moses,Chelsea,DEF,2,26,0,0,0,1,0,3,1.2,12.7,6.0,2.0,,,55,1.2,
2018-19,118,Antonio,Rüdiger,Rüdiger,Chelsea,DEF,116,2871,1,2,12,35,9,609,566.8,143.6,273.0,98.5,,,59,2.9,
2018-19,119,Andreas,Christensen,Christensen,Chelsea,DEF,22,615,0,0,3,7,0,133,120.6,8.4,6.0,13.6,,,50,0.4,
2018-19,120,Davide,Zappacosta,Zappacosta,Chelsea,DEF,9,125,0,0,1,0,0,30,17.4,14.7,29.0,6.1,,,50,0.1,
2018-19,121,Emerson,Palmieri dos Santos,Emerson,Chelsea,DEF,22,660,0,0,2,11,1,130,104.6,113.8,81.0,30.0,,,52,0.2,
2018-19,122,Eden,Hazard,Hazard,Chelsea,MID,238,2918,16,15,12,35,35,879,1306.2,1471.2,1546.0,432.7,,,110,27.2,
2018-19,123,Cesc,Fàbregas,Fàbregas,Chelsea,MID,6,175,0,0,0,2,0,36,37.0,58.5,14.0,10.9,,,62,0.3,
2018-19,124,Willian,Borges Da Silva,Willian,Chelsea,MID,108,2091,3,7,11,25,6,475,557.6,1165.5,742.0,246.7,,,71,3.8,
2018-19,125,Pedro,Rodríguez Ledesma,Pedro,Chelsea,MID,112,1768,8,2,7,19,12,440,530.2,503.5,733.0,176.5,,,62,3.3,
2018-19,126,N'Golo,Kanté,Kanté,Chelsea,MID,116,3092,4,4,14,38,3,563,683.6,766.3,412.0,186.4,,,49,15.8,
2018-19,127,Ross,Barkley,Barkley,Chelsea,MID,79,1231,3,5,7,13,5,300,324.0,349.0,429.0,110.0,,,50,1.3,
2018-19,128,Daniel,Drinkwater,Drinkwater,Chelsea,MID,0,0,0,0,0,0,0,0,0.0,0.0,0.0,0.0,,,46,0.1,
2018-19,129,Tiemoué,Bakayoko,Bakayoko,Chelsea,MID,0,0,0,0,0,0,0,0,0.0,0.0,0.0,0.0,,,49,0.1,
2018-19,130,Ethan,Ampadu,Ampadu,Chelsea,MID,0,0,0,0,0,0,0,0,0.0,0.0,0.0,0.0,,,44,0.0,
2018-19,131,Callum,Hudson-Odoi,Hudson-Odoi,Chelsea,MID,18,388,0,1,2,5,1,83,89.2,143.2,133.0,36.2,,,42,2.2,
2018-19,132,Ruben,Loftus-Cheek,Loftus-Cheek,Chelsea,MID,79,980,6,2,5,9,6,292,391.6,254.9,346.0,99.4,,,52,0.8,
2018-19,133,Olivier,Giroud,Giroud,Chelsea,FWD,55,828,2,4,6,5,2,169,183.2,253.6,519.0,94.5,,,77,1.9,
2018-19,134,Álvaro,Morata,Morata,Chelsea,FWD,46,936,5,0,6,11,3,119,219.8,130.2,523.0,86.3,,,84,1.3,
2018-19,459,Jorge Luiz,Frello Filho,Jorginho,Chelsea,MID,96,3156,2,0,16,37,4,577,691.4,628.4,122.0,144.2,,,46,5.8,
2018-19,496,Tammy,Abraham,Abraham,Chelsea,FWD,0,0,0,0,0,0,0,0,0.0,0.0,0.0,0.0,,,54,0.1,
2018-19,498,Kepa,Arrizabalaga,Kepa,Chelsea,GKP,142,3240,0,0,14,39,7,685,681.0,0.1,0.0,68.0,,,54,4.9,
2018-19,499,Mateo,Kovacic,Kovacic,Chelsea,MID,64,1725,0,2,9,19,2,343,315.4,468.8,311.0,109.9,,,57,0.7,
2018-19,579,Gonzalo,Higuaín,Higuaín,Chelsea,FWD,53,1084,5,0,5,15,6,178,240.4,241.7,644.0,112.0,,,90,1.5,
2018-19,624,Addji Keaninkin Marc-Israel,Guehi,Guehi,Chelsea,DEF,0,0,0,0,0,0,0,0,0.0,0.0,0.0,0.0,,,40,0.0,
2018-19,135,Wayne,Hennessey,Hennessey,Crystal Palace,GKP,67,1575,0,0,5,26,6,311,358.8,0.0,0.0,35.9,,,44,2.4,
2018-19,136,Julian,Speroni,Speroni,Crystal Palace,GKP,1,90,0,0,0,4,0,16,31.4,0.0,0.0,3.1,,,39,10.1,
2018-19,137,Vicente,Guaita,Guaita,Crystal Palace,GKP,81,1754,0,0,7,23,8,378,448.0,0.0,0.0,44.8,,,43,2.4,
2018-19,138,James,Tomkins,Tomkins,Crystal Palace,DEF,86,2561,1,1,10,37,0,504,560.8,83.0,276.0,92.3,,,43,2.3,
2018-19,139,Scott,Dann,Dann,Crystal Palace,DEF,23,661,0,1,2,10,0,129,186.2,22.5,71.0,28.1,,,44,0.1,
2018-19,140,Martin,Kelly,Kelly,Crystal Palace,DEF,26,1110,0,0,3,21,1,166,269.8,17.1,34.0,32.2,,,39,5.0,
2018-19,141,Jeffrey,Schlupp,Schlupp,Crystal Palace,DEF,91,1660,4,3,4,26,3,301,385.2,240.5,430.0,105.7,,,43,2.5,
2018-19,142,Patrick,van Aanholt,van Aanholt,Crystal Palace,DEF,140,3196,3,2,12,46,17,626,616.0,520.4,448.0,158.7,,,55,5.7,
2018-19,143,Mamadou,Sakho,Sakho,Crystal Palace,DEF,88,2416,0,0,9,35,13,533,540.6,78.2,47.0,66.6,,,49,1.2,
2018-19,144,Jairo,Riedewald,Riedewald,Crystal Palace,DEF,0,0,0,0,0,0,0,0,0.0,0.0,0.0,0.0,,,43,0.0,
2018-19,145,Aaron,Wan-Bissaka,Wan-Bissaka,Crystal Palace,DEF,120,3134,0,3,12,47,18,672,863.4,266.8,139.0,127.1,,,46,26.3,
2018-19,147,James,McArthur,McArthur,Crystal Palace,MID,121,3057,3,7,11,49,7,500,666.8,457.2,487.0,161.3,,,49,3.4,
2018-19,148,Bakary,Sako,Sako,Crystal Palace,MID,4,26,0,0,0,2,0,10,3.0,0.5,0.0,0.3,,,49,0.0,
2018-19,149,Andros,Townsend,Townsend,Crystal Palace,MID,135,3007,6,5,11,46,8,520,743.0,928.5,622.0,229.6,,,56,3.5,
2018-19,150,Luka,Milivojevic,Milivojevic,Crystal Palace,MID,166,3420,12,2,12,53,24,741,1078.2,910.1,473.0,246.3,,,65,10.6,
2018-19,151,Wilfried,Zaha,Zaha,Crystal Palace,FWD,143,3037,10,11,11,49,13,459,752.8,753.3,1200.0,270.6,,,70,15.6,
2018-19,152,Christian,Benteke,Benteke,Crystal Palace,FWD,33,807,1,1,3,13,3,65,106.0,118.4,348.0,56.1,,,63,0.5,
2018-19,153,Alexander,Sørloth,Sørloth,Crystal Palace,FWD,12,173,0,0,0,3,0,32,19.2,38.3,59.0,11.3,,,48,0.1,
2018-19,412,Cheikhou,Kouyaté,Kouyaté,Crystal Palace,MID,67,1889,0,3,9,30,0,251,337.4,198.5,222.0,75.6,,,47,0.2,
2018-19,441,Joel,Ward,Ward,Crystal Palace,DEF,13,551,1,0,0,14,0,68,131.8,28.9,43.0,20.5,,,43,0.2,
2018-19,442,Jaroslaw,Jach,Jach,Crystal Palace,DEF,0,0,0,0,0,0,0,0,0.0,0.0,0.0,0.0,,,40,0.0,
2018-19,443,Pape,Souaré,Souaré,Crystal Palace,DEF,1,1,0,0,0,0,0,3,1.0,0.1,0.0,0.1,,,42,0.1,
2018-19,444,Connor,Wickham,Wickham,Crystal Palace,FWD,9,61,0,1,0,1,0,23,23.2,41.9,55.0,12.0,,,49,0.1,
2018-19,477,Sullay,Kaikai,Kaikai,Crystal Palace,MID,0,0,0,0,0,0,0,0,0.0,0.0,0.0,0.0,,,43,0.1,
2018-19,486,Max,Meyer,Meyer,Crystal Palace,MID,60,1405,1,3,6,24,0,223,236.0,309.9,433.0,98.0,,,55,0.2,
2018-19,505,Jordan,Ayew,Ayew,Crystal Palace,FWD,46,1176,1,3,5,13,2,114,140.2,207.3,421.0,76.7,,,57,0.2,
2018-19,576,Joe,Tupper,Tupper,Crystal Palace,GKP,0,0,0,0,0,0,0,0,0.0,0.0,0.0,0.0,,,40,0.0,
2018-19,584,Lucas,Perri,Perri,Crystal Palace,GKP,0,0,0,0,0,0,0,0,0.0,0.0,0.0,0.0,,,40,0.0,
2018-19,592,Michy,Batshuayi,Batshuayi,Crystal Palace,FWD,48,748,5,1,3,11,5,159,198.6,41.4,406.0,64.2,,,62,0.8,
2018-19,609,Sam,Woods,Woods,Crystal Palace,DEF,0,0,0,0,0,0,0,0,0.0,0.0,0.0,0.0,,,40,0.0,
2018-19,618,Luke,Dreher,Dreher,Crystal Palace,MID,1,1,0,0,0,0,0,3,0.2,0.6,0.0,0.1,,,45,0.0,
2018-19,619,Nikola,Tavares,Tavares,Crystal Palace,DEF,0,0,0,0,0,0,0,0,0.0,0.0,0.0,0.0,,,40,0.0,
2018-19,154,Jordan,Pickford,Pickford,Everton,GKP,161,3420,0,0,14,46,13,706,776.4,10.0,0.0,78.5,,,49,13.3,
2018-19,155,Maarten,Stekelenburg,Stekelenburg,Everton,GKP,0,0,0,0,0,0,0,0,0.0,0.0,0.0,0.0,,,39,3.4,
2018-19,156,Leighton,Baines,Baines,Everton,DEF,7,374,0,0,0,6,0,48,48.4,91.4,15.0,15.4,,,50,0.5,
2018-19,157,Seamus,Coleman,Coleman,Everton,DEF,125,2558,2,2,13,30,12,548,515.2,387.3,274.0,117.6,,,52,1.6,
2018-19,158,Phil,Jagielka,Jagielka,Everton,DEF,22,329,1,0,2,4,3,80,82.2,21.4,43.0,14.6,,,43,0.6,
2018-19,159,Ashley,Williams,Williams,Everton,DEF,0,0,0,0,0,0,0,0,0.0,0.0,0.0,0.0,,,45,0.0,
2018-19,160,Mason,Holgate,Holgate,Everton,DEF,5,407,0,0,0,9,0,61,92.2,5.0,2.0,9.9,,,43,0.1,
2018-19,161,Jonjoe,Kenny,Kenny,Everton,DEF,19,789,0,1,1,15,0,134,166.2,102.7,12.0,28.0,,,41,0.2,
2018-19,162,Michael,Keane,Keane,Everton,DEF,129,2970,1,2,13,39,15,642,740.2,101.2,326.0,117.2,,,48,4.3,
2018-19,163,Cuco,Martina,Martina,Everton,DEF,0,0,0,0,0,0,0,0,0.0,0.0,0.0,0.0,,,45,0.0,
2018-19,164,Theo,Walcott,Walcott,Everton,MID,101,2108,5,3,6,33,4,292,420.0,342.9,699.0,145.7,,,59,2.5,
2018-19,165,Yannick,Bolasie,Bolasie,Everton,MID,0,0,0,0,0,0,0,0,0.0,0.0,0.0,0.0,,,58,0.1,
2018-19,166,James,McCarthy,McCarthy,Everton,MID,1,14,0,0,0,0,0,3,5.2,0.1,0.0,0.5,,,44,0.0,
2018-19,167,Morgan,Schneiderlin,Schneiderlin,Everton,MID,28,832,0,1,5,9,0,152,151.6,124.7,17.0,29.4,,,42,1.8,
2018-19,168,Idrissa,Gueye,Gueye,Everton,MID,78,2821,0,2,13,31,0,472,629.2,311.3,168.0,111.1,,,47,0.3,
2018-19,169,Tom,Davies,Davies,Everton,MID,26,975,0,0,2,19,0,127,122.6,96.2,103.0,32.1,,,50,0.1,
2018-19,170,Ademola,Lookman,Lookman,Everton,MID,34,600,0,3,1,8,0,110,131.4,172.1,211.0,51.6,,,49,0.1,
2018-19,171,Davy,Klaassen,Klaassen,Everton,MID,0,0,0,0,0,0,0,0,0.0,0.0,0.0,0.0,,,60,0.0,
2018-19,172,Gylfi,Sigurdsson,Sigurdsson,Everton,MID,182,3122,13,6,15,41,20,662,959.8,1098.5,1084.0,314.2,,,74,8.3,
2018-19,173,Nikola,Vlasic,Vlasic,Everton,MID,0,0,0,0,0,0,0,0,0.0,0.0,0.0,0.0,,,50,0.0,
2018-19,174,Beni,Baningime,Baningime,Everton,MID,0,0,0,0,0,0,0,0,0.0,0.0,0.0,0.0,,,43,0.0,
2018-19,175,Dominic,Calvert-Lewin,Calvert-Lewin,Everton,FWD,92,1769,6,5,8,26,3,267,321.8,185.7,618.0,111.5,,,54,1.9,
2018-19,177,Cenk,Tosun,Tosun,Everton,FWD,56,1044,3,3,1,17,3,166,212.6,172.2,546.0,92.8,,,64,1.5,
2018-19,393,Richarlison,de Andrade,Richarlison,Everton,MID,153,2662,13,3,11,36,12,400,698.4,350.7,1209.0,224.5,,,64,13.3,
2018-19,469,Kevin,Mirallas,Mirallas,Everton,MID,0,0,0,0,0,0,0,0,0.0,0.0,0.0,0.0,,,55,0.0,
2018-19,470,Sandro,Ramírez,Sandro,Everton,FWD,0,0,0,0,0,0,0,0,0.0,0.0,0.0,0.0,,,54,0.1,
2018-19,484,Lucas,Digne,Digne,Everton,DEF,158,2964,4,5,13,38,22,736,883.0,1142.0,300.0,232.7,,,54,10.2,
2018-19,506,Yerry,Mina,Mina,Everton,DEF,36,891,1,0,3,13,2,176,198.2,37.5,61.0,29.6,,,54,0.5,
2018-19,507,Bernard,Anício Caldeira Duarte,Bernard,Everton,MID,88,2108,1,4,13,19,5,319,366.0,589.6,377.0,133.3,,,59,0.3,
2018-19,508,André Filipe,Tavares Gomes,André Gomes,Everton,MID,64,1977,1,2,9,28,2,268,268.4,154.6,207.0,63.1,,,54,0.2,
2018-19,526,Kurt,Zouma,Zouma,Everton,DEF,112,2613,2,2,10,39,12,543,565.2,83.7,235.0,88.8,,,50,1.0,
2018-19,528,Kieran,Dowell,Dowell,Everton,MID,0,0,0,0,0,0,0,0,0.0,0.0,0.0,0.0,,,45,0.0,
2018-19,532,Tyias,Browning,Browning,Everton,DEF,0,0,0,0,0,0,0,0,0.0,0.0,0.0,0.0,,,40,0.1,
2018-19,9,Calum,Chambers,Chambers,Fulham,DEF,60,2586,2,0,5,52,0,431,609.0,231.9,401.0,124.5,,,42,1.1,
2018-19,178,Marcus,Bettinelli,Bettinelli,Fulham,GKP,15,630,0,0,0,20,0,114,195.0,0.0,0.0,19.4,,,42,0.3,
2018-19,180,Tim,Ream,Ream,Fulham,DEF,50,2046,0,0,5,49,4,349,331.6,46.3,3.0,38.3,,,42,0.3,
2018-19,181,Denis,Odoi,Odoi,Fulham,DEF,44,2593,0,1,3,62,2,427,575.2,164.2,93.0,83.5,,,44,0.1,
2018-19,182,Tom,Cairney,Cairney,Fulham,MID,71,2188,1,1,5,51,3,389,358.0,586.7,199.0,114.5,,,46,0.5,
2018-19,183,Kevin,McDonald,McDonald,Fulham,MID,17,837,0,0,0,27,0,123,99.6,71.9,15.0,18.7,,,42,0.2,
2018-19,184,Ryan,Sessegnon,Sessegnon,Fulham,MID,94,2291,2,7,3,60,3,295,410.4,468.3,438.0,132.0,,,60,1.9,
2018-19,185,Stefan,Johansen,Johansen,Fulham,MID,11,409,0,0,0,12,0,48,48.8,33.0,7.0,9.0,,,50,0.0,
2018-19,186,Floyd,Ayité,Ayité,Fulham,MID,24,466,1,0,0,13,0,91,90.0,117.5,74.0,28.0,,,42,0.1,
2018-19,187,Neeskens,Kebano,Kebano,Fulham,MID,7,101,0,0,0,3,0,24,17.6,8.3,8.0,3.4,,,43,0.0,
2018-19,188,Rui Pedro,da Rocha Fonte,Fonte,Fulham,MID,0,0,0,0,0,0,0,0,0.0,0.0,0.0,0.0,,,44,0.1,
2018-19,189,Aboubakar,Kamara,Kamara,Fulham,FWD,28,688,3,0,1,17,2,82,150.0,149.5,244.0,53.1,,,45,5.1,
2018-19,455,Maxime,Le Marchand,Le Marchand,Fulham,DEF,38,2250,0,1,3,53,1,409,577.8,131.7,99.0,81.2,,,42,0.2,
2018-19,456,Jean Michael,Seri,Seri,Fulham,MID,72,2239,1,3,3,54,6,422,460.2,849.4,164.0,147.5,,,49,1.3,
2018-19,460,Cyrus,Christie,Christie,Fulham,DEF,42,1941,0,1,3,42,2,278,423.2,293.1,107.0,82.2,,,42,0.2,
2018-19,474,Fabricio,Agosto Ramírez,Fabri,Fulham,GKP,8,180,0,0,0,5,2,47,115.2,0.0,0.0,11.5,,,42,0.2,
2018-19,478,André,Schürrle,Schürrle,Fulham,MID,75,1638,6,0,2,43,2,260,361.8,310.6,474.0,114.0,,,55,2.1,
2018-19,480,Aleksandar,Mitrovic,Mitrovic,Fulham,FWD,134,3280,11,4,5,78,12,350,638.8,499.5,1593.0,273.4,,,63,10.8,
2018-19,487,Alfie,Mawson,Mawson,Fulham,DEF,19,1130,0,0,1,26,2,174,259.2,23.2,31.0,31.3,,,47,0.1,
2018-19,509,Sergio,Rico,Rico,Fulham,GKP,86,2610,0,0,5,56,8,519,851.4,20.3,0.0,87.1,,,44,0.7,
2018-19,510,Joe,Bryan,Bryan,Fulham,DEF,52,2344,0,1,5,54,4,397,469.2,385.4,226.0,108.1,,,48,0.2,
2018-19,511,Timothy,Fosu-Mensah,Fosu-Mensah,Fulham,DEF,14,791,0,0,1,18,1,119,136.4,100.3,28.0,26.4,,,45,0.3,
2018-19,512,André-Frank,Zambo Anguissa,Zambo Anguissa,Fulham,MID,37,1512,0,0,3,33,0,235,315.8,137.0,163.0,61.4,,,44,0.1,
2018-19,513,Luciano,Vietto,Vietto,Fulham,FWD,47,980,1,4,1,21,4,171,206.2,306.8,346.0,85.6,,,53,0.4,
2018-19,521,Ibrahima,Cissé,Cissé,Fulham,MID,4,86,0,0,0,4,0,16,11.6,2.1,0.0,1.4,,,43,0.1,
2018-19,541,Zeze Steven,Sessegnon,Steven Sessegnon,Fulham,DEF,0,0,0,0,0,0,0,0,0.0,0.0,0.0,0.0,,,40,0.1,
2018-19,575,Ryan,Babel,Babel,Fulham,MID,75,1250,5,4,3,26,8,246,322.0,336.8,355.0,101.5,,,56,1.7,
2018-19,593,Håvard,Nordtveit,Nordtveit,Fulham,DEF,8,361,0,1,0,10,0,70,93.0,31.4,0.0,12.4,,,45,0.0,
2018-19,594,Lazar,Markovic,Markovic,Fulham,MID,1,45,0,0,0,1,0,3,6.2,13.0,4.0,2.3,,,47,0.0,
2018-19,610,Harvey,Elliott,Elliott,Fulham,MID,2,18,0,0,0,1,0,7,3.8,1.7,17.0,2.2,,,40,0.6,
2018-19,621,Luca,De La Torre,De La Torre,Fulham,MID,0,0,0,0,0,0,0,0,0.0,0.0,0.0,0.0,,,45,0.0,
2018-19,146,Jason,Puncheon,Puncheon,Huddersfield,MID,15,392,0,0,1,9,0,50,43.6,79.9,39.0,16.3,,,41,1.0,
2018-19,190,Ben,Hamer,Hamer,Huddersfield,GKP,9,552,0,0,0,21,0,98,158.0,0.0,0.0,15.7,,,39,5.3,
2018-19,191,Jonas,Lössl,Lössl,Huddersfield,GKP,99,2777,0,1,5,54,9,541,764.2,40.3,4.0,80.7,,,44,1.5,
2018-19,192,Christopher,Schindler,Schindler,Huddersfield,DEF,76,3260,1,1,5,72,7,517,679.4,35.8,169.0,88.7,,,42,2.0,
2018-19,193,Chris,Löwe,Löwe,Huddersfield,DEF,49,2052,0,4,1,55,6,313,325.8,379.9,183.0,88.8,,,44,0.1,
2018-19,194,Tommy,Smith,Smith,Huddersfield,DEF,9,1141,0,0,1,37,0,141,161.4,116.2,36.0,31.5,,,44,0.1,
2018-19,195,Mathias,Jorgensen,Zanka,Huddersfield,DEF,67,2147,3,1,3,38,4,402,544.2,103.7,169.0,81.9,,,44,2.3,
2018-19,196,Scott,Malone,Malone,Huddersfield,DEF,0,0,0,0,0,0,0,0,0.0,0.0,0.0,0.0,,,40,1.1,
2018-19,197,Florent,Hadergjonaj,Hadergjonaj,Huddersfield,DEF,50,1837,0,0,4,36,1,307,286.8,395.7,80.0,76.2,,,43,0.1,
2018-19,198,Terence,Kongolo,Kongolo,Huddersfield,DEF,60,2716,1,1,4,65,4,429,581.0,138.5,160.0,88.1,,,43,0.2,
2018-19,199,Aaron,Mooy,Mooy,Huddersfield,MID,76,2326,3,1,3,48,5,411,510.8,725.2,359.0,159.7,,,50,1.0,
2018-19,200,Rajiv,van La Parra,van La Parra,Huddersfield,MID,10,405,0,0,1,6,0,13,27.8,57.6,41.0,12.6,,,46,0.0,
2018-19,201,Jonathan,Hogg,Hogg,Huddersfield,MID,54,2369,0,1,5,44,3,326,390.4,271.1,70.0,72.5,,,44,0.2,
2018-19,202,Philip,Billing,Billing,Huddersfield,MID,63,2187,2,0,5,43,4,317,494.6,341.0,375.0,121.3,,,45,1.0,
2018-19,203,Tom,Ince,Ince,Huddersfield,MID,0,0,0,0,0,0,0,0,0.0,0.0,0.0,0.0,,,50,0.0,
2018-19,204,Danny,Williams,Williams,Huddersfield,MID,6,94,0,0,1,1,0,12,8.6,11.4,1.0,2.0,,,45,0.0,
2018-19,205,Abdelhamid,Sabiri,Sabiri,Huddersfield,MID,2,48,0,0,0,3,0,6,4.2,0.5,2.0,0.7,,,43,0.0,
2018-19,206,Alex,Pritchard,Pritchard,Huddersfield,MID,69,2079,2,0,7,40,2,251,297.4,497.9,546.0,134.0,,,48,0.1,
2018-19,207,Ramadan,Sobhi,Sobhi,Huddersfield,MID,4,75,0,0,0,2,0,13,15.4,48.2,6.0,6.9,,,47,0.1,
2018-19,208,Juninho,Bacuna,Bacuna,Huddersfield,MID,39,1410,1,0,0,37,1,179,246.4,278.8,131.0,65.9,,,42,0.4,
2018-19,209,Collin,Quaner,Quaner,Huddersfield,FWD,2,37,0,0,0,2,0,3,2.2,13.7,0.0,1.6,,,43,3.5,
2018-19,210,Laurent,Depoitre,Depoitre,Huddersfield,FWD,34,1058,0,1,0,23,0,40,51.6,124.3,381.0,54.8,,,51,0.3,
2018-19,211,Steve,Mounie,Mounie,Huddersfield,FWD,69,1767,2,4,5,38,4,153,226.4,251.7,788.0,123.9,,,58,0.2,
2018-19,212,Elias,Kachunga,Kachunga,Huddersfield,FWD,29,1175,0,0,1,30,0,41,83.6,109.0,180.0,36.7,,,48,0.1,
2018-19,461,Erik,Durm,Durm,Huddersfield,DEF,49,2049,0,1,3,45,2,297,281.8,209.2,114.0,60.7,,,44,0.1,
2018-19,471,Adama,Diakhaby,Diakhaby,Huddersfield,MID,19,548,0,1,1,16,0,38,40.0,80.6,115.0,23.4,,,45,0.0,
2018-19,514,Isaac,Mbenza,Mbenza,Huddersfield,MID,38,977,1,1,0,25,0,127,110.4,118.5,174.0,40.0,,,59,0.0,
2018-19,522,Jon Gorenc,Stankovic,Stankovic,Huddersfield,DEF,24,715,1,0,2,20,2,127,166.6,28.2,101.0,29.5,,,39,2.9,
2018-19,533,Ryan,Schofield,Schofield,Huddersfield,GKP,0,0,0,0,0,0,0,0,0.0,0.0,0.0,0.0,,,40,0.1,
2018-19,585,Karlan,Grant,Grant,Huddersfield,FWD,45,873,3,2,1,23,5,123,141.8,109.6,308.0,55.9,,,50,0.2,
2018-19,598,Joel,Coleman,Coleman,Huddersfield,GKP,2,90,0,0,0,1,0,13,14.8,0.0,0.0,1.5,,,40,0.0,
2018-19,601,Demeaco,Duhaney,Duhaney,Huddersfield,DEF,1,45,0,0,0,0,0,1,3.8,1.6,0.0,0.5,,,40,0.0,
2018-19,606,Matthew,Daly,Daly,Huddersfield,MID,2,73,0,0,0,1,0,5,0.6,1.0,2.0,0.4,,,45,0.0,
2018-19,607,Aaron,Rowe,Rowe,Huddersfield,MID,2,68,0,0,0,1,0,-2,0.0,1.2,0.0,0.0,,,45,0.0,
2018-19,213,Kasper,Schmeichel,Schmeichel,Leicester,GKP,120,3420,0,0,10,48,6,618,756.8,10.0,4.0,76.9,,,50,4.7,
2018-19,214,Eldin,Jakupovic,Jakupovic,Leicester,GKP,0,0,0,0,0,0,0,0,0.0,0.0,0.0,0.0,,,43,0.1,
2018-19,215,Wes,Morgan,Morgan,Leicester,DEF,76,1924,3,0,6,28,7,365,471.0,40.1,293.0,80.5,,,45,1.6,
2018-19,216,Christian,Fuchs,Fuchs,Leicester,DEF,3,206,0,0,0,5,0,38,50.4,85.6,14.0,14.9,,,41,0.4,
2018-19,217,Danny,Simpson,Simpson,Leicester,DEF,12,289,0,0,1,4,0,50,74.6,13.2,2.0,9.0,,,42,0.2,
2018-19,218,Yohan,Benalouane,Benalouane,Leicester,DEF,0,0,0,0,0,0,0,0,0.0,0.0,0.0,0.0,,,39,0.7,
2018-19,219,Benjamin,Chilwell,Chilwell,Leicester,DEF,118,3240,0,5,10,43,8,578,721.0,674.6,298.0,170.0,,,50,2.8,
2018-19,220,Harry,Maguire,Maguire,Leicester,DEF,92,2596,3,1,6,41,10,533,715.8,165.3,462.0,134.3,,,54,8.3,
2018-19,221,Ricardo Domingos,Barbosa Pereira,Pereira,Leicester,DEF,146,3123,2,8,10,45,22,693,889.0,517.6,430.0,183.7,,,53,10.6,
2018-19,222,Jonny,Evans,Evans,Leicester,DEF,77,1993,1,0,8,26,3,418,460.0,66.1,158.0,68.5,,,48,0.4,
2018-19,224,Marc,Albrighton,Albrighton,Leicester,MID,63,1617,2,2,5,17,4,279,371.2,446.8,242.0,106.1,,,51,0.3,
2018-19,225,Demarai,Gray,Gray,Leicester,MID,84,1978,4,1,6,29,3,244,320.2,310.2,599.0,122.5,,,54,0.9,
2018-19,226,Daniel,Amartey,Amartey,Leicester,MID,15,639,0,0,1,9,0,103,139.0,46.7,21.0,20.8,,,43,0.2,
2018-19,227,Wilfred,Ndidi,Ndidi,Leicester,MID,89,3295,2,0,9,47,4,571,726.0,342.4,346.0,141.6,,,49,0.8,
2018-19,228,Vicente,Iborra,Iborra,Leicester,MID,9,224,0,0,0,4,0,31,26.8,27.8,25.0,8.0,,,47,0.0,
2018-19,229,Matty,James,James,Leicester,MID,0,0,0,0,0,0,0,0,0.0,0.0,0.0,0.0,,,44,0.0,
2018-19,230,Hamza,Choudhury,Choudhury,Leicester,MID,20,593,0,0,4,4,0,80,119.6,73.7,51.0,24.6,,,43,0.1,
2018-19,231,Adrien Sebastian,Perruchet Silva,Silva,Leicester,MID,3,87,0,0,0,1,0,16,14.2,6.3,0.0,2.1,,,47,0.1,
2018-19,232,Fousseni,Diabaté,Diabaté,Leicester,MID,1,54,0,0,0,1,0,4,7.4,15.8,0.0,2.3,,,46,0.0,
2018-19,233,James,Maddison,Maddison,Leicester,MID,137,2831,7,7,8,44,12,619,801.4,1515.0,769.0,308.4,,,66,5.2,
2018-19,234,Jamie,Vardy,Vardy,Leicester,FWD,174,2726,18,5,11,36,31,598,822.0,419.9,1206.0,244.6,,,90,10.3,
2018-19,235,Shinji,Okazaki,Okazaki,Leicester,FWD,25,269,0,1,0,4,0,59,45.6,28.6,90.0,16.3,,,51,0.5,
2018-19,236,Kelechi,Iheanacho,Iheanacho,Leicester,FWD,58,924,1,5,1,16,3,160,135.8,209.4,230.0,56.9,,,57,0.8,
2018-19,457,Danny,Ward,Ward,Leicester,GKP,0,0,0,0,0,0,0,0,0.0,0.0,0.0,0.0,,,43,0.1,
2018-19,492,Rachid,Ghezzal,Ghezzal,Leicester,MID,28,733,1,0,1,13,2,112,147.8,307.0,228.0,68.3,,,50,0.1,
2018-19,501,Filip,Benkovic,Benkovic,Leicester,DEF,0,0,0,0,0,0,0,0,0.0,0.0,0.0,0.0,,,50,0.0,
2018-19,515,Çaglar,Söyüncü,Söyüncü,Leicester,DEF,9,371,0,0,0,4,0,48,76.6,6.8,22.0,10.6,,,48,0.0,
2018-19,527,Nampalys,Mendy,Mendy,Leicester,MID,58,2085,0,1,7,29,0,291,235.8,135.5,23.0,39.5,,,43,0.9,
2018-19,558,Josh,Knight,Knight,Leicester,DEF,0,0,0,0,0,0,0,0,0.0,0.0,0.0,0.0,,,40,0.0,
2018-19,571,Harvey,Barnes,Barnes,Leicester,MID,43,1001,1,3,1,16,1,139,172.8,242.0,534.0,94.8,,,55,0.2,
2018-19,591,Youri,Tielemans,Tielemans,Leicester,MID,63,1087,3,5,3,14,6,267,299.0,269.7,249.0,81.8,,,60,1.7,
2018-19,237,Simon,Mignolet,Mignolet,Liverpool,GKP,0,0,0,0,0,0,0,0,0.0,0.0,0.0,0.0,,,47,0.1,
2018-19,238,Loris,Karius,Karius,Liverpool,GKP,0,0,0,0,0,0,0,0,0.0,0.0,0.0,0.0,,,49,0.1,
2018-19,239,Dejan,Lovren,Lovren,Liverpool,DEF,63,986,1,1,6,7,9,258,255.8,29.1,72.0,35.7,,,49,1.5,
2018-19,240,Alberto,Moreno,Moreno,Liverpool,DEF,4,154,0,0,0,2,0,24,20.0,42.0,5.0,6.7,,,41,0.2,
2018-19,242,Joseph,Gomez,Gomez,Liverpool,DEF,55,1059,0,0,7,4,2,268,209.8,92.1,44.0,34.7,,,48,1.0,
2018-19,243,Joel,Matip,Matip,Liverpool,DEF,83,1535,1,0,9,12,7,402,414.6,57.9,85.0,55.9,,,49,1.1,
2018-19,244,Ragnar,Klavan,Klavan,Liverpool,DEF,0,0,0,0,0,0,0,0,0.0,0.0,0.0,0.0,,,44,0.0,
2018-19,245,Trent,Alexander-Arnold,Alexander-Arnold,Liverpool,DEF,185,2460,1,13,16,14,25,753,734.4,837.4,276.0,184.7,,,58,26.9,
2018-19,246,Virgil,van Dijk,van Dijk,Liverpool,DEF,208,3384,4,4,20,22,22,932,993.6,111.1,455.0,156.1,,,67,32.3,
2018-19,247,Andrew,Robertson,Robertson,Liverpool,DEF,213,3216,0,12,21,20,29,906,748.8,767.2,318.0,183.6,,,67,33.0,
2018-19,248,Alex,Oxlade-Chamberlain,Chamberlain,Liverpool,MID,2,19,0,0,0,0,0,7,10.2,10.8,19.0,4.0,,,64,0.1,
2018-19,249,Jordan,Henderson,Henderson,Liverpool,MID,76,1976,1,3,12,14,2,397,358.8,311.7,182.0,85.4,,,53,0.7,
2018-19,250,Adam,Lallana,Lallana,Liverpool,MID,23,460,0,1,3,3,0,96,85.4,139.0,113.0,33.8,,,69,0.6,
2018-19,251,Sadio,Mané,Mané,Liverpool,MID,231,3076,22,3,19,21,24,703,1015.8,692.8,1332.0,304.0,,,103,38.6,
2018-19,252,Georginio,Wijnaldum,Wijnaldum,Liverpool,MID,108,2723,3,1,18,16,9,470,437.6,405.2,338.0,118.4,,,55,1.4,
2018-19,253,Mohamed,Salah,Salah,Liverpool,MID,259,3254,22,12,21,20,18,687,1186.8,973.9,2168.0,432.7,,,132,33.9,
2018-19,254,James,Milner,Milner,Liverpool,MID,101,1778,5,5,9,13,12,448,587.2,725.2,374.0,169.2,,,56,2.5,
2018-19,255,Fabio Henrique,Tavares,Fabinho,Liverpool,MID,65,2011,1,2,11,14,0,305,406.2,283.4,173.0,86.4,,,55,0.6,
2018-19,256,Naby,Keita,Keita,Liverpool,MID,67,1385,2,1,10,8,3,246,293.6,213.1,356.0,86.3,,,71,1.5,
2018-19,257,Roberto,Firmino,Firmino,Liverpool,FWD,160,2606,12,8,19,15,24,647,774.8,670.1,1240.0,267.8,,,93,14.2,
2018-19,462,Xherdan,Shaqiri,Shaqiri,Liverpool,MID,88,1052,6,5,7,6,4,302,363.6,344.7,282.0,99.1,,,68,2.1,
2018-19,468,Alisson,Ramses Becker,Alisson,Liverpool,GKP,176,3420,0,0,21,22,9,771,677.0,0.1,0.0,67.6,,,59,23.4,
2018-19,472,Daniel,Sturridge,Sturridge,Liverpool,FWD,34,498,2,1,2,5,2,121,117.6,117.6,186.0,41.7,,,56,1.0,
2018-19,543,Divock,Origi,Origi,Liverpool,FWD,32,364,3,1,3,2,1,122,143.4,45.0,195.0,38.2,,,50,0.3,
2018-19,557,Rafael,Camacho,Camacho,Liverpool,MID,1,1,0,0,0,1,0,3,2.0,0.0,0.0,0.2,,,50,0.0,
2018-19,597,Curtis,Jones,Jones,Liverpool,MID,0,0,0,0,0,0,0,0,0.0,0.0,0.0,0.0,,,45,0.0,
2018-19,223,Riyad,Mahrez,Mahrez,Man City,MID,102,1331,7,4,4,9,14,349,459.4,450.8,731.0,164.1,,,82,1.7,
2018-19,260,Ederson,Santana de Moraes,Ederson,Man City,GKP,169,3420,0,1,20,23,6,700,535.2,33.0,0.0,56.8,,,57,22.9,
2018-19,261,Claudio,Bravo,Bravo,Man City,GKP,0,0,0,0,0,0,0,0,0.0,0.0,0.0,0.0,,,48,0.1,
2018-19,262,John,Stones,Stones,Man City,DEF,83,1761,0,0,9,15,9,431,376.6,115.5,49.0,54.1,,,52,4.6,
2018-19,263,Vincent,Kompany,Kompany,Man City,DEF,58,1220,1,0,6,7,4,294,329.0,44.2,55.0,43.0,,,52,1.7,
2018-19,264,Nicolás,Otamendi,Otamendi,Man City,DEF,70,1233,0,0,9,7,5,335,281.2,53.7,143.0,47.8,,,60,2.6,
2018-19,265,Kyle,Walker,Walker,Man City,DEF,150,2776,1,1,18,17,11,684,498.8,448.4,183.0,113.1,,,64,12.1,
2018-19,266,Danilo Luiz,da Silva,Danilo,Man City,DEF,46,805,1,0,4,7,7,202,165.2,118.0,99.0,38.2,,,48,0.6,
2018-19,267,Benjamin,Mendy,Mendy,Man City,DEF,59,900,0,6,4,6,6,262,250.8,222.7,70.0,54.2,,,61,5.9,
2018-19,268,Aymeric,Laporte,Laporte,Man City,DEF,177,3056,3,3,18,21,16,768,790.0,239.3,278.0,131.2,,,63,16.7,
2018-19,269,Fabian,Delph,Delph,Man City,DEF,29,722,0,1,3,9,2,186,153.8,97.8,24.0,27.5,,,53,0.3,
2018-19,270,Raheem,Sterling,Sterling,Man City,MID,234,2770,17,15,17,19,25,743,1060.0,937.4,1572.0,357.1,,,117,24.8,
2018-19,271,David,Silva,David Silva,Man City,MID,143,2399,6,8,16,14,14,614,715.2,1150.3,1092.0,295.8,,,85,4.4,
2018-19,272,Fernando,Luiz Rosa,Fernandinho,Man City,MID,79,2375,1,3,12,15,4,444,534.6,396.8,208.0,114.2,,,53,2.9,
2018-19,273,Kevin,De Bruyne,De Bruyne,Man City,MID,59,968,2,3,6,3,8,268,301.4,562.3,317.0,117.9,,,96,3.4,
2018-19,274,Ilkay,Gündogan,Gündogan,Man City,MID,113,2129,6,3,13,15,10,528,548.8,819.7,447.0,181.6,,,54,2.3,
2018-19,275,Leroy,Sané,Sané,Man City,MID,156,1857,10,12,9,14,13,520,716.8,645.0,1039.0,240.3,,,93,7.3,
2018-19,276,Bernardo Mota,Veiga de Carvalho e Silva,Bernardo Silva,Man City,MID,154,2849,7,8,15,22,17,649,796.4,1026.3,1069.0,289.6,,,78,13.6,
2018-19,277,Phil,Foden,Foden,Man City,MID,25,328,1,0,2,0,3,93,85.0,133.8,208.0,42.6,,,45,0.2,
2018-19,278,Brahim,Diaz,Diaz,Man City,MID,0,0,0,0,0,0,0,0,0.0,0.0,0.0,0.0,,,47,0.0,
2018-19,279,Oleksandr,Zinchenko,Zinchenko,Man City,MID,44,1151,0,3,9,4,1,230,279.2,278.6,77.0,63.5,,,47,0.2,
2018-19,280,Sergio,Agüero,Agüero,Man City,FWD,201,2457,21,11,17,15,26,740,946.6,523.7,1685.0,315.4,,,120,42.7,
2018-19,281,Gabriel Fernando,de Jesus,Jesus,Man City,FWD,79,1017,7,3,2,11,7,259,395.2,300.5,864.0,156.3,,,99,1.6,
2018-19,529,Arijanet,Muric,Muric,Man City,GKP,0,0,0,0,0,0,0,0,0.0,0.0,0.0,0.0,,,45,0.0,
2018-19,604,Philippe,Sandler,Sandler,Man City,DEF,0,0,0,0,0,0,0,0,0.0,0.0,0.0,0.0,,,40,0.0,
2018-19,282,David,de Gea,de Gea,Man Utd,GKP,120,3420,0,0,7,54,7,636,846.0,0.0,0.0,84.5,,,57,16.2,
2018-19,283,Sergio,Romero,Romero,Man Utd,GKP,0,0,0,0,0,0,0,0,0.0,0.0,0.0,0.0,,,49,0.1,
2018-19,284,Chris,Smalling,Smalling,Man Utd,DEF,56,2127,1,0,4,36,3,335,453.4,31.0,176.0,66.0,,,56,1.4,
2018-19,285,Phil,Jones,Jones,Man Utd,DEF,43,1261,0,1,3,17,3,273,300.8,44.8,42.0,39.0,,,51,0.5,
2018-19,286,Luke,Shaw,Shaw,Man Utd,DEF,91,2591,1,5,6,39,11,489,586.2,505.6,287.0,138.1,,,51,8.1,
2018-19,287,Marcos,Rojo,Rojo,Man Utd,DEF,2,209,0,0,0,5,0,15,42.2,3.1,63.0,10.9,,,49,0.1,
2018-19,288,Antonio,Valencia,Valencia,Man Utd,DEF,17,466,0,0,2,5,1,92,61.4,111.2,6.0,17.9,,,64,0.7,
2018-19,289,Matteo,Darmian,Darmian,Man Utd,DEF,14,443,0,0,1,8,2,83,84.2,34.9,7.0,12.6,,,46,0.2,
2018-19,290,Daley,Blind,Blind,Man Utd,DEF,0,0,0,0,0,0,0,0,0.0,0.0,0.0,0.0,,,50,0.0,
2018-19,291,Eric,Bailly,Bailly,Man Utd,DEF,16,636,0,0,1,13,0,109,125.0,3.4,35.0,16.5,,,50,1.3,
2018-19,292,Victor,Lindelöf,Lindelöf,Man Utd,DEF,85,2600,1,1,6,40,9,527,533.0,75.3,118.0,72.8,,,49,5.2,
2018-19,293,Ashley,Young,Young,Man Utd,DEF,73,2568,2,3,4,44,4,450,554.4,650.5,124.0,133.0,,,57,1.7,
2018-19,294,José Diogo,Dalot Teixeira,Dalot,Man Utd,DEF,27,1009,0,2,1,18,0,171,184.4,259.0,94.0,53.7,,,53,0.2,
2018-19,295,Alexis,Sánchez,Sánchez,Man Utd,MID,47,869,1,5,2,10,1,168,207.6,297.2,307.0,81.1,,,100,1.2,
2018-19,296,Nemanja,Matic,Matic,Man Utd,MID,59,2437,1,0,6,37,2,371,477.6,247.9,183.0,90.9,,,50,0.7,
2018-19,297,Juan,Mata,Mata,Man Utd,MID,70,1284,3,4,5,15,7,274,258.4,464.0,262.0,98.6,,,61,1.2,
2018-19,298,Marouane,Fellaini,Fellaini,Man Utd,MID,26,746,0,2,1,14,0,119,172.2,65.6,145.0,38.1,,,48,0.4,
2018-19,299,Ander,Herrera,Herrera,Man Utd,MID,62,1397,2,3,5,18,6,302,399.2,234.6,257.0,89.2,,,50,0.5,
2018-19,300,Jesse,Lingard,Lingard,Man Utd,MID,78,1657,4,3,3,26,5,270,310.0,306.1,395.0,101.1,,,67,2.6,
2018-19,301,Anthony,Martial,Martial,Man Utd,MID,122,1613,10,4,5,25,13,389,532.8,503.3,755.0,178.9,,,72,3.4,
2018-19,302,Paul,Pogba,Pogba,Man Utd,MID,179,3007,13,10,8,43,19,648,1096.8,822.3,1246.0,316.9,,,86,33.7,
2018-19,303,Scott,McTominay,McTominay,Man Utd,MID,38,862,2,0,1,18,4,152,175.4,33.1,180.0,38.8,,,42,1.2,
2018-19,304,Frederico,Rodrigues de Paula Santos,Fred,Man Utd,MID,40,1039,1,2,1,19,3,180,177.6,203.2,87.0,46.9,,,53,1.2,
2018-19,305,Marcus,Rashford,Rashford,Man Utd,FWD,128,2331,10,7,6,35,14,425,650.0,542.3,1064.0,224.6,,,73,21.9,
2018-19,306,Romelu,Lukaku,Lukaku,Man Utd,FWD,115,2126,12,1,4,38,14,361,550.6,330.2,1052.0,193.5,,,107,3.9,
2018-19,481,Andreas,Pereira,Pereira,Man Utd,MID,27,590,1,1,1,13,2,115,132.8,139.5,67.0,33.8,,,45,0.3,
2018-19,520,Lee,Grant,Grant,Man Utd,GKP,0,0,0,0,0,0,0,0,0.0,0.0,0.0,0.0,,,48,0.0,
2018-19,568,Angel,Gomes,Gomes,Man Utd,MID,2,25,0,0,0,1,0,4,5.2,2.3,18.0,2.6,,,50,0.0,
2018-19,602,James,Garner,Garner,Man Utd,MID,1,1,0,0,0,0,0,3,0.0,0.0,0.0,0.0,,,45,0.0,
2018-19,603,Tahith,Chong,Chong,Man Utd,MID,2,37,0,0,0,1,0,3,6.2,2.1,39.0,4.7,,,45,0.0,
2018-19,608,Mason,Greenwood,Greenwood,Man Utd,FWD,4,115,0,0,0,2,0,12,24.0,43.3,90.0,15.7,,,45,0.2,
2018-19,307,Robert,Elliot,Elliot,Newcastle,GKP,0,0,0,0,0,0,0,0,0.0,0.0,0.0,0.0,,,43,0.1,
2018-19,308,Karl,Darlow,Darlow,Newcastle,GKP,0,0,0,0,0,0,0,0,0.0,0.0,0.0,0.0,,,44,0.1,
2018-19,309,Martin,Dubravka,Dubravka,Newcastle,GKP,131,3420,0,0,11,48,10,647,783.6,0.0,0.0,78.4,,,50,1.0,
2018-19,310,DeAndre,Yedlin,Yedlin,Newcastle,DEF,63,2472,1,2,5,41,1,325,436.4,406.3,113.0,95.8,,,45,0.9,
2018-19,311,Ciaran,Clark,Clark,Newcastle,DEF,42,857,3,0,2,15,4,194,293.2,25.0,105.0,42.6,,,45,0.2,
2018-19,312,Jamaal,Lascelles,Lascelles,Newcastle,DEF,95,2745,0,1,10,36,8,539,632.4,46.8,113.0,79.6,,,47,3.1,
2018-19,313,Paul,Dummett,Dummett,Newcastle,DEF,67,1986,0,0,7,27,3,365,424.2,94.0,58.0,57.6,,,44,0.2,
2018-19,314,Florian,Lejeune,Lejeune,Newcastle,DEF,35,1054,0,0,4,13,0,209,211.6,82.5,59.0,35.3,,,44,0.1,
2018-19,315,Javier,Manquillo,Manquillo,Newcastle,DEF,53,1098,0,3,4,16,5,231,231.0,127.3,28.0,38.8,,,43,0.3,
2018-19,316,Chancel,Mbemba,Mbemba,Newcastle,DEF,0,0,0,0,0,0,0,0,0.0,0.0,0.0,0.0,,,40,0.1,
2018-19,317,Matt,Ritchie,Ritchie,Newcastle,MID,110,2927,2,8,10,40,7,504,712.4,973.8,448.0,213.6,,,58,0.6,
2018-19,318,Jonjo,Shelvey,Shelvey,Newcastle,MID,39,943,1,1,5,13,2,170,226.2,351.7,154.0,73.2,,,53,0.3,
2018-19,319,Mohamed,Diamé,Diamé,Newcastle,MID,56,2162,0,0,7,32,0,213,310.8,82.9,204.0,60.0,,,48,0.1,
2018-19,320,Christian,Atsu,Atsu,Newcastle,MID,55,1481,1,1,6,18,0,175,218.8,273.0,331.0,82.3,,,51,0.1,
2018-19,321,Jacob,Murphy,Murphy,Newcastle,MID,16,296,0,1,1,8,0,50,53.6,31.1,22.0,10.7,,,47,0.0,
2018-19,322,Mikel,Merino,Merino,Newcastle,MID,0,0,0,0,0,0,0,0,0.0,0.0,0.0,0.0,,,50,0.0,
2018-19,323,Isaac,Hayden,Hayden,Newcastle,MID,69,1857,1,4,7,25,5,306,412.0,298.8,232.0,94.4,,,43,1.4,
2018-19,324,Sung-yueng,Ki,Ki Sung-yueng,Newcastle,MID,38,1298,0,1,4,20,1,197,163.2,258.4,45.0,46.7,,,47,0.1,
2018-19,325,Dwight,Gayle,Gayle,Newcastle,FWD,0,0,0,0,0,0,0,0,0.0,0.0,0.0,0.0,,,60,0.1,
2018-19,326,Ayoze,Pérez,Pérez,Newcastle,FWD,141,2916,12,2,11,35,19,541,783.6,585.6,954.0,232.1,,,61,3.4,
2018-19,327,Jose Luis,Mato Sanmartín,Joselu,Newcastle,FWD,30,586,2,0,1,15,3,89,121.4,35.9,290.0,44.6,,,47,2.1,
2018-19,458,Robert Kenedy,Nunes do Nascimento,Kenedy,Newcastle,MID,50,1337,1,1,6,18,1,161,212.8,187.9,297.0,69.8,,,47,0.5,
2018-19,482,Fabian,Schär,Schär,Newcastle,DEF,93,2000,4,1,7,23,9,403,669.4,148.6,220.0,103.8,,,45,1.3,
2018-19,488,Yoshinori,Muto,Muto,Newcastle,FWD,24,514,1,0,1,10,0,65,71.8,66.8,140.0,27.4,,,56,0.1,
2018-19,493,Salomón,Rondón,Rondón,Newcastle,FWD,148,2601,11,8,9,31,20,466,645.6,468.0,1249.0,236.0,,,59,7.7,
2018-19,516,Federico,Fernández,Fernández,Newcastle,DEF,47,1482,0,2,3,24,5,277,350.0,63.7,70.0,48.5,,,44,0.2,
2018-19,530,Jamie,Sterry,Sterry,Newcastle,DEF,0,0,0,0,0,0,0,0,0.0,0.0,0.0,0.0,,,40,0.1,
2018-19,531,Sean,Longstaff,Longstaff,Newcastle,MID,26,686,1,1,3,9,1,117,130.4,71.8,106.0,30.9,,,45,0.0,
2018-19,553,Frederick,Woodman,Woodman,Newcastle,GKP,0,0,0,0,0,0,0,0,0.0,0.0,0.0,0.0,,,40,0.2,
2018-19,577,Callum,Roberts,Roberts,Newcastle,MID,0,0,0,0,0,0,0,0,0.0,0.0,0.0,0.0,,,45,0.0,
2018-19,587,Miguel,Almirón,Almirón,Newcastle,MID,28,758,0,2,3,11,0,107,121.4,189.8,235.0,54.6,,,60,0.2,
2018-19,588,Antonio,Barreca,Barreca,Newcastle,DEF,1,4,0,0,0,0,0,3,0.2,0.0,0.0,0.0,,,41,0.0,
2018-19,622,Kelland,Watts,Watts,Newcastle,MID,0,0,0,0,0,0,0,0,0.0,0.0,0.0,0.0,,,45,0.0,
2018-19,623,Lewis,Cass,Cass,Newcastle,DEF,0,0,0,0,0,0,0,0,0.0,0.0,0.0,0.0,,,40,0.0,
2018-19,258,Danny,Ings,Ings,Southampton,FWD,90,1650,7,3,5,27,11,310,433.8,346.9,808.0,158.4,,,54,3.2,
2018-19,328,Alex,McCarthy,McCarthy,Southampton,GKP,73,2250,0,0,4,44,6,414,585.2,0.0,0.0,58.6,,,43,2.0,
2018-19,329,Fraser,Forster,Forster,Southampton,GKP,2,90,0,0,0,3,0,13,22.2,0.0,0.0,2.2,,,42,0.6,
2018-19,330,Ryan,Bertrand,Bertrand,Southampton,DEF,56,2160,1,0,6,42,1,291,326.8,379.4,123.0,82.6,,,48,2.4,
2018-19,331,Maya,Yoshida,Yoshida,Southampton,DEF,44,1518,0,1,3,29,4,278,387.0,57.4,189.0,63.4,,,41,1.1,
2018-19,332,Cédric,Soares,Cédric,Southampton,DEF,52,1493,1,2,4,31,7,273,309.0,226.5,103.0,63.9,,,42,2.1,
2018-19,333,Jack,Stephens,Stephens,Southampton,DEF,47,1697,1,0,3,35,4,282,394.4,65.5,143.0,60.4,,,42,0.3,
2018-19,334,Sam,McQueen,McQueen,Southampton,DEF,0,0,0,0,0,0,0,0,0.0,0.0,0.0,0.0,,,40,0.4,
2018-19,335,Jan,Bednarek,Bednarek,Southampton,DEF,49,2150,0,1,3,37,3,365,616.0,108.8,91.0,81.9,,,40,7.4,
2018-19,336,Wesley,Hoedt,Hoedt,Southampton,DEF,29,1170,0,0,4,24,3,206,283.6,20.0,41.0,34.7,,,42,0.2,
2018-19,337,Steven,Davis,Davis,Southampton,MID,9,97,0,1,0,4,2,39,38.8,41.6,2.0,8.2,,,46,0.0,
2018-19,338,James,Ward-Prowse,Ward-Prowse,Southampton,MID,94,1940,7,0,3,41,15,390,592.0,695.8,387.0,167.4,,,51,3.7,
2018-19,339,Oriol,Romeu Vidal,Oriol Romeu,Southampton,MID,55,2131,1,0,6,37,3,282,455.2,158.4,124.0,74.0,,,42,2.2,
2018-19,340,Pierre-Emile,Højbjerg,Højbjerg,Southampton,MID,90,2760,4,3,4,59,8,477,616.0,445.6,421.0,148.8,,,44,3.2,
2018-19,341,Sofiane,Boufal,Boufal,Southampton,MID,0,0,0,0,0,0,0,0,0.0,0.0,0.0,0.0,,,55,0.0,
2018-19,342,Joshua,Sims,Sims,Southampton,MID,11,208,0,1,0,6,0,27,21.8,18.5,56.0,9.6,,,44,0.0,
2018-19,343,Nathan,Redmond,Redmond,Southampton,MID,137,3272,6,5,9,58,12,433,665.4,802.3,950.0,241.4,,,55,6.9,
2018-19,344,Mario,Lemina,Lemina,Southampton,MID,50,1612,1,2,4,37,2,270,313.0,214.7,188.0,71.6,,,47,0.2,
2018-19,345,Stuart,Armstrong,Armstrong,Southampton,MID,75,1421,3,4,5,26,3,269,305.6,392.4,379.0,107.5,,,51,0.2,
2018-19,346,Mohamed,Elyounoussi,Elyounoussi,Southampton,MID,28,785,0,0,4,10,0,91,94.2,228.3,220.0,54.2,,,60,0.1,
2018-19,347,Shane,Long,Long,Southampton,FWD,66,1260,5,2,2,24,5,191,248.6,179.2,417.0,84.2,,,47,4.9,
2018-19,348,Charlie,Austin,Austin,Southampton,FWD,46,970,2,2,5,17,1,117,158.4,115.3,405.0,67.4,,,55,0.4,
2018-19,349,Manolo,Gabbiadini,Gabbiadini,Southampton,FWD,23,468,1,0,0,12,3,56,74.4,72.7,167.0,30.8,,,56,0.1,
2018-19,350,Guido,Carrillo,Carrillo,Southampton,FWD,0,0,0,0,0,0,0,0,0.0,0.0,0.0,0.0,,,55,0.0,
2018-19,452,Angus,Gunn,Gunn,Southampton,GKP,47,1080,0,0,3,18,4,206,239.2,0.0,0.0,23.8,,,43,1.1,
2018-19,463,Jannik,Vestergaard,Vestergaard,Southampton,DEF,50,2027,0,0,4,31,0,396,576.6,76.6,104.0,75.9,,,46,0.2,
2018-19,479,Matt,Targett,Targett,Southampton,DEF,36,1185,1,3,0,25,3,229,314.2,366.8,181.0,86.2,,,42,0.1,
2018-19,550,Michael,Obafemi,Obafemi,Southampton,FWD,13,134,1,1,0,3,0,46,62.6,27.4,127.0,21.6,,,50,0.0,
2018-19,556,Yan,Valery,Valery,Southampton,DEF,54,1709,2,1,3,30,0,251,329.4,124.7,157.0,60.7,,,41,4.1,
2018-19,562,Tyreke,Johnson,Johnson,Southampton,MID,1,1,0,0,0,0,0,3,0.0,0.0,0.0,0.0,,,45,0.0,
2018-19,565,Kayne,Ramsay,Ramsay,Southampton,DEF,1,90,0,0,0,3,0,9,11.2,0.0,0.0,1.1,,,40,0.0,
2018-19,570,Callum,Slattery,Slattery,Southampton,MID,4,110,0,0,0,1,0,12,15.8,2.6,24.0,4.2,,,45,0.0,
2018-19,574,Sam,Gallagher,Gallagher,Southampton,FWD,4,32,0,0,0,1,0,6,0.0,0.3,0.0,0.0,,,45,0.1,
2018-19,595,Alfie,Jones,Jones,Southampton,DEF,0,0,0,0,0,0,0,0,0.0,0.0,0.0,0.0,,,40,0.0,
2018-19,351,Hugo,Lloris,Lloris,Spurs,GKP,145,2970,0,0,12,33,10,691,858.2,0.0,0.0,86.0,,,54,6.2,
2018-19,352,Michel,Vorm,Vorm,Spurs,GKP,5,180,0,0,0,4,1,36,66.8,0.0,0.0,6.6,,,47,0.1,
2018-19,353,Toby,Alderweireld,Alderweireld,Spurs,DEF,107,2921,0,0,12,31,7,651,690.2,139.1,229.0,105.7,,,60,3.7,
2018-19,354,Danny,Rose,Rose,Spurs,DEF,86,1792,0,4,8,16,5,352,343.6,416.6,216.0,97.6,,,58,1.1,
2018-19,355,Jan,Vertonghen,Vertonghen,Spurs,DEF,67,1911,1,0,6,23,7,390,445.4,116.7,165.0,72.7,,,59,4.0,
2018-19,356,Ben,Davies,Davies,Spurs,DEF,66,1837,0,0,6,26,5,361,388.2,256.6,176.0,82.3,,,56,1.7,
2018-19,357,Kieran,Trippier,Trippier,Spurs,DEF,118,2275,1,5,10,23,16,573,601.6,827.0,121.0,155.0,,,60,15.2,
2018-19,358,Kyle,Walker-Peters,Walker-Peters,Spurs,DEF,28,374,0,3,2,4,4,112,107.4,104.9,20.0,23.1,,,42,0.7,
2018-19,359,Davinson,Sánchez,Sánchez,Spurs,DEF,78,1941,1,2,6,22,4,412,454.2,60.3,183.0,70.0,,,58,1.6,
2018-19,360,Serge,Aurier,Aurier,Spurs,DEF,24,562,0,2,2,9,0,116,151.6,108.4,45.0,30.5,,,57,0.5,
2018-19,361,Eric,Dier,Dier,Spurs,MID,56,1504,3,0,5,18,3,269,363.4,150.1,121.0,63.6,,,47,0.9,
2018-19,362,Mousa,Dembélé,Dembélé,Spurs,MID,14,512,0,0,1,6,0,74,51.0,17.5,1.0,7.1,,,49,0.7,
2018-19,363,Erik,Lamela,Lamela,Spurs,MID,67,965,4,4,4,12,5,231,263.8,339.9,441.0,104.1,,,59,0.3,
2018-19,364,Christian,Eriksen,Eriksen,Spurs,MID,161,2770,8,12,8,37,15,675,876.0,1148.7,801.0,283.0,,,92,7.7,
2018-19,365,Bamidele,Alli,Alli,Spurs,MID,94,1822,5,4,8,21,8,356,467.2,436.6,681.0,158.5,,,88,2.5,
2018-19,366,Victor,Wanyama,Wanyama,Spurs,MID,24,511,1,0,3,4,2,105,113.2,45.0,80.0,23.9,,,49,0.1,
2018-19,367,Heung-Min,Son,Son,Spurs,MID,159,2033,12,8,10,23,17,489,690.6,508.0,1002.0,219.9,,,86,10.6,
2018-19,368,Harry,Winks,Winks,Spurs,MID,53,1589,1,0,6,17,3,275,268.2,168.6,71.0,50.7,,,55,0.1,
2018-19,369,Moussa,Sissoko,Sissoko,Spurs,MID,76,2329,0,3,11,28,3,395,329.0,380.7,193.0,90.2,,,49,0.3,
2018-19,370,Lucas,Rodrigues Moura da Silva,Lucas Moura,Spurs,MID,131,2115,10,2,14,18,8,340,556.4,415.6,650.0,161.9,,,69,11.9,
2018-19,371,Fernando,Llorente,Llorente,Spurs,FWD,41,681,1,4,2,8,3,104,138.0,189.5,307.0,63.1,,,51,1.5,
2018-19,372,Harry,Kane,Kane,Spurs,FWD,160,2423,17,6,9,31,24,561,824.6,430.0,1359.0,261.3,,,126,12.4,
2018-19,497,Georges-Kévin,Nkoudou,Nkoudou,Spurs,MID,4,4,0,1,0,0,0,17,19.0,14.3,0.0,3.3,,,48,0.0,
2018-19,523,Luke,Amos,Amos,Spurs,MID,1,2,0,0,0,0,0,3,2.2,0.1,0.0,0.2,,,43,0.1,
2018-19,536,Paulo,Gazzaniga,Gazzaniga,Spurs,GKP,13,270,0,0,1,2,0,64,82.8,0.0,0.0,8.2,,,45,0.0,
2018-19,538,Alfie,Whiteman,Whiteman,Spurs,GKP,0,0,0,0,0,0,0,0,0.0,0.0,0.0,0.0,,,40,0.2,
2018-19,540,Oliver,Skipp,Skipp,Spurs,MID,12,214,0,0,2,1,0,40,35.2,20.5,12.0,7.0,,,45,0.0,
2018-19,549,Juan,Foyth,Foyth,Spurs,DEF,35,888,1,0,3,12,4,172,248.6,59.8,53.0,36.3,,,50,0.2,
2018-19,561,Timothy,Eyoma,Eyoma,Spurs,DEF,0,0,0,0,0,0,0,0,0.0,0.0,0.0,0.0,,,40,0.1,
2018-19,578,Kazaiah,Sterling,Sterling,Spurs,FWD,0,0,0,0,0,0,0,0,0.0,0.0,0.0,0.0,,,45,0.0,
2018-19,612,George,Marsh,Marsh,Spurs,MID,0,0,0,0,0,0,0,0,0.0,0.0,0.0,0.0,,,45,0.0,
2018-19,614,Vincent,Janssen,Janssen,Spurs,FWD,3,36,0,0,0,0,0,4,6.2,1.6,57.0,6.5,,,45,0.1,
2018-19,373,Heurelho,Gomes,Gomes,Watford,GKP,0,0,0,0,0,0,0,0,0.0,0.0,0.0,0.0,,,42,0.3,
2018-19,374,Pontus,Dahlberg,Dahlberg,Watford,GKP,0,0,0,0,0,0,0,0,0.0,0.0,0.0,0.0,,,43,0.1,
2018-19,375,Younes,Kaboul,Kaboul,Watford,DEF,0,0,0,0,0,0,0,0,0.0,0.0,0.0,0.0,,,42,0.1,
2018-19,376,Craig,Cathcart,Cathcart,Watford,DEF,93,3095,3,0,6,54,5,552,719.6,25.5,262.0,100.8,,,45,3.2,
2018-19,377,Sebastian,Prödl,Prödl,Watford,DEF,1,13,0,0,0,0,0,2,0.0,0.0,0.0,0.0,,,42,0.1,
2018-19,378,José,Holebas,Holebas,Watford,DEF,93,2392,3,7,5,41,10,437,642.4,598.2,164.0,140.6,,,48,7.9,
2018-19,379,Miguel,Britos,Britos,Watford,DEF,3,184,0,0,0,5,0,22,28.4,0.3,0.0,2.9,,,43,0.0,
2018-19,380,Christian,Kabasele,Kabasele,Watford,DEF,36,1584,0,0,3,29,1,212,355.2,24.0,189.0,56.7,,,44,0.3,
2018-19,381,Daryl,Janmaat,Janmaat,Watford,DEF,50,1520,0,2,3,22,6,274,346.2,212.2,118.0,67.8,,,49,0.4,
2018-19,382,Adrian,Mariappa,Mariappa,Watford,DEF,57,1924,0,0,5,32,2,334,404.6,61.9,79.0,54.5,,,42,0.6,
2018-19,383,Francisco,Femenía Far,Kiko Femenía,Watford,DEF,66,2043,1,1,4,40,6,412,420.2,252.9,87.0,76.0,,,42,1.2,
2018-19,384,Marvin,Zeegelaar,Zeegelaar,Watford,DEF,0,0,0,0,0,0,0,0,0.0,0.0,0.0,0.0,,,42,0.0,
2018-19,385,Marc,Navarro,Navarro,Watford,DEF,2,84,0,0,0,3,0,12,16.0,5.3,2.0,2.3,,,42,0.0,
2018-19,386,Adam,Masina,Masina,Watford,DEF,26,1002,0,1,2,20,1,165,201.0,70.8,27.0,30.1,,,43,0.1,
2018-19,387,Nathaniel,Chalobah,Chalobah,Watford,MID,10,265,0,0,0,7,0,42,35.6,20.2,31.0,8.8,,,44,0.1,
2018-19,388,Tom,Cleverley,Cleverley,Watford,MID,25,470,1,0,3,7,2,87,97.4,33.4,40.0,17.2,,,50,0.0,
2018-19,389,Etienne,Capoue,Capoue,Watford,MID,79,2944,1,3,8,48,8,496,656.6,219.2,152.0,102.8,,,48,0.5,
2018-19,390,Abdoulaye,Doucouré,Doucouré,Watford,MID,124,3061,5,7,5,56,14,550,735.6,544.1,709.0,198.9,,,58,2.8,
2018-19,391,Roberto,Pereyra,Pereyra,Watford,MID,122,2817,6,4,6,53,13,432,458.4,512.7,744.0,171.8,,,59,8.0,
2018-19,392,Will,Hughes,Hughes,Watford,MID,87,2419,2,4,7,39,5,320,429.2,416.0,451.0,129.6,,,49,0.7,
2018-19,394,Gerard,Deulofeu,Deulofeu,Watford,MID,133,2064,10,5,9,29,10,344,549.2,455.6,856.0,185.6,,,57,7.2,
2018-19,395,Andre,Gray,Gray,Watford,FWD,83,1352,7,2,4,23,10,254,331.8,183.9,620.0,112.8,,,59,1.9,
2018-19,396,Troy,Deeney,Deeney,Watford,FWD,116,2542,9,5,5,44,13,411,607.4,549.5,1019.0,216.9,,,58,3.7,
2018-19,397,Stefano,Okaka,Okaka,Watford,FWD,1,22,0,0,0,1,0,-1,3.2,24.7,26.0,5.2,,,50,0.1,
2018-19,398,Jerome,Sinclair,Sinclair,Watford,FWD,0,0,0,0,0,0,0,0,0.0,0.0,0.0,0.0,,,44,0.4,
2018-19,445,Ben,Foster,Foster,Watford,GKP,129,3420,0,0,7,59,11,703,988.0,50.0,1.0,104.1,,,46,8.5,
2018-19,446,Ken,Sema,Sema,Watford,MID,37,747,1,2,3,9,1,91,128.6,112.7,169.0,40.8,,,46,0.1,
2018-19,517,Domingos,Quina,Quina,Watford,MID,17,334,1,0,0,5,2,68,69.0,40.2,22.0,13.1,,,44,0.1,
2018-19,524,Isaac,Success Ajayi,Success,Watford,FWD,42,1033,1,1,2,21,0,125,148.6,274.5,394.0,81.4,,,45,2.4,
2018-19,544,Ben,Wilmot,Wilmot,Watford,DEF,1,26,0,0,0,2,0,8,7.2,0.3,0.0,0.8,,,40,0.1,
2018-19,554,Adalberto,Peñaranda,Peñaranda,Watford,FWD,0,0,0,0,0,0,0,0,0.0,0.0,0.0,0.0,,,50,0.0,
2018-19,399,Adrián,San Miguel del Castillo,Adrián,West Ham,GKP,0,0,0,0,0,0,0,0,0.0,0.0,0.0,0.0,,,42,0.3,
2018-19,400,Lukasz,Fabianski,Fabianski,West Ham,GKP,143,3420,0,0,7,55,15,742,1136.0,20.0,0.0,115.5,,,47,14.3,
2018-19,401,Winston,Reid,Reid,West Ham,DEF,0,0,0,0,0,0,0,0,0.0,0.0,0.0,0.0,,,44,0.0,
2018-19,402,Aaron,Cresswell,Cresswell,West Ham,DEF,34,1588,0,1,1,26,0,257,318.2,290.9,113.0,72.3,,,50,0.5,
2018-19,403,Angelo,Ogbonna,Ogbonna,West Ham,DEF,48,1871,1,1,2,36,2,314,462.4,54.2,168.0,68.5,,,42,0.8,
2018-19,404,Sam,Byram,Byram,West Ham,DEF,0,0,0,0,0,0,0,0,0.0,0.0,0.0,0.0,,,45,0.0,
2018-19,405,Pablo,Zabaleta,Zabaleta,West Ham,DEF,56,2089,0,1,4,35,4,350,447.4,163.2,106.0,71.8,,,43,1.7,
2018-19,406,Declan,Rice,Rice,West Ham,DEF,92,3003,2,0,6,47,9,586,584.4,174.2,213.0,97.1,,,44,4.2,
2018-19,407,Reece,Oxford,Oxford,West Ham,DEF,0,0,0,0,0,0,0,0,0.0,0.0,0.0,0.0,,,42,0.1,
2018-19,408,Ryan,Fredericks,Fredericks,West Ham,DEF,38,1084,1,0,3,16,4,169,254.8,77.2,85.0,42.0,,,45,0.3,
2018-19,409,Issa,Diop,Diop,West Ham,DEF,87,2970,1,0,7,43,6,561,733.0,52.3,162.0,94.8,,,42,1.4,
2018-19,410,Arthur,Masuaku,Masuaku,West Ham,MID,49,1757,0,2,4,29,0,311,434.4,212.0,55.0,70.3,,,42,1.5,
2018-19,411,Mark,Noble,Noble,West Ham,MID,99,2289,5,5,7,31,5,454,521.4,359.8,196.0,107.6,,,48,0.5,
2018-19,413,Pedro,Obiang,Obiang,West Ham,MID,43,1116,0,2,2,21,1,188,219.2,105.9,112.0,43.6,,,42,0.8,
2018-19,414,Manuel,Lanzini,Lanzini,West Ham,MID,31,685,1,2,2,12,3,148,141.0,118.2,165.0,42.4,,,64,0.1,
2018-19,415,Michail,Antonio,Antonio,West Ham,MID,118,2093,6,8,7,30,6,305,482.0,346.2,852.0,167.0,,,68,1.2,
2018-19,416,Edimilson,Fernandes,Fernandes,West Ham,MID,0,0,0,0,0,0,0,0,0.0,0.0,0.0,0.0,,,45,0.1,
2018-19,417,Marko,Arnautovic,Arnautovic,West Ham,FWD,117,1988,10,5,4,34,15,405,551.6,500.6,946.0,199.2,,,67,6.7,
2018-19,418,Andy,Carroll,Carroll,West Ham,FWD,12,454,0,0,0,7,0,10,41.8,51.4,169.0,25.8,,,54,0.1,
2018-19,419,Javier,Hernández Balcázar,Chicharito,West Ham,FWD,86,1326,7,4,6,20,10,276,301.0,112.0,528.0,93.4,,,61,1.5,
2018-19,420,Jordan,Hugill,Hugill,West Ham,FWD,0,0,0,0,0,0,0,0,0.0,0.0,0.0,0.0,,,50,0.0,
2018-19,447,Jack,Wilshere,Wilshere,West Ham,MID,17,388,0,2,1,10,0,90,72.0,74.0,17.0,16.3,,,48,0.8,
2018-19,453,Andriy,Yarmolenko,Yarmolenko,West Ham,MID,27,456,2,1,1,6,2,88,86.0,84.6,122.0,29.1,,,67,0.5,
2018-19,464,Fabián,Balbuena,Balbuena,West Ham,DEF,61,2013,1,0,5,32,3,375,534.6,40.9,201.0,77.8,,,42,0.3,
2018-19,465,Felipe Anderson,Pereira Gomes,Felipe Anderson,West Ham,MID,155,3045,9,6,7,49,18,619,882.2,1042.4,799.0,272.2,,,68,8.2,
2018-19,489,Robert,Snodgrass,Snodgrass,West Ham,MID,85,2215,2,5,5,33,9,364,460.8,976.0,380.0,181.5,,,50,0.9,
2018-19,502,Lucas,Pérez,Lucas,West Ham,FWD,33,465,3,0,0,13,5,127,136.8,110.5,131.0,37.7,,,62,0.1,
2018-19,518,Carlos,Sánchez,Carlos Sánchez,West Ham,MID,9,240,0,0,0,4,0,44,24.6,28.8,24.0,7.8,,,43,0.1,
2018-19,539,Grady,Diangana,Diangana,West Ham,MID,25,600,0,1,2,13,0,86,115.0,174.5,175.0,46.2,,,45,0.0,
2018-19,547,Joe,Powell,Powell,West Ham,MID,0,0,0,0,0,0,0,0,0.0,0.0,0.0,0.0,,,45,0.0,
2018-19,548,Conor,Coventry,Coventry,West Ham,MID,0,0,0,0,0,0,0,0,0.0,0.0,0.0,0.0,,,45,0.0,
2018-19,560,Alexandre Nascimento,Costa Silva,Xande Silva,West Ham,FWD,1,17,0,0,0,0,0,3,2.0,10.3,36.0,4.8,,,45,0.2,
2018-19,569,Samir,Nasri,Nasri,West Ham,MID,14,243,0,2,1,2,0,61,49.8,86.6,28.0,16.4,,,49,0.2,
2018-19,605,Ben,Johnson,Johnson,West Ham,DEF,2,62,0,0,0,1,0,6,7.8,0.4,0.0,0.8,,,40,0.0,
2018-19,611,Nathan,Holland,Holland,West Ham,MID,0,0,0,0,0,0,0,0,0.0,0.0,0.0,0.0,,,40,0.5,
2018-19,421,John,Ruddy,Ruddy,Wolves,GKP,7,90,0,0,1,0,0,25,26.6,0.0,0.0,2.7,,,42,0.2,
2018-19,422,Will,Norris,Norris,Wolves,GKP,1,1,0,0,0,0,0,3,0.0,0.0,0.0,0.0,,,39,2.3,
2018-19,423,Willy,Boly,Boly,Wolves,DEF,120,3168,4,0,8,43,10,635,954.2,146.9,279.0,137.7,,,47,6.1,
2018-19,424,Barry,Douglas,Douglas,Wolves,DEF,0,0,0,0,0,0,0,0,0.0,0.0,0.0,0.0,,,50,0.0,
2018-19,425,Matt,Doherty,Doherty,Wolves,DEF,144,3141,4,7,8,41,12,596,758.8,547.4,711.0,201.6,,,53,21.9,
2018-19,426,Romain,Saïss,Saïss,Wolves,DEF,47,1142,2,0,3,17,5,248,363.6,70.9,129.0,56.2,,,42,0.4,
2018-19,427,Ryan,Bennett,Bennett,Wolves,DEF,89,3060,1,0,9,38,1,467,566.4,129.7,172.0,86.9,,,41,8.0,
2018-19,428,Danny,Batth,Batth,Wolves,DEF,0,0,0,0,0,0,0,0,0.0,0.0,0.0,0.0,,,40,0.6,
2018-19,429,Roderick Jefferson,Gonçalves Miranda,Miranda,Wolves,DEF,0,0,0,0,0,0,0,0,0.0,0.0,0.0,0.0,,,40,0.0,
2018-19,430,Conor,Coady,Coady,Wolves,DEF,94,3420,0,0,9,46,6,585,593.2,26.2,0.0,61.8,,,45,0.9,
2018-19,431,Rúben Gonçalo,Silva Nascimento Vinagre,Vinagre,Wolves,DEF,24,703,0,0,1,9,0,118,117.0,113.7,69.0,30.0,,,43,0.1,
2018-19,432,Diogo,Jota,Jota,Wolves,MID,139,2352,9,8,10,29,13,386,559.6,402.5,888.0,185.0,,,63,8.5,
2018-19,433,Rúben Diogo,da Silva Neves,Neves,Wolves,MID,104,3006,4,3,8,43,7,483,698.2,365.9,402.0,146.8,,,49,10.4,
2018-19,434,Ivan,Cavaleiro,Cavaleiro,Wolves,MID,48,677,3,1,1,11,3,156,198.0,313.6,156.0,66.0,,,52,0.1,
2018-19,435,Hélder,Costa,Costa,Wolves,MID,52,1333,1,2,5,19,0,136,162.8,264.0,280.0,70.9,,,46,0.4,
2018-19,436,Bright,Enobakhare,Enobakhare,Wolves,MID,0,0,0,0,0,0,0,0,0.0,0.0,0.0,0.0,,,43,0.1,
2018-19,437,Raúl,Jiménez,Jiménez,Wolves,FWD,181,3112,13,10,12,40,31,602,788.8,648.5,1428.0,285.4,,,69,33.4,
2018-19,438,Bonatini Lohner Maia,Bonatini,Bonatini,Wolves,FWD,10,130,0,1,0,0,0,19,24.6,30.9,90.0,13.6,,,46,0.3,
2018-19,448,Morgan,Gibbs-White,Gibbs-White,Wolves,MID,37,645,0,1,4,12,0,113,73.2,181.1,72.0,32.5,,,43,0.5,
2018-19,449,Rafa,Mir,Mir,Wolves,FWD,0,0,0,0,0,0,0,0,0.0,0.0,0.0,0.0,,,45,0.0,
2018-19,454,Rui Pedro,dos Santos Patrício,Patrício,Wolves,GKP,118,3330,0,0,8,46,4,581,695.0,0.0,0.0,69.1,,,45,8.0,
2018-19,475,João Filipe Iria,Santos Moutinho,Moutinho,Wolves,MID,119,3030,1,8,9,39,13,628,812.6,1245.8,102.0,216.4,,,51,5.1,
2018-19,483,Jonathan,Castro Otto,Jonny,Wolves,DEF,103,2772,1,3,8,39,9,488,523.4,447.3,361.0,133.3,,,43,3.6,
2018-19,500,Adama,Traoré,Traoré,Wolves,MID,44,884,1,1,1,13,2,182,223.4,271.3,265.0,75.8,,,51,0.3,
2018-19,519,Leander,Dendoncker,Dendoncker,Wolves,MID,48,1465,2,0,3,21,1,209,334.8,126.6,288.0,75.1,,,43,0.6,
2018-19,525,Kortney,Hause,Hause,Wolves,DEF,0,0,0,0,0,0,0,0,0.0,0.0,0.0,0.0,,,40,0.2,
2018-19,555,Ryan John,Giles,Giles,Wolves,MID,0,0,0,0,0,0,0,0,0.0,0.0,0.0,0.0,,,45,0.0,
2018-19,567,Max,Kilman,Kilman,Wolves,DEF,1,1,0,0,0,0,0,3,0.0,0.0,0.0,0.0,,,40,0.0,
2018-19,596,Cameron,John,John,Wolves,DEF,0,0,0,0,0,0,0,0,0.0,0.0,0.0,0.0,,,40,0.1,
2019-20,1,Shkodran,Mustafi,Mustafi,Arsenal,DEF,43,1205,0,2,4,17,2,242,277.2,45.5,155.0,47.9,,,51,0.4,
2019-20,2,Héctor,Bellerín,Bellerín,Arsenal,DEF,44,1156,1,0,4,18,4,204,187.8,76.9,103.0,37.0,,,52,1.0,
2019-20,3,Sead,Kolasinac,Kolasinac,Arsenal,DEF,55,1694,0,2,4,26,1,331,269.6,182.5,81.0,53.0,,,52,0.5,
2019-20,4,Ainsley,Maitland-Niles,Maitland-Niles,Arsenal,DEF,41,1382,0,2,3,22,3,244,301.8,182.0,58.0,53.6,,,45,2.2,
2019-20,5,Sokratis,Papastathopoulos,Sokratis,Arsenal,DEF,57,1696,2,0,4,25,5,305,436.2,36.8,110.0,58.5,,,48,1.3,
2019-20,6,Nacho,Monreal,Monreal,Arsenal,DEF,10,270,0,0,1,4,1,54,47.2,40.8,12.0,10.0,,,50,0.2,
2019-20,7,Laurent,Koscielny,Koscielny,Arsenal,DEF,0,0,0,0,0,0,0,0,0.0,0.0,0.0,0.0,,,50,0.1,
2019-20,8,Konstantinos,Mavropanos,Mavropanos,Arsenal,DEF,0,0,0,0,0,0,0,0,0.0,0.0,0.0,0.0,,,43,0.0,
2019-20,9,Carl,Jenkinson,Jenkinson,Arsenal,DEF,0,0,0,0,0,0,0,0,0.0,0.0,0.0,0.0,,,45,0.0,
2019-20,10,Rob,Holding,Holding,Arsenal,DEF,16,580,0,0,1,9,2,96,133.6,4.8,19.0,15.8,,,44,0.2,
2019-20,11,Pierre-Emerick,Aubameyang,Aubameyang,Arsenal,FWD,205,3136,22,5,10,44,37,807,1006.0,479.6,1369.0,285.2,,,109,22.4,
2019-20,12,Alexandre,Lacazette,Lacazette,Arsenal,FWD,118,1867,10,7,5,25,16,387,536.4,337.7,861.0,173.8,,,92,2.4,
2019-20,13,Edward,Nketiah,Nketiah,Arsenal,FWD,25,628,2,0,3,9,1,66,90.4,67.0,210.0,36.4,,,43,1.6,
2019-20,14,Bernd,Leno,Leno,Arsenal,GKP,114,2649,0,0,7,39,10,591,843.2,0.0,0.0,84.1,,,48,4.2,
2019-20,15,Mesut,Özil,Özil,Arsenal,MID,53,1439,1,3,5,20,1,256,223.6,582.9,190.0,99.8,,,69,1.1,
2019-20,16,Henrikh,Mkhitaryan,Mkhitaryan,Arsenal,MID,4,110,0,0,1,0,0,3,5.4,33.9,46.0,8.6,,,67,0.7,
2019-20,18,Granit,Xhaka,Xhaka,Arsenal,MID,73,2586,1,2,10,31,2,408,486.2,298.5,110.0,89.9,,,51,0.8,
2019-20,19,Lucas,Torreira,Torreira,Arsenal,MID,46,1501,1,1,3,23,0,247,281.8,207.1,207.0,69.7,,,47,1.0,
2019-20,20,Mohamed,Elneny,Elneny,Arsenal,MID,0,0,0,0,0,0,0,0,0.0,0.0,0.0,0.0,,,42,0.5,
2019-20,21,Matteo,Guendouzi,Guendouzi,Arsenal,MID,48,1744,0,2,3,31,2,272,333.6,235.1,146.0,71.6,,,41,7.1,
2019-20,106,David,Luiz Moreira Marinho,David Luiz,Arsenal,DEF,94,2809,2,1,8,42,10,494,701.6,106.7,211.0,102.1,,,57,5.1,
2019-20,427,Emiliano,Martínez,Martínez,Arsenal,GKP,33,770,0,0,3,9,1,169,256.8,0.0,0.0,25.8,,,44,3.8,
2019-20,467,Calum,Chambers,Chambers,Arsenal,DEF,42,1102,1,1,3,15,5,197,272.0,113.5,203.0,58.7,,,43,0.6,
2019-20,469,Daniel,Ceballos Fernández,Ceballos,Arsenal,MID,57,1687,0,2,7,21,3,310,346.4,439.9,130.0,91.7,,,52,3.0,
2019-20,486,Cédric,Soares,Cédric,Arsenal,DEF,61,1553,1,1,4,20,3,286,349.0,218.9,118.0,68.7,,,48,0.4,
2019-20,488,Nicolas,Pépé,Pépé,Arsenal,MID,106,2004,5,6,5,30,9,353,500.2,639.4,624.0,176.5,,,89,3.0,
2019-20,489,Reiss,Nelson,Nelson,Arsenal,MID,30,622,1,1,2,7,0,105,110.4,148.3,185.0,44.4,,,53,0.1,
2019-20,490,Joseph,Willock,Willock,Arsenal,MID,41,838,1,1,1,16,0,150,176.8,165.9,212.0,55.2,,,47,0.2,
2019-20,504,Gabriel Teodoro,Martinelli Silva,Martinelli,Arsenal,FWD,39,656,3,1,2,9,5,129,162.8,36.6,226.0,42.5,,,42,1.8,
2019-20,515,Kieran,Tierney,Tierney,Arsenal,DEF,42,986,1,2,2,16,4,213,201.8,121.1,73.0,39.8,,,53,1.1,
2019-20,541,Bukayo,Saka,Saka,Arsenal,MID,71,1746,1,6,7,18,4,259,327.2,322.5,248.0,89.8,,,47,5.7,
2019-20,576,Emile,Smith Rowe,Smith Rowe,Arsenal,MID,4,96,0,0,1,0,0,13,9.8,6.3,0.0,1.6,,,43,0.0,
2019-20,585,Tyreece,John-Jules,John-Jules,Arsenal,FWD,0,0,0,0,0,0,0,0,0.0,0.0,0.0,0.0,,,44,0.0,
2019-20,617,Pablo,Marí,Marí,Arsenal,DEF,8,113,0,0,1,0,1,31,27.8,1.7,0.0,3.0,,,44,0.0,
2019-20,636,Zech,Medley,Medley,Arsenal,DEF,0,0,0,0,0,0,0,0,0.0,0.0,0.0,0.0,,,40,0.0,
2019-20,646,Matt,Macey,Macey,Arsenal,GKP,0,0,0,0,0,0,0,0,0.0,0.0,0.0,0.0,,,40,0.0,
2019-20,647,Matthew,Smith,Smith,Arsenal,DEF,0,0,0,0,0,0,0,0,0.0,0.0,0.0,0.0,,,40,0.0,
2019-20,22,Ahmed,El Mohamady,El Mohamady,Aston Villa,DEF,39,1024,1,1,2,28,7,224,254.6,324.1,67.0,64.6,,,41,1.0,
2019-20,23,James,Chester,Chester,Aston Villa,DEF,0,0,0,0,0,0,0,0,0.0,0.0,0.0,0.0,,,42,0.0,
2019-20,24,Neil,Taylor,Taylor,Aston Villa,DEF,22,1088,0,0,2,25,0,163,157.6,79.7,29.0,26.7,,,42,0.2,
2019-20,25,Kortney,Hause,Hause,Aston Villa,DEF,34,1544,1,0,2,34,0,204,352.8,33.0,248.0,63.4,,,44,0.1,
2019-20,26,Jonathan,Kodjia,Kodjia,Aston Villa,FWD,5,111,0,0,0,6,0,14,3.4,12.2,24.0,3.8,,,54,0.1,
2019-20,27,Ørjan,Nyland,Nyland,Aston Villa,GKP,15,537,0,0,1,12,0,90,101.2,0.0,0.0,10.2,,,43,0.4,
2019-20,28,Conor,Hourihane,Hourihane,Aston Villa,MID,83,1526,3,5,6,29,9,328,384.8,551.8,317.0,125.3,,,57,0.2,
2019-20,29,Jack,Grealish,Grealish,Aston Villa,MID,149,3233,8,7,7,63,19,601,826.6,1209.2,837.0,287.0,,,59,14.4,
2019-20,30,Anwar,El Ghazi,El Ghazi,Aston Villa,MID,93,2046,4,5,5,48,0,281,383.2,482.2,655.0,152.0,,,52,0.7,
2019-20,31,John,McGinn,McGinn,Aston Villa,MID,84,2312,3,3,6,41,4,321,458.6,503.3,499.0,145.9,,,52,2.6,
2019-20,32,Andre,Green,Green,Aston Villa,MID,0,0,0,0,0,0,0,0,0.0,0.0,0.0,0.0,,,48,0.0,
2019-20,33,Birkir,Bjarnason,Bjarnason,Aston Villa,MID,0,0,0,0,0,0,0,0,0.0,0.0,0.0,0.0,,,45,0.0,
2019-20,34,Keinan,Davis,Davis,Aston Villa,MID,25,534,0,1,1,7,0,43,27.8,71.7,212.0,29.9,,,42,0.3,
2019-20,35,Henri,Lansbury,Lansbury,Aston Villa,MID,12,190,0,0,0,6,0,37,13.4,27.2,13.0,5.5,,,44,0.3,
2019-20,36,José Ignacio,Peleteiro Romallo,Jota,Aston Villa,MID,17,329,0,1,2,5,0,48,47.0,56.9,73.0,17.3,,,57,0.2,
2019-20,94,Tom,Heaton,Heaton,Aston Villa,GKP,59,1794,0,0,4,35,3,346,507.4,0.3,0.0,50.7,,,43,2.1,
2019-20,120,Daniel,Drinkwater,Drinkwater,Aston Villa,MID,6,317,0,0,0,11,0,32,18.6,21.2,8.0,4.7,,,44,0.5,
2019-20,309,Matt,Targett,Targett,Aston Villa,DEF,80,2291,1,3,5,40,10,433,503.8,432.9,130.0,106.9,,,43,1.1,
2019-20,428,Wesley,Moraes,Wesley,Aston Villa,FWD,67,1782,5,1,6,31,7,180,296.2,169.8,632.0,108.3,,,54,0.8,
2019-20,429,Jed,Steer,Steer,Aston Villa,GKP,1,7,0,0,0,0,0,3,0.0,0.0,0.0,0.0,,,43,0.1,
2019-20,445,Tyrone,Mings,Mings,Aston Villa,DEF,90,2902,2,2,6,53,9,537,758.0,87.3,119.0,96.6,,,44,3.3,
2019-20,452,Ezri,Konsa Ngoyo,Konsa,Aston Villa,DEF,65,2038,1,2,5,39,4,335,400.6,151.8,173.0,72.8,,,43,0.2,
2019-20,455,Bjorn,Engels,Engels,Aston Villa,DEF,42,1446,1,0,3,32,4,252,329.6,31.9,81.0,44.5,,,43,0.4,
2019-20,458,Frédéric,Guilbert,Guilbert,Aston Villa,DEF,62,2038,0,2,6,36,4,342,451.2,241.5,77.0,77.2,,,43,0.4,
2019-20,465,Mahmoud Ahmed,Ibrahim Hassan,Trézéguet,Aston Villa,MID,98,1936,6,2,6,29,7,270,422.4,303.7,741.0,145.7,,,52,1.8,
2019-20,470,Douglas Luiz,Soares de Paulo,Douglas Luiz,Aston Villa,MID,90,2604,3,2,8,51,5,411,508.6,293.2,377.0,118.0,,,43,3.7,
2019-20,474,Lovre,Kalinic,Kalinic,Aston Villa,GKP,0,0,0,0,0,0,0,0,0.0,0.0,0.0,0.0,,,42,0.1,
2019-20,491,Marvelous,Nakamba,Nakamba,Aston Villa,MID,43,1826,0,0,1,37,0,273,292.2,162.9,24.0,47.9,,,44,0.6,
2019-20,600,Indiana,Vassilev,Vassilev,Aston Villa,MID,4,47,0,0,0,1,0,8,1.2,1.6,7.0,0.9,,,45,0.0,
2019-20,603,José,Reina,Reina,Aston Villa,GKP,41,1080,0,0,2,20,4,203,289.4,10.0,0.0,30.0,,,42,1.1,
2019-20,613,Mbwana,Samatta,Samatta,Aston Villa,FWD,29,940,1,0,4,18,2,74,67.6,131.5,245.0,44.2,,,51,0.2,
2019-20,623,Borja,González Tomás,Bastón,Aston Villa,FWD,2,16,0,0,0,2,0,5,0.2,1.7,2.0,0.4,,,53,0.0,
2019-20,659,Kaine,Hayden,Hayden,Aston Villa,MID,0,0,0,0,0,0,0,0,0.0,0.0,0.0,0.0,,,45,0.0,
2019-20,58,Steve,Cook,Steve Cook,Bournemouth,DEF,52,2427,1,0,3,48,5,362,557.2,51.5,159.0,77.2,,,50,0.2,
2019-20,59,Nathan,Aké,Aké,Bournemouth,DEF,79,2503,2,2,4,46,6,499,691.2,92.7,326.0,111.0,,,48,6.0,
2019-20,60,Charlie,Daniels,Daniels,Bournemouth,DEF,3,126,0,0,0,2,0,18,22.4,29.6,0.0,5.2,,,42,0.1,
2019-20,61,Chris,Mepham,Mepham,Bournemouth,DEF,27,911,1,0,1,19,2,165,276.8,20.8,138.0,43.7,,,43,0.6,
2019-20,62,Simon,Francis,Francis,Bournemouth,DEF,16,964,0,0,1,21,1,161,263.8,64.4,72.0,40.2,,,43,0.0,
2019-20,63,Adam,Smith,Adam Smith,Bournemouth,DEF,49,2055,0,1,4,40,3,309,309.6,183.0,97.0,58.8,,,43,0.4,
2019-20,64,Lloyd,Kelly,Kelly,Bournemouth,DEF,11,638,0,0,1,15,0,85,73.4,28.4,20.0,12.2,,,44,0.1,
2019-20,65,Diego,Rico,Rico,Bournemouth,DEF,84,2333,0,5,6,38,10,463,596.6,558.9,96.0,125.5,,,42,7.3,
2019-20,66,Jack,Simpson,Simpson,Bournemouth,DEF,4,238,0,0,0,6,0,33,33.6,12.7,18.0,6.4,,,39,7.8,
2019-20,67,Callum,Wilson,Callum Wilson,Bournemouth,FWD,116,2906,8,6,4,53,8,321,397.4,391.1,848.0,162.6,,,74,4.2,
2019-20,68,Joshua,King,King,Bournemouth,FWD,99,2010,6,5,4,37,11,313,435.8,412.7,506.0,135.1,,,61,3.3,
2019-20,69,Dominic,Solanke,Solanke,Bournemouth,FWD,69,1637,3,2,1,39,3,177,223.2,202.5,569.0,99.4,,,51,0.4,
2019-20,71,Sam,Surridge,Surridge,Bournemouth,FWD,4,25,0,0,0,2,0,3,3.4,10.6,24.0,3.4,,,43,0.6,
2019-20,72,Asmir,Begovic,Begovic,Bournemouth,GKP,0,0,0,0,0,0,0,0,0.0,0.0,0.0,0.0,,,42,0.7,
2019-20,73,Artur,Boruc,Boruc,Bournemouth,GKP,0,0,0,0,0,0,0,0,0.0,0.0,0.0,0.0,,,42,0.2,
2019-20,74,Mark,Travers,Travers,Bournemouth,GKP,1,90,0,0,0,3,0,9,15.2,0.0,0.0,1.5,,,42,0.1,
2019-20,75,Ryan,Fraser,Fraser,Bournemouth,MID,73,2061,1,5,4,34,2,305,355.6,627.1,440.0,141.9,,,68,2.4,
2019-20,76,David,Brooks,Brooks,Bournemouth,MID,21,505,1,0,1,12,1,73,82.2,100.8,71.0,25.4,,,61,0.1,
2019-20,77,Junior,Stanislas,Stanislas,Bournemouth,MID,42,706,3,1,1,17,2,155,179.0,185.4,241.0,60.7,,,58,0.1,
2019-20,78,Jordon,Ibe,Ibe,Bournemouth,MID,2,48,0,0,0,1,0,10,6.8,5.4,0.0,1.2,,,46,0.1,
2019-20,79,Lewis,Cook,Lewis Cook,Bournemouth,MID,40,1340,0,1,2,30,0,183,187.8,183.1,68.0,43.8,,,50,0.0,
2019-20,80,Andrew,Surman,Surman,Bournemouth,MID,6,234,0,0,0,6,0,28,23.6,25.5,8.0,5.6,,,47,0.0,
2019-20,81,Dan,Gosling,Gosling,Bournemouth,MID,54,1254,3,1,2,23,1,186,316.4,151.9,259.0,72.6,,,48,0.1,
2019-20,82,Jefferson,Lerma,Lerma,Bournemouth,MID,65,2702,1,2,4,49,2,376,439.0,189.4,169.0,79.4,,,48,0.1,
2019-20,446,Jack,Stacey,Stacey,Bournemouth,DEF,39,1547,0,2,1,27,4,241,308.8,147.2,86.0,54.3,,,43,0.1,
2019-20,476,Philip,Billing,Billing,Bournemouth,MID,68,2526,1,1,5,41,5,347,545.4,239.8,342.0,112.9,,,49,0.2,
2019-20,492,Arnaut,Danjuma Groeneveld,Danjuma,Bournemouth,MID,24,625,0,1,2,12,0,60,60.6,82.6,139.0,27.9,,,58,0.0,
2019-20,494,Aaron,Ramsdale,Ramsdale,Bournemouth,GKP,126,3330,0,1,5,62,13,680,973.8,24.0,0.0,99.7,,,44,3.2,
2019-20,505,Harry,Wilson,Harry Wilson,Bournemouth,MID,91,1637,7,1,2,32,7,295,377.4,242.1,667.0,128.5,,,57,1.5,
2019-20,564,Christian,Saydee,Saydee,Bournemouth,MID,0,0,0,0,0,0,0,0,0.0,0.0,0.0,0.0,,,45,0.0,
2019-20,565,Gavin,Kilkenny,Kilkenny,Bournemouth,MID,0,0,0,0,0,0,0,0,0.0,0.0,0.0,0.0,,,45,0.0,
2019-20,574,Mihai-Alexandru,Dobre,Dobre,Bournemouth,MID,0,0,0,0,0,0,0,0,0.0,0.0,0.0,0.0,,,44,0.0,
2019-20,37,Shane,Duffy,Duffy,Brighton,DEF,44,1232,1,0,3,18,1,227,288.0,29.8,100.0,41.8,,,48,0.8,
2019-20,38,Martín,Montoya,Montoya,Brighton,DEF,62,1892,0,1,6,32,3,313,337.4,338.0,177.0,85.5,,,43,0.5,
2019-20,39,Bernardo,Fernandes da Silva Junior,Bernardo,Brighton,DEF,21,675,0,0,1,17,3,121,154.0,72.6,92.0,31.9,,,43,0.1,
2019-20,40,Leon,Balogun,Balogun,Brighton,DEF,0,0,0,0,0,0,0,0,0.0,0.0,0.0,0.0,,,43,0.0,
2019-20,41,Gaëtan,Bong,Bong,Brighton,DEF,3,57,0,0,0,3,0,15,16.0,27.9,6.0,5.0,,,42,0.1,
2019-20,42,Lewis,Dunk,Dunk,Brighton,DEF,128,3230,3,3,9,50,17,674,825.6,171.8,469.0,146.8,,,48,12.5,
2019-20,43,Matthew,Clarke,Clarke,Brighton,DEF,0,0,0,0,0,0,0,0,0.0,0.0,0.0,0.0,,,43,0.0,
2019-20,44,Glenn,Murray,Murray,Brighton,FWD,36,785,1,1,2,10,0,74,74.0,57.1,249.0,37.7,,,54,0.7,
2019-20,45,Jürgen,Locadia,Locadia,Brighton,FWD,3,85,0,0,1,1,0,5,3.2,1.3,30.0,3.3,,,52,0.1,
2019-20,46,Florin,Andone,Andone,Brighton,FWD,5,71,1,0,0,2,1,20,45.0,11.3,21.0,7.6,,,47,0.3,
2019-20,47,Mathew,Ryan,Ryan,Brighton,GKP,135,3420,0,0,9,54,14,754,1000.0,0.0,0.0,100.1,,,47,11.5,
2019-20,48,David,Button,Button,Brighton,GKP,0,0,0,0,0,0,0,0,0.0,0.0,0.0,0.0,,,39,18.2,
2019-20,49,Pascal,Groß,Groß,Brighton,MID,76,1791,2,5,3,32,7,326,388.2,908.5,323.0,161.6,,,62,0.4,
2019-20,50,Alireza,Jahanbakhsh,Jahanbakhsh,Brighton,MID,28,305,2,1,1,4,2,90,90.6,62.5,106.0,25.9,,,58,0.1,
2019-20,51,José Heriberto,Izquierdo Mena,Izquierdo,Brighton,MID,0,0,0,0,0,0,0,0,0.0,0.0,0.0,0.0,,,54,0.0,
2019-20,52,Anthony,Knockaert,Knockaert,Brighton,MID,0,0,0,0,0,0,0,0,0.0,0.0,0.0,0.0,,,53,0.0,
2019-20,53,Yves,Bissouma,Bissouma,Brighton,MID,39,1253,1,0,4,18,0,207,238.8,110.6,101.0,45.1,,,50,0.0,
2019-20,54,Davy,Pröpper,Pröpper,Brighton,MID,78,2826,1,2,6,46,2,441,522.2,434.1,271.0,122.5,,,48,0.3,
2019-20,55,Solomon,March,March,Brighton,MID,38,1139,0,1,4,15,3,129,189.4,239.6,274.0,70.4,,,46,0.2,
2019-20,56,Beram,Kayal,Kayal,Brighton,MID,0,0,0,0,0,0,0,0,0.0,0.0,0.0,0.0,,,42,0.1,
2019-20,57,Dale,Stephens,Stephens,Brighton,MID,63,2525,0,1,6,42,1,406,438.6,292.8,90.0,82.2,,,44,1.5,
2019-20,421,Leandro,Trossard,Trossard,Brighton,MID,104,2004,5,5,4,34,9,352,411.4,585.4,540.0,153.2,,,58,0.5,
2019-20,475,Dan,Burn,Burn,Brighton,DEF,86,2879,0,0,9,42,3,480,602.8,311.9,128.0,104.2,,,45,0.3,
2019-20,493,Adam,Webster,Webster,Brighton,DEF,88,2668,3,1,5,44,7,514,696.6,153.2,221.0,107.3,,,44,0.5,
2019-20,502,Neal,Maupay,Maupay,Brighton,FWD,131,2763,10,3,8,36,21,361,518.6,369.2,1519.0,240.5,,,57,1.8,
2019-20,516,Aaron,Mooy,Mooy,Brighton,MID,80,2079,2,2,6,33,9,337,436.6,614.9,291.0,134.0,,,47,0.4,
2019-20,534,Aaron,Connolly,Connolly,Brighton,FWD,61,1250,3,3,5,22,5,146,150.6,91.4,530.0,76.0,,,42,2.7,
2019-20,536,Tudor,Baluta,Baluta,Brighton,DEF,0,0,0,0,0,0,0,0,0.0,0.0,0.0,0.0,,,40,0.2,
2019-20,537,Steven,Alzate,Alzate,Brighton,MID,33,1181,0,0,3,18,0,183,202.0,214.1,205.0,62.3,,,44,0.1,
2019-20,546,Ezequiel,Schelotto,Schelotto,Brighton,DEF,9,357,0,0,0,7,0,40,38.4,12.7,65.0,11.4,,,39,0.6,
2019-20,586,Tariq,Lamptey,Lamptey,Brighton,DEF,26,619,0,1,3,8,0,136,91.8,82.1,27.0,20.2,,,41,1.5,
2019-20,627,Alexis,Mac Allister,Mac Allister,Brighton,MID,12,348,0,0,0,6,0,35,28.4,73.8,66.0,16.9,,,54,0.0,
2019-20,666,Alex,Cochrane,Cochrane,Brighton,DEF,0,0,0,0,0,0,0,0,0.0,0.0,0.0,0.0,,,40,0.0,
2019-20,83,Ben,Mee,Mee,Burnley,DEF,110,2880,1,2,13,45,6,549,658.8,105.8,362.0,112.9,,,49,0.9,
2019-20,84,James,Tarkowski,Tarkowski,Burnley,DEF,143,3420,2,3,15,50,14,690,919.8,167.1,410.0,149.9,,,55,9.3,
2019-20,85,Matthew,Lowton,Lowton,Burnley,DEF,48,1530,0,1,6,31,1,270,294.2,181.7,15.0,49.2,,,42,0.3,
2019-20,86,Phil,Bardsley,Bardsley,Burnley,DEF,78,1890,0,2,9,19,6,358,350.6,164.0,109.0,62.5,,,44,2.1,
2019-20,87,Charlie,Taylor,Taylor,Burnley,DEF,84,1944,0,1,10,18,5,375,382.6,243.0,19.0,64.7,,,43,2.1,
2019-20,88,Kevin,Long,Long,Burnley,DEF,21,562,0,0,2,5,0,93,104.8,1.3,24.0,13.0,,,43,0.3,
2019-20,89,Ben,Gibson,Gibson,Burnley,DEF,0,0,0,0,0,0,0,0,0.0,0.0,0.0,0.0,,,39,2.1,
2019-20,90,Ashley,Barnes,Barnes,Burnley,FWD,61,1350,6,0,8,21,6,161,226.2,85.1,474.0,75.9,,,61,2.1,
2019-20,91,Chris,Wood,Wood,Burnley,FWD,136,2436,14,1,11,33,21,384,552.2,299.6,1070.0,190.8,,,62,2.4,
2019-20,92,Matej,Vydra,Vydra,Burnley,FWD,39,807,2,1,5,7,3,112,144.2,113.3,273.0,53.3,,,51,0.1,
2019-20,93,Nick,Pope,Pope,Burnley,GKP,170,3420,0,0,15,50,23,789,900.0,30.3,2.0,93.1,,,52,23.1,
2019-20,95,Joe,Hart,Hart,Burnley,GKP,0,0,0,0,0,0,0,0,0.0,0.0,0.0,0.0,,,42,1.0,
2019-20,96,Johann Berg,Gudmundsson,Gudmundsson,Burnley,MID,30,617,1,1,3,7,1,98,118.6,215.4,108.0,44.1,,,59,0.4,
2019-20,97,Dwight,McNeil,McNeil,Burnley,MID,123,3339,2,7,16,48,6,529,644.2,931.4,430.0,200.6,,,60,1.0,
2019-20,98,Robbie,Brady,Brady,Burnley,MID,32,445,1,2,1,10,0,112,118.6,102.1,128.0,34.9,,,55,0.0,
2019-20,99,Steven,Defour,Defour,Burnley,MID,0,0,0,0,0,0,0,0,0.0,0.0,0.0,0.0,,,55,0.0,
2019-20,100,Jeff,Hendrick,Hendrick,Burnley,MID,67,1930,2,2,10,30,4,197,269.8,213.7,282.0,76.5,,,54,0.1,
2019-20,101,Ashley,Westwood,Westwood,Burnley,MID,118,3150,2,7,15,39,11,567,596.8,814.2,135.0,154.7,,,55,0.8,
2019-20,102,Jack,Cork,Cork,Burnley,MID,70,2614,0,0,12,41,0,301,313.2,198.2,311.0,82.4,,,49,0.2,
2019-20,430,Aaron,Lennon,Lennon,Burnley,MID,15,485,0,0,0,15,0,51,45.0,37.8,12.0,9.6,,,46,0.1,
2019-20,447,Erik,Pieters,Pieters,Burnley,DEF,77,1876,0,5,6,35,10,359,355.4,273.8,90.0,71.6,,,43,6.7,
2019-20,451,Jay,Rodriguez,Rodriguez,Burnley,FWD,100,2002,8,2,7,34,9,282,431.4,135.0,827.0,137.8,,,57,1.0,
2019-20,495,Bailey,Peacock-Farrell,Peacock-Farrell,Burnley,GKP,0,0,0,0,0,0,0,0,0.0,0.0,0.0,0.0,,,43,0.1,
2019-20,571,Mace,Goodridge,Goodridge,Burnley,MID,0,0,0,0,0,0,0,0,0.0,0.0,0.0,0.0,,,45,0.0,
2019-20,572,Anthony,Driscoll-Glennon,Driscoll-Glennon,Burnley,DEF,0,0,0,0,0,0,0,0,0.0,0.0,0.0,0.0,,,39,0.1,
2019-20,596,Abd-Al-Ali Morakinyo Olaposi,Koiki,Koiki,Burnley,DEF,0,0,0,0,0,0,0,0,0.0,0.0,0.0,0.0,,,40,0.0,
2019-20,620,Josh,Brownhill,Brownhill,Burnley,MID,21,805,0,0,4,10,0,111,101.2,58.5,49.0,20.8,,,48,0.0,
2019-20,638,Jimmy,Dunne,Dunne,Burnley,DEF,0,0,0,0,0,0,0,0,0.0,0.0,0.0,0.0,,,40,0.0,
2019-20,639,Bobby,Thomas,Thomas,Burnley,DEF,0,0,0,0,0,0,0,0,0.0,0.0,0.0,0.0,,,40,0.0,
2019-20,640,Max,Thompson,Thompson,Burnley,FWD,1,2,0,0,0,0,0,3,0.0,0.0,0.0,0.0,,,45,0.0,
2019-20,641,Lukas,Jensen,Jensen,Burnley,GKP,0,0,0,0,0,0,0,0,0.0,0.0,0.0,0.0,,,40,0.0,
2019-20,653,Josh,Benson,Benson,Burnley,MID,0,0,0,0,0,0,0,0,0.0,0.0,0.0,0.0,,,45,0.0,
2019-20,665,Joel,Mumbongo,Mumbongo,Burnley,FWD,0,0,0,0,0,0,0,0,0.0,0.0,0.0,0.0,,,45,0.0,
2019-20,103,Marcos,Alonso,Alonso,Chelsea,DEF,100,1429,4,4,7,18,11,395,411.8,413.4,420.0,124.3,,,61,3.1,
2019-20,104,Antonio,Rüdiger,Rüdiger,Chelsea,DEF,63,1710,2,0,5,24,5,351,389.4,93.3,194.0,67.7,,,59,0.7,
2019-20,105,César,Azpilicueta,Azpilicueta,Chelsea,DEF,130,3229,2,6,8,53,16,700,905.2,708.7,438.0,205.4,,,61,8.8,
2019-20,107,Emerson,Palmieri dos Santos,Emerson,Chelsea,DEF,19,1022,0,0,1,21,0,181,207.8,298.7,225.0,73.2,,,54,0.7,
2019-20,108,Andreas,Christensen,Christensen,Chelsea,DEF,34,1751,0,0,3,33,0,325,353.6,70.9,96.0,52.1,,,48,0.7,
2019-20,109,Davide,Zappacosta,Zappacosta,Chelsea,DEF,0,0,0,0,0,0,0,0,0.0,0.0,0.0,0.0,,,42,0.2,
2019-20,110,Olivier,Giroud,Giroud,Chelsea,FWD,68,988,8,1,6,16,5,253,316.2,144.8,598.0,105.4,,,67,3.2,
2019-20,111,Kepa,Arrizabalaga,Kepa,Chelsea,GKP,90,2970,0,0,8,47,0,507,503.6,0.0,0.0,50.2,,,54,4.3,
2019-20,112,Willy,Caballero,Caballero,Chelsea,GKP,13,450,0,0,1,7,0,74,90.2,0.0,0.0,9.0,,,48,0.2,
2019-20,113,Willian,Borges Da Silva,Willian,Chelsea,MID,168,2595,9,9,10,35,26,698,834.8,1177.7,930.0,294.6,,,73,10.7,
2019-20,114,Pedro,Rodríguez Ledesma,Pedro,Chelsea,MID,32,659,1,2,2,12,1,127,161.4,227.1,349.0,73.8,,,68,1.1,
2019-20,115,Ruben,Loftus-Cheek,Loftus-Cheek,Chelsea,MID,12,203,0,1,1,3,0,37,30.8,30.2,33.0,9.2,,,59,0.1,
2019-20,116,Callum,Hudson-Odoi,Hudson-Odoi,Chelsea,MID,53,849,1,5,2,14,3,197,235.2,341.4,325.0,89.9,,,51,0.4,
2019-20,117,Ross,Barkley,Barkley,Chelsea,MID,61,1095,1,5,5,14,5,208,266.0,344.3,373.0,98.2,,,56,1.6,
2019-20,118,Jorge Luiz,Frello Filho,Jorginho,Chelsea,MID,92,2376,4,3,6,40,9,535,600.0,422.4,158.0,118.4,,,49,2.8,
2019-20,119,N'Golo,Kanté,Kanté,Chelsea,MID,57,1730,3,0,3,25,2,294,422.8,424.5,214.0,106.3,,,50,3.5,
2019-20,121,Ethan,Ampadu,Ampadu,Chelsea,MID,0,0,0,0,0,0,0,0,0.0,0.0,0.0,0.0,,,43,0.0,
2019-20,431,Christian,Pulisic,Pulisic,Chelsea,MID,127,1717,9,8,6,28,8,379,556.2,426.0,1059.0,204.2,,,74,13.0,
2019-20,432,Mateo,Kovacic,Kovacic,Chelsea,MID,68,2065,1,3,4,37,6,461,497.0,458.5,186.0,114.0,,,53,0.9,
2019-20,459,Kurt,Zouma,Zouma,Chelsea,DEF,62,2343,0,0,7,37,2,432,518.0,40.1,162.0,71.7,,,47,1.7,
2019-20,460,Tammy,Abraham,Abraham,Chelsea,FWD,153,2206,15,6,7,34,20,461,659.6,283.2,1301.0,223.3,,,73,14.0,
2019-20,461,Michy,Batshuayi,Batshuayi,Chelsea,FWD,28,224,1,2,0,8,1,59,61.8,42.9,185.0,28.3,,,66,0.5,
2019-20,462,Robert Kenedy,Nunes do Nascimento,Kenedy,Chelsea,MID,0,0,0,0,0,0,0,0,0.0,0.0,0.0,0.0,,,52,0.0,
2019-20,463,Mason,Mount,Mount,Chelsea,MID,137,2865,7,6,9,44,11,510,641.2,814.0,974.0,242.8,,,60,12.7,
2019-20,506,Reece,James,James,Chelsea,DEF,61,1510,0,2,5,23,5,373,343.6,428.8,143.0,91.8,,,49,0.9,
2019-20,529,Fikayo,Tomori,Tomori,Chelsea,DEF,48,1291,1,0,4,18,7,271,335.4,68.6,79.0,48.5,,,42,1.4,
2019-20,533,Billy,Gilmour,Gilmour,Chelsea,MID,9,191,0,0,1,3,0,41,31.4,55.3,5.0,9.1,,,41,0.3,
2019-20,545,Addji Keaninkin Marc-Israel,Guehi,Guehi,Chelsea,DEF,0,0,0,0,0,0,0,0,0.0,0.0,0.0,0.0,,,39,0.1,
2019-20,630,Faustino,Anjorin,Anjorin,Chelsea,MID,1,19,0,0,0,0,0,1,0.0,1.2,9.0,1.0,,,45,0.0,
2019-20,631,Armando,Broja,Broja,Chelsea,FWD,1,4,0,0,0,0,0,2,0.0,0.3,0.0,0.0,,,45,0.0,
2019-20,657,Lewis,Bate,Bate,Chelsea,MID,0,0,0,0,0,0,0,0,0.0,0.0,0.0,0.0,,,45,0.0,
2019-20,123,Patrick,van Aanholt,van Aanholt,Crystal Palace,DEF,109,2507,3,2,8,38,12,523,531.2,516.0,285.0,133.4,,,56,4.7,
2019-20,124,James,Tomkins,Tomkins,Crystal Palace,DEF,48,1582,1,1,3,23,4,260,384.0,27.7,121.0,53.3,,,49,0.2,
2019-20,125,Mamadou,Sakho,Sakho,Crystal Palace,DEF,11,929,0,0,0,21,0,148,179.2,15.9,6.0,20.2,,,50,0.1,
2019-20,126,Joel,Ward,Ward,Crystal Palace,DEF,77,2380,0,1,7,36,8,392,427.0,117.0,49.0,59.5,,,43,1.5,
2019-20,127,Scott,Dann,Dann,Crystal Palace,DEF,51,1264,0,1,5,14,3,253,250.2,58.3,177.0,48.6,,,43,0.2,
2019-20,128,Martin,Kelly,Kelly,Crystal Palace,DEF,64,1547,0,1,6,16,4,288,305.4,96.5,15.0,41.7,,,41,14.7,
2019-20,129,Christian,Benteke,Benteke,Crystal Palace,FWD,42,1252,2,1,5,18,1,133,231.8,248.3,632.0,110.9,,,57,0.5,
2019-20,130,Connor,Wickham,Wickham,Crystal Palace,FWD,15,90,1,1,0,2,2,48,59.8,34.5,64.0,15.8,,,43,1.8,
2019-20,131,Vicente,Guaita,Guaita,Crystal Palace,GKP,137,3150,0,0,10,42,16,643,827.2,0.0,0.0,82.6,,,49,1.6,
2019-20,132,Wayne,Hennessey,Hennessey,Crystal Palace,GKP,7,270,0,0,0,8,0,58,110.4,0.0,0.0,11.0,,,42,0.6,
2019-20,133,Wilfried,Zaha,Zaha,Crystal Palace,MID,120,3279,4,6,9,46,4,337,572.0,588.0,1103.0,226.4,,,66,8.4,
2019-20,134,Luka,Milivojevic,Milivojevic,Crystal Palace,MID,81,2510,3,1,7,38,9,382,460.0,499.1,190.0,114.9,,,67,1.9,
2019-20,135,Andros,Townsend,Townsend,Crystal Palace,MID,48,1284,1,1,3,23,0,221,246.4,247.1,122.0,61.6,,,56,0.9,
2019-20,136,Max,Meyer,Meyer,Crystal Palace,MID,23,645,0,0,1,11,0,67,68.0,68.9,103.0,23.8,,,52,0.1,
2019-20,137,Jeffrey,Schlupp,Schlupp,Crystal Palace,MID,51,1030,3,1,4,16,4,148,240.0,101.9,266.0,60.8,,,54,0.1,
2019-20,138,James,McArthur,McArthur,Crystal Palace,MID,92,3091,0,4,11,38,2,420,586.6,486.6,421.0,149.6,,,52,0.6,
2019-20,139,Cheikhou,Kouyaté,Kouyaté,Crystal Palace,MID,85,2524,1,2,10,36,4,288,394.6,162.3,279.0,83.5,,,48,0.2,
2019-20,140,Luke,Dreher,Dreher,Crystal Palace,MID,0,0,0,0,0,0,0,0,0.0,0.0,0.0,0.0,,,43,0.1,
2019-20,157,James,McCarthy,McCarthy,Crystal Palace,MID,41,1668,0,0,2,29,0,205,268.8,268.3,80.0,61.8,,,42,0.9,
2019-20,468,Jordan,Ayew,Ayew,Crystal Palace,FWD,132,3148,9,3,12,45,19,443,597.4,445.6,885.0,192.4,,,51,7.3,
2019-20,503,Gary,Cahill,Cahill,Crystal Palace,DEF,70,2167,0,1,7,35,4,395,448.4,40.0,342.0,83.4,,,43,1.2,
2019-20,510,Víctor,Camarasa,Camarasa,Crystal Palace,MID,1,5,0,0,0,0,0,3,0.2,0.1,0.0,0.0,,,45,0.1,
2019-20,539,Jairo,Riedewald,Riedewald,Crystal Palace,MID,22,761,0,0,0,9,0,116,117.0,47.1,27.0,19.1,,,45,0.0,
2019-20,556,Stephen,Henderson,Henderson,Crystal Palace,GKP,0,0,0,0,0,0,0,0,0.0,0.0,0.0,0.0,,,40,0.4,
2019-20,578,Sam,Woods,Woods,Crystal Palace,DEF,0,0,0,0,0,0,0,0,0.0,0.0,0.0,0.0,,,39,0.3,
2019-20,579,Tyrick,Mitchell,Mitchell,Crystal Palace,DEF,4,193,0,0,0,4,0,23,36.4,58.7,2.0,9.7,,,40,0.1,
2019-20,580,Brandon,Pierrick,Pierrick,Crystal Palace,MID,2,13,0,0,0,0,0,7,6.4,21.0,2.0,2.9,,,45,0.0,
2019-20,581,James,Daly,Daly,Crystal Palace,FWD,0,0,0,0,0,0,0,0,0.0,0.0,0.0,0.0,,,45,0.0,
2019-20,588,Nya,Kirby,Kirby,Crystal Palace,MID,0,0,0,0,0,0,0,0,0.0,0.0,0.0,0.0,,,45,0.0,
2019-20,608,Giovanni,McGregor,McGregor,Crystal Palace,MID,0,0,0,0,0,0,0,0,0.0,0.0,0.0,0.0,,,45,0.0,
2019-20,635,Nikola,Tavares,Tavares,Crystal Palace,DEF,0,0,0,0,0,0,0,0,0.0,0.0,0.0,0.0,,,40,0.0,
2019-20,668,John-Kymani,Gordon,Gordon,Crystal Palace,MID,0,0,0,0,0,0,0,0,0.0,0.0,0.0,0.0,,,45,0.0,
2019-20,17,Alex,Iwobi,Iwobi,Everton,MID,52,1591,1,0,4,30,2,227,246.4,383.7,329.0,95.9,,,56,0.9,
2019-20,141,Lucas,Digne,Digne,Everton,DEF,120,3031,0,8,9,49,16,646,743.0,1112.0,293.0,215.0,,,59,13.4,
2019-20,142,Yerry,Mina,Mina,Everton,DEF,78,2281,2,1,5,37,8,419,535.4,87.2,422.0,104.4,,,53,1.9,
2019-20,143,Michael,Keane,Keane,Everton,DEF,90,2556,2,0,7,42,9,490,666.4,80.0,204.0,95.2,,,52,2.4,
2019-20,144,Seamus,Coleman,Coleman,Everton,DEF,55,1833,0,1,5,29,2,325,321.2,149.0,175.0,64.6,,,53,1.2,
2019-20,145,Leighton,Baines,Baines,Everton,DEF,14,400,0,1,0,8,0,89,81.8,123.8,5.0,21.2,,,49,0.2,
2019-20,146,Cenk,Tosun,Tosun,Everton,FWD,24,462,2,0,2,6,1,86,89.0,63.4,229.0,37.7,,,57,0.1,
2019-20,147,Dominic,Calvert-Lewin,Calvert-Lewin,Everton,FWD,126,2621,13,1,8,43,15,385,562.8,241.4,1272.0,206.3,,,61,7.9,
2019-20,148,Jordan,Pickford,Pickford,Everton,GKP,117,3420,0,0,9,56,5,626,755.6,13.0,0.0,76.7,,,52,6.3,
2019-20,149,Maarten,Stekelenburg,Stekelenburg,Everton,GKP,0,0,0,0,0,0,0,0,0.0,0.0,0.0,0.0,,,39,7.2,
2019-20,150,Richarlison,de Andrade,Richarlison,Everton,MID,165,3070,13,5,9,51,13,519,814.6,478.1,1233.0,252.3,,,82,9.2,
2019-20,151,Gylfi,Sigurdsson,Sigurdsson,Everton,MID,95,2555,2,4,6,45,7,397,454.6,765.1,484.0,170.5,,,73,2.4,
2019-20,152,Bernard,Anício Caldeira Duarte,Bernard,Everton,MID,72,1269,3,2,9,12,6,237,315.0,349.1,236.0,89.8,,,64,0.6,
2019-20,153,Theo,Walcott,Walcott,Everton,MID,63,1281,2,4,4,19,1,186,225.0,289.1,521.0,103.7,,,62,0.4,
2019-20,154,Tom,Davies,Davies,Everton,MID,59,2020,1,1,5,34,3,233,270.4,122.6,262.0,65.5,,,53,0.1,
2019-20,155,Ademola,Lookman,Lookman,Everton,MID,0,0,0,0,0,0,0,0,0.0,0.0,0.0,0.0,,,50,0.0,
2019-20,156,Idrissa,Gueye,Gueye,Everton,MID,0,0,0,0,0,0,0,0,0.0,0.0,0.0,0.0,,,50,0.0,
2019-20,158,Morgan,Schneiderlin,Schneiderlin,Everton,MID,18,998,0,0,1,20,0,132,143.2,78.5,32.0,25.5,,,44,0.5,
2019-20,205,Fabian,Delph,Delph,Everton,DEF,24,1187,0,0,2,24,2,202,183.0,146.7,24.0,35.4,,,53,0.2,
2019-20,422,André Filipe,Tavares Gomes,André Gomes,Everton,MID,39,1457,0,1,5,20,3,184,156.6,179.4,33.0,36.4,,,52,0.3,
2019-20,477,Lewis,Gibson,Gibson,Everton,DEF,0,0,0,0,0,0,0,0,0.0,0.0,0.0,0.0,,,42,0.1,
2019-20,478,Mason,Holgate,Holgate,Everton,DEF,71,2052,0,4,5,34,6,412,465.4,63.9,152.0,68.3,,,42,1.6,
2019-20,479,Jonas,Lössl,Lössl,Everton,GKP,0,0,0,0,0,0,0,0,0.0,0.0,0.0,0.0,,,42,0.2,
2019-20,496,Moise,Kean,Kean,Everton,FWD,53,830,2,2,1,15,5,138,153.6,136.5,429.0,71.1,,,63,1.4,
2019-20,497,Jean-Philippe,Gbamin,Gbamin,Everton,MID,4,135,0,0,1,0,0,14,20.0,6.3,0.0,2.6,,,48,0.0,
2019-20,511,Djibril,Sidibé,Sidibé,Everton,DEF,74,1818,0,4,5,30,10,386,463.0,341.5,121.0,92.5,,,50,0.7,
2019-20,557,Beni,Baningime,Baningime,Everton,MID,0,0,0,0,0,0,0,0,0.0,0.0,0.0,0.0,,,44,0.0,
2019-20,561,Anthony,Gordon,Gordon,Everton,FWD,17,436,0,1,0,6,1,63,76.0,98.4,44.0,21.8,,,45,0.1,
2019-20,570,Oumar,Niasse,Niasse,Everton,FWD,3,19,0,0,0,2,0,1,7.0,1.8,0.0,0.9,,,45,0.0,
2019-20,577,Rhu-endly,Martina,Cuco Martina,Everton,DEF,0,0,0,0,0,0,0,0,0.0,0.0,0.0,0.0,,,40,0.1,
2019-20,629,João Manuel,Neves Virgínia,Virgínia,Everton,GKP,0,0,0,0,0,0,0,0,0.0,0.0,0.0,0.0,,,40,0.0,
2019-20,637,Jarrad,Branthwaite,Branthwaite,Everton,DEF,11,299,0,0,1,6,2,69,66.0,2.2,0.0,6.9,,,40,0.4,
2019-20,667,Ellis,Simms,Simms,Everton,FWD,0,0,0,0,0,0,0,0,0.0,0.0,0.0,0.0,,,45,0.0,
2019-20,159,Ricardo Domingos,Barbosa Pereira,Pereira,Leicester,DEF,123,2520,3,2,10,27,11,568,738.0,446.5,235.0,141.9,,,62,7.7,
2019-20,161,Benjamin,Chilwell,Chilwell,Leicester,DEF,114,2374,3,3,9,26,8,501,546.0,545.4,208.0,130.0,,,54,6.3,
2019-20,162,Jonny,Evans,Evans,Leicester,DEF,128,3384,1,2,13,41,12,707,755.2,131.9,325.0,121.4,,,53,5.7,
2019-20,163,Christian,Fuchs,Fuchs,Leicester,DEF,26,770,0,0,2,10,2,139,144.4,53.5,20.0,21.8,,,42,0.3,
2019-20,164,Çaglar,Söyüncü,Söyüncü,Leicester,DEF,120,3036,1,1,12,35,12,681,755.6,79.0,238.0,107.5,,,49,9.3,
2019-20,165,Wes,Morgan,Morgan,Leicester,DEF,19,430,0,0,1,6,2,87,85.8,2.1,58.0,14.5,,,41,0.6,
2019-20,166,Jamie,Vardy,Vardy,Leicester,FWD,210,3032,23,7,11,38,34,775,1026.0,418.4,1455.0,288.8,,,97,27.2,
2019-20,167,Kelechi,Iheanacho,Iheanacho,Leicester,FWD,64,953,5,4,3,9,7,204,288.2,204.2,603.0,109.4,,,57,0.5,
2019-20,168,Kasper,Schmeichel,Schmeichel,Leicester,GKP,156,3420,0,0,13,41,10,707,863.4,30.0,2.0,89.6,,,55,12.8,
2019-20,169,Eldin,Jakupovic,Jakupovic,Leicester,GKP,0,0,0,0,0,0,0,0,0.0,0.0,0.0,0.0,,,42,0.1,
2019-20,170,Danny,Ward,Ward,Leicester,GKP,0,0,0,0,0,0,0,0,0.0,0.0,0.0,0.0,,,42,0.2,
2019-20,171,James,Maddison,Maddison,Leicester,MID,125,2624,6,5,10,26,14,548,642.4,1246.4,702.0,259.2,,,73,12.1,
2019-20,172,Harvey,Barnes,Barnes,Leicester,MID,133,2075,6,10,9,24,9,394,525.0,517.4,893.0,193.7,,,58,2.1,
2019-20,173,Rachid,Ghezzal,Ghezzal,Leicester,MID,0,0,0,0,0,0,0,0,0.0,0.0,0.0,0.0,,,51,0.0,
2019-20,174,Marc,Albrighton,Albrighton,Leicester,MID,38,857,0,3,3,11,1,185,190.6,287.9,102.0,58.1,,,51,0.2,
2019-20,175,Demarai,Gray,Gray,Leicester,MID,44,605,2,4,1,6,0,151,205.4,242.3,263.0,70.8,,,50,0.3,
2019-20,176,Wilfred,Ndidi,Ndidi,Leicester,MID,85,2671,2,1,12,32,5,443,611.6,254.4,205.0,107.2,,,50,1.7,
2019-20,177,Matty,James,James,Leicester,MID,1,5,0,0,0,0,0,3,0.4,0.1,0.0,0.1,,,43,0.2,
2019-20,178,Daniel,Amartey,Amartey,Leicester,MID,0,0,0,0,0,0,0,0,0.0,0.0,0.0,0.0,,,42,0.3,
2019-20,179,Nampalys,Mendy,Mendy,Leicester,MID,11,288,0,0,1,3,0,71,57.4,51.8,9.0,11.8,,,43,0.8,
2019-20,180,Hamza,Choudhury,Choudhury,Leicester,MID,35,883,1,1,3,12,0,153,177.6,70.0,83.0,33.1,,,42,0.7,
2019-20,265,Ayoze,Pérez,Pérez,Leicester,MID,129,1998,8,5,9,25,9,402,547.4,443.9,779.0,177.3,,,60,5.0,
2019-20,404,Ryan,Bennett,Bennett,Leicester,DEF,32,932,0,0,3,17,2,176,161.4,41.0,16.0,21.8,,,48,0.3,
2019-20,433,James,Justin,Justin,Leicester,DEF,35,1010,0,1,4,14,0,196,240.6,195.0,61.0,49.6,,,47,0.6,
2019-20,448,Youri,Tielemans,Tielemans,Leicester,MID,117,2823,3,6,12,35,5,531,566.6,805.4,502.0,187.6,,,61,3.7,
2019-20,480,Andy,King,King,Leicester,MID,0,0,0,0,0,0,0,0,0.0,0.0,0.0,0.0,,,42,0.4,
2019-20,517,Dennis,Praet,Praet,Leicester,MID,54,1122,1,3,2,17,3,203,196.2,161.6,210.0,56.5,,,52,0.1,
2019-20,597,Filip,Benkovic,Benkovic,Leicester,DEF,0,0,0,0,0,0,0,0,0.0,0.0,0.0,0.0,,,39,0.0,
2019-20,660,Luke,Thomas,Thomas,Leicester,DEF,15,267,0,1,1,4,3,70,78.4,149.8,10.0,23.9,,,40,0.8,
2019-20,661,George,Hirst,Hirst,Leicester,FWD,2,9,0,0,0,1,0,3,3.2,0.6,25.0,2.6,,,45,0.0,
2019-20,662,Darnell,Johnson,Johnson,Leicester,DEF,0,0,0,0,0,0,0,0,0.0,0.0,0.0,0.0,,,40,0.0,
2019-20,181,Andrew,Robertson,Robertson,Liverpool,DEF,181,3111,2,12,13,31,20,847,845.8,980.2,389.0,221.7,,,70,18.1,
2019-20,182,Trent,Alexander-Arnold,Alexander-Arnold,Liverpool,DEF,210,3173,4,15,14,32,24,904,1026.8,1380.3,420.0,282.8,,,77,39.1,
2019-20,183,Virgil,van Dijk,van Dijk,Liverpool,DEF,178,3420,5,2,15,33,14,804,930.2,152.4,467.0,154.8,,,65,42.4,
2019-20,184,Joseph,Gomez,Gomez,Liverpool,DEF,93,1999,0,0,12,16,7,461,390.6,105.7,12.0,50.9,,,53,3.9,
2019-20,185,Joel,Matip,Matip,Liverpool,DEF,39,703,1,0,3,5,4,167,198.2,23.0,39.0,26.2,,,52,1.1,
2019-20,186,Dejan,Lovren,Lovren,Liverpool,DEF,18,776,0,1,0,11,0,147,196.6,28.1,72.0,29.8,,,53,0.2,
2019-20,187,Roberto,Firmino,Firmino,Liverpool,FWD,155,2985,9,9,16,26,20,592,733.6,703.0,1638.0,307.5,,,93,10.1,
2019-20,188,Divock,Origi,Origi,Liverpool,FWD,65,699,4,3,2,12,8,230,201.8,128.8,222.0,55.0,,,51,2.4,
2019-20,189,Alisson,Ramses Becker,Alisson,Liverpool,GKP,122,2543,0,1,13,24,11,558,503.0,10.0,0.0,51.5,,,62,9.2,
2019-20,190,Simon,Mignolet,Mignolet,Liverpool,GKP,0,0,0,0,0,0,0,0,0.0,0.0,0.0,0.0,,,45,0.0,
2019-20,191,Mohamed,Salah,Salah,Liverpool,MID,233,2879,19,10,16,26,26,661,1061.2,834.8,2156.0,405.1,,,125,32.4,
2019-20,192,Sadio,Mané,Mané,Liverpool,MID,221,2745,18,10,12,28,27,689,1010.2,826.6,1239.0,307.7,,,121,19.7,
2019-20,193,Alex,Oxlade-Chamberlain,Chamberlain,Liverpool,MID,76,1475,4,1,8,12,2,268,300.0,298.2,406.0,99.9,,,61,0.6,
2019-20,194,Xherdan,Shaqiri,Shaqiri,Liverpool,MID,15,181,1,0,1,2,0,54,47.8,51.6,37.0,13.7,,,63,0.2,
2019-20,195,Adam,Lallana,Lallana,Liverpool,MID,27,371,1,1,1,5,1,97,107.2,68.8,74.0,25.1,,,57,0.1,
2019-20,196,Naby,Keita,Keita,Liverpool,MID,52,806,2,3,5,8,3,224,281.8,234.7,169.0,68.7,,,58,0.3,
2019-20,197,Fabio Henrique,Tavares,Fabinho,Liverpool,MID,77,2073,2,3,6,26,8,403,431.6,322.4,85.0,84.0,,,54,1.2,
2019-20,198,Jordan,Henderson,Henderson,Liverpool,MID,116,2234,4,5,16,14,11,530,582.6,425.9,275.0,128.5,,,52,1.2,
2019-20,199,Georginio,Wijnaldum,Wijnaldum,Liverpool,MID,107,2933,4,0,12,28,5,503,452.8,344.1,423.0,122.0,,,54,2.1,
2019-20,200,James,Milner,Milner,Liverpool,MID,49,924,2,2,4,9,3,198,237.2,177.1,100.0,51.4,,,53,0.5,
2019-20,201,Rafael,Camacho,Camacho,Liverpool,MID,0,0,0,0,0,0,0,0,0.0,0.0,0.0,0.0,,,45,0.0,
2019-20,464,Rhian,Brewster,Brewster,Liverpool,FWD,0,0,0,0,0,0,0,0,0.0,0.0,0.0,0.0,,,42,0.5,
2019-20,526,Adrián,San Miguel del Castillo,Adrián,Liverpool,GKP,27,873,0,0,2,10,0,136,131.4,0.0,0.0,13.2,,,40,2.0,
2019-20,530,Andy,Lonergan,Lonergan,Liverpool,GKP,0,0,0,0,0,0,0,0,0.0,0.0,0.0,0.0,,,42,0.0,
2019-20,531,Caoimhin,Kelleher,Kelleher,Liverpool,GKP,0,0,0,0,0,0,0,0,0.0,0.0,0.0,0.0,,,44,0.0,
2019-20,550,Harvey,Elliott,Elliott,Liverpool,MID,2,7,0,0,0,0,0,6,1.8,1.7,0.0,0.4,,,45,0.0,
2019-20,569,Curtis,Jones,Jones,Liverpool,MID,13,121,1,0,1,1,0,46,49.4,15.6,65.0,12.9,,,45,0.0,
2019-20,575,Neco,Williams,Williams,Liverpool,DEF,14,228,0,0,1,2,3,53,49.4,53.3,98.0,20.0,,,40,0.4,
2019-20,589,Nathaniel,Phillips,Phillips,Liverpool,DEF,0,0,0,0,0,0,0,0,0.0,0.0,0.0,0.0,,,39,0.0,
2019-20,590,Takumi,Minamino,Minamino,Liverpool,MID,11,241,0,0,0,2,0,20,17.4,29.9,85.0,12.7,,,58,0.1,
2019-20,628,Ki-Jana,Hoever,Hoever,Liverpool,DEF,0,0,0,0,0,0,0,0,0.0,0.0,0.0,0.0,,,39,0.0,
2019-20,202,Aymeric,Laporte,Laporte,Man City,DEF,63,1096,1,0,8,5,0,298,246.8,62.2,79.0,38.7,,,63,4.1,
2019-20,203,Kyle,Walker,Walker,Man City,DEF,114,2392,1,4,12,24,7,573,435.6,394.4,169.0,100.1,,,57,13.2,
2019-20,204,Benjamin,Mendy,Mendy,Man City,DEF,74,1491,0,2,9,13,3,378,243.0,403.2,106.0,75.5,,,55,1.6,
2019-20,206,Oleksandr,Zinchenko,Zinchenko,Man City,DEF,49,1271,0,0,6,15,1,295,232.0,375.8,102.0,71.2,,,52,2.4,
2019-20,207,John,Stones,Stones,Man City,DEF,34,1118,0,0,3,16,0,231,216.4,53.0,66.0,33.7,,,53,1.0,
2019-20,208,Nicolás,Otamendi,Otamendi,Man City,DEF,82,1710,2,1,7,21,6,389,443.6,65.5,319.0,82.7,,,48,2.4,
2019-20,209,Danilo Luiz,da Silva,Danilo,Man City,DEF,0,0,0,0,0,0,0,0,0.0,0.0,0.0,0.0,,,50,0.0,
2019-20,210,Sergio,Agüero,Agüero,Man City,FWD,132,1449,16,6,5,18,14,509,641.2,256.4,1188.0,208.2,,,116,11.8,
2019-20,211,Gabriel Fernando,de Jesus,Jesus,Man City,FWD,146,2018,14,8,12,14,17,535,757.6,447.7,1620.0,282.1,,,99,8.2,
2019-20,212,Ederson,Santana de Moraes,Ederson,Man City,GKP,133,3071,0,0,16,31,2,645,608.6,16.0,0.0,62.3,,,61,13.4,
2019-20,213,Claudio,Bravo,Bravo,Man City,GKP,11,346,0,0,1,7,0,69,57.8,0.0,0.0,5.8,,,47,0.3,
2019-20,214,Raheem,Sterling,Sterling,Man City,MID,204,2651,20,6,13,31,20,642,921.6,751.3,1829.0,350.2,,,120,23.2,
2019-20,215,Kevin,De Bruyne,De Bruyne,Man City,MID,251,2790,13,23,18,22,35,988,1322.2,1990.8,1005.0,432.1,,,106,48.9,
2019-20,216,Leroy,Sané,Sané,Man City,MID,1,11,0,0,0,0,0,2,0.0,1.1,11.0,1.0,,,91,0.2,
2019-20,217,Riyad,Mahrez,Mahrez,Man City,MID,175,1934,11,14,10,15,17,668,814.2,885.8,1094.0,279.5,,,86,10.1,
2019-20,218,Bernardo Mota,Veiga de Carvalho e Silva,Bernardo Silva,Man City,MID,116,2021,6,7,9,24,7,526,626.2,773.2,927.0,232.5,,,76,8.1,
2019-20,219,David,Silva,David Silva,Man City,MID,139,1821,6,12,11,15,15,549,639.6,735.8,937.0,231.2,,,75,9.1,
2019-20,220,Phil,Foden,Foden,Man City,MID,69,888,5,2,4,7,4,261,312.2,301.6,466.0,108.1,,,55,6.0,
2019-20,221,Fernando,Luiz Rosa,Fernandinho,Man City,MID,55,2394,0,1,10,27,1,401,557.6,146.2,175.0,87.9,,,51,0.6,
2019-20,222,Ilkay,Gündogan,Gündogan,Man City,MID,65,2012,2,1,7,28,4,382,408.4,592.3,374.0,137.5,,,51,1.2,
2019-20,440,José Ángel,Esmorís Tasende,Angeliño,Man City,DEF,11,422,0,1,0,7,1,94,92.6,164.0,58.0,31.6,,,46,0.1,
2019-20,443,Rodrigo,Hernandez,Rodrigo,Man City,MID,92,2480,3,2,14,27,5,516,599.2,532.6,193.0,132.3,,,53,1.2,
2019-20,518,João Pedro Cavaco,Cancelo,Cancelo,Man City,DEF,45,1205,0,0,5,11,3,299,265.0,287.6,141.0,69.3,,,51,0.8,
2019-20,544,Eric,Garcia,Garcia,Man City,DEF,38,790,0,0,5,7,0,189,153.0,42.2,26.0,22.2,,,45,1.0,
2019-20,562,Scott,Carson,Carson,Man City,GKP,0,0,0,0,0,0,0,0,0.0,0.0,0.0,0.0,,,40,0.1,
2019-20,642,Taylor,Harwood-Bellis,Harwood-Bellis,Man City,DEF,0,0,0,0,0,0,0,0,0.0,0.0,0.0,0.0,,,40,0.0,
2019-20,643,Cole,Palmer,Palmer,Man City,MID,0,0,0,0,0,0,0,0,0.0,0.0,0.0,0.0,,,45,0.0,
2019-20,644,Tommy,Doyle,Doyle,Man City,MID,1,15,0,0,0,0,0,3,3.8,2.0,7.0,1.3,,,45,0.0,
2019-20,122,Aaron,Wan-Bissaka,Wan-Bissaka,Man Utd,DEF,127,3070,0,4,12,33,16,659,749.2,443.3,133.0,132.8,,,55,18.9,
2019-20,160,Harry,Maguire,Maguire,Man Utd,DEF,123,3420,1,0,13,36,5,681,772.0,214.6,371.0,136.2,,,53,11.2,
2019-20,223,Chris,Smalling,Smalling,Man Utd,DEF,0,0,0,0,0,0,0,0,0.0,0.0,0.0,0.0,,,52,0.1,
2019-20,224,Ashley,Young,Young,Man Utd,DEF,24,953,0,0,2,10,0,158,155.6,316.6,18.0,49.1,,,54,0.3,
2019-20,225,Victor,Lindelöf,Lindelöf,Man Utd,DEF,116,3092,1,0,12,32,9,618,554.0,73.6,79.0,70.7,,,53,1.2,
2019-20,226,Luke,Shaw,Shaw,Man Utd,DEF,67,1730,0,0,8,15,2,381,344.2,321.2,187.0,85.1,,,54,0.7,
2019-20,227,Marcos,Rojo,Rojo,Man Utd,DEF,3,121,0,0,0,2,0,9,20.2,1.9,6.0,2.8,,,48,0.1,
2019-20,228,Eric,Bailly,Bailly,Man Utd,DEF,9,148,0,0,1,1,0,40,32.0,1.0,0.0,3.3,,,47,0.1,
2019-20,229,José Diogo,Dalot Teixeira,Dalot,Man Utd,DEF,4,65,0,0,0,1,0,10,10.4,4.3,6.0,1.9,,,49,0.1,
2019-20,230,Matteo,Darmian,Darmian,Man Utd,DEF,0,0,0,0,0,0,0,0,0.0,0.0,0.0,0.0,,,49,0.0,
2019-20,231,Phil,Jones,Jones,Man Utd,DEF,2,135,0,0,0,3,0,22,21.4,3.0,23.0,4.7,,,47,0.1,
2019-20,232,Romelu,Lukaku,Lukaku,Man Utd,FWD,0,0,0,0,0,0,0,0,0.0,0.0,0.0,0.0,,,85,0.3,
2019-20,233,Marcus,Rashford,Rashford,Man Utd,FWD,177,2645,17,8,9,29,31,665,887.0,563.7,1265.0,271.7,,,89,18.1,
2019-20,234,Mason,Greenwood,Greenwood,Man Utd,FWD,103,1303,10,1,6,13,17,430,449.6,222.7,502.0,117.0,,,48,26.9,
2019-20,235,David,de Gea,de Gea,Man Utd,GKP,143,3420,0,0,13,36,8,630,695.0,0.0,0.0,69.2,,,53,11.5,
2019-20,236,Sergio,Romero,Romero,Man Utd,GKP,0,0,0,0,0,0,0,0,0.0,0.0,0.0,0.0,,,46,0.2,
2019-20,237,Lee,Grant,Grant,Man Utd,GKP,0,0,0,0,0,0,0,0,0.0,0.0,0.0,0.0,,,47,0.1,
2019-20,238,Paul,Pogba,Pogba,Man Utd,MID,51,1202,1,4,6,9,2,215,295.8,420.0,193.0,91.0,,,83,3.5,
2019-20,239,Anthony,Martial,Martial,Man Utd,MID,200,2625,17,9,14,27,14,544,855.6,439.3,1297.0,259.4,,,85,22.5,
2019-20,240,Alexis,Sánchez,Sánchez,Man Utd,MID,0,0,0,0,0,0,0,0,0.0,0.0,0.0,0.0,,,68,0.4,
2019-20,241,Jesse,Lingard,Lingard,Man Utd,MID,32,923,1,0,1,14,0,99,109.0,278.2,297.0,68.2,,,63,0.7,
2019-20,242,Juan,Mata,Mata,Man Utd,MID,38,747,0,2,4,8,2,139,109.2,293.9,130.0,53.4,,,61,0.4,
2019-20,243,Daniel,James,James,Man Utd,MID,95,2281,3,6,7,29,2,308,415.2,428.1,622.0,146.0,,,57,4.9,
2019-20,244,Frederico,Rodrigues de Paula Santos,Fred,Man Utd,MID,50,2157,0,0,6,26,0,358,430.6,542.7,260.0,123.5,,,51,0.3,
2019-20,245,Angel,Gomes,Gomes,Man Utd,MID,2,19,0,0,0,1,0,7,4.2,24.8,2.0,3.1,,,47,0.1,
2019-20,246,Andreas,Pereira,Pereira,Man Utd,MID,60,1478,1,3,6,16,1,198,245.6,432.1,343.0,102.3,,,47,0.4,
2019-20,247,Nemanja,Matic,Matic,Man Utd,MID,55,1578,0,2,10,13,2,287,357.4,250.3,53.0,66.2,,,48,0.4,
2019-20,248,Scott,McTominay,McTominay,Man Utd,MID,74,1765,3,2,3,20,6,310,415.6,238.4,310.0,96.4,,,48,1.0,
2019-20,249,Tahith,Chong,Chong,Man Utd,MID,3,34,0,0,0,0,0,6,1.4,1.1,6.0,0.7,,,42,0.5,
2019-20,250,James,Garner,Garner,Man Utd,MID,1,8,0,0,0,1,0,3,2.2,2.8,0.0,0.5,,,43,0.2,
2019-20,481,Axel,Tuanzebe,Tuanzebe,Man Utd,DEF,7,187,0,0,0,3,0,30,17.6,6.2,0.0,2.4,,,44,0.1,
2019-20,549,Brandon,Williams,Williams,Man Utd,DEF,51,1003,1,1,5,11,3,228,200.0,191.2,100.0,49.2,,,38,3.4,
2019-20,618,Bruno Miguel,Borges Fernandes,Fernandes,Man Utd,MID,117,1187,8,8,9,6,18,366,551.8,479.3,361.0,139.2,,,90,28.4,
2019-20,624,Odion,Ighalo,Ighalo,Man Utd,FWD,11,92,0,0,0,0,0,24,23.0,23.8,135.0,18.1,,,59,0.3,
2019-20,658,Timothy,Fosu-Mensah,Fosu-Mensah,Man Utd,DEF,7,136,0,0,1,1,0,27,12.0,28.6,6.0,4.2,,,45,0.0,
2019-20,251,Matt,Ritchie,Ritchie,Newcastle,DEF,74,1312,2,1,8,19,7,293,285.4,482.7,218.0,98.6,,,53,0.9,
2019-20,252,Fabian,Schär,Schär,Newcastle,DEF,55,1669,2,1,4,38,2,297,440.6,58.3,179.0,67.8,,,50,1.1,
2019-20,253,DeAndre,Yedlin,Yedlin,Newcastle,DEF,26,934,1,0,1,18,0,122,165.6,118.1,43.0,32.9,,,44,0.1,
2019-20,254,Federico,Fernández,Fernández,Newcastle,DEF,102,2617,2,3,8,42,13,507,741.0,74.5,223.0,103.7,,,46,2.9,
2019-20,255,Paul,Dummett,Dummett,Newcastle,DEF,44,1227,0,0,5,20,4,230,265.2,63.1,50.0,37.7,,,43,0.2,
2019-20,256,Javier,Manquillo,Manquillo,Newcastle,DEF,65,1597,0,1,8,21,4,288,232.0,100.8,40.0,37.3,,,43,0.2,
2019-20,257,Florian,Lejeune,Lejeune,Newcastle,DEF,24,440,2,0,1,10,1,88,132.0,12.6,81.0,22.5,,,43,0.0,
2019-20,258,Jamaal,Lascelles,Lascelles,Newcastle,DEF,73,2076,1,0,8,31,3,358,403.0,28.1,125.0,55.7,,,42,3.8,
2019-20,259,Ciaran,Clark,Clark,Newcastle,DEF,49,1186,2,0,4,14,2,216,331.4,14.9,128.0,47.6,,,43,0.2,
2019-20,260,Yoshinori,Muto,Muto,Newcastle,FWD,9,207,0,0,0,7,0,25,12.6,15.4,12.0,3.7,,,51,0.1,
2019-20,261,Jose Luis,Mato Sanmartín,Joselu,Newcastle,FWD,0,0,0,0,0,0,0,0,0.0,0.0,0.0,0.0,,,50,0.0,
2019-20,262,Martin,Dubravka,Dubravka,Newcastle,GKP,143,3420,0,0,11,58,7,719,1019.0,0.0,0.0,102.0,,,51,2.0,
2019-20,263,Karl,Darlow,Darlow,Newcastle,GKP,0,0,0,0,0,0,0,0,0.0,0.0,0.0,0.0,,,43,0.1,
2019-20,264,Frederick,Woodman,Woodman,Newcastle,GKP,0,0,0,0,0,0,0,0,0.0,0.0,0.0,0.0,,,39,0.8,
2019-20,266,Miguel,Almirón,Almirón,Newcastle,MID,109,3020,4,2,12,48,5,356,481.6,450.2,750.0,168.0,,,58,0.8,
2019-20,267,Christian,Atsu,Atsu,Newcastle,MID,37,738,0,3,3,15,0,104,121.4,186.7,55.0,36.3,,,53,0.1,
2019-20,268,Sung-yueng,Ki,Ki Sung-yueng,Newcastle,MID,4,135,0,0,0,6,0,18,17.8,39.8,0.0,5.8,,,47,0.0,
2019-20,269,Jonjo,Shelvey,Shelvey,Newcastle,MID,105,2118,6,2,8,34,15,437,559.4,597.4,344.0,150.4,,,49,1.0,
2019-20,270,Sean,Longstaff,Longstaff,Newcastle,MID,44,1370,1,2,2,26,0,181,235.8,217.1,155.0,60.8,,,50,0.2,
2019-20,271,Isaac,Hayden,Hayden,Newcastle,MID,73,2220,1,4,8,36,3,309,368.6,227.6,189.0,78.5,,,44,3.1,
2019-20,332,Danny,Rose,Rose,Newcastle,DEF,47,1753,0,0,5,28,0,290,288.4,230.8,44.0,56.5,,,53,1.3,
2019-20,466,Joelinton Cássio,Apolinário de Lira,Joelinton,Newcastle,FWD,78,2678,2,2,9,46,3,236,330.8,433.4,641.0,140.5,,,55,0.9,
2019-20,482,Jack,Colback,Colback,Newcastle,MID,0,0,0,0,0,0,0,0,0.0,0.0,0.0,0.0,,,43,0.1,
2019-20,483,Jacob,Murphy,Murphy,Newcastle,MID,0,0,0,0,0,0,0,0,0.0,0.0,0.0,0.0,,,47,0.0,
2019-20,498,Jetro,Willems,Willems,Newcastle,DEF,64,1492,2,2,3,24,6,283,345.4,196.0,198.0,74.1,,,43,0.6,
2019-20,499,Rolando,Aarons,Aarons,Newcastle,MID,0,0,0,0,0,0,0,0,0.0,0.0,0.0,0.0,,,48,0.0,
2019-20,500,Allan,Saint-Maximin,Saint-Maximin,Newcastle,MID,92,1860,3,5,8,22,7,321,434.0,423.4,542.0,139.8,,,52,1.8,
2019-20,519,Emil,Krafth,Krafth,Newcastle,DEF,37,1015,0,1,3,23,2,187,184.4,28.8,39.0,25.2,,,43,0.1,
2019-20,520,Andy,Carroll,Carroll,Newcastle,FWD,34,617,0,4,2,10,0,87,136.6,162.0,211.0,51.1,,,54,0.1,
2019-20,540,Matthew,Longstaff,Matthew Longstaff,Newcastle,MID,27,572,2,0,1,11,2,104,102.8,51.6,49.0,20.4,,,45,0.1,
2019-20,554,Dwight,Gayle,Gayle,Newcastle,FWD,58,842,4,2,4,15,10,190,217.0,86.2,348.0,64.7,,,50,0.5,
2019-20,573,Robert,Elliot,Elliot,Newcastle,GKP,0,0,0,0,0,0,0,0,0.0,0.0,0.0,0.0,,,40,0.1,
2019-20,598,Thomas,Allan,Allan,Newcastle,MID,0,0,0,0,0,0,0,0,0.0,0.0,0.0,0.0,,,45,0.0,
2019-20,599,Kelland,Watts,Watts,Newcastle,DEF,1,16,0,0,0,1,0,3,2.0,0.0,0.0,0.2,,,39,0.2,
2019-20,610,Liam,Gibson,Gibson,Newcastle,DEF,0,0,0,0,0,0,0,0,0.0,0.0,0.0,0.0,,,40,0.0,
2019-20,612,Nabil,Bentaleb,Bentaleb,Newcastle,MID,19,747,0,0,2,16,0,113,104.6,101.0,20.0,22.5,,,47,0.0,
2019-20,614,Valentino,Lazaro,Lazaro,Newcastle,MID,19,472,1,0,0,13,0,81,84.2,88.1,38.0,21.0,,,53,0.0,
2019-20,656,Jack,Young,Young,Newcastle,MID,0,0,0,0,0,0,0,0,0.0,0.0,0.0,0.0,,,45,0.0,
2019-20,272,Timm,Klose,Klose,Norwich,DEF,9,585,0,0,0,13,0,77,121.2,2.6,42.0,16.6,,,43,0.0,
2019-20,273,Ben,Godfrey,Godfrey,Norwich,DEF,38,2644,0,0,3,62,0,447,602.8,57.0,119.0,78.3,,,44,0.2,
2019-20,274,Maximillian,Aarons,Aarons,Norwich,DEF,66,3240,0,2,5,71,3,489,566.6,385.2,237.0,119.0,,,42,1.3,
2019-20,275,Christoph,Zimmermann,Zimmermann,Norwich,DEF,35,1430,0,1,3,27,1,247,366.4,25.5,62.0,45.6,,,44,0.0,
2019-20,276,Jamal,Lewis,Lewis,Norwich,DEF,48,2301,1,0,3,56,3,384,439.0,262.2,130.0,83.3,,,44,0.3,
2019-20,277,Grant,Hanley,Hanley,Norwich,DEF,23,1261,0,0,2,25,1,214,318.8,3.6,76.0,40.0,,,40,1.7,
2019-20,278,Teemu,Pukki,Pukki,Norwich,FWD,139,2884,11,3,6,59,21,444,545.0,379.5,1202.0,211.8,,,64,11.4,
2019-20,279,Dennis,Srbeny,Srbeny,Norwich,FWD,13,41,1,0,0,2,1,50,44.2,3.4,25.0,7.0,,,52,0.0,
2019-20,280,Tim,Krul,Krul,Norwich,GKP,109,3240,0,0,5,68,10,668,1063.0,0.0,0.0,106.3,,,46,2.2,
2019-20,281,Michael,McGovern,McGovern,Norwich,GKP,11,158,0,0,0,6,2,46,65.0,0.0,0.0,6.5,,,41,4.9,
2019-20,282,Mario,Vrancic,Vrancic,Norwich,MID,29,624,1,0,0,19,1,116,123.0,107.9,123.0,35.4,,,62,0.1,
2019-20,283,Emiliano,Buendía,Buendía,Norwich,MID,94,2458,1,7,3,54,12,464,711.6,1196.7,401.0,231.1,,,60,0.7,
2019-20,284,Onel,Hernández,Hernández,Norwich,MID,52,1374,1,2,1,32,0,173,227.2,235.5,445.0,90.5,,,53,0.1,
2019-20,285,Marco,Stiepermann,Stiepermann,Norwich,MID,32,1173,0,0,1,32,0,96,120.2,188.1,277.0,58.5,,,50,0.1,
2019-20,286,Kenny,McLean,McLean,Norwich,MID,77,2965,1,1,5,63,0,424,505.8,423.9,274.0,120.4,,,48,0.1,
2019-20,287,Todd,Cantwell,Cantwell,Norwich,MID,111,2484,6,2,6,54,10,410,516.4,493.1,656.0,165.9,,,45,13.0,
2019-20,288,Moritz,Leitner,Leitner,Norwich,MID,16,683,0,0,1,16,0,102,106.8,127.7,53.0,28.8,,,43,0.2,
2019-20,289,Alexander,Tettey,Tettey,Norwich,MID,67,2339,1,1,5,44,3,404,358.0,116.5,173.0,64.9,,,44,0.3,
2019-20,290,Tom,Trybull,Trybull,Norwich,MID,28,1128,0,0,2,25,0,172,198.2,55.4,92.0,34.7,,,43,0.6,
2019-20,434,Josip,Drmic,Drmic,Norwich,FWD,26,636,1,0,0,13,0,67,59.6,67.3,231.0,35.3,,,53,0.1,
2019-20,435,Patrick,Roberts,Roberts,Norwich,MID,3,24,0,0,0,2,0,12,4.4,0.6,0.0,0.5,,,50,0.0,
2019-20,449,Ralf,Fahrmann,Fahrmann,Norwich,GKP,1,21,0,0,0,1,0,6,4.0,0.0,0.0,0.4,,,44,0.3,
2019-20,454,Sam,Byram,Byram,Norwich,DEF,32,1292,0,0,3,23,2,201,273.2,109.2,218.0,60.2,,,43,0.1,
2019-20,484,Philip,Heise,Heise,Norwich,DEF,0,0,0,0,0,0,0,0,0.0,0.0,0.0,0.0,,,39,0.6,
2019-20,507,Ibrahim,Amadou,Amadou,Norwich,MID,18,756,0,0,1,20,0,122,177.2,18.3,31.0,22.7,,,45,0.1,
2019-20,538,Adam,Idah,Idah,Norwich,FWD,13,219,0,0,0,9,0,25,13.8,18.2,47.0,7.1,,,44,0.1,
2019-20,551,Archie,Mair,Mair,Norwich,GKP,0,0,0,0,0,0,0,0,0.0,0.0,0.0,0.0,,,40,0.1,
2019-20,552,Akin,Famewo,Famewo,Norwich,DEF,1,1,0,0,0,0,0,3,0.0,0.0,0.0,0.0,,,39,0.1,
2019-20,601,Ondrej,Duda,Duda,Norwich,MID,24,723,0,1,3,9,0,131,115.8,261.6,105.0,48.3,,,44,0.1,
2019-20,602,Lukas,Rupp,Rupp,Norwich,MID,19,692,0,0,1,18,0,79,70.2,109.1,88.0,26.4,,,44,0.0,
2019-20,632,Josh,Martin,Martin,Norwich,MID,5,32,0,0,0,2,0,14,6.6,0.8,17.0,2.5,,,45,0.0,
2019-20,650,Jordan,Thomas,Thomas,Norwich,DEF,1,1,0,0,0,0,0,3,0.0,0.0,0.0,0.0,,,40,0.0,
2019-20,669,Daniel,Adshead,Adshead,Norwich,MID,0,0,0,0,0,0,0,0,0.0,0.0,0.0,0.0,,,45,0.0,
2019-20,70,Lys,Mousset,Mousset,Sheffield Utd,FWD,84,1223,6,4,3,15,11,248,303.0,163.1,530.0,98.1,,,43,2.7,
2019-20,291,Enda,Stevens,Stevens,Sheffield Utd,DEF,142,3345,2,4,13,39,8,639,641.0,554.5,338.0,153.5,,,52,4.6,
2019-20,292,Kieron,Freeman,Freeman,Sheffield Utd,DEF,2,6,0,0,0,0,0,5,0.0,0.3,0.0,0.0,,,42,0.1,
2019-20,293,Jack,O'Connell,O'Connell,Sheffield Utd,DEF,111,2915,0,1,12,28,6,552,576.6,262.3,246.0,108.6,,,45,2.3,
2019-20,294,George,Baldock,Baldock,Sheffield Utd,DEF,142,3420,2,4,13,39,7,602,559.8,485.7,241.0,128.6,,,50,11.6,
2019-20,295,John,Egan,Egan,Sheffield Utd,DEF,133,3187,2,1,13,33,9,592,641.4,25.4,587.0,125.4,,,47,7.1,
2019-20,296,Richard,Stearman,Stearman,Sheffield Utd,DEF,0,0,0,0,0,0,0,0,0.0,0.0,0.0,0.0,,,39,1.9,
2019-20,297,John,Lundstram,Lundstram,Sheffield Utd,DEF,144,2452,5,4,10,29,15,539,502.8,382.9,449.0,133.9,,,46,28.8,
2019-20,298,Billy,Sharp,Sharp,Sheffield Utd,FWD,57,1037,3,2,4,10,9,159,175.4,186.2,348.0,69.9,,,52,0.4,
2019-20,299,Jake,Eastwood,Eastwood,Sheffield Utd,GKP,0,0,0,0,0,0,0,0,0.0,0.0,0.0,0.0,,,43,0.1,
2019-20,300,Mark,Duffy,Duffy,Sheffield Utd,MID,0,0,0,0,0,0,0,0,0.0,0.0,0.0,0.0,,,52,0.0,
2019-20,301,John,Fleck,Fleck,Sheffield Utd,MID,101,2515,5,2,8,30,13,464,527.4,648.8,419.0,159.6,,,47,2.4,
2019-20,302,Oliver,Norwood,Norwood,Sheffield Utd,MID,98,3089,1,3,13,36,6,563,608.4,808.8,100.0,151.8,,,47,0.6,
2019-20,303,David,McGoldrick,McGoldrick,Sheffield Utd,FWD,65,1810,2,2,7,18,6,201,303.4,268.4,584.0,115.2,,,54,0.2,
2019-20,423,Chris,Basham,Basham,Sheffield Utd,DEF,123,3242,0,1,13,37,6,639,707.6,212.1,103.0,102.7,,,46,2.1,
2019-20,436,Simon,Moore,Moore,Sheffield Utd,GKP,3,180,0,0,0,6,0,23,28.0,0.0,0.0,2.8,,,43,0.1,
2019-20,441,Luke,Freeman,Freeman,Sheffield Utd,MID,13,360,0,0,1,5,0,38,46.2,77.4,25.0,14.9,,,50,0.1,
2019-20,444,Phil,Jagielka,Jagielka,Sheffield Utd,DEF,6,240,0,0,0,6,0,50,75.4,4.8,2.0,8.2,,,41,0.4,
2019-20,453,Callum,Robinson,Callum Robinson,Sheffield Utd,MID,33,669,1,2,2,6,1,73,79.8,72.8,156.0,30.4,,,49,0.2,
2019-20,456,Ravel,Morrison,Morrison,Sheffield Utd,MID,1,12,0,0,0,0,0,0,0.0,0.6,4.0,0.2,,,45,0.1,
2019-20,471,Dean,Henderson,Henderson,Sheffield Utd,GKP,160,3240,0,1,13,33,16,688,718.8,10.0,18.0,74.8,,,52,15.7,
2019-20,472,Ben,Osborn,Osborn,Sheffield Utd,MID,19,590,0,0,2,4,0,84,78.4,108.5,65.0,25.3,,,47,0.0,
2019-20,501,Oliver,McBurnie,McBurnie,Sheffield Utd,FWD,86,2105,6,1,9,25,6,300,424.4,186.9,830.0,143.7,,,55,0.4,
2019-20,521,Michael,Verrips,Verrips,Sheffield Utd,GKP,0,0,0,0,0,0,0,0,0.0,0.0,0.0,0.0,,,44,0.1,
2019-20,522,Muhamed,Bešić,Bešić,Sheffield Utd,MID,9,243,0,0,0,2,0,40,34.2,21.5,29.0,8.5,,,43,0.1,
2019-20,547,Leon,Clarke,Clarke,Sheffield Utd,FWD,2,33,0,0,0,2,0,3,4.0,1.6,6.0,1.0,,,44,0.1,
2019-20,591,Jack,Rodwell,Rodwell,Sheffield Utd,MID,1,15,0,0,0,0,0,3,1.2,0.0,0.0,0.1,,,45,0.0,
2019-20,611,Jack,Robinson,Jack Robinson,Sheffield Utd,DEF,14,504,0,0,1,11,2,87,106.8,30.4,2.0,14.0,,,40,0.9,
2019-20,621,Sander,Berge,Berge,Sheffield Utd,MID,40,943,1,1,4,11,3,147,152.4,66.0,82.0,30.3,,,47,0.2,
2019-20,622,Richairo,Zivkovic,Zivkovic,Sheffield Utd,FWD,5,107,0,0,0,4,0,15,9.4,28.6,22.0,6.1,,,47,0.0,
2019-20,625,Panagiotis,Retsos,Retsos,Sheffield Utd,DEF,0,0,0,0,0,0,0,0,0.0,0.0,0.0,0.0,,,45,0.0,
2019-20,304,Jannik,Vestergaard,Vestergaard,Southampton,DEF,51,1496,1,0,4,26,6,286,363.8,81.3,183.0,62.8,,,45,1.9,
2019-20,305,Ryan,Bertrand,Bertrand,Southampton,DEF,75,2742,1,1,7,52,0,432,436.8,538.5,234.0,121.1,,,48,1.0,
2019-20,306,Yan,Valery,Valery,Southampton,DEF,18,778,0,1,1,20,0,93,112.0,44.2,77.0,23.3,,,46,0.1,
2019-20,307,Jan,Bednarek,Bednarek,Southampton,DEF,84,3057,1,1,7,57,5,539,729.8,45.5,95.0,87.5,,,44,1.3,
2019-20,308,Jack,Stephens,Stephens,Southampton,DEF,85,2451,1,3,7,39,8,432,566.2,101.5,97.0,76.6,,,44,2.2,
2019-20,310,Maya,Yoshida,Yoshida,Southampton,DEF,10,558,0,0,1,18,1,85,96.8,3.7,77.0,17.7,,,41,0.2,
2019-20,311,Kayne,Ramsay,Ramsay,Southampton,DEF,0,0,0,0,0,0,0,0,0.0,0.0,0.0,0.0,,,39,1.3,
2019-20,312,Charlie,Austin,Austin,Southampton,FWD,0,0,0,0,0,0,0,0,0.0,0.0,0.0,0.0,,,60,0.0,
2019-20,313,Danny,Ings,Ings,Southampton,FWD,198,2800,22,2,6,44,40,736,1010.0,458.3,1558.0,302.4,,,76,31.4,
2019-20,314,Michael,Obafemi,Obafemi,Southampton,FWD,45,655,3,2,3,12,2,165,170.8,130.7,235.0,53.4,,,49,0.2,
2019-20,315,Shane,Long,Long,Southampton,FWD,62,1386,2,3,5,20,4,159,190.8,264.8,536.0,99.4,,,46,2.1,
2019-20,316,Sam,Gallagher,Gallagher,Southampton,FWD,0,0,0,0,0,0,0,0,0.0,0.0,0.0,0.0,,,45,0.0,
2019-20,317,Fraser,Forster,Forster,Southampton,GKP,0,0,0,0,0,0,0,0,0.0,0.0,0.0,0.0,,,42,0.3,
2019-20,318,Alex,McCarthy,McCarthy,Southampton,GKP,104,2520,0,0,7,35,8,491,652.0,10.0,0.0,66.0,,,45,3.9,
2019-20,319,Angus,Gunn,Gunn,Southampton,GKP,29,900,0,0,2,25,3,166,219.4,0.0,0.0,22.1,,,42,1.3,
2019-20,320,Nathan,Redmond,Redmond,Southampton,MID,107,2763,4,4,7,51,8,412,517.2,539.1,752.0,181.2,,,62,1.0,
2019-20,321,James,Ward-Prowse,Ward-Prowse,Southampton,MID,117,3420,5,4,9,60,8,587,864.6,989.9,548.0,240.7,,,57,1.7,
2019-20,322,Mohamed,Elyounoussi,Elyounoussi,Southampton,MID,0,0,0,0,0,0,0,0,0.0,0.0,0.0,0.0,,,52,0.0,
2019-20,323,Stuart,Armstrong,Armstrong,Southampton,MID,98,1706,5,4,7,25,10,301,418.2,274.9,431.0,112.4,,,52,1.0,
2019-20,324,Mario,Lemina,Lemina,Southampton,MID,0,0,0,0,0,0,0,0,0.0,0.0,0.0,0.0,,,46,0.0,
2019-20,325,Pierre-Emile,Højbjerg,Højbjerg,Southampton,MID,75,2750,0,3,7,51,1,412,493.0,469.0,368.0,133.1,,,48,0.3,
2019-20,326,Tyreke,Johnson,Johnson,Southampton,MID,0,0,0,0,0,0,0,0,0.0,0.0,0.0,0.0,,,44,0.0,
2019-20,327,Callum,Slattery,Slattery,Southampton,MID,0,0,0,0,0,0,0,0,0.0,0.0,0.0,0.0,,,44,0.2,
2019-20,328,Oriol,Romeu Vidal,Oriol Romeu,Southampton,MID,51,1855,0,0,5,38,1,301,333.2,272.9,69.0,67.6,,,43,1.3,
2019-20,337,Kyle,Walker-Peters,Walker-Peters,Southampton,DEF,32,944,0,1,2,12,2,194,168.2,108.6,48.0,32.2,,,44,0.7,
2019-20,437,Che,Adams,Adams,Southampton,FWD,78,1095,4,4,4,17,8,242,226.2,184.9,524.0,92.3,,,53,0.4,
2019-20,438,Moussa,Djenepo,Djenepo,Southampton,MID,40,920,2,2,2,14,3,151,224.4,153.4,252.0,62.9,,,52,0.1,
2019-20,485,Wesley,Hoedt,Hoedt,Southampton,DEF,0,0,0,0,0,0,0,0,0.0,0.0,0.0,0.0,,,42,0.0,
2019-20,508,Sofiane,Boufal,Boufal,Southampton,MID,34,753,0,3,1,17,0,99,149.4,203.7,267.0,62.0,,,55,0.1,
2019-20,532,Kevin,Danso,Danso,Southampton,DEF,9,275,0,1,1,8,0,46,58.4,26.0,6.0,8.9,,,42,0.0,
2019-20,535,Daniel,N'Lundulu,N'Lundulu,Southampton,FWD,0,0,0,0,0,0,0,0,0.0,0.0,0.0,0.0,,,44,0.1,
2019-20,548,Harry,Lewis,Lewis,Southampton,GKP,0,0,0,0,0,0,0,0,0.0,0.0,0.0,0.0,,,40,0.1,
2019-20,584,William,Smallbone,Smallbone,Southampton,MID,24,389,0,2,3,4,1,84,70.2,53.2,43.0,16.5,,,45,0.0,
2019-20,633,Nathan,Tella,Tella,Southampton,MID,1,2,0,0,0,0,0,3,3.0,0.0,17.0,2.0,,,45,0.0,
2019-20,645,Jake,Vokins,Vokins,Southampton,DEF,2,90,0,0,0,1,0,10,8.4,16.7,3.0,2.8,,,40,0.0,
2019-20,649,Alexandre,Jankewitz,Jankewitz,Southampton,MID,0,0,0,0,0,0,0,0,0.0,0.0,0.0,0.0,,,45,0.0,
2019-20,654,Will,Ferry,Ferry,Southampton,MID,0,0,0,0,0,0,0,0,0.0,0.0,0.0,0.0,,,45,0.0,
2019-20,663,Jacob,Maddox,Maddox,Southampton,MID,0,0,0,0,0,0,0,0,0.0,0.0,0.0,0.0,,,45,0.0,
2019-20,329,Ben,Davies,Davies,Spurs,DEF,41,1430,0,0,4,19,2,223,279.8,172.4,94.0,54.4,,,53,0.3,
2019-20,330,Jan,Vertonghen,Vertonghen,Spurs,DEF,62,1644,1,1,4,24,5,346,398.4,56.1,63.0,51.9,,,52,1.5,
2019-20,331,Toby,Alderweireld,Alderweireld,Spurs,DEF,97,2957,2,2,7,39,6,576,773.6,196.0,182.0,115.2,,,53,5.0,
2019-20,333,Davinson,Sánchez,Sánchez,Spurs,DEF,64,2431,0,2,4,37,4,443,550.0,31.0,82.0,66.5,,,53,1.0,
2019-20,334,Kieran,Trippier,Trippier,Spurs,DEF,0,0,0,0,0,0,0,0,0.0,0.0,0.0,0.0,,,55,0.1,
2019-20,335,Juan,Foyth,Foyth,Spurs,DEF,3,66,0,0,0,3,0,9,18.6,12.5,0.0,3.1,,,48,0.0,
2019-20,336,Serge,Aurier,Aurier,Spurs,DEF,124,2699,1,7,9,33,15,623,655.2,508.1,252.0,141.6,,,51,7.7,
2019-20,338,Harry,Kane,Kane,Spurs,FWD,158,2588,18,2,6,36,26,587,843.8,391.0,1071.0,230.6,,,110,13.1,
2019-20,339,Vincent,Janssen,Janssen,Spurs,FWD,0,0,0,0,0,0,0,0,0.0,0.0,0.0,0.0,,,45,0.1,
2019-20,340,Hugo,Lloris,Lloris,Spurs,GKP,98,1808,0,0,6,21,13,422,564.6,0.0,0.0,56.5,,,53,4.1,
2019-20,341,Paulo,Gazzaniga,Gazzaniga,Spurs,GKP,58,1612,0,0,2,26,6,300,449.8,10.0,0.0,46.1,,,41,1.5,
2019-20,342,Heung-Min,Son,Son,Spurs,MID,169,2478,11,13,7,32,18,544,800.6,606.1,1144.0,254.6,,,97,8.5,
2019-20,343,Christian,Eriksen,Eriksen,Spurs,MID,48,1090,2,2,1,18,6,205,262.4,348.9,225.0,83.3,,,86,2.3,
2019-20,344,Bamidele,Alli,Alli,Spurs,MID,117,1845,8,6,4,25,12,349,531.2,328.6,627.0,148.9,,,83,2.7,
2019-20,345,Lucas,Rodrigues Moura da Silva,Lucas Moura,Spurs,MID,100,2235,4,5,6,29,3,330,494.6,477.1,751.0,172.1,,,70,4.1,
2019-20,346,Erik,Lamela,Lamela,Spurs,MID,65,1203,2,5,5,12,2,220,226.2,284.2,337.0,84.5,,,57,1.1,
2019-20,347,Harry,Winks,Winks,Spurs,MID,52,2223,0,0,6,31,0,369,361.8,323.4,74.0,76.1,,,52,0.3,
2019-20,348,Victor,Wanyama,Wanyama,Spurs,MID,1,24,0,0,0,2,0,5,1.2,0.9,0.0,0.2,,,47,0.1,
2019-20,349,Moussa,Sissoko,Sissoko,Spurs,MID,69,2451,2,1,7,31,0,386,346.0,275.7,189.0,81.0,,,48,1.3,
2019-20,350,Eric,Dier,Dier,Spurs,MID,36,1340,0,2,3,23,0,172,297.2,100.2,56.0,45.6,,,48,0.2,
2019-20,351,Luke,Amos,Amos,Spurs,MID,0,0,0,0,0,0,0,0,0.0,0.0,0.0,0.0,,,44,0.0,
2019-20,352,Oliver,Skipp,Skipp,Spurs,MID,7,74,0,0,0,1,0,23,15.2,1.6,0.0,1.8,,,42,0.6,
2019-20,442,Tanguy,Ndombele,Ndombele,Spurs,MID,45,1002,2,2,1,17,2,220,274.2,194.8,122.0,59.2,,,58,2.2,
2019-20,509,Troy,Parrott,Parrott,Spurs,FWD,2,6,0,0,0,0,0,6,0.2,0.1,0.0,0.0,,,43,0.7,
2019-20,523,Giovani,Lo Celso,Lo Celso,Spurs,MID,54,1482,0,3,6,18,3,250,303.2,459.4,176.0,93.9,,,73,0.4,
2019-20,524,Ryan,Sessegnon,Sessegnon,Spurs,MID,9,341,0,0,0,5,0,41,45.4,39.9,34.0,11.9,,,54,0.1,
2019-20,527,Georges-Kévin,Nkoudou,Nkoudou,Spurs,MID,1,2,0,0,0,0,0,3,0.0,0.0,18.0,1.8,,,50,0.0,
2019-20,543,Alfie,Whiteman,Whiteman,Spurs,GKP,0,0,0,0,0,0,0,0,0.0,0.0,0.0,0.0,,,40,0.5,
2019-20,555,Michel,Vorm,Vorm,Spurs,GKP,0,0,0,0,0,0,0,0,0.0,0.0,0.0,0.0,,,42,0.0,
2019-20,558,Brandon,Austin,Austin,Spurs,GKP,0,0,0,0,0,0,0,0,0.0,0.0,0.0,0.0,,,40,0.2,
2019-20,583,Japhet,Tanganga,Tanganga,Spurs,DEF,17,525,0,0,2,7,0,100,134.4,17.2,20.0,17.1,,,39,1.3,
2019-20,605,Gedson,Carvalho Fernandes,Fernandes,Spurs,MID,7,62,0,0,0,1,0,20,17.2,34.3,20.0,7.2,,,46,0.0,
2019-20,615,Steven,Bergwijn,Bergwijn,Spurs,MID,43,699,3,1,2,9,5,141,174.2,187.3,147.0,50.8,,,69,0.8,
2019-20,634,Harvey,White,White,Spurs,MID,0,0,0,0,0,0,0,0,0.0,0.0,0.0,0.0,,,45,0.0,
2019-20,655,Dennis,Cirkin,Cirkin,Spurs,DEF,0,0,0,0,0,0,0,0,0.0,0.0,0.0,0.0,,,40,0.0,
2019-20,353,José,Holebas,Holebas,Watford,DEF,21,1022,0,1,2,28,0,153,171.4,208.4,62.0,44.1,,,46,0.7,
2019-20,354,Christian,Kabasele,Kabasele,Watford,DEF,73,2250,0,2,7,35,4,382,477.0,55.3,164.0,69.9,,,43,0.5,
2019-20,355,Adam,Masina,Masina,Watford,DEF,66,1815,1,0,6,31,4,281,351.2,201.3,109.0,66.4,,,43,0.3,
2019-20,356,Adrian,Mariappa,Mariappa,Watford,DEF,26,1509,0,0,3,33,1,185,216.6,75.2,32.0,31.7,,,41,0.2,
2019-20,357,Francisco,Femenía Far,Kiko Femenía,Watford,DEF,54,2236,0,1,5,46,0,366,363.2,320.9,58.0,74.4,,,42,0.9,
2019-20,358,Craig,Cathcart,Cathcart,Watford,DEF,77,2488,0,0,9,37,3,441,458.0,34.8,57.0,55.1,,,41,2.8,
2019-20,359,Daryl,Janmaat,Janmaat,Watford,DEF,36,606,0,1,4,5,7,148,116.0,108.4,46.0,27.1,,,40,0.5,
2019-20,360,Marc,Navarro,Navarro,Watford,DEF,0,0,0,0,0,0,0,0,0.0,0.0,0.0,0.0,,,39,0.3,
2019-20,361,Sebastian,Prödl,Prödl,Watford,DEF,1,56,0,0,0,0,0,3,1.8,0.1,8.0,1.0,,,39,1.0,
2019-20,362,Troy,Deeney,Deeney,Watford,FWD,109,2224,10,2,6,39,15,403,536.0,378.5,801.0,171.4,,,62,1.7,
2019-20,363,Gerard,Deulofeu,Deulofeu,Watford,FWD,88,2097,4,5,8,33,9,330,458.4,602.3,896.0,195.4,,,61,1.7,
2019-20,364,Andre,Gray,Gray,Watford,FWD,39,741,2,1,0,17,2,117,106.2,129.5,287.0,51.2,,,55,0.4,
2019-20,365,Isaac,Success Ajayi,Success,Watford,FWD,4,65,0,0,0,3,0,8,6.2,13.6,17.0,3.7,,,47,0.3,
2019-20,366,Ben,Foster,Foster,Watford,GKP,137,3420,0,0,9,64,17,686,904.6,10.1,17.0,93.5,,,49,3.6,
2019-20,367,Pontus,Dahlberg,Dahlberg,Watford,GKP,0,0,0,0,0,0,0,0,0.0,0.0,0.0,0.0,,,42,0.1,
2019-20,368,Abdoulaye,Doucouré,Doucouré,Watford,MID,113,3156,4,4,10,61,9,459,529.6,539.0,667.0,173.4,,,54,1.7,
2019-20,369,Roberto,Pereyra,Pereyra,Watford,MID,60,1641,3,0,5,27,0,194,237.8,293.4,350.0,88.0,,,56,0.6,
2019-20,370,Will,Hughes,Hughes,Watford,MID,62,2249,1,1,5,46,3,265,352.2,413.1,270.0,103.6,,,53,0.3,
2019-20,371,Tom,Cleverley,Cleverley,Watford,MID,33,964,1,0,1,26,2,153,174.8,219.2,221.0,61.6,,,48,0.1,
2019-20,372,Ken,Sema,Sema,Watford,MID,0,0,0,0,0,0,0,0,0.0,0.0,0.0,0.0,,,47,0.0,
2019-20,373,Etienne,Capoue,Capoue,Watford,MID,78,2627,0,4,8,48,7,394,482.8,313.6,102.0,90.0,,,48,0.3,
2019-20,374,Nathaniel,Chalobah,Chalobah,Watford,MID,36,919,0,1,2,14,2,142,162.2,130.3,55.0,34.5,,,44,0.2,
2019-20,375,Domingos,Quina,Quina,Watford,MID,4,18,0,0,0,2,0,10,7.4,0.8,7.0,1.5,,,43,0.1,
2019-20,439,Craig,Dawson,Dawson,Watford,DEF,61,2359,2,0,4,49,2,353,550.6,67.5,403.0,102.1,,,48,0.3,
2019-20,512,Danny,Welbeck,Welbeck,Watford,FWD,39,813,2,1,1,15,3,93,128.2,51.5,350.0,53.0,,,58,0.2,
2019-20,513,Heurelho da Silva,Gomes,Gomes,Watford,GKP,0,0,0,0,0,0,0,0,0.0,0.0,0.0,0.0,,,43,0.2,
2019-20,525,Ismaïla,Sarr,Sarr,Watford,MID,107,2023,5,7,6,35,7,300,392.0,391.9,637.0,142.2,,,59,1.3,
2019-20,542,Dimitri,Foulquier,Foulquier,Watford,DEF,1,57,0,0,0,6,0,12,8.0,1.0,0.0,1.0,,,39,0.2,
2019-20,563,Ayotomiwa,Dele-Bashiru,Dele-Bashiru,Watford,MID,0,0,0,0,0,0,0,0,0.0,0.0,0.0,0.0,,,44,0.0,
2019-20,592,João Pedro,Junqueira de Jesus,João Pedro,Watford,FWD,3,22,0,0,0,1,0,8,4.2,6.4,8.0,1.7,,,48,0.0,
2019-20,604,Ignacio,Pussetto,Pussetto,Watford,MID,6,67,0,0,0,3,0,20,29.4,5.0,2.0,3.6,,,46,0.0,
2019-20,648,Adalberto,Peñaranda,Peñaranda,Watford,FWD,0,0,0,0,0,0,0,0,0.0,0.0,0.0,0.0,,,45,0.0,
2019-20,376,Aaron,Cresswell,Cresswell,West Ham,DEF,79,2727,3,0,5,51,5,444,535.4,441.0,180.0,115.9,,,45,1.5,
2019-20,377,Angelo,Ogbonna,Ogbonna,West Ham,DEF,81,2786,2,0,7,44,0,453,579.0,37.8,168.0,78.4,,,45,0.9,
2019-20,378,Arthur,Masuaku,Masuaku,West Ham,DEF,26,930,0,1,2,18,3,166,240.8,128.6,53.0,42.4,,,41,0.4,
2019-20,379,Pablo,Zabaleta,Zabaleta,West Ham,DEF,10,588,0,0,0,14,0,90,110.4,50.5,12.0,17.4,,,41,0.4,
2019-20,380,Ryan,Fredericks,Fredericks,West Ham,DEF,74,2235,0,3,7,39,7,423,491.2,333.7,76.0,90.5,,,44,0.4,
2019-20,381,Issa,Diop,Diop,West Ham,DEF,76,2765,3,1,4,54,3,424,610.0,64.3,210.0,88.7,,,43,2.5,
2019-20,382,Fabián,Balbuena,Balbuena,West Ham,DEF,40,1176,1,0,3,24,3,210,268.0,18.5,149.0,43.6,,,43,0.3,
2019-20,383,Winston,Reid,Reid,West Ham,DEF,0,0,0,0,0,0,0,0,0.0,0.0,0.0,0.0,,,39,3.6,
2019-20,384,Ben,Johnson,Johnson,West Ham,DEF,6,270,0,0,0,3,0,32,48.0,25.2,1.0,7.4,,,40,2.2,
2019-20,385,Marko,Arnautovic,Arnautovic,West Ham,FWD,0,0,0,0,0,0,0,0,0.0,0.0,0.0,0.0,,,70,0.1,
2019-20,386,Javier,Hernández Balcázar,Chicharito,West Ham,FWD,9,106,1,0,0,4,2,27,35.6,2.2,39.0,7.7,,,60,0.3,
2019-20,387,Alexandre Nascimento,Costa Silva,Xande Silva,West Ham,FWD,0,0,0,0,0,0,0,0,0.0,0.0,0.0,0.0,,,43,0.9,
2019-20,388,Lukasz,Fabianski,Fabianski,West Ham,GKP,83,2117,0,0,5,34,5,414,531.2,0.0,0.0,53.2,,,49,2.2,
2019-20,389,Michail,Antonio,Antonio,West Ham,MID,111,1767,10,4,3,30,8,284,552.8,377.4,1094.0,201.7,,,71,5.4,
2019-20,390,Felipe Anderson,Pereira Gomes,Felipe Anderson,West Ham,MID,66,1493,1,4,7,27,1,299,377.2,414.7,355.0,114.8,,,66,2.4,
2019-20,391,Manuel,Lanzini,Lanzini,West Ham,MID,50,1370,0,3,2,30,3,234,219.0,464.8,281.0,96.5,,,61,0.7,
2019-20,392,Andriy,Yarmolenko,Yarmolenko,West Ham,MID,70,981,5,1,3,17,10,231,284.4,265.7,329.0,87.9,,,52,0.7,
2019-20,393,Robert,Snodgrass,Snodgrass,West Ham,MID,87,1504,5,5,3,33,8,312,422.2,552.1,320.0,129.7,,,50,0.6,
2019-20,394,Jack,Wilshere,Wilshere,West Ham,MID,8,209,0,0,0,5,0,14,6.4,7.0,4.0,1.5,,,46,0.2,
2019-20,395,Declan,Rice,Rice,West Ham,MID,105,3420,1,5,7,62,8,616,715.8,350.8,259.0,132.5,,,47,1.8,
2019-20,396,Mark,Noble,Noble,West Ham,MID,105,2675,4,4,7,44,8,504,542.2,602.2,164.0,131.1,,,49,1.0,
2019-20,397,Carlos,Sánchez,Carlos Sánchez,West Ham,MID,7,112,0,0,0,2,0,20,8.4,3.7,0.0,1.1,,,43,0.4,
2019-20,398,Grady,Diangana,Diangana,West Ham,MID,0,0,0,0,0,0,0,0,0.0,0.0,0.0,0.0,,,43,0.1,
2019-20,399,Pablo,Fornals,Fornals,West Ham,MID,93,2167,2,6,6,35,4,346,350.4,359.7,381.0,109.2,,,60,0.3,
2019-20,400,Pedro,Obiang,Obiang,West Ham,MID,0,0,0,0,0,0,0,0,0.0,0.0,0.0,0.0,,,45,0.0,
2019-20,450,Roberto,Jimenez Gago,Roberto,West Ham,GKP,18,686,0,0,0,17,1,134,239.0,0.0,0.0,23.9,,,44,0.3,
2019-20,457,Sébastien,Haller,Haller,West Ham,FWD,102,2259,7,3,5,41,11,327,450.4,354.5,1012.0,180.9,,,68,2.1,
2019-20,514,Albian,Ajeti,Ajeti,West Ham,FWD,9,132,0,0,0,3,0,16,5.2,22.9,47.0,7.3,,,56,0.0,
2019-20,553,David,Martin,Martin,West Ham,GKP,20,435,0,0,2,6,2,86,112.0,0.0,0.0,11.2,,,39,3.3,
2019-20,568,Nathan,Holland,Holland,West Ham,MID,2,31,0,0,0,1,0,10,12.6,3.8,9.0,2.5,,,44,0.0,
2019-20,582,Joseph,Anang,Anang,West Ham,GKP,0,0,0,0,0,0,0,0,0.0,0.0,0.0,0.0,,,40,0.1,
2019-20,593,Jeremy,Ngakia,Ngakia,West Ham,DEF,8,440,0,0,0,8,0,48,78.0,10.7,9.0,9.8,,,40,0.1,
2019-20,594,Gonçalo Bento,Soares Cardoso,Cardoso,West Ham,DEF,0,0,0,0,0,0,0,0,0.0,0.0,0.0,0.0,,,40,0.1,
2019-20,595,Bernardo,Costa Da Rosa,Rosa,West Ham,MID,0,0,0,0,0,0,0,0,0.0,0.0,0.0,0.0,,,45,0.0,
2019-20,606,Darren,Randolph,Randolph,West Ham,GKP,3,180,0,0,0,5,0,27,49.6,0.0,0.0,4.9,,,39,0.2,
2019-20,616,Tomas,Soucek,Soucek,West Ham,MID,41,1039,3,0,1,18,3,155,254.2,73.1,293.0,62.1,,,48,0.4,
2019-20,626,Jarrod,Bowen,Bowen,West Ham,MID,44,916,1,4,1,13,3,173,221.4,235.0,342.0,79.8,,,64,0.2,
2019-20,651,Alfie,Lewis,Lewis,West Ham,MID,0,0,0,0,0,0,0,0,0.0,0.0,0.0,0.0,,,45,0.0,
2019-20,664,Conor,Coventry,Coventry,West Ham,MID,0,0,0,0,0,0,0,0,0.0,0.0,0.0,0.0,,,45,0.0,
2019-20,401,Matt,Doherty,Doherty,Wolves,DEF,167,2836,4,8,12,31,15,590,576.2,340.5,681.0,160.0,,,65,12.7,
2019-20,402,Jonathan,Castro Otto,Jonny,Wolves,DEF,123,2885,2,3,11,35,6,537,543.6,379.2,299.0,122.4,,,55,2.5,
2019-20,403,Conor,Coady,Coady,Wolves,DEF,118,3420,0,0,13,40,7,648,556.4,68.8,0.0,62.4,,,51,2.5,
2019-20,405,Willy,Boly,Boly,Wolves,DEF,97,1980,0,1,12,15,10,470,477.0,85.8,119.0,68.4,,,49,4.1,
2019-20,406,Rúben Gonçalo,Silva Nascimento Vinagre,Vinagre,Wolves,DEF,32,644,0,0,3,6,1,134,130.4,96.2,56.0,28.1,,,41,0.2,
2019-20,407,Romain,Saïss,Saïss,Wolves,DEF,103,2703,2,2,10,34,8,525,621.2,160.7,298.0,108.1,,,47,5.5,
2019-20,408,Max,Kilman,Kilman,Wolves,DEF,5,184,0,0,0,2,0,24,35.2,1.2,0.0,3.7,,,39,3.3,
2019-20,409,Raúl,Jiménez,Jiménez,Wolves,FWD,194,3241,17,7,15,36,33,685,911.6,668.2,1680.0,325.4,,,80,29.5,
2019-20,410,Diogo,Jota,Jota,Wolves,FWD,105,2278,7,3,10,28,12,348,457.8,453.3,1139.0,204.9,,,60,4.8,
2019-20,411,Rui Pedro,dos Santos Patrício,Patrício,Wolves,GKP,153,3420,0,0,13,40,8,680,741.0,0.0,0.0,74.3,,,53,9.9,
2019-20,412,John,Ruddy,Ruddy,Wolves,GKP,0,0,0,0,0,0,0,0,0.0,0.0,0.0,0.0,,,42,0.4,
2019-20,413,Will,Norris,Norris,Wolves,GKP,0,0,0,0,0,0,0,0,0.0,0.0,0.0,0.0,,,39,0.7,
2019-20,414,Rúben Diogo,da Silva Neves,Neves,Wolves,MID,97,3053,2,2,13,35,7,498,538.6,445.4,307.0,129.1,,,52,4.4,
2019-20,415,João Filipe Iria,Santos Moutinho,Moutinho,Wolves,MID,113,3105,1,7,11,36,12,617,712.0,1200.1,122.0,204.0,,,53,4.4,
2019-20,416,Morgan,Gibbs-White,Gibbs-White,Wolves,MID,11,125,0,1,0,2,0,39,6.6,44.1,12.0,6.3,,,47,0.1,
2019-20,417,Adama,Traoré,Traoré,Wolves,MID,130,2599,4,9,7,33,14,522,727.2,786.4,583.0,209.7,,,56,13.2,
2019-20,418,Hélder,Costa,Costa,Wolves,MID,0,0,0,0,0,0,0,0,0.0,0.0,0.0,0.0,,,48,0.0,
2019-20,419,Ivan,Cavaleiro,Cavaleiro,Wolves,MID,0,0,0,0,0,0,0,0,0.0,0.0,0.0,0.0,,,49,0.0,
2019-20,420,Leander,Dendoncker,Dendoncker,Wolves,MID,100,2790,4,0,11,34,9,426,529.2,160.6,282.0,96.8,,,44,8.5,
2019-20,473,Jesús,Vallejo Lázaro,Vallejo,Wolves,DEF,1,162,0,0,0,6,0,22,35.6,7.0,0.0,4.3,,,46,0.2,
2019-20,487,Patrick,Cutrone,Cutrone,Wolves,FWD,23,292,2,0,1,6,0,69,85.2,35.6,155.0,27.5,,,54,0.4,
2019-20,528,Pedro,Lomba Neto,Neto,Wolves,MID,57,920,3,3,1,12,0,194,227.8,232.0,260.0,71.8,,,49,0.2,
2019-20,559,Bernard,Ashley-Seal,Ashley-Seal,Wolves,FWD,0,0,0,0,0,0,0,0,0.0,0.0,0.0,0.0,,,45,0.1,
2019-20,560,Taylor,Perry,Perry,Wolves,MID,0,0,0,0,0,0,0,0,0.0,0.0,0.0,0.0,,,45,0.0,
2019-20,566,Owen,Otasowie,Otasowie,Wolves,MID,0,0,0,0,0,0,0,0,0.0,0.0,0.0,0.0,,,45,0.0,
2019-20,567,Luke,Cundle,Cundle,Wolves,MID,0,0,0,0,0,0,0,0,0.0,0.0,0.0,0.0,,,45,0.0,
2019-20,587,Oskar,Buur,Buur,Wolves,DEF,0,0,0,0,0,0,0,0,0.0,0.0,0.0,0.0,,,40,0.1,
2019-20,607,Ryan,Giles,Giles,Wolves,DEF,0,0,0,0,0,0,0,0,0.0,0.0,0.0,0.0,,,39,0.2,
2019-20,609,Bruno André,Cavaco Jordao,Jordao,Wolves,MID,1,6,0,0,0,0,0,4,2.6,10.4,0.0,1.3,,,45,0.0,
2019-20,619,Daniel,Castelo Podence,Podence,Wolves,MID,25,285,1,1,3,0,2,74,62.4,73.3,148.0,28.4,,,49,0.1,
2019-20,652,Leonardo,Campana,Campana,Wolves,FWD,0,0,0,0,0,0,0,0,0.0,0.0,0.0,0.0,,,45,0.0,
2020-21,1,Mesut,Özil,Özil,Arsenal,MID,0,0,0,0,0,0,0,0,0.0,0.0,0.0,0.0,,,67,0.5,
2020-21,2,Sokratis,Papastathopoulos,Sokratis,Arsenal,DEF,0,0,0,0,0,0,0,0,0.0,0.0,0.0,0.0,,,48,0.1,
2020-21,3,David,Luiz Moreira Marinho,David Luiz,Arsenal,DEF,41,1396,1,0,3,20,0,230,250.6,46.7,144.0,43.9,,,54,0.8,
2020-21,4,Pierre-Emerick,Aubameyang,Aubameyang,Arsenal,MID,131,2330,10,3,10,26,11,358,493.8,361.5,823.0,167.4,,,113,7.2,
2020-21,5,Cédric,Soares,Cédric,Arsenal,DEF,28,744,0,1,2,11,3,125,110.8,114.8,66.0,29.2,,,46,0.3,
2020-21,6,Alexandre,Lacazette,Lacazette,Arsenal,FWD,129,1916,13,3,7,21,21,452,602.4,307.4,797.0,170.4,,,84,4.3,
2020-21,7,Shkodran,Mustafi,Mustafi,Arsenal,DEF,3,45,0,0,0,1,0,16,11.6,1.0,0.0,1.3,,,50,0.0,
2020-21,8,Bernd,Leno,Leno,Arsenal,GKP,131,3131,0,0,11,37,11,625,702.2,0.0,2.0,70.3,,,50,7.3,
2020-21,9,Granit,Xhaka,Xhaka,Arsenal,MID,70,2519,1,2,10,27,1,396,456.0,327.6,154.0,94.0,,,52,0.4,
2020-21,10,Pablo,Marí,Marí,Arsenal,DEF,34,900,0,0,4,8,1,182,163.2,26.4,16.0,20.6,,,44,0.1,
2020-21,11,Héctor,Bellerín,Bellerín,Arsenal,DEF,94,2089,1,3,7,24,17,421,362.8,351.8,232.0,94.7,,,50,3.5,
2020-21,13,Calum,Chambers,Chambers,Arsenal,DEF,36,751,0,3,2,10,3,168,171.8,169.4,77.0,41.9,,,45,0.2,
2020-21,14,Sead,Kolasinac,Kolasinac,Arsenal,DEF,2,90,0,0,0,1,0,9,3.6,5.4,4.0,1.3,,,48,0.1,
2020-21,16,Rob,Holding,Holding,Arsenal,DEF,105,2557,0,1,11,26,10,536,602.6,76.1,97.0,77.7,,,43,4.7,
2020-21,17,Kieran,Tierney,Tierney,Arsenal,DEF,96,2299,1,4,8,27,4,483,446.4,490.1,201.0,113.9,,,52,4.3,
2020-21,18,Nicolas,Pépé,Pépé,Arsenal,MID,114,1606,10,3,4,21,11,351,476.2,235.9,774.0,148.5,,,77,2.4,
2020-21,19,Lucas,Torreira,Torreira,Arsenal,MID,0,0,0,0,0,0,0,0,0.0,0.0,0.0,0.0,,,47,0.1,
2020-21,21,Reiss,Nelson,Nelson,Arsenal,MID,2,70,0,0,0,0,0,2,4.2,9.7,10.0,2.4,,,51,0.0,
2020-21,22,Edward,Nketiah,Nketiah,Arsenal,FWD,36,411,2,1,1,6,5,120,116.6,97.3,211.0,42.1,,,53,0.5,
2020-21,23,Emile,Smith Rowe,Smith Rowe,Arsenal,MID,74,1438,2,5,9,10,3,308,273.2,385.1,222.0,88.1,,,42,3.5,
2020-21,24,Bukayo,Saka,Saka,Arsenal,MID,114,2554,5,5,8,31,8,414,493.0,650.6,984.0,212.7,,,51,7.2,
2020-21,25,Matteo,Guendouzi,Guendouzi,Arsenal,MID,0,0,0,0,0,0,0,0,0.0,0.0,0.0,0.0,,,47,0.1,
2020-21,26,Gabriel Teodoro,Martinelli Silva,Martinelli,Arsenal,MID,36,582,2,1,4,3,0,107,142.6,133.8,300.0,57.5,,,49,0.3,
2020-21,27,William,Saliba,Saliba,Arsenal,DEF,0,0,0,0,0,0,0,0,0.0,0.0,0.0,0.0,,,40,0.4,
2020-21,70,Mathew,Ryan,Ryan,Arsenal,GKP,37,1260,0,0,3,21,0,216,193.6,10.7,2.0,20.6,,,41,5.6,
2020-21,478,Willian,Borges Da Silva,Willian,Arsenal,MID,78,1398,1,7,3,17,9,306,256.2,534.8,228.0,102.3,,,75,2.7,
2020-21,494,Gabriel,Magalhães,Gabriel,Arsenal,DEF,78,1996,2,0,6,24,7,385,464.8,51.0,233.0,74.9,,,49,4.6,
2020-21,501,Daniel,Ceballos Fernández,Ceballos,Arsenal,MID,62,1609,0,4,6,17,7,331,359.8,422.3,141.0,92.4,,,47,0.7,
2020-21,526,Mohamed Naser,El Sayed Elneny,Elneny,Arsenal,MID,50,1538,1,0,5,20,3,258,200.2,99.9,79.0,37.8,,,42,1.3,
2020-21,527,Matt,Macey,Macey,Arsenal,GKP,0,0,0,0,0,0,0,0,0.0,0.0,0.0,0.0,,,40,0.9,
2020-21,547,Rúnar Alex,Rúnarsson,Rúnarsson,Arsenal,GKP,1,15,0,0,0,0,0,8,16.6,0.0,0.0,1.7,,,44,0.1,
2020-21,567,Thomas,Partey,Partey,Arsenal,MID,47,1529,0,2,6,18,0,273,289.4,195.7,129.0,61.7,,,49,0.3,
2020-21,645,Martin,Ødegaard,Ødegaard,Arsenal,MID,40,861,1,2,3,12,3,183,169.8,322.8,167.0,65.9,,,56,0.6,
2020-21,689,Miguel,Azeez,Azeez,Arsenal,MID,0,0,0,0,0,0,0,0,0.0,0.0,0.0,0.0,,,45,0.0,
2020-21,12,Emiliano,Martínez,Martínez,Aston Villa,GKP,186,3420,0,0,15,46,27,825,1067.2,20.0,0.0,108.5,,,53,37.9,
2020-21,28,Tom,Heaton,Heaton,Aston Villa,GKP,0,0,0,0,0,0,0,0,0.0,0.0,0.0,0.0,,,45,0.1,
2020-21,29,Ahmed,El Mohamady,El Mohamady,Aston Villa,DEF,33,833,0,0,3,9,4,190,170.4,201.8,65.0,43.9,,,42,0.3,
2020-21,30,Henri,Lansbury,Lansbury,Aston Villa,MID,0,0,0,0,0,0,0,0,0.0,0.0,0.0,0.0,,,43,0.1,
2020-21,31,Neil,Taylor,Taylor,Aston Villa,DEF,-1,15,0,0,0,2,0,1,0.8,0.7,0.0,0.2,,,42,0.2,
2020-21,32,Jed,Steer,Steer,Aston Villa,GKP,0,0,0,0,0,0,0,0,0.0,0.0,0.0,0.0,,,39,4.4,
2020-21,33,Conor,Hourihane,Hourihane,Aston Villa,MID,20,225,1,1,2,2,3,70,65.4,82.9,33.0,18.2,,,59,0.1,
2020-21,34,José Ignacio,Peleteiro Romallo,Jota,Aston Villa,MID,0,0,0,0,0,0,0,0,0.0,0.0,0.0,0.0,,,59,0.0,
2020-21,35,Ørjan,Nyland,Nyland,Aston Villa,GKP,0,0,0,0,0,0,0,0,0.0,0.0,0.0,0.0,,,40,3.3,
2020-21,36,Bjorn,Engels,Engels,Aston Villa,DEF,0,0,0,0,0,0,0,0,0.0,0.0,0.0,0.0,,,44,0.1,
2020-21,37,Jack,Grealish,Grealish,Aston Villa,MID,135,2183,6,12,12,28,13,531,707.4,1029.6,917.0,265.3,,,75,14.6,
2020-21,38,John,McGinn,McGinn,Aston Villa,MID,114,3330,3,7,14,46,2,492,579.0,600.5,361.0,154.1,,,55,1.1,
2020-21,39,Kortney,Hause,Hause,Aston Villa,DEF,32,630,1,0,3,6,3,124,147.0,2.2,57.0,20.7,,,44,0.1,
2020-21,40,Mahmoud Ahmed,Ibrahim Hassan,Trézéguet,Aston Villa,MID,56,1157,2,1,6,14,3,152,213.6,180.1,478.0,86.7,,,52,0.4,
2020-21,41,Tyrone,Mings,Mings,Aston Villa,DEF,128,3194,2,2,14,42,8,633,798.4,97.3,293.0,119.3,,,54,7.8,
2020-21,42,Matt,Targett,Targett,Aston Villa,DEF,138,3404,0,4,16,44,9,710,690.4,607.0,122.0,142.2,,,50,12.0,
2020-21,43,James,Bree,Bree,Aston Villa,DEF,0,0,0,0,0,0,0,0,0.0,0.0,0.0,0.0,,,45,0.0,
2020-21,44,Marvelous,Nakamba,Nakamba,Aston Villa,MID,27,747,0,1,4,6,1,115,110.8,32.5,10.0,15.4,,,43,0.4,
2020-21,45,Anwar,El Ghazi,El Ghazi,Aston Villa,MID,111,1604,10,0,5,22,13,339,500.4,426.1,726.0,165.1,,,52,1.2,
2020-21,46,Ezri,Konsa Ngoyo,Konsa,Aston Villa,DEF,119,3195,2,0,12,46,8,580,695.6,34.2,276.0,101.0,,,46,6.2,
2020-21,47,Frédéric,Guilbert,Guilbert,Aston Villa,DEF,0,0,0,0,0,0,0,0,0.0,0.0,0.0,0.0,,,43,0.1,
2020-21,48,Wesley,Moraes,Wesley,Aston Villa,FWD,3,15,0,0,0,1,0,11,5.0,1.1,17.0,2.3,,,60,0.0,
2020-21,49,Mbwana,Samatta,Samatta,Aston Villa,FWD,0,0,0,0,0,0,0,0,0.0,0.0,0.0,0.0,,,59,0.0,
2020-21,50,Keinan,Davis,Davis,Aston Villa,FWD,23,265,1,1,1,1,0,85,77.2,76.7,169.0,31.7,,,42,7.6,
2020-21,51,Indiana,Vassilev,Vassilev,Aston Villa,FWD,0,0,0,0,0,0,0,0,0.0,0.0,0.0,0.0,,,43,0.5,
2020-21,52,Douglas Luiz,Soares de Paulo,Douglas Luiz,Aston Villa,MID,72,2781,0,2,12,41,0,358,403.4,304.5,189.0,90.0,,,48,0.2,
2020-21,106,Ross,Barkley,Barkley,Aston Villa,MID,76,1566,3,2,8,24,4,286,274.2,579.3,431.0,128.6,,,58,0.7,
2020-21,496,Matthew,Cash,Cash,Aston Villa,DEF,89,2373,0,2,11,35,8,468,520.8,352.9,110.0,98.7,,,50,0.7,
2020-21,514,Ollie,Watkins,Watkins,Aston Villa,FWD,168,3328,14,9,14,46,18,531,815.4,610.4,1721.0,314.0,,,63,22.1,
2020-21,540,Bertrand,Traoré,Traoré,Aston Villa,MID,135,2315,7,7,11,31,7,407,528.4,530.6,917.0,197.6,,,58,0.7,
2020-21,554,Jacob,Ramsey,Ramsey,Aston Villa,MID,28,611,0,0,2,10,0,75,72.8,91.7,126.0,28.9,,,45,0.1,
2020-21,647,Morgan,Sanson,Sanson,Aston Villa,MID,10,288,0,0,1,4,0,29,25.8,28.8,10.0,6.2,,,55,0.0,
2020-21,671,Kaine,Hayden,Hayden,Aston Villa,MID,0,0,0,0,0,0,0,0,0.0,0.0,0.0,0.0,,,45,0.0,
2020-21,672,Carney,Chukwuemeka,Chukwuemeka,Aston Villa,MID,2,18,0,0,0,0,0,7,1.0,1.1,5.0,0.6,,,45,0.0,
2020-21,683,Jaden,Philogene-Bidace,Philogene-Bidace,Aston Villa,MID,1,1,0,0,0,0,0,2,0.0,0.5,0.0,0.1,,,44,0.0,
2020-21,53,Glenn,Murray,Murray,Brighton,FWD,0,0,0,0,0,0,0,0,0.0,0.0,0.0,0.0,,,48,0.1,
2020-21,54,Adam,Lallana,Lallana,Brighton,MID,58,1584,1,1,5,18,2,265,255.2,355.7,302.0,91.0,,,62,0.3,
2020-21,57,Pascal,Groß,Groß,Brighton,MID,116,2479,3,8,10,28,11,525,620.4,1087.8,415.0,212.3,,,58,0.4,
2020-21,58,Shane,Duffy,Duffy,Brighton,DEF,0,0,0,0,0,0,0,0,0.0,0.0,0.0,0.0,,,43,0.0,
2020-21,59,Davy,Pröpper,Pröpper,Brighton,MID,9,209,0,0,0,2,0,38,24.0,5.1,52.0,8.2,,,47,0.0,
2020-21,60,Aaron,Mooy,Mooy,Brighton,MID,0,0,0,0,0,0,0,0,0.0,0.0,0.0,0.0,,,50,0.0,
2020-21,61,Dan,Burn,Burn,Brighton,DEF,64,2057,1,0,6,28,1,330,389.0,183.1,214.0,78.2,,,42,0.7,
2020-21,62,Lewis,Dunk,Dunk,Brighton,DEF,130,2932,5,0,11,40,17,626,720.4,136.7,443.0,130.2,,,48,5.9,
2020-21,63,Martín,Montoya,Montoya,Brighton,DEF,0,0,0,0,0,0,0,0,0.0,0.0,0.0,0.0,,,45,0.0,
2020-21,64,Florin,Andone,Andone,Brighton,FWD,0,0,0,0,0,0,0,0,0.0,0.0,0.0,0.0,,,48,0.1,
2020-21,65,Solomon,March,March,Brighton,MID,69,1670,2,2,7,25,6,283,368.6,414.3,322.0,110.5,,,49,0.4,
2020-21,66,Adam,Webster,Webster,Brighton,DEF,85,2594,1,0,9,35,0,470,505.4,96.6,244.0,84.6,,,43,1.0,
2020-21,67,Joël,Veltman,Veltman,Brighton,DEF,96,2280,1,1,9,27,10,432,484.4,366.0,169.0,102.1,,,43,1.3,
2020-21,68,Neal,Maupay,Maupay,Brighton,FWD,105,2508,8,2,10,34,12,334,442.2,443.2,1103.0,198.5,,,58,2.1,
2020-21,69,Leandro,Trossard,Trossard,Brighton,MID,132,2602,5,6,12,30,15,406,543.4,725.1,759.0,202.8,,,55,1.8,
2020-21,71,Alireza,Jahanbakhsh,Jahanbakhsh,Brighton,MID,24,520,0,1,1,9,0,102,73.2,162.8,221.0,45.5,,,54,0.0,
2020-21,72,José,Izquierdo,Izquierdo,Brighton,MID,1,8,0,0,0,0,0,2,3.2,1.3,7.0,1.2,,,55,0.0,
2020-21,73,Matthew,Clarke,Clarke,Brighton,DEF,0,0,0,0,0,0,0,0,0.0,0.0,0.0,0.0,,,44,0.0,
2020-21,74,Ben,White,White,Brighton,DEF,104,3192,0,0,12,44,5,571,488.6,152.5,153.0,79.7,,,45,1.9,
2020-21,75,Bernardo,Fernandes da Silva Junior,Bernardo,Brighton,DEF,5,205,0,0,0,3,0,30,27.2,32.4,69.0,12.8,,,39,4.0,
2020-21,76,Yves,Bissouma,Bissouma,Brighton,MID,77,3112,1,0,11,42,2,487,523.6,295.5,196.0,101.1,,,44,1.6,
2020-21,77,Tariq,Lamptey,Lamptey,Brighton,DEF,35,887,1,3,2,15,2,156,147.8,162.9,156.0,46.7,,,46,2.2,
2020-21,78,Aaron,Connolly,Connolly,Brighton,FWD,38,783,2,1,1,17,2,95,104.2,74.1,307.0,48.2,,,52,0.3,
2020-21,79,Steven,Alzate,Alzate,Brighton,MID,35,892,1,0,5,17,3,141,132.2,154.9,88.0,37.6,,,41,0.9,
2020-21,80,Alexis,Mac Allister,Mac Allister,Brighton,MID,48,1108,1,1,5,14,3,148,170.6,210.6,235.0,61.5,,,53,0.0,
2020-21,503,Christian,Walton,Walton,Brighton,GKP,0,0,0,0,0,0,0,0,0.0,0.0,0.0,0.0,,,40,1.1,
2020-21,528,Jason,Steele,Steele,Brighton,GKP,0,0,0,0,0,0,0,0,0.0,0.0,0.0,0.0,,,39,0.8,
2020-21,550,Jayson,Molumby,Molumby,Brighton,MID,1,1,0,0,0,0,0,3,0.0,0.0,0.0,0.0,,,45,0.0,
2020-21,574,Andi,Zeqiri,Zeqiri,Brighton,FWD,9,164,0,0,0,2,0,25,16.0,18.8,107.0,14.2,,,50,0.1,
2020-21,588,Danny,Welbeck,Welbeck,Brighton,FWD,89,1541,6,4,6,18,15,286,319.8,269.7,595.0,117.7,,,55,0.6,
2020-21,597,Robert,Sánchez,Sánchez,Brighton,GKP,101,2430,0,0,10,27,8,514,542.2,10.0,4.0,55.8,,,45,3.4,
2020-21,627,Percy,Tau,Tau,Brighton,MID,7,101,0,1,0,2,0,31,26.8,35.8,6.0,6.9,,,49,0.0,
2020-21,628,Jakub,Moder,Moder,Brighton,MID,21,643,0,0,2,10,0,59,63.8,62.2,162.0,28.8,,,50,0.0,
2020-21,630,Reda,Khadra,Khadra,Brighton,MID,1,4,0,0,0,0,0,3,0.0,0.0,2.0,0.2,,,45,0.0,
2020-21,631,Teddy,Jenks,Jenks,Brighton,MID,0,0,0,0,0,0,0,0,0.0,0.0,0.0,0.0,,,45,0.0,
2020-21,632,Max,Sanders,Sanders,Brighton,MID,0,0,0,0,0,0,0,0,0.0,0.0,0.0,0.0,,,45,0.0,
2020-21,633,Jensen,Weir,Weir,Brighton,MID,0,0,0,0,0,0,0,0,0.0,0.0,0.0,0.0,,,45,0.0,
2020-21,662,Thomas,McGill,McGill,Brighton,GKP,0,0,0,0,0,0,0,0,0.0,0.0,0.0,0.0,,,39,0.3,
2020-21,663,Michal,Karbownik,Karbownik,Brighton,DEF,0,0,0,0,0,0,0,0,0.0,0.0,0.0,0.0,,,45,0.0,
2020-21,664,Moisés,Caicedo,Caicedo,Brighton,MID,0,0,0,0,0,0,0,0,0.0,0.0,0.0,0.0,,,50,0.0,
2020-21,55,Dale,Stephens,Stephens,Burnley,MID,8,257,0,0,0,4,0,33,31.0,8.3,41.0,8.0,,,42,3.1,
2020-21,81,James,Tarkowski,Tarkowski,Burnley,DEF,109,3240,1,0,11,50,9,534,773.4,148.0,350.0,127.7,,,53,3.0,
2020-21,82,Phil,Bardsley,Bardsley,Burnley,DEF,2,273,0,0,0,8,0,28,39.4,12.9,6.0,5.9,,,44,0.2,
2020-21,83,Erik,Pieters,Pieters,Burnley,DEF,50,1260,0,3,3,19,5,203,199.4,77.0,63.0,34.0,,,43,0.4,
2020-21,84,Jack,Cork,Cork,Burnley,MID,33,1350,0,0,4,24,0,154,140.0,126.2,82.0,34.9,,,50,0.0,
2020-21,85,Kevin,Long,Long,Burnley,DEF,14,636,0,0,1,13,1,85,102.6,12.0,25.0,14.0,,,43,0.1,
2020-21,86,Jay,Rodriguez,Rodriguez,Burnley,FWD,54,1248,1,3,4,25,2,125,149.8,97.4,449.0,68.9,,,57,0.3,
2020-21,87,Ashley,Barnes,Barnes,Burnley,FWD,52,1324,3,0,6,19,7,107,153.8,243.6,548.0,93.8,,,60,0.2,
2020-21,88,Ben,Mee,Mee,Burnley,DEF,102,2693,2,0,10,41,7,500,691.0,71.6,312.0,107.9,,,47,2.9,
2020-21,89,Ashley,Westwood,Westwood,Burnley,MID,112,3410,3,4,11,55,5,585,559.2,843.2,156.0,156.1,,,53,0.7,
2020-21,90,Johann Berg,Gudmundsson,Gudmundsson,Burnley,MID,50,1358,2,0,3,24,3,175,193.6,160.8,170.0,52.3,,,54,0.0,
2020-21,91,Chris,Wood,Wood,Burnley,FWD,138,2741,12,3,9,43,16,395,595.8,323.2,1129.0,204.0,,,66,5.6,
2020-21,92,Matthew,Lowton,Lowton,Burnley,DEF,103,3060,1,1,10,47,6,545,551.2,380.8,125.0,105.8,,,44,2.5,
2020-21,93,Matej,Vydra,Vydra,Burnley,FWD,62,1359,3,2,3,24,2,194,197.4,194.0,491.0,87.3,,,48,1.5,
2020-21,94,Ben,Gibson,Gibson,Burnley,DEF,0,0,0,0,0,0,0,0,0.0,0.0,0.0,0.0,,,39,0.1,
2020-21,95,Robbie,Brady,Brady,Burnley,MID,44,1047,1,1,7,6,3,157,174.2,133.9,168.0,47.2,,,50,0.0,
2020-21,96,Nick,Pope,Pope,Burnley,GKP,144,2880,0,0,11,37,20,652,846.6,20.0,2.0,86.8,,,55,9.6,
2020-21,97,Charlie,Taylor,Taylor,Burnley,DEF,83,2425,0,2,8,42,5,451,494.4,248.5,52.0,79.5,,,44,1.4,
2020-21,98,Josh,Brownhill,Brownhill,Burnley,MID,74,2812,0,1,10,42,0,359,350.4,309.1,384.0,104.5,,,49,0.1,
2020-21,99,Bailey,Peacock-Farrell,Peacock-Farrell,Burnley,GKP,3,360,0,0,0,14,0,49,82.6,0.0,0.0,8.2,,,40,1.1,
2020-21,100,Dwight,McNeil,McNeil,Burnley,MID,113,3068,2,5,11,50,8,493,591.8,790.3,277.0,166.3,,,57,0.5,
2020-21,519,Jimmy,Dunne,Dunne,Burnley,DEF,9,270,1,0,0,6,0,50,79.6,22.1,81.0,18.3,,,38,4.1,
2020-21,520,Bobby,Thomas,Thomas,Burnley,DEF,0,0,0,0,0,0,0,0,0.0,0.0,0.0,0.0,,,39,0.4,
2020-21,535,Josh,Benson,Benson,Burnley,MID,10,260,0,0,1,7,0,27,16.0,7.9,13.0,3.7,,,44,0.0,
2020-21,536,Anthony,Driscoll-Glennon,Driscoll-Glennon,Burnley,DEF,0,0,0,0,0,0,0,0,0.0,0.0,0.0,0.0,,,39,0.1,
2020-21,551,Mace,Goodridge,Goodridge,Burnley,MID,0,0,0,0,0,0,0,0,0.0,0.0,0.0,0.0,,,45,0.0,
2020-21,583,Will,Norris,Norris,Burnley,GKP,3,180,0,0,0,4,0,20,15.2,10.0,0.0,2.6,,,40,0.1,
2020-21,591,Max,Thompson,Thompson,Burnley,FWD,0,0,0,0,0,0,0,0,0.0,0.0,0.0,0.0,,,45,0.1,
2020-21,592,Lewis,Richardson,Richardson,Burnley,FWD,2,3,0,0,0,0,0,5,0.0,0.0,0.0,0.0,,,45,0.1,
2020-21,612,Anthony,Mancini,Mancini,Burnley,MID,0,0,0,0,0,0,0,0,0.0,0.0,0.0,0.0,,,44,0.0,
2020-21,613,Joel,Mumbongo,Mumbongo,Burnley,FWD,3,37,0,0,0,1,0,5,0.0,1.8,0.0,0.1,,,45,0.0,
2020-21,658,Richard,Nartey,Nartey,Burnley,DEF,0,0,0,0,0,0,0,0,0.0,0.0,0.0,0.0,,,40,0.0,
2020-21,101,Willy,Caballero,Caballero,Chelsea,GKP,1,90,0,0,0,3,0,7,4.2,0.0,0.0,0.4,,,46,0.2,
2020-21,102,César,Azpilicueta,Azpilicueta,Chelsea,DEF,113,2187,1,2,13,20,12,518,502.2,413.3,164.0,107.9,,,58,6.4,
2020-21,103,Olivier,Giroud,Giroud,Chelsea,FWD,47,740,4,0,4,5,6,139,161.4,112.0,403.0,67.2,,,67,1.1,
2020-21,104,Marcos,Alonso,Alonso,Chelsea,DEF,57,958,2,1,5,13,5,225,224.2,204.1,328.0,75.6,,,56,2.2,
2020-21,105,Jorge Luiz,Frello Filho,Jorginho,Chelsea,MID,114,2006,7,2,14,17,15,485,588.8,383.5,175.0,114.9,,,47,4.7,
2020-21,107,Mateo,Kovacic,Kovacic,Chelsea,MID,54,1809,0,1,9,26,0,332,332.4,384.8,153.0,87.0,,,53,0.3,
2020-21,109,Antonio,Rüdiger,Rüdiger,Chelsea,DEF,93,1710,1,0,11,10,9,429,368.6,83.8,201.0,65.4,,,47,5.6,
2020-21,110,Kurt,Zouma,Zouma,Chelsea,DEF,108,2027,5,0,9,25,6,481,577.8,72.6,339.0,99.0,,,53,8.0,
2020-21,111,Emerson,Palmieri dos Santos,Emerson,Chelsea,DEF,7,88,0,0,1,0,0,24,17.4,7.7,2.0,2.7,,,47,0.1,
2020-21,112,Kepa,Arrizabalaga,Arrizabalaga,Chelsea,GKP,26,585,0,0,2,8,5,117,113.6,0.0,0.0,11.3,,,47,0.6,
2020-21,113,N'Golo,Kanté,Kanté,Chelsea,MID,62,2140,0,2,10,24,0,375,449.0,347.3,96.0,89.7,,,49,2.4,
2020-21,114,Hakim,Ziyech,Ziyech,Chelsea,MID,70,1164,2,3,10,7,8,239,274.8,485.6,369.0,112.8,,,79,2.1,
2020-21,116,Andreas,Christensen,Christensen,Chelsea,DEF,61,1371,0,0,8,17,9,323,293.4,80.9,34.0,40.9,,,47,1.1,
2020-21,117,Timo,Werner,Werner,Chelsea,FWD,128,2598,6,12,13,29,7,394,514.8,532.4,1276.0,232.5,,,92,10.8,
2020-21,118,Tammy,Abraham,Abraham,Chelsea,FWD,69,1031,6,2,5,12,8,224,277.2,121.6,483.0,86.6,,,71,2.0,
2020-21,119,Christian,Pulisic,Pulisic,Chelsea,MID,82,1731,4,3,7,21,3,264,361.4,378.8,724.0,146.2,,,83,2.8,
2020-21,120,Mason,Mount,Mount,Chelsea,MID,147,2887,6,7,14,32,16,599,770.4,1336.9,954.0,306.3,,,73,17.3,
2020-21,121,Fikayo,Tomori,Tomori,Chelsea,DEF,0,45,0,0,0,2,0,8,26.6,0.1,0.0,2.7,,,47,0.2,
2020-21,122,Callum,Hudson-Odoi,Hudson-Odoi,Chelsea,MID,59,1050,2,3,6,5,2,239,291.8,471.5,336.0,109.9,,,57,0.4,
2020-21,123,Reece,James,James,Chelsea,DEF,112,2367,1,3,9,29,15,572,527.4,697.3,399.0,162.8,,,51,6.9,
2020-21,124,Billy,Gilmour,Gilmour,Chelsea,MID,8,259,0,0,1,2,0,38,36.0,50.9,8.0,9.5,,,43,0.1,
2020-21,232,Benjamin,Chilwell,Chilwell,Chelsea,DEF,139,2286,3,6,12,23,11,549,545.0,535.8,408.0,148.5,,,59,14.6,
2020-21,490,Thiago,Thiago,Thiago Silva,Chelsea,DEF,92,1935,2,0,10,25,10,481,537.8,84.9,223.0,84.5,,,56,2.8,
2020-21,500,Kai,Havertz,Havertz,Chelsea,MID,91,1512,4,6,8,15,3,268,325.0,307.7,514.0,114.2,,,83,3.1,
2020-21,548,Edouard,Mendy,Mendy,Chelsea,GKP,140,2745,0,0,16,25,8,613,470.2,0.0,0.0,47.2,,,53,10.9,
2020-21,593,Karlo,Ziger,Ziger,Chelsea,GKP,0,0,0,0,0,0,0,0,0.0,0.0,0.0,0.0,,,40,0.6,
2020-21,605,Faustino,Anjorin,Anjorin,Chelsea,MID,0,0,0,0,0,0,0,0,0.0,0.0,0.0,0.0,,,45,0.0,
2020-21,698,Valentino,Livramento,Livramento,Chelsea,DEF,0,0,0,0,0,0,0,0,0.0,0.0,0.0,0.0,,,40,0.0,
2020-21,108,Michy,Batshuayi,Batshuayi,Crystal Palace,FWD,41,717,2,2,2,15,2,113,132.8,113.5,210.0,45.5,,,57,0.6,
2020-21,125,Gary,Cahill,Cahill,Crystal Palace,DEF,53,1800,1,1,4,39,6,308,406.2,90.1,157.0,65.7,,,45,0.2,
2020-21,126,Wayne,Hennessey,Hennessey,Crystal Palace,GKP,0,0,0,0,0,0,0,0,0.0,0.0,0.0,0.0,,,43,0.3,
2020-21,127,Mamadou,Sakho,Sakho,Crystal Palace,DEF,4,275,0,0,0,8,0,33,36.6,1.6,6.0,4.5,,,44,0.1,
2020-21,128,Vicente,Guaita,Guaita,Crystal Palace,GKP,124,3330,0,0,8,64,15,639,819.4,0.0,0.0,82.2,,,48,3.6,
2020-21,129,James,Tomkins,Tomkins,Crystal Palace,DEF,18,551,0,0,2,12,2,97,101.2,11.4,29.0,14.1,,,44,0.0,
2020-21,130,James,McArthur,McArthur,Crystal Palace,MID,45,1465,0,2,4,26,3,228,285.2,202.2,65.0,55.2,,,52,0.1,
2020-21,131,James,McCarthy,McCarthy,Crystal Palace,MID,26,816,0,0,2,15,0,129,112.2,87.2,10.0,20.9,,,43,0.7,
2020-21,132,Christian,Benteke,Benteke,Crystal Palace,FWD,106,1808,10,2,5,34,14,338,512.6,236.5,1030.0,177.7,,,55,1.3,
2020-21,133,Cheikhou,Kouyaté,Kouyaté,Crystal Palace,MID,82,3121,1,0,8,56,2,438,574.8,103.0,134.0,81.3,,,48,0.3,
2020-21,134,Joel,Ward,Ward,Crystal Palace,DEF,66,2255,0,1,7,43,6,353,366.8,118.2,28.0,51.3,,,43,1.2,
2020-21,135,Martin,Kelly,Kelly,Crystal Palace,DEF,1,1,0,0,0,0,0,3,2.2,0.0,0.0,0.2,,,41,0.2,
2020-21,136,Connor,Wickham,Wickham,Crystal Palace,FWD,0,0,0,0,0,0,0,0,0.0,0.0,0.0,0.0,,,44,0.5,
2020-21,137,Andros,Townsend,Townsend,Crystal Palace,MID,94,2250,1,5,7,37,8,378,511.4,694.6,311.0,152.1,,,55,1.1,
2020-21,138,Luka,Milivojevic,Milivojevic,Crystal Palace,MID,63,2357,1,1,7,47,3,332,410.8,329.6,143.0,88.4,,,56,0.2,
2020-21,139,Patrick,van Aanholt,van Aanholt,Crystal Palace,DEF,54,1775,0,2,4,36,5,313,298.6,195.3,198.0,69.1,,,54,0.4,
2020-21,140,Jordan,Ayew,Ayew,Crystal Palace,FWD,70,2086,1,4,6,42,2,216,278.6,238.6,451.0,96.6,,,56,1.4,
2020-21,141,Wilfried,Zaha,Zaha,Crystal Palace,MID,136,2612,11,4,6,52,11,362,572.6,428.5,1003.0,200.4,,,71,9.9,
2020-21,142,Jeffrey,Schlupp,Schlupp,Crystal Palace,MID,65,1415,2,3,5,26,3,194,336.6,242.1,304.0,88.2,,,53,0.1,
2020-21,143,Max,Meyer,Meyer,Crystal Palace,MID,0,0,0,0,0,0,0,0,0.0,0.0,0.0,0.0,,,47,0.0,
2020-21,144,Jairo,Riedewald,Riedewald,Crystal Palace,MID,64,1810,2,0,4,39,4,249,274.0,160.4,88.0,52.4,,,44,0.7,
2020-21,145,Nathan,Ferguson,Ferguson,Crystal Palace,DEF,0,0,0,0,0,0,0,0,0.0,0.0,0.0,0.0,,,38,0.6,
2020-21,146,Tyrick,Mitchell,Mitchell,Crystal Palace,DEF,58,1710,1,2,4,32,5,287,387.6,76.8,60.0,52.5,,,38,12.8,
2020-21,147,Brandon,Pierrick,Pierrick,Crystal Palace,MID,0,0,0,0,0,0,0,0,0.0,0.0,0.0,0.0,,,43,0.1,
2020-21,486,Scott,Dann,Dann,Crystal Palace,DEF,39,1350,1,1,2,24,1,233,284.6,17.0,99.0,40.3,,,42,0.5,
2020-21,489,Eberechi,Eze,Eze,Crystal Palace,MID,125,2555,4,8,6,51,17,470,516.2,653.1,383.0,155.4,,,58,1.2,
2020-21,522,Sam,Woods,Woods,Crystal Palace,DEF,0,0,0,0,0,0,0,0,0.0,0.0,0.0,0.0,,,40,0.4,
2020-21,534,Ryan,Inniss,Inniss,Crystal Palace,DEF,0,0,0,0,0,0,0,0,0.0,0.0,0.0,0.0,,,40,0.0,
2020-21,577,Nathaniel,Clyne,Clyne,Crystal Palace,DEF,28,1145,0,1,2,22,0,172,150.8,84.3,34.0,27.2,,,45,0.1,
2020-21,578,Stephen,Henderson,Henderson,Crystal Palace,GKP,0,0,0,0,0,0,0,0,0.0,0.0,0.0,0.0,,,40,0.4,
2020-21,586,Jack,Butland,Butland,Crystal Palace,GKP,2,90,0,0,0,2,0,14,16.6,0.0,0.0,1.7,,,45,0.1,
2020-21,641,Jean-Philippe,Mateta,Mateta,Crystal Palace,FWD,15,215,1,0,0,4,2,45,46.6,16.2,80.0,14.0,,,53,0.0,
2020-21,675,Reece,Hannam,Hannam,Crystal Palace,DEF,0,0,0,0,0,0,0,0,0.0,0.0,0.0,0.0,,,40,0.0,
2020-21,688,Jesurun,Rak-Sakyi,Rak-Sakyi,Crystal Palace,MID,0,0,0,0,0,0,0,0,0.0,0.0,0.0,0.0,,,45,0.0,
2020-21,149,Fabian,Delph,Delph,Everton,MID,8,260,0,0,0,6,0,48,37.0,29.8,1.0,6.8,,,48,0.0,
2020-21,150,Gylfi,Sigurdsson,Sigurdsson,Everton,MID,122,2244,6,5,10,29,13,443,530.6,644.2,510.0,168.8,,,68,2.9,
2020-21,151,Jonas,Lössl,Lössl,Everton,GKP,0,0,0,0,0,0,0,0,0.0,0.0,0.0,0.0,,,43,0.1,
2020-21,152,Seamus,Coleman,Coleman,Everton,DEF,81,1607,0,3,8,19,4,371,322.6,268.2,189.0,78.0,,,49,2.4,
2020-21,153,Cenk,Tosun,Tosun,Everton,FWD,4,44,0,0,0,3,0,12,2.2,11.6,4.0,1.8,,,60,0.0,
2020-21,154,Bernard,Anício Caldeira Duarte,Bernard,Everton,MID,21,447,1,0,2,7,1,75,104.8,142.7,80.0,32.7,,,57,0.1,
2020-21,155,Lucas,Digne,Digne,Everton,DEF,120,2681,0,9,9,42,18,590,592.6,704.2,136.0,143.5,,,62,11.4,
2020-21,156,Michael,Keane,Keane,Everton,DEF,127,2989,3,1,11,43,13,649,814.0,87.8,243.0,114.5,,,50,6.3,
2020-21,157,Jordan,Pickford,Pickford,Everton,GKP,114,2742,0,0,10,39,8,570,698.4,10.1,0.0,70.9,,,48,5.3,
2020-21,158,André Filipe,Tavares Gomes,André Gomes,Everton,MID,48,1559,0,1,5,22,0,224,189.0,244.5,103.0,53.0,,,53,0.2,
2020-21,159,Alex,Iwobi,Iwobi,Everton,MID,65,1530,1,3,5,21,1,256,262.6,263.1,233.0,76.0,,,59,0.2,
2020-21,160,Jonjoe,Kenny,Kenny,Everton,DEF,5,78,0,0,0,1,0,19,11.0,8.1,8.0,2.8,,,43,0.1,
2020-21,161,Jean-Philippe,Gbamin,Gbamin,Everton,MID,1,11,0,0,0,1,0,1,3.8,0.9,0.0,0.5,,,50,0.0,
2020-21,162,Yerry,Mina,Mina,Everton,DEF,79,1936,2,0,6,22,7,399,496.2,23.5,200.0,72.3,,,55,1.7,
2020-21,163,Tom,Davies,Davies,Everton,MID,47,1417,0,1,5,23,1,209,205.6,112.0,30.0,34.7,,,52,0.1,
2020-21,164,Dominic,Calvert-Lewin,Calvert-Lewin,Everton,FWD,165,2871,16,6,11,39,21,528,745.8,308.0,1439.0,249.0,,,75,29.5,
2020-21,165,Mason,Holgate,Holgate,Everton,DEF,80,2286,1,0,9,32,4,426,432.2,126.0,80.0,64.1,,,48,1.0,
2020-21,166,Richarlison,de Andrade,Richarlison,Everton,FWD,123,2862,7,6,11,38,18,415,576.4,359.7,1147.0,208.3,,,77,7.1,
2020-21,167,João,Virgínia,Virgínia,Everton,GKP,2,47,0,0,0,0,0,10,25.0,0.0,0.0,2.5,,,43,0.1,
2020-21,168,Anthony,Gordon,Gordon,Everton,MID,3,87,0,0,0,0,0,11,14.4,12.7,4.0,3.1,,,43,0.4,
2020-21,169,Moise,Kean,Kean,Everton,FWD,2,13,0,0,0,0,0,1,0.0,1.3,11.0,0.9,,,57,0.2,
2020-21,170,Jarrad,Branthwaite,Branthwaite,Everton,DEF,0,0,0,0,0,0,0,0,0.0,0.0,0.0,0.0,,,39,1.0,
2020-21,502,Allan,Marques Loureiro,Allan,Everton,MID,47,2050,0,0,7,30,0,290,366.6,233.3,42.0,64.4,,,52,0.6,
2020-21,508,James,Rodríguez,Rodríguez,Everton,MID,101,1763,6,5,5,27,11,432,499.2,585.6,399.0,148.7,,,77,7.8,
2020-21,512,Abdoulaye,Doucouré,Doucouré,Everton,MID,80,2443,2,3,9,36,2,421,433.8,319.4,267.0,102.1,,,51,0.6,
2020-21,559,Niels,Nkounkou,Nkounkou,Everton,DEF,2,80,0,0,0,1,0,9,15.0,5.7,1.0,2.2,,,40,0.2,
2020-21,566,Ben,Godfrey,Godfrey,Everton,DEF,100,2683,0,2,11,35,7,537,610.4,84.3,152.0,84.8,,,51,1.9,
2020-21,573,Robin,Olsen,Olsen,Everton,GKP,25,630,0,0,2,9,3,119,166.4,0.0,0.0,16.7,,,45,0.1,
2020-21,596,Ellis,Simms,Simms,Everton,FWD,0,0,0,0,0,0,0,0,0.0,0.0,0.0,0.0,,,45,0.1,
2020-21,644,Tyler,Onyango,Onyango,Everton,MID,0,0,0,0,0,0,0,0,0.0,0.0,0.0,0.0,,,45,0.0,
2020-21,651,Joshua,King,King,Everton,FWD,11,138,0,0,0,2,0,18,13.4,5.6,31.0,5.0,,,50,0.1,
2020-21,679,Kyle,John,John,Everton,DEF,0,0,0,0,0,0,0,0,0.0,0.0,0.0,0.0,,,40,0.0,
2020-21,680,Nathan,Broadhead,Broadhead,Everton,MID,1,2,0,0,0,0,0,5,2.0,0.0,0.0,0.2,,,45,0.0,
2020-21,681,Ryan,Astley,Astley,Everton,DEF,0,0,0,0,0,0,0,0,0.0,0.0,0.0,0.0,,,40,0.0,
2020-21,682,Harry,Tyrer,Tyrer,Everton,GKP,0,0,0,0,0,0,0,0,0.0,0.0,0.0,0.0,,,40,0.0,
2020-21,690,Reece,Welch,Welch,Everton,DEF,0,0,0,0,0,0,0,0,0.0,0.0,0.0,0.0,,,40,0.0,
2020-21,691,Isaac,Price,Price,Everton,MID,0,0,0,0,0,0,0,0,0.0,0.0,0.0,0.0,,,45,0.0,
2020-21,115,Ruben,Loftus-Cheek,Loftus-Cheek,Fulham,MID,66,1962,1,0,11,22,0,178,201.6,274.2,439.0,91.4,,,59,0.2,
2020-21,171,Fabricio,Agosto Ramírez,Fabri,Fulham,GKP,0,0,0,0,0,0,0,0,0.0,0.0,0.0,0.0,,,39,2.0,
2020-21,172,Kevin,McDonald,McDonald,Fulham,MID,0,0,0,0,0,0,0,0,0.0,0.0,0.0,0.0,,,47,0.0,
2020-21,173,Maxime,Le Marchand,Le Marchand,Fulham,DEF,1,122,0,0,0,1,0,12,12.6,1.6,1.0,1.6,,,41,0.0,
2020-21,174,Stefan,Johansen,Johansen,Fulham,MID,0,0,0,0,0,0,0,0,0.0,0.0,0.0,0.0,,,47,0.0,
2020-21,175,Tom,Cairney,Cairney,Fulham,MID,27,758,1,1,1,15,2,160,170.6,278.3,124.0,57.3,,,52,0.1,
2020-21,176,Tim,Ream,Ream,Fulham,DEF,10,630,0,0,0,13,0,103,133.6,8.1,2.0,14.5,,,42,0.1,
2020-21,177,Anthony,Knockaert,Knockaert,Fulham,MID,0,0,0,0,0,0,0,0,0.0,0.0,0.0,0.0,,,50,0.0,
2020-21,178,Michael,Hector,Hector,Fulham,DEF,0,262,0,0,0,10,0,32,40.8,11.3,18.0,6.9,,,41,0.1,
2020-21,179,Cyrus,Christie,Christie,Fulham,DEF,0,0,0,0,0,0,0,0,0.0,0.0,0.0,0.0,,,42,0.0,
2020-21,180,Neeskens,Kebano,Kebano,Fulham,MID,6,116,0,0,0,3,0,13,1.4,14.6,47.0,5.9,,,47,0.0,
2020-21,181,Bobby,Decordova-Reid,Decordova-Reid,Fulham,FWD,88,2367,5,3,9,32,6,343,384.8,254.1,503.0,114.1,,,53,0.6,
2020-21,182,Joe,Bryan,Bryan,Fulham,DEF,27,663,1,1,0,17,2,132,143.2,100.4,85.0,32.8,,,45,0.3,
2020-21,183,Marcus,Bettinelli,Bettinelli,Fulham,GKP,0,0,0,0,0,0,0,0,0.0,0.0,0.0,0.0,,,43,0.0,
2020-21,184,Aleksandar,Mitrović,Mitrović,Fulham,FWD,63,1389,3,3,1,24,7,178,245.6,323.8,697.0,124.9,,,55,3.2,
2020-21,185,Alfie,Mawson,Mawson,Fulham,DEF,0,0,0,0,0,0,0,0,0.0,0.0,0.0,0.0,,,43,0.0,
2020-21,186,Marek,Rodák,Rodák,Fulham,GKP,2,180,0,0,0,5,0,23,32.6,0.0,0.0,3.2,,,43,0.2,
2020-21,187,Ivan Ricardo,Neves Abreu Cavaleiro,Cavaleiro,Fulham,MID,85,2465,3,0,7,43,4,261,347.0,647.2,530.0,152.5,,,53,0.1,
2020-21,188,Josh,Onomah,Onomah,Fulham,MID,13,369,0,0,0,12,0,46,33.6,28.7,47.0,10.7,,,46,0.0,
2020-21,189,Jean Michaël,Seri,Seri,Fulham,MID,0,0,0,0,0,0,0,0,0.0,0.0,0.0,0.0,,,46,0.0,
2020-21,190,Aboubakar,Kamara,Kamara,Fulham,MID,8,307,0,0,0,9,0,14,22.6,76.8,39.0,13.2,,,48,0.0,
2020-21,191,André-Frank,Zambo Anguissa,Anguissa,Fulham,MID,76,2581,0,3,6,40,4,391,507.6,409.4,312.0,123.1,,,44,1.2,
2020-21,192,Zeze Steven,Sessegnon,Sessegnon,Fulham,DEF,0,0,0,0,0,0,0,0,0.0,0.0,0.0,0.0,,,43,0.0,
2020-21,373,Harrison,Reed,Reed,Fulham,MID,69,2243,0,3,9,35,0,391,421.2,330.4,82.0,83.5,,,44,0.5,
2020-21,484,Antonee,Robinson,Robinson,Fulham,DEF,57,2159,0,0,5,28,1,393,451.4,475.8,178.0,110.8,,,44,0.2,
2020-21,493,Mario,Lemina,Lemina,Fulham,MID,55,1696,1,1,3,27,3,267,294.0,169.5,134.0,59.9,,,45,0.3,
2020-21,516,Alphonse,Areola,Areola,Fulham,GKP,124,3240,0,0,9,48,9,637,876.2,0.0,0.0,87.4,,,45,4.7,
2020-21,517,Kenny,Tete,Tete,Fulham,DEF,50,1477,0,1,5,27,3,288,330.8,312.4,98.0,74.2,,,43,0.1,
2020-21,525,Denis,Odoi,Odoi,Fulham,DEF,1,270,0,0,0,10,0,34,35.4,20.8,8.0,6.4,,,42,0.1,
2020-21,557,Ademola,Lookman,Lookman,Fulham,MID,107,2746,4,4,10,33,8,367,514.2,884.6,928.0,232.7,,,47,1.3,
2020-21,562,Ola,Aina,Aina,Fulham,DEF,102,2664,2,1,8,36,8,477,483.6,248.8,144.0,87.7,,,43,2.0,
2020-21,571,Joachim,Andersen,Andersen,Fulham,DEF,93,2729,1,1,9,36,7,501,582.8,109.3,151.0,84.5,,,45,0.4,
2020-21,572,Tosin,Adarabioyo,Adarabioyo,Fulham,DEF,100,2953,0,1,9,41,11,571,673.8,70.1,223.0,97.1,,,45,0.6,
2020-21,585,Terence,Kongolo,Kongolo,Fulham,DEF,2,90,0,0,0,1,0,15,16.8,4.7,2.0,2.4,,,43,0.0,
2020-21,665,Josh,Maja,Maja,Fulham,FWD,40,804,3,0,5,9,5,123,138.0,103.2,314.0,55.3,,,50,0.5,
2020-21,695,Fabio,Carvalho,Carvalho,Fulham,MID,12,254,1,0,0,6,0,42,72.4,30.8,161.0,26.5,,,45,0.0,
2020-21,707,Sylvester,Jasper,Jasper,Fulham,MID,0,0,0,0,0,0,0,0,0.0,0.0,0.0,0.0,,,45,0.0,
2020-21,708,Tyrese,Francois,Francois,Fulham,MID,1,14,0,0,0,1,0,2,1.2,1.3,0.0,0.3,,,45,0.0,
2020-21,216,Wes,Morgan,Morgan,Leicester,DEF,3,16,0,0,0,0,0,9,3.0,0.1,0.0,0.3,,,44,0.1,
2020-21,217,Kasper,Schmeichel,Schmeichel,Leicester,GKP,128,3420,0,0,11,50,6,631,769.0,0.0,0.0,76.9,,,54,9.6,
2020-21,218,Christian,Fuchs,Fuchs,Leicester,DEF,24,701,0,0,3,9,2,112,137.0,33.9,22.0,19.2,,,45,0.2,
2020-21,219,Jonny,Evans,Evans,Leicester,DEF,109,2473,2,2,10,31,12,536,532.4,129.0,115.0,77.9,,,56,1.4,
2020-21,220,Adrien,Silva,Silva,Leicester,MID,0,0,0,0,0,0,0,0,0.0,0.0,0.0,0.0,,,44,0.2,
2020-21,221,Marc,Albrighton,Albrighton,Leicester,MID,78,1735,1,7,4,22,3,325,412.6,544.2,282.0,123.9,,,52,0.2,
2020-21,222,Matty,James,James,Leicester,MID,0,0,0,0,0,0,0,0,0.0,0.0,0.0,0.0,,,43,0.2,
2020-21,223,Danny,Ward,Ward,Leicester,GKP,0,0,0,0,0,0,0,0,0.0,0.0,0.0,0.0,,,43,0.2,
2020-21,224,Jamie,Vardy,Vardy,Leicester,FWD,187,2838,15,14,8,44,23,649,819.2,356.6,1306.0,248.3,,,102,17.5,
2020-21,225,Dennis,Praet,Praet,Leicester,MID,37,714,1,2,3,11,1,129,119.2,132.1,120.0,36.9,,,52,0.1,
2020-21,226,Ricardo Domingos,Barbosa Pereira,Pereira,Leicester,DEF,27,954,0,1,2,19,0,152,183.4,162.4,144.0,48.9,,,59,0.6,
2020-21,227,Daniel,Amartey,Amartey,Leicester,DEF,19,718,1,0,0,12,2,121,155.0,10.9,61.0,22.7,,,39,1.2,
2020-21,228,Youri,Tielemans,Tielemans,Leicester,MID,133,3356,6,4,11,50,11,633,840.4,788.2,462.0,209.1,,,64,3.8,
2020-21,229,Ayoze,Pérez,Pérez,Leicester,MID,58,1322,2,1,5,21,2,149,255.6,323.6,482.0,106.1,,,60,0.6,
2020-21,230,Demarai,Gray,Gray,Leicester,MID,1,18,0,0,0,0,0,3,0.2,1.3,3.0,0.5,,,51,0.1,
2020-21,231,James,Maddison,Maddison,Leicester,MID,133,2093,8,7,10,28,12,473,588.4,770.3,668.0,202.5,,,72,5.5,
2020-21,233,Kelechi,Iheanacho,Iheanacho,Leicester,FWD,110,1452,12,2,5,23,18,424,540.2,413.9,814.0,176.5,,,62,19.5,
2020-21,234,Hamza,Choudhury,Choudhury,Leicester,MID,14,311,0,0,2,2,0,59,34.0,13.5,29.0,7.6,,,46,0.1,
2020-21,235,Harvey,Barnes,Barnes,Leicester,MID,126,1944,9,5,7,25,13,348,556.4,359.0,810.0,172.7,,,66,2.7,
2020-21,236,Wilfred,Ndidi,Ndidi,Leicester,MID,79,2175,1,4,7,31,11,430,549.2,234.5,78.0,86.2,,,48,0.7,
2020-21,237,Filip,Benkovic,Benkovic,Leicester,DEF,0,0,0,0,0,0,0,0,0.0,0.0,0.0,0.0,,,43,0.0,
2020-21,238,Çaglar,Söyüncü,Söyüncü,Leicester,DEF,59,1816,1,0,5,30,3,360,403.6,114.4,157.0,67.7,,,53,3.0,
2020-21,239,James,Justin,Justin,Leicester,DEF,101,2070,2,2,9,25,13,447,472.2,290.7,195.0,96.0,,,48,6.1,
2020-21,240,Luke,Thomas,Thomas,Leicester,DEF,26,968,1,0,1,18,0,132,169.0,111.7,101.0,38.1,,,41,0.4,
2020-21,498,Timothy,Castagne,Castagne,Leicester,DEF,94,2345,2,4,6,37,7,479,486.6,350.2,181.0,101.7,,,58,5.7,
2020-21,518,Nampalys,Mendy,Mendy,Leicester,MID,41,1452,0,1,4,25,0,234,153.0,118.7,23.0,29.6,,,42,1.5,
2020-21,541,Cengiz,Ünder,Ünder,Leicester,MID,16,275,0,2,0,5,0,62,73.4,87.5,88.0,24.9,,,57,0.0,
2020-21,561,Wesley,Fofana,Fofana,Leicester,DEF,71,2260,0,1,7,30,5,464,502.0,107.8,121.0,73.4,,,50,1.0,
2020-21,579,Islam,Slimani,Slimani,Leicester,FWD,1,19,0,0,0,1,0,3,0.2,11.7,6.0,1.8,,,49,0.1,
2020-21,660,Vontae,Daley-Campbell,Daley-Campbell,Leicester,DEF,0,0,0,0,0,0,0,0,0.0,0.0,0.0,0.0,,,40,0.0,
2020-21,661,Thakgalo,Leshabela,Leshabela,Leicester,MID,1,9,0,0,0,0,0,2,0.6,1.4,0.0,0.2,,,44,0.0,
2020-21,676,Sidnei,Tavares,Tavares,Leicester,MID,3,84,0,0,0,1,0,10,9.6,1.2,9.0,2.0,,,44,0.0,
2020-21,684,Shane,Flynn,Flynn,Leicester,MID,0,0,0,0,0,0,0,0,0.0,0.0,0.0,0.0,,,45,0.0,
2020-21,687,Thanawat,Suengchitthawon,Suengchitthawon,Leicester,MID,0,0,0,0,0,0,0,0,0.0,0.0,0.0,0.0,,,45,0.0,
2020-21,703,Tawanda,Maswanhise,Maswanhise,Leicester,MID,0,0,0,0,0,0,0,0,0.0,0.0,0.0,0.0,,,45,0.0,
2020-21,193,Pablo,Hernández Domínguez,Hernández,Leeds,MID,28,414,0,3,1,6,0,103,84.0,97.9,153.0,33.4,,,57,0.3,
2020-21,194,Francisco,Casilla Cortés,Casilla,Leeds,GKP,14,270,0,0,1,2,2,58,68.0,0.0,0.0,6.8,,,41,1.0,
2020-21,195,Liam,Cooper,Cooper,Leeds,DEF,59,2186,1,0,6,41,2,454,620.4,17.7,259.0,89.8,,,43,0.3,
2020-21,196,Barry,Douglas,Douglas,Leeds,DEF,0,0,0,0,0,0,0,0,0.0,0.0,0.0,0.0,,,38,2.8,
2020-21,197,Luke,Ayling,Ayling,Leeds,DEF,100,3399,0,0,12,54,2,665,843.2,421.4,350.0,161.6,,,44,2.7,
2020-21,198,Mateusz,Klich,Klich,Leeds,MID,99,2386,4,5,8,44,3,407,464.6,661.4,333.0,145.7,,,52,2.3,
2020-21,199,Adam,Forshaw,Forshaw,Leeds,MID,0,0,0,0,0,0,0,0,0.0,0.0,0.0,0.0,,,48,0.0,
2020-21,200,Stuart,Dallas,Dallas,Leeds,DEF,171,3410,8,3,12,53,15,726,756.8,454.6,527.0,174.2,,,55,33.1,
2020-21,201,Ezgjan,Alioski,Alioski,Leeds,DEF,110,2456,2,3,10,35,7,449,477.8,423.0,281.0,118.5,,,44,3.2,
2020-21,202,Patrick,Bamford,Bamford,Leeds,FWD,194,3052,17,11,10,50,26,631,867.2,371.0,1512.0,274.6,,,66,45.2,
2020-21,203,Jack,Harrison,Harrison,Leeds,MID,160,2846,8,10,11,45,15,542,759.2,821.7,666.0,225.2,,,56,7.6,
2020-21,204,Kalvin,Phillips,Phillips,Leeds,MID,67,2428,1,2,9,34,2,396,535.4,539.3,82.0,115.8,,,49,0.9,
2020-21,205,Hélder Wander,Sousa de Azevedo e Costa,Costa,Leeds,MID,63,1150,3,4,3,23,2,162,224.2,134.3,289.0,64.7,,,50,2.1,
2020-21,206,Tyler,Roberts,Roberts,Leeds,MID,49,1330,1,2,4,19,0,169,189.4,239.0,296.0,72.5,,,46,0.1,
2020-21,207,Jay-Roy,Grot,Grot,Leeds,MID,0,0,0,0,0,0,0,0,0.0,0.0,0.0,0.0,,,47,0.0,
2020-21,208,Kamil,Miazek,Miazek,Leeds,GKP,0,0,0,0,0,0,0,0,0.0,0.0,0.0,0.0,,,40,0.8,
2020-21,209,Ian Carlo,Poveda-Ocampo,Poveda-Ocampo,Leeds,MID,14,344,0,0,0,5,0,43,55.0,71.5,91.0,21.8,,,42,0.3,
2020-21,210,Jamie,Shackleton,Shackleton,Leeds,MID,17,454,0,0,1,11,0,72,52.0,45.7,18.0,11.4,,,48,0.0,
2020-21,211,Pascal,Struijk,Struijk,Leeds,DEF,71,2072,1,0,7,32,2,402,513.0,66.3,222.0,80.1,,,40,5.3,
2020-21,212,Jordan,Stevens,Stevens,Leeds,MID,0,0,0,0,0,0,0,0,0.0,0.0,0.0,0.0,,,43,0.4,
2020-21,213,Illan,Meslier,Meslier,Leeds,GKP,154,3150,0,0,11,52,20,774,1026.0,10.0,0.0,103.7,,,48,8.5,
2020-21,214,Leif,Davis,Davis,Leeds,DEF,2,31,0,0,0,0,0,5,2.8,0.6,0.0,0.3,,,38,1.1,
2020-21,215,Oliver,Casey,Casey,Leeds,DEF,0,0,0,0,0,0,0,0,0.0,0.0,0.0,0.0,,,38,1.0,
2020-21,491,Robin,Koch,Koch,Leeds,DEF,38,1130,0,0,4,21,2,220,230.2,52.2,131.0,41.4,,,43,0.3,
2020-21,492,Rodrigo,Moreno,Rodrigo,Leeds,FWD,89,1279,7,4,3,21,16,341,398.4,409.7,617.0,142.4,,,57,2.7,
2020-21,532,Elia,Caprile,Caprile,Leeds,GKP,0,0,0,0,0,0,0,0,0.0,0.0,0.0,0.0,,,40,0.2,
2020-21,533,Mateusz,Bogusz,Bogusz,Leeds,MID,0,0,0,0,0,0,0,0,0.0,0.0,0.0,0.0,,,43,0.0,
2020-21,549,Diego,Llorente,Llorente,Leeds,DEF,50,1203,1,0,4,12,3,255,293.0,51.0,115.0,46.0,,,44,0.6,
2020-21,570,Raphael,Dias Belloli,Raphinha,Leeds,MID,133,2358,6,10,9,34,11,489,719.6,889.3,902.0,251.3,,,56,9.4,
2020-21,599,Jack,Jenkins,Jenkins,Leeds,MID,0,0,0,0,0,0,0,0,0.0,0.0,0.0,0.0,,,45,0.0,
2020-21,619,Niall,Huggins,Huggins,Leeds,FWD,1,37,0,0,0,0,0,4,2.6,0.9,2.0,0.6,,,45,0.1,
2020-21,620,Charlie,Cresswell,Cresswell,Leeds,DEF,0,0,0,0,0,0,0,0,0.0,0.0,0.0,0.0,,,40,0.1,
2020-21,667,Joe,Gelhardt,Gelhardt,Leeds,FWD,0,0,0,0,0,0,0,0,0.0,0.0,0.0,0.0,,,45,0.0,
2020-21,685,Gaetano,Berardi,Berardi,Leeds,DEF,8,113,0,0,1,0,1,30,17.2,0.9,18.0,3.6,,,40,0.0,
2020-21,692,Sam,Greenwood,Greenwood,Leeds,FWD,0,0,0,0,0,0,0,0,0.0,0.0,0.0,0.0,,,45,0.0,
2020-21,693,Crysencio,Summerville,Summerville,Leeds,MID,0,0,0,0,0,0,0,0,0.0,0.0,0.0,0.0,,,44,0.0,
2020-21,694,Cody,Drameh,Drameh,Leeds,DEF,0,0,0,0,0,0,0,0,0.0,0.0,0.0,0.0,,,40,0.0,
2020-21,241,James,Milner,Milner,Liverpool,MID,44,1056,0,2,4,10,2,204,200.0,242.0,108.0,55.2,,,53,0.1,
2020-21,242,Konstantinos,Tsimikas,Tsimikas,Liverpool,DEF,2,6,0,0,0,0,0,5,0.0,0.1,0.0,0.0,,,49,0.0,
2020-21,243,Georginio,Wijnaldum,Wijnaldum,Liverpool,MID,97,2938,2,1,10,39,3,482,358.2,387.0,307.0,105.1,,,53,1.2,
2020-21,244,Jordan,Henderson,Henderson,Liverpool,MID,56,1704,1,2,4,23,2,345,358.0,262.3,108.0,72.9,,,54,0.9,
2020-21,245,Adrián,San Miguel del Castillo,Adrián,Liverpool,GKP,11,270,0,0,1,9,2,60,59.6,0.0,0.0,5.9,,,42,0.3,
2020-21,246,Joel,Matip,Matip,Liverpool,DEF,42,690,1,2,3,5,5,194,179.0,42.4,84.0,30.6,,,54,0.4,
2020-21,247,Xherdan,Shaqiri,Shaqiri,Liverpool,MID,26,548,0,2,2,7,1,127,95.2,294.2,86.0,47.6,,,64,0.1,
2020-21,248,Alex,Oxlade-Chamberlain,Chamberlain,Liverpool,MID,21,243,1,1,0,6,0,58,70.8,32.9,68.0,17.1,,,63,0.1,
2020-21,249,Roberto,Firmino,Firmino,Liverpool,FWD,141,2837,9,8,10,39,15,615,729.4,643.2,1415.0,278.8,,,91,5.7,
2020-21,250,Virgil,van Dijk,van Dijk,Liverpool,DEF,15,370,1,0,1,11,1,73,82.4,4.8,66.0,15.3,,,62,6.2,
2020-21,251,Sadio,Mané,Mané,Liverpool,MID,176,2808,11,11,12,28,14,513,808.8,809.7,1535.0,315.5,,,118,8.2,
2020-21,252,Alisson,Ramses Becker,Alisson,Liverpool,GKP,140,2970,1,0,10,32,13,660,776.4,0.1,17.0,79.4,,,60,8.3,
2020-21,253,Fabio Henrique,Tavares,Fabinho,Liverpool,MID,71,2566,0,2,11,29,2,421,460.4,106.8,75.0,64.6,,,54,0.9,
2020-21,254,Mohamed,Salah,Salah,Liverpool,MID,231,3077,22,6,11,41,21,657,1056.0,825.7,1980.0,385.8,,,129,43.6,
2020-21,255,Andrew,Robertson,Robertson,Liverpool,DEF,161,3384,1,8,12,42,19,834,754.4,1129.3,359.0,224.5,,,73,16.5,
2020-21,256,Divock,Origi,Origi,Liverpool,FWD,10,180,0,0,1,0,0,23,17.8,33.2,60.0,11.1,,,51,0.6,
2020-21,257,Harry,Wilson,Harry Wilson,Liverpool,MID,0,0,0,0,0,0,0,0,0.0,0.0,0.0,0.0,,,51,0.0,
2020-21,259,Trent,Alexander-Arnold,Alexander-Arnold,Liverpool,DEF,160,3029,2,8,10,40,26,761,789.6,1238.8,529.0,255.7,,,78,27.1,
2020-21,260,Joseph,Gomez,Gomez,Liverpool,DEF,10,589,0,0,0,14,0,94,106.8,18.1,0.0,12.5,,,52,1.0,
2020-21,261,Naby,Keita,Keita,Liverpool,MID,15,517,0,0,2,8,0,78,70.6,100.5,119.0,29.0,,,52,0.2,
2020-21,263,Curtis,Jones,Jones,Liverpool,MID,50,1169,1,2,5,14,0,226,224.6,233.4,289.0,74.8,,,44,0.6,
2020-21,264,Neco,Williams,Neco Williams,Liverpool,DEF,11,247,0,0,1,1,0,51,42.0,47.8,34.0,12.2,,,38,4.1,
2020-21,265,Harvey,Elliott,Elliott,Liverpool,MID,0,0,0,0,0,0,0,0,0.0,0.0,0.0,0.0,,,43,0.1,
2020-21,468,Diogo,Jota,Jota,Liverpool,MID,86,1106,9,0,4,15,9,228,387.4,188.3,680.0,125.7,,,69,5.7,
2020-21,531,Thiago,Alcántara do Nascimento,Thiago,Liverpool,MID,55,1851,1,0,8,18,1,331,378.8,460.3,178.0,101.9,,,55,1.2,
2020-21,560,Caoimhin,Kelleher,Kelleher,Liverpool,GKP,10,180,0,0,1,1,0,41,57.8,0.0,0.0,5.8,,,45,0.1,
2020-21,589,Nathaniel,Phillips,Phillips,Liverpool,DEF,68,1455,1,1,7,11,1,325,376.4,90.6,132.0,60.1,,,42,4.7,
2020-21,594,Rhys,Williams,Rhys Williams,Liverpool,DEF,28,659,0,0,3,6,1,135,111.6,29.8,62.0,20.4,,,40,0.3,
2020-21,601,Leighton,Clarkson,Clarkson,Liverpool,MID,0,0,0,0,0,0,0,0,0.0,0.0,0.0,0.0,,,45,0.0,
2020-21,607,Jake,Cain,Cain,Liverpool,MID,0,0,0,0,0,0,0,0,0.0,0.0,0.0,0.0,,,45,0.0,
2020-21,652,Ozan,Kabak,Kabak,Liverpool,DEF,26,801,0,0,3,9,1,150,131.0,17.2,19.0,16.7,,,50,0.4,
2020-21,653,Ben,Davies,Davies,Liverpool,DEF,0,0,0,0,0,0,0,0,0.0,0.0,0.0,0.0,,,47,0.0,
2020-21,677,Liam,Hughes,Hughes,Liverpool,GKP,0,0,0,0,0,0,0,0,0.0,0.0,0.0,0.0,,,40,0.0,
2020-21,678,Jakub,Ojrzynski,Ojrzynski,Liverpool,GKP,0,0,0,0,0,0,0,0,0.0,0.0,0.0,0.0,,,40,0.0,
2020-21,696,Ben,Woodburn,Woodburn,Liverpool,MID,0,0,0,0,0,0,0,0,0.0,0.0,0.0,0.0,,,45,0.0,
2020-21,697,Billy,Koumetio,Koumetio,Liverpool,DEF,0,0,0,0,0,0,0,0,0.0,0.0,0.0,0.0,,,40,0.0,
2020-21,266,Fernando,Luiz Rosa,Fernandinho,Man City,DEF,65,1182,0,2,7,10,8,303,248.6,220.8,106.0,57.6,,,54,0.7,
2020-21,267,Claudio,Bravo,Bravo,Man City,GKP,0,0,0,0,0,0,0,0,0.0,0.0,0.0,0.0,,,45,0.0,
2020-21,268,Sergio,Agüero,Agüero,Man City,FWD,38,554,4,1,4,4,3,155,200.6,102.2,326.0,62.2,,,103,1.6,
2020-21,269,Nicolás,Otamendi,Otamendi,Man City,DEF,0,0,0,0,0,0,0,0,0.0,0.0,0.0,0.0,,,49,0.2,
2020-21,270,Kyle,Walker,Walker,Man City,DEF,91,1944,1,1,9,20,7,410,332.2,200.9,88.0,62.1,,,61,4.9,
2020-21,271,Ilkay,Gündogan,Gündogan,Man City,MID,157,2025,13,4,12,16,22,620,754.6,688.4,712.0,215.7,,,55,17.1,
2020-21,272,Kevin,De Bruyne,De Bruyne,Man City,MID,141,1995,6,12,12,17,19,566,760.8,1170.1,914.0,284.7,,,118,11.9,
2020-21,273,John,Stones,Stones,Man City,DEF,128,1933,4,0,14,12,11,531,520.0,79.8,192.0,79.0,,,51,9.7,
2020-21,274,Benjamin,Mendy,Mendy,Man City,DEF,63,951,2,1,5,10,8,222,179.8,117.1,89.0,38.4,,,59,1.7,
2020-21,275,Riyad,Mahrez,Mahrez,Man City,MID,145,1945,9,8,11,22,15,505,606.0,693.6,893.0,219.1,,,81,6.4,
2020-21,276,Raheem,Sterling,Sterling,Man City,MID,154,2534,10,9,14,23,10,458,663.4,584.1,1366.0,260.3,,,109,4.3,
2020-21,277,João Pedro Cavaco,Cancelo,Cancelo,Man City,DEF,138,2298,2,4,14,21,18,610,569.8,673.0,394.0,163.7,,,58,10.6,
2020-21,278,Ederson,Santana de Moraes,Ederson,Man City,GKP,160,3240,0,1,19,28,3,696,586.0,10.0,0.0,59.6,,,61,9.4,
2020-21,279,Nathan,Aké,Aké,Man City,DEF,29,797,1,0,3,13,1,150,156.0,46.9,44.0,24.7,,,54,2.4,
2020-21,280,Aymeric,Laporte,Laporte,Man City,DEF,58,1343,0,0,7,10,4,286,233.4,78.0,85.0,39.6,,,60,2.3,
2020-21,281,Bernardo Mota,Veiga de Carvalho e Silva,Bernardo Silva,Man City,MID,94,2063,2,7,11,18,9,413,399.6,476.2,463.0,134.1,,,74,1.1,
2020-21,282,Gabriel Fernando,de Jesus,Jesus,Man City,FWD,115,2056,9,5,11,17,16,453,501.0,467.5,931.0,190.0,,,91,2.5,
2020-21,283,Oleksandr,Zinchenko,Zinchenko,Man City,DEF,69,1473,0,0,8,14,5,353,272.0,295.7,134.0,70.3,,,55,0.6,
2020-21,284,Phil,Foden,Foden,Man City,MID,135,1607,9,8,6,16,17,479,580.8,545.8,734.0,186.0,,,61,9.8,
2020-21,285,Tommy,Doyle,Doyle,Man City,MID,0,0,0,0,0,0,0,0,0.0,0.0,0.0,0.0,,,44,0.1,
2020-21,286,Rodrigo,Hernandez,Rodrigo,Man City,MID,91,2747,2,2,13,27,5,531,640.6,546.3,335.0,152.4,,,53,0.4,
2020-21,287,Ferran,Torres,Torres,Man City,MID,95,1297,7,4,7,13,4,265,352.2,276.4,543.0,117.0,,,70,3.6,
2020-21,288,Eric,Garcia,Garcia,Man City,DEF,6,380,0,0,0,12,0,64,67.6,26.4,5.0,9.8,,,47,0.2,
2020-21,537,Adrián,Bernabé,Bernabé,Man City,MID,0,0,0,0,0,0,0,0,0.0,0.0,0.0,0.0,,,45,0.0,
2020-21,538,Zack,Steffen,Steffen,Man City,GKP,2,90,0,0,0,1,0,8,9.6,0.0,0.0,1.0,,,44,0.1,
2020-21,539,Liam,Delap,Delap,Man City,FWD,1,39,0,0,0,4,0,0,0.0,0.3,4.0,0.2,,,42,0.9,
2020-21,552,Cole,Palmer,Palmer,Man City,MID,0,0,0,0,0,0,0,0,0.0,0.0,0.0,0.0,,,44,0.0,
2020-21,556,Rúben Santos,Gato Alves Dias,Dias,Man City,DEF,142,2843,1,1,17,21,12,656,651.6,91.0,218.0,96.3,,,59,19.9,
2020-21,595,James,Trafford,Trafford,Man City,GKP,0,0,0,0,0,0,0,0,0.0,0.0,0.0,0.0,,,40,0.1,
2020-21,608,Scott,Carson,Carson,Man City,GKP,7,90,0,0,0,3,1,27,37.4,0.0,0.0,3.7,,,39,0.4,
2020-21,609,Felix,Nmecha,Nmecha,Man City,MID,0,0,0,0,0,0,0,0,0.0,0.0,0.0,0.0,,,45,0.0,
2020-21,622,Luke,Mbete,Mbete,Man City,DEF,0,0,0,0,0,0,0,0,0.0,0.0,0.0,0.0,,,40,0.0,
2020-21,623,Taylor,Harwood-Bellis,Harwood-Bellis,Man City,DEF,0,0,0,0,0,0,0,0,0.0,0.0,0.0,0.0,,,40,0.0,
2020-21,659,Claudio,Gomes,Gomes,Man City,MID,0,0,0,0,0,0,0,0,0.0,0.0,0.0,0.0,,,45,0.0,
2020-21,289,Sergio,Romero,Romero,Man Utd,GKP,0,0,0,0,0,0,0,0,0.0,0.0,0.0,0.0,,,49,0.1,
2020-21,290,Juan,Mata,Mata,Man Utd,MID,32,507,1,3,1,6,3,126,108.4,132.8,86.0,32.7,,,58,0.1,
2020-21,291,David,de Gea,de Gea,Man Utd,GKP,91,2295,0,0,9,32,4,416,464.2,0.0,0.0,46.4,,,53,3.3,
2020-21,292,Chris,Smalling,Smalling,Man Utd,DEF,0,0,0,0,0,0,0,0,0.0,0.0,0.0,0.0,,,49,0.1,
2020-21,293,Odion,Ighalo,Ighalo,Man Utd,FWD,1,9,0,0,0,1,0,1,0.0,0.1,2.0,0.2,,,61,0.2,
2020-21,294,Marcos,Rojo,Rojo,Man Utd,DEF,0,0,0,0,0,0,0,0,0.0,0.0,0.0,0.0,,,48,0.0,
2020-21,295,Nemanja,Matic,Matic,Man Utd,MID,36,1101,0,1,4,18,0,223,218.4,149.0,80.0,44.7,,,47,0.2,
2020-21,296,Paul,Pogba,Pogba,Man Utd,MID,92,1892,3,6,5,26,11,355,451.4,376.0,401.0,122.5,,,76,1.9,
2020-21,297,Phil,Jones,Jones,Man Utd,DEF,0,0,0,0,0,0,0,0,0.0,0.0,0.0,0.0,,,48,0.0,
2020-21,298,Harry,Maguire,Maguire,Man Utd,DEF,124,3047,2,2,13,36,8,632,701.4,133.6,428.0,126.3,,,55,4.3,
2020-21,299,Frederico,Rodrigues de Paula Santos,Fred,Man Utd,MID,69,2389,1,0,12,25,1,404,482.6,395.6,200.0,108.0,,,53,0.2,
2020-21,300,Luke,Shaw,Shaw,Man Utd,DEF,124,2653,1,5,10,33,22,640,596.0,1085.9,243.0,192.8,,,55,17.3,
2020-21,302,Bruno Miguel,Borges Fernandes,Fernandes,Man Utd,MID,244,3101,18,14,13,36,36,870,1292.6,1414.9,1253.0,396.2,,,113,48.7,
2020-21,303,Anthony,Martial,Martial,Man Utd,FWD,75,1477,4,7,4,23,3,238,297.6,265.4,709.0,126.8,,,86,3.2,
2020-21,304,Andreas,Pereira,Pereira,Man Utd,MID,0,0,0,0,0,0,0,0,0.0,0.0,0.0,0.0,,,48,0.0,
2020-21,305,Dean,Henderson,Henderson,Man Utd,GKP,44,1125,0,0,4,12,1,218,275.4,0.0,0.0,27.5,,,52,2.1,
2020-21,306,Marcus,Rashford,Rashford,Man Utd,MID,174,2917,11,11,12,39,9,535,793.2,682.1,1127.0,260.3,,,96,10.2,
2020-21,307,Axel,Tuanzebe,Tuanzebe,Man Utd,DEF,7,402,0,0,0,8,0,59,95.0,6.0,0.0,10.0,,,41,0.1,
2020-21,308,Victor,Lindelöf,Lindelöf,Man Utd,DEF,102,2585,1,1,10,30,3,527,503.0,102.6,56.0,66.4,,,48,1.9,
2020-21,309,Scott,McTominay,McTominay,Man Utd,MID,91,2124,4,2,9,25,4,413,523.2,270.5,314.0,110.9,,,49,0.8,
2020-21,310,Eric,Bailly,Bailly,Man Utd,DEF,31,915,0,0,3,17,6,178,175.6,8.3,26.0,21.1,,,48,0.3,
2020-21,311,Daniel,James,James,Man Utd,MID,43,907,3,1,4,7,1,145,186.0,145.7,285.0,61.5,,,62,0.2,
2020-21,312,Timothy,Fosu-Mensah,Fosu-Mensah,Man Utd,DEF,0,80,0,0,0,2,0,17,17.8,30.5,16.0,6.4,,,43,0.1,
2020-21,313,Aaron,Wan-Bissaka,Wan-Bissaka,Man Utd,DEF,144,3060,2,5,13,36,11,729,785.4,498.2,159.0,144.1,,,58,18.8,
2020-21,314,José Diogo,Dalot Teixeira,Dalot,Man Utd,DEF,0,0,0,0,0,0,0,0,0.0,0.0,0.0,0.0,,,48,0.0,
2020-21,315,Mason,Greenwood,Greenwood,Man Utd,MID,106,1813,7,2,7,23,9,318,370.8,278.7,881.0,152.7,,,73,10.7,
2020-21,316,Tahith,Chong,Chong,Man Utd,MID,0,0,0,0,0,0,0,0,0.0,0.0,0.0,0.0,,,44,0.0,
2020-21,317,James,Garner,Garner,Man Utd,MID,0,0,0,0,0,0,0,0,0.0,0.0,0.0,0.0,,,44,0.0,
2020-21,318,Brandon,Williams,Williams,Man Utd,DEF,5,187,0,0,0,3,0,26,26.6,19.4,19.0,6.5,,,42,0.5,
2020-21,319,Teden,Mengi,Mengi,Man Utd,DEF,0,0,0,0,0,0,0,0,0.0,0.0,0.0,0.0,,,39,0.5,
2020-21,495,Donny,van de Beek,van de Beek,Man Utd,MID,32,511,1,2,0,12,0,133,117.0,58.4,70.0,24.5,,,66,1.3,
2020-21,568,Alex Nicolao,Telles,Telles,Man Utd,DEF,25,689,0,2,1,11,3,149,168.6,200.7,33.0,40.1,,,53,0.5,
2020-21,569,Edinson,Cavani,Cavani,Man Utd,FWD,99,1364,10,4,4,18,14,367,443.4,203.3,513.0,115.0,,,80,6.9,
2020-21,575,Facundo,Pellistri,Pellistri,Man Utd,MID,0,0,0,0,0,0,0,0,0.0,0.0,0.0,0.0,,,52,0.0,
2020-21,604,Lee,Grant,Grant,Man Utd,GKP,0,0,0,0,0,0,0,0,0.0,0.0,0.0,0.0,,,40,0.1,
2020-21,640,Amad,Diallo,Diallo,Man Utd,MID,8,165,0,1,0,3,0,34,38.0,31.2,9.0,7.8,,,54,0.0,
2020-21,673,Shola,Shoretire,Shoretire,Man Utd,MID,2,9,0,0,0,0,0,6,0.2,1.1,0.0,0.1,,,44,0.0,
2020-21,686,Nathan,Bishop,Bishop,Man Utd,GKP,0,0,0,0,0,0,0,0,0.0,0.0,0.0,0.0,,,40,0.0,
2020-21,702,Anthony,Elanga,Elanga,Man Utd,MID,11,155,1,0,0,2,2,32,51.6,19.7,29.0,10.0,,,45,0.0,
2020-21,712,Hannibal,Mejbri,Mejbri,Man Utd,MID,1,8,0,0,0,0,0,2,1.2,0.0,0.0,0.1,,,45,0.0,
2020-21,713,William,Fish,Fish,Man Utd,DEF,1,1,0,0,0,0,0,3,0.0,0.0,0.0,0.0,,,40,0.0,
2020-21,20,Joseph,Willock,Willock,Newcastle,MID,79,1210,8,0,4,18,5,254,436.6,137.2,401.0,97.3,,,49,4.1,
2020-21,320,Andy,Carroll,Carroll,Newcastle,FWD,30,380,1,1,1,8,3,78,64.0,37.1,187.0,27.7,,,51,0.3,
2020-21,321,Jonjo,Shelvey,Shelvey,Newcastle,MID,74,2616,1,3,6,46,2,377,474.2,522.1,299.0,129.6,,,53,0.2,
2020-21,322,Matt,Ritchie,Ritchie,Newcastle,MID,52,1347,0,5,3,22,5,226,225.8,411.9,101.0,73.8,,,49,0.1,
2020-21,323,Federico,Fernández,Fernández,Newcastle,DEF,53,2080,0,0,5,38,6,376,522.0,91.3,64.0,67.5,,,47,0.6,
2020-21,324,Ciaran,Clark,Clark,Newcastle,DEF,46,1890,1,0,3,35,2,291,402.6,29.8,105.0,53.9,,,45,0.2,
2020-21,325,Karl,Darlow,Darlow,Newcastle,GKP,80,2250,0,0,4,43,6,450,682.4,0.0,0.0,68.3,,,49,1.1,
2020-21,326,Martin,Dubravka,Dubravka,Newcastle,GKP,48,1170,0,0,3,19,6,255,346.8,0.0,0.0,34.6,,,48,0.6,
2020-21,327,Florian,Lejeune,Lejeune,Newcastle,DEF,0,0,0,0,0,0,0,0,0.0,0.0,0.0,0.0,,,43,0.0,
2020-21,328,Jamaal,Lascelles,Lascelles,Newcastle,DEF,44,1625,2,0,2,32,3,229,345.2,38.1,161.0,54.7,,,42,0.8,
2020-21,329,Dwight,Gayle,Gayle,Newcastle,FWD,31,501,1,1,0,9,3,79,79.6,89.4,263.0,42.4,,,59,0.1,
2020-21,330,Christian,Atsu,Atsu,Newcastle,MID,0,0,0,0,0,0,0,0,0.0,0.0,0.0,0.0,,,52,0.0,
2020-21,331,Paul,Dummett,Dummett,Newcastle,DEF,40,1254,1,0,3,20,2,204,274.4,68.1,45.0,38.8,,,44,0.1,
2020-21,332,Javier,Manquillo,Manquillo,Newcastle,DEF,28,822,0,0,3,15,0,136,109.8,93.5,18.0,22.2,,,42,0.2,
2020-21,333,Emil,Krafth,Krafth,Newcastle,DEF,45,1286,1,1,5,27,0,222,240.4,87.7,88.0,41.6,,,42,0.2,
2020-21,334,Fabian,Schär,Schär,Newcastle,DEF,30,1255,1,0,2,21,1,160,251.0,9.0,116.0,37.6,,,48,0.1,
2020-21,335,DeAndre,Yedlin,Yedlin,Newcastle,DEF,13,435,0,0,1,6,0,68,58.6,41.8,20.0,12.0,,,43,0.2,
2020-21,336,Isaac,Hayden,Hayden,Newcastle,MID,40,1942,0,0,4,33,0,211,278.0,117.7,155.0,55.3,,,46,0.0,
2020-21,337,Rolando,Aarons,Aarons,Newcastle,MID,0,0,0,0,0,0,0,0,0.0,0.0,0.0,0.0,,,48,0.0,
2020-21,338,Allan,Saint-Maximin,Saint-Maximin,Newcastle,MID,85,1554,3,5,7,26,5,278,376.0,394.2,418.0,118.9,,,52,3.1,
2020-21,339,Miguel,Almirón,Almirón,Newcastle,MID,97,2426,4,2,5,48,8,367,452.6,447.3,425.0,132.6,,,56,0.5,
2020-21,340,Joelinton Cássio,Apolinário de Lira,Joelinton,Newcastle,FWD,74,1979,4,2,3,36,5,258,357.0,250.1,612.0,122.2,,,57,0.5,
2020-21,341,Yoshinori,Muto,Muto,Newcastle,FWD,0,0,0,0,0,0,0,0,0.0,0.0,0.0,0.0,,,48,0.1,
2020-21,342,Kelland,Watts,Watts,Newcastle,DEF,0,0,0,0,0,0,0,0,0.0,0.0,0.0,0.0,,,39,0.1,
2020-21,480,Sean,Longstaff,Sean Longstaff,Newcastle,MID,41,1405,0,1,2,26,1,168,179.2,182.8,148.0,50.8,,,46,0.1,
2020-21,485,Jeff,Hendrick,Hendrick,Newcastle,MID,52,1418,2,1,3,24,3,177,211.4,99.0,95.0,40.3,,,45,1.2,
2020-21,487,Matthew,Longstaff,Matty Longstaff,Newcastle,MID,10,376,0,0,1,8,0,47,32.6,35.6,2.0,7.0,,,48,0.0,
2020-21,488,Mark,Gillespie,Gillespie,Newcastle,GKP,0,0,0,0,0,0,0,0,0.0,0.0,0.0,0.0,,,43,0.1,
2020-21,497,Jacob,Murphy,Murphy,Newcastle,MID,69,1617,2,3,3,33,7,252,363.4,280.8,289.0,93.2,,,49,0.1,
2020-21,506,Callum,Wilson,Wilson,Newcastle,FWD,134,2081,12,6,5,37,22,409,557.4,230.4,761.0,154.7,,,65,5.1,
2020-21,507,Ryan,Fraser,Fraser,Newcastle,MID,39,922,0,4,4,18,0,154,142.8,395.0,165.0,70.1,,,56,0.2,
2020-21,513,Jamal,Lewis,Lewis,Newcastle,DEF,44,1833,0,1,3,37,3,261,272.6,224.8,47.0,54.2,,,40,1.1,
2020-21,602,Elliot,Anderson,Anderson,Newcastle,MID,1,3,0,0,0,0,0,3,0.0,0.3,2.0,0.2,,,45,0.0,
2020-21,606,Daniel,Langley,Langley,Newcastle,GKP,0,0,0,0,0,0,0,0,0.0,0.0,0.0,0.0,,,39,0.1,
2020-21,262,Rhian,Brewster,Brewster,Sheffield Utd,FWD,34,1113,0,0,2,16,0,87,66.8,157.2,255.0,47.3,,,42,5.0,
2020-21,343,Billy,Sharp,Sharp,Sheffield Utd,FWD,39,725,3,0,0,15,6,101,121.2,68.1,162.0,34.9,,,55,0.1,
2020-21,344,David,McGoldrick,McGoldrick,Sheffield Utd,FWD,100,2391,8,1,9,37,12,344,464.4,320.2,860.0,164.6,,,52,1.3,
2020-21,345,Chris,Basham,Basham,Sheffield Utd,DEF,51,2576,0,1,2,51,2,408,513.6,202.3,160.0,87.6,,,46,0.5,
2020-21,346,John,Fleck,Fleck,Sheffield Utd,MID,70,2573,0,3,5,47,1,353,351.0,530.8,154.0,103.7,,,56,0.1,
2020-21,347,Enda,Stevens,Stevens,Sheffield Utd,DEF,56,2700,0,1,4,54,2,361,443.4,294.5,198.0,93.6,,,50,0.8,
2020-21,348,Simon,Moore,Moore,Sheffield Utd,GKP,0,0,0,0,0,0,0,0,0.0,0.0,0.0,0.0,,,43,0.1,
2020-21,349,Oliver,Norwood,Norwood,Sheffield Utd,MID,54,2214,0,0,5,43,0,355,415.8,516.0,57.0,99.1,,,45,0.1,
2020-21,350,Wes,Foderingham,Foderingham,Sheffield Utd,GKP,0,0,0,0,0,0,0,0,0.0,0.0,0.0,0.0,,,43,0.1,
2020-21,351,George,Baldock,Baldock,Sheffield Utd,DEF,63,2787,0,2,4,51,2,347,351.4,310.7,234.0,89.7,,,49,0.8,
2020-21,352,Jack,Robinson,Jack Robinson,Sheffield Utd,DEF,32,875,0,2,2,11,3,149,148.2,27.7,46.0,22.2,,,42,0.1,
2020-21,353,John,Egan,Egan,Sheffield Utd,DEF,57,2628,0,1,4,48,4,410,544.6,50.9,150.0,74.5,,,47,1.6,
2020-21,354,Jack,O'Connell,O'Connell,Sheffield Utd,DEF,3,180,0,0,0,3,0,19,40.2,2.5,0.0,4.3,,,47,0.1,
2020-21,355,John,Lundstram,Lundstram,Sheffield Utd,MID,48,2027,0,2,3,41,2,244,245.4,346.9,206.0,79.3,,,48,1.3,
2020-21,356,Ben,Osborn,Osborn,Sheffield Utd,MID,51,1599,1,0,4,29,3,246,263.4,325.6,171.0,76.3,,,47,0.0,
2020-21,357,Oliver,McBurnie,McBurnie,Sheffield Utd,FWD,44,1316,1,2,0,27,2,101,182.6,207.8,444.0,83.1,,,56,0.2,
2020-21,359,Lys,Mousset,Mousset,Sheffield Utd,FWD,13,287,0,0,0,10,0,14,14.2,35.0,53.0,9.7,,,58,0.1,
2020-21,360,Sander,Berge,Berge,Sheffield Utd,MID,31,1119,1,1,0,23,1,152,178.0,181.7,138.0,49.8,,,49,0.1,
2020-21,424,Oliver,Burke,Burke,Sheffield Utd,MID,46,1260,1,2,1,21,0,114,113.8,191.8,364.0,65.9,,,41,1.9,
2020-21,477,Luke,Freeman,Freeman,Sheffield Utd,MID,0,0,0,0,0,0,0,0,0.0,0.0,0.0,0.0,,,50,0.0,
2020-21,483,Aaron,Ramsdale,Ramsdale,Sheffield Utd,GKP,123,3420,0,0,5,63,12,685,1023.0,20.0,4.0,104.7,,,46,2.0,
2020-21,509,Ethan,Ampadu,Ampadu,Sheffield Utd,DEF,44,2087,0,0,2,41,4,341,458.0,189.6,51.0,70.1,,,43,0.4,
2020-21,510,Jayden,Bogle,Bogle,Sheffield Utd,DEF,39,1107,2,0,2,20,0,151,217.6,72.7,278.0,57.0,,,43,0.1,
2020-21,511,Max,Lowe,Lowe,Sheffield Utd,DEF,9,549,0,0,0,10,0,49,99.2,39.8,45.0,18.4,,,42,0.0,
2020-21,529,Phil,Jagielka,Jagielka,Sheffield Utd,DEF,5,524,0,0,0,12,0,53,70.6,1.9,2.0,7.5,,,39,0.5,
2020-21,580,Michael,Verrips,Verrips,Sheffield Utd,GKP,0,0,0,0,0,0,0,0,0.0,0.0,0.0,0.0,,,40,0.2,
2020-21,603,Kean,Bryan,Bryan,Sheffield Utd,DEF,29,1003,1,0,2,17,0,149,220.4,57.5,49.0,32.7,,,39,0.5,
2020-21,618,Antwoine,Hackford,Hackford,Sheffield Utd,FWD,1,10,0,0,0,0,0,3,0.0,0.1,18.0,1.8,,,44,0.1,
2020-21,646,Kyron,Gordon,Gordon,Sheffield Utd,DEF,0,0,0,0,0,0,0,0,0.0,0.0,0.0,0.0,,,40,0.0,
2020-21,656,Iliman,Ndiaye,Ndiaye,Sheffield Utd,MID,1,11,0,0,0,1,0,5,2.2,0.3,0.0,0.3,,,45,0.0,
2020-21,657,Zak,Brunt,Brunt,Sheffield Utd,MID,0,0,0,0,0,0,0,0,0.0,0.0,0.0,0.0,,,45,0.0,
2020-21,670,Frankie,Maguire,Maguire,Sheffield Utd,MID,0,0,0,0,0,0,0,0,0.0,0.0,0.0,0.0,,,44,0.0,
2020-21,699,Daniel,Jebbison,Jebbison,Sheffield Utd,FWD,12,283,1,0,2,2,1,38,52.4,15.1,66.0,13.1,,,45,0.2,
2020-21,704,Harry,Boyes,Boyes,Sheffield Utd,DEF,0,0,0,0,0,0,0,0,0.0,0.0,0.0,0.0,,,40,0.0,
2020-21,705,Femi,Seriki,Seriki,Sheffield Utd,MID,1,1,0,0,0,0,0,3,0.0,0.0,0.0,0.0,,,45,0.0,
2020-21,711,William,Osula,Osula,Sheffield Utd,FWD,0,0,0,0,0,0,0,0,0.0,0.0,0.0,0.0,,,45,0.0,
2020-21,148,Theo,Walcott,Walcott,Southampton,MID,76,1629,3,4,5,28,2,185,269.8,248.0,366.0,88.0,,,58,0.3,
2020-21,258,Takumi,Minamino,Minamino,Southampton,MID,48,999,3,0,2,18,2,153,168.2,92.3,281.0,54.0,,,60,0.3,
2020-21,361,Shane,Long,Long,Southampton,FWD,12,201,0,0,1,6,0,21,9.8,6.4,19.0,3.4,,,51,0.4,
2020-21,362,Ryan,Bertrand,Bertrand,Southampton,DEF,78,2598,0,2,8,51,4,404,306.8,271.8,135.0,71.4,,,50,0.7,
2020-21,363,Alex,McCarthy,McCarthy,Southampton,GKP,94,2700,0,0,7,57,8,527,741.2,0.0,0.0,74.0,,,44,10.9,
2020-21,364,Oriol,Romeu Vidal,Oriol Romeu,Southampton,MID,52,1762,1,1,6,25,4,264,349.2,229.1,98.0,67.6,,,45,1.4,
2020-21,365,Nathan,Redmond,Redmond,Southampton,MID,67,1727,2,3,1,39,3,243,297.0,400.4,477.0,117.1,,,64,0.2,
2020-21,366,Danny,Ings,Ings,Southampton,FWD,131,2172,12,4,6,40,21,464,634.6,300.7,866.0,178.4,,,84,6.6,
2020-21,367,Jack,Stephens,Stephens,Southampton,DEF,41,1537,0,0,4,39,6,288,351.0,85.6,104.0,54.2,,,46,0.2,
2020-21,368,Stuart,Armstrong,Armstrong,Southampton,MID,115,2764,4,7,8,56,4,455,541.2,496.7,457.0,149.4,,,55,0.5,
2020-21,369,Jannik,Vestergaard,Vestergaard,Southampton,DEF,86,2574,3,1,6,47,4,494,671.8,102.1,294.0,106.7,,,47,2.8,
2020-21,370,James,Ward-Prowse,Ward-Prowse,Southampton,MID,156,3420,8,7,9,68,17,772,940.0,971.2,355.0,226.5,,,59,11.7,
2020-21,371,Angus,Gunn,Gunn,Southampton,GKP,0,0,0,0,0,0,0,0,0.0,0.0,0.0,0.0,,,43,0.1,
2020-21,372,Sofiane,Boufal,Boufal,Southampton,MID,0,0,0,0,0,0,0,0,0.0,0.0,0.0,0.0,,,54,0.0,
2020-21,374,Josh,Sims,Sims,Southampton,MID,0,0,0,0,0,0,0,0,0.0,0.0,0.0,0.0,,,43,0.1,
2020-21,375,Kyle,Walker-Peters,Walker-Peters,Southampton,DEF,93,2646,0,3,9,41,7,498,497.6,262.2,316.0,107.5,,,47,4.2,
2020-21,376,Jan,Bednarek,Bednarek,Southampton,DEF,94,3100,1,1,9,62,11,584,692.0,75.0,164.0,93.1,,,47,4.6,
2020-21,377,Che,Adams,Adams,Southampton,FWD,137,2662,9,7,7,51,16,443,581.8,488.6,964.0,203.4,,,57,4.1,
2020-21,378,Yan,Valery,Valery,Southampton,DEF,3,101,0,0,0,4,0,12,26.0,22.1,12.0,6.0,,,47,0.0,
2020-21,379,William,Smallbone,Smallbone,Southampton,MID,5,171,0,0,0,5,0,17,16.8,7.4,9.0,3.3,,,43,0.1,
2020-21,380,Jake,Vokins,Vokins,Southampton,DEF,1,66,0,0,0,2,0,5,1.8,14.8,0.0,1.7,,,39,0.8,
2020-21,381,Michael,Obafemi,Obafemi,Southampton,FWD,4,57,0,0,0,2,0,12,5.6,10.8,4.0,2.0,,,46,0.7,
2020-21,382,Moussa,Djenepo,Djenepo,Southampton,MID,46,1229,1,2,3,27,0,140,178.0,97.7,170.0,44.1,,,54,0.1,
2020-21,479,Mohammed,Salisu,Salisu,Southampton,DEF,14,841,0,0,0,19,0,119,188.2,29.9,34.0,25.4,,,43,0.1,
2020-21,523,Fraser,Forster,Forster,Southampton,GKP,30,720,0,0,2,11,0,147,191.0,0.0,0.0,19.1,,,40,7.0,
2020-21,524,Nathan,Tella,Tella,Southampton,MID,36,735,1,2,2,11,2,76,94.6,86.0,203.0,38.2,,,43,0.4,
2020-21,565,Ibrahima,Diallo,Diallo,Southampton,MID,31,1010,0,0,3,22,0,132,120.4,143.2,66.0,32.9,,,45,0.0,
2020-21,590,Daniel,N'Lundulu,N'Lundulu,Southampton,FWD,13,102,0,0,0,1,0,32,3.2,12.2,16.0,3.1,,,45,0.2,
2020-21,598,Kayne,Ramsay,Ramsay,Southampton,DEF,-3,90,0,0,0,9,0,5,13.2,0.0,0.0,1.3,,,40,0.1,
2020-21,624,Kgaogelo,Chauke,Chauke,Southampton,MID,0,0,0,0,0,0,0,0,0.0,0.0,0.0,0.0,,,44,0.0,
2020-21,625,Harry,Lewis,Lewis,Southampton,GKP,0,0,0,0,0,0,0,0,0.0,0.0,0.0,0.0,,,40,0.0,
2020-21,634,Will,Ferry,Ferry,Southampton,MID,0,0,0,0,0,0,0,0,0.0,0.0,0.0,0.0,,,45,0.0,
2020-21,635,Allan,Tchaptchet,Tchaptchet,Southampton,DEF,0,12,0,0,0,3,0,3,0.0,0.0,0.0,0.0,,,40,0.0,
2020-21,636,Caleb,Watts,Watts,Southampton,MID,2,36,0,0,0,0,0,6,5.4,4.4,0.0,0.9,,,45,0.0,
2020-21,643,Alexandre,Jankewitz,Jankewitz,Southampton,MID,-1,2,0,0,0,9,0,-4,4.4,0.3,0.0,0.5,,,45,0.0,
2020-21,655,Ryan,Finnigan,Finnigan,Southampton,MID,0,0,0,0,0,0,0,0,0.0,0.0,0.0,0.0,,,45,0.0,
2020-21,383,Hugo,Lloris,Lloris,Spurs,GKP,149,3420,0,0,12,45,13,702,868.0,0.0,0.0,86.7,,,56,6.6,
2020-21,384,Danny,Rose,Rose,Spurs,DEF,0,0,0,0,0,0,0,0,0.0,0.0,0.0,0.0,,,47,0.1,
2020-21,385,Moussa,Sissoko,Sissoko,Spurs,MID,44,1576,0,0,5,22,2,214,182.2,94.5,69.0,34.6,,,47,0.4,
2020-21,386,Toby,Alderweireld,Alderweireld,Spurs,DEF,88,2240,1,0,10,25,4,469,559.8,106.5,178.0,84.6,,,54,1.8,
2020-21,387,Erik,Lamela,Lamela,Spurs,MID,28,700,1,1,1,17,0,96,115.2,137.1,236.0,48.4,,,57,0.1,
2020-21,388,Harry,Kane,Kane,Spurs,FWD,242,3083,23,14,12,39,40,880,1318.2,659.1,1585.0,355.9,,,119,44.5,
2020-21,389,Serge,Aurier,Aurier,Spurs,DEF,80,1605,2,3,6,22,4,370,412.2,267.6,194.0,87.4,,,52,1.5,
2020-21,390,Heung-Min,Son,Son,Spurs,MID,228,3119,17,11,13,36,26,777,1052.2,1049.9,1046.0,315.2,,,96,44.2,
2020-21,391,Eric,Dier,Dier,Spurs,DEF,77,2520,0,0,8,34,2,463,577.0,82.2,114.0,77.4,,,46,2.4,
2020-21,392,Lucas,Rodrigues Moura da Silva,Lucas Moura,Spurs,MID,80,1397,3,5,4,18,5,238,322.4,258.4,298.0,87.7,,,64,1.4,
2020-21,393,Paulo,Gazzaniga,Gazzaniga,Spurs,GKP,0,0,0,0,0,0,0,0,0.0,0.0,0.0,0.0,,,43,0.2,
2020-21,394,Bamidele,Alli,Alli,Spurs,MID,30,613,0,2,3,9,0,101,103.4,132.1,165.0,39.9,,,74,0.6,
2020-21,395,Ben,Davies,Davies,Spurs,DEF,52,1340,0,2,4,16,1,253,232.8,136.8,65.0,43.4,,,45,0.6,
2020-21,396,Pierre-Emile,Højbjerg,Højbjerg,Spurs,MID,107,3420,2,4,12,45,6,578,728.8,308.7,146.0,118.4,,,49,1.0,
2020-21,397,Harry,Winks,Winks,Spurs,MID,19,856,0,0,1,16,0,124,128.2,77.6,24.0,22.8,,,51,0.1,
2020-21,398,Davinson,Sánchez,Sánchez,Spurs,DEF,43,1486,0,0,4,22,3,256,319.2,20.0,114.0,45.5,,,52,0.7,
2020-21,399,Ryan,Sessegnon,Sessegnon,Spurs,DEF,0,0,0,0,0,0,0,0,0.0,0.0,0.0,0.0,,,47,0.1,
2020-21,400,Steven,Bergwijn,Bergwijn,Spurs,MID,55,1202,1,4,5,15,2,129,161.4,190.9,180.0,52.8,,,70,0.4,
2020-21,401,Gedson,Carvalho Fernandes,Fernandes,Spurs,MID,0,0,0,0,0,0,0,0,0.0,0.0,0.0,0.0,,,47,0.1,
2020-21,402,Japhet,Tanganga,Tanganga,Spurs,DEF,14,487,0,0,2,8,0,81,68.8,29.5,40.0,13.8,,,49,0.1,
2020-21,403,Giovani,Lo Celso,Lo Celso,Spurs,MID,35,939,1,1,5,10,0,149,169.2,222.8,155.0,54.3,,,69,0.4,
2020-21,404,Oliver,Skipp,Skipp,Spurs,MID,0,0,0,0,0,0,0,0,0.0,0.0,0.0,0.0,,,44,0.0,
2020-21,405,Tanguy,Ndombele,Ndombele,Spurs,MID,99,2086,3,3,12,24,7,407,408.0,270.8,281.0,96.2,,,59,0.6,
2020-21,406,Juan,Foyth,Foyth,Spurs,DEF,0,0,0,0,0,0,0,0,0.0,0.0,0.0,0.0,,,43,0.1,
2020-21,457,Matt,Doherty,Doherty,Spurs,DEF,47,1238,0,2,4,15,4,222,257.2,182.4,79.0,52.0,,,56,3.8,
2020-21,482,Joe,Hart,Hart,Spurs,GKP,0,0,0,0,0,0,0,0,0.0,0.0,0.0,0.0,,,42,0.6,
2020-21,521,Cameron,Carter-Vickers,Carter-Vickers,Spurs,DEF,0,0,0,0,0,0,0,0,0.0,0.0,0.0,0.0,,,39,0.2,
2020-21,542,Sergio,Reguilón,Reguilón,Spurs,DEF,89,2244,0,6,8,31,4,413,361.2,309.4,253.0,92.5,,,55,4.1,
2020-21,543,Gareth,Bale,Bale,Spurs,MID,113,912,11,3,5,12,16,366,550.8,306.5,507.0,136.4,,,92,4.2,
2020-21,564,Carlos Vinicius,Alves Morais,Carlos Vinicius,Spurs,FWD,13,305,1,0,1,2,0,38,52.6,26.9,142.0,22.0,,,69,0.1,
2020-21,584,Joe,Rodon,Rodon,Spurs,DEF,27,732,0,0,2,12,3,169,166.2,3.6,6.0,17.7,,,49,0.1,
2020-21,650,Alfie,Devine,Devine,Spurs,MID,0,0,0,0,0,0,0,0,0.0,0.0,0.0,0.0,,,44,0.0,
2020-21,666,Dane,Scarlett,Scarlett,Spurs,FWD,1,1,0,0,0,0,0,3,0.0,0.0,0.0,0.0,,,45,0.0,
2020-21,710,Nile,John,John,Spurs,MID,0,0,0,0,0,0,0,0,0.0,0.0,0.0,0.0,,,45,0.0,
2020-21,15,Ainsley,Maitland-Niles,Maitland-Niles,West Brom,DEF,68,1714,0,2,6,23,1,273,218.2,128.9,142.0,48.8,,,46,0.8,
2020-21,56,David,Button,Button,West Brom,GKP,2,90,0,0,0,2,0,18,23.4,0.0,0.0,2.3,,,39,3.6,
2020-21,358,Callum,Robinson,Callum Robinson,West Brom,FWD,79,1552,5,3,3,42,8,276,259.0,251.3,365.0,86.6,,,52,0.8,
2020-21,407,Kieran,Gibbs,Gibbs,West Brom,DEF,5,810,0,0,0,25,0,107,132.0,65.1,10.0,20.8,,,43,0.1,
2020-21,408,Hal,Robson-Kanu,Robson-Kanu,West Brom,FWD,30,544,2,0,0,12,3,69,101.4,66.7,149.0,31.5,,,52,0.1,
2020-21,409,Jake,Livermore,Livermore,West Brom,MID,25,1241,0,0,1,35,0,104,136.8,72.7,53.0,25.9,,,47,0.0,
2020-21,410,Kamil,Grosicki,Grosicki,West Brom,MID,8,147,0,1,0,5,0,29,22.4,35.2,15.0,7.2,,,52,0.0,
2020-21,411,Matt,Phillips,Phillips,West Brom,MID,69,1815,2,1,3,42,3,234,290.0,388.2,319.0,99.9,,,51,0.1,
2020-21,412,Kyle,Bartley,Bartley,West Brom,DEF,79,2583,3,1,5,53,3,429,675.4,82.3,252.0,101.0,,,44,0.3,
2020-21,413,Romaine,Sawyers,Sawyers,West Brom,MID,33,1486,0,0,1,42,0,196,152.4,102.4,13.0,26.7,,,46,0.0,
2020-21,414,Ahmed El-Sayed,Hegazy,Hegazi,West Brom,DEF,6,90,0,0,1,0,0,24,19.6,0.3,0.0,2.0,,,41,0.1,
2020-21,415,Charlie,Austin,Austin,West Brom,FWD,5,135,0,0,0,5,0,10,20.0,3.9,26.0,5.0,,,51,0.1,
2020-21,416,Kenneth,Zohore,Zohore,West Brom,FWD,0,0,0,0,0,0,0,0,0.0,0.0,0.0,0.0,,,48,0.0,
2020-21,417,Sam,Johnstone,Johnstone,West Brom,GKP,140,3330,0,1,6,74,19,768,1213.6,10.0,0.0,122.4,,,46,3.0,
2020-21,418,Conor,Townsend,Townsend,West Brom,DEF,76,2234,0,2,6,36,8,402,440.2,343.8,154.0,93.7,,,44,0.1,
2020-21,419,Oluwasemilogo Adesewo Ibidapo,Ajayi,Ajayi,West Brom,DEF,51,2779,2,1,1,71,2,342,574.8,88.3,202.0,86.4,,,48,0.2,
2020-21,420,Jonathan,Leko,Leko,West Brom,MID,0,0,0,0,0,0,0,0,0.0,0.0,0.0,0.0,,,45,0.0,
2020-21,421,Kyle,Edwards,Edwards,West Brom,MID,5,114,0,0,0,3,0,15,13.0,12.8,39.0,6.4,,,46,0.0,
2020-21,422,Darnell,Furlong,Furlong,West Brom,DEF,79,2931,1,3,6,63,2,393,474.4,275.0,276.0,102.7,,,45,0.2,
2020-21,423,Sam,Field,Field,West Brom,MID,3,61,0,0,0,2,0,16,20.0,0.5,0.0,2.0,,,48,0.0,
2020-21,425,Dara,O'Shea,O'Shea,West Brom,DEF,41,2099,0,0,3,51,1,288,439.8,71.2,44.0,55.8,,,42,0.2,
2020-21,426,Rekeem,Harper,Harper,West Brom,MID,2,30,0,0,0,2,0,7,6.0,2.3,7.0,1.6,,,43,0.3,
2020-21,428,Robert,Snodgrass,Snodgrass,West Brom,MID,14,528,0,0,0,14,0,76,76.4,56.0,75.0,20.7,,,56,0.1,
2020-21,446,Grady,Diangana,Diangana,West Brom,MID,39,1230,1,0,1,33,0,113,169.4,102.3,162.0,43.4,,,50,0.2,
2020-21,481,Matheus,Pereira,Pereira,West Brom,MID,153,2574,11,7,6,58,15,565,744.0,873.6,661.0,227.9,,,54,5.0,
2020-21,499,Cedric,Kipre,Kipre,West Brom,DEF,0,0,0,0,0,0,0,0,0.0,0.0,0.0,0.0,,,43,0.0,
2020-21,530,Branislav,Ivanovic,Ivanovic,West Brom,DEF,20,764,0,0,2,19,0,120,117.8,12.7,61.0,19.1,,,44,0.1,
2020-21,544,Conor,Gallagher,Gallagher,West Brom,MID,71,2530,2,2,5,48,3,322,437.2,320.1,276.0,103.2,,,55,0.1,
2020-21,555,Filip,Krovinovic,Krovinovic,West Brom,MID,17,541,0,0,1,11,0,97,74.4,103.6,50.0,22.8,,,49,0.0,
2020-21,582,Karlan,Grant,Grant,West Brom,FWD,41,1120,1,0,3,26,3,104,93.0,63.8,259.0,41.2,,,56,0.0,
2020-21,600,Lee,Peltier,Peltier,West Brom,DEF,2,228,0,0,0,8,0,25,45.6,20.3,0.0,6.7,,,39,0.1,
2020-21,621,Cheikh,Diaby,Diaby,West Brom,FWD,0,0,0,0,0,0,0,0,0.0,0.0,0.0,0.0,,,45,0.1,
2020-21,639,Andy,Lonergan,Lonergan,West Brom,GKP,0,0,0,0,0,0,0,0,0.0,0.0,0.0,0.0,,,40,0.0,
2020-21,648,Mbaye,Diagne,Diagne,West Brom,FWD,57,1188,3,5,4,17,3,134,180.0,130.8,346.0,65.2,,,60,0.3,
2020-21,654,Okay,Yokuslu,Yokuslu,West Brom,MID,34,1316,0,1,4,20,0,195,200.0,88.6,91.0,38.0,,,45,0.0,
2020-21,700,Caleb,Taylor,Taylor,West Brom,DEF,0,0,0,0,0,0,0,0,0.0,0.0,0.0,0.0,,,40,0.0,
2020-21,701,Taylor,Gardner-Hickman,Gardner-Hickman,West Brom,MID,0,0,0,0,0,0,0,0,0.0,0.0,0.0,0.0,,,45,0.0,
2020-21,706,Toby,King,King,West Brom,MID,0,0,0,0,0,0,0,0,0.0,0.0,0.0,0.0,,,45,0.0,
2020-21,709,Tim,Iroegbunam,Iroegbunam,West Brom,MID,0,0,0,0,0,0,0,0,0.0,0.0,0.0,0.0,,,45,0.0,
2020-21,301,Jesse,Lingard,Lingard,West Ham,MID,106,1423,9,5,4,19,15,332,487.0,288.2,530.0,130.4,,,66,29.6,
2020-21,427,Mark,Noble,Noble,West Ham,MID,27,701,0,0,0,15,0,132,80.4,88.6,7.0,17.6,,,45,0.3,
2020-21,429,David,Martin,Martin,West Ham,GKP,0,0,0,0,0,0,0,0,0.0,0.0,0.0,0.0,,,39,5.3,
2020-21,430,Darren,Randolph,Randolph,West Ham,GKP,10,270,0,0,1,3,0,46,46.2,0.0,0.0,4.7,,,43,0.2,
2020-21,431,Lukasz,Fabianski,Fabianski,West Ham,GKP,133,3150,0,0,10,44,11,634,745.2,0.0,0.0,74.4,,,50,3.2,
2020-21,432,Angelo,Ogbonna,Ogbonna,West Ham,DEF,100,2492,3,0,9,34,5,461,489.8,56.4,244.0,79.1,,,47,0.8,
2020-21,433,Roberto,Jimenez Gago,Roberto,West Ham,GKP,0,0,0,0,0,0,0,0,0.0,0.0,0.0,0.0,,,45,0.0,
2020-21,434,Jack,Wilshere,Wilshere,West Ham,MID,0,0,0,0,0,0,0,0,0.0,0.0,0.0,0.0,,,49,0.0,
2020-21,435,Aaron,Cresswell,Cresswell,West Ham,DEF,153,3170,0,11,11,41,21,730,669.4,898.6,96.0,166.8,,,57,18.2,
2020-21,436,Andriy,Yarmolenko,Yarmolenko,West Ham,MID,17,362,0,1,1,7,0,47,50.6,80.3,106.0,23.5,,,55,0.1,
2020-21,437,Michail,Antonio,Antonio,West Ham,FWD,118,1972,10,5,6,25,19,345,517.8,349.1,1038.0,190.1,,,67,10.9,
2020-21,438,Ryan,Fredericks,Fredericks,West Ham,DEF,28,564,1,1,1,9,0,127,155.2,166.8,96.0,41.9,,,42,0.2,
2020-21,439,Manuel,Lanzini,Lanzini,West Ham,MID,28,556,1,1,1,5,0,117,121.4,153.0,102.0,37.5,,,64,0.1,
2020-21,440,Felipe Anderson,Pereira Gomes,Felipe Anderson,West Ham,MID,2,2,0,0,0,0,0,8,2.4,0.4,2.0,0.5,,,61,0.1,
2020-21,441,Sébastien,Haller,Haller,West Ham,FWD,41,932,3,0,3,12,4,113,169.6,131.6,361.0,66.2,,,61,0.2,
2020-21,442,Arthur,Masuaku,Masuaku,West Ham,DEF,42,1006,0,2,4,15,4,209,187.4,200.5,62.0,45.0,,,43,0.4,
2020-21,443,Fabián,Balbuena,Balbuena,West Ham,DEF,39,1197,1,0,4,19,0,193,260.8,9.0,79.0,35.0,,,41,0.6,
2020-21,444,Jordan,Hugill,Hugill,West Ham,FWD,0,0,0,0,0,0,0,0,0.0,0.0,0.0,0.0,,,55,0.0,
2020-21,445,Jarrod,Bowen,Bowen,West Ham,MID,141,2556,8,6,9,33,8,434,529.8,493.5,812.0,183.7,,,58,2.5,
2020-21,447,Albian,Ajeti,Ajeti,West Ham,FWD,0,0,0,0,0,0,0,0,0.0,0.0,0.0,0.0,,,55,0.0,
2020-21,448,Declan,Rice,Rice,West Ham,MID,86,2880,2,1,11,37,2,520,561.2,343.8,303.0,121.3,,,47,1.8,
2020-21,449,Tomas,Soucek,Soucek,West Ham,MID,147,3420,10,2,11,47,16,555,889.8,271.1,925.0,208.8,,,52,11.2,
2020-21,450,Pablo,Fornals,Fornals,West Ham,MID,125,2571,5,7,9,33,10,430,491.8,441.3,631.0,156.5,,,58,0.5,
2020-21,451,Issa,Diop,Diop,West Ham,DEF,42,1379,2,0,2,22,1,234,375.6,17.4,48.0,44.3,,,43,0.6,
2020-21,452,Ben,Johnson,Johnson,West Ham,DEF,25,516,1,0,1,10,0,104,98.0,63.7,28.0,18.9,,,39,2.2,
2020-21,558,Vladimir,Coufal,Coufal,West Ham,DEF,128,3054,0,9,9,43,12,625,693.8,670.9,220.0,158.7,,,48,8.6,
2020-21,576,Craig,Dawson,Dawson,West Ham,DEF,75,1925,3,0,7,25,3,336,433.6,30.2,219.0,68.4,,,45,0.9,
2020-21,587,Saïd,Benrahma,Benrahma,West Ham,MID,73,1376,1,6,3,19,4,255,301.0,371.9,371.0,104.6,,,59,0.4,
2020-21,637,Frederik,Alves,Alves,West Ham,DEF,0,0,0,0,0,0,0,0,0.0,0.0,0.0,0.0,,,40,0.0,
2020-21,638,Ademipo,Odubeko,Odubeko,West Ham,FWD,0,0,0,0,0,0,0,0,0.0,0.0,0.0,0.0,,,45,0.0,
2020-21,668,Conor,Coventry,Coventry,West Ham,MID,0,0,0,0,0,0,0,0,0.0,0.0,0.0,0.0,,,45,0.0,
2020-21,669,Jamal,Baptiste,Baptiste,West Ham,DEF,0,0,0,0,0,0,0,0,0.0,0.0,0.0,0.0,,,40,0.0,
2020-21,674,Nathan,Trott,Trott,West Ham,GKP,0,0,0,0,0,0,0,0,0.0,0.0,0.0,0.0,,,40,0.0,
2020-21,453,John,Ruddy,Ruddy,Wolves,GKP,4,91,0,0,0,1,0,19,25.4,0.0,0.0,2.5,,,43,0.2,
2020-21,454,João Filipe Iria,Santos Moutinho,Moutinho,Wolves,MID,73,2526,1,1,6,40,4,446,478.4,726.9,113.0,132.2,,,51,0.8,
2020-21,455,Rui Pedro,dos Santos Patrício,Patrício,Wolves,GKP,132,3330,0,0,10,51,12,626,763.6,0.0,0.0,76.1,,,53,4.6,
2020-21,456,Ryan,Bennett,Bennett,Wolves,DEF,0,0,0,0,0,0,0,0,0.0,0.0,0.0,0.0,,,44,0.1,
2020-21,458,Willy,Boly,Boly,Wolves,DEF,68,1879,1,1,6,29,4,364,414.0,46.1,182.0,64.2,,,54,1.1,
2020-21,459,Conor,Coady,Coady,Wolves,DEF,106,3303,1,0,10,51,7,606,692.2,40.1,85.0,82.0,,,49,6.3,
2020-21,460,Raúl,Jiménez,Jiménez,Wolves,FWD,43,824,4,1,4,10,7,148,177.4,96.2,275.0,55.0,,,81,4.4,
2020-21,461,Romain,Saïss,Saïss,Wolves,DEF,99,2407,3,0,8,40,11,466,584.6,101.2,347.0,103.4,,,49,5.8,
2020-21,462,Jonathan,Castro Otto,Jonny,Wolves,DEF,16,496,0,0,1,4,1,58,61.0,31.8,14.0,10.8,,,54,0.0,
2020-21,463,Léo,Bonatini,Bonatini,Wolves,FWD,0,0,0,0,0,0,0,0,0.0,0.0,0.0,0.0,,,48,0.1,
2020-21,464,Leander,Dendoncker,Dendoncker,Wolves,MID,77,2498,1,2,11,33,2,330,386.4,261.4,343.0,99.2,,,46,0.6,
2020-21,465,Adama,Traoré,Traoré,Wolves,MID,94,2640,2,4,7,41,5,359,475.4,751.0,645.0,187.2,,,60,5.3,
2020-21,466,Rúben Diogo,da Silva Neves,Neves,Wolves,MID,104,2670,5,1,8,42,10,502,697.2,455.0,445.0,159.9,,,51,1.4,
2020-21,467,Oskar,Buur,Buur,Wolves,DEF,1,22,0,0,0,0,0,2,0.6,0.5,0.0,0.1,,,39,1.4,
2020-21,469,Daniel,Castelo Podence,Podence,Wolves,MID,75,1661,3,2,8,24,5,240,285.6,322.0,456.0,106.2,,,53,0.9,
2020-21,470,Max,Kilman,Kilman,Wolves,DEF,58,1307,0,1,5,11,8,258,249.6,67.4,78.0,39.4,,,38,5.9,
2020-21,471,Rúben Gonçalo,Silva Nascimento Vinagre,Vinagre,Wolves,DEF,1,172,0,0,0,7,0,24,31.2,25.3,0.0,5.7,,,41,0.7,
2020-21,472,Matija,Sarkic,Sarkic,Wolves,GKP,0,0,0,0,0,0,0,0,0.0,0.0,0.0,0.0,,,44,0.1,
2020-21,473,Morgan,Gibbs-White,Gibbs-White,Wolves,MID,22,407,1,0,0,6,3,87,85.0,112.8,114.0,31.3,,,49,0.0,
2020-21,474,Pedro,Lomba Neto,Neto,Wolves,MID,124,2549,5,8,9,38,10,492,594.2,1007.3,722.0,232.5,,,55,3.7,
2020-21,475,Bruno André,Cavaco Jordao,Jordao,Wolves,MID,0,0,0,0,0,0,0,0,0.0,0.0,0.0,0.0,,,43,0.2,
2020-21,476,Leonardo,Campana,Campana,Wolves,FWD,0,0,0,0,0,0,0,0,0.0,0.0,0.0,0.0,,,47,0.3,
2020-21,504,Fabio,Silva,Fabio Silva,Wolves,FWD,72,1352,4,3,0,29,5,198,238.2,166.1,758.0,114.9,,,52,1.0,
2020-21,505,Fernando,Marçal,Marçal,Wolves,DEF,19,618,0,0,1,9,0,104,102.6,61.7,13.0,17.9,,,47,0.1,
2020-21,515,Vitor,Ferreira,Vitinha,Wolves,MID,26,509,0,1,0,8,0,112,80.0,179.0,72.0,33.3,,,47,0.0,
2020-21,545,Ki-Jana,Hoever,Hoever,Wolves,DEF,13,573,0,0,0,11,0,80,100.4,59.7,26.0,18.7,,,44,0.0,
2020-21,546,Nélson,Cabral Semedo,Semedo,Wolves,DEF,109,2983,1,3,9,45,11,548,595.2,412.9,297.0,130.7,,,51,2.9,
2020-21,553,Meritan,Shabani,Shabani,Wolves,MID,0,0,0,0,0,0,0,0,0.0,0.0,0.0,0.0,,,44,0.0,
2020-21,563,Rayan,Ait Nouri,Ait Nouri,Wolves,DEF,54,1400,1,1,3,23,6,264,243.2,234.5,196.0,67.4,,,50,0.2,
2020-21,581,Owen,Otasowie,Otasowie,Wolves,MID,9,185,0,1,0,6,0,33,38.2,25.9,34.0,9.8,,,45,0.0,
2020-21,610,Theo,Corbeanu,Corbeanu,Wolves,MID,1,8,0,0,0,0,0,5,9.0,15.1,0.0,2.4,,,44,0.0,
2020-21,611,Taylor,Perry,Perry,Wolves,MID,0,0,0,0,0,0,0,0,0.0,0.0,0.0,0.0,,,44,0.0,
2020-21,614,Luke,Cundle,Cundle,Wolves,MID,0,0,0,0,0,0,0,0,0.0,0.0,0.0,0.0,,,45,0.0,
2020-21,615,Lewis,Richards,Richards,Wolves,DEF,0,0,0,0,0,0,0,0,0.0,0.0,0.0,0.0,,,40,0.0,
2020-21,616,Christian,Marques,Marques,Wolves,DEF,0,0,0,0,0,0,0,0,0.0,0.0,0.0,0.0,,,39,0.1,
2020-21,617,Andreas,Söndergaard,Söndergaard,Wolves,GKP,0,0,0,0,0,0,0,0,0.0,0.0,0.0,0.0,,,40,0.2,
2020-21,626,Patrick,Cutrone,Cutrone,Wolves,FWD,2,23,0,0,0,0,0,5,0.0,0.0,4.0,0.2,,,59,0.0,
2020-21,629,Nigel,Lonwijk,Lonwijk,Wolves,DEF,0,0,0,0,0,0,0,0,0.0,0.0,0.0,0.0,,,39,0.0,
2020-21,642,Willian José,Da Silva,Willian José,Wolves,FWD,40,1106,1,1,5,13,3,131,89.6,165.9,256.0,50.9,,,68,0.2,
2020-21,649,Hugo,Bueno,Bueno,Wolves,DEF,0,0,0,0,0,0,0,0,0.0,0.0,0.0,0.0,,,40,0.0,
2021-22,1,Bernd,Leno,Leno,Arsenal,GKP,10,360,0,0,1,9,0,69,85.0,0.0,0.0,8.5,,,45,0.8,
2021-22,2,Rúnar Alex,Rúnarsson,Rúnarsson,Arsenal,GKP,0,0,0,0,0,0,0,0,0.0,0.0,0.0,0.0,,,40,0.5,
2021-22,3,Willian,Borges Da Silva,Willian,Arsenal,MID,0,0,0,0,0,0,0,0,0.0,0.0,0.0,0.0,,,63,0.1,
2021-22,4,Pierre-Emerick,Aubameyang,Aubameyang,Arsenal,FWD,44,1036,4,1,6,16,7,131,217.6,132.4,582.0,92.9,,,96,1.2,
2021-22,5,Cédric,Soares,Cédric,Arsenal,DEF,48,1481,1,1,3,27,3,292,246.0,306.5,76.0,63.0,,,42,0.4,
2021-22,6,Alexandre,Lacazette,Lacazette,Arsenal,FWD,90,1773,4,8,10,17,3,295,376.6,385.7,724.0,148.3,,,81,3.1,
2021-22,7,Granit,Xhaka,Xhaka,Arsenal,MID,60,2327,1,2,6,38,3,334,382.2,489.6,253.0,112.6,,,48,0.4,
2021-22,8,Pablo,Marí,Marí,Arsenal,DEF,1,180,0,0,0,4,0,35,55.4,12.3,11.0,7.9,,,42,0.1,
2021-22,9,Héctor,Bellerín,Bellerín,Arsenal,DEF,0,0,0,0,0,0,0,0,0.0,0.0,0.0,0.0,,,48,0.2,
2021-22,11,Sead,Kolasinac,Kolasinac,Arsenal,DEF,0,91,0,0,0,5,0,6,4.2,0.2,0.0,0.4,,,42,0.1,
2021-22,12,Mohamed Naser,El Sayed Elneny,Elneny,Arsenal,MID,27,801,0,2,0,17,0,156,147.8,124.5,40.0,31.3,,,44,0.4,
2021-22,13,Ainsley,Maitland-Niles,Maitland-Niles,Arsenal,MID,12,263,0,0,2,4,0,44,42.6,41.3,9.0,9.3,,,52,0.0,
2021-22,14,Rob,Holding,Holding,Arsenal,DEF,29,840,1,0,2,16,2,152,242.4,6.9,49.0,29.9,,,41,0.8,
2021-22,15,Thomas,Partey,Partey,Arsenal,MID,71,2027,2,2,10,25,4,345,359.6,275.5,394.0,103.0,,,50,0.2,
2021-22,16,Kieran,Tierney,Tierney,Arsenal,DEF,106,1916,1,3,11,21,11,454,365.2,335.9,198.0,90.1,,,49,4.7,
2021-22,17,Nicolas,Pépé,Pépé,Arsenal,MID,45,681,1,4,2,9,1,127,127.4,204.8,391.0,72.0,,,69,0.7,
2021-22,18,Lucas,Torreira,Torreira,Arsenal,MID,0,0,0,0,0,0,0,0,0.0,0.0,0.0,0.0,,,45,0.1,
2021-22,20,Edward,Nketiah,Nketiah,Arsenal,FWD,55,823,5,1,0,18,6,194,216.0,138.8,339.0,69.2,,,57,11.5,
2021-22,21,Emile,Smith Rowe,Smith Rowe,Arsenal,MID,125,1909,10,2,8,28,9,435,555.8,453.3,576.0,158.4,,,57,10.0,
2021-22,22,Bukayo,Saka,Saka,Arsenal,MID,179,2978,11,9,13,39,18,566,774.2,942.5,1404.0,311.8,,,67,28.8,
2021-22,23,Gabriel,Magalhães,Gabriel,Arsenal,DEF,146,3063,5,0,13,38,16,682,703.0,129.3,453.0,128.4,,,53,7.4,
2021-22,24,Konstantinos,Mavropanos,Mavropanos,Arsenal,DEF,0,0,0,0,0,0,0,0,0.0,0.0,0.0,0.0,,,45,0.0,
2021-22,25,Mattéo,Guendouzi,Guendouzi,Arsenal,MID,0,0,0,0,0,0,0,0,0.0,0.0,0.0,0.0,,,45,0.0,
2021-22,26,Gabriel Teodoro,Martinelli Silva,Martinelli,Arsenal,MID,110,1855,6,7,7,25,6,345,407.8,445.8,692.0,154.7,,,53,3.1,
2021-22,27,William,Saliba,Saliba,Arsenal,DEF,0,0,0,0,0,0,0,0,0.0,0.0,0.0,0.0,,,45,0.0,
2021-22,67,Ben,White,White,Arsenal,DEF,107,2880,0,0,13,35,9,557,592.8,182.3,150.0,92.5,,,46,12.4,
2021-22,466,Nuno,Varela Tavares,Tavares,Arsenal,DEF,49,1169,1,1,3,19,2,199,194.6,168.4,203.0,56.7,,,43,1.0,
2021-22,478,Albert,Sambi Lokonga,Sambi Lokonga,Arsenal,MID,32,1129,0,0,7,11,0,173,181.8,250.7,87.0,51.9,,,48,0.1,
2021-22,530,Folarin,Balogun,Balogun,Arsenal,FWD,2,69,0,0,0,1,0,2,4.2,3.7,17.0,1.9,,,47,0.2,
2021-22,531,Reiss,Nelson,Nelson,Arsenal,MID,1,19,0,0,0,1,0,4,4.0,11.6,20.0,3.6,,,50,0.0,
2021-22,532,Karl,Hein,Hein,Arsenal,GKP,0,0,0,0,0,0,0,0,0.0,0.0,0.0,0.0,,,40,0.3,
2021-22,558,Martin,Ødegaard,Ødegaard,Arsenal,MID,131,2782,7,4,11,39,9,541,625.6,1012.4,572.0,220.3,,,56,6.0,
2021-22,559,Aaron,Ramsdale,Ramsdale,Arsenal,GKP,135,3060,0,0,12,39,14,641,680.0,1.0,0.0,68.0,,,51,17.1,
2021-22,572,Arthur,Okonkwo,Okonkwo,Arsenal,GKP,0,0,0,0,0,0,0,0,0.0,0.0,0.0,0.0,,,39,0.8,
2021-22,590,Takehiro,Tomiyasu,Tomiyasu,Arsenal,DEF,75,1680,0,1,9,20,5,344,312.4,240.9,110.0,66.4,,,45,1.9,
2021-22,664,Charlie,Patino,Patino,Arsenal,MID,0,0,0,0,0,0,0,0,0.0,0.0,0.0,0.0,,,45,0.0,
2021-22,692,Omari,Hutchinson,Hutchinson,Arsenal,MID,0,0,0,0,0,0,0,0,0.0,0.0,0.0,0.0,,,45,0.0,
2021-22,693,Salah-Eddine,Oulad M'hand,Oulad M'hand,Arsenal,MID,0,0,0,0,0,0,0,0,0.0,0.0,0.0,0.0,,,45,0.0,
2021-22,694,Mika,Biereth,Biereth,Arsenal,FWD,0,0,0,0,0,0,0,0,0.0,0.0,0.0,0.0,,,45,0.2,
2021-22,695,Ryan,Alebiosu,Alebiosu,Arsenal,DEF,0,0,0,0,0,0,0,0,0.0,0.0,0.0,0.0,,,40,0.0,
2021-22,705,Zach,Awe,Awe,Arsenal,DEF,0,0,0,0,0,0,0,0,0.0,0.0,0.0,0.0,,,40,0.0,
2021-22,711,Zak,Swanson,Swanson,Arsenal,DEF,0,0,0,0,0,0,0,0,0.0,0.0,0.0,0.0,,,40,0.0,
2021-22,719,Mazeed,Ogungbo,Ogungbo,Arsenal,DEF,0,0,0,0,0,0,0,0,0.0,0.0,0.0,0.0,,,40,0.0,
2021-22,720,Marcelo,Flores,Flores,Arsenal,MID,0,0,0,0,0,0,0,0,0.0,0.0,0.0,0.0,,,45,0.0,
2021-22,721,Miguel,Azeez,Azeez,Arsenal,MID,0,0,0,0,0,0,0,0,0.0,0.0,0.0,0.0,,,45,0.0,
2021-22,730,Alex,Kirk,Kirk,Arsenal,DEF,0,0,0,0,0,0,0,0,0.0,0.0,0.0,0.0,,,40,0.0,
2021-22,10,Calum,Chambers,Chambers,Aston Villa,DEF,42,999,1,0,4,16,2,198,211.0,52.8,61.0,32.5,,,42,0.4,
2021-22,28,Jed,Steer,Steer,Aston Villa,GKP,1,90,0,0,0,3,0,13,8.2,0.0,0.0,0.8,,,39,1.7,
2021-22,29,Conor,Hourihane,Hourihane,Aston Villa,MID,0,0,0,0,0,0,0,0,0.0,0.0,0.0,0.0,,,49,0.0,
2021-22,30,Emiliano,Martínez,Martínez,Aston Villa,GKP,129,3240,0,0,11,48,7,651,755.8,0.0,0.0,75.4,,,55,11.4,
2021-22,31,Björn,Engels,Engels,Aston Villa,DEF,0,0,0,0,0,0,0,0,0.0,0.0,0.0,0.0,,,45,0.0,
2021-22,32,Bertrand,Traoré,Traoré,Aston Villa,MID,13,212,0,1,0,3,0,41,21.0,10.6,90.0,11.8,,,57,0.3,
2021-22,34,Morgan,Sanson,Sanson,Aston Villa,MID,13,349,0,0,0,8,0,61,52.8,36.6,3.0,9.4,,,50,0.0,
2021-22,35,John,McGinn,McGinn,Aston Villa,MID,110,3090,3,4,10,48,12,495,692.8,777.4,307.0,177.8,,,56,1.1,
2021-22,36,Kortney,Hause,Hause,Aston Villa,DEF,20,397,1,0,1,9,3,89,102.8,5.9,64.0,17.3,,,44,0.2,
2021-22,37,Mahmoud Ahmed,Ibrahim Hassan,Trézéguet,Aston Villa,MID,1,10,0,0,0,1,0,4,1.8,2.0,10.0,1.4,,,54,0.0,
2021-22,38,Tyrone,Mings,Mings,Aston Villa,DEF,118,3188,1,4,11,49,12,596,649.2,130.9,309.0,108.8,,,50,6.9,
2021-22,40,Ollie,Watkins,Watkins,Aston Villa,FWD,131,2950,11,3,10,48,17,441,598.4,459.1,1319.0,237.7,,,75,9.1,
2021-22,41,Marvelous,Nakamba,Nakamba,Aston Villa,MID,22,899,0,0,2,20,0,124,134.0,42.1,0.0,17.8,,,44,0.1,
2021-22,43,Emiliano,Buendía Stati,Buendía,Aston Villa,MID,107,1887,4,6,7,32,8,378,479.4,659.3,531.0,167.3,,,61,1.3,
2021-22,44,Matthew,Cash,Cash,Aston Villa,DEF,147,3377,4,3,13,50,11,623,709.0,432.1,517.0,165.8,,,53,11.5,
2021-22,45,Ezri,Konsa Ngoyo,Konsa,Aston Villa,DEF,78,2477,2,0,8,43,4,388,428.2,56.5,251.0,73.4,,,49,0.9,
2021-22,46,Frédéric,Guilbert,Guilbert,Aston Villa,DEF,0,0,0,0,0,0,0,0,0.0,0.0,0.0,0.0,,,45,0.0,
2021-22,47,Wesley,Moraes,Wesley,Aston Villa,FWD,1,1,0,0,0,0,0,2,0.0,0.5,0.0,0.0,,,54,0.1,
2021-22,48,Mbwana Ally,Samatta,Samatta,Aston Villa,FWD,0,0,0,0,0,0,0,0,0.0,0.0,0.0,0.0,,,55,0.0,
2021-22,49,Keinan,Davis,Davis,Aston Villa,FWD,1,11,0,0,0,0,0,2,0.4,1.0,0.0,0.1,,,45,1.4,
2021-22,50,Douglas Luiz,Soares de Paulo,Douglas Luiz,Aston Villa,MID,89,2715,2,3,10,38,3,468,495.2,547.5,199.0,124.3,,,43,1.9,
2021-22,51,Jacob,Ramsey,Ramsey,Aston Villa,MID,109,2465,6,1,12,35,9,402,533.8,333.1,432.0,130.2,,,47,4.9,
2021-22,52,Ashley,Young,Young,Aston Villa,DEF,50,1234,0,2,4,19,0,224,187.4,201.9,113.0,50.2,,,47,0.5,
2021-22,168,Lucas,Digne,Digne,Aston Villa,DEF,83,2440,0,4,7,42,8,459,489.8,753.1,200.0,144.5,,,50,5.9,
2021-22,337,Danny,Ings,Ings,Aston Villa,FWD,106,1891,7,6,10,26,12,344,448.6,210.9,749.0,140.3,,,77,9.3,
2021-22,492,Leon,Bailey,Bailey,Aston Villa,MID,37,750,1,3,2,13,1,98,143.2,118.5,271.0,53.2,,,63,0.4,
2021-22,496,Aaron,Ramsey,Ramsey,Aston Villa,MID,0,0,0,0,0,0,0,0,0.0,0.0,0.0,0.0,,,44,0.2,
2021-22,497,Jaden,Philogene-Bidace,Philogene-Bidace,Aston Villa,MID,1,4,0,0,0,0,0,0,0.0,0.0,0.0,0.0,,,50,0.0,
2021-22,526,Carney,Chukwuemeka,Chukwuemeka,Aston Villa,MID,16,291,0,1,0,6,0,43,44.0,34.6,69.0,14.9,,,45,0.1,
2021-22,568,Cameron,Archer,Archer,Aston Villa,FWD,3,24,0,0,0,0,0,3,0.0,0.8,18.0,1.6,,,45,0.8,
2021-22,596,Viljami,Sinisalo,Sinisalo,Aston Villa,GKP,0,0,0,0,0,0,0,0,0.0,0.0,0.0,0.0,,,40,0.1,
2021-22,610,Lamare,Bogarde,Bogarde,Aston Villa,DEF,0,0,0,0,0,0,0,0,0.0,0.0,0.0,0.0,,,40,0.1,
2021-22,638,Tim,Iroegbunam,Iroegbunam,Aston Villa,MID,4,90,0,0,1,0,0,17,10.6,2.0,4.0,1.7,,,45,0.0,
2021-22,650,Filip,Marschall,Marschall,Aston Villa,GKP,0,0,0,0,0,0,0,0,0.0,0.0,0.0,0.0,,,40,0.0,
2021-22,670,Josh,Feeney,Feeney,Aston Villa,DEF,0,0,0,0,0,0,0,0,0.0,0.0,0.0,0.0,,,40,0.0,
2021-22,681,Philippe,Coutinho Correia,Coutinho,Aston Villa,MID,83,1327,5,3,7,17,7,283,324.2,338.3,419.0,108.3,,,71,10.6,
2021-22,684,Kaine,Hayden,Hayden,Aston Villa,DEF,0,0,0,0,0,0,0,0,0.0,0.0,0.0,0.0,,,40,0.0,
2021-22,691,Robin,Olsen,Olsen,Aston Villa,GKP,1,90,0,0,0,3,0,14,0.0,0.0,0.0,0.0,,,40,0.0,
2021-22,703,Benjamin,Chrisene,Chrisene,Aston Villa,MID,0,0,0,0,0,0,0,0,0.0,0.0,0.0,0.0,,,45,0.0,
2021-22,713,Tommi,O'Reilly,O'Reilly,Aston Villa,MID,0,0,0,0,0,0,0,0,0.0,0.0,0.0,0.0,,,45,0.0,
2021-22,76,Pontus,Jansson,Jansson,Brentford,DEF,122,3321,3,4,8,56,13,616,766.4,67.1,476.0,131.4,,,45,7.0,
2021-22,77,Christian,Nørgaard,Nørgaard,Brentford,MID,101,3054,3,4,8,51,5,502,694.8,409.8,434.0,154.3,,,50,0.6,
2021-22,78,Ivan,Toney,Toney,Brentford,FWD,139,2908,12,5,8,47,19,502,717.8,572.0,1284.0,257.4,,,69,18.8,
2021-22,79,Tariqe,Fosu-Henry,Fosu,Brentford,MID,1,16,0,0,0,0,0,4,5.2,4.8,21.0,3.1,,,51,0.0,
2021-22,80,David,Raya Martin,Raya,Brentford,GKP,95,2160,0,0,8,27,5,496,575.6,10.0,0.0,58.3,,,44,4.6,
2021-22,81,Sergi,Canós,Canós,Brentford,MID,81,2077,3,3,8,36,5,268,359.2,282.9,422.0,106.5,,,55,1.0,
2021-22,82,Pelenda Joshua,Dasilva,Dasilva,Brentford,MID,7,250,0,0,0,6,0,27,28.6,40.9,30.0,9.8,,,53,0.0,
2021-22,83,Rico,Henry,Henry,Brentford,DEF,108,2775,3,0,9,41,4,453,444.8,324.4,233.0,100.1,,,45,1.2,
2021-22,84,Vitaly,Janelt,Janelt,Brentford,MID,90,2295,4,0,9,37,8,343,440.2,330.0,399.0,116.7,,,49,0.2,
2021-22,85,Saman,Ghoddos,Ghoddos,Brentford,MID,30,524,1,2,1,4,0,115,128.4,96.3,133.0,36.0,,,52,0.0,
2021-22,86,Mathias,Jensen,Jensen,Brentford,MID,54,1590,0,1,3,30,2,246,242.8,508.0,181.0,93.3,,,49,0.0,
2021-22,87,Charlie,Goode,Goode,Brentford,DEF,10,448,0,0,1,6,0,64,54.8,82.7,24.0,16.0,,,39,1.1,
2021-22,88,Marcus,Forss,Forss,Brentford,FWD,11,203,0,1,0,4,0,35,20.8,12.5,55.0,8.7,,,53,0.1,
2021-22,89,Mads,Roerslev Rasmussen,Roerslev,Brentford,DEF,41,1232,1,1,1,27,4,170,200.2,125.8,81.0,40.8,,,41,0.2,
2021-22,90,Mads,Bech Sørensen,Sørensen,Brentford,DEF,22,833,0,0,2,14,1,139,112.8,69.4,44.0,22.6,,,43,0.1,
2021-22,91,Ethan,Pinnock,Pinnock,Brentford,DEF,90,2694,1,1,7,43,7,517,648.8,151.7,335.0,113.5,,,44,2.7,
2021-22,92,Ellery,Balcombe,Balcombe,Brentford,GKP,0,0,0,0,0,0,0,0,0.0,0.0,0.0,0.0,,,40,0.0,
2021-22,93,Jan,Zamburek,Zamburek,Brentford,MID,0,0,0,0,0,0,0,0,0.0,0.0,0.0,0.0,,,44,0.5,
2021-22,94,Patrik,Gunnarsson,Gunnarsson,Brentford,GKP,0,0,0,0,0,0,0,0,0.0,0.0,0.0,0.0,,,39,1.1,
2021-22,95,Halil,Dervişoğlu,Dervişoğlu,Brentford,FWD,0,0,0,0,0,0,0,0,0.0,0.0,0.0,0.0,,,54,0.0,
2021-22,96,Bryan,Mbeumo,Mbeumo,Brentford,MID,119,2905,4,7,9,47,6,310,441.2,508.9,927.0,186.7,,,52,1.9,
2021-22,97,Mads,Bidstrup,Bidstrup,Brentford,MID,4,36,0,0,0,0,0,11,6.6,0.7,0.0,0.8,,,44,0.1,
2021-22,479,Frank,Onyeka,Onyeka,Brentford,MID,35,1040,0,2,3,19,0,117,93.0,73.5,174.0,33.7,,,49,0.1,
2021-22,483,Kristoffer,Ajer,Ajer,Brentford,DEF,81,1995,1,3,8,32,5,384,381.2,123.5,184.0,69.0,,,44,0.7,
2021-22,498,Dominic,Thompson,Thompson,Brentford,DEF,3,146,0,0,0,3,0,12,15.8,1.2,6.0,2.3,,,44,0.0,
2021-22,499,Shandon,Baptiste,Baptiste,Brentford,MID,35,898,1,0,2,15,2,120,132.8,120.2,145.0,39.6,,,49,0.0,
2021-22,524,Yoane,Wissa,Wissa,Brentford,MID,92,1268,7,2,3,22,6,277,318.8,105.6,379.0,79.6,,,57,0.3,
2021-22,556,Álvaro,Fernández,Fernández,Brentford,GKP,31,1080,0,0,1,24,2,218,353.2,0.0,0.0,35.2,,,45,0.4,
2021-22,569,Finley,Stevens,Stevens,Brentford,DEF,1,14,0,0,0,0,0,4,8.6,10.3,2.0,2.1,,,39,0.3,
2021-22,594,Mathias,Jorgensen,Zanka,Brentford,DEF,18,516,1,0,1,10,0,84,108.6,44.9,57.0,21.1,,,45,0.0,
2021-22,614,Paris,Maghoma,Maghoma,Brentford,MID,0,0,0,0,0,0,0,0,0.0,0.0,0.0,0.0,,,45,0.0,
2021-22,619,Matthew,Cox,Cox,Brentford,GKP,0,0,0,0,0,0,0,0,0.0,0.0,0.0,0.0,,,40,0.1,
2021-22,628,Maxwell,Haygarth,Haygarth,Brentford,MID,0,0,0,0,0,0,0,0,0.0,0.0,0.0,0.0,,,45,0.0,
2021-22,640,Nathan,Young-Coombes,Young-Coombes,Brentford,FWD,1,3,0,0,0,0,0,2,0.0,0.0,0.0,0.0,,,45,1.1,
2021-22,662,Myles,Peart-Harris,Peart-Harris,Brentford,MID,0,0,0,0,0,0,0,0,0.0,0.0,0.0,0.0,,,45,0.0,
2021-22,673,Jonas,Lössl,Lössl,Brentford,GKP,2,180,0,0,0,5,0,21,15.4,0.0,0.0,1.6,,,45,0.0,
2021-22,699,Christian,Eriksen,Eriksen,Brentford,MID,43,938,1,4,4,10,2,221,269.4,428.6,172.0,86.8,,,56,1.8,
2021-22,722,Julian,Jeanvier,Jeanvier,Brentford,DEF,0,0,0,0,0,0,0,0,0.0,0.0,0.0,0.0,,,40,0.0,
2021-22,53,Adam,Lallana,Lallana,Brighton,MID,44,1559,0,1,6,20,0,240,209.4,162.9,173.0,54.6,,,53,0.1,
2021-22,54,Jason,Steele,Steele,Brighton,GKP,2,90,0,0,0,2,0,17,28.8,0.0,0.0,2.9,,,39,2.8,
2021-22,55,Pascal,Groß,Groß,Brighton,MID,88,2033,2,5,8,24,7,405,412.6,902.5,345.0,166.2,,,56,0.3,
2021-22,56,Shane,Duffy,Duffy,Brighton,DEF,48,1434,1,1,4,19,3,288,380.6,58.2,282.0,72.2,,,40,7.6,
2021-22,57,Davy,Pröpper,Pröpper,Brighton,MID,0,0,0,0,0,0,0,0,0.0,0.0,0.0,0.0,,,45,0.0,
2021-22,59,Lewis,Dunk,Dunk,Brighton,DEF,92,2573,1,0,10,33,7,537,551.8,63.0,327.0,94.2,,,48,2.3,
2021-22,60,Solomon,March,March,Brighton,MID,61,1733,0,2,7,23,0,216,259.6,512.0,285.0,105.6,,,53,0.1,
2021-22,61,Adam,Webster,Webster,Brighton,DEF,59,1429,2,0,4,20,6,266,387.8,50.1,112.0,55.1,,,43,0.3,
2021-22,62,Joël,Veltman,Veltman,Brighton,DEF,95,2874,1,1,8,39,5,545,532.8,274.6,148.0,95.8,,,42,1.4,
2021-22,63,Neal,Maupay,Maupay,Brighton,FWD,98,2269,8,3,7,31,11,295,367.4,357.3,672.0,137.4,,,62,4.3,
2021-22,64,Leandro,Trossard,Trossard,Brighton,MID,141,2803,8,4,11,33,16,465,627.6,708.3,1020.0,235.4,,,59,2.8,
2021-22,65,Mathew,Ryan,Ryan,Brighton,GKP,0,0,0,0,0,0,0,0,0.0,0.0,0.0,0.0,,,45,0.0,
2021-22,66,Alireza,Jahanbakhsh,Jahanbakhsh,Brighton,MID,0,0,0,0,0,0,0,0,0.0,0.0,0.0,0.0,,,55,0.0,
2021-22,68,Bernardo,Fernandes Da Silva Junior,Bernardo,Brighton,DEF,0,0,0,0,0,0,0,0,0.0,0.0,0.0,0.0,,,40,0.0,
2021-22,69,Robert,Sánchez,Sánchez,Brighton,GKP,126,3330,0,0,11,42,8,679,804.6,30.0,0.0,83.4,,,45,14.5,
2021-22,70,Yves,Bissouma,Bissouma,Brighton,MID,66,2110,1,2,7,28,9,351,425.6,167.1,126.0,71.8,,,44,4.8,
2021-22,71,Tariq,Lamptey,Lamptey,Brighton,DEF,74,1547,0,2,6,21,7,308,246.0,353.4,172.0,76.8,,,45,1.8,
2021-22,72,Aaron,Connolly,Connolly,Brighton,FWD,5,154,0,0,0,1,0,12,2.4,13.1,18.0,3.1,,,53,0.1,
2021-22,73,Steven,Alzate,Alzate,Brighton,MID,13,401,0,0,0,7,0,77,70.2,40.8,21.0,13.3,,,48,0.0,
2021-22,74,Alexis,Mac Allister,Mac Allister,Brighton,MID,93,2112,5,2,6,29,8,398,494.0,455.6,540.0,148.8,,,51,0.5,
2021-22,75,Jakub,Moder,Moder,Brighton,MID,58,1694,0,3,5,23,0,227,239.6,286.0,372.0,90.3,,,45,0.5,
2021-22,447,Danny,Welbeck,Welbeck,Brighton,FWD,89,1469,6,4,5,16,13,247,302.4,195.1,528.0,101.5,,,60,1.6,
2021-22,462,Enock,Mwepu,Mwepu,Brighton,MID,58,990,2,5,3,13,5,200,241.8,142.9,199.0,58.0,,,59,0.1,
2021-22,476,Kjell,Scherpen,Scherpen,Brighton,GKP,0,0,0,0,0,0,0,0,0.0,0.0,0.0,0.0,,,45,0.0,
2021-22,500,Florin,Andone,Andone,Brighton,FWD,0,0,0,0,0,0,0,0,0.0,0.0,0.0,0.0,,,50,0.0,
2021-22,535,Andi,Zeqiri,Zeqiri,Brighton,FWD,0,0,0,0,0,0,0,0,0.0,0.0,0.0,0.0,,,45,0.2,
2021-22,536,Michal,Karbownik,Karbownik,Brighton,DEF,0,0,0,0,0,0,0,0,0.0,0.0,0.0,0.0,,,40,0.0,
2021-22,537,Taylor,Richards,Richards,Brighton,MID,2,23,0,0,0,0,0,5,4.6,12.8,8.0,2.5,,,45,0.0,
2021-22,538,Moisés,Caicedo,Caicedo,Brighton,MID,27,660,1,1,4,6,1,124,136.8,49.9,92.0,27.9,,,45,0.1,
2021-22,560,Haydon,Roberts,Roberts,Brighton,DEF,0,0,0,0,0,0,0,0,0.0,0.0,0.0,0.0,,,39,0.2,
2021-22,584,Marc,Cucurella,Cucurella,Brighton,DEF,126,3089,1,1,11,39,21,673,659.6,671.9,181.0,151.6,,,49,4.1,
2021-22,595,Jürgen,Locadia,Locadia,Brighton,FWD,1,22,0,0,0,0,0,0,0.0,1.1,3.0,0.1,,,44,0.9,
2021-22,612,Jeremy,Sarmiento,Sarmiento,Brighton,MID,5,44,0,0,0,2,0,15,2.8,2.4,2.0,0.8,,,45,0.0,
2021-22,653,Ed,Turns,Turns,Brighton,DEF,0,0,0,0,0,0,0,0,0.0,0.0,0.0,0.0,,,40,0.0,
2021-22,654,Marc,Leonard,Leonard,Brighton,MID,0,0,0,0,0,0,0,0,0.0,0.0,0.0,0.0,,,45,0.0,
2021-22,655,Evan,Ferguson,Ferguson,Brighton,FWD,1,22,0,0,0,1,0,4,2.0,4.8,2.0,0.9,,,45,0.4,
2021-22,688,Thomas,McGill,McGill,Brighton,GKP,0,0,0,0,0,0,0,0,0.0,0.0,0.0,0.0,,,40,0.0,
2021-22,712,Odeluga,Offiah,Offiah,Brighton,DEF,0,0,0,0,0,0,0,0,0.0,0.0,0.0,0.0,,,40,0.0,
2021-22,98,James,Tarkowski,Tarkowski,Burnley,DEF,83,3106,1,2,7,51,5,486,881.4,106.8,307.0,129.7,,,49,1.3,
2021-22,99,Phil,Bardsley,Bardsley,Burnley,DEF,0,0,0,0,0,0,0,0,0.0,0.0,0.0,0.0,,,39,0.5,
2021-22,100,Erik,Pieters,Pieters,Burnley,DEF,37,726,0,1,4,5,1,157,179.0,43.4,48.0,27.0,,,41,0.1,
2021-22,101,Jack,Cork,Cork,Burnley,MID,48,1670,1,0,6,26,3,143,168.0,103.9,72.0,34.3,,,44,0.1,
2021-22,102,Dale,Stephens,Stephens,Burnley,MID,4,123,0,0,1,0,0,11,12.8,12.4,1.0,2.6,,,44,0.0,
2021-22,103,Kevin,Long,Long,Burnley,DEF,7,408,0,0,0,7,0,31,28.4,0.2,20.0,4.9,,,40,0.2,
2021-22,104,Jay,Rodriguez,Rodriguez,Burnley,FWD,60,1365,2,3,6,15,4,159,176.4,166.0,455.0,78.4,,,51,1.2,
2021-22,105,Ashley,Barnes,Barnes,Burnley,FWD,32,793,1,0,1,19,2,60,77.0,90.7,192.0,34.5,,,52,1.1,
2021-22,106,Ben,Mee,Mee,Burnley,DEF,74,1839,3,0,6,25,3,325,463.8,63.4,238.0,76.6,,,46,0.6,
2021-22,107,Ashley,Westwood,Westwood,Burnley,MID,63,2286,0,4,4,40,2,303,298.2,517.1,153.0,96.5,,,52,0.2,
2021-22,108,Johann Berg,Gudmundsson,Gudmundsson,Burnley,MID,33,1097,0,1,3,19,0,100,134.0,137.5,193.0,46.5,,,54,0.1,
2021-22,110,Matthew,Lowton,Lowton,Burnley,DEF,65,1771,1,3,4,30,5,337,404.2,264.9,95.0,76.5,,,44,1.0,
2021-22,111,Matej,Vydra,Vydra,Burnley,FWD,46,665,2,3,2,7,4,138,172.4,77.5,239.0,48.4,,,52,0.5,
2021-22,112,Nick,Pope,Pope,Burnley,GKP,130,3240,0,0,9,47,12,683,875.6,20.0,0.0,89.7,,,53,3.5,
2021-22,113,Charlie,Taylor,Taylor,Burnley,DEF,78,2730,0,3,5,48,8,454,552.8,310.5,50.0,91.3,,,44,0.7,
2021-22,114,Will,Norris,Norris,Burnley,GKP,0,0,0,0,0,0,0,0,0.0,0.0,0.0,0.0,,,43,0.1,
2021-22,115,Josh,Brownhill,Brownhill,Burnley,MID,92,2952,2,3,7,45,8,428,565.8,560.8,277.0,140.6,,,43,3.6,
2021-22,116,Josh,Benson,Benson,Burnley,MID,0,0,0,0,0,0,0,0,0.0,0.0,0.0,0.0,,,45,0.0,
2021-22,117,Bailey,Peacock-Farrell,Peacock-Farrell,Burnley,GKP,0,0,0,0,0,0,0,0,0.0,0.0,0.0,0.0,,,45,0.0,
2021-22,118,Dwight,McNeil,McNeil,Burnley,MID,84,3104,0,1,9,49,1,440,556.8,729.5,489.0,178.0,,,55,0.2,
2021-22,451,Nathan,Collins,Collins,Burnley,DEF,55,1670,2,0,5,26,1,272,426.6,62.4,246.0,73.7,,,43,0.5,
2021-22,480,Wayne,Hennessey,Hennessey,Burnley,GKP,4,180,0,0,0,6,0,37,62.8,30.0,0.0,9.3,,,45,0.3,
2021-22,533,Lewis,Richardson,Richardson,Burnley,FWD,0,0,0,0,0,0,0,0,0.0,0.0,0.0,0.0,,,44,4.4,
2021-22,534,Bobby,Thomas,Thomas,Burnley,DEF,0,0,0,0,0,0,0,0,0.0,0.0,0.0,0.0,,,39,0.3,
2021-22,565,Owen,Dodgson,Dodgson,Burnley,DEF,0,0,0,0,0,0,0,0,0.0,0.0,0.0,0.0,,,39,0.1,
2021-22,575,Aaron,Lennon,Lennon,Burnley,MID,60,1541,2,1,4,25,1,172,190.2,136.2,218.0,54.1,,,46,0.1,
2021-22,578,Maxwel,Cornet,Cornet,Burnley,MID,104,1764,9,2,5,24,9,242,390.2,246.9,547.0,118.4,,,58,0.8,
2021-22,585,Connor,Roberts,Roberts,Burnley,DEF,69,1689,1,1,6,23,6,313,299.4,195.6,98.0,59.3,,,44,0.6,
2021-22,700,Wout,Weghorst,Weghorst,Burnley,FWD,55,1448,2,3,6,20,6,134,203.0,188.0,360.0,74.9,,,62,4.0,
2021-22,708,Sam,Waller,Waller,Burnley,GKP,0,0,0,0,0,0,0,0,0.0,0.0,0.0,0.0,,,40,0.0,
2021-22,726,Dara,Costelloe,Costelloe,Burnley,MID,0,0,0,0,0,0,0,0,0.0,0.0,0.0,0.0,,,45,0.0,
2021-22,735,Joseph,McGlynn,McGlynn,Burnley,FWD,0,0,0,0,0,0,0,0,0.0,0.0,0.0,0.0,,,45,0.0,
2021-22,736,Anthony,Mancini,Mancini,Burnley,MID,0,0,0,0,0,0,0,0,0.0,0.0,0.0,0.0,,,45,0.0,
2021-22,119,César,Azpilicueta,Azpilicueta,Chelsea,DEF,87,2067,1,3,7,23,2,453,450.8,305.0,212.0,96.9,,,56,3.3,
2021-22,120,Olivier,Giroud,Giroud,Chelsea,FWD,0,0,0,0,0,0,0,0,0.0,0.0,0.0,0.0,,,65,0.0,
2021-22,121,Thiago,Emiliano da Silva,Thiago Silva,Chelsea,DEF,130,2649,3,1,11,28,14,667,801.4,132.0,229.0,116.4,,,56,7.9,
2021-22,122,Marcos,Alonso,Alonso,Chelsea,DEF,128,2164,4,5,9,22,14,528,560.2,677.3,566.0,180.6,,,57,15.3,
2021-22,123,Jorge Luiz,Frello Filho,Jorginho,Chelsea,MID,106,2271,6,2,12,16,11,519,605.8,429.3,214.0,125.1,,,57,3.9,
2021-22,124,Ross,Barkley,Barkley,Chelsea,MID,14,174,1,0,1,2,1,43,19.2,104.8,38.0,16.3,,,52,0.1,
2021-22,125,Mateo,Kovacic,Kovacic,Chelsea,MID,76,1552,2,5,8,11,7,348,409.6,407.4,198.0,101.5,,,49,1.7,
2021-22,126,Michy,Batshuayi,Batshuayi,Chelsea,FWD,0,0,0,0,0,0,0,0,0.0,0.0,0.0,0.0,,,55,0.0,
2021-22,127,Antonio,Rüdiger,Rüdiger,Chelsea,DEF,150,3035,3,3,15,27,10,661,581.6,257.4,484.0,132.3,,,61,18.8,
2021-22,129,Kepa,Arrizabalaga,Arrizabalaga,Chelsea,GKP,19,360,0,0,2,2,1,89,95.6,0.0,0.0,9.6,,,45,0.3,
2021-22,130,N'Golo,Kanté,Kanté,Chelsea,MID,79,1769,2,5,9,19,2,377,434.0,380.6,221.0,103.6,,,49,2.4,
2021-22,131,Hakim,Ziyech,Ziyech,Chelsea,MID,79,1311,4,3,7,12,9,281,350.6,429.5,482.0,126.0,,,73,0.8,
2021-22,132,Ruben,Loftus-Cheek,Loftus-Cheek,Chelsea,MID,52,1384,0,3,5,21,1,251,282.8,291.1,218.0,79.2,,,54,0.2,
2021-22,133,Andreas,Christensen,Christensen,Chelsea,DEF,69,1494,0,0,9,11,3,343,296.4,103.4,20.0,42.0,,,46,1.4,
2021-22,134,Timo,Werner,Werner,Chelsea,FWD,62,1278,4,2,5,17,5,175,207.6,153.1,773.0,112.7,,,85,2.3,
2021-22,135,Benjamin,Chilwell,Chilwell,Chelsea,DEF,55,541,3,1,4,2,5,161,175.6,161.0,202.0,54.0,,,56,3.0,
2021-22,136,Tammy,Abraham,Abraham,Chelsea,FWD,0,0,0,0,0,0,0,0,0.0,0.0,0.0,0.0,,,65,0.1,
2021-22,137,Christian,Pulisic,Pulisic,Chelsea,MID,77,1282,6,2,6,10,2,206,317.6,223.9,434.0,97.5,,,79,0.7,
2021-22,138,Mason,Mount,Mount,Chelsea,MID,169,2358,11,11,11,25,16,597,812.8,914.8,931.0,265.8,,,77,21.9,
2021-22,139,Ethan,Ampadu,Ampadu,Chelsea,DEF,0,0,0,0,0,0,0,0,0.0,0.0,0.0,0.0,,,45,0.0,
2021-22,140,Callum,Hudson-Odoi,Hudson-Odoi,Chelsea,MID,49,958,1,4,6,8,1,163,175.4,326.9,326.0,82.7,,,53,0.2,
2021-22,141,Kai,Havertz,Havertz,Chelsea,MID,112,1802,8,4,10,18,5,271,420.4,301.6,855.0,156.6,,,79,5.8,
2021-22,142,Reece,James,James,Chelsea,DEF,141,1863,5,9,7,22,26,573,582.0,696.1,436.0,171.5,,,65,19.1,
2021-22,143,Edouard,Mendy,Mendy,Chelsea,GKP,130,3060,0,0,14,31,3,573,564.8,0.0,0.0,56.1,,,61,11.4,
2021-22,501,Malang,Sarr,Sarr,Chelsea,DEF,30,544,0,0,4,7,4,141,113.4,45.1,1.0,15.9,,,49,0.2,
2021-22,527,Trevoh,Chalobah,Chalobah,Chelsea,DEF,99,1447,3,1,9,9,11,396,405.8,105.8,151.0,66.1,,,47,2.4,
2021-22,529,Romelu,Lukaku,Lukaku,Chelsea,FWD,87,1583,8,1,7,14,12,310,367.0,303.3,704.0,137.2,,,114,7.7,
2021-22,539,Emerson,Palmieri dos Santos,Emerson,Chelsea,DEF,1,4,0,0,0,0,0,3,0.0,0.1,2.0,0.2,,,45,0.0,
2021-22,592,Saúl,Ñíguez,Saúl,Chelsea,MID,16,478,0,1,1,6,0,68,63.2,51.8,41.0,15.5,,,49,0.1,
2021-22,606,Marcus,Bettinelli,Bettinelli,Chelsea,GKP,0,0,0,0,0,0,0,0,0.0,0.0,0.0,0.0,,,40,0.0,
2021-22,671,Lewis,Hall,Hall,Chelsea,MID,0,0,0,0,0,0,0,0,0.0,0.0,0.0,0.0,,,45,0.0,
2021-22,672,Harvey,Vale,Vale,Chelsea,MID,0,0,0,0,0,0,0,0,0.0,0.0,0.0,0.0,,,45,0.0,
2021-22,690,Robert Kenedy,Nunes do Nascimento,Kenedy,Chelsea,DEF,4,58,0,1,0,0,0,19,0.0,0.0,0.0,0.0,,,45,0.0,
2021-22,144,Conor,Gallagher,Gallagher,Crystal Palace,MID,140,2843,8,6,11,38,16,469,665.2,611.1,671.0,194.5,,,60,11.2,
2021-22,146,Vicente,Guaita,Guaita,Crystal Palace,GKP,119,2655,0,0,11,33,11,567,588.4,0.0,0.0,58.8,,,46,5.6,
2021-22,147,James,Tomkins,Tomkins,Crystal Palace,DEF,17,545,1,0,0,11,2,97,140.4,22.0,88.0,25.1,,,43,0.1,
2021-22,148,James,McArthur,McArthur,Crystal Palace,MID,54,1434,0,4,5,15,5,288,324.0,256.5,120.0,70.0,,,43,1.1,
2021-22,149,Christian,Benteke,Benteke,Crystal Palace,FWD,58,1132,4,1,4,20,6,173,250.2,176.7,523.0,94.3,,,59,1.2,
2021-22,150,Cheikhou,Kouyaté,Kouyaté,Crystal Palace,DEF,77,1970,0,1,8,28,5,395,312.4,85.5,41.0,44.0,,,45,0.6,
2021-22,151,Martin,Kelly,Kelly,Crystal Palace,DEF,0,0,0,0,0,0,0,0,0.0,0.0,0.0,0.0,,,38,2.5,
2021-22,152,Luka,Milivojevic,Milivojevic,Crystal Palace,MID,19,767,0,0,1,16,0,118,88.6,196.6,38.0,32.3,,,52,0.0,
2021-22,153,Jordan,Ayew,Ayew,Crystal Palace,FWD,77,2012,3,4,9,31,3,281,349.2,361.3,491.0,120.1,,,58,1.0,
2021-22,154,Wilfried,Zaha,Zaha,Crystal Palace,MID,150,2759,14,2,11,34,11,422,732.2,630.6,963.0,232.5,,,69,8.5,
2021-22,155,Jeffrey,Schlupp,Schlupp,Crystal Palace,MID,86,1840,4,2,8,19,2,297,403.6,238.5,461.0,110.4,,,54,0.1,
2021-22,156,Jack,Butland,Butland,Crystal Palace,GKP,30,765,0,0,1,13,3,132,155.0,0.0,0.0,15.7,,,44,0.4,
2021-22,157,Jairo,Riedewald,Riedewald,Crystal Palace,MID,4,116,0,0,0,5,0,16,11.2,27.5,2.0,4.0,,,47,0.0,
2021-22,158,Jarosław,Jach,Jach,Crystal Palace,DEF,0,0,0,0,0,0,0,0,0.0,0.0,0.0,0.0,,,42,0.0,
2021-22,159,Jean-Philippe,Mateta,Mateta,Crystal Palace,FWD,61,1138,5,1,5,14,6,182,253.6,112.8,568.0,93.4,,,53,2.7,
2021-22,160,Eberechi,Eze,Eze,Crystal Palace,MID,31,599,1,1,3,8,2,125,120.0,175.1,135.0,43.2,,,59,0.1,
2021-22,161,Nathan,Ferguson,Ferguson,Crystal Palace,DEF,1,8,0,0,0,0,0,3,0.2,0.0,0.0,0.0,,,45,0.0,
2021-22,162,Tyrick,Mitchell,Mitchell,Crystal Palace,DEF,109,3101,0,2,10,43,6,561,610.4,379.2,111.0,110.1,,,45,1.4,
2021-22,386,Will,Hughes,Hughes,Crystal Palace,MID,34,1050,0,2,4,16,2,164,155.8,141.1,60.0,35.8,,,47,0.1,
2021-22,464,Michael,Olise,Olise,Crystal Palace,MID,73,1127,2,6,4,14,8,287,308.2,389.0,269.0,96.5,,,53,0.2,
2021-22,474,Joel,Ward,Ward,Crystal Palace,DEF,73,2486,0,0,9,37,2,422,440.4,132.2,58.0,63.2,,,45,0.2,
2021-22,477,Marc,Guéhi,Guéhi,Crystal Palace,DEF,123,3222,2,1,11,43,8,676,720.6,98.5,290.0,111.1,,,45,2.0,
2021-22,488,Joachim,Andersen,Andersen,Crystal Palace,DEF,124,2914,0,4,12,37,14,619,610.8,233.2,142.0,98.6,,,47,2.7,
2021-22,493,Nathaniel,Clyne,Clyne,Crystal Palace,DEF,59,1351,0,1,6,12,4,264,170.8,97.7,17.0,28.7,,,43,0.8,
2021-22,540,Reece,Hannam,Hannam,Crystal Palace,DEF,0,0,0,0,0,0,0,0,0.0,0.0,0.0,0.0,,,39,0.1,
2021-22,541,Jesurun,Rak-Sakyi,Rak-Sakyi,Crystal Palace,MID,4,79,0,0,1,0,0,7,1.0,5.0,0.0,0.6,,,44,0.0,
2021-22,542,Robert,Street,Street,Crystal Palace,FWD,0,0,0,0,0,0,0,0,0.0,0.0,0.0,0.0,,,45,0.8,
2021-22,543,Scott,Banks,Banks,Crystal Palace,MID,0,0,0,0,0,0,0,0,0.0,0.0,0.0,0.0,,,45,0.0,
2021-22,561,Remi,Matthews,Matthews,Crystal Palace,GKP,0,0,0,0,0,0,0,0,0.0,0.0,0.0,0.0,,,39,0.4,
2021-22,586,Odsonne,Edouard,Edouard,Crystal Palace,FWD,87,1554,6,4,9,19,9,280,385.2,252.4,610.0,125.0,,,60,2.9,
2021-22,709,Tayo,Adaramola,Adaramola,Crystal Palace,DEF,0,0,0,0,0,0,0,0,0.0,0.0,0.0,0.0,,,40,0.0,
2021-22,42,Anwar,El Ghazi,El Ghazi,Everton,MID,22,392,1,1,1,8,1,61,74.6,85.2,85.0,24.4,,,56,0.3,
2021-22,163,Fabian,Delph,Delph,Everton,MID,18,660,0,0,3,6,0,118,115.6,58.4,16.0,19.0,,,42,1.3,
2021-22,164,Gylfi,Sigurdsson,Sigurdsson,Everton,MID,0,0,0,0,0,0,0,0,0.0,0.0,0.0,0.0,,,67,0.6,
2021-22,165,Seamus,Coleman,Coleman,Everton,DEF,79,2656,1,1,7,50,6,439,469.4,232.1,170.0,86.9,,,49,1.0,
2021-22,166,James,Rodríguez,James,Everton,MID,0,0,0,0,0,0,0,0,0.0,0.0,0.0,0.0,,,69,0.5,
2021-22,167,Bernard,Anício Caldeira Duarte,Bernard,Everton,MID,0,0,0,0,0,0,0,0,0.0,0.0,0.0,0.0,,,55,0.0,
2021-22,169,Michael,Keane,Keane,Everton,DEF,102,2791,3,2,8,54,11,518,676.4,96.9,229.0,100.4,,,46,2.7,
2021-22,170,Jordan,Pickford,Pickford,Everton,GKP,116,3150,0,0,7,58,12,624,863.2,43.0,0.0,90.5,,,48,6.3,
2021-22,171,Allan,Marques Loureiro,Allan,Everton,MID,58,2181,0,3,6,38,2,313,391.4,228.4,82.0,70.4,,,43,2.9,
2021-22,172,André Filipe,Tavares Gomes,André Gomes,Everton,MID,18,614,0,1,0,19,0,47,84.0,85.2,136.0,30.6,,,49,0.1,
2021-22,173,Abdoulaye,Doucouré,Doucouré,Everton,MID,90,2536,2,5,5,47,8,387,476.8,285.7,441.0,120.6,,,53,1.2,
2021-22,174,Alex,Iwobi,Iwobi,Everton,MID,78,2029,2,2,6,38,6,312,361.8,489.7,351.0,120.1,,,58,0.3,
2021-22,175,Yerry,Mina,Mina,Everton,DEF,24,844,0,0,2,10,0,133,164.8,18.2,66.0,24.6,,,49,0.3,
2021-22,176,Tom,Davies,Davies,Everton,MID,12,230,1,0,0,9,0,44,51.4,8.0,90.0,15.0,,,48,0.1,
2021-22,177,Dominic,Calvert-Lewin,Calvert-Lewin,Everton,FWD,64,1281,5,2,3,31,10,207,236.4,123.2,441.0,79.9,,,77,3.0,
2021-22,178,Mason,Holgate,Holgate,Everton,DEF,62,2133,2,2,5,42,2,312,414.6,41.8,120.0,57.6,,,42,1.6,
2021-22,179,Ben,Godfrey,Godfrey,Everton,DEF,45,2029,0,0,4,39,1,318,416.0,164.6,222.0,80.5,,,47,0.4,
2021-22,180,Richarlison,de Andrade,Richarlison,Everton,FWD,125,2522,10,6,7,46,19,413,651.4,383.7,1010.0,203.9,,,76,12.3,
2021-22,181,João,Virgínia,Virgínia,Everton,GKP,0,0,0,0,0,0,0,0,0.0,0.0,0.0,0.0,,,40,0.8,
2021-22,282,Donny,van de Beek,van de Beek,Everton,MID,31,550,2,0,2,14,1,119,116.4,76.5,85.0,27.8,,,57,0.3,
2021-22,363,Bamidele,Alli,Dele,Everton,MID,35,985,1,0,3,23,1,103,178.6,132.0,125.0,43.6,,,62,1.0,
2021-22,481,Asmir,Begović,Begović,Everton,GKP,13,270,0,0,1,8,3,61,53.0,0.0,0.0,5.3,,,40,2.3,
2021-22,482,Andros,Townsend,Townsend,Everton,MID,66,1452,3,2,3,30,8,252,351.6,468.9,221.0,103.9,,,52,2.1,
2021-22,484,Demarai,Gray,Gray,Everton,MID,106,2336,5,5,6,39,3,397,479.2,641.6,731.0,185.3,,,54,5.2,
2021-22,502,Jonjoe,Kenny,Kenny,Everton,DEF,21,1015,0,1,1,24,0,147,147.4,157.1,42.0,34.7,,,43,0.1,
2021-22,503,Anthony,Gordon,Gordon,Everton,MID,100,2277,4,3,7,40,9,325,456.8,512.2,632.0,160.2,,,47,5.7,
2021-22,504,Jean-Philippe,Gbamin,Gbamin,Everton,MID,3,65,0,0,0,2,0,10,7.0,0.6,0.0,0.8,,,44,0.0,
2021-22,544,Jarrad,Branthwaite,Branthwaite,Everton,DEF,7,387,1,0,0,17,1,49,69.8,2.3,44.0,11.7,,,40,0.3,
2021-22,545,Nathan,Broadhead,Broadhead,Everton,FWD,0,0,0,0,0,0,0,0,0.0,0.0,0.0,0.0,,,45,0.0,
2021-22,564,Moise,Kean,Kean,Everton,FWD,1,1,0,0,0,0,0,2,0.0,0.0,0.0,0.0,,,60,0.0,
2021-22,570,Niels,Nkounkou,Nkounkou,Everton,DEF,0,0,0,0,0,0,0,0,0.0,0.0,0.0,0.0,,,40,0.0,
2021-22,571,Andy,Lonergan,Lonergan,Everton,GKP,0,0,0,0,0,0,0,0,0.0,0.0,0.0,0.0,,,39,0.1,
2021-22,591,Salomón,Rondón,Rondón,Everton,FWD,30,779,1,1,2,16,2,73,94.2,108.9,339.0,53.8,,,60,0.2,
2021-22,602,Ellis,Simms,Simms,Everton,FWD,2,61,0,0,1,0,0,6,6.4,0.4,0.0,0.7,,,45,0.2,
2021-22,607,Lewis,Dobbin,Dobbin,Everton,FWD,2,30,0,0,0,1,0,6,2.4,0.9,4.0,0.8,,,45,0.9,
2021-22,613,Charlie,Whitaker,Whitaker,Everton,MID,0,0,0,0,0,0,0,0,0.0,0.0,0.0,0.0,,,45,0.0,
2021-22,616,Harry,Tyrer,Tyrer,Everton,GKP,0,0,0,0,0,0,0,0,0.0,0.0,0.0,0.0,,,40,0.0,
2021-22,622,Cenk,Tosun,Tosun,Everton,FWD,1,5,0,0,0,0,0,3,0.0,0.1,0.0,0.0,,,50,0.1,
2021-22,623,Reece,Welch,Welch,Everton,DEF,0,0,0,0,0,0,0,0,0.0,0.0,0.0,0.0,,,40,0.0,
2021-22,630,Tyler,Onyango,Onyango,Everton,MID,3,27,0,0,0,0,0,8,1.2,0.0,18.0,1.9,,,45,0.0,
2021-22,674,Nathan,Patterson,Patterson,Everton,DEF,0,0,0,0,0,0,0,0,0.0,0.0,0.0,0.0,,,41,0.0,
2021-22,675,Vitalii,Mykolenko,Mykolenko,Everton,DEF,42,1054,1,1,3,17,3,177,187.4,138.8,66.0,39.4,,,49,1.2,
2021-22,718,Isaac,Price,Price,Everton,MID,1,13,0,0,0,1,0,-2,0.0,0.0,0.0,0.0,,,45,0.0,
2021-22,200,Kasper,Schmeichel,Schmeichel,Leicester,GKP,131,3330,0,0,7,58,12,706,1064.0,11.2,0.0,107.8,,,50,18.2,
2021-22,201,Jonny,Evans,Evans,Leicester,DEF,39,1346,1,1,2,23,0,257,339.2,46.7,73.0,45.9,,,54,0.3,
2021-22,202,Marc,Albrighton,Albrighton,Leicester,MID,40,1127,1,2,2,24,2,169,236.2,208.6,51.0,49.7,,,52,0.1,
2021-22,203,Nampalys,Mendy,Mendy,Leicester,MID,24,1032,0,0,2,15,0,147,85.4,42.7,7.0,13.6,,,43,1.1,
2021-22,204,Danny,Ward,Ward,Leicester,GKP,3,90,0,0,0,1,0,17,32.4,0.0,0.0,3.2,,,40,3.4,
2021-22,205,Jamie,Vardy,Vardy,Leicester,FWD,133,1801,15,3,4,27,24,480,560.4,227.9,722.0,150.2,,,103,12.0,
2021-22,206,Dennis,Praet,Praet,Leicester,MID,0,0,0,0,0,0,0,0,0.0,0.0,0.0,0.0,,,49,0.0,
2021-22,207,Ricardo Domingos,Barbosa Pereira,Pereira,Leicester,DEF,35,990,1,3,1,20,3,202,252.0,128.1,120.0,50.1,,,52,1.5,
2021-22,208,Daniel,Amartey,Amartey,Leicester,DEF,55,2118,0,0,5,40,4,422,458.6,69.1,20.0,54.7,,,40,10.9,
2021-22,209,Timothy,Castagne,Castagne,Leicester,DEF,75,2124,1,0,6,30,6,365,426.0,224.7,92.0,74.4,,,53,1.5,
2021-22,210,Youri,Tielemans,Tielemans,Leicester,MID,120,2629,6,4,6,42,14,532,714.6,577.1,442.0,172.9,,,64,3.5,
2021-22,211,Ayoze,Pérez,Pérez,Leicester,MID,35,438,2,3,1,15,2,101,100.8,128.1,146.0,37.0,,,57,0.1,
2021-22,212,James,Maddison,Maddison,Leicester,MID,181,2454,12,11,5,41,24,637,767.4,664.1,753.0,218.3,,,69,16.3,
2021-22,213,Kelechi,Iheanacho,Iheanacho,Leicester,FWD,80,1253,4,6,1,25,10,246,292.0,242.7,390.0,92.2,,,70,3.2,
2021-22,214,Hamza,Choudhury,Choudhury,Leicester,MID,8,284,0,0,1,4,0,41,43.0,2.8,6.0,5.3,,,44,0.1,
2021-22,215,Harvey,Barnes,Barnes,Leicester,MID,137,2095,6,12,8,30,10,377,525.2,413.0,975.0,191.0,,,65,4.2,
2021-22,216,Wilfred,Ndidi,Ndidi,Leicester,MID,41,1617,0,1,5,26,0,240,322.0,66.0,179.0,57.0,,,48,0.8,
2021-22,217,Çaglar,Söyüncü,Söyüncü,Leicester,DEF,66,2497,1,0,5,44,6,454,606.4,64.7,90.0,76.2,,,49,2.1,
2021-22,218,James,Justin,Justin,Leicester,DEF,29,996,0,0,2,13,1,167,178.4,129.4,97.0,40.7,,,49,0.6,
2021-22,219,Luke,Thomas,Thomas,Leicester,DEF,50,1911,0,1,5,35,1,349,406.2,198.5,59.0,66.6,,,43,0.8,
2021-22,220,Wesley,Fofana,Fofana,Leicester,DEF,17,630,0,0,1,7,2,112,109.6,29.8,23.0,16.3,,,43,0.9,
2021-22,340,Jannik,Vestergaard,Vestergaard,Leicester,DEF,11,563,0,0,1,16,0,115,159.2,15.2,15.0,19.0,,,47,0.4,
2021-22,455,Patson,Daka,Daka,Leicester,FWD,70,1152,5,3,3,20,8,216,287.8,166.2,460.0,90.9,,,70,1.4,
2021-22,458,Boubakary,Soumaré,Soumaré,Leicester,MID,36,1095,0,1,2,27,1,153,142.6,98.6,40.0,28.1,,,48,0.1,
2021-22,473,Ryan,Bertrand,Bertrand,Leicester,DEF,4,337,0,0,0,7,0,32,48.0,14.8,8.0,7.2,,,46,0.3,
2021-22,505,Kiernan,Dewsbury-Hall,Dewsbury-Hall,Leicester,MID,70,2101,1,2,8,27,4,337,373.8,494.2,219.0,108.9,,,44,1.6,
2021-22,573,Eldin,Jakupovic,Jakupovic,Leicester,GKP,0,0,0,0,0,0,0,0,0.0,0.0,0.0,0.0,,,39,0.2,
2021-22,587,Ademola,Lookman,Lookman,Leicester,MID,76,1446,6,0,2,31,6,225,363.0,301.9,516.0,117.9,,,59,0.3,
2021-22,639,Vontae,Daley-Campbell,Daley-Campbell,Leicester,DEF,0,0,0,0,0,0,0,0,0.0,0.0,0.0,0.0,,,40,0.0,
2021-22,645,Ben,Nelson,Nelson,Leicester,DEF,0,0,0,0,0,0,0,0,0.0,0.0,0.0,0.0,,,40,0.0,
2021-22,646,Lewis,Brunt,Brunt,Leicester,MID,1,23,0,0,0,1,0,2,2.0,1.5,2.0,0.6,,,45,0.0,
2021-22,647,Kasey,McAteer,McAteer,Leicester,MID,1,2,0,0,0,0,0,3,0.0,0.0,0.0,0.0,,,45,0.0,
2021-22,182,Pablo,Hernández Domínguez,Hernández,Leeds,MID,0,0,0,0,0,0,0,0,0.0,0.0,0.0,0.0,,,55,0.0,
2021-22,183,Francisco,Casilla Cortés,Casilla,Leeds,GKP,0,0,0,0,0,0,0,0,0.0,0.0,0.0,0.0,,,45,0.0,
2021-22,184,Liam,Cooper,Cooper,Leeds,DEF,60,1814,0,2,5,26,5,352,406.4,53.3,65.0,52.7,,,44,0.3,
2021-22,185,Luke,Ayling,Ayling,Leeds,DEF,55,2272,2,3,2,66,8,405,603.2,186.5,238.0,102.5,,,43,2.8,
2021-22,186,Mateusz,Klich,Klich,Leeds,MID,61,2071,1,2,1,52,4,277,337.2,432.9,476.0,124.3,,,51,0.3,
2021-22,187,Rodrigo,Moreno,Rodrigo,Leeds,FWD,85,2263,6,2,5,37,11,351,422.8,533.1,581.0,153.6,,,63,2.1,
2021-22,188,Stuart,Dallas,Dallas,Leeds,MID,80,2920,1,1,5,66,6,473,615.8,509.6,288.0,141.8,,,49,2.7,
2021-22,189,Patrick,Bamford,Bamford,Leeds,FWD,28,557,2,2,0,14,2,90,125.8,69.0,289.0,47.9,,,77,2.8,
2021-22,190,Diego,Llorente,Llorente,Leeds,DEF,77,2341,3,0,5,44,6,432,515.4,39.8,142.0,70.0,,,45,0.4,
2021-22,191,Kalvin,Phillips,Phillips,Leeds,MID,39,1594,0,1,3,25,1,209,249.0,137.0,99.0,48.8,,,47,0.9,
2021-22,192,Hélder Wander,Sousa de Azevedo e Costa,Costa,Leeds,MID,1,21,0,0,0,0,0,1,0.0,0.4,1.0,0.0,,,54,0.0,
2021-22,193,Tyler,Roberts,Roberts,Leeds,MID,34,976,1,1,1,26,1,105,160.4,189.8,296.0,64.9,,,48,0.1,
2021-22,194,Robin,Koch,Koch,Leeds,DEF,23,1572,0,0,1,40,0,186,196.2,67.4,113.0,37.9,,,43,0.1,
2021-22,195,Ian Carlo,Poveda-Ocampo,Poveda,Leeds,MID,0,0,0,0,0,0,0,0,0.0,0.0,0.0,0.0,,,45,0.0,
2021-22,196,Raphael,Dias Belloli,Raphinha,Leeds,MID,145,2916,11,4,5,68,14,457,728.2,898.8,872.0,250.1,,,63,11.6,
2021-22,197,Jamie,Shackleton,Shackleton,Leeds,MID,19,704,0,1,1,14,0,94,126.6,29.0,62.0,21.9,,,44,0.1,
2021-22,198,Pascal,Struijk,Struijk,Leeds,DEF,35,2050,1,1,1,53,0,339,479.2,124.6,191.0,79.6,,,43,0.2,
2021-22,199,Illan,Meslier,Meslier,Leeds,GKP,106,3384,0,0,5,79,8,713,1059.6,0.0,0.0,105.8,,,48,2.0,
2021-22,267,Jack,Harrison,Harrison,Leeds,MID,117,2638,8,1,3,68,12,408,569.0,582.1,647.0,179.0,,,55,1.5,
2021-22,287,Daniel,James,James,Leeds,MID,91,2489,4,5,5,51,2,221,336.4,348.1,810.0,148.1,,,60,0.5,
2021-22,463,Héctor Junior,Firpo Adames,Firpo,Leeds,DEF,22,1709,0,2,1,49,4,219,310.0,287.0,139.0,73.5,,,47,0.3,
2021-22,490,Kristoffer,Klaesson,Klaesson,Leeds,GKP,2,35,0,0,0,0,0,12,25.4,0.0,0.0,2.5,,,43,0.1,
2021-22,550,Sam,Greenwood,Greenwood,Leeds,FWD,15,231,0,2,0,5,0,54,51.6,45.0,34.0,13.0,,,46,3.1,
2021-22,551,Crysencio,Summerville,Summerville,Leeds,MID,6,126,0,0,0,1,0,20,18.6,32.0,36.0,8.6,,,45,0.0,
2021-22,552,Adam,Forshaw,Forshaw,Leeds,MID,38,1526,0,1,2,41,0,204,217.2,195.3,119.0,53.3,,,45,0.1,
2021-22,562,Cody,Drameh,Drameh,Leeds,DEF,0,126,0,0,0,6,0,14,20.0,16.5,4.0,4.0,,,39,0.1,
2021-22,563,Charlie,Cresswell,Cresswell,Leeds,DEF,4,140,0,0,0,4,0,19,29.2,0.6,4.0,3.3,,,40,0.3,
2021-22,576,Liam,McCarron,McCarron,Leeds,MID,1,9,0,0,0,1,0,3,0.0,0.0,0.0,0.0,,,44,0.0,
2021-22,577,Joe,Gelhardt,Gelhardt,Leeds,FWD,43,733,2,4,1,25,3,129,148.0,115.2,410.0,67.0,,,47,4.1,
2021-22,600,Nohan,Kenneh,Kenneh,Leeds,MID,-1,0,0,0,0,0,0,-3,0.0,0.0,0.0,0.0,,,44,0.0,
2021-22,601,Stuart,McKinstry,McKinstry,Leeds,MID,1,3,0,0,0,0,0,3,0.0,0.1,0.0,0.0,,,43,0.3,
2021-22,608,Leo Fuhr,Hjelde,Hjelde,Leeds,DEF,2,148,0,0,0,5,0,29,45.6,12.8,2.0,6.1,,,40,0.0,
2021-22,624,Lewis,Bate,Bate,Leeds,MID,3,145,0,0,0,4,0,4,5.4,2.8,1.0,0.8,,,45,0.0,
2021-22,631,Jack,Jenkins,Jenkins,Leeds,MID,0,0,0,0,0,0,0,0,0.0,0.0,0.0,0.0,,,45,0.0,
2021-22,657,Kris,Moore,Moore,Leeds,DEF,0,0,0,0,0,0,0,0,0.0,0.0,0.0,0.0,,,40,0.0,
2021-22,658,Archie,Gray,Gray,Leeds,MID,0,0,0,0,0,0,0,0,0.0,0.0,0.0,0.0,,,45,0.0,
2021-22,221,James,Milner,Milner,Liverpool,MID,38,844,0,1,4,6,1,196,229.2,327.8,74.0,63.2,,,49,0.1,
2021-22,222,Jordan,Henderson,Henderson,Liverpool,MID,110,2592,2,5,15,22,9,507,478.6,644.7,247.0,136.8,,,49,1.8,
2021-22,223,Adrián,San Miguel del Castillo,Adrián,Liverpool,GKP,0,0,0,0,0,0,0,0,0.0,0.0,0.0,0.0,,,43,0.2,
2021-22,224,Joel,Matip,Matip,Liverpool,DEF,170,2790,3,3,17,21,20,763,678.6,170.6,478.0,132.8,,,53,10.1,
2021-22,225,Thiago,Alcántara do Nascimento,Thiago,Liverpool,MID,69,1527,1,4,11,7,3,338,394.6,410.1,274.0,108.2,,,53,0.6,
2021-22,226,Xherdan,Shaqiri,Shaqiri,Liverpool,MID,0,0,0,0,0,0,0,0,0.0,0.0,0.0,0.0,,,59,0.0,
2021-22,227,Alex,Oxlade-Chamberlain,Chamberlain,Liverpool,MID,42,777,2,1,3,7,2,148,162.8,170.0,208.0,54.0,,,58,0.2,
2021-22,228,Roberto,Firmino,Firmino,Liverpool,FWD,62,980,5,4,5,9,5,270,312.6,226.1,471.0,101.0,,,87,2.4,
2021-22,229,Virgil,van Dijk,van Dijk,Liverpool,DEF,183,3060,3,3,21,21,13,803,726.4,150.3,455.0,133.1,,,68,17.8,
2021-22,230,Sadio,Mané,Mané,Liverpool,MID,183,2818,16,5,17,24,10,526,763.2,592.5,1533.0,288.7,,,118,4.8,
2021-22,231,Alisson,Ramses Becker,Alisson,Liverpool,GKP,176,3240,0,1,20,24,15,782,688.0,10.0,0.0,69.8,,,61,9.4,
2021-22,232,Fabio Henrique,Tavares,Fabinho,Liverpool,MID,97,2311,5,1,15,18,7,438,501.8,282.2,310.0,109.4,,,54,0.9,
2021-22,233,Mohamed,Salah,Salah,Liverpool,MID,265,2758,23,14,17,22,29,756,1203.8,874.1,2091.0,417.0,,,131,41.0,
2021-22,234,Andrew,Robertson,Robertson,Liverpool,DEF,186,2537,3,11,17,20,23,770,660.2,882.7,329.0,187.4,,,73,11.6,
2021-22,235,Divock,Origi,Origi,Liverpool,FWD,22,126,3,0,0,0,3,87,104.6,6.6,165.0,27.4,,,48,1.4,
2021-22,236,Takumi,Minamino,Minamino,Liverpool,MID,28,178,3,0,0,1,2,89,117.4,33.8,104.0,25.4,,,51,0.1,
2021-22,237,Trent,Alexander-Arnold,Alexander-Arnold,Liverpool,DEF,208,2853,2,12,18,22,32,864,837.2,1362.8,478.0,268.1,,,84,37.9,
2021-22,238,Joseph,Gomez,Gomez,Liverpool,DEF,22,330,0,1,2,3,2,92,76.6,64.0,13.0,15.4,,,47,0.4,
2021-22,239,Naby,Keita,Keita,Liverpool,MID,65,1169,3,2,8,6,4,262,295.8,229.6,232.0,75.9,,,50,0.2,
2021-22,240,Diogo,Jota,Jota,Liverpool,MID,175,2357,15,7,14,19,8,483,734.8,535.5,1327.0,258.8,,,83,17.3,
2021-22,241,Nathaniel,Phillips,Phillips,Liverpool,DEF,0,0,0,0,0,0,0,0,0.0,0.0,0.0,0.0,,,42,0.1,
2021-22,242,Caoimhin,Kelleher,Kelleher,Liverpool,GKP,8,180,0,0,1,2,0,52,46.2,0.0,0.0,4.6,,,43,0.1,
2021-22,243,Ibrahima,Konaté,Konaté,Liverpool,DEF,33,990,0,0,4,10,0,208,197.4,19.7,20.0,23.7,,,51,1.4,
2021-22,244,Curtis,Jones,Jones,Liverpool,MID,40,849,1,1,4,9,3,177,156.4,179.7,171.0,50.8,,,50,0.1,
2021-22,245,Konstantinos,Tsimikas,Tsimikas,Liverpool,DEF,42,874,0,2,4,6,2,202,214.4,401.1,141.0,75.8,,,37,12.4,
2021-22,246,Neco,Williams,N.Williams,Liverpool,DEF,4,7,0,1,0,0,0,17,18.2,11.1,2.0,3.1,,,38,0.5,
2021-22,247,Rhys,Williams,R.Williams,Liverpool,DEF,0,0,0,0,0,0,0,0,0.0,0.0,0.0,0.0,,,44,0.0,
2021-22,248,Ben,Davies,Davies,Liverpool,DEF,0,0,0,0,0,0,0,0,0.0,0.0,0.0,0.0,,,40,0.1,
2021-22,506,Harvey,Elliott,Elliott,Liverpool,MID,12,344,0,0,2,2,0,52,43.2,133.5,102.0,27.9,,,53,0.1,
2021-22,553,Ben,Woodburn,Woodburn,Liverpool,MID,0,0,0,0,0,0,0,0,0.0,0.0,0.0,0.0,,,45,0.0,
2021-22,620,Tyler,Morton,Morton,Liverpool,MID,1,65,0,0,0,1,0,4,2.8,2.4,0.0,0.6,,,45,0.0,
2021-22,625,Kaide,Gordon,Gordon,Liverpool,MID,1,8,0,0,0,0,0,-3,4.0,0.6,9.0,1.4,,,45,0.0,
2021-22,626,Conor,Bradley,Bradley,Liverpool,DEF,0,0,0,0,0,0,0,0,0.0,0.0,0.0,0.0,,,40,0.0,
2021-22,627,Owen,Beck,Beck,Liverpool,DEF,0,0,0,0,0,0,0,0,0.0,0.0,0.0,0.0,,,40,0.0,
2021-22,656,Marcelo,de Araújo Pitaluga Filho,Pitaluga,Liverpool,GKP,0,0,0,0,0,0,0,0,0.0,0.0,0.0,0.0,,,40,0.0,
2021-22,660,Jarell,Quansah,Quansah,Liverpool,DEF,0,0,0,0,0,0,0,0,0.0,0.0,0.0,0.0,,,40,0.0,
2021-22,696,Luis,Díaz,Luis Díaz,Liverpool,MID,64,957,4,3,6,4,6,227,273.8,245.6,530.0,105.1,,,81,8.0,
2021-22,33,Jack,Grealish,Grealish,Man City,MID,86,1910,3,3,15,8,2,359,394.4,730.6,923.0,204.8,,,75,7.1,
2021-22,249,Kyle,Walker,Walker,Man City,DEF,85,1755,0,2,10,14,5,403,274.2,247.8,110.0,63.2,,,54,4.7,
2021-22,250,Ilkay,Gündogan,Gündogan,Man City,MID,124,1851,8,5,14,10,10,488,484.0,612.0,728.0,182.6,,,71,2.6,
2021-22,251,Kevin,De Bruyne,De Bruyne,Man City,MID,196,2196,15,8,13,22,33,732,973.4,1147.6,845.0,296.8,,,121,18.6,
2021-22,252,John,Stones,Stones,Man City,DEF,70,1117,1,0,9,6,4,290,204.6,65.9,110.0,38.0,,,52,2.6,
2021-22,253,Benjamin,Mendy,Mendy,Man City,DEF,3,78,0,0,0,1,1,22,15.2,29.1,2.0,4.6,,,52,0.3,
2021-22,254,Riyad,Mahrez,Mahrez,Man City,MID,135,1485,11,7,7,14,12,477,609.6,603.3,814.0,202.3,,,86,4.0,
2021-22,255,Raheem,Sterling,Sterling,Man City,MID,163,2121,13,7,13,17,15,468,709.8,588.2,1184.0,248.4,,,105,2.6,
2021-22,256,João Pedro Cavaco,Cancelo,Cancelo,Man City,DEF,201,3227,1,11,19,25,27,829,778.6,750.1,797.0,232.8,,,72,41.4,
2021-22,257,Ederson,Santana de Moraes,Ederson,Man City,GKP,155,3330,0,0,20,26,4,701,556.0,0.0,0.0,55.6,,,62,12.1,
2021-22,258,Nathan,Aké,Aké,Man City,DEF,54,919,2,0,5,3,0,234,245.0,58.9,75.0,37.9,,,47,0.5,
2021-22,259,Aymeric,Laporte,Laporte,Man City,DEF,160,2830,4,2,18,24,8,714,641.0,197.4,331.0,116.7,,,60,11.0,
2021-22,260,Zack,Steffen,Steffen,Man City,GKP,7,90,0,0,1,0,1,29,23.0,0.0,0.0,2.3,,,44,0.2,
2021-22,261,Bernardo Mota,Veiga de Carvalho e Silva,Bernardo,Man City,MID,155,2856,8,8,16,23,15,663,729.6,849.7,950.0,253.5,,,70,14.0,
2021-22,262,Rúben Santos,Gato Alves Dias,Dias,Man City,DEF,141,2401,2,5,14,18,12,622,581.2,225.2,268.0,107.6,,,62,15.5,
2021-22,263,Gabriel Fernando,de Jesus,Jesus,Man City,FWD,120,1871,8,8,11,15,16,488,563.6,508.4,1075.0,214.6,,,86,10.2,
2021-22,264,Oleksandr,Zinchenko,Zinchenko,Man City,DEF,59,1044,0,4,5,9,4,284,234.2,256.6,103.0,59.5,,,53,1.5,
2021-22,265,Phil,Foden,Foden,Man City,MID,137,2125,9,6,13,16,11,483,563.2,670.4,920.0,215.7,,,79,7.6,
2021-22,266,Rodrigo,Hernandez,Rodrigo,Man City,MID,127,2884,7,2,17,22,9,618,716.6,525.5,435.0,168.1,,,55,1.9,
2021-22,268,Ferran,Torres,Torres,Man City,MID,26,303,2,1,3,1,2,65,88.6,30.0,204.0,32.3,,,67,1.9,
2021-22,453,Fernando,Luiz Rosa,Fernandinho,Man City,MID,45,956,2,1,3,12,2,209,220.8,172.9,147.0,54.2,,,47,0.3,
2021-22,507,Cole,Palmer,Palmer,Man City,MID,9,121,0,1,1,0,0,29,11.0,30.8,60.0,10.2,,,45,0.1,
2021-22,508,Samuel,Edozie,Edozie,Man City,MID,0,0,0,0,0,0,0,0,0.0,0.0,0.0,0.0,,,47,0.0,
2021-22,566,Tommy,Doyle,Doyle,Man City,MID,0,0,0,0,0,0,0,0,0.0,0.0,0.0,0.0,,,45,0.0,
2021-22,593,Scott,Carson,Carson,Man City,GKP,0,0,0,0,0,0,0,0,0.0,0.0,0.0,0.0,,,39,1.4,
2021-22,603,Luke,Mbete,Mbete,Man City,DEF,0,0,0,0,0,0,0,0,0.0,0.0,0.0,0.0,,,39,0.1,
2021-22,604,Joshua,Wilson-Esbrand,Wilson-Esbrand,Man City,DEF,0,0,0,0,0,0,0,0,0.0,0.0,0.0,0.0,,,39,0.2,
2021-22,605,Romeo,Lavia,Lavia,Man City,MID,0,0,0,0,0,0,0,0,0.0,0.0,0.0,0.0,,,44,0.0,
2021-22,615,Cieran,Slicker,Slicker,Man City,GKP,0,0,0,0,0,0,0,0,0.0,0.0,0.0,0.0,,,40,0.0,
2021-22,629,James,McAtee,McAtee,Man City,MID,2,18,0,0,0,0,0,3,0.0,0.2,0.0,0.0,,,44,0.0,
2021-22,651,Conrad,Egan-Riley,Egan-Riley,Man City,DEF,1,3,0,0,0,0,0,5,2.2,0.0,0.0,0.2,,,40,0.0,
2021-22,663,Kayky da Silva,Chagas,Kayky,Man City,FWD,1,6,0,0,0,0,0,2,0.0,0.3,0.0,0.0,,,50,0.0,
2021-22,704,Liam,Delap,Delap,Man City,FWD,1,8,0,0,0,0,0,2,0.0,0.0,2.0,0.1,,,45,0.2,
2021-22,269,Edinson,Cavani,Cavani,Man Utd,FWD,34,760,2,1,1,10,2,105,109.0,73.7,283.0,46.7,,,84,1.6,
2021-22,270,David,de Gea,de Gea,Man Utd,GKP,132,3420,0,0,8,57,7,667,947.2,0.3,0.0,94.2,,,50,8.5,
2021-22,271,Nemanja,Matic,Matic,Man Utd,MID,52,1375,0,4,2,26,3,271,302.6,216.9,45.0,56.5,,,43,0.5,
2021-22,272,Paul,Pogba,Pogba,Man Utd,MID,65,1347,1,9,2,22,6,254,332.6,355.1,328.0,101.4,,,74,6.3,
2021-22,273,Harry,Maguire,Maguire,Man Utd,DEF,69,2513,1,0,7,43,4,451,560.8,75.9,314.0,95.1,,,54,4.3,
2021-22,274,Frederico,Rodrigues de Paula Santos,Fred,Man Utd,MID,93,2026,4,5,7,31,8,426,583.4,390.2,201.0,117.5,,,49,0.8,
2021-22,275,Luke,Shaw,Shaw,Man Utd,DEF,46,1600,0,3,3,24,3,276,292.0,586.1,54.0,93.3,,,50,10.8,
2021-22,276,Jesse,Lingard,Lingard,Man Utd,MID,29,354,2,0,0,13,1,105,115.8,109.5,102.0,32.7,,,67,0.9,
2021-22,277,Bruno Miguel,Borges Fernandes,Fernandes,Man Utd,MID,151,3110,10,7,8,54,15,626,901.0,1275.5,853.0,303.3,,,116,13.5,
2021-22,278,Anthony,Martial,Martial,Man Utd,FWD,14,207,1,0,0,3,2,40,40.4,17.5,91.0,14.6,,,76,0.5,
2021-22,279,Alex Nicolao,Telles,Telles,Man Utd,DEF,67,1658,0,4,5,26,6,345,382.4,437.3,95.0,91.5,,,49,0.8,
2021-22,280,Dean,Henderson,Henderson,Man Utd,GKP,0,0,0,0,0,0,0,0,0.0,0.0,0.0,0.0,,,47,0.4,
2021-22,281,Marcus,Rashford,Rashford,Man Utd,MID,63,1224,4,2,2,28,0,171,233.8,155.4,406.0,79.4,,,94,0.6,
2021-22,283,Axel,Tuanzebe,Tuanzebe,Man Utd,DEF,14,505,0,0,1,10,0,86,71.2,1.1,43.0,11.5,,,44,0.3,
2021-22,284,Victor,Lindelöf,Lindelöf,Man Utd,DEF,66,2353,0,2,6,47,4,471,433.2,75.4,66.0,57.6,,,48,0.5,
2021-22,285,Scott,McTominay,McTominay,Man Utd,MID,68,2386,1,2,8,37,2,346,463.4,311.8,258.0,103.4,,,54,0.3,
2021-22,286,Eric,Bailly,Bailly,Man Utd,DEF,2,216,0,0,0,4,0,22,36.0,1.0,0.0,3.7,,,49,0.1,
2021-22,288,Aaron,Wan-Bissaka,Wan-Bissaka,Man Utd,DEF,41,1793,0,0,3,35,3,329,371.8,237.0,123.0,73.3,,,51,2.9,
2021-22,289,Mason,Greenwood,Greenwood,Man Utd,MID,71,1269,5,2,3,18,7,232,292.2,266.1,516.0,107.3,,,71,3.9,
2021-22,459,Juan,Mata,Mata,Man Utd,MID,10,230,0,0,1,4,0,50,31.0,52.1,57.0,14.0,,,47,0.1,
2021-22,485,Jadon,Sancho,Sancho,Man Utd,MID,91,1894,3,4,6,28,9,362,363.2,596.7,549.0,150.9,,,89,2.1,
2021-22,509,Tom,Heaton,Heaton,Man Utd,GKP,0,0,0,0,0,0,0,0,0.0,0.0,0.0,0.0,,,39,0.8,
2021-22,510,José Diogo,Dalot Teixeira,Dalot,Man Utd,DEF,54,1797,0,0,5,29,5,382,404.0,282.2,124.0,80.9,,,42,1.4,
2021-22,511,Andreas,Pereira,Pereira,Man Utd,MID,0,0,0,0,0,0,0,0,0.0,0.0,0.0,0.0,,,50,0.0,
2021-22,512,Anthony,Elanga,Elanga,Man Utd,MID,59,1208,2,3,4,17,2,193,199.8,168.2,297.0,66.6,,,48,0.8,
2021-22,555,Raphaël,Varane,Varane,Man Utd,DEF,75,1829,1,1,5,22,9,378,402.4,60.0,119.0,58.5,,,55,2.3,
2021-22,579,Cristiano Ronaldo,dos Santos Aveiro,Ronaldo,Man Utd,FWD,159,2454,18,3,8,41,29,608,800.4,421.9,1535.0,274.6,,,122,18.1,
2021-22,632,Phil,Jones,Jones,Man Utd,DEF,4,161,0,0,0,3,0,41,53.0,1.6,0.0,5.5,,,45,0.0,
2021-22,636,Amad,Diallo,Diallo,Man Utd,MID,0,0,0,0,0,0,0,0,0.0,0.0,0.0,0.0,,,50,0.0,
2021-22,706,Hannibal,Mejbri,Mejbri,Man Utd,MID,1,67,0,0,0,2,0,-2,0.0,0.6,0.0,0.0,,,45,0.0,
2021-22,723,Alejandro,Garnacho Ferreyra,Garnacho,Man Utd,MID,2,12,0,0,0,0,0,5,0.0,0.0,0.0,0.0,,,45,0.0,
2021-22,727,Shola,Shoretire,Shoretire,Man Utd,MID,1,15,0,0,0,0,0,3,0.0,0.0,0.0,0.0,,,45,0.0,
2021-22,728,Álvaro,Fernández,Álvaro Fernández,Man Utd,DEF,0,0,0,0,0,0,0,0,0.0,0.0,0.0,0.0,,,40,0.0,
2021-22,737,Charlie,Savage,Savage,Man Utd,MID,0,0,0,0,0,0,0,0,0.0,0.0,0.0,0.0,,,45,0.0,
2021-22,19,Joseph,Willock,Willock,Newcastle,MID,79,2037,2,3,6,37,3,248,320.4,243.2,449.0,101.3,,,53,0.8,
2021-22,39,Matt,Targett,Targett,Newcastle,DEF,101,2871,1,2,9,47,7,530,567.4,623.8,184.0,137.6,,,47,2.8,
2021-22,58,Dan,Burn,Burn,Newcastle,DEF,92,2461,1,1,9,30,6,454,569.8,83.7,264.0,91.6,,,44,1.1,
2021-22,109,Chris,Wood,Wood,Newcastle,FWD,91,2694,5,0,6,41,8,228,270.6,265.3,784.0,130.1,,,63,1.8,
2021-22,291,Jonjo,Shelvey,Shelvey,Newcastle,MID,63,1981,2,1,6,30,6,292,320.8,246.7,156.0,72.6,,,53,0.1,
2021-22,292,Matt,Ritchie,Ritchie,Newcastle,DEF,20,1333,0,2,0,37,0,207,225.0,420.1,92.0,73.9,,,49,0.2,
2021-22,293,Ciaran,Clark,Clark,Newcastle,DEF,14,1012,0,1,0,27,1,131,189.2,49.9,95.0,33.1,,,44,0.1,
2021-22,294,Karl,Darlow,Darlow,Newcastle,GKP,20,720,0,0,0,15,3,110,157.0,0.0,0.0,15.8,,,45,0.3,
2021-22,295,Martin,Dubravka,Dubravka,Newcastle,GKP,96,2340,0,0,8,35,9,465,566.4,10.0,0.0,57.7,,,44,2.8,
2021-22,296,Callum,Wilson,Wilson,Newcastle,FWD,75,1386,8,0,3,32,14,220,248.8,116.0,434.0,78.2,,,71,1.5,
2021-22,297,Jeff,Hendrick,Hendrick,Newcastle,MID,8,69,1,0,0,3,0,25,38.8,12.1,9.0,6.0,,,48,0.0,
2021-22,298,Ryan,Fraser,Fraser,Newcastle,MID,78,1459,2,5,5,23,8,263,250.2,428.1,324.0,99.2,,,51,0.3,
2021-22,299,Jamaal,Lascelles,Lascelles,Newcastle,DEF,47,2055,1,1,3,44,2,284,399.8,46.4,276.0,71.9,,,44,0.2,
2021-22,300,Dwight,Gayle,Gayle,Newcastle,FWD,7,34,0,0,0,0,0,22,4.2,24.2,13.0,4.1,,,52,0.2,
2021-22,301,Paul,Dummett,Dummett,Newcastle,DEF,7,197,0,0,1,1,0,28,24.2,1.9,0.0,2.6,,,45,0.0,
2021-22,302,Javier,Manquillo,Manquillo,Newcastle,DEF,38,1258,1,3,1,27,0,206,244.2,65.4,64.0,37.7,,,39,4.6,
2021-22,303,Emil,Krafth,Krafth,Newcastle,DEF,58,1636,0,1,6,20,3,262,270.4,102.7,54.0,42.9,,,43,0.2,
2021-22,304,Jacob,Murphy,Murphy,Newcastle,MID,62,1457,1,4,2,35,0,215,261.6,280.2,275.0,81.4,,,46,0.4,
2021-22,305,Fabian,Schär,Schär,Newcastle,DEF,88,2158,2,2,6,32,10,383,465.2,115.9,234.0,81.7,,,41,2.5,
2021-22,306,Isaac,Hayden,Hayden,Newcastle,MID,28,1000,1,0,0,25,3,124,187.6,33.6,66.0,28.3,,,45,0.1,
2021-22,307,Allan,Saint-Maximin,Saint-Maximin,Newcastle,FWD,116,2804,5,7,9,54,15,394,554.8,649.7,841.0,204.9,,,67,10.9,
2021-22,308,Miguel,Almirón,Almirón,Newcastle,MID,59,1706,1,0,6,32,0,228,224.6,234.7,343.0,80.5,,,50,0.2,
2021-22,309,Sean,Longstaff,S.Longstaff,Newcastle,MID,48,1458,1,1,2,29,1,206,230.4,114.8,93.0,44.0,,,43,0.5,
2021-22,310,Joelinton Cássio,Apolinário de Lira,Joelinton,Newcastle,FWD,83,2554,4,2,7,46,7,323,529.6,386.4,583.0,149.5,,,59,1.7,
2021-22,311,Jamal,Lewis,Lewis,Newcastle,DEF,10,261,0,0,1,4,0,39,39.4,13.8,2.0,5.6,,,42,0.1,
2021-22,312,Matthew,Longstaff,M.Longstaff,Newcastle,MID,0,0,0,0,0,0,0,0,0.0,0.0,0.0,0.0,,,45,0.0,
2021-22,465,Federico,Fernández,Fernández,Newcastle,DEF,11,521,0,1,0,12,0,91,129.4,13.8,69.0,21.2,,,43,0.1,
2021-22,513,Freddie,Woodman,Woodman,Newcastle,GKP,9,360,0,0,0,12,0,64,89.4,0.0,0.0,9.0,,,43,0.3,
2021-22,514,Mark,Gillespie,Gillespie,Newcastle,GKP,0,0,0,0,0,0,0,0,0.0,0.0,0.0,0.0,,,39,0.3,
2021-22,599,Joe,White,White,Newcastle,MID,0,0,0,0,0,0,0,0,0.0,0.0,0.0,0.0,,,44,0.1,
2021-22,609,Elliot,Anderson,Anderson,Newcastle,MID,0,0,0,0,0,0,0,0,0.0,0.0,0.0,0.0,,,45,0.0,
2021-22,678,Kieran,Trippier,Trippier,Newcastle,DEF,28,429,2,0,1,5,3,101,146.2,121.7,14.0,28.3,,,49,0.3,
2021-22,697,Bruno,Guimarães Rodriguez Moura,Bruno Guimarães,Newcastle,MID,67,1031,5,1,4,13,11,245,385.4,188.8,301.0,87.7,,,50,2.8,
2021-22,707,Lucas,De Bolle,De Bolle,Newcastle,MID,0,0,0,0,0,0,0,0,0.0,0.0,0.0,0.0,,,44,0.0,
2021-22,145,Billy,Gilmour,Gilmour,Norwich,MID,49,1852,0,1,2,52,1,283,280.2,458.7,134.0,87.2,,,43,3.0,
2021-22,290,Brandon,Williams,Williams,Norwich,DEF,36,2119,0,1,2,52,4,346,371.0,289.3,80.0,74.5,,,39,4.6,
2021-22,313,Michael,McGovern,McGovern,Norwich,GKP,0,0,0,0,0,0,0,0,0.0,0.0,0.0,0.0,,,39,1.1,
2021-22,314,Tim,Krul,Krul,Norwich,GKP,90,2610,0,0,5,62,11,527,749.8,13.4,0.0,76.4,,,45,1.4,
2021-22,315,Teemu,Pukki,Pukki,Norwich,FWD,142,3253,11,3,6,79,19,441,527.4,355.7,1049.0,193.2,,,61,9.6,
2021-22,316,Marco,Stiepermann,Stiepermann,Norwich,MID,0,0,0,0,0,0,0,0,0.0,0.0,0.0,0.0,,,50,0.0,
2021-22,317,Lukas,Rupp,Rupp,Norwich,MID,23,759,0,0,0,16,0,112,89.4,129.6,115.0,33.3,,,44,0.2,
2021-22,318,Kenny,McLean,McLean,Norwich,MID,69,2707,1,0,6,62,0,308,346.6,184.9,355.0,88.8,,,49,0.1,
2021-22,319,Grant,Hanley,Hanley,Norwich,DEF,71,2897,1,0,6,70,4,508,746.6,73.4,220.0,104.1,,,44,0.2,
2021-22,320,Onel,Hernández,Hernández,Norwich,MID,0,0,0,0,0,0,0,0,0.0,0.0,0.0,0.0,,,49,0.0,
2021-22,321,Sam,Byram,Byram,Norwich,DEF,20,1023,0,0,2,27,0,163,213.0,57.9,121.0,39.3,,,44,0.0,
2021-22,322,Jordan,Hugill,Hugill,Norwich,FWD,0,0,0,0,0,0,0,0,0.0,0.0,0.0,0.0,,,54,0.0,
2021-22,323,Kieran,Dowell,Dowell,Norwich,MID,41,905,1,1,2,24,1,122,133.8,243.3,80.0,45.4,,,51,0.1,
2021-22,324,Christoph,Zimmermann,Zimmermann,Norwich,DEF,0,156,0,0,0,8,0,16,19.8,0.5,7.0,2.8,,,44,0.0,
2021-22,325,Todd,Cantwell,Cantwell,Norwich,MID,10,438,0,0,0,15,0,48,34.4,48.5,20.0,10.3,,,53,0.2,
2021-22,326,Max,Aarons,Aarons,Norwich,DEF,55,2879,0,2,4,69,2,413,497.0,315.2,166.0,97.4,,,43,0.9,
2021-22,327,Jacob,Sørensen,Sørensen,Norwich,DEF,9,600,0,0,0,18,0,92,104.6,12.2,86.0,20.4,,,43,0.0,
2021-22,328,Przemyslaw,Placheta,Placheta,Norwich,MID,18,499,0,0,1,12,0,60,61.0,77.2,139.0,27.9,,,47,0.0,
2021-22,329,Adam,Idah,Idah,Norwich,FWD,36,617,1,2,1,11,3,107,120.2,84.0,187.0,38.5,,,48,0.5,
2021-22,330,Josh,Martin,Martin,Norwich,MID,0,0,0,0,0,0,0,0,0.0,0.0,0.0,0.0,,,50,0.0,
2021-22,331,Andrew,Omobamidele,Omobamidele,Norwich,DEF,14,381,1,0,0,9,3,74,126.4,5.7,35.0,16.8,,,39,2.0,
2021-22,448,Angus,Gunn,Gunn,Norwich,GKP,31,810,0,0,1,22,3,177,305.4,0.0,0.0,30.6,,,40,1.8,
2021-22,449,Milot,Rashica,Rashica,Norwich,MID,70,2228,1,2,4,56,0,191,286.8,488.5,437.0,121.4,,,52,0.1,
2021-22,456,Ben,Gibson,Gibson,Norwich,DEF,53,2494,0,0,6,57,0,412,549.8,46.7,139.0,73.8,,,44,0.1,
2021-22,457,Dimitris,Giannoulis,Giannoulis,Norwich,DEF,39,1165,0,1,4,27,2,241,255.2,131.1,51.0,43.8,,,44,0.1,
2021-22,471,Pierre,Lees-Melou,Lees-Melou,Norwich,MID,70,2261,1,2,5,55,1,341,357.0,377.2,239.0,97.1,,,48,0.1,
2021-22,515,Bali,Mumba,Mumba,Norwich,DEF,0,45,0,0,0,3,0,6,9.6,3.3,0.0,1.3,,,39,0.2,
2021-22,516,Joshua,Sargent,Sargent,Norwich,FWD,60,1566,2,2,4,33,3,205,189.0,166.7,323.0,68.0,,,54,0.2,
2021-22,528,Christos,Tzolis,Tzolis,Norwich,MID,16,326,0,0,0,9,0,58,38.6,97.0,107.0,24.1,,,48,0.0,
2021-22,580,Ozan,Kabak,Kabak,Norwich,DEF,18,923,0,0,2,25,0,137,166.2,23.9,65.0,25.6,,,43,0.0,
2021-22,581,Mathias,Normann,Normann,Norwich,MID,52,1643,1,2,4,40,3,206,273.0,208.2,111.0,58.9,,,45,0.1,
2021-22,643,Jonathan,Tomkinson,Tomkinson,Norwich,DEF,0,0,0,0,0,0,0,0,0.0,0.0,0.0,0.0,,,40,0.0,
2021-22,648,Jonathan,Rowe,Rowe,Norwich,MID,16,208,0,1,0,5,0,39,42.0,62.1,48.0,15.2,,,44,0.0,
2021-22,649,Thomas,Dickson-Peters,Dickson-Peters,Norwich,FWD,0,0,0,0,0,0,0,0,0.0,0.0,0.0,0.0,,,45,0.0,
2021-22,666,Jon,McCracken,McCracken,Norwich,GKP,0,0,0,0,0,0,0,0,0.0,0.0,0.0,0.0,,,40,0.1,
2021-22,683,Liam,Gibbs,Gibbs,Norwich,MID,0,0,0,0,0,0,0,0,0.0,0.0,0.0,0.0,,,45,0.1,
2021-22,715,Abu,Kamara,Kamara,Norwich,FWD,0,0,0,0,0,0,0,0,0.0,0.0,0.0,0.0,,,45,0.3,
2021-22,716,Tony,Springett,Springett,Norwich,MID,3,140,0,0,0,6,0,11,14.4,21.7,27.0,6.3,,,45,0.0,
2021-22,332,Theo,Walcott,Walcott,Southampton,MID,12,376,0,0,0,8,0,28,13.6,19.2,70.0,9.7,,,58,0.1,
2021-22,333,Fraser,Forster,Forster,Southampton,GKP,57,1710,0,0,3,35,6,330,559.8,0.0,0.0,56.2,,,44,1.2,
2021-22,334,Alex,McCarthy,McCarthy,Southampton,GKP,55,1530,0,0,5,27,3,286,320.2,10.0,0.0,33.1,,,43,1.2,
2021-22,335,Oriol,Romeu Vidal,Romeu,Southampton,MID,88,2890,2,2,7,52,6,487,527.4,521.5,247.0,129.8,,,45,0.5,
2021-22,336,Nathan,Redmond,Redmond,Southampton,MID,79,1827,1,6,4,33,6,313,330.4,506.7,289.0,112.6,,,59,0.1,
2021-22,338,Jack,Stephens,Stephens,Southampton,DEF,12,810,0,0,1,19,0,135,176.0,47.7,6.0,23.1,,,44,0.1,
2021-22,339,Stuart,Armstrong,S.Armstrong,Southampton,MID,57,1465,2,1,3,30,3,239,249.4,363.7,369.0,98.2,,,58,0.2,
2021-22,341,James,Ward-Prowse,Ward-Prowse,Southampton,MID,159,3215,10,5,7,65,21,769,933.6,1159.6,394.0,248.9,,,64,5.3,
2021-22,342,Kyle,Walker-Peters,Walker-Peters,Southampton,DEF,82,2630,1,3,6,49,7,481,465.2,364.1,423.0,124.9,,,48,1.1,
2021-22,343,Jan,Bednarek,Bednarek,Southampton,DEF,94,2629,4,0,7,52,15,499,699.6,88.1,321.0,111.2,,,44,1.4,
2021-22,344,Daniel,N'Lundulu,Nlundulu,Southampton,FWD,0,0,0,0,0,0,0,0,0.0,0.0,0.0,0.0,,,45,0.0,
2021-22,345,Che,Adams,Adams,Southampton,FWD,103,2034,7,4,5,40,11,333,425.8,337.0,800.0,156.4,,,65,2.6,
2021-22,346,Nathan,Tella,Tella,Southampton,MID,29,802,0,2,1,18,0,81,79.4,102.2,138.0,31.7,,,47,0.0,
2021-22,347,William,Smallbone,Smallbone,Southampton,MID,5,132,0,0,0,5,0,25,7.2,15.7,8.0,3.1,,,45,0.0,
2021-22,348,Michael,Obafemi,Obafemi,Southampton,FWD,0,0,0,0,0,0,0,0,0.0,0.0,0.0,0.0,,,45,2.1,
2021-22,349,Ibrahima,Diallo,Diallo,Southampton,MID,44,1016,0,3,1,21,3,187,177.6,209.6,79.0,46.6,,,45,0.1,
2021-22,350,Moussa,Djenepo,Djenepo,Southampton,MID,13,452,0,0,1,10,0,21,45.2,87.0,126.0,25.8,,,52,0.0,
2021-22,351,Mohammed,Salisu,Salisu,Southampton,DEF,58,2971,0,0,6,58,4,478,720.0,132.3,330.0,117.9,,,45,0.2,
2021-22,460,Romain,Perraud,Perraud,Southampton,DEF,38,1621,0,1,3,33,1,189,195.2,152.7,178.0,52.4,,,48,0.1,
2021-22,491,Tino,Livramento,Livramento,Southampton,DEF,80,2200,1,2,7,42,7,440,437.2,327.4,221.0,98.8,,,42,6.6,
2021-22,517,Mohamed,Elyounoussi,Elyounoussi,Southampton,MID,90,2039,4,3,8,35,6,243,379.8,331.1,719.0,142.8,,,54,0.2,
2021-22,518,Armando,Broja,Broja,Southampton,FWD,92,1969,6,2,5,37,11,234,280.2,159.2,720.0,115.6,,,53,7.9,
2021-22,519,Shane,Long,Long,Southampton,FWD,19,300,1,0,0,5,0,48,57.8,29.2,169.0,25.5,,,54,0.2,
2021-22,525,Adam,Armstrong,A.Armstrong,Southampton,FWD,57,1409,2,3,4,31,3,150,179.2,173.9,567.0,91.3,,,57,1.4,
2021-22,546,Yan,Valery,Valery,Southampton,DEF,9,369,0,0,1,7,0,62,70.8,20.4,2.0,9.3,,,39,0.8,
2021-22,567,Lyanco Evangelista,Silveira Neves Vojnovic,Lyanco,Southampton,DEF,19,906,0,0,1,20,1,155,194.2,35.3,58.0,28.7,,,44,0.0,
2021-22,637,Harry,Lewis,Lewis,Southampton,GKP,0,0,0,0,0,0,0,0,0.0,0.0,0.0,0.0,,,39,0.9,
2021-22,641,Willy,Caballero,Caballero,Southampton,GKP,2,180,0,0,0,5,0,23,53.2,0.0,0.0,5.4,,,42,0.0,
2021-22,665,Dynel,Simeu,Simeu,Southampton,DEF,0,0,0,0,0,0,0,0,0.0,0.0,0.0,0.0,,,40,0.0,
2021-22,667,Thierry,Small,Small,Southampton,DEF,0,0,0,0,0,0,0,0,0.0,0.0,0.0,0.0,,,40,0.0,
2021-22,680,Kgaogelo,Chauke,Chauke,Southampton,MID,0,0,0,0,0,0,0,0,0.0,0.0,0.0,0.0,,,45,0.0,
2021-22,731,Tyler,Dibling,Dibling,Southampton,MID,0,0,0,0,0,0,0,0,0.0,0.0,0.0,0.0,,,45,0.0,
2021-22,352,Joe,Hart,Hart,Spurs,GKP,0,0,0,0,0,0,0,0,0.0,0.0,0.0,0.0,,,45,0.0,
2021-22,353,Hugo,Lloris,Lloris,Spurs,GKP,158,3420,0,0,16,40,11,703,743.6,23.0,0.0,76.6,,,55,8.5,
2021-22,355,Toby,Alderweireld,Alderweireld,Spurs,DEF,0,0,0,0,0,0,0,0,0.0,0.0,0.0,0.0,,,50,0.0,
2021-22,356,Erik,Lamela,Lamela,Spurs,MID,0,0,0,0,0,0,0,0,0.0,0.0,0.0,0.0,,,60,0.0,
2021-22,357,Harry,Kane,Kane,Spurs,FWD,192,3231,17,11,14,40,23,684,969.4,637.9,1701.0,330.4,,,125,23.4,
2021-22,358,Serge,Aurier,Aurier,Spurs,DEF,0,0,0,0,0,0,0,0,0.0,0.0,0.0,0.0,,,49,0.2,
2021-22,359,Heung-Min,Son,Son,Spurs,MID,258,3009,23,10,18,30,27,819,1128.6,1037.8,1211.0,338.2,,,112,35.6,
2021-22,360,Matt,Doherty,Doherty,Spurs,DEF,67,871,2,5,3,11,8,255,279.6,224.4,291.0,79.6,,,45,0.8,
2021-22,361,Eric,Dier,Dier,Spurs,DEF,132,3071,0,1,16,30,7,680,710.6,116.3,195.0,102.2,,,47,6.5,
2021-22,362,Lucas,Rodrigues Moura da Silva,Lucas Moura,Spurs,MID,87,1763,2,6,8,21,4,324,370.6,466.2,431.0,126.7,,,59,1.3,
2021-22,364,Ben,Davies,Davies,Spurs,DEF,105,2537,1,2,12,30,3,490,482.2,199.6,243.0,92.8,,,45,3.1,
2021-22,365,Pierre-Emile,Højbjerg,Højbjerg,Spurs,MID,109,3196,2,3,16,34,6,616,690.0,413.6,315.0,141.9,,,48,2.6,
2021-22,366,Harry,Winks,Winks,Spurs,MID,33,904,0,2,1,15,1,175,167.8,198.4,20.0,38.7,,,44,1.0,
2021-22,367,Davinson,Sánchez,Sánchez,Spurs,DEF,93,1626,2,1,10,16,8,417,408.2,93.1,186.0,68.8,,,42,2.0,
2021-22,368,Ryan,Sessegnon,Sessegnon,Spurs,DEF,56,1046,0,3,6,11,3,231,159.2,178.1,129.0,46.6,,,44,2.1,
2021-22,369,Steven,Bergwijn,Bergwijn,Spurs,MID,55,548,3,2,3,6,3,138,163.6,101.2,273.0,53.7,,,59,0.4,
2021-22,370,Sergio,Reguilón,Reguilón,Spurs,DEF,104,1914,2,4,9,25,9,438,468.8,459.9,362.0,129.3,,,50,7.2,
2021-22,371,Japhet,Tanganga,Tanganga,Spurs,DEF,29,735,0,0,5,11,0,133,118.0,48.1,108.0,27.5,,,42,0.8,
2021-22,372,Giovani,Lo Celso,Lo Celso,Spurs,MID,11,231,0,0,0,5,0,41,33.4,77.6,59.0,16.8,,,59,0.1,
2021-22,373,Oliver,Skipp,Skipp,Spurs,MID,34,1346,0,0,8,13,0,180,183.8,151.5,39.0,37.4,,,44,0.6,
2021-22,374,Joe,Rodon,Rodon,Spurs,DEF,3,87,0,0,0,3,0,17,19.6,0.7,0.0,2.0,,,42,0.1,
2021-22,375,Tanguy,Ndombele,Ndombele,Spurs,MID,22,481,1,1,0,11,0,85,99.8,83.1,122.0,30.4,,,57,0.2,
2021-22,486,Pierluigi,Gollini,Gollini,Spurs,GKP,0,0,0,0,0,0,0,0,0.0,0.0,0.0,0.0,,,42,0.2,
2021-22,487,Bryan,Gil Salvatierra,Bryan,Spurs,MID,9,86,0,0,0,1,0,32,22.8,37.3,25.0,8.5,,,57,0.1,
2021-22,494,Cristian,Romero,Romero,Spurs,DEF,63,1844,1,0,5,25,10,385,498.8,98.9,102.0,69.9,,,48,0.7,
2021-22,520,Dane,Scarlett,Scarlett,Spurs,FWD,1,3,0,0,0,0,0,4,1.0,0.0,0.0,0.1,,,45,2.3,
2021-22,588,Emerson Aparecido,Leite de Souza Junior,Emerson Royal,Spurs,DEF,102,2282,1,1,10,26,8,489,454.6,446.1,298.0,120.0,,,46,2.5,
2021-22,597,Dilan,Markanday,Markanday,Spurs,MID,0,0,0,0,0,0,0,0,0.0,0.0,0.0,0.0,,,45,0.0,
2021-22,598,Tobi,Omole,Omole,Spurs,DEF,0,0,0,0,0,0,0,0,0.0,0.0,0.0,0.0,,,39,0.1,
2021-22,659,Brandon,Austin,Austin,Spurs,GKP,0,0,0,0,0,0,0,0,0.0,0.0,0.0,0.0,,,40,0.0,
2021-22,668,Harvey,White,White,Spurs,MID,0,0,0,0,0,0,0,0,0.0,0.0,0.0,0.0,,,44,0.0,
2021-22,701,Dejan,Kulusevski,Kulusevski,Spurs,MID,99,1259,5,9,9,11,8,343,346.6,343.6,382.0,106.9,,,63,10.9,
2021-22,702,Rodrigo,Bentancur,Bentancur,Spurs,MID,52,1360,0,4,9,12,4,266,274.2,205.0,118.0,59.7,,,49,0.1,
2021-22,714,Alfie,Devine,Devine,Spurs,MID,0,0,0,0,0,0,0,0,0.0,0.0,0.0,0.0,,,45,0.0,
2021-22,717,Jamie,Bowden,Bowden,Spurs,MID,0,0,0,0,0,0,0,0,0.0,0.0,0.0,0.0,,,45,0.0,
2021-22,724,Marcel,Lavinier,Lavinier,Spurs,DEF,0,0,0,0,0,0,0,0,0.0,0.0,0.0,0.0,,,40,0.0,
2021-22,729,Matthew,Craig,Craig,Spurs,MID,0,0,0,0,0,0,0,0,0.0,0.0,0.0,0.0,,,45,0.0,
2021-22,354,Moussa,Sissoko,Sissoko,Watford,MID,85,3220,2,1,4,73,1,408,558.4,513.2,308.0,138.1,,,43,2.3,
2021-22,376,Ben,Foster,Foster,Watford,GKP,81,2340,0,1,4,49,9,433,559.2,10.0,0.0,57.0,,,42,19.7,
2021-22,377,Danny,Rose,Rose,Watford,DEF,7,688,0,0,0,16,0,75,104.8,80.5,39.0,22.4,,,42,0.2,
2021-22,378,Dan,Gosling,Gosling,Watford,MID,11,164,1,0,1,5,0,44,13.4,17.3,7.0,3.7,,,47,0.0,
2021-22,379,Craig,Cathcart,Cathcart,Watford,DEF,50,2394,0,1,3,55,1,393,504.6,46.4,42.0,59.3,,,42,0.2,
2021-22,380,Troy,Deeney,Deeney,Watford,FWD,2,23,0,0,0,1,0,5,2.2,10.6,14.0,2.7,,,54,0.3,
2021-22,381,Tom,Cleverley,Cleverley,Watford,MID,48,1611,0,2,2,38,0,209,211.8,301.6,133.0,64.6,,,48,0.1,
2021-22,382,Francisco,Femenía Far,Femenía,Watford,DEF,53,2143,0,5,2,49,1,385,404.0,393.9,36.0,83.7,,,43,0.1,
2021-22,383,Andre,Gray,Gray,Watford,FWD,0,0,0,0,0,0,0,0,0.0,0.0,0.0,0.0,,,54,0.1,
2021-22,384,Christian,Kabasele,Kabasele,Watford,DEF,21,1190,0,0,1,30,0,163,217.0,27.1,42.0,28.7,,,43,0.1,
2021-22,385,Nathaniel,Chalobah,Chalobah,Watford,MID,0,0,0,0,0,0,0,0,0.0,0.0,0.0,0.0,,,50,0.0,
2021-22,387,William,Troost-Ekong,Troost-Ekong,Watford,DEF,18,1388,0,0,0,30,0,171,252.6,14.1,17.0,28.4,,,43,0.1,
2021-22,388,Stipe,Perica,Perica,Watford,FWD,0,0,0,0,0,0,0,0,0.0,0.0,0.0,0.0,,,45,0.6,
2021-22,389,Daniel,Bachmann,Bachmann,Watford,GKP,25,1080,0,0,0,28,0,196,300.6,0.0,0.0,30.2,,,40,1.3,
2021-22,390,Adam,Masina,Masina,Watford,DEF,25,1075,0,1,1,26,2,179,198.6,106.6,31.0,33.7,,,43,0.1,
2021-22,391,Ken,Sema,Sema,Watford,MID,26,844,0,0,2,16,0,81,84.8,159.9,51.0,29.5,,,52,0.0,
2021-22,392,Philip,Zinckernagel,Zinckernagel,Watford,MID,0,0,0,0,0,0,0,0,0.0,0.0,0.0,0.0,,,55,0.0,
2021-22,393,Isaac,Success Ajayi,Success,Watford,FWD,0,0,0,0,0,0,0,0,0.0,0.0,0.0,0.0,,,50,0.1,
2021-22,394,Ayotomiwa,Dele-Bashiru,Dele-Bashiru,Watford,MID,0,0,0,0,0,0,0,0,0.0,0.0,0.0,0.0,,,45,0.0,
2021-22,395,Ashley,Fletcher,Fletcher,Watford,FWD,3,28,0,0,0,0,0,5,9.0,0.5,20.0,3.0,,,48,0.2,
2021-22,396,Francisco,Sierralta,Sierralta,Watford,DEF,5,427,0,0,0,9,0,57,95.0,0.5,19.0,11.5,,,43,0.0,
2021-22,397,Domingos,Quina,Quina,Watford,MID,0,0,0,0,0,0,0,0,0.0,0.0,0.0,0.0,,,45,0.0,
2021-22,398,Marc,Navarro,Navarro,Watford,DEF,0,0,0,0,0,0,0,0,0.0,0.0,0.0,0.0,,,40,0.2,
2021-22,399,Ismaila,Sarr,Sarr,Watford,MID,81,1862,5,2,2,40,9,217,342.4,298.1,540.0,118.0,,,57,2.7,
2021-22,400,Jeremy,Ngakia,Ngakia,Watford,DEF,28,896,0,0,2,19,2,154,171.8,74.0,16.0,25.9,,,42,0.0,
2021-22,401,Ben,Wilmot,Wilmot,Watford,DEF,0,0,0,0,0,0,0,0,0.0,0.0,0.0,0.0,,,45,0.0,
2021-22,402,Joseph,Hungbo,Hungbo,Watford,MID,0,0,0,0,0,0,0,0,0.0,0.0,0.0,0.0,,,45,0.0,
2021-22,403,Imrân,Louza,Louza,Watford,MID,31,1415,0,0,3,38,0,173,232.6,228.2,122.0,58.4,,,52,0.0,
2021-22,404,João Pedro,Junqueira de Jesus,João Pedro,Watford,FWD,60,1634,3,1,2,35,4,207,318.2,279.6,587.0,118.8,,,54,0.5,
2021-22,405,Kwadwo,Baah,Baah,Watford,MID,0,0,0,0,0,0,0,0,0.0,0.0,0.0,0.0,,,43,0.1,
2021-22,450,Emmanuel,Dennis,Dennis,Watford,FWD,134,2579,10,7,3,60,21,425,667.6,453.4,932.0,205.2,,,58,20.0,
2021-22,454,Matthew,Pollock,Pollock,Watford,DEF,0,0,0,0,0,0,0,0,0.0,0.0,0.0,0.0,,,40,0.3,
2021-22,467,Oghenekaro Peter,Etebo,Etebo,Watford,MID,10,396,0,0,0,8,0,58,47.0,33.2,10.0,9.0,,,43,0.2,
2021-22,468,Joshua,King,King,Watford,FWD,87,2244,5,4,3,47,5,268,391.8,444.1,692.0,152.4,,,56,2.9,
2021-22,469,Adedapo,Awokoya-Mebude,Mebude,Watford,FWD,0,0,0,0,0,0,0,0,0.0,0.0,0.0,0.0,,,45,0.1,
2021-22,472,Juan Camilo,Hernández Suárez,Cucho,Watford,FWD,62,1138,5,2,1,34,8,247,303.6,289.4,397.0,98.5,,,49,1.6,
2021-22,495,Juraj,Kucka,Kucka,Watford,MID,54,1917,1,2,2,34,2,218,304.8,164.2,353.0,82.1,,,55,0.1,
2021-22,557,Ozan,Tufan,Tufan,Watford,MID,10,334,0,0,0,9,0,22,18.2,53.1,23.0,9.0,,,50,0.0,
2021-22,574,Robert,Elliot,Elliot,Watford,GKP,0,0,0,0,0,0,0,0,0.0,0.0,0.0,0.0,,,40,0.5,
2021-22,618,Nicolas,Nkoulou,Nkoulou,Watford,DEF,5,167,0,0,0,2,0,27,23.4,10.7,0.0,3.5,,,44,0.0,
2021-22,633,James,Morris,Morris,Watford,DEF,0,0,0,0,0,0,0,0,0.0,0.0,0.0,0.0,,,40,0.0,
2021-22,642,Vincent,Angelini,Angelini,Watford,GKP,0,0,0,0,0,0,0,0,0.0,0.0,0.0,0.0,,,40,0.0,
2021-22,669,Kamil,Conteh,Conteh,Watford,MID,0,0,0,0,0,0,0,0,0.0,0.0,0.0,0.0,,,45,0.1,
2021-22,676,Hassane,Kamara,Kamara,Watford,DEF,38,1622,1,0,3,37,3,299,352.0,152.5,45.0,54.7,,,45,0.1,
2021-22,677,Samir,Caetano de Souza Santos,Samir,Watford,DEF,36,1674,0,0,4,36,0,272,292.2,24.7,121.0,43.9,,,45,0.0,
2021-22,679,Edo,Kayembe,Kayembe,Watford,MID,24,795,0,0,2,17,1,127,117.2,90.4,27.0,23.5,,,45,0.0,
2021-22,698,Samuel,Kalu,Kalu,Watford,MID,7,221,0,0,1,6,0,23,21.8,31.9,24.0,7.8,,,49,0.0,
2021-22,725,Shaqai,Forde,Forde,Watford,FWD,0,0,0,0,0,0,0,0,0.0,0.0,0.0,0.0,,,45,0.2,
2021-22,732,Tiago,Çukur,Çukur,Watford,FWD,0,0,0,0,0,0,0,0,0.0,0.0,0.0,0.0,,,45,0.0,
2021-22,733,Adrian,Blake,Blake,Watford,MID,0,0,0,0,0,0,0,0,0.0,0.0,0.0,0.0,,,45,0.0,
2021-22,734,Jack,Grieves,Grieves,Watford,FWD,0,0,0,0,0,0,0,0,0.0,0.0,0.0,0.0,,,45,0.1,
2021-22,128,Kurt,Zouma,Zouma,West Ham,DEF,66,2078,1,0,5,29,5,388,496.2,32.8,131.0,66.2,,,54,1.2,
2021-22,406,Mark,Noble,Noble,West Ham,MID,19,325,1,0,1,5,1,76,82.4,14.2,34.0,13.1,,,43,0.7,
2021-22,407,Darren,Randolph,Randolph,West Ham,GKP,0,0,0,0,0,0,0,0,0.0,0.0,0.0,0.0,,,43,0.1,
2021-22,408,Lukasz,Fabianski,Fabianski,West Ham,GKP,136,3330,0,0,8,50,9,661,887.0,0.0,0.0,88.6,,,50,2.8,
2021-22,409,Angelo,Ogbonna,Ogbonna,West Ham,DEF,40,921,1,0,3,11,6,182,167.0,5.3,67.0,24.0,,,49,0.2,
2021-22,410,Winston,Reid,Reid,West Ham,DEF,0,0,0,0,0,0,0,0,0.0,0.0,0.0,0.0,,,39,0.8,
2021-22,411,Aaron,Cresswell,Cresswell,West Ham,DEF,115,2726,2,4,7,38,17,578,575.0,542.4,151.0,127.0,,,54,7.9,
2021-22,412,Andriy,Yarmolenko,Yarmolenko,West Ham,MID,25,303,1,0,1,4,0,73,75.2,62.9,150.0,28.5,,,50,0.1,
2021-22,413,Michail,Antonio,Antonio,West Ham,FWD,140,2975,10,10,7,43,14,441,611.6,613.5,1263.0,247.6,,,73,24.3,
2021-22,414,Craig,Dawson,Dawson,West Ham,DEF,90,2752,2,3,6,43,1,466,684.2,61.6,387.0,113.5,,,49,0.8,
2021-22,415,Ryan,Fredericks,Fredericks,West Ham,DEF,7,303,0,0,0,6,0,38,29.6,31.6,4.0,6.6,,,44,0.1,
2021-22,416,Manuel,Lanzini,Lanzini,West Ham,MID,92,1777,5,3,4,29,8,440,420.2,367.2,201.0,99.1,,,56,0.4,
2021-22,417,Arthur,Masuaku,Masuaku,West Ham,DEF,29,645,1,1,1,12,3,145,178.2,57.2,39.0,27.5,,,44,0.1,
2021-22,418,Vladimir,Coufal,Coufal,West Ham,DEF,70,2207,0,4,6,36,3,384,415.8,331.5,161.0,90.6,,,47,3.1,
2021-22,419,Saïd,Benrahma,Benrahma,West Ham,MID,138,2162,8,6,9,27,15,441,561.0,476.4,737.0,177.6,,,59,10.7,
2021-22,420,Jarrod,Bowen,Bowen,West Ham,MID,206,2987,12,17,8,46,24,586,819.4,624.6,1201.0,264.7,,,69,15.0,
2021-22,421,Declan,Rice,Rice,West Ham,MID,95,3178,1,4,8,49,7,595,740.2,391.0,277.0,141.3,,,50,4.3,
2021-22,422,Tomas,Soucek,Soucek,West Ham,MID,114,3061,5,1,6,46,14,485,653.4,299.8,686.0,164.3,,,57,3.4,
2021-22,423,Pablo,Fornals,Fornals,West Ham,MID,117,2795,6,4,8,38,5,480,569.0,704.4,528.0,180.2,,,59,1.3,
2021-22,424,Issa,Diop,Diop,West Ham,DEF,30,961,0,1,2,19,2,203,225.6,21.3,44.0,29.1,,,42,0.3,
2021-22,425,Ben,Johnson,Johnson,West Ham,DEF,48,1397,1,0,3,18,1,235,307.2,176.1,39.0,52.3,,,39,3.6,
2021-22,489,Alphonse,Areola,Areola,West Ham,GKP,2,90,0,0,0,1,0,11,20.4,0.0,0.0,2.0,,,47,0.7,
2021-22,521,Frederik,Alves,Alves,West Ham,DEF,0,0,0,0,0,0,0,0,0.0,0.0,0.0,0.0,,,40,0.1,
2021-22,522,Conor,Coventry,Coventry,West Ham,MID,0,0,0,0,0,0,0,0,0.0,0.0,0.0,0.0,,,45,0.0,
2021-22,554,Jamal,Baptiste,Baptiste,West Ham,DEF,0,0,0,0,0,0,0,0,0.0,0.0,0.0,0.0,,,39,0.3,
2021-22,582,Nikola,Vlasic,Vlasic,West Ham,MID,30,549,1,0,1,10,0,98,85.4,122.8,115.0,32.3,,,56,0.0,
2021-22,589,Alex,Kral,Kral,West Ham,MID,1,1,0,0,0,0,0,3,0.0,0.0,0.0,0.0,,,44,0.1,
2021-22,617,Harrison,Ashby,Ashby,West Ham,DEF,1,6,0,0,0,1,0,4,2.0,1.0,0.0,0.3,,,40,0.1,
2021-22,634,Sonny,Perkins,Perkins,West Ham,MID,1,3,0,0,0,0,0,3,0.0,0.0,0.0,0.0,,,45,0.0,
2021-22,644,Ajibola,Alese,Alese,West Ham,DEF,0,0,0,0,0,0,0,0,0.0,0.0,0.0,0.0,,,40,0.0,
2021-22,652,Armstrong,Oko-Flex,Oko-Flex,West Ham,MID,0,0,0,0,0,0,0,0,0.0,0.0,0.0,0.0,,,44,0.0,
2021-22,682,Pierre,Ekwah,Ekwah,West Ham,DEF,0,0,0,0,0,0,0,0,0.0,0.0,0.0,0.0,,,40,0.0,
2021-22,710,Daniel,Chesters,Chesters,West Ham,MID,1,1,0,0,0,0,0,3,0.0,0.0,0.0,0.0,,,45,0.0,
2021-22,426,João Filipe Iria,Santos Moutinho,Moutinho,Wolves,MID,96,2970,2,1,11,40,8,511,512.6,645.2,144.0,130.1,,,49,0.7,
2021-22,427,Rui Pedro,dos Santos Patrício,Patrício,Wolves,GKP,0,0,0,0,0,0,0,0,0.0,0.0,0.0,0.0,,,50,0.0,
2021-22,428,Willy,Boly,Boly,Wolves,DEF,17,900,0,0,1,20,0,165,157.2,18.0,27.0,20.3,,,49,0.1,
2021-22,429,Conor,Coady,Coady,Wolves,DEF,138,3361,4,0,11,43,10,688,737.2,45.4,202.0,98.8,,,47,13.4,
2021-22,430,Raúl,Jiménez,Jiménez,Wolves,FWD,101,2630,6,5,11,32,11,266,441.4,481.4,742.0,165.3,,,75,4.2,
2021-22,431,Romain,Saïss,Saïss,Wolves,DEF,109,2706,2,0,11,30,6,540,694.6,112.2,214.0,102.3,,,48,2.1,
2021-22,432,Fernando,Marçal,Marçal,Wolves,DEF,67,1448,0,3,6,14,5,295,247.2,187.3,135.0,56.3,,,42,1.3,
2021-22,433,Jonathan,Castro Otto,Jonny,Wolves,DEF,38,1022,2,0,2,22,2,178,203.0,159.5,144.0,50.7,,,45,0.6,
2021-22,434,Leander,Dendoncker,Dendoncker,Wolves,MID,76,1945,2,3,5,29,5,308,339.0,175.5,258.0,77.4,,,46,0.3,
2021-22,435,Adama,Traoré,Traoré,Wolves,MID,44,1069,1,1,5,10,0,168,192.0,271.1,300.0,76.6,,,56,1.0,
2021-22,436,Rúben Diogo,da Silva Neves,Neves,Wolves,MID,95,2659,4,2,9,34,7,509,617.4,408.2,237.0,126.3,,,52,0.9,
2021-22,437,Nélson,Cabral Semedo,Semedo,Wolves,DEF,94,2131,0,1,9,18,9,412,346.2,289.3,266.0,90.3,,,48,1.5,
2021-22,438,Daniel,Castelo Podence,Podence,Wolves,MID,70,1475,2,3,9,12,2,257,328.6,493.0,459.0,128.2,,,55,0.2,
2021-22,439,Max,Kilman,Kilman,Wolves,DEF,106,2688,1,1,10,25,5,536,587.8,68.8,207.0,86.5,,,45,1.3,
2021-22,440,Morgan,Gibbs-White,Gibbs-White,Wolves,MID,1,7,0,0,0,0,0,0,0.0,0.7,24.0,2.1,,,45,0.1,
2021-22,441,Pedro,Lomba Neto,Neto,Wolves,MID,22,459,1,1,0,14,0,88,68.4,193.9,200.0,46.1,,,62,0.1,
2021-22,442,Owen,Otasowie,Otasowie,Wolves,MID,0,0,0,0,0,0,0,0,0.0,0.0,0.0,0.0,,,45,0.1,
2021-22,443,Ki-Jana,Hoever,Hoever,Wolves,DEF,14,306,0,0,1,5,0,56,42.6,22.1,8.0,7.1,,,39,1.6,
2021-22,444,Andreas,Söndergaard,Söndergaard,Wolves,GKP,0,0,0,0,0,0,0,0,0.0,0.0,0.0,0.0,,,39,0.9,
2021-22,445,Fabio,Silva,Fabio Silva,Wolves,FWD,30,562,0,1,0,7,0,43,21.0,48.3,262.0,32.0,,,56,0.4,
2021-22,446,Yerson,Mosquera Valdelamar,Mosquera,Wolves,DEF,0,0,0,0,0,0,0,0,0.0,0.0,0.0,0.0,,,44,0.0,
2021-22,452,John,Ruddy,Ruddy,Wolves,GKP,3,135,0,0,0,3,0,20,11.4,0.0,0.0,1.1,,,43,0.2,
2021-22,461,Francisco,Machado Mota de Castro Trincão,Trincão,Wolves,MID,66,1328,2,1,7,15,2,197,240.0,247.1,390.0,87.7,,,56,0.3,
2021-22,470,Rayan,Ait Nouri,Ait Nouri,Wolves,DEF,87,1826,1,4,7,26,10,367,371.0,320.8,167.0,86.2,,,41,1.3,
2021-22,475,José,Malheiro de Sá,Sá,Wolves,GKP,146,3285,0,1,11,40,11,722,938.8,30.0,0.0,96.7,,,52,8.3,
2021-22,523,Patrick,Cutrone,Cutrone,Wolves,FWD,0,0,0,0,0,0,0,0,0.0,0.0,0.0,0.0,,,50,0.0,
2021-22,547,Luke,Cundle,Cundle,Wolves,MID,7,179,0,0,1,1,0,32,17.0,32.0,2.0,5.1,,,44,0.1,
2021-22,548,Chem,Campbell,Campbell,Wolves,MID,1,12,0,0,0,0,0,5,2.0,1.7,2.0,0.6,,,44,0.2,
2021-22,549,Christian,Marques,Marques,Wolves,DEF,0,0,0,0,0,0,0,0,0.0,0.0,0.0,0.0,,,40,0.2,
2021-22,583,Hee-Chan,Hwang,Hwang,Wolves,FWD,81,1811,5,1,7,22,11,288,318.0,258.6,433.0,100.5,,,54,3.4,
2021-22,611,Louie,Moulden,Moulden,Wolves,GKP,0,0,0,0,0,0,0,0,0.0,0.0,0.0,0.0,,,40,0.1,
2021-22,621,James,Storer,Storer,Wolves,GKP,0,0,0,0,0,0,0,0,0.0,0.0,0.0,0.0,,,40,0.2,
2021-22,635,Hugo,Bueno,Bueno,Wolves,DEF,0,0,0,0,0,0,0,0,0.0,0.0,0.0,0.0,,,40,0.1,
2021-22,661,Bruno André,Cavaco Jordão,Jordão,Wolves,MID,0,0,0,0,0,0,0,0,0.0,0.0,0.0,0.0,,,45,0.0,
2021-22,685,Toti António,Gomes,Toti,Wolves,DEF,6,360,0,0,0,6,0,52,59.6,4.3,28.0,9.2,,,44,0.0,
2021-22,686,Dion,Sanderson,Sanderson,Wolves,DEF,0,0,0,0,0,0,0,0,0.0,0.0,0.0,0.0,,,40,0.0,
2021-22,687,Ryan,Giles,Giles,Wolves,MID,0,0,0,0,0,0,0,0,0.0,0.0,0.0,0.0,,,45,0.0,
2021-22,689,Francisco Jorge,Tomás Oliveira,Chiquinho,Wolves,MID,20,203,0,3,0,5,2,67,99.4,83.4,118.0,30.1,,,55,0.0,
2022-23,3,Granit,Xhaka,Xhaka,Arsenal,MID,153,2992,7,8,13,35,15,634,647.0,673.3,498.0,182.0,4.65,3.89,48,2.7,36
2022-23,4,Mohamed,Elneny,Elneny,Arsenal,MID,6,111,0,0,0,2,0,27,4.6,5.4,0.0,1.1,0.00,0.04,41,0.6,1
2022-23,5,Rob,Holding,Holding,Arsenal,DEF,21,562,1,0,0,13,0,120,152.0,10.3,54.0,21.6,0.32,0.15,42,0.2,6
2022-23,6,Thomas,Partey,Partey,Arsenal,MID,86,2480,3,0,11,28,6,468,513.2,439.6,240.0,119.5,2.59,2.17,47,0.4,28
2022-23,7,Martin,Ødegaard,Ødegaard,Arsenal,MID,212,3132,15,8,13,38,30,813,960.0,1100.4,920.0,298.3,9.75,8.02,69,33.3,37
2022-23,8,Kieran,Tierney,Tierney,Arsenal,DEF,37,774,0,1,1,10,0,164,144.0,85.5,67.0,29.9,0.38,0.43,46,0.8,6
2022-23,9,Nicolas,Pépé,Pépé,Arsenal,MID,0,0,0,0,0,0,0,0,0.0,0.0,0.0,0.0,0.00,0.00,53,0.1,0
2022-23,10,Benjamin,White,White,Arsenal,DEF,156,3054,2,5,15,35,12,734,649.0,491.2,159.0,130.0,1.25,3.60,50,16.1,36
2022-23,11,Eddie,Nketiah,Nketiah,Arsenal,FWD,63,1071,4,2,2,16,5,161,213.4,128.2,598.0,93.1,7.89,1.26,63,1.8,9
2022-23,12,Emile,Smith Rowe,Smith Rowe,Arsenal,MID,18,161,0,2,0,5,0,60,36.6,64.3,39.0,13.8,0.25,0.55,56,0.4,0
2022-23,13,Bukayo,Saka,Saka,Arsenal,MID,202,3183,14,12,12,42,19,678,972.2,1091.8,1164.0,322.8,11.49,5.97,80,25.6,37
2022-23,14,Takehiro,Tomiyasu,Tomiyasu,Arsenal,DEF,32,651,0,1,2,11,0,173,137.0,86.6,55.0,27.7,0.24,0.23,42,0.5,6
2022-23,15,Aaron,Ramsdale,Ramsdale,Arsenal,GKP,143,3420,0,0,14,43,9,664,761.4,0.0,0.0,76.2,0.00,0.02,48,11.4,38
2022-23,16,Gabriel,dos Santos Magalhães,Gabriel,Arsenal,DEF,146,3409,3,0,14,43,15,723,733.8,129.7,401.0,126.5,5.04,0.66,52,13.4,38
2022-23,17,Nuno,Varela Tavares,Tavares,Arsenal,DEF,0,0,0,0,0,0,0,0,0.0,0.0,0.0,0.0,0.00,0.00,45,0.0,0
2022-23,19,Gabriel,Martinelli Silva,Martinelli,Arsenal,MID,198,2789,15,9,14,33,18,648,844.2,838.1,1300.0,298.1,9.15,6.98,65,26.3,34
2022-23,20,Pablo,Marí Villar,Pablo Marí,Arsenal,DEF,0,0,0,0,0,0,0,0,0.0,0.0,0.0,0.0,0.00,0.00,45,0.0,0
2022-23,22,Lucas,Torreira di Pascua,Torreira,Arsenal,MID,0,0,0,0,0,0,0,0,0.0,0.0,0.0,0.0,0.00,0.00,45,0.1,0
2022-23,23,Reiss,Nelson,Nelson,Arsenal,MID,42,202,3,3,1,3,5,127,169.8,99.2,155.0,42.4,1.09,0.99,47,0.0,0
2022-23,24,Matt,Turner,Turner,Arsenal,GKP,0,0,0,0,0,0,0,0,0.0,0.0,0.0,0.0,0.00,0.00,38,1.4,0
2022-23,25,Fábio,Ferreira Vieira,Fábio Vieira,Arsenal,MID,40,500,1,2,2,5,2,134,115.2,180.1,123.0,41.4,0.86,1.39,56,0.1,3
2022-23,26,William,Saliba,Saliba,Arsenal,DEF,117,2415,2,1,12,25,14,571,529.0,100.8,114.0,74.5,0.91,0.32,49,15.6,27
2022-23,27,Marcus,Oliveira Alencar,Marquinhos,Arsenal,MID,1,1,0,0,0,0,0,3,0.0,0.2,0.0,0.0,0.00,0.00,46,0.1,0
2022-23,28,Gabriel,Fernando de Jesus,Jesus,Arsenal,FWD,125,2064,11,7,9,23,17,401,594.2,407.3,1282.0,228.3,14.24,2.91,81,28.3,24
2022-23,111,Leandro,Trossard,Trossard,Arsenal,MID,154,2237,8,13,8,38,8,494,620.0,687.1,859.0,216.6,6.37,6.02,66,7.2,26
2022-23,130,Jorge Luiz,Frello Filho,Jorginho,Arsenal,MID,79,2127,2,2,9,23,5,379,386.4,254.1,97.0,73.9,1.89,0.96,57,1.9,24
2022-23,313,Oleksandr,Zinchenko,Zinchenko,Arsenal,DEF,99,2122,1,2,10,28,8,500,405.0,387.7,190.0,98.3,1.32,2.39,50,9.0,26
2022-23,607,Matthew,Smith,Smith,Arsenal,MID,0,0,0,0,0,0,0,0,0.0,0.0,0.0,0.0,0.00,0.00,44,0.1,0
2022-23,630,Ethan,Nwaneri,Nwaneri,Arsenal,MID,1,1,0,0,0,0,0,3,0.0,0.0,0.0,0.0,0.00,0.00,45,0.0,0
2022-23,631,Lino,Sousa,Sousa,Arsenal,DEF,0,0,0,0,0,0,0,0,0.0,0.0,0.0,0.0,0.00,0.00,40,0.1,0
2022-23,655,Karl,Hein,Hein,Arsenal,GKP,0,0,0,0,0,0,0,0,0.0,0.0,0.0,0.0,0.00,0.00,39,0.0,0
2022-23,668,Amario,Cozier-Duberry,Cozier-Duberry,Arsenal,MID,0,0,0,0,0,0,0,0,0.0,0.0,0.0,0.0,0.00,0.00,45,0.0,0
2022-23,685,Nathan,Butler-Oyedeji,Butler-Oyedeji,Arsenal,FWD,0,0,0,0,0,0,0,0,0.0,0.0,0.0,0.0,0.00,0.00,45,0.0,0
2022-23,710,Jakub,Kiwior,Kiwior,Arsenal,DEF,26,425,1,0,2,6,1,111,53.6,4.1,4.0,6.3,0.10,0.01,40,0.3,5
2022-23,751,Reuell,Walters,Walters,Arsenal,DEF,0,0,0,0,0,0,0,0,0.0,0.0,0.0,0.0,0.00,0.00,40,0.0,0
2022-23,767,Mauro,Bandeira,Bandeira,Arsenal,MID,0,0,0,0,0,0,0,0,0.0,0.0,0.0,0.0,0.00,0.00,45,0.0,0
2022-23,29,Philippe,Coutinho Correia,Coutinho,Aston Villa,MID,32,777,1,0,3,9,1,98,119.2,152.5,218.0,48.8,1.37,0.65,66,2.9,7
2022-23,31,Emiliano,Martínez Romero,Martínez,Aston Villa,GKP,135,3139,0,0,11,38,15,678,813.0,23.0,0.0,83.5,0.00,0.21,50,6.6,36
2022-23,32,Calum,Chambers,Chambers,Aston Villa,DEF,13,345,0,0,0,4,0,67,74.4,29.8,8.0,11.1,0.14,0.19,42,0.2,2
2022-23,33,Lucas,Digne,Digne,Aston Villa,DEF,50,1492,1,0,3,25,4,234,271.4,293.3,92.0,65.8,0.43,1.90,45,1.2,18
2022-23,34,Bertrand,Traoré,Traoré,Aston Villa,MID,20,226,2,0,1,1,1,57,82.0,30.7,79.0,19.0,0.75,0.12,49,0.1,1
2022-23,35,Robin,Olsen,Olsen,Aston Villa,GKP,10,280,0,0,1,8,1,62,83.2,0.0,0.0,8.2,0.00,0.00,39,1.4,2
2022-23,36,Morgan,Sanson,Sanson,Aston Villa,MID,2,10,0,0,0,1,0,6,4.2,0.5,0.0,0.4,0.00,0.00,43,0.2,0
2022-23,37,John,McGinn,McGinn,Aston Villa,MID,90,2692,1,5,10,31,3,354,375.0,349.2,326.0,105.1,2.40,3.33,51,0.6,30
2022-23,38,Kortney,Hause,Hause,Aston Villa,DEF,0,0,0,0,0,0,0,0,0.0,0.0,0.0,0.0,0.00,0.00,44,0.0,0
2022-23,39,Tyrone,Mings,Mings,Aston Villa,DEF,130,3150,1,3,12,40,17,617,657.2,87.7,121.0,87.0,0.96,0.95,47,12.5,35
2022-23,40,Ollie,Watkins,Watkins,Aston Villa,FWD,175,3129,15,8,13,40,25,550,792.0,408.5,1268.0,247.0,16.15,2.66,73,12.8,36
2022-23,41,Marvelous,Nakamba,Nakamba,Aston Villa,MID,0,0,0,0,0,0,0,0,0.0,0.0,0.0,0.0,0.00,0.00,43,0.1,0
2022-23,42,Emiliano,Buendía Stati,Buendía,Aston Villa,MID,117,2404,5,3,11,34,8,370,438.2,546.3,580.0,156.6,6.32,3.95,57,0.7,27
2022-23,43,Matty,Cash,Cash,Aston Villa,DEF,57,1817,0,2,4,29,3,311,298.4,178.0,67.0,54.4,0.20,0.95,46,3.1,20
2022-23,44,Ezri,Konsa Ngoyo,Konsa,Aston Villa,DEF,110,3322,0,0,12,45,6,633,560.4,116.1,72.0,74.9,1.08,0.71,44,1.0,37
2022-23,45,Leon,Bailey,Bailey,Aston Villa,MID,100,1964,4,5,8,32,6,242,334.2,439.1,532.0,130.1,5.34,4.77,43,2.7,26
2022-23,46,Douglas Luiz,Soares de Paulo,Douglas Luiz,Aston Villa,MID,142,2922,6,7,13,35,17,594,661.6,655.4,242.0,155.8,2.79,2.92,48,1.0,33
2022-23,47,Jacob,Ramsey,Ramsey,Aston Villa,MID,135,2634,6,8,11,33,13,470,607.2,496.7,424.0,152.8,5.07,2.89,51,1.5,31
2022-23,49,Tim,Iroegbunam,Iroegbunam,Aston Villa,MID,0,0,0,0,0,0,0,0,0.0,0.0,0.0,0.0,0.00,0.00,45,0.0,0
2022-23,50,Diego Carlos,Santos Silva,Diego Carlos,Aston Villa,DEF,4,205,0,0,0,3,0,20,24.8,13.2,32.0,7.0,0.36,0.11,47,0.2,2
2022-23,51,Anwar,El Ghazi,El Ghazi,Aston Villa,MID,0,0,0,0,0,0,0,0,0.0,0.0,0.0,0.0,0.00,0.00,48,0.0,0
2022-23,52,Keinan,Davis,Davis,Aston Villa,FWD,0,0,0,0,0,0,0,0,0.0,0.0,0.0,0.0,0.00,0.00,54,0.0,0
2022-23,53,Boubacar,Kamara,Kamara,Aston Villa,MID,44,1773,0,1,3,30,0,235,275.8,123.4,39.0,43.9,0.15,0.92,48,0.1,21
2022-23,54,Cameron,Archer,Archer,Aston Villa,FWD,6,43,0,0,0,1,0,13,1.8,2.4,6.0,0.9,0.00,0.01,42,1.7,0
2022-23,55,Jaden,Philogene-Bidace,Philogene-Bidace,Aston Villa,MID,0,0,0,0,0,0,0,0,0.0,0.0,0.0,0.0,0.00,0.00,45,0.0,0
2022-23,56,Frédéric,Guilbert,Guilbert,Aston Villa,DEF,0,0,0,0,0,0,0,0,0.0,0.0,0.0,0.0,0.00,0.00,39,0.6,0
2022-23,479,Leander,Dendoncker,Dendoncker,Aston Villa,MID,37,897,0,0,4,14,0,163,143.4,96.1,64.0,30.6,0.72,0.14,47,0.1,9
2022-23,525,Ludwig,Augustinsson,Augustinsson,Aston Villa,DEF,2,76,0,0,0,0,0,5,5.6,1.9,35.0,4.2,0.08,0.01,43,0.0,1
2022-23,537,Kaine,Kesler Hayden,Kesler Hayden,Aston Villa,DEF,0,0,0,0,0,0,0,0,0.0,0.0,0.0,0.0,0.00,0.00,40,0.0,0
2022-23,538,Ashley,Young,Young,Aston Villa,DEF,87,2031,1,0,9,28,8,388,380.2,223.4,81.0,68.7,0.46,0.78,43,0.8,23
2022-23,638,Lamare,Bogarde,Bogarde,Aston Villa,DEF,0,0,0,0,0,0,0,0,0.0,0.0,0.0,0.0,0.00,0.00,40,0.0,0
2022-23,670,Filip,Marschall,Marschall,Aston Villa,GKP,0,0,0,0,0,0,0,0,0.0,0.0,0.0,0.0,0.00,0.00,40,0.0,0
2022-23,672,Kadan,Young,Kadan Young,Aston Villa,MID,0,0,0,0,0,0,0,0,0.0,0.0,0.0,0.0,0.00,0.00,45,0.0,0
2022-23,694,Alexandre,Moreno Lopera,Álex Moreno,Aston Villa,DEF,72,1325,0,3,7,10,5,278,254.4,321.1,151.0,72.3,0.59,2.57,45,2.1,14
2022-23,707,Viljami,Sinisalo,Sinisalo,Aston Villa,GKP,0,0,0,0,0,0,0,0,0.0,0.0,0.0,0.0,0.00,0.00,40,0.0,0
2022-23,711,Jhon,Durán,Durán,Aston Villa,FWD,11,126,0,0,0,4,0,15,12.8,13.4,51.0,7.4,0.59,0.02,55,0.0,0
2022-23,744,Sil,Swinkels,Swinkels,Aston Villa,DEF,0,0,0,0,0,0,0,0,0.0,0.0,0.0,0.0,0.00,0.00,40,0.0,0
2022-23,745,Oliwier,Zych,Zych,Aston Villa,GKP,0,0,0,0,0,0,0,0,0.0,0.0,0.0,0.0,0.00,0.00,40,0.0,0
2022-23,753,James,Wright,Wright,Aston Villa,GKP,0,0,0,0,0,0,0,0,0.0,0.0,0.0,0.0,0.00,0.00,40,0.0,0
2022-23,754,Sebastian,Revan,Revan,Aston Villa,DEF,0,0,0,0,0,0,0,0,0.0,0.0,0.0,0.0,0.00,0.00,40,0.0,0
2022-23,755,Travis,Patterson,Patterson,Aston Villa,MID,0,0,0,0,0,0,0,0,0.0,0.0,0.0,0.0,0.00,0.00,45,0.0,0
2022-23,761,Tommi,O'Reilly,O'Reilly,Aston Villa,MID,0,0,0,0,0,0,0,0,0.0,0.0,0.0,0.0,0.00,0.00,45,0.0,0
2022-23,57,Adam,Smith,Smith,Bournemouth,DEF,74,2940,0,1,7,58,5,400,406.2,261.6,88.0,75.7,0.50,1.57,43,0.2,34
2022-23,58,Junior,Stanislas,Stanislas,Bournemouth,MID,4,58,0,0,0,1,0,13,10.0,22.9,7.0,3.9,0.04,0.18,48,0.0,0
2022-23,59,Ryan,Fredericks,Fredericks,Bournemouth,DEF,12,527,0,0,0,11,0,63,66.0,26.7,12.0,10.6,0.00,0.29,44,0.0,5
2022-23,60,David,Brooks,Brooks,Bournemouth,MID,5,170,0,0,0,4,0,7,13.6,16.4,31.0,6.0,0.33,0.20,53,0.0,2
2022-23,61,Jamal,Lowe,Lowe,Bournemouth,MID,2,11,0,0,0,0,0,6,0.2,0.3,0.0,0.1,0.00,0.01,52,0.0,0
2022-23,62,Kieffer,Moore,Moore,Bournemouth,FWD,57,1269,4,0,3,34,3,161,216.2,89.6,272.0,57.3,4.18,0.50,49,0.7,12
2022-23,63,Emiliano,Marcondes,Marcondes,Bournemouth,MID,1,8,0,0,0,1,0,3,1.2,0.0,0.0,0.1,0.00,0.00,47,0.0,0
2022-23,64,Jefferson,Lerma Solís,Lerma,Bournemouth,MID,101,3252,5,0,7,67,5,500,616.6,293.6,311.0,122.1,2.58,3.00,47,0.5,37
2022-23,65,Jack,Stacey,Stacey,Bournemouth,DEF,6,293,0,0,0,10,0,36,44.2,8.6,8.0,6.0,0.09,0.03,42,0.0,3
2022-23,66,Dominic,Solanke,Solanke,Bournemouth,FWD,130,2865,6,10,8,52,14,339,524.8,279.9,1046.0,184.4,9.09,2.30,56,3.6,32
2022-23,67,Lewis,Cook,Cook,Bournemouth,MID,51,1712,0,2,3,39,1,280,313.0,352.5,45.0,71.2,0.24,2.30,49,0.1,18
2022-23,68,Ben,Pearson,Pearson,Bournemouth,MID,9,282,0,0,1,10,0,32,21.0,6.4,9.0,3.7,0.05,0.02,44,0.1,3
2022-23,69,Ryan,Christie,Christie,Bournemouth,MID,64,1825,1,2,3,35,2,225,282.0,421.7,400.0,110.5,2.89,2.07,53,0.1,22
2022-23,70,Philip,Billing,Billing,Bournemouth,MID,126,2766,7,2,9,54,14,475,622.0,388.8,441.0,145.2,4.60,2.56,50,0.9,34
2022-23,71,Chris,Mepham,Mepham,Bournemouth,DEF,43,2197,0,0,5,52,6,369,556.4,54.4,134.0,74.4,0.96,0.55,43,0.1,24
2022-23,72,Mark,Travers,Travers,Bournemouth,GKP,28,1035,0,0,2,32,1,193,253.0,0.0,0.0,25.4,0.00,0.00,41,0.4,11
2022-23,73,Lloyd,Kelly,Kelly,Bournemouth,DEF,60,2040,0,2,5,38,5,372,394.0,97.7,26.0,52.1,0.17,0.70,43,0.5,23
2022-23,74,Siriki,Dembélé,Dembélé,Bournemouth,MID,6,104,0,0,0,2,0,20,31.8,52.3,28.0,11.3,0.16,0.21,47,0.1,0
2022-23,75,Jaidon,Anthony,Anthony,Bournemouth,MID,61,1241,3,1,2,29,4,193,299.4,209.1,263.0,77.2,1.69,1.10,52,0.1,11
2022-23,76,Jordan,Zemura,Zemura,Bournemouth,DEF,47,1452,0,1,5,31,1,235,269.4,232.8,71.0,57.1,0.47,1.71,42,0.1,17
2022-23,77,Will,Dennis,Dennis,Bournemouth,GKP,0,0,0,0,0,0,0,0,0.0,0.0,0.0,0.0,0.00,0.00,39,0.4,0
2022-23,404,Jack,Stephens,Stephens,Bournemouth,DEF,35,1218,0,0,4,24,1,233,270.0,57.3,51.0,38.0,0.36,0.23,43,0.0,13
2022-23,505,Joe,Rothwell,Rothwell,Bournemouth,MID,33,1010,0,1,3,15,0,167,127.4,153.3,27.0,30.6,0.16,1.47,49,0.0,12
2022-23,535,Marcus,Tavernier,Tavernier,Bournemouth,MID,94,1740,5,4,5,37,12,315,459.8,348.4,436.0,124.2,3.13,1.37,47,0.2,19
2022-23,539,James,Hill,Hill,Bournemouth,DEF,0,0,0,0,0,0,0,0,0.0,0.0,0.0,0.0,0.00,0.00,44,0.0,0
2022-23,571,Darren,Randolph,Randolph,Bournemouth,GKP,0,0,0,0,0,0,0,0,0.0,0.0,0.0,0.0,0.00,0.00,40,0.1,0
2022-23,574,Norberto,Murara Neto,Neto,Bournemouth,GKP,93,2385,0,0,6,39,9,510,727.6,0.0,0.0,72.8,0.00,0.02,45,0.6,27
2022-23,576,Marcos,Senesi,Senesi,Bournemouth,DEF,69,2489,2,0,5,55,5,462,586.0,78.7,109.0,77.5,1.66,0.35,44,0.2,29
2022-23,597,Christian,Saydee,Saydee,Bournemouth,FWD,0,0,0,0,0,0,0,0,0.0,0.0,0.0,0.0,0.00,0.00,45,0.0,0
2022-23,598,Owen,Bevan,Bevan,Bournemouth,DEF,1,8,0,0,0,1,0,3,0.2,0.0,0.0,0.0,0.00,0.00,40,0.0,0
2022-23,649,Cameron,Plain,Plain,Bournemouth,GKP,0,0,0,0,0,0,0,0,0.0,0.0,0.0,0.0,0.00,0.00,40,0.0,0
2022-23,695,Daniel,Adu-Adjei,Adu-Adjei,Bournemouth,FWD,0,0,0,0,0,0,0,0,0.0,0.0,0.0,0.0,0.00,0.00,45,0.0,0
2022-23,696,Michael,Dacosta Gonzalez,Dacosta Gonzalez,Bournemouth,MID,0,0,0,0,0,0,0,0,0.0,0.0,0.0,0.0,0.00,0.00,44,0.0,0
2022-23,697,Dominic,Sadi,Sadi,Bournemouth,FWD,0,0,0,0,0,0,0,0,0.0,0.0,0.0,0.0,0.00,0.00,45,0.0,0
2022-23,705,Dango,Ouattara,Ouattara,Bournemouth,MID,49,1239,1,3,1,23,4,163,276.8,261.0,274.0,81.0,3.52,1.68,50,0.0,15
2022-23,706,Euan,Pollock,Pollock,Bournemouth,FWD,0,0,0,0,0,0,0,0,0.0,0.0,0.0,0.0,0.00,0.00,45,0.0,0
2022-23,714,Antoine,Semenyo,Semenyo,Bournemouth,FWD,18,250,1,0,0,6,1,56,50.0,26.5,32.0,10.7,0.36,0.02,50,0.0,2
2022-23,718,Matías,Viña,Viña,Bournemouth,DEF,28,452,2,0,1,10,0,93,156.4,28.1,92.0,27.7,0.86,0.11,45,0.1,5
2022-23,722,Illia,Zabarnyi,Zabarnyi,Bournemouth,DEF,7,297,0,0,0,5,0,54,41.2,0.9,0.0,4.1,0.00,0.01,45,0.0,3
2022-23,723,Hamed,Traorè,H.Traorè,Bournemouth,MID,14,425,0,0,2,8,0,60,84.0,218.5,36.0,33.8,1.04,1.15,45,0.0,5
2022-23,737,Ben,Greenwood,Greenwood,Bournemouth,DEF,0,0,0,0,0,0,0,0,0.0,0.0,0.0,0.0,0.00,0.00,40,0.0,0
2022-23,738,Max,Kinsey-Wellings,Kinsey-Wellings,Bournemouth,DEF,0,0,0,0,0,0,0,0,0.0,0.0,0.0,0.0,0.00,0.00,40,0.0,0
2022-23,78,Pontus,Jansson,Jansson,Brentford,DEF,29,722,1,0,2,14,0,147,176.2,2.5,53.0,23.4,0.34,0.11,42,0.3,9
2022-23,79,Christian,Nørgaard,Nørgaard,Brentford,MID,71,1763,1,6,6,23,6,309,379.2,173.7,269.0,82.3,1.64,1.74,53,0.2,21
2022-23,80,Ivan,Toney,Toney,Brentford,FWD,182,2953,20,4,10,42,35,607,926.8,424.3,1240.0,258.7,18.74,3.72,71,18.2,33
2022-23,81,David,Raya Martin,Raya,Brentford,GKP,166,3420,0,0,12,46,20,822,1125.4,20.1,4.0,115.2,0.11,0.12,48,14.4,38
2022-23,82,Sergi,Canós Tenés,Canós,Brentford,DEF,5,73,0,0,0,2,0,14,7.0,13.5,6.0,2.8,0.07,0.04,50,0.1,0
2022-23,83,Josh,Dasilva,Dasilva,Brentford,MID,81,1371,4,2,5,17,3,274,304.2,206.1,182.0,69.2,1.58,1.62,41,3.8,14
2022-23,84,Kristoffer,Ajer,Ajer,Brentford,DEF,29,763,0,0,4,14,0,129,96.8,24.7,27.0,15.1,0.04,0.12,45,0.1,9
2022-23,85,Rico,Henry,Henry,Brentford,DEF,112,3240,0,3,11,46,4,505,444.4,401.9,197.0,104.5,1.80,2.90,44,2.6,37
2022-23,86,Vitaly,Janelt,Janelt,Brentford,MID,85,2201,3,1,8,28,5,357,411.2,246.1,223.0,88.1,2.33,1.56,55,0.1,24
2022-23,87,Saman,Ghoddos,Ghoddos,Brentford,MID,15,124,0,0,0,5,0,53,27.2,62.8,21.0,11.1,0.05,0.29,48,0.0,0
2022-23,88,Mathias,Jensen,Jensen,Brentford,MID,132,2805,5,7,10,40,11,498,644.0,787.9,208.0,164.1,2.34,4.79,48,1.8,37
2022-23,89,Yoane,Wissa,Wissa,Brentford,MID,111,1587,7,4,7,17,6,292,363.8,184.5,414.0,95.5,5.65,1.08,53,0.3,16
2022-23,90,Mads,Roerslev Rasmussen,Roerslev,Brentford,DEF,48,1101,0,0,5,12,0,201,167.6,120.6,46.0,33.4,0.28,0.82,43,0.1,12
2022-23,91,Mads,Bech Sørensen,Bech,Brentford,DEF,4,18,0,0,0,0,0,12,2.6,0.2,0.0,0.2,0.00,0.00,45,0.0,0
2022-23,92,Ethan,Pinnock,Pinnock,Brentford,DEF,112,2700,3,0,10,34,6,575,751.6,104.9,279.0,113.8,2.73,1.11,44,0.9,30
2022-23,93,Frank,Onyeka,Onyeka,Brentford,MID,38,837,0,3,3,11,0,111,125.8,89.9,106.0,32.3,1.03,0.78,48,0.0,8
2022-23,94,Shandon,Baptiste,Baptiste,Brentford,MID,29,600,0,2,1,6,0,123,107.8,144.5,54.0,30.7,0.32,0.53,45,0.2,4
2022-23,95,Bryan,Mbeumo,Mbeumo,Brentford,FWD,150,2905,9,9,10,39,19,556,662.4,766.3,866.0,229.3,9.48,5.53,57,4.0,36
2022-23,96,Charlie,Goode,Goode,Brentford,DEF,0,0,0,0,0,0,0,0,0.0,0.0,0.0,0.0,0.00,0.00,39,0.4,0
2022-23,97,Marcus,Forss,Forss,Brentford,FWD,0,0,0,0,0,0,0,0,0.0,0.0,0.0,0.0,0.00,0.00,45,0.0,0
2022-23,98,Dominic,Thompson,Thompson,Brentford,DEF,0,0,0,0,0,0,0,0,0.0,0.0,0.0,0.0,0.00,0.00,40,0.0,0
2022-23,99,Mads,Bidstrup,Bidstrup,Brentford,MID,0,0,0,0,0,0,0,0,0.0,0.0,0.0,0.0,0.00,0.00,45,0.0,0
2022-23,100,Ellery,Balcombe,Balcombe,Brentford,GKP,0,0,0,0,0,0,0,0,0.0,0.0,0.0,0.0,0.00,0.00,40,0.0,0
2022-23,510,Aaron,Hickey,Hickey,Brentford,DEF,63,1918,0,3,5,30,2,310,223.6,119.8,98.0,44.2,0.38,0.58,49,0.3,23
2022-23,515,Keane,Lewis-Potter,Lewis-Potter,Brentford,MID,14,313,0,1,0,4,0,37,42.0,64.0,114.0,21.9,0.49,0.29,52,0.0,3
2022-23,517,Thomas,Strakosha,Strakosha,Brentford,GKP,0,0,0,0,0,0,0,0,0.0,0.0,0.0,0.0,0.00,0.00,43,0.1,0
2022-23,526,Ben,Mee,Mee,Brentford,DEF,143,3269,3,2,12,40,11,643,761.4,92.0,307.0,116.3,3.19,0.74,48,14.4,37
2022-23,540,Fin,Stevens,Stevens,Brentford,DEF,0,0,0,0,0,0,0,0,0.0,0.0,0.0,0.0,0.00,0.00,40,0.1,0
2022-23,541,Halil,Dervişoğlu,Dervişoğlu,Brentford,FWD,4,6,0,1,0,0,0,11,0.0,0.0,10.0,1.0,0.03,0.00,45,0.5,0
2022-23,580,Mikkel,Damsgaard,Damsgaard,Brentford,MID,33,970,0,0,3,14,0,131,137.4,161.0,146.0,44.5,2.31,1.32,50,0.1,9
2022-23,595,Mathias,Jorgensen,Zanka,Brentford,DEF,45,1097,0,1,4,15,4,191,189.8,18.2,45.0,25.6,1.33,0.15,39,0.9,11
2022-23,632,Ryan,Trevitt,Trevitt,Brentford,MID,0,0,0,0,0,0,0,0,0.0,0.0,0.0,0.0,0.00,0.00,44,0.0,0
2022-23,633,Matthew,Cox,Cox,Brentford,GKP,0,0,0,0,0,0,0,0,0.0,0.0,0.0,0.0,0.00,0.00,39,0.0,0
2022-23,646,Tristan,Crama,Crama,Brentford,DEF,0,0,0,0,0,0,0,0,0.0,0.0,0.0,0.0,0.00,0.00,40,0.0,0
2022-23,650,Yegor,Yarmolyuk,Yarmolyuk,Brentford,MID,0,0,0,0,0,0,0,0,0.0,0.0,0.0,0.0,0.00,0.00,45,0.0,0
2022-23,688,Kevin,Schade,Schade,Brentford,MID,29,723,0,1,3,7,0,76,72.2,110.4,205.0,38.7,2.07,0.67,49,0.0,7
2022-23,752,Michael,Olakigbe,Olakigbe,Brentford,MID,0,0,0,0,0,0,0,0,0.0,0.0,0.0,0.0,0.00,0.00,45,0.0,0
2022-23,101,Adam,Lallana,Lallana,Brighton,MID,47,717,2,1,5,10,4,146,144.2,186.7,152.0,48.5,0.88,1.22,48,0.1,12
2022-23,102,Jason,Steele,Steele,Brighton,GKP,65,1350,0,1,6,23,8,332,347.6,13.0,0.0,36.1,0.00,0.15,40,6.0,15
2022-23,103,Danny,Welbeck,Welbeck,Brighton,FWD,91,1844,6,5,6,28,5,296,378.2,390.6,782.0,155.4,8.59,1.65,65,2.1,21
2022-23,104,Pascal,Groß,Groß,Brighton,MID,159,3240,9,8,11,51,14,748,888.4,1215.4,578.0,268.6,5.19,8.93,54,11.0,37
2022-23,106,Lewis,Dunk,Dunk,Brighton,DEF,112,3240,1,1,12,50,7,648,661.4,163.6,198.0,102.4,1.67,0.90,48,8.2,36
2022-23,107,Solly,March,March,Brighton,MID,147,2719,6,10,10,40,16,559,791.8,965.8,955.0,271.4,7.01,5.90,52,4.4,31
2022-23,108,Adam,Webster,Webster,Brighton,DEF,75,1983,0,0,9,27,3,405,354.0,104.0,126.0,58.4,1.72,0.45,45,0.5,23
2022-23,109,Joël,Veltman,Veltman,Brighton,DEF,95,2183,1,1,10,29,6,447,406.2,200.8,162.0,77.2,1.72,1.02,46,2.4,25
2022-23,113,Robert,Sánchez,Sánchez,Brighton,GKP,82,2070,0,0,6,30,10,380,439.0,0.1,0.0,43.9,0.00,0.01,44,7.6,23
2022-23,114,Tariq,Lamptey,Lamptey,Brighton,DEF,23,439,0,0,1,7,0,91,70.6,87.2,48.0,20.6,0.20,0.64,42,0.9,3
2022-23,115,Steven,Alzate,Alzate,Brighton,MID,0,0,0,0,0,0,0,0,0.0,0.0,0.0,0.0,0.00,0.00,44,0.1,0
2022-23,116,Alexis,Mac Allister,Mac Allister,Brighton,MID,140,2882,10,2,10,45,18,567,741.0,729.6,706.0,217.8,12.05,4.27,56,14.7,31
2022-23,117,Jakub,Moder,Moder,Brighton,MID,0,0,0,0,0,0,0,0,0.0,0.0,0.0,0.0,0.00,0.00,44,0.0,0
2022-23,118,Enock,Mwepu,Mwepu,Brighton,MID,11,209,0,1,0,4,0,29,48.8,39.0,34.0,12.2,0.22,0.24,53,0.0,2
2022-23,119,Jeremy,Sarmiento Morante,Sarmiento,Brighton,MID,16,168,0,2,1,2,0,40,46.6,38.2,50.0,12.9,0.33,0.27,45,0.0,1
2022-23,120,Moisés,Caicedo Corozo,Caicedo,Brighton,MID,79,3138,1,1,10,47,0,503,582.2,668.6,210.0,146.3,1.67,2.51,50,0.4,34
2022-23,121,Taylor,Richards,Richards,Brighton,MID,0,0,0,0,0,0,0,0,0.0,0.0,0.0,0.0,0.00,0.00,45,0.0,0
2022-23,122,Haydon,Roberts,Roberts,Brighton,DEF,0,0,0,0,0,0,0,0,0.0,0.0,0.0,0.0,0.00,0.00,40,0.0,0
2022-23,123,Deniz,Undav,Undav,Brighton,FWD,52,614,5,2,2,9,4,173,157.6,105.7,333.0,59.5,4.89,1.25,50,0.8,6
2022-23,124,Kaoru,Mitoma,Mitoma,Brighton,MID,138,2311,7,9,8,35,11,457,566.8,567.6,857.0,198.9,8.29,4.93,57,27.3,24
2022-23,125,Julio,Enciso,Enciso,Brighton,FWD,57,794,4,3,4,12,7,189,255.8,161.0,370.0,78.5,3.93,1.18,46,2.4,7
2022-23,126,Kacper,Kozłowski,Kozłowski,Brighton,MID,0,0,0,0,0,0,0,0,0.0,0.0,0.0,0.0,0.00,0.00,45,0.0,0
2022-23,149,Billy,Gilmour,Gilmour,Brighton,MID,21,502,0,1,2,8,0,105,67.6,56.5,33.0,15.8,0.50,0.80,42,0.4,7
2022-23,542,Kjell,Scherpen,Scherpen,Brighton,GKP,0,0,0,0,0,0,0,0,0.0,0.0,0.0,0.0,0.00,0.00,40,0.0,0
2022-23,543,Matt,Clarke,Clarke,Brighton,DEF,0,0,0,0,0,0,0,0,0.0,0.0,0.0,0.0,0.00,0.00,40,0.1,0
2022-23,544,Jan Paul,van Hecke,Van Hecke,Brighton,DEF,6,291,0,0,0,7,0,54,62.8,5.5,10.0,7.9,0.55,0.04,40,0.3,3
2022-23,559,Levi,Colwill,Colwill,Brighton,DEF,46,1218,0,2,3,21,6,249,222.0,100.7,50.0,37.4,1.41,0.31,44,0.2,13
2022-23,586,Pervis,Estupiñán,Estupiñán,Brighton,DEF,128,2674,1,7,10,43,15,593,570.2,752.9,295.0,161.3,1.80,3.88,50,20.5,31
2022-23,596,Evan,Ferguson,Ferguson,Brighton,FWD,65,942,6,2,6,12,8,213,284.2,129.1,350.0,76.5,5.44,0.54,46,1.7,10
2022-23,640,Ed,Turns,Turns,Brighton,DEF,0,0,0,0,0,0,0,0,0.0,0.0,0.0,0.0,0.00,0.00,40,0.0,0
2022-23,651,Andrew,Moran,Moran,Brighton,MID,1,11,0,0,0,1,0,3,0.0,0.0,0.0,0.0,0.00,0.00,45,0.0,0
2022-23,652,James,Furlong,Furlong,Brighton,DEF,0,0,0,0,0,0,0,0,0.0,0.0,0.0,0.0,0.00,0.00,40,0.0,0
2022-23,677,Jack,Hinshelwood,Hinshelwood,Brighton,MID,1,1,0,0,0,0,0,3,0.0,0.0,0.0,0.0,0.00,0.00,45,0.0,0
2022-23,679,Facundo,Buonanotte,Buonanotte,Brighton,MID,26,558,1,1,1,12,2,72,87.8,96.1,102.0,27.8,1.30,0.39,45,0.1,6
2022-23,719,Yasin,Ayari,Ayari,Brighton,MID,3,65,0,0,0,2,0,14,5.4,25.3,3.0,3.3,0.02,0.30,45,0.0,1
2022-23,736,Odeluga,Offiah,Offiah,Brighton,DEF,1,23,0,0,0,3,0,10,6.2,1.5,0.0,0.8,0.00,0.02,40,0.0,0
2022-23,756,Tom,McGill,McGill,Brighton,GKP,0,0,0,0,0,0,0,0,0.0,0.0,0.0,0.0,0.00,0.00,40,0.0,0
2022-23,762,Cameron,Peupion,Peupion,Brighton,MID,1,5,0,0,0,2,0,3,0.0,0.3,5.0,0.5,0.06,0.00,45,0.0,0
2022-23,765,Imari,Samuels,Samuels,Brighton,DEF,0,0,0,0,0,0,0,0,0.0,0.0,0.0,0.0,0.00,0.00,40,0.0,0
2022-23,48,Carney,Chukwuemeka,Chukwuemeka,Chelsea,MID,18,342,0,0,1,7,0,71,57.6,69.7,72.0,19.9,0.33,0.61,42,0.3,2
2022-23,112,Marc,Cucurella Saseta,Cucurella,Chelsea,DEF,65,1669,0,2,6,20,1,363,354.4,232.5,72.0,65.9,0.38,0.96,49,5.0,21
2022-23,127,César,Azpilicueta,Azpilicueta,Chelsea,DEF,45,1521,0,0,3,21,4,242,259.2,206.7,93.0,55.8,0.35,1.25,47,1.2,16
2022-23,128,Thiago,Emiliano da Silva,Thiago Silva,Chelsea,DEF,80,2351,0,2,6,32,8,524,657.2,86.1,137.0,88.0,1.54,1.04,54,5.7,26
2022-23,129,Marcos,Alonso,Alonso,Chelsea,DEF,0,0,0,0,0,0,0,0,0.0,0.0,0.0,0.0,0.00,0.00,53,0.7,0
2022-23,131,Ross,Barkley,Barkley,Chelsea,MID,0,0,0,0,0,0,0,0,0.0,0.0,0.0,0.0,0.00,0.00,49,0.0,0
2022-23,132,Mateo,Kovacic,Kovacic,Chelsea,MID,53,1699,1,2,4,25,2,289,294.2,363.8,114.0,77.5,1.79,2.04,49,0.3,17
2022-23,133,Kepa,Arrizabalaga,Arrizabalaga,Chelsea,GKP,118,2565,0,0,9,33,15,575,706.2,0.1,0.0,70.6,0.00,0.00,45,6.4,29
2022-23,134,N'Golo,Kanté,Kanté,Chelsea,MID,18,517,0,1,2,7,1,120,107.0,186.9,58.0,35.2,0.32,0.82,48,1.1,6
2022-23,135,Hakim,Ziyech,Ziyech,Chelsea,MID,33,649,0,3,2,7,0,129,155.4,230.9,113.0,49.0,0.65,1.51,55,0.4,6
2022-23,136,Ruben,Loftus-Cheek,Loftus-Cheek,Chelsea,MID,46,1530,0,1,5,23,1,228,206.6,234.8,173.0,61.6,0.85,1.75,50,0.1,19
2022-23,137,Timo,Werner,Werner,Chelsea,FWD,0,0,0,0,0,0,0,0,0.0,0.0,0.0,0.0,0.00,0.00,79,0.2,0
2022-23,138,Robert Kenedy,Nunes do Nascimento,Kenedy,Chelsea,DEF,0,0,0,0,0,0,0,0,0.0,0.0,0.0,0.0,0.00,0.00,39,0.2,0
2022-23,139,Ben,Chilwell,Chilwell,Chelsea,DEF,70,1402,2,3,4,19,4,302,283.4,382.6,178.0,84.2,1.57,2.49,56,3.1,15
2022-23,140,Christian,Pulisic,Pulisic,Chelsea,MID,39,805,1,1,3,11,0,102,117.2,166.7,210.0,49.1,1.67,0.38,56,0.4,8
2022-23,141,Trevoh,Chalobah,Chalobah,Chelsea,DEF,49,1601,0,0,5,24,1,318,283.6,93.5,108.0,48.7,0.82,0.32,44,0.6,18
2022-23,142,Mason,Mount,Mount,Chelsea,MID,82,1644,3,4,8,21,8,277,331.4,463.1,376.0,117.2,1.97,2.81,72,3.4,20
2022-23,143,Malang,Sarr,Sarr,Chelsea,DEF,0,0,0,0,0,0,0,0,0.0,0.0,0.0,0.0,0.00,0.00,50,0.0,0
2022-23,144,Callum,Hudson-Odoi,Hudson-Odoi,Chelsea,MID,0,0,0,0,0,0,0,0,0.0,0.0,0.0,0.0,0.00,0.00,53,0.0,0
2022-23,145,Kai,Havertz,Havertz,Chelsea,FWD,102,2565,7,1,9,31,13,301,470.2,513.3,1012.0,199.3,11.58,2.75,74,3.2,30
2022-23,146,Reece,James,James,Chelsea,DEF,44,1242,1,2,2,17,5,286,292.2,358.2,153.0,80.4,1.06,2.93,58,10.7,14
2022-23,147,Edouard,Mendy,Mendy,Chelsea,GKP,24,855,0,0,1,14,0,132,200.4,0.0,0.0,20.2,0.00,0.00,48,5.8,9
2022-23,148,Conor,Gallagher,Gallagher,Chelsea,MID,66,1608,3,1,4,23,7,279,379.8,343.5,321.0,104.3,2.55,1.73,56,0.7,18
2022-23,150,Armando,Broja,Broja,Chelsea,FWD,21,285,1,1,1,5,0,56,64.6,18.2,113.0,19.7,0.84,0.06,52,0.3,2
2022-23,151,Ethan,Ampadu,Ampadu,Chelsea,DEF,0,0,0,0,0,0,0,0,0.0,0.0,0.0,0.0,0.00,0.00,44,0.0,0
2022-23,272,Wesley,Fofana,W.Fofana,Chelsea,DEF,37,1362,1,0,2,24,4,244,289.2,59.0,86.0,43.8,0.74,0.29,43,1.0,14
2022-23,304,Raheem,Sterling,Sterling,Chelsea,MID,101,1886,6,4,5,27,9,274,388.2,479.8,603.0,146.8,6.21,3.22,97,3.4,23
2022-23,520,Kalidou,Koulibaly,Koulibaly,Chelsea,DEF,74,1798,2,1,6,22,8,408,497.4,104.1,141.0,74.5,0.88,0.43,55,5.4,20
2022-23,606,Harvey,Vale,Vale,Chelsea,MID,0,0,0,0,0,0,0,0,0.0,0.0,0.0,0.0,0.00,0.00,45,0.0,0
2022-23,616,Denis,Zakaria,Zakaria,Chelsea,MID,13,409,0,0,2,5,0,47,44.6,22.6,24.0,9.2,0.19,0.05,49,0.0,5
2022-23,617,Pierre-Emerick,Aubameyang,Aubameyang,Chelsea,FWD,25,546,1,0,1,8,3,61,55.0,59.4,177.0,28.5,1.53,0.18,84,0.7,5
2022-23,635,Marcus,Bettinelli,Bettinelli,Chelsea,GKP,0,0,0,0,0,0,0,0,0.0,0.0,0.0,0.0,0.00,0.00,40,0.0,0
2022-23,653,Omari,Hutchinson,Hutchinson,Chelsea,MID,1,22,0,0,0,0,0,2,1.0,1.8,4.0,0.7,0.00,0.02,42,0.0,0
2022-23,661,Lewis,Hall,Hall,Chelsea,MID,19,653,0,0,1,11,3,118,113.2,174.3,119.0,40.7,0.83,1.46,43,0.0,8
2022-23,673,Bashir,Humphreys,Humphreys,Chelsea,DEF,0,0,0,0,0,0,0,0,0.0,0.0,0.0,0.0,0.00,0.00,45,0.0,0
2022-23,684,David Datro,Fofana,D.D.Fofana,Chelsea,FWD,3,68,0,0,0,1,0,8,15.2,34.6,30.0,8.0,0.57,0.04,50,0.1,1
2022-23,689,Benoît,Badiashile,Badiashile,Chelsea,DEF,40,904,1,0,4,9,2,209,219.8,49.1,81.0,35.1,1.26,0.20,50,0.4,10
2022-23,690,João,Félix Sequeira,João Félix,Chelsea,FWD,44,936,4,0,2,16,7,126,203.6,135.2,287.0,61.9,4.62,0.99,71,1.7,11
2022-23,699,Mykhailo,Mudryk,Mudryk,Chelsea,MID,25,650,0,2,0,10,0,73,100.8,146.4,140.0,38.2,1.82,1.26,64,0.8,7
2022-23,702,Andrey,Nascimento dos Santos,Andrey Santos,Chelsea,MID,0,0,0,0,0,0,0,0,0.0,0.0,0.0,0.0,0.00,0.00,45,0.0,0
2022-23,708,Noni,Madueke,Madueke,Chelsea,MID,26,639,1,0,0,13,2,105,130.8,131.9,182.0,44.6,0.90,0.72,54,0.1,7
2022-23,724,Enzo,Fernández,Enzo,Chelsea,MID,42,1547,0,2,3,25,1,265,298.2,307.3,64.0,67.1,0.78,2.64,50,0.8,18
2022-23,771,Ethan,Wady,Wady,Chelsea,GKP,0,0,0,0,0,0,0,0,0.0,0.0,0.0,0.0,0.00,0.00,40,0.0,0
2022-23,775,Alfie,Gilchrist,Gilchrist,Chelsea,DEF,0,0,0,0,0,0,0,0,0.0,0.0,0.0,0.0,0.00,0.00,40,0.0,0
2022-23,18,Albert,Sambi Lokonga,Sambi,Crystal Palace,MID,23,728,0,0,2,8,0,129,98.4,57.2,20.0,17.6,0.17,0.18,43,0.2,8
2022-23,152,Vicente,Guaita,Guaita,Crystal Palace,GKP,99,2430,0,0,6,34,10,484,668.4,0.0,0.0,66.8,0.00,0.01,44,1.4,27
2022-23,153,James,Tomkins,Tomkins,Crystal Palace,DEF,8,335,1,0,0,10,1,50,90.0,1.1,54.0,14.6,0.81,0.00,39,0.8,3
2022-23,154,James,McArthur,McArthur,Crystal Palace,MID,4,50,0,0,0,0,0,13,6.8,1.7,0.0,0.9,0.00,0.00,48,0.0,0
2022-23,155,Christian,Benteke,Benteke,Crystal Palace,FWD,0,0,0,0,0,0,0,0,0.0,0.0,0.0,0.0,0.00,0.00,55,0.1,0
2022-23,156,Joel,Ward,Ward,Crystal Palace,DEF,78,2253,1,0,8,35,5,403,436.2,164.3,114.0,71.6,1.12,0.83,44,0.4,24
2022-23,157,Nathaniel,Clyne,Clyne,Crystal Palace,DEF,44,1638,0,0,3,23,0,246,203.6,124.9,8.0,33.6,0.00,0.60,45,0.1,19
2022-23,158,Luka,Milivojevic,Milivojevic,Crystal Palace,MID,23,500,0,0,2,7,0,80,69.2,43.6,17.0,12.7,0.34,0.20,42,0.3,5
2022-23,159,Jordan,Ayew,J.Ayew,Crystal Palace,MID,104,2708,4,3,8,41,4,332,490.8,465.5,429.0,138.7,3.13,2.52,52,0.4,31
2022-23,160,Wilfried,Zaha,Zaha,Crystal Palace,MID,95,2289,7,2,5,34,6,216,465.4,384.8,848.0,169.4,6.32,2.95,72,6.7,27
2022-23,161,Jeffrey,Schlupp,Schlupp,Crystal Palace,MID,89,2528,3,2,9,38,2,324,404.6,257.6,314.0,97.9,2.97,1.11,47,0.1,30
2022-23,163,Will,Hughes,Hughes,Crystal Palace,MID,41,822,1,1,1,11,3,152,153.2,102.1,57.0,31.0,0.34,0.63,48,0.0,7
2022-23,164,Jairo,Riedewald,Riedewald,Crystal Palace,MID,6,60,0,0,0,0,0,19,9.8,2.6,4.0,1.5,0.04,0.01,42,0.0,0
2022-23,165,Joachim,Andersen,Andersen,Crystal Palace,DEF,80,2782,1,0,8,37,1,483,641.8,146.3,273.0,106.4,1.87,1.04,45,1.6,32
2022-23,166,Odsonne,Edouard,Edouard,Crystal Palace,FWD,82,1788,5,2,5,25,5,225,351.6,227.7,544.0,111.5,4.14,0.80,50,2.0,20
2022-23,167,Marc,Guéhi,Guéhi,Crystal Palace,DEF,95,3330,1,0,9,46,2,623,688.2,142.7,205.0,103.9,1.46,0.82,45,2.5,37
2022-23,168,Jean-Philippe,Mateta,Mateta,Crystal Palace,FWD,41,748,2,0,3,10,3,96,115.8,67.1,240.0,41.0,3.44,0.16,51,0.3,6
2022-23,169,Eberechi,Eze,Eze,Crystal Palace,MID,159,2631,10,5,9,35,21,580,692.8,800.4,597.0,208.9,7.25,2.92,57,12.8,30
2022-23,170,Tyrick,Mitchell,Mitchell,Crystal Palace,DEF,93,2889,0,2,8,40,7,476,470.4,234.0,135.0,84.3,0.62,1.25,44,1.0,34
2022-23,171,Michael,Olise,Olise,Crystal Palace,MID,132,2743,2,11,8,38,15,517,606.6,1014.6,462.0,208.8,2.87,6.42,53,1.8,31
2022-23,172,Jesurun,Rak-Sakyi,Rak-Sakyi,Crystal Palace,MID,0,0,0,0,0,0,0,0,0.0,0.0,0.0,0.0,0.00,0.00,45,0.0,0
2022-23,173,Malcolm,Ebiowei,Ebiowei,Crystal Palace,MID,3,31,0,0,0,1,0,9,3.4,0.9,4.0,0.9,0.00,0.01,42,0.2,0
2022-23,174,Nathan,Ferguson,Ferguson,Crystal Palace,DEF,0,0,0,0,0,0,0,0,0.0,0.0,0.0,0.0,0.00,0.00,39,0.2,0
2022-23,175,Sam,Johnstone,Johnstone,Crystal Palace,GKP,36,810,0,0,3,10,5,159,155.0,0.0,0.0,15.6,0.00,0.00,44,1.1,9
2022-23,495,Remi,Matthews,Matthews,Crystal Palace,GKP,0,0,0,0,0,0,0,0,0.0,0.0,0.0,0.0,0.00,0.00,40,0.0,0
2022-23,496,Luke,Plange,Plange,Crystal Palace,FWD,0,0,0,0,0,0,0,0,0.0,0.0,0.0,0.0,0.00,0.00,45,0.2,0
2022-23,514,Cheick,Doucouré,C.Doucouré,Crystal Palace,MID,74,2770,0,3,7,41,3,411,471.4,345.8,157.0,97.6,1.45,1.22,50,0.1,34
2022-23,530,Chris,Richards,Richards,Crystal Palace,DEF,13,443,0,0,1,11,0,83,92.4,15.3,26.0,13.2,0.71,0.05,44,0.1,4
2022-23,590,Joseph,Whitworth,Whitworth,Crystal Palace,GKP,3,180,0,0,0,5,0,28,41.8,0.0,0.0,4.2,0.00,0.00,40,0.1,2
2022-23,601,Kaden,Rodney,Rodney,Crystal Palace,MID,0,0,0,0,0,0,0,0,0.0,0.0,0.0,0.0,0.00,0.00,45,0.0,0
2022-23,604,Killian,Phillips,Phillips,Crystal Palace,MID,0,0,0,0,0,0,0,0,0.0,0.0,0.0,0.0,0.00,0.00,45,0.0,0
2022-23,634,John-Kymani,Gordon,Gordon,Crystal Palace,FWD,0,0,0,0,0,0,0,0,0.0,0.0,0.0,0.0,0.00,0.00,45,0.1,0
2022-23,642,Kofi,Balmer,Balmer,Crystal Palace,DEF,0,0,0,0,0,0,0,0,0.0,0.0,0.0,0.0,0.00,0.00,40,0.1,0
2022-23,644,Owen,Goodman,Goodman,Crystal Palace,GKP,0,0,0,0,0,0,0,0,0.0,0.0,0.0,0.0,0.00,0.00,40,0.0,0
2022-23,654,Jack,Wells-Morrison,Wells-Morrison,Crystal Palace,MID,0,0,0,0,0,0,0,0,0.0,0.0,0.0,0.0,0.00,0.00,45,0.0,0
2022-23,676,David,Ozoh,Ozoh,Crystal Palace,MID,1,1,0,0,0,0,0,3,0.0,0.8,0.0,0.1,0.00,0.00,45,0.0,0
2022-23,725,Naouirou,Ahamada,Ahamada,Crystal Palace,MID,7,87,0,0,0,2,0,20,7.4,13.2,14.0,3.0,0.15,0.02,45,0.0,0
2022-23,766,Tayo,Adaramola,Adaramola,Crystal Palace,DEF,0,0,0,0,0,0,0,0,0.0,0.0,0.0,0.0,0.00,0.00,40,0.0,0
2022-23,110,Neal,Maupay,Maupay,Everton,FWD,41,1104,1,0,3,19,3,86,85.8,109.9,429.0,62.2,4.91,0.24,56,0.5,11
2022-23,176,Asmir,Begović,Begović,Everton,GKP,9,90,0,0,1,0,2,30,36.0,0.0,0.0,3.6,0.00,0.00,38,0.8,1
2022-23,177,Salomón,Rondón,Rondón,Everton,FWD,7,103,0,0,0,2,0,12,7.4,26.1,41.0,7.3,0.79,0.14,49,0.3,1
2022-23,178,Seamus,Coleman,Coleman,Everton,DEF,63,1654,1,0,5,25,5,314,297.8,108.7,95.0,50.4,0.30,0.92,41,0.3,20
2022-23,179,Andros,Townsend,Townsend,Everton,MID,0,0,0,0,0,0,0,0,0.0,0.0,0.0,0.0,0.00,0.00,54,0.0,0
2022-23,180,Michael,Keane,Keane,Everton,DEF,39,983,1,2,2,22,5,180,242.6,42.6,131.0,41.7,1.29,0.83,42,0.5,10
2022-23,181,Dele,Alli,Dele,Everton,MID,2,38,0,0,0,1,0,5,0.6,2.2,6.0,0.9,0.00,0.00,53,0.1,0
2022-23,182,Jordan,Pickford,Pickford,Everton,GKP,124,3330,0,1,8,57,10,666,991.2,23.0,0.0,101.3,0.00,0.35,44,6.2,37
2022-23,183,Allan,Marques Loureiro,Allan,Everton,MID,0,0,0,0,0,0,0,0,0.0,0.0,0.0,0.0,0.00,0.00,48,0.1,0
2022-23,184,André,Tavares Gomes,André Gomes,Everton,MID,0,0,0,0,0,0,0,0,0.0,0.0,0.0,0.0,0.00,0.00,45,0.0,0
2022-23,185,Abdoulaye,Doucouré,A.Doucouré,Everton,MID,76,1527,5,2,4,27,10,263,315.8,261.2,229.0,80.3,2.61,1.52,53,0.2,17
2022-23,186,Alex,Iwobi,Iwobi,Everton,MID,126,3379,2,8,9,56,9,563,682.4,917.7,366.0,196.7,2.56,4.31,49,1.1,38
2022-23,187,Jean-Philippe,Gbamin,Gbamin,Everton,MID,0,0,0,0,0,0,0,0,0.0,0.0,0.0,0.0,0.00,0.00,45,0.0,0
2022-23,188,Yerry,Mina,Mina,Everton,DEF,33,594,2,0,1,9,7,115,176.8,17.7,134.0,33.0,1.52,0.15,43,0.4,7
2022-23,189,Demarai,Gray,Gray,Everton,MID,91,2501,4,1,7,39,4,284,410.4,605.2,670.0,168.5,6.17,3.82,51,0.6,27
2022-23,190,Tom,Davies,Davies,Everton,MID,19,524,0,0,1,9,0,55,50.4,46.2,98.0,19.3,1.30,0.25,49,0.0,4
2022-23,191,Dominic,Calvert-Lewin,Calvert-Lewin,Everton,FWD,40,1166,2,1,4,22,2,89,138.4,122.4,409.0,66.4,5.90,0.72,79,0.3,15
2022-23,192,Mason,Holgate,Holgate,Everton,DEF,16,506,0,0,2,9,2,81,90.4,71.9,55.0,21.5,1.00,0.17,42,0.1,5
2022-23,193,Ben,Godfrey,Godfrey,Everton,DEF,18,801,0,1,1,18,0,101,146.8,42.3,46.0,23.6,1.24,0.08,43,0.1,10
2022-23,194,Vitalii,Mykolenko,Mykolenko,Everton,DEF,75,2653,0,1,7,46,4,449,504.8,307.0,120.0,93.4,0.54,0.91,41,0.6,30
2022-23,196,Jarrad,Branthwaite,Branthwaite,Everton,DEF,0,0,0,0,0,0,0,0,0.0,0.0,0.0,0.0,0.00,0.00,40,0.0,0
2022-23,197,Nathan,Patterson,Patterson,Everton,DEF,31,1274,0,0,2,22,0,173,231.4,111.9,108.0,45.3,0.48,0.71,39,2.2,14
2022-23,198,Niels,Nkounkou,Nkounkou,Everton,DEF,0,0,0,0,0,0,0,0,0.0,0.0,0.0,0.0,0.00,0.00,40,0.2,0
2022-23,199,James,Tarkowski,Tarkowski,Everton,DEF,106,3420,1,1,9,57,13,632,1019.6,184.7,435.0,164.2,2.97,1.89,41,4.4,38
2022-23,475,Conor,Coady,Coady,Everton,DEF,77,2094,1,1,7,28,5,397,392.6,59.5,88.0,54.0,0.84,0.49,47,3.0,23
2022-23,531,Rúben,Nascimento Vinagre,Vinagre,Everton,DEF,2,24,0,0,0,0,0,9,7.6,1.4,0.0,0.9,0.00,0.00,43,0.0,0
2022-23,534,Dwight,McNeil,McNeil,Everton,MID,126,2490,7,5,5,46,14,505,699.4,726.6,462.0,189.2,3.51,5.45,52,2.0,28
2022-23,560,Stanley,Mills,Mills,Everton,MID,0,0,0,0,0,0,0,0,0.0,0.0,0.0,0.0,0.00,0.00,43,0.0,0
2022-23,561,Lewis,Warrington,Warrington,Everton,MID,0,0,0,0,0,0,0,0,0.0,0.0,0.0,0.0,0.00,0.00,44,0.1,0
2022-23,570,James,Garner,Garner,Everton,MID,25,796,0,1,2,13,0,109,90.4,114.6,57.0,26.5,0.70,0.50,45,0.0,7
2022-23,577,Amadou,Onana,Onana,Everton,MID,77,2486,1,3,9,37,2,300,347.2,295.1,280.0,92.0,2.95,1.66,47,0.1,29
2022-23,605,Reece,Welch,Welch,Everton,DEF,0,0,0,0,0,0,0,0,0.0,0.0,0.0,0.0,0.00,0.00,40,0.1,0
2022-23,611,Idrissa,Gueye,Gueye,Everton,MID,66,2577,0,1,8,45,1,357,399.2,193.7,61.0,65.3,0.71,0.83,47,0.1,32
2022-23,627,Eldin,Jakupovic,Jakupović,Everton,GKP,0,0,0,0,0,0,0,0,0.0,0.0,0.0,0.0,0.00,0.00,40,0.0,0
2022-23,637,Kyle,John,John,Everton,DEF,0,0,0,0,0,0,0,0,0.0,0.0,0.0,0.0,0.00,0.00,39,0.1,0
2022-23,662,Thomas,Cannon,Cannon,Everton,FWD,2,23,0,0,0,1,0,7,5.0,11.6,21.0,3.8,0.09,0.00,45,0.0,0
2022-23,678,Isaac,Price,Price,Everton,MID,0,32,0,0,0,0,0,3,9.6,15.6,0.0,2.5,0.00,0.02,45,0.0,0
2022-23,686,Ellis,Simms,Simms,Everton,FWD,17,219,1,0,0,4,0,59,40.8,39.3,54.0,13.0,0.86,0.15,45,0.1,2
2022-23,757,Ishé,Samuels-Smith,Samuels-Smith,Everton,DEF,0,0,0,0,0,0,0,0,0.0,0.0,0.0,0.0,0.00,0.00,40,0.0,0
2022-23,760,Andy,Lonergan,Lonergan,Everton,GKP,0,0,0,0,0,0,0,0,0.0,0.0,0.0,0.0,0.00,0.00,40,0.0,0
2022-23,768,Sean,McAllister,McAllister,Everton,MID,0,0,0,0,0,0,0,0,0.0,0.0,0.0,0.0,0.00,0.00,45,0.0,0
2022-23,1,Cédric,Alves Soares,Cédric,Fulham,DEF,10,223,0,0,0,3,0,56,56.4,51.4,10.0,11.9,0.06,0.19,42,0.1,2
2022-23,2,Bernd,Leno,Leno,Fulham,GKP,142,3240,0,0,8,51,17,766,1115.8,10.0,0.0,112.7,0.00,0.00,46,3.5,36
2022-23,105,Shane,Duffy,Duffy,Fulham,DEF,4,17,0,0,0,4,0,12,0.2,0.2,7.0,0.2,0.16,0.00,42,0.1,0
2022-23,200,Tom,Cairney,Cairney,Fulham,MID,53,968,2,1,1,13,2,217,189.2,228.2,204.0,62.4,1.44,1.51,47,0.1,6
2022-23,201,Tim,Ream,Ream,Fulham,DEF,98,2898,1,0,8,44,12,560,604.2,65.2,76.0,74.8,0.24,0.27,45,1.2,33
2022-23,202,Anthony,Knockaert,Knockaert,Fulham,MID,0,0,0,0,0,0,0,0,0.0,0.0,0.0,0.0,0.00,0.00,47,0.0,0
2022-23,203,Nathaniel,Chalobah,Chalobah,Fulham,MID,1,11,0,0,0,4,0,2,4.6,0.6,17.0,2.3,0.09,0.00,44,0.1,1
2022-23,204,Neeskens,Kebano,Kebano,Fulham,MID,40,758,0,4,3,10,0,123,119.6,179.7,112.0,41.5,0.48,0.88,54,0.0,9
2022-23,205,Bobby,De Cordova-Reid,De Cordova-Reid,Fulham,MID,90,2473,4,1,8,40,3,289,365.2,326.6,508.0,119.7,3.91,1.49,54,0.1,29
2022-23,206,Joe,Bryan,Bryan,Fulham,DEF,0,0,0,0,0,0,0,0,0.0,0.0,0.0,0.0,0.00,0.00,44,0.0,0
2022-23,207,Paulo,Gazzaniga Farias,Gazzaniga,Fulham,GKP,0,0,0,0,0,0,0,0,0.0,0.0,0.0,0.0,0.00,0.00,40,1.2,0
2022-23,208,Terence,Kongolo,Kongolo,Fulham,DEF,0,0,0,0,0,0,0,0,0.0,0.0,0.0,0.0,0.00,0.00,39,0.2,0
2022-23,209,Tosin,Adarabioyo,Tosin,Fulham,DEF,49,2084,1,0,3,39,1,353,495.0,89.8,128.0,71.4,0.71,0.47,44,0.1,23
2022-23,210,Aleksandar,Mitrović,Mitrović,Fulham,FWD,107,2010,14,2,7,30,14,324,584.8,216.5,1141.0,193.1,15.31,1.31,66,12.5,23
2022-23,211,Harrison,Reed,Reed,Fulham,MID,107,2868,3,4,9,44,9,409,480.4,495.6,266.0,124.2,1.95,2.04,43,1.0,35
2022-23,212,Harry,Wilson,Wilson,Fulham,MID,68,1085,2,5,2,15,2,215,209.2,182.1,173.0,56.4,2.03,1.03,57,0.2,13
2022-23,213,Marek,Rodák,Rodák,Fulham,GKP,7,180,0,0,1,2,0,33,19.0,0.0,0.0,1.9,0.00,0.00,43,0.2,2
2022-23,214,Ivan,Neves Abreu Cavaleiro,Cavaleiro,Fulham,MID,0,0,0,0,0,0,0,0,0.0,0.0,0.0,0.0,0.00,0.00,48,0.0,0
2022-23,215,Kenny,Tete,Tete,Fulham,DEF,90,2569,1,5,7,36,1,484,617.8,385.6,110.0,111.6,0.74,1.90,44,0.4,29
2022-23,216,Josh,Onomah,Onomah,Fulham,MID,2,14,0,0,0,2,0,4,2.0,0.6,0.0,0.3,0.00,0.00,43,0.1,0
2022-23,217,Antonee,Robinson,Robinson,Fulham,DEF,93,3088,0,2,9,44,5,558,553.0,417.6,57.0,102.9,0.07,1.68,44,0.5,35
2022-23,218,Rodrigo,Muniz Carvalho,Muniz,Fulham,FWD,0,0,0,0,0,0,0,0,0.0,0.0,0.0,0.0,0.00,0.00,54,0.0,0
2022-23,219,Jay,Stansfield,Stansfield,Fulham,FWD,7,85,0,1,0,2,0,22,8.4,12.8,46.0,6.7,0.25,0.03,45,0.7,1
2022-23,220,João,Palhinha Gonçalves,Palhinha,Fulham,MID,83,3108,3,0,9,43,5,379,560.4,141.8,336.0,104.2,2.93,0.39,49,0.3,35
2022-23,231,Daniel,James,James,Fulham,MID,45,802,2,1,1,18,2,152,144.6,121.4,218.0,48.1,2.02,0.75,59,0.2,7
2022-23,346,Andreas,Hoelgebaum Pereira,Andreas,Fulham,MID,123,2696,4,10,8,40,9,360,440.6,965.0,495.0,189.3,7.16,4.26,43,10.1,33
2022-23,470,Issa,Diop,Diop,Fulham,DEF,79,2008,1,0,7,26,8,422,432.6,27.7,78.0,53.8,0.29,0.49,43,0.3,21
2022-23,521,Tyrese,Francois,Francois,Fulham,MID,1,1,0,0,0,0,0,3,1.0,0.3,0.0,0.1,0.00,0.00,44,0.0,0
2022-23,532,Kevin,Mbabu,Mbabu,Fulham,DEF,7,141,0,1,0,7,0,39,39.8,37.7,0.0,7.8,0.00,0.42,43,0.1,1
2022-23,546,Luke,Harris,Harris,Fulham,MID,3,10,0,0,0,1,0,7,0.6,1.6,0.0,0.2,0.00,0.00,43,0.0,0
2022-23,562,Manor,Solomon,Solomon,Fulham,MID,44,560,4,0,0,11,1,156,214.8,86.0,107.0,40.8,1.21,0.78,49,0.1,4
2022-23,591,Terry,Ablade,Ablade,Fulham,FWD,0,0,0,0,0,0,0,0,0.0,0.0,0.0,0.0,0.00,0.00,45,0.1,0
2022-23,613,Layvin,Kurzawa,Kurzawa,Fulham,DEF,2,136,0,0,0,4,0,13,20.2,4.5,0.0,2.5,0.00,0.03,43,0.0,2
2022-23,614,Willian,Borges da Silva,Willian,Fulham,MID,116,2127,5,7,9,22,11,442,430.2,658.8,447.0,153.6,3.46,2.99,55,0.5,25
2022-23,618,Carlos Vinícius,Alves Morais,Vinícius,Fulham,FWD,72,1098,5,2,1,20,10,206,244.0,118.3,370.0,72.7,3.04,0.72,54,0.5,11
2022-23,636,Stefan,Parkes,Parkes,Fulham,DEF,0,0,0,0,0,0,0,0,0.0,0.0,0.0,0.0,0.00,0.00,40,0.0,0
2022-23,641,Martial,Godo,Godo,Fulham,MID,0,0,0,0,0,0,0,0,0.0,0.0,0.0,0.0,0.00,0.00,45,0.0,0
2022-23,667,Kristian,Sekularac,Sekularac,Fulham,MID,0,0,0,0,0,0,0,0,0.0,0.0,0.0,0.0,0.00,0.00,45,0.0,0
2022-23,726,Sasa,Lukic,Lukic,Fulham,MID,15,406,0,0,0,10,0,58,34.2,16.0,18.0,6.8,0.13,0.16,45,0.0,4
2022-23,747,George,Wickens,Wickens,Fulham,GKP,0,0,0,0,0,0,0,0,0.0,0.0,0.0,0.0,0.00,0.00,40,0.0,0
2022-23,750,Charlie,Robinson,C.Robinson,Fulham,DEF,0,0,0,0,0,0,0,0,0.0,0.0,0.0,0.0,0.00,0.00,40,0.0,0
2022-23,763,Matthew,Dibley-Dias,Dibley-Dias,Fulham,MID,0,0,0,0,0,0,0,0,0.0,0.0,0.0,0.0,0.00,0.00,45,0.0,0
2022-23,248,Kasper,Schmeichel,Schmeichel,Leicester,GKP,0,0,0,0,0,0,0,0,0.0,0.0,0.0,0.0,0.00,0.00,50,0.1,0
2022-23,249,Jonny,Evans,Evans,Leicester,DEF,20,1051,0,0,2,28,0,191,223.8,20.6,35.0,27.9,0.17,0.18,44,0.2,12
2022-23,250,Ryan,Bertrand,Bertrand,Leicester,DEF,0,0,0,0,0,0,0,0,0.0,0.0,0.0,0.0,0.00,0.00,39,0.0,0
2022-23,251,Marc,Albrighton,Albrighton,Leicester,MID,13,232,1,0,0,3,0,57,76.8,95.2,43.0,21.4,0.37,0.41,47,0.0,1
2022-23,252,Nampalys,Mendy,Mendy,Leicester,MID,30,746,1,0,0,13,1,142,115.2,42.0,20.0,17.8,0.13,0.13,42,0.4,7
2022-23,253,Jannik,Vestergaard,Vestergaard,Leicester,DEF,0,0,0,0,0,0,0,0,0.0,0.0,0.0,0.0,0.00,0.00,38,4.9,0
2022-23,254,Danny,Ward,Ward,Leicester,GKP,91,2340,0,0,6,46,12,485,631.4,0.0,0.0,63.0,0.00,0.00,38,18.4,26
2022-23,255,Jamie,Vardy,Vardy,Leicester,FWD,82,1841,3,5,4,38,4,206,287.0,173.5,451.0,90.6,6.74,0.70,91,2.3,19
2022-23,256,Ricardo,Barbosa Pereira,Ricardo,Leicester,DEF,20,451,1,1,0,11,2,106,148.0,100.2,25.0,27.3,0.12,0.70,42,0.1,5
2022-23,257,Daniel,Amartey,Amartey,Leicester,DEF,51,1608,0,0,5,27,4,328,358.4,79.8,50.0,48.9,1.07,0.44,39,0.7,18
2022-23,258,Timothy,Castagne,Castagne,Leicester,DEF,114,3255,2,4,8,63,11,615,679.8,377.3,289.0,135.0,2.16,2.13,43,5.5,36
2022-23,259,Youri,Tielemans,Tielemans,Leicester,MID,86,2341,3,3,6,49,6,461,512.2,458.3,190.0,116.2,2.50,2.99,61,1.2,27
2022-23,260,Ayoze,Pérez,Pérez,Leicester,MID,19,378,0,2,1,5,0,69,65.2,151.0,92.0,30.9,1.05,0.57,47,0.1,3
2022-23,261,James,Maddison,Maddison,Leicester,MID,135,2479,10,9,4,54,9,520,785.4,970.0,769.0,252.9,8.50,5.53,78,5.5,28
2022-23,262,Kelechi,Iheanacho,Iheanacho,Leicester,FWD,82,1112,5,5,1,23,9,237,306.6,228.9,437.0,95.7,6.86,1.56,58,0.9,11
2022-23,263,Hamza,Choudhury,Choudhury,Leicester,MID,0,0,0,0,0,0,0,0,0.0,0.0,0.0,0.0,0.00,0.00,45,0.0,0
2022-23,264,Harvey,Barnes,Barnes,Leicester,MID,138,2709,13,2,6,51,0,379,567.4,305.1,883.0,175.5,9.07,2.33,66,1.7,32
2022-23,265,Wilfred,Ndidi,Ndidi,Leicester,MID,41,1672,0,0,1,39,0,257,317.6,73.0,45.0,43.2,0.22,0.18,48,0.2,19
2022-23,266,Kiernan,Dewsbury-Hall,Dewsbury-Hall,Leicester,MID,82,2305,2,3,7,41,5,347,446.6,527.7,233.0,121.0,2.17,2.62,49,0.5,28
2022-23,267,Çaglar,Söyüncü,Söyüncü,Leicester,DEF,16,528,1,0,0,13,3,93,174.6,13.3,53.0,24.1,0.42,0.02,42,0.2,6
2022-23,268,James,Justin,Justin,Leicester,DEF,45,1252,0,2,5,25,2,263,208.4,138.8,40.0,38.7,0.31,0.49,41,0.4,14
2022-23,269,Boubakary,Soumaré,Soumaré,Leicester,MID,41,1624,0,0,6,30,0,238,236.6,148.7,5.0,39.2,0.03,0.47,44,0.3,20
2022-23,270,Luke,Thomas,Thomas,Leicester,DEF,28,1068,0,1,2,20,0,189,166.8,89.4,12.0,26.8,0.09,0.48,39,0.2,11
2022-23,271,Patson,Daka,Daka,Leicester,FWD,70,1169,4,4,5,24,3,231,295.2,223.6,440.0,95.1,3.55,1.69,56,0.8,13
2022-23,273,Lewis,Brunt,Brunt,Leicester,DEF,1,22,0,0,0,1,0,4,2.2,1.0,0.0,0.3,0.00,0.01,39,0.3,0
2022-23,548,Daniel,Iversen,Iversen,Leicester,GKP,29,1080,0,0,1,22,2,183,255.8,0.0,0.0,25.6,0.00,0.00,39,5.1,12
2022-23,549,Dennis,Praet,Praet,Leicester,MID,34,635,1,1,2,10,0,115,96.4,66.9,64.0,22.7,1.04,0.43,48,0.0,6
2022-23,581,Alex,Smithies,Smithies,Leicester,GKP,0,0,0,0,0,0,0,0,0.0,0.0,0.0,0.0,0.00,0.00,39,0.1,0
2022-23,612,Wout,Faes,Faes,Leicester,DEF,78,2786,1,2,7,51,5,545,662.4,115.6,93.0,87.1,1.20,0.58,42,0.2,31
2022-23,639,Sammy,Braybrooke,Braybrooke,Leicester,MID,0,0,0,0,0,0,0,0,0.0,0.0,0.0,0.0,0.00,0.00,45,0.0,0
2022-23,645,Joe,Wormleighton,Wormleighton,Leicester,DEF,0,0,0,0,0,0,0,0,0.0,0.0,0.0,0.0,0.00,0.00,40,0.0,0
2022-23,687,Kasey,McAteer,McAteer,Leicester,MID,0,0,0,0,0,0,0,0,0.0,0.0,0.0,0.0,0.00,0.00,45,0.0,0
2022-23,709,Victor,Kristiansen,Kristiansen,Leicester,DEF,16,891,0,1,0,21,0,111,173.2,119.3,14.0,30.8,0.12,0.60,45,0.0,11
2022-23,715,Mateus,Cardoso Lemos Martins,Tetê,Leicester,MID,27,732,1,0,0,15,1,90,84.0,98.7,109.0,28.8,1.73,0.26,49,0.1,9
2022-23,727,Harry,Souttar,Souttar,Leicester,DEF,20,991,0,1,1,19,0,151,242.6,38.9,65.0,34.6,1.47,0.10,45,0.1,11
2022-23,735,Wanya,Marçal-Madivadua,Marçal-Madivadua,Leicester,MID,0,0,0,0,0,0,0,0,0.0,0.0,0.0,0.0,0.00,0.00,45,0.0,0
2022-23,221,Liam,Cooper,Cooper,Leeds,DEF,31,1425,1,0,2,32,1,238,309.8,65.2,145.0,51.7,0.90,0.31,44,0.1,16
2022-23,222,Luke,Ayling,Ayling,Leeds,DEF,59,2048,2,1,3,48,4,336,451.8,209.3,264.0,92.8,2.93,2.24,45,0.3,22
2022-23,223,Mateusz,Klich,Klich,Leeds,MID,12,266,0,0,0,5,0,43,39.6,69.3,50.0,15.2,0.16,0.22,46,0.0,0
2022-23,224,Adam,Forshaw,Forshaw,Leeds,MID,16,473,0,0,0,13,0,78,49.6,62.0,0.0,11.3,0.03,0.65,44,0.0,5
2022-23,225,Rodrigo,Moreno,Rodrigo,Leeds,MID,127,1928,13,2,5,43,6,368,577.6,241.1,853.0,166.5,8.04,1.24,63,4.1,23
2022-23,226,Stuart,Dallas,Dallas,Leeds,DEF,0,0,0,0,0,0,0,0,0.0,0.0,0.0,0.0,0.00,0.00,49,0.0,0
2022-23,227,Patrick,Bamford,Bamford,Leeds,FWD,70,1510,4,5,1,31,3,157,252.2,171.6,588.0,99.6,8.51,0.90,71,0.4,18
2022-23,228,Diego,Llorente,Llorente,Leeds,DEF,16,648,0,0,1,12,2,115,99.0,5.8,40.0,14.6,0.72,0.03,44,0.2,7
2022-23,229,Tyler,Roberts,Roberts,Leeds,MID,0,0,0,0,0,0,0,0,0.0,0.0,0.0,0.0,0.00,0.00,50,0.0,0
2022-23,230,Robin,Koch,Koch,Leeds,DEF,55,3175,0,0,5,74,2,447,589.2,72.9,201.0,86.3,1.59,0.47,45,0.2,36
2022-23,232,Raphael,Dias Belloli,Raphinha,Leeds,MID,0,0,0,0,0,0,0,0,0.0,0.0,0.0,0.0,0.00,0.00,70,0.1,0
2022-23,233,Jack,Harrison,Harrison,Leeds,MID,134,2707,5,8,6,55,15,403,556.2,791.5,466.0,181.2,5.44,5.06,57,2.1,34
2022-23,234,Jamie,Shackleton,Shackleton,Leeds,MID,0,0,0,0,0,0,0,0,0.0,0.0,0.0,0.0,0.00,0.00,45,0.0,0
2022-23,235,Pascal,Struijk,Struijk,Leeds,DEF,66,2198,2,2,4,52,4,423,544.4,216.2,253.0,101.5,1.35,1.20,45,0.5,26
2022-23,236,Kristoffer,Klaesson,Klaesson,Leeds,GKP,0,0,0,0,0,0,0,0,0.0,0.0,0.0,0.0,0.00,0.00,38,0.7,0
2022-23,237,Sam,Greenwood,Greenwood,Leeds,FWD,30,410,1,2,0,11,1,107,121.8,210.5,85.0,41.6,0.69,1.06,41,10.8,3
2022-23,238,Illan,Meslier,Meslier,Leeds,GKP,90,3060,0,0,5,67,8,548,738.6,0.0,17.0,75.9,0.12,0.01,44,1.7,34
2022-23,239,Junior,Firpo Adames,Firpo,Leeds,DEF,30,1364,1,2,1,33,3,187,286.0,123.4,41.0,45.0,0.12,0.75,45,0.1,14
2022-23,240,Crysencio,Summerville,Summerville,Leeds,MID,74,1411,4,4,1,38,4,235,311.8,222.6,357.0,88.6,2.83,1.11,42,0.6,12
2022-23,241,Lewis,Bate,Bate,Leeds,MID,0,0,0,0,0,0,0,0,0.0,0.0,0.0,0.0,0.00,0.00,45,0.0,0
2022-23,242,Joe,Gelhardt,Gelhardt,Leeds,FWD,20,201,0,2,0,3,0,44,49.4,32.1,114.0,19.4,0.84,0.40,51,0.2,1
2022-23,243,Leo Fuhr,Hjelde,Hjelde,Leeds,DEF,0,0,0,0,0,0,0,0,0.0,0.0,0.0,0.0,0.00,0.00,39,0.2,0
2022-23,244,Rasmus,Kristensen,Kristensen,Leeds,DEF,51,1957,3,1,2,53,1,322,474.4,143.6,160.0,78.0,0.86,0.88,47,0.4,21
2022-23,245,Marc,Roca Junqué,Roca,Leeds,MID,67,2316,1,3,2,60,3,357,433.6,475.8,323.0,123.1,2.10,2.49,48,0.1,29
2022-23,246,Brenden,Aaronson,Aaronson,Leeds,MID,83,2365,1,4,5,58,0,232,306.0,662.6,439.0,141.1,3.98,2.51,53,0.6,28
2022-23,247,Darko,Gyabi,Gyabi,Leeds,MID,1,7,0,0,0,0,0,7,4.4,0.5,20.0,2.5,0.06,0.00,42,0.1,0
2022-23,506,Tyler,Adams,Adams,Leeds,MID,47,2156,0,0,5,36,1,290,393.6,328.9,24.0,74.9,0.11,1.05,49,0.1,24
2022-23,508,Luis,Sinisterra Lucumí,Sinisterra,Leeds,MID,53,863,5,0,0,23,6,173,242.8,157.7,305.0,70.6,3.81,0.88,65,0.2,13
2022-23,547,Cody,Drameh,Drameh,Leeds,DEF,1,70,0,0,0,3,0,16,12.8,2.7,0.0,1.6,0.00,0.01,40,0.1,1
2022-23,565,Archie,Gray,Gray,Leeds,MID,0,0,0,0,0,0,0,0,0.0,0.0,0.0,0.0,0.00,0.00,45,0.0,0
2022-23,578,Joel,Robles,Robles,Leeds,GKP,7,360,0,0,0,11,0,65,93.2,0.0,0.0,9.3,0.00,0.01,40,0.1,4
2022-23,619,Wilfried,Gnonto,Gnonto,Leeds,FWD,55,1346,2,4,4,28,6,183,264.8,323.5,253.0,84.3,1.79,2.12,47,0.7,14
2022-23,659,Mateo Joseph,Fernández,Mateo Joseph,Leeds,FWD,3,24,0,0,0,0,0,5,3.0,0.2,19.0,2.2,0.06,0.00,45,0.0,0
2022-23,663,Sonny,Perkins,Perkins,Leeds,FWD,0,0,0,0,0,0,0,0,0.0,0.0,0.0,0.0,0.00,0.00,45,0.0,0
2022-23,691,Maximilian,Wöber,Wöber,Leeds,DEF,25,1264,0,0,2,23,2,195,273.4,65.8,54.0,39.5,0.77,0.37,44,0.0,14
2022-23,700,Georginio,Rutter,Rutter,Leeds,FWD,15,263,0,1,0,9,0,45,36.2,38.3,41.0,11.4,0.41,0.23,50,0.0,1
2022-23,720,Weston,McKennie,McKennie,Leeds,MID,31,1434,0,1,1,35,0,135,198.8,201.7,81.0,48.3,0.78,0.56,46,0.0,16
2022-23,742,Jeremiah,Chilokoa-Mullen,Chilokoa-Mullen,Leeds,DEF,0,0,0,0,0,0,0,0,0.0,0.0,0.0,0.0,0.00,0.00,40,0.0,0
2022-23,743,Diogo,Pinheiro Monteiro,Monteiro,Leeds,DEF,0,0,0,0,0,0,0,0,0.0,0.0,0.0,0.0,0.00,0.00,40,0.0,0
2022-23,274,James,Milner,Milner,Liverpool,MID,42,889,0,1,3,12,0,187,172.8,207.2,92.0,47.2,0.40,1.63,44,0.6,7
2022-23,275,Jordan,Henderson,Henderson,Liverpool,MID,69,2060,0,3,8,30,0,401,307.4,506.1,174.0,99.1,1.35,3.59,53,0.5,23
2022-23,276,Joel,Matip,Matip,Liverpool,DEF,36,1091,1,0,3,20,4,216,223.4,49.5,90.0,36.2,0.87,0.93,59,0.9,12
2022-23,277,Thiago,Alcántara do Nascimento,Thiago,Liverpool,MID,30,1252,0,0,2,23,0,194,244.4,265.8,86.0,59.8,0.46,1.18,51,0.6,14
2022-23,278,Alex,Oxlade-Chamberlain,Chamberlain,Liverpool,MID,20,332,1,0,0,7,2,57,72.4,66.3,84.0,22.3,1.27,0.18,49,0.0,4
2022-23,279,Roberto,Firmino,Firmino,Liverpool,FWD,104,1202,11,4,4,17,12,447,542.0,293.2,792.0,162.8,5.48,2.16,80,3.2,13
2022-23,280,Virgil,van Dijk,Van Dijk,Liverpool,DEF,127,2835,3,1,11,36,13,636,743.2,121.0,389.0,125.4,2.50,1.09,66,12.4,32
2022-23,281,Alisson,Ramses Becker,Alisson,Liverpool,GKP,162,3330,0,1,14,43,15,824,966.4,10.1,0.0,97.6,0.00,0.02,55,16.8,37
2022-23,282,Fabio Henrique,Tavares,Fabinho,Liverpool,MID,70,2666,0,2,11,34,0,394,379.2,302.0,109.0,79.0,0.70,1.87,52,0.8,31
2022-23,283,Mohamed,Salah,Salah,Liverpool,MID,239,3290,19,13,13,45,23,651,1046.2,869.9,1620.0,353.7,21.01,7.03,131,37.2,37
2022-23,284,Andrew,Robertson,Robertson,Liverpool,DEF,121,2579,0,8,9,34,10,633,549.2,862.1,211.0,162.3,1.24,6.69,68,6.0,29
2022-23,285,Trent,Alexander-Arnold,Alexander-Arnold,Liverpool,DEF,156,2922,2,11,10,44,21,824,779.0,1168.2,241.0,219.0,2.36,9.26,78,30.7,34
2022-23,286,Joseph,Gomez,Gomez,Liverpool,DEF,68,1461,0,0,8,16,8,337,297.8,43.7,27.0,36.9,0.20,0.67,43,0.8,15
2022-23,287,Naby,Keita,Keita,Liverpool,MID,10,290,0,0,1,4,0,34,23.8,92.6,54.0,16.9,0.67,0.20,47,0.0,3
2022-23,288,Diogo,Teixeira da Silva,Diogo Jota,Liverpool,FWD,80,1125,7,4,5,19,9,282,304.2,237.9,337.0,87.5,6.38,1.70,86,2.0,12
2022-23,289,Caoimhin,Kelleher,Kelleher,Liverpool,GKP,2,90,0,0,0,4,0,20,0.0,0.0,0.0,0.0,0.00,0.00,39,0.2,1
2022-23,290,Ibrahima,Konaté,Konaté,Liverpool,DEF,49,1551,0,0,7,22,0,305,285.6,39.6,144.0,46.8,1.21,0.65,49,1.3,17
2022-23,291,Curtis,Jones,Jones,Liverpool,MID,52,1029,3,1,4,15,4,206,266.2,214.4,236.0,71.6,1.15,1.36,49,0.4,12
2022-23,292,Konstantinos,Tsimikas,Tsimikas,Liverpool,DEF,48,762,0,4,4,11,2,216,177.6,281.7,124.0,58.5,0.68,1.30,43,0.4,9
2022-23,293,Luis,Díaz,Luis Díaz,Liverpool,MID,62,991,4,2,4,11,7,166,236.2,176.7,388.0,80.1,2.48,1.32,78,6.6,11
2022-23,294,Harvey,Elliott,Elliott,Liverpool,MID,62,1600,1,2,5,20,2,286,257.0,372.3,363.0,99.4,2.12,4.31,48,0.5,18
2022-23,296,Fábio,Freitas Gouveia Carvalho,Carvalho,Liverpool,MID,27,339,2,1,0,3,0,80,89.4,36.7,173.0,29.7,1.11,0.25,51,0.3,4
2022-23,297,Darwin,Núñez Ribeiro,Darwin,Liverpool,FWD,100,1684,9,5,7,22,8,310,458.2,336.9,1078.0,186.0,12.15,2.66,86,6.4,19
2022-23,298,Calvin,Ramsay,Ramsay,Liverpool,DEF,0,0,0,0,0,0,0,0,0.0,0.0,0.0,0.0,0.00,0.00,39,0.2,0
2022-23,497,Adrián,San Miguel del Castillo,Adrián,Liverpool,GKP,0,0,0,0,0,0,0,0,0.0,0.0,0.0,0.0,0.00,0.00,38,0.6,0
2022-23,498,Rhys,Williams,R.Williams,Liverpool,DEF,0,0,0,0,0,0,0,0,0.0,0.0,0.0,0.0,0.00,0.00,40,0.0,0
2022-23,499,Ben,Davies,Davies,Liverpool,DEF,0,0,0,0,0,0,0,0,0.0,0.0,0.0,0.0,0.00,0.00,40,0.0,0
2022-23,500,Sepp,van den Berg,Van den Berg,Liverpool,DEF,0,0,0,0,0,0,0,0,0.0,0.0,0.0,0.0,0.00,0.00,40,0.1,0
2022-23,501,Nathaniel,Phillips,Phillips,Liverpool,DEF,3,65,0,0,0,1,0,17,15.4,1.4,18.0,3.4,0.04,0.01,38,0.6,1
2022-23,563,Luke,Chambers,Chambers,Liverpool,DEF,0,0,0,0,0,0,0,0,0.0,0.0,0.0,0.0,0.00,0.00,40,0.1,0
2022-23,564,Stefan,Bajcetic,Bajcetic,Liverpool,MID,22,522,1,0,3,4,0,85,90.2,61.7,77.0,22.8,0.79,0.47,43,0.0,6
2022-23,584,Bobby,Clark,Clark,Liverpool,MID,1,7,0,0,0,0,0,1,0.0,0.3,2.0,0.2,0.00,0.09,45,0.0,0
2022-23,592,Harvey,Davies,H.Davies,Liverpool,GKP,0,0,0,0,0,0,0,0,0.0,0.0,0.0,0.0,0.00,0.00,40,0.0,0
2022-23,620,Arthur Henrique,Ramos de Oliveira Melo,Arthur,Liverpool,MID,0,0,0,0,0,0,0,0,0.0,0.0,0.0,0.0,0.00,0.00,48,0.0,0
2022-23,665,Ben,Doak,Doak,Liverpool,MID,2,23,0,0,0,1,0,4,5.6,1.4,4.0,1.2,0.00,0.00,45,0.0,0
2022-23,680,Cody,Gakpo,Gakpo,Liverpool,MID,90,1455,7,3,6,19,4,256,331.8,271.1,415.0,101.3,6.43,1.87,76,5.3,17
2022-23,299,Kyle,Walker,Walker,Man City,DEF,69,1953,0,0,7,20,0,376,223.8,176.2,39.0,43.8,0.39,1.32,47,4.5,22
2022-23,300,Ilkay,Gündogan,Gündogan,Man City,MID,132,2351,8,6,10,20,9,518,596.2,636.9,597.0,182.7,7.83,4.37,74,7.7,27
2022-23,301,Kevin,De Bruyne,De Bruyne,Man City,MID,183,2413,7,18,10,23,26,742,897.8,1476.7,598.0,297.6,5.34,13.69,121,25.5,28
2022-23,302,John,Stones,Stones,Man City,DEF,93,1844,2,2,7,17,13,422,396.0,164.1,135.0,69.6,1.03,0.97,56,8.2,21
2022-23,303,Riyad,Mahrez,Mahrez,Man City,MID,126,1913,5,12,6,23,11,470,533.6,773.4,520.0,182.5,5.40,5.22,75,8.9,22
2022-23,305,Jack,Grealish,Grealish,Man City,MID,121,2051,5,10,10,16,9,490,515.8,721.3,683.0,191.7,4.50,6.74,71,7.9,23
2022-23,306,João,Cancelo,Cancelo,Man City,DEF,73,1273,2,2,6,16,10,304,277.0,266.4,276.0,81.2,0.83,1.53,71,17.8,16
2022-23,307,Ederson,Santana de Moraes,Ederson,Man City,GKP,121,3150,0,1,11,32,8,581,479.0,13.1,0.0,49.2,0.00,0.22,54,15.0,35
2022-23,308,Nathan,Aké,Aké,Man City,DEF,92,1871,1,0,9,15,9,419,383.4,161.6,150.0,69.7,1.55,1.30,50,2.4,22
2022-23,309,Aymeric,Laporte,Laporte,Man City,DEF,40,992,0,0,4,10,3,210,166.2,107.8,68.0,34.1,0.49,0.44,56,0.6,11
2022-23,310,Zack,Steffen,Steffen,Man City,GKP,0,0,0,0,0,0,0,0,0.0,0.0,0.0,0.0,0.00,0.00,40,0.0,0
2022-23,311,Bernardo,Veiga de Carvalho e Silva,Bernardo,Man City,MID,106,2196,4,6,7,24,9,427,492.0,515.0,424.0,143.1,2.09,3.83,67,5.9,24
2022-23,312,Rúben,Gato Alves Dias,Dias,Man City,DEF,80,1997,0,0,9,16,1,432,416.8,83.7,124.0,62.5,1.36,0.34,60,7.4,22
2022-23,314,Phil,Foden,Foden,Man City,MID,142,1832,11,7,5,16,15,517,671.2,670.8,712.0,205.4,5.75,4.73,80,9.7,22
2022-23,315,Rodrigo,Hernandez,Rodri,Man City,MID,108,2911,2,6,11,26,7,606,716.0,555.9,493.0,176.9,4.53,3.49,56,1.9,34
2022-23,316,Cole,Palmer,Palmer,Man City,MID,19,358,0,1,1,4,0,76,59.2,72.4,97.0,23.1,0.36,0.49,42,0.1,2
2022-23,317,James,McAtee,McAtee,Man City,MID,0,0,0,0,0,0,0,0,0.0,0.0,0.0,0.0,0.00,0.00,45,0.0,0
2022-23,318,Erling,Haaland,Haaland,Man City,FWD,272,2767,36,9,13,26,40,1040,1390.0,371.0,1825.0,358.1,28.54,3.11,124,78.4,33
2022-23,319,Julián,Álvarez,Álvarez,Man City,FWD,103,1448,9,3,5,16,14,393,430.8,271.1,545.0,124.7,6.79,1.63,61,7.7,13
2022-23,320,Luke,Mbete-Tabu,Mbete,Man City,DEF,0,0,0,0,0,0,0,0,0.0,0.0,0.0,0.0,0.00,0.00,39,0.1,0
2022-23,322,Josh,Wilson-Esbrand,Wilson-Esbrand,Man City,DEF,0,0,0,0,0,0,0,0,0.0,0.0,0.0,0.0,0.00,0.00,38,0.6,0
2022-23,323,Liam,Delap,Delap,Man City,FWD,0,0,0,0,0,0,0,0,0.0,0.0,0.0,0.0,0.00,0.00,44,0.2,0
2022-23,324,Stefan,Ortega Moreno,Ortega,Man City,GKP,23,270,0,0,2,1,5,90,116.8,0.0,0.0,11.7,0.00,0.00,37,1.5,3
2022-23,325,Kalvin,Phillips,Phillips,Man City,MID,14,291,0,0,1,3,0,68,39.0,46.5,19.0,10.5,0.28,0.11,48,0.1,2
2022-23,502,Scott,Carson,Carson,Man City,GKP,0,0,0,0,0,0,0,0,0.0,0.0,0.0,0.0,0.00,0.00,38,0.4,0
2022-23,573,Rico,Lewis,Lewis,Man City,DEF,29,900,0,0,2,8,0,168,114.6,152.4,40.0,30.7,0.21,1.63,38,1.1,10
2022-23,587,Sergio,Gómez,Sergio Gómez,Man City,DEF,21,340,0,1,1,6,1,83,66.2,52.8,24.0,14.3,0.37,1.05,44,0.1,2
2022-23,599,Claudio,Gomes,Gomes,Man City,MID,0,0,0,0,0,0,0,0,0.0,0.0,0.0,0.0,0.00,0.00,45,0.0,0
2022-23,600,Ben,Knight,Knight,Man City,MID,0,0,0,0,0,0,0,0,0.0,0.0,0.0,0.0,0.00,0.00,45,0.0,0
2022-23,610,Manuel,Akanji,Akanji,Man City,DEF,82,2284,0,1,7,23,5,460,385.6,146.5,180.0,71.4,1.14,0.99,51,3.6,24
2022-23,712,Máximo,Perrone,Perrone,Man City,MID,1,18,0,0,0,1,0,4,1.0,2.6,4.0,0.8,0.00,0.01,44,0.0,0
2022-23,772,Alex,Robertson,Robertson,Man City,MID,0,0,0,0,0,0,0,0,0.0,0.0,0.0,0.0,0.00,0.00,45,0.0,0
2022-23,773,Shea,Charles,Charles,Man City,MID,1,27,0,0,0,1,0,3,0.0,0.0,0.0,0.0,0.00,0.00,45,0.0,0
2022-23,774,Nico,O'Reilly,O'Reilly,Man City,MID,0,0,0,0,0,0,0,0,0.0,0.0,0.0,0.0,0.00,0.00,45,0.0,0
2022-23,162,Jack,Butland,Butland,Man Utd,GKP,0,0,0,0,0,0,0,0,0.0,0.0,0.0,0.0,0.00,0.00,44,0.1,0
2022-23,326,Cristiano Ronaldo,dos Santos Aveiro,Ronaldo,Man Utd,FWD,20,519,1,0,3,8,3,42,63.8,83.2,218.0,35.6,1.89,0.25,102,1.9,4
2022-23,327,David,De Gea Quintana,De Gea,Man Utd,GKP,161,3420,0,0,17,43,5,729,792.2,13.0,0.0,80.7,0.00,0.22,51,15.8,38
2022-23,328,Phil,Jones,Jones,Man Utd,DEF,0,0,0,0,0,0,0,0,0.0,0.0,0.0,0.0,0.00,0.00,38,0.6,0
2022-23,329,Raphaël,Varane,Varane,Man Utd,DEF,77,1912,0,0,10,22,2,392,387.0,74.0,124.0,58.8,0.75,0.51,48,3.1,22
2022-23,330,Harry,Maguire,Maguire,Man Utd,DEF,39,762,0,0,5,7,2,201,180.6,20.3,51.0,25.2,0.34,0.04,47,0.4,8
2022-23,331,Frederico,Rodrigues de Paula Santos,Fred,Man Utd,MID,62,1228,2,3,4,22,2,272,282.2,335.9,213.0,83.0,2.03,1.77,51,0.5,12
2022-23,332,Luke,Shaw,Shaw,Man Utd,DEF,124,2552,1,4,12,35,20,626,572.8,547.7,118.0,124.2,1.09,2.90,53,19.2,30
2022-23,333,Bruno,Borges Fernandes,Fernandes,Man Utd,MID,176,3317,8,9,18,39,23,748,948.0,1532.3,948.0,343.1,9.33,10.70,95,13.3,37
2022-23,334,Alex,Telles,Telles,Man Utd,DEF,0,0,0,0,0,0,0,0,0.0,0.0,0.0,0.0,0.00,0.00,50,0.0,0
2022-23,335,Marcus,Rashford,Rashford,Man Utd,MID,205,2880,17,7,13,39,21,530,887.8,459.7,1427.0,277.6,15.27,2.86,72,37.8,32
2022-23,336,Donny,van de Beek,Van de Beek,Man Utd,MID,8,162,0,0,0,3,0,21,11.2,40.2,54.0,10.5,0.10,0.14,51,0.1,2
2022-23,337,Victor,Lindelöf,Lindelöf,Man Utd,DEF,57,1359,0,0,6,16,3,327,265.0,53.5,19.0,33.9,0.25,0.39,41,1.6,14
2022-23,338,Scott,McTominay,McTominay,Man Utd,MID,36,1149,1,0,4,20,2,146,242.2,122.8,156.0,51.7,1.96,0.99,49,0.2,10
2022-23,339,Eric,Bailly,Bailly,Man Utd,DEF,0,0,0,0,0,0,0,0,0.0,0.0,0.0,0.0,0.00,0.00,40,0.3,0
2022-23,340,Jadon,Sancho,Sancho,Man Utd,MID,105,1683,6,3,13,18,8,375,390.6,543.9,382.0,131.7,4.02,4.13,71,3.3,21
2022-23,341,Aaron,Wan-Bissaka,Wan-Bissaka,Man Utd,DEF,67,1432,0,0,8,10,3,308,290.4,221.9,143.0,65.5,1.19,0.91,43,1.8,16
2022-23,342,Diogo,Dalot Teixeira,Dalot,Man Utd,DEF,102,2152,1,2,10,34,19,502,469.4,418.6,272.0,116.0,2.49,1.53,48,6.3,24
2022-23,343,Brandon,Williams,B.Williams,Man Utd,DEF,0,0,0,0,0,0,0,0,0.0,0.0,0.0,0.0,0.00,0.00,37,2.8,0
2022-23,344,Anthony,Elanga,Elanga,Man Utd,MID,23,417,0,1,2,2,0,53,52.4,78.8,162.0,28.7,0.65,0.98,46,0.4,5
2022-23,345,Anthony,Martial,Martial,Man Utd,FWD,66,970,6,3,7,8,4,230,305.2,179.0,376.0,85.4,6.03,1.46,63,2.9,11
2022-23,347,Facundo,Pellistri Rebollo,Pellistri,Man Utd,MID,4,60,0,0,0,1,0,14,3.2,1.7,2.0,0.6,0.00,0.02,43,0.0,0
2022-23,348,Tom,Heaton,Heaton,Man Utd,GKP,0,0,0,0,0,0,0,0,0.0,0.0,0.0,0.0,0.00,0.00,38,0.3,0
2022-23,504,Tyrell,Malacia,Malacia,Man Utd,DEF,62,1391,0,0,7,14,8,287,206.4,125.8,77.0,41.1,0.23,0.71,42,1.9,14
2022-23,519,Christian,Eriksen,Eriksen,Man Utd,MID,103,2046,1,9,13,25,8,426,420.8,564.3,344.0,132.8,4.79,3.49,62,2.5,25
2022-23,533,Lisandro,Martínez,Martínez,Man Utd,DEF,81,2113,1,0,9,33,6,481,571.8,110.4,82.0,76.7,0.46,1.02,44,4.7,24
2022-23,550,Amad,Diallo,Amad,Man Utd,MID,0,0,0,0,0,0,0,0,0.0,0.0,0.0,0.0,0.00,0.00,44,0.0,0
2022-23,551,Zidane,Iqbal,Iqbal,Man Utd,MID,0,0,0,0,0,0,0,0,0.0,0.0,0.0,0.0,0.00,0.00,42,0.2,0
2022-23,569,Alejandro,Garnacho,Garnacho,Man Utd,MID,39,557,3,2,0,13,0,81,153.8,58.5,266.0,47.9,2.97,0.95,41,1.5,5
2022-23,593,Carlos Henrique,Casimiro,Casemiro,Man Utd,MID,87,2122,4,3,10,22,10,389,638.6,393.0,278.0,131.1,3.49,3.82,49,2.4,24
2022-23,609,Antony Matheus,dos Santos,Antony,Man Utd,MID,82,1803,4,2,12,21,4,262,322.0,421.0,633.0,137.1,6.65,2.42,73,3.4,23
2022-23,615,Matej,Kovár,Kovár,Man Utd,GKP,0,0,0,0,0,0,0,0,0.0,0.0,0.0,0.0,0.00,0.00,40,0.0,0
2022-23,643,Kobbie,Mainoo,Mainoo,Man Utd,MID,1,10,0,0,0,0,0,2,5.8,0.8,6.0,1.3,0.00,0.07,45,0.0,0
2022-23,656,Nathan,Bishop,Bishop,Man Utd,GKP,0,0,0,0,0,0,0,0,0.0,0.0,0.0,0.0,0.00,0.00,40,0.0,0
2022-23,660,Shola,Shoretire,Shoretire,Man Utd,FWD,0,0,0,0,0,0,0,0,0.0,0.0,0.0,0.0,0.00,0.00,45,0.0,0
2022-23,674,Rhys,Bennett,Bennett,Man Utd,DEF,0,0,0,0,0,0,0,0,0.0,0.0,0.0,0.0,0.00,0.00,40,0.0,0
2022-23,701,Wout,Weghorst,Weghorst,Man Utd,FWD,24,790,0,1,4,11,0,56,97.6,183.7,140.0,42.1,2.02,1.16,54,0.3,10
2022-23,728,Marcel,Sabitzer,Sabitzer,Man Utd,MID,25,622,0,1,5,7,0,98,100.4,138.9,84.0,32.5,0.74,1.20,47,0.1,7
2022-23,759,Marc,Jurado Gomez,Jurado,Man Utd,DEF,0,0,0,0,0,0,0,0,0.0,0.0,0.0,0.0,0.00,0.00,40,0.0,0
2022-23,195,Anthony,Gordon,Gordon,Newcastle,MID,68,1574,4,0,4,18,5,186,265.6,215.3,517.0,99.8,4.73,1.29,51,0.9,16
2022-23,350,Matt,Ritchie,Ritchie,Newcastle,DEF,7,35,0,0,0,0,0,24,8.8,17.2,2.0,2.8,0.00,0.05,42,0.1,0
2022-23,351,Federico,Fernández,Fernández,Newcastle,DEF,0,0,0,0,0,0,0,0,0.0,0.0,0.0,0.0,0.00,0.00,44,0.0,0
2022-23,352,Ciaran,Clark,Clark,Newcastle,DEF,0,0,0,0,0,0,0,0,0.0,0.0,0.0,0.0,0.00,0.00,45,0.0,0
2022-23,353,Karl,Darlow,Darlow,Newcastle,GKP,0,0,0,0,0,0,0,0,0.0,0.0,0.0,0.0,0.00,0.00,39,0.7,0
2022-23,355,Martin,Dubravka,Dubravka,Newcastle,GKP,11,156,0,0,1,1,1,49,29.4,0.0,0.0,2.9,0.00,0.00,41,0.4,1
2022-23,356,Callum,Wilson,Wilson,Newcastle,FWD,157,1870,18,6,10,16,20,526,720.0,271.0,1020.0,200.4,16.43,2.11,73,17.2,21
2022-23,357,Kieran,Trippier,Trippier,Newcastle,DEF,198,3342,1,9,16,31,39,941,904.8,1818.5,117.0,284.3,0.85,12.03,60,62.4,38
2022-23,358,Dan,Burn,Burn,Newcastle,DEF,129,3109,1,0,14,30,6,584,550.2,230.4,265.0,104.8,2.12,1.28,45,4.3,35
2022-23,359,Ryan,Fraser,Fraser,Newcastle,MID,11,308,0,0,1,3,0,39,26.8,74.0,70.0,17.2,0.31,0.25,52,0.1,3
2022-23,360,Jamaal,Lascelles,Lascelles,Newcastle,DEF,3,214,0,0,0,5,0,22,42.6,0.9,13.0,5.4,0.11,0.01,43,0.1,2
2022-23,361,Dwight,Gayle,Gayle,Newcastle,FWD,0,0,0,0,0,0,0,0,0.0,0.0,0.0,0.0,0.00,0.00,45,0.0,0
2022-23,362,Paul,Dummett,Dummett,Newcastle,DEF,0,0,0,0,0,0,0,0,0.0,0.0,0.0,0.0,0.00,0.00,39,0.3,0
2022-23,363,Javier,Manquillo Gaitán,Manquillo,Newcastle,DEF,4,34,0,0,0,1,0,19,12.0,5.5,2.0,2.0,0.00,0.01,42,0.1,0
2022-23,364,Emil,Krafth,Krafth,Newcastle,DEF,1,1,0,0,0,0,0,3,0.0,0.0,0.0,0.0,0.00,0.00,43,0.0,0
2022-23,365,Jacob,Murphy,Murphy,Newcastle,MID,78,1230,4,2,3,12,2,240,275.0,302.5,410.0,98.9,3.46,2.95,42,3.2,14
2022-23,366,Fabian,Schär,Schär,Newcastle,DEF,139,3207,1,3,15,28,6,617,653.4,263.9,521.0,144.1,4.63,2.05,51,14.4,36
2022-23,367,Matt,Targett,Targett,Newcastle,DEF,35,600,0,0,3,6,2,157,97.6,141.9,8.0,24.8,0.01,0.67,47,0.5,6
2022-23,368,Allan,Saint-Maximin,Saint-Maximin,Newcastle,MID,66,1109,1,6,4,14,4,240,266.4,344.1,370.0,98.2,1.60,2.59,61,3.1,12
2022-23,369,Miguel,Almirón Rejala,Almirón,Newcastle,MID,158,2487,11,4,15,22,15,511,599.2,424.0,849.0,187.5,8.03,3.00,54,12.8,29
2022-23,370,Sean,Longstaff,S.Longstaff,Newcastle,MID,93,2514,1,5,13,18,2,347,385.2,372.0,408.0,116.8,3.30,2.57,43,1.0,28
2022-23,371,Joelinton Cássio,Apolinário de Lira,Joelinton,Newcastle,MID,115,2660,6,5,11,26,10,458,603.4,413.1,655.0,167.3,7.11,1.90,60,2.0,30
2022-23,372,Jamal,Lewis,Lewis,Newcastle,DEF,2,9,0,0,0,1,0,6,1.0,0.8,4.0,0.6,0.00,0.00,44,0.1,0
2022-23,373,Joe,Willock,Willock,Newcastle,MID,123,2556,3,7,12,26,11,415,520.8,547.0,680.0,174.9,7.30,4.29,47,1.2,31
2022-23,374,Bruno,Guimarães Rodriguez Moura,Bruno Guimarães,Newcastle,MID,107,2727,4,5,12,25,5,438,617.6,631.8,284.0,153.6,2.82,3.72,55,2.9,32
2022-23,375,Jeff,Hendrick,Hendrick,Newcastle,MID,0,0,0,0,0,0,0,0,0.0,0.0,0.0,0.0,0.00,0.00,45,0.0,0
2022-23,376,Nick,Pope,Pope,Newcastle,GKP,157,3261,0,0,14,32,14,678,709.6,20.0,0.0,72.9,0.00,0.01,54,18.0,37
2022-23,377,Sven,Botman,Botman,Newcastle,DEF,129,3127,0,2,13,30,8,666,554.4,120.1,303.0,98.1,2.75,1.09,45,6.9,35
2022-23,552,Elliot,Anderson,Anderson,Newcastle,MID,30,395,0,1,1,7,2,93,70.2,114.7,180.0,36.5,1.14,1.45,43,0.1,3
2022-23,555,Harrison,Ashby,Ashby,Newcastle,DEF,0,0,0,0,0,0,0,0,0.0,0.0,0.0,0.0,0.00,0.00,38,0.6,0
2022-23,594,Alexander,Isak,Isak,Newcastle,FWD,100,1520,10,2,4,20,18,353,475.0,244.1,693.0,141.1,8.11,1.37,70,12.7,17
2022-23,626,Loris,Karius,Karius,Newcastle,GKP,0,0,0,0,0,0,0,0,0.0,0.0,0.0,0.0,0.00,0.00,39,0.1,0
2022-23,683,Garang,Kuol,Kuol,Newcastle,MID,0,0,0,0,0,0,0,0,0.0,0.0,0.0,0.0,0.00,0.00,45,0.0,0
2022-23,741,Lewis,Miley,Miley,Newcastle,MID,1,14,0,0,0,0,0,2,0.0,0.0,0.0,0.0,0.08,0.00,45,0.0,0
2022-23,776,Mark,Gillespie,Gillespie,Newcastle,GKP,0,0,0,0,0,0,0,0,0.0,0.0,0.0,0.0,0.00,0.00,40,0.0,0
2022-23,295,Neco,Williams,N.Williams,Nott'm Forest,DEF,54,1872,1,1,4,41,1,284,372.2,257.3,209.0,84.0,1.24,1.22,38,12.1,20
2022-23,349,Jonjo,Shelvey,Shelvey,Nott'm Forest,MID,16,573,0,0,1,11,0,67,55.6,102.1,11.0,16.3,0.19,0.66,48,0.0,6
2022-23,354,Chris,Wood,Wood,Nott'm Forest,FWD,53,807,3,0,4,9,7,163,145.2,82.1,169.0,39.3,2.71,0.37,56,0.5,9
2022-23,378,Harry,Arter,Arter,Nott'm Forest,MID,0,0,0,0,0,0,0,0,0.0,0.0,0.0,0.0,0.00,0.00,41,0.4,0
2022-23,379,Steve,Cook,Cook,Nott'm Forest,DEF,20,956,0,0,2,21,0,149,177.4,39.3,28.0,24.4,0.13,0.59,43,0.1,11
2022-23,380,Lyle,Taylor,Lyle Taylor,Nott'm Forest,FWD,0,0,0,0,0,0,0,0,0.0,0.0,0.0,0.0,0.00,0.00,41,4.2,0
2022-23,381,Jack,Colback,Colback,Nott'm Forest,MID,14,492,0,0,0,11,0,73,62.0,33.7,2.0,9.9,0.00,0.15,41,0.7,4
2022-23,382,Brice,Samba,Samba,Nott'm Forest,GKP,0,0,0,0,0,0,0,0,0.0,0.0,0.0,0.0,0.00,0.00,45,0.0,0
2022-23,383,Carlos,Ribeiro Dias,Cafú,Nott'm Forest,MID,1,6,0,0,0,0,0,3,2.4,0.1,0.0,0.3,0.00,0.00,42,0.3,0
2022-23,384,Joe,Lolley,Lolley,Nott'm Forest,MID,0,0,0,0,0,0,0,0,0.0,0.0,0.0,0.0,0.00,0.00,49,0.0,0
2022-23,385,Scott,McKenna,McKenna,Nott'm Forest,DEF,40,1570,0,0,5,32,0,275,278.8,93.9,46.0,41.8,0.07,0.42,44,0.1,19
2022-23,386,Mohamed,Dräger,Dräger,Nott'm Forest,DEF,0,0,0,0,0,0,0,0,0.0,0.0,0.0,0.0,0.00,0.00,40,0.1,0
2022-23,387,Ryan,Yates,Yates,Nott'm Forest,MID,53,1833,0,3,5,36,0,177,206.8,97.3,233.0,53.1,1.99,0.43,50,0.0,21
2022-23,388,Joe,Worrall,Worrall,Nott'm Forest,DEF,61,2215,1,0,5,44,2,366,471.0,66.4,92.0,62.5,0.85,0.55,42,0.1,21
2022-23,389,Jonathan,Panzo,Panzo,Nott'm Forest,DEF,0,0,0,0,0,0,0,0,0.0,0.0,0.0,0.0,0.00,0.00,40,0.0,0
2022-23,390,Xande,Nascimento da Costa Silva,Xande Silva,Nott'm Forest,MID,0,0,0,0,0,0,0,0,0.0,0.0,0.0,0.0,0.00,0.00,50,0.0,0
2022-23,391,Sam,Surridge,Surridge,Nott'm Forest,FWD,26,306,1,0,0,5,3,61,59.4,15.9,92.0,15.7,1.71,0.02,46,0.7,1
2022-23,392,Richie,Laryea,Laryea,Nott'm Forest,DEF,0,0,0,0,0,0,0,0,0.0,0.0,0.0,0.0,0.00,0.00,45,0.0,0
2022-23,393,Loïc,Mbe Soh,Mbe Soh,Nott'm Forest,DEF,0,0,0,0,0,0,0,0,0.0,0.0,0.0,0.0,0.00,0.00,42,0.0,0
2022-23,394,Brennan,Johnson,Johnson,Nott'm Forest,FWD,122,2930,8,5,7,54,15,384,478.2,373.6,729.0,157.4,8.39,2.00,55,1.6,33
2022-23,395,Alex,Mighten,Mighten,Nott'm Forest,MID,1,7,0,0,0,0,0,1,0.0,0.3,0.0,0.0,0.00,0.00,49,0.0,0
2022-23,396,Braian,Ojeda Rodríguez,Ojeda,Nott'm Forest,MID,0,0,0,0,0,0,0,0,0.0,0.0,0.0,0.0,0.00,0.00,45,0.0,0
2022-23,397,Taiwo,Awoniyi,Awoniyi,Nott'm Forest,FWD,100,1395,10,1,5,29,16,320,375.8,129.6,378.0,87.8,6.86,0.29,56,1.2,17
2022-23,398,Dean,Henderson,Henderson,Nott'm Forest,GKP,82,1620,0,0,6,31,12,367,474.4,0.0,0.0,47.5,0.00,0.01,46,5.2,18
2022-23,399,Giulian,Biancone,Biancone,Nott'm Forest,DEF,2,15,0,0,0,1,0,9,6.8,0.0,0.0,0.7,0.00,0.00,42,0.0,0
2022-23,474,Willy,Boly,Boly,Nott'm Forest,DEF,37,684,0,1,3,10,7,147,145.0,11.8,24.0,18.3,0.05,0.27,41,0.1,9
2022-23,493,Morgan,Gibbs-White,Gibbs-White,Nott'm Forest,MID,145,3151,5,12,8,61,11,479,593.4,941.1,624.0,215.7,6.77,6.06,55,1.3,36
2022-23,507,Moussa,Niakhaté,Niakhaté,Nott'm Forest,DEF,25,1163,0,0,2,22,0,141,173.4,14.8,61.0,24.9,0.66,0.15,43,0.0,14
2022-23,511,Omar,Richards,Richards,Nott'm Forest,DEF,0,0,0,0,0,0,0,0,0.0,0.0,0.0,0.0,0.00,0.00,44,0.0,0
2022-23,518,Wayne,Hennessey,Hennessey,Nott'm Forest,GKP,8,271,0,0,0,5,0,46,62.2,0.0,0.0,6.3,0.00,0.00,39,1.4,3
2022-23,523,Harry,Toffolo,Toffolo,Nott'm Forest,DEF,30,933,0,0,2,17,1,134,147.0,93.5,67.0,30.6,0.28,0.93,43,0.1,9
2022-23,524,Lewis,O'Brien,O'Brien,Nott'm Forest,MID,22,578,1,0,1,14,0,88,107.8,56.4,47.0,21.1,0.34,0.19,47,0.0,6
2022-23,527,Jesse,Lingard,Lingard,Nott'm Forest,MID,33,918,0,1,5,17,0,93,50.6,151.9,127.0,32.9,1.04,0.47,54,1.1,12
2022-23,536,Orel,Mangala,Mangala,Nott'm Forest,MID,50,1543,1,1,5,24,0,190,191.4,61.6,75.0,32.8,0.57,0.70,49,0.0,20
2022-23,553,Oliver,Hammond,Hammond,Nott'm Forest,MID,0,0,0,0,0,0,0,0,0.0,0.0,0.0,0.0,0.00,0.00,42,0.0,0
2022-23,582,Remo,Freuler,Freuler,Nott'm Forest,MID,54,2157,0,0,6,47,0,267,272.2,174.7,54.0,50.3,0.42,0.79,49,0.0,24
2022-23,583,Cheikhou,Kouyaté,Kouyaté,Nott'm Forest,MID,35,871,1,0,2,23,2,144,158.8,82.8,81.0,32.2,0.36,0.33,44,0.1,10
2022-23,585,Emmanuel,Dennis,Dennis,Nott'm Forest,FWD,39,709,2,2,1,17,3,113,166.4,96.8,286.0,54.6,1.73,0.40,56,0.1,6
2022-23,602,Renan Augusto,Lodi dos Santos,Renan Lodi,Nott'm Forest,DEF,56,2211,0,2,5,48,3,363,319.0,208.2,97.0,62.5,0.94,1.30,43,0.2,26
2022-23,621,Loïc,Badé,Badé,Nott'm Forest,DEF,0,0,0,0,0,0,0,0,0.0,0.0,0.0,0.0,0.00,0.00,45,0.0,0
2022-23,628,Serge,Aurier,Aurier,Nott'm Forest,DEF,70,1943,1,0,6,31,8,336,431.0,164.1,112.0,70.9,0.74,0.92,43,0.3,22
2022-23,666,Dale,Taylor,Dale Taylor,Nott'm Forest,FWD,0,0,0,0,0,0,0,0,0.0,0.0,0.0,0.0,0.00,0.00,45,0.0,0
2022-23,675,Jordan,Smith,Smith,Nott'm Forest,GKP,0,0,0,0,0,0,0,0,0.0,0.0,0.0,0.0,0.00,0.00,40,0.0,0
2022-23,681,Gustavo Henrique,Furtado Scarpa,Scarpa,Nott'm Forest,MID,5,177,0,0,0,1,0,16,15.0,17.3,25.0,5.7,0.23,0.04,46,0.0,2
2022-23,703,Danilo,dos Santos de Oliveira,Danilo,Nott'm Forest,MID,48,976,3,2,1,18,5,178,253.8,108.1,113.0,47.1,1.58,0.56,45,0.2,12
2022-23,729,Keylor,Navas,Navas,Nott'm Forest,GKP,43,1530,0,0,2,32,5,273,387.6,0.0,0.0,38.7,0.00,0.01,45,0.8,17
2022-23,730,Felipe Augusto,de Almeida Monteiro,Felipe,Nott'm Forest,DEF,25,1417,0,1,1,32,3,233,379.0,79.5,130.0,59.0,1.20,1.15,45,0.1,15
2022-23,734,André,Ayew,A.Ayew,Nott'm Forest,MID,11,306,0,0,0,10,0,27,34.0,17.1,53.0,10.5,1.06,0.03,50,0.0,1
2022-23,749,George,Shelvey,G.Shelvey,Nott'm Forest,GKP,0,0,0,0,0,0,0,0,0.0,0.0,0.0,0.0,0.00,0.00,40,0.0,0
2022-23,21,Ainsley,Maitland-Niles,Maitland-Niles,Southampton,MID,38,1400,0,1,3,31,0,202,280.2,159.2,23.0,46.0,0.02,0.76,48,0.0,13
2022-23,321,Roméo,Lavia,Lavia,Southampton,MID,57,2219,1,1,4,50,0,317,344.8,247.1,46.0,64.2,0.42,0.62,45,0.2,26
2022-23,400,Theo,Walcott,Walcott,Southampton,MID,49,1123,2,2,2,30,1,140,164.6,159.1,199.0,52.1,2.39,1.52,48,0.0,13
2022-23,401,Alex,McCarthy,McCarthy,Southampton,GKP,8,540,0,0,0,17,0,83,84.2,0.0,0.0,8.4,0.00,0.00,43,0.1,6
2022-23,402,Oriol,Romeu Vidal,Romeu,Southampton,MID,2,74,0,0,0,4,0,9,6.2,3.8,2.0,1.2,0.00,0.20,48,0.0,1
2022-23,403,Nathan,Redmond,Redmond,Southampton,MID,1,1,0,0,0,0,0,3,0.0,0.0,0.0,0.0,0.00,0.00,53,0.0,0
2022-23,405,Stuart,Armstrong,S.Armstrong,Southampton,MID,57,1391,2,2,1,34,2,221,234.2,282.8,267.0,78.6,2.31,2.73,47,0.1,14
2022-23,406,Mohamed,Elyounoussi,Elyounoussi,Southampton,MID,62,2162,1,1,2,45,0,218,285.0,297.2,388.0,96.8,3.52,1.53,51,0.1,27
2022-23,407,James,Ward-Prowse,Ward-Prowse,Southampton,MID,142,3371,9,4,4,72,18,747,880.4,1162.9,319.0,236.3,5.86,5.30,61,4.9,38
2022-23,408,Adam,Armstrong,A.Armstrong,Southampton,FWD,54,1321,2,1,1,24,3,161,142.0,148.8,275.0,55.6,2.23,0.75,53,0.7,14
2022-23,409,Kyle,Walker-Peters,Walker-Peters,Southampton,DEF,56,2650,1,0,3,58,2,335,403.4,277.9,198.0,87.9,1.08,2.50,44,0.6,30
2022-23,410,Jan,Bednarek,Bednarek,Southampton,DEF,32,1770,0,0,3,40,2,321,415.0,38.4,43.0,49.7,0.42,0.26,41,0.2,21
2022-23,411,Che,Adams,Adams,Southampton,FWD,94,1987,5,5,4,41,9,262,340.4,336.4,583.0,124.6,6.48,2.19,60,0.8,23
2022-23,412,Nathan,Tella,Tella,Southampton,MID,0,0,0,0,0,0,0,0,0.0,0.0,0.0,0.0,0.00,0.00,50,0.0,0
2022-23,413,Lyanco,Silveira Neves Vojnovic,Lyanco,Southampton,DEF,29,1173,1,1,0,26,0,209,281.6,52.8,114.0,45.0,0.58,0.12,44,0.0,11
2022-23,414,Yan,Valery,Valery,Southampton,DEF,0,45,0,0,0,2,0,1,4.0,0.9,0.0,0.5,0.00,0.00,40,0.3,1
2022-23,415,Will,Smallbone,Smallbone,Southampton,MID,0,0,0,0,0,0,0,0,0.0,0.0,0.0,0.0,0.00,0.00,45,0.0,0
2022-23,416,Ibrahima,Diallo,Diallo,Southampton,MID,19,813,0,0,0,19,0,95,85.4,66.0,28.0,17.7,0.21,0.12,41,0.4,11
2022-23,417,Romain,Perraud,Perraud,Southampton,DEF,71,1828,2,2,4,35,5,304,360.6,251.8,298.0,90.9,1.26,1.86,40,0.4,22
2022-23,418,Moussa,Djenepo,Djenepo,Southampton,MID,27,702,0,2,0,14,0,117,141.8,123.2,70.0,33.7,0.15,0.43,49,0.1,7
2022-23,419,Tino,Livramento,Livramento,Southampton,DEF,2,26,0,0,0,0,0,13,5.8,0.0,0.0,0.6,0.00,0.00,44,0.0,0
2022-23,420,Mohammed,Salisu,Salisu,Southampton,DEF,33,1971,0,1,1,41,2,305,537.4,109.7,167.0,81.5,1.40,0.50,42,0.1,21
2022-23,421,Mateusz,Lis,Lis,Southampton,GKP,0,0,0,0,0,0,0,0,0.0,0.0,0.0,0.0,0.00,0.00,40,0.1,0
2022-23,422,Gavin,Bazunu,Bazunu,Southampton,GKP,84,2880,0,0,4,56,3,485,633.0,10.0,0.0,64.2,0.00,0.05,44,0.6,32
2022-23,423,Armel,Bella-Kotchap,Bella-Kotchap,Southampton,DEF,49,1881,0,2,3,39,5,345,422.4,76.4,105.0,60.6,1.05,0.44,45,0.2,24
2022-23,424,Willy,Caballero,Caballero,Southampton,GKP,0,0,0,0,0,0,0,0,0.0,0.0,0.0,0.0,0.00,0.00,38,0.9,0
2022-23,512,Joe,Ayodele-Aribo,Aribo,Southampton,MID,46,1219,2,0,1,24,3,161,209.6,137.1,366.0,71.5,1.54,0.44,50,0.3,13
2022-23,528,Sékou,Mara,Mara,Southampton,FWD,32,538,1,2,0,10,0,90,104.8,77.5,169.0,33.9,1.02,0.31,53,0.1,4
2022-23,622,Juan,Larios López,Larios,Southampton,DEF,4,150,0,0,0,2,0,28,27.6,7.8,4.0,3.9,0.00,0.02,40,0.0,2
2022-23,623,Duje,Caleta-Car,Caleta-Car,Southampton,DEF,28,942,1,0,1,15,2,182,262.4,16.2,69.0,34.9,0.83,0.14,44,0.0,9
2022-23,624,Samuel,Edozie,Edozie,Southampton,MID,23,554,0,0,1,9,0,82,89.2,110.3,133.0,33.2,0.88,0.43,46,0.0,5
2022-23,647,Lewis,Payne,Payne,Southampton,MID,0,0,0,0,0,0,0,0,0.0,0.0,0.0,0.0,0.00,0.00,45,0.0,0
2022-23,648,Ryan,Finnigan,Finnigan,Southampton,MID,0,0,0,0,0,0,0,0,0.0,0.0,0.0,0.0,0.00,0.00,45,0.0,0
2022-23,671,Jimmy,Morgan,Morgan,Southampton,FWD,0,0,0,0,0,0,0,0,0.0,0.0,0.0,0.0,0.00,0.00,45,0.0,0
2022-23,692,Mislav,Orsic,Orsic,Southampton,MID,1,6,0,0,0,0,0,4,2.0,0.3,0.0,0.2,0.00,0.00,51,0.0,0
2022-23,693,Carlos,Alcaraz,Alcaraz,Southampton,MID,55,1024,4,2,0,25,4,155,199.0,64.4,190.0,45.1,1.76,0.71,50,0.0,13
2022-23,716,James,Bree,Bree,Southampton,DEF,4,366,0,0,0,12,0,51,49.2,65.3,4.0,11.7,0.03,0.31,45,0.0,4
2022-23,731,Kamaldeen,Sulemana,Kamaldeen,Southampton,MID,45,959,2,1,3,20,3,133,105.2,175.5,164.0,44.5,1.76,1.01,49,0.0,10
2022-23,732,Paul,Onuachu,Onuachu,Southampton,FWD,14,401,0,0,1,7,0,23,30.2,52.8,126.0,20.6,1.26,0.07,53,0.0,4
2022-23,769,Kamari,Doyle,Doyle,Southampton,MID,1,6,0,0,0,0,0,1,0.0,0.3,0.0,0.0,0.00,0.00,45,0.0,0
2022-23,770,Dominic,Ballard,Ballard,Southampton,FWD,2,24,0,0,0,0,0,4,1.0,0.3,0.0,0.1,0.00,0.00,45,0.0,0
2022-23,778,Samuel,Amo-Ameyaw,Amo-Ameyaw,Southampton,MID,1,3,0,0,0,0,0,6,0.0,0.0,0.0,0.0,0.00,0.00,45,0.0,0
2022-23,425,Hugo,Lloris,Lloris,Spurs,GKP,89,2205,0,0,7,39,12,456,540.0,0.0,0.0,54.0,0.00,0.00,54,3.2,25
2022-23,426,Fraser,Forster,Forster,Spurs,GKP,40,1215,0,0,3,24,1,222,256.8,0.0,0.0,25.8,0.00,0.00,39,4.4,13
2022-23,427,Harry,Kane,Kane,Spurs,FWD,263,3406,30,9,11,62,48,1008,1256.6,744.8,1707.0,371.0,20.95,4.01,115,32.7,38
2022-23,428,Son,Heung-min,Son,Spurs,MID,152,2886,10,6,9,55,8,471,709.2,829.3,910.0,244.7,9.80,4.56,115,6.4,33
2022-23,429,Matt,Doherty,Doherty,Spurs,DEF,35,663,1,0,3,9,2,147,147.0,110.5,146.0,40.3,0.74,0.27,46,0.3,7
2022-23,430,Eric,Dier,Dier,Spurs,DEF,96,2816,2,1,9,52,5,569,653.2,112.3,235.0,100.1,1.76,0.55,50,4.8,31
2022-23,431,Lucas,Rodrigues Moura da Silva,Lucas Moura,Spurs,MID,17,145,1,0,0,5,0,55,29.0,55.8,43.0,12.7,0.55,0.46,58,0.2,0
2022-23,432,Ben,Davies,Davies,Spurs,DEF,99,2284,2,3,9,33,3,470,407.8,276.9,172.0,85.8,1.01,1.47,47,1.0,26
2022-23,433,Pierre-Emile,Højbjerg,Højbjerg,Spurs,MID,120,3131,4,5,10,57,10,629,758.0,501.7,237.0,150.0,2.02,3.13,53,1.8,35
2022-23,434,Harry,Winks,Winks,Spurs,MID,0,0,0,0,0,0,0,0,0.0,0.0,0.0,0.0,0.00,0.00,44,0.5,0
2022-23,435,Davinson,Sánchez,Sánchez,Spurs,DEF,28,848,0,0,2,17,1,166,180.6,29.9,52.0,26.3,0.65,0.20,42,0.5,8
2022-23,436,Ryan,Sessegnon,R.Sessegnon,Spurs,DEF,35,805,2,1,1,15,0,121,148.6,103.0,290.0,54.3,1.64,1.10,44,0.5,9
2022-23,437,Steven,Bergwijn,Bergwijn,Spurs,MID,0,0,0,0,0,0,0,0,0.0,0.0,0.0,0.0,0.00,0.00,55,0.0,0
2022-23,438,Sergio,Reguilón,Reguilón,Spurs,DEF,0,0,0,0,0,0,0,0,0.0,0.0,0.0,0.0,0.00,0.00,42,0.3,0
2022-23,439,Japhet,Tanganga,Tanganga,Spurs,DEF,4,145,0,0,0,5,0,32,27.6,6.2,0.0,3.3,0.00,0.01,38,2.5,2
2022-23,440,Rodrigo,Bentancur,Bentancur,Spurs,MID,71,1501,5,2,6,24,7,342,489.6,180.2,236.0,90.7,2.26,0.68,53,0.3,17
2022-23,441,Oliver,Skipp,Skipp,Spurs,MID,43,1489,1,0,4,28,1,199,198.2,146.1,52.0,39.8,0.29,0.41,43,0.1,18
2022-23,442,Joe,Rodon,Rodon,Spurs,DEF,0,0,0,0,0,0,0,0,0.0,0.0,0.0,0.0,0.00,0.00,40,0.0,0
2022-23,443,Cristian,Romero,Romero,Spurs,DEF,66,2363,0,2,8,41,3,447,546.2,136.2,91.0,77.3,1.50,1.02,49,1.4,26
2022-23,444,Yves,Bissouma,Bissouma,Spurs,MID,27,998,0,0,1,20,0,176,111.0,135.0,23.0,26.8,0.17,0.37,47,0.2,10
2022-23,445,Emerson,Leite de Souza Junior,Emerson Royal,Spurs,DEF,86,1729,2,2,7,27,9,402,376.2,178.9,230.0,78.7,1.61,0.97,48,1.8,20
2022-23,446,Dejan,Kulusevski,Kulusevski,Spurs,MID,96,2062,2,7,8,40,5,310,409.2,627.6,514.0,154.7,2.68,4.76,78,3.6,23
2022-23,447,Dane,Scarlett,Scarlett,Spurs,FWD,0,0,0,0,0,0,0,0,0.0,0.0,0.0,0.0,0.00,0.00,45,0.0,0
2022-23,448,Ivan,Perišić,Perišić,Spurs,DEF,94,2099,1,8,6,44,6,430,517.8,732.8,394.0,164.2,2.48,5.23,53,14.7,23
2022-23,449,Harvey,White,White,Spurs,MID,1,4,0,0,0,0,0,4,2.0,7.3,0.0,0.9,0.00,0.04,44,0.3,0
2022-23,450,Pape Matar,Sarr,Sarr,Spurs,MID,14,211,0,1,0,11,0,60,30.4,16.0,4.0,5.0,0.06,0.03,42,0.5,2
2022-23,451,Brandon,Austin,Austin,Spurs,GKP,0,0,0,0,0,0,0,0,0.0,0.0,0.0,0.0,0.00,0.00,39,0.3,0
2022-23,452,Alfie,Devine,Devine,Spurs,MID,0,0,0,0,0,0,0,0,0.0,0.0,0.0,0.0,0.00,0.00,43,0.1,0
2022-23,453,Troy,Parrott,Parrott,Spurs,FWD,0,0,0,0,0,0,0,0,0.0,0.0,0.0,0.0,0.00,0.00,45,0.0,0
2022-23,454,Richarlison,de Andrade,Richarlison,Spurs,FWD,54,995,1,5,3,18,2,165,201.6,221.0,401.0,82.0,3.43,1.46,84,0.8,12
2022-23,513,Clément,Lenglet,Lenglet,Spurs,DEF,63,2018,0,2,5,35,6,387,380.8,136.1,130.0,64.7,0.98,0.78,48,0.3,24
2022-23,522,Djed,Spence,Spence,Spurs,DEF,4,5,0,0,0,0,0,10,0.2,1.3,20.0,2.2,0.06,0.00,41,0.2,0
2022-23,554,Bryan,Gil Salvatierra,Bryan,Spurs,MID,9,146,0,1,1,1,0,22,30.4,27.5,27.0,8.5,0.10,0.08,50,0.0,2
2022-23,713,Arnaut,Danjuma,Danjuma,Spurs,MID,15,162,1,0,0,5,0,43,53.2,25.1,71.0,14.8,0.84,0.07,61,0.0,1
2022-23,733,Pedro,Porro,Pedro Porro,Spurs,DEF,59,1132,3,3,2,26,5,253,268.6,377.9,150.0,79.6,1.81,2.29,48,1.1,13
2022-23,748,Romaine,Mundle,Mundle,Spurs,MID,0,0,0,0,0,0,0,0,0.0,0.0,0.0,0.0,0.00,0.00,45,0.0,0
2022-23,758,George,Abbott,Abbott,Spurs,MID,1,1,0,0,0,0,0,3,0.0,0.0,0.0,0.0,0.00,0.00,45,0.0,0
2022-23,764,Matthew,Craig,Craig,Spurs,MID,1,13,0,0,0,0,0,3,0.0,0.0,0.0,0.0,0.00,0.00,45,0.0,0
2022-23,777,Yago,de Santiago Alonso,Alonso,Spurs,MID,0,0,0,0,0,0,0,0,0.0,0.0,0.0,0.0,0.00,0.00,45,0.0,0
2022-23,30,Danny,Ings,Ings,West Ham,FWD,97,1579,8,2,5,26,13,317,398.4,186.0,604.0,118.6,8.43,1.27,63,1.4,15
2022-23,455,Lukasz,Fabianski,Fabianski,West Ham,GKP,127,3111,0,0,9,48,10,622,755.6,0.0,0.0,75.4,0.00,0.00,49,1.2,36
2022-23,456,Angelo,Ogbonna,Ogbonna,West Ham,DEF,44,1234,0,0,4,19,4,217,212.8,35.2,24.0,27.4,0.26,0.07,44,0.1,13
2022-23,457,Aaron,Cresswell,Cresswell,West Ham,DEF,74,2235,0,1,6,32,8,439,411.6,632.9,81.0,113.0,0.36,2.85,47,1.5,24
2022-23,458,Michail,Antonio,Antonio,West Ham,FWD,84,1822,5,3,5,29,4,222,305.8,207.7,559.0,107.0,6.69,0.58,69,1.5,21
2022-23,460,Manuel,Lanzini,Lanzini,West Ham,MID,17,243,1,0,0,5,1,63,50.6,21.9,37.0,10.8,0.54,0.29,50,0.1,2
2022-23,461,Kurt,Zouma,Zouma,West Ham,DEF,88,1988,2,1,7,29,8,385,415.0,18.7,239.0,67.4,1.96,0.11,44,1.4,24
2022-23,462,Arthur,Masuaku,Masuaku,West Ham,DEF,0,0,0,0,0,0,0,0,0.0,0.0,0.0,0.0,0.00,0.00,45,0.0,0
2022-23,463,Vladimir,Coufal,Coufal,West Ham,DEF,58,2135,0,2,4,35,2,327,361.6,330.5,54.0,74.9,0.28,1.71,40,1.0,24
2022-23,464,Saïd,Benrahma,Benrahma,West Ham,MID,106,2059,6,3,6,32,5,360,510.0,613.9,653.0,177.7,7.04,3.28,55,1.1,22
2022-23,465,Jarrod,Bowen,Bowen,West Ham,MID,145,3232,6,9,9,50,9,431,625.8,674.8,1076.0,237.9,9.38,6.00,80,3.3,36
2022-23,466,Nikola,Vlasic,Vlasic,West Ham,MID,0,0,0,0,0,0,0,0,0.0,0.0,0.0,0.0,0.00,0.00,50,0.0,0
2022-23,467,Declan,Rice,Rice,West Ham,MID,116,3272,4,3,9,50,12,622,777.6,522.4,226.0,152.7,2.40,1.85,47,3.2,36
2022-23,468,Tomas,Soucek,Soucek,West Ham,MID,100,2811,2,4,8,42,6,364,565.6,230.1,472.0,127.1,4.02,1.03,50,0.6,32
2022-23,469,Pablo,Fornals Malla,Fornals,West Ham,MID,71,1493,3,1,1,28,6,282,226.6,281.0,182.0,68.7,2.13,2.01,49,0.3,17
2022-23,471,Ben,Johnson,Johnson,West Ham,DEF,29,860,0,0,2,13,1,164,161.6,76.8,20.0,25.9,0.06,0.40,44,0.1,9
2022-23,472,Nayef,Aguerd,Aguerd,West Ham,DEF,58,1594,2,0,5,28,5,320,404.4,67.5,113.0,58.5,2.23,0.23,48,0.4,17
2022-23,473,Alphonse,Areola,Areola,West Ham,GKP,7,307,0,0,0,7,0,42,69.4,0.0,0.0,6.8,0.00,0.00,43,0.9,2
2022-23,509,Flynn,Downes,Downes,West Ham,MID,27,752,0,0,1,14,0,104,55.8,28.9,51.0,13.4,0.43,0.11,42,0.3,7
2022-23,529,Gianluca,Scamacca,Scamacca,West Ham,FWD,41,921,3,0,3,12,7,110,151.8,160.7,312.0,62.0,2.42,0.51,66,0.6,11
2022-23,545,Emerson,Palmieri dos Santos,Emerson,West Ham,DEF,39,1317,1,0,2,28,2,209,224.8,188.8,178.0,59.4,0.80,0.77,40,1.3,16
2022-23,556,Conor,Coventry,Coventry,West Ham,MID,1,1,0,0,0,0,0,3,0.0,0.0,0.0,0.0,0.00,0.00,44,0.1,0
2022-23,572,Armstrong,Oko-Flex,Oko-Flex,West Ham,MID,0,0,0,0,0,0,0,0,0.0,0.0,0.0,0.0,0.00,0.00,44,0.0,0
2022-23,575,Maxwel,Cornet,Cornet,West Ham,MID,14,232,0,0,0,5,0,22,27.2,28.7,62.0,11.3,1.26,0.12,59,0.1,2
2022-23,588,Thilo,Kehrer,Kehrer,West Ham,DEF,67,2229,0,3,5,34,4,362,347.6,126.2,83.0,56.0,0.49,0.63,43,0.2,25
2022-23,603,Lucas,Tolentino Coelho de Lima,Paquetá,West Ham,MID,98,2154,4,5,6,39,8,395,496.8,446.5,473.0,142.0,4.39,2.62,59,0.9,27
2022-23,669,Divin,Mubama,Mubama,West Ham,FWD,3,36,0,0,0,0,0,7,2.4,11.4,0.0,1.4,0.00,0.01,45,0.1,0
2022-23,739,Joseph,Anang,Anang,West Ham,GKP,0,0,0,0,0,0,0,0,0.0,0.0,0.0,0.0,0.00,0.00,40,0.0,0
2022-23,740,Krisztián,Hegyi,Hegyi,West Ham,GKP,0,0,0,0,0,0,0,0,0.0,0.0,0.0,0.0,0.00,0.00,39,0.0,0
2022-23,746,Kaelan,Casey,Casey,West Ham,DEF,0,0,0,0,0,0,0,0,0.0,0.0,0.0,0.0,0.00,0.00,40,0.0,0
2022-23,459,Craig,Dawson,Dawson,Wolves,DEF,75,2134,1,1,7,31,7,390,455.6,37.2,145.0,64.0,1.53,0.27,48,0.8,25
2022-23,476,Raúl,Jiménez,Jiménez,Wolves,FWD,29,839,0,2,2,18,0,65,74.6,116.0,273.0,46.3,2.55,0.55,65,0.3,8
2022-23,477,Jonathan,Castro Otto,Jonny,Wolves,DEF,45,1257,1,0,5,21,0,219,233.2,118.2,83.0,43.7,0.30,0.83,43,0.3,14
2022-23,478,José,Malheiro de Sá,Sá,Wolves,GKP,148,3240,0,0,11,55,18,683,845.6,0.0,0.0,84.7,0.00,0.00,50,5.1,36
2022-23,480,Rúben,da Silva Neves,Neves,Wolves,MID,118,3020,6,2,10,48,16,558,788.8,474.7,347.0,161.0,5.19,1.57,52,1.5,33
2022-23,481,Hwang,Hee-chan,Hwang,Wolves,MID,60,1117,3,2,3,18,3,156,194.0,138.8,242.0,57.5,2.97,0.62,57,0.2,12
2022-23,482,Nélson,Cabral Semedo,Semedo,Wolves,DEF,75,2633,0,1,8,43,5,424,443.4,226.5,79.0,74.4,0.53,0.91,50,0.6,31
2022-23,483,Daniel,Castelo Podence,Podence,Wolves,MID,92,1760,6,1,6,31,10,249,376.0,512.8,580.0,146.8,3.88,2.19,51,0.7,20
2022-23,484,Max,Kilman,Kilman,Wolves,DEF,109,3307,0,1,11,56,12,622,739.8,66.9,106.0,91.6,1.31,0.50,43,3.1,37
2022-23,485,Luke,Cundle,Cundle,Wolves,MID,0,0,0,0,0,0,0,0,0.0,0.0,0.0,0.0,0.00,0.00,44,0.2,0
2022-23,486,Pedro,Lomba Neto,Neto,Wolves,MID,37,962,0,2,5,15,0,124,96.8,309.5,203.0,60.9,1.12,1.64,49,1.6,13
2022-23,487,Rayan,Aït-Nouri,Aït-Nouri,Wolves,DEF,41,1067,1,0,4,18,0,194,195.0,130.5,156.0,48.3,1.26,0.84,41,0.7,9
2022-23,488,Fabio,Silva,Fabio Silva,Wolves,FWD,0,0,0,0,0,0,0,0,0.0,0.0,0.0,0.0,0.00,0.00,55,0.0,0
2022-23,489,Toti António,Gomes,Toti,Wolves,DEF,43,978,1,0,4,14,4,201,225.2,74.3,65.0,36.5,0.35,0.23,39,2.9,10
2022-23,490,Francisco Jorge,Tomás Oliveira,Chiquinho,Wolves,MID,0,0,0,0,0,0,0,0,0.0,0.0,0.0,0.0,0.00,0.00,50,0.0,0
2022-23,491,Adama,Traoré Diarra,Adama,Wolves,MID,66,1477,2,4,2,30,0,228,253.6,370.0,258.0,87.9,1.38,3.22,53,0.2,12
2022-23,492,Matija,Šarkić,Šarkić,Wolves,GKP,0,0,0,0,0,0,0,0,0.0,0.0,0.0,0.0,0.00,0.00,39,1.4,0
2022-23,494,Yerson,Mosquera Valdelamar,Mosquera,Wolves,DEF,0,0,0,0,0,0,0,0,0.0,0.0,0.0,0.0,0.00,0.00,39,0.8,0
2022-23,503,João Filipe Iria,Santos Moutinho,Moutinho,Wolves,MID,56,1773,0,2,6,28,0,297,309.8,537.7,142.0,99.2,1.30,1.93,46,0.3,20
2022-23,516,Nathan,Collins,Collins,Wolves,DEF,49,1811,0,0,4,37,6,326,419.0,37.9,29.0,48.9,0.23,0.21,42,0.5,19
2022-23,557,Jackson,Smith,Smith,Wolves,GKP,0,0,0,0,0,0,0,0,0.0,0.0,0.0,0.0,0.00,0.00,39,0.7,0
2022-23,558,Hugo,Bueno López,Bueno,Wolves,DEF,41,1307,0,1,3,29,3,239,221.2,254.8,74.0,55.3,0.17,1.00,38,3.6,16
2022-23,566,Joseph,Hodge,Hodge,Wolves,MID,5,172,0,0,0,5,0,17,14.4,16.2,26.0,5.7,0.28,0.05,43,0.0,1
2022-23,567,Connor,Ronan,Ronan,Wolves,MID,1,1,0,0,0,0,0,3,0.6,0.4,0.0,0.1,0.00,0.00,44,0.1,0
2022-23,568,Chem,Campbell,Campbell,Wolves,MID,5,68,0,0,0,2,0,9,5.6,3.0,16.0,2.4,0.10,0.00,44,0.3,0
2022-23,579,Gonçalo Manuel,Ganchinho Guedes,Guedes,Wolves,MID,29,703,1,1,2,12,1,85,89.4,139.6,223.0,45.1,1.20,0.45,58,0.2,8
2022-23,589,Matheus Luiz,Nunes,Matheus,Wolves,MID,80,2467,1,1,11,38,5,338,370.2,405.0,310.0,108.6,2.41,1.38,48,0.1,30
2022-23,608,Sasa,Kalajdzic,Kalajdžić,Wolves,FWD,1,45,0,0,0,0,0,-1,0.0,0.0,9.0,0.7,0.27,0.00,53,0.0,1
2022-23,625,Diego,Da Silva Costa,Diego Costa,Wolves,FWD,33,1235,1,0,6,17,3,40,96.8,144.3,504.0,73.3,3.22,0.60,53,0.3,16
2022-23,629,Boubacar,Traoré,Traoré,Wolves,MID,14,405,0,1,0,9,0,44,49.6,16.6,7.0,7.4,0.07,0.06,43,0.1,4
2022-23,657,Nathan,Fraser,Fraser,Wolves,FWD,0,0,0,0,0,0,0,0,0.0,0.0,0.0,0.0,0.00,0.00,45,0.1,0
2022-23,658,Harvey,Griffiths,Griffiths,Wolves,MID,0,0,0,0,0,0,0,0,0.0,0.0,0.0,0.0,0.00,0.00,44,0.0,0
2022-23,664,Dexter,Lembikisa,Lembikisa,Wolves,DEF,1,22,0,0,0,1,0,3,1.4,0.8,0.0,0.2,0.00,0.00,40,0.0,0
2022-23,682,Matheus,Santos Carneiro Da Cunha,Cunha,Wolves,FWD,39,961,2,0,5,12,6,122,143.0,95.1,217.0,45.1,1.72,0.17,53,0.1,12
2022-23,698,Mario,Lemina,Lemina,Wolves,MID,35,1297,0,1,5,28,0,196,200.4,65.0,36.0,30.1,0.25,0.46,45,0.0,17
2022-23,704,Pablo,Sarabia,Sarabia,Wolves,MID,27,764,1,0,3,9,3,57,92.0,184.7,157.0,43.0,2.99,0.89,49,0.1,9
2022-23,717,Daniel,Bentley,Bentley,Wolves,GKP,6,180,0,0,0,3,0,45,70.2,0.0,0.0,7.0,0.00,0.00,40,0.0,2
2022-23,721,João Victor,Gomes da Silva,João Gomes,Wolves,MID,21,649,1,0,2,18,2,84,133.0,72.0,46.0,24.9,0.30,0.11,45,0.0,7
2023-24,1,Folarin,Balogun,Balogun,Arsenal,FWD,0,0,0,0,0,0,0,0,0.0,0.0,0.0,0.0,0.00,0.00,44,0.2,0
2023-24,2,Cédric,Alves Soares,Cédric,Arsenal,DEF,3,59,0,0,0,0,0,15,2.0,4.3,0.0,0.6,0.00,0.02,38,0.5,0
2023-24,3,Mohamed,Elneny,M.Elneny,Arsenal,MID,6,25,0,1,0,0,0,16,4.0,2.1,10.0,1.6,0.08,0.01,44,0.1,0
2023-24,4,Fábio,Ferreira Vieira,Fábio Vieira,Arsenal,MID,24,290,1,3,1,2,0,67,82.8,88.8,85.0,25.5,1.25,0.64,54,0.1,2
2023-24,5,Gabriel,dos Santos Magalhães,Gabriel,Arsenal,DEF,149,3042,3,1,16,26,8,676,675.8,121.9,379.0,117.9,4.48,0.65,54,28.3,34
2023-24,6,Kai,Havertz,Havertz,Arsenal,MID,180,2627,13,10,16,22,15,515,763.2,613.4,1027.0,240.2,12.36,3.88,76,11.9,30
2023-24,8,Gabriel,Fernando de Jesus,G.Jesus,Arsenal,FWD,85,1470,4,7,11,11,10,271,364.8,403.0,756.0,152.7,6.27,3.26,77,2.6,17
2023-24,9,Jorge Luiz,Frello Filho,Jorginho,Arsenal,MID,44,913,0,2,4,11,1,182,165.4,187.8,16.0,36.8,0.10,1.77,53,0.2,10
2023-24,10,Jakub,Kiwior,Kiwior,Arsenal,DEF,67,942,1,3,6,8,1,260,228.8,106.9,90.0,42.7,0.74,0.60,40,0.6,11
2023-24,11,Marcus,Oliveira Alencar,Marquinhos,Arsenal,MID,0,0,0,0,0,0,0,0,0.0,0.0,0.0,0.0,0.00,0.00,45,0.0,0
2023-24,12,Gabriel,Martinelli Silva,Martinelli,Arsenal,MID,118,2010,6,5,10,23,6,404,500.4,717.1,795.0,200.8,6.36,5.18,75,4.2,24
2023-24,13,Eddie,Nketiah,Nketiah,Arsenal,FWD,71,1065,5,4,6,10,5,206,235.0,136.3,417.0,77.2,4.65,0.53,50,3.1,10
2023-24,14,Martin,Ødegaard,Ødegaard,Arsenal,MID,186,3098,8,11,19,23,26,703,910.4,1499.4,757.0,317.0,7.53,10.16,86,18.0,35
2023-24,15,Thomas,Partey,Thomas,Arsenal,MID,24,785,0,0,5,5,0,142,117.6,122.9,37.0,27.8,0.43,0.58,48,0.1,9
2023-24,16,Nicolas,Pépé,Pepe,Arsenal,MID,0,0,0,0,0,0,0,0,0.0,0.0,0.0,0.0,0.00,0.00,49,0.0,0
2023-24,17,Aaron,Ramsdale,Ramsdale,Arsenal,GKP,20,540,0,0,2,5,0,90,73.2,0.0,0.0,7.3,0.00,0.01,45,5.4,6
2023-24,18,Rúnar Alex,Rúnarsson,Rúnarsson,Arsenal,GKP,0,0,0,0,0,0,0,0,0.0,0.0,0.0,0.0,0.00,0.00,40,0.1,0
2023-24,19,Bukayo,Saka,Saka,Arsenal,MID,226,2922,16,12,16,27,29,776,1093.8,1319.8,1342.0,375.7,15.40,10.90,88,49.2,35
2023-24,20,William,Saliba,Saliba,Arsenal,DEF,164,3420,2,1,18,29,13,781,697.2,152.1,140.0,99.1,1.70,0.90,59,39.1,38
2023-24,22,Emile,Smith Rowe,Smith Rowe,Arsenal,MID,25,343,0,2,3,3,0,73,62.4,72.2,128.0,25.6,1.86,0.40,53,0.1,3
2023-24,24,Kieran,Tierney,Tierney,Arsenal,DEF,0,0,0,0,0,0,0,0,0.0,0.0,0.0,0.0,0.00,0.00,44,0.1,0
2023-24,25,Takehiro,Tomiyasu,Tomiyasu,Arsenal,DEF,70,1140,2,1,6,10,4,244,247.0,141.8,143.0,52.8,1.74,0.68,45,0.5,10
2023-24,26,Leandro,Trossard,Trossard,Arsenal,MID,138,1633,12,2,12,10,11,398,563.6,384.7,746.0,169.5,8.29,2.96,66,3.6,18
2023-24,29,Benjamin,White,White,Arsenal,DEF,182,2987,4,5,18,26,14,776,765.8,589.4,234.0,159.0,1.27,3.66,61,23.3,35
2023-24,30,Granit,Xhaka,Xhaka,Arsenal,MID,0,0,0,0,0,0,0,0,0.0,0.0,0.0,0.0,0.00,0.00,60,0.0,0
2023-24,31,Oleksandr,Zinchenko,Zinchenko,Arsenal,DEF,104,1717,1,2,9,15,16,468,395.4,474.8,133.0,100.4,0.60,2.65,50,5.1,20
2023-24,113,David,Raya Martin,Raya,Arsenal,GKP,135,2880,0,0,16,24,6,569,413.0,0.0,0.0,41.1,0.00,0.04,53,11.7,32
2023-24,540,Declan,Rice,Rice,Arsenal,MID,165,3225,7,9,17,28,17,744,959.4,745.3,451.0,215.9,3.53,5.09,55,6.2,37
2023-24,578,Reiss,Nelson,Nelson,Arsenal,MID,16,256,0,0,1,1,0,58,42.8,87.7,39.0,16.9,0.18,0.43,48,0.0,1
2023-24,585,Jurriën,Timber,J.Timber,Arsenal,DEF,0,70,0,0,0,0,0,4,5.8,4.7,2.0,1.3,0.00,0.02,46,0.4,1
2023-24,646,Karl,Hein,Hein,Arsenal,GKP,0,0,0,0,0,0,0,0,0.0,0.0,0.0,0.0,0.00,0.00,40,0.1,0
2023-24,735,Charles,Sagoe,Sagoe,Arsenal,MID,0,0,0,0,0,0,0,0,0.0,0.0,0.0,0.0,0.00,0.00,45,0.0,0
2023-24,736,Reuell,Walters,Walters,Arsenal,DEF,0,0,0,0,0,0,0,0,0.0,0.0,0.0,0.0,0.00,0.00,40,0.0,0
2023-24,737,Bradley,Ibrahim,Ibrahim,Arsenal,MID,0,0,0,0,0,0,0,0,0.0,0.0,0.0,0.0,0.00,0.00,45,0.0,0
2023-24,764,Myles,Lewis-Skelly,Lewis-Skelly,Arsenal,MID,0,0,0,0,0,0,0,0,0.0,0.0,0.0,0.0,0.00,0.00,45,0.0,0
2023-24,772,Ethan,Nwaneri,Nwaneri,Arsenal,MID,1,13,0,0,0,0,0,3,2.0,12.3,4.0,1.8,0.00,0.05,45,0.0,0
2023-24,815,Mauro,Bandeira,Bandeira,Arsenal,MID,0,0,0,0,0,0,0,0,0.0,0.0,0.0,0.0,0.00,0.00,45,0.0,0
2023-24,817,James,Sweet,Sweet,Arsenal,DEF,0,0,0,0,0,0,0,0,0.0,0.0,0.0,0.0,0.00,0.00,40,0.0,0
2023-24,32,Alexandre,Moreno Lopera,Alex Moreno,Aston Villa,DEF,49,1024,2,0,3,20,5,211,217.8,156.9,152.0,52.7,1.11,0.98,49,1.1,11
2023-24,34,Leon,Bailey,Bailey,Aston Villa,MID,148,2063,10,11,5,32,11,482,663.2,707.1,623.0,199.1,6.29,7.17,54,3.1,22
2023-24,35,Emiliano,Buendía Stati,Buendia,Aston Villa,MID,0,0,0,0,0,0,0,0,0.0,0.0,0.0,0.0,0.00,0.00,57,0.0,0
2023-24,36,Matty,Cash,Cash,Aston Villa,DEF,64,2138,2,2,3,36,4,337,465.2,231.8,378.0,107.1,4.41,2.47,45,9.9,23
2023-24,37,Calum,Chambers,Chambers,Aston Villa,DEF,6,149,0,1,0,6,0,37,39.0,12.2,0.0,5.1,0.00,0.01,38,2.2,1
2023-24,38,Philippe,Coutinho Correia,Coutinho,Aston Villa,MID,2,24,0,0,0,1,0,7,4.0,2.8,12.0,1.8,0.15,0.02,58,0.2,0
2023-24,39,Keinan,Davis,Davis,Aston Villa,FWD,0,0,0,0,0,0,0,0,0.0,0.0,0.0,0.0,0.00,0.00,49,0.1,0
2023-24,40,Leander,Dendoncker,Dendoncker,Aston Villa,MID,20,118,1,1,0,3,3,64,59.2,3.9,37.0,10.0,0.73,0.01,49,0.0,1
2023-24,41,Diego Carlos,Santos Silva,Diego Carlos,Aston Villa,DEF,55,1809,0,0,6,36,1,338,370.4,59.8,100.0,53.2,1.95,0.35,44,0.5,20
2023-24,42,Lucas,Digne,Digne,Aston Villa,DEF,85,2405,1,4,6,41,5,420,448.4,601.7,200.0,125.1,0.99,3.49,46,3.1,27
2023-24,43,Douglas Luiz,Soares de Paulo,Douglas Luiz,Aston Villa,MID,148,2994,9,5,6,57,25,666,761.8,867.0,381.0,201.1,6.69,4.86,54,4.8,35
2023-24,44,Jhon,Durán,Duran,Aston Villa,FWD,50,461,5,1,0,12,7,162,190.2,55.2,165.0,40.2,2.04,0.15,50,0.2,3
2023-24,45,Kortney,Hause,Hause,Aston Villa,DEF,0,0,0,0,0,0,0,0,0.0,0.0,0.0,0.0,0.00,0.00,39,0.2,0
2023-24,46,Tim,Iroegbunam,Iroegbunam,Aston Villa,MID,10,157,0,0,0,7,0,29,18.6,4.0,0.0,2.1,0.00,0.00,44,0.0,1
2023-24,47,Boubacar,Kamara,Kamara,Aston Villa,MID,40,1653,0,1,7,22,1,247,256.2,292.7,44.0,59.1,0.13,1.39,50,0.1,20
2023-24,48,Ezri,Konsa Ngoyo,Konsa,Aston Villa,DEF,91,3069,1,1,7,54,7,562,554.4,170.6,223.0,95.0,2.56,1.01,45,2.2,35
2023-24,49,Emiliano,Martínez Romero,Martinez,Aston Villa,GKP,115,3015,0,0,8,48,19,640,802.0,20.0,0.0,82.2,0.00,0.01,52,10.5,34
2023-24,50,John,McGinn,McGinn,Aston Villa,MID,119,3000,6,5,7,54,9,502,640.4,690.7,360.0,169.4,5.01,4.99,53,0.9,35
2023-24,51,Tyrone,Mings,Mings,Aston Villa,DEF,0,30,0,0,0,2,0,5,3.6,13.0,5.0,2.2,0.01,0.16,41,1.0,1
2023-24,53,Robin,Olsen,Olsen,Aston Villa,GKP,17,405,0,0,0,13,3,107,194.6,0.0,0.0,19.5,0.00,0.00,39,0.6,4
2023-24,54,Jaden,Philogene-Bidace,Philogene,Aston Villa,MID,1,3,0,0,0,1,0,3,0.4,0.3,2.0,0.3,0.00,0.00,45,0.0,0
2023-24,55,Jacob,Ramsey,J.Ramsey,Aston Villa,MID,29,848,1,1,0,12,0,101,124.0,159.3,182.0,46.7,2.09,1.38,59,0.1,8
2023-24,56,Morgan,Sanson,Sanson,Aston Villa,MID,0,0,0,0,0,0,0,0,0.0,0.0,0.0,0.0,0.00,0.00,45,0.0,0
2023-24,57,Viljami,Sinisalo,Sinisalo,Aston Villa,GKP,0,0,0,0,0,0,0,0,0.0,0.0,0.0,0.0,0.00,0.00,40,0.0,0
2023-24,58,Youri,Tielemans,Tielemans,Aston Villa,MID,77,1613,2,6,4,27,2,318,369.2,325.4,136.0,83.3,1.24,1.98,56,0.4,17
2023-24,59,Bertrand,Traoré,Bertrand Traoré,Aston Villa,MID,2,10,0,0,0,0,0,6,3.0,0.0,0.0,0.3,0.00,0.00,50,0.0,0
2023-24,60,Ollie,Watkins,Watkins,Aston Villa,FWD,228,3222,19,18,7,56,29,752,1024.6,588.5,1420.0,302.8,16.74,4.02,89,35.9,37
2023-24,61,Wesley,Moraes Ferreira da Silva,Wesley,Aston Villa,FWD,0,0,0,0,0,0,0,0,0.0,0.0,0.0,0.0,0.00,0.00,50,0.0,0
2023-24,584,Pau,Torres,Pau,Aston Villa,DEF,85,2462,2,0,6,37,4,461,479.4,150.6,135.0,76.6,0.96,0.71,46,2.8,27
2023-24,599,Moussa,Diaby,Diaby,Aston Villa,MID,142,2168,6,11,8,40,10,429,515.4,617.8,675.0,180.6,7.40,4.24,63,5.8,25
2023-24,618,Omari,Kellyman,Kellyman,Aston Villa,MID,2,35,0,0,0,1,0,6,2.6,0.5,2.0,0.5,0.04,0.00,45,0.0,0
2023-24,670,Filip,Marschall,Marschall,Aston Villa,GKP,0,0,0,0,0,0,0,0,0.0,0.0,0.0,0.0,0.00,0.00,40,0.0,0
2023-24,672,Nicolò,Zaniolo,Zaniolo,Aston Villa,MID,34,824,2,0,2,13,0,36,146.8,120.1,357.0,61.9,2.67,0.70,54,0.0,9
2023-24,686,Oliwier,Zych,Zych,Aston Villa,GKP,0,0,0,0,0,0,0,0,0.0,0.0,0.0,0.0,0.00,0.00,40,0.0,0
2023-24,699,Clément,Lenglet,Lenglet,Aston Villa,DEF,24,1153,0,1,2,27,0,207,250.6,41.8,103.0,39.5,0.81,0.52,45,0.2,14
2023-24,765,Sam,Proctor,Proctor,Aston Villa,GKP,0,0,0,0,0,0,0,0,0.0,0.0,0.0,0.0,0.00,0.00,40,0.0,0
2023-24,767,Tommi,O'Reilly,O'Reilly,Aston Villa,MID,0,0,0,0,0,0,0,0,0.0,0.0,0.0,0.0,0.00,0.00,45,0.0,0
2023-24,778,James,Wright,Wright,Aston Villa,GKP,0,0,0,0,0,0,0,0,0.0,0.0,0.0,0.0,0.00,0.00,40,0.0,0
2023-24,793,Kaine,Kesler-Hayden,Kesler-Hayden,Aston Villa,DEF,3,5,0,0,0,0,0,9,0.0,0.0,0.0,0.0,0.00,0.00,40,0.0,0
2023-24,803,Morgan,Rogers,Rogers,Aston Villa,MID,35,636,3,1,2,13,0,114,177.8,118.4,150.0,44.5,1.35,0.33,50,0.0,8
2023-24,818,Joe,Gauci,Gauci,Aston Villa,GKP,0,0,0,0,0,0,0,0,0.0,0.0,0.0,0.0,0.00,0.00,39,0.0,0
2023-24,854,Finley,Munroe,Munroe,Aston Villa,DEF,1,3,0,0,0,0,0,3,0.0,1.0,0.0,0.1,0.00,0.00,40,0.0,0
2023-24,865,Kadan,Young,Young,Aston Villa,MID,0,0,0,0,0,0,0,0,0.0,0.0,0.0,0.0,0.00,0.00,45,0.0,0
2023-24,866,Lander,Emery,Emery,Aston Villa,GKP,0,0,0,0,0,0,0,0,0.0,0.0,0.0,0.0,0.00,0.00,40,0.0,0
2023-24,62,Jaidon,Anthony,Anthony,Bournemouth,MID,3,151,0,0,0,5,0,4,9.0,4.6,16.0,3.0,0.07,0.02,49,0.0,2
2023-24,63,Philip,Billing,Billing,Bournemouth,MID,60,1385,2,3,2,36,3,228,304.2,313.5,267.0,88.3,2.53,2.11,51,0.3,13
2023-24,64,David,Brooks,Brooks,Bournemouth,MID,23,271,1,1,0,7,2,71,88.2,112.4,113.0,31.4,2.45,0.47,47,0.0,2
2023-24,65,Ryan,Christie,Christie,Bournemouth,MID,90,2908,0,5,8,56,5,433,620.2,780.2,351.0,175.4,2.49,5.37,50,0.1,35
2023-24,66,Lewis,Cook,L.Cook,Bournemouth,MID,77,2787,0,3,8,51,5,446,520.2,681.9,67.0,127.2,0.42,2.92,48,0.1,32
2023-24,67,Siriki,Dembélé,Siriki,Bournemouth,MID,0,0,0,0,0,0,0,0,0.0,0.0,0.0,0.0,0.00,0.00,45,0.0,0
2023-24,68,Ryan,Fredericks,Fredericks,Bournemouth,DEF,0,0,0,0,0,0,0,0,0.0,0.0,0.0,0.0,0.00,0.00,43,0.0,0
2023-24,69,James,Hill,Hill,Bournemouth,DEF,5,74,0,0,0,1,0,22,32.6,2.2,0.0,3.5,0.00,0.01,40,0.1,1
2023-24,70,Lloyd,Kelly,Kelly,Bournemouth,DEF,48,1553,0,1,4,32,5,293,279.0,141.8,48.0,46.9,0.34,0.77,45,0.1,17
2023-24,71,Gavin,Kilkenny,Kilkenny,Bournemouth,MID,0,0,0,0,0,0,0,0,0.0,0.0,0.0,0.0,0.00,0.00,43,0.1,0
2023-24,72,Justin,Kluivert,Kluivert,Bournemouth,MID,100,1910,7,1,11,23,2,229,362.2,283.2,619.0,126.4,5.76,1.68,46,0.7,26
2023-24,73,Jamal,Lowe,Lowe,Bournemouth,MID,0,0,0,0,0,0,0,0,0.0,0.0,0.0,0.0,0.00,0.00,49,0.0,0
2023-24,74,Emiliano,Marcondes,Marcondes,Bournemouth,MID,0,0,0,0,0,0,0,0,0.0,0.0,0.0,0.0,0.00,0.00,43,0.0,0
2023-24,75,Chris,Mepham,Mepham,Bournemouth,DEF,16,613,0,1,1,16,0,113,142.6,40.0,27.0,21.0,0.09,0.17,43,0.1,6
2023-24,76,Kieffer,Moore,Moore,Bournemouth,FWD,14,100,1,0,0,2,2,38,37.4,27.9,81.0,14.1,1.44,0.33,46,0.2,0
2023-24,77,Norberto,Murara Neto,Neto,Bournemouth,GKP,110,2880,0,0,7,55,14,592,875.2,0.0,0.0,87.5,0.00,0.01,46,4.2,32
2023-24,78,Dango,Ouattara,O.Dango,Bournemouth,MID,56,1214,1,2,5,24,3,207,298.4,245.4,332.0,87.8,2.65,1.10,47,0.0,12
2023-24,79,Ben,Pearson,Pearson,Bournemouth,MID,0,0,0,0,0,0,0,0,0.0,0.0,0.0,0.0,0.00,0.00,45,0.0,0
2023-24,80,Darren,Randolph,Randolph,Bournemouth,GKP,0,0,0,0,0,0,0,0,0.0,0.0,0.0,0.0,0.00,0.00,39,0.4,0
2023-24,81,Joe,Rothwell,Rothwell,Bournemouth,MID,13,380,0,0,0,12,0,54,45.8,63.9,5.0,11.6,0.06,0.22,48,0.0,3
2023-24,82,Antoine,Semenyo,Semenyo,Bournemouth,FWD,107,2099,8,4,8,33,14,363,506.8,411.2,748.0,166.8,4.69,2.19,45,2.0,25
2023-24,83,Marcos,Senesi,Senesi,Bournemouth,DEF,102,2239,4,5,6,44,13,486,735.0,311.2,147.0,119.7,1.98,2.27,44,2.4,26
2023-24,84,Adam,Smith,Smith,Bournemouth,DEF,80,2148,0,3,8,33,4,378,336.4,296.5,27.0,66.1,0.05,1.50,44,0.5,25
2023-24,85,Dominic,Solanke,Solanke,Bournemouth,FWD,175,3325,19,3,10,61,20,560,902.0,479.6,1348.0,272.7,19.64,2.11,69,17.8,37
2023-24,86,Marcus,Tavernier,Tavernier,Bournemouth,MID,89,2118,3,4,8,38,5,324,468.4,649.4,460.0,157.8,3.88,4.24,50,0.3,25
2023-24,87,Hamed,Traorè,Hamed Traorè,Bournemouth,MID,3,44,0,0,0,1,0,10,12.8,14.8,30.0,5.7,0.17,0.01,47,0.0,0
2023-24,88,Mark,Travers,Travers,Bournemouth,GKP,19,360,0,0,2,5,2,79,92.6,0.0,0.0,9.3,0.00,0.00,40,0.3,4
2023-24,89,Illia,Zabarnyi,Zabarnyi,Bournemouth,DEF,84,3330,1,0,8,67,3,583,686.0,111.1,117.0,91.5,1.13,0.55,44,1.9,37
2023-24,595,Milos,Kerkez,Kerkez,Bournemouth,DEF,59,1966,0,2,6,37,1,290,310.0,216.5,150.0,67.7,1.32,1.06,44,0.3,22
2023-24,607,Ionuț,Radu,Radu,Bournemouth,GKP,2,180,0,0,0,7,0,31,33.0,0.0,0.0,3.3,0.00,0.00,43,0.1,2
2023-24,619,Ben,Greenwood,Greenwood,Bournemouth,DEF,0,0,0,0,0,0,0,0,0.0,0.0,0.0,0.0,0.00,0.00,40,0.1,0
2023-24,643,Max,Aarons,Aarons,Bournemouth,DEF,28,1233,0,1,2,35,0,199,179.6,114.0,27.0,31.8,0.04,0.89,44,0.1,13
2023-24,644,Alex,Scott,Scott,Bournemouth,MID,41,1003,1,1,3,25,3,163,197.0,294.7,116.0,60.7,0.82,1.06,49,0.0,11
2023-24,673,Tyler,Adams,Adams,Bournemouth,MID,5,118,0,0,0,3,1,28,24.6,14.1,10.0,4.9,0.00,0.03,49,0.0,1
2023-24,705,Luis,Sinisterra,Sinisterra,Bournemouth,MID,43,685,2,2,1,18,2,149,221.4,251.4,343.0,81.7,2.62,1.03,55,0.0,7
2023-24,799,Romain,Faivre,Faivre,Bournemouth,MID,4,37,0,0,0,1,0,9,5.0,2.5,13.0,1.8,0.15,0.03,50,0.0,0
2023-24,802,Max,Kinsey,Kinsey,Bournemouth,DEF,0,0,0,0,0,0,0,0,0.0,0.0,0.0,0.0,0.00,0.00,40,0.0,0
2023-24,804,Enes,Ünal,Enes Ünal,Bournemouth,FWD,40,317,2,4,1,9,3,99,142.4,58.6,242.0,43.7,2.84,0.13,50,0.0,2
2023-24,811,Dominic,Sadi,Sadi,Bournemouth,MID,1,1,0,0,0,0,0,3,0.0,0.0,0.0,0.0,0.00,0.00,45,0.0,0
2023-24,849,Michael,Dacosta Gonzalez,Dacosta Gonzalez,Bournemouth,MID,0,0,0,0,0,0,0,0,0.0,0.0,0.0,0.0,0.00,0.00,45,0.0,0
2023-24,855,Callan,McKenna,McKenna,Bournemouth,GKP,0,0,0,0,0,0,0,0,0.0,0.0,0.0,0.0,0.00,0.00,40,0.0,0
2023-24,90,Kristoffer,Ajer,Ajer,Brentford,DEF,68,1826,2,1,5,33,3,323,406.8,166.6,223.0,79.7,1.22,2.68,44,0.7,21
2023-24,91,Ellery,Balcombe,Balcombe,Brentford,GKP,0,0,0,0,0,0,0,0,0.0,0.0,0.0,0.0,0.00,0.00,39,0.2,0
2023-24,92,Shandon,Baptiste,Baptiste,Brentford,MID,19,222,1,1,0,5,0,83,92.4,54.8,60.0,20.6,0.89,0.36,43,0.7,2
2023-24,93,Mads,Bech Sørensen,Bech,Brentford,DEF,0,0,0,0,0,0,0,0,0.0,0.0,0.0,0.0,0.00,0.00,40,0.1,0
2023-24,94,Mads,Bidstrup,Bidstrup,Brentford,MID,0,0,0,0,0,0,0,0,0.0,0.0,0.0,0.0,0.00,0.00,45,0.0,0
2023-24,95,Sergi,Canós Tenés,Canós,Brentford,MID,0,0,0,0,0,0,0,0,0.0,0.0,0.0,0.0,0.00,0.00,50,0.0,0
2023-24,96,Nathan,Collins,Collins,Brentford,DEF,84,2649,1,1,7,51,8,489,653.8,151.5,180.0,98.7,1.59,0.95,45,0.8,29
2023-24,97,Matthew,Cox,Cox,Brentford,GKP,0,0,0,0,0,0,0,0,0.0,0.0,0.0,0.0,0.00,0.00,40,0.0,0
2023-24,98,Mikkel,Damsgaard,Damsgaard,Brentford,MID,45,829,0,4,5,9,0,155,162.6,179.1,103.0,44.7,0.76,0.93,48,0.0,7
2023-24,99,Josh,Dasilva,Dasilva,Brentford,MID,3,22,0,0,0,0,0,6,6.8,15.4,14.0,3.6,0.00,0.23,47,0.0,0
2023-24,100,Halil,Dervişoğlu,Dervişoğlu,Brentford,FWD,0,0,0,0,0,0,0,0,0.0,0.0,0.0,0.0,0.00,0.00,45,0.0,0
2023-24,101,Mark,Flekken,Flekken,Brentford,GKP,119,3285,0,1,7,63,12,685,921.2,40.3,0.0,96.2,0.00,0.14,47,4.5,37
2023-24,102,Charlie,Goode,Goode,Brentford,DEF,0,0,0,0,0,0,0,0,0.0,0.0,0.0,0.0,0.00,0.00,39,0.1,0
2023-24,103,Rico,Henry,Henry,Brentford,DEF,13,401,0,1,1,5,0,74,72.8,67.9,17.0,15.7,0.07,0.90,42,0.8,5
2023-24,104,Aaron,Hickey,Hickey,Brentford,DEF,17,713,0,0,2,12,0,87,66.6,28.4,37.0,12.9,0.20,0.13,43,0.1,9
2023-24,105,Vitaly,Janelt,Janelt,Brentford,MID,93,3054,1,4,9,52,1,466,503.4,562.5,285.0,135.3,1.82,3.44,52,0.1,37
2023-24,106,Mathias,Jensen,Jensen,Brentford,MID,98,2201,3,4,9,45,10,422,481.2,689.3,135.0,130.4,0.71,4.89,52,0.7,27
2023-24,107,Keane,Lewis-Potter,Lewis-Potter,Brentford,MID,73,1428,3,2,6,29,1,186,280.0,203.8,573.0,105.6,6.42,1.66,47,0.1,15
2023-24,108,Bryan,Mbeumo,Mbeumo,Brentford,MID,127,1957,9,7,5,31,12,364,554.2,572.1,576.0,170.1,9.70,5.67,68,6.7,22
2023-24,109,Ben,Mee,Mee,Brentford,DEF,39,1272,2,1,1,28,3,210,334.8,88.2,118.0,54.2,1.57,0.78,47,1.1,15
2023-24,110,Christian,Nørgaard,Nørgaard,Brentford,MID,74,2504,2,1,6,51,3,414,501.8,396.2,316.0,121.8,3.61,2.44,52,0.1,30
2023-24,111,Frank,Onyeka,Onyeka,Brentford,MID,39,1147,1,2,1,27,0,150,259.0,178.3,189.0,62.6,2.09,1.44,49,0.0,11
2023-24,112,Ethan,Pinnock,Pinnock,Brentford,DEF,77,2521,2,0,5,46,5,479,653.2,63.4,221.0,94.2,2.01,0.83,45,1.4,28
2023-24,114,Mads,Roerslev Rasmussen,Roerslev,Brentford,DEF,75,1975,1,2,5,40,3,354,382.0,281.3,94.0,76.3,1.05,1.34,44,0.4,22
2023-24,115,Kevin,Schade,Schade,Brentford,MID,33,327,2,2,1,5,2,81,105.8,58.3,100.0,26.2,1.29,0.72,52,0.1,3
2023-24,116,Thomas,Strakosha,Strakosha,Brentford,GKP,4,135,0,0,0,2,0,24,42.8,0.0,0.0,4.3,0.00,0.01,39,1.2,1
2023-24,117,Ivan,Toney,Toney,Brentford,FWD,57,1449,4,3,3,30,4,159,289.6,206.5,524.0,101.7,5.72,1.51,77,3.7,16
2023-24,118,Ryan,Trevitt,Trevitt,Brentford,MID,0,0,0,0,0,0,0,0,0.0,0.0,0.0,0.0,0.00,0.00,45,0.0,0
2023-24,119,Yoane,Wissa,Wissa,Brentford,FWD,131,2488,12,4,11,40,15,457,592.8,384.0,769.0,173.2,10.54,1.82,57,5.1,29
2023-24,120,Yegor,Yarmoliuk,Yarmoliuk,Brentford,MID,33,670,0,0,4,9,0,95,98.4,66.9,127.0,29.0,0.94,1.00,42,0.7,6
2023-24,121,Mathias,Jorgensen,Zanka,Brentford,DEF,29,1086,1,0,2,24,3,179,216.0,94.0,90.0,40.0,0.74,0.55,43,0.3,12
2023-24,258,Neal,Maupay,Maupay,Brentford,FWD,76,1417,6,3,4,37,6,248,325.8,242.5,568.0,112.6,6.89,1.99,49,0.9,14
2023-24,508,Sergio,Reguilón,Reguilón,Brentford,DEF,74,1524,0,6,5,30,14,350,390.2,436.3,111.0,93.8,0.94,2.83,45,3.0,18
2023-24,620,Michael,Olakigbe,Olakigbe,Brentford,MID,8,51,0,0,0,0,0,14,4.8,4.1,27.0,3.5,0.14,0.02,45,0.0,0
2023-24,684,Ethan,Brierley,Brierley,Brentford,MID,0,0,0,0,0,0,0,0,0.0,0.0,0.0,0.0,0.00,0.00,45,0.0,0
2023-24,701,Saman,Ghoddos,Ghoddos,Brentford,MID,26,728,1,0,0,20,0,127,139.8,163.8,45.0,35.1,0.30,1.05,45,0.0,7
2023-24,725,Ji-Soo,Kim,Kim Ji-Soo,Brentford,DEF,0,0,0,0,0,0,0,0,0.0,0.0,0.0,0.0,0.00,0.00,40,0.0,0
2023-24,733,Valintino,Adedokun,Adedokun,Brentford,DEF,0,0,0,0,0,0,0,0,0.0,0.0,0.0,0.0,0.00,0.00,40,0.0,0
2023-24,744,Myles,Peart-Harris,Peart-Harris,Brentford,MID,3,11,0,0,0,0,0,6,2.2,10.9,2.0,1.5,0.00,0.00,45,0.0,0
2023-24,752,Vincent,Angelini,Angelini,Brentford,GKP,0,0,0,0,0,0,0,0,0.0,0.0,0.0,0.0,0.00,0.00,40,0.0,0
2023-24,789,Hákon,Valdimarsson,Valdimarsson,Brentford,GKP,0,0,0,0,0,0,0,0,0.0,0.0,0.0,0.0,0.00,0.00,40,0.0,0
2023-24,797,Benjamin,Fredrick,Fredrick,Brentford,DEF,0,0,0,0,0,0,0,0,0.0,0.0,0.0,0.0,0.00,0.00,40,0.0,0
2023-24,834,Benjamin,Arthur,Arthur,Brentford,DEF,0,0,0,0,0,0,0,0,0.0,0.0,0.0,0.0,0.00,0.00,40,0.0,0
2023-24,864,Yunus,Konak,Konak,Brentford,MID,0,0,0,0,0,0,0,0,0.0,0.0,0.0,0.0,0.00,0.00,45,0.0,0
2023-24,122,Simon,Adingra,Adingra,Brighton,MID,97,2220,6,1,4,38,8,330,477.6,507.8,751.0,173.4,4.19,3.26,50,0.6,25
2023-24,123,Steven,Alzate,Alzate,Brighton,MID,0,0,0,0,0,0,0,0,0.0,0.0,0.0,0.0,0.00,0.00,44,0.0,0
2023-24,124,Yasin,Ayari,Ayari,Brighton,MID,0,0,0,0,0,0,0,0,0.0,0.0,0.0,0.0,0.00,0.00,45,0.0,0
2023-24,125,Facundo,Buonanotte,Buonanotte,Brighton,MID,57,1356,3,1,6,19,1,160,254.8,291.3,238.0,78.4,2.34,1.16,47,0.1,17
2023-24,127,Aaron,Connolly,Connolly,Brighton,FWD,0,0,0,0,0,0,0,0,0.0,0.0,0.0,0.0,0.00,0.00,45,0.0,0
2023-24,128,Mahmoud,Dahoud,Dahoud,Brighton,MID,14,449,0,1,1,6,0,68,70.4,127.2,24.0,21.7,0.22,0.54,48,0.1,6
2023-24,129,Lewis,Dunk,Dunk,Brighton,DEF,89,2869,3,1,5,53,11,567,823.0,205.4,389.0,141.7,3.15,2.24,52,5.3,33
2023-24,130,Julio,Enciso,Enciso,Brighton,MID,20,468,0,2,0,12,0,62,81.0,131.7,157.0,36.9,1.38,1.28,50,0.4,5
2023-24,131,Pervis,Estupiñán,Estupiñan,Brighton,DEF,57,1242,2,3,3,26,7,291,350.8,382.6,156.0,89.0,1.00,2.22,47,14.5,15
2023-24,132,Evan,Ferguson,Ferguson,Brighton,FWD,69,1356,6,1,2,28,5,218,275.0,106.7,393.0,77.3,4.49,0.77,57,3.5,15
2023-24,133,Billy,Gilmour,Gilmour,Brighton,MID,61,2116,0,3,6,37,4,354,291.4,481.5,104.0,87.7,0.98,2.56,48,0.2,24
2023-24,134,Pascal,Groß,Gross,Brighton,MID,153,3112,4,11,7,50,29,724,988.6,1674.9,434.0,309.9,6.40,8.89,61,4.1,34
2023-24,135,João Pedro,Junqueira de Jesus,João Pedro,Brighton,FWD,104,2037,9,3,5,38,12,406,622.4,578.8,932.0,213.4,12.01,4.64,52,6.1,19
2023-24,136,Michał,Karbownik,Karbownik,Brighton,DEF,0,0,0,0,0,0,0,0,0.0,0.0,0.0,0.0,0.00,0.00,40,0.0,0
2023-24,137,Kacper,Kozłowski,Kozłowski,Brighton,MID,0,0,0,0,0,0,0,0,0.0,0.0,0.0,0.0,0.00,0.00,45,0.0,0
2023-24,138,Adam,Lallana,Lallana,Brighton,MID,30,839,0,1,2,13,0,95,83.0,248.7,130.0,45.8,0.83,1.60,49,0.0,13
2023-24,139,Tariq,Lamptey,Lamptey,Brighton,DEF,31,908,0,3,1,20,0,155,144.6,173.7,60.0,37.6,0.34,0.90,39,3.6,10
2023-24,140,Solly,March,March,Brighton,MID,39,555,3,1,2,11,6,134,197.4,126.5,139.0,46.4,2.10,0.97,61,2.0,7
2023-24,141,Tom,McGill,McGill,Brighton,GKP,0,0,0,0,0,0,0,0,0.0,0.0,0.0,0.0,0.00,0.00,39,0.2,0
2023-24,142,James,Milner,Milner,Brighton,MID,28,770,0,2,4,12,0,146,152.8,253.5,61.0,46.8,0.29,2.18,48,0.1,11
2023-24,143,Kaoru,Mitoma,Mitoma,Brighton,MID,74,1485,3,7,1,27,7,252,327.6,375.1,636.0,134.0,3.49,3.56,64,11.8,15
2023-24,144,Jakub,Moder,Moder,Brighton,MID,21,608,0,0,1,13,0,89,87.2,82.3,84.0,25.4,0.78,0.67,44,0.1,6
2023-24,146,Jeremy,Sarmiento Morante,Sarmiento,Brighton,MID,0,0,0,0,0,0,0,0,0.0,0.0,0.0,0.0,0.00,0.00,45,0.0,0
2023-24,147,Kjell,Scherpen,Scherpen,Brighton,GKP,0,0,0,0,0,0,0,0,0.0,0.0,0.0,0.0,0.00,0.00,40,0.0,0
2023-24,148,Jason,Steele,Steele,Brighton,GKP,42,1530,0,0,2,34,5,300,382.2,0.1,0.0,38.2,0.00,0.00,40,1.7,17
2023-24,149,Deniz,Undav,Undav,Brighton,FWD,0,0,0,0,0,0,0,0,0.0,0.0,0.0,0.0,0.00,0.00,55,0.0,0
2023-24,150,Jan Paul,van Hecke,Van Hecke,Brighton,DEF,61,2368,0,0,5,38,3,454,631.8,176.4,175.0,98.5,1.42,0.93,40,2.1,26
2023-24,151,Joël,Veltman,Veltman,Brighton,DEF,49,1579,1,1,3,32,0,294,320.8,97.8,98.0,51.8,0.46,0.53,43,0.6,17
2023-24,152,Bart,Verbruggen,Verbruggen,Brighton,GKP,68,1890,0,0,4,28,7,417,541.4,1.0,0.0,54.3,0.00,0.00,44,1.2,21
2023-24,153,Adam,Webster,Webster,Brighton,DEF,26,1142,0,0,2,22,2,212,252.2,89.3,54.0,39.7,0.50,0.33,42,0.3,13
2023-24,154,Danny,Welbeck,Welbeck,Brighton,FWD,79,1687,5,4,8,28,5,261,326.2,320.9,492.0,114.0,5.09,1.46,57,1.0,21
2023-24,155,Andi,Zeqiri,Zeqiri,Brighton,FWD,0,0,0,0,0,0,0,0,0.0,0.0,0.0,0.0,0.00,0.00,44,0.4,0
2023-24,606,Igor Julio,dos Santos de Paulo,Igor,Brighton,DEF,37,1631,0,0,2,26,1,311,297.8,135.5,23.0,45.8,0.25,0.50,43,0.2,17
2023-24,621,Jack,Hinshelwood,Hinshelwood,Brighton,MID,42,866,3,0,2,17,5,155,200.2,118.9,230.0,55.0,2.10,0.36,45,0.0,8
2023-24,690,Carlos,Baleba,Baleba,Brighton,MID,34,1314,0,0,2,28,0,174,179.8,134.7,72.0,38.8,0.85,0.24,45,0.0,15
2023-24,700,Anssumane,Fati Vieira,Ansu Fati,Brighton,MID,33,509,2,1,1,12,1,84,121.4,92.1,292.0,50.5,3.51,0.61,64,0.4,3
2023-24,741,Mark,O’Mahony,O’Mahony,Brighton,FWD,2,61,0,0,0,1,0,5,6.0,1.6,6.0,1.3,0.06,0.00,45,0.0,1
2023-24,742,Benicio,Baker-Boaitey,Baker-Boaitey,Brighton,MID,4,37,0,0,0,1,0,10,4.6,12.6,4.0,1.9,0.02,0.10,45,0.0,0
2023-24,746,Ben,Jackson,Jackson,Brighton,DEF,0,0,0,0,0,0,0,0,0.0,0.0,0.0,0.0,0.00,0.00,40,0.0,0
2023-24,747,Joshua,Duffus,Duffus,Brighton,MID,0,0,0,0,0,0,0,0,0.0,0.0,0.0,0.0,0.00,0.00,44,0.0,0
2023-24,753,Leigh,Kavanagh,Kavanagh,Brighton,DEF,0,0,0,0,0,0,0,0,0.0,0.0,0.0,0.0,0.00,0.00,40,0.0,0
2023-24,755,Luca,Barrington,Barrington,Brighton,MID,0,0,0,0,0,0,0,0,0.0,0.0,0.0,0.0,0.00,0.00,45,0.0,0
2023-24,786,Cameron,Peupion,Peupion,Brighton,MID,0,0,0,0,0,0,0,0,0.0,0.0,0.0,0.0,0.00,0.00,45,0.0,0
2023-24,816,Valentín,Barco,Barco,Brighton,DEF,5,307,0,0,0,9,0,33,44.8,69.6,39.0,15.5,0.20,0.38,40,0.0,3
2023-24,843,Samy,Chouchane,Chouchane,Brighton,MID,0,0,0,0,0,0,0,0,0.0,0.0,0.0,0.0,0.00,0.00,45,0.0,0
2023-24,845,Odeluga,Offiah,Offiah,Brighton,DEF,4,126,0,0,0,3,0,21,6.4,5.5,4.0,1.6,0.00,0.03,40,0.0,1
2023-24,861,Noël,Atom,Atom,Brighton,DEF,0,0,0,0,0,0,0,0,0.0,0.0,0.0,0.0,0.00,0.00,40,0.0,0
2023-24,156,Enock,Agyei,Agyei,Burnley,MID,0,0,0,0,0,0,0,0,0.0,0.0,0.0,0.0,0.00,0.00,42,0.4,0
2023-24,157,Ameen,Al-Dakhil,Al-Dakhil,Burnley,DEF,19,1055,1,0,0,26,0,127,193.0,42.8,84.0,32.0,1.28,0.54,38,1.2,12
2023-24,158,Samuel,Bastien,Bastien,Burnley,MID,0,0,0,0,0,0,0,0,0.0,0.0,0.0,0.0,0.00,0.00,49,0.0,0
2023-24,159,Manuel Benson,Hedilazio,Benson,Burnley,MID,8,110,0,0,0,5,0,22,17.6,26.4,30.0,7.5,0.07,0.18,52,0.1,1
2023-24,160,Jordan,Beyer,Beyer,Burnley,DEF,30,1234,0,1,2,23,4,236,330.8,46.1,35.0,41.3,0.56,0.19,39,0.8,15
2023-24,161,Josh,Brownhill,Brownhill,Burnley,MID,78,2248,4,2,2,56,2,365,499.0,501.5,234.0,123.5,1.81,2.04,47,0.2,23
2023-24,162,Darko,Churlinov,Churlinov,Burnley,MID,0,0,0,0,0,0,0,0,0.0,0.0,0.0,0.0,0.00,0.00,44,0.0,0
2023-24,163,Jack,Cork,Cork,Burnley,MID,4,25,0,0,0,0,0,8,4.2,5.2,2.0,1.1,0.00,0.02,48,0.0,0
2023-24,164,Dara,Costelloe,Costelloe,Burnley,MID,0,0,0,0,0,0,0,0,0.0,0.0,0.0,0.0,0.00,0.00,45,0.0,0
2023-24,165,Josh,Cullen,Cullen,Burnley,MID,65,2055,2,4,0,48,5,375,458.0,426.7,106.0,98.9,0.59,2.29,50,0.1,23
2023-24,166,CJ,Egan-Riley,Egan-Riley,Burnley,DEF,0,0,0,0,0,0,0,0,0.0,0.0,0.0,0.0,0.00,0.00,39,0.1,0
2023-24,167,Hjalmar,Ekdal,Ekdal,Burnley,DEF,15,436,0,0,1,8,3,77,76.6,15.9,15.0,10.7,0.06,0.01,39,0.2,5
2023-24,168,Lyle,Foster,Foster,Burnley,FWD,75,1898,5,3,2,43,4,229,364.2,263.4,467.0,109.6,4.36,1.27,47,0.4,22
2023-24,169,Denis,Franchi,Franchi,Burnley,GKP,0,0,0,0,0,0,0,0,0.0,0.0,0.0,0.0,0.00,0.00,39,0.1,0
2023-24,170,Jóhann Berg,Gudmundsson,Gudmundsson,Burnley,MID,48,1185,1,3,2,25,0,193,234.6,515.6,158.0,91.0,1.80,2.53,48,0.0,12
2023-24,171,Luke,McNally,McNally,Burnley,DEF,0,0,0,0,0,0,0,0,0.0,0.0,0.0,0.0,0.00,0.00,40,0.0,0
2023-24,172,Arijanet,Muric,Muric,Burnley,GKP,47,900,0,0,0,16,12,241,513.0,40.3,0.0,55.3,0.00,0.05,43,0.6,10
2023-24,173,Dara,O'Shea,O'Shea,Burnley,DEF,69,2892,3,4,2,71,2,478,772.0,189.7,213.0,117.7,0.74,0.90,44,0.3,32
2023-24,174,Michael,Obafemi,Obafemi,Burnley,FWD,2,19,0,0,0,0,0,4,0.0,0.6,17.0,1.7,0.11,0.01,49,0.0,0
2023-24,175,Bailey,Peacock-Farrell,Peacock-Farrell,Burnley,GKP,0,0,0,0,0,0,0,0,0.0,0.0,0.0,0.0,0.00,0.00,40,0.0,0
2023-24,176,Connor,Roberts,Roberts,Burnley,DEF,12,817,0,1,0,23,0,111,142.8,104.1,12.0,25.7,0.00,0.35,43,0.1,8
2023-24,177,Jay,Rodriguez,Rodriguez,Burnley,FWD,41,811,2,1,1,18,3,108,138.8,66.2,232.0,42.6,3.82,0.08,53,0.2,7
2023-24,178,Charlie,Taylor,Taylor,Burnley,DEF,47,2329,1,1,2,46,1,347,395.6,275.7,59.0,73.3,0.25,1.66,39,2.7,25
2023-24,179,Bobby,Thomas,Thomas,Burnley,DEF,0,0,0,0,0,0,0,0,0.0,0.0,0.0,0.0,0.00,0.00,40,0.0,0
2023-24,180,Scott,Twine,Twine,Burnley,MID,0,0,0,0,0,0,0,0,0.0,0.0,0.0,0.0,0.00,0.00,49,0.0,0
2023-24,181,Lawrence,Vigouroux,Vigouroux,Burnley,GKP,0,0,0,0,0,0,0,0,0.0,0.0,0.0,0.0,0.00,0.00,39,0.2,0
2023-24,182,Victor,da Silva,Vitinho,Burnley,DEF,60,2311,0,3,2,44,2,259,305.4,200.8,228.0,73.0,1.70,1.13,44,0.2,26
2023-24,183,Wout,Weghorst,Weghorst,Burnley,FWD,0,0,0,0,0,0,0,0,0.0,0.0,0.0,0.0,0.00,0.00,55,0.0,0
2023-24,184,Anass,Zaroury,Zaroury,Burnley,MID,4,149,0,0,0,4,0,10,6.8,36.3,19.0,5.6,0.16,0.11,46,0.0,1
2023-24,200,David Datro,Fofana,D.D.Fofana,Burnley,FWD,50,876,4,1,1,18,8,133,212.0,111.7,273.0,59.2,4.58,0.30,50,0.2,10
2023-24,475,Sander,Berge,Berge,Burnley,MID,74,3002,1,2,2,70,3,430,533.6,446.3,161.0,114.3,2.04,1.66,46,0.1,34
2023-24,594,Zeki,Amdouni,Amdouni,Burnley,FWD,85,1953,5,1,5,41,11,243,372.8,246.5,509.0,112.4,5.55,1.22,51,0.2,27
2023-24,596,James,Trafford,Trafford,Burnley,GKP,70,2520,0,0,2,62,5,533,903.6,3.3,0.0,90.7,0.00,0.04,44,0.9,28
2023-24,600,Nathan,Redmond,Redmond,Burnley,MID,11,132,0,0,0,5,0,38,23.8,52.5,18.0,9.4,0.03,0.37,47,0.0,0
2023-24,605,Luca,Koleosho,Koleosho,Burnley,MID,40,972,1,2,3,23,0,80,86.8,147.9,213.0,44.5,1.96,1.07,48,0.0,13
2023-24,608,Jacob,Bruun Larsen,Bruun Larsen,Burnley,MID,82,1235,6,0,3,23,7,237,335.8,416.5,448.0,119.5,4.65,1.44,48,0.1,16
2023-24,622,Owen,Dodgson,Dodgson,Burnley,DEF,0,0,0,0,0,0,0,0,0.0,0.0,0.0,0.0,0.00,0.00,40,0.0,0
2023-24,660,Wilson,Odobert,Odobert,Burnley,MID,82,2095,3,4,2,48,3,303,331.0,435.4,445.0,121.1,2.75,3.32,50,0.1,25
2023-24,674,Hannes,Delcroix,Delcroix,Burnley,DEF,7,584,0,0,0,25,0,88,110.0,57.8,42.0,20.9,0.35,0.12,40,0.1,5
2023-24,675,Aaron,Ramsey,A.Ramsey,Burnley,MID,18,522,0,0,0,17,0,62,51.2,28.0,53.0,12.7,0.35,0.48,50,0.0,5
2023-24,694,Han-Noah,Massengo,Massengo,Burnley,MID,3,14,0,0,0,0,0,11,2.8,0.1,0.0,0.3,0.00,0.00,49,0.0,0
2023-24,706,Mike,Trésor,M.Trésor,Burnley,MID,20,410,0,0,0,10,0,73,44.4,110.5,24.0,18.0,0.37,0.54,52,0.0,3
2023-24,805,Lorenz,Assignon,Assignon,Burnley,DEF,25,1235,1,2,0,32,3,140,270.2,176.0,119.0,56.6,0.42,1.55,40,0.2,15
2023-24,806,Maxime,Esteve,Estève,Burnley,DEF,15,1310,0,0,0,28,0,157,229.2,38.9,29.0,29.9,0.27,0.16,40,0.0,15
2023-24,126,Moisés,Caicedo Corozo,Caicedo,Chelsea,MID,84,2865,1,3,7,50,6,466,613.6,403.2,68.0,108.2,0.42,2.01,45,1.2,33
2023-24,145,Robert,Sánchez,Sanchez,Chelsea,GKP,59,1433,0,0,3,25,7,317,450.6,0.1,0.0,45.2,0.00,0.00,45,2.2,16
2023-24,185,Ethan,Ampadu,Ampadu,Chelsea,DEF,0,0,0,0,0,0,0,0,0.0,0.0,0.0,0.0,0.00,0.00,40,0.0,0
2023-24,186,Andrey,Nascimento dos Santos,Andrey,Chelsea,MID,1,7,0,0,0,0,0,1,0.0,0.5,3.0,0.2,0.06,0.00,42,0.1,0
2023-24,187,Kepa,Arrizabalaga,Arrizabalaga,Chelsea,GKP,0,0,0,0,0,0,0,0,0.0,0.0,0.0,0.0,0.00,0.00,50,0.2,0
2023-24,188,Pierre-Emerick,Aubameyang,Aubameyang,Chelsea,FWD,0,0,0,0,0,0,0,0,0.0,0.0,0.0,0.0,0.00,0.00,65,0.0,0
2023-24,189,César,Azpilicueta,Azpilicueta,Chelsea,DEF,0,0,0,0,0,0,0,0,0.0,0.0,0.0,0.0,0.00,0.00,45,0.0,0
2023-24,190,Abdul Rahman,Baba,Baba,Chelsea,DEF,0,0,0,0,0,0,0,0,0.0,0.0,0.0,0.0,0.00,0.00,40,0.0,0
2023-24,191,Benoît,Badiashile,B.Badiashile,Chelsea,DEF,35,1337,0,1,3,31,4,267,336.4,87.4,51.0,47.5,0.27,0.92,44,0.3,15
2023-24,192,Marcus,Bettinelli,Bettinelli,Chelsea,GKP,-1,0,0,0,0,0,0,-3,0.0,0.0,0.0,0.0,0.00,0.00,40,0.0,0
2023-24,194,Trevoh,Chalobah,Chalobah,Chelsea,DEF,39,949,1,0,3,14,4,221,250.8,45.4,38.0,33.4,0.20,0.16,43,2.0,10
2023-24,195,Ben,Chilwell,Chilwell,Chelsea,DEF,24,752,0,2,1,14,2,123,128.4,212.8,139.0,48.0,1.11,1.62,54,4.7,9
2023-24,196,Carney,Chukwuemeka,Chukwuemeka,Chelsea,MID,16,222,1,1,0,5,0,53,78.4,68.6,52.0,19.9,0.12,0.29,42,1.0,2
2023-24,197,Levi,Colwill,Colwill,Chelsea,DEF,65,1794,1,1,5,26,4,355,394.6,113.2,163.0,67.2,1.29,0.53,46,2.1,20
2023-24,198,Marc,Cucurella Saseta,Cucurella,Chelsea,DEF,44,1783,0,3,4,33,3,318,384.4,283.9,122.0,79.3,1.16,1.01,49,3.7,20
2023-24,199,Enzo,Fernández,Enzo,Chelsea,MID,77,2208,3,3,5,47,4,369,527.2,567.7,369.0,146.3,5.72,3.78,48,1.9,26
2023-24,201,Wesley,Fofana,W.Fofana,Chelsea,DEF,0,0,0,0,0,0,0,0,0.0,0.0,0.0,0.0,0.00,0.00,44,0.0,0
2023-24,202,Conor,Gallagher,Gallagher,Chelsea,MID,129,3129,5,8,8,56,10,618,754.8,821.5,401.0,197.4,4.01,3.53,54,1.7,37
2023-24,203,Malo,Gusto,Gusto,Chelsea,DEF,74,1746,0,6,5,28,10,409,434.8,494.8,174.0,110.4,1.01,3.39,43,8.2,19
2023-24,206,Reece,James,James,Chelsea,DEF,11,416,0,2,0,13,0,106,137.4,172.1,61.0,37.1,0.30,1.36,53,2.7,5
2023-24,207,Romelu,Lukaku Bolingoli,Lukaku,Chelsea,FWD,0,0,0,0,0,0,0,0,0.0,0.0,0.0,0.0,0.00,0.00,68,0.3,0
2023-24,208,Noni,Madueke,Madueke,Chelsea,MID,76,1044,5,3,4,19,7,253,341.6,287.5,401.0,102.8,2.51,2.13,53,1.2,13
2023-24,210,Mykhailo,Mudryk,Mudryk,Chelsea,MID,94,1564,5,5,7,28,5,291,347.2,457.5,420.0,122.4,4.77,3.15,63,0.9,18
2023-24,211,Nicolas,Jackson,N.Jackson,Chelsea,FWD,142,2801,14,6,9,48,12,479,783.8,501.7,1098.0,237.7,18.14,3.00,70,17.9,31
2023-24,212,Christopher,Nkunku,Nkunku,Chelsea,FWD,29,437,3,0,0,12,4,96,134.6,74.5,222.0,42.7,2.47,0.37,72,1.0,2
2023-24,213,Christian,Pulisic,Pulisic,Chelsea,MID,0,0,0,0,0,0,0,0,0.0,0.0,0.0,0.0,0.00,0.00,55,0.0,0
2023-24,214,Malang,Sarr,M.Sarr,Chelsea,DEF,0,0,0,0,0,0,0,0,0.0,0.0,0.0,0.0,0.00,0.00,43,0.1,0
2023-24,215,Gabriel,Słonina,Slonina,Chelsea,GKP,0,0,0,0,0,0,0,0,0.0,0.0,0.0,0.0,0.00,0.00,40,0.0,0
2023-24,216,Raheem,Sterling,Sterling,Chelsea,MID,123,1972,8,8,5,38,8,323,502.8,473.7,747.0,172.1,6.39,4.33,68,4.8,22
2023-24,217,Thiago,Emiliano da Silva,T.Silva,Chelsea,DEF,98,2525,3,1,7,45,12,604,797.0,138.7,165.0,110.6,0.73,0.58,50,4.5,28
2023-24,218,Hakim,Ziyech,Ziyech,Chelsea,MID,0,0,0,0,0,0,0,0,0.0,0.0,0.0,0.0,0.00,0.00,54,0.1,0
2023-24,362,Cole,Palmer,Palmer,Chelsea,MID,244,2617,22,13,7,46,32,844,1240.2,1022.5,1016.0,327.8,17.35,8.17,63,51.3,29
2023-24,589,Ângelo Gabriel,Borges Damaceno,Ângelo,Chelsea,MID,0,0,0,0,0,0,0,0,0.0,0.0,0.0,0.0,0.00,0.00,50,0.0,0
2023-24,609,Ian,Maatsen,Maatsen,Chelsea,MID,11,200,0,0,0,5,0,24,29.4,44.8,29.0,10.3,0.74,0.20,51,0.0,1
2023-24,611,Axel,Disasi,Disasi,Chelsea,DEF,71,2579,2,0,5,50,6,468,573.2,105.5,172.0,85.1,2.35,1.46,49,3.4,29
2023-24,613,Lesley,Ugochukwu,Ugochukwu,Chelsea,MID,13,296,0,0,1,6,0,62,60.8,44.4,4.0,10.9,0.00,0.14,44,0.1,3
2023-24,623,Mason,Burstow,Burstow,Chelsea,FWD,2,8,0,0,0,1,0,6,0.4,0.6,2.0,0.3,0.00,0.00,45,0.1,0
2023-24,659,Lucas,Bergström,Bergström,Chelsea,GKP,0,0,0,0,0,0,0,0,0.0,0.0,0.0,0.0,0.00,0.00,39,0.0,0
2023-24,667,Roméo,Lavia,Lavia,Chelsea,MID,1,32,0,0,0,0,0,2,3.6,1.9,0.0,0.6,0.00,0.01,49,0.0,0
2023-24,671,Bashir,Humphreys,Humphreys,Chelsea,DEF,0,0,0,0,0,0,0,0,0.0,0.0,0.0,0.0,0.00,0.00,40,0.0,0
2023-24,677,Deivid Washington,de Souza Eugênio,Deivid,Chelsea,FWD,2,11,0,0,0,1,0,5,0.0,0.1,4.0,0.4,0.47,0.00,45,0.1,0
2023-24,680,Eddie,Beach,Beach,Chelsea,GKP,0,0,0,0,0,0,0,0,0.0,0.0,0.0,0.0,0.00,0.00,40,0.0,0
2023-24,681,Diego Manuel Jadon,da Silva Moreira,Diego Moreira,Chelsea,MID,0,0,0,0,0,0,0,0,0.0,0.0,0.0,0.0,0.00,0.00,45,0.0,0
2023-24,687,Đorđe,Petrović,Petrović,Chelsea,GKP,71,1986,0,0,5,38,5,414,567.8,0.0,0.0,56.8,0.00,0.00,47,8.4,22
2023-24,716,Alfie,Gilchrist,Gilchrist,Chelsea,DEF,20,200,1,0,1,6,0,67,70.6,8.6,33.0,11.1,0.32,0.05,40,0.1,2
2023-24,717,Ronnie,Stutter,Stutter,Chelsea,FWD,0,0,0,0,0,0,0,0,0.0,0.0,0.0,0.0,0.00,0.00,45,0.0,0
2023-24,718,Alex,Matos,Matos,Chelsea,MID,1,1,0,0,0,0,0,2,0.0,0.0,0.0,0.0,0.00,0.00,45,0.0,0
2023-24,723,Josh,Brooking,Brooking,Chelsea,DEF,0,0,0,0,0,0,0,0,0.0,0.0,0.0,0.0,0.00,0.00,40,0.0,0
2023-24,758,Leo,Castledine,Castledine,Chelsea,MID,0,0,0,0,0,0,0,0,0.0,0.0,0.0,0.0,0.00,0.00,45,0.0,0
2023-24,791,Cesare,Casadei,Casadei,Chelsea,MID,11,71,0,0,0,3,0,38,19.8,27.4,2.0,5.1,0.00,0.08,45,0.0,0
2023-24,819,Ishé,Samuels-Smith,Samuels-Smith,Chelsea,DEF,0,0,0,0,0,0,0,0,0.0,0.0,0.0,0.0,0.00,0.00,40,0.0,0
2023-24,820,Ollie,Harrison,Harrison,Chelsea,MID,0,0,0,0,0,0,0,0,0.0,0.0,0.0,0.0,0.00,0.00,45,0.0,0
2023-24,830,Jimi,Tauriainen,Tauriainen,Chelsea,MID,1,1,0,0,0,0,0,3,0.0,0.0,0.0,0.0,0.00,0.00,45,0.0,0
2023-24,838,Josh,Acheampong,Acheampong,Chelsea,DEF,1,5,0,0,0,0,0,4,15.0,0.0,0.0,1.5,0.00,0.00,40,0.0,0
2023-24,847,Teddy,Sharman-Lowe,Sharman-Lowe,Chelsea,GKP,0,0,0,0,0,0,0,0,0.0,0.0,0.0,0.0,0.00,0.00,40,0.0,0
2023-24,851,Tyrique,George,George,Chelsea,FWD,0,0,0,0,0,0,0,0,0.0,0.0,0.0,0.0,0.00,0.00,45,0.0,0
2023-24,852,Kiano,Dyer,Dyer,Chelsea,MID,0,0,0,0,0,0,0,0,0.0,0.0,0.0,0.0,0.00,0.00,45,0.0,0
2023-24,858,Ted,Curd,Curd,Chelsea,GKP,0,0,0,0,0,0,0,0,0.0,0.0,0.0,0.0,0.00,0.00,40,0.0,0
2023-24,859,Zak,Sturge,Sturge,Chelsea,DEF,0,0,0,0,0,0,0,0,0.0,0.0,0.0,0.0,0.00,0.00,40,0.0,0
2023-24,7,Rob,Holding,Holding,Crystal Palace,DEF,0,0,0,0,0,0,0,0,0.0,0.0,0.0,0.0,0.00,0.00,43,0.1,0
2023-24,219,Naouirou,Ahamada,Ahamada,Crystal Palace,MID,16,332,0,0,0,14,0,52,41.2,25.2,61.0,12.9,0.40,0.12,43,0.4,0
2023-24,220,Joachim,Andersen,Andersen,Crystal Palace,DEF,121,3416,2,3,10,58,12,679,873.6,301.1,253.0,143.1,1.75,2.08,47,14.1,38
2023-24,221,Jordan,Ayew,J.Ayew,Crystal Palace,MID,109,2540,4,7,11,39,3,325,517.6,445.2,550.0,151.1,3.97,2.55,53,0.3,30
2023-24,222,Nathaniel,Clyne,Clyne,Crystal Palace,DEF,52,1335,0,1,5,16,0,259,179.6,67.8,21.0,27.0,0.21,0.21,43,0.2,14
2023-24,223,Cheick,Doucouré,C.Doucouré,Crystal Palace,MID,21,920,0,0,3,12,0,141,165.8,138.5,36.0,34.2,0.28,0.76,48,0.0,11
2023-24,224,Malcolm,Ebiowei,Ebiowei,Crystal Palace,MID,0,0,0,0,0,0,0,0,0.0,0.0,0.0,0.0,0.00,0.00,44,0.0,0
2023-24,225,Odsonne,Edouard,Edouard,Crystal Palace,FWD,79,1545,7,0,6,24,9,246,359.6,256.7,663.0,128.0,6.33,0.86,53,1.3,17
2023-24,226,Eberechi,Eze,Eze,Crystal Palace,MID,136,2054,11,5,8,28,11,490,740.4,810.0,735.0,228.7,9.12,5.66,60,5.4,24
2023-24,227,Vicente,Guaita,Guaita,Crystal Palace,GKP,0,0,0,0,0,0,0,0,0.0,0.0,0.0,0.0,0.00,0.00,44,0.2,0
2023-24,228,Marc,Guéhi,Guéhi,Crystal Palace,DEF,66,2020,0,1,6,32,6,397,417.8,106.6,35.0,56.1,0.58,1.00,42,1.3,23
2023-24,229,Will,Hughes,Hughes,Crystal Palace,MID,61,1886,0,2,8,38,2,252,319.2,338.6,67.0,72.3,0.31,1.70,49,0.0,23
2023-24,230,Sam,Johnstone,Johnstone,Crystal Palace,GKP,68,1796,0,0,6,27,7,310,321.4,0.0,0.0,32.2,0.00,0.00,43,1.3,20
2023-24,231,Jefferson,Lerma Solís,Lerma,Crystal Palace,MID,64,2399,1,1,5,46,4,338,417.6,366.1,240.0,102.4,2.61,1.78,47,0.1,27
2023-24,232,Jean-Philippe,Mateta,Mateta,Crystal Palace,FWD,165,2274,16,7,8,44,22,563,775.0,404.0,741.0,191.9,10.84,1.30,51,7.3,25
2023-24,233,Remi,Matthews,Matthews,Crystal Palace,GKP,1,3,0,0,0,1,0,3,1.0,0.0,0.0,0.1,0.00,0.00,39,0.1,0
2023-24,234,Tyrick,Mitchell,Mitchell,Crystal Palace,DEF,119,3204,2,3,10,55,10,590,669.8,393.7,209.0,127.4,1.27,2.39,45,4.7,37
2023-24,235,Jake,O'Brien,O'Brien,Crystal Palace,DEF,0,0,0,0,0,0,0,0,0.0,0.0,0.0,0.0,0.00,0.00,40,0.0,0
2023-24,236,Michael,Olise,Olise,Crystal Palace,MID,125,1272,10,6,3,19,21,438,627.6,568.7,556.0,175.4,5.32,4.96,57,5.3,14
2023-24,237,Luke,Plange,Plange,Crystal Palace,FWD,0,0,0,0,0,0,0,0,0.0,0.0,0.0,0.0,0.00,0.00,45,0.0,0
2023-24,238,Chris,Richards,C.Richards,Crystal Palace,DEF,62,2091,1,1,4,38,4,370,456.2,87.5,108.0,65.2,0.60,0.17,39,1.5,23
2023-24,239,Jairo,Riedewald,Riedewald,Crystal Palace,MID,12,228,0,0,1,3,0,35,24.6,9.3,14.0,4.8,0.04,0.07,43,0.1,2
2023-24,240,Jeffrey,Schlupp,Schlupp,Crystal Palace,MID,66,1340,2,2,4,25,4,201,279.8,234.2,229.0,74.1,1.70,1.41,48,0.1,17
2023-24,241,James,Tomkins,Tomkins,Crystal Palace,DEF,3,8,0,0,0,2,0,12,3.0,0.3,0.0,0.3,0.00,0.00,39,0.4,0
2023-24,242,Joel,Ward,Ward,Crystal Palace,DEF,54,1978,0,1,5,34,0,304,348.2,79.0,41.0,46.8,0.88,0.25,45,0.2,23
2023-24,243,Joe,Whitworth,Whitworth,Crystal Palace,GKP,0,0,0,0,0,0,0,0,0.0,0.0,0.0,0.0,0.00,0.00,39,0.9,0
2023-24,385,Dean,Henderson,Henderson,Crystal Palace,GKP,48,1620,0,0,4,30,2,293,434.8,0.0,0.0,43.7,0.00,0.01,44,1.7,18
2023-24,615,Matheus,França de Oliveira,Matheus França,Crystal Palace,MID,16,224,0,2,0,7,0,47,36.4,77.7,53.0,16.5,0.33,0.46,48,0.0,1
2023-24,657,Jesurun,Rak-Sakyi,Rak-Sakyi,Crystal Palace,MID,8,132,0,0,1,3,0,21,23.2,28.2,58.0,11.0,0.41,0.14,45,0.0,0
2023-24,658,John-Kymani,Gordon,Gordon,Crystal Palace,FWD,0,0,0,0,0,0,0,0,0.0,0.0,0.0,0.0,0.00,0.00,45,0.0,0
2023-24,720,Ademola,Ola-Adebomi,Ola-Adebomi,Crystal Palace,FWD,0,0,0,0,0,0,0,0,0.0,0.0,0.0,0.0,0.00,0.00,45,0.0,0
2023-24,721,David,Ozoh,Ozoh,Crystal Palace,MID,8,148,0,0,0,5,0,27,25.2,4.0,0.0,2.9,0.00,0.01,45,0.0,0
2023-24,724,Jadan,Raymond,Raymond,Crystal Palace,MID,0,0,0,0,0,0,0,0,0.0,0.0,0.0,0.0,0.00,0.00,45,0.0,0
2023-24,763,Tayo,Adaramola,Adaramola,Crystal Palace,DEF,0,0,0,0,0,0,0,0,0.0,0.0,0.0,0.0,0.00,0.00,40,0.0,0
2023-24,792,Daniel,Muñoz,Muñoz,Crystal Palace,DEF,56,1440,0,4,5,22,3,270,331.0,265.6,119.0,71.7,1.26,1.26,45,0.6,16
2023-24,807,Adam,Wharton,Wharton,Crystal Palace,MID,50,1296,0,3,7,16,4,222,255.0,287.9,29.0,57.3,0.38,1.50,50,0.0,15
2023-24,821,Franco,Umeh-Chibueze,Umeh-Chibueze,Crystal Palace,FWD,0,0,0,0,0,0,0,0,0.0,0.0,0.0,0.0,0.00,0.00,45,0.0,0
2023-24,825,Kaden,Rodney,Rodney,Crystal Palace,MID,0,0,0,0,0,0,0,0,0.0,0.0,0.0,0.0,0.00,0.00,45,0.0,0
2023-24,842,Roshaun,Mathurin,Mathurin,Crystal Palace,MID,0,0,0,0,0,0,0,0,0.0,0.0,0.0,0.0,0.00,0.00,44,0.0,0
2023-24,244,André,Tavares Gomes,André Gomes,Everton,MID,20,505,1,0,3,7,0,64,72.8,88.3,81.0,24.1,0.32,0.43,44,0.1,3
2023-24,245,Jarrad,Branthwaite,Branthwaite,Everton,DEF,124,3116,3,1,12,44,10,621,789.4,67.2,185.0,104.3,1.62,1.29,45,10.8,35
2023-24,246,Dominic,Calvert-Lewin,Calvert-Lewin,Everton,FWD,101,2166,7,3,13,27,9,259,403.0,255.6,901.0,154.8,12.86,1.58,58,1.0,26
2023-24,247,Seamus,Coleman,Coleman,Everton,DEF,30,661,0,0,4,10,3,141,108.6,49.9,6.0,16.5,0.00,0.70,44,0.1,7
2023-24,248,Dele,Alli,Dele,Everton,MID,0,0,0,0,0,0,0,0,0.0,0.0,0.0,0.0,0.00,0.00,48,0.0,0
2023-24,249,Abdoulaye,Doucouré,A.Doucoure,Everton,MID,116,2632,7,3,12,36,7,335,462.4,456.5,687.0,161.0,8.70,1.51,55,0.5,32
2023-24,250,James,Garner,Garner,Everton,MID,87,3001,1,2,11,47,3,421,526.6,663.1,244.0,143.5,2.62,3.75,49,0.1,34
2023-24,251,Jean-Philippe,Gbamin,Gbamin,Everton,MID,0,0,0,0,0,0,0,0,0.0,0.0,0.0,0.0,0.00,0.00,44,0.0,0
2023-24,252,Ben,Godfrey,Godfrey,Everton,DEF,37,1120,0,0,4,13,0,166,221.4,64.9,156.0,44.3,1.76,0.55,43,0.2,13
2023-24,253,Demarai,Gray,Gray,Everton,MID,0,0,0,0,0,0,0,0,0.0,0.0,0.0,0.0,0.00,0.00,53,0.1,0
2023-24,254,Idrissa,Gueye,Gana,Everton,MID,73,1885,4,0,7,25,10,337,406.8,237.1,154.0,79.7,1.25,0.82,48,0.1,24
2023-24,257,Michael,Keane,Keane,Everton,DEF,18,437,1,0,1,13,2,72,108.2,4.6,92.0,20.5,0.56,0.06,42,0.2,4
2023-24,259,Dwight,McNeil,McNeil,Everton,MID,124,2891,3,8,12,39,8,515,615.4,1110.8,400.0,212.7,3.26,7.90,54,0.3,33
2023-24,260,Vitalii,Mykolenko,Mykolenko,Everton,DEF,101,2469,2,1,9,37,9,452,517.4,239.8,211.0,96.8,1.49,1.07,45,2.6,28
2023-24,261,Amadou,Onana,Onana,Everton,MID,66,2085,2,0,5,38,5,304,354.0,282.7,254.0,89.5,2.22,1.39,47,0.2,23
2023-24,262,Nathan,Patterson,Patterson,Everton,DEF,34,1000,0,2,2,21,3,187,207.2,138.2,26.0,37.3,0.34,1.03,43,0.1,9
2023-24,263,Jordan,Pickford,Pickford,Everton,GKP,153,3420,0,0,13,51,22,734,969.2,43.4,0.0,101.3,0.00,0.46,48,16.3,38
2023-24,264,Ellis,Simms,Simms,Everton,FWD,0,0,0,0,0,0,0,0,0.0,0.0,0.0,0.0,0.00,0.00,45,0.0,0
2023-24,265,James,Tarkowski,Tarkowski,Everton,DEF,117,3420,1,1,13,51,10,649,915.4,269.6,320.0,150.9,2.55,2.66,46,5.4,38
2023-24,266,João,Neves Virgínia,J.Virginia,Everton,GKP,0,0,0,0,0,0,0,0,0.0,0.0,0.0,0.0,0.00,0.00,39,0.4,0
2023-24,579,Andy,Lonergan,Lonergan,Everton,GKP,0,0,0,0,0,0,0,0,0.0,0.0,0.0,0.0,0.00,0.00,39,0.1,0
2023-24,588,Ashley,Young,Young,Everton,DEF,76,2277,0,1,9,34,3,375,284.8,365.2,87.0,74.0,0.67,1.51,44,0.4,27
2023-24,601,Arnaut,Danjuma Groeneveld,Danjuma,Everton,MID,26,587,1,0,2,10,0,53,73.6,79.3,271.0,42.4,2.63,0.42,52,0.1,5
2023-24,624,Lewis,Dobbin,Dobbin,Everton,MID,18,226,1,0,1,3,0,54,68.4,50.5,59.0,17.7,0.34,0.12,45,0.0,1
2023-24,645,Youssef,Ramalho Chermiti,Y. Chermiti,Everton,FWD,16,196,0,0,1,4,0,28,19.2,51.2,84.0,14.9,0.74,0.30,48,0.1,1
2023-24,649,Thomas,Cannon,Cannon,Everton,FWD,1,1,0,0,0,0,0,3,0.0,0.0,0.0,0.0,0.00,0.00,45,0.0,0
2023-24,650,Tyler,Onyango,Onyango,Everton,MID,1,1,0,0,0,0,0,3,0.0,0.0,0.0,0.0,0.00,0.00,44,0.0,0
2023-24,661,Jack,Harrison,Harrison,Everton,MID,92,2212,3,3,11,26,5,292,397.4,405.7,339.0,114.3,3.68,3.02,55,0.1,25
2023-24,691,Norberto Bercique,Gomes Betuncal,Beto,Everton,FWD,50,943,3,0,2,20,3,105,158.8,139.6,425.0,71.3,6.46,0.30,57,0.1,9
2023-24,719,Mackenzie,Hunt,Hunt,Everton,MID,0,0,0,0,0,0,0,0,0.0,0.0,0.0,0.0,0.00,0.00,45,0.0,0
2023-24,760,Jenson,Metcalfe,Metcalfe,Everton,MID,0,0,0,0,0,0,0,0,0.0,0.0,0.0,0.0,0.00,0.00,45,0.0,0
2023-24,761,Elijah,Campbell,Campbell,Everton,DEF,0,0,0,0,0,0,0,0,0.0,0.0,0.0,0.0,0.00,0.00,40,0.0,0
2023-24,841,Lewis,Warrington,Warrington,Everton,MID,1,1,0,0,0,0,0,3,0.0,0.0,0.0,0.0,0.00,0.00,45,0.0,0
2023-24,863,Billy,Crellin,Crellin,Everton,GKP,0,0,0,0,0,0,0,0,0.0,0.0,0.0,0.0,0.00,0.00,40,0.0,0
2023-24,193,Armando,Broja,Broja,Fulham,FWD,35,529,1,2,3,9,0,72,75.6,70.3,152.0,29.0,2.24,0.23,49,0.2,6
2023-24,256,Alex,Iwobi,Iwobi,Fulham,MID,102,2331,5,2,7,41,9,425,504.2,718.8,534.0,175.9,5.23,4.20,53,0.4,27
2023-24,267,Andreas,Hoelgebaum Pereira,Andreas,Fulham,MID,127,2611,3,9,14,40,7,459,503.6,1254.3,417.0,217.8,4.52,5.72,53,0.9,34
2023-24,268,Tom,Cairney,Cairney,Fulham,MID,70,1472,1,6,4,27,2,346,335.2,407.2,170.0,90.9,1.03,2.58,49,0.0,14
2023-24,269,Ivan,Neves Abreu Cavaleiro,I.Cavaleiro,Fulham,MID,0,0,0,0,0,0,0,0,0.0,0.0,0.0,0.0,0.00,0.00,50,0.0,0
2023-24,270,Bobby,De Cordova-Reid,De Cordova-Reid,Fulham,MID,92,1410,6,3,3,29,7,290,330.6,255.3,325.0,90.0,4.55,1.12,52,0.1,17
2023-24,271,Issa,Diop,Diop,Fulham,DEF,43,1423,0,0,5,26,3,259,348.8,20.5,37.0,40.8,0.26,0.42,44,0.4,16
2023-24,272,Tyrese,Francois,Francois,Fulham,MID,0,0,0,0,0,0,0,0,0.0,0.0,0.0,0.0,0.00,0.00,44,0.0,0
2023-24,273,Anthony,Knockaert,Knockaert,Fulham,MID,0,0,0,0,0,0,0,0,0.0,0.0,0.0,0.0,0.00,0.00,44,0.0,0
2023-24,274,Terence,Kongolo,Kongolo,Fulham,DEF,0,0,0,0,0,0,0,0,0.0,0.0,0.0,0.0,0.00,0.00,40,0.1,0
2023-24,275,Bernd,Leno,Leno,Fulham,GKP,133,3420,0,0,10,61,15,782,1069.8,0.1,0.0,106.7,0.00,0.00,48,14.6,38
2023-24,276,Saša,Lukić,Lukić,Fulham,MID,43,1113,1,0,5,20,0,157,192.4,155.6,115.0,46.2,1.49,0.46,43,0.3,13
2023-24,277,Kevin,Mbabu,Mbabu,Fulham,DEF,0,0,0,0,0,0,0,0,0.0,0.0,0.0,0.0,0.00,0.00,40,0.2,0
2023-24,278,Aleksandar,Mitrović,Mitrović,Fulham,FWD,1,32,0,0,0,0,0,6,6.4,0.3,26.0,3.3,0.16,0.02,74,0.6,0
2023-24,279,Rodrigo,Muniz Carvalho,Muniz,Fulham,FWD,97,1589,9,2,6,27,12,299,409.0,213.1,875.0,148.2,8.76,0.94,43,4.4,18
2023-24,280,João,Palhinha Gonçalves,J.Palhinha,Fulham,MID,91,2698,4,1,9,46,8,387,659.2,219.0,365.0,124.5,3.39,0.99,50,0.3,31
2023-24,281,Tim,Ream,Ream,Fulham,DEF,40,1503,1,0,3,31,4,267,339.8,18.2,45.0,40.4,0.96,0.16,44,0.6,17
2023-24,282,Harrison,Reed,Reed,Fulham,MID,47,1317,0,2,6,23,0,205,213.8,212.6,45.0,47.2,0.29,1.49,43,0.3,15
2023-24,283,Antonee,Robinson,Robinson,Fulham,DEF,104,3266,0,6,9,60,8,662,805.8,536.7,241.0,158.6,0.68,3.75,45,4.0,37
2023-24,284,Marek,Rodák,Rodák,Fulham,GKP,-1,0,0,0,0,0,0,-3,0.0,0.0,0.0,0.0,0.00,0.00,39,0.3,0
2023-24,285,Kenny,Tete,Tete,Fulham,DEF,27,863,1,0,2,21,0,161,195.2,93.4,67.0,35.6,0.86,0.46,44,0.3,10
2023-24,286,Tosin,Adarabioyo,Tosin,Fulham,DEF,66,1616,2,0,6,25,2,327,431.8,39.3,152.0,62.4,0.78,0.32,43,0.2,18
2023-24,287,Carlos Vinícius,Alves Morais,Vinícius,Fulham,FWD,22,306,2,0,0,5,2,77,83.6,61.3,139.0,28.2,1.59,0.11,45,0.9,2
2023-24,288,Harry,Wilson,Wilson,Fulham,MID,94,1603,4,7,5,30,5,307,375.0,357.3,340.0,107.2,3.45,2.63,53,0.2,16
2023-24,558,Raúl,Jiménez,Raúl,Fulham,FWD,72,1390,7,0,4,29,13,237,335.8,185.9,440.0,95.1,5.37,0.96,50,0.6,18
2023-24,591,Willian,Borges da Silva,Willian,Fulham,MID,94,2048,4,3,9,28,6,390,416.4,701.3,439.0,155.5,5.09,4.68,53,0.4,24
2023-24,610,Calvin,Bassey,Bassey,Fulham,DEF,66,2299,1,0,6,42,4,442,462.8,34.8,50.0,55.0,0.37,0.16,44,0.4,25
2023-24,625,Luc,De Fougerolles,De Fougerolles,Fulham,DEF,0,0,0,0,0,0,0,0,0.0,0.0,0.0,0.0,0.00,0.00,39,0.1,0
2023-24,651,Jay,Stansfield,Stansfield,Fulham,FWD,0,0,0,0,0,0,0,0,0.0,0.0,0.0,0.0,0.00,0.00,45,0.0,0
2023-24,652,Matthew,Dibley-Dias,Dibley-Dias,Fulham,MID,0,0,0,0,0,0,0,0,0.0,0.0,0.0,0.0,0.00,0.00,45,0.0,0
2023-24,662,Adama,Traoré,Adama,Fulham,MID,36,363,2,3,0,13,1,113,164.2,108.1,140.0,41.3,1.49,0.88,49,0.0,1
2023-24,683,Luke,Harris,Harris,Fulham,MID,2,74,0,0,0,5,0,2,3.2,0.7,17.0,2.1,0.28,0.01,45,0.0,0
2023-24,688,Timothy,Castagne,Castagne,Fulham,DEF,105,2630,1,3,9,40,7,510,494.4,295.0,229.0,102.1,1.29,2.06,45,1.6,29
2023-24,692,Steven,Benda,Benda,Fulham,GKP,0,0,0,0,0,0,0,0,0.0,0.0,0.0,0.0,0.00,0.00,40,0.0,0
2023-24,707,Fodé,Ballo-Touré,Ballo-Touré,Fulham,DEF,5,65,0,0,0,1,0,18,13.6,2.2,2.0,1.9,0.00,0.00,45,0.1,0
2023-24,732,Devan,Tanton,Tanton,Fulham,DEF,0,0,0,0,0,0,0,0,0.0,0.0,0.0,0.0,0.00,0.00,40,0.0,0
2023-24,796,Kristian,Sekularac,Sekularac,Fulham,MID,0,0,0,0,0,0,0,0,0.0,0.0,0.0,0.0,0.00,0.00,44,0.0,0
2023-24,810,Joshua,King,King,Fulham,MID,0,0,0,0,0,0,0,0,0.0,0.0,0.0,0.0,0.00,0.00,45,0.0,0
2023-24,289,Adrián,San Miguel del Castillo,Adrián,Liverpool,GKP,0,0,0,0,0,0,0,0,0.0,0.0,0.0,0.0,0.00,0.00,38,0.2,0
2023-24,290,Trent,Alexander-Arnold,Alexander-Arnold,Liverpool,DEF,122,2153,3,5,8,28,19,590,601.8,1027.5,237.0,186.8,2.78,5.84,84,10.3,25
2023-24,291,Alisson,Ramses Becker,A.Becker,Liverpool,GKP,107,2520,0,0,8,30,9,575,671.2,10.4,0.0,68.1,0.00,0.00,57,9.7,28
2023-24,292,Stefan,Bajcetic,Bajcetic,Liverpool,MID,1,25,0,0,0,2,0,3,7.8,0.3,0.0,0.8,0.00,0.00,47,0.0,0
2023-24,293,Darwin,Núñez Ribeiro,Darwin,Liverpool,FWD,132,2033,11,11,6,25,9,397,660.8,439.1,1223.0,232.4,16.23,4.37,75,11.7,22
2023-24,294,Diogo,Teixeira da Silva,Diogo J.,Liverpool,MID,110,1141,10,7,5,11,7,328,483.8,290.2,639.0,141.4,5.24,1.75,79,1.7,14
2023-24,295,Harvey,Elliott,Elliott,Liverpool,MID,96,1330,3,9,4,13,8,402,417.2,570.0,391.0,137.5,2.72,4.68,48,0.4,11
2023-24,296,Fabio Henrique,Tavares,Fabinho,Liverpool,MID,0,0,0,0,0,0,0,0,0.0,0.0,0.0,0.0,0.00,0.00,50,0.0,0
2023-24,297,Cody,Gakpo,Gakpo,Liverpool,FWD,106,1633,8,5,5,20,12,409,521.4,348.2,708.0,157.1,9.07,2.71,71,3.1,17
2023-24,298,Joe,Gomez,Gomez,Liverpool,DEF,76,1772,0,2,7,19,2,390,316.0,338.3,119.0,77.7,1.02,1.07,45,1.3,17
2023-24,299,Jordan,Henderson,Henderson,Liverpool,MID,0,0,0,0,0,0,0,0,0.0,0.0,0.0,0.0,0.00,0.00,50,0.0,0
2023-24,300,Curtis,Jones,Jones,Liverpool,MID,40,1156,1,1,2,19,2,171,174.0,203.2,195.0,57.0,2.74,1.04,49,0.1,14
2023-24,301,Caoimhin,Kelleher,Kelleher,Liverpool,GKP,34,900,0,0,2,11,3,198,261.2,10.0,0.0,27.0,0.00,0.01,36,3.9,10
2023-24,302,Ibrahima,Konaté,Konaté,Liverpool,DEF,56,1570,0,0,6,19,2,315,357.4,139.9,87.0,58.5,0.70,0.47,49,2.0,17
2023-24,303,Luis,Díaz,Luis Díaz,Liverpool,MID,142,2625,8,7,7,33,9,413,613.0,844.0,1190.0,264.6,12.08,4.73,76,10.0,32
2023-24,304,Alexis,Mac Allister,Mac Allister,Liverpool,MID,109,2600,5,5,6,34,12,512,712.4,726.7,224.0,166.2,3.59,4.89,59,3.9,31
2023-24,305,Joel,Matip,Matip,Liverpool,DEF,21,779,0,0,2,9,0,145,192.8,33.3,35.0,26.1,0.48,0.11,48,0.3,9
2023-24,306,Nathaniel,Phillips,Phillips,Liverpool,DEF,0,0,0,0,0,0,0,0,0.0,0.0,0.0,0.0,0.00,0.00,40,0.1,0
2023-24,307,Andrew,Robertson,Robertson,Liverpool,DEF,76,1689,3,2,3,22,8,463,552.2,936.1,230.0,171.9,1.90,4.40,65,4.2,18
2023-24,308,Mohamed,Salah,Salah,Liverpool,MID,211,2531,18,12,8,30,24,621,1033.8,892.2,1531.0,346.0,20.89,7.47,134,24.0,28
2023-24,309,Dominik,Szoboszlai,Szoboszlai,Liverpool,MID,99,2102,3,4,8,23,7,437,423.4,830.0,377.0,162.8,3.64,5.13,71,3.3,25
2023-24,310,Thiago,Alcántara do Nascimento,Thiago,Liverpool,MID,1,5,0,0,0,1,0,3,0.6,0.4,0.0,0.1,0.00,0.00,47,0.1,0
2023-24,311,Konstantinos,Tsimikas,Tsimikas,Liverpool,DEF,48,675,0,3,4,7,4,201,158.8,267.5,35.0,46.2,0.09,1.26,43,1.1,8
2023-24,312,Sepp,van den Berg,Van den Berg,Liverpool,DEF,0,0,0,0,0,0,0,0,0.0,0.0,0.0,0.0,0.00,0.00,40,0.0,0
2023-24,313,Virgil,van Dijk,Virgil,Liverpool,DEF,117,3177,2,2,9,40,8,662,911.2,176.3,449.0,153.8,2.88,1.04,66,17.7,36
2023-24,626,Jarell,Quansah,Quansah,Liverpool,DEF,49,1188,2,0,2,15,5,263,331.6,58.8,104.0,49.4,1.04,0.19,40,0.5,13
2023-24,627,Bobby,Clark,Clark,Liverpool,MID,5,86,0,0,0,0,0,7,11.6,5.3,19.0,3.6,0.14,0.01,44,0.0,1
2023-24,628,Ben,Doak,Doak,Liverpool,MID,1,13,0,0,0,0,0,3,0.2,0.8,0.0,0.1,0.00,0.00,43,0.0,0
2023-24,629,James,McConnell,McConnell,Liverpool,MID,3,3,0,0,0,0,0,8,1.0,0.4,0.0,0.1,0.00,0.00,44,0.0,0
2023-24,668,Wataru,Endo,Endo,Liverpool,MID,47,1714,1,0,6,16,0,250,281.6,269.5,53.0,60.1,0.51,1.53,54,0.1,20
2023-24,708,Ryan,Gravenberch,Gravenberch,Liverpool,MID,45,1110,1,0,3,17,3,176,187.0,229.4,198.0,61.5,2.08,1.35,50,0.1,12
2023-24,726,Luke,Chambers,Chambers,Liverpool,DEF,0,0,0,0,0,0,0,0,0.0,0.0,0.0,0.0,0.00,0.00,40,0.0,0
2023-24,728,Callum,Scanlon,Scanlon,Liverpool,DEF,0,0,0,0,0,0,0,0,0.0,0.0,0.0,0.0,0.00,0.00,39,0.0,0
2023-24,743,Treymaurice,Nyoni,Nyoni,Liverpool,MID,0,0,0,0,0,0,0,0,0.0,0.0,0.0,0.0,0.00,0.00,45,0.0,0
2023-24,756,Marcelo,de Araújo Pitaluga Filho,Pitaluga,Liverpool,GKP,0,0,0,0,0,0,0,0,0.0,0.0,0.0,0.0,0.00,0.00,40,0.0,0
2023-24,757,Conor,Bradley,Bradley,Liverpool,DEF,50,752,1,3,3,7,7,211,230.4,215.8,160.0,60.6,0.91,1.24,41,2.1,10
2023-24,782,Owen,Beck,Beck,Liverpool,DEF,1,7,0,0,0,0,0,2,5.0,0.3,0.0,0.5,0.00,0.00,45,0.0,0
2023-24,783,Kaide,Gordon,Gordon,Liverpool,MID,1,1,0,0,0,0,0,3,0.2,0.3,2.0,0.3,0.00,0.00,45,0.0,0
2023-24,812,Lewis,Koumas,Koumas,Liverpool,FWD,0,0,0,0,0,0,0,0,0.0,0.0,0.0,0.0,0.00,0.00,45,0.0,0
2023-24,813,Fabian,Mrozek,Mrozek,Liverpool,GKP,0,0,0,0,0,0,0,0,0.0,0.0,0.0,0.0,0.00,0.00,40,0.0,0
2023-24,824,Jayden,Danns,Danns,Liverpool,FWD,1,7,0,0,0,0,0,1,0.0,3.7,0.0,0.2,0.00,0.01,43,0.0,0
2023-24,837,Amara,Nallo,Nallo,Liverpool,DEF,0,0,0,0,0,0,0,0,0.0,0.0,0.0,0.0,0.00,0.00,40,0.0,0
2023-24,21,Albert,Sambi Lokonga,Sambi,Luton,MID,47,1304,1,3,2,31,4,231,289.8,154.9,56.0,49.9,0.55,0.79,49,0.0,16
2023-24,52,Marvelous,Nakamba,Nakamba,Luton,MID,21,1131,0,0,0,24,0,131,146.4,102.8,14.0,26.5,0.18,0.49,43,0.4,13
2023-24,314,Elijah,Adebayo,Adebayo,Luton,FWD,94,1405,10,1,2,36,9,288,413.6,177.0,527.0,111.8,5.47,0.44,48,1.0,16
2023-24,315,Mads Juel,Andersen,Andersen,Luton,DEF,15,397,1,0,0,6,1,75,126.8,1.8,27.0,15.6,0.26,0.00,38,0.5,4
2023-24,316,Amari'i,Bell,Bell,Luton,DEF,35,1720,0,0,2,41,3,263,358.2,119.6,50.0,52.7,0.38,0.43,38,2.2,21
2023-24,317,Luke,Berry,Berry,Luton,MID,31,309,2,1,0,8,0,94,112.6,29.7,117.0,25.6,0.99,0.15,46,0.0,2
2023-24,318,Reece,Burke,Burke,Luton,DEF,40,1659,0,4,1,37,2,260,406.4,172.4,131.0,70.9,1.86,0.92,40,0.2,20
2023-24,319,Allan,Campbell,Campbell,Luton,MID,0,0,0,0,0,0,0,0,0.0,0.0,0.0,0.0,0.00,0.00,49,0.0,0
2023-24,320,Jordan,Clark,Clark,Luton,MID,44,1297,1,1,1,41,3,156,198.8,187.5,177.0,56.5,1.10,1.19,48,0.0,14
2023-24,321,Alfie,Doughty,Doughty,Luton,DEF,101,2923,2,10,2,74,11,577,690.4,1126.0,318.0,213.3,1.39,5.55,43,6.2,34
2023-24,322,Luke,Freeman,Freeman,Luton,MID,0,0,0,0,0,0,0,0,0.0,0.0,0.0,0.0,0.00,0.00,49,0.0,0
2023-24,323,Matt,Macey,Macey,Luton,GKP,0,0,0,0,0,0,0,0,0.0,0.0,0.0,0.0,0.00,0.00,40,0.2,0
2023-24,324,John,McAtee,McAtee,Luton,FWD,0,0,0,0,0,0,0,0,0.0,0.0,0.0,0.0,0.00,0.00,45,0.4,0
2023-24,325,Carlos,Mendes Gomes,Mendes,Luton,MID,0,0,0,0,0,0,0,0,0.0,0.0,0.0,0.0,0.00,0.00,45,0.0,0
2023-24,326,Carlton,Morris,Morris,Luton,FWD,146,2859,11,6,3,72,18,451,620.2,305.6,908.0,183.4,11.53,1.52,47,4.3,32
2023-24,327,Admiral,Muskwe,Muskwe,Luton,FWD,0,0,0,0,0,0,0,0,0.0,0.0,0.0,0.0,0.00,0.00,45,0.1,0
2023-24,328,Chiedozie,Ogbene,Ogbene,Luton,FWD,84,1987,4,4,2,47,7,387,412.6,378.3,486.0,127.7,4.47,3.50,48,0.1,20
2023-24,329,Fred,Onyedinma,Onyedinma,Luton,MID,11,403,0,0,0,14,0,19,36.2,32.8,71.0,14.1,0.15,0.42,50,0.0,4
2023-24,330,Gabriel,Osho,Osho,Luton,DEF,41,1846,2,0,2,47,1,286,448.6,37.9,103.0,59.0,1.09,0.16,44,0.1,21
2023-24,331,Aribim,Pepple,Pepple,Luton,FWD,0,0,0,0,0,0,0,0,0.0,0.0,0.0,0.0,0.00,0.00,45,0.0,0
2023-24,332,Dion,Pereira,Pereira,Luton,MID,0,0,0,0,0,0,0,0,0.0,0.0,0.0,0.0,0.00,0.00,44,0.0,0
2023-24,333,Dan,Potts,Potts,Luton,DEF,0,0,0,0,0,0,0,0,0.0,0.0,0.0,0.0,0.00,0.00,39,0.1,0
2023-24,334,Glen,Rea,Rea,Luton,MID,0,0,0,0,0,0,0,0,0.0,0.0,0.0,0.0,0.00,0.00,44,0.0,0
2023-24,335,James,Shea,Shea,Luton,GKP,1,14,0,0,0,0,0,8,11.0,0.0,0.0,1.1,0.00,0.00,42,0.1,0
2023-24,336,Joe,Taylor,Taylor,Luton,FWD,0,0,0,0,0,0,0,0,0.0,0.0,0.0,0.0,0.00,0.00,45,0.1,0
2023-24,337,Elliot,Thorpe,Thorpe,Luton,MID,0,0,0,0,0,0,0,0,0.0,0.0,0.0,0.0,0.00,0.00,45,0.0,0
2023-24,338,Jack,Walton,Walton,Luton,GKP,0,0,0,0,0,0,0,0,0.0,0.0,0.0,0.0,0.00,0.00,40,0.0,0
2023-24,339,Louie,Watson,Watson,Luton,MID,0,0,0,0,0,0,0,0,0.0,0.0,0.0,0.0,0.00,0.00,44,0.1,0
2023-24,340,Cauley,Woodrow,Woodrow,Luton,FWD,33,406,1,1,0,11,3,118,127.0,127.1,103.0,35.8,1.32,0.85,43,0.6,2
2023-24,393,Teden,Mengi,Mengi,Luton,DEF,42,2467,1,0,1,59,1,345,579.6,83.0,95.0,76.0,0.54,0.56,39,1.5,28
2023-24,553,Ryan,Giles,Giles,Luton,DEF,11,498,0,0,0,14,0,81,83.2,108.7,38.0,23.1,0.12,0.56,42,0.1,5
2023-24,575,Tom,Lockyer,Lockyer,Luton,DEF,23,1169,1,1,0,23,1,162,286.2,39.2,80.0,40.6,0.99,0.29,42,0.1,14
2023-24,582,Pelly Ruddock,Mpanzu,Mpanzu,Luton,MID,35,1085,0,0,1,29,0,107,108.8,102.3,70.0,28.0,0.60,1.41,46,0.0,11
2023-24,586,Tahith,Chong,Chong,Luton,MID,78,1972,4,2,0,51,3,222,303.6,206.3,310.0,81.6,2.70,1.33,44,0.2,20
2023-24,602,Issa,Kaboré,Kaboré,Luton,DEF,34,1727,0,3,0,39,3,236,326.6,253.0,62.0,64.0,0.22,1.87,40,1.9,21
2023-24,614,Thomas,Kaminski,Kaminski,Luton,GKP,86,3405,0,0,2,85,3,642,1116.6,10.0,0.0,112.2,0.00,0.04,45,0.7,38
2023-24,630,Ross,Barkley,Barkley,Luton,MID,101,2616,5,5,2,66,4,498,687.4,622.8,379.0,168.7,3.91,2.73,45,0.9,30
2023-24,631,Jacob,Brown,Brown,Luton,FWD,39,1013,2,1,1,26,3,115,162.6,116.4,249.0,52.0,2.81,0.44,49,0.1,12
2023-24,648,Aidan,Francis-Clarke,Francis-Clarke,Luton,DEF,0,0,0,0,0,0,0,0,0.0,0.0,0.0,0.0,0.00,0.00,40,0.0,0
2023-24,665,Tim,Krul,Krul,Luton,GKP,0,0,0,0,0,0,0,0,0.0,0.0,0.0,0.0,0.00,0.00,44,0.1,0
2023-24,682,Joseph,Johnson,Johnson,Luton,DEF,0,75,0,0,0,5,0,5,1.0,0.9,0.0,0.2,0.00,0.00,40,0.0,0
2023-24,727,Andros,Townsend,Townsend,Luton,MID,61,1197,1,4,3,27,3,208,221.4,293.6,148.0,65.9,1.48,1.80,50,0.1,14
2023-24,729,Jayden,Luker,Luker,Luton,MID,0,0,0,0,0,0,0,0,0.0,0.0,0.0,0.0,0.00,0.00,45,0.0,0
2023-24,734,Zack,Nelson,Nelson,Luton,MID,2,4,0,0,0,1,0,6,2.0,0.1,0.0,0.2,0.00,0.00,45,0.0,0
2023-24,798,Daiki,Hashioka,Hashioka,Luton,DEF,4,592,0,0,0,21,0,72,101.4,51.9,8.0,16.2,0.10,0.26,40,0.0,6
2023-24,831,Axel,Piesold,Piesold,Luton,MID,0,0,0,0,0,0,0,0,0.0,0.0,0.0,0.0,0.00,0.00,45,0.0,0
2023-24,839,Dominic,Dos Santos Martins,Martins,Luton,MID,0,0,0,0,0,0,0,0,0.0,0.0,0.0,0.0,0.00,0.00,45,0.0,0
2023-24,844,Christian,Chigozie,Chigozie,Luton,DEF,0,0,0,0,0,0,0,0,0.0,0.0,0.0,0.0,0.00,0.00,40,0.0,0
2023-24,848,Taylan,Harris,Harris,Luton,FWD,0,0,0,0,0,0,0,0,0.0,0.0,0.0,0.0,0.00,0.00,45,0.0,0
2023-24,341,Manuel,Akanji,Akanji,Man City,DEF,112,2512,2,0,11,23,8,560,536.4,298.7,137.0,97.4,1.77,1.79,50,5.6,28
2023-24,342,Nathan,Aké,Aké,Man City,DEF,99,2039,2,3,6,20,6,483,447.2,197.7,249.0,89.7,2.47,1.14,50,5.2,24
2023-24,343,Julián,Álvarez,J.Alvarez,Man City,FWD,158,2644,11,11,12,24,17,662,737.0,1005.2,992.0,273.3,13.07,6.28,64,15.4,31
2023-24,344,Bernardo,Veiga de Carvalho e Silva,Bernardo,Man City,MID,141,2576,6,9,10,26,20,604,747.4,959.5,570.0,228.0,3.54,8.05,62,2.9,29
2023-24,345,Oscar,Bobb,Bobb,Man City,MID,30,294,1,2,1,5,2,112,105.4,147.1,107.0,36.0,1.50,1.10,44,0.1,2
2023-24,346,João,Cancelo,Cancelo,Man City,DEF,0,0,0,0,0,0,0,0,0.0,0.0,0.0,0.0,0.00,0.00,58,1.0,0
2023-24,347,Scott,Carson,Carson,Man City,GKP,0,0,0,0,0,0,0,0,0.0,0.0,0.0,0.0,0.00,0.00,38,0.1,0
2023-24,348,Shea,Charles,Charles,Man City,MID,0,0,0,0,0,0,0,0,0.0,0.0,0.0,0.0,0.00,0.00,45,0.0,0
2023-24,349,Kevin,De Bruyne,De Bruyne,Man City,MID,98,1219,4,10,7,8,11,415,527.6,901.1,406.0,183.6,2.40,6.90,106,16.6,15
2023-24,350,Rúben,Gato Alves Dias,Rúben,Man City,DEF,88,2557,0,0,9,28,3,513,578.4,208.5,225.0,101.5,1.38,1.93,55,7.2,28
2023-24,352,Ederson,Santana de Moraes,Ederson M.,Man City,GKP,112,2785,0,0,11,27,5,569,551.8,10.0,0.0,56.0,0.00,0.03,55,13.1,33
2023-24,353,Phil,Foden,Foden,Man City,MID,230,2860,19,8,14,27,31,866,1154.8,1157.8,1172.0,348.8,10.17,6.95,85,43.3,33
2023-24,354,Jack,Grealish,Grealish,Man City,MID,50,998,3,1,3,13,6,199,240.4,384.1,295.0,91.9,2.17,2.69,72,1.5,10
2023-24,355,Erling,Haaland,Haaland,Man City,FWD,217,2553,27,8,11,25,29,792,1094.6,367.2,1581.0,303.3,29.57,2.18,143,73.6,29
2023-24,356,Mateo,Kovačić,Kovačić,Man City,MID,59,1539,1,0,9,14,2,316,265.0,365.9,129.0,76.0,1.24,1.66,46,0.3,16
2023-24,357,Aymeric,Laporte,Laporte,Man City,DEF,1,11,0,0,0,0,0,4,11.4,0.1,17.0,2.9,0.12,0.00,49,0.1,0
2023-24,358,Rico,Lewis,R.Lewis,Man City,DEF,52,804,2,0,4,9,2,215,148.0,195.9,114.0,45.8,0.63,1.25,42,0.4,8
2023-24,359,Riyad,Mahrez,Mahrez,Man City,MID,0,0,0,0,0,0,0,0,0.0,0.0,0.0,0.0,0.00,0.00,75,0.0,0
2023-24,361,Stefan,Ortega Moreno,Ortega Moreno,Man City,GKP,22,632,0,0,1,7,2,114,171.2,0.0,0.0,17.3,0.00,0.00,36,2.3,5
2023-24,363,Máximo,Perrone,Perrone,Man City,MID,0,0,0,0,0,0,0,0,0.0,0.0,0.0,0.0,0.00,0.00,44,0.0,0
2023-24,365,Rodrigo,Hernandez,Rodrigo,Man City,MID,159,2931,8,10,14,26,19,737,1043.8,894.8,484.0,242.3,3.99,6.15,56,6.1,34
2023-24,366,Sergio,Gómez,Sergio Gómez,Man City,DEF,9,48,0,1,0,2,0,24,22.6,23.0,10.0,5.6,0.32,0.19,38,1.0,0
2023-24,367,Zack,Steffen,Steffen,Man City,GKP,0,0,0,0,0,0,0,0,0.0,0.0,0.0,0.0,0.00,0.00,39,0.1,0
2023-24,368,John,Stones,Stones,Man City,DEF,53,1061,1,0,5,9,3,239,188.4,128.4,70.0,38.7,1.06,0.40,53,3.1,12
2023-24,369,Kyle,Walker,Walker,Man City,DEF,123,2766,0,5,10,29,13,633,465.4,534.1,126.0,112.6,0.40,3.20,55,15.1,30
2023-24,566,Matheus Luiz,Nunes,Matheus N.,Man City,MID,32,831,0,2,2,13,1,118,146.0,221.3,150.0,51.8,0.89,1.71,47,0.1,9
2023-24,616,Joško,Gvardiol,Gvardiol,Man City,DEF,123,2327,4,2,9,23,12,549,544.4,362.2,389.0,129.7,3.14,2.09,52,18.1,26
2023-24,678,Jérémy,Doku,Doku,Man City,MID,98,1585,3,10,1,19,13,391,524.2,640.2,875.0,203.9,2.57,5.85,64,1.9,18
2023-24,762,Mahamadou,Susoho,Susoho,Man City,MID,0,0,0,0,0,0,0,0,0.0,0.0,0.0,0.0,0.00,0.00,45,0.0,0
2023-24,771,Micah,Hamilton,Hamilton,Man City,MID,0,0,0,0,0,0,0,0,0.0,0.0,0.0,0.0,0.00,0.00,45,0.0,0
2023-24,814,Jacob,Wright,Wright,Man City,MID,0,0,0,0,0,0,0,0,0.0,0.0,0.0,0.0,0.00,0.00,45,0.0,0
2023-24,209,Mason,Mount,Mount,Man Utd,MID,23,509,1,0,1,13,0,93,105.8,107.6,64.0,27.9,0.37,0.37,68,0.8,5
2023-24,370,Alex,Telles,Alex Telles,Man Utd,DEF,0,0,0,0,0,0,0,0,0.0,0.0,0.0,0.0,0.00,0.00,45,0.0,0
2023-24,371,Amad,Diallo,Amad,Man Utd,MID,23,385,1,1,1,6,3,68,117.0,123.8,114.0,35.2,0.53,0.47,44,0.1,3
2023-24,372,Antony Matheus,dos Santos,Antony,Man Utd,MID,47,1311,1,1,3,26,0,184,247.8,327.7,347.0,91.8,3.38,1.83,68,0.6,15
2023-24,373,Bruno,Borges Fernandes,B.Fernandes,Man Utd,MID,166,3118,10,9,7,52,24,729,1101.6,1663.0,748.0,351.3,9.73,10.23,85,14.6,35
2023-24,374,Brandon,Williams,B.Williams,Man Utd,DEF,0,0,0,0,0,0,0,0,0.0,0.0,0.0,0.0,0.00,0.00,40,0.1,0
2023-24,375,Eric,Bailly,Bailly,Man Utd,DEF,0,0,0,0,0,0,0,0,0.0,0.0,0.0,0.0,0.00,0.00,40,0.1,0
2023-24,376,Carlos Henrique,Casimiro,Casemiro,Man Utd,MID,58,1981,1,3,5,34,0,323,628.4,247.9,323.0,119.9,3.64,1.20,53,1.9,24
2023-24,377,Diogo,Dalot Teixeira,Dalot,Man Utd,DEF,111,3174,2,3,8,55,13,662,738.6,590.8,212.0,154.4,1.67,2.38,52,7.4,35
2023-24,379,Christian,Eriksen,Eriksen,Man Utd,MID,48,1134,1,2,2,27,4,248,255.4,400.5,93.0,75.0,0.97,2.46,58,0.4,12
2023-24,380,Álvaro,Fernández Carreras,Fernandez,Man Utd,DEF,0,0,0,0,0,0,0,0,0.0,0.0,0.0,0.0,0.00,0.00,40,0.1,0
2023-24,381,Frederico,Rodrigues de Paula Santos,Fred,Man Utd,MID,0,0,0,0,0,0,0,0,0.0,0.0,0.0,0.0,0.00,0.00,50,0.0,0
2023-24,382,Alejandro,Garnacho,Garnacho,Man Utd,MID,131,2564,7,7,8,39,7,372,527.2,616.8,1103.0,224.3,8.23,2.81,50,9.8,30
2023-24,383,Hannibal,Mejbri,Hannibal,Man Utd,MID,11,131,1,0,1,1,0,34,48.2,29.8,13.0,9.0,0.03,0.48,43,0.1,1
2023-24,384,Tom,Heaton,Heaton,Man Utd,GKP,0,0,0,0,0,0,0,0,0.0,0.0,0.0,0.0,0.00,0.00,39,0.1,0
2023-24,386,Victor,Lindelöf,Lindelof,Man Utd,DEF,62,1328,1,1,5,16,7,291,263.8,125.9,105.0,49.6,0.69,0.43,45,0.2,14
2023-24,387,Harry,Maguire,Maguire,Man Utd,DEF,73,1650,2,4,4,29,6,351,493.4,90.9,192.0,77.7,1.94,0.97,43,1.3,18
2023-24,388,Kobbie,Mainoo,Mainoo,Man Utd,MID,77,1927,3,1,7,31,8,327,413.4,256.7,134.0,80.6,0.87,1.35,44,0.9,24
2023-24,389,Tyrell,Malacia,Malacia,Man Utd,DEF,0,0,0,0,0,0,0,0,0.0,0.0,0.0,0.0,0.00,0.00,43,0.0,0
2023-24,390,Anthony,Martial,Martial,Man Utd,FWD,25,439,1,1,1,6,2,73,67.2,85.0,97.0,24.5,1.24,0.14,64,0.3,5
2023-24,391,Lisandro,Martínez,Martinez,Man Utd,DEF,15,643,0,1,1,12,0,134,144.4,45.7,4.0,19.4,0.00,0.08,47,2.1,8
2023-24,392,Scott,McTominay,McTominay,Man Utd,MID,98,1891,7,1,7,30,5,307,539.4,179.5,492.0,121.3,6.00,0.41,45,0.8,18
2023-24,394,Facundo,Pellistri Rebollo,Pellistri,Man Utd,MID,13,164,0,1,0,2,0,36,47.0,19.3,66.0,13.3,0.51,0.39,42,0.1,1
2023-24,395,Raphaël,Varane,R.Varane,Man Utd,DEF,44,1370,1,0,3,23,2,273,356.2,35.3,85.0,47.7,0.81,0.36,49,2.1,16
2023-24,396,Marcus,Rashford,Rashford,Man Utd,MID,108,2264,7,3,7,37,0,330,453.2,358.6,672.0,148.3,7.13,2.80,84,9.5,26
2023-24,397,Jadon,Sancho,Sancho,Man Utd,MID,3,76,0,0,0,1,0,11,9.8,14.8,12.0,3.6,0.00,0.07,67,0.4,0
2023-24,398,Luke,Shaw,Shaw,Man Utd,DEF,31,960,0,1,4,13,0,195,197.2,199.3,29.0,42.6,0.05,0.89,52,2.7,12
2023-24,399,Shola,Shoretire,Shoretire,Man Utd,FWD,0,0,0,0,0,0,0,0,0.0,0.0,0.0,0.0,0.00,0.00,44,0.2,0
2023-24,400,Donny,van de Beek,Van de Beek,Man Utd,MID,1,2,0,0,0,0,0,3,0.0,10.3,6.0,1.6,0.04,0.03,47,0.0,0
2023-24,401,Aaron,Wan-Bissaka,Wan-Bissaka,Man Utd,DEF,47,1778,0,2,3,34,5,323,397.8,196.5,60.0,65.5,0.11,1.47,44,2.0,20
2023-24,597,André,Onana,Onana,Man Utd,GKP,133,3420,0,0,9,58,10,741,1167.8,33.2,0.0,120.2,0.00,0.08,50,15.5,38
2023-24,617,Rasmus,Højlund,Højlund,Man Utd,FWD,112,2156,10,2,6,35,14,362,480.6,345.8,648.0,147.0,6.97,0.96,71,5.6,25
2023-24,632,Omari,Forson,Forson,Man Utd,MID,7,67,0,1,0,2,0,23,24.2,23.6,4.0,5.2,0.03,0.02,44,0.0,1
2023-24,669,Radek,Vítek,Vítek,Man Utd,GKP,0,0,0,0,0,0,0,0,0.0,0.0,0.0,0.0,0.00,0.00,40,0.0,0
2023-24,685,Daniel,Gore,Gore,Man Utd,MID,1,1,0,0,0,0,0,5,3.0,0.0,0.0,0.3,0.00,0.00,45,0.0,0
2023-24,695,Altay,Bayindir,Altay,Man Utd,GKP,0,0,0,0,0,0,0,0,0.0,0.0,0.0,0.0,0.00,0.00,39,0.1,0
2023-24,703,Jonny,Evans,Evans,Man Utd,DEF,49,1389,0,1,4,24,3,293,330.8,81.2,21.0,43.6,0.06,0.27,40,0.6,15
2023-24,709,Sofyan,Amrabat,Amrabat,Man Utd,MID,26,929,0,0,2,15,0,125,159.0,102.5,6.0,27.0,0.07,0.36,50,0.1,10
2023-24,748,Joe,Hugill,Hugill,Man Utd,FWD,0,0,0,0,0,0,0,0,0.0,0.0,0.0,0.0,0.00,0.00,45,0.0,0
2023-24,766,Willy,Kambwala,Kambwala,Man Utd,DEF,5,325,0,0,0,10,0,48,53.8,2.4,0.0,5.5,0.00,0.01,39,0.1,3
2023-24,768,Rhys,Bennett,Bennett,Man Utd,DEF,0,0,0,0,0,0,0,0,0.0,0.0,0.0,0.0,0.00,0.00,40,0.0,0
2023-24,826,Toby,Collyer,Collyer,Man Utd,MID,0,0,0,0,0,0,0,0,0.0,0.0,0.0,0.0,0.00,0.00,45,0.0,0
2023-24,833,Habeeb,Ogunneye,Ogunneye,Man Utd,DEF,0,0,0,0,0,0,0,0,0.0,0.0,0.0,0.0,0.00,0.00,40,0.0,0
2023-24,835,Dermot,Mee,Mee,Man Utd,GKP,0,0,0,0,0,0,0,0,0.0,0.0,0.0,0.0,0.00,0.00,40,0.0,0
2023-24,846,Harry,Amass,Amass,Man Utd,DEF,0,0,0,0,0,0,0,0,0.0,0.0,0.0,0.0,0.00,0.00,40,0.0,0
2023-24,850,Ethan,Wheatley,Wheatley,Man Utd,FWD,3,13,0,0,0,0,0,6,2.0,0.0,0.0,0.2,0.00,0.00,45,0.0,0
2023-24,856,Louis,Jackson,Jackson,Man Utd,DEF,0,0,0,0,0,0,0,0,0.0,0.0,0.0,0.0,0.00,0.00,40,0.0,0
2023-24,204,Lewis,Hall,Hall,Newcastle,DEF,38,773,1,0,2,12,3,171,194.8,69.1,85.0,34.9,0.35,0.72,42,0.6,8
2023-24,402,Miguel,Almirón Rejala,Almirón,Newcastle,MID,77,1930,3,1,5,40,4,277,299.8,369.7,434.0,110.1,4.57,2.39,60,2.7,23
2023-24,403,Elliot,Anderson,Anderson,Newcastle,MID,42,1018,0,2,5,14,3,144,187.4,223.7,201.0,61.1,1.63,1.25,42,1.8,10
2023-24,404,Harrison,Ashby,Ashby,Newcastle,DEF,0,0,0,0,0,0,0,0,0.0,0.0,0.0,0.0,0.00,0.00,40,0.0,0
2023-24,405,Sven,Botman,Botman,Newcastle,DEF,51,1375,2,2,3,29,4,298,386.8,62.9,104.0,55.5,0.62,0.54,45,4.3,15
2023-24,406,Bruno,Guimarães Rodriguez Moura,Bruno G.,Newcastle,MID,153,3264,7,9,10,60,15,691,968.4,948.7,489.0,241.0,4.91,6.20,58,3.3,37
2023-24,407,Dan,Burn,Burn,Newcastle,DEF,97,2725,2,2,8,45,4,493,656.4,153.8,286.0,109.7,3.35,1.12,47,12.7,32
2023-24,408,Karl,Darlow,Darlow,Newcastle,GKP,0,0,0,0,0,0,0,0,0.0,0.0,0.0,0.0,0.00,0.00,40,0.0,0
2023-24,409,Martin,Dubravka,Dubravka,Newcastle,GKP,75,1984,0,0,4,42,3,426,661.0,10.0,0.0,67.2,0.00,0.00,43,8.7,22
2023-24,410,Ryan,Fraser,Fraser,Newcastle,MID,0,0,0,0,0,0,0,0,0.0,0.0,0.0,0.0,0.00,0.00,49,0.0,0
2023-24,411,Mark,Gillespie,Gillespie,Newcastle,GKP,0,0,0,0,0,0,0,0,0.0,0.0,0.0,0.0,0.00,0.00,39,0.1,0
2023-24,412,Anthony,Gordon,Gordon,Newcastle,MID,183,2896,11,16,12,48,14,594,822.6,843.7,905.0,256.7,10.03,5.40,64,20.6,34
2023-24,413,Isaac,Hayden,Hayden,Newcastle,MID,0,0,0,0,0,0,0,0,0.0,0.0,0.0,0.0,0.00,0.00,44,0.0,0
2023-24,414,Jeff,Hendrick,Hendrick,Newcastle,MID,0,0,0,0,0,0,0,0,0.0,0.0,0.0,0.0,0.00,0.00,44,0.0,0
2023-24,415,Alexander,Isak,Isak,Newcastle,FWD,172,2253,21,4,7,41,23,645,877.4,362.5,1054.0,229.3,20.22,2.68,84,41.0,27
2023-24,416,Joelinton Cássio,Apolinário de Lira,Joelinton,Newcastle,MID,45,1276,2,1,3,23,3,209,295.2,314.9,206.0,81.6,2.82,1.09,58,0.4,15
2023-24,417,Emil,Krafth,Krafth,Newcastle,DEF,33,909,0,0,3,15,1,187,164.2,145.4,28.0,33.8,0.20,0.76,44,0.1,8
2023-24,418,Garang,Kuol,Kuol,Newcastle,MID,0,0,0,0,0,0,0,0,0.0,0.0,0.0,0.0,0.00,0.00,45,0.0,0
2023-24,419,Jamaal,Lascelles,Lascelles,Newcastle,DEF,46,1077,1,0,5,15,3,212,233.0,35.4,69.0,33.8,0.74,0.12,37,1.9,13
2023-24,420,Jamal,Lewis,J.Lewis,Newcastle,DEF,0,0,0,0,0,0,0,0,0.0,0.0,0.0,0.0,0.00,0.00,40,0.0,0
2023-24,421,Sean,Longstaff,Longstaff,Newcastle,MID,110,2742,6,3,10,50,3,418,550.0,357.1,479.0,138.8,6.76,2.80,48,0.4,30
2023-24,422,Javier,Manquillo Gaitán,Manquillo,Newcastle,DEF,0,0,0,0,0,0,0,0,0.0,0.0,0.0,0.0,0.00,0.00,40,0.0,0
2023-24,423,Jacob,Murphy,J.Murphy,Newcastle,MID,82,1184,3,8,5,21,4,312,377.8,453.4,270.0,110.0,2.23,3.35,48,0.2,14
2023-24,424,Nick,Pope,Pope,Newcastle,GKP,57,1345,0,0,6,16,1,279,323.0,0.0,4.0,32.7,0.02,0.00,53,4.8,15
2023-24,425,Matt,Ritchie,Ritchie,Newcastle,MID,17,120,1,0,0,5,0,49,70.0,9.1,106.0,18.5,0.98,0.07,43,0.2,0
2023-24,426,Allan,Saint-Maximin,Saint-Maximin,Newcastle,MID,0,0,0,0,0,0,0,0,0.0,0.0,0.0,0.0,0.00,0.00,60,0.0,0
2023-24,427,Fabian,Schär,Schär,Newcastle,DEF,123,3055,4,3,9,58,12,629,826.6,166.7,278.0,127.4,2.47,1.41,56,7.3,35
2023-24,428,Matt,Targett,Targett,Newcastle,DEF,2,77,0,0,0,4,0,15,9.2,11.9,0.0,2.2,0.00,0.01,42,0.1,1
2023-24,429,Sandro,Tonali,Tonali,Newcastle,MID,16,437,1,0,1,5,0,86,81.8,105.0,50.0,23.8,0.62,0.47,52,1.0,5
2023-24,430,Kieran,Trippier,Trippier,Newcastle,DEF,111,2235,1,10,6,43,20,589,719.0,1028.5,102.0,185.2,0.65,6.97,66,21.2,26
2023-24,431,Kell,Watts,Watts,Newcastle,DEF,0,0,0,0,0,0,0,0,0.0,0.0,0.0,0.0,0.00,0.00,40,0.0,0
2023-24,432,Joe,Willock,Willock,Newcastle,MID,18,415,1,0,1,9,0,60,89.8,92.5,106.0,28.8,0.88,0.57,53,0.1,5
2023-24,433,Callum,Wilson,Wilson,Newcastle,FWD,69,981,9,1,6,15,4,246,366.2,110.3,563.0,103.2,8.96,0.54,78,3.0,9
2023-24,580,Loris,Karius,Karius,Newcastle,GKP,1,90,0,0,0,4,0,17,31.8,0.0,0.0,3.2,0.00,0.00,39,0.2,1
2023-24,581,Paul,Dummett,Dummett,Newcastle,DEF,5,18,0,0,0,1,0,10,5.2,1.1,4.0,0.5,0.02,0.00,39,0.3,0
2023-24,603,Harvey,Barnes,Barnes,Newcastle,MID,64,788,5,3,2,10,3,205,279.2,181.5,334.0,79.5,3.78,1.90,62,1.2,7
2023-24,633,Tino,Livramento,Livramento,Newcastle,DEF,45,1302,1,0,2,27,4,253,292.0,193.9,96.0,58.4,0.38,0.83,40,1.1,12
2023-24,634,Alex,Murphy,A.Murphy,Newcastle,DEF,2,11,0,0,0,0,0,6,2.6,1.0,0.0,0.3,0.00,0.00,39,0.4,0
2023-24,635,Lewis,Miley,Miley,Newcastle,MID,44,1203,1,3,1,29,1,232,237.4,192.8,136.0,56.7,1.22,1.08,45,0.1,14
2023-24,738,Amadou,Diallo,Diallo,Newcastle,MID,1,1,0,0,0,0,0,3,0.0,0.0,0.0,0.0,0.00,0.00,45,0.0,0
2023-24,739,Ben,Parkinson,Parkinson,Newcastle,FWD,1,24,0,0,0,1,0,2,2.0,0.0,0.0,0.2,0.00,0.00,45,0.0,0
2023-24,745,Michael,Ndiweni,Ndiweni,Newcastle,FWD,1,1,0,0,0,0,0,3,0.2,0.0,0.0,0.0,0.00,0.00,44,0.0,0
2023-24,794,Joe,White,White,Newcastle,MID,3,12,0,0,0,0,0,9,0.8,1.1,0.0,0.1,0.00,0.00,45,0.0,0
2023-24,795,Travis,Hernes,Hernes,Newcastle,MID,0,0,0,0,0,0,0,0,0.0,0.0,0.0,0.0,0.00,0.00,45,0.0,0
2023-24,23,Nuno,Varela Tavares,Tavares,Nott'm Forest,DEF,11,454,0,0,1,9,0,69,61.8,48.8,28.0,13.8,0.16,0.38,40,0.2,5
2023-24,28,Matt,Turner,Turner,Nott'm Forest,GKP,41,1530,0,0,2,28,0,278,379.6,0.0,0.0,37.9,0.00,0.00,37,8.6,17
2023-24,205,Callum,Hudson-Odoi,Hudson-Odoi,Nott'm Forest,MID,109,1846,8,2,2,41,14,371,489.0,514.2,444.0,145.0,2.65,2.02,47,0.8,20
2023-24,378,Anthony,Elanga,Elanga,Nott'm Forest,MID,119,2424,5,9,2,47,5,386,536.4,441.6,618.0,159.2,6.20,4.04,49,1.1,25
2023-24,434,Brandon,Aguilera Zamora,B.Aguilera,Nott'm Forest,MID,1,4,0,0,0,0,0,0,0.0,1.6,0.0,0.0,0.00,0.00,45,0.0,0
2023-24,435,Harry,Arter,Arter,Nott'm Forest,MID,0,0,0,0,0,0,0,0,0.0,0.0,0.0,0.0,0.00,0.00,43,0.1,0
2023-24,436,Serge,Aurier,Aurier,Nott'm Forest,DEF,27,831,0,2,1,15,3,137,187.6,84.8,45.0,31.8,0.16,0.45,45,0.6,10
2023-24,437,Taiwo,Awoniyi,Awoniyi,Nott'm Forest,FWD,67,1036,6,3,3,21,5,247,303.2,134.4,308.0,74.2,4.85,0.90,63,1.3,12
2023-24,438,Giulian,Biancone,Biancone,Nott'm Forest,DEF,0,0,0,0,0,0,0,0,0.0,0.0,0.0,0.0,0.00,0.00,39,0.1,0
2023-24,439,Willy,Boly,Boly,Nott'm Forest,DEF,58,1437,2,1,3,26,7,275,480.0,100.5,200.0,78.1,1.56,0.77,45,0.5,18
2023-24,440,Josh,Bowler,Bowler,Nott'm Forest,MID,0,0,0,0,0,0,0,0,0.0,0.0,0.0,0.0,0.00,0.00,45,0.0,0
2023-24,441,Steve,Cook,Cook,Nott'm Forest,DEF,0,0,0,0,0,0,0,0,0.0,0.0,0.0,0.0,0.00,0.00,45,0.0,0
2023-24,442,Danilo,dos Santos de Oliveira,Danilo,Nott'm Forest,MID,65,1787,2,2,1,42,4,302,368.0,277.6,137.0,78.1,1.82,0.94,53,0.1,20
2023-24,443,Emmanuel,Dennis,Dennis,Nott'm Forest,FWD,0,0,0,0,0,0,0,0,0.0,0.0,0.0,0.0,0.00,0.00,48,0.1,0
2023-24,444,Mohamed,Dräger,Dräger,Nott'm Forest,DEF,0,0,0,0,0,0,0,0,0.0,0.0,0.0,0.0,0.00,0.00,40,0.0,0
2023-24,445,Felipe Augusto,de Almeida Monteiro,Felipe,Nott'm Forest,DEF,7,372,0,0,1,10,0,59,61.2,23.2,18.0,10.3,0.12,0.03,44,0.0,4
2023-24,446,Remo,Freuler,Freuler,Nott'm Forest,MID,0,0,0,0,0,0,0,0,0.0,0.0,0.0,0.0,0.00,0.00,49,0.0,0
2023-24,447,Morgan,Gibbs-White,Gibbs-White,Nott'm Forest,MID,142,3156,5,12,5,59,13,563,703.2,1155.2,495.0,235.6,6.65,6.79,57,2.1,35
2023-24,448,Wayne,Hennessey,Hennessey,Nott'm Forest,GKP,0,0,0,0,0,0,0,0,0.0,0.0,0.0,0.0,0.00,0.00,39,0.2,0
2023-24,449,Ethan,Horvath,Horvath,Nott'm Forest,GKP,0,0,0,0,0,0,0,0,0.0,0.0,0.0,0.0,0.00,0.00,43,0.1,0
2023-24,451,Cheikhou,Kouyaté,Kouyaté,Nott'm Forest,MID,12,206,0,0,0,6,0,32,36.0,14.3,25.0,7.1,0.25,0.04,48,0.0,2
2023-24,452,Richie,Laryea,Laryea,Nott'm Forest,DEF,0,0,0,0,0,0,0,0,0.0,0.0,0.0,0.0,0.00,0.00,45,0.0,0
2023-24,453,Orel,Mangala,Mangala,Nott'm Forest,MID,40,1562,1,0,3,31,0,186,208.0,108.7,44.0,36.0,0.77,0.28,50,0.0,19
2023-24,454,Loïc,Mbe Soh,Mbe Soh,Nott'm Forest,DEF,0,0,0,0,0,0,0,0,0.0,0.0,0.0,0.0,0.00,0.00,40,0.0,0
2023-24,455,Scott,McKenna,McKenna,Nott'm Forest,DEF,12,416,0,0,1,6,1,64,89.0,32.4,17.0,13.8,0.21,0.17,44,0.1,5
2023-24,456,Alex,Mighten,Mighten,Nott'm Forest,MID,0,0,0,0,0,0,0,0,0.0,0.0,0.0,0.0,0.00,0.00,44,0.0,0
2023-24,457,Moussa,Niakhaté,Niakhaté,Nott'm Forest,DEF,29,1456,1,0,1,36,1,238,316.6,51.7,55.0,42.3,1.30,0.25,45,0.1,15
2023-24,458,Lewis,O'Brien,O'Brien,Nott'm Forest,MID,0,0,0,0,0,0,0,0,0.0,0.0,0.0,0.0,0.00,0.00,49,0.0,0
2023-24,459,Braian,Ojeda Rodríguez,Ojeda,Nott'm Forest,MID,0,0,0,0,0,0,0,0,0.0,0.0,0.0,0.0,0.00,0.00,45,0.0,0
2023-24,460,Jonathan,Panzo,Panzo,Nott'm Forest,DEF,0,0,0,0,0,0,0,0,0.0,0.0,0.0,0.0,0.00,0.00,40,0.1,0
2023-24,461,Omar,Richards,O.Richards,Nott'm Forest,DEF,0,0,0,0,0,0,0,0,0.0,0.0,0.0,0.0,0.00,0.00,44,0.0,0
2023-24,462,Gustavo Henrique,Furtado Scarpa,G.Scarpa,Nott'm Forest,MID,0,0,0,0,0,0,0,0,0.0,0.0,0.0,0.0,0.00,0.00,45,0.0,0
2023-24,463,Jonjo,Shelvey,J.Shelvey,Nott'm Forest,MID,0,0,0,0,0,0,0,0,0.0,0.0,0.0,0.0,0.00,0.00,48,0.0,0
2023-24,464,Sam,Surridge,Surridge,Nott'm Forest,FWD,0,0,0,0,0,0,0,0,0.0,0.0,0.0,0.0,0.00,0.00,45,0.1,0
2023-24,465,Harry,Toffolo,Toffolo,Nott'm Forest,DEF,52,1452,1,3,2,29,3,263,355.0,268.4,171.0,79.3,1.10,1.14,44,0.1,15
2023-24,466,Hwang,Ui-jo,Ui-jo,Nott'm Forest,FWD,0,0,0,0,0,0,0,0,0.0,0.0,0.0,0.0,0.00,0.00,44,0.2,0
2023-24,467,Neco,Williams,Williams,Nott'm Forest,DEF,39,1630,0,1,1,33,2,224,393.4,195.2,139.0,72.8,0.74,1.54,43,0.2,18
2023-24,468,Chris,Wood,Wood,Nott'm Forest,FWD,131,1801,14,1,2,34,22,456,598.2,281.1,795.0,167.4,11.71,0.92,47,1.7,20
2023-24,469,Joe,Worrall,Worrall,Nott'm Forest,DEF,13,438,0,0,1,9,3,74,90.0,22.1,18.0,13.0,0.10,0.31,43,0.1,5
2023-24,470,Ryan,Yates,Yates,Nott'm Forest,MID,59,1979,1,1,1,38,1,235,330.4,133.8,258.0,72.1,2.78,0.59,48,0.0,21
2023-24,604,Olu,Aina,Aina,Nott'm Forest,DEF,45,1690,1,1,2,39,2,289,312.0,181.7,49.0,54.4,0.34,1.01,45,0.3,20
2023-24,636,George,Shelvey,G.Shelvey,Nott'm Forest,GKP,0,0,0,0,0,0,0,0,0.0,0.0,0.0,0.0,0.00,0.00,39,0.0,0
2023-24,637,Josh,Powell,Powell,Nott'm Forest,DEF,0,0,0,0,0,0,0,0,0.0,0.0,0.0,0.0,0.00,0.00,39,0.2,0
2023-24,679,Gonzalo,Montiel,G.Montiel,Nott'm Forest,DEF,28,796,0,2,1,11,4,152,170.6,118.3,32.0,31.9,0.11,0.79,44,0.1,8
2023-24,696,Murillo,Santiago Costa dos Santos,Murillo,Nott'm Forest,DEF,58,2790,0,2,3,56,1,451,678.4,115.0,164.0,95.8,1.78,0.64,45,0.3,32
2023-24,710,Odysseas,Vlachodimos,Odysseas,Nott'm Forest,GKP,12,450,0,0,1,12,0,79,101.8,10.0,0.0,11.2,0.00,0.01,45,0.1,5
2023-24,711,Andrew,Omobamidele,Omobamidele,Nott'm Forest,DEF,11,782,0,0,0,15,0,94,148.6,25.1,16.0,18.9,0.14,0.02,45,0.0,8
2023-24,712,Nicolás,Domínguez,Dominguez,Nott'm Forest,MID,67,1489,2,2,6,27,6,276,340.4,176.2,187.0,70.6,1.30,1.14,50,0.0,19
2023-24,713,Ibrahim,Sangaré,Sangaré,Nott'm Forest,MID,25,1031,0,0,4,16,0,89,168.8,112.9,43.0,32.5,0.67,0.40,49,0.0,13
2023-24,714,Divock,Origi,Origi,Nott'm Forest,FWD,25,594,0,1,2,6,0,59,50.4,107.8,99.0,25.0,1.22,0.82,50,0.1,6
2023-24,779,Jamie,McDonnell,McDonnell,Nott'm Forest,MID,0,0,0,0,0,0,0,0,0.0,0.0,0.0,0.0,0.00,0.00,45,0.0,0
2023-24,780,Detlef Esapa,Osong,Osong,Nott'm Forest,FWD,0,0,0,0,0,0,0,0,0.0,0.0,0.0,0.0,0.00,0.00,45,0.0,0
2023-24,781,Joe,Gardner,Gardner,Nott'm Forest,FWD,0,0,0,0,0,0,0,0,0.0,0.0,0.0,0.0,0.00,0.00,45,0.0,0
2023-24,801,Giovanni,Reyna,Reyna,Nott'm Forest,MID,13,228,0,1,0,3,0,44,55.0,102.7,55.0,21.4,0.36,0.36,46,0.0,2
2023-24,808,Matz,Sels,Sels,Nott'm Forest,GKP,34,1440,0,0,1,27,1,206,293.2,10.0,0.0,30.3,0.00,0.09,45,0.2,16
2023-24,809,Rodrigo,Duarte Ribeiro,Ribeiro,Nott'm Forest,FWD,4,14,0,0,0,0,0,9,1.2,1.3,6.0,0.9,0.00,0.00,45,0.0,0
2023-24,27,Auston,Trusty,Trusty,Sheffield Utd,DEF,28,2568,0,0,1,81,0,349,517.4,107.3,106.0,73.4,0.38,0.76,39,1.8,28
2023-24,33,Cameron,Archer,Archer,Sheffield Utd,FWD,82,1829,4,3,2,50,9,241,266.0,309.3,353.0,92.8,5.28,1.39,42,3.4,21
2023-24,255,Mason,Holgate,Holgate,Sheffield Utd,DEF,1,711,0,0,0,27,0,69,117.8,22.7,19.0,15.9,0.55,0.20,40,0.4,9
2023-24,360,James,McAtee,McAtee,Sheffield Utd,MID,77,1815,3,4,2,65,0,259,333.8,394.4,333.0,106.0,2.98,2.16,44,0.4,20
2023-24,471,Anel,Ahmedhodžić,Ahmedhodžić,Sheffield Utd,DEF,31,2649,2,0,1,89,4,325,568.4,96.7,228.0,89.6,3.03,0.58,43,0.2,29
2023-24,472,Jordan,Amissah,Amissah,Sheffield Utd,GKP,0,0,0,0,0,0,0,0,0.0,0.0,0.0,0.0,0.00,0.00,39,0.3,0
2023-24,473,George,Baldock,Baldock,Sheffield Utd,DEF,21,968,0,2,0,21,2,117,173.6,102.6,21.0,29.6,0.03,0.63,38,4.0,11
2023-24,474,Chris,Basham,Basham,Sheffield Utd,DEF,8,316,0,0,0,6,0,35,69.2,27.4,14.0,11.1,0.12,0.07,39,0.3,3
2023-24,476,Jayden,Bogle,Bogle,Sheffield Utd,DEF,63,2787,3,3,3,79,0,354,514.4,183.5,339.0,103.7,2.36,1.14,45,0.1,32
2023-24,477,Rhian,Brewster,Brewster,Sheffield Utd,FWD,11,338,0,0,0,8,0,14,21.0,28.3,85.0,13.3,0.33,0.08,49,0.0,3
2023-24,478,Ismaila,Coulibaly,Coulibaly,Sheffield Utd,MID,0,0,0,0,0,0,0,0,0.0,0.0,0.0,0.0,0.00,0.00,44,0.0,0
2023-24,479,Adam,Davies,A.Davies,Sheffield Utd,GKP,0,0,0,0,0,0,0,0,0.0,0.0,0.0,0.0,0.00,0.00,40,0.2,0
2023-24,480,John,Egan,Egan,Sheffield Utd,DEF,1,482,0,0,0,17,0,54,91.2,1.4,38.0,13.1,0.17,0.00,42,0.1,6
2023-24,481,John,Fleck,Fleck,Sheffield Utd,MID,3,89,0,0,0,5,0,13,5.4,26.0,2.0,3.3,0.00,0.35,49,0.0,1
2023-24,482,Wes,Foderingham,Foderingham,Sheffield Utd,GKP,70,2648,0,0,1,79,7,531,966.0,10.0,0.0,97.7,0.00,0.05,44,0.3,29
2023-24,483,Daniel,Jebbison,Jebbison,Sheffield Utd,FWD,1,20,0,0,0,0,0,3,0.0,0.1,4.0,0.4,0.00,0.00,48,0.0,0
2023-24,484,Max,Lowe,Lowe,Sheffield Utd,DEF,13,498,0,1,0,12,0,47,102.2,31.9,18.0,15.2,0.58,0.09,43,0.0,4
2023-24,485,Oliver,McBurnie,McBurnie,Sheffield Utd,FWD,66,1279,6,3,1,43,9,225,377.4,195.9,501.0,107.5,6.91,1.98,54,0.1,15
2023-24,486,Iliman,Ndiaye,Ndiaye,Sheffield Utd,FWD,0,0,0,0,0,0,0,0,0.0,0.0,0.0,0.0,0.00,0.00,55,0.0,0
2023-24,487,Rhys,Norrington-Davies,Norrington-Davies,Sheffield Utd,DEF,2,109,0,0,0,6,0,12,8.2,11.7,2.0,2.0,0.00,0.00,39,0.1,2
2023-24,488,Oliver,Norwood,Norwood,Sheffield Utd,MID,42,1429,1,0,0,47,3,232,311.2,275.3,82.0,66.8,1.10,1.23,48,0.0,16
2023-24,489,Ben,Osborn,Osborn,Sheffield Utd,MID,38,1359,0,2,0,40,0,182,191.4,212.2,26.0,42.8,0.22,0.93,48,0.0,14
2023-24,490,William,Osula,Osula,Sheffield Utd,FWD,25,778,0,1,0,23,0,27,27.0,24.9,200.0,24.4,1.64,0.15,42,0.8,9
2023-24,576,Jack,Robinson,Robinson,Sheffield Utd,DEF,33,2883,1,1,1,83,1,375,602.8,162.1,190.0,95.7,1.13,0.93,43,0.1,31
2023-24,587,Anis,Slimane,Slimane,Sheffield Utd,MID,14,409,0,0,1,14,0,23,41.6,46.7,72.0,16.1,0.97,0.13,47,0.0,4
2023-24,592,Yasser,Larouci,Larouci,Sheffield Utd,DEF,10,527,0,0,0,11,0,63,80.8,27.8,39.0,14.8,0.24,0.05,43,0.0,6
2023-24,593,Bénie,Traoré,T.Bénie,Sheffield Utd,FWD,11,383,0,0,0,13,0,14,25.8,56.7,31.0,11.2,0.27,0.46,51,0.0,3
2023-24,638,Vini,de Souza Costa,Vini Souza,Sheffield Utd,MID,73,2664,1,1,1,80,4,357,558.4,101.8,152.0,81.1,0.61,0.46,50,0.0,29
2023-24,653,Femi,Seriki,Seriki,Sheffield Utd,DEF,0,0,0,0,0,0,0,0,0.0,0.0,0.0,0.0,0.00,0.00,39,0.1,0
2023-24,654,Louie,Marsh,Marsh,Sheffield Utd,FWD,0,0,0,0,0,0,0,0,0.0,0.0,0.0,0.0,0.00,0.00,45,0.0,0
2023-24,655,Andre,Brooks,Brooks,Sheffield Utd,MID,26,932,0,0,1,29,0,82,88.6,51.9,76.0,21.8,0.49,0.24,44,0.0,12
2023-24,656,Antwoine,Hackford,Hackford,Sheffield Utd,FWD,2,11,0,0,0,1,0,5,0.0,0.3,0.0,0.0,0.00,0.00,44,0.1,0
2023-24,663,Gustavo,Hamer,Hamer,Sheffield Utd,MID,108,2908,4,7,2,83,5,462,581.2,929.8,294.0,180.4,3.00,4.59,49,0.2,34
2023-24,666,Tom,Davies,T.Davies,Sheffield Utd,MID,7,214,0,0,0,11,0,11,26.4,18.1,48.0,9.4,0.34,0.06,50,0.0,2
2023-24,693,Luke,Thomas,Thomas,Sheffield Utd,DEF,7,916,0,0,0,29,0,80,127.8,53.9,64.0,24.7,0.53,0.18,40,0.0,11
2023-24,730,Ryan,Oné,Oné,Sheffield Utd,MID,1,7,0,0,0,2,0,3,0.0,0.3,0.0,0.0,0.00,0.00,44,0.0,0
2023-24,731,Jili,Buyabu,Buyabu,Sheffield Utd,DEF,0,0,0,0,0,0,0,0,0.0,0.0,0.0,0.0,0.00,0.00,40,0.0,0
2023-24,759,Sydie,Peck,Peck,Sheffield Utd,MID,1,9,0,0,0,0,0,3,0.0,0.1,0.0,0.0,0.00,0.00,44,0.0,0
2023-24,775,Ben,Brereton,Brereton Díaz,Sheffield Utd,MID,62,1105,6,1,0,37,5,173,312.2,124.0,422.0,85.3,5.52,1.07,50,0.2,14
2023-24,790,Ivo,Grbic,Grbić,Sheffield Utd,GKP,15,771,0,0,0,25,0,149,257.6,0.0,0.0,25.6,0.00,0.01,45,0.0,9
2023-24,822,Billy,Blacker,Blacker,Sheffield Utd,FWD,0,0,0,0,0,0,0,0,0.0,0.0,0.0,0.0,0.00,0.00,45,0.0,0
2023-24,823,Oliver,Arblaster,Arblaster,Sheffield Utd,MID,19,942,0,0,0,28,0,131,155.4,140.5,23.0,32.0,0.02,0.82,45,0.0,11
2023-24,827,Dovydas,Sasnauskas,Sasnauskas,Sheffield Utd,DEF,0,0,0,0,0,0,0,0,0.0,0.0,0.0,0.0,0.00,0.00,40,0.0,0
2023-24,828,Sam,Curtis,Curtis,Sheffield Utd,DEF,1,27,0,0,0,0,0,2,2.2,0.3,0.0,0.3,0.00,0.00,40,0.0,0
2023-24,857,Owen,Hampson,Hampson,Sheffield Utd,MID,0,0,0,0,0,0,0,0,0.0,0.0,0.0,0.0,0.00,0.00,45,0.0,0
2023-24,450,Brennan,Johnson,Johnson,Spurs,MID,131,2317,5,12,5,42,9,397,554.4,624.3,782.0,196.3,10.36,4.30,58,2.0,26
2023-24,491,Brandon,Austin,Austin,Spurs,GKP,0,0,0,0,0,0,0,0,0.0,0.0,0.0,0.0,0.00,0.00,39,0.2,0
2023-24,492,Rodrigo,Bentancur,Bentancur,Spurs,MID,32,997,1,1,1,25,0,153,193.0,174.9,156.0,52.1,2.01,1.05,54,0.0,13
2023-24,493,Yves,Bissouma,Bissouma,Spurs,MID,44,2070,0,0,7,35,0,315,403.0,279.4,140.0,82.3,1.18,1.67,50,0.3,26
2023-24,494,Bryan,Gil Salvatierra,Bryan,Spurs,MID,12,200,0,0,0,11,0,41,28.6,70.1,59.0,15.9,0.67,0.24,49,0.0,2
2023-24,495,Ben,Davies,Davies,Spurs,DEF,34,1085,1,2,1,21,0,216,294.8,81.0,124.0,50.3,2.34,0.57,43,0.4,12
2023-24,496,Eric,Dier,Dier,Spurs,DEF,2,199,0,0,0,8,0,31,55.8,1.0,4.0,6.0,0.00,0.03,42,0.3,1
2023-24,497,Emerson,Leite de Souza Junior,E.Royal,Spurs,DEF,27,1152,1,0,0,31,4,233,316.0,119.5,55.0,49.4,0.22,0.86,43,0.8,11
2023-24,498,Fraser,Forster,Forster,Spurs,GKP,0,0,0,0,0,0,0,0,0.0,0.0,0.0,0.0,0.00,0.00,38,1.6,0
2023-24,499,Pierre-Emile,Højbjerg,Højbjerg,Spurs,MID,39,1289,0,0,1,28,0,239,282.2,205.8,108.0,59.7,0.68,1.57,51,0.3,8
2023-24,500,Harry,Kane,Kane,Spurs,FWD,0,0,0,0,0,0,0,0,0.0,0.0,0.0,0.0,0.00,0.00,125,0.6,0
2023-24,501,Dejan,Kulusevski,Kulusevski,Spurs,MID,130,2759,8,3,8,46,14,463,698.8,950.4,953.0,260.1,4.95,6.37,67,2.1,31
2023-24,502,Hugo,Lloris,Lloris,Spurs,GKP,0,0,0,0,0,0,0,0,0.0,0.0,0.0,0.0,0.00,0.00,47,0.5,0
2023-24,503,Giovani,Lo Celso,Lo Celso,Spurs,MID,47,491,2,2,1,12,6,189,225.8,262.8,110.0,60.0,0.54,1.79,48,0.1,4
2023-24,504,James,Maddison,Maddison,Spurs,MID,117,2137,4,11,7,31,9,495,630.4,979.5,605.0,221.4,6.53,6.21,78,10.0,26
2023-24,505,Tanguy,Ndombélé Alvaro,Ndombele,Spurs,MID,0,0,0,0,0,0,0,0,0.0,0.0,0.0,0.0,0.00,0.00,44,0.2,0
2023-24,506,Pedro,Porro,Pedro Porro,Spurs,DEF,136,3090,3,8,7,54,20,720,839.0,877.4,365.0,208.5,2.92,6.18,59,22.4,35
2023-24,507,Ivan,Perišić,Perišić,Spurs,DEF,6,98,0,1,0,1,0,34,41.6,71.2,27.0,14.0,0.12,0.80,47,0.7,0
2023-24,509,Richarlison,de Andrade,Richarlison,Spurs,MID,122,1481,11,4,7,18,7,305,560.6,208.4,758.0,152.1,9.49,1.42,68,2.5,18
2023-24,510,Joe,Rodon,Rodon,Spurs,DEF,0,0,0,0,0,0,0,0,0.0,0.0,0.0,0.0,0.00,0.00,40,0.1,0
2023-24,511,Cristian,Romero,Romero,Spurs,DEF,107,2790,5,0,7,46,15,591,841.8,161.9,252.0,125.9,3.25,1.41,51,12.2,33
2023-24,512,Davinson,Sánchez,Sánchez,Spurs,DEF,0,76,0,0,0,2,0,9,17.0,5.0,4.0,2.6,0.12,0.03,44,0.1,0
2023-24,513,Pape Matar,Sarr,Sarr,Spurs,MID,86,2063,3,3,9,27,4,397,406.0,373.3,317.0,110.2,3.17,2.09,44,1.6,27
2023-24,514,Ryan,Sessegnon,Sessegnon,Spurs,DEF,0,0,0,0,0,0,0,0,0.0,0.0,0.0,0.0,0.00,0.00,44,0.0,0
2023-24,515,Oliver,Skipp,Skipp,Spurs,MID,22,691,0,0,0,17,0,105,92.0,126.2,65.0,28.1,0.77,0.50,45,0.1,5
2023-24,516,Son,Heung-min,Son,Spurs,MID,213,2934,17,10,8,51,25,707,993.2,921.9,1131.0,304.7,11.49,7.87,100,34.4,34
2023-24,517,Djed,Spence,Spence,Spurs,DEF,0,0,0,0,0,0,0,0,0.0,0.0,0.0,0.0,0.00,0.00,40,0.2,0
2023-24,518,Japhet,Tanganga,Tanganga,Spurs,DEF,0,0,0,0,0,0,0,0,0.0,0.0,0.0,0.0,0.00,0.00,40,0.3,0
2023-24,519,Destiny,Udogie,Udogie,Spurs,DEF,79,2391,2,3,5,43,8,402,534.8,357.9,279.0,117.3,2.42,2.36,49,5.2,28
2023-24,520,Guglielmo,Vicario,Vicario,Spurs,GKP,112,3420,0,0,7,61,9,730,974.2,0.0,0.0,97.4,0.00,0.00,53,9.4,38
2023-24,521,Alfie,Whiteman,Whiteman,Spurs,GKP,0,0,0,0,0,0,0,0,0.0,0.0,0.0,0.0,0.00,0.00,39,0.2,0
2023-24,583,Manor,Solomon,Solomon,Spurs,MID,14,196,0,2,0,2,2,53,73.4,144.3,61.0,28.0,0.41,0.75,51,0.1,2
2023-24,639,Micky,van de Ven,Van de Ven,Spurs,DEF,81,2341,3,0,5,38,10,501,561.6,56.7,85.0,70.5,0.61,0.33,44,3.7,27
2023-24,640,Dane,Scarlett,Scarlett,Spurs,FWD,4,19,0,0,0,0,0,10,2.0,0.4,6.0,0.8,0.00,0.00,45,0.1,0
2023-24,641,Alejo,Véliz,Veliz,Spurs,FWD,11,45,1,0,0,2,0,40,35.2,0.9,29.0,6.5,0.42,0.00,54,0.1,0
2023-24,702,Ashley,Phillips,Phillips,Spurs,DEF,0,0,0,0,0,0,0,0,0.0,0.0,0.0,0.0,0.00,0.00,40,0.1,0
2023-24,722,Jamie,Donley,Donley,Spurs,FWD,2,3,0,0,0,1,0,3,3.0,0.0,0.0,0.3,0.00,0.00,45,0.1,0
2023-24,740,Alfie,Dorrington,Dorrington,Spurs,DEF,0,0,0,0,0,0,0,0,0.0,0.0,0.0,0.0,0.00,0.00,40,0.0,0
2023-24,754,Yago,de Santiago Alonso,Yago Santiago,Spurs,MID,0,0,0,0,0,0,0,0,0.0,0.0,0.0,0.0,0.00,0.00,45,0.0,0
2023-24,776,Timo,Werner,Werner,Spurs,FWD,46,808,2,4,0,16,5,173,179.0,239.0,305.0,72.3,3.81,2.93,63,0.5,10
2023-24,777,Radu,Dragusin,Drăgușin,Spurs,DEF,14,424,0,0,1,7,0,82,95.4,7.4,6.0,11.0,0.14,0.01,42,0.1,4
2023-24,860,Mikey,Moore,Moore,Spurs,MID,2,3,0,0,0,0,0,4,1.0,0.5,0.0,0.1,0.00,0.00,45,0.0,0
2023-24,862,Tyrese,Hall,Hall,Spurs,MID,0,0,0,0,0,0,0,0,0.0,0.0,0.0,0.0,0.00,0.00,45,0.0,0
2023-24,364,Kalvin,Phillips,Phillips,West Ham,MID,10,394,0,0,0,13,0,27,35.6,23.3,31.0,9.1,0.22,0.11,47,0.0,3
2023-24,522,Nayef,Aguerd,N.Aguerd,West Ham,DEF,36,1857,1,0,2,44,0,282,439.4,58.1,145.0,64.4,1.37,0.41,44,0.5,21
2023-24,523,Michail,Antonio,Antonio,West Ham,FWD,78,1692,6,2,5,34,8,228,308.6,132.2,395.0,82.7,5.45,1.28,57,1.9,21
2023-24,524,Alphonse,Areola,Areola,West Ham,GKP,116,2700,0,0,4,53,11,598,1023.2,0.0,0.0,102.4,0.00,0.00,42,22.3,31
2023-24,525,Saïd,Benrahma,Benrahma,West Ham,MID,20,611,0,1,2,8,0,64,85.4,164.9,196.0,44.6,1.91,0.77,56,0.3,5
2023-24,526,Jarrod,Bowen,Bowen,West Ham,MID,182,3020,16,6,5,63,14,519,890.4,463.8,1130.0,247.8,11.96,4.90,76,12.1,34
2023-24,527,Maxwel,Cornet,Cornet,West Ham,MID,13,109,1,0,0,3,0,40,44.0,48.4,54.0,14.6,0.40,0.02,52,0.1,1
2023-24,528,Vladimír,Coufal,Coufal,West Ham,DEF,85,3135,0,7,4,70,9,514,661.6,500.0,92.0,125.6,0.35,3.01,45,2.0,36
2023-24,529,Conor,Coventry,Coventry,West Ham,MID,0,0,0,0,0,0,0,0,0.0,0.0,0.0,0.0,0.00,0.00,43,0.1,0
2023-24,530,Aaron,Cresswell,Cresswell,West Ham,DEF,10,431,0,0,0,11,0,71,58.8,77.2,2.0,13.9,0.00,0.44,42,0.3,4
2023-24,531,Flynn,Downes,Downes,West Ham,MID,0,0,0,0,0,0,0,0,0.0,0.0,0.0,0.0,0.00,0.00,50,0.0,0
2023-24,532,Emerson,Palmieri dos Santos,Emerson,West Ham,DEF,82,3138,1,4,5,67,8,519,649.0,400.2,168.0,121.8,1.64,2.07,43,1.9,35
2023-24,533,Lukasz,Fabianski,Fabianski,West Ham,GKP,24,721,0,0,1,21,1,152,245.6,0.0,0.0,24.6,0.00,0.00,42,1.3,7
2023-24,534,Pablo,Fornals Malla,P.Fornals,West Ham,MID,19,418,0,0,1,9,0,68,64.2,75.5,79.0,21.9,0.31,0.34,46,0.0,4
2023-24,535,Danny,Ings,Ings,West Ham,FWD,36,389,1,2,0,10,4,105,82.4,64.4,125.0,27.1,1.18,0.26,55,0.6,3
2023-24,536,Ben,Johnson,Johnson,West Ham,DEF,17,538,0,0,1,16,0,90,84.6,22.5,38.0,14.7,0.25,0.11,44,0.1,4
2023-24,537,Thilo,Kehrer,Kehrer,West Ham,DEF,2,19,0,0,0,1,0,7,8.6,0.7,0.0,0.9,0.00,0.00,42,0.1,0
2023-24,538,Divin,Mubama,Mubama,West Ham,FWD,5,75,0,0,0,2,0,14,0.2,2.4,5.0,0.8,0.16,0.01,41,4.5,0
2023-24,539,Lucas,Tolentino Coelho de Lima,L.Paquetá,West Ham,MID,100,2627,4,6,4,52,7,398,570.6,722.3,343.0,163.7,5.19,4.93,60,1.4,31
2023-24,541,Gianluca,Scamacca,Scamacca,West Ham,FWD,0,0,0,0,0,0,0,0,0.0,0.0,0.0,0.0,0.00,0.00,60,0.0,0
2023-24,542,Tomáš,Souček,Souček,West Ham,MID,116,2867,7,2,5,64,9,456,751.6,262.5,488.0,150.3,6.69,1.14,49,0.8,34
2023-24,543,Nikola,Vlašić,Vlašić,West Ham,MID,0,0,0,0,0,0,0,0,0.0,0.0,0.0,0.0,0.00,0.00,45,0.0,0
2023-24,544,Kurt,Zouma,Zouma,West Ham,DEF,76,2838,3,0,3,63,6,444,636.8,55.1,227.0,92.0,1.90,0.07,45,1.5,32
2023-24,577,Angelo,Ogbonna,Ogbonna,West Ham,DEF,19,634,0,0,2,14,0,103,131.0,2.2,10.0,14.4,0.04,0.06,42,0.1,7
2023-24,642,Edson,Álvarez Velázquez,Álvarez,West Ham,MID,62,2375,1,1,5,45,3,345,545.8,193.1,89.0,82.7,1.37,0.81,50,0.2,28
2023-24,647,Joseph,Anang,Anang,West Ham,GKP,0,0,0,0,0,0,0,0,0.0,0.0,0.0,0.0,0.00,0.00,40,0.1,0
2023-24,664,James,Ward-Prowse,Ward-Prowse,West Ham,MID,146,3000,7,7,5,65,19,708,831.0,1023.5,324.0,217.5,6.23,6.30,57,5.3,34
2023-24,676,Konstantinos,Mavropanos,Mavropanos,West Ham,DEF,40,1500,1,0,3,27,3,229,300.2,41.9,112.0,45.3,1.19,0.09,45,0.1,16
2023-24,689,Mohammed,Kudus,Kudus,West Ham,MID,137,2485,8,9,3,61,13,476,667.2,472.9,566.0,170.8,5.06,3.48,67,3.0,27
2023-24,773,Lewis,Orford,Orford,West Ham,MID,0,0,0,0,0,0,0,0,0.0,0.0,0.0,0.0,0.00,0.00,45,0.0,0
2023-24,774,Kaelan,Casey,Casey,West Ham,DEF,1,1,0,0,0,0,0,3,2.0,0.0,0.0,0.2,0.00,0.00,40,0.0,0
2023-24,784,Oliver,Scarles,Scarles,West Ham,DEF,0,0,0,0,0,0,0,0,0.0,0.0,0.0,0.0,0.00,0.00,40,0.0,0
2023-24,785,Callum,Marshall,Marshall,West Ham,FWD,0,0,0,0,0,0,0,0,0.0,0.0,0.0,0.0,0.00,0.00,45,0.0,0
2023-24,829,George,Earthy,Earthy,West Ham,MID,8,33,1,0,0,0,0,27,32.8,2.0,33.0,6.9,0.35,0.00,45,0.0,0
2023-24,351,Tommy,Doyle,Doyle,Wolves,MID,38,1209,0,0,3,24,0,197,198.4,173.7,55.0,42.7,0.42,0.87,44,0.1,11
2023-24,545,Rayan,Aït-Nouri,Aït-Nouri,Wolves,DEF,77,2327,2,3,3,43,6,365,448.4,376.9,253.0,107.7,3.12,1.81,46,3.9,29
2023-24,546,Daniel,Bentley,Bentley,Wolves,GKP,18,382,0,0,2,7,1,73,70.8,0.0,0.0,7.1,0.00,0.00,39,0.8,3
2023-24,547,Bendegúz,Bolla,Bolla,Wolves,DEF,0,0,0,0,0,0,0,0,0.0,0.0,0.0,0.0,0.00,0.00,40,0.3,0
2023-24,548,Hugo,Bueno López,H.Bueno,Wolves,DEF,29,727,0,0,2,16,0,136,139.4,122.1,30.0,29.0,0.31,0.68,44,0.1,7
2023-24,549,Francisco Jorge,Tomás Oliveira,Chiquinho,Wolves,MID,0,0,0,0,0,0,0,0,0.0,0.0,0.0,0.0,0.00,0.00,45,0.0,0
2023-24,550,Luke,Cundle,Cundle,Wolves,MID,0,0,0,0,0,0,0,0,0.0,0.0,0.0,0.0,0.00,0.00,45,0.0,0
2023-24,551,Craig,Dawson,Dawson,Wolves,DEF,69,2209,1,1,6,38,6,421,611.8,108.6,222.0,94.4,1.58,0.42,45,0.4,25
2023-24,552,Fábio,Silva,Fábio Silva,Wolves,FWD,8,259,0,0,1,8,0,7,25.2,51.6,93.0,16.9,1.12,0.09,52,0.2,3
2023-24,554,Gonçalo Manuel,Ganchinho Guedes,Guedes,Wolves,MID,0,0,0,0,0,0,0,0,0.0,0.0,0.0,0.0,0.00,0.00,54,0.0,0
2023-24,555,Joe,Hodge,Hodge,Wolves,MID,0,0,0,0,0,0,0,0,0.0,0.0,0.0,0.0,0.00,0.00,44,0.0,0
2023-24,556,Ki-Jana,Hoever,Hoever,Wolves,DEF,0,0,0,0,0,0,0,0,0.0,0.0,0.0,0.0,0.00,0.00,40,0.0,0
2023-24,557,Hwang,Hee-chan,Hee Chan,Wolves,MID,125,2116,12,3,3,37,10,334,534.2,259.9,614.0,140.7,7.53,2.84,54,1.8,25
2023-24,559,João Victor,Gomes da Silva,João Gomes,Wolves,MID,75,2646,2,2,4,51,3,359,493.2,372.3,196.0,106.1,1.82,1.76,49,0.1,32
2023-24,560,Jonathan,Castro Otto,J.Otto,Wolves,DEF,1,4,0,0,0,0,0,3,5.0,0.0,0.0,0.5,0.00,0.00,43,0.0,0
2023-24,561,Bruno,Cavaco Jordão,Jordão,Wolves,MID,0,0,0,0,0,0,0,0,0.0,0.0,0.0,0.0,0.00,0.00,43,0.2,0
2023-24,562,Sasa,Kalajdzic,Kalajdžić,Wolves,FWD,24,158,2,0,1,2,4,88,94.0,48.7,66.0,20.7,1.01,0.26,49,0.1,1
2023-24,563,Max,Kilman,Kilman,Wolves,DEF,82,3420,2,0,5,65,3,592,853.6,233.1,212.0,130.2,1.78,1.12,44,1.7,38
2023-24,564,Tom,King,King,Wolves,GKP,0,0,0,0,0,0,0,0,0.0,0.0,0.0,0.0,0.00,0.00,39,0.6,0
2023-24,565,Mario,Lemina,Mario Jr.,Wolves,MID,95,2969,4,1,4,55,13,490,621.6,333.6,470.0,142.7,4.60,1.26,49,0.1,34
2023-24,567,Pedro,Lomba Neto,Neto,Wolves,MID,86,1516,2,11,3,27,8,310,371.4,599.2,389.0,135.5,3.17,3.69,55,1.3,18
2023-24,568,Daniel,Castelo Podence,Podence,Wolves,MID,0,0,0,0,0,0,0,0,0.0,0.0,0.0,0.0,0.00,0.00,53,0.0,0
2023-24,569,José,Malheiro de Sá,José Sá,Wolves,GKP,107,3037,0,1,4,58,8,622,1003.4,11.0,0.0,101.6,0.00,0.00,50,2.0,35
2023-24,570,Pablo,Sarabia,Sarabia,Wolves,MID,99,1737,4,7,6,27,8,358,469.2,795.3,418.0,168.4,5.52,5.00,45,0.5,20
2023-24,571,Matija,Šarkić,Šarkić,Wolves,GKP,0,0,0,0,0,0,0,0,0.0,0.0,0.0,0.0,0.00,0.00,40,0.2,0
2023-24,572,Nélson,Cabral Semedo,N.Semedo,Wolves,DEF,63,3084,0,2,5,62,0,455,508.8,395.7,165.0,107.2,0.97,1.69,45,0.6,36
2023-24,573,Toti António,Gomes,Toti,Wolves,DEF,82,2771,1,4,4,49,6,468,550.0,117.7,167.0,83.7,1.62,0.63,44,0.3,31
2023-24,574,Boubacar,Traoré,Boubacar Traore,Wolves,MID,25,802,0,0,0,23,0,122,114.4,106.5,27.0,25.2,0.28,0.33,43,0.3,7
2023-24,590,Matheus,Santos Carneiro Da Cunha,Cunha,Wolves,FWD,135,2438,12,7,6,46,15,520,786.0,409.8,872.0,206.4,9.49,2.97,55,2.4,29
2023-24,598,Matt,Doherty,Doherty,Wolves,DEF,41,1136,1,0,1,21,1,186,237.8,168.1,122.0,52.9,0.89,0.86,43,0.2,9
2023-24,697,Santiago,Bueno,S.Bueno,Wolves,DEF,13,819,0,0,0,18,0,124,173.8,27.1,2.0,20.3,0.00,0.01,45,0.0,9
2023-24,698,Enso,González,González,Wolves,MID,1,1,0,0,0,0,0,3,0.2,0.8,0.0,0.1,0.00,0.00,50,0.0,0
2023-24,704,Nathan,Fraser,Fraser,Wolves,FWD,7,183,0,0,1,3,0,17,22.4,29.2,36.0,8.6,0.32,0.06,45,0.1,1
2023-24,715,Jean-Ricner,Bellegarde,Bellegarde,Wolves,MID,45,948,2,2,0,24,1,150,189.8,170.1,163.0,52.2,1.35,0.76,49,0.0,10
2023-24,749,Matthew,Whittingham,Whittingham,Wolves,MID,0,0,0,0,0,0,0,0,0.0,0.0,0.0,0.0,0.00,0.00,45,0.0,0
2023-24,750,Tawanda,Chirewa,Chirewa,Wolves,MID,8,138,0,0,0,2,0,21,22.0,24.7,21.0,6.6,0.16,0.07,44,0.0,1
2023-24,751,Justin,Hubner,Hubner,Wolves,DEF,0,0,0,0,0,0,0,0,0.0,0.0,0.0,0.0,0.00,0.00,40,0.0,0
2023-24,769,Owen,Hesketh,Hesketh,Wolves,MID,0,0,0,0,0,0,0,0,0.0,0.0,0.0,0.0,0.00,0.00,45,0.0,0
2023-24,770,Ty,Barnett,Barnett,Wolves,MID,0,0,0,0,0,0,0,0,0.0,0.0,0.0,0.0,0.00,0.00,45,0.0,0
2023-24,787,Harvey,Griffiths,Griffiths,Wolves,MID,0,0,0,0,0,0,0,0,0.0,0.0,0.0,0.0,0.00,0.00,45,0.0,0
2023-24,788,Yerson,Mosquera,Mosquera,Wolves,DEF,0,0,0,0,0,0,0,0,0.0,0.0,0.0,0.0,0.00,0.00,40,0.0,0
2023-24,800,Noha,Lemina,N.Lemina,Wolves,MID,0,0,0,0,0,0,0,0,0.0,0.0,0.0,0.0,0.00,0.00,50,0.0,0
2023-24,832,Wesley,Okoduwa,Okoduwa,Wolves,DEF,0,0,0,0,0,0,0,0,0.0,0.0,0.0,0.0,0.00,0.00,40,0.0,0
2023-24,836,Leon,Chiwome,Chiwome,Wolves,FWD,5,173,0,0,0,4,0,12,7.8,1.2,13.0,2.2,0.10,0.02,45,0.0,2
2023-24,840,Fletcher,Holman,Holman,Wolves,FWD,0,0,0,0,0,0,0,0,0.0,0.0,0.0,0.0,0.00,0.00,45,0.0,0
2023-24,853,Temple,Ojinnaka,Ojinnaka,Wolves,MID,0,0,0,0,0,0,0,0,0.0,0.0,0.0,0.0,0.00,0.00,45,0.0,0
2024-25,1,Fábio,Ferreira Vieira,Fábio Vieira,Arsenal,MID,0,0,0,0,0,0,0,0,0.0,0.0,0.0,0.0,0.00,0.00,54,0.0,0
2024-25,2,Gabriel,Fernando de Jesus,G.Jesus,Arsenal,FWD,42,600,3,2,2,5,6,152,154.4,119.5,255.0,52.6,3.05,0.52,65,1.0,6
2024-25,3,Gabriel,dos Santos Magalhães,Gabriel,Arsenal,DEF,117,2363,3,2,10,22,9,459,584.6,208.8,287.0,108.2,2.70,1.21,61,12.2,28
2024-25,4,Kai,Havertz,Havertz,Arsenal,FWD,97,1872,9,3,7,20,14,343,467.6,269.0,711.0,144.8,9.53,1.65,77,6.2,21
2024-25,5,Karl,Hein,Hein,Arsenal,GKP,0,0,0,0,0,0,0,0,0.0,0.0,0.0,0.0,0.00,0.00,40,0.0,0
2024-25,6,Jurriën,Timber,J.Timber,Arsenal,DEF,114,2415,1,3,11,21,9,426,393.0,296.8,254.0,94.2,1.23,1.30,55,4.3,27
2024-25,7,Jorge Luiz,Frello Filho,Jorginho,Arsenal,MID,20,701,0,0,2,7,0,112,44.8,88.8,8.0,14.2,0.06,0.59,46,0.2,9
2024-25,8,Jakub,Kiwior,Kiwior,Arsenal,DEF,43,1117,1,0,3,15,2,178,267.2,91.3,32.0,39.2,0.17,0.29,49,3.8,10
2024-25,9,Gabriel,Martinelli Silva,Martinelli,Arsenal,MID,125,2284,8,4,10,25,6,422,559.8,587.8,912.0,206.1,7.13,4.46,65,3.1,25
2024-25,12,Ethan,Nwaneri,Nwaneri,Arsenal,MID,66,882,4,2,4,4,4,251,293.2,282.8,255.0,83.0,1.19,1.78,43,1.5,11
2024-25,13,Martin,Ødegaard,Ødegaard,Arsenal,MID,116,2321,3,9,11,21,11,529,524.6,968.7,493.0,198.8,4.85,6.68,82,5.7,26
2024-25,15,David,Raya Martin,Raya,Arsenal,GKP,142,3420,0,0,13,34,10,555,755.4,10.7,0.0,76.7,0.00,0.03,56,32.6,38
2024-25,16,Declan,Rice,Rice,Arsenal,MID,127,2823,4,7,11,29,17,627,733.0,959.6,399.0,208.8,3.51,5.64,63,4.2,33
2024-25,17,Bukayo,Saka,Saka,Arsenal,MID,127,1724,6,11,7,21,18,508,606.0,842.8,830.0,227.9,6.87,7.78,104,20.2,20
2024-25,18,William,Saliba,Saliba,Arsenal,DEF,130,3039,2,0,12,29,14,564,672.6,150.1,116.0,94.2,2.42,1.28,64,25.8,35
2024-25,20,Thomas,Partey,Thomas,Arsenal,MID,108,2793,4,3,9,30,8,567,626.6,377.9,223.0,123.2,2.27,2.64,49,0.7,31
2024-25,21,Kieran,Tierney,Tierney,Arsenal,DEF,27,250,1,0,1,1,2,99,91.8,109.1,48.0,25.0,0.38,0.54,43,0.1,2
2024-25,22,Tomiyasu,Takehiro,Tomiyasu,Arsenal,DEF,1,6,0,0,0,0,0,2,0.4,0.3,9.0,1.0,0.18,0.00,48,0.0,0
2024-25,23,Leandro,Trossard,Trossard,Arsenal,MID,152,2546,8,8,11,27,18,561,609.0,617.6,798.0,202.1,6.74,4.12,67,4.5,28
2024-25,24,Benjamin,White,White,Arsenal,DEF,50,1195,0,2,5,13,0,211,247.6,162.6,100.0,51.0,0.46,1.30,62,4.4,13
2024-25,25,Oleksandr,Zinchenko,Zinchenko,Arsenal,DEF,40,518,0,1,4,1,2,141,83.4,92.8,66.0,24.1,0.65,0.52,48,0.9,5
2024-25,73,Norberto,Murara Neto,Neto,Arsenal,GKP,7,180,0,0,0,2,0,30,77.8,0.0,0.0,7.8,0.00,0.00,41,0.7,2
2024-25,186,Raheem,Sterling,Sterling,Arsenal,MID,26,490,0,2,1,4,0,64,67.2,125.5,122.0,31.3,1.43,0.48,67,0.8,7
2024-25,578,Riccardo,Calafiori,Calafiori,Arsenal,DEF,39,978,2,1,1,12,1,142,252.6,118.2,176.0,54.6,0.86,0.69,58,1.5,11
2024-25,597,Myles,Lewis-Skelly,Lewis-Skelly,Arsenal,MID,37,1362,1,0,5,16,0,237,176.0,170.7,57.0,40.0,0.16,0.51,45,0.4,15
2024-25,633,Mikel,Merino,Merino,Arsenal,MID,92,1575,7,2,4,17,8,326,456.8,265.8,511.0,123.3,5.75,1.18,60,1.5,17
2024-25,638,Salah-Eddine,Oulad M'hand,Oulad M'hand,Arsenal,MID,0,0,0,0,0,0,0,0,0.0,0.0,0.0,0.0,0.00,0.00,45,0.0,0
2024-25,639,Tommy,Setford,Setford,Arsenal,GKP,0,0,0,0,0,0,0,0,0.0,0.0,0.0,0.0,0.00,0.00,45,0.1,0
2024-25,657,Maldini,Kacurri,Kacurri,Arsenal,DEF,0,0,0,0,0,0,0,0,0.0,0.0,0.0,0.0,0.00,0.00,40,0.0,0
2024-25,659,Ismeal,Kabia,Kabia,Arsenal,MID,0,0,0,0,0,0,0,0,0.0,0.0,0.0,0.0,0.00,0.00,45,0.0,0
2024-25,662,Josh,Nichols,Nichols,Arsenal,DEF,0,0,0,0,0,0,0,0,0.0,0.0,0.0,0.0,0.00,0.00,40,0.1,0
2024-25,665,Nathan,Butler-Oyedeji,Butler-Oyedeji,Arsenal,FWD,1,6,0,0,0,0,0,5,3.0,0.0,17.0,2.0,0.07,0.00,45,0.2,0
2024-25,735,Mikel,Arteta,Arteta,Arsenal,5,104,0,0,0,0,0,0,0,0.0,0.0,0.0,0.0,0.00,0.00,15,9.0,0
2024-25,756,Jack,Porter,Porter,Arsenal,GKP,0,0,0,0,0,0,0,0,0.0,0.0,0.0,0.0,0.00,0.00,40,0.0,0
2024-25,790,Jimi,Gower,Gower,Arsenal,MID,0,0,0,0,0,0,0,0,0.0,0.0,0.0,0.0,0.00,0.00,45,0.0,0
2024-25,793,Jack,Henry-Francis,Jack Henry-Francis,Arsenal,MID,0,0,0,0,0,0,0,0,0.0,0.0,0.0,0.0,0.00,0.00,45,0.0,0
2024-25,801,Brayden,Clarke,Clarke,Arsenal,DEF,0,0,0,0,0,0,0,0,0.0,0.0,0.0,0.0,0.00,0.00,40,0.0,0
2024-25,28,Leon,Bailey,Bailey,Aston Villa,MID,47,1132,1,2,2,19,2,174,146.4,235.8,325.0,70.3,1.73,2.92,62,0.8,14
2024-25,29,Ross,Barkley,Barkley,Aston Villa,MID,44,567,3,1,1,10,5,166,215.4,128.1,206.0,54.8,1.79,0.43,52,0.2,3
2024-25,30,Enzo,Barrenechea,Barrenechea,Aston Villa,MID,0,0,0,0,0,0,0,0,0.0,0.0,0.0,0.0,0.00,0.00,49,0.0,0
2024-25,31,Emiliano,Buendía Stati,Buendia,Aston Villa,MID,11,89,0,0,0,2,0,37,16.4,23.2,16.0,5.2,0.65,0.03,51,0.1,0
2024-25,32,Matty,Cash,Cash,Aston Villa,DEF,76,2069,1,1,7,22,2,286,359.2,181.0,171.0,71.3,0.48,1.23,44,1.6,24
2024-25,33,Leander,Dendoncker,Dendoncker,Aston Villa,MID,0,0,0,0,0,0,0,0,0.0,0.0,0.0,0.0,0.00,0.00,45,0.2,0
2024-25,34,Moussa,Diaby,Diaby,Aston Villa,MID,0,0,0,0,0,0,0,0,0.0,0.0,0.0,0.0,0.00,0.00,65,0.0,0
2024-25,35,Diego Carlos,Santos Silva,Diego Carlos,Aston Villa,DEF,21,828,0,0,2,15,1,69,150.6,9.2,54.0,21.5,0.64,0.08,45,0.3,8
2024-25,36,Lucas,Digne,Digne,Aston Villa,DEF,89,2348,0,5,6,36,7,383,512.6,583.9,112.0,120.7,0.80,3.97,44,5.6,28
2024-25,37,Lewis,Dobbin,Dobbin,Aston Villa,MID,0,0,0,0,0,0,0,0,0.0,0.0,0.0,0.0,0.00,0.00,50,0.0,0
2024-25,38,Jhon,Durán,Duran,Aston Villa,FWD,53,622,7,0,2,14,9,222,273.8,68.9,334.0,67.5,5.11,0.24,57,1.6,4
2024-25,39,Joe,Gauci,Gauci,Aston Villa,GKP,0,0,0,0,0,0,0,0,0.0,0.0,0.0,0.0,0.00,0.00,40,0.5,0
2024-25,40,Kortney,Hause,Hause,Aston Villa,DEF,0,0,0,0,0,0,0,0,0.0,0.0,0.0,0.0,0.00,0.00,39,0.5,0
2024-25,41,Samuel,Iling-Junior,Iling Jr,Aston Villa,MID,0,0,0,0,0,0,0,0,0.0,0.0,0.0,0.0,0.00,0.00,54,0.0,0
2024-25,42,Boubacar,Kamara,Kamara,Aston Villa,MID,57,1720,1,0,6,22,3,296,326.6,191.0,83.0,60.2,0.82,0.83,50,0.1,20
2024-25,43,Kaine,Kesler-Hayden,Kesler-Hayden,Aston Villa,DEF,0,0,0,0,0,0,0,0,0.0,0.0,0.0,0.0,0.00,0.00,40,0.0,0
2024-25,44,Ezri,Konsa Ngoyo,Konsa,Aston Villa,DEF,103,2936,2,0,8,45,10,448,532.8,123.9,166.0,82.4,1.29,0.61,45,9.5,33
2024-25,45,Ian,Maatsen,Maatsen,Aston Villa,DEF,57,1125,1,2,3,16,0,204,252.0,293.4,197.0,74.3,0.87,2.43,45,1.6,10
2024-25,46,Filip,Marschall,Marschall,Aston Villa,GKP,0,0,0,0,0,0,0,0,0.0,0.0,0.0,0.0,0.00,0.00,40,0.0,0
2024-25,47,Emiliano,Martínez Romero,Martinez,Aston Villa,GKP,111,3195,0,0,8,47,6,457,839.6,20.0,0.0,86.0,0.00,0.02,50,13.3,37
2024-25,48,John,McGinn,McGinn,Aston Villa,MID,78,2217,1,4,8,34,1,360,277.2,500.6,263.0,103.7,3.10,2.70,52,0.7,27
2024-25,49,Tyrone,Mings,Mings,Aston Villa,DEF,47,1119,0,1,4,11,5,207,220.4,49.2,74.0,34.6,0.88,0.23,44,0.2,12
2024-25,50,Kosta,Nedeljković,Nedeljkovic,Aston Villa,DEF,5,121,0,0,0,4,0,11,22.8,7.2,0.0,3.0,0.00,0.02,39,0.5,0
2024-25,51,Robin,Olsen,Olsen,Aston Villa,GKP,9,225,0,0,1,6,0,23,59.2,0.0,0.0,5.9,0.00,0.00,45,0.1,1
2024-25,52,Pau,Torres,Pau,Aston Villa,DEF,55,2019,0,0,5,33,3,254,350.6,84.5,102.0,54.0,0.51,0.43,42,0.8,23
2024-25,53,Jacob,Ramsey,Ramsey,Aston Villa,MID,66,1616,1,4,5,26,3,265,235.4,307.9,245.0,78.7,1.59,2.18,54,0.3,19
2024-25,54,Morgan,Rogers,Rogers,Aston Villa,MID,161,3115,8,11,10,40,15,534,730.6,722.7,689.0,214.2,6.49,5.24,58,25.8,37
2024-25,55,Viljami,Sinisalo,Sinisalo,Aston Villa,GKP,0,0,0,0,0,0,0,0,0.0,0.0,0.0,0.0,0.00,0.00,40,0.0,0
2024-25,56,Lino,da Cruz Sousa,Sousa,Aston Villa,DEF,0,0,0,0,0,0,0,0,0.0,0.0,0.0,0.0,0.00,0.00,40,0.0,0
2024-25,57,Youri,Tielemans,Tielemans,Aston Villa,MID,121,3025,3,7,7,46,15,686,799.6,963.1,333.0,209.6,3.31,5.83,55,1.1,35
2024-25,58,Ollie,Watkins,Watkins,Aston Villa,FWD,186,2593,16,8,10,40,32,631,766.0,345.2,1148.0,223.8,15.12,2.07,92,29.0,31
2024-25,167,Axel,Disasi,Disasi,Aston Villa,DEF,33,851,1,0,3,12,0,133,169.6,75.6,51.0,29.7,0.37,0.37,42,0.4,9
2024-25,233,Amadou,Onana,Onana,Aston Villa,MID,65,1613,3,0,6,23,5,324,358.0,194.8,215.0,77.0,2.12,0.84,48,2.1,20
2024-25,385,Marcus,Rashford,Rashford,Aston Villa,MID,95,1414,6,4,7,15,9,333,398.4,451.1,369.0,122.1,4.67,3.43,66,3.7,16
2024-25,598,Lamare,Bogarde,Bogarde,Aston Villa,DEF,6,473,0,0,0,11,0,22,84.8,33.3,15.0,13.3,0.04,0.13,39,0.2,5
2024-25,640,Sil,Swinkels,Swinkels,Aston Villa,DEF,0,0,0,0,0,0,0,0,0.0,0.0,0.0,0.0,0.00,0.00,40,0.1,0
2024-25,641,Oliwier,Zych,Zych,Aston Villa,GKP,0,0,0,0,0,0,0,0,0.0,0.0,0.0,0.0,0.00,0.00,40,0.5,0
2024-25,656,Kadan,Young,Young,Aston Villa,MID,0,0,0,0,0,0,0,0,0.0,0.0,0.0,0.0,0.00,0.00,44,0.2,0
2024-25,679,Ben,Broggio,Broggio,Aston Villa,MID,0,0,0,0,0,0,0,0,0.0,0.0,0.0,0.0,0.00,0.00,45,0.0,0
2024-25,710,Jamaldeen,Jimoh,Jimoh,Aston Villa,MID,0,0,0,0,0,0,0,0,0.0,0.0,0.0,0.0,0.00,0.00,45,0.0,0
2024-25,725,Donyell,Malen,Malen,Aston Villa,MID,34,296,3,0,0,6,3,112,138.2,42.7,208.0,38.5,2.15,0.15,53,0.2,2
2024-25,731,Andrés,García,A. Garcia,Aston Villa,DEF,8,316,0,0,0,5,0,26,45.6,68.4,7.0,12.0,0.04,0.49,45,0.1,5
2024-25,737,Unai,Emery,Emery,Aston Villa,5,105,0,0,0,0,0,0,0,0.0,0.0,0.0,0.0,0.00,0.00,8,7.7,0
2024-25,762,Marco,Asensio,M.Asensio,Aston Villa,MID,44,740,3,2,3,8,6,158,200.6,232.5,242.0,67.2,4.43,1.16,60,2.4,9
2024-25,59,Max,Aarons,Aarons,Bournemouth,DEF,8,84,0,0,1,0,0,31,13.2,3.2,0.0,1.7,0.00,0.01,43,0.1,1
2024-25,60,Tyler,Adams,Adams,Bournemouth,MID,58,1959,0,3,6,30,1,315,411.8,261.2,83.0,75.9,1.33,0.76,49,0.1,21
2024-25,61,Jaidon,Anthony,Anthony,Bournemouth,MID,0,0,0,0,0,0,0,0,0.0,0.0,0.0,0.0,0.00,0.00,45,0.1,0
2024-25,62,David,Brooks,Brooks,Bournemouth,MID,52,941,2,1,3,12,2,204,193.6,316.7,300.0,80.4,2.58,2.02,49,0.0,9
2024-25,63,Ryan,Christie,Christie,Bournemouth,MID,76,2114,2,3,8,28,5,435,514.0,576.8,303.0,139.6,2.14,2.90,48,0.1,27
2024-25,64,Lewis,Cook,Cook,Bournemouth,MID,82,2976,1,4,5,44,3,500,607.0,727.1,114.0,144.9,0.94,3.76,50,0.1,32
2024-25,65,Enes,Ünal,Enes Ünal,Bournemouth,FWD,32,330,2,1,2,3,4,97,104.0,56.1,207.0,35.9,2.73,0.26,54,0.1,2
2024-25,66,Romain,Faivre,Faivre,Bournemouth,MID,0,0,0,0,0,0,0,0,0.0,0.0,0.0,0.0,0.00,0.00,50,0.0,0
2024-25,67,Hamed,Traorè,H.Traorè,Bournemouth,MID,0,0,0,0,0,0,0,0,0.0,0.0,0.0,0.0,0.00,0.00,45,0.0,0
2024-25,68,James,Hill,Hill,Bournemouth,DEF,17,443,0,1,1,9,0,55,97.0,38.4,29.0,16.6,0.29,0.25,39,0.5,6
2024-25,69,Daniel,Jebbison,Jebbison,Bournemouth,FWD,20,105,1,0,0,2,1,67,58.2,39.1,70.0,16.6,1.05,0.12,45,1.1,0
2024-25,70,Milos,Kerkez,Kerkez,Bournemouth,DEF,134,3336,2,6,9,45,10,550,694.0,642.0,238.0,157.3,0.60,2.57,53,20.0,38
2024-25,71,Justin,Kluivert,Kluivert,Bournemouth,MID,158,2339,12,6,13,29,14,532,700.0,654.1,771.0,212.0,10.05,3.66,59,11.0,29
2024-25,72,Chris,Mepham,Mepham,Bournemouth,DEF,0,0,0,0,0,0,0,0,0.0,0.0,0.0,0.0,0.00,0.00,44,0.0,0
2024-25,74,Dango,Ouattara,O.Dango,Bournemouth,MID,111,1998,7,4,7,23,7,432,624.6,496.8,754.0,187.2,8.42,3.24,45,0.9,21
2024-25,75,Alex,Paulsen,Paulsen,Bournemouth,GKP,0,0,0,0,0,0,0,0,0.0,0.0,0.0,0.0,0.00,0.00,40,0.0,0
2024-25,76,Philip,Billing,Philip,Bournemouth,MID,10,176,0,0,0,4,0,52,54.0,102.4,47.0,20.4,0.55,0.97,48,0.0,1
2024-25,77,Alex,Scott,Scott,Bournemouth,MID,26,745,0,0,3,8,0,132,141.6,171.6,118.0,43.2,0.73,1.00,47,0.0,8
2024-25,78,Antoine,Semenyo,Semenyo,Bournemouth,MID,165,3202,11,7,11,41,14,571,792.2,688.9,1204.0,267.8,9.51,4.43,57,8.0,36
2024-25,79,Marcos,Senesi,Senesi,Bournemouth,DEF,31,1103,0,0,2,17,3,114,271.6,84.2,39.0,39.6,0.84,0.48,46,0.3,13
2024-25,80,Luis,Sinisterra,Sinisterra,Bournemouth,MID,23,229,1,1,0,4,2,90,112.0,115.3,195.0,42.3,1.18,1.29,48,0.1,1
2024-25,81,Adam,Smith,Smith,Bournemouth,DEF,57,1586,0,0,6,18,0,161,181.8,147.2,24.0,35.0,0.65,0.68,44,0.1,19
2024-25,83,Marcus,Tavernier,Tavernier,Bournemouth,MID,87,1932,3,7,4,29,4,362,447.0,664.8,442.0,155.4,5.51,3.65,54,0.2,20
2024-25,84,Mark,Travers,Travers,Bournemouth,GKP,19,450,0,0,1,5,1,76,146.4,0.0,0.0,14.6,0.00,0.01,44,0.1,5
2024-25,85,Illia,Zabarnyi,Zabarnyi,Bournemouth,DEF,94,3109,0,1,8,42,8,429,651.4,177.0,88.0,92.0,1.20,0.76,44,0.5,35
2024-25,152,Kepa,Arrizabalaga,Arrizabalaga,Bournemouth,GKP,106,2790,0,0,8,39,7,406,744.4,10.4,4.0,75.8,0.06,0.03,46,3.7,31
2024-25,580,Dean,Huijsen,Huijsen,Bournemouth,DEF,104,2422,3,2,7,31,14,449,826.4,217.6,193.0,123.6,1.82,1.57,45,5.0,26
2024-25,592,Julián,Araujo Zúñiga,J.Araujo,Bournemouth,DEF,12,492,0,0,0,10,0,20,56.8,30.6,4.0,9.2,0.00,0.10,43,0.1,7
2024-25,599,Will,Dennis,Dennis,Bournemouth,GKP,0,0,0,0,0,0,0,0,0.0,0.0,0.0,0.0,0.00,0.00,39,0.3,0
2024-25,617,Francisco Evanilson,de Lima Barbosa,Evanilson,Bournemouth,FWD,128,2317,10,5,11,30,20,487,456.0,331.9,966.0,174.8,12.47,1.74,59,8.5,28
2024-25,680,Max,Kinsey,Kinsey,Bournemouth,DEF,0,0,0,0,0,0,0,0,0.0,0.0,0.0,0.0,0.00,0.00,40,0.0,0
2024-25,687,Ben,Winterburn,Winterburn,Bournemouth,MID,4,22,0,0,0,0,0,14,2.4,0.2,2.0,0.4,0.00,0.00,45,0.0,0
2024-25,702,Archie,Harris,Harris,Bournemouth,DEF,0,0,0,0,0,0,0,0,0.0,0.0,0.0,0.0,0.00,0.00,40,0.0,0
2024-25,707,Remy,Rees-Dottin,Rees-Dottin,Bournemouth,FWD,1,1,0,0,0,0,0,3,0.0,0.0,0.0,0.0,0.00,0.00,45,0.1,0
2024-25,712,Matai,Akinmboni,Akinmboni,Bournemouth,DEF,0,0,0,0,0,0,0,0,0.0,0.0,0.0,0.0,0.00,0.00,40,0.0,0
2024-25,713,Julio,Soler,Soler,Bournemouth,DEF,3,9,0,0,0,1,0,8,2.2,1.8,0.0,0.4,0.00,0.00,39,0.0,0
2024-25,722,Daniel,Adu-Adjei,Adu-Adjei,Bournemouth,FWD,0,0,0,0,0,0,0,0,0.0,0.0,0.0,0.0,0.00,0.00,45,0.0,0
2024-25,723,Dominic,Sadi,Sadi,Bournemouth,MID,0,0,0,0,0,0,0,0,0.0,0.0,0.0,0.0,0.00,0.00,45,0.0,0
2024-25,727,Callan,McKenna,McKenna,Bournemouth,GKP,0,0,0,0,0,0,0,0,0.0,0.0,0.0,0.0,0.00,0.00,40,0.0,0
2024-25,728,Zain,Silcott-Duberry,Silcott-Duberry,Bournemouth,MID,1,1,0,0,0,0,0,5,2.0,1.0,0.0,0.3,0.00,0.00,45,0.0,0
2024-25,738,Andoni,Iraola,Iraola,Bournemouth,5,82,0,0,0,0,0,0,0,0.0,0.0,0.0,0.0,0.00,0.00,11,4.8,0
2024-25,86,Kristoffer,Ajer,Ajer,Brentford,DEF,39,1433,0,0,3,25,0,120,199.0,128.1,158.0,48.5,0.97,0.48,44,0.2,17
2024-25,87,Ethan,Brierley,Brierley,Brentford,MID,0,0,0,0,0,0,0,0,0.0,0.0,0.0,0.0,0.00,0.00,44,0.1,0
2024-25,88,Nathan,Collins,Collins,Brentford,DEF,127,3420,2,7,8,57,11,549,1023.2,160.5,311.0,149.6,2.44,1.57,46,4.5,38
2024-25,89,Mikkel,Damsgaard,Damsgaard,Brentford,MID,131,2911,2,10,11,41,10,611,714.8,1006.4,338.0,205.9,2.91,7.01,49,1.2,34
2024-25,90,Josh,Dasilva,Dasilva,Brentford,MID,0,0,0,0,0,0,0,0,0.0,0.0,0.0,0.0,0.00,0.00,48,0.0,0
2024-25,91,Mark,Flekken,Flekken,Brentford,GKP,138,3275,0,2,7,55,12,584,1298.4,30.3,0.0,132.5,0.00,0.11,45,10.0,37
2024-25,92,Rico,Henry,Henry,Brentford,DEF,4,94,0,0,0,3,0,5,13.6,2.1,2.0,1.7,0.00,0.01,43,0.0,0
2024-25,93,Aaron,Hickey,Hickey,Brentford,DEF,0,0,0,0,0,0,0,0,0.0,0.0,0.0,0.0,0.00,0.00,43,0.0,0
2024-25,94,Vitaly,Janelt,Janelt,Brentford,MID,73,2251,1,3,6,38,2,384,356.6,284.2,131.0,77.2,0.83,2.38,48,0.2,27
2024-25,95,Mathias,Jensen,Jensen,Brentford,MID,38,846,0,2,2,17,1,179,157.0,249.5,32.0,43.8,0.23,1.75,53,0.1,8
2024-25,96,Kim,Ji-soo,Ji-soo,Brentford,DEF,3,28,0,0,0,0,0,8,5.0,0.8,0.0,0.6,0.00,0.00,39,0.3,0
2024-25,97,Yunus Emre,Konak,Konak,Brentford,MID,10,53,0,0,0,2,0,30,8.0,4.5,3.0,1.2,0.15,0.00,44,0.1,0
2024-25,98,Keane,Lewis-Potter,Lewis-Potter,Brentford,MID,94,3092,1,5,8,49,0,460,542.0,462.2,391.0,139.9,2.96,4.94,50,0.1,36
2024-25,99,Bryan,Mbeumo,Mbeumo,Brentford,MID,236,3415,20,9,9,55,29,948,1236.8,1107.5,1060.0,340.8,12.52,9.24,83,46.7,38
2024-25,100,Ben,Mee,Mee,Brentford,DEF,9,180,0,0,1,4,0,30,36.8,3.0,6.0,4.6,0.00,0.02,42,0.3,2
2024-25,101,Christian,Nørgaard,Nørgaard,Brentford,MID,107,2820,5,5,6,45,7,580,735.4,333.0,409.0,147.9,4.23,1.38,48,0.2,34
2024-25,102,Frank,Onyeka,Onyeka,Brentford,MID,2,23,0,0,0,0,0,3,0.0,0.5,0.0,0.0,0.00,0.02,49,0.0,0
2024-25,103,Myles,Peart-Harris,Peart-Harris,Brentford,MID,0,0,0,0,0,0,0,0,0.0,0.0,0.0,0.0,0.00,0.00,45,0.0,0
2024-25,104,Ethan,Pinnock,Pinnock,Brentford,DEF,47,1912,2,0,2,35,0,233,540.2,101.2,193.0,83.6,1.08,0.64,44,0.3,21
2024-25,105,Mads,Roerslev Rasmussen,Roerslev,Brentford,DEF,36,1100,0,2,2,20,0,125,214.4,185.8,78.0,48.0,0.20,2.09,43,0.1,11
2024-25,106,Kevin,Schade,Schade,Brentford,MID,149,2281,11,4,10,34,12,498,630.8,312.7,892.0,183.3,8.45,1.75,53,3.3,26
2024-25,107,Igor Thiago,Nascimento Rodrigues,Thiago,Brentford,FWD,9,167,0,0,0,4,0,32,18.2,30.6,12.0,5.8,0.13,0.04,59,0.0,1
2024-25,108,Ivan,Toney,Toney,Brentford,FWD,0,0,0,0,0,0,0,0,0.0,0.0,0.0,0.0,0.00,0.00,73,1.1,0
2024-25,109,Hákon,Valdimarsson,Valdimarsson,Brentford,GKP,2,144,0,0,0,2,0,14,21.4,0.1,0.0,2.1,0.00,0.00,39,2.9,1
2024-25,110,Yoane,Wissa,Wissa,Brentford,FWD,185,2921,18,6,9,45,32,739,849.4,400.0,1181.0,242.4,18.58,2.20,69,24.2,34
2024-25,111,Yehor,Yarmoliuk,Yarmoliuk,Brentford,MID,43,1435,0,0,3,25,0,255,259.6,196.1,89.0,54.4,0.62,0.91,43,2.3,15
2024-25,112,Mathias,Jorgensen,Zanka,Brentford,DEF,0,0,0,0,0,0,0,0,0.0,0.0,0.0,0.0,0.00,0.00,45,0.0,0
2024-25,314,Fábio,Freitas Gouveia Carvalho,Carvalho,Brentford,MID,35,443,2,1,0,14,1,127,142.2,71.5,154.0,36.3,2.49,0.54,45,0.4,3
2024-25,338,Sepp,van den Berg,Van den Berg,Brentford,DEF,62,2584,0,1,5,49,1,266,587.4,108.3,226.0,92.3,2.09,0.52,41,1.5,29
2024-25,602,Ryan,Trevitt,Trevitt,Brentford,MID,1,3,0,0,0,0,0,5,2.6,0.1,0.0,0.3,0.00,0.00,44,0.0,0
2024-25,634,Gustavo,Nunes Fernandes Gomes,G.Nunes,Brentford,MID,3,11,0,0,0,2,0,11,10.0,0.3,2.0,1.2,0.00,0.00,49,0.0,0
2024-25,649,Jayden,Meghoma,Meghoma,Brentford,DEF,1,4,0,0,0,0,0,3,0.2,0.3,0.0,0.1,0.00,0.00,40,0.0,0
2024-25,661,Tony,Yogane,Yogane,Brentford,MID,0,0,0,0,0,0,0,0,0.0,0.0,0.0,0.0,0.00,0.00,45,0.0,0
2024-25,674,Paris,Maghoma,Maghoma,Brentford,MID,8,112,0,0,0,1,0,32,27.8,15.8,10.0,5.4,0.12,0.04,45,0.0,0
2024-25,705,Benjamin,Arthur,Arthur,Brentford,DEF,0,0,0,0,0,0,0,0,0.0,0.0,0.0,0.0,0.00,0.00,40,0.0,0
2024-25,752,Thomas,Frank,Frank,Brentford,5,116,0,0,0,0,0,0,0,0.0,0.0,0.0,0.0,0.00,0.00,8,15.1,0
2024-25,757,Michael,Kayode,Kayode,Brentford,DEF,27,523,0,1,2,5,0,115,105.2,105.2,30.0,24.2,0.19,0.70,45,0.1,6
2024-25,759,Julian,Eyestone,Eyestone,Brentford,GKP,0,0,0,0,0,0,0,0,0.0,0.0,0.0,0.0,0.00,0.00,40,0.0,0
2024-25,780,Iwan,Morgan,Morgan,Brentford,FWD,0,0,0,0,0,0,0,0,0.0,0.0,0.0,0.0,0.00,0.00,45,0.0,0
2024-25,786,Benjamin,Fredrick,Benjamin Fredrick,Brentford,DEF,0,0,0,0,0,0,0,0,0.0,0.0,0.0,0.0,0.00,0.00,40,0.0,0
2024-25,113,Simon,Adingra,Adingra,Brighton,MID,60,1081,2,3,2,23,0,207,212.4,261.9,337.0,80.9,2.47,2.73,51,0.3,12
2024-25,114,Benicio,Baker-Boaitey,Baker-Boaitey,Brighton,MID,0,0,0,0,0,0,0,0,0.0,0.0,0.0,0.0,0.00,0.00,45,0.0,0
2024-25,115,Carlos,Baleba,Baleba,Brighton,MID,87,2660,3,1,8,40,7,490,515.4,343.7,193.0,105.2,3.10,1.21,50,0.2,31
2024-25,116,Valentín,Barco,Barco,Brighton,DEF,0,0,0,0,0,0,0,0,0.0,0.0,0.0,0.0,0.00,0.00,40,1.9,0
2024-25,118,Amario,Cozier-Duberry,Cozier-Duberry,Brighton,MID,0,0,0,0,0,0,0,0,0.0,0.0,0.0,0.0,0.00,0.00,45,0.0,0
2024-25,119,Mahmoud,Dahoud,Dahoud,Brighton,MID,0,0,0,0,0,0,0,0,0.0,0.0,0.0,0.0,0.00,0.00,49,0.0,0
2024-25,120,Lewis,Dunk,Dunk,Brighton,DEF,44,2081,0,1,4,42,0,223,425.4,115.7,128.0,66.9,0.81,1.02,42,2.3,23
2024-25,122,Pervis,Estupiñán,Estupiñan,Brighton,DEF,63,2399,1,1,3,44,7,313,504.4,530.1,173.0,120.8,1.09,2.43,49,1.3,26
2024-25,124,Billy,Gilmour,Gilmour,Brighton,MID,3,97,0,0,0,1,0,21,11.4,11.9,2.0,2.5,0.08,0.04,50,0.0,1
2024-25,125,Pascal,Groß,Gross,Brighton,MID,0,0,0,0,0,0,0,0,0.0,0.0,0.0,0.0,0.00,0.00,65,0.0,0
2024-25,126,Jack,Hinshelwood,Hinshelwood,Brighton,MID,89,1839,5,3,6,30,8,404,394.6,268.1,304.0,97.0,2.74,1.50,49,0.1,22
2024-25,127,Ibrahim,Osman,I.Osman,Brighton,MID,0,0,0,0,0,0,0,0,0.0,0.0,0.0,0.0,0.00,0.00,50,0.0,0
2024-25,128,Igor Julio,dos Santos de Paulo,Igor,Brighton,DEF,18,959,0,0,1,17,0,113,189.6,54.7,4.0,24.9,0.05,0.25,43,0.1,10
2024-25,129,João Pedro,Junqueira de Jesus,João Pedro,Brighton,FWD,126,1946,10,6,6,28,26,516,567.0,456.0,644.0,166.0,8.96,3.10,55,8.5,23
2024-25,130,Kacper,Kozłowski,Kozlowski,Brighton,MID,0,0,0,0,0,0,0,0,0.0,0.0,0.0,0.0,0.00,0.00,45,0.0,0
2024-25,131,Tariq,Lamptey,Lamptey,Brighton,DEF,42,856,2,2,2,21,1,99,213.6,101.0,52.0,36.8,0.38,0.80,44,0.2,10
2024-25,132,Solly,March,March,Brighton,MID,7,161,0,0,0,3,0,25,24.0,59.6,18.0,10.1,0.09,0.32,65,0.0,1
2024-25,133,Adrian,Mazilu,Mazilu,Brighton,MID,0,0,0,0,0,0,0,0,0.0,0.0,0.0,0.0,0.00,0.00,45,0.0,0
2024-25,134,James,Milner,Milner,Brighton,MID,6,170,0,0,1,1,0,27,28.6,66.3,12.0,10.7,0.16,0.15,50,0.0,3
2024-25,135,Yankuba,Minteh,Minteh,Brighton,MID,102,1831,6,5,4,33,8,398,523.8,448.9,615.0,159.1,4.13,4.99,48,1.0,20
2024-25,136,Mitoma,Kaoru,Mitoma,Brighton,MID,145,2597,10,5,6,40,12,536,670.6,578.0,856.0,210.7,9.19,4.03,63,6.3,28
2024-25,137,Jakub,Moder,Moder,Brighton,MID,4,9,0,0,0,0,0,17,15.8,36.0,2.0,5.4,0.00,0.53,44,0.4,0
2024-25,138,Mark,O’Mahony,O’Mahony,Brighton,FWD,0,0,0,0,0,0,0,0,0.0,0.0,0.0,0.0,0.00,0.00,45,0.2,0
2024-25,139,Odeluga,Offiah,Offiah,Brighton,DEF,0,0,0,0,0,0,0,0,0.0,0.0,0.0,0.0,0.00,0.00,40,0.1,0
2024-25,140,Cameron,Peupion,Peupion,Brighton,MID,0,0,0,0,0,0,0,0,0.0,0.0,0.0,0.0,0.00,0.00,44,0.0,0
2024-25,141,Jeremy,Sarmiento Morante,Sarmiento,Brighton,MID,1,8,0,0,0,0,0,3,0.2,0.8,0.0,0.1,0.00,0.00,49,0.0,0
2024-25,142,Jason,Steele,Steele,Brighton,GKP,9,180,0,0,1,1,1,46,40.4,0.0,0.0,4.1,0.00,0.00,40,0.7,2
2024-25,143,Deniz,Undav,Undav,Brighton,FWD,0,0,0,0,0,0,0,0,0.0,0.0,0.0,0.0,0.00,0.00,55,0.0,0
2024-25,144,Jan Paul,van Hecke,Van Hecke,Brighton,DEF,87,2960,1,1,7,47,7,406,736.6,261.8,182.0,118.3,1.32,1.41,45,0.7,33
2024-25,145,Joël,Veltman,Veltman,Brighton,DEF,59,1694,0,0,6,24,7,249,273.0,147.2,59.0,48.1,0.47,1.31,43,1.1,19
2024-25,146,Bart,Verbruggen,Verbruggen,Brighton,GKP,103,3240,0,1,7,58,6,366,849.8,10.0,0.0,85.8,0.00,0.01,45,2.5,36
2024-25,147,Adam,Webster,Webster,Brighton,DEF,39,885,0,1,4,11,2,167,198.4,49.7,55.0,30.2,0.25,0.28,43,0.1,11
2024-25,148,Danny,Welbeck,Welbeck,Brighton,FWD,125,2109,10,5,7,37,21,484,550.2,331.3,676.0,155.8,9.58,1.36,55,6.9,24
2024-25,149,Mats,Wieffer,Wieffer,Brighton,MID,52,1003,1,5,2,22,4,243,328.8,230.4,129.0,68.5,0.80,1.00,47,0.1,10
2024-25,595,Brajan,Gruda,Gruda,Brighton,MID,45,676,1,4,1,15,1,176,196.6,311.6,187.0,69.1,1.15,1.93,54,0.1,8
2024-25,600,Yasin,Ayari,Ayari,Brighton,MID,74,1958,2,1,7,28,3,358,363.2,507.5,247.0,111.7,2.51,2.62,50,0.1,22
2024-25,601,Andrew,Moran,Moran,Brighton,MID,0,0,0,0,0,0,0,0,0.0,0.0,0.0,0.0,0.00,0.00,50,0.0,0
2024-25,615,Carl,Rushworth,Rushworth,Brighton,GKP,0,0,0,0,0,0,0,0,0.0,0.0,0.0,0.0,0.00,0.00,39,0.1,0
2024-25,618,Georginio,Rutter,Georginio,Brighton,MID,95,1651,5,6,6,29,1,288,355.4,281.8,404.0,103.0,4.57,1.67,50,0.3,19
2024-25,628,Ferdi,Kadioglu,F.Kadıoğlu,Brighton,DEF,19,385,1,0,2,8,0,59,116.4,83.7,40.0,24.0,0.44,0.31,44,0.1,5
2024-25,629,Matt,O'Riley,O'Riley,Brighton,MID,50,929,2,3,2,20,2,209,211.4,322.5,219.0,75.3,2.76,2.04,55,0.0,11
2024-25,663,Imari,Samuels,Samuels,Brighton,DEF,0,0,0,0,0,0,0,0,0.0,0.0,0.0,0.0,0.00,0.00,40,0.0,0
2024-25,668,Killian,Cahill,Cahill,Brighton,GKP,0,0,0,0,0,0,0,0,0.0,0.0,0.0,0.0,0.00,0.00,39,0.9,0
2024-25,681,Ruairi,McConville,McConville,Brighton,DEF,0,0,0,0,0,0,0,0,0.0,0.0,0.0,0.0,0.00,0.00,40,0.0,0
2024-25,685,Jacob,Slater,Slater,Brighton,DEF,0,0,0,0,0,0,0,0,0.0,0.0,0.0,0.0,0.00,0.00,40,0.0,0
2024-25,714,Diego,Gómez,Gómez,Brighton,MID,30,507,1,1,0,13,2,130,124.2,143.2,69.0,33.6,0.82,1.16,55,0.0,4
2024-25,739,Fabian,Hürzeler,Hürzeler,Brighton,5,119,0,0,0,0,0,0,0,0.0,0.0,0.0,0.0,0.00,0.00,11,2.3,0
2024-25,758,Joe,Knight,Knight,Brighton,MID,0,0,0,0,0,0,0,0,0.0,0.0,0.0,0.0,0.00,0.00,45,0.0,0
2024-25,763,Eiran,Cashin,Cashin,Brighton,DEF,1,19,0,0,0,2,0,-2,7.0,0.6,0.0,0.7,0.00,0.00,45,0.0,0
2024-25,791,Charlie,Tasker,Charlie Tasker,Brighton,DEF,0,0,0,0,0,0,0,0,0.0,0.0,0.0,0.0,0.00,0.00,40,0.0,0
2024-25,794,Freddie,Simmonds,Freddie Simmonds,Brighton,DEF,0,0,0,0,0,0,0,0,0.0,0.0,0.0,0.0,0.00,0.00,40,0.0,0
2024-25,795,Harry,Howell,Harry Howell,Brighton,MID,1,6,0,0,0,0,0,5,2.0,0.9,6.0,0.9,0.00,0.05,45,0.0,0
2024-25,150,Andrey,Nascimento dos Santos,Andrey Santos,Chelsea,MID,0,0,0,0,0,0,0,0,0.0,0.0,0.0,0.0,0.00,0.00,45,0.0,0
2024-25,151,Ângelo Gabriel,Borges Damaceno,Ângelo,Chelsea,MID,0,0,0,0,0,0,0,0,0.0,0.0,0.0,0.0,0.00,0.00,45,0.1,0
2024-25,153,Benoît,Badiashile,B.Badiashile,Chelsea,DEF,7,332,0,0,0,5,0,35,66.0,12.6,0.0,7.9,0.00,0.08,42,0.1,3
2024-25,154,Lucas,Bergström,Bergström,Chelsea,GKP,0,0,0,0,0,0,0,0,0.0,0.0,0.0,0.0,0.00,0.00,39,0.2,0
2024-25,155,Marcus,Bettinelli,Bettinelli,Chelsea,GKP,0,0,0,0,0,0,0,0,0.0,0.0,0.0,0.0,0.00,0.00,39,0.4,0
2024-25,157,Moisés,Caicedo Corozo,Caicedo,Chelsea,MID,98,3351,1,4,12,42,4,650,627.6,568.8,95.0,129.2,0.81,2.82,49,1.0,38
2024-25,158,Cesare,Casadei,Casadei,Chelsea,MID,0,0,0,0,0,0,0,0,0.0,0.0,0.0,0.0,0.00,0.00,44,0.1,0
2024-25,159,Trevoh,Chalobah,Chalobah,Chelsea,DEF,93,1969,3,1,6,25,11,379,496.4,124.2,222.0,84.6,1.98,0.64,44,0.7,23
2024-25,161,Carney,Chukwuemeka,Chukwuemeka,Chelsea,MID,0,0,0,0,0,0,0,0,0.0,0.0,0.0,0.0,0.00,0.00,47,0.0,0
2024-25,162,Levi,Colwill,Colwill,Chelsea,DEF,109,3150,2,1,10,41,6,461,692.0,214.3,185.0,109.4,1.92,1.31,44,2.4,35
2024-25,163,Marc,Cucurella Saseta,Cucurella,Chelsea,DEF,133,2988,5,2,9,38,14,533,668.6,350.6,358.0,137.9,2.79,2.39,54,11.8,33
2024-25,164,David Datro,Fofana,D.D.Fofana,Chelsea,FWD,0,0,0,0,0,0,0,0,0.0,0.0,0.0,0.0,0.00,0.00,54,0.1,0
2024-25,165,Deivid Washington,de Souza Eugênio,Deivid,Chelsea,FWD,0,0,0,0,0,0,0,0,0.0,0.0,0.0,0.0,0.00,0.00,49,0.1,0
2024-25,166,Kiernan,Dewsbury-Hall,Dewsbury-Hall,Chelsea,MID,18,257,0,1,0,3,1,71,57.4,47.4,21.0,12.6,0.22,0.22,55,0.1,2
2024-25,168,Enzo,Fernández,Enzo,Chelsea,MID,135,2943,6,8,10,37,11,691,761.6,1131.6,517.0,241.3,6.23,6.11,47,4.1,32
2024-25,169,Conor,Gallagher,Gallagher,Chelsea,MID,0,0,0,0,0,0,0,0,0.0,0.0,0.0,0.0,0.00,0.00,59,0.1,0
2024-25,170,Alfie,Gilchrist,Gilchrist,Chelsea,DEF,0,0,0,0,0,0,0,0,0.0,0.0,0.0,0.0,0.00,0.00,40,0.0,0
2024-25,171,Malo,Gusto,Gusto,Chelsea,DEF,60,1853,0,1,4,26,2,285,336.8,394.6,147.0,87.9,1.44,1.91,49,1.4,19
2024-25,172,Reece,James,James,Chelsea,DEF,54,1057,1,2,3,14,5,223,207.6,202.1,56.0,46.7,0.45,1.15,48,1.1,12
2024-25,173,Omari,Kellyman,Kellyman,Chelsea,MID,0,0,0,0,0,0,0,0,0.0,0.0,0.0,0.0,0.00,0.00,43,0.1,0
2024-25,174,Roméo,Lavia,Lavia,Chelsea,MID,26,792,0,1,3,11,0,125,113.2,121.7,7.0,24.4,0.25,0.38,45,0.4,11
2024-25,175,Romelu,Lukaku Bolingoli,Lukaku,Chelsea,FWD,0,0,0,0,0,0,0,0,0.0,0.0,0.0,0.0,0.00,0.00,63,0.2,0
2024-25,176,Malang,Sarr,M.Sarr,Chelsea,DEF,0,0,0,0,0,0,0,0,0.0,0.0,0.0,0.0,0.00,0.00,45,0.0,0
2024-25,177,Noni,Madueke,Madueke,Chelsea,MID,120,2028,7,5,6,28,12,425,479.2,475.1,998.0,195.3,9.62,2.86,60,3.2,27
2024-25,178,Marc,Guiu Paz,Marc Guiu,Chelsea,FWD,3,71,0,0,0,2,0,11,4.4,11.8,6.0,2.2,0.00,0.02,47,0.5,0
2024-25,179,Mykhailo,Mudryk,Mudryk,Chelsea,MID,7,145,0,0,0,2,0,26,23.2,31.5,31.0,8.5,0.24,0.66,61,0.2,1
2024-25,180,Nicolas,Jackson,N.Jackson,Chelsea,FWD,121,2220,10,6,11,24,17,417,546.4,368.3,976.0,187.4,11.68,1.90,77,6.2,28
2024-25,181,Christopher,Nkunku,Nkunku,Chelsea,MID,60,904,3,2,2,16,5,190,230.2,204.9,339.0,77.1,5.11,1.01,57,2.0,9
2024-25,182,Cole,Palmer,Palmer,Chelsea,MID,214,3193,15,10,10,41,35,952,1068.2,1259.2,1052.0,338.0,16.79,9.53,105,34.3,36
2024-25,183,Đorđe,Petrović,Petrović,Chelsea,GKP,0,0,0,0,0,0,0,0,0.0,0.0,0.0,0.0,0.00,0.00,44,0.1,0
2024-25,184,Renato,Palma Veiga,Renato Veiga,Chelsea,MID,7,176,0,0,1,2,0,22,30.4,9.2,19.0,5.9,0.16,0.15,44,0.1,1
2024-25,185,Robert,Sánchez,Sánchez,Chelsea,GKP,126,2880,0,0,10,34,11,470,755.6,20.0,0.0,77.5,0.00,0.02,45,6.2,32
2024-25,187,Tosin,Adarabioyo,Tosin,Chelsea,DEF,71,1403,1,1,7,14,7,305,352.2,48.2,92.0,49.6,0.93,0.23,42,0.3,15
2024-25,189,Wesley,Fofana,W.Fofana,Chelsea,DEF,26,1172,0,0,2,13,2,162,200.2,85.0,33.0,31.9,0.44,0.18,43,0.2,14
2024-25,386,Jadon,Sancho,Sancho,Chelsea,MID,86,1754,3,5,7,24,3,367,340.0,523.2,414.0,127.5,2.13,3.10,62,0.9,19
2024-25,560,Pedro,Lomba Neto,Neto,Chelsea,MID,104,2262,4,6,8,25,9,434,492.0,762.7,545.0,180.0,3.48,4.47,61,1.4,24
2024-25,575,Caleb,Wiley,Wiley,Chelsea,DEF,0,0,0,0,0,0,0,0,0.0,0.0,0.0,0.0,0.00,0.00,40,0.0,0
2024-25,581,Filip,Jørgensen,Jørgensen,Chelsea,GKP,18,540,0,0,1,9,0,59,157.6,0.0,0.0,15.9,0.00,0.00,42,0.4,6
2024-25,621,João,Félix Sequeira,João Félix,Chelsea,MID,24,362,1,2,1,4,0,90,88.0,95.4,141.0,32.3,2.30,0.45,59,0.4,3
2024-25,695,Samuel,Rak-Sakyi,Rak-Sakyi,Chelsea,MID,0,0,0,0,0,0,0,0,0.0,0.0,0.0,0.0,0.00,0.00,45,0.0,0
2024-25,696,Tyrique,George,George,Chelsea,MID,17,177,1,1,1,0,0,55,67.4,72.7,32.0,17.1,0.20,0.26,45,0.0,1
2024-25,697,Josh,Acheampong,Acheampong,Chelsea,DEF,4,168,0,0,0,3,0,8,13.6,2.5,13.0,2.9,0.22,0.01,40,0.1,2
2024-25,740,Enzo,Maresca,Maresca,Chelsea,5,94,0,0,0,0,0,0,0,0.0,0.0,0.0,0.0,0.00,0.00,15,1.7,0
2024-25,771,Mathis,Amougou,Amougou,Chelsea,MID,1,7,0,0,0,0,0,2,1.0,0.9,0.0,0.2,0.00,0.00,45,0.0,0
2024-25,774,Aaron,Anselmino,Anselmino,Chelsea,DEF,0,0,0,0,0,0,0,0,0.0,0.0,0.0,0.0,0.00,0.00,40,0.0,0
2024-25,781,Shumaira,Mheuka,Mheuka,Chelsea,FWD,1,1,0,0,0,0,0,5,3.0,0.0,17.0,2.0,0.06,0.00,45,0.0,0
2024-25,782,Ishé,Samuels-Smith,Samuels-Smith,Chelsea,DEF,0,0,0,0,0,0,0,0,0.0,0.0,0.0,0.0,0.00,0.00,40,0.0,0
2024-25,787,Genesis,Antwi,Genesis Antwi,Chelsea,DEF,0,0,0,0,0,0,0,0,0.0,0.0,0.0,0.0,0.00,0.00,40,0.0,0
2024-25,11,Eddie,Nketiah,Nketiah,Crystal Palace,FWD,53,1018,3,2,2,17,4,186,192.2,163.7,475.0,82.5,5.94,0.83,59,0.7,9
2024-25,160,Ben,Chilwell,Chilwell,Crystal Palace,DEF,13,254,1,0,0,4,0,54,99.6,69.2,37.0,20.7,0.25,0.88,46,0.5,1
2024-25,190,Naouirou,Ahamada,Ahamada,Crystal Palace,MID,0,0,0,0,0,0,0,0,0.0,0.0,0.0,0.0,0.00,0.00,45,0.1,0
2024-25,193,Cheick,Doucouré,C.Doucouré,Crystal Palace,MID,19,443,0,1,1,6,0,71,58.6,25.7,23.0,10.8,0.40,0.11,48,0.0,4
2024-25,194,Chris,Richards,C.Richards,Crystal Palace,DEF,68,1921,1,1,7,31,2,249,470.8,45.0,181.0,69.6,1.33,0.60,44,0.2,22
2024-25,195,Chadi,Riad Dnanou,Chadi Riad,Crystal Palace,DEF,1,90,0,0,0,2,0,3,18.2,1.3,0.0,2.0,0.00,0.02,43,0.0,1
2024-25,196,Nathaniel,Clyne,Clyne,Crystal Palace,DEF,18,477,0,0,1,11,0,48,66.6,51.8,8.0,12.4,0.02,0.24,43,0.1,5
2024-25,197,Malcolm,Ebiowei,Ebiowei,Crystal Palace,MID,0,0,0,0,0,0,0,0,0.0,0.0,0.0,0.0,0.00,0.00,45,0.0,0
2024-25,199,Eberechi,Eze,Eze,Crystal Palace,MID,148,2588,8,8,10,34,15,605,685.0,849.2,691.0,222.4,10.39,4.67,70,14.6,31
2024-25,200,Marc,Guéhi,Guéhi,Crystal Palace,DEF,116,3059,3,2,11,42,11,492,827.0,237.6,247.0,131.0,1.87,2.01,47,5.7,34
2024-25,201,Dean,Henderson,Henderson,Crystal Palace,GKP,135,3420,0,0,11,51,8,466,853.6,30.0,4.0,88.6,0.01,0.02,46,11.7,38
2024-25,202,Rob,Holding,Holding,Crystal Palace,DEF,0,0,0,0,0,0,0,0,0.0,0.0,0.0,0.0,0.00,0.00,42,0.1,0
2024-25,203,Will,Hughes,Hughes,Crystal Palace,MID,67,2100,0,4,10,31,3,278,335.2,462.6,90.0,87.5,1.09,2.64,49,0.0,24
2024-25,205,Daichi,Kamada,Kamada,Crystal Palace,MID,45,1545,0,0,3,27,0,246,219.2,314.1,145.0,68.2,1.12,1.55,51,0.1,15
2024-25,206,Jefferson,Lerma Solís,Lerma,Crystal Palace,MID,58,2270,0,1,6,36,2,326,401.4,190.2,197.0,78.7,1.07,1.75,48,0.1,26
2024-25,207,Jean-Philippe,Mateta,Mateta,Crystal Palace,FWD,150,2642,14,2,9,37,27,576,671.6,405.4,800.0,187.3,13.77,2.28,75,8.3,33
2024-25,208,Matheus,França de Oliveira,M.França,Crystal Palace,MID,9,52,1,0,0,0,0,34,48.4,1.2,66.0,11.5,0.28,0.18,44,0.2,0
2024-25,209,Remi,Matthews,Matthews,Crystal Palace,GKP,0,0,0,0,0,0,0,0,0.0,0.0,0.0,0.0,0.00,0.00,39,0.4,0
2024-25,210,Tyrick,Mitchell,Mitchell,Crystal Palace,DEF,123,3090,0,6,12,46,4,455,630.8,559.1,170.0,136.2,1.31,3.67,48,2.1,37
2024-25,211,Daniel,Muñoz,Muñoz,Crystal Palace,DEF,142,3229,4,6,11,46,9,480,816.6,634.2,524.0,197.6,4.92,3.46,52,19.3,37
2024-25,212,David,Ozoh,Ozoh,Crystal Palace,MID,0,0,0,0,0,0,0,0,0.0,0.0,0.0,0.0,0.00,0.00,45,0.0,0
2024-25,213,Jesurun,Rak-Sakyi,Rak-Sakyi,Crystal Palace,MID,0,0,0,0,0,0,0,0,0.0,0.0,0.0,0.0,0.00,0.00,45,0.0,0
2024-25,214,Jeffrey,Schlupp,Schlupp,Crystal Palace,MID,12,95,0,0,0,3,0,43,22.8,42.9,46.0,11.0,0.17,0.14,46,0.0,0
2024-25,215,Joel,Ward,Ward,Crystal Palace,DEF,1,71,0,0,0,2,0,-3,5.8,10.3,0.0,1.6,0.00,0.01,43,0.1,1
2024-25,216,Adam,Wharton,Wharton,Crystal Palace,MID,42,1314,0,2,4,21,0,244,261.2,381.4,69.0,71.2,0.38,2.17,47,0.1,16
2024-25,445,Matt,Turner,Turner,Crystal Palace,GKP,0,0,0,0,0,0,0,0,0.0,0.0,0.0,0.0,0.00,0.00,39,7.2,0
2024-25,585,Ismaïla,Sarr,I.Sarr,Crystal Palace,MID,149,2708,8,7,10,39,14,542,675.0,618.0,866.0,215.9,10.82,6.82,55,5.3,30
2024-25,644,Franco,Umeh-Chibueze,Umeh-Chibueze,Crystal Palace,MID,0,0,0,0,0,0,0,0,0.0,0.0,0.0,0.0,0.00,0.00,44,0.0,0
2024-25,645,Justin,Devenny,Devenny,Crystal Palace,MID,34,494,1,1,0,8,1,129,138.8,101.8,90.0,33.2,0.77,0.41,45,0.1,4
2024-25,646,Asher,Agbinone,Agbinone,Crystal Palace,MID,2,4,0,0,0,0,0,4,4.0,10.6,1.0,1.5,0.02,0.01,45,0.0,0
2024-25,647,Kaden,Rodney,Rodney,Crystal Palace,MID,0,0,0,0,0,0,0,0,0.0,0.0,0.0,0.0,0.00,0.00,45,0.0,0
2024-25,650,Maxence,Lacroix,Lacroix,Crystal Palace,DEF,114,3116,1,2,11,45,9,463,723.8,113.7,277.0,111.4,3.50,1.01,45,0.9,35
2024-25,666,Caleb,Kporha,Kporha,Crystal Palace,DEF,2,11,0,0,0,1,0,1,8.0,4.6,0.0,1.3,0.00,0.02,40,0.0,0
2024-25,676,Zach,Marsh,Marsh,Crystal Palace,FWD,0,0,0,0,0,0,0,0,0.0,0.0,0.0,0.0,0.00,0.00,45,0.2,0
2024-25,730,Romain,Esse,Esse,Crystal Palace,MID,22,138,1,2,0,3,3,72,74.8,38.4,51.0,16.4,0.32,0.39,47,0.1,1
2024-25,741,Oliver,Glasner,Glasner,Crystal Palace,5,128,0,0,0,0,0,0,0,0.0,0.0,0.0,0.0,0.00,0.00,8,1.9,0
2024-25,156,Armando,Broja,Broja,Everton,FWD,12,327,0,0,2,2,0,23,20.2,53.8,43.0,10.9,0.11,0.11,53,0.1,4
2024-25,217,Abdoulaye,Doucouré,A.Doucoure,Everton,MID,94,2563,3,2,11,33,5,333,352.6,379.4,348.0,107.6,4.15,1.41,51,0.5,31
2024-25,218,Norberto Bercique,Gomes Betuncal,Beto,Everton,FWD,87,1521,8,0,4,24,11,295,373.2,163.9,666.0,119.5,7.89,0.44,48,3.9,15
2024-25,219,Jarrad,Branthwaite,Branthwaite,Everton,DEF,88,2509,0,1,9,28,3,420,624.6,57.7,130.0,81.3,1.20,0.61,49,1.9,28
2024-25,220,Dominic,Calvert-Lewin,Calvert-Lewin,Everton,FWD,63,1602,3,2,8,18,3,157,200.2,126.1,573.0,89.2,6.53,0.63,54,1.0,19
2024-25,221,Séamus,Coleman,Coleman,Everton,DEF,5,214,0,0,0,4,0,17,42.4,3.8,23.0,7.1,0.62,0.03,43,0.0,3
2024-25,222,Idrissa,Gueye,Gana,Everton,MID,89,3063,0,3,12,39,5,505,522.0,327.2,117.0,96.6,1.15,1.99,48,0.2,35
2024-25,223,James,Garner,Garner,Everton,MID,42,1590,0,1,5,19,0,244,264.8,248.2,93.0,60.4,0.67,1.37,49,0.0,17
2024-25,224,Jack,Harrison,Harrison,Everton,MID,81,2068,1,3,7,27,4,291,277.0,527.7,288.0,108.6,3.54,3.12,52,0.2,24
2024-25,225,Mason,Holgate,Holgate,Everton,DEF,1,5,0,0,0,1,0,-1,0.0,0.0,0.0,0.0,0.00,0.00,40,0.1,0
2024-25,226,Tim,Iroegbunam,Iroegbunam,Everton,MID,22,562,0,1,0,16,0,82,122.2,40.9,32.0,19.6,0.23,0.14,43,0.6,5
2024-25,227,João,Neves Virgínia,J.Virginia,Everton,GKP,0,0,0,0,0,0,0,0,0.0,0.0,0.0,0.0,0.00,0.00,38,1.0,0
2024-25,228,Michael,Keane,Keane,Everton,DEF,48,1046,3,0,3,20,4,139,306.6,23.2,123.0,45.4,0.61,0.02,38,4.3,11
2024-25,229,Neal,Maupay,Maupay,Everton,FWD,0,0,0,0,0,0,0,0,0.0,0.0,0.0,0.0,0.00,0.00,49,0.2,0
2024-25,230,Dwight,McNeil,McNeil,Everton,MID,93,1366,4,8,5,24,9,401,392.0,631.8,207.0,123.3,1.05,4.49,51,1.4,15
2024-25,231,Vitalii,Mykolenko,Mykolenko,Everton,DEF,121,3082,1,3,11,39,9,467,621.4,428.5,100.0,115.2,0.48,2.12,44,6.7,35
2024-25,232,Iliman,Ndiaye,Ndiaye,Everton,FWD,114,2426,9,0,15,24,21,552,598.0,326.4,493.0,142.0,6.23,1.36,52,1.1,29
2024-25,234,Nathan,Patterson,Patterson,Everton,DEF,14,342,0,1,0,6,0,47,71.6,70.3,12.0,15.5,0.07,0.38,44,0.0,3
2024-25,235,Jordan,Pickford,Pickford,Everton,GKP,158,3420,0,1,12,44,15,593,1052.0,20.3,0.0,107.0,0.00,0.22,52,15.9,38
2024-25,236,James,Tarkowski,Tarkowski,Everton,DEF,105,2922,1,1,10,38,8,468,859.0,188.8,217.0,126.9,1.32,2.33,47,1.6,33
2024-25,237,Youssef,Ramalho Chermiti,Y. Chermiti,Everton,FWD,3,42,0,0,0,0,0,9,2.4,0.6,27.0,3.0,0.11,0.00,49,0.0,0
2024-25,238,Ashley,Young,Young,Everton,DEF,98,1864,1,4,9,23,9,354,431.2,388.2,46.0,86.8,0.27,2.87,42,1.4,19
2024-25,450,Carlos,Alcaraz Durán,Alcaraz,Everton,MID,44,766,2,3,1,9,5,191,219.4,205.7,227.0,65.4,1.78,0.68,47,0.1,7
2024-25,577,Jesper,Lindstrøm,Lindstrøm,Everton,MID,44,1229,0,1,6,14,0,167,214.2,309.6,237.0,76.0,2.15,1.96,50,0.1,15
2024-25,582,Jake,O'Brien,O'Brien,Everton,DEF,65,1568,2,0,5,17,5,233,341.4,108.9,109.0,56.0,0.77,0.31,45,0.9,17
2024-25,603,Harrison,Armstrong,Armstrong,Everton,MID,2,47,0,0,0,1,0,1,1.8,10.9,9.0,2.2,0.37,0.00,44,0.1,0
2024-25,614,Jenson,Metcalfe,Metcalfe,Everton,MID,0,0,0,0,0,0,0,0,0.0,0.0,0.0,0.0,0.00,0.00,45,0.0,0
2024-25,624,Asmir,Begovic,Begovic,Everton,GKP,0,0,0,0,0,0,0,0,0.0,0.0,0.0,0.0,0.00,0.00,40,0.2,0
2024-25,627,Roman,Dixon,Dixon,Everton,DEF,0,90,0,0,0,4,0,0,15.4,0.3,0.0,1.6,0.00,0.00,39,0.1,1
2024-25,651,Orel,Mangala,Mangala,Everton,MID,39,1257,1,0,5,10,0,175,172.8,133.5,106.0,41.4,1.13,0.59,50,0.0,14
2024-25,678,Callum,Bates,Bates,Everton,MID,0,0,0,0,0,0,0,0,0.0,0.0,0.0,0.0,0.00,0.00,45,0.0,0
2024-25,724,Martin,Sherif,Sherif,Everton,FWD,0,0,0,0,0,0,0,0,0.0,0.0,0.0,0.0,0.00,0.00,45,0.1,0
2024-25,742,David,Moyes,Moyes,Everton,5,137,0,0,0,0,0,0,0,0.0,0.0,0.0,0.0,0.00,0.00,5,5.3,0
2024-25,773,Isaac,Heath,Heath,Everton,MID,0,0,0,0,0,0,0,0,0.0,0.0,0.0,0.0,0.00,0.00,45,0.0,0
2024-25,775,Coby,Ebere,Coby Ebere,Everton,MID,0,0,0,0,0,0,0,0,0.0,0.0,0.0,0.0,0.00,0.00,45,0.0,0
2024-25,803,Reece,Welch,Welch,Everton,DEF,0,0,0,0,0,0,0,0,0.0,0.0,0.0,0.0,0.00,0.00,40,0.0,0
2024-25,10,Reiss,Nelson,Nelson,Fulham,MID,27,483,1,1,1,9,2,143,131.6,223.9,195.0,55.1,1.07,0.96,50,0.0,5
2024-25,19,Emile,Smith Rowe,Smith Rowe,Fulham,MID,114,2036,6,3,7,28,15,449,433.8,422.3,386.0,124.4,4.45,2.04,50,7.3,25
2024-25,191,Joachim,Andersen,Andersen,Fulham,DEF,51,2673,0,0,4,47,3,306,687.6,99.0,162.0,95.0,1.04,0.57,42,3.4,30
2024-25,239,Adama,Traoré,Adama,Fulham,MID,95,1756,2,8,3,28,8,384,385.4,632.1,426.0,144.6,4.11,4.61,45,1.4,18
2024-25,240,Andreas,Hoelgebaum Pereira,Andreas,Fulham,MID,81,2004,2,6,5,32,2,355,326.6,868.3,300.0,149.0,4.24,4.63,49,0.8,25
2024-25,241,Calvin,Bassey,Bassey,Fulham,DEF,75,3074,1,0,5,47,0,390,587.2,96.7,157.0,84.1,1.02,0.42,45,0.6,34
2024-25,242,Steven,Benda,Benda,Fulham,GKP,0,0,0,0,0,0,0,0,0.0,0.0,0.0,0.0,0.00,0.00,39,0.3,0
2024-25,243,Tom,Cairney,Cairney,Fulham,MID,33,610,2,0,1,12,0,192,163.8,213.8,94.0,47.2,0.73,1.14,48,0.0,3
2024-25,244,Timothy,Castagne,Castagne,Fulham,DEF,46,1642,0,1,3,28,0,205,360.4,163.6,123.0,64.9,0.38,0.56,42,0.8,17
2024-25,245,Issa,Diop,Diop,Fulham,DEF,31,1334,0,0,1,19,0,146,257.6,44.7,83.0,38.3,0.51,0.07,43,0.2,15
2024-25,246,Luke,Harris,Harris,Fulham,MID,0,0,0,0,0,0,0,0,0.0,0.0,0.0,0.0,0.00,0.00,45,0.0,0
2024-25,247,Alex,Iwobi,Iwobi,Fulham,MID,156,2981,9,6,6,45,16,704,806.8,922.4,699.0,243.0,4.33,6.90,54,4.9,35
2024-25,248,Bernd,Leno,Leno,Fulham,GKP,115,3420,0,2,5,54,5,475,967.0,20.0,0.0,98.6,0.00,0.03,50,2.9,38
2024-25,249,Saša,Lukić,Lukić,Fulham,MID,56,2348,0,2,4,37,1,354,335.6,455.1,119.0,91.0,1.16,1.40,48,0.0,28
2024-25,250,Kevin,Mbabu,Mbabu,Fulham,DEF,0,0,0,0,0,0,0,0,0.0,0.0,0.0,0.0,0.00,0.00,40,0.1,0
2024-25,251,Rodrigo,Muniz Carvalho,Muniz,Fulham,FWD,86,943,8,1,2,17,14,349,352.4,95.3,508.0,95.4,5.91,0.20,55,1.4,8
2024-25,252,Raúl,Jiménez,Raúl,Fulham,FWD,147,2486,12,3,7,37,26,539,612.8,372.2,1018.0,199.7,11.97,2.07,53,5.0,30
2024-25,253,Tim,Ream,Ream,Fulham,DEF,0,0,0,0,0,0,0,0,0.0,0.0,0.0,0.0,0.00,0.00,45,0.0,0
2024-25,254,Harrison,Reed,Reed,Fulham,MID,10,100,0,0,0,3,0,36,18.6,20.6,33.0,7.1,0.23,0.09,47,0.0,0
2024-25,255,Antonee,Robinson,Robinson,Fulham,DEF,106,3166,0,10,5,49,8,507,922.2,723.4,206.0,185.5,0.70,4.17,47,15.2,35
2024-25,256,Jay,Stansfield,Stansfield,Fulham,FWD,1,1,0,0,0,0,0,2,0.0,0.0,0.0,0.0,0.00,0.00,50,0.0,0
2024-25,257,Kenny,Tete,Tete,Fulham,DEF,49,1773,0,2,3,26,0,207,381.2,192.2,158.0,73.1,1.37,0.65,44,0.2,21
2024-25,258,Carlos Vinícius,Alves Morais,Vinicius,Fulham,FWD,3,13,0,0,0,1,0,14,4.0,0.0,19.0,2.3,0.06,0.00,50,0.3,0
2024-25,259,Harry,Wilson,Wilson,Fulham,MID,78,1148,6,2,2,21,6,329,334.6,310.2,440.0,107.8,4.19,1.17,52,0.2,12
2024-25,579,Ryan,Sessegnon,Sessegnon,Fulham,DEF,57,574,4,2,1,10,5,137,284.0,158.8,227.0,67.1,1.64,1.12,42,2.6,7
2024-25,586,Jorge,Cuenca Barreno,J.Cuenca,Fulham,DEF,9,349,0,0,0,8,0,38,81.2,2.3,4.0,8.6,0.02,0.01,44,0.0,4
2024-25,604,Josh,King,King,Fulham,MID,10,126,0,0,1,0,0,30,26.2,45.7,38.0,11.2,0.28,0.67,44,0.1,1
2024-25,605,Martial,Godo,Godo,Fulham,MID,2,21,0,0,0,0,0,4,3.4,12.0,14.0,3.0,0.00,0.07,44,0.0,0
2024-25,622,Sander,Berge,Berge,Fulham,MID,53,2221,0,0,4,35,2,334,314.4,285.7,51.0,65.1,0.45,0.63,50,0.0,26
2024-25,690,Samuel,Amissah,Amissah,Fulham,DEF,0,0,0,0,0,0,0,0,0.0,0.0,0.0,0.0,0.00,0.00,40,0.0,0
2024-25,753,Marco Alexandre,Saraiva da Silva,Silva,Fulham,5,94,0,0,0,0,0,0,0,0.0,0.0,0.0,0.0,0.00,0.00,11,0.3,0
2024-25,772,Willian,Borges da Silva,Willian,Fulham,MID,13,251,0,0,1,3,0,54,36.2,133.3,25.0,19.5,0.28,0.72,50,0.0,2
2024-25,121,Julio,Enciso,Enciso,Ipswich,MID,59,1155,2,3,2,22,5,224,250.8,268.9,362.0,87.7,2.82,1.32,54,0.2,14
2024-25,260,Ali,Al-Hamadi,Al-Hamadi,Ipswich,FWD,8,125,0,0,0,5,0,15,5.6,25.7,32.0,6.0,0.35,0.04,47,0.2,0
2024-25,261,Elkan,Baggott,Baggott,Ipswich,DEF,0,0,0,0,0,0,0,0,0.0,0.0,0.0,0.0,0.00,0.00,40,0.0,0
2024-25,262,Nathan,Broadhead,Broadhead,Ipswich,MID,37,690,2,0,2,12,1,137,148.2,111.0,155.0,41.4,1.74,1.05,49,0.0,7
2024-25,263,Cameron,Burgess,Burgess,Ipswich,DEF,26,1540,0,2,0,37,0,122,422.0,87.2,103.0,61.4,1.08,0.34,38,1.8,16
2024-25,264,Wes,Burns,Burns,Ipswich,MID,30,922,0,1,1,23,0,144,111.6,148.5,66.0,31.8,0.50,1.17,47,0.0,12
2024-25,265,Conor,Chaplin,Chaplin,Ipswich,MID,41,845,1,2,1,19,0,139,106.6,152.1,108.0,36.1,1.52,0.61,51,0.1,10
2024-25,266,Harry,Clarke,H.Clarke,Ipswich,DEF,1,377,0,0,0,10,0,-5,48.2,24.4,35.0,10.5,0.08,0.10,40,0.0,4
2024-25,267,Leif,Davis,Davis,Ipswich,DEF,52,2742,1,2,2,71,5,174,486.8,865.4,145.0,149.6,0.98,4.74,42,0.9,32
2024-25,268,Liam,Delap,Delap,Ipswich,FWD,132,2587,12,2,3,58,22,472,513.0,290.5,783.0,157.5,9.44,1.38,56,3.3,32
2024-25,269,George,Edmundson,Edmundson,Ipswich,DEF,1,1,0,0,0,0,0,3,0.0,0.0,0.0,0.0,0.00,0.00,40,0.1,0
2024-25,270,Jacob,Greaves,Greaves,Ipswich,DEF,37,2205,1,0,2,53,0,171,592.8,77.2,157.0,82.7,1.31,0.21,38,2.3,25
2024-25,271,Marcus,Myers-Harness,Harness,Ipswich,MID,2,43,0,0,0,2,0,4,9.4,1.9,6.0,1.7,0.00,0.05,49,0.0,0
2024-25,272,George,Hirst,Hirst,Ipswich,FWD,46,645,3,1,0,16,3,157,146.4,64.5,207.0,41.2,2.14,0.24,54,0.1,5
2024-25,273,Cameron,Humphreys,Humphreys,Ipswich,MID,0,0,0,0,0,0,0,0,0.0,0.0,0.0,0.0,0.00,0.00,45,0.0,0
2024-25,274,Omari,Giraud-Hutchinson,Hutchinson,Ipswich,MID,88,2585,3,3,3,61,6,352,383.2,487.5,443.0,131.5,2.93,2.46,52,0.3,30
2024-25,275,Ben,Johnson,Johnson,Ipswich,DEF,30,1346,1,2,0,39,2,23,276.6,177.2,92.0,54.6,1.06,0.83,38,1.9,14
2024-25,276,Freddie,Ladapo,Ladapo,Ipswich,FWD,0,0,0,0,0,0,0,0,0.0,0.0,0.0,0.0,0.00,0.00,45,0.4,0
2024-25,277,Massimo,Luongo,Luongo,Ipswich,MID,13,195,0,0,0,6,0,47,34.4,6.6,4.0,4.6,0.00,0.01,43,0.2,2
2024-25,278,Sam,Morsy,Morsy,Ipswich,MID,67,2749,1,1,2,67,5,421,417.0,374.0,47.0,83.7,0.45,1.51,48,0.1,31
2024-25,279,Corrie,Ndaba,Ndaba,Ipswich,DEF,0,0,0,0,0,0,0,0,0.0,0.0,0.0,0.0,0.00,0.00,40,0.0,0
2024-25,280,Cieran,Slicker,Slicker,Ipswich,GKP,0,0,0,0,0,0,0,0,0.0,0.0,0.0,0.0,0.00,0.00,39,0.6,0
2024-25,281,Jack,Taylor,Taylor,Ipswich,MID,38,837,1,0,0,21,1,144,142.0,100.5,84.0,32.4,0.75,0.77,48,0.0,4
2024-25,282,Axel,Tuanzebe,Tuanzebe,Ipswich,DEF,27,1710,0,1,1,38,0,80,284.4,93.4,25.0,40.1,0.21,0.26,39,1.2,20
2024-25,283,Christian,Walton,Walton,Ipswich,GKP,16,630,0,0,1,19,2,42,163.2,10.0,0.0,17.3,0.00,0.00,43,0.2,7
2024-25,284,Luke,Woolfenden,Woolfenden,Ipswich,DEF,18,1187,0,0,1,28,0,93,258.4,6.7,8.0,27.5,0.03,0.02,39,1.2,12
2024-25,359,Kalvin,Phillips,Phillips,Ipswich,MID,27,1231,0,0,1,30,0,167,181.8,116.2,41.0,33.8,0.45,0.46,48,0.1,14
2024-25,568,Arijanet,Muric,Muric,Ipswich,GKP,49,1620,0,0,1,33,5,186,531.2,0.0,0.0,53.1,0.00,0.01,44,0.4,18
2024-25,569,Jaden,Philogene,Jaden,Ipswich,MID,37,796,2,0,2,22,3,116,159.0,98.2,190.0,43.9,2.43,0.34,53,0.1,7
2024-25,583,Conor,Townsend,Townsend,Ipswich,DEF,11,334,0,1,0,6,0,43,110.2,56.0,13.0,18.0,0.03,0.24,39,0.5,3
2024-25,611,Sam,Szmodics,Szmodics,Ipswich,MID,54,988,4,0,2,18,2,167,216.0,93.0,263.0,56.7,3.44,0.45,57,0.1,13
2024-25,619,Jens,Cajuste,Cajuste,Ipswich,MID,63,1960,1,1,1,46,2,309,284.0,209.2,59.0,54.9,0.68,0.73,45,0.1,25
2024-25,630,Dara,O'Shea,O'Shea,Ipswich,DEF,49,3122,0,2,2,75,1,231,862.8,59.9,195.0,111.6,1.29,0.67,38,1.2,35
2024-25,631,Jack,Clarke,J.Clarke,Ipswich,MID,53,1161,0,4,1,31,0,221,230.8,341.7,151.0,72.2,1.17,1.11,54,0.0,12
2024-25,632,Chiedozie,Ogbene,Ogbene,Ipswich,MID,7,237,0,0,0,3,0,29,22.8,30.2,12.0,6.4,0.00,0.05,48,0.0,3
2024-25,715,Ben,Godfrey,Godfrey,Ipswich,DEF,-1,158,0,0,0,10,0,-27,15.0,2.3,2.0,1.9,0.00,0.02,40,0.0,2
2024-25,743,Kieran,McKenna,McKenna,Ipswich,5,51,0,0,0,0,0,0,0,0.0,0.0,0.0,0.0,0.00,0.00,5,0.4,0
2024-25,764,Alex,Palmer,Palmer,Ipswich,GKP,22,1170,0,0,0,30,0,94,356.8,10.0,0.0,36.6,0.00,0.00,45,0.1,13
2024-25,799,Somto,Boniface,Boniface,Ipswich,DEF,0,0,0,0,0,0,0,0,0.0,0.0,0.0,0.0,0.00,0.00,40,0.0,0
2024-25,800,Tom,Taylor,Tom Taylor,Ipswich,MID,0,0,0,0,0,0,0,0,0.0,0.0,0.0,0.0,0.00,0.00,45,0.0,0
2024-25,117,Facundo,Buonanotte,Buonanotte,Leicester,MID,75,1508,5,2,2,33,6,299,415.8,415.8,318.0,114.7,4.01,2.29,45,0.4,14
2024-25,192,Jordan,Ayew,J.Ayew,Leicester,MID,75,1649,5,0,4,42,3,279,304.4,316.9,311.0,93.4,3.72,1.50,51,0.2,19
2024-25,198,Odsonne,Edouard,Edouard,Leicester,FWD,7,141,0,0,0,3,0,14,5.0,25.0,50.0,8.0,0.39,0.07,51,0.2,1
2024-25,285,Boubakary,Soumaré,B.Soumaré,Leicester,MID,48,2165,0,0,1,52,0,327,294.2,261.8,47.0,60.4,0.29,0.94,44,0.3,25
2024-25,286,Tom,Cannon,Cannon,Leicester,FWD,0,0,0,0,0,0,0,0,0.0,0.0,0.0,0.0,0.00,0.00,45,0.3,0
2024-25,287,Hamza,Choudhury,Choudhury,Leicester,MID,4,129,0,0,0,5,0,29,33.8,30.4,6.0,7.0,0.00,0.19,44,1.0,1
2024-25,288,Conor,Coady,Coady,Leicester,DEF,39,1712,1,0,2,42,3,144,378.8,33.0,62.0,47.5,0.52,0.48,40,0.5,19
2024-25,289,Patson,Daka,Daka,Leicester,FWD,34,717,1,0,1,16,2,108,86.0,41.7,148.0,27.0,1.25,0.06,48,0.5,6
2024-25,290,Bobby,De Cordova-Reid,De Cordova-Reid,Leicester,MID,48,734,1,4,1,17,2,145,102.2,84.4,72.0,26.0,0.79,0.14,52,0.1,9
2024-25,291,Wout,Faes,Faes,Leicester,DEF,55,2812,1,0,3,63,2,241,678.0,68.5,121.0,86.9,1.52,0.40,38,5.2,30
2024-25,292,Michael,Golding,Golding,Leicester,MID,1,1,0,0,0,0,0,3,0.0,0.0,0.0,0.0,0.00,0.00,44,0.2,0
2024-25,293,Mads,Hermansen,Hermansen,Leicester,GKP,63,2385,0,0,1,58,1,231,827.0,0.2,0.0,82.8,0.00,0.02,44,0.4,27
2024-25,294,Daniel,Iversen,Iversen,Leicester,GKP,0,0,0,0,0,0,0,0,0.0,0.0,0.0,0.0,0.00,0.00,39,0.7,0
2024-25,295,James,Justin,Justin,Leicester,DEF,70,2912,2,2,3,68,6,218,615.2,258.5,202.0,107.8,1.47,0.80,41,1.2,34
2024-25,296,Victor,Kristiansen,Kristiansen,Leicester,DEF,34,2481,0,1,1,62,0,153,519.4,358.6,40.0,91.6,0.13,1.74,44,0.1,29
2024-25,297,Wanya,Marçal-Madivádua,Marcal,Leicester,MID,0,0,0,0,0,0,0,0,0.0,0.0,0.0,0.0,0.00,0.00,45,0.0,0
2024-25,298,Stephy,Mavididi,Mavididi,Leicester,MID,72,1606,4,1,1,38,5,270,339.2,375.3,302.0,101.5,1.85,3.25,50,0.3,16
2024-25,299,Kasey,McAteer,McAteer,Leicester,MID,35,846,1,1,3,16,0,125,147.2,132.5,184.0,46.3,0.99,0.63,47,0.0,9
2024-25,300,Wilfred,Ndidi,Ndidi,Leicester,MID,64,2325,0,5,3,48,1,375,546.4,302.2,280.0,112.8,2.12,1.53,49,0.2,28
2024-25,301,Caleb,Okoli,Okoli,Leicester,DEF,27,1122,1,0,1,26,1,106,318.6,15.2,73.0,40.7,0.62,0.17,40,0.4,12
2024-25,302,Ricardo,Barbosa Pereira,Ricardo,Leicester,DEF,10,382,0,0,0,8,0,46,67.8,18.7,19.0,10.5,0.09,0.07,41,0.1,4
2024-25,303,Harry,Souttar,Souttar,Leicester,DEF,0,0,0,0,0,0,0,0,0.0,0.0,0.0,0.0,0.00,0.00,40,0.0,0
2024-25,304,Jakub,Stolarczyk,Stolarczyk,Leicester,GKP,25,900,0,0,2,16,0,104,228.4,0.0,0.0,22.8,0.00,0.00,40,0.5,10
2024-25,305,Luke,Thomas,Thomas,Leicester,DEF,27,1109,0,0,3,23,0,144,226.4,144.5,34.0,40.4,0.36,0.49,39,1.4,13
2024-25,306,Jamie,Vardy,Vardy,Leicester,FWD,128,2825,9,5,4,68,18,464,490.8,270.8,742.0,150.0,11.23,2.55,54,5.2,35
2024-25,307,Jannik,Vestergaard,Vestergaard,Leicester,DEF,11,1390,0,0,0,35,0,86,321.0,46.6,53.0,42.4,0.11,0.08,39,1.5,16
2024-25,308,Danny,Ward,Ward,Leicester,GKP,2,135,0,0,0,6,0,-5,35.4,0.0,0.0,3.6,0.00,0.00,39,2.0,1
2024-25,309,Harry,Winks,Winks,Leicester,MID,40,1536,0,2,0,34,0,282,272.8,319.6,37.0,63.2,0.23,1.53,43,4.7,17
2024-25,501,Oliver,Skipp,Skipp,Leicester,MID,27,1118,0,0,3,26,0,121,119.4,146.0,35.0,29.9,0.37,0.32,47,0.0,10
2024-25,570,Abdul,Fatawu,A.Fatawu,Leicester,MID,26,576,0,2,0,14,3,125,147.6,104.3,148.0,40.1,0.41,1.42,51,0.2,6
2024-25,606,Will,Alves,Alves,Leicester,MID,1,1,0,0,0,0,0,3,0.0,0.3,0.0,0.0,0.00,0.00,44,0.1,0
2024-25,616,Ben,Nelson,Nelson,Leicester,DEF,0,0,0,0,0,0,0,0,0.0,0.0,0.0,0.0,0.00,0.00,40,0.0,0
2024-25,635,Bilal,El Khannouss,El Khannouss,Leicester,MID,83,2179,2,4,3,54,6,376,381.6,634.1,191.0,120.5,1.29,2.85,48,0.2,27
2024-25,694,Henry,Cartwright,Cartwright,Leicester,MID,0,0,0,0,0,0,0,0,0.0,0.0,0.0,0.0,0.00,0.00,45,0.0,0
2024-25,708,Thomas,Wilson-Brown,Wilson-Brown,Leicester,DEF,0,0,0,0,0,0,0,0,0.0,0.0,0.0,0.0,0.00,0.00,40,0.0,0
2024-25,726,Woyo,Coulibaly,Coulibaly,Leicester,DEF,1,107,0,0,0,6,0,-4,24.4,3.4,24.0,5.2,0.04,0.04,40,0.0,1
2024-25,754,Ruud,van Nistelrooij,Van Nistelrooy,Leicester,5,48,0,0,0,0,0,0,0,0.0,0.0,0.0,0.0,0.00,0.00,5,0.5,0
2024-25,792,Jeremy,Monga,Monga,Leicester,MID,7,105,0,0,0,3,0,29,20.6,12.6,19.0,5.1,0.17,0.02,45,0.0,0
2024-25,796,Olabade,Aluko,Olabade Aluko,Leicester,DEF,1,1,0,0,0,0,0,3,2.0,0.2,0.0,0.2,0.00,0.00,40,0.0,0
2024-25,797,Jake,Evans,Jake Evans,Leicester,MID,4,21,0,0,0,1,0,13,3.2,0.2,0.0,0.3,0.00,0.00,45,0.0,0
2024-25,802,Sammy,Braybrooke,Braybrooke,Leicester,MID,0,0,0,0,0,0,0,0,0.0,0.0,0.0,0.0,0.00,0.00,45,0.0,0
2024-25,310,Alisson,Ramses Becker,A.Becker,Liverpool,GKP,112,2508,0,0,10,29,9,451,628.8,13.0,0.0,64.0,0.00,0.20,55,8.4,28
2024-25,311,Trent,Alexander-Arnold,Alexander-Arnold,Liverpool,DEF,148,2362,3,7,12,25,13,603,723.8,833.7,268.0,182.4,1.81,7.20,72,16.7,28
2024-25,312,Stefan,Bajčetić Maquieira,Bajcetic,Liverpool,MID,0,0,0,0,0,0,0,0,0.0,0.0,0.0,0.0,0.00,0.00,45,0.0,0
2024-25,313,Conor,Bradley,Bradley,Liverpool,DEF,41,744,0,2,3,10,3,160,156.2,110.5,162.0,42.8,0.70,1.43,47,1.2,7
2024-25,315,Bobby,Clark,Clark,Liverpool,MID,0,0,0,0,0,0,0,0,0.0,0.0,0.0,0.0,0.00,0.00,45,0.0,0
2024-25,316,Darwin,Núñez Ribeiro,Darwin,Liverpool,FWD,66,1113,5,3,2,21,6,244,263.8,151.6,404.0,81.2,5.76,0.51,70,1.9,8
2024-25,317,Diogo,Teixeira da Silva,Diogo J.,Liverpool,MID,87,1182,6,4,7,12,4,225,300.6,169.5,537.0,99.0,7.98,1.09,72,2.6,14
2024-25,318,Ben,Doak,Doak,Liverpool,MID,0,0,0,0,0,0,0,0,0.0,0.0,0.0,0.0,0.00,0.00,45,0.0,0
2024-25,319,Harvey,Elliott,Elliott,Liverpool,MID,33,359,1,2,0,6,3,120,118.6,145.8,143.0,40.4,1.78,0.64,52,0.3,2
2024-25,320,Endo,Wataru,Endo,Liverpool,MID,21,259,0,0,0,5,0,82,57.6,38.2,6.0,10.0,0.00,0.09,46,0.1,1
2024-25,321,Cody,Gakpo,Gakpo,Liverpool,FWD,127,1921,10,5,5,25,22,572,597.0,517.7,686.0,180.3,7.12,3.76,72,5.4,23
2024-25,322,Joe,Gomez,Gomez,Liverpool,DEF,14,517,0,0,1,8,0,83,130.4,38.5,58.0,22.8,0.33,0.09,47,0.4,6
2024-25,323,Ryan,Gravenberch,Gravenberch,Liverpool,MID,92,3160,0,4,14,35,1,568,550.6,473.9,121.0,114.7,1.13,3.50,50,0.7,37
2024-25,324,Curtis,Jones,Jones,Liverpool,MID,87,1702,3,5,6,27,4,396,397.2,343.7,400.0,113.6,4.34,1.46,53,0.2,19
2024-25,325,Caoimhin,Kelleher,Kelleher,Liverpool,GKP,45,900,0,0,4,12,1,156,224.2,0.0,0.0,22.4,0.00,0.00,39,1.2,10
2024-25,326,Ibrahima,Konaté,Konaté,Liverpool,DEF,106,2561,1,2,11,28,4,487,578.0,161.4,133.0,87.6,1.80,0.91,53,7.0,30
2024-25,327,Luis,Díaz,Luis Díaz,Liverpool,MID,183,2393,13,7,15,21,21,634,770.8,748.0,946.0,246.4,11.90,4.34,75,16.8,28
2024-25,328,Mohamed,Salah,M.Salah,Liverpool,MID,344,3374,29,18,15,40,55,1133,1577.0,1199.2,1985.0,476.0,24.70,8.99,136,66.3,38
2024-25,329,Alexis,Mac Allister,Mac Allister,Liverpool,MID,122,2597,5,6,14,24,8,578,653.4,731.3,357.0,174.1,2.89,5.57,62,1.7,30
2024-25,330,James,McConnell,McConnell,Liverpool,MID,0,0,0,0,0,0,0,0,0.0,0.0,0.0,0.0,0.00,0.00,43,0.1,0
2024-25,331,Tyler,Morton,Morton,Liverpool,MID,0,0,0,0,0,0,0,0,0.0,0.0,0.0,0.0,0.00,0.00,44,0.1,0
2024-25,332,Nathaniel,Phillips,N.Phillips,Liverpool,DEF,0,0,0,0,0,0,0,0,0.0,0.0,0.0,0.0,0.00,0.00,40,0.1,0
2024-25,333,Jarell,Quansah,Quansah,Liverpool,DEF,9,488,0,0,0,12,0,38,119.4,29.1,15.0,16.5,0.10,0.18,39,1.0,4
2024-25,334,Rhys,Williams,R.Williams,Liverpool,DEF,0,0,0,0,0,0,0,0,0.0,0.0,0.0,0.0,0.00,0.00,40,0.0,0
2024-25,335,Andrew,Robertson,Robertson,Liverpool,DEF,91,2479,0,1,10,32,4,397,395.4,668.7,182.0,124.4,1.12,4.27,58,4.0,29
2024-25,336,Dominik,Szoboszlai,Szoboszlai,Liverpool,MID,143,2485,6,10,12,29,14,605,589.8,794.8,601.0,198.1,6.94,6.06,61,2.7,29
2024-25,337,Konstantinos,Tsimikas,Tsimikas,Liverpool,DEF,43,829,0,1,4,8,3,217,202.0,260.7,60.0,52.5,0.39,2.32,46,0.2,9
2024-25,339,Virgil,van Dijk,Virgil,Liverpool,DEF,143,3330,3,1,14,38,8,631,932.6,206.6,299.0,143.7,2.22,0.98,67,25.6,37
2024-25,636,Federico,Chiesa,Chiesa,Liverpool,MID,7,103,0,0,0,3,0,16,9.0,23.5,36.0,6.7,0.34,0.15,68,0.2,1
2024-25,660,Vítezslav,Jaros,Jaros,Liverpool,GKP,1,11,0,0,0,0,0,6,8.8,0.0,0.0,0.9,0.00,0.00,40,0.1,0
2024-25,669,Harvey,Davies,Davies,Liverpool,GKP,0,0,0,0,0,0,0,0,0.0,0.0,0.0,0.0,0.00,0.00,40,0.0,0
2024-25,688,Treymaurice,Nyoni,Nyoni,Liverpool,MID,0,0,0,0,0,0,0,0,0.0,0.0,0.0,0.0,0.00,0.00,45,0.0,0
2024-25,692,Amara,Nallo,Nallo,Liverpool,DEF,0,0,0,0,0,0,0,0,0.0,0.0,0.0,0.0,0.00,0.00,40,0.0,0
2024-25,709,Jayden,Danns,Danns,Liverpool,FWD,1,10,0,0,0,1,0,2,0.0,0.3,0.0,0.0,0.00,0.01,45,0.0,0
2024-25,744,Arne,Slot,Slot,Liverpool,5,118,0,0,0,0,0,0,0,0.0,0.0,0.0,0.0,0.00,0.00,15,6.3,0
2024-25,340,Manuel,Akanji,Akanji,Man City,DEF,61,2012,0,0,6,28,1,307,339.8,249.8,100.0,68.9,1.57,1.30,53,2.3,23
2024-25,341,Nathan,Aké,Aké,Man City,DEF,25,677,0,0,3,11,0,121,104.6,33.7,20.0,15.9,0.22,0.17,53,0.8,8
2024-25,342,Bernardo,Veiga de Carvalho e Silva,Bernardo,Man City,MID,110,2667,4,4,10,36,13,568,603.0,800.4,532.0,193.6,3.84,4.56,61,2.8,29
2024-25,343,Oscar,Bobb,Bobb,Man City,MID,3,14,0,0,0,1,0,13,4.4,12.6,0.0,1.6,0.00,0.02,47,0.1,0
2024-25,344,Scott,Carson,Carson,Man City,GKP,0,0,0,0,0,0,0,0,0.0,0.0,0.0,0.0,0.00,0.00,39,0.2,0
2024-25,345,Kevin,De Bruyne,De Bruyne,Man City,MID,114,1694,4,9,10,19,12,462,466.6,920.0,411.0,179.5,5.17,6.75,95,11.6,19
2024-25,346,Jérémy,Doku,Doku,Man City,MID,88,1506,3,6,8,14,3,425,453.8,515.9,528.0,150.0,1.32,3.81,62,1.7,16
2024-25,347,Ederson,Santana de Moraes,Ederson M.,Man City,GKP,111,2320,0,4,10,26,9,400,567.0,43.0,0.0,60.9,0.00,0.16,53,5.7,26
2024-25,348,Phil,Foden,Foden,Man City,MID,105,1771,7,3,6,24,10,454,448.0,749.0,449.0,164.2,5.17,5.33,91,4.6,20
2024-25,349,Jack,Grealish,Grealish,Man City,MID,38,710,1,1,2,10,4,187,157.2,321.4,234.0,71.3,1.13,1.67,64,0.2,7
2024-25,350,Joško,Gvardiol,Gvardiol,Man City,DEF,153,3278,5,0,13,41,15,623,847.0,501.7,497.0,185.0,4.60,2.92,65,38.6,36
2024-25,351,Erling,Haaland,Haaland,Man City,FWD,181,2736,22,3,10,38,26,795,946.0,359.4,1511.0,281.8,21.90,2.04,149,24.0,31
2024-25,352,Julián,Álvarez,J.Alvarez,Man City,FWD,0,0,0,0,0,0,0,0,0.0,0.0,0.0,0.0,0.00,0.00,70,0.1,0
2024-25,353,João,Cavaco Cancelo,João Cancelo,Man City,DEF,0,0,0,0,0,0,0,0,0.0,0.0,0.0,0.0,0.00,0.00,53,0.2,0
2024-25,354,Mateo,Kovačić,Kovačić,Man City,MID,109,2194,6,3,10,29,13,542,606.4,579.3,204.0,139.1,1.91,3.21,54,1.2,25
2024-25,355,Rico,Lewis,Lewis,Man City,DEF,66,1888,1,2,5,27,1,285,293.8,218.6,139.0,65.0,1.32,1.01,43,3.5,21
2024-25,356,Matheus Luiz,Nunes,Matheus N.,Man City,MID,81,1670,1,7,9,19,6,373,370.4,422.4,206.0,99.9,1.11,3.32,49,0.2,19
2024-25,357,James,McAtee,McAtee,Man City,MID,31,340,3,0,0,6,0,102,113.0,64.6,136.0,30.7,2.80,0.80,46,0.1,3
2024-25,358,Stefan,Ortega Moreno,Ortega Moreno,Man City,GKP,35,1099,0,0,3,18,0,144,292.6,0.0,0.0,29.4,0.00,0.00,52,0.7,12
2024-25,360,Rodrigo 'Rodri',Hernandez,Rodrigo,Man City,MID,3,72,0,0,0,1,0,21,12.2,17.5,0.0,3.0,0.00,0.09,62,0.8,1
2024-25,361,Rúben,Gato Alves Dias,Rúben,Man City,DEF,90,2269,0,0,11,21,7,410,478.2,173.8,150.0,80.2,1.54,1.20,55,5.5,25
2024-25,362,John,Stones,Stones,Man City,DEF,29,544,2,0,1,11,2,92,155.6,49.8,70.0,27.4,0.60,0.17,53,1.0,6
2024-25,363,Kyle,Walker,Walker,Man City,DEF,13,966,0,0,0,21,0,63,157.4,147.7,29.0,33.5,0.12,1.34,51,2.5,9
2024-25,571,Sávio 'Savinho',Moreira de Oliveira,Savinho,Man City,MID,106,1760,1,11,8,25,15,442,415.2,682.9,671.0,177.3,5.02,6.10,60,1.9,21
2024-25,607,Nico,O'Reilly,O’Reilly,Man City,MID,31,525,2,0,3,3,4,118,133.4,76.2,112.0,32.2,1.28,0.68,49,0.2,6
2024-25,625,Ilkay,Gündogan,Gündogan,Man City,MID,97,2218,1,7,10,28,5,460,387.0,781.3,273.0,144.2,3.21,4.43,63,0.5,25
2024-25,626,Issa,Kaboré,Kaboré,Man City,DEF,0,0,0,0,0,0,0,0,0.0,0.0,0.0,0.0,0.00,0.00,45,0.0,0
2024-25,671,Jacob,Wright,Wright,Man City,MID,0,0,0,0,0,0,0,0,0.0,0.0,0.0,0.0,0.00,0.00,45,0.0,0
2024-25,672,Jahmai,Simpson-Pusey,Simpson-Pusey,Man City,DEF,1,95,0,0,0,2,0,7,19.6,2.2,2.0,2.4,0.00,0.01,40,0.0,1
2024-25,675,Josh,Wilson-Esbrand,Wilson-Esbrand,Man City,DEF,0,0,0,0,0,0,0,0,0.0,0.0,0.0,0.0,0.00,0.00,40,0.0,0
2024-25,698,Divin,Mubama,Mubama,Man City,FWD,1,27,0,0,0,0,0,2,0.2,0.1,5.0,0.5,0.04,0.00,45,0.1,0
2024-25,703,Max,Alleyne,Alleyne,Man City,DEF,0,0,0,0,0,0,0,0,0.0,0.0,0.0,0.0,0.00,0.00,40,0.0,0
2024-25,704,Spike,Brits,Brits,Man City,GKP,0,0,0,0,0,0,0,0,0.0,0.0,0.0,0.0,0.00,0.00,40,0.0,0
2024-25,732,Abdukodir,Khusanov,Khusanov,Man City,DEF,14,503,0,0,2,6,0,78,102.0,33.9,4.0,14.1,0.02,0.09,50,0.3,6
2024-25,733,Vitor,de Oliveira Nunes dos Reis,Vitor Reis,Man City,DEF,1,1,0,0,0,0,0,4,3.2,0.0,0.0,0.3,0.00,0.00,45,0.0,0
2024-25,736,Pep,Guardiola,Guardiola,Man City,5,113,0,0,0,0,0,0,0,0.0,0.0,0.0,0.0,0.00,0.00,15,29.2,0
2024-25,755,Omar,Marmoush,Marmoush,Man City,FWD,73,1174,7,1,8,12,12,326,318.0,246.7,410.0,97.3,5.41,1.71,74,22.6,14
2024-25,765,Nico,González,N.Gonzalez,Man City,MID,31,760,1,1,6,7,0,123,137.2,78.7,62.0,27.5,0.45,0.48,60,0.0,9
2024-25,785,Claudio,Echeverri,Echeverri,Man City,MID,1,5,0,0,0,0,0,2,2.2,0.4,0.0,0.3,0.00,0.01,58,0.0,0
2024-25,364,Amad,Diallo,Amad,Man Utd,MID,129,1898,8,8,7,30,17,569,634.0,687.2,615.0,193.8,4.71,3.98,53,4.1,20
2024-25,365,Antony Matheus,dos Santos,Antony,Man Utd,MID,8,135,0,0,0,2,0,37,35.0,50.7,74.0,15.8,0.60,0.21,57,0.2,0
2024-25,366,Bruno,Borges Fernandes,B.Fernandes,Man Utd,MID,174,3017,8,12,10,47,28,810,1017.8,1407.7,587.0,300.8,9.93,7.89,84,13.7,35
2024-25,367,Altay,Bayindir,Bayindir,Man Utd,GKP,8,360,0,0,1,10,0,22,80.0,0.0,0.0,7.9,0.00,0.00,43,0.1,4
2024-25,368,Carlos Henrique,Casimiro,Casemiro,Man Utd,MID,48,1489,1,0,6,20,3,300,433.2,348.2,265.0,104.8,1.80,1.99,46,0.4,18
2024-25,369,Diogo,Dalot Teixeira,Dalot,Man Utd,DEF,95,2812,0,4,8,45,9,352,493.2,434.2,258.0,118.2,1.96,2.35,50,4.7,31
2024-25,370,Christian,Eriksen,Eriksen,Man Utd,MID,45,1052,1,2,4,16,0,228,235.8,474.3,79.0,78.9,1.31,2.60,52,0.2,11
2024-25,371,Jonny,Evans,Evans,Man Utd,DEF,15,312,0,0,1,2,3,71,66.6,5.3,23.0,9.5,0.11,0.02,44,0.1,3
2024-25,372,Alejandro,Garnacho,Garnacho,Man Utd,MID,106,2188,6,4,5,36,7,370,454.0,532.2,904.0,188.3,7.40,2.76,59,4.7,23
2024-25,373,Hannibal,Mejbri,Hannibal,Man Utd,MID,0,0,0,0,0,0,0,0,0.0,0.0,0.0,0.0,0.00,0.00,45,0.0,0
2024-25,374,Tom,Heaton,Heaton,Man Utd,GKP,0,0,0,0,0,0,0,0,0.0,0.0,0.0,0.0,0.00,0.00,39,0.2,0
2024-25,375,Rasmus,Højlund,Højlund,Man Utd,FWD,78,1998,4,1,6,31,8,246,187.0,254.7,432.0,86.3,5.10,1.14,69,1.0,23
2024-25,376,Victor,Lindelöf,Lindelof,Man Utd,DEF,27,695,0,0,2,9,0,100,125.4,48.5,8.0,18.3,0.00,0.09,43,0.1,6
2024-25,377,Harry,Maguire,Maguire,Man Utd,DEF,48,1751,1,0,3,27,3,217,409.4,101.2,233.0,74.5,1.82,0.25,49,0.8,19
2024-25,378,Kobbie,Mainoo,Mainoo,Man Utd,MID,42,1646,0,0,5,27,0,229,196.6,250.8,137.0,58.8,0.84,1.78,52,1.7,19
2024-25,379,Tyrell,Malacia,Malacia,Man Utd,DEF,2,99,0,0,0,1,0,2,5.2,13.9,0.0,1.7,0.00,0.02,44,0.0,2
2024-25,380,Lisandro,Martínez,Martinez,Man Utd,DEF,68,1751,2,1,6,27,5,293,426.6,153.9,158.0,73.8,1.33,1.21,43,2.2,20
2024-25,381,Scott,McTominay,McTominay,Man Utd,MID,2,17,0,0,0,1,0,4,3.2,0.3,5.0,0.9,0.07,0.00,49,0.1,0
2024-25,382,Mason,Mount,Mount,Man Utd,MID,25,613,1,0,3,11,0,74,104.0,140.0,218.0,45.6,3.37,0.57,63,0.2,8
2024-25,383,André,Onana,Onana,Man Utd,GKP,120,3060,0,0,9,44,8,443,733.0,13.0,0.0,74.7,0.00,0.20,49,5.0,34
2024-25,384,Facundo,Pellistri Rebollo,Pellistri,Man Utd,MID,0,0,0,0,0,0,0,0,0.0,0.0,0.0,0.0,0.00,0.00,50,0.0,0
2024-25,387,Luke,Shaw,Shaw,Man Utd,DEF,5,346,0,0,0,5,0,38,48.2,68.2,11.0,12.7,0.03,0.77,49,0.2,4
2024-25,389,Joshua,Zirkzee,Zirkzee,Man Utd,FWD,64,1385,3,2,3,24,6,216,222.6,212.0,351.0,78.0,4.64,1.04,65,1.5,14
2024-25,572,Leny,Yoro,Yoro,Man Utd,DEF,22,1160,0,0,1,24,0,90,207.4,55.8,54.0,31.8,0.70,0.15,43,0.2,12
2024-25,593,Matthijs,de Ligt,De Ligt,Man Utd,DEF,68,2119,2,0,4,36,3,312,518.4,88.7,303.0,91.5,2.48,0.25,48,2.9,25
2024-25,594,Noussair,Mazraoui,Mazraoui,Man Utd,DEF,88,2836,0,1,7,43,5,410,619.4,332.7,123.0,107.5,0.69,1.87,42,7.3,34
2024-25,613,Toby,Collyer,Collyer,Man Utd,MID,6,174,0,0,0,2,0,40,40.4,29.9,8.0,7.9,0.08,0.37,45,0.0,0
2024-25,648,Ethan,Wheatley,Wheatley,Man Utd,FWD,0,0,0,0,0,0,0,0,0.0,0.0,0.0,0.0,0.00,0.00,45,1.0,0
2024-25,652,Manuel,Ugarte,Ugarte,Man Utd,MID,49,1777,1,2,4,33,1,318,313.6,195.9,113.0,62.1,1.00,0.67,49,0.1,22
2024-25,658,Ayden,Heaven,Heaven,Man Utd,DEF,10,169,0,0,1,1,2,47,43.4,12.9,10.0,6.6,0.12,0.01,40,0.1,2
2024-25,667,Jack,Fletcher,Fletcher,Man Utd,MID,0,0,0,0,0,0,0,0,0.0,0.0,0.0,0.0,0.00,0.00,45,0.0,0
2024-25,670,Harry,Amass,Amass,Man Utd,DEF,4,345,0,0,0,9,0,1,40.0,26.5,15.0,8.2,0.07,0.07,40,0.1,4
2024-25,673,Jayce,Fitzgerald,Fitzgerald,Man Utd,MID,0,0,0,0,0,0,0,0,0.0,0.0,0.0,0.0,0.00,0.00,45,0.0,0
2024-25,691,Godwill,Kukonki,Kukonki,Man Utd,DEF,0,0,0,0,0,0,0,0,0.0,0.0,0.0,0.0,0.00,0.00,40,0.0,0
2024-25,745,Ruben Filipe,Marques Diogo Amorim,Amorim,Man Utd,5,86,0,0,0,0,0,0,0,0.0,0.0,0.0,0.0,0.00,0.00,8,1.4,0
2024-25,761,Elyh,Harrison,Harrison,Man Utd,GKP,0,0,0,0,0,0,0,0,0.0,0.0,0.0,0.0,0.00,0.00,40,0.0,0
2024-25,766,Patrick,Dorgu,Dorgu,Man Utd,DEF,18,840,0,0,2,12,1,108,106.4,175.3,112.0,39.4,0.43,1.27,45,0.2,10
2024-25,776,Chido,Obi-Martin,Obi,Man Utd,FWD,7,160,0,0,0,5,0,21,8.2,5.1,46.0,5.4,0.66,0.03,45,0.2,1
2024-25,777,Tyler,Fredricson,Fredricson,Man Utd,DEF,2,166,0,0,0,5,0,16,37.4,4.9,2.0,4.4,0.00,0.02,40,0.0,2
2024-25,778,Jack,Moorhouse,Moorhouse,Man Utd,MID,0,0,0,0,0,0,0,0,0.0,0.0,0.0,0.0,0.00,0.00,45,0.0,0
2024-25,779,Sékou,Koné,Koné,Man Utd,MID,0,0,0,0,0,0,0,0,0.0,0.0,0.0,0.0,0.00,0.00,45,0.0,0
2024-25,783,Hubert,Graczyk,Graczyk,Man Utd,GKP,0,0,0,0,0,0,0,0,0.0,0.0,0.0,0.0,0.00,0.00,40,0.0,0
2024-25,788,Dermot,Mee,Dermot Mee,Man Utd,GKP,0,0,0,0,0,0,0,0,0.0,0.0,0.0,0.0,0.00,0.00,40,0.0,0
2024-25,390,Alex,Murphy,A.Murphy,Newcastle,DEF,0,0,0,0,0,0,0,0,0.0,0.0,0.0,0.0,0.00,0.00,40,0.5,0
2024-25,391,Miguel,Almirón Rejala,Almirón,Newcastle,MID,10,150,0,0,0,3,0,36,15.2,40.9,57.0,11.3,0.52,0.19,54,0.3,1
2024-25,392,Harvey,Barnes,Barnes,Newcastle,MID,130,1746,9,5,6,23,13,442,522.2,407.1,701.0,163.1,6.45,4.40,59,4.2,17
2024-25,393,Sven,Botman,Botman,Newcastle,DEF,18,412,0,0,2,4,0,95,110.4,28.4,96.0,23.6,0.59,0.22,44,0.0,6
2024-25,394,Bruno,Guimarães Rodriguez Moura,Bruno G.,Newcastle,MID,135,3273,5,6,13,44,10,661,723.0,796.0,454.0,197.5,4.34,5.32,62,3.0,38
2024-25,395,Dan,Burn,Burn,Newcastle,DEF,115,3330,1,1,13,45,9,476,736.6,123.6,297.0,115.8,1.97,1.09,46,12.6,37
2024-25,396,Martin,Dúbravka,Dúbravka,Newcastle,GKP,44,900,0,0,5,12,2,160,220.2,0.0,0.0,22.0,0.00,0.00,40,1.3,10
2024-25,398,Anthony,Gordon,Gordon,Newcastle,MID,124,2428,6,6,10,33,9,476,537.0,777.3,655.0,196.8,8.19,4.80,74,8.0,28
2024-25,399,Lewis,Hall,Hall,Newcastle,DEF,102,2188,0,7,8,31,11,443,561.6,561.2,128.0,125.3,0.43,3.73,47,4.4,24
2024-25,400,Isaac,Hayden,Hayden,Newcastle,MID,0,0,0,0,0,0,0,0,0.0,0.0,0.0,0.0,0.00,0.00,44,0.1,0
2024-25,401,Alexander,Isak,Isak,Newcastle,FWD,211,2758,23,6,12,41,36,848,1043.0,573.1,1320.0,292.7,20.33,3.59,94,49.4,34
2024-25,402,Jacob,Murphy,J.Murphy,Newcastle,MID,159,2356,8,13,11,31,11,601,713.4,625.2,519.0,185.6,5.89,6.14,52,14.3,31
2024-25,403,Joelinton Cássio,Apolinário de Lira,Joelinton,Newcastle,MID,99,2394,4,4,10,32,11,374,469.8,389.3,465.0,132.7,3.74,2.17,60,1.1,29
2024-25,404,Lloyd,Kelly,Kelly,Newcastle,DEF,12,299,0,1,0,6,0,40,80.6,29.0,20.0,12.6,0.41,0.11,42,0.1,4
2024-25,405,Emil,Krafth,Krafth,Newcastle,DEF,17,334,0,0,1,2,0,55,59.2,19.7,13.0,9.3,0.04,0.04,43,0.1,2
2024-25,406,Garang,Kuol,Kuol,Newcastle,MID,0,0,0,0,0,0,0,0,0.0,0.0,0.0,0.0,0.00,0.00,44,0.1,0
2024-25,407,Jamaal,Lascelles,Lascelles,Newcastle,DEF,0,0,0,0,0,0,0,0,0.0,0.0,0.0,0.0,0.00,0.00,45,0.0,0
2024-25,408,Jamal,Lewis,Lewis,Newcastle,DEF,0,0,0,0,0,0,0,0,0.0,0.0,0.0,0.0,0.00,0.00,40,0.1,0
2024-25,409,Tino,Livramento,Livramento,Newcastle,DEF,105,2835,0,1,10,40,6,476,567.4,406.2,127.0,110.1,0.33,2.70,46,8.9,32
2024-25,410,Sean,Longstaff,Longstaff,Newcastle,MID,34,783,0,1,2,11,0,131,117.2,78.4,76.0,27.3,0.60,0.22,44,0.3,8
2024-25,411,Lewis,Miley,Miley,Newcastle,MID,21,304,1,0,0,4,1,88,87.4,33.5,45.0,16.7,0.57,0.30,50,0.0,1
2024-25,412,Odysseas,Vlachodimos,Odysseas,Newcastle,GKP,0,0,0,0,0,0,0,0,0.0,0.0,0.0,0.0,0.00,0.00,42,0.1,0
2024-25,413,Nick,Pope,Pope,Newcastle,GKP,102,2520,0,0,8,35,2,384,666.0,10.0,0.0,67.4,0.00,0.00,50,6.1,28
2024-25,414,John,Ruddy,Ruddy,Newcastle,GKP,0,0,0,0,0,0,0,0,0.0,0.0,0.0,0.0,0.00,0.00,39,0.3,0
2024-25,415,Fabian,Schär,Schär,Newcastle,DEF,118,2935,4,2,11,42,4,440,743.2,111.5,346.0,119.6,3.94,1.01,55,5.0,33
2024-25,416,Matt,Targett,Targett,Newcastle,DEF,2,20,0,0,0,0,0,7,5.0,5.6,0.0,1.0,0.00,0.07,39,0.3,0
2024-25,417,Sandro,Tonali,Tonali,Newcastle,MID,106,2625,4,2,11,34,10,536,539.4,496.3,299.0,133.5,4.46,2.77,55,0.9,28
2024-25,418,Kieran,Trippier,Trippier,Newcastle,DEF,72,1299,0,3,6,18,8,287,319.4,406.8,33.0,76.1,0.12,1.44,56,4.4,14
2024-25,419,Joe,White,White,Newcastle,MID,0,0,0,0,0,0,0,0,0.0,0.0,0.0,0.0,0.00,0.00,45,0.1,0
2024-25,420,Joe,Willock,Willock,Newcastle,MID,46,1065,0,2,4,16,0,139,172.8,273.8,197.0,63.9,1.65,0.93,47,0.1,11
2024-25,421,Callum,Wilson,Wilson,Newcastle,FWD,19,355,0,0,0,7,0,42,13.0,42.2,71.0,12.1,0.36,0.09,69,0.2,2
2024-25,574,Miodrag,Pivaš,Pivas,Newcastle,DEF,0,0,0,0,0,0,0,0,0.0,0.0,0.0,0.0,0.00,0.00,40,0.1,0
2024-25,590,William,Osula,Osula,Newcastle,FWD,19,124,1,0,0,3,1,59,42.4,25.1,37.0,10.5,0.16,0.05,49,0.2,0
2024-25,746,Eddie,Howe,Howe,Newcastle,5,97,0,0,0,0,0,0,0,0.0,0.0,0.0,0.0,0.00,0.00,15,2.8,0
2024-25,789,Sean,Neave,Neave,Newcastle,FWD,0,0,0,0,0,0,0,0,0.0,0.0,0.0,0.0,0.00,0.00,45,0.0,0
2024-25,26,Álex,Moreno Lopera,Alex Moreno,Nott'm Forest,DEF,34,952,0,1,3,16,1,126,200.8,134.5,29.0,36.4,0.17,1.10,42,0.4,11
2024-25,422,Ola,Aina,Aina,Nott'm Forest,DEF,128,2996,2,1,12,39,15,483,578.2,282.3,80.0,94.1,0.63,2.25,53,13.0,35
2024-25,423,Elliot,Anderson,Anderson,Nott'm Forest,MID,107,2726,2,6,13,37,8,526,638.8,605.2,308.0,155.6,2.04,3.51,50,0.3,33
2024-25,424,Taiwo,Awoniyi,Awoniyi,Nott'm Forest,FWD,32,398,1,0,1,10,0,89,67.0,40.9,118.0,21.9,2.15,0.12,55,0.3,3
2024-25,425,Willy,Boly,Boly,Nott'm Forest,DEF,6,146,0,0,0,1,0,26,51.0,0.4,17.0,6.8,0.07,0.00,42,0.1,1
2024-25,426,Josh,Bowler,Bowler,Nott'm Forest,MID,0,0,0,0,0,0,0,0,0.0,0.0,0.0,0.0,0.00,0.00,45,0.0,0
2024-25,427,Carlos Miguel,dos Santos Pereira,C.Miguel,Nott'm Forest,GKP,0,0,0,0,0,0,0,0,0.0,0.0,0.0,0.0,0.00,0.00,41,0.1,0
2024-25,428,Eric,da Silva Moreira,Da Silva Moreira,Nott'm Forest,MID,2,28,0,0,0,0,0,9,5.2,0.3,0.0,0.6,0.00,0.00,43,0.1,0
2024-25,429,Danilo,dos Santos de Oliveira,Danilo,Nott'm Forest,MID,11,270,0,0,1,4,0,43,34.6,5.0,0.0,3.9,0.00,0.01,47,0.0,5
2024-25,430,Emmanuel,Dennis,Dennis,Nott'm Forest,FWD,0,0,0,0,0,0,0,0,0.0,0.0,0.0,0.0,0.00,0.00,49,0.2,0
2024-25,431,Nicolás,Domínguez,Dominguez,Nott'm Forest,MID,54,1954,0,1,7,27,0,292,410.2,247.2,237.0,89.4,1.58,1.58,48,0.0,23
2024-25,432,Anthony,Elanga,Elanga,Nott'm Forest,MID,153,2496,6,11,12,35,15,535,627.0,785.4,582.0,199.8,4.81,5.12,55,9.4,31
2024-25,433,Morgan,Gibbs-White,Gibbs-White,Nott'm Forest,MID,154,2806,7,11,13,34,18,594,680.4,793.7,632.0,210.6,6.31,4.68,65,7.4,34
2024-25,434,Callum,Hudson-Odoi,Hudson-Odoi,Nott'm Forest,MID,103,2190,5,3,11,23,7,454,445.6,663.9,405.0,151.0,2.52,2.54,51,1.2,25
2024-25,435,Alex,Mighten,Mighten,Nott'm Forest,MID,0,0,0,0,0,0,0,0,0.0,0.0,0.0,0.0,0.00,0.00,45,0.0,0
2024-25,436,Murillo,Santiago Costa dos Santos,Murillo,Nott'm Forest,DEF,130,3188,2,0,12,44,18,541,927.2,211.2,201.0,134.0,1.47,1.15,47,4.1,36
2024-25,437,Neco,Williams,N.Williams,Nott'm Forest,DEF,109,2588,1,3,10,31,8,435,628.4,305.3,244.0,118.0,2.29,1.54,45,4.0,28
2024-25,438,Omar,Richards,O.Richards,Nott'm Forest,DEF,0,0,0,0,0,0,0,0,0.0,0.0,0.0,0.0,0.00,0.00,45,0.0,0
2024-25,439,Lewis,O'Brien,O'Brien,Nott'm Forest,MID,0,0,0,0,0,0,0,0,0.0,0.0,0.0,0.0,0.00,0.00,50,0.0,0
2024-25,440,Andrew,Omobamidele,Omobamidele,Nott'm Forest,DEF,0,0,0,0,0,0,0,0,0.0,0.0,0.0,0.0,0.00,0.00,42,0.0,0
2024-25,441,Jonathan,Panzo,Panzo,Nott'm Forest,DEF,0,0,0,0,0,0,0,0,0.0,0.0,0.0,0.0,0.00,0.00,40,0.0,0
2024-25,442,Ibrahim,Sangaré,Sangaré,Nott'm Forest,MID,20,584,0,1,2,6,0,107,130.6,80.3,21.0,23.2,0.02,0.21,43,1.2,7
2024-25,443,Matz,Sels,Sels,Nott'm Forest,GKP,150,3420,0,1,13,46,11,521,942.2,20.2,0.0,96.7,0.00,0.26,52,19.9,38
2024-25,444,Harry,Toffolo,Toffolo,Nott'm Forest,DEF,4,135,0,0,0,2,0,18,40.2,4.1,6.0,5.1,0.02,0.01,42,0.1,1
2024-25,446,Hwang,Ui-jo,Ui-jo,Nott'm Forest,FWD,0,0,0,0,0,0,0,0,0.0,0.0,0.0,0.0,0.00,0.00,45,0.8,0
2024-25,447,Chris,Wood,Wood,Nott'm Forest,FWD,200,2958,20,3,15,37,41,744,838.4,320.0,900.0,205.6,13.42,1.59,72,30.8,35
2024-25,448,Joe,Worrall,Worrall,Nott'm Forest,DEF,0,0,0,0,0,0,0,0,0.0,0.0,0.0,0.0,0.00,0.00,45,0.0,0
2024-25,449,Ryan,Yates,Yates,Nott'm Forest,MID,67,1901,2,2,6,27,3,306,344.4,241.1,265.0,85.4,2.41,0.47,48,0.1,18
2024-25,573,Nikola,Milenković,Milenković,Nott'm Forest,DEF,145,3330,5,2,13,45,2,499,805.2,107.9,361.0,127.2,4.05,0.73,52,18.0,37
2024-25,596,João Pedro,Ferreira Silva,Jota Silva,Nott'm Forest,MID,52,835,3,2,1,16,0,212,221.8,182.9,239.0,64.6,2.13,1.87,59,0.1,5
2024-25,620,Ramón,Sosa,Sosa,Nott'm Forest,MID,25,280,1,0,1,5,0,101,87.4,103.0,104.0,29.2,1.11,0.36,55,0.1,1
2024-25,653,Felipe,Rodrigues da Silva,Morato,Nott'm Forest,DEF,36,891,0,0,3,14,2,125,205.2,10.8,22.0,24.0,0.18,0.03,45,0.1,6
2024-25,706,Zach,Abbott,Abbott,Nott'm Forest,DEF,0,0,0,0,0,0,0,0,0.0,0.0,0.0,0.0,0.00,0.00,40,0.0,0
2024-25,721,Wayne,Hennessey,Hennessey,Nott'm Forest,GKP,0,0,0,0,0,0,0,0,0.0,0.0,0.0,0.0,0.00,0.00,40,0.0,0
2024-25,747,Nuno Herlander,Simões Espírito Santo,Nuno,Nott'm Forest,5,78,0,0,0,0,0,0,0,0.0,0.0,0.0,0.0,0.00,0.00,11,5.0,0
2024-25,14,Aaron,Ramsdale,Ramsdale,Southampton,GKP,97,2700,0,0,3,66,11,315,980.6,0.1,0.0,98.3,0.00,0.04,44,1.3,30
2024-25,27,Cameron,Archer,Archer,Southampton,FWD,57,1421,2,0,2,34,4,145,125.2,102.5,376.0,60.0,5.71,0.72,48,1.1,13
2024-25,188,Lesley,Ugochukwu,Ugochukwu,Southampton,MID,47,1652,1,1,1,39,3,209,265.0,211.9,84.0,55.9,0.85,0.62,44,0.3,18
2024-25,397,Ryan,Fraser,Fraser,Southampton,MID,7,303,0,0,0,12,0,31,35.8,26.8,13.0,6.7,0.02,0.10,48,0.0,4
2024-25,451,Samuel,Amo-Ameyaw,Amo-Ameyaw,Southampton,MID,1,26,0,0,0,0,0,1,4.0,16.1,6.0,2.6,0.02,0.13,44,0.1,0
2024-25,452,Joe,Aribo,Aribo,Southampton,MID,72,2007,3,0,1,56,7,394,386.2,293.0,242.0,92.3,2.69,1.23,49,0.1,21
2024-25,453,Adam,Armstrong,Armstrong,Southampton,FWD,45,1246,2,3,2,35,2,145,154.4,143.7,262.0,56.0,3.28,0.56,51,0.5,15
2024-25,454,Gavin,Bazunu,Bazunu,Southampton,GKP,0,0,0,0,0,0,0,0,0.0,0.0,0.0,0.0,0.00,0.00,43,0.1,0
2024-25,455,Jan,Bednarek,Bednarek,Southampton,DEF,60,2531,2,0,3,57,3,283,770.6,78.3,71.0,91.9,0.65,0.84,40,1.9,30
2024-25,456,Armel,Bella-Kotchap,Bella-Kotchap,Southampton,DEF,2,329,0,0,0,13,0,7,64.6,2.3,4.0,7.0,0.32,0.01,39,0.4,2
2024-25,457,James,Bree,Bree,Southampton,DEF,23,1070,0,1,1,31,0,95,187.4,159.4,43.0,39.0,0.11,0.71,39,0.3,13
2024-25,458,Shea,Charles,Charles,Southampton,MID,0,0,0,0,0,0,0,0,0.0,0.0,0.0,0.0,0.00,0.00,45,0.0,0
2024-25,459,Samuel,Edozie,Edozie,Southampton,MID,1,64,0,0,0,0,0,6,9.8,19.0,22.0,5.1,0.00,0.15,49,0.0,0
2024-25,460,Ronnie,Edwards,Edwards,Southampton,DEF,1,12,0,0,0,1,0,-1,5.0,0.1,0.0,0.5,0.00,0.00,39,0.2,0
2024-25,461,Taylor,Harwood-Bellis,Harwood-Bellis,Southampton,DEF,55,2824,1,0,3,65,2,268,727.0,218.3,252.0,119.9,1.78,0.68,39,4.1,32
2024-25,462,Kamaldeen,Sulemana,Kamaldeen,Southampton,MID,53,1394,1,2,3,36,2,163,187.2,182.4,290.0,65.7,1.39,0.85,50,0.0,17
2024-25,463,Adam,Lallana,Lallana,Southampton,MID,17,352,0,2,0,8,1,74,81.2,82.4,21.0,18.4,0.15,0.48,50,0.0,5
2024-25,464,Juan,Larios López,Larios,Southampton,DEF,0,0,0,0,0,0,0,0,0.0,0.0,0.0,0.0,0.00,0.00,39,0.1,0
2024-25,465,Mateusz,Lis,Lis,Southampton,GKP,0,0,0,0,0,0,0,0,0.0,0.0,0.0,0.0,0.00,0.00,40,0.1,0
2024-25,466,Joe,Lumley,Lumley,Southampton,GKP,8,270,0,0,0,7,0,22,102.2,0.0,0.0,10.2,0.00,0.00,40,0.4,3
2024-25,467,Ryan,Manning,Manning,Southampton,DEF,34,1458,0,2,1,35,0,162,307.4,498.3,71.0,87.6,0.34,2.80,43,0.1,18
2024-25,468,Sékou,Mara,Mara,Southampton,FWD,0,0,0,0,0,0,0,0,0.0,0.0,0.0,0.0,0.00,0.00,50,0.0,0
2024-25,469,Alex,McCarthy,McCarthy,Southampton,GKP,12,450,0,0,0,13,0,32,166.4,0.0,0.0,16.7,0.00,0.00,42,0.1,5
2024-25,470,Paul,Onuachu,Onuachu,Southampton,FWD,51,1038,4,1,1,26,4,151,219.8,127.3,479.0,81.7,3.61,0.26,49,0.3,11
2024-25,471,Will,Smallbone,Smallbone,Southampton,MID,26,679,1,0,0,22,0,119,112.6,163.3,64.0,33.9,0.57,0.89,50,0.0,6
2024-25,472,Jack,Stephens,Stephens,Southampton,DEF,31,1389,1,0,2,31,2,112,291.8,71.6,51.0,41.5,0.58,0.26,40,0.3,17
2024-25,473,Ross,Stewart,Stewart,Southampton,FWD,20,382,1,0,1,9,3,59,54.4,15.4,96.0,16.3,1.15,0.04,44,1.7,4
2024-25,474,Sugawara,Yukinari,Sugawara,Southampton,DEF,43,1548,1,1,2,46,0,116,315.4,291.3,137.0,74.2,0.48,2.47,42,0.1,16
2024-25,475,Charlie,Taylor,Taylor,Southampton,DEF,6,353,0,0,0,12,0,26,102.0,27.8,4.0,13.5,0.00,0.14,39,3.0,3
2024-25,476,Kyle,Walker-Peters,Walker-Peters,Southampton,DEF,54,2918,0,3,2,77,3,240,503.8,406.8,237.0,114.4,0.85,2.30,42,0.3,33
2024-25,477,Nathan,Wood-Gordon,Wood,Southampton,DEF,14,771,0,0,1,20,2,54,137.8,20.3,16.0,17.6,0.23,0.04,39,1.0,9
2024-25,515,Maxwel,Cornet,Cornet,Southampton,MID,1,71,0,0,0,4,0,12,11.6,3.5,7.0,2.2,0.16,0.00,47,0.0,1
2024-25,518,Flynn,Downes,Downes,Southampton,MID,48,2149,1,0,4,49,0,312,297.6,292.2,118.0,71.0,0.64,1.41,47,0.0,25
2024-25,584,Ben,Brereton Díaz,Brereton Díaz,Southampton,MID,13,446,0,0,0,10,0,43,21.8,63.6,81.0,16.8,0.90,0.15,48,0.1,4
2024-25,608,Tyler,Dibling,Dibling,Southampton,MID,68,1863,2,2,3,50,4,247,261.0,344.5,264.0,87.0,2.60,1.47,43,1.4,20
2024-25,623,Mateus Gonçalo,Espanha Fernandes,M.Fernandes,Southampton,MID,95,2911,2,4,5,66,8,513,553.4,649.5,372.0,157.8,4.12,3.62,50,0.1,34
2024-25,693,Joseph,O'Brien-Whitmarsh,O'Brien-Whitmarsh,Southampton,MID,0,0,0,0,0,0,0,0,0.0,0.0,0.0,0.0,0.00,0.00,45,0.0,0
2024-25,718,Welington Damascena,Santos,Welington,Southampton,DEF,14,478,0,0,1,10,0,53,120.2,58.4,11.0,19.0,0.04,0.16,40,0.0,6
2024-25,719,Joachim,Kayi-Sanda,Kayi Sanda,Southampton,DEF,2,12,0,0,0,1,0,3,3.2,0.3,2.0,0.6,0.00,0.00,40,0.0,0
2024-25,734,Albert,Grønbæk,Grønbæk,Southampton,MID,6,141,0,0,0,3,0,13,15.8,11.4,9.0,3.7,0.12,0.01,49,0.0,2
2024-25,748,Simon,Rusk,Rusk,Southampton,5,38,0,0,0,0,0,0,0,0.0,0.0,0.0,0.0,0.00,0.00,5,0.1,0
2024-25,798,Jay,Robinson,Jay Robinson,Southampton,FWD,5,134,0,0,0,2,0,19,21.8,34.4,29.0,8.6,0.07,0.53,44,0.0,1
2024-25,804,Jayden,Moore,Moore,Southampton,DEF,0,0,0,0,0,0,0,0,0.0,0.0,0.0,0.0,0.00,0.00,40,0.0,0
2024-25,82,Dominic,Solanke-Mitchell,Solanke,Spurs,FWD,108,2199,9,5,4,43,7,404,505.8,199.8,729.0,142.1,10.89,1.13,73,4.7,25
2024-25,478,Ashley,Phillips,A.Phillips,Spurs,DEF,0,0,0,0,0,0,0,0,0.0,0.0,0.0,0.0,0.00,0.00,40,0.1,0
2024-25,479,Brandon,Austin,Austin,Spurs,GKP,1,90,0,0,0,2,0,7,20.0,0.0,0.0,2.0,0.00,0.00,40,0.4,1
2024-25,480,Rodrigo,Bentancur,Bentancur,Spurs,MID,49,1640,2,0,3,26,1,293,324.6,208.5,165.0,70.2,1.36,1.02,49,0.1,21
2024-25,481,Lucas,Bergvall,Bergvall,Spurs,MID,44,1200,0,2,3,25,0,216,237.2,218.7,97.0,55.0,0.71,0.82,44,0.8,11
2024-25,482,Yves,Bissouma,Bissouma,Spurs,MID,50,1396,2,0,3,28,4,258,283.8,133.8,59.0,48.0,0.64,0.48,48,0.2,16
2024-25,483,Bryan,Gil Salvatierra,Bryan,Spurs,MID,0,0,0,0,0,0,0,0,0.0,0.0,0.0,0.0,0.00,0.00,50,0.0,0
2024-25,484,Ben,Davies,Davies,Spurs,DEF,28,1329,0,0,3,26,0,154,343.6,42.1,49.0,43.7,0.27,0.50,43,0.2,14
2024-25,485,Alfie,Devine,Devine,Spurs,MID,0,0,0,0,0,0,0,0,0.0,0.0,0.0,0.0,0.00,0.00,45,0.0,0
2024-25,486,Radu,Drăgușin,Dragusin,Spurs,DEF,24,1250,0,0,2,29,0,96,256.4,58.1,47.0,36.2,0.13,0.16,43,0.1,14
2024-25,487,Emerson,Leite de Souza Junior,E.Royal,Spurs,DEF,0,0,0,0,0,0,0,0,0.0,0.0,0.0,0.0,0.00,0.00,45,0.0,0
2024-25,488,Fraser,Forster,Forster,Spurs,GKP,19,630,0,0,1,15,0,64,221.0,0.0,0.0,22.2,0.00,0.00,43,0.3,7
2024-25,489,Archie,Gray,Gray,Spurs,MID,45,1750,0,0,2,41,0,253,254.6,71.4,15.0,34.3,0.03,0.19,46,0.2,19
2024-25,490,Pierre-Emile,Højbjerg,Højbjerg,Spurs,MID,0,0,0,0,0,0,0,0,0.0,0.0,0.0,0.0,0.00,0.00,50,0.0,0
2024-25,491,Brennan,Johnson,Johnson,Spurs,MID,137,2171,11,6,2,38,13,461,559.6,295.0,761.0,161.0,10.75,1.99,62,2.3,24
2024-25,492,Dejan,Kulusevski,Kulusevski,Spurs,MID,117,2386,7,4,6,41,9,426,613.6,843.8,733.0,218.7,4.06,4.03,62,2.2,27
2024-25,493,Giovani,Lo Celso,Lo Celso,Spurs,MID,0,0,0,0,0,0,0,0,0.0,0.0,0.0,0.0,0.00,0.00,49,0.0,0
2024-25,494,James,Maddison,Maddison,Spurs,MID,133,1799,9,8,6,32,15,592,683.4,702.3,495.0,187.8,5.54,5.92,74,3.8,21
2024-25,495,Pedro,Porro,Pedro Porro,Spurs,DEF,98,2606,2,6,6,47,6,456,778.4,932.9,200.0,191.2,1.63,4.71,52,16.5,28
2024-25,496,Sergio,Reguilón,Reguilón,Spurs,DEF,2,194,0,0,0,3,0,20,33.4,25.2,13.0,7.2,0.12,0.24,41,0.2,1
2024-25,497,Richarlison,de Andrade,Richarlison,Spurs,FWD,35,497,4,1,1,9,0,138,180.8,57.1,243.0,47.4,3.71,0.60,68,0.4,4
2024-25,498,Cristian,Romero,Romero,Spurs,DEF,49,1416,1,1,3,22,3,245,343.2,113.1,232.0,69.0,1.52,0.81,49,3.5,18
2024-25,499,Pape Matar,Sarr,P.M.Sarr,Spurs,MID,71,1901,3,2,2,38,4,365,398.4,257.2,220.0,87.2,3.72,0.78,47,0.2,22
2024-25,500,Dane,Scarlett,Scarlett,Spurs,FWD,6,31,0,1,0,1,0,20,24.4,11.0,17.0,5.2,0.04,0.00,44,0.7,0
2024-25,502,Manor,Solomon,Solomon,Spurs,MID,0,0,0,0,0,0,0,0,0.0,0.0,0.0,0.0,0.00,0.00,54,0.0,0
2024-25,503,Son,Heung-min,Son,Spurs,MID,129,2106,7,10,4,35,12,543,629.6,734.9,707.0,207.2,7.25,4.97,97,4.1,24
2024-25,504,Djed,Spence,Spence,Spurs,DEF,51,1790,1,2,3,39,6,216,433.0,226.6,100.0,76.1,0.58,1.41,44,0.7,19
2024-25,505,Destiny,Udogie,Udogie,Spurs,DEF,43,1923,0,1,2,35,0,233,354.8,256.5,132.0,74.5,0.31,1.22,48,1.5,24
2024-25,506,Micky,van de Ven,Van de Ven,Spurs,DEF,32,1014,0,2,2,17,2,139,212.0,39.4,57.0,30.9,0.54,0.70,45,2.4,12
2024-25,507,Alejo,Véliz,Veliz,Spurs,FWD,0,0,0,0,0,0,0,0,0.0,0.0,0.0,0.0,0.00,0.00,50,0.0,0
2024-25,508,Guglielmo,Vicario,Vicario,Spurs,GKP,66,2160,0,0,4,37,2,293,587.8,0.0,0.0,58.5,0.00,0.00,48,1.8,24
2024-25,509,Timo,Werner,Werner,Spurs,MID,34,504,0,3,1,12,2,120,114.6,148.0,113.0,37.1,1.04,1.55,62,0.1,4
2024-25,510,Alfie,Whiteman,Whiteman,Spurs,GKP,0,0,0,0,0,0,0,0,0.0,0.0,0.0,0.0,0.00,0.00,39,1.7,0
2024-25,609,Will,Lankshear,Lankshear,Spurs,FWD,3,10,0,0,0,0,0,7,0.0,0.0,0.0,0.0,0.00,0.00,45,1.0,0
2024-25,610,Mikey,Moore,Moore,Spurs,MID,19,359,0,2,0,5,0,51,33.2,45.2,34.0,11.0,0.20,0.56,45,0.2,3
2024-25,612,Wilson,Odobert,Odobert,Spurs,MID,34,843,1,0,1,20,3,92,101.2,108.6,156.0,36.7,1.63,0.76,53,0.0,9
2024-25,683,Callum,Olusesi,Olusesi,Spurs,MID,0,0,0,0,0,0,0,0,0.0,0.0,0.0,0.0,0.00,0.00,45,0.0,0
2024-25,684,Malachi,Hardy,Hardy,Spurs,DEF,0,0,0,0,0,0,0,0,0.0,0.0,0.0,0.0,0.00,0.00,40,0.0,0
2024-25,689,Luca,Williams-Barnett,Williams-Barnett,Spurs,MID,0,0,0,0,0,0,0,0,0.0,0.0,0.0,0.0,0.00,0.00,45,0.0,0
2024-25,699,Alfie,Dorrington,Dorrington,Spurs,DEF,1,13,0,0,0,0,0,4,1.0,0.2,0.0,0.1,0.00,0.00,40,0.0,0
2024-25,700,Maeson,King,King,Spurs,DEF,0,0,0,0,0,0,0,0,0.0,0.0,0.0,0.0,0.00,0.00,40,0.0,0
2024-25,716,Antonín,Kinsky,Kinsky,Spurs,GKP,17,540,0,0,1,11,0,86,208.2,10.1,0.0,21.7,0.00,0.01,41,0.1,6
2024-25,717,Min-Hyeok,Yang,Yang,Spurs,MID,0,0,0,0,0,0,0,0,0.0,0.0,0.0,0.0,0.00,0.00,45,0.0,0
2024-25,729,Damola,Ajayi,Ajayi,Spurs,MID,0,0,0,0,0,0,0,0,0.0,0.0,0.0,0.0,0.00,0.00,45,0.0,0
2024-25,749,Ange,Postecoglou,Postecoglou,Spurs,5,58,0,0,0,0,0,0,0,0.0,0.0,0.0,0.0,0.00,0.00,11,1.3,0
2024-25,760,Dante,Cassanova,Cassanova,Spurs,DEF,0,0,0,0,0,0,0,0,0.0,0.0,0.0,0.0,0.00,0.00,40,0.0,0
2024-25,767,Kevin,Danso,Danso,Spurs,DEF,16,842,0,0,1,18,0,104,242.0,34.4,72.0,34.9,0.40,0.12,44,0.0,9
2024-25,768,Mathys,Tel,Tel,Spurs,MID,42,908,2,2,2,20,2,151,183.8,208.3,236.0,62.3,2.96,1.55,58,0.1,11
2024-25,123,Evan,Ferguson,Ferguson,West Ham,FWD,28,385,1,0,1,9,2,97,80.0,68.5,104.0,25.0,1.13,0.66,55,0.3,3
2024-25,388,Aaron,Wan-Bissaka,Wan-Bissaka,West Ham,DEF,118,3154,2,6,6,59,15,496,807.4,531.5,188.0,152.7,1.18,2.75,45,6.4,35
2024-25,511,Edson,Álvarez Velázquez,Álvarez,West Ham,MID,40,1769,0,1,3,31,0,221,281.8,213.9,51.0,54.7,0.39,0.89,50,0.1,20
2024-25,512,Michail,Antonio,Antonio,West Ham,FWD,42,834,1,4,4,18,3,111,72.0,139.5,194.0,39.5,2.20,0.91,52,0.8,11
2024-25,513,Alphonse,Areola,Areola,West Ham,GKP,69,2259,0,0,4,41,1,261,619.8,0.0,0.0,62.1,0.00,0.00,42,7.2,25
2024-25,514,Jarrod,Bowen,Bowen,West Ham,MID,193,2974,13,11,8,50,21,678,903.0,737.8,1081.0,271.9,8.60,6.47,79,18.0,34
2024-25,516,Vladimír,Coufal,Coufal,West Ham,DEF,27,1056,0,0,2,21,1,89,204.0,142.0,70.0,41.3,0.37,0.89,41,0.4,11
2024-25,517,Aaron,Cresswell,Cresswell,West Ham,DEF,36,818,0,0,3,8,3,159,148.4,152.3,14.0,31.4,0.23,1.89,39,1.7,10
2024-25,519,George,Earthy,Earthy,West Ham,MID,0,0,0,0,0,0,0,0,0.0,0.0,0.0,0.0,0.00,0.00,45,0.0,0
2024-25,520,Emerson,Palmieri dos Santos,Emerson,West Ham,DEF,76,2108,2,1,5,41,4,219,420.4,310.9,173.0,90.4,1.95,2.19,44,0.6,26
2024-25,521,Łukasz,Fabiański,Fabianski,West Ham,GKP,39,1160,0,0,2,21,2,143,387.8,0.3,0.0,38.7,0.00,0.00,39,10.0,13
2024-25,522,Wes,Foderingham,Foderingham,West Ham,GKP,0,0,0,0,0,0,0,0,0.0,0.0,0.0,0.0,0.00,0.00,42,0.1,0
2024-25,523,Danny,Ings,Ings,West Ham,FWD,32,270,1,3,0,4,4,110,97.0,76.5,159.0,33.4,2.25,0.06,48,1.2,1
2024-25,524,Max,Kilman,Kilman,West Ham,DEF,82,3348,0,1,6,62,5,395,832.6,203.3,149.0,118.8,1.55,1.19,43,1.3,38
2024-25,525,Mohammed,Kudus,Kudus,West Ham,MID,106,2589,5,4,7,46,5,373,471.6,552.5,752.0,177.5,6.97,2.67,62,2.6,31
2024-25,526,Luis Guilherme,Lira dos Santos,L.Guilherme,West Ham,MID,12,139,0,0,0,5,0,47,27.6,49.1,32.0,10.8,0.42,0.13,46,0.0,1
2024-25,527,Lucas,Tolentino Coelho de Lima,L.Paquetá,West Ham,MID,80,2374,4,1,4,50,5,375,433.2,627.7,267.0,132.6,5.36,3.36,57,0.9,27
2024-25,528,Konstantinos,Mavropanos,Mavropanos,West Ham,DEF,45,2035,0,0,2,39,4,234,497.0,74.9,160.0,73.2,1.61,0.39,43,0.1,21
2024-25,529,Nayef,Aguerd,N.Aguerd,West Ham,DEF,0,0,0,0,0,0,0,0,0.0,0.0,0.0,0.0,0.00,0.00,44,0.0,0
2024-25,530,Tomáš,Souček,Souček,West Ham,MID,126,2563,9,2,7,44,15,442,672.6,231.8,643.0,154.0,6.60,1.27,48,1.5,30
2024-25,531,James,Ward-Prowse,Ward-Prowse,West Ham,MID,51,1433,1,2,5,18,2,293,282.4,378.3,138.0,80.0,1.59,2.68,61,0.5,17
2024-25,532,Kurt,Zouma,Zouma,West Ham,DEF,0,0,0,0,0,0,0,0,0.0,0.0,0.0,0.0,0.00,0.00,44,0.1,0
2024-25,576,Andy,Irving,Irving,West Ham,MID,9,161,0,0,0,4,0,38,37.6,26.5,17.0,8.1,0.13,0.12,47,0.0,1
2024-25,587,Crysencio,Summerville,Summerville,West Ham,MID,33,776,1,1,2,20,2,129,156.4,246.1,186.0,58.7,1.61,1.71,55,0.3,7
2024-25,588,Guido,Rodríguez,G.Rodríguez,West Ham,MID,36,1147,0,1,4,19,0,193,205.4,79.7,29.0,31.5,0.22,0.17,48,0.1,16
2024-25,589,Niclas,Füllkrug,Füllkrug,West Ham,FWD,42,783,3,2,2,18,3,152,187.2,173.3,221.0,56.8,2.14,0.47,67,0.9,6
2024-25,591,Jean-Clair,Todibo,Todibo,West Ham,DEF,54,1824,0,0,5,33,1,233,373.0,37.1,35.0,44.5,0.36,0.06,42,0.3,20
2024-25,643,Kaelan,Casey,Casey,West Ham,DEF,1,1,0,0,0,0,0,3,2.0,0.0,0.0,0.2,0.00,0.00,40,0.2,0
2024-25,654,Carlos,Soler,C.Soler,West Ham,MID,47,1394,1,1,2,25,2,216,189.0,295.8,186.0,67.2,1.85,1.93,50,0.0,14
2024-25,677,Ollie,Scarles,Scarles,West Ham,DEF,29,659,0,0,2,9,2,98,106.4,54.3,24.0,18.6,0.11,0.18,40,0.1,7
2024-25,686,Ezra,Mayers,Mayers,West Ham,DEF,0,0,0,0,0,0,0,0,0.0,0.0,0.0,0.0,0.00,0.00,40,0.0,0
2024-25,701,Lewis,Orford,Orford,West Ham,MID,2,47,0,0,0,1,0,13,6.4,27.6,6.0,4.0,0.03,0.04,45,0.0,0
2024-25,750,Graham,Potter,Potter,West Ham,5,84,0,0,0,0,0,0,0,0.0,0.0,0.0,0.0,0.00,0.00,5,2.6,0
2024-25,204,Sam,Johnstone,Johnstone,Wolves,GKP,12,630,0,0,0,17,0,42,193.8,10.0,0.0,20.4,0.00,0.00,41,0.2,7
2024-25,533,Rayan,Aït-Nouri,Aït-Nouri,Wolves,DEF,125,3112,4,7,7,67,13,447,778.4,694.3,435.0,191.0,2.69,3.98,51,15.0,37
2024-25,534,Boubacar,Traoré,B.Traore,Wolves,MID,1,1,0,0,0,0,0,3,4.0,0.0,0.0,0.4,0.00,0.00,48,0.0,0
2024-25,535,Jean-Ricner,Bellegarde,Bellegarde,Wolves,MID,90,1666,2,7,6,31,5,332,355.6,422.8,200.0,97.2,1.46,2.74,49,0.2,20
2024-25,536,Daniel,Bentley,Bentley,Wolves,GKP,9,180,0,0,1,4,1,29,60.0,0.0,0.0,6.0,0.00,0.00,39,1.7,2
2024-25,537,Francisco Jorge,Tomás Oliveira,Chiquinho,Wolves,MID,1,6,0,0,0,0,0,4,3.0,14.3,2.0,1.9,0.00,0.05,45,0.1,0
2024-25,538,Tawanda,Chirewa,Chirewa,Wolves,MID,0,0,0,0,0,0,0,0,0.0,0.0,0.0,0.0,0.00,0.00,45,0.0,0
2024-25,539,Leon,Chiwome,Chiwome,Wolves,FWD,0,0,0,0,0,0,0,0,0.0,0.0,0.0,0.0,0.00,0.00,44,1.1,0
2024-25,540,Luke,Cundle,Cundle,Wolves,MID,0,0,0,0,0,0,0,0,0.0,0.0,0.0,0.0,0.00,0.00,45,0.1,0
2024-25,541,Matheus,Santos Carneiro Da Cunha,Cunha,Wolves,FWD,178,2596,15,7,7,54,41,838,936.2,847.8,940.0,272.2,8.73,5.29,70,13.6,29
2024-25,542,Craig,Dawson,Dawson,Wolves,DEF,17,969,0,1,1,25,1,57,204.2,31.3,55.0,29.1,0.50,0.07,42,0.1,10
2024-25,543,Matt,Doherty,Doherty,Wolves,DEF,75,2105,2,1,6,38,4,307,502.2,179.9,135.0,81.8,1.12,1.24,43,0.3,25
2024-25,544,Tommy,Doyle,Doyle,Wolves,MID,28,474,0,1,0,10,0,128,114.6,101.7,34.0,25.3,0.55,0.35,47,0.0,3
2024-25,545,Fábio,Silva,Fábio Silva,Wolves,FWD,0,0,0,0,0,0,0,0,0.0,0.0,0.0,0.0,0.00,0.00,50,0.1,0
2024-25,546,Nathan,Fraser,Fraser,Wolves,FWD,0,0,0,0,0,0,0,0,0.0,0.0,0.0,0.0,0.00,0.00,45,1.0,0
2024-25,547,Enso,González,Gonzalez,Wolves,MID,0,0,0,0,0,0,0,0,0.0,0.0,0.0,0.0,0.00,0.00,44,0.0,0
2024-25,548,Gonçalo Manuel,Ganchinho Guedes,Guedes,Wolves,MID,62,979,2,4,3,25,2,187,215.8,213.9,217.0,64.0,3.28,0.92,53,0.1,10
2024-25,549,Hugo,Bueno López,H.Bueno,Wolves,DEF,0,0,0,0,0,0,0,0,0.0,0.0,0.0,0.0,0.00,0.00,45,0.0,0
2024-25,550,Hwang,Hee-chan,Hee Chan,Wolves,MID,37,646,2,1,0,19,0,130,111.6,72.7,84.0,26.7,0.79,0.35,61,0.2,5
2024-25,551,Joe,Hodge,Hodge,Wolves,MID,0,0,0,0,0,0,0,0,0.0,0.0,0.0,0.0,0.00,0.00,45,0.2,0
2024-25,552,Ki-Jana,Hoever,Hoever,Wolves,DEF,0,0,0,0,0,0,0,0,0.0,0.0,0.0,0.0,0.00,0.00,40,0.1,0
2024-25,553,João Victor,Gomes da Silva,J.Gomes,Wolves,MID,87,2975,3,1,6,59,7,489,513.4,428.9,231.0,117.3,2.94,2.61,49,0.2,35
2024-25,554,José,Malheiro de Sá,José Sá,Wolves,GKP,93,2610,0,0,7,48,4,305,603.4,30.0,0.0,63.4,0.00,0.01,44,2.8,29
2024-25,555,Saša,Kalajdžić,Kalajdžić,Wolves,FWD,0,0,0,0,0,0,0,0,0.0,0.0,0.0,0.0,0.00,0.00,48,0.0,0
2024-25,556,Tom,King,King,Wolves,GKP,1,1,0,0,0,0,0,3,0.0,0.0,0.0,0.0,0.00,0.00,39,1.2,0
2024-25,557,Mario,Lemina,Mario Jr.,Wolves,MID,47,1363,1,3,1,39,5,252,356.8,166.7,120.0,64.4,1.30,0.87,48,0.1,15
2024-25,558,Yerson,Mosquera,Mosquera,Wolves,DEF,3,441,0,0,0,12,0,24,110.2,27.3,21.0,16.0,0.33,0.03,38,0.7,5
2024-25,559,Nélson,Cabral Semedo,N.Semedo,Wolves,DEF,84,2889,0,4,8,49,0,302,504.6,404.9,149.0,106.0,1.05,1.71,45,0.6,32
2024-25,561,Pedro,Cardoso de Lima,Pedro Lima,Wolves,DEF,2,69,0,0,0,2,0,9,23.4,34.8,11.0,6.9,0.06,0.10,39,1.2,1
2024-25,562,Daniel,Castelo Podence,Podence,Wolves,MID,2,46,0,0,0,2,0,9,3.0,1.1,1.0,0.4,0.04,0.01,55,0.0,0
2024-25,563,Rodrigo,Martins Gomes,R.Gomes,Wolves,MID,42,794,2,0,1,20,0,183,186.6,180.2,113.0,47.6,0.72,0.87,51,0.1,7
2024-25,564,Santiago,Bueno,S.Bueno,Wolves,DEF,52,1678,0,0,5,34,2,174,345.4,15.8,80.0,44.2,0.45,0.10,43,0.1,18
2024-25,565,Pablo,Sarabia,Sarabia,Wolves,MID,50,800,3,2,1,17,3,175,217.6,245.9,177.0,63.8,2.88,1.90,50,0.1,7
2024-25,566,Jørgen,Strand Larsen,Strand Larsen,Wolves,FWD,145,2587,14,4,7,52,17,570,646.8,303.4,848.0,179.5,10.14,1.00,52,2.6,30
2024-25,567,Toti António,Gomes,Toti,Wolves,DEF,79,2613,0,1,8,45,8,370,617.2,144.2,102.0,86.5,0.73,0.60,43,0.3,30
2024-25,637,Bastien,Meupiyou,Meupiyou,Wolves,DEF,0,0,0,0,0,0,0,0,0.0,0.0,0.0,0.0,0.00,0.00,39,0.2,0
2024-25,642,André,Trindade da Costa Neto,André,Wolves,MID,61,2472,0,0,7,46,1,436,383.2,285.5,30.0,69.7,0.41,0.52,50,0.0,31
2024-25,655,Carlos Roberto,Forbs Borges,Forbs,Wolves,MID,9,236,0,0,0,9,0,35,25.8,24.2,35.0,8.3,0.15,0.10,54,0.0,1
2024-25,664,Alfie,Pond,Pond,Wolves,DEF,1,1,0,0,0,0,0,3,0.0,0.0,0.0,0.0,0.00,0.00,39,0.7,0
2024-25,682,Tom,Edozie,Edozie,Wolves,MID,0,0,0,0,0,0,0,0,0.0,0.0,0.0,0.0,0.00,0.00,45,0.0,0
2024-25,711,Wes,Okoduwa,Okoduwa,Wolves,DEF,0,0,0,0,0,0,0,0,0.0,0.0,0.0,0.0,0.00,0.00,40,0.0,0
2024-25,720,Emmanuel,Agbadou,Agbadou,Wolves,DEF,45,1410,1,0,4,22,1,223,395.2,57.3,67.0,52.0,0.90,0.32,40,0.4,16
2024-25,751,Vítor Manuel,de Oliveira Lopes Pereira,Pereira,Wolves,5,111,0,0,0,0,0,0,0,0.0,0.0,0.0,0.0,0.00,0.00,8,2.3,0
2024-25,769,Nasser,Djiga,Djiga,Wolves,DEF,4,65,0,0,0,2,0,11,5.6,2.1,0.0,0.8,0.00,0.01,45,0.0,1
2024-25,770,Marshall,Munetsi,Munetsi,Wolves,MID,50,1077,2,2,5,11,4,134,176.8,132.9,212.0,52.3,3.32,1.08,50,0.1,12
2024-25,784,Mateus,Mané,Mané,Wolves,FWD,1,1,0,0,0,0,0,3,0.0,0.3,0.0,0.0,0.00,0.00,45,0.1,0
2025-26,1,David,Raya Martín,Raya,Arsenal,GKP,162,3330,0,0,19,26,11,633,541.6,33.5,0.0,57.5,0.00,0.07,62,36.4,37
2025-26,2,Kepa,Arrizabalaga Revuelta,Arrizabalaga,Arsenal,GKP,2,90,0,0,0,1,0,11,19.8,0.0,0.0,2.0,0.00,0.00,40,0.4,1
2025-26,3,Karl,Hein,Hein,Arsenal,GKP,0,0,0,0,0,0,0,0,0.0,0.0,0.0,0.0,0.00,0.00,40,0.2,0
2025-26,4,Tommy,Setford,Setford,Arsenal,GKP,0,0,0,0,0,0,0,0,0.0,0.0,0.0,0.0,0.00,0.00,39,0.2,0
2025-26,5,Gabriel,dos Santos Magalhães,Gabriel,Arsenal,DEF,209,2750,3,5,18,20,30,724,824.0,128.5,298.0,125.0,2.94,1.75,73,45.4,30
2025-26,6,William,Saliba,Saliba,Arsenal,DEF,137,2614,1,0,15,20,12,581,552.6,201.0,90.0,84.3,0.88,1.21,63,17.1,30
2025-26,7,Riccardo,Calafiori,Calafiori,Arsenal,DEF,109,1697,1,2,13,8,6,389,283.0,182.3,313.0,77.9,3.36,0.76,56,6.0,22
2025-26,8,Jurriën,Timber,J.Timber,Arsenal,DEF,149,2452,3,6,13,20,9,532,499.0,402.6,352.0,125.7,4.71,1.53,60,15.2,28
2025-26,9,Jakub,Kiwior,Kiwior,Arsenal,DEF,0,0,0,0,0,0,0,0,0.0,0.0,0.0,0.0,0.00,0.00,54,0.0,0
2025-26,10,Myles,Lewis-Skelly,Lewis-Skelly,Arsenal,DEF,29,697,0,0,2,8,0,110,73.2,74.6,29.0,17.6,0.10,0.20,50,1.9,5
2025-26,11,Benjamin,White,White,Arsenal,DEF,45,699,0,1,5,6,3,181,154.8,133.4,54.0,34.3,0.45,0.69,51,0.5,9
2025-26,13,Brayden,Clarke,Clarke,Arsenal,DEF,0,0,0,0,0,0,0,0,0.0,0.0,0.0,0.0,0.00,0.00,37,0.5,0
2025-26,14,Maldini,Kacurri,Kacurri,Arsenal,DEF,0,0,0,0,0,0,0,0,0.0,0.0,0.0,0.0,0.00,0.00,39,0.1,0
2025-26,15,Josh,Nichols,Nichols,Arsenal,DEF,0,0,0,0,0,0,0,0,0.0,0.0,0.0,0.0,0.00,0.00,37,0.2,0
2025-26,16,Bukayo,Saka,Saka,Arsenal,MID,157,2218,7,10,12,16,18,570,627.0,847.6,828.0,230.6,7.57,7.16,100,11.6,25
2025-26,17,Martin,Ødegaard,Ødegaard,Arsenal,MID,74,1363,1,7,6,13,5,306,311.8,564.4,168.0,104.4,1.25,3.65,78,1.7,16
2025-26,18,Noni,Madueke,Madueke,Arsenal,MID,72,1205,3,1,8,9,9,254,257.4,352.8,404.0,101.3,1.23,2.86,68,0.8,16
2025-26,19,Gabriel,Martinelli Silva,Martinelli,Arsenal,MID,57,1065,1,5,2,8,3,195,204.6,202.2,390.0,79.0,4.12,1.27,68,0.9,11
2025-26,20,Leandro,Trossard,Trossard,Arsenal,MID,119,1997,6,6,11,15,11,445,494.0,545.5,541.0,158.3,5.60,3.59,66,1.8,21
2025-26,21,Declan,Rice,Rice,Arsenal,MID,184,3093,4,9,18,25,23,790,827.2,1027.4,298.0,215.4,3.15,7.32,72,23.3,35
2025-26,22,Mikel,Merino Zazón,Merino,Arsenal,MID,67,1024,4,3,4,10,5,236,304.4,191.8,244.0,73.6,3.36,1.45,53,0.7,10
2025-26,23,Fábio,Ferreira Vieira,Fábio Vieira,Arsenal,MID,0,0,0,0,0,0,0,0,0.0,0.0,0.0,0.0,0.00,0.00,54,0.0,0
2025-26,24,Christian,Nørgaard,Nørgaard,Arsenal,MID,7,101,0,0,0,1,0,28,23.4,5.5,10.0,4.0,0.08,0.04,51,0.1,1
2025-26,25,Ethan,Nwaneri,Nwaneri,Arsenal,MID,8,165,0,0,1,0,0,20,8.6,22.5,24.0,5.4,0.23,0.08,50,0.1,0
2025-26,26,Martín,Zubimendi Ibáñez,Zubimendi,Arsenal,MID,133,2991,5,1,16,25,9,604,603.2,385.1,271.0,126.2,2.84,2.27,49,2.7,34
2025-26,28,Ismeal,Kabia,Kabia,Arsenal,MID,0,0,0,0,0,0,0,0,0.0,0.0,0.0,0.0,0.00,0.00,45,0.1,0
2025-26,29,Albert,Sambi Lokonga,Sambi,Arsenal,MID,0,0,0,0,0,0,0,0,0.0,0.0,0.0,0.0,0.00,0.00,45,0.0,0
2025-26,30,Kai,Havertz,Havertz,Arsenal,FWD,36,577,2,3,4,4,3,143,152.6,134.6,210.0,49.9,3.31,0.64,73,0.7,7
2025-26,31,Gabriel,Fernando de Jesus,G.Jesus,Arsenal,FWD,24,418,3,0,1,6,0,92,141.8,54.3,281.0,47.5,2.71,0.26,64,0.4,3
2025-26,266,Eberechi,Eze,Eze,Arsenal,MID,113,1885,7,3,11,14,8,439,393.4,305.7,455.0,115.1,5.18,2.66,73,8.7,22
2025-26,662,Cristhian,Mosquera,Mosquera,Arsenal,DEF,40,986,0,0,3,8,1,195,219.2,88.7,20.0,32.9,0.10,0.63,53,0.3,9
2025-26,666,Viktor,Gyökeres,Gyökeres,Arsenal,FWD,128,2217,14,1,12,14,16,474,539.6,271.7,772.0,157.5,12.26,1.94,91,16.4,26
2025-26,700,Max,Dowman,Dowman,Arsenal,MID,16,152,1,1,1,1,0,51,45.2,55.5,65.0,16.6,1.19,0.30,42,0.9,1
2025-26,711,Andre,Harriman-Annous,Harriman-Annous,Arsenal,MID,0,0,0,0,0,0,0,0,0.0,0.0,0.0,0.0,0.00,0.00,44,0.0,0
2025-26,725,Piero,Hincapié,Hincapie,Arsenal,DEF,87,1787,1,2,5,19,7,335,453.6,184.7,72.0,70.9,0.36,1.67,51,0.9,20
2025-26,759,Marli,Salmon,Salmon,Arsenal,DEF,0,0,0,0,0,0,0,0,0.0,0.0,0.0,0.0,0.00,0.00,40,0.0,0
2025-26,32,Emiliano,Martínez Romero,Martinez,Aston Villa,GKP,120,2835,0,1,7,39,11,530,769.8,23.2,0.0,79.2,0.00,0.08,50,4.4,32
2025-26,33,Marco,Bizot,M.Bizot,Aston Villa,GKP,16,585,0,0,1,10,0,75,139.2,0.0,0.0,13.9,0.00,0.00,42,0.4,6
2025-26,34,Joe,Gauci,Gauci,Aston Villa,GKP,0,0,0,0,0,0,0,0,0.0,0.0,0.0,0.0,0.00,0.00,40,0.1,0
2025-26,35,Filip,Marschall,Marschall,Aston Villa,GKP,0,0,0,0,0,0,0,0,0.0,0.0,0.0,0.0,0.00,0.00,40,0.0,0
2025-26,36,Matty,Cash,Cash,Aston Villa,DEF,117,3016,3,3,8,38,7,450,643.0,510.7,221.0,137.5,1.14,2.94,46,7.4,34
2025-26,37,Lucas,Digne,Digne,Aston Villa,DEF,97,1842,0,7,7,23,5,381,400.2,455.5,130.0,98.5,0.67,3.28,45,1.5,21
2025-26,38,Ezri,Konsa Ngoyo,Konsa,Aston Villa,DEF,100,3035,0,1,9,44,3,497,601.4,108.3,124.0,84.0,1.27,0.59,44,7.0,34
2025-26,39,Ian,Maatsen,Maatsen,Aston Villa,DEF,54,1590,0,1,2,27,1,242,336.6,373.4,231.0,94.3,1.26,2.39,42,0.5,17
2025-26,40,Tyrone,Mings,Mings,Aston Villa,DEF,50,1322,0,1,3,23,4,169,282.6,80.5,105.0,46.8,1.30,0.42,43,0.6,15
2025-26,41,Pau,Torres,Pau,Aston Villa,DEF,64,1673,0,2,5,19,2,280,321.8,47.1,79.0,45.1,1.33,0.39,43,0.3,18
2025-26,42,Andrés,García,A.García,Aston Villa,DEF,5,83,0,0,0,3,0,12,17.8,3.2,2.0,2.3,0.00,0.01,39,0.2,1
2025-26,43,Álex,Moreno Lopera,Alex Moreno,Aston Villa,DEF,0,0,0,0,0,0,0,0,0.0,0.0,0.0,0.0,0.00,0.00,40,1.5,0
2025-26,44,Lamare,Bogarde,Bogarde,Aston Villa,DEF,40,1042,0,0,2,17,4,121,133.0,59.4,14.0,20.6,0.00,0.20,40,0.5,11
2025-26,45,Lino,da Cruz Sousa,Sousa,Aston Villa,DEF,0,0,0,0,0,0,0,0,0.0,0.0,0.0,0.0,0.00,0.00,38,0.2,0
2025-26,46,Yasin,Özcan,Yasin,Aston Villa,DEF,0,0,0,0,0,0,0,0,0.0,0.0,0.0,0.0,0.00,0.00,40,0.1,0
2025-26,47,Morgan,Rogers,Rogers,Aston Villa,MID,169,3280,10,8,9,48,17,605,746.2,706.2,871.0,232.0,6.84,4.32,73,20.2,37
2025-26,48,Youri,Tielemans,Tielemans,Aston Villa,MID,68,1857,0,4,4,27,3,417,432.0,513.6,184.0,113.1,1.14,3.26,59,0.7,21
2025-26,49,Leon,Bailey,Bailey,Aston Villa,MID,21,450,0,2,0,9,0,69,71.2,160.4,69.0,30.1,0.50,1.46,55,0.1,3
2025-26,50,Emiliano,Buendía Stati,Buendía,Aston Villa,MID,102,1753,6,2,3,24,10,382,427.0,402.1,398.0,121.4,3.38,2.23,53,0.4,21
2025-26,51,Samuel,Iling-Junior,Iling Jr,Aston Villa,MID,0,0,0,0,0,0,0,0,0.0,0.0,0.0,0.0,0.00,0.00,55,0.0,0
2025-26,53,Donyell,Malen,Malen,Aston Villa,MID,55,640,4,2,1,10,3,161,183.4,99.7,290.0,56.3,4.03,0.35,51,0.4,5
2025-26,54,John,McGinn,McGinn,Aston Villa,MID,103,2136,5,4,8,28,6,443,459.8,605.3,309.0,137.3,3.00,4.11,53,0.7,28
2025-26,55,Ross,Barkley,Barkley,Aston Villa,MID,56,844,3,2,1,15,5,221,227.8,162.3,191.0,58.1,1.58,1.26,48,0.1,7
2025-26,56,Enzo,Barrenechea,Barrenechea,Aston Villa,MID,0,0,0,0,0,0,0,0,0.0,0.0,0.0,0.0,0.00,0.00,50,0.0,0
2025-26,57,Lewis,Dobbin,Dobbin,Aston Villa,MID,0,0,0,0,0,0,0,0,0.0,0.0,0.0,0.0,0.00,0.00,50,0.0,0
2025-26,58,Boubacar,Kamara,Kamara,Aston Villa,MID,61,1410,1,3,5,15,7,282,325.0,241.3,75.0,64.2,0.53,0.84,49,0.2,17
2025-26,59,Amadou,Onana,Onana,Aston Villa,MID,76,1755,2,0,6,26,4,353,413.2,152.6,178.0,74.4,1.68,0.69,48,0.6,21
2025-26,60,Ben,Broggio,Broggio,Aston Villa,MID,0,0,0,0,0,0,0,0,0.0,0.0,0.0,0.0,0.00,0.00,44,0.2,0
2025-26,61,Leander,Dendoncker,Dendoncker,Aston Villa,MID,0,0,0,0,0,0,0,0,0.0,0.0,0.0,0.0,0.00,0.00,45,0.1,0
2025-26,62,Jamaldeen,Jimoh-Aloba,Jimoh-Aloba,Aston Villa,MID,1,8,0,0,0,0,0,3,0.2,0.3,0.0,0.1,0.00,0.00,45,0.1,0
2025-26,63,Kadan,Young,Young,Aston Villa,MID,0,0,0,0,0,0,0,0,0.0,0.0,0.0,0.0,0.00,0.00,43,0.5,0
2025-26,64,Ollie,Watkins,Watkins,Aston Villa,FWD,167,2833,16,4,9,38,26,623,720.2,330.9,1206.0,225.2,15.40,1.18,87,13.0,33
2025-26,65,Zépiqueno,Redmond,Redmond,Aston Villa,FWD,0,0,0,0,0,0,0,0,0.0,0.0,0.0,0.0,0.00,0.00,45,0.3,0
2025-26,389,Harvey,Elliott,Elliott,Aston Villa,MID,5,110,0,0,0,2,0,17,11.8,31.7,31.0,7.4,0.29,0.08,51,0.2,1
2025-26,456,Jadon,Sancho,Sancho,Aston Villa,MID,37,863,0,2,2,10,0,141,130.2,290.6,193.0,61.6,0.61,1.87,58,0.2,9
2025-26,688,James,Wright,Wright,Aston Villa,GKP,0,0,0,0,0,0,0,0,0.0,0.0,0.0,0.0,0.00,0.00,39,0.6,0
2025-26,699,Douglas Luiz,Soares de Paulo,Douglas Luiz,Aston Villa,MID,35,913,1,1,1,15,0,220,201.6,294.3,94.0,59.1,0.53,1.42,49,0.1,12
2025-26,701,Triston,Rowe,Rowe,Aston Villa,DEF,0,0,0,0,0,0,0,0,0.0,0.0,0.0,0.0,0.00,0.00,40,0.1,0
2025-26,702,Bradley,Burrowes,Burrowes,Aston Villa,MID,1,16,0,0,0,1,0,3,0.0,0.3,0.0,0.0,0.00,0.00,43,0.1,0
2025-26,703,Sam,Proctor,Proctor,Aston Villa,GKP,0,0,0,0,0,0,0,0,0.0,0.0,0.0,0.0,0.00,0.00,39,0.6,0
2025-26,710,Travis,Patterson,Patterson,Aston Villa,DEF,0,0,0,0,0,0,0,0,0.0,0.0,0.0,0.0,0.00,0.00,39,0.2,0
2025-26,719,Victor,Lindelöf,Lindelöf,Aston Villa,DEF,29,942,0,1,1,15,0,124,167.8,36.6,22.0,22.7,0.28,0.10,45,0.1,11
2025-26,754,George,Hemmings,George Hemmings,Aston Villa,MID,2,25,0,0,0,0,0,5,0.0,1.7,2.0,0.3,0.04,0.01,45,0.0,0
2025-26,757,Ronnie,Hollingshead,Hollingshead,Aston Villa,GKP,0,0,0,0,0,0,0,0,0.0,0.0,0.0,0.0,0.00,0.00,40,0.0,0
2025-26,768,Leon,Routh,Leon Routh,Aston Villa,DEF,0,0,0,0,0,0,0,0,0.0,0.0,0.0,0.0,0.00,0.00,40,0.0,0
2025-26,781,TJ,Carroll,Carroll,Aston Villa,DEF,0,0,0,0,0,0,0,0,0.0,0.0,0.0,0.0,0.00,0.00,40,0.0,0
2025-26,792,Alysson Edward Franco,da Rocha dos Santos,Alysson,Aston Villa,MID,3,47,0,0,0,2,0,11,3.2,3.5,10.0,1.5,0.05,0.05,50,0.0,0
2025-26,808,Tammy,Abraham,Abraham,Aston Villa,FWD,23,278,2,0,0,8,2,93,87.2,49.2,136.0,27.1,2.05,0.36,57,0.2,2
2025-26,183,Max,Weiß,Weiss,Burnley,GKP,7,270,0,0,0,4,0,39,76.8,10.0,0.0,8.7,0.00,0.00,42,0.2,3
2025-26,184,Etienne,Green,Green,Burnley,GKP,0,0,0,0,0,0,0,0,0.0,0.0,0.0,0.0,0.00,0.00,40,0.2,0
2025-26,185,Václav,Hladký,Hladký,Burnley,GKP,0,0,0,0,0,0,0,0,0.0,0.0,0.0,0.0,0.00,0.00,39,0.1,0
2025-26,186,Connor,Roberts,Roberts,Burnley,DEF,0,0,0,0,0,0,0,0,0.0,0.0,0.0,0.0,0.00,0.00,43,0.0,0
2025-26,187,Kyle,Walker,Walker,Burnley,DEF,70,3095,0,2,4,66,3,242,506.0,237.2,28.0,77.4,0.15,1.29,44,1.2,35
2025-26,188,Hannes,Delcroix,Delcroix,Burnley,DEF,0,0,0,0,0,0,0,0,0.0,0.0,0.0,0.0,0.00,0.00,38,0.2,0
2025-26,189,Owen,Dodgson,Dodgson,Burnley,DEF,0,0,0,0,0,0,0,0,0.0,0.0,0.0,0.0,0.00,0.00,40,0.0,0
2025-26,190,Hjalmar,Ekdal,Ekdal,Burnley,DEF,52,1539,0,0,2,34,2,159,372.0,55.8,88.0,51.7,0.25,0.32,38,0.7,17
2025-26,191,Maxime,Estève,Estève,Burnley,DEF,85,2933,0,0,3,70,0,264,745.4,92.5,97.0,93.7,0.73,0.59,38,7.0,34
2025-26,192,Quilindschy,Hartman,Hartman,Burnley,DEF,63,1825,0,6,3,40,0,228,422.2,288.8,83.0,79.5,0.32,1.98,40,0.6,21
2025-26,193,Bashir,Humphreys,Humphreys,Burnley,DEF,47,1574,0,2,2,33,1,210,379.0,135.6,101.0,61.4,0.42,0.68,39,0.1,17
2025-26,194,Jordan,Beyer,Jordan,Burnley,DEF,0,0,0,0,0,0,0,0,0.0,0.0,0.0,0.0,0.00,0.00,39,0.1,0
2025-26,195,Lucas,Pires Silva,Lucas Pires,Burnley,DEF,25,1405,0,0,1,30,0,127,247.0,294.6,117.0,65.6,0.60,1.46,38,0.3,15
2025-26,196,Shurandy,Sambo,Sambo,Burnley,DEF,0,0,0,0,0,0,0,0,0.0,0.0,0.0,0.0,0.00,0.00,40,0.0,0
2025-26,197,Oliver,Sonne,Sonne,Burnley,DEF,13,164,1,0,0,4,0,20,44.8,18.1,30.0,9.2,0.55,0.08,38,0.2,1
2025-26,198,Axel,Tuanzebe,Tuanzebe,Burnley,DEF,34,1201,1,0,1,26,0,102,276.4,11.1,52.0,34.1,0.61,0.12,39,0.9,14
2025-26,199,Joe,Worrall,Worrall,Burnley,DEF,20,496,0,0,0,11,0,40,147.4,1.5,19.0,17.0,0.08,0.02,38,0.2,5
2025-26,200,Jaidon,Anthony,Anthony,Burnley,MID,127,2717,8,4,4,59,6,513,586.8,552.2,619.0,175.8,5.11,2.85,50,2.4,32
2025-26,201,Manuel,Benson Hedilazio,Benson,Burnley,MID,0,0,0,0,0,0,0,0,0.0,0.0,0.0,0.0,0.00,0.00,54,0.0,0
2025-26,202,Jacob,Bruun Larsen,Bruun Larsen,Burnley,MID,41,1014,0,1,3,29,0,123,121.0,212.4,140.0,47.4,1.37,1.16,52,0.0,10
2025-26,203,Enock,Agyei,Boateng,Burnley,MID,0,0,0,0,0,0,0,0,0.0,0.0,0.0,0.0,0.00,0.00,47,0.0,0
2025-26,204,Darko,Churlinov,Churlinov,Burnley,MID,0,0,0,0,0,0,0,0,0.0,0.0,0.0,0.0,0.00,0.00,49,0.0,0
2025-26,205,Josh,Cullen,Cullen,Burnley,MID,70,1513,2,2,3,29,8,321,342.0,218.1,98.0,66.0,0.94,1.36,49,0.8,18
2025-26,206,Marcus,Edwards,Edwards,Burnley,MID,51,1058,1,3,1,18,2,189,180.0,283.9,226.0,68.9,1.49,1.84,47,0.1,11
2025-26,207,Hannibal,Mejbri,Hannibal,Burnley,MID,59,1219,1,5,2,27,4,261,252.8,330.9,128.0,71.0,0.91,2.08,47,0.1,15
2025-26,208,Luca,Koleosho,Koleosho,Burnley,MID,0,0,0,0,0,0,0,0,0.0,0.0,0.0,0.0,0.00,0.00,50,0.0,0
2025-26,209,Josh,Laurent,Laurent,Burnley,MID,56,1752,1,0,2,41,1,232,298.0,185.1,111.0,58.6,0.87,0.48,48,0.0,18
2025-26,210,Loum,Tchaouna,Tchaouna,Burnley,MID,59,1259,2,2,2,24,0,208,185.8,231.1,173.0,59.3,1.27,0.91,48,0.0,14
2025-26,211,Aaron,Ramsey,A.Ramsey,Burnley,MID,0,0,0,0,0,0,0,0,0.0,0.0,0.0,0.0,0.00,0.00,44,1.4,0
2025-26,212,Oluwaseun,Adewumi,Adewumi,Burnley,MID,0,0,0,0,0,0,0,0,0.0,0.0,0.0,0.0,0.00,0.00,45,0.0,0
2025-26,213,Jaydon,Banel,Banel,Burnley,MID,1,9,0,0,0,0,0,2,0.0,0.5,0.0,0.0,0.00,0.00,45,0.0,0
2025-26,214,Mike,Trésor Ndayishimiye,Trésor,Burnley,MID,6,37,0,0,0,2,0,18,7.2,15.2,2.0,2.4,0.00,0.00,43,0.1,0
2025-26,215,Zian,Flemming,Flemming,Burnley,FWD,99,1764,11,0,3,35,11,371,466.0,159.5,533.0,114.9,7.94,0.41,53,0.8,21
2025-26,216,Zeki,Amdouni,Amdouni,Burnley,FWD,4,69,0,0,0,0,0,10,2.6,5.1,20.0,2.6,0.24,0.02,48,0.0,0
2025-26,217,Lyle,Foster,Foster,Burnley,FWD,58,1361,3,2,4,30,4,202,219.0,147.0,262.0,62.1,3.22,0.37,49,0.7,15
2025-26,218,Ashley,Barnes,Barnes,Burnley,FWD,5,40,0,0,0,3,0,11,2.2,1.9,44.0,4.8,0.25,0.04,42,1.2,0
2025-26,219,Michael,Obafemi,Obafemi,Burnley,FWD,0,0,0,0,0,0,0,0,0.0,0.0,0.0,0.0,0.00,0.00,44,0.1,0
2025-26,470,Martin,Dúbravka,Dúbravka,Burnley,GKP,96,3150,0,0,4,71,7,436,976.4,0.0,0.0,97.9,0.00,0.04,40,25.7,35
2025-26,614,James,Ward-Prowse,Ward-Prowse,Burnley,MID,40,1092,0,1,2,27,0,248,215.0,384.4,22.0,62.1,0.24,1.87,56,0.2,12
2025-26,676,Lesley,Ugochukwu,Ugochukwu,Burnley,MID,97,2330,3,3,3,51,5,374,412.2,181.5,210.0,80.2,2.50,0.41,50,0.1,27
2025-26,680,Armando,Broja,Broja,Burnley,FWD,43,843,1,1,1,27,2,119,102.0,78.9,207.0,38.5,2.14,0.22,52,0.1,8
2025-26,722,Florentino Ibrain,Morris Luís,Florentino,Burnley,MID,84,2100,0,2,2,45,0,357,421.0,234.5,56.0,71.4,0.64,0.52,50,0.0,25
2025-26,776,Oliver,Pimlott,Pimlott,Burnley,MID,0,0,0,0,0,0,0,0,0.0,0.0,0.0,0.0,0.00,0.00,45,0.0,0
2025-26,784,George,Brierley,Brierley,Burnley,MID,0,0,0,0,0,0,0,0,0.0,0.0,0.0,0.0,0.00,0.00,45,0.0,0
2025-26,820,Kian,McMahon-Brown,McMahon-Brown,Burnley,MID,0,0,0,0,0,0,0,0,0.0,0.0,0.0,0.0,0.00,0.00,45,0.0,0
2025-26,66,Norberto,Murara Neto,Neto,Bournemouth,GKP,0,0,0,0,0,0,0,0,0.0,0.0,0.0,0.0,0.00,0.00,45,0.1,0
2025-26,67,Đorđe,Petrović,Petrović,Bournemouth,GKP,124,3420,0,0,11,54,5,512,822.6,0.0,0.0,82.4,0.00,0.00,46,5.2,38
2025-26,68,Will,Dennis,Dennis,Bournemouth,GKP,0,0,0,0,0,0,0,0,0.0,0.0,0.0,0.0,0.00,0.00,40,0.7,0
2025-26,69,Callan,McKenna,McKenna,Bournemouth,GKP,0,0,0,0,0,0,0,0,0.0,0.0,0.0,0.0,0.00,0.00,39,0.2,0
2025-26,70,Alex,Paulsen,Paulsen,Bournemouth,GKP,0,0,0,0,0,0,0,0,0.0,0.0,0.0,0.0,0.00,0.00,40,0.1,0
2025-26,71,Illia,Zabarnyi,Zabarnyi,Bournemouth,DEF,0,0,0,0,0,0,0,0,0.0,0.0,0.0,0.0,0.00,0.00,50,0.0,0
2025-26,72,Marcos,Senesi Barón,Senesi,Bournemouth,DEF,175,3288,0,6,11,53,14,571,1114.4,367.8,201.0,168.6,1.53,4.72,52,22.0,37
2025-26,73,Adam,Smith,Smith,Bournemouth,DEF,58,1073,0,2,6,16,4,185,176.2,76.6,18.0,27.1,0.00,0.23,44,0.2,14
2025-26,74,Adrien,Truffert,Truffert,Bournemouth,DEF,165,3378,1,6,11,51,19,607,857.0,574.2,194.0,162.6,1.35,3.07,48,5.3,38
2025-26,75,Matai,Akinmboni,Akinmboni,Bournemouth,DEF,0,0,0,0,0,0,0,0,0.0,0.0,0.0,0.0,0.00,0.00,38,0.2,0
2025-26,76,Owen,Bevan,Bevan,Bournemouth,DEF,0,0,0,0,0,0,0,0,0.0,0.0,0.0,0.0,0.00,0.00,38,0.2,0
2025-26,77,James,Hill,Hill,Bournemouth,DEF,110,2102,0,3,8,24,4,386,579.4,161.7,119.0,86.3,0.89,1.16,42,7.4,22
2025-26,78,Julián,Araujo Zúñiga,J.Araujo,Bournemouth,DEF,0,0,0,0,0,0,0,0,0.0,0.0,0.0,0.0,0.00,0.00,38,0.5,0
2025-26,79,Chris,Mepham,Mepham,Bournemouth,DEF,0,0,0,0,0,0,0,0,0.0,0.0,0.0,0.0,0.00,0.00,40,0.1,0
2025-26,80,Julio,Soler Barreto,Soler,Bournemouth,DEF,3,34,0,0,0,2,0,2,1.8,2.5,2.0,0.6,0.00,0.00,39,0.2,0
2025-26,81,Justin,Kluivert,Kluivert,Bournemouth,MID,41,945,2,0,4,19,3,147,148.0,305.1,135.0,58.8,2.31,1.55,69,0.6,10
2025-26,84,Marcus,Tavernier,Tavernier,Bournemouth,MID,137,2732,7,4,11,44,14,552,656.8,816.6,605.0,207.9,9.06,4.60,53,4.2,31
2025-26,85,Tyler,Adams,Adams,Bournemouth,MID,77,1769,2,2,7,28,3,346,387.0,158.2,115.0,66.3,0.63,0.63,49,0.3,21
2025-26,86,David,Brooks,Brooks,Bournemouth,MID,59,1188,1,3,5,20,4,215,236.2,384.5,434.0,104.1,5.81,3.40,50,0.2,13
2025-26,87,Ryan,Christie,Christie,Bournemouth,MID,47,978,2,1,3,14,2,214,226.6,197.0,220.0,64.7,1.81,0.79,49,0.1,9
2025-26,88,Lewis,Cook,Cook,Bournemouth,MID,40,872,0,1,1,19,0,190,206.8,183.8,12.0,40.6,0.07,0.52,49,0.0,8
2025-26,89,Philip,Billing,Philip,Bournemouth,MID,0,0,0,0,0,0,0,0,0.0,0.0,0.0,0.0,0.00,0.00,49,0.0,0
2025-26,90,Alex,Scott,Scott,Bournemouth,MID,136,2848,3,2,11,41,9,603,597.2,482.0,314.0,139.0,3.80,2.94,49,2.1,34
2025-26,91,Luis,Sinisterra Lucumí,Sinisterra,Bournemouth,MID,0,0,0,0,0,0,0,0,0.0,0.0,0.0,0.0,0.00,0.00,50,0.0,0
2025-26,92,Romain,Faivre,Faivre,Bournemouth,MID,0,0,0,0,0,0,0,0,0.0,0.0,0.0,0.0,0.00,0.00,45,0.1,0
2025-26,93,Hamed,Traorè,H.Traorè,Bournemouth,MID,4,16,0,1,0,2,0,12,21.2,10.0,0.0,3.1,0.00,0.00,45,0.3,0
2025-26,94,Dominic,Sadi,Sadi,Bournemouth,MID,0,0,0,0,0,0,0,0,0.0,0.0,0.0,0.0,0.00,0.00,45,0.0,0
2025-26,95,Zain,Silcott-Duberry,Silcott-Duberry,Bournemouth,MID,0,0,0,0,0,0,0,0,0.0,0.0,0.0,0.0,0.00,0.00,44,0.1,0
2025-26,96,Ben,Winterburn,Winterburn,Bournemouth,MID,1,6,0,0,0,2,0,3,0.0,0.0,0.0,0.0,0.00,0.00,45,0.0,0
2025-26,97,Francisco Evanilson,de Lima Barbosa,Evanilson,Bournemouth,FWD,115,2741,6,7,11,40,6,412,350.6,397.9,809.0,155.5,10.64,1.48,66,2.4,32
2025-26,98,Enes,Ünal,Enes Ünal,Bournemouth,FWD,27,214,1,0,0,3,1,83,70.2,25.0,104.0,19.1,2.00,0.07,54,0.0,0
2025-26,99,Daniel,Adu-Adjei,Adu-Adjei,Bournemouth,FWD,0,0,0,0,0,0,0,0,0.0,0.0,0.0,0.0,0.00,0.00,44,0.1,0
2025-26,100,Junior,Kroupi,Kroupi.Jr,Bournemouth,FWD,113,1663,13,0,10,21,13,480,532.2,306.9,563.0,139.9,8.31,1.51,47,7.6,21
2025-26,391,Ben,Gannon-Doak,Gannon-Doak,Bournemouth,MID,11,105,0,1,0,1,0,33,32.4,17.8,39.0,8.9,0.26,0.13,48,0.0,0
2025-26,685,Bafodé,Diakité,Diakité,Bournemouth,DEF,46,1275,0,0,4,27,2,164,267.0,54.3,22.0,34.4,0.02,0.19,41,0.3,15
2025-26,687,Remy,Rees-Dottin,Rees-Dottin,Bournemouth,MID,0,0,0,0,0,0,0,0,0.0,0.0,0.0,0.0,0.00,0.00,43,0.2,0
2025-26,697,Amine,Adli,Adli,Bournemouth,MID,67,1074,3,2,3,17,4,241,272.6,235.9,260.0,76.1,2.60,1.62,54,0.2,10
2025-26,713,Álex,Jiménez Sánchez,A.Jimenez,Bournemouth,DEF,74,2315,1,2,6,39,2,297,406.0,269.3,184.0,85.9,1.09,1.73,45,0.1,26
2025-26,721,Veljko,Milosavljevic,Milosavljević,Bournemouth,DEF,19,367,0,0,1,6,0,63,98.4,13.9,10.0,12.2,0.15,0.19,44,0.0,4
2025-26,756,Malcom,DaCosta,DaCosta,Bournemouth,MID,0,0,0,0,0,0,0,0,0.0,0.0,0.0,0.0,0.00,0.00,45,0.0,0
2025-26,782,Fraser,Forster,Forster,Bournemouth,GKP,0,0,0,0,0,0,0,0,0.0,0.0,0.0,0.0,0.00,0.00,40,0.0,0
2025-26,799,Charlie,Stevens,Stevens,Bournemouth,MID,0,0,0,0,0,0,0,0,0.0,0.0,0.0,0.0,0.00,0.00,45,0.0,0
2025-26,801,Alex,Tóth,Tóth.A,Bournemouth,MID,8,135,0,0,0,3,0,32,18.6,60.2,18.0,9.6,0.11,0.33,49,0.0,2
2025-26,806,Christos,Mandas,Mandas,Bournemouth,GKP,0,0,0,0,0,0,0,0,0.0,0.0,0.0,0.0,0.00,0.00,40,0.0,0
2025-26,807,Rayan Vitor,Simplício Rocha,Rayan,Bournemouth,MID,67,1110,5,2,6,10,3,238,277.6,211.9,263.0,75.3,2.67,1.84,54,2.3,13
2025-26,27,Reiss,Nelson,Nelson,Brentford,MID,13,118,0,1,0,2,0,39,42.6,32.6,29.0,10.0,0.71,0.11,48,0.1,0
2025-26,83,Dango,Ouattara,O.Dango,Brentford,MID,136,2271,7,8,6,35,16,429,509.8,422.8,702.0,162.8,7.94,4.12,56,1.6,25
2025-26,101,Caoimhín,Kelleher,Kelleher,Brentford,GKP,143,3330,0,0,10,49,11,570,913.8,23.0,0.0,93.8,0.00,0.22,48,12.0,37
2025-26,102,Ellery,Balcombe,Balcombe,Brentford,GKP,0,0,0,0,0,0,0,0,0.0,0.0,0.0,0.0,0.00,0.00,39,0.2,0
2025-26,103,Matthew,Cox,Cox,Brentford,GKP,0,0,0,0,0,0,0,0,0.0,0.0,0.0,0.0,0.00,0.00,39,0.1,0
2025-26,104,Julian,Eyestone,Eyestone,Brentford,GKP,0,0,0,0,0,0,0,0,0.0,0.0,0.0,0.0,0.00,0.00,39,0.1,0
2025-26,105,Hákon Rafn,Valdimarsson,Valdimarsson,Brentford,GKP,1,90,0,0,0,3,0,1,13.0,0.0,0.0,1.3,0.00,0.00,38,1.0,1
2025-26,106,Nathan,Collins,Collins,Brentford,DEF,129,2971,1,2,9,44,7,450,848.6,143.8,325.0,131.9,2.24,1.71,49,2.4,32
2025-26,107,Keane,Lewis-Potter,Lewis-Potter,Brentford,DEF,115,1960,3,4,9,32,5,356,378.2,332.2,353.0,106.4,3.01,2.51,48,1.5,22
2025-26,108,Kristoffer,Ajer,Ajer,Brentford,DEF,76,1805,0,2,5,32,1,211,401.4,59.1,165.0,62.7,0.69,0.73,44,0.2,20
2025-26,109,Rico,Henry,Henry,Brentford,DEF,52,1322,0,2,4,22,0,144,151.6,82.0,35.0,26.9,0.18,0.54,43,0.1,14
2025-26,110,Michael,Kayode,Kayode,Brentford,DEF,113,3258,1,2,10,49,9,494,613.8,470.2,130.0,121.7,1.28,2.89,46,1.0,37
2025-26,111,Ethan,Pinnock,Pinnock,Brentford,DEF,14,318,0,0,1,5,2,53,88.6,1.2,33.0,12.3,0.01,0.06,42,0.1,4
2025-26,112,Mads,Roerslev Rasmussen,Roerslev,Brentford,DEF,0,0,0,0,0,0,0,0,0.0,0.0,0.0,0.0,0.00,0.00,45,0.0,0
2025-26,113,Sepp,van den Berg,Van den Berg,Brentford,DEF,113,2761,0,3,8,41,3,435,659.0,98.0,305.0,106.3,3.36,1.45,44,1.0,30
2025-26,114,Benjamin,Arthur,Arthur,Brentford,DEF,0,0,0,0,0,0,0,0,0.0,0.0,0.0,0.0,0.00,0.00,38,0.2,0
2025-26,115,Benjamin,Fredrick,Fredrick,Brentford,DEF,0,0,0,0,0,0,0,0,0.0,0.0,0.0,0.0,0.00,0.00,40,0.1,0
2025-26,116,Aaron,Hickey,Hickey,Brentford,DEF,37,679,0,0,2,9,0,105,101.4,17.1,43.0,16.0,0.44,0.17,40,0.3,8
2025-26,117,Kim,Ji-soo,Ji-soo,Brentford,DEF,0,0,0,0,0,0,0,0,0.0,0.0,0.0,0.0,0.00,0.00,39,0.1,0
2025-26,118,Jayden,Meghoma,Meghoma,Brentford,DEF,0,0,0,0,0,0,0,0,0.0,0.0,0.0,0.0,0.00,0.00,40,0.0,0
2025-26,120,Kevin,Schade,Schade,Brentford,MID,125,2744,8,5,11,34,5,385,536.8,380.1,821.0,172.8,12.08,2.05,68,1.3,32
2025-26,121,Mikkel,Damsgaard,Damsgaard,Brentford,MID,113,2046,4,4,5,32,9,467,530.6,691.3,326.0,155.0,2.61,5.43,56,0.8,24
2025-26,122,Antoni,Milambo,Milambo,Brentford,MID,1,45,0,0,0,3,0,5,4.0,1.8,0.0,0.6,0.00,0.01,52,0.0,1
2025-26,123,Fábio,Freitas Gouveia Carvalho,Carvalho,Brentford,MID,13,100,1,0,0,4,1,42,39.0,6.5,36.0,8.1,0.70,0.03,46,0.1,1
2025-26,124,Jordan,Henderson,Henderson,Brentford,MID,76,1911,1,3,6,28,5,343,336.6,358.3,49.0,74.4,0.33,2.31,50,0.3,22
2025-26,125,Vitaly,Janelt,Janelt,Brentford,MID,74,1434,1,4,5,21,6,334,350.4,351.8,97.0,79.0,0.82,2.27,49,0.1,15
2025-26,126,Mathias,Jensen,Jensen,Brentford,MID,98,2239,3,2,9,33,1,465,435.6,632.7,201.0,126.9,2.21,6.06,49,0.1,26
2025-26,127,Gustavo,Nunes Fernandes Gomes,Nunes,Brentford,MID,0,0,0,0,0,0,0,0,0.0,0.0,0.0,0.0,0.00,0.00,49,0.0,0
2025-26,128,Frank,Onyeka,Onyeka,Brentford,MID,12,88,0,2,0,2,0,41,28.4,13.6,4.0,4.6,0.00,0.36,48,0.0,0
2025-26,129,Yehor,Yarmoliuk,Yarmoliuk,Brentford,MID,104,2652,1,3,8,42,1,448,445.0,273.0,117.0,83.4,1.22,1.39,50,0.1,30
2025-26,130,Romelle,Donovan,Donovan,Brentford,MID,4,38,0,0,0,0,0,19,8.4,11.5,21.0,4.2,0.09,0.01,44,0.1,0
2025-26,131,Yunus Emre,Konak,Konak,Brentford,MID,0,0,0,0,0,0,0,0,0.0,0.0,0.0,0.0,0.00,0.00,43,0.1,0
2025-26,132,Paris,Maghoma,Maghoma,Brentford,MID,0,0,0,0,0,0,0,0,0.0,0.0,0.0,0.0,0.00,0.00,45,0.0,0
2025-26,133,Myles,Peart-Harris,Peart-Harris,Brentford,MID,1,1,0,0,0,0,0,2,0.0,0.0,0.0,0.0,0.00,0.00,44,0.0,0
2025-26,134,Ryan,Trevitt,Trevitt,Brentford,MID,0,0,0,0,0,0,0,0,0.0,0.0,0.0,0.0,0.00,0.00,45,0.0,0
2025-26,136,Igor Thiago,Nascimento Rodrigues,Thiago,Brentford,FWD,181,3282,22,1,10,50,22,710,1019.4,382.5,1170.0,256.9,20.60,1.83,72,30.2,37
2025-26,137,Iwan,Morgan,Morgan,Brentford,FWD,0,0,0,0,0,0,0,0,0.0,0.0,0.0,0.0,0.00,0.00,44,0.3,0
2025-26,748,Josh,Dasilva,Dasilva,Brentford,MID,2,2,0,0,0,0,0,5,0.4,11.3,4.0,1.6,0.08,0.00,49,0.0,0
2025-26,797,Kaye,Furo,Furo,Brentford,FWD,1,1,0,0,0,0,0,2,0.0,0.0,0.0,0.0,0.00,0.00,45,0.0,0
2025-26,810,Luka,Bentt,Bentt,Brentford,MID,0,0,0,0,0,0,0,0,0.0,0.0,0.0,0.0,0.00,0.00,45,0.0,0
2025-26,819,Ollie,Shield,Shield,Brentford,DEF,0,0,0,0,0,0,0,0,0.0,0.0,0.0,0.0,0.00,0.00,40,0.0,0
2025-26,823,Joshua,Stephenson,Stephenson,Brentford,DEF,0,0,0,0,0,0,0,0,0.0,0.0,0.0,0.0,0.00,0.00,40,0.0,0
2025-26,824,Conor,McManus,McManus,Brentford,DEF,0,0,0,0,0,0,0,0,0.0,0.0,0.0,0.0,0.00,0.00,40,0.0,0
2025-26,826,Riley,Owen,Owen,Brentford,MID,0,0,0,0,0,0,0,0,0.0,0.0,0.0,0.0,0.00,0.00,45,0.0,0
2025-26,138,Jason,Steele,Steele,Brighton,GKP,0,0,0,0,0,0,0,0,0.0,0.0,0.0,0.0,0.00,0.00,42,0.2,0
2025-26,139,Bart,Verbruggen,Verbruggen,Brighton,GKP,130,3420,0,0,10,46,6,616,935.0,10.0,0.0,94.7,0.00,0.06,46,9.3,38
2025-26,140,Tom,McGill,McGill,Brighton,GKP,0,0,0,0,0,0,0,0,0.0,0.0,0.0,0.0,0.00,0.00,39,0.3,0
2025-26,141,Carl,Rushworth,Rushworth,Brighton,GKP,0,0,0,0,0,0,0,0,0.0,0.0,0.0,0.0,0.00,0.00,40,0.0,0
2025-26,142,Kjell,Scherpen,Scherpen,Brighton,GKP,0,0,0,0,0,0,0,0,0.0,0.0,0.0,0.0,0.00,0.00,40,0.0,0
2025-26,143,Olivier,Boscagli,Boscagli,Brighton,DEF,39,799,0,1,3,10,4,171,215.6,82.2,12.0,31.1,0.05,0.47,42,0.1,9
2025-26,144,Diego,Coppola,Coppola,Brighton,DEF,10,193,0,0,1,3,0,32,42.4,3.7,2.0,4.8,0.00,0.01,42,0.0,2
2025-26,145,Maxim,De Cuyper,De Cuyper,Brighton,DEF,84,1404,2,3,5,23,9,318,327.8,516.6,154.0,99.9,1.66,4.08,43,1.7,17
2025-26,146,Lewis,Dunk,Dunk,Brighton,DEF,100,2837,1,1,7,40,5,443,649.6,125.5,210.0,98.7,1.83,0.56,45,1.0,31
2025-26,147,Pervis,Estupiñán Tenorio,Estupiñan,Brighton,DEF,0,0,0,0,0,0,0,0,0.0,0.0,0.0,0.0,0.00,0.00,45,0.0,0
2025-26,148,Ferdi,Kadıoğlu,F.Kadıoğlu,Brighton,DEF,118,3130,1,2,10,41,7,514,505.0,444.8,284.0,123.7,2.06,3.31,45,1.4,34
2025-26,149,Igor Julio,dos Santos de Paulo,Igor,Brighton,DEF,6,103,0,0,0,3,0,10,25.8,10.6,0.0,3.6,0.00,0.00,45,0.1,1
2025-26,150,Tariq,Lamptey,Lamptey,Brighton,DEF,0,0,0,0,0,0,0,0,0.0,0.0,0.0,0.0,0.00,0.00,44,0.1,0
2025-26,151,Jan Paul,van Hecke,Van Hecke,Brighton,DEF,148,3210,3,3,10,44,8,575,980.6,240.4,295.0,152.0,3.31,1.57,47,10.7,36
2025-26,152,Joël,Veltman,Veltman,Brighton,DEF,46,1047,1,0,2,13,1,176,247.0,80.5,68.0,39.6,1.15,0.20,43,0.1,9
2025-26,153,Adam,Webster,Webster,Brighton,DEF,0,0,0,0,0,0,0,0,0.0,0.0,0.0,0.0,0.00,0.00,44,0.0,0
2025-26,154,Eiran,Cashin,Cashin,Brighton,DEF,0,0,0,0,0,0,0,0,0.0,0.0,0.0,0.0,0.00,0.00,40,0.0,0
2025-26,155,Jacob,Slater,Slater,Brighton,DEF,0,0,0,0,0,0,0,0,0.0,0.0,0.0,0.0,0.00,0.00,40,0.1,0
2025-26,156,Charlie,Tasker,Tasker,Brighton,DEF,0,0,0,0,0,0,0,0,0.0,0.0,0.0,0.0,0.00,0.00,38,0.2,0
2025-26,157,Mitoma,Kaoru,Mitoma,Brighton,MID,62,1714,3,1,5,20,2,247,288.4,422.3,416.0,112.3,4.04,2.74,61,1.9,19
2025-26,158,Georginio,Rutter,Georginio,Brighton,MID,87,1776,3,5,7,20,2,290,338.6,349.5,448.0,113.5,2.90,2.90,56,0.3,20
2025-26,159,Solly,March,March,Brighton,MID,4,38,0,0,0,1,0,18,7.4,2.2,23.0,3.2,0.04,0.02,58,0.0,0
2025-26,160,Yankuba,Minteh,Minteh,Brighton,MID,117,2389,3,8,11,33,9,466,491.8,691.4,617.0,180.3,3.81,5.06,55,2.5,26
2025-26,161,Julio,Enciso Espínola,Enciso,Brighton,MID,0,0,0,0,0,0,0,0,0.0,0.0,0.0,0.0,0.00,0.00,54,0.0,0
2025-26,162,Brajan,Gruda,Gruda,Brighton,MID,35,708,1,1,2,11,2,114,134.4,217.1,152.0,50.0,1.86,0.88,54,0.0,8
2025-26,163,Jack,Hinshelwood,Hinshelwood,Brighton,MID,91,1736,4,5,7,23,2,317,312.6,228.0,412.0,94.8,4.94,2.34,52,1.6,20
2025-26,164,Matt,O'Riley,O'Riley,Brighton,MID,16,202,1,0,1,3,2,48,65.4,67.7,63.0,19.6,1.21,0.18,55,0.3,2
2025-26,165,Abdallah,Sima,Sima,Brighton,MID,0,0,0,0,0,0,0,0,0.0,0.0,0.0,0.0,0.00,0.00,54,0.0,0
2025-26,166,Yasin,Ayari,Ayari,Brighton,MID,98,1921,3,4,6,24,7,406,359.8,251.3,231.0,84.5,2.70,1.15,48,0.4,20
2025-26,167,Carlos,Baleba,Baleba,Brighton,MID,56,1646,0,0,7,19,0,231,166.8,156.3,44.0,36.8,0.78,0.72,45,1.5,23
2025-26,169,Diego,Gómez Amarilla,Gomez,Brighton,MID,97,2117,5,1,8,29,9,361,438.2,319.7,432.0,119.0,6.24,1.72,49,0.4,26
2025-26,170,James,Milner,Milner,Brighton,MID,35,772,1,1,2,17,0,158,139.0,151.4,59.0,34.7,1.03,0.66,49,0.1,7
2025-26,171,Jeremy,Sarmiento Morante,Sarmiento,Brighton,MID,0,0,0,0,0,0,0,0,0.0,0.0,0.0,0.0,0.00,0.00,49,0.0,0
2025-26,172,Tom,Watson,Watson,Brighton,MID,5,57,0,0,0,2,0,15,6.0,2.4,7.0,1.6,0.04,0.03,48,0.0,0
2025-26,173,Mats,Wieffer,Wieffer,Brighton,MID,94,1901,2,4,6,26,6,398,477.0,291.1,209.0,97.7,1.92,1.86,48,0.3,23
2025-26,174,Malick,Yalcouyé,Yalcouye,Brighton,MID,0,0,0,0,0,0,0,0,0.0,0.0,0.0,0.0,0.00,0.00,50,0.0,0
2025-26,175,Joe,Knight,Knight,Brighton,MID,1,1,0,0,0,0,0,3,0.0,0.0,0.0,0.0,0.00,0.00,44,0.1,0
2025-26,176,Adrian,Mazilu,Mazilu,Brighton,MID,0,0,0,0,0,0,0,0,0.0,0.0,0.0,0.0,0.00,0.00,45,0.0,0
2025-26,177,Andrew,Moran,Moran,Brighton,MID,0,0,0,0,0,0,0,0,0.0,0.0,0.0,0.0,0.00,0.00,45,0.0,0
2025-26,178,Danny,Welbeck,Welbeck,Brighton,FWD,126,2249,13,1,10,28,18,511,578.8,309.7,803.0,168.2,12.36,1.40,63,8.4,26
2025-26,179,Evan,Ferguson,Ferguson,Brighton,FWD,0,0,0,0,0,0,0,0,0.0,0.0,0.0,0.0,0.00,0.00,55,0.0,0
2025-26,180,Stefanos,Tzimas,Tzimas,Brighton,FWD,16,132,1,1,0,2,0,55,66.6,65.7,44.0,17.7,0.44,0.11,52,0.1,1
2025-26,181,Charalampos,Kostoulas,Kostoulas,Brighton,FWD,35,351,2,1,1,9,3,140,143.6,126.5,255.0,52.4,2.12,0.54,48,0.3,2
2025-26,744,Nehemiah,Oriola,Oriola,Brighton,MID,1,1,0,0,0,0,0,3,0.0,0.0,0.0,0.0,0.00,0.00,45,0.0,0
2025-26,761,Freddie,Simmonds,Simmonds,Brighton,DEF,0,0,0,0,0,0,0,0,0.0,0.0,0.0,0.0,0.00,0.00,40,0.0,0
2025-26,783,Pascal,Groß,Groß,Brighton,MID,78,1636,1,6,6,17,10,389,397.2,668.2,220.0,128.5,1.39,3.95,56,3.0,18
2025-26,795,Harry,Howell,Howell,Brighton,MID,4,92,0,0,0,2,0,11,10.2,5.1,2.0,1.8,0.00,0.03,45,0.0,1
2025-26,220,Robert,Lynch Sánchez,Sánchez,Chelsea,GKP,113,3040,0,1,9,49,7,509,822.2,50.0,0.0,86.7,0.00,0.04,48,10.3,35
2025-26,221,Filip,Jörgensen,Jörgensen,Chelsea,GKP,9,378,0,0,0,5,0,50,79.8,0.0,0.0,7.9,0.00,0.00,43,0.2,3
2025-26,222,Mike,Penders,Penders,Chelsea,GKP,0,0,0,0,0,0,0,0,0.0,0.0,0.0,0.0,0.00,0.00,40,0.0,0
2025-26,223,Gabriel,Słonina,Slonina,Chelsea,GKP,0,0,0,0,0,0,0,0,0.0,0.0,0.0,0.0,0.00,0.00,38,0.1,0
2025-26,224,Marc,Cucurella Saseta,Cucurella,Chelsea,DEF,104,2706,1,4,9,39,5,468,562.8,577.8,309.0,145.1,2.34,3.23,61,14.6,31
2025-26,225,Reece,James,James,Chelsea,DEF,115,1957,2,6,8,20,11,493,459.0,483.7,116.0,106.1,1.04,3.20,56,6.0,20
2025-26,226,Trevoh,Chalobah,Chalobah,Chelsea,DEF,136,2780,3,1,9,40,7,516,719.2,111.2,160.0,99.1,1.44,1.03,54,8.8,31
2025-26,227,Levi,Samuels Colwill,Colwill,Chelsea,DEF,8,225,0,0,0,4,0,30,66.0,7.6,6.0,8.0,0.00,0.12,47,0.2,2
2025-26,228,Malo,Gusto,Gusto,Chelsea,DEF,96,2255,2,3,7,36,7,406,443.6,448.5,205.0,109.8,1.56,2.97,48,1.7,26
2025-26,229,Benoît,Badiashile Mukinayi,B.Badiashile,Chelsea,DEF,7,470,0,0,0,10,0,48,102.8,7.9,2.0,11.4,0.00,0.06,44,0.0,6
2025-26,230,Wesley,Fofana,Fofana,Chelsea,DEF,65,1718,0,2,4,25,3,288,463.6,65.6,74.0,60.4,0.72,0.60,44,0.4,20
2025-26,231,Mamadou,Sarr,M.Sarr,Chelsea,DEF,3,100,0,0,0,3,0,4,6.4,0.1,7.0,1.3,0.35,0.00,45,0.0,1
2025-26,232,Tosin,Adarabioyo,Tosin,Chelsea,DEF,34,788,0,0,2,14,2,130,240.4,33.3,19.0,29.3,0.11,0.40,40,0.3,8
2025-26,233,Josh,Acheampong,Acheampong,Chelsea,DEF,39,657,1,0,2,13,5,118,132.6,40.9,70.0,24.4,0.62,0.13,37,1.8,8
2025-26,234,Aarón,Anselmino,Anselmino,Chelsea,DEF,0,0,0,0,0,0,0,0,0.0,0.0,0.0,0.0,0.00,0.00,40,0.1,0
2025-26,235,Cole,Palmer,Palmer,Chelsea,MID,114,1954,10,2,3,33,11,430,536.6,393.6,547.0,147.7,10.55,2.49,103,12.6,24
2025-26,236,Pedro,Lomba Neto,Neto,Chelsea,MID,125,2629,5,7,11,33,9,543,523.0,836.2,505.0,186.7,4.59,6.84,70,3.9,30
2025-26,237,Enzo,Fernández,Enzo,Chelsea,MID,157,3114,10,5,8,46,19,700,835.6,1063.2,747.0,264.6,11.26,7.26,65,12.3,35
2025-26,238,Estêvão,Almeida de Oliveira Gonçalves,Estêvão,Chelsea,MID,58,839,2,5,4,11,4,172,183.4,230.9,314.0,72.6,2.91,2.14,64,1.7,12
2025-26,239,Jamie,Bynoe-Gittens,Gittens,Chelsea,MID,25,486,0,2,1,7,0,99,93.0,130.4,91.0,31.3,0.81,0.94,60,0.1,5
2025-26,240,Christopher,Nkunku,Nkunku,Chelsea,MID,0,0,0,0,0,0,0,0,0.0,0.0,0.0,0.0,0.00,0.00,59,0.1,0
2025-26,241,Moisés,Caicedo Corozo,Caicedo,Chelsea,MID,110,2796,3,1,6,47,10,580,562.4,403.1,128.0,109.2,1.45,2.38,57,7.1,32
2025-26,244,Roméo,Lavia,Lavia,Chelsea,MID,13,374,0,0,0,10,0,81,34.4,46.6,14.0,9.5,0.21,0.55,49,0.0,4
2025-26,245,Mykhailo,Mudryk,Mudryk,Chelsea,MID,0,0,0,0,0,0,0,0,0.0,0.0,0.0,0.0,0.00,0.00,49,0.0,0
2025-26,246,Andrey,Nascimento dos Santos,Andrey Santos,Chelsea,MID,47,1247,1,0,1,18,3,257,229.6,153.9,91.0,47.5,2.00,0.88,44,0.3,13
2025-26,247,Dário,Luís Essugo,D.Essugo,Chelsea,MID,1,26,0,0,0,1,0,7,11.4,2.1,2.0,1.6,0.00,0.01,43,0.1,0
2025-26,248,Kendry,Páez Andrade,Paez,Chelsea,MID,0,0,0,0,0,0,0,0,0.0,0.0,0.0,0.0,0.00,0.00,45,0.0,0
2025-26,249,João Pedro,Junqueira de Jesus,João Pedro,Chelsea,FWD,177,2658,15,9,10,36,30,715,758.4,456.6,909.0,212.1,14.91,1.96,74,34.8,31
2025-26,250,Liam,Delap,Delap,Chelsea,FWD,45,1092,1,2,2,18,1,123,67.8,73.7,349.0,47.3,4.54,0.23,62,0.9,12
2025-26,251,Nicolas,Jackson,N.Jackson,Chelsea,FWD,0,0,0,0,0,0,0,0,0.0,0.0,0.0,0.0,0.00,0.00,65,0.1,0
2025-26,252,Marc,Guiu Paz,Marc Guiu,Chelsea,FWD,13,265,0,1,0,3,0,19,24.6,40.1,86.0,13.1,1.54,0.29,40,5.2,1
2025-26,453,Alejandro,Garnacho Ferreyra,Garnacho,Chelsea,MID,56,1261,1,4,4,20,3,222,211.4,405.3,399.0,100.5,3.44,3.68,64,0.4,14
2025-26,672,Jorrel,Hato,Hato,Chelsea,DEF,19,1139,0,0,0,27,0,93,233.2,114.9,36.0,38.4,0.30,0.61,46,0.2,12
2025-26,743,Landon,Emenalo,Emenalo,Chelsea,MID,0,0,0,0,0,0,0,0,0.0,0.0,0.0,0.0,0.00,0.00,45,0.0,0
2025-26,789,Max,Merrick,Merrick,Chelsea,GKP,0,0,0,0,0,0,0,0,0.0,0.0,0.0,0.0,0.00,0.00,40,0.0,0
2025-26,803,Teddy,Sharman-Lowe,Sharman-Lowe,Chelsea,GKP,0,0,0,0,0,0,0,0,0.0,0.0,0.0,0.0,0.00,0.00,40,0.0,0
2025-26,829,Jesse,Derry,Derry,Chelsea,MID,1,45,0,0,0,2,0,5,4.6,6.4,25.0,3.6,0.10,0.02,45,0.0,1
2025-26,833,Mathis,Eboué,Eboué,Chelsea,MID,0,0,0,0,0,0,0,0,0.0,0.0,0.0,0.0,0.00,0.00,45,0.0,0
2025-26,834,Ryan,Kavuma-McQueen,Kavuma-McQueen,Chelsea,MID,0,0,0,0,0,0,0,0,0.0,0.0,0.0,0.0,0.00,0.00,45,0.0,0
2025-26,840,Shumaira,Mheuka,Mheuka,Chelsea,FWD,1,1,0,0,0,0,0,3,2.0,0.3,0.0,0.2,0.00,0.00,45,0.0,0
2025-26,253,Dean,Henderson,Henderson,Crystal Palace,GKP,131,3330,0,0,11,51,7,538,837.8,10.0,0.0,84.7,0.00,0.11,51,9.0,37
2025-26,254,Walter,Benítez,Benitez,Crystal Palace,GKP,7,90,0,0,1,0,0,29,22.8,0.0,0.0,2.3,0.00,0.00,39,0.3,1
2025-26,255,Remi,Matthews,Matthews,Crystal Palace,GKP,0,0,0,0,0,0,0,0,0.0,0.0,0.0,0.0,0.00,0.00,39,0.1,0
2025-26,256,Daniel,Muñoz Mejía,Muñoz,Crystal Palace,DEF,136,2400,4,4,10,33,9,469,595.0,396.6,404.0,139.5,2.45,3.94,59,9.2,29
2025-26,257,Maxence,Lacroix,Lacroix,Crystal Palace,DEF,154,3085,1,2,11,47,11,529,822.0,106.4,316.0,124.3,2.45,0.83,52,7.1,35
2025-26,258,Tyrick,Mitchell,Mitchell,Crystal Palace,DEF,135,3253,1,3,12,47,8,498,649.0,467.3,241.0,136.0,1.59,2.53,50,2.3,36
2025-26,259,Borna,Sosa,Sosa,Crystal Palace,DEF,6,99,0,0,0,2,0,9,12.6,24.1,8.0,4.5,0.04,0.07,48,0.1,0
2025-26,261,Chris,Richards,Richards,Crystal Palace,DEF,128,2825,1,0,11,42,5,453,727.2,159.6,185.0,107.6,2.42,1.56,44,2.2,31
2025-26,262,Chadi,Riad Dnanou,Chadi Riad,Crystal Palace,DEF,20,550,0,1,1,8,0,84,117.8,23.9,41.0,18.3,0.33,0.13,40,0.1,6
2025-26,263,Nathaniel,Clyne,Clyne,Crystal Palace,DEF,17,592,0,1,0,12,2,50,105.2,55.0,33.0,19.2,0.43,0.60,38,0.5,7
2025-26,264,Rob,Holding,Holding,Crystal Palace,DEF,0,0,0,0,0,0,0,0,0.0,0.0,0.0,0.0,0.00,0.00,40,0.0,0
2025-26,265,Caleb,Kporha,Kporha,Crystal Palace,DEF,0,0,0,0,0,0,0,0,0.0,0.0,0.0,0.0,0.00,0.00,40,0.0,0
2025-26,267,Ismaïla,Sarr,Sarr,Crystal Palace,MID,117,2173,9,2,9,29,9,359,479.8,269.4,601.0,135.1,10.93,1.17,64,5.6,24
2025-26,268,Cheick,Doucouré,Doucouré,Crystal Palace,MID,0,0,0,0,0,0,0,0,0.0,0.0,0.0,0.0,0.00,0.00,49,0.0,0
2025-26,269,Romain,Esse,Esse,Crystal Palace,MID,4,40,0,0,0,0,0,12,6.8,2.7,6.0,1.5,0.00,0.04,47,0.1,0
2025-26,270,Will,Hughes,Hughes,Crystal Palace,MID,45,1560,0,1,5,18,0,217,198.0,322.9,90.0,60.9,1.11,1.94,47,0.1,19
2025-26,271,Daichi,Kamada,Kamada,Crystal Palace,MID,67,1899,0,2,6,28,0,331,239.2,350.1,155.0,74.5,1.64,3.24,50,0.1,22
2025-26,272,Jefferson,Lerma Solís,Lerma,Crystal Palace,MID,69,1722,0,5,7,25,3,296,287.6,207.2,233.0,72.5,1.84,1.48,49,0.1,18
2025-26,273,Adam,Wharton,Wharton,Crystal Palace,MID,112,2552,1,6,8,43,8,511,494.4,720.0,180.0,139.6,1.52,7.47,50,0.7,29
2025-26,274,Asher,Agbinone,Agbinone,Crystal Palace,MID,0,0,0,0,0,0,0,0,0.0,0.0,0.0,0.0,0.00,0.00,43,0.1,0
2025-26,275,Naouirou,Ahamada,Ahamada,Crystal Palace,MID,0,0,0,0,0,0,0,0,0.0,0.0,0.0,0.0,0.00,0.00,43,0.0,0
2025-26,276,Justin,Devenny,Devenny,Crystal Palace,MID,36,785,1,0,1,15,0,108,115.0,101.8,168.0,38.4,2.38,0.39,43,1.1,7
2025-26,277,Malcolm,Ebiowei,Ebiowei,Crystal Palace,MID,0,0,0,0,0,0,0,0,0.0,0.0,0.0,0.0,0.00,0.00,45,0.0,0
2025-26,278,Jesurun,Rak-Sakyi,J.Rak-Sakyi,Crystal Palace,MID,0,0,0,0,0,0,0,0,0.0,0.0,0.0,0.0,0.00,0.00,44,0.0,0
2025-26,279,Matheus,França de Oliveira,M.França,Crystal Palace,MID,0,0,0,0,0,0,0,0,0.0,0.0,0.0,0.0,0.00,0.00,45,0.0,0
2025-26,280,David,Ozoh,Ozoh,Crystal Palace,MID,0,0,0,0,0,0,0,0,0.0,0.0,0.0,0.0,0.00,0.00,45,0.0,0
2025-26,281,Kaden,Rodney,Rodney,Crystal Palace,MID,1,3,0,0,0,0,0,2,0.0,0.1,0.0,0.0,0.00,0.00,44,0.1,0
2025-26,282,Franco,Umeh-Chibueze,Umeh,Crystal Palace,MID,0,0,0,0,0,0,0,0,0.0,0.0,0.0,0.0,0.00,0.00,45,0.0,0
2025-26,283,Jean-Philippe,Mateta,Mateta,Crystal Palace,FWD,114,2210,12,0,8,29,13,397,567.2,160.6,786.0,150.8,14.42,1.32,76,8.1,25
2025-26,284,Eddie,Nketiah,Nketiah,Crystal Palace,FWD,23,414,2,0,0,12,3,100,120.0,84.6,173.0,37.8,1.77,0.46,54,0.3,2
2025-26,285,Odsonne,Édouard,Édouard,Crystal Palace,FWD,1,2,0,0,0,0,0,6,2.0,0.0,0.0,0.2,0.00,0.00,50,0.2,0
2025-26,286,Zach,Marsh,Marsh,Crystal Palace,FWD,0,0,0,0,0,0,0,0,0.0,0.0,0.0,0.0,0.00,0.00,44,0.3,0
2025-26,580,Brennan,Johnson,Johnson,Crystal Palace,MID,65,1710,2,1,6,24,2,217,223.4,311.1,230.0,75.8,2.45,1.31,65,2.4,19
2025-26,654,Jørgen,Strand Larsen,Strand Larsen,Crystal Palace,FWD,75,2301,4,1,5,41,3,215,265.2,203.1,469.0,91.5,5.30,1.12,58,1.4,26
2025-26,677,Evann,Guessand,Guessand,Crystal Palace,MID,44,909,1,3,2,15,0,143,159.4,76.6,187.0,42.0,1.56,0.85,62,0.0,9
2025-26,690,Rio,Cardines,Cardines,Crystal Palace,MID,2,90,0,0,0,2,0,21,15.2,30.0,4.0,4.9,0.02,0.16,44,0.3,1
2025-26,712,Yéremy,Pino Santos,Yeremy,Crystal Palace,MID,77,2074,2,2,7,28,3,331,325.8,718.4,371.0,141.4,4.53,6.12,58,0.2,26
2025-26,723,Jaydee,Canvot,Canvot,Crystal Palace,DEF,72,1331,0,0,5,23,9,216,362.4,63.8,56.0,48.1,1.48,0.33,45,0.5,14
2025-26,732,Christantus,Uche,Uche,Crystal Palace,FWD,17,159,0,1,0,4,0,42,13.2,7.1,73.0,8.8,0.49,0.01,55,0.1,0
2025-26,762,Joél,Drakes-Thomas,Drakes-Thomas,Crystal Palace,MID,2,7,0,0,0,1,0,6,1.4,1.0,0.0,0.3,0.00,0.00,45,0.0,0
2025-26,773,Dean,Benamar,Benamar,Crystal Palace,DEF,0,0,0,0,0,0,0,0,0.0,0.0,0.0,0.0,0.00,0.00,40,0.0,0
2025-26,780,Ben,Casey,Casey,Crystal Palace,FWD,0,0,0,0,0,0,0,0,0.0,0.0,0.0,0.0,0.00,0.00,45,0.0,0
2025-26,793,George,King,King,Crystal Palace,DEF,0,0,0,0,0,0,0,0,0.0,0.0,0.0,0.0,0.00,0.00,40,0.0,0
2025-26,798,Danny,Imray,Imray,Crystal Palace,DEF,0,0,0,0,0,0,0,0,0.0,0.0,0.0,0.0,0.00,0.00,40,0.0,0
2025-26,242,Kiernan,Dewsbury-Hall,Dewsbury-Hall,Everton,MID,151,2629,8,7,8,39,18,598,619.4,601.1,438.0,166.0,4.35,5.34,53,7.9,30
2025-26,243,Tyrique,George,George,Everton,MID,16,351,0,0,1,9,0,55,44.2,66.2,132.0,23.9,0.64,1.19,48,0.1,1
2025-26,287,Jordan,Pickford,Pickford,Everton,GKP,135,3420,0,0,11,50,11,545,885.2,20.3,2.0,90.8,0.00,0.20,56,13.0,38
2025-26,288,Mark,Travers,Travers,Everton,GKP,0,0,0,0,0,0,0,0,0.0,0.0,0.0,0.0,0.00,0.00,42,0.1,0
2025-26,289,Harry,Tyrer,Tyrer,Everton,GKP,0,0,0,0,0,0,0,0,0.0,0.0,0.0,0.0,0.00,0.00,39,0.1,0
2025-26,290,Jarrad,Branthwaite,Branthwaite,Everton,DEF,32,678,1,1,1,9,0,108,175.0,42.8,75.0,29.3,0.34,0.11,53,0.3,7
2025-26,291,James,Tarkowski,Tarkowski,Everton,DEF,170,3330,2,3,11,48,12,592,995.6,235.6,422.0,165.7,2.53,2.10,58,12.6,37
2025-26,292,Vitalii,Mykolenko,Mykolenko,Everton,DEF,95,2959,0,1,9,47,2,350,559.2,394.1,71.0,102.3,0.28,2.46,49,0.7,33
2025-26,293,Jake,O'Brien,O'Brien,Everton,DEF,116,3118,1,3,10,46,2,368,582.8,282.9,206.0,107.5,1.67,1.00,49,0.7,35
2025-26,294,Séamus,Coleman,Coleman,Everton,DEF,5,19,0,0,0,1,0,13,7.0,19.3,0.0,2.7,0.00,0.17,42,0.1,1
2025-26,295,Michael,Keane,Keane,Everton,DEF,131,2588,3,1,7,42,8,404,770.4,47.4,299.0,111.7,2.30,0.49,45,3.1,29
2025-26,296,Nathan,Patterson,Patterson,Everton,DEF,22,238,0,0,2,2,0,67,65.6,6.4,17.0,8.8,0.03,0.04,44,0.0,3
2025-26,297,Roman,Dixon,Dixon,Everton,DEF,0,0,0,0,0,0,0,0,0.0,0.0,0.0,0.0,0.00,0.00,38,0.2,0
2025-26,298,Reece,Welch,Welch,Everton,DEF,0,0,0,0,0,0,0,0,0.0,0.0,0.0,0.0,0.00,0.00,38,0.1,0
2025-26,299,Iliman,Ndiaye,Ndiaye,Everton,MID,128,2781,6,3,8,44,7,540,605.8,479.2,578.0,166.5,6.68,4.41,63,4.7,32
2025-26,300,Dwight,McNeil,McNeil,Everton,MID,53,1161,0,3,6,9,1,186,140.6,242.4,138.0,52.2,1.37,1.91,55,0.1,14
2025-26,301,Carlos,Alcaraz Durán,Alcaraz,Everton,MID,29,679,0,1,3,10,0,121,93.8,161.9,162.0,41.8,1.17,0.54,52,0.1,6
2025-26,302,Idrissa Gana,Gueye,Gana,Everton,MID,83,2094,2,3,5,26,4,419,382.6,259.2,208.0,85.1,1.99,1.84,54,0.1,25
2025-26,303,James,Garner,Garner,Everton,MID,159,3413,2,7,11,50,13,818,887.0,958.0,237.0,208.4,2.10,6.18,52,3.6,38
2025-26,304,Tim,Iroegbunam,Iroegbunam,Everton,MID,68,1477,0,3,8,18,1,225,255.0,125.2,81.0,45.9,0.54,0.71,48,0.0,17
2025-26,305,Harrison,Armstrong,Armstrong,Everton,MID,21,524,0,0,1,11,0,84,60.0,69.7,78.0,21.0,0.79,0.22,45,0.1,6
2025-26,306,Callum,Bates,Bates,Everton,MID,0,0,0,0,0,0,0,0,0.0,0.0,0.0,0.0,0.00,0.00,43,0.1,0
2025-26,307,Coby,Ebere,Ebere,Everton,MID,0,0,0,0,0,0,0,0,0.0,0.0,0.0,0.0,0.00,0.00,44,0.0,0
2025-26,308,Isaac,Heath,Heath,Everton,MID,0,0,0,0,0,0,0,0,0.0,0.0,0.0,0.0,0.00,0.00,45,0.0,0
2025-26,309,Jenson,Metcalfe,Metcalfe,Everton,MID,0,0,0,0,0,0,0,0,0.0,0.0,0.0,0.0,0.00,0.00,45,0.0,0
2025-26,310,Thierno,Barry,Barry,Everton,FWD,95,1898,8,0,7,34,9,295,341.0,207.7,501.0,102.5,8.17,0.44,57,0.8,21
2025-26,311,Norberto Bercique,Gomes Betuncal,Beto,Everton,FWD,104,1551,9,1,5,19,15,343,445.8,159.8,655.0,124.5,8.90,0.23,51,3.3,17
2025-26,312,Youssef,Ramalho Chermiti,Y.Chermiti,Everton,FWD,0,0,0,0,0,0,0,0,0.0,0.0,0.0,0.0,0.00,0.00,49,0.1,0
2025-26,313,Martin,Sherif,Sherif,Everton,FWD,0,0,0,0,0,0,0,0,0.0,0.0,0.0,0.0,0.00,0.00,44,0.1,0
2025-26,419,Jack,Grealish,Grealish,Everton,MID,79,1627,2,6,7,23,12,356,374.2,520.5,397.0,129.2,2.05,3.37,63,5.6,18
2025-26,630,Tom,King,King,Everton,GKP,0,0,0,0,0,0,0,0,0.0,0.0,0.0,0.0,0.00,0.00,39,1.2,0
2025-26,667,Adam,Aznou,Aznou,Everton,DEF,0,0,0,0,0,0,0,0,0.0,0.0,0.0,0.0,0.00,0.00,42,0.1,0
2025-26,704,Tyler,Onyango,Onyango,Everton,MID,0,0,0,0,0,0,0,0,0.0,0.0,0.0,0.0,0.00,0.00,45,0.0,0
2025-26,705,Elijah,Campbell,Campbell,Everton,DEF,0,0,0,0,0,0,0,0,0.0,0.0,0.0,0.0,0.00,0.00,39,0.1,0
2025-26,707,Tyler,Dibling,Dibling,Everton,MID,18,349,0,0,2,2,0,49,46.0,61.0,32.0,13.6,0.20,0.14,53,0.0,4
2025-26,728,Merlin,Röhl,Röhl,Everton,MID,36,675,1,1,2,13,2,98,113.0,87.4,62.0,26.3,0.67,0.35,50,0.0,6
2025-26,779,Braiden,Graham,Graham,Everton,FWD,0,0,0,0,0,0,0,0,0.0,0.0,0.0,0.0,0.00,0.00,45,0.0,0
2025-26,314,Bernd,Leno,Leno,Fulham,GKP,122,3420,0,0,9,51,8,556,816.2,0.0,0.0,81.5,0.00,0.02,50,2.3,38
2025-26,315,Steven,Benda,Benda,Fulham,GKP,0,0,0,0,0,0,0,0,0.0,0.0,0.0,0.0,0.00,0.00,40,0.0,0
2025-26,316,Antonee,Robinson,Robinson,Fulham,DEF,65,1487,1,0,4,19,7,280,375.0,334.6,82.0,79.3,1.07,1.58,49,0.9,17
2025-26,317,Joachim,Andersen,Andersen,Fulham,DEF,123,2882,0,1,8,45,8,424,790.6,131.0,148.0,107.0,1.43,1.83,44,2.8,33
2025-26,318,Calvin,Bassey,Bassey,Fulham,DEF,103,2532,1,1,7,40,9,392,574.0,152.2,115.0,84.5,1.71,0.35,44,0.8,28
2025-26,319,Timothy,Castagne,Castagne,Fulham,DEF,61,1838,0,2,3,31,3,294,373.0,292.2,195.0,86.2,1.50,1.47,43,0.2,20
2025-26,320,Issa,Diop,Diop,Fulham,DEF,31,812,1,0,1,13,3,103,190.8,8.0,31.0,23.0,0.80,0.05,43,0.1,8
2025-26,321,Jorge,Cuenca Barreno,J.Cuenca,Fulham,DEF,39,935,0,0,2,11,1,155,249.6,47.2,14.0,31.2,0.05,0.53,43,0.1,11
2025-26,322,Kenny,Tete,Tete,Fulham,DEF,81,1791,1,0,6,25,5,318,416.0,214.1,108.0,73.9,0.92,1.46,45,0.2,21
2025-26,323,Samuel,Amissah,Amissah,Fulham,DEF,0,0,0,0,0,0,0,0,0.0,0.0,0.0,0.0,0.00,0.00,38,0.1,0
2025-26,324,Alex,Iwobi,Iwobi,Fulham,MID,103,2420,4,3,5,40,13,508,511.2,739.4,343.0,159.4,1.91,4.70,61,1.1,29
2025-26,325,Emile,Smith Rowe,Smith Rowe,Fulham,MID,80,1909,3,1,6,27,1,351,291.6,330.0,404.0,102.6,4.71,1.12,56,0.5,22
2025-26,327,Andreas,Hoelgebaum Pereira,Andreas,Fulham,MID,0,0,0,0,0,0,0,0,0.0,0.0,0.0,0.0,0.00,0.00,53,0.1,0
2025-26,328,Ryan,Sessegnon,Sessegnon,Fulham,MID,95,1816,3,3,6,29,8,332,413.8,225.0,229.0,86.7,1.60,1.80,54,0.1,20
2025-26,329,Harry,Wilson,Wilson,Fulham,MID,168,2674,10,9,9,38,21,637,707.2,661.1,601.0,196.9,5.88,4.77,58,17.4,32
2025-26,330,Sander,Berge,Berge,Fulham,MID,91,2904,0,3,8,45,3,503,437.8,365.1,105.0,91.0,1.54,1.50,49,0.1,34
2025-26,331,Tom,Cairney,Cairney,Fulham,MID,41,756,2,0,2,10,1,181,153.4,195.6,64.0,41.4,1.21,0.81,48,0.0,6
2025-26,332,Saša,Lukić,Lukić,Fulham,MID,67,1730,1,4,6,22,4,314,317.6,441.6,176.0,93.4,2.23,1.91,49,0.1,20
2025-26,333,Martial,Godo,Godo,Fulham,MID,0,0,0,0,0,0,0,0,0.0,0.0,0.0,0.0,0.00,0.00,45,0.0,0
2025-26,334,Luke,Harris,Harris,Fulham,MID,0,0,0,0,0,0,0,0,0.0,0.0,0.0,0.0,0.00,0.00,45,0.0,0
2025-26,335,Josh,King,King,Fulham,MID,63,1290,1,3,5,18,3,225,207.4,198.7,336.0,73.3,2.47,0.66,44,1.6,15
2025-26,336,Harrison,Reed,Reed,Fulham,MID,15,89,1,0,0,4,2,48,42.0,44.4,11.0,9.7,0.13,0.45,43,0.3,1
2025-26,337,Raúl,Jiménez Rodríguez,Raúl,Fulham,FWD,112,2183,9,5,9,28,7,410,479.4,331.5,729.0,153.1,11.58,0.90,59,1.8,27
2025-26,338,Rodrigo,Muniz Carvalho,Muniz,Fulham,FWD,36,987,1,1,3,13,3,94,113.2,93.2,287.0,47.3,3.30,0.15,53,0.7,10
2025-26,424,Oscar,Bobb,Bobb,Fulham,MID,42,1030,0,2,4,13,0,182,140.4,315.4,205.0,66.4,1.47,2.10,51,0.2,11
2025-26,664,Benjamin,Lecomte,Lecomte,Fulham,GKP,0,0,0,0,0,0,0,0,0.0,0.0,0.0,0.0,0.00,0.00,39,0.7,0
2025-26,727,Samuel,Chukwueze,Chukwueze,Fulham,MID,62,1067,3,4,2,20,1,242,274.0,346.7,243.0,85.8,2.10,3.36,53,0.1,10
2025-26,731,Kevin,Santos Lopes de Macedo,Kevin,Fulham,MID,49,1030,1,3,4,15,0,183,216.0,246.6,243.0,70.4,1.21,1.47,57,0.1,9
2025-26,737,Jonah,Kusi-Asare,Kusi-Asare,Fulham,FWD,6,49,0,0,0,2,0,19,3.2,12.0,8.0,2.3,0.00,0.07,45,0.1,0
2025-26,770,Seth,Ridgeon,Ridgeon,Fulham,MID,0,0,0,0,0,0,0,0,0.0,0.0,0.0,0.0,0.00,0.00,45,0.0,0
2025-26,786,Alfie,McNally,McNally,Fulham,GKP,0,0,0,0,0,0,0,0,0.0,0.0,0.0,0.0,0.00,0.00,40,0.0,0
2025-26,168,Facundo,Buonanotte,Buonanotte,Leeds,MID,3,81,0,0,0,4,0,9,13.2,40.0,21.0,7.4,0.06,0.28,46,0.1,1
2025-26,339,Illan,Meslier,Meslier,Leeds,GKP,0,0,0,0,0,0,0,0,0.0,0.0,0.0,0.0,0.00,0.00,41,0.3,0
2025-26,340,Alex,Cairns,Cairns,Leeds,GKP,0,0,0,0,0,0,0,0,0.0,0.0,0.0,0.0,0.00,0.00,39,0.1,0
2025-26,341,Karl,Darlow,Darlow,Leeds,GKP,71,1980,0,0,5,27,3,334,531.4,0.0,0.0,53.4,0.00,0.05,40,6.9,22
2025-26,342,Jayden,Bogle,Bogle,Leeds,DEF,96,2795,1,5,6,44,1,311,436.0,346.1,218.0,100.3,2.08,3.11,44,0.4,32
2025-26,343,Pascal,Struijk,Struijk,Leeds,DEF,108,2935,0,1,7,48,4,412,697.4,161.5,272.0,113.1,3.06,0.76,42,1.9,33
2025-26,344,Jaka,Bijol,Bijol,Leeds,DEF,99,1888,1,3,5,26,6,323,531.8,84.5,243.0,86.0,0.90,0.75,39,1.3,21
2025-26,345,Sebastiaan,Bornauw,Bornauw,Leeds,DEF,25,429,0,0,2,5,0,73,98.6,6.3,19.0,12.2,0.20,0.01,38,0.1,5
2025-26,346,Sam,Byram,Byram,Leeds,DEF,2,8,0,0,0,1,0,1,5.4,0.0,0.0,0.5,0.00,0.00,37,0.4,0
2025-26,347,Gabriel,Gudmundsson,Gudmundsson,Leeds,DEF,68,2637,0,0,5,45,8,286,442.6,363.7,158.0,96.4,1.10,2.89,38,2.5,31
2025-26,348,Joe,Rodon,Rodon,Leeds,DEF,109,2952,2,0,6,53,5,373,707.2,137.3,242.0,109.1,1.40,0.56,39,3.0,33
2025-26,349,Isaac,Schmidt,Schmidt,Leeds,DEF,0,0,0,0,0,0,0,0,0.0,0.0,0.0,0.0,0.00,0.00,40,0.1,0
2025-26,350,Brenden,Aaronson,Aaronson,Leeds,MID,126,2449,4,8,9,32,5,446,482.8,486.7,498.0,146.7,4.53,3.60,54,0.8,30
2025-26,351,Wilfried,Gnonto,Gnonto,Leeds,MID,32,521,0,3,1,14,0,134,85.2,129.3,61.0,27.5,0.40,0.77,51,0.1,4
2025-26,352,Jack,Harrison,Harrison,Leeds,MID,12,262,0,0,0,5,0,51,30.0,49.4,35.0,11.5,0.28,0.23,51,0.0,1
2025-26,353,Daniel,James,James,Leeds,MID,23,547,0,0,1,16,0,93,70.8,133.1,133.0,33.9,0.91,0.71,52,0.1,6
2025-26,354,Ethan,Ampadu,Ampadu,Leeds,MID,134,3119,1,4,8,49,11,586,592.2,384.8,166.0,114.7,2.47,2.20,49,0.6,35
2025-26,355,Sam,Greenwood,Greenwood,Leeds,MID,0,0,0,0,0,0,0,0,0.0,0.0,0.0,0.0,0.00,0.00,49,0.0,0
2025-26,356,Ilia,Gruev,Gruev,Leeds,MID,56,1318,0,4,5,23,3,245,199.4,171.0,64.0,43.2,0.49,0.86,47,0.1,15
2025-26,357,Largie,Ramazani,Ramazani,Leeds,MID,0,0,0,0,0,0,0,0,0.0,0.0,0.0,0.0,0.00,0.00,49,0.0,0
2025-26,358,Tanaka,Ao,Tanaka,Leeds,MID,67,1307,2,1,3,22,4,288,224.2,307.6,104.0,63.6,1.44,1.39,48,0.2,14
2025-26,359,Charlie,Crew,Crew,Leeds,MID,0,0,0,0,0,0,0,0,0.0,0.0,0.0,0.0,0.00,0.00,45,0.0,0
2025-26,360,Joe,Gelhardt,Gelhardt,Leeds,MID,0,0,0,0,0,0,0,0,0.0,0.0,0.0,0.0,0.00,0.00,45,0.0,0
2025-26,361,Darko,Gyabi,Gyabi,Leeds,MID,0,0,0,0,0,0,0,0,0.0,0.0,0.0,0.0,0.00,0.00,45,0.0,0
2025-26,362,Joël,Piroe,Piroe,Leeds,FWD,17,244,0,0,1,9,0,42,13.6,38.1,120.0,16.5,0.90,0.13,49,0.3,2
2025-26,363,Patrick,Bamford,Bamford,Leeds,FWD,0,0,0,0,0,0,0,0,0.0,0.0,0.0,0.0,0.00,0.00,49,0.3,0
2025-26,364,Mateo,Joseph Fernández-Regatillo,Mateo Joseph,Leeds,FWD,0,0,0,0,0,0,0,0,0.0,0.0,0.0,0.0,0.00,0.00,50,0.0,0
2025-26,365,Lukas,Nmecha,Nmecha,Leeds,FWD,73,1065,6,1,3,23,8,268,290.4,153.5,434.0,87.8,7.25,1.58,50,0.5,10
2025-26,493,Sean,Longstaff,Longstaff,Leeds,MID,56,1003,2,2,1,20,5,273,291.8,403.7,116.0,81.2,1.23,1.87,48,0.2,10
2025-26,660,Anton,Stach,Stach,Leeds,MID,137,2369,5,6,7,36,14,550,650.0,921.4,315.0,188.8,2.88,4.47,48,1.7,28
2025-26,665,Lucas Estella,Perri,Perri,Leeds,GKP,43,1440,0,0,3,29,3,153,322.4,0.0,0.0,32.2,0.00,0.00,44,0.3,16
2025-26,691,Dominic,Calvert-Lewin,Calvert-Lewin,Leeds,FWD,142,2721,14,2,8,34,20,472,619.6,311.1,1026.0,194.7,15.57,1.06,58,13.7,30
2025-26,698,Noah,Okafor,Okafor,Leeds,MID,109,1553,8,3,6,26,11,354,438.8,275.0,435.0,115.0,5.25,1.32,55,0.9,19
2025-26,706,James,Justin,Justin,Leeds,DEF,94,1893,2,1,6,26,9,338,469.8,190.9,220.0,88.3,1.83,1.16,40,2.3,21
2025-26,741,Harry,Gray,Gray,Leeds,FWD,0,0,0,0,0,0,0,0,0.0,0.0,0.0,0.0,0.00,0.00,45,0.1,0
2025-26,787,Sam,Chambers,Chambers,Leeds,MID,0,0,0,0,0,0,0,0,0.0,0.0,0.0,0.0,0.00,0.00,44,0.0,0
2025-26,837,Jayden,Lienou,Lienou,Leeds,DEF,0,0,0,0,0,0,0,0,0.0,0.0,0.0,0.0,0.00,0.00,40,0.0,0
2025-26,838,Rhys,Chadwick,Chadwick,Leeds,MID,0,0,0,0,0,0,0,0,0.0,0.0,0.0,0.0,0.00,0.00,45,0.0,0
2025-26,839,Alfie,Cresswell,Cresswell,Leeds,MID,0,0,0,0,0,0,0,0,0.0,0.0,0.0,0.0,0.00,0.00,45,0.0,0
2025-26,366,Alisson,Becker,A.Becker,Liverpool,GKP,91,2340,0,0,8,31,8,389,479.8,0.1,0.0,47.8,0.00,0.03,54,5.1,26
2025-26,367,Giorgi,Mamardashvili,Mamardashvili,Liverpool,GKP,34,867,0,0,2,18,2,139,275.6,0.0,0.0,27.5,0.00,0.00,41,0.7,10
2025-26,368,Ármin,Pécsi,Pécsi,Liverpool,GKP,0,0,0,0,0,0,0,0,0.0,0.0,0.0,0.0,0.00,0.00,38,0.9,0
2025-26,369,Freddie,Woodman,Woodman,Liverpool,GKP,6,212,0,0,0,4,0,34,83.8,0.0,0.0,8.4,0.00,0.00,39,0.3,2
2025-26,370,Jeremie,Frimpong,Frimpong,Liverpool,DEF,63,1032,0,5,5,13,1,237,133.2,244.6,186.0,56.5,0.50,1.55,57,4.9,12
2025-26,371,Milos,Kerkez,Kerkez,Liverpool,DEF,85,2251,2,1,6,37,4,357,434.6,415.8,141.0,99.4,1.50,0.69,56,2.9,27
2025-26,372,Andrew,Robertson,Robertson,Liverpool,DEF,55,1165,1,0,4,16,4,216,239.8,318.8,121.0,68.2,1.10,1.40,57,1.2,11
2025-26,373,Virgil,van Dijk,Virgil,Liverpool,DEF,175,3420,6,1,10,53,10,593,1169.4,215.9,490.0,187.6,3.77,1.44,61,31.5,38
2025-26,374,Ibrahima,Konaté,Konaté,Liverpool,DEF,129,3090,1,0,10,45,8,532,779.2,160.5,119.0,106.1,1.19,0.98,54,3.8,36
2025-26,375,Conor,Bradley,Bradley,Liverpool,DEF,42,928,0,2,4,13,2,157,157.4,105.2,62.0,32.3,0.18,0.84,49,0.1,12
2025-26,376,Joe,Gomez,Gomez,Liverpool,DEF,33,594,0,2,2,14,2,94,122.8,77.8,31.0,23.2,0.28,0.64,49,0.2,7
2025-26,377,Konstantinos,Tsimikas,Tsimikas,Liverpool,DEF,0,0,0,0,0,0,0,0,0.0,0.0,0.0,0.0,0.00,0.00,48,0.0,0
2025-26,378,Amara,Nallo,Nallo,Liverpool,DEF,0,0,0,0,0,0,0,0,0.0,0.0,0.0,0.0,0.00,0.00,37,0.9,0
2025-26,379,Rhys,Williams,R.Williams,Liverpool,DEF,0,0,0,0,0,0,0,0,0.0,0.0,0.0,0.0,0.00,0.00,37,0.5,0
2025-26,380,Calvin,Ramsay,Ramsay,Liverpool,DEF,0,0,0,0,0,0,0,0,0.0,0.0,0.0,0.0,0.00,0.00,37,0.3,0
2025-26,381,Mohamed,Salah,M.Salah,Liverpool,MID,123,2144,7,7,7,35,11,392,524.8,740.7,805.0,207.1,8.23,5.44,140,15.2,23
2025-26,382,Florian,Wirtz,Wirtz,Liverpool,MID,125,2374,5,4,10,32,17,521,526.4,908.2,665.0,210.0,6.83,5.14,83,8.5,27
2025-26,383,Luis,Díaz Marulanda,Luis Díaz,Liverpool,MID,0,0,0,0,0,0,0,0,0.0,0.0,0.0,0.0,0.00,0.00,80,0.0,0
2025-26,384,Cody,Gakpo,Gakpo,Liverpool,MID,131,2736,7,5,10,39,5,449,540.4,714.7,831.0,208.4,8.35,4.67,73,5.6,32
2025-26,385,Federico,Chiesa,Chiesa,Liverpool,MID,37,317,2,1,0,9,0,135,122.0,47.5,182.0,34.9,1.45,0.61,63,0.3,1
2025-26,386,Alexis,Mac Allister,Mac Allister,Liverpool,MID,108,2654,2,5,7,41,9,490,475.4,562.2,365.0,139.9,3.89,1.69,61,1.8,31
2025-26,387,Dominik,Szoboszlai,Szoboszlai,Liverpool,MID,160,3232,6,7,9,52,21,780,867.8,1324.6,417.0,260.9,4.76,6.83,71,15.1,36
2025-26,388,Curtis,Jones,C.Jones,Liverpool,MID,81,1923,1,3,3,37,6,447,407.4,412.1,227.0,104.6,2.21,2.77,54,0.1,18
2025-26,390,Ryan,Gravenberch,Gravenberch,Liverpool,MID,144,2991,5,5,9,42,17,671,687.0,497.2,220.0,140.1,1.89,2.26,54,3.7,34
2025-26,392,Endo,Wataru,Endo,Liverpool,MID,12,170,0,1,1,5,0,49,56.0,18.1,6.0,8.0,0.04,0.05,49,0.1,1
2025-26,393,Stefan,Bajčetić Maquieira,Bajcetic,Liverpool,MID,0,0,0,0,0,0,0,0,0.0,0.0,0.0,0.0,0.00,0.00,42,0.2,0
2025-26,394,James,McConnell,McConnell,Liverpool,MID,0,0,0,0,0,0,0,0,0.0,0.0,0.0,0.0,0.00,0.00,44,0.0,0
2025-26,395,Tyler,Morton,Morton,Liverpool,MID,0,0,0,0,0,0,0,0,0.0,0.0,0.0,0.0,0.00,0.00,45,0.0,0
2025-26,396,Trey,Nyoni,Nyoni,Liverpool,MID,6,21,0,0,0,1,0,11,4.2,13.4,4.0,2.1,0.37,0.02,43,0.3,0
2025-26,397,Darwin,Núñez Ribeiro,Darwin,Liverpool,FWD,0,0,0,0,0,0,0,0,0.0,0.0,0.0,0.0,0.00,0.00,65,0.1,0
2025-26,398,Jayden,Danns,Danns,Liverpool,FWD,0,0,0,0,0,0,0,0,0.0,0.0,0.0,0.0,0.00,0.00,43,0.1,0
2025-26,499,Alexander,Isak,Isak,Liverpool,FWD,41,694,3,1,1,9,4,140,146.4,39.2,191.0,36.9,2.59,0.08,103,3.8,8
2025-26,661,Hugo,Ekitiké,Ekitiké,Liverpool,FWD,125,1797,11,4,7,25,22,433,525.8,307.2,739.0,156.2,10.10,2.45,90,15.7,21
2025-26,686,Rio,Ngumoha,Ngumoha,Liverpool,MID,43,547,2,1,2,12,4,188,176.0,222.8,203.0,60.1,1.34,2.01,43,1.4,5
2025-26,692,Giovanni,Leoni,Leoni,Liverpool,DEF,0,0,0,0,0,0,0,0,0.0,0.0,0.0,0.0,0.00,0.00,49,0.0,0
2025-26,746,Kieran,Morrison,Morrison,Liverpool,MID,0,0,0,0,0,0,0,0,0.0,0.0,0.0,0.0,0.00,0.00,45,0.0,0
2025-26,760,Wellity,Lucky,Lucky,Liverpool,DEF,0,0,0,0,0,0,0,0,0.0,0.0,0.0,0.0,0.00,0.00,40,0.0,0
2025-26,830,Will,Wright,Wright,Liverpool,FWD,0,0,0,0,0,0,0,0,0.0,0.0,0.0,0.0,0.00,0.00,45,0.0,0
2025-26,832,Talla,Ndiaye,Ndiaye,Liverpool,DEF,0,0,0,0,0,0,0,0,0.0,0.0,0.0,0.0,0.00,0.00,40,0.0,0
2025-26,82,Antoine,Semenyo,Semenyo,Man City,MID,202,3200,17,6,12,52,18,678,923.2,607.4,1047.0,257.7,11.10,3.12,80,46.2,37
2025-26,182,James,Trafford,Trafford,Man City,GKP,13,360,0,0,1,6,0,67,118.0,0.0,0.0,11.9,0.00,0.00,45,0.9,4
2025-26,260,Marc,Guéhi,Guéhi,Man City,DEF,179,3150,3,5,14,35,14,688,901.6,304.6,402.0,160.9,4.05,2.37,51,32.6,35
2025-26,399,Ederson,Santana de Moraes,Ederson M.,Man City,GKP,0,0,0,0,0,0,0,0,0.0,0.0,0.0,0.0,0.00,0.00,53,0.8,0
2025-26,401,Marcus,Bettinelli,Bettinelli,Man City,GKP,0,0,0,0,0,0,0,0,0.0,0.0,0.0,0.0,0.00,0.00,38,0.4,0
2025-26,402,Rayan,Aït-Nouri,Aït-Nouri,Man City,DEF,60,971,0,2,5,8,9,237,195.6,216.4,90.0,50.2,0.53,2.01,57,4.1,12
2025-26,403,Joško,Gvardiol,Gvardiol,Man City,DEF,79,1370,2,2,6,13,5,303,369.0,109.5,218.0,69.8,2.25,0.70,58,3.2,16
2025-26,404,Manuel,Akanji,Akanji,Man City,DEF,0,0,0,0,0,0,0,0,0.0,0.0,0.0,0.0,0.00,0.00,54,0.3,0
2025-26,405,Nathan,Aké,Aké,Man City,DEF,36,686,0,0,3,9,1,151,132.4,111.7,78.0,32.4,0.72,0.53,52,0.6,6
2025-26,406,Abdukodir,Khusanov,Khusanov,Man City,DEF,67,1427,0,0,6,13,3,293,299.0,112.2,26.0,43.9,0.65,1.21,54,0.7,15
2025-26,407,Matheus,Nunes,Matheus N.,Man City,DEF,154,2861,1,8,12,28,16,676,696.0,545.0,131.0,137.6,0.34,2.23,53,2.9,32
2025-26,408,Rúben,dos Santos Gato Alves Dias,Rúben,Man City,DEF,113,2139,2,0,12,22,4,453,560.8,152.2,96.0,81.0,0.57,0.65,55,3.1,24
2025-26,409,John,Stones,Stones,Man City,DEF,16,436,0,0,1,10,0,55,101.8,24.4,4.0,13.0,0.00,0.09,54,0.6,5
2025-26,410,Rico,Lewis,Lewis,Man City,DEF,19,401,0,1,1,7,2,72,70.8,112.5,55.0,23.8,0.19,1.39,46,1.2,4
2025-26,411,Nico,O'Reilly,O'Reilly,Man City,DEF,160,2643,5,4,14,25,10,567,653.8,413.9,573.0,164.1,6.12,2.67,53,19.2,29
2025-26,412,Vitor,de Oliveira Nunes dos Reis,Vitor Reis,Man City,DEF,0,0,0,0,0,0,0,0,0.0,0.0,0.0,0.0,0.00,0.00,50,0.0,0
2025-26,413,Omar,Marmoush,Marmoush,Man City,MID,56,691,3,3,4,5,5,182,203.2,159.8,284.0,64.4,2.78,0.77,83,2.9,8
2025-26,414,Phil,Foden,Foden,Man City,MID,131,2078,7,5,11,19,13,563,583.2,918.8,520.0,201.9,6.03,4.76,80,7.8,23
2025-26,415,Sávio,Moreira de Oliveira,Savinho,Man City,MID,43,817,1,2,3,7,1,140,138.6,198.4,321.0,65.8,2.50,1.59,69,0.4,7
2025-26,416,Bernardo,Mota Veiga de Carvalho e Silva,Bernardo,Man City,MID,102,2869,2,4,13,30,4,534,514.0,809.0,353.0,167.8,2.71,4.11,62,0.7,34
2025-26,417,Rayan,Cherki,Cherki,Man City,MID,135,1772,4,13,8,18,16,580,604.2,996.6,579.0,218.1,4.28,8.87,65,17.4,19
2025-26,418,Jérémy,Doku,Doku,Man City,MID,120,1773,5,8,8,18,15,526,540.2,841.6,645.0,202.5,2.87,5.86,65,6.6,19
2025-26,420,İlkay,Gündoğan,Gündoğan,Man City,MID,0,0,0,0,0,0,0,0,0.0,0.0,0.0,0.0,0.00,0.00,63,0.1,0
2025-26,421,Rodrigo 'Rodri',Hernandez Cascante,Rodrigo,Man City,MID,69,1510,1,1,5,15,6,350,358.0,421.5,122.0,90.3,1.15,2.45,63,0.5,17
2025-26,422,Mateo,Kovačić,Kovačić,Man City,MID,9,125,0,1,0,3,0,41,46.0,65.5,3.0,11.5,0.13,0.42,58,0.0,1
2025-26,423,Nico,González Iglesias,N.Gonzalez,Man City,MID,63,1561,1,0,7,18,1,337,309.8,234.1,72.0,61.5,0.68,1.12,59,0.1,17
2025-26,425,Claudio,Echeverri,Echeverri,Man City,MID,0,0,0,0,0,0,0,0,0.0,0.0,0.0,0.0,0.00,0.00,54,0.0,0
2025-26,427,Tijjani,Reijnders,Reijnders,Man City,MID,92,1623,5,3,7,18,6,337,340.0,347.8,435.0,111.2,4.61,2.35,50,8.9,19
2025-26,428,Sverre,Nypan,Nypan,Man City,MID,0,0,0,0,0,0,0,0,0.0,0.0,0.0,0.0,0.00,0.00,50,0.0,0
2025-26,429,Kalvin,Phillips,Phillips,Man City,MID,0,0,0,0,0,0,0,0,0.0,0.0,0.0,0.0,0.00,0.00,47,0.1,0
2025-26,430,Erling,Haaland,Haaland,Man City,FWD,239,2953,27,8,13,32,43,952,1180.4,320.1,1520.0,302.3,25.50,2.67,147,62.5,34
2025-26,736,Gianluigi,Donnarumma,Donnarumma,Man City,GKP,135,3060,0,0,15,29,5,567,666.6,10.3,2.0,68.0,0.00,0.13,56,9.3,34
2025-26,739,Divine,Mukasa,Mukasa,Man City,MID,2,25,0,0,0,0,0,5,4.2,28.3,4.0,3.7,0.00,0.21,44,0.0,0
2025-26,740,Stephen,Mfuni,Mfuni,Man City,DEF,0,0,0,0,0,0,0,0,0.0,0.0,0.0,0.0,0.00,0.00,39,0.0,0
2025-26,742,Ryan,McAidoo,McAidoo,Man City,MID,0,0,0,0,0,0,0,0,0.0,0.0,0.0,0.0,0.00,0.00,45,0.0,0
2025-26,763,Charlie,Gray,Gray,Man City,MID,0,0,0,0,0,0,0,0,0.0,0.0,0.0,0.0,0.00,0.00,45,0.0,0
2025-26,764,Reigan,Heskey,Heskey,Man City,MID,0,0,0,0,0,0,0,0,0.0,0.0,0.0,0.0,0.00,0.00,45,0.0,0
2025-26,794,Max,Alleyne,Alleyne,Man City,DEF,5,135,0,0,0,1,0,27,34.0,14.8,26.0,7.5,0.26,0.06,39,0.0,2
2025-26,119,Bryan,Mbeumo,Mbeumo,Man Utd,MID,148,2611,11,3,8,37,16,528,628.8,803.1,882.0,231.4,11.98,4.99,83,15.0,31
2025-26,431,Altay,Bayındır,Bayindir,Man Utd,GKP,11,540,0,0,0,11,0,49,118.4,10.0,0.0,12.8,0.00,0.05,47,0.3,6
2025-26,432,André,Onana,Onana,Man Utd,GKP,0,0,0,0,0,0,0,0,0.0,0.0,0.0,0.0,0.00,0.00,49,0.1,0
2025-26,433,Elyh,Harrison,Harrison,Man Utd,GKP,0,0,0,0,0,0,0,0,0.0,0.0,0.0,0.0,0.00,0.00,40,0.0,0
2025-26,434,Tom,Heaton,Heaton,Man Utd,GKP,0,0,0,0,0,0,0,0,0.0,0.0,0.0,0.0,0.00,0.00,38,0.6,0
2025-26,435,Dermot,Mee,Mee,Man Utd,GKP,0,0,0,0,0,0,0,0,0.0,0.0,0.0,0.0,0.00,0.00,39,0.1,0
2025-26,436,Matthijs,de Ligt,De Ligt,Man Utd,DEF,43,1170,1,0,1,20,5,169,276.6,60.2,122.0,45.7,1.38,0.83,49,1.8,13
2025-26,437,Lisandro,Martínez,Martinez,Man Utd,DEF,51,1229,0,0,5,15,3,241,302.8,94.9,19.0,42.0,0.15,0.60,48,0.4,13
2025-26,438,Noussair,Mazraoui,Mazraoui,Man Utd,DEF,53,977,0,0,5,10,6,233,209.0,122.4,37.0,36.8,0.19,0.35,49,0.3,11
2025-26,439,Diego,León Blanco,D.Leon,Man Utd,DEF,0,0,0,0,0,0,0,0,0.0,0.0,0.0,0.0,0.00,0.00,41,0.1,0
2025-26,440,Diogo,Dalot Teixeira,Dalot,Man Utd,DEF,111,2609,1,6,7,40,9,414,535.8,458.5,202.0,119.6,1.93,2.57,45,3.8,29
2025-26,441,Patrick,Dorgu,Dorgu,Man Utd,DEF,95,1440,4,4,4,20,11,321,469.0,394.2,341.0,120.3,2.39,1.84,41,2.4,15
2025-26,442,Harry,Maguire,Maguire,Man Utd,DEF,90,1649,1,2,7,20,5,315,381.6,62.5,184.0,63.0,1.12,0.50,44,1.7,19
2025-26,443,Luke,Shaw,Shaw,Man Utd,DEF,113,3220,1,1,10,45,3,449,560.2,314.8,97.0,97.4,0.72,1.98,45,1.1,38
2025-26,444,Leny,Yoro,Yoro,Man Utd,DEF,56,1730,0,1,2,33,1,191,327.0,83.1,124.0,53.2,1.34,0.59,41,1.2,18
2025-26,445,Harry,Amass,Amass,Man Utd,DEF,0,0,0,0,0,0,0,0,0.0,0.0,0.0,0.0,0.00,0.00,40,0.1,0
2025-26,446,Tyler,Fredricson,Fredricson,Man Utd,DEF,1,2,0,0,0,0,0,4,4.0,0.0,0.0,0.4,0.00,0.00,37,0.2,0
2025-26,447,Ayden,Heaven,Heaven,Man Utd,DEF,42,920,0,1,2,15,3,164,233.6,32.0,26.0,29.1,0.34,0.18,37,2.6,11
2025-26,448,Tyrell,Malacia,Malacia,Man Utd,DEF,3,15,0,0,0,1,0,6,7.6,1.5,0.0,0.9,0.00,0.00,37,0.6,0
2025-26,449,Bruno,Borges Fernandes,B.Fernandes,Man Utd,MID,235,3065,9,24,7,46,41,1008,1258.0,1938.5,614.0,381.4,10.79,12.28,104,48.0,35
2025-26,450,Matheus,Santos Carneiro da Cunha,Cunha,Man Utd,MID,143,2493,10,4,8,35,14,591,675.8,545.4,801.0,202.5,6.90,3.36,81,8.7,29
2025-26,451,Marcus,Rashford,Rashford,Man Utd,MID,0,0,0,0,0,0,0,0,0.0,0.0,0.0,0.0,0.00,0.00,70,0.0,0
2025-26,452,Amad,Diallo,Amad,Man Utd,MID,91,2339,2,5,6,33,7,463,436.6,596.1,600.0,163.5,5.46,4.74,62,1.3,27
2025-26,454,Antony,dos Santos,Antony,Man Utd,MID,0,0,0,0,0,0,0,0,0.0,0.0,0.0,0.0,0.00,0.00,59,0.1,0
2025-26,455,Mason,Mount,Mount,Man Utd,MID,58,1010,3,0,5,15,3,201,201.2,214.1,165.0,58.0,1.56,1.62,59,0.3,12
2025-26,457,Carlos Henrique,Casimiro,Casemiro,Man Utd,MID,165,2575,9,4,9,32,20,636,903.6,536.1,585.0,202.8,5.44,3.17,58,3.8,33
2025-26,458,Kobbie,Mainoo,Mainoo,Man Utd,MID,73,1653,1,2,6,22,2,340,365.0,360.1,94.0,82.1,0.48,1.27,47,1.4,16
2025-26,459,Manuel,Ugarte Ribeiro,Ugarte,Man Utd,MID,38,876,0,0,1,23,0,183,167.2,83.6,48.0,29.8,0.72,0.16,47,0.1,8
2025-26,460,Toby,Collyer,Collyer,Man Utd,MID,0,0,0,0,0,0,0,0,0.0,0.0,0.0,0.0,0.00,0.00,45,0.0,0
2025-26,461,Jayce,Fitzgerald,Fitzgerald,Man Utd,MID,0,0,0,0,0,0,0,0,0.0,0.0,0.0,0.0,0.00,0.00,43,0.0,0
2025-26,462,Jack,Fletcher,J.Fletcher,Man Utd,MID,3,107,0,0,0,0,0,10,18.6,24.4,5.0,4.8,0.03,0.02,43,0.1,0
2025-26,463,Sékou,Koné,Kone,Man Utd,MID,0,0,0,0,0,0,0,0,0.0,0.0,0.0,0.0,0.00,0.00,43,0.1,0
2025-26,464,Jack,Moorhouse,Moorhouse,Man Utd,MID,0,0,0,0,0,0,0,0,0.0,0.0,0.0,0.0,0.00,0.00,45,0.0,0
2025-26,465,Rasmus,Højlund,Højlund,Man Utd,FWD,0,0,0,0,0,0,0,0,0.0,0.0,0.0,0.0,0.00,0.00,63,0.3,0
2025-26,466,Joshua,Zirkzee,Zirkzee,Man Utd,FWD,42,607,2,1,2,8,6,146,164.4,177.7,245.0,58.3,2.74,0.34,58,0.4,5
2025-26,467,Chido,Obi,Obi,Man Utd,FWD,0,0,0,0,0,0,0,0,0.0,0.0,0.0,0.0,0.00,0.00,42,1.4,0
2025-26,468,Ethan,Wheatley,Wheatley,Man Utd,FWD,0,0,0,0,0,0,0,0,0.0,0.0,0.0,0.0,0.00,0.00,45,0.1,0
2025-26,681,Benjamin,Sesko,Šeško,Man Utd,FWD,111,1630,11,2,2,30,19,405,483.8,156.1,803.0,143.4,9.21,0.28,72,4.6,17
2025-26,733,Senne,Lammens,Lammens,Man Utd,GKP,109,2880,0,0,8,39,11,413,635.6,0.0,2.0,63.7,0.00,0.00,51,3.6,32
2025-26,755,Shea,Lacey,Lacey,Man Utd,MID,3,40,0,0,0,0,0,9,4.0,2.1,16.0,1.7,0.10,0.01,45,0.0,0
2025-26,769,Bendito,Mantato,Bendito Mantato,Man Utd,MID,1,15,0,0,0,0,0,3,2.2,11.7,0.0,1.4,0.00,0.01,45,0.0,0
2025-26,771,Tyler,Fletcher,Fletcher,Man Utd,MID,2,17,0,0,0,0,0,6,0.8,3.0,0.0,0.3,0.00,0.01,44,0.0,0
2025-26,788,Godwill,Kukonki,Kukonki,Man Utd,DEF,0,0,0,0,0,0,0,0,0.0,0.0,0.0,0.0,0.00,0.00,40,0.0,0
2025-26,827,Jim,Thwaites,Thwaites,Man Utd,MID,0,0,0,0,0,0,0,0,0.0,0.0,0.0,0.0,0.00,0.00,45,0.0,0
2025-26,52,Jacob,Ramsey,J.Ramsey,Newcastle,MID,62,1441,2,3,1,31,3,303,304.4,330.3,165.0,79.9,1.20,1.45,53,0.3,15
2025-26,135,Yoane,Wissa,Wissa,Newcastle,FWD,27,517,1,1,1,11,0,70,58.0,46.7,163.0,25.5,3.13,0.54,73,0.6,4
2025-26,469,Nick,Pope,Pope,Newcastle,GKP,96,2416,0,1,7,38,3,414,671.0,0.0,35.0,70.7,0.16,0.00,50,4.5,27
2025-26,471,Mark,Gillespie,Gillespie,Newcastle,GKP,0,0,0,0,0,0,0,0,0.0,0.0,0.0,0.0,0.00,0.00,39,0.1,0
2025-26,472,Odysseas,Vlachodimos,Odysseas,Newcastle,GKP,0,0,0,0,0,0,0,0,0.0,0.0,0.0,0.0,0.00,0.00,40,0.0,0
2025-26,473,Lewis,Hall,Hall,Newcastle,DEF,79,2176,1,2,4,39,4,347,550.2,433.6,196.0,118.0,1.01,2.78,53,3.3,24
2025-26,474,Fabian,Schär,Schär,Newcastle,DEF,51,1089,0,0,4,13,0,186,291.2,63.6,108.0,46.4,0.97,0.60,52,1.1,11
2025-26,475,Sven,Botman,Botman,Newcastle,DEF,89,1834,1,1,5,27,6,332,597.0,85.8,190.0,87.4,1.73,0.86,49,0.5,21
2025-26,476,Dan,Burn,Burn,Newcastle,DEF,93,2195,1,3,6,36,5,286,525.8,107.3,186.0,82.1,1.08,0.36,50,3.6,25
2025-26,477,Tino,Livramento,Livramento,Newcastle,DEF,59,1326,0,1,6,14,3,252,219.4,199.7,42.0,46.1,0.13,0.89,49,1.8,14
2025-26,478,Kieran,Trippier,Trippier,Newcastle,DEF,54,1586,0,1,5,27,2,225,288.0,488.5,14.0,79.0,0.08,2.06,49,1.4,18
2025-26,479,Emil,Krafth,Krafth,Newcastle,DEF,0,45,0,0,0,2,0,-8,1.4,1.2,0.0,0.3,0.00,0.00,43,0.0,1
2025-26,480,Jamaal,Lascelles,Lascelles,Newcastle,DEF,1,19,0,0,0,2,0,0,10.2,0.0,7.0,1.7,0.04,0.00,43,0.0,0
2025-26,481,Alex,Murphy,A.Murphy,Newcastle,DEF,2,7,0,0,0,1,0,3,10.2,0.6,2.0,1.3,0.00,0.00,38,0.7,0
2025-26,482,Harrison,Ashby,Ashby,Newcastle,DEF,0,0,0,0,0,0,0,0,0.0,0.0,0.0,0.0,0.00,0.00,39,0.1,0
2025-26,483,Miodrag,Pivaš,Pivas,Newcastle,DEF,0,0,0,0,0,0,0,0,0.0,0.0,0.0,0.0,0.00,0.00,38,0.4,0
2025-26,484,Matt,Targett,Targett,Newcastle,DEF,0,0,0,0,0,0,0,0,0.0,0.0,0.0,0.0,0.00,0.00,40,0.1,0
2025-26,485,Anthony,Gordon,Gordon,Newcastle,MID,101,1798,6,4,8,30,10,352,393.8,404.2,514.0,130.9,8.77,3.38,72,3.1,24
2025-26,486,Anthony,Elanga,Elanga,Newcastle,MID,48,1302,0,1,2,28,0,179,130.4,266.7,185.0,57.8,1.65,1.74,65,2.6,14
2025-26,487,Harvey,Barnes,Barnes,Newcastle,MID,106,1951,7,1,5,31,9,349,404.0,387.5,682.0,147.0,6.84,2.72,61,1.3,19
2025-26,488,Bruno,Guimarães Rodriguez Moura,Bruno G.,Newcastle,MID,154,2456,9,7,6,37,22,681,782.4,756.7,488.0,202.9,5.59,4.96,69,6.5,27
2025-26,489,Jacob,Murphy,J.Murphy,Newcastle,MID,82,1606,3,2,8,20,5,314,330.8,393.7,346.0,106.0,3.07,2.66,59,0.6,19
2025-26,490,Joelinton Cássio,Apolinário de Lira,Joelinton,Newcastle,MID,73,1950,2,1,5,27,2,304,324.4,296.3,329.0,95.0,2.36,1.35,59,0.3,23
2025-26,491,Sandro,Tonali,Tonali,Newcastle,MID,81,2534,0,2,7,38,2,477,398.0,534.1,198.0,113.4,1.75,2.87,53,1.0,31
2025-26,492,Antoñito,Cordero Campillo,Antoñito C.,Newcastle,MID,0,0,0,0,0,0,0,0,0.0,0.0,0.0,0.0,0.00,0.00,49,0.0,0
2025-26,494,Joe,Willock,Willock,Newcastle,MID,38,972,0,2,3,18,0,166,145.4,205.8,204.0,55.5,1.26,1.07,50,0.1,10
2025-26,495,Isaac,Hayden,Hayden,Newcastle,MID,0,0,0,0,0,0,0,0,0.0,0.0,0.0,0.0,0.00,0.00,45,0.0,0
2025-26,496,Garang,Kuol,Kuol,Newcastle,MID,0,0,0,0,0,0,0,0,0.0,0.0,0.0,0.0,0.00,0.00,44,0.0,0
2025-26,497,Lewis,Miley,L.Miley,Newcastle,MID,72,1493,1,4,2,22,5,334,342.6,251.4,136.0,73.0,1.36,2.10,44,1.7,15
2025-26,498,Joe,White,White,Newcastle,MID,0,0,0,0,0,0,0,0,0.0,0.0,0.0,0.0,0.00,0.00,45,0.0,0
2025-26,500,William,Osula,Osula,Newcastle,FWD,76,805,7,1,2,14,13,284,256.6,82.6,284.0,62.2,4.28,0.62,55,2.1,8
2025-26,501,Sean,Neave,Neave,Newcastle,FWD,1,13,0,0,0,1,0,2,0.0,0.0,5.0,0.5,0.03,0.00,43,0.3,0
2025-26,674,Aaron,Ramsdale,Ramsdale,Newcastle,GKP,25,1003,0,0,1,17,1,107,212.8,10.0,0.0,22.3,0.00,0.00,48,0.7,11
2025-26,684,Malick,Thiaw,Thiaw,Newcastle,DEF,126,2963,4,0,5,52,12,436,868.0,114.3,409.0,138.9,4.80,0.96,49,4.7,33
2025-26,689,Seung-Soo,Park,Seung soo,Newcastle,MID,0,0,0,0,0,0,0,0,0.0,0.0,0.0,0.0,0.00,0.00,43,0.5,0
2025-26,714,Nick,Woltemade,Woltemade,Newcastle,FWD,108,1896,8,4,8,29,12,399,447.2,314.4,425.0,117.5,6.59,1.53,67,6.5,24
2025-26,753,John,Ruddy,Ruddy,Newcastle,GKP,0,0,0,0,0,0,0,0,0.0,0.0,0.0,0.0,0.00,0.00,40,0.0,0
2025-26,765,Leo,Shahar,Shahar,Newcastle,DEF,0,0,0,0,0,0,0,0,0.0,0.0,0.0,0.0,0.00,0.00,40,0.0,0
2025-26,772,Sam,Alabi,Alabi,Newcastle,MID,0,0,0,0,0,0,0,0,0.0,0.0,0.0,0.0,0.00,0.00,45,0.0,0
2025-26,12,Oleksandr,Zinchenko,Zinchenko,Nott'm Forest,DEF,7,352,0,0,0,6,0,56,80.8,83.4,22.0,18.6,0.07,0.36,49,0.2,4
2025-26,400,Stefan,Ortega Moreno,Ortega Moreno,Nott'm Forest,GKP,11,270,0,0,1,4,0,38,68.6,0.0,0.0,6.9,0.00,0.01,47,0.2,3
2025-26,426,James,McAtee,McAtee,Nott'm Forest,MID,17,288,0,1,0,9,0,60,51.6,82.0,39.0,17.3,0.18,0.37,50,0.1,2
2025-26,502,Matz,Sels,Sels,Nott'm Forest,GKP,105,2667,0,0,7,39,3,431,730.0,10.0,0.0,74.0,0.00,0.06,46,5.0,30
2025-26,503,Carlos Miguel,dos Santos Pereira,C.Miguel,Nott'm Forest,GKP,0,0,0,0,0,0,0,0,0.0,0.0,0.0,0.0,0.00,0.00,40,0.1,0
2025-26,504,Matt,Turner,Turner,Nott'm Forest,GKP,0,0,0,0,0,0,0,0,0.0,0.0,0.0,0.0,0.00,0.00,40,0.1,0
2025-26,505,Nikola,Milenković,Milenković,Nott'm Forest,DEF,119,3375,0,1,9,51,2,401,680.4,66.9,120.0,86.9,0.83,0.68,51,3.3,37
2025-26,506,Murillo,Costa dos Santos,Murillo,Nott'm Forest,DEF,83,2130,1,0,6,29,3,333,542.2,115.5,82.0,74.0,0.73,0.47,52,1.8,25
2025-26,507,Ola,Aina,Aina,Nott'm Forest,DEF,67,1587,0,2,6,19,5,264,285.2,160.3,58.0,50.5,0.41,0.84,47,2.1,18
2025-26,508,Neco,Williams,N.Williams,Nott'm Forest,DEF,128,3203,2,3,9,48,15,531,804.0,572.3,380.0,175.6,2.01,3.97,48,4.2,36
2025-26,509,David,Mota Veiga Teixeira do Carmo,David Carmo,Nott'm Forest,DEF,0,0,0,0,0,0,0,0,0.0,0.0,0.0,0.0,0.00,0.00,45,0.0,0
2025-26,510,Jair,Paula da Cunha Filho,Jair Cunha,Nott'm Forest,DEF,13,514,0,0,0,7,0,48,98.0,15.2,29.0,14.2,0.27,0.06,42,0.1,6
2025-26,511,Felipe,Rodrigues da Silva,Morato,Nott'm Forest,DEF,53,1340,1,0,2,23,1,190,371.2,37.6,96.0,50.5,1.32,0.15,43,0.1,14
2025-26,512,Omar,Richards,O.Richards,Nott'm Forest,DEF,0,0,0,0,0,0,0,0,0.0,0.0,0.0,0.0,0.00,0.00,45,0.0,0
2025-26,513,Zach,Abbott,Abbott,Nott'm Forest,DEF,3,165,0,0,0,4,0,3,25.4,6.4,0.0,3.2,0.00,0.01,38,0.2,2
2025-26,514,Willy,Boly,Boly,Nott'm Forest,DEF,0,0,0,0,0,0,0,0,0.0,0.0,0.0,0.0,0.00,0.00,38,0.3,0
2025-26,515,Morgan,Gibbs-White,Gibbs-White,Nott'm Forest,MID,188,3101,15,4,10,45,18,712,843.8,747.7,836.0,242.5,10.81,2.91,76,9.2,35
2025-26,516,Callum,Hudson-Odoi,Hudson-Odoi,Nott'm Forest,MID,88,1838,3,4,6,26,8,358,366.6,611.7,330.0,130.6,2.77,3.02,57,0.6,21
2025-26,517,Elliot,Anderson,Anderson,Nott'm Forest,MID,180,3332,4,5,10,50,16,795,915.2,961.5,310.0,219.0,2.94,4.79,57,9.4,37
2025-26,518,João Pedro,Ferreira da Silva,Jota,Nott'm Forest,MID,1,11,0,0,0,0,0,6,5.0,0.5,4.0,1.0,0.00,0.00,54,0.0,0
2025-26,519,Nicolás,Domínguez,Dominguez,Nott'm Forest,MID,48,1168,1,1,3,20,3,229,264.8,193.5,138.0,59.7,1.47,0.77,50,0.0,17
2025-26,520,Lewis,O'Brien,O'Brien,Nott'm Forest,MID,0,0,0,0,0,0,0,0,0.0,0.0,0.0,0.0,0.00,0.00,50,0.0,0
2025-26,521,Ibrahim,Sangaré,Sangaré,Nott'm Forest,MID,89,2073,2,2,8,26,2,366,434.4,205.9,126.0,76.8,1.16,1.80,49,0.1,25
2025-26,522,Ryan,Yates,Yates,Nott'm Forest,MID,30,602,0,2,0,7,0,123,139.0,79.7,55.0,27.2,0.49,0.37,47,0.1,2
2025-26,523,Eric,da Silva Moreira,Da Silva Moreira,Nott'm Forest,MID,0,0,0,0,0,0,0,0,0.0,0.0,0.0,0.0,0.00,0.00,45,0.1,0
2025-26,524,Marko,Stamenić,Stamenic,Nott'm Forest,MID,0,0,0,0,0,0,0,0,0.0,0.0,0.0,0.0,0.00,0.00,45,0.0,0
2025-26,525,Chris,Wood,Wood,Nott'm Forest,FWD,41,896,3,0,2,14,4,145,139.0,88.4,266.0,48.0,4.29,0.32,71,4.7,11
2025-26,526,Igor Jesus,Maciel da Cruz,Igor Jesus,Nott'm Forest,FWD,114,2293,6,6,9,37,13,407,420.6,240.7,726.0,136.4,6.48,1.26,59,2.4,28
2025-26,527,Taiwo,Awoniyi,Awoniyi,Nott'm Forest,FWD,43,480,4,2,1,4,4,170,177.2,79.0,235.0,48.4,3.68,0.77,52,0.4,3
2025-26,669,Dan,Ndoye,Ndoye,Nott'm Forest,MID,50,1167,1,2,2,17,4,178,166.4,217.7,180.0,56.6,1.05,1.51,55,0.7,14
2025-26,675,Angus,Gunn,Gunn,Nott'm Forest,GKP,1,45,0,0,0,0,0,4,1.2,0.0,0.0,0.1,0.00,0.00,40,1.1,0
2025-26,693,Omari,Hutchinson,Hutchinson,Nott'm Forest,MID,82,1676,1,7,6,24,3,329,333.6,527.1,356.0,121.6,2.01,3.87,54,0.1,17
2025-26,696,Arnaud,Kalimuendo,Kalimuendo,Nott'm Forest,FWD,9,89,0,0,0,3,0,24,6.8,17.7,39.0,6.3,0.44,0.02,60,0.1,0
2025-26,715,John Victor,Maciel Furtado,John,Nott'm Forest,GKP,11,437,0,0,1,8,0,32,56.4,0.0,0.0,5.7,0.00,0.00,40,0.3,5
2025-26,716,Nicolò,Savona,Savona,Nott'm Forest,DEF,39,1025,2,0,3,18,0,131,216.6,123.2,94.0,43.5,1.34,0.45,45,0.0,11
2025-26,729,Luis Eduardo,Soares da Silva,Cuiabano,Nott'm Forest,DEF,0,0,0,0,0,0,0,0,0.0,0.0,0.0,0.0,0.00,0.00,45,0.0,0
2025-26,734,Dilane,Bakwa,Bakwa,Nott'm Forest,MID,26,549,0,2,2,10,1,100,86.4,178.8,95.0,35.6,0.54,1.01,59,0.0,6
2025-26,805,Lorenzo,Lucca,Lucca,Nott'm Forest,FWD,9,126,1,0,1,1,0,33,37.2,13.0,39.0,8.5,0.79,0.01,53,0.0,1
2025-26,814,Luca,Netz,Netz,Nott'm Forest,DEF,11,353,0,0,0,5,0,33,63.4,30.1,10.0,10.4,0.00,0.41,45,0.0,3
2025-26,835,Archie,Whitehall,Whitehall,Nott'm Forest,MID,0,0,0,0,0,0,0,0,0.0,0.0,0.0,0.0,0.00,0.00,45,0.0,0
2025-26,836,Jimmy,Sinclair,Sinclair,Nott'm Forest,MID,0,0,0,0,0,0,0,0,0.0,0.0,0.0,0.0,0.00,0.00,45,0.0,0
2025-26,841,Lamin,Sillah,Sillah,Nott'm Forest,FWD,0,0,0,0,0,0,0,0,0.0,0.0,0.0,0.0,0.00,0.00,45,0.0,0
2025-26,528,Anthony,Patterson,Patterson,Sunderland,GKP,0,0,0,0,0,0,0,0,0.0,0.0,0.0,0.0,0.00,0.00,42,0.1,0
2025-26,529,Simon,Moore,Moore,Sunderland,GKP,0,0,0,0,0,0,0,0,0.0,0.0,0.0,0.0,0.00,0.00,39,0.3,0
2025-26,530,Blondy,Nna Noukeu,Nna Noukeu,Sunderland,GKP,0,0,0,0,0,0,0,0,0.0,0.0,0.0,0.0,0.00,0.00,39,0.1,0
2025-26,531,Daniel,Ballard,Ballard,Sunderland,DEF,116,2144,2,2,6,35,9,340,662.8,181.2,370.0,121.5,2.46,0.63,46,2.4,24
2025-26,532,Trai,Hume,Hume,Sunderland,DEF,110,3032,2,1,9,42,6,383,547.8,421.3,248.0,120.9,2.27,2.05,45,0.3,34
2025-26,533,Aji,Alese,Alese,Sunderland,DEF,0,0,0,0,0,0,0,0,0.0,0.0,0.0,0.0,0.00,0.00,40,0.0,0
2025-26,534,Joe,Anderson,Anderson,Sunderland,DEF,0,0,0,0,0,0,0,0,0.0,0.0,0.0,0.0,0.00,0.00,38,0.3,0
2025-26,535,Dennis,Cirkin,Cirkin,Sunderland,DEF,14,319,0,0,1,2,0,43,59.2,9.7,10.0,7.5,0.08,0.02,40,0.0,3
2025-26,536,Leo Fuhr,Hjelde,Hjelde,Sunderland,DEF,0,0,0,0,0,0,0,0,0.0,0.0,0.0,0.0,0.00,0.00,40,0.0,0
2025-26,537,Niall,Huggins,Huggins,Sunderland,DEF,0,0,0,0,0,0,0,0,0.0,0.0,0.0,0.0,0.00,0.00,40,0.1,0
2025-26,538,Zak,Johnson,Johnson,Sunderland,DEF,0,0,0,0,0,0,0,0,0.0,0.0,0.0,0.0,0.00,0.00,38,0.2,0
2025-26,539,Luke,O'Nien,O'Nien,Sunderland,DEF,26,565,0,1,2,7,1,90,103.0,27.6,40.0,17.1,0.15,0.13,40,0.1,5
2025-26,540,Timothée,Pembélé,Pembele,Sunderland,DEF,0,0,0,0,0,0,0,0,0.0,0.0,0.0,0.0,0.00,0.00,39,0.3,0
2025-26,541,Reinildo,Mandava,Reinildo,Sunderland,DEF,74,1966,0,2,6,27,6,281,376.4,130.2,39.0,54.7,0.13,0.62,38,3.0,23
2025-26,542,Jenson,Seelt,Seelt,Sunderland,DEF,2,133,0,0,0,2,0,11,33.6,2.4,0.0,3.6,0.00,0.01,40,0.1,1
2025-26,543,Simon,Adingra,Adingra,Sunderland,MID,34,649,1,1,4,8,3,81,81.4,116.8,75.0,27.0,0.35,0.62,49,0.3,9
2025-26,544,Habib,Diarra,Diarra,Sunderland,MID,65,1403,2,6,5,19,3,209,166.2,153.8,234.0,53.9,3.27,0.85,53,0.1,15
2025-26,545,Patrick,Roberts,Roberts,Sunderland,MID,1,27,0,0,0,1,0,4,1.8,7.3,5.0,1.4,0.03,0.02,54,0.0,0
2025-26,546,Milan,Aleksić,Aleksić,Sunderland,MID,0,0,0,0,0,0,0,0,0.0,0.0,0.0,0.0,0.00,0.00,49,0.0,0
2025-26,547,Enzo,Le Fée,E.Le Fée,Sunderland,MID,147,2930,5,6,10,43,16,621,725.8,816.4,324.0,186.9,5.22,5.95,48,1.6,33
2025-26,548,Romaine,Mundle,Mundle,Sunderland,MID,14,399,0,0,0,11,0,42,29.4,33.6,69.0,12.7,0.87,0.48,49,0.0,2
2025-26,549,Dan,Neil,Neil,Sunderland,MID,3,13,0,0,0,0,0,10,3.0,1.4,0.0,0.4,0.00,0.00,48,0.0,0
2025-26,550,Ian,Poveda-Ocampo,Poveda,Sunderland,MID,0,0,0,0,0,0,0,0,0.0,0.0,0.0,0.0,0.00,0.00,47,0.0,0
2025-26,551,Chris,Rigg,Rigg,Sunderland,MID,36,758,1,1,3,11,1,136,114.6,142.8,103.0,36.0,0.86,0.93,47,0.1,11
2025-26,552,Noah,Sadiki,Sadiki,Sunderland,MID,80,2891,0,2,9,42,0,410,347.6,333.3,162.0,84.6,1.43,1.46,49,0.1,33
2025-26,553,Chemsdine,Talbi,Talbi,Sunderland,MID,83,1553,4,2,7,14,6,248,238.8,211.5,245.0,69.1,2.13,1.18,49,0.2,16
2025-26,554,Abdoullah,Ba,Ba,Sunderland,MID,0,0,0,0,0,0,0,0,0.0,0.0,0.0,0.0,0.00,0.00,43,0.3,0
2025-26,555,Alan,Browne,Browne,Sunderland,MID,0,0,0,0,0,0,0,0,0.0,0.0,0.0,0.0,0.00,0.00,45,0.0,0
2025-26,556,Pierre,Ekwah Elimby,Ekwah,Sunderland,MID,0,0,0,0,0,0,0,0,0.0,0.0,0.0,0.0,0.00,0.00,45,0.0,0
2025-26,557,Harrison,Jones,H.Jones,Sunderland,MID,0,0,0,0,0,0,0,0,0.0,0.0,0.0,0.0,0.00,0.00,43,0.1,0
2025-26,558,Jay,Matete,Matete,Sunderland,MID,0,0,0,0,0,0,0,0,0.0,0.0,0.0,0.0,0.00,0.00,43,0.2,0
2025-26,559,Nectarios,Triantis,Triantis,Sunderland,MID,0,0,0,0,0,0,0,0,0.0,0.0,0.0,0.0,0.00,0.00,44,0.0,0
2025-26,560,Wilson,Isidor,Isidor,Sunderland,FWD,74,1148,6,1,4,17,7,266,242.0,30.4,444.0,71.5,4.70,0.38,50,1.3,11
2025-26,561,Eliezer,Mayenda Dossou,Mayenda,Sunderland,FWD,40,751,2,0,3,9,5,124,117.6,53.8,188.0,35.5,2.13,0.22,51,0.5,8
2025-26,562,Ahmed,Abdullahi,Abdullahi,Sunderland,FWD,0,0,0,0,0,0,0,0,0.0,0.0,0.0,0.0,0.00,0.00,42,0.4,0
2025-26,563,Luís Hemir,Silva Semedo,Luís Hemir,Sunderland,FWD,0,0,0,0,0,0,0,0,0.0,0.0,0.0,0.0,0.00,0.00,44,0.1,0
2025-26,564,Nazarii,Rusyn,Rusyn,Sunderland,FWD,0,0,0,0,0,0,0,0,0.0,0.0,0.0,0.0,0.00,0.00,44,0.1,0
2025-26,668,Granit,Xhaka,Xhaka,Sunderland,MID,124,2901,1,6,9,39,8,603,685.0,595.3,101.0,138.1,1.01,3.73,51,3.2,32
2025-26,670,Robin,Roefs,Roefs,Sunderland,GKP,136,3150,0,0,10,46,12,573,881.6,50.0,0.0,93.1,0.00,0.10,48,8.0,35
2025-26,678,Arthur,Masuaku,Masuaku,Sunderland,DEF,1,125,0,0,0,2,0,4,21.8,20.1,7.0,4.9,0.07,0.08,39,0.5,2
2025-26,683,Omar,Alderete,Alderete,Sunderland,DEF,125,2797,1,1,10,40,5,400,749.0,138.1,279.0,117.0,1.62,0.91,41,4.9,32
2025-26,694,Nordi,Mukiele,Mukiele,Sunderland,DEF,151,2784,3,5,9,40,11,489,733.6,353.1,242.0,132.9,1.62,2.65,46,8.7,32
2025-26,724,Lutsharel,Geertruida,Geertruida,Sunderland,DEF,55,1681,0,0,3,23,0,231,274.6,135.7,102.0,51.2,0.79,0.85,45,0.1,17
2025-26,730,Brian,Brobbey,Brobbey,Sunderland,FWD,92,1920,7,2,6,30,12,309,333.4,200.5,552.0,106.7,6.02,0.67,53,0.9,22
2025-26,735,Bertrand,Traoré,Traoré,Sunderland,MID,30,634,1,1,3,9,1,118,115.6,108.4,135.0,35.9,0.48,0.25,55,0.0,9
2025-26,774,Jenson,Jones,Jenson Jones,Sunderland,DEF,0,0,0,0,0,0,0,0,0.0,0.0,0.0,0.0,0.00,0.00,40,0.0,0
2025-26,775,Tymur,Tutierov,Tutierov,Sunderland,MID,0,0,0,0,0,0,0,0,0.0,0.0,0.0,0.0,0.00,0.00,45,0.0,0
2025-26,800,Djiamgone Jocelin Ta,Bi,Jocelin.T,Sunderland,MID,1,38,0,0,0,0,0,4,3.4,4.3,2.0,1.0,0.00,0.04,49,0.0,1
2025-26,812,Melker,Ellborg,Ellborg,Sunderland,GKP,16,270,0,0,1,2,3,62,73.6,0.0,0.0,7.4,0.00,0.02,40,0.1,3
2025-26,813,Nilson,Angulo,Angulo,Sunderland,MID,13,401,0,0,1,6,0,43,45.4,44.3,89.0,17.8,0.77,0.12,50,0.0,5
2025-26,821,Jack,Whittaker,Whittaker,Sunderland,MID,0,0,0,0,0,0,0,0,0.0,0.0,0.0,0.0,0.00,0.00,45,0.0,0
2025-26,822,Jaydon,Jones,Jones,Sunderland,MID,0,0,0,0,0,0,0,0,0.0,0.0,0.0,0.0,0.00,0.00,45,0.0,0
2025-26,565,Guglielmo,Vicario,Vicario,Spurs,GKP,90,2790,0,0,7,50,6,412,709.2,10.1,0.0,72.2,0.00,0.04,47,4.7,31
2025-26,566,Brandon,Austin,Austin,Spurs,GKP,0,0,0,0,0,0,0,0,0.0,0.0,0.0,0.0,0.00,0.00,39,0.3,0
2025-26,567,Antonín,Kinský,Kinsky,Spurs,GKP,20,630,0,0,2,7,0,76,102.6,0.0,0.0,10.3,0.00,0.00,39,1.9,7
2025-26,568,Pedro,Porro Sauceda,Pedro Porro,Spurs,DEF,117,2793,1,3,9,40,8,502,690.2,881.7,202.0,177.5,1.05,4.37,52,11.7,32
2025-26,569,Cristian,Romero,Romero,Spurs,DEF,91,1869,4,1,5,33,10,305,574.8,133.6,223.0,93.2,1.39,1.25,50,2.9,22
2025-26,570,Kevin,Danso,Danso,Spurs,DEF,63,1489,0,0,4,25,1,219,407.0,49.5,96.0,55.5,0.62,0.28,42,0.2,17
2025-26,571,Ben,Davies,Davies,Spurs,DEF,10,136,1,0,0,3,1,29,67.4,22.2,52.0,14.2,0.49,0.07,43,0.1,2
2025-26,572,Radu,Drăgușin,Dragusin,Spurs,DEF,17,515,0,0,0,13,0,34,130.6,3.2,27.0,16.1,0.31,0.01,45,0.0,5
2025-26,573,Djed,Spence,Spence,Spurs,DEF,78,2049,0,0,9,31,3,271,291.0,209.7,207.0,70.5,0.90,1.77,41,0.9,23
2025-26,574,Destiny,Udogie,Udogie,Spurs,DEF,29,1335,0,1,1,25,1,121,207.2,187.0,103.0,49.8,0.18,0.72,43,0.3,14
2025-26,575,Micky,van de Ven,Van de Ven,Spurs,DEF,116,3041,4,1,9,50,10,431,683.4,95.2,218.0,99.6,2.82,0.38,44,17.6,35
2025-26,576,Ashley,Phillips,Phillips,Spurs,DEF,0,0,0,0,0,0,0,0,0.0,0.0,0.0,0.0,0.00,0.00,40,0.0,0
2025-26,577,Takai,Kōta,Takai,Spurs,DEF,0,0,0,0,0,0,0,0,0.0,0.0,0.0,0.0,0.00,0.00,40,0.0,0
2025-26,578,Luka,Vušković,Vuskovic,Spurs,DEF,0,0,0,0,0,0,0,0,0.0,0.0,0.0,0.0,0.00,0.00,39,0.3,0
2025-26,579,Son,Heung-min,Son,Spurs,MID,0,0,0,0,0,0,0,0,0.0,0.0,0.0,0.0,0.00,0.00,85,0.1,0
2025-26,581,James,Maddison,Maddison,Spurs,MID,3,34,0,0,0,0,0,5,2.8,9.5,15.0,2.8,0.21,0.06,68,0.3,0
2025-26,582,Mohammed,Kudus,Kudus,Spurs,MID,75,1535,2,6,7,20,7,257,333.4,413.8,302.0,104.7,1.92,2.41,64,9.1,19
2025-26,583,Dejan,Kulusevski,Kulusevski,Spurs,MID,0,0,0,0,0,0,0,0,0.0,0.0,0.0,0.0,0.00,0.00,64,0.0,0
2025-26,584,Mathys,Tel,Tel,Spurs,MID,78,1334,4,2,3,23,7,266,303.4,457.2,312.0,107.6,2.47,2.43,62,0.5,13
2025-26,585,Rodrigo,Bentancur,Bentancur,Spurs,MID,86,1880,1,1,8,25,4,366,349.0,197.8,124.0,67.4,0.72,0.84,52,0.2,23
2025-26,586,Lucas,Bergvall,Bergvall,Spurs,MID,49,955,1,3,3,18,0,163,164.6,106.4,147.0,41.5,1.23,0.43,52,0.2,11
2025-26,587,Yves,Bissouma,Bissouma,Spurs,MID,17,600,0,0,1,17,0,99,89.6,25.5,23.0,13.7,0.36,0.10,52,0.0,7
2025-26,588,Wilson,Odobert,Odobert,Spurs,MID,46,972,0,2,2,13,6,176,158.8,284.3,234.0,67.6,1.92,1.21,53,0.0,10
2025-26,589,Manor,Solomon,Solomon,Spurs,MID,0,0,0,0,0,0,0,0,0.0,0.0,0.0,0.0,0.00,0.00,54,0.0,0
2025-26,590,Bryan,Gil Salvatierra,Bryan,Spurs,MID,0,0,0,0,0,0,0,0,0.0,0.0,0.0,0.0,0.00,0.00,49,0.0,0
2025-26,591,Archie,Gray,Gray,Spurs,MID,61,1471,2,2,5,28,6,237,259.4,138.1,158.0,55.5,1.50,1.29,48,0.1,18
2025-26,592,Mikey,Moore,Moore,Spurs,MID,0,0,0,0,0,0,0,0,0.0,0.0,0.0,0.0,0.00,0.00,50,0.0,0
2025-26,593,Pape Matar,Sarr,P.M.Sarr,Spurs,MID,71,1388,2,4,3,23,2,313,336.0,188.3,156.0,68.2,1.63,1.11,45,1.0,13
2025-26,594,Yang,Min-hyeok,Min-hyeok,Spurs,MID,0,0,0,0,0,0,0,0,0.0,0.0,0.0,0.0,0.00,0.00,45,0.0,0
2025-26,595,Callum,Olusesi,Olusesi,Spurs,MID,1,14,0,0,0,0,0,3,0.6,1.8,0.0,0.2,0.00,0.01,43,0.2,0
2025-26,596,Dominic,Solanke-Mitchell,Solanke,Spurs,FWD,40,997,3,0,0,21,4,187,205.0,84.1,339.0,62.7,2.97,0.34,71,1.1,11
2025-26,597,Richarlison,de Andrade,Richarlison,Spurs,FWD,119,1954,11,4,7,27,17,505,602.6,239.6,815.0,165.2,8.64,1.46,65,8.7,20
2025-26,598,Will,Lankshear,Lankshear,Spurs,FWD,0,0,0,0,0,0,0,0,0.0,0.0,0.0,0.0,0.00,0.00,45,0.0,0
2025-26,599,Dane,Scarlett,Scarlett,Spurs,FWD,2,7,0,0,0,0,0,5,1.0,4.1,2.0,0.7,0.00,0.01,43,0.5,0
2025-26,673,João Maria,Lobo Alves Palhares Costa Palhinha Gonçalves,J.Palhinha,Spurs,MID,126,2192,5,3,5,37,17,518,638.0,147.8,295.0,108.3,2.72,0.65,55,0.9,23
2025-26,717,Xavi,Simons,Xavi,Spurs,MID,80,1747,2,5,4,36,7,345,349.6,533.8,255.0,113.9,3.06,3.85,63,1.1,19
2025-26,726,Randal,Kolo Muani,Kolo Muani,Spurs,FWD,52,1655,1,1,4,31,1,150,169.6,267.3,287.0,71.0,2.07,1.63,69,0.4,21
2025-26,745,Jun'ai,Byfield,Byfield,Spurs,DEF,1,1,0,0,0,0,0,3,0.4,0.5,0.0,0.1,0.00,0.00,40,0.0,0
2025-26,750,James,Rowswell,Rowswell,Spurs,DEF,1,1,0,0,0,0,0,3,0.0,0.0,0.0,0.0,0.00,0.00,40,0.0,0
2025-26,751,Yusuf,Akhamrich,Akhamrich,Spurs,MID,0,0,0,0,0,0,0,0,0.0,0.0,0.0,0.0,0.00,0.00,45,0.0,0
2025-26,790,Lucá,Williams-Barnett,Williams-Barnett,Spurs,MID,0,0,0,0,0,0,0,0,0.0,0.0,0.0,0.0,0.00,0.00,45,0.0,0
2025-26,796,Conor,Gallagher,Gallagher,Spurs,MID,44,1183,1,1,2,23,3,211,190.6,205.9,154.0,55.1,1.23,0.70,50,0.2,14
2025-26,804,João Victor,de Souza Menezes,Souza,Spurs,DEF,3,142,0,0,0,3,0,0,12.8,31.9,17.0,6.2,0.02,0.03,40,0.0,2
2025-26,811,Rio,Kyerematen,Kyerematen,Spurs,MID,0,0,0,0,0,0,0,0,0.0,0.0,0.0,0.0,0.00,0.00,45,0.0,0
2025-26,818,James,Wilson,Wilson,Spurs,FWD,0,0,0,0,0,0,0,0,0.0,0.0,0.0,0.0,0.00,0.00,45,0.0,0
2025-26,326,Adama,Traoré Diarra,Adama,West Ham,MID,25,376,0,0,0,12,0,74,33.4,73.8,70.0,17.2,0.69,0.57,51,0.1,1
2025-26,600,Alphonse,Areola,Areola,West Ham,GKP,51,1800,0,1,0,37,2,220,570.4,10.0,0.0,57.9,0.00,0.00,42,1.9,20
2025-26,601,Wes,Foderingham,Foderingham,West Ham,GKP,0,0,0,0,0,0,0,0,0.0,0.0,0.0,0.0,0.00,0.00,40,0.2,0
2025-26,602,Krisztián,Hegyi,Hegyi,West Ham,GKP,0,0,0,0,0,0,0,0,0.0,0.0,0.0,0.0,0.00,0.00,39,0.2,0
2025-26,603,El Hadji Malick,Diouf,Diouf,West Ham,DEF,104,2706,0,6,9,47,3,381,583.6,480.2,133.0,119.8,0.57,2.51,41,2.4,30
2025-26,604,Emerson,Palmieri dos Santos,Emerson,West Ham,DEF,0,0,0,0,0,0,0,0,0.0,0.0,0.0,0.0,0.00,0.00,44,0.0,0
2025-26,605,Maximilian,Kilman,Kilman,West Ham,DEF,36,1559,0,0,1,37,0,80,392.4,55.8,60.0,50.9,0.56,0.25,40,0.1,17
2025-26,606,Konstantinos,Mavropanos,Mavropanos,West Ham,DEF,122,2532,3,0,6,44,5,386,777.2,66.6,294.0,113.8,2.47,0.70,45,2.6,27
2025-26,607,Nayef,Aguerd,N.Aguerd,West Ham,DEF,3,180,0,0,0,8,0,-1,39.0,3.9,8.0,5.1,0.10,0.03,44,0.0,2
2025-26,608,Ollie,Scarles,Scarles,West Ham,DEF,21,656,0,1,0,16,0,88,142.2,82.1,22.0,24.6,0.18,0.32,43,0.0,9
2025-26,609,Jean-Clair,Todibo,Todibo,West Ham,DEF,46,1817,0,1,1,37,1,160,383.4,66.6,26.0,47.7,0.25,0.32,43,0.1,22
2025-26,610,Aaron,Wan-Bissaka,Wan-Bissaka,West Ham,DEF,67,2080,0,3,3,43,0,203,432.0,305.6,30.0,77.2,0.00,1.00,41,4.3,23
2025-26,611,Kaelan,Casey,Casey,West Ham,DEF,0,0,0,0,0,0,0,0,0.0,0.0,0.0,0.0,0.00,0.00,40,0.1,0
2025-26,612,Lucas,Tolentino Coelho de Lima,L.Paquetá,West Ham,MID,69,1513,4,2,3,33,8,291,374.6,397.2,186.0,95.7,2.85,2.00,59,1.0,18
2025-26,613,Tomáš,Souček,Souček,West Ham,MID,103,2190,5,2,7,43,9,428,526.6,191.9,483.0,120.4,5.73,0.52,57,0.5,24
2025-26,615,Crysencio,Summerville,Summerville,West Ham,MID,110,2470,5,4,8,42,10,412,445.8,460.9,546.0,145.0,5.43,3.35,54,1.6,29
2025-26,616,Edson,Álvarez Velázquez,Álvarez,West Ham,MID,0,0,0,0,0,0,0,0,0.0,0.0,0.0,0.0,0.00,0.00,49,0.0,0
2025-26,617,Maxwel,Cornet,Cornet,West Ham,MID,0,0,0,0,0,0,0,0,0.0,0.0,0.0,0.0,0.00,0.00,49,0.0,0
2025-26,618,Guido,Rodríguez,G.Rodriguez,West Ham,MID,8,175,0,0,1,2,0,30,9.8,6.0,2.0,1.7,0.03,0.04,48,0.0,2
2025-26,619,Luis Guilherme,Lira dos Santos,L.Guilherme,West Ham,MID,5,121,0,0,0,2,0,11,9.2,14.5,4.0,2.5,0.07,0.03,49,0.0,1
2025-26,620,George,Earthy,Earthy,West Ham,MID,1,8,0,0,0,1,0,3,0.0,1.5,2.0,0.4,0.00,0.01,45,0.0,0
2025-26,621,Andy,Irving,Irving,West Ham,MID,9,156,0,0,0,4,0,49,31.6,52.3,2.0,8.6,0.00,0.17,43,0.2,2
2025-26,622,Lewis,Orford,Orford,West Ham,MID,0,0,0,0,0,0,0,0,0.0,0.0,0.0,0.0,0.00,0.00,44,0.1,0
2025-26,623,Freddie,Potts,Potts,West Ham,MID,37,1162,0,1,1,25,0,215,191.2,141.3,37.0,37.1,0.21,1.06,43,0.5,12
2025-26,624,Jarrod,Bowen,Bowen,West Ham,FWD,187,3406,9,13,8,63,28,731,881.4,694.0,813.0,238.9,7.22,5.21,78,17.5,38
2025-26,625,Niclas,Füllkrug,Füllkrug,West Ham,FWD,12,407,0,0,1,11,0,28,26.0,85.1,130.0,23.8,0.93,0.21,56,0.6,5
2025-26,626,Callum,Marshall,Marshall,West Ham,FWD,2,58,0,0,0,2,0,0,1.2,0.1,7.0,0.8,0.13,0.00,43,0.5,0
2025-26,659,Kyle,Walker-Peters,Walker-Peters,West Ham,DEF,53,1378,1,0,4,25,0,219,267.0,124.5,106.0,49.8,1.13,0.37,42,0.3,15
2025-26,671,Callum,Wilson,Wilson,West Ham,FWD,80,1234,7,2,1,24,7,296,305.2,109.0,509.0,91.1,7.60,0.54,58,0.6,11
2025-26,679,Mads,Hermansen,Hermansen,West Ham,GKP,76,1620,0,1,7,28,8,282,422.0,20.0,0.0,44.2,0.00,0.01,42,1.0,18
2025-26,708,Mateus Gonçalo,Espanha Fernandes,M.Fernandes,West Ham,MID,135,3017,3,4,8,50,7,659,657.2,622.8,183.0,146.3,1.99,2.96,55,0.6,35
2025-26,718,Soungoutou,Magassa,S.Magassa,West Ham,MID,42,971,1,0,2,23,2,185,182.0,83.4,44.0,31.0,0.44,0.32,50,0.0,11
2025-26,738,Lukasz,Fabianski,Fabianski,West Ham,GKP,0,0,0,0,0,0,0,0,0.0,0.0,0.0,0.0,0.00,0.00,45,0.0,0
2025-26,747,Ezra,Mayers,Mayers,West Ham,DEF,6,113,0,0,0,3,0,18,21.8,34.9,9.0,6.6,0.12,0.49,40,0.0,0
2025-26,752,Airidas,Golambeckis,Golambeckis,West Ham,DEF,0,0,0,0,0,0,0,0,0.0,0.0,0.0,0.0,0.00,0.00,40,0.0,0
2025-26,758,Mohamadou,Kanté,Mohamadou Kanté,West Ham,MID,9,67,0,0,0,1,0,29,18.0,13.2,12.0,4.0,0.07,0.04,45,0.0,0
2025-26,785,Pablo Felipe,Pereira de Jesus,Pablo,West Ham,FWD,26,819,0,1,3,12,0,102,111.8,191.5,108.0,41.3,1.05,1.11,54,0.0,10
2025-26,791,Valentín,Castellanos,Taty,West Ham,FWD,61,1384,6,1,9,16,5,243,280.6,175.5,595.0,103.9,5.75,0.81,55,0.3,17
2025-26,802,Keiber,Lamadrid,Lamadrid,West Ham,MID,0,0,0,0,0,0,0,0,0.0,0.0,0.0,0.0,0.00,0.00,50,0.0,0
2025-26,815,Axel,Disasi,Disasi,West Ham,DEF,49,1254,0,0,6,17,1,186,220.8,19.9,84.0,32.4,1.10,0.03,45,0.2,14
2025-26,825,Finlay,Herrick,Herrick,West Ham,GKP,0,0,0,0,0,0,0,0,0.0,0.0,0.0,0.0,0.00,0.00,40,0.0,0
2025-26,627,Sam,Johnstone,Johnstone,Wolves,GKP,21,1080,0,0,0,24,0,117,308.0,0.1,0.0,30.8,0.00,0.02,44,0.1,12
2025-26,628,José,Malheiro de Sá,José Sá,Wolves,GKP,68,2070,0,0,4,37,8,303,514.2,10.0,0.0,52.8,0.00,0.04,42,1.1,23
2025-26,629,Daniel,Bentley,Bentley,Wolves,GKP,6,270,0,0,0,7,0,24,65.4,0.0,0.0,6.5,0.00,0.00,39,0.5,3
2025-26,631,Emmanuel,Agbadou,Agbadou,Wolves,DEF,23,1100,0,0,0,29,0,86,312.2,76.0,75.0,46.4,0.57,0.40,42,0.1,12
2025-26,632,Matt,Doherty,Doherty,Wolves,DEF,14,786,0,0,1,15,0,59,132.4,51.1,20.0,20.5,0.09,0.19,44,0.1,11
2025-26,633,Hugo,Bueno López,H.Bueno,Wolves,DEF,83,2359,1,3,4,44,4,325,554.6,673.9,172.0,140.4,0.86,3.49,43,0.2,26
2025-26,634,Yerson,Mosquera Valdelamar,Mosquera,Wolves,DEF,61,2137,0,0,4,40,3,209,426.0,140.4,268.0,83.5,2.51,0.62,43,0.1,24
2025-26,635,Rodrigo,Martins Gomes,R.Gomes,Wolves,DEF,48,954,3,0,1,18,0,100,185.6,75.5,221.0,48.2,2.13,0.39,44,0.1,9
2025-26,636,Santiago,Ignacio Bueno,S.Bueno,Wolves,DEF,92,2552,3,2,4,47,4,310,611.2,131.8,259.0,100.0,2.28,1.45,44,0.2,28
2025-26,637,Toti,Gomes,Toti,Wolves,DEF,41,1423,0,0,1,33,0,140,349.0,92.7,73.0,51.7,0.53,0.29,42,0.1,17
2025-26,638,Ki-Jana,Hoever,Hoever,Wolves,DEF,10,423,0,0,0,13,0,38,101.4,87.8,13.0,20.3,0.02,0.36,38,0.8,6
2025-26,639,Bastien,Meupiyou Menadjou,Meupiyou,Wolves,DEF,0,0,0,0,0,0,0,0,0.0,0.0,0.0,0.0,0.00,0.00,40,0.0,0
2025-26,640,Pedro,Cardoso de Lima,Pedro Lima,Wolves,DEF,10,257,0,0,0,6,0,18,36.4,48.5,39.0,12.3,0.35,0.37,40,0.4,3
2025-26,641,Alfie,Pond,Pond,Wolves,DEF,0,0,0,0,0,0,0,0,0.0,0.0,0.0,0.0,0.00,0.00,39,0.9,0
2025-26,642,Hwang,Hee-chan,Hee Chan,Wolves,MID,54,1439,2,2,2,29,0,165,163.4,216.5,166.0,53.4,2.37,1.57,56,0.1,18
2025-26,643,André,Trindade da Costa Neto,André,Wolves,MID,96,2760,1,0,2,53,4,473,423.0,320.6,46.0,78.9,0.52,0.99,52,0.1,30
2025-26,644,Jean-Ricner,Bellegarde,Bellegarde,Wolves,MID,44,1239,1,1,3,30,0,208,195.4,210.3,145.0,54.6,1.04,1.06,51,0.0,15
2025-26,645,Fer,López González,Fer López,Wolves,MID,12,228,0,1,0,9,0,38,29.0,61.0,37.0,12.4,0.16,0.61,51,0.0,2
2025-26,646,João Victor,Gomes da Silva,J.Gomes,Wolves,MID,107,2829,1,2,4,56,6,529,486.6,353.4,176.0,102.0,1.29,2.09,53,0.3,32
2025-26,647,Gonçalo Manuel,Ganchinho Guedes,Guedes,Wolves,MID,0,0,0,0,0,0,0,0,0.0,0.0,0.0,0.0,0.00,0.00,55,0.0,0
2025-26,648,Marshall,Munetsi,Munetsi,Wolves,MID,38,872,1,2,0,19,1,131,163.6,61.8,196.0,42.1,1.64,0.38,53,0.0,9
2025-26,649,Boubacar,Traoré,B.Traore,Wolves,MID,0,0,0,0,0,0,0,0,0.0,0.0,0.0,0.0,0.00,0.00,50,0.0,0
2025-26,650,Tawanda,Chirewa,Chirewa,Wolves,MID,2,25,0,0,0,0,0,4,3.2,0.3,0.0,0.4,0.00,0.00,43,0.2,0
2025-26,651,Tom,Edozie,Edozie,Wolves,MID,8,12,1,0,0,0,0,27,34.4,0.4,23.0,5.8,0.23,0.00,43,0.4,0
2025-26,652,Enso,González Medina,Gonzalez,Wolves,MID,0,0,0,0,0,0,0,0,0.0,0.0,0.0,0.0,0.00,0.00,43,1.2,0
2025-26,653,Joe,Hodge,Hodge,Wolves,MID,0,0,0,0,0,0,0,0,0.0,0.0,0.0,0.0,0.00,0.00,45,0.0,0
2025-26,655,Fábio,Soares Silva,Fábio Silva,Wolves,FWD,0,0,0,0,0,0,0,0,0.0,0.0,0.0,0.0,0.00,0.00,49,0.2,0
2025-26,656,Saša,Kalajdžić,Kalajdžić,Wolves,FWD,1,14,0,0,0,0,0,1,1.0,4.3,2.0,0.7,0.00,0.01,49,0.0,0
2025-26,657,Leon,Chiwome,Chiwome,Wolves,FWD,0,0,0,0,0,0,0,0,0.0,0.0,0.0,0.0,0.00,0.00,44,0.0,0
2025-26,658,Nathan,Fraser,Fraser,Wolves,FWD,0,0,0,0,0,0,0,0,0.0,0.0,0.0,0.0,0.00,0.00,42,1.7,0
2025-26,663,Jhon,Arias,J.Arias,Wolves,MID,45,1117,1,0,2,21,2,175,171.0,204.0,148.0,52.1,3.38,0.62,49,0.1,14
2025-26,682,David,Møller Wolfe,Møller Wolfe,Wolves,DEF,35,1042,0,2,1,23,0,78,159.8,126.5,46.0,33.3,0.13,1.09,42,0.1,11
2025-26,695,Jackson,Tchatchoua,Tchatchoua,Wolves,DEF,52,1834,0,1,3,37,0,156,318.2,349.9,69.0,73.8,0.33,1.60,44,0.0,19
2025-26,709,Ladislav,Krejcí,Krejčí,Wolves,DEF,68,2356,2,2,3,46,1,235,536.6,147.5,278.0,96.6,2.23,1.49,45,0.1,27
2025-26,720,Tolu,Arokodare,Tolu,Wolves,FWD,66,1402,3,2,3,28,4,221,252.4,178.4,561.0,98.2,5.49,0.39,51,0.1,13
2025-26,749,Mateus,Mané,Mané,Wolves,FWD,74,1787,3,2,5,30,9,314,328.2,489.6,283.0,109.5,2.01,3.69,42,1.4,19
2025-26,766,Saheed,Olagunju,Olagunju,Wolves,DEF,0,0,0,0,0,0,0,0,0.0,0.0,0.0,0.0,0.00,0.00,40,0.0,0
2025-26,767,Luke,Rawlings,Rawlings,Wolves,MID,0,0,0,0,0,0,0,0,0.0,0.0,0.0,0.0,0.00,0.00,45,0.0,0
2025-26,777,Temple,Ojinnaka,Ojinnaka,Wolves,MID,0,0,0,0,0,0,0,0,0.0,0.0,0.0,0.0,0.00,0.00,45,0.0,0
2025-26,778,Ethan,Sutherland,Sutherland,Wolves,MID,0,0,0,0,0,0,0,0,0.0,0.0,0.0,0.0,0.00,0.00,45,0.0,0
2025-26,809,Jerome,Abbey,Abbey,Wolves,MID,1,16,0,0,0,0,0,2,3.2,0.0,0.0,0.3,0.00,0.00,45,0.0,0
2025-26,816,Angel,Gomes,Angel,Wolves,MID,16,457,0,0,1,8,0,78,52.8,91.5,28.0,17.1,0.25,0.28,46,0.0,7
2025-26,817,Adam,Armstrong,Armstrong,Wolves,FWD,39,1141,2,2,3,20,1,129,145.0,85.0,191.0,41.9,2.77,0.85,51,0.1,14
2025-26,828,Alfie,Brooks,Brooks,Wolves,GKP,0,0,0,0,0,0,0,0,0.0,0.0,0.0,0.0,0.00,0.00,40,0.0,0
2025-26,831,Josh,Gracey,Gracey,Wolves,GKP,0,0,0,0,0,0,0,0,0.0,0.0,0.0,0.0,0.00,0.00,40,0.0,0
