snapshot_date,gw,id,name,team,pos,price,status,chance_next,ep_next,minutes,starts,total_points,form,selected_by_pct,xG,xA,xGI,xGC,goals,assists,goals_minus_xG,assists_minus_xA,clean_sheets,goals_conceded,defensive_contribution,ict_index,bps
2026-08-27,1,115,De Cuyper,Brighton,DEF,4.6,,,,77,1,17,17.0,7.4,1.47,0.21,1.68,0.29,1,1,-0.47,0.79,1,0,4,12.9,46
2026-08-27,1,123,Hinshelwood,Brighton,MID,6.0,,,,63,1,16,16.0,2.6,1.41,0.02,1.43,0.19,2,0,0.59,-0.02,1,0,3,14.5,54
2026-08-27,1,586,Mendy,Hull City,DEF,4.0,,,,63,1,15,15.0,3.4,0.28,0.0,0.28,0.86,1,0,0.72,0.0,1,0,13,8.5,35
2026-08-27,1,565,M.Sangaré,Brentford,MID,5.6,,,,75,1,14,14.0,8.0,0.05,0.33,0.38,0.47,0,2,-0.05,1.67,1,0,13,7.4,41
2026-08-27,1,279,Ajayi,Hull City,DEF,4.0,,,,63,1,14,14.0,1.7,0.52,0.0,0.52,0.86,1,0,0.48,0.0,1,0,7,7.9,39
2026-08-27,1,88,Kayode,Brentford,DEF,4.6,,,,75,1,13,13.0,7.2,0.5,0.0,0.5,0.47,1,0,0.5,0.0,1,0,4,8.1,36
2026-08-27,1,154,Palmer,Chelsea,MID,9.5,,,,82,1,13,13.0,15.2,0.28,0.19,0.47,1.24,1,1,0.72,0.81,0,2,9,16.1,60
2026-08-27,1,335,Stach,Leeds,MID,6.0,,,,90,1,13,13.0,2.2,0.1,0.05,0.15,0.66,1,0,0.9,-0.05,1,0,16,6.6,37
2026-08-27,1,367,Gakpo,Liverpool,MID,7.0,,,,90,1,12,12.0,5.9,0.3,0.15,0.45,1.58,1,0,0.7,-0.15,0,2,12,11.5,33
2026-08-27,1,10,White,Arsenal,DEF,5.5,,,,90,1,11,11.0,6.4,0.18,0.21,0.39,0.2,0,1,-0.18,0.79,1,0,5,7.3,37
2026-08-27,1,15,Ødegaard,Arsenal,MID,6.6,,,,75,1,11,11.0,11.4,0.21,0.1,0.31,0.06,1,0,0.79,-0.1,1,0,8,12.3,41
2026-08-27,1,165,João Pedro,Chelsea,FWD,7.6,,,,90,1,11,11.0,67.5,0.63,0.06,0.69,1.33,1,1,0.37,0.94,0,2,3,11.1,45
2026-08-27,1,236,Dewsbury-Hall,Everton,MID,6.5,,,,90,1,11,11.0,4.5,0.12,0.17,0.29,1.92,1,0,0.88,-0.17,1,0,8,9.8,40
2026-08-27,1,68,Tavernier,Bournemouth,MID,6.0,,,,90,1,10,10.0,2.3,0.4,0.08,0.48,2.25,1,0,0.6,-0.08,0,2,8,7.5,32
2026-08-27,1,86,Lewis-Potter,Brentford,MID,5.5,,,,90,1,10,10.0,1.0,0.77,0.12,0.89,0.57,1,0,0.23,-0.12,1,0,10,8.2,37
2026-08-27,1,572,Tzolakis,Hull City,GK,4.5,,,,90,1,10,10.0,2.6,0.0,0.0,0.0,1.83,0,0,0.0,0.0,1,0,0,3.5,41
2026-08-27,1,327,Bijol,Leeds,DEF,5.0,,,,90,1,10,10.0,0.9,0.11,0.0,0.11,0.66,0,0,-0.11,0.0,1,0,12,3.9,28
2026-08-27,1,332,Justin,Leeds,DEF,4.5,,,,90,1,10,10.0,1.1,0.0,0.01,0.01,0.66,0,0,0.0,-0.01,1,0,12,2.9,28
2026-08-27,1,388,Guéhi,Man City,DEF,6.0,,,,90,1,10,10.0,19.3,0.89,0.32,1.21,0.65,1,0,0.11,-0.32,0,1,4,8.9,31
2026-08-27,1,8,Calafiori,Arsenal,DEF,5.6,,,,80,1,9,9.0,41.5,0.04,0.09,0.13,0.06,0,1,-0.04,0.91,1,0,5,4.2,31
2026-08-27,1,12,Saka,Arsenal,MID,9.5,,,,67,1,9,9.0,10.4,0.64,0.08,0.72,0.06,1,0,0.36,-0.08,1,0,7,10.2,36
2026-08-27,1,98,Janelt,Brentford,MID,5.0,,,,90,1,9,9.0,0.4,0.39,0.17,0.56,0.57,1,0,0.61,-0.17,1,0,13,11.6,35
2026-08-27,1,237,Ndiaye,Everton,MID,6.0,,,,90,1,9,9.0,16.0,0.24,0.32,0.56,1.96,0,1,-0.24,0.68,1,0,12,12.9,36
2026-08-27,1,316,Emersonn,Ipswich Town,FWD,5.5,,,,65,1,9,9.0,1.7,0.82,0.06,0.88,0.63,1,0,0.18,-0.06,0,1,3,11.2,41
2026-08-27,1,385,Trafford,Leeds,GK,5.0,,,,90,1,9,9.0,4.2,0.0,0.0,0.0,0.66,0,0,0.0,0.0,1,0,0,1.9,28
2026-08-27,1,391,Gvardiol,Man City,DEF,5.5,,,,90,1,9,9.0,13.4,0.19,0.05,0.24,0.65,1,0,0.81,-0.05,0,1,7,7.8,28
2026-08-27,1,454,Elanga,Newcastle,MID,6.0,,,,75,1,9,9.0,1.9,0.22,0.01,0.23,1.94,1,0,0.78,-0.01,0,1,2,6.9,31
2026-08-27,1,544,Xhaka,Sunderland,MID,5.5,,,,90,1,9,9.0,4.6,0.0,0.09,0.09,1.8,0,1,0.0,0.91,0,2,13,5.0,31
2026-08-27,1,87,Ajer,Brentford,DEF,4.5,,,,90,1,8,8.0,4.0,0.11,0.02,0.13,0.57,0,0,-0.11,-0.02,1,0,10,5.6,29
2026-08-27,1,40,Rogers,Chelsea,MID,7.5,,,,81,1,8,8.0,26.0,0.96,0.1,1.06,1.24,1,0,0.04,-0.1,0,2,7,13.1,37
2026-08-27,1,244,Armstrong,Everton,MID,5.0,,,,90,1,8,8.0,0.2,0.0,0.04,0.04,1.96,0,1,0.0,0.96,1,0,16,4.8,25
2026-08-27,1,249,Barry,Everton,FWD,5.5,,,,78,1,8,8.0,3.0,0.45,0.09,0.54,1.62,1,0,0.55,-0.09,1,0,3,9.8,37
2026-08-27,1,277,Egan,Hull City,DEF,4.0,,,,90,1,8,8.0,2.0,0.0,0.0,0.0,1.83,0,0,0.0,0.0,1,0,21,4.6,27
2026-08-27,1,368,Szoboszlai,Liverpool,MID,7.0,,,,90,1,8,8.0,43.1,0.85,0.27,1.12,1.58,1,0,0.15,-0.27,0,2,7,11.9,29
2026-08-27,1,399,Cherki,Man City,MID,7.5,,,,27,0,8,8.0,10.3,0.0,0.5,0.5,0.1,0,2,0.0,1.5,0,0,0,9.2,28
2026-08-27,1,82,Kelleher,Brentford,GK,5.0,,,,90,1,7,7.0,6.4,0.0,0.01,0.01,0.57,0,0,0.0,-0.01,1,0,0,3.1,34
2026-08-27,1,130,Wieffer,Brighton,DEF,5.0,,,,77,1,7,7.0,0.4,0.09,0.05,0.14,0.29,0,0,-0.09,-0.05,1,0,8,4.9,32
2026-08-27,1,226,Pickford,Everton,GK,5.5,,,,90,1,7,7.0,8.8,0.0,0.02,0.02,1.96,0,0,0.0,-0.02,1,0,0,3.2,34
2026-08-27,1,268,King,Fulham,MID,5.5,,,,90,1,7,7.0,0.5,0.17,0.04,0.21,2.24,1,0,0.83,-0.04,0,3,8,9.8,34
2026-08-27,1,313,Clarke,Ipswich Town,MID,5.5,,,,19,0,7,7.0,0.3,0.1,0.0,0.1,0.03,1,0,0.9,0.0,0,0,2,5.2,27
2026-08-27,1,1,Raya,Arsenal,GK,6.0,,,,90,1,6,6.0,38.3,0.0,0.0,0.0,0.2,0,0,0.0,0.0,1,0,0,1.2,24
2026-08-27,1,11,Mosquera,Arsenal,DEF,5.5,,,,90,1,6,6.0,5.8,0.0,0.0,0.0,0.2,0,0,0.0,0.0,1,0,6,1.5,27
2026-08-27,1,26,Havertz,Arsenal,FWD,7.5,,,,90,1,6,6.0,7.3,0.26,0.03,0.29,0.2,1,0,0.74,-0.03,1,0,2,7.5,34
2026-08-27,1,557,Tzolis,Arsenal,MID,6.5,,,,75,1,6,6.0,25.9,0.19,0.14,0.33,0.06,0,1,-0.19,0.86,1,0,6,8.7,30
2026-08-27,1,84,Collins,Brentford,DEF,5.5,,,,90,1,6,6.0,2.1,0.34,0.04,0.38,0.57,0,0,-0.34,-0.04,1,0,3,5.0,21
2026-08-27,1,97,Jensen,Brentford,MID,5.5,,,,66,1,6,6.0,0.2,0.08,0.34,0.42,0.47,0,1,-0.08,0.66,1,0,5,7.2,22
2026-08-27,1,109,Verbruggen,Brighton,GK,4.5,,,,90,1,6,6.0,21.5,0.0,0.0,0.0,0.29,0,0,0.0,0.0,1,0,0,0.7,25
2026-08-27,1,114,Boscagli,Brighton,DEF,4.5,,,,90,1,6,6.0,0.3,0.0,0.04,0.04,0.29,0,0,0.0,-0.04,1,0,6,2.9,29
2026-08-27,1,116,Dunk,Brighton,DEF,4.5,,,,90,1,6,6.0,1.2,0.0,0.04,0.04,0.29,0,0,0.0,-0.04,1,0,2,2.0,24
2026-08-27,1,127,Gomez,Brighton,MID,5.0,,,,85,1,6,6.0,3.8,0.18,0.48,0.66,0.29,0,1,-0.18,0.52,1,0,6,9.9,27
2026-08-27,1,504,Vuskovic,Brighton,DEF,5.0,,,,90,1,6,6.0,2.5,0.13,0.03,0.16,0.29,0,0,-0.13,-0.03,1,0,4,2.9,19
2026-08-27,1,200,Lacroix,Chelsea,DEF,6.0,,,,90,1,6,6.0,9.5,0.0,0.2,0.2,1.33,0,1,0.0,0.8,0,2,12,5.7,25
2026-08-27,1,229,Tarkowski,Everton,DEF,6.0,,,,90,1,6,6.0,8.8,0.05,0.0,0.05,1.96,0,0,-0.05,0.0,1,0,9,2.0,25
2026-08-27,1,230,Branthwaite,Everton,DEF,5.5,,,,90,1,6,6.0,1.8,0.0,0.01,0.01,1.96,0,0,0.0,-0.01,1,0,8,2.5,27
2026-08-27,1,233,Mykolenko,Everton,DEF,4.5,,,,90,1,6,6.0,1.6,0.0,0.05,0.05,1.96,0,0,0.0,-0.05,1,0,4,2.9,27
2026-08-27,1,258,Castagne,Fulham,DEF,4.5,,,,90,1,6,6.0,0.4,0.09,0.18,0.27,2.24,0,2,-0.09,1.82,0,3,6,8.9,21
2026-08-27,1,569,Gonzalo,Fulham,FWD,6.0,,,,90,1,6,6.0,3.4,0.73,0.01,0.74,2.24,1,0,0.27,-0.01,0,3,2,8.2,33
2026-08-27,1,280,Coyle,Hull City,DEF,4.0,,,,69,1,6,6.0,0.6,0.0,0.01,0.01,1.16,0,0,0.0,-0.01,1,0,2,1.7,23
2026-08-27,1,282,Giles,Hull City,DEF,4.0,,,,84,1,6,6.0,0.9,0.02,0.07,0.09,1.76,0,0,-0.02,-0.07,1,0,6,3.7,24
2026-08-27,1,290,Slater,Hull City,MID,4.5,,,,90,1,6,6.0,3.8,0.0,0.44,0.44,1.83,0,1,0.0,0.56,1,0,3,3.8,20
2026-08-27,1,329,Rodon,Leeds,DEF,4.5,,,,90,1,6,6.0,3.6,0.03,0.06,0.09,0.66,0,0,-0.03,-0.06,1,0,7,3.4,21
2026-08-27,1,330,Bogle,Leeds,DEF,4.5,,,,90,1,6,6.0,0.6,0.0,0.0,0.0,0.66,0,0,0.0,0.0,1,0,3,0.8,24
2026-08-27,1,334,Muharemović,Leeds,DEF,5.0,,,,90,1,6,6.0,3.4,0.09,0.0,0.09,0.66,0,0,-0.09,0.0,1,0,7,3.3,25
2026-08-27,1,460,Willock,Newcastle,MID,5.0,,,,34,0,6,6.0,0.2,0.09,0.17,0.26,1.5,1,0,0.91,-0.17,0,1,3,6.1,28
2026-08-27,1,4,Gabriel,Arsenal,DEF,8.0,,,,90,1,5,5.0,29.2,0.05,0.01,0.06,0.2,0,0,-0.05,-0.01,1,0,4,0.9,21
2026-08-27,1,125,Georginio,Brighton,FWD,5.5,,,,90,1,5,5.0,1.0,0.08,0.44,0.52,0.29,0,1,-0.08,0.56,1,0,7,4.6,22
2026-08-27,1,295,McBurnie,Hull City,FWD,5.5,,,,90,1,5,5.0,2.0,0.16,0.01,0.17,1.83,0,1,-0.16,0.99,1,0,5,9.0,21
2026-08-27,1,267,Lukić,Ipswich Town,MID,5.0,,,,90,1,5,5.0,0.1,0.0,0.02,0.02,0.66,0,1,0.0,0.98,0,1,6,4.0,22
2026-08-27,1,591,Enciso,Ipswich Town,MID,5.5,,,,70,1,5,5.0,0.4,0.23,0.31,0.54,0.63,0,1,-0.23,0.69,0,1,8,5.4,24
2026-08-27,1,338,Ampadu,Leeds,MID,5.5,,,,90,1,5,5.0,1.4,0.0,0.04,0.04,0.66,0,0,0.0,-0.04,1,0,13,4.2,18
2026-08-27,1,371,Gravenberch,Liverpool,MID,6.0,,,,77,1,5,5.0,2.0,0.06,0.05,0.11,1.1,0,1,-0.06,0.95,0,2,11,4.4,26
2026-08-27,1,473,Aina,Nott'm Forest,DEF,4.5,,,,73,1,5,5.0,3.5,0.04,0.17,0.21,0.34,0,0,-0.04,-0.17,1,0,2,6.3,24
2026-08-27,1,551,Angulo,Sunderland,MID,5.0,,,,58,1,5,5.0,0.1,0.15,0.01,0.16,1.66,1,0,0.85,-0.01,0,1,7,5.2,23
2026-08-27,1,79,Evanilson,Bournemouth,FWD,6.0,,,,74,1,4,4.0,2.9,0.0,0.21,0.21,1.94,0,1,0.0,0.79,1,0,8,3.3,17
2026-08-27,1,210,Wharton,Crystal Palace,MID,5.5,,,,90,1,4,4.0,0.9,0.0,0.24,0.24,1.12,0,0,0.0,-0.24,0,2,14,4.8,20
2026-08-27,1,304,O'Shea,Ipswich Town,DEF,4.0,,,,90,1,4,4.0,3.4,0.0,0.16,0.16,0.66,0,0,0.0,-0.16,0,1,18,7.5,16
2026-08-27,1,309,Núñez,Ipswich Town,MID,5.0,,,,79,1,4,4.0,0.1,0.03,0.03,0.06,0.63,0,0,-0.03,-0.03,0,1,12,2.4,26
2026-08-27,1,377,Munoz,Liverpool,MID,6.5,,,,27,0,4,4.0,0.6,0.1,0.04,0.14,1.07,0,1,-0.1,0.96,0,0,0,2.7,15
2026-08-27,1,464,Wissa,Newcastle,FWD,6.0,,,,90,1,4,4.0,3.2,1.0,0.02,1.02,2.19,0,1,-1.0,0.98,0,1,8,6.4,7
2026-08-27,1,465,Osula,Newcastle,FWD,6.0,,,,55,1,4,4.0,1.0,0.06,0.14,0.2,1.48,0,1,-0.06,0.86,0,1,5,5.0,18
2026-08-27,1,472,Murillo,Nott'm Forest,DEF,5.5,,,,90,1,4,4.0,1.7,0.0,0.28,0.28,0.47,0,0,0.0,-0.28,0,1,14,5.8,15
2026-08-27,1,7,Lewis-Skelly,Arsenal,MID,5.5,,,,90,1,3,3.0,0.7,0.06,0.11,0.17,0.2,0,0,-0.06,-0.11,1,0,7,4.1,15
2026-08-27,1,13,Rice,Arsenal,MID,7.5,,,,67,1,3,3.0,17.1,0.07,0.08,0.15,0.06,0,0,-0.07,-0.08,1,0,6,1.5,10
2026-08-27,1,70,Kluivert,Bournemouth,MID,6.0,,,,74,1,3,3.0,1.2,0.11,0.0,0.11,1.94,0,0,-0.11,0.0,1,0,9,4.2,15
2026-08-27,1,71,Cook,Bournemouth,MID,5.0,,,,75,1,3,3.0,0.2,0.0,0.0,0.0,1.94,0,0,0.0,0.0,1,0,7,0.7,8
2026-08-27,1,94,Schade,Brentford,MID,6.0,,,,90,1,3,3.0,3.5,0.52,0.01,0.53,0.57,0,0,-0.52,-0.01,1,0,9,8.5,17
2026-08-27,1,95,O.Dango,Brentford,MID,6.5,,,,66,1,3,3.0,1.1,0.05,0.29,0.34,0.47,0,0,-0.05,-0.29,1,0,6,4.7,6
2026-08-27,1,151,Acheampong,Chelsea,DEF,4.5,,,,90,1,3,3.0,0.3,0.0,0.01,0.01,1.33,0,0,0.0,-0.01,0,2,15,3.7,13
2026-08-27,1,173,Thomas,Coventry City,DEF,4.0,,,,90,1,3,3.0,7.9,0.02,0.01,0.03,1.88,0,0,-0.02,-0.01,0,3,10,3.5,11
2026-08-27,1,202,Richards,Crystal Palace,DEF,5.0,,,,90,1,3,3.0,0.7,0.0,0.0,0.0,1.12,0,0,0.0,0.0,0,2,16,4.3,13
2026-08-27,1,214,Kamada,Crystal Palace,MID,5.0,,,,90,1,3,3.0,0.3,0.0,0.27,0.27,1.12,0,0,0.0,-0.27,0,2,14,5.0,25
2026-08-27,1,242,George,Everton,MID,5.5,,,,83,1,3,3.0,0.3,0.18,0.08,0.26,1.67,0,0,-0.18,-0.08,1,0,7,5.5,13
2026-08-27,1,246,Röhl,Everton,MID,5.0,,,,90,1,3,3.0,0.1,0.0,0.06,0.06,1.96,0,0,0.0,-0.06,1,0,9,2.9,12
2026-08-27,1,247,Hackney,Everton,MID,5.5,,,,78,1,3,3.0,0.3,0.01,0.01,0.02,1.62,0,0,-0.01,-0.01,1,0,7,2.6,16
2026-08-27,1,255,J.Cuenca,Fulham,DEF,4.5,,,,90,1,3,3.0,0.0,0.0,0.03,0.03,2.24,0,0,0.0,-0.03,0,3,10,5.4,7
2026-08-27,1,286,Belloumi,Hull City,MID,5.0,,,,90,1,3,3.0,0.6,0.05,0.03,0.08,1.83,0,0,-0.05,-0.03,1,0,10,2.0,8
2026-08-27,1,576,Stroud,Hull City,MID,5.0,,,,70,1,3,3.0,0.1,0.0,0.03,0.03,1.16,0,0,0.0,-0.03,1,0,6,1.3,11
2026-08-27,1,260,Wilson,Leeds,MID,6.5,,,,65,1,3,3.0,5.8,0.0,0.02,0.02,0.53,0,0,0.0,-0.02,1,0,2,2.6,8
2026-08-27,1,337,Aaronson,Leeds,MID,5.5,,,,81,1,3,3.0,0.9,0.01,0.01,0.02,0.58,0,0,-0.01,-0.01,1,0,7,1.6,16
2026-08-27,1,384,Donnarumma,Man City,GK,5.5,,,,90,1,3,3.0,8.3,0.0,0.0,0.0,0.65,0,0,0.0,0.0,0,1,0,2.7,12
2026-08-27,1,445,Thiaw,Newcastle,DEF,5.0,,,,90,1,3,3.0,1.7,0.0,0.0,0.0,2.98,0,0,0.0,0.0,0,2,15,3.8,0
2026-08-27,1,447,Botman,Newcastle,DEF,5.0,,,,90,1,3,3.0,0.5,0.0,0.01,0.01,2.98,0,0,0.0,-0.01,0,2,10,3.3,4
2026-08-27,1,449,Hall,Newcastle,DEF,5.0,,,,90,1,3,3.0,4.1,0.0,0.35,0.35,2.98,0,0,0.0,-0.35,0,2,11,3.7,8
2026-08-27,1,459,L.Miley,Newcastle,MID,5.5,,,,75,1,3,3.0,0.1,0.05,0.01,0.06,1.94,0,0,-0.05,-0.01,0,1,13,4.0,13
2026-08-27,1,483,Ndoye,Nott'm Forest,MID,5.5,,,,61,1,3,3.0,0.4,0.0,0.0,0.0,0.25,0,0,0.0,0.0,1,0,3,0.4,5
2026-08-27,1,486,McAtee,Nott'm Forest,MID,5.5,,,,73,1,3,3.0,0.1,0.0,0.16,0.16,0.34,0,0,0.0,-0.16,1,0,8,5.4,18
2026-08-27,1,498,Senesi,Spurs,DEF,6.0,,,,90,1,3,3.0,7.7,0.0,0.02,0.02,3.87,0,0,0.0,-0.02,0,3,16,3.9,10
2026-08-27,1,502,Robertson,Spurs,DEF,4.5,,,,90,1,3,3.0,3.8,0.0,0.06,0.06,3.87,0,0,0.0,-0.06,0,3,11,5.3,13
2026-08-27,1,41,Buendía,Aston Villa,MID,6.0,,,,85,1,2,2.0,1.2,0.13,0.09,0.22,3.62,0,0,-0.13,-0.09,0,4,7,2.2,4
2026-08-27,1,46,Barkley,Aston Villa,MID,5.0,,,,73,1,2,2.0,0.2,0.1,0.02,0.12,3.55,0,0,-0.1,-0.02,0,4,1,3.8,11
2026-08-27,1,47,Kamara,Aston Villa,MID,5.0,,,,90,1,2,2.0,0.3,0.0,0.0,0.0,3.77,0,0,0.0,0.0,0,4,7,1.4,9
2026-08-27,1,51,George Hemmings,Aston Villa,MID,4.5,,,,90,1,2,2.0,0.7,0.0,0.0,0.0,3.77,0,0,0.0,0.0,0,4,5,2.4,12
2026-08-27,1,57,Petrović,Bournemouth,GK,4.5,,,,90,1,2,2.0,3.3,0.0,0.0,0.0,2.25,0,0,0.0,0.0,0,2,0,3.7,13
2026-08-27,1,67,Rayan,Bournemouth,MID,6.5,,,,88,1,2,2.0,2.8,0.04,0.03,0.07,2.06,0,0,-0.04,-0.03,0,1,1,3.5,9
2026-08-27,1,69,Scott,Bournemouth,MID,6.0,,,,90,1,2,2.0,1.5,0.0,0.01,0.01,2.25,0,0,0.0,-0.01,0,2,11,1.6,17
2026-08-27,1,566,Silva,Bournemouth,DEF,5.0,,,,90,1,2,2.0,0.4,0.0,0.0,0.0,2.25,0,0,0.0,0.0,0,2,13,3.2,5
2026-08-27,1,124,Groß,Brighton,MID,5.5,,,,90,1,2,2.0,13.1,0.0,0.27,0.27,0.29,0,0,0.0,-0.27,1,0,5,8.6,18
2026-08-27,1,129,Ayari,Brighton,MID,5.5,,,,63,1,2,2.0,0.6,0.11,0.03,0.14,0.19,0,0,-0.11,-0.03,1,0,4,1.7,8
2026-08-27,1,140,Sánchez,Chelsea,GK,5.0,,,,90,1,2,2.0,2.3,0.0,0.01,0.01,1.33,0,0,0.0,-0.01,0,2,0,2.1,6
2026-08-27,1,104,Onyeka,Coventry City,MID,5.0,,,,90,1,2,2.0,0.2,0.0,0.01,0.01,1.88,0,0,0.0,-0.01,0,3,9,0.5,8
2026-08-27,1,184,Grimes,Coventry City,MID,5.0,,,,90,1,2,2.0,0.2,0.0,0.01,0.01,1.88,0,0,0.0,-0.01,0,3,7,1.7,14
2026-08-27,1,190,Tchaouna,Coventry City,MID,5.5,,,,81,1,2,2.0,0.2,0.04,0.02,0.06,1.76,0,0,-0.04,-0.02,0,3,8,1.1,11
2026-08-27,1,194,Thomas-Asante,Coventry City,FWD,5.0,,,,69,1,2,2.0,0.8,0.0,0.02,0.02,1.6,0,0,0.0,-0.02,0,3,6,0.6,9
2026-08-27,1,195,Simms,Coventry City,FWD,5.0,,,,69,1,2,2.0,1.0,0.0,0.01,0.01,1.6,0,0,0.0,-0.01,0,3,3,1.7,7
2026-08-27,1,198,Henderson,Crystal Palace,GK,5.0,,,,90,1,2,2.0,1.9,0.0,0.0,0.0,1.12,0,0,0.0,0.0,0,2,0,2.8,14
2026-08-27,1,223,Mateta,Crystal Palace,FWD,6.5,,,,62,1,2,2.0,5.3,0.7,0.02,0.72,0.98,0,0,-0.7,-0.02,0,2,5,2.5,-3
2026-08-27,1,241,McNeil,Crystal Palace,MID,5.5,,,,62,1,2,2.0,0.2,0.05,0.02,0.07,0.98,0,0,-0.05,-0.02,0,2,5,1.6,11
2026-08-27,1,250,Leno,Fulham,GK,4.5,,,,90,1,2,2.0,3.0,0.0,0.0,0.0,2.24,0,0,0.0,0.0,0,3,0,3.0,11
2026-08-27,1,261,Iwobi,Fulham,MID,5.5,,,,90,1,2,2.0,1.0,0.0,0.04,0.04,2.24,0,0,0.0,-0.04,0,3,10,2.4,17
2026-08-27,1,264,Bobb,Fulham,MID,5.5,,,,66,1,2,2.0,0.3,0.0,0.26,0.26,2.21,0,0,0.0,-0.26,0,3,6,3.0,10
2026-08-27,1,265,Berge,Fulham,MID,5.0,,,,72,1,2,2.0,0.4,0.03,0.03,0.06,2.21,0,0,-0.03,-0.03,0,3,4,4.4,14
2026-08-27,1,570,Palacios,Fulham,MID,5.5,,,,72,1,2,2.0,0.2,0.16,0.01,0.17,2.21,0,0,-0.16,-0.01,0,3,4,1.8,10
2026-08-27,1,289,Crooks,Hull City,MID,4.5,,,,90,1,2,2.0,0.7,0.0,0.0,0.0,1.83,0,0,0.0,0.0,1,0,9,2.1,9
2026-08-27,1,259,Diop,Ipswich Town,DEF,4.0,,,,90,1,2,2.0,17.2,0.0,0.01,0.01,0.66,0,0,0.0,-0.01,0,1,5,1.0,7
2026-08-27,1,305,Davis,Ipswich Town,DEF,4.0,,,,90,1,2,2.0,4.9,0.0,0.01,0.01,0.66,0,0,0.0,-0.01,0,1,7,1.8,10
2026-08-27,1,306,Greaves,Ipswich Town,DEF,4.0,,,,90,1,2,2.0,1.5,0.0,0.0,0.0,0.66,0,0,0.0,0.0,0,1,7,1.8,12
2026-08-27,1,315,Fatawu,Ipswich Town,MID,5.5,,,,65,1,2,2.0,0.2,0.0,0.41,0.41,0.63,0,0,0.0,-0.41,0,1,7,5.5,22
2026-08-27,1,562,Maeda,Ipswich Town,MID,5.5,,,,79,1,2,2.0,0.4,0.61,0.0,0.61,0.63,0,0,-0.61,0.0,0,1,9,2.1,7
2026-08-27,1,564,Scherpen,Ipswich Town,GK,4.5,,,,90,1,2,2.0,0.6,0.0,0.0,0.0,0.66,0,0,0.0,0.0,0,1,0,1.4,12
2026-08-27,1,350,A.Becker,Liverpool,GK,5.5,,,,90,1,2,2.0,3.8,0.0,0.0,0.0,1.58,0,0,0.0,0.0,0,2,0,1.8,7
2026-08-27,1,356,Virgil,Liverpool,DEF,6.5,,,,90,1,2,2.0,19.6,0.25,0.01,0.26,1.58,0,0,-0.25,-0.01,0,2,11,5.1,8
2026-08-27,1,366,Wirtz,Liverpool,MID,7.5,,,,62,1,2,2.0,11.6,0.26,0.04,0.3,0.51,0,0,-0.26,-0.04,0,2,5,5.7,16
2026-08-27,1,369,Ngumoha,Liverpool,MID,6.0,,,,62,1,2,2.0,1.1,0.04,0.02,0.06,0.51,0,0,-0.04,-0.02,0,2,3,1.3,9
2026-08-27,1,379,Isak,Liverpool,FWD,9.0,,,,90,1,2,2.0,16.5,1.09,0.01,1.1,1.58,0,0,-1.09,-0.01,0,2,1,9.2,6
2026-08-27,1,387,O'Reilly,Man City,DEF,6.5,,,,62,1,2,2.0,21.0,0.07,0.41,0.48,0.55,0,0,-0.07,-0.41,0,1,2,5.0,5
2026-08-27,1,390,Rúben,Man City,DEF,5.5,,,,90,1,2,2.0,1.8,0.0,0.14,0.14,0.65,0,0,0.0,-0.14,0,1,6,4.4,11
2026-08-27,1,393,Khusanov,Man City,DEF,5.5,,,,90,1,2,2.0,1.7,0.0,0.02,0.02,0.65,0,0,0.0,-0.02,0,1,4,2.0,14
2026-08-27,1,397,Semenyo,Man City,MID,8.5,,,,90,1,2,2.0,24.4,0.06,0.02,0.08,0.65,0,0,-0.06,-0.02,0,1,5,4.6,16
2026-08-27,1,411,Haaland,Man City,FWD,15.5,,,,90,1,2,2.0,68.0,0.74,0.02,0.76,0.65,0,0,-0.74,-0.02,0,1,3,5.9,6
2026-08-27,1,481,Anderson,Man City,MID,6.4,,,,62,1,2,2.0,6.2,0.0,0.25,0.25,0.55,0,0,0.0,-0.25,0,1,6,2.8,14
2026-08-27,1,43,Tielemans,Man Utd,MID,6.0,,,,66,1,2,2.0,2.4,0.04,0.11,0.15,0.94,0,0,-0.04,-0.11,0,2,5,2.0,13
2026-08-27,1,162,Andrey Santos,Man Utd,MID,5.0,,,,66,1,2,2.0,1.0,0.0,0.23,0.23,0.94,0,0,0.0,-0.23,0,2,9,1.8,17
2026-08-27,1,426,B.Fernandes,Man Utd,MID,12.0,,,,90,1,2,2.0,48.6,0.08,0.26,0.34,1.01,0,0,-0.08,-0.26,0,2,6,9.3,18
2026-08-27,1,427,Mbeumo,Man Utd,MID,8.0,,,,90,1,2,2.0,36.1,0.5,0.23,0.73,1.01,0,0,-0.5,-0.23,0,2,4,8.7,12
2026-08-27,1,428,Cunha,Man Utd,MID,8.0,,,,79,1,2,2.0,9.5,0.24,0.21,0.45,1.01,0,0,-0.24,-0.21,0,2,3,6.9,14
2026-08-27,1,453,Barnes,Newcastle,MID,6.0,,,,90,1,2,2.0,1.1,0.07,0.02,0.09,2.98,0,0,-0.07,-0.02,0,2,8,1.7,12
2026-08-27,1,467,Sels,Nott'm Forest,GK,5.0,,,,90,1,2,2.0,1.5,0.0,0.0,0.0,0.47,0,0,0.0,0.0,0,1,0,1.4,11
2026-08-27,1,469,N.Williams,Nott'm Forest,DEF,5.0,,,,90,1,2,2.0,9.1,0.0,0.02,0.02,0.47,0,0,0.0,-0.02,0,1,6,2.7,13
2026-08-27,1,471,Milenković,Nott'm Forest,DEF,5.5,,,,90,1,2,2.0,1.8,0.11,0.02,0.13,0.47,0,0,-0.11,-0.02,0,1,7,2.2,4
2026-08-27,1,480,Gibbs-White,Nott'm Forest,MID,8.0,,,,90,1,2,2.0,8.9,0.13,0.06,0.19,0.47,0,0,-0.13,-0.06,0,1,3,2.4,10
2026-08-27,1,488,I.Sangaré,Nott'm Forest,MID,5.0,,,,90,1,2,2.0,1.0,0.03,0.01,0.04,0.47,0,0,-0.03,-0.01,0,1,6,3.4,10
2026-08-27,1,491,Igor Jesus,Nott'm Forest,FWD,6.0,,,,90,1,2,2.0,3.8,0.22,0.02,0.24,0.47,0,0,-0.22,-0.02,0,1,3,4.3,8
2026-08-27,1,455,Tonali,Spurs,MID,5.5,,,,90,1,2,2.0,3.8,0.04,0.06,0.1,3.87,0,0,-0.04,-0.06,0,3,4,2.1,14
2026-08-27,1,496,Kinsky,Spurs,GK,4.5,,,,90,1,2,2.0,22.8,0.0,0.0,0.0,3.87,0,0,0.0,0.0,0,3,0,4.4,15
2026-08-27,1,514,Tel,Spurs,MID,6.0,,,,90,1,2,2.0,0.5,0.06,0.06,0.12,3.87,0,0,-0.06,-0.06,0,3,8,4.5,17
2026-08-27,1,522,Gray,Spurs,MID,5.0,,,,85,1,2,2.0,0.2,0.0,0.01,0.01,3.43,0,0,0.0,-0.01,0,3,5,1.0,15
2026-08-27,1,523,Moore,Spurs,MID,5.0,,,,67,1,2,2.0,0.2,0.38,0.02,0.4,3.02,0,0,-0.38,-0.02,0,3,2,7.5,10
2026-08-27,1,527,Richarlison,Spurs,FWD,6.0,,,,67,1,2,2.0,2.9,0.0,0.0,0.0,3.02,0,0,0.0,0.0,0,3,1,0.2,6
2026-08-27,1,534,Hume,Sunderland,DEF,4.5,,,,79,1,2,2.0,6.5,0.04,0.27,0.31,1.69,0,0,-0.04,-0.27,0,1,4,6.2,14
2026-08-27,1,542,E.Le Fée,Sunderland,MID,6.0,,,,79,1,2,2.0,8.9,0.0,0.03,0.03,1.69,0,0,0.0,-0.03,0,1,2,1.5,13
2026-08-27,1,545,Sadiki,Sunderland,MID,5.0,,,,90,1,2,2.0,0.3,0.06,0.03,0.09,1.8,0,0,-0.06,-0.03,0,2,2,7.2,18
2026-08-27,1,552,Brobbey,Sunderland,FWD,6.0,,,,66,1,2,2.0,13.0,0.3,0.0,0.3,1.69,0,0,-0.3,0.0,0,1,0,1.1,1
2026-08-27,1,9,Hincapie,Arsenal,DEF,5.4,,,,9,0,1,1.0,1.5,0.0,0.0,0.0,0.15,0,0,0.0,0.0,0,0,0,0.1,3
2026-08-27,1,14,Eze,Arsenal,MID,6.5,,,,14,0,1,1.0,1.8,0.04,0.0,0.04,0.15,0,0,-0.04,0.0,0,0,2,0.1,4
2026-08-27,1,16,Madueke,Arsenal,MID,6.4,,,,22,0,1,1.0,0.3,0.0,0.04,0.04,0.15,0,0,0.0,-0.04,0,0,2,5.3,8
2026-08-27,1,17,Merino,Arsenal,MID,6.0,,,,14,0,1,1.0,0.6,0.14,0.02,0.16,0.15,0,0,-0.14,-0.02,0,0,2,1.9,5
2026-08-27,1,19,Zubimendi,Arsenal,MID,5.5,,,,22,0,1,1.0,1.0,0.0,0.02,0.02,0.15,0,0,0.0,-0.02,0,0,3,0.6,3
2026-08-27,1,29,M.Bizot,Aston Villa,GK,4.5,,,,90,1,1,1.0,0.1,0.0,0.0,0.0,3.77,0,0,0.0,0.0,0,4,0,2.8,1
2026-08-27,1,33,Mings,Aston Villa,DEF,4.5,,,,16,0,1,1.0,0.4,0.0,0.0,0.0,0.22,0,0,0.0,0.0,0,0,1,0.2,5
2026-08-27,1,35,Bogarde,Aston Villa,MID,5.0,,,,16,0,1,1.0,0.1,0.0,0.0,0.0,0.22,0,0,0.0,0.0,0,0,1,0.3,3
2026-08-27,1,45,McGinn,Aston Villa,MID,5.5,,,,81,1,1,1.0,2.9,0.04,0.01,0.05,3.62,0,0,-0.04,-0.01,0,4,6,0.5,8
2026-08-27,1,52,Alysson,Aston Villa,MID,5.0,,,,8,0,1,1.0,0.0,0.0,0.0,0.0,0.14,0,0,0.0,0.0,0,0,3,0.4,5
2026-08-27,1,160,Garnacho,Aston Villa,MID,6.0,,,,4,0,1,1.0,0.6,0.0,0.0,0.0,0.14,0,0,0.0,0.0,0,0,0,0.0,2
2026-08-27,1,596,Ruggeri,Aston Villa,DEF,4.5,,,,8,0,1,1.0,0.1,0.0,0.0,0.0,0.14,0,0,0.0,0.0,0,0,2,0.4,3
2026-08-27,1,60,Hill,Bournemouth,DEF,5.5,,,,90,1,1,1.0,0.9,0.0,0.0,0.0,2.25,0,0,0.0,0.0,0,2,6,1.2,0
2026-08-27,1,61,Truffert,Bournemouth,DEF,5.5,,,,90,1,1,1.0,4.2,0.0,0.0,0.0,2.25,0,0,0.0,0.0,0,2,7,1.7,0
2026-08-27,1,64,Smith,Bournemouth,DEF,4.5,,,,90,1,1,1.0,0.1,0.0,0.0,0.0,2.25,0,0,0.0,0.0,0,2,5,0.8,4
2026-08-27,1,72,Gannon-Doak,Bournemouth,MID,5.0,,,,1,0,1,1.0,0.1,0.0,0.0,0.0,0.19,0,0,0.0,0.0,0,1,1,0.2,3
2026-08-27,1,73,Adams,Bournemouth,MID,5.0,,,,15,0,1,1.0,0.2,0.0,0.0,0.0,0.31,0,0,0.0,0.0,0,2,3,0.4,4
2026-08-27,1,76,Tóth.A,Bournemouth,MID,5.0,,,,15,0,1,1.0,0.0,0.0,0.0,0.0,0.31,0,0,0.0,0.0,0,2,2,0.3,5
2026-08-27,1,608,Jebbison,Bournemouth,FWD,5.0,,,,15,0,1,1.0,0.0,0.1,0.0,0.1,0.31,0,0,-0.1,0.0,0,2,1,2.1,6
2026-08-27,1,90,Hickey,Brentford,DEF,4.5,,,,14,0,1,1.0,0.1,0.0,0.0,0.0,0.1,0,0,0.0,0.0,0,0,0,0.0,2
2026-08-27,1,96,Damsgaard,Brentford,MID,5.5,,,,14,0,1,1.0,0.5,0.0,0.11,0.11,0.1,0,0,0.0,-0.11,0,0,4,3.4,6
2026-08-27,1,102,Yarmoliuk,Brentford,MID,5.0,,,,23,0,1,1.0,1.2,0.04,0.0,0.04,0.1,0,0,-0.04,0.0,0,0,6,0.6,7
2026-08-27,1,105,Anthony,Brentford,MID,6.0,,,,23,0,1,1.0,0.2,0.03,0.35,0.38,0.1,0,0,-0.03,-0.35,0,0,8,4.7,9
2026-08-27,1,108,Wilson,Brentford,FWD,5.5,,,,7,0,1,1.0,0.4,0.03,0.04,0.07,0.07,0,0,-0.03,-0.04,0,0,0,1.8,4
2026-08-27,1,119,Costinha,Brighton,DEF,4.5,,,,26,0,1,1.0,0.0,0.12,0.0,0.12,0.1,0,0,-0.12,0.0,0,0,4,2.8,7
2026-08-27,1,135,Yohanna,Brighton,MID,5.0,,,,12,0,1,1.0,0.1,0.0,0.03,0.03,0.0,0,0,0.0,-0.03,0,0,0,0.2,3
2026-08-27,1,138,Kostoulas,Brighton,FWD,5.5,,,,26,0,1,1.0,0.2,0.18,0.0,0.18,0.1,0,0,-0.18,0.0,0,0,2,0.9,-1
2026-08-27,1,600,Osman,Brighton,MID,5.0,,,,12,0,1,1.0,0.0,0.0,0.05,0.05,0.0,0,0,0.0,-0.05,0,0,2,2.4,7
2026-08-27,1,605,Yalcouyé,Brighton,MID,4.5,,,,4,0,1,1.0,0.1,0.0,0.01,0.01,0.0,0,0,0.0,-0.01,0,0,0,0.3,3
2026-08-27,1,144,Gusto,Chelsea,DEF,5.0,,,,75,1,1,1.0,1.2,0.0,0.03,0.03,1.11,0,0,0.0,-0.03,0,2,3,2.3,2
2026-08-27,1,148,Hato,Chelsea,DEF,4.5,,,,64,1,1,1.0,0.5,0.01,0.03,0.04,1.05,0,0,-0.01,-0.03,0,2,3,3.2,5
2026-08-27,1,155,Enzo,Chelsea,MID,7.0,,,,25,0,1,1.0,4.6,0.0,0.02,0.02,0.28,0,0,0.0,-0.02,0,0,3,1.5,6
2026-08-27,1,156,Neto,Chelsea,MID,6.5,,,,14,0,1,1.0,1.2,0.03,0.07,0.1,0.22,0,0,-0.03,-0.07,0,0,4,1.3,9
2026-08-27,1,157,Estêvão,Chelsea,MID,6.5,,,,7,0,1,1.0,1.2,0.0,0.0,0.0,0.09,0,0,0.0,0.0,0,0,1,0.1,3
2026-08-27,1,161,Lavia,Chelsea,MID,5.0,,,,64,1,1,1.0,0.1,0.21,0.03,0.24,1.05,0,0,-0.21,-0.03,0,2,9,6.9,8
2026-08-27,1,164,Quenda,Chelsea,MID,5.5,,,,8,0,1,1.0,0.0,0.0,0.0,0.0,0.09,0,0,0.0,0.0,0,0,1,0.4,2
2026-08-27,1,583,Chavarria,Chelsea,DEF,5.0,,,,25,0,1,1.0,0.2,0.0,0.0,0.0,0.28,0,0,0.0,0.0,0,0,1,0.5,3
2026-08-27,1,110,Rushworth,Coventry City,GK,4.5,,,,90,1,1,1.0,1.2,0.0,0.01,0.01,1.88,0,0,0.0,-0.01,0,3,0,1.4,0
2026-08-27,1,175,van Ewijk,Coventry City,DEF,4.0,,,,90,1,1,1.0,13.1,0.0,0.01,0.01,1.88,0,0,0.0,-0.01,0,3,7,1.5,-8
2026-08-27,1,176,Dasilva,Coventry City,DEF,4.0,,,,90,1,1,1.0,0.8,0.0,0.02,0.02,1.88,0,0,0.0,-0.02,0,3,6,1.8,-4
2026-08-27,1,182,Amenda,Coventry City,DEF,4.0,,,,90,1,1,1.0,0.9,0.0,0.01,0.01,1.88,0,0,0.0,-0.01,0,3,9,3.0,1
2026-08-27,1,183,Rudoni,Coventry City,MID,5.0,,,,20,0,1,1.0,0.1,0.15,0.0,0.15,0.29,0,0,-0.15,0.0,0,0,5,2.6,3
2026-08-27,1,188,Torp,Coventry City,MID,5.5,,,,28,0,1,1.0,0.2,0.0,0.11,0.11,0.32,0,0,0.0,-0.11,0,0,1,2.3,8
2026-08-27,1,492,Awoniyi,Coventry City,FWD,5.5,,,,20,0,1,1.0,0.8,0.0,0.0,0.0,0.29,0,0,0.0,0.0,0,0,1,0.1,4
2026-08-27,1,575,Yirenkyi,Coventry City,MID,5.0,,,,61,1,1,1.0,0.2,0.0,0.0,0.0,1.56,0,0,0.0,0.0,0,3,3,0.0,2
2026-08-27,1,584,Hamer,Coventry City,MID,5.5,,,,8,0,1,1.0,0.1,0.0,0.0,0.0,0.13,0,0,0.0,0.0,0,0,1,0.1,3
2026-08-27,1,42,Guessand,Crystal Palace,MID,5.5,,,,27,0,1,1.0,0.0,0.03,0.02,0.05,0.14,0,0,-0.03,-0.02,0,0,1,1.2,3
2026-08-27,1,203,Canvot,Crystal Palace,DEF,5.0,,,,90,1,1,1.0,0.3,0.05,0.01,0.06,1.12,0,0,-0.05,-0.01,0,2,8,3.8,9
2026-08-27,1,204,Mitchell,Crystal Palace,DEF,4.5,,,,90,1,1,1.0,5.7,0.0,0.01,0.01,1.12,0,0,0.0,-0.01,0,2,5,2.7,9
2026-08-27,1,206,Chadi Riad,Crystal Palace,DEF,4.5,,,,72,1,1,1.0,0.0,0.0,0.01,0.01,0.98,0,0,0.0,-0.01,0,2,7,1.4,7
2026-08-27,1,211,Yeremy,Crystal Palace,MID,5.5,,,,35,0,1,1.0,0.2,0.06,0.02,0.08,0.27,0,0,-0.06,-0.02,0,0,5,1.4,4
2026-08-27,1,222,Strand Larsen,Crystal Palace,FWD,6.0,,,,27,0,1,1.0,0.5,0.25,0.01,0.26,0.14,0,0,-0.25,-0.01,0,0,0,2.2,3
2026-08-27,1,224,Nketiah,Crystal Palace,FWD,5.5,,,,55,1,1,1.0,0.5,0.6,0.58,1.18,0.84,0,0,-0.6,-0.58,0,2,3,5.8,12
2026-08-27,1,577,Tomiyasu,Crystal Palace,DEF,4.5,,,,18,0,1,1.0,0.4,0.0,0.01,0.01,0.14,0,0,0.0,-0.01,0,0,1,0.5,3
2026-08-27,1,588,Khalaili,Crystal Palace,DEF,5.0,,,,35,0,1,1.0,0.1,0.0,0.16,0.16,0.27,0,0,0.0,-0.16,0,0,9,5.5,12
2026-08-27,1,209,Johnson,Everton,MID,6.0,,,,6,0,1,1.0,0.2,0.0,0.0,0.0,0.29,0,0,0.0,0.0,0,0,2,0.4,3
2026-08-27,1,239,Garner,Everton,MID,6.0,,,,11,0,1,1.0,0.1,0.0,0.03,0.03,0.34,0,0,0.0,-0.03,0,0,1,1.9,6
2026-08-27,1,243,Alcaraz,Everton,MID,5.0,,,,1,0,1,1.0,0.1,0.02,0.0,0.02,0.04,0,0,-0.02,0.0,0,0,3,2.2,7
2026-08-27,1,248,Beto,Everton,FWD,5.5,,,,11,0,1,1.0,2.4,0.05,0.0,0.05,0.34,0,0,-0.05,0.0,0,0,0,0.2,3
2026-08-27,1,254,Robinson,Fulham,DEF,4.5,,,,81,1,1,1.0,1.7,0.13,0.04,0.17,2.21,0,0,-0.13,-0.04,0,3,7,5.0,4
2026-08-27,1,263,Kevin,Fulham,MID,5.5,,,,17,0,1,1.0,0.1,0.0,0.01,0.01,0.03,0,0,0.0,-0.01,0,0,3,0.7,2
2026-08-27,1,269,Sessegnon,Fulham,DEF,4.5,,,,17,0,1,1.0,0.4,0.03,0.0,0.03,0.03,0,0,-0.03,0.0,0,0,1,2.6,7
2026-08-27,1,271,Muniz,Fulham,FWD,5.5,,,,8,0,1,1.0,0.6,0.02,0.0,0.02,0.03,0,0,-0.02,0.0,0,0,1,2.5,6
2026-08-27,1,580,Charles,Fulham,MID,5.0,,,,23,0,1,1.0,0.1,0.0,0.0,0.0,0.03,0,0,0.0,0.0,0,0,3,0.5,5
2026-08-27,1,281,Drameh,Hull City,DEF,4.0,,,,20,0,1,1.0,0.1,0.05,0.0,0.05,0.67,0,0,-0.05,0.0,0,0,3,0.3,4
2026-08-27,1,285,McNair,Hull City,DEF,4.0,,,,26,0,1,1.0,0.1,0.0,0.0,0.0,0.96,0,0,0.0,0.0,0,0,2,0.4,3
2026-08-27,1,556,Targett,Hull City,DEF,4.0,,,,5,0,1,1.0,2.3,0.0,0.0,0.0,0.07,0,0,0.0,0.0,0,0,0,0.0,3
2026-08-27,1,585,Herrington,Hull City,DEF,4.0,,,,26,0,1,1.0,0.7,0.0,0.0,0.0,0.96,0,0,0.0,0.0,0,0,4,0.8,4
2026-08-27,1,320,Akpom,Ipswich Town,FWD,5.0,,,,24,0,1,1.0,0.5,0.0,0.0,0.0,0.03,0,0,0.0,0.0,0,0,3,0.3,3
2026-08-27,1,321,Walle Egeli,Ipswich Town,FWD,4.5,,,,10,0,1,1.0,2.4,0.0,0.0,0.0,0.03,0,0,0.0,0.0,0,0,0,0.0,3
2026-08-27,1,323,McAteer,Ipswich Town,MID,4.5,,,,24,0,1,1.0,1.4,0.0,0.0,0.0,0.03,0,0,0.0,0.0,0,0,3,0.3,4
2026-08-27,1,592,Ouattara,Ipswich Town,DEF,4.0,,,,10,0,1,1.0,1.0,0.0,0.0,0.0,0.03,0,0,0.0,0.0,0,0,2,1.5,4
2026-08-27,1,336,Okafor,Leeds,MID,6.0,,,,24,0,1,1.0,0.4,0.0,0.16,0.16,0.13,0,0,0.0,-0.16,0,0,5,2.8,10
2026-08-27,1,339,Longstaff,Leeds,MID,5.0,,,,8,0,1,1.0,0.1,0.0,0.0,0.0,0.07,0,0,0.0,0.0,0,0,0,0.0,3
2026-08-27,1,346,Calvert-Lewin,Leeds,FWD,6.0,,,,90,1,1,1.0,28.9,0.13,0.0,0.13,0.66,0,0,-0.13,0.0,1,0,2,0.7,-2
2026-08-27,1,362,Jacquet,Liverpool,DEF,5.0,,,,69,1,1,1.0,2.4,0.0,0.02,0.02,1.04,0,0,0.0,-0.02,0,2,3,2.4,9
2026-08-27,1,372,Mac Allister,Liverpool,MID,5.5,,,,27,0,1,1.0,1.6,0.0,0.01,0.01,1.07,0,0,0.0,-0.01,0,0,3,0.7,9
2026-08-27,1,381,Koumas,Liverpool,MID,5.0,,,,12,0,1,1.0,0.0,0.03,0.0,0.03,0.48,0,0,-0.03,0.0,0,0,1,0.9,4
2026-08-27,1,579,Araujo,Liverpool,DEF,5.5,,,,20,0,1,1.0,2.7,0.0,0.03,0.03,0.54,0,0,0.0,-0.03,0,0,4,1.4,3
2026-08-27,1,238,Grealish,Man City,MID,6.5,,,,8,0,1,1.0,0.2,0.0,0.0,0.0,0.0,0,0,0.0,0.0,0,0,1,0.2,2
2026-08-27,1,389,Matheus N.,Man City,DEF,6.0,,,,33,0,1,1.0,1.5,0.0,0.04,0.04,0.1,0,0,0.0,-0.04,0,0,1,0.9,4
2026-08-27,1,395,Lewis,Man City,DEF,4.5,,,,56,1,1,1.0,0.2,0.17,0.02,0.19,0.55,0,0,-0.17,-0.02,0,1,2,4.7,-1
2026-08-27,1,398,Foden,Man City,MID,7.0,,,,81,1,1,1.0,4.1,0.12,0.4,0.52,0.65,0,0,-0.12,-0.4,0,1,6,7.5,15
2026-08-27,1,406,Kovačić,Man City,MID,5.5,,,,27,0,1,1.0,0.1,0.0,0.01,0.01,0.1,0,0,0.0,-0.01,0,0,2,0.4,3
2026-08-27,1,412,Lammens,Man Utd,GK,5.0,,,,90,1,1,1.0,15.7,0.0,0.0,0.0,1.01,0,0,0.0,0.0,0,2,0,2.0,7
2026-08-27,1,417,Dalot,Man Utd,DEF,5.0,,,,10,0,1,1.0,2.5,0.0,0.0,0.0,0.0,0,0,0.0,0.0,0,0,3,1.9,6
2026-08-27,1,418,Maguire,Man Utd,DEF,5.0,,,,90,1,1,1.0,17.1,0.04,0.4,0.44,1.01,0,0,-0.04,-0.4,0,2,4,7.3,15
2026-08-27,1,421,Heaven,Man Utd,DEF,4.5,,,,90,1,1,1.0,0.4,0.12,0.04,0.16,1.01,0,0,-0.12,-0.04,0,2,2,2.0,5
2026-08-27,1,422,Mazraoui,Man Utd,DEF,4.5,,,,79,1,1,1.0,0.7,0.22,0.05,0.27,1.01,0,0,-0.22,-0.05,0,2,5,5.6,8
2026-08-27,1,423,Shaw,Man Utd,DEF,4.5,,,,90,1,1,1.0,19.7,0.0,0.26,0.26,1.01,0,0,0.0,-0.26,0,2,4,9.0,13
2026-08-27,1,429,Rashford,Man Utd,MID,7.0,,,,45,0,1,1.0,1.7,0.0,0.1,0.1,0.09,0,0,0.0,-0.1,0,0,1,6.4,9
2026-08-27,1,432,Mainoo,Man Utd,MID,5.5,,,,23,0,1,1.0,1.0,0.07,0.01,0.08,0.07,0,0,-0.07,-0.01,0,0,1,0.7,7
2026-08-27,1,435,Lacey,Man Utd,MID,5.0,,,,10,0,1,1.0,0.0,0.0,0.0,0.0,0.0,0,0,0.0,0.0,0,0,1,0.1,3
2026-08-27,1,439,Šeško,Man Utd,FWD,7.0,,,,23,0,1,1.0,1.8,0.04,0.0,0.04,0.07,0,0,-0.04,0.0,0,0,0,0.9,2
2026-08-27,1,446,Schär,Newcastle,DEF,5.0,,,,1,0,1,1.0,0.3,0.0,0.0,0.0,0.79,0,0,0.0,0.0,0,1,0,0.0,-1
2026-08-27,1,462,Steur,Newcastle,MID,5.0,,,,55,1,1,1.0,0.1,0.0,0.0,0.0,1.48,0,0,0.0,0.0,0,1,2,0.2,3
2026-08-27,1,559,Bamba,Newcastle,MID,5.0,,,,14,0,1,1.0,0.1,0.0,0.0,0.0,1.04,0,0,0.0,0.0,0,1,2,0.4,5
2026-08-27,1,567,Horníček,Newcastle,GK,5.0,,,,90,1,1,1.0,0.7,0.0,0.0,0.0,2.98,0,0,0.0,0.0,0,2,0,4.1,12
2026-08-27,1,593,Dedić,Newcastle,DEF,4.5,,,,90,1,1,1.0,0.3,0.03,0.0,0.03,2.98,0,0,-0.03,0.0,0,2,9,2.3,-1
2026-08-27,1,474,Jair Cunha,Nott'm Forest,DEF,4.5,,,,90,1,1,1.0,0.2,0.0,0.0,0.0,0.47,0,0,0.0,0.0,0,1,8,2.2,5
2026-08-27,1,478,Netz,Nott'm Forest,DEF,4.5,,,,16,0,1,1.0,0.0,0.0,0.0,0.0,0.13,0,0,0.0,0.0,0,1,0,0.1,-2
2026-08-27,1,490,Wood,Nott'm Forest,FWD,6.0,,,,28,0,1,1.0,1.6,0.12,0.01,0.13,0.22,0,0,-0.12,-0.01,0,1,1,0.4,3
2026-08-27,1,493,Kalimuendo,Nott'm Forest,FWD,5.5,,,,1,0,1,1.0,0.1,0.0,0.0,0.0,0.0,0,0,0.0,0.0,0,0,0,0.0,3
2026-08-27,1,558,Schlager,Nott'm Forest,MID,5.0,,,,16,0,1,1.0,0.1,0.0,0.0,0.0,0.13,0,0,0.0,0.0,0,1,1,0.4,3
2026-08-27,1,112,Van Hecke,Spurs,DEF,5.0,,,,90,1,1,1.0,9.7,0.0,0.03,0.03,3.87,0,0,0.0,-0.03,0,3,9,3.3,3
2026-08-27,1,506,Udogie,Spurs,DEF,4.5,,,,4,0,1,1.0,0.5,0.0,0.02,0.02,0.44,0,0,0.0,-0.02,0,0,0,0.0,3
2026-08-27,1,515,Maddison,Spurs,MID,6.5,,,,22,0,1,1.0,1.1,0.0,0.01,0.01,0.85,0,0,0.0,-0.01,0,0,2,2.1,6
2026-08-27,1,516,Bentancur,Spurs,MID,5.5,,,,45,0,1,1.0,0.2,0.0,0.01,0.01,2.18,0,0,0.0,-0.01,0,1,5,1.7,8
2026-08-27,1,520,Bergvall,Spurs,MID,5.5,,,,45,1,1,1.0,0.2,0.0,0.01,0.01,1.7,0,0,0.0,-0.01,0,2,8,0.0,2
2026-08-27,1,525,Fernandes,Spurs,MID,6.0,,,,45,0,1,1.0,1.7,0.0,0.06,0.06,2.18,0,0,0.0,-0.06,0,1,2,3.6,16
2026-08-27,1,526,Solanke,Spurs,FWD,6.0,,,,22,0,1,1.0,1.3,0.07,0.0,0.07,0.85,0,0,-0.07,0.0,0,0,0,0.5,3
2026-08-27,1,529,Roefs,Sunderland,GK,5.0,,,,90,1,1,1.0,4.0,0.0,0.0,0.0,1.8,0,0,0.0,0.0,0,2,0,1.5,7
2026-08-27,1,535,Alderete,Sunderland,DEF,5.0,,,,23,0,1,1.0,0.5,0.0,0.01,0.01,0.1,0,0,0.0,-0.01,0,1,0,0.0,2
2026-08-27,1,536,Reinildo,Sunderland,DEF,4.5,,,,90,1,1,1.0,0.5,0.0,0.29,0.29,1.8,0,0,0.0,-0.29,0,2,8,5.5,9
2026-08-27,1,539,O'Nien,Sunderland,DEF,4.0,,,,66,1,1,1.0,3.5,0.01,0.01,0.02,1.69,0,0,-0.01,-0.01,0,1,5,1.7,1
2026-08-27,1,541,Meunier,Sunderland,DEF,4.5,,,,90,1,1,1.0,0.3,0.08,0.08,0.16,1.8,0,0,-0.08,-0.08,0,2,4,3.0,5
2026-08-27,1,543,Diarra,Sunderland,MID,5.5,,,,10,0,1,1.0,0.1,0.03,0.0,0.03,0.1,0,0,-0.03,0.0,0,1,0,0.3,3
2026-08-27,1,548,Rigg,Sunderland,MID,5.0,,,,10,0,1,1.0,0.1,0.0,0.0,0.0,0.1,0,0,0.0,0.0,0,1,1,0.0,3
2026-08-27,1,549,Talbi,Sunderland,MID,5.5,,,,31,0,1,1.0,0.2,0.0,0.0,0.0,0.14,0,0,0.0,0.0,0,1,2,0.0,1
2026-08-27,1,553,Isidor,Sunderland,FWD,5.5,,,,23,0,1,1.0,0.9,0.0,0.0,0.0,0.1,0,0,0.0,0.0,0,1,0,0.0,3
2026-08-27,1,2,Arrizabalaga,Arsenal,GK,5.0,,,,0,0,0,0.0,0.1,0.0,0.0,0.0,0.0,0,0,0.0,0.0,0,0,0,0.0,0
2026-08-27,1,3,Meslier,Arsenal,GK,5.0,,,,0,0,0,0.0,0.0,0.0,0.0,0.0,0.0,0,0,0.0,0.0,0,0,0,0.0,0
2026-08-27,1,5,J.Timber,Arsenal,DEF,6.5,,,,0,0,0,0.0,0.1,0.0,0.0,0.0,0.0,0,0,0.0,0.0,0,0,0,0.0,0
2026-08-27,1,6,Saliba,Arsenal,DEF,6.0,,,,0,0,0,0.0,0.3,0.0,0.0,0.0,0.0,0,0,0.0,0.0,0,0,0,0.0,0
2026-08-27,1,18,Martinelli,Arsenal,MID,6.4,,,,0,0,0,0.0,0.2,0.0,0.0,0.0,0.0,0,0,0.0,0.0,0,0,0,0.0,0
2026-08-27,1,20,Dowman,Arsenal,MID,5.4,,,,0,0,0,0.0,0.1,0.0,0.0,0.0,0.0,0,0,0.0,0.0,0,0,0,0.0,0
2026-08-27,1,22,Nwaneri,Arsenal,MID,5.5,,,,0,0,0,0.0,0.0,0.0,0.0,0.0,0.0,0,0,0.0,0.0,0,0,0,0.0,0
2026-08-27,1,23,Fábio Vieira,Arsenal,MID,5.5,,,,0,0,0,0.0,0.0,0.0,0.0,0.0,0.0,0,0,0.0,0.0,0,0,0,0.0,0
2026-08-27,1,24,Nelson,Arsenal,MID,5.5,,,,0,0,0,0.0,0.0,0.0,0.0,0.0,0.0,0,0,0.0,0.0,0,0,0,0.0,0
2026-08-27,1,25,Gyökeres,Arsenal,FWD,7.4,,,,0,0,0,0.0,7.1,0.0,0.0,0.0,0.0,0,0,0.0,0.0,0,0,0,0.0,0
2026-08-27,1,27,G.Jesus,Arsenal,FWD,6.0,,,,0,0,0,0.0,0.3,0.0,0.0,0.0,0.0,0,0,0.0,0.0,0,0,0,0.0,0
2026-08-27,1,31,Konsa,Arsenal,DEF,4.5,,,,0,0,0,0.0,11.0,0.0,0.0,0.0,0.0,0,0,0.0,0.0,0,0,0,0.0,0
2026-08-27,1,452,Bruno G.,Arsenal,MID,6.9,,,,0,0,0,0.0,2.9,0.0,0.0,0.0,0.0,0,0,0.0,0.0,0,0,0,0.0,0
2026-08-27,1,28,Martinez,Aston Villa,GK,5.0,,,,0,0,0,0.0,4.1,0.0,0.0,0.0,0.0,0,0,0.0,0.0,0,0,0,0.0,0
2026-08-27,1,30,Digne,Aston Villa,DEF,4.5,,,,0,0,0,0.0,0.1,0.0,0.0,0.0,0.0,0,0,0.0,0.0,0,0,0,0.0,0
2026-08-27,1,34,Pau,Aston Villa,DEF,4.5,,,,73,1,0,0.0,0.4,0.0,0.0,0.0,3.55,0,0,0.0,0.0,0,4,5,0.0,-14
2026-08-27,1,36,Maatsen,Aston Villa,DEF,4.5,,,,81,1,0,0.0,0.8,0.03,0.0,0.03,3.62,0,0,-0.03,0.0,0,4,9,1.3,-9
2026-08-27,1,38,A.García,Aston Villa,DEF,4.0,,,,0,0,0,0.0,1.7,0.0,0.0,0.0,0.0,0,0,0.0,0.0,0,0,0,0.0,0
2026-08-27,1,39,Nedeljkovic,Aston Villa,DEF,4.0,,,,0,0,0,0.0,0.2,0.0,0.0,0.0,0.0,0,0,0.0,0.0,0,0,0,0.0,0
2026-08-27,1,44,Bailey,Aston Villa,MID,5.5,,,,0,0,0,0.0,0.1,0.0,0.0,0.0,0.0,0,0,0.0,0.0,0,0,0,0.0,0
2026-08-27,1,48,Onana,Aston Villa,MID,5.0,,,,0,0,0,0.0,0.0,0.0,0.0,0.0,0.0,0,0,0.0,0.0,0,0,0,0.0,0
2026-08-27,1,49,Iling Jr,Aston Villa,MID,5.0,,,,0,0,0,0.0,0.0,0.0,0.0,0.0,0.0,0,0,0.0,0.0,0,0,0,0.0,0
2026-08-27,1,50,Burrowes,Aston Villa,MID,4.5,,,,0,0,0,0.0,0.7,0.0,0.0,0.0,0.0,0,0,0.0,0.0,0,0,0,0.0,0
2026-08-27,1,53,Manzambi,Aston Villa,MID,6.0,,,,0,0,0,0.0,0.2,0.0,0.0,0.0,0.0,0,0,0.0,0.0,0,0,0,0.0,0
2026-08-27,1,55,Watkins,Aston Villa,FWD,7.9,,,,0,0,0,0.0,8.2,0.0,0.0,0.0,0.0,0,0,0.0,0.0,0,0,0,0.0,0
2026-08-27,1,56,Abraham,Aston Villa,FWD,5.5,,,,0,0,0,0.0,0.1,0.0,0.0,0.0,0.0,0,0,0.0,0.0,0,0,0,0.0,0
2026-08-27,1,582,Madjo,Aston Villa,FWD,5.5,,,,0,0,0,0.0,0.4,0.0,0.0,0.0,0.0,0,0,0.0,0.0,0,0,0,0.0,0
2026-08-27,1,597,Suzuki,Aston Villa,GK,5.0,,,,0,0,0,0.0,0.8,0.0,0.0,0.0,0.0,0,0,0.0,0.0,0,0,0,0.0,0
2026-08-27,1,606,Rowe,Aston Villa,DEF,4.0,,,,0,0,0,0.0,0.1,0.0,0.0,0.0,0.0,0,0,0.0,0.0,0,0,0,0.0,0
2026-08-27,1,607,Lynch,Aston Villa,MID,4.5,,,,0,0,0,0.0,0.1,0.0,0.0,0.0,0.0,0,0,0.0,0.0,0,0,0,0.0,0
2026-08-27,1,611,Wan-Bissaka,Aston Villa,DEF,4.5,,,,0,0,0,0.0,0.0,0.0,0.0,0.0,0.0,0,0,0.0,0.0,0,0,0,0.0,0
2026-08-27,1,58,Forster,Bournemouth,GK,4.0,,,,0,0,0,0.0,3.2,0.0,0.0,0.0,0.0,0,0,0.0,0.0,0,0,0,0.0,0
2026-08-27,1,59,Dennis,Bournemouth,GK,4.0,,,,0,0,0,0.0,0.2,0.0,0.0,0.0,0.0,0,0,0.0,0.0,0,0,0,0.0,0
2026-08-27,1,62,Diakité,Bournemouth,DEF,5.0,,,,0,0,0,0.0,0.2,0.0,0.0,0.0,0.0,0,0,0.0,0.0,0,0,0,0.0,0
2026-08-27,1,63,Milosavljević,Bournemouth,DEF,5.0,,,,0,0,0,0.0,0.0,0.0,0.0,0.0,0.0,0,0,0.0,0.0,0,0,0,0.0,0
2026-08-27,1,65,J.Araujo,Bournemouth,DEF,4.5,,,,0,0,0,0.0,0.0,0.0,0.0,0.0,0.0,0,0,0.0,0.0,0,0,0,0.0,0
2026-08-27,1,66,Soler,Bournemouth,DEF,4.0,,,,0,0,0,0.0,0.2,0.0,0.0,0.0,0.0,0,0,0.0,0.0,0,0,0,0.0,0
2026-08-27,1,74,Brooks,Bournemouth,MID,5.0,,,,0,0,0,0.0,0.1,0.0,0.0,0.0,0.0,0,0,0.0,0.0,0,0,0,0.0,0
2026-08-27,1,75,Christie,Bournemouth,MID,5.0,,,,0,0,0,0.0,0.0,0.0,0.0,0.0,0.0,0,0,0.0,0.0,0,0,0,0.0,0
2026-08-27,1,77,Adli,Bournemouth,MID,5.0,,,,0,0,0,0.0,0.0,0.0,0.0,0.0,0.0,0,0,0.0,0.0,0,0,0,0.0,0
2026-08-27,1,78,Kroupi.Jr,Bournemouth,MID,7.5,,,,0,0,0,0.0,0.3,0.0,0.0,0.0,0.0,0,0,0.0,0.0,0,0,0,0.0,0
2026-08-27,1,80,Enes Ünal,Bournemouth,FWD,5.5,,,,0,0,0,0.0,0.0,0.0,0.0,0.0,0.0,0,0,0.0,0.0,0,0,0,0.0,0
2026-08-27,1,81,Rodríguez,Bournemouth,FWD,6.0,,,,0,0,0,0.0,0.1,0.0,0.0,0.0,0.0,0,0,0.0,0.0,0,0,0,0.0,0
2026-08-27,1,573,Sanchez,Bournemouth,DEF,4.5,,,,0,0,0,0.0,0.2,0.0,0.0,0.0,0.0,0,0,0.0,0.0,0,0,0,0.0,0
2026-08-27,1,615,Di Gregorio,Bournemouth,GK,4.5,,,,0,0,0,0.0,0.0,0.0,0.0,0.0,0.0,0,0,0.0,0.0,0,0,0,0.0,0
2026-08-27,1,83,Valdimarsson,Brentford,GK,4.5,,,,0,0,0,0.0,0.1,0.0,0.0,0.0,0.0,0,0,0.0,0.0,0,0,0,0.0,0
2026-08-27,1,85,Van den Berg,Brentford,DEF,5.0,,,,0,0,0,0.0,0.1,0.0,0.0,0.0,0.0,0,0,0.0,0.0,0,0,0,0.0,0
2026-08-27,1,89,Henry,Brentford,DEF,4.5,,,,0,0,0,0.0,0.2,0.0,0.0,0.0,0.0,0,0,0.0,0.0,0,0,0,0.0,0
2026-08-27,1,91,Pinnock,Brentford,DEF,4.5,,,,0,0,0,0.0,0.1,0.0,0.0,0.0,0.0,0,0,0.0,0.0,0,0,0,0.0,0
2026-08-27,1,92,Ji-soo,Brentford,DEF,4.5,,,,0,0,0,0.0,0.0,0.0,0.0,0.0,0.0,0,0,0.0,0.0,0,0,0,0.0,0
2026-08-27,1,93,Schuster,Brentford,DEF,4.5,,,,0,0,0,0.0,0.2,0.0,0.0,0.0,0.0,0,0,0.0,0.0,0,0,0,0.0,0
2026-08-27,1,99,Milambo,Brentford,MID,5.0,,,,0,0,0,0.0,0.0,0.0,0.0,0.0,0.0,0,0,0.0,0.0,0,0,0,0.0,0
2026-08-27,1,100,Carvalho,Brentford,MID,5.0,,,,0,0,0,0.0,0.0,0.0,0.0,0.0,0.0,0,0,0.0,0.0,0,0,0,0.0,0
2026-08-27,1,103,Dasilva,Brentford,MID,5.0,,,,0,0,0,0.0,0.0,0.0,0.0,0.0,0.0,0,0,0.0,0.0,0,0,0,0.0,0
2026-08-27,1,106,Thiago,Brentford,FWD,8.0,,,,82,1,0,0.0,16.7,1.0,0.08,1.08,0.5,0,0,-1.0,-0.08,1,0,5,1.4,-3
2026-08-27,1,107,Furo,Brentford,FWD,4.5,,,,0,0,0,0.0,0.9,0.0,0.0,0.0,0.0,0,0,0.0,0.0,0,0,0,0.0,0
2026-08-27,1,111,Steele,Brighton,GK,4.0,,,,0,0,0,0.0,4.0,0.0,0.0,0.0,0.0,0,0,0.0,0.0,0,0,0,0.0,0
2026-08-27,1,113,F.Kadıoğlu,Brighton,DEF,4.5,,,,0,0,0,0.0,2.3,0.0,0.0,0.0,0.0,0,0,0.0,0.0,0,0,0,0.0,0
2026-08-27,1,117,Coppola,Brighton,DEF,4.5,,,,0,0,0,0.0,0.0,0.0,0.0,0.0,0.0,0,0,0.0,0.0,0,0,0,0.0,0
2026-08-27,1,118,Igor,Brighton,DEF,4.5,,,,0,0,0,0.0,0.1,0.0,0.0,0.0,0.0,0,0,0.0,0.0,0,0,0,0.0,0
2026-08-27,1,120,Svoboda,Brighton,DEF,5.0,,,,0,0,0,0.0,0.1,0.0,0.0,0.0,0.0,0,0,0.0,0.0,0,0,0,0.0,0
2026-08-27,1,121,Mitoma,Brighton,MID,6.0,,,,0,0,0,0.0,0.0,0.0,0.0,0.0,0.0,0,0,0.0,0.0,0,0,0,0.0,0
2026-08-27,1,122,Minteh,Brighton,MID,6.0,,,,0,0,0,0.0,0.1,0.0,0.0,0.0,0.0,0,0,0.0,0.0,0,0,0,0.0,0
2026-08-27,1,126,O'Riley,Brighton,MID,5.5,,,,0,0,0,0.0,0.1,0.0,0.0,0.0,0.0,0,0,0.0,0.0,0,0,0,0.0,0
2026-08-27,1,128,Buonanotte,Brighton,MID,5.0,,,,0,0,0,0.0,0.0,0.0,0.0,0.0,0.0,0,0,0.0,0.0,0,0,0,0.0,0
2026-08-27,1,132,Howell,Brighton,MID,4.5,,,,0,0,0,0.0,0.1,0.0,0.0,0.0,0.0,0,0,0.0,0.0,0,0,0,0.0,0
2026-08-27,1,133,Watson,Brighton,MID,5.0,,,,0,0,0,0.0,0.0,0.0,0.0,0.0,0.0,0,0,0.0,0.0,0,0,0,0.0,0
2026-08-27,1,134,Oriola,Brighton,MID,4.5,,,,0,0,0,0.0,0.3,0.0,0.0,0.0,0.0,0,0,0.0,0.0,0,0,0,0.0,0
2026-08-27,1,137,Tzimas,Brighton,FWD,5.5,,,,0,0,0,0.0,0.0,0.0,0.0,0.0,0.0,0,0,0.0,0.0,0,0,0,0.0,0
2026-08-27,1,139,Ferguson,Brighton,FWD,5.0,,,,0,0,0,0.0,0.0,0.0,0.0,0.0,0.0,0,0,0.0,0.0,0,0,0,0.0,0
2026-08-27,1,328,Struijk,Brighton,DEF,5.0,,,,0,0,0,0.0,0.2,0.0,0.0,0.0,0.0,0,0,0.0,0.0,0,0,0,0.0,0
2026-08-27,1,594,David,Brighton,FWD,6.0,,,,0,0,0,0.0,0.3,0.0,0.0,0.0,0.0,0,0,0.0,0.0,0,0,0,0.0,0
2026-08-27,1,614,Hadjam,Brighton,DEF,4.5,,,,0,0,0,0.0,0.0,0.0,0.0,0.0,0.0,0,0,0.0,0.0,0,0,0,0.0,0
2026-08-27,1,101,Henderson,Chelsea,MID,5.0,,,,0,0,0,0.0,0.0,0.0,0.0,0.0,0.0,0,0,0.0,0.0,0,0,0,0.0,0
2026-08-27,1,136,Welbeck,Chelsea,FWD,6.0,,,,0,0,0,0.0,1.0,0.0,0.0,0.0,0.0,0,0,0.0,0.0,0,0,0,0.0,0
2026-08-27,1,141,Jörgensen,Chelsea,GK,5.0,,,,0,0,0,0.0,0.0,0.0,0.0,0.0,0.0,0,0,0.0,0.0,0,0,0,0.0,0
2026-08-27,1,142,James,Chelsea,DEF,5.5,,,,90,1,0,0.0,10.0,0.1,0.07,0.17,1.33,0,0,-0.1,-0.07,0,2,6,5.9,5
2026-08-27,1,143,Chalobah,Chelsea,DEF,5.5,,,,0,0,0,0.0,0.1,0.0,0.0,0.0,0.0,0,0,0.0,0.0,0,0,0,0.0,0
2026-08-27,1,145,Fofana,Chelsea,DEF,5.0,,,,0,0,0,0.0,0.0,0.0,0.0,0.0,0.0,0,0,0.0,0.0,0,0,0,0.0,0
2026-08-27,1,146,B.Badiashile,Chelsea,DEF,4.5,,,,0,0,0,0.0,0.0,0.0,0.0,0.0,0.0,0,0,0.0,0.0,0,0,0,0.0,0
2026-08-27,1,147,Tosin,Chelsea,DEF,4.5,,,,0,0,0,0.0,0.2,0.0,0.0,0.0,0.0,0,0,0.0,0.0,0,0,0,0.0,0
2026-08-27,1,149,Colwill,Chelsea,DEF,5.0,,,,90,1,0,0.0,1.5,0.01,0.03,0.04,1.33,0,0,-0.01,-0.03,0,2,4,1.5,6
2026-08-27,1,150,M.Sarr,Chelsea,DEF,4.5,,,,0,0,0,0.0,0.1,0.0,0.0,0.0,0.0,0,0,0.0,0.0,0,0,0,0.0,0
2026-08-27,1,152,Palestra,Chelsea,DEF,5.5,,,,0,0,0,0.0,2.4,0.0,0.0,0.0,0.0,0,0,0.0,0.0,0,0,0,0.0,0
2026-08-27,1,153,Disasi,Chelsea,DEF,4.5,,,,0,0,0,0.0,0.1,0.0,0.0,0.0,0.0,0,0,0.0,0.0,0,0,0,0.0,0
2026-08-27,1,158,Gittens,Chelsea,MID,6.0,,,,0,0,0,0.0,0.0,0.0,0.0,0.0,0.0,0,0,0.0,0.0,0,0,0,0.0,0
2026-08-27,1,159,Caicedo,Chelsea,MID,5.5,,,,0,0,0,0.0,3.1,0.0,0.0,0.0,0.0,0,0,0.0,0.0,0,0,0,0.0,0
2026-08-27,1,163,D.Essugo,Chelsea,MID,4.5,,,,0,0,0,0.0,0.2,0.0,0.0,0.0,0.0,0,0,0.0,0.0,0,0,0,0.0,0
2026-08-27,1,166,N.Jackson,Chelsea,FWD,6.5,,,,0,0,0,0.0,0.3,0.0,0.0,0.0,0.0,0,0,0.0,0.0,0,0,0,0.0,0
2026-08-27,1,167,Delap,Chelsea,FWD,5.5,,,,0,0,0,0.0,0.5,0.0,0.0,0.0,0.0,0,0,0.0,0.0,0,0,0,0.0,0
2026-08-27,1,168,Marc Guiu,Chelsea,FWD,5.0,,,,0,0,0,0.0,0.5,0.0,0.0,0.0,0.0,0,0,0.0,0.0,0,0,0,0.0,0
2026-08-27,1,169,Mheuka,Chelsea,FWD,4.5,,,,0,0,0,0.0,0.3,0.0,0.0,0.0,0.0,0,0,0.0,0.0,0,0,0,0.0,0
2026-08-27,1,170,Emegha,Chelsea,FWD,5.0,,,,0,0,0,0.0,0.2,0.0,0.0,0.0,0.0,0,0,0.0,0.0,0,0,0,0.0,0
2026-08-27,1,560,Penders,Chelsea,GK,4.5,,,,0,0,0,0.0,0.1,0.0,0.0,0.0,0.0,0,0,0.0,0.0,0,0,0,0.0,0
2026-08-27,1,561,Anselmino,Chelsea,DEF,4.5,,,,0,0,0,0.0,0.0,0.0,0.0,0.0,0.0,0,0,0.0,0.0,0,0,0,0.0,0
2026-08-27,1,568,Barco,Chelsea,MID,5.5,,,,0,0,0,0.0,0.1,0.0,0.0,0.0,0.0,0,0,0.0,0.0,0,0,0,0.0,0
2026-08-27,1,578,Mudryk,Chelsea,MID,5.5,,,,0,0,0,0.0,0.0,0.0,0.0,0.0,0.0,0,0,0.0,0.0,0,0,0,0.0,0
2026-08-27,1,171,Dovin,Coventry City,GK,4.0,,,,0,0,0,0.0,1.6,0.0,0.0,0.0,0.0,0,0,0.0,0.0,0,0,0,0.0,0
2026-08-27,1,172,Wilson,Coventry City,GK,4.5,,,,0,0,0,0.0,0.5,0.0,0.0,0.0,0.0,0,0,0.0,0.0,0,0,0,0.0,0
2026-08-27,1,174,Kitching,Coventry City,DEF,4.0,,,,0,0,0,0.0,0.7,0.0,0.0,0.0,0.0,0,0,0.0,0.0,0,0,0,0.0,0
2026-08-27,1,177,Kesler-Hayden,Coventry City,DEF,4.0,,,,0,0,0,0.0,0.1,0.0,0.0,0.0,0.0,0,0,0.0,0.0,0,0,0,0.0,0
2026-08-27,1,178,Bidwell,Coventry City,DEF,4.0,,,,0,0,0,0.0,0.1,0.0,0.0,0.0,0.0,0,0,0.0,0.0,0,0,0,0.0,0
2026-08-27,1,179,Latibeaudiere,Coventry City,DEF,4.0,,,,0,0,0,0.0,0.0,0.0,0.0,0.0,0.0,0,0,0.0,0.0,0,0,0,0.0,0
2026-08-27,1,180,Woolfenden,Coventry City,DEF,4.0,,,,0,0,0,0.0,0.2,0.0,0.0,0.0,0.0,0,0,0.0,0.0,0,0,0,0.0,0
2026-08-27,1,181,Brau,Coventry City,DEF,4.0,,,,0,0,0,0.0,0.0,0.0,0.0,0.0,0.0,0,0,0.0,0.0,0,0,0,0.0,0
2026-08-27,1,185,Sakamoto,Coventry City,MID,5.0,,,,0,0,0,0.0,0.1,0.0,0.0,0.0,0.0,0,0,0.0,0.0,0,0,0,0.0,0
2026-08-27,1,186,Mason-Clark,Coventry City,MID,5.5,,,,0,0,0,0.0,0.1,0.0,0.0,0.0,0.0,0,0,0.0,0.0,0,0,0,0.0,0
2026-08-27,1,187,Eccles,Coventry City,MID,5.0,,,,0,0,0,0.0,0.0,0.0,0.0,0.0,0.0,0,0,0.0,0.0,0,0,0,0.0,0
2026-08-27,1,189,Shepherd,Coventry City,MID,4.5,,,,0,0,0,0.0,0.3,0.0,0.0,0.0,0.0,0,0,0.0,0.0,0,0,0,0.0,0
2026-08-27,1,191,Borges Rodrigues,Coventry City,MID,4.5,,,,0,0,0,0.0,0.2,0.0,0.0,0.0,0.0,0,0,0.0,0.0,0,0,0,0.0,0
2026-08-27,1,192,Andrews,Coventry City,MID,4.5,,,,0,0,0,0.0,0.6,0.0,0.0,0.0,0.0,0,0,0.0,0.0,0,0,0,0.0,0
2026-08-27,1,193,Wright,Coventry City,FWD,5.5,,,,0,0,0,0.0,0.1,0.0,0.0,0.0,0.0,0,0,0.0,0.0,0,0,0,0.0,0
2026-08-27,1,196,Markelo,Coventry City,FWD,5.0,,,,0,0,0,0.0,0.0,0.0,0.0,0.0,0.0,0,0,0.0,0.0,0,0,0,0.0,0
2026-08-27,1,197,Bassette,Coventry City,FWD,4.5,,,,0,0,0,0.0,0.0,0.0,0.0,0.0,0.0,0,0,0.0,0.0,0,0,0,0.0,0
2026-08-27,1,599,Cherif,Coventry City,FWD,5.0,,,,0,0,0,0.0,0.1,0.0,0.0,0.0,0.0,0,0,0.0,0.0,0,0,0,0.0,0
2026-08-27,1,199,Benitez,Crystal Palace,GK,4.5,,,,0,0,0,0.0,0.1,0.0,0.0,0.0,0.0,0,0,0.0,0.0,0,0,0,0.0,0
2026-08-27,1,201,Muñoz,Crystal Palace,DEF,5.5,,,,54,1,0,0.0,8.5,0.23,0.01,0.24,0.84,0,0,-0.23,-0.01,0,2,4,2.4,-4
2026-08-27,1,205,Sosa,Crystal Palace,DEF,4.5,,,,0,0,0,0.0,0.0,0.0,0.0,0.0,0.0,0,0,0.0,0.0,0,0,0,0.0,0
2026-08-27,1,207,Mingueza,Crystal Palace,DEF,4.5,,,,0,0,0,0.0,0.1,0.0,0.0,0.0,0.0,0,0,0.0,0.0,0,0,0,0.0,0
2026-08-27,1,208,Sarr,Crystal Palace,MID,6.4,,,,0,0,0,0.0,2.8,0.0,0.0,0.0,0.0,0,0,0.0,0.0,0,0,0,0.0,0
2026-08-27,1,212,Hughes,Crystal Palace,MID,4.5,,,,0,0,0,0.0,10.9,0.0,0.0,0.0,0.0,0,0,0.0,0.0,0,0,0,0.0,0
2026-08-27,1,213,Lerma,Crystal Palace,MID,5.0,,,,0,0,0,0.0,0.1,0.0,0.0,0.0,0.0,0,0,0.0,0.0,0,0,0,0.0,0
2026-08-27,1,215,Devenny,Crystal Palace,MID,5.0,,,,0,0,0,0.0,0.0,0.0,0.0,0.0,0.0,0,0,0.0,0.0,0,0,0,0.0,0
2026-08-27,1,216,Esse,Crystal Palace,MID,5.0,,,,0,0,0,0.0,0.0,0.0,0.0,0.0,0.0,0,0,0.0,0.0,0,0,0,0.0,0
2026-08-27,1,217,M.França,Crystal Palace,MID,5.0,,,,0,0,0,0.0,0.0,0.0,0.0,0.0,0.0,0,0,0.0,0.0,0,0,0,0.0,0
2026-08-27,1,218,Doucouré,Crystal Palace,MID,5.0,,,,0,0,0,0.0,0.1,0.0,0.0,0.0,0.0,0,0,0.0,0.0,0,0,0,0.0,0
2026-08-27,1,219,J.Rak-Sakyi,Crystal Palace,MID,5.0,,,,0,0,0,0.0,0.0,0.0,0.0,0.0,0.0,0,0,0.0,0.0,0,0,0,0.0,0
2026-08-27,1,220,Cardines,Crystal Palace,DEF,4.5,,,,0,0,0,0.0,0.0,0.0,0.0,0.0,0.0,0,0,0.0,0.0,0,0,0,0.0,0
2026-08-27,1,221,Drakes-Thomas,Crystal Palace,MID,4.5,,,,0,0,0,0.0,0.1,0.0,0.0,0.0,0.0,0,0,0.0,0.0,0,0,0,0.0,0
2026-08-27,1,225,Uche,Crystal Palace,FWD,5.0,,,,0,0,0,0.0,0.0,0.0,0.0,0.0,0.0,0,0,0.0,0.0,0,0,0,0.0,0
2026-08-27,1,555,Matthews,Crystal Palace,GK,4.0,,,,0,0,0,0.0,1.8,0.0,0.0,0.0,0.0,0,0,0.0,0.0,0,0,0,0.0,0
2026-08-27,1,595,Gozo,Crystal Palace,MID,5.0,,,,0,0,0,0.0,0.0,0.0,0.0,0.0,0.0,0,0,0.0,0.0,0,0,0,0.0,0
2026-08-27,1,21,Nørgaard,Everton,MID,5.0,,,,0,0,0,0.0,0.1,0.0,0.0,0.0,0.0,0,0,0.0,0.0,0,0,0,0.0,0
2026-08-27,1,227,Travers,Everton,GK,5.0,,,,0,0,0,0.0,0.0,0.0,0.0,0.0,0.0,0,0,0.0,0.0,0,0,0,0.0,0
2026-08-27,1,228,King,Everton,GK,4.5,,,,0,0,0,0.0,0.0,0.0,0.0,0.0,0.0,0,0,0.0,0.0,0,0,0,0.0,0
2026-08-27,1,231,Keane,Everton,DEF,5.0,,,,0,0,0,0.0,1.4,0.0,0.0,0.0,0.0,0,0,0.0,0.0,0,0,0,0.0,0
2026-08-27,1,232,O'Brien,Everton,DEF,5.0,,,,0,0,0,0.0,0.4,0.0,0.0,0.0,0.0,0,0,0.0,0.0,0,0,0,0.0,0
2026-08-27,1,234,Patterson,Everton,DEF,4.5,,,,0,0,0,0.0,0.0,0.0,0.0,0.0,0.0,0,0,0.0,0.0,0,0,0,0.0,0
2026-08-27,1,235,Aznou,Everton,DEF,4.0,,,,0,0,0,0.0,0.2,0.0,0.0,0.0,0.0,0,0,0.0,0.0,0,0,0,0.0,0
2026-08-27,1,240,Iroegbunam,Everton,MID,5.0,,,,0,0,0,0.0,0.0,0.0,0.0,0.0,0.0,0,0,0.0,0.0,0,0,0,0.0,0
2026-08-27,1,245,Dibling,Everton,MID,5.5,,,,0,0,0,0.0,0.0,0.0,0.0,0.0,0.0,0,0,0.0,0.0,0,0,0,0.0,0
2026-08-27,1,251,Lecomte,Fulham,GK,4.0,,,,0,0,0,0.0,1.2,0.0,0.0,0.0,0.0,0,0,0.0,0.0,0,0,0,0.0,0
2026-08-27,1,252,McNally,Fulham,GK,4.0,,,,0,0,0,0.0,0.2,0.0,0.0,0.0,0.0,0,0,0.0,0.0,0,0,0,0.0,0
2026-08-27,1,253,Andersen,Fulham,DEF,5.0,,,,0,0,0,0.0,0.1,0.0,0.0,0.0,0.0,0,0,0.0,0.0,0,0,0,0.0,0
2026-08-27,1,256,Tete,Fulham,DEF,4.5,,,,0,0,0,0.0,0.3,0.0,0.0,0.0,0.0,0,0,0.0,0.0,0,0,0,0.0,0
2026-08-27,1,257,Bassey,Fulham,DEF,4.5,,,,90,1,0,0.0,0.8,0.02,0.02,0.04,2.24,0,0,-0.02,-0.02,0,3,4,2.0,1
2026-08-27,1,262,Smith Rowe,Fulham,MID,5.5,,,,0,0,0,0.0,0.4,0.0,0.0,0.0,0.0,0,0,0.0,0.0,0,0,0,0.0,0
2026-08-27,1,266,Cairney,Fulham,MID,5.0,,,,0,0,0,0.0,0.0,0.0,0.0,0.0,0.0,0,0,0.0,0.0,0,0,0,0.0,0
2026-08-27,1,270,Reed,Fulham,MID,4.5,,,,0,0,0,0.0,1.5,0.0,0.0,0.0,0.0,0,0,0.0,0.0,0,0,0,0.0,0
2026-08-27,1,272,Kusi-Asare,Fulham,FWD,4.5,,,,0,0,0,0.0,7.0,0.0,0.0,0.0,0.0,0,0,0.0,0.0,0,0,0,0.0,0
2026-08-27,1,610,De Fougerolles,Fulham,DEF,4.0,,,,0,0,0,0.0,0.1,0.0,0.0,0.0,0.0,0,0,0.0,0.0,0,0,0,0.0,0
2026-08-27,1,273,Phillips,Hull City,GK,4.0,,,,0,0,0,0.0,1.5,0.0,0.0,0.0,0.0,0,0,0.0,0.0,0,0,0,0.0,0
2026-08-27,1,274,Butland,Hull City,GK,4.5,,,,0,0,0,0.0,0.1,0.0,0.0,0.0,0.0,0,0,0.0,0.0,0,0,0,0.0,0
2026-08-27,1,275,Cartwright,Hull City,GK,4.0,,,,0,0,0,0.0,0.0,0.0,0.0,0.0,0.0,0,0,0.0,0.0,0,0,0,0.0,0
2026-08-27,1,276,Lo-Tutala,Hull City,GK,4.0,,,,0,0,0,0.0,0.0,0.0,0.0,0.0,0.0,0,0,0.0,0.0,0,0,0,0.0,0
2026-08-27,1,278,Hughes,Hull City,DEF,4.0,,,,0,0,0,0.0,0.1,0.0,0.0,0.0,0.0,0,0,0.0,0.0,0,0,0,0.0,0
2026-08-27,1,283,Jacob,Hull City,DEF,4.0,,,,0,0,0,0.0,0.0,0.0,0.0,0.0,0.0,0,0,0.0,0.0,0,0,0,0.0,0
2026-08-27,1,284,McCarthy,Hull City,DEF,4.0,,,,0,0,0,0.0,0.1,0.0,0.0,0.0,0.0,0,0,0.0,0.0,0,0,0,0.0,0
2026-08-27,1,287,Millar,Hull City,MID,5.0,,,,19,0,0,0.0,0.1,0.0,0.0,0.0,0.67,0,0,0.0,0.0,0,0,3,0.4,2
2026-08-27,1,288,Dowell,Hull City,MID,4.5,,,,0,0,0,0.0,0.4,0.0,0.0,0.0,0.0,0,0,0.0,0.0,0,0,0,0.0,0
2026-08-27,1,291,Matazo,Hull City,MID,4.5,,,,0,0,0,0.0,0.0,0.0,0.0,0.0,0.0,0,0,0.0,0.0,0,0,0,0.0,0
2026-08-27,1,292,Ömür,Hull City,MID,5.0,,,,0,0,0,0.0,0.0,0.0,0.0,0.0,0.0,0,0,0.0,0.0,0,0,0,0.0,0
2026-08-27,1,293,Kamara,Hull City,MID,5.0,,,,0,0,0,0.0,0.0,0.0,0.0,0.0,0.0,0,0,0.0,0.0,0,0,0,0.0,0
2026-08-27,1,294,Zambrano,Hull City,MID,4.5,,,,0,0,0,0.0,0.1,0.0,0.0,0.0,0.0,0,0,0.0,0.0,0,0,0,0.0,0
2026-08-27,1,296,Akintola,Hull City,MID,5.0,,,,0,0,0,0.0,0.0,0.0,0.0,0.0,0.0,0,0,0.0,0.0,0,0,0,0.0,0
2026-08-27,1,297,Gyabi,Hull City,MID,4.5,,,,0,0,0,0.0,0.0,0.0,0.0,0.0,0.0,0,0,0.0,0.0,0,0,0,0.0,0
2026-08-27,1,298,Destan,Hull City,FWD,4.5,,,,0,0,0,0.0,0.3,0.0,0.0,0.0,0.0,0,0,0.0,0.0,0,0,0,0.0,0
2026-08-27,1,299,Burstow,Hull City,FWD,4.5,,,,0,0,0,0.0,0.1,0.0,0.0,0.0,0.0,0,0,0.0,0.0,0,0,0,0.0,0
2026-08-27,1,340,Gelhardt,Hull City,MID,5.0,,,,0,0,0,0.0,0.0,0.0,0.0,0.0,0.0,0,0,0.0,0.0,0,0,0,0.0,0
2026-08-27,1,563,Morita,Hull City,MID,5.0,,,,0,0,0,0.0,0.0,0.0,0.0,0.0,0.0,0,0,0.0,0.0,0,0,0,0.0,0
2026-08-27,1,574,Hjertø-Dahl,Hull City,MID,5.0,,,,0,0,0,0.0,0.1,0.0,0.0,0.0,0.0,0,0,0.0,0.0,0,0,0,0.0,0
2026-08-27,1,589,Gourna-Douath,Hull City,MID,5.0,,,,0,0,0,0.0,0.0,0.0,0.0,0.0,0.0,0,0,0.0,0.0,0,0,0,0.0,0
2026-08-27,1,300,Walton,Ipswich Town,GK,4.5,,,,0,0,0,0.0,0.5,0.0,0.0,0.0,0.0,0,0,0.0,0.0,0,0,0,0.0,0
2026-08-27,1,301,Palmer,Ipswich Town,GK,4.0,,,,0,0,0,0.0,4.5,0.0,0.0,0.0,0.0,0,0,0.0,0.0,0,0,0,0.0,0
2026-08-27,1,302,Button,Ipswich Town,GK,4.0,,,,0,0,0,0.0,0.4,0.0,0.0,0.0,0.0,0,0,0.0,0.0,0,0,0,0.0,0
2026-08-27,1,303,Kipré,Ipswich Town,DEF,4.0,,,,0,0,0,0.0,0.6,0.0,0.0,0.0,0.0,0,0,0.0,0.0,0,0,0,0.0,0
2026-08-27,1,307,Johnson,Ipswich Town,DEF,4.0,,,,0,0,0,0.0,0.1,0.0,0.0,0.0,0.0,0,0,0.0,0.0,0,0,0,0.0,0
2026-08-27,1,308,Furlong,Ipswich Town,DEF,4.0,,,,0,0,0,0.0,0.6,0.0,0.0,0.0,0.0,0,0,0.0,0.0,0,0,0,0.0,0
2026-08-27,1,310,Matusiwa,Ipswich Town,MID,5.0,,,,0,0,0,0.0,0.0,0.0,0.0,0.0,0.0,0,0,0.0,0.0,0,0,0,0.0,0
2026-08-27,1,311,Burns,Ipswich Town,MID,5.0,,,,0,0,0,0.0,0.0,0.0,0.0,0.0,0.0,0,0,0.0,0.0,0,0,0,0.0,0
2026-08-27,1,312,Taylor,Ipswich Town,MID,4.5,,,,0,0,0,0.0,0.0,0.0,0.0,0.0,0.0,0,0,0.0,0.0,0,0,0,0.0,0
2026-08-27,1,314,Ogbene,Ipswich Town,MID,5.0,,,,0,0,0,0.0,0.0,0.0,0.0,0.0,0.0,0,0,0.0,0.0,0,0,0,0.0,0
2026-08-27,1,317,Hirst,Ipswich Town,FWD,5.0,,,,0,0,0,0.0,0.2,0.0,0.0,0.0,0.0,0,0,0.0,0.0,0,0,0,0.0,0
2026-08-27,1,318,Philogene,Ipswich Town,MID,5.5,,,,0,0,0,0.0,0.1,0.0,0.0,0.0,0.0,0,0,0.0,0.0,0,0,0,0.0,0
2026-08-27,1,319,Szmodics,Ipswich Town,MID,5.0,,,,0,0,0,0.0,0.0,0.0,0.0,0.0,0.0,0,0,0.0,0.0,0,0,0,0.0,0
2026-08-27,1,322,Al-Hamadi,Ipswich Town,FWD,5.0,,,,0,0,0,0.0,0.1,0.0,0.0,0.0,0.0,0,0,0.0,0.0,0,0,0,0.0,0
2026-08-27,1,324,Mehmeti,Ipswich Town,MID,5.0,,,,0,0,0,0.0,0.0,0.0,0.0,0.0,0.0,0,0,0.0,0.0,0,0,0,0.0,0
2026-08-27,1,554,Van Oevelen,Ipswich Town,GK,4.5,,,,0,0,0,0.0,0.0,0.0,0.0,0.0,0.0,0,0,0.0,0.0,0,0,0,0.0,0
2026-08-27,1,571,Florentino,Ipswich Town,MID,5.0,,,,0,0,0,0.0,0.1,0.0,0.0,0.0,0.0,0,0,0.0,0.0,0,0,0,0.0,0
2026-08-27,1,602,Humphreys,Ipswich Town,MID,4.5,,,,0,0,0,0.0,0.0,0.0,0.0,0.0,0.0,0,0,0.0,0.0,0,0,0,0.0,0
2026-08-27,1,326,Perri,Leeds,GK,4.5,,,,0,0,0,0.0,0.6,0.0,0.0,0.0,0.0,0,0,0.0,0.0,0,0,0,0.0,0
2026-08-27,1,331,Gudmundsson,Leeds,DEF,4.5,,,,0,0,0,0.0,0.0,0.0,0.0,0.0,0.0,0,0,0.0,0.0,0,0,0,0.0,0
2026-08-27,1,333,Bornauw,Leeds,DEF,4.5,,,,0,0,0,0.0,0.0,0.0,0.0,0.0,0.0,0,0,0.0,0.0,0,0,0,0.0,0
2026-08-27,1,341,Gnonto,Leeds,MID,5.0,,,,0,0,0,0.0,0.0,0.0,0.0,0.0,0.0,0,0,0.0,0.0,0,0,0,0.0,0
2026-08-27,1,342,Harrison,Leeds,MID,5.0,,,,0,0,0,0.0,0.0,0.0,0.0,0.0,0.0,0,0,0.0,0.0,0,0,0,0.0,0
2026-08-27,1,343,James,Leeds,MID,5.0,,,,0,0,0,0.0,0.1,0.0,0.0,0.0,0.0,0,0,0.0,0.0,0,0,0,0.0,0
2026-08-27,1,344,Gruev,Leeds,MID,5.0,,,,0,0,0,0.0,0.0,0.0,0.0,0.0,0.0,0,0,0.0,0.0,0,0,0,0.0,0
2026-08-27,1,345,Tanaka,Leeds,MID,5.0,,,,0,0,0,0.0,0.2,0.0,0.0,0.0,0.0,0,0,0.0,0.0,0,0,0,0.0,0
2026-08-27,1,347,Nmecha,Leeds,FWD,5.5,,,,0,0,0,0.0,0.5,0.0,0.0,0.0,0.0,0,0,0.0,0.0,0,0,0,0.0,0
2026-08-27,1,348,Piroe,Leeds,FWD,5.0,,,,0,0,0,0.0,0.1,0.0,0.0,0.0,0.0,0,0,0.0,0.0,0,0,0,0.0,0
2026-08-27,1,349,Mateo Joseph,Leeds,FWD,4.5,,,,0,0,0,0.0,0.1,0.0,0.0,0.0,0.0,0,0,0.0,0.0,0,0,0,0.0,0
2026-08-27,1,598,Elvedi,Leeds,DEF,4.5,,,,0,0,0,0.0,0.0,0.0,0.0,0.0,0.0,0,0,0.0,0.0,0,0,0,0.0,0
2026-08-27,1,603,Lienou,Leeds,DEF,4.0,,,,0,0,0,0.0,0.1,0.0,0.0,0.0,0.0,0,0,0.0,0.0,0,0,0,0.0,0
2026-08-27,1,604,Cresswell,Leeds,MID,4.5,,,,0,0,0,0.0,0.1,0.0,0.0,0.0,0.0,0,0,0.0,0.0,0,0,0,0.0,0
2026-08-27,1,351,Mamardashvili,Liverpool,GK,5.0,,,,0,0,0,0.0,0.2,0.0,0.0,0.0,0.0,0,0,0.0,0.0,0,0,0,0.0,0
2026-08-27,1,352,Woodman,Liverpool,GK,4.0,,,,0,0,0,0.0,1.1,0.0,0.0,0.0,0.0,0,0,0.0,0.0,0,0,0,0.0,0
2026-08-27,1,353,Pecsi,Liverpool,GK,4.0,,,,0,0,0,0.0,0.0,0.0,0.0,0.0,0.0,0,0,0.0,0.0,0,0,0,0.0,0
2026-08-27,1,354,Jaros,Liverpool,GK,4.0,,,,0,0,0,0.0,0.0,0.0,0.0,0.0,0.0,0,0,0.0,0.0,0,0,0,0.0,0
2026-08-27,1,355,Davies,Liverpool,GK,4.0,,,,0,0,0,0.0,0.1,0.0,0.0,0.0,0.0,0,0,0.0,0.0,0,0,0,0.0,0
2026-08-27,1,357,Frimpong,Liverpool,DEF,5.5,,,,90,1,0,0.0,3.4,0.01,0.09,0.1,1.58,0,0,-0.01,-0.09,0,2,2,6.1,3
2026-08-27,1,358,Kerkez,Liverpool,DEF,5.5,,,,90,1,0,0.0,3.6,0.02,0.02,0.04,1.58,0,0,-0.02,-0.02,0,2,7,4.4,3
2026-08-27,1,359,Gomez,Liverpool,DEF,5.0,,,,0,0,0,0.0,0.0,0.0,0.0,0.0,0.0,0,0,0.0,0.0,0,0,0,0.0,0
2026-08-27,1,360,Bradley,Liverpool,DEF,5.0,,,,0,0,0,0.0,0.0,0.0,0.0,0.0,0.0,0,0,0.0,0.0,0,0,0,0.0,0
2026-08-27,1,361,Lucky,Liverpool,DEF,4.0,,,,0,0,0,0.0,0.1,0.0,0.0,0.0,0.0,0,0,0.0,0.0,0,0,0,0.0,0
2026-08-27,1,363,Leoni,Liverpool,DEF,4.0,,,,0,0,0,0.0,0.0,0.0,0.0,0.0,0.0,0,0,0.0,0.0,0,0,0,0.0,0
2026-08-27,1,364,Tsimikas,Liverpool,DEF,5.0,,,,0,0,0,0.0,0.1,0.0,0.0,0.0,0.0,0,0,0.0,0.0,0,0,0,0.0,0
2026-08-27,1,365,Ramsay,Liverpool,DEF,4.0,,,,0,0,0,0.0,0.2,0.0,0.0,0.0,0.0,0,0,0.0,0.0,0,0,0,0.0,0
2026-08-27,1,370,Chiesa,Liverpool,MID,5.5,,,,0,0,0,0.0,0.1,0.0,0.0,0.0,0.0,0,0,0.0,0.0,0,0,0,0.0,0
2026-08-27,1,373,C.Jones,Liverpool,MID,5.5,,,,0,0,0,0.0,0.0,0.0,0.0,0.0,0.0,0,0,0.0,0.0,0,0,0,0.0,0
2026-08-27,1,374,Endo,Liverpool,MID,5.0,,,,0,0,0,0.0,0.1,0.0,0.0,0.0,0.0,0,0,0.0,0.0,0,0,0,0.0,0
2026-08-27,1,375,Nyoni,Liverpool,MID,5.0,,,,0,0,0,0.0,0.0,0.0,0.0,0.0,0.0,0,0,0.0,0.0,0,0,0,0.0,0
2026-08-27,1,376,Bajcetic,Liverpool,MID,5.0,,,,0,0,0,0.0,0.0,0.0,0.0,0.0,0.0,0,0,0.0,0.0,0,0,0,0.0,0
2026-08-27,1,378,McConnell,Liverpool,MID,4.5,,,,0,0,0,0.0,0.3,0.0,0.0,0.0,0.0,0,0,0.0,0.0,0,0,0,0.0,0
2026-08-27,1,380,Ekitiké,Liverpool,FWD,7.5,,,,0,0,0,0.0,0.1,0.0,0.0,0.0,0.0,0,0,0.0,0.0,0,0,0,0.0,0
2026-08-27,1,382,Danns,Liverpool,FWD,4.5,,,,0,0,0,0.0,0.0,0.0,0.0,0.0,0.0,0,0,0.0,0.0,0,0,0,0.0,0
2026-08-27,1,383,Elliott,Liverpool,MID,5.5,,,,0,0,0,0.0,0.1,0.0,0.0,0.0,0.0,0,0,0.0,0.0,0,0,0,0.0,0
2026-08-27,1,386,Bettinelli,Man City,GK,4.5,,,,0,0,0,0.0,0.0,0.0,0.0,0.0,0.0,0,0,0.0,0.0,0,0,0,0.0,0
2026-08-27,1,392,Aït-Nouri,Man City,DEF,5.5,,,,0,0,0,0.0,0.8,0.0,0.0,0.0,0.0,0,0,0.0,0.0,0,0,0,0.0,0
2026-08-27,1,394,Alleyne,Man City,DEF,5.0,,,,0,0,0,0.0,0.0,0.0,0.0,0.0,0.0,0,0,0.0,0.0,0,0,0,0.0,0
2026-08-27,1,396,Vitor Reis,Man City,DEF,4.5,,,,0,0,0,0.0,0.0,0.0,0.0,0.0,0.0,0,0,0.0,0.0,0,0,0,0.0,0
2026-08-27,1,400,Doku,Man City,MID,7.5,,,,0,0,0,0.0,1.3,0.0,0.0,0.0,0.0,0,0,0.0,0.0,0,0,0,0.0,0
2026-08-27,1,401,Marmoush,Man City,FWD,7.0,,,,0,0,0,0.0,1.1,0.0,0.0,0.0,0.0,0,0,0.0,0.0,0,0,0,0.0,0
2026-08-27,1,402,Rodrigo,Man City,MID,6.5,,,,0,0,0,0.0,0.0,0.0,0.0,0.0,0.0,0,0,0.0,0.0,0,0,0,0.0,0
2026-08-27,1,404,Reijnders,Man City,MID,6.0,,,,0,0,0,0.0,0.1,0.0,0.0,0.0,0.0,0,0,0.0,0.0,0,0,0,0.0,0
2026-08-27,1,405,N.Gonzalez,Man City,MID,5.5,,,,0,0,0,0.0,0.2,0.0,0.0,0.0,0.0,0,0,0.0,0.0,0,0,0,0.0,0
2026-08-27,1,407,Echeverri,Man City,MID,5.0,,,,0,0,0,0.0,0.0,0.0,0.0,0.0,0.0,0,0,0.0,0.0,0,0,0,0.0,0
2026-08-27,1,408,Phillips,Man City,MID,5.0,,,,0,0,0,0.0,0.0,0.0,0.0,0.0,0.0,0,0,0.0,0.0,0,0,0,0.0,0
2026-08-27,1,409,Mukasa,Man City,MID,4.5,,,,0,0,0,0.0,0.2,0.0,0.0,0.0,0.0,0,0,0.0,0.0,0,0,0,0.0,0
2026-08-27,1,410,Monga,Man City,MID,5.0,,,,0,0,0,0.0,0.0,0.0,0.0,0.0,0.0,0,0,0.0,0.0,0,0,0,0.0,0
2026-08-27,1,587,Rulli,Man City,GK,5.0,,,,0,0,0,0.0,0.0,0.0,0.0,0.0,0.0,0,0,0.0,0.0,0,0,0,0.0,0
2026-08-27,1,616,Bouaddi,Man City,MID,5.5,,,,0,0,0,0.0,0.0,0.0,0.0,0.0,0.0,0,0,0.0,0.0,0,0,0,0.0,0
2026-08-27,1,131,Baleba,Man Utd,MID,5.0,,,,0,0,0,0.0,0.2,0.0,0.0,0.0,0.0,0,0,0.0,0.0,0,0,0,0.0,0
2026-08-27,1,325,Darlow,Man Utd,GK,4.5,,,,0,0,0,0.0,0.0,0.0,0.0,0.0,0.0,0,0,0.0,0.0,0,0,0,0.0,0
2026-08-27,1,413,Bayindir,Man Utd,GK,4.5,,,,0,0,0,0.0,0.0,0.0,0.0,0.0,0.0,0,0,0.0,0.0,0,0,0,0.0,0
2026-08-27,1,414,Heaton,Man Utd,GK,4.0,,,,0,0,0,0.0,0.1,0.0,0.0,0.0,0.0,0,0,0.0,0.0,0,0,0,0.0,0
2026-08-27,1,415,Dorgu,Man Utd,MID,6.0,,,,45,1,0,0.0,1.1,0.47,0.03,0.5,0.92,0,0,-0.47,-0.03,0,2,1,0.7,-11
2026-08-27,1,416,De Ligt,Man Utd,DEF,5.0,,,,0,0,0,0.0,0.0,0.0,0.0,0.0,0.0,0,0,0.0,0.0,0,0,0,0.0,0
2026-08-27,1,419,Martinez,Man Utd,DEF,5.0,,,,0,0,0,0.0,1.3,0.0,0.0,0.0,0.0,0,0,0.0,0.0,0,0,0,0.0,0
2026-08-27,1,420,Yoro,Man Utd,DEF,5.0,,,,0,0,0,0.0,0.7,0.0,0.0,0.0,0.0,0,0,0.0,0.0,0,0,0,0.0,0
2026-08-27,1,424,Amass,Man Utd,DEF,4.0,,,,0,0,0,0.0,0.2,0.0,0.0,0.0,0.0,0,0,0.0,0.0,0,0,0,0.0,0
2026-08-27,1,425,Fredricson,Man Utd,DEF,4.0,,,,0,0,0,0.0,0.0,0.0,0.0,0.0,0.0,0,0,0.0,0.0,0,0,0,0.0,0
2026-08-27,1,430,Mount,Man Utd,MID,5.5,,,,0,0,0,0.0,0.0,0.0,0.0,0.0,0.0,0,0,0.0,0.0,0,0,0,0.0,0
2026-08-27,1,431,Amad,Man Utd,MID,5.9,,,,0,0,0,0.0,1.1,0.0,0.0,0.0,0.0,0,0,0.0,0.0,0,0,0,0.0,0
2026-08-27,1,433,Ugarte,Man Utd,MID,5.0,,,,0,0,0,0.0,0.0,0.0,0.0,0.0,0.0,0,0,0.0,0.0,0,0,0,0.0,0
2026-08-27,1,434,J.Fletcher,Man Utd,MID,5.0,,,,0,0,0,0.0,0.0,0.0,0.0,0.0,0.0,0,0,0.0,0.0,0,0,0,0.0,0
2026-08-27,1,436,Collyer,Man Utd,MID,5.0,,,,0,0,0,0.0,0.0,0.0,0.0,0.0,0.0,0,0,0.0,0.0,0,0,0,0.0,0
2026-08-27,1,437,Bendito Mantato,Man Utd,MID,4.5,,,,0,0,0,0.0,0.2,0.0,0.0,0.0,0.0,0,0,0.0,0.0,0,0,0,0.0,0
2026-08-27,1,438,Fletcher,Man Utd,MID,4.5,,,,0,0,0,0.0,0.3,0.0,0.0,0.0,0.0,0,0,0.0,0.0,0,0,0,0.0,0
2026-08-27,1,440,Zirkzee,Man Utd,FWD,5.5,,,,0,0,0,0.0,0.5,0.0,0.0,0.0,0.0,0,0,0.0,0.0,0,0,0,0.0,0
2026-08-27,1,441,Obi,Man Utd,FWD,4.5,,,,0,0,0,0.0,1.1,0.0,0.0,0.0,0.0,0,0,0.0,0.0,0,0,0,0.0,0
2026-08-27,1,442,Pope,Newcastle,GK,5.0,,,,0,0,0,0.0,1.3,0.0,0.0,0.0,0.0,0,0,0.0,0.0,0,0,0,0.0,0
2026-08-27,1,443,Gillespie,Newcastle,GK,4.5,,,,0,0,0,0.0,0.0,0.0,0.0,0.0,0.0,0,0,0.0,0.0,0,0,0,0.0,0
2026-08-27,1,444,Jaouen,Newcastle,GK,4.5,,,,0,0,0,0.0,0.0,0.0,0.0,0.0,0.0,0,0,0.0,0.0,0,0,0,0.0,0
2026-08-27,1,448,Burn,Newcastle,DEF,5.0,,,,0,0,0,0.0,1.7,0.0,0.0,0.0,0.0,0,0,0.0,0.0,0,0,0,0.0,0
2026-08-27,1,450,Livramento,Newcastle,DEF,5.0,,,,0,0,0,0.0,0.0,0.0,0.0,0.0,0.0,0,0,0.0,0.0,0,0,0,0.0,0
2026-08-27,1,451,A.Murphy,Newcastle,DEF,4.0,,,,0,0,0,0.0,0.1,0.0,0.0,0.0,0.0,0,0,0.0,0.0,0,0,0,0.0,0
2026-08-27,1,456,J.Ramsey,Newcastle,MID,5.0,,,,34,0,0,0.0,0.4,0.06,0.01,0.07,1.5,0,0,-0.06,-0.01,0,1,6,1.3,1
2026-08-27,1,457,J.Murphy,Newcastle,MID,6.0,,,,14,0,0,0.0,0.2,0.0,0.0,0.0,1.04,0,0,0.0,0.0,0,1,2,0.1,-1
2026-08-27,1,458,Joelinton,Newcastle,MID,5.5,,,,0,0,0,0.0,0.0,0.0,0.0,0.0,0.0,0,0,0.0,0.0,0,0,0,0.0,0
2026-08-27,1,461,Touré,Newcastle,MID,6.0,,,,0,0,0,0.0,0.2,0.0,0.0,0.0,0.0,0,0,0.0,0.0,0,0,0,0.0,0
2026-08-27,1,463,Woltemade,Newcastle,FWD,6.0,,,,0,0,0,0.0,1.6,0.0,0.0,0.0,0.0,0,0,0.0,0.0,0,0,0,0.0,0
2026-08-27,1,466,Neave,Newcastle,FWD,4.5,,,,0,0,0,0.0,0.8,0.0,0.0,0.0,0.0,0,0,0.0,0.0,0,0,0,0.0,0
2026-08-27,1,609,Shahar,Newcastle,DEF,4.0,,,,0,0,0,0.0,0.1,0.0,0.0,0.0,0.0,0,0,0.0,0.0,0,0,0,0.0,0
2026-08-27,1,468,John,Nott'm Forest,GK,4.5,,,,0,0,0,0.0,0.1,0.0,0.0,0.0,0.0,0,0,0.0,0.0,0,0,0,0.0,0
2026-08-27,1,470,Morato,Nott'm Forest,DEF,5.0,,,,0,0,0,0.0,0.0,0.0,0.0,0.0,0.0,0,0,0.0,0.0,0,0,0,0.0,0
2026-08-27,1,475,Savona,Nott'm Forest,DEF,4.5,,,,0,0,0,0.0,0.0,0.0,0.0,0.0,0.0,0,0,0.0,0.0,0,0,0,0.0,0
2026-08-27,1,476,O.Richards,Nott'm Forest,DEF,4.0,,,,0,0,0,0.0,0.2,0.0,0.0,0.0,0.0,0,0,0.0,0.0,0,0,0,0.0,0
2026-08-27,1,477,Abbott,Nott'm Forest,DEF,4.0,,,,0,0,0,0.0,0.3,0.0,0.0,0.0,0.0,0,0,0.0,0.0,0,0,0,0.0,0
2026-08-27,1,479,Bindon,Nott'm Forest,DEF,4.0,,,,0,0,0,0.0,0.2,0.0,0.0,0.0,0.0,0,0,0.0,0.0,0,0,0,0.0,0
2026-08-27,1,482,Hudson-Odoi,Nott'm Forest,MID,6.0,,,,0,0,0,0.0,0.2,0.0,0.0,0.0,0.0,0,0,0.0,0.0,0,0,0,0.0,0
2026-08-27,1,484,Hutchinson,Nott'm Forest,MID,5.5,,,,0,0,0,0.0,0.2,0.0,0.0,0.0,0.0,0,0,0.0,0.0,0,0,0,0.0,0
2026-08-27,1,485,Bakwa,Nott'm Forest,MID,5.5,,,,0,0,0,0.0,0.0,0.0,0.0,0.0,0.0,0,0,0.0,0.0,0,0,0,0.0,0
2026-08-27,1,487,Dominguez,Nott'm Forest,MID,5.0,,,,0,0,0,0.0,0.1,0.0,0.0,0.0,0.0,0,0,0.0,0.0,0,0,0,0.0,0
2026-08-27,1,489,Yates,Nott'm Forest,MID,4.5,,,,0,0,0,0.0,1.5,0.0,0.0,0.0,0.0,0,0,0.0,0.0,0,0,0,0.0,0
2026-08-27,1,581,Diomande,Nott'm Forest,DEF,5.5,,,,0,0,0,0.0,0.7,0.0,0.0,0.0,0.0,0,0,0.0,0.0,0,0,0,0.0,0
2026-08-27,1,590,Benda,Nott'm Forest,GK,4.5,,,,0,0,0,0.0,0.1,0.0,0.0,0.0,0.0,0,0,0.0,0.0,0,0,0,0.0,0
2026-08-27,1,403,Sávio,Spurs,MID,6.5,,,,0,0,0,0.0,0.7,0.0,0.0,0.0,0.0,0,0,0.0,0.0,0,0,0,0.0,0
2026-08-27,1,494,Vicario,Spurs,GK,4.5,,,,0,0,0,0.0,0.3,0.0,0.0,0.0,0.0,0,0,0.0,0.0,0,0,0,0.0,0
2026-08-27,1,495,Austin,Spurs,GK,4.0,,,,0,0,0,0.0,0.9,0.0,0.0,0.0,0.0,0,0,0.0,0.0,0,0,0,0.0,0
2026-08-27,1,497,Dubravka,Spurs,GK,4.0,,,,0,0,0,0.0,18.6,0.0,0.0,0.0,0.0,0,0,0.0,0.0,0,0,0,0.0,0
2026-08-27,1,499,Pedro Porro,Spurs,DEF,5.5,,,,0,0,0,0.0,13.6,0.0,0.0,0.0,0.0,0,0,0.0,0.0,0,0,0,0.0,0
2026-08-27,1,500,Romero,Spurs,DEF,5.0,,,,0,0,0,0.0,0.2,0.0,0.0,0.0,0.0,0,0,0.0,0.0,0,0,0,0.0,0
2026-08-27,1,501,Danso,Spurs,DEF,5.0,,,,0,0,0,0.0,0.2,0.0,0.0,0.0,0.0,0,0,0.0,0.0,0,0,0,0.0,0
2026-08-27,1,503,Van de Ven,Spurs,DEF,5.0,,,,0,0,0,0.0,4.3,0.0,0.0,0.0,0.0,0,0,0.0,0.0,0,0,0,0.0,0
2026-08-27,1,505,Spence,Spurs,DEF,4.5,,,,0,0,0,0.0,0.5,0.0,0.0,0.0,0.0,0,0,0.0,0.0,0,0,0,0.0,0
2026-08-27,1,507,Phillips,Spurs,DEF,4.5,,,,0,0,0,0.0,0.0,0.0,0.0,0.0,0.0,0,0,0.0,0.0,0,0,0,0.0,0
2026-08-27,1,508,Davies,Spurs,DEF,4.0,,,,0,0,0,0.0,1.1,0.0,0.0,0.0,0.0,0,0,0.0,0.0,0,0,0,0.0,0
2026-08-27,1,509,Byfield,Spurs,DEF,4.0,,,,0,0,0,0.0,0.1,0.0,0.0,0.0,0.0,0,0,0.0,0.0,0,0,0,0.0,0
2026-08-27,1,510,Rowswell,Spurs,DEF,4.0,,,,0,0,0,0.0,0.1,0.0,0.0,0.0,0.0,0,0,0.0,0.0,0,0,0,0.0,0
2026-08-27,1,511,Souza,Spurs,DEF,4.0,,,,0,0,0,0.0,0.3,0.0,0.0,0.0,0.0,0,0,0.0,0.0,0,0,0,0.0,0
2026-08-27,1,512,Kudus,Spurs,MID,6.5,,,,0,0,0,0.0,0.1,0.0,0.0,0.0,0.0,0,0,0.0,0.0,0,0,0,0.0,0
2026-08-27,1,513,Xavi,Spurs,MID,6.0,,,,0,0,0,0.0,0.0,0.0,0.0,0.0,0.0,0,0,0.0,0.0,0,0,0,0.0,0
2026-08-27,1,517,Odobert,Spurs,MID,5.5,,,,0,0,0,0.0,0.0,0.0,0.0,0.0,0.0,0,0,0.0,0.0,0,0,0,0.0,0
2026-08-27,1,518,P.M.Sarr,Spurs,MID,4.9,,,,0,0,0,0.0,0.2,0.0,0.0,0.0,0.0,0,0,0.0,0.0,0,0,0,0.0,0
2026-08-27,1,519,Gallagher,Spurs,MID,5.5,,,,45,1,0,0.0,0.3,0.02,0.06,0.08,1.7,0,0,-0.02,-0.06,0,2,3,0.5,1
2026-08-27,1,521,Kulusevski,Spurs,MID,6.5,,,,0,0,0,0.0,0.0,0.0,0.0,0.0,0.0,0,0,0.0,0.0,0,0,0,0.0,0
2026-08-27,1,524,Olusesi,Spurs,MID,4.5,,,,0,0,0,0.0,0.8,0.0,0.0,0.0,0.0,0,0,0.0,0.0,0,0,0,0.0,0
2026-08-27,1,528,Scarlett,Spurs,FWD,4.5,,,,0,0,0,0.0,1.7,0.0,0.0,0.0,0.0,0,0,0.0,0.0,0,0,0,0.0,0
2026-08-27,1,601,Williams-Barnett,Spurs,MID,4.5,,,,0,0,0,0.0,0.1,0.0,0.0,0.0,0.0,0,0,0.0,0.0,0,0,0,0.0,0
2026-08-27,1,530,Patterson,Sunderland,GK,4.0,,,,0,0,0,0.0,0.2,0.0,0.0,0.0,0.0,0,0,0.0,0.0,0,0,0,0.0,0
2026-08-27,1,531,Ellborg,Sunderland,GK,4.5,,,,0,0,0,0.0,0.1,0.0,0.0,0.0,0.0,0,0,0.0,0.0,0,0,0,0.0,0
2026-08-27,1,532,Ballard,Sunderland,DEF,5.0,,,,90,1,0,0.0,5.1,0.0,0.01,0.01,1.8,0,0,0.0,-0.01,0,2,9,1.9,4
2026-08-27,1,533,Mukiele,Sunderland,DEF,5.5,,,,0,0,0,0.0,2.6,0.0,0.0,0.0,0.0,0,0,0.0,0.0,0,0,0,0.0,0
2026-08-27,1,537,Seelt,Sunderland,DEF,4.5,,,,0,0,0,0.0,0.0,0.0,0.0,0.0,0.0,0,0,0.0,0.0,0,0,0,0.0,0
2026-08-27,1,538,Hjelde,Sunderland,DEF,4.0,,,,0,0,0,0.0,0.1,0.0,0.0,0.0,0.0,0,0,0.0,0.0,0,0,0,0.0,0
2026-08-27,1,540,Masuaku,Sunderland,DEF,4.0,,,,0,0,0,0.0,0.2,0.0,0.0,0.0,0.0,0,0,0.0,0.0,0,0,0,0.0,0
2026-08-27,1,546,Adingra,Sunderland,MID,5.0,,,,0,0,0,0.0,0.1,0.0,0.0,0.0,0.0,0,0,0.0,0.0,0,0,0,0.0,0
2026-08-27,1,547,Mundle,Sunderland,MID,5.0,,,,0,0,0,0.0,0.0,0.0,0.0,0.0,0.0,0,0,0.0,0.0,0,0,0,0.0,0
2026-08-27,1,550,Jocelin.T,Sunderland,MID,5.0,,,,0,0,0,0.0,0.0,0.0,0.0,0.0,0.0,0,0,0.0,0.0,0,0,0,0.0,0
2026-08-27,1,612,Methalie,Sunderland,DEF,4.5,,,,0,0,0,0.0,0.0,0.0,0.0,0.0,0.0,0,0,0.0,0.0,0,0,0,0.0,0
2026-08-27,1,613,Ahoka,Sunderland,MID,4.5,,,,0,0,0,0.0,0.0,0.0,0.0,0.0,0.0,0,0,0.0,0.0,0,0,0,0.0,0
2026-08-27,1,32,Cash,Aston Villa,DEF,4.5,,,,90,1,-1,-1.0,7.8,0.0,0.0,0.0,3.77,0,0,0.0,0.0,0,4,7,1.3,-8
2026-08-27,1,37,Lindelöf,Aston Villa,DEF,4.5,,,,90,1,-2,-2.0,0.3,0.0,0.0,0.0,3.77,0,0,0.0,0.0,0,4,3,0.2,-13
2026-08-27,1,54,Gomes,Aston Villa,MID,5.5,,,,39,1,-2,-2.0,0.1,0.0,0.01,0.01,2.58,0,0,0.0,-0.01,0,4,7,1.2,-2
2026-08-28,1,115,De Cuyper,Brighton,DEF,4.6,,,,77,1,17,17.0,7.8,1.47,0.21,1.68,0.29,1,1,-0.47,0.79,1,0,4,12.9,46
2026-08-28,1,123,Hinshelwood,Brighton,MID,6.0,,,,63,1,16,16.0,2.5,1.41,0.02,1.43,0.19,2,0,0.59,-0.02,1,0,3,14.5,54
2026-08-28,1,586,Mendy,Hull City,DEF,4.0,,,,63,1,15,15.0,3.6,0.28,0.0,0.28,0.86,1,0,0.72,0.0,1,0,13,8.5,35
2026-08-28,1,565,M.Sangaré,Brentford,MID,5.6,,,,75,1,14,14.0,8.3,0.05,0.33,0.38,0.47,0,2,-0.05,1.67,1,0,13,7.4,41
2026-08-28,1,279,Ajayi,Hull City,DEF,4.0,,,,63,1,14,14.0,1.8,0.52,0.0,0.52,0.86,1,0,0.48,0.0,1,0,7,7.9,39
2026-08-28,1,88,Kayode,Brentford,DEF,4.6,,,,75,1,13,13.0,7.4,0.5,0.0,0.5,0.47,1,0,0.5,0.0,1,0,4,8.1,36
2026-08-28,1,154,Palmer,Chelsea,MID,9.5,,,,82,1,13,13.0,15.6,0.28,0.19,0.47,1.24,1,1,0.72,0.81,0,2,9,16.1,60
2026-08-28,1,335,Stach,Leeds,MID,6.0,,,,90,1,13,13.0,2.3,0.1,0.05,0.15,0.66,1,0,0.9,-0.05,1,0,16,6.6,37
2026-08-28,1,367,Gakpo,Liverpool,MID,7.0,,,,90,1,12,12.0,6.2,0.3,0.15,0.45,1.58,1,0,0.7,-0.15,0,2,12,11.5,33
2026-08-28,1,10,White,Arsenal,DEF,5.5,,,,90,1,11,11.0,6.6,0.18,0.21,0.39,0.2,0,1,-0.18,0.79,1,0,5,7.3,37
2026-08-28,1,15,Ødegaard,Arsenal,MID,6.6,,,,75,1,11,11.0,11.5,0.21,0.1,0.31,0.06,1,0,0.79,-0.1,1,0,8,12.3,41
2026-08-28,1,165,João Pedro,Chelsea,FWD,7.6,,,,90,1,11,11.0,67.8,0.63,0.06,0.69,1.33,1,1,0.37,0.94,0,2,3,11.1,45
2026-08-28,1,236,Dewsbury-Hall,Everton,MID,6.5,,,,90,1,11,11.0,4.6,0.12,0.17,0.29,1.92,1,0,0.88,-0.17,1,0,8,9.8,40
2026-08-28,1,68,Tavernier,Bournemouth,MID,6.0,,,,90,1,10,10.0,2.4,0.4,0.08,0.48,2.25,1,0,0.6,-0.08,0,2,8,7.5,32
2026-08-28,1,86,Lewis-Potter,Brentford,MID,5.5,,,,90,1,10,10.0,1.0,0.77,0.12,0.89,0.57,1,0,0.23,-0.12,1,0,10,8.2,37
2026-08-28,1,572,Tzolakis,Hull City,GK,4.5,,,,90,1,10,10.0,2.7,0.0,0.0,0.0,1.83,0,0,0.0,0.0,1,0,0,3.5,41
2026-08-28,1,327,Bijol,Leeds,DEF,5.0,,,,90,1,10,10.0,0.9,0.11,0.0,0.11,0.66,0,0,-0.11,0.0,1,0,12,3.9,28
2026-08-28,1,332,Justin,Leeds,DEF,4.5,,,,90,1,10,10.0,1.1,0.0,0.01,0.01,0.66,0,0,0.0,-0.01,1,0,12,2.9,28
2026-08-28,1,388,Guéhi,Man City,DEF,6.0,,,,90,1,10,10.0,19.4,0.89,0.32,1.21,0.65,1,0,0.11,-0.32,0,1,4,8.9,31
2026-08-28,1,8,Calafiori,Arsenal,DEF,5.6,,,,80,1,9,9.0,41.6,0.04,0.09,0.13,0.06,0,1,-0.04,0.91,1,0,5,4.2,31
2026-08-28,1,12,Saka,Arsenal,MID,9.5,,,,67,1,9,9.0,10.4,0.64,0.08,0.72,0.06,1,0,0.36,-0.08,1,0,7,10.2,36
2026-08-28,1,98,Janelt,Brentford,MID,5.0,,,,90,1,9,9.0,0.4,0.39,0.17,0.56,0.57,1,0,0.61,-0.17,1,0,13,11.6,35
2026-08-28,1,237,Ndiaye,Everton,MID,6.0,,,,90,1,9,9.0,16.1,0.24,0.32,0.56,1.96,0,1,-0.24,0.68,1,0,12,12.9,36
2026-08-28,1,316,Emersonn,Ipswich Town,FWD,5.5,,,,65,1,9,9.0,1.7,0.82,0.06,0.88,0.63,1,0,0.18,-0.06,0,1,3,11.2,41
2026-08-28,1,385,Trafford,Leeds,GK,5.0,,,,90,1,9,9.0,4.2,0.0,0.0,0.0,0.66,0,0,0.0,0.0,1,0,0,1.9,28
2026-08-28,1,391,Gvardiol,Man City,DEF,5.5,,,,90,1,9,9.0,13.6,0.19,0.05,0.24,0.65,1,0,0.81,-0.05,0,1,7,7.8,28
2026-08-28,1,454,Elanga,Newcastle,MID,6.0,,,,75,1,9,9.0,2.0,0.22,0.01,0.23,1.94,1,0,0.78,-0.01,0,1,2,6.9,31
2026-08-28,1,544,Xhaka,Sunderland,MID,5.5,,,,90,1,9,9.0,4.6,0.0,0.09,0.09,1.8,0,1,0.0,0.91,0,2,13,5.0,31
2026-08-28,1,87,Ajer,Brentford,DEF,4.5,,,,90,1,8,8.0,4.0,0.11,0.02,0.13,0.57,0,0,-0.11,-0.02,1,0,10,5.6,29
2026-08-28,1,40,Rogers,Chelsea,MID,7.5,,,,81,1,8,8.0,26.1,0.96,0.1,1.06,1.24,1,0,0.04,-0.1,0,2,7,13.1,37
2026-08-28,1,244,Armstrong,Everton,MID,5.0,,,,90,1,8,8.0,0.2,0.0,0.04,0.04,1.96,0,1,0.0,0.96,1,0,16,4.8,25
2026-08-28,1,249,Barry,Everton,FWD,5.5,,,,78,1,8,8.0,3.2,0.45,0.09,0.54,1.62,1,0,0.55,-0.09,1,0,3,9.8,37
2026-08-28,1,277,Egan,Hull City,DEF,4.0,,,,90,1,8,8.0,2.0,0.0,0.0,0.0,1.83,0,0,0.0,0.0,1,0,21,4.6,27
2026-08-28,1,368,Szoboszlai,Liverpool,MID,7.0,,,,90,1,8,8.0,43.2,0.85,0.27,1.12,1.58,1,0,0.15,-0.27,0,2,7,11.9,29
2026-08-28,1,399,Cherki,Man City,MID,7.5,,,,27,0,8,8.0,10.5,0.0,0.5,0.5,0.1,0,2,0.0,1.5,0,0,0,9.2,28
2026-08-28,1,82,Kelleher,Brentford,GK,5.0,,,,90,1,7,7.0,6.5,0.0,0.01,0.01,0.57,0,0,0.0,-0.01,1,0,0,3.1,34
2026-08-28,1,130,Wieffer,Brighton,DEF,5.0,,,,77,1,7,7.0,0.4,0.09,0.05,0.14,0.29,0,0,-0.09,-0.05,1,0,8,4.9,32
2026-08-28,1,226,Pickford,Everton,GK,5.5,,,,90,1,7,7.0,8.8,0.0,0.02,0.02,1.96,0,0,0.0,-0.02,1,0,0,3.2,34
2026-08-28,1,268,King,Fulham,MID,5.5,,,,90,1,7,7.0,0.5,0.17,0.04,0.21,2.24,1,0,0.83,-0.04,0,3,8,9.8,34
2026-08-28,1,313,Clarke,Ipswich Town,MID,5.5,,,,19,0,7,7.0,0.3,0.1,0.0,0.1,0.03,1,0,0.9,0.0,0,0,2,5.2,27
2026-08-28,1,1,Raya,Arsenal,GK,6.0,,,,90,1,6,6.0,38.3,0.0,0.0,0.0,0.2,0,0,0.0,0.0,1,0,0,1.2,24
2026-08-28,1,11,Mosquera,Arsenal,DEF,5.5,,,,90,1,6,6.0,5.8,0.0,0.0,0.0,0.2,0,0,0.0,0.0,1,0,6,1.5,27
2026-08-28,1,26,Havertz,Arsenal,FWD,7.5,,,,90,1,6,6.0,7.4,0.26,0.03,0.29,0.2,1,0,0.74,-0.03,1,0,2,7.5,34
2026-08-28,1,557,Tzolis,Arsenal,MID,6.5,,,,75,1,6,6.0,26.0,0.19,0.14,0.33,0.06,0,1,-0.19,0.86,1,0,6,8.7,30
2026-08-28,1,84,Collins,Brentford,DEF,5.5,,,,90,1,6,6.0,2.1,0.34,0.04,0.38,0.57,0,0,-0.34,-0.04,1,0,3,5.0,21
2026-08-28,1,97,Jensen,Brentford,MID,5.5,,,,66,1,6,6.0,0.2,0.08,0.34,0.42,0.47,0,1,-0.08,0.66,1,0,5,7.2,22
2026-08-28,1,109,Verbruggen,Brighton,GK,4.5,,,,90,1,6,6.0,21.5,0.0,0.0,0.0,0.29,0,0,0.0,0.0,1,0,0,0.7,25
2026-08-28,1,114,Boscagli,Brighton,DEF,4.5,,,,90,1,6,6.0,0.3,0.0,0.04,0.04,0.29,0,0,0.0,-0.04,1,0,6,2.9,29
2026-08-28,1,116,Dunk,Brighton,DEF,4.5,,,,90,1,6,6.0,1.2,0.0,0.04,0.04,0.29,0,0,0.0,-0.04,1,0,2,2.0,24
2026-08-28,1,127,Gomez,Brighton,MID,5.0,,,,85,1,6,6.0,3.8,0.18,0.48,0.66,0.29,0,1,-0.18,0.52,1,0,6,9.9,27
2026-08-28,1,504,Vuskovic,Brighton,DEF,5.0,,,,90,1,6,6.0,2.5,0.13,0.03,0.16,0.29,0,0,-0.13,-0.03,1,0,4,2.9,19
2026-08-28,1,200,Lacroix,Chelsea,DEF,6.0,,,,90,1,6,6.0,9.5,0.0,0.2,0.2,1.33,0,1,0.0,0.8,0,2,12,5.7,25
2026-08-28,1,229,Tarkowski,Everton,DEF,6.0,,,,90,1,6,6.0,8.7,0.05,0.0,0.05,1.96,0,0,-0.05,0.0,1,0,9,2.0,25
2026-08-28,1,230,Branthwaite,Everton,DEF,5.5,,,,90,1,6,6.0,1.8,0.0,0.01,0.01,1.96,0,0,0.0,-0.01,1,0,8,2.5,27
2026-08-28,1,233,Mykolenko,Everton,DEF,4.5,,,,90,1,6,6.0,1.6,0.0,0.05,0.05,1.96,0,0,0.0,-0.05,1,0,4,2.9,27
2026-08-28,1,258,Castagne,Fulham,DEF,4.5,,,,90,1,6,6.0,0.4,0.09,0.18,0.27,2.24,0,2,-0.09,1.82,0,3,6,8.9,21
2026-08-28,1,569,Gonzalo,Fulham,FWD,6.0,,,,90,1,6,6.0,3.6,0.73,0.01,0.74,2.24,1,0,0.27,-0.01,0,3,2,8.2,33
2026-08-28,1,280,Coyle,Hull City,DEF,4.0,,,,69,1,6,6.0,0.6,0.0,0.01,0.01,1.16,0,0,0.0,-0.01,1,0,2,1.7,23
2026-08-28,1,282,Giles,Hull City,DEF,4.0,,,,84,1,6,6.0,0.9,0.02,0.07,0.09,1.76,0,0,-0.02,-0.07,1,0,6,3.7,24
2026-08-28,1,290,Slater,Hull City,MID,4.5,,,,90,1,6,6.0,3.8,0.0,0.44,0.44,1.83,0,1,0.0,0.56,1,0,3,3.8,20
2026-08-28,1,329,Rodon,Leeds,DEF,4.5,,,,90,1,6,6.0,3.6,0.03,0.06,0.09,0.66,0,0,-0.03,-0.06,1,0,7,3.4,21
2026-08-28,1,330,Bogle,Leeds,DEF,4.5,,,,90,1,6,6.0,0.6,0.0,0.0,0.0,0.66,0,0,0.0,0.0,1,0,3,0.8,24
2026-08-28,1,334,Muharemović,Leeds,DEF,5.0,,,,90,1,6,6.0,3.4,0.09,0.0,0.09,0.66,0,0,-0.09,0.0,1,0,7,3.3,25
2026-08-28,1,460,Willock,Newcastle,MID,5.0,,,,34,0,6,6.0,0.2,0.09,0.17,0.26,1.5,1,0,0.91,-0.17,0,1,3,6.1,28
2026-08-28,1,4,Gabriel,Arsenal,DEF,8.0,,,,90,1,5,5.0,29.1,0.05,0.01,0.06,0.2,0,0,-0.05,-0.01,1,0,4,0.9,21
2026-08-28,1,125,Georginio,Brighton,FWD,5.5,,,,90,1,5,5.0,1.0,0.08,0.44,0.52,0.29,0,1,-0.08,0.56,1,0,7,4.6,22
2026-08-28,1,295,McBurnie,Hull City,FWD,5.5,,,,90,1,5,5.0,2.1,0.16,0.01,0.17,1.83,0,1,-0.16,0.99,1,0,5,9.0,21
2026-08-28,1,267,Lukić,Ipswich Town,MID,5.0,,,,90,1,5,5.0,0.1,0.0,0.02,0.02,0.66,0,1,0.0,0.98,0,1,6,4.0,22
2026-08-28,1,591,Enciso,Ipswich Town,MID,5.5,,,,70,1,5,5.0,0.5,0.23,0.31,0.54,0.63,0,1,-0.23,0.69,0,1,8,5.4,24
2026-08-28,1,338,Ampadu,Leeds,MID,5.5,,,,90,1,5,5.0,1.4,0.0,0.04,0.04,0.66,0,0,0.0,-0.04,1,0,13,4.2,18
2026-08-28,1,371,Gravenberch,Liverpool,MID,6.0,,,,77,1,5,5.0,2.0,0.06,0.05,0.11,1.1,0,1,-0.06,0.95,0,2,11,4.4,26
2026-08-28,1,473,Aina,Nott'm Forest,DEF,4.5,,,,73,1,5,5.0,3.5,0.04,0.17,0.21,0.34,0,0,-0.04,-0.17,1,0,2,6.3,24
2026-08-28,1,551,Angulo,Sunderland,MID,5.0,,,,58,1,5,5.0,0.1,0.15,0.01,0.16,1.66,1,0,0.85,-0.01,0,1,7,5.2,23
2026-08-28,1,79,Evanilson,Bournemouth,FWD,6.0,,,,74,1,4,4.0,2.9,0.0,0.21,0.21,1.94,0,1,0.0,0.79,1,0,8,3.3,17
2026-08-28,1,210,Wharton,Crystal Palace,MID,5.5,,,,90,1,4,4.0,0.9,0.0,0.24,0.24,1.12,0,0,0.0,-0.24,0,2,14,4.8,20
2026-08-28,1,304,O'Shea,Ipswich Town,DEF,4.0,,,,90,1,4,4.0,3.4,0.0,0.16,0.16,0.66,0,0,0.0,-0.16,0,1,18,7.5,16
2026-08-28,1,309,Núñez,Ipswich Town,MID,5.0,,,,79,1,4,4.0,0.1,0.03,0.03,0.06,0.63,0,0,-0.03,-0.03,0,1,12,2.4,26
2026-08-28,1,377,Munoz,Liverpool,MID,6.5,,,,27,0,4,4.0,0.6,0.1,0.04,0.14,1.07,0,1,-0.1,0.96,0,0,0,2.7,15
2026-08-28,1,464,Wissa,Newcastle,FWD,6.0,,,,90,1,4,4.0,3.3,1.0,0.02,1.02,2.19,0,1,-1.0,0.98,0,1,8,6.4,7
2026-08-28,1,465,Osula,Newcastle,FWD,6.0,,,,55,1,4,4.0,1.0,0.06,0.14,0.2,1.48,0,1,-0.06,0.86,0,1,5,5.0,18
2026-08-28,1,472,Murillo,Nott'm Forest,DEF,5.5,,,,90,1,4,4.0,1.7,0.0,0.28,0.28,0.47,0,0,0.0,-0.28,0,1,14,5.8,15
2026-08-28,1,7,Lewis-Skelly,Arsenal,MID,5.5,,,,90,1,3,3.0,0.7,0.06,0.11,0.17,0.2,0,0,-0.06,-0.11,1,0,7,4.1,15
2026-08-28,1,13,Rice,Arsenal,MID,7.5,,,,67,1,3,3.0,17.0,0.07,0.08,0.15,0.06,0,0,-0.07,-0.08,1,0,6,1.5,10
2026-08-28,1,70,Kluivert,Bournemouth,MID,6.0,,,,74,1,3,3.0,1.2,0.11,0.0,0.11,1.94,0,0,-0.11,0.0,1,0,9,4.2,15
2026-08-28,1,71,Cook,Bournemouth,MID,5.0,,,,75,1,3,3.0,0.2,0.0,0.0,0.0,1.94,0,0,0.0,0.0,1,0,7,0.7,8
2026-08-28,1,94,Schade,Brentford,MID,6.0,,,,90,1,3,3.0,3.5,0.52,0.01,0.53,0.57,0,0,-0.52,-0.01,1,0,9,8.5,17
2026-08-28,1,95,O.Dango,Brentford,MID,6.5,,,,66,1,3,3.0,1.1,0.05,0.29,0.34,0.47,0,0,-0.05,-0.29,1,0,6,4.7,6
2026-08-28,1,151,Acheampong,Chelsea,DEF,4.5,,,,90,1,3,3.0,0.4,0.0,0.01,0.01,1.33,0,0,0.0,-0.01,0,2,15,3.7,13
2026-08-28,1,173,Thomas,Coventry City,DEF,4.0,,,,90,1,3,3.0,7.9,0.02,0.01,0.03,1.88,0,0,-0.02,-0.01,0,3,10,3.5,11
2026-08-28,1,202,Richards,Crystal Palace,DEF,5.0,,,,90,1,3,3.0,0.7,0.0,0.0,0.0,1.12,0,0,0.0,0.0,0,2,16,4.3,13
2026-08-28,1,214,Kamada,Crystal Palace,MID,5.0,,,,90,1,3,3.0,0.3,0.0,0.27,0.27,1.12,0,0,0.0,-0.27,0,2,14,5.0,25
2026-08-28,1,242,George,Everton,MID,5.5,,,,83,1,3,3.0,0.3,0.18,0.08,0.26,1.67,0,0,-0.18,-0.08,1,0,7,5.5,13
2026-08-28,1,246,Röhl,Everton,MID,5.0,,,,90,1,3,3.0,0.1,0.0,0.06,0.06,1.96,0,0,0.0,-0.06,1,0,9,2.9,12
2026-08-28,1,247,Hackney,Everton,MID,5.5,,,,78,1,3,3.0,0.3,0.01,0.01,0.02,1.62,0,0,-0.01,-0.01,1,0,7,2.6,16
2026-08-28,1,255,J.Cuenca,Fulham,DEF,4.5,,,,90,1,3,3.0,0.0,0.0,0.03,0.03,2.24,0,0,0.0,-0.03,0,3,10,5.4,7
2026-08-28,1,286,Belloumi,Hull City,MID,5.0,,,,90,1,3,3.0,0.6,0.05,0.03,0.08,1.83,0,0,-0.05,-0.03,1,0,10,2.0,8
2026-08-28,1,576,Stroud,Hull City,MID,5.0,,,,70,1,3,3.0,0.1,0.0,0.03,0.03,1.16,0,0,0.0,-0.03,1,0,6,1.3,11
2026-08-28,1,260,Wilson,Leeds,MID,6.5,,,,65,1,3,3.0,5.7,0.0,0.02,0.02,0.53,0,0,0.0,-0.02,1,0,2,2.6,8
2026-08-28,1,337,Aaronson,Leeds,MID,5.5,,,,81,1,3,3.0,0.9,0.01,0.01,0.02,0.58,0,0,-0.01,-0.01,1,0,7,1.6,16
2026-08-28,1,384,Donnarumma,Man City,GK,5.5,,,,90,1,3,3.0,8.3,0.0,0.0,0.0,0.65,0,0,0.0,0.0,0,1,0,2.7,12
2026-08-28,1,445,Thiaw,Newcastle,DEF,5.0,,,,90,1,3,3.0,1.7,0.0,0.0,0.0,2.98,0,0,0.0,0.0,0,2,15,3.8,0
2026-08-28,1,447,Botman,Newcastle,DEF,5.0,,,,90,1,3,3.0,0.5,0.0,0.01,0.01,2.98,0,0,0.0,-0.01,0,2,10,3.3,4
2026-08-28,1,449,Hall,Newcastle,DEF,5.0,,,,90,1,3,3.0,4.1,0.0,0.35,0.35,2.98,0,0,0.0,-0.35,0,2,11,3.7,8
2026-08-28,1,459,L.Miley,Newcastle,MID,5.5,,,,75,1,3,3.0,0.1,0.05,0.01,0.06,1.94,0,0,-0.05,-0.01,0,1,13,4.0,13
2026-08-28,1,483,Ndoye,Nott'm Forest,MID,5.5,,,,61,1,3,3.0,0.4,0.0,0.0,0.0,0.25,0,0,0.0,0.0,1,0,3,0.4,5
2026-08-28,1,486,McAtee,Nott'm Forest,MID,5.5,,,,73,1,3,3.0,0.1,0.0,0.16,0.16,0.34,0,0,0.0,-0.16,1,0,8,5.4,18
2026-08-28,1,498,Senesi,Spurs,DEF,6.0,,,,90,1,3,3.0,7.6,0.0,0.02,0.02,3.87,0,0,0.0,-0.02,0,3,16,3.9,10
2026-08-28,1,502,Robertson,Spurs,DEF,4.5,,,,90,1,3,3.0,3.8,0.0,0.06,0.06,3.87,0,0,0.0,-0.06,0,3,11,5.3,13
2026-08-28,1,41,Buendía,Aston Villa,MID,6.0,,,,85,1,2,2.0,1.2,0.13,0.09,0.22,3.62,0,0,-0.13,-0.09,0,4,7,2.2,4
2026-08-28,1,46,Barkley,Aston Villa,MID,5.0,,,,73,1,2,2.0,0.2,0.1,0.02,0.12,3.55,0,0,-0.1,-0.02,0,4,1,3.8,11
2026-08-28,1,47,Kamara,Aston Villa,MID,5.0,,,,90,1,2,2.0,0.3,0.0,0.0,0.0,3.77,0,0,0.0,0.0,0,4,7,1.4,9
2026-08-28,1,51,George Hemmings,Aston Villa,MID,4.5,,,,90,1,2,2.0,0.7,0.0,0.0,0.0,3.77,0,0,0.0,0.0,0,4,5,2.4,12
2026-08-28,1,57,Petrović,Bournemouth,GK,4.5,,,,90,1,2,2.0,3.3,0.0,0.0,0.0,2.25,0,0,0.0,0.0,0,2,0,3.7,13
2026-08-28,1,67,Rayan,Bournemouth,MID,6.5,,,,88,1,2,2.0,2.8,0.04,0.03,0.07,2.06,0,0,-0.04,-0.03,0,1,1,3.5,9
2026-08-28,1,69,Scott,Bournemouth,MID,6.0,,,,90,1,2,2.0,1.5,0.0,0.01,0.01,2.25,0,0,0.0,-0.01,0,2,11,1.6,17
2026-08-28,1,566,Silva,Bournemouth,DEF,5.0,,,,90,1,2,2.0,0.4,0.0,0.0,0.0,2.25,0,0,0.0,0.0,0,2,13,3.2,5
2026-08-28,1,124,Groß,Brighton,MID,5.5,,,,90,1,2,2.0,13.0,0.0,0.27,0.27,0.29,0,0,0.0,-0.27,1,0,5,8.6,18
2026-08-28,1,129,Ayari,Brighton,MID,5.5,,,,63,1,2,2.0,0.6,0.11,0.03,0.14,0.19,0,0,-0.11,-0.03,1,0,4,1.7,8
2026-08-28,1,140,Sánchez,Chelsea,GK,5.0,,,,90,1,2,2.0,2.3,0.0,0.01,0.01,1.33,0,0,0.0,-0.01,0,2,0,2.1,6
2026-08-28,1,104,Onyeka,Coventry City,MID,5.0,,,,90,1,2,2.0,0.2,0.0,0.01,0.01,1.88,0,0,0.0,-0.01,0,3,9,0.5,8
2026-08-28,1,184,Grimes,Coventry City,MID,5.0,,,,90,1,2,2.0,0.2,0.0,0.01,0.01,1.88,0,0,0.0,-0.01,0,3,7,1.7,14
2026-08-28,1,190,Tchaouna,Coventry City,MID,5.5,,,,81,1,2,2.0,0.2,0.04,0.02,0.06,1.76,0,0,-0.04,-0.02,0,3,8,1.1,11
2026-08-28,1,194,Thomas-Asante,Coventry City,FWD,5.0,,,,69,1,2,2.0,0.8,0.0,0.02,0.02,1.6,0,0,0.0,-0.02,0,3,6,0.6,9
2026-08-28,1,195,Simms,Coventry City,FWD,5.0,,,,69,1,2,2.0,1.0,0.0,0.01,0.01,1.6,0,0,0.0,-0.01,0,3,3,1.7,7
2026-08-28,1,198,Henderson,Crystal Palace,GK,5.0,,,,90,1,2,2.0,1.8,0.0,0.0,0.0,1.12,0,0,0.0,0.0,0,2,0,2.8,14
2026-08-28,1,223,Mateta,Crystal Palace,FWD,6.5,,,,62,1,2,2.0,5.2,0.7,0.02,0.72,0.98,0,0,-0.7,-0.02,0,2,5,2.5,-3
2026-08-28,1,241,McNeil,Crystal Palace,MID,5.5,,,,62,1,2,2.0,0.2,0.05,0.02,0.07,0.98,0,0,-0.05,-0.02,0,2,5,1.6,11
2026-08-28,1,250,Leno,Fulham,GK,4.5,,,,90,1,2,2.0,3.0,0.0,0.0,0.0,2.24,0,0,0.0,0.0,0,3,0,3.0,11
2026-08-28,1,261,Iwobi,Fulham,MID,5.5,,,,90,1,2,2.0,1.0,0.0,0.04,0.04,2.24,0,0,0.0,-0.04,0,3,10,2.4,17
2026-08-28,1,264,Bobb,Fulham,MID,5.5,,,,66,1,2,2.0,0.3,0.0,0.26,0.26,2.21,0,0,0.0,-0.26,0,3,6,3.0,10
2026-08-28,1,265,Berge,Fulham,MID,5.0,,,,72,1,2,2.0,0.4,0.03,0.03,0.06,2.21,0,0,-0.03,-0.03,0,3,4,4.4,14
2026-08-28,1,570,Palacios,Fulham,MID,5.5,,,,72,1,2,2.0,0.2,0.16,0.01,0.17,2.21,0,0,-0.16,-0.01,0,3,4,1.8,10
2026-08-28,1,289,Crooks,Hull City,MID,4.5,,,,90,1,2,2.0,0.7,0.0,0.0,0.0,1.83,0,0,0.0,0.0,1,0,9,2.1,9
2026-08-28,1,259,Diop,Ipswich Town,DEF,4.0,,,,90,1,2,2.0,17.1,0.0,0.01,0.01,0.66,0,0,0.0,-0.01,0,1,5,1.0,7
2026-08-28,1,305,Davis,Ipswich Town,DEF,4.0,,,,90,1,2,2.0,4.9,0.0,0.01,0.01,0.66,0,0,0.0,-0.01,0,1,7,1.8,10
2026-08-28,1,306,Greaves,Ipswich Town,DEF,4.0,,,,90,1,2,2.0,1.4,0.0,0.0,0.0,0.66,0,0,0.0,0.0,0,1,7,1.8,12
2026-08-28,1,315,Fatawu,Ipswich Town,MID,5.5,,,,65,1,2,2.0,0.2,0.0,0.41,0.41,0.63,0,0,0.0,-0.41,0,1,7,5.5,22
2026-08-28,1,562,Maeda,Ipswich Town,MID,5.5,,,,79,1,2,2.0,0.4,0.61,0.0,0.61,0.63,0,0,-0.61,0.0,0,1,9,2.1,7
2026-08-28,1,564,Scherpen,Ipswich Town,GK,4.5,,,,90,1,2,2.0,0.6,0.0,0.0,0.0,0.66,0,0,0.0,0.0,0,1,0,1.4,12
2026-08-28,1,350,A.Becker,Liverpool,GK,5.5,,,,90,1,2,2.0,3.8,0.0,0.0,0.0,1.58,0,0,0.0,0.0,0,2,0,1.8,7
2026-08-28,1,356,Virgil,Liverpool,DEF,6.5,,,,90,1,2,2.0,19.6,0.25,0.01,0.26,1.58,0,0,-0.25,-0.01,0,2,11,5.1,8
2026-08-28,1,366,Wirtz,Liverpool,MID,7.5,,,,62,1,2,2.0,11.5,0.26,0.04,0.3,0.51,0,0,-0.26,-0.04,0,2,5,5.7,16
2026-08-28,1,369,Ngumoha,Liverpool,MID,6.0,,,,62,1,2,2.0,1.1,0.04,0.02,0.06,0.51,0,0,-0.04,-0.02,0,2,3,1.3,9
2026-08-28,1,379,Isak,Liverpool,FWD,9.0,,,,90,1,2,2.0,16.5,1.09,0.01,1.1,1.58,0,0,-1.09,-0.01,0,2,1,9.2,6
2026-08-28,1,387,O'Reilly,Man City,DEF,6.5,,,,62,1,2,2.0,20.9,0.07,0.41,0.48,0.55,0,0,-0.07,-0.41,0,1,2,5.0,5
2026-08-28,1,390,Rúben,Man City,DEF,5.5,,,,90,1,2,2.0,1.8,0.0,0.14,0.14,0.65,0,0,0.0,-0.14,0,1,6,4.4,11
2026-08-28,1,393,Khusanov,Man City,DEF,5.5,,,,90,1,2,2.0,1.7,0.0,0.02,0.02,0.65,0,0,0.0,-0.02,0,1,4,2.0,14
2026-08-28,1,397,Semenyo,Man City,MID,8.5,,,,90,1,2,2.0,24.2,0.06,0.02,0.08,0.65,0,0,-0.06,-0.02,0,1,5,4.6,16
2026-08-28,1,411,Haaland,Man City,FWD,15.5,,,,90,1,2,2.0,67.9,0.74,0.02,0.76,0.65,0,0,-0.74,-0.02,0,1,3,5.9,6
2026-08-28,1,481,Anderson,Man City,MID,6.4,,,,62,1,2,2.0,6.1,0.0,0.25,0.25,0.55,0,0,0.0,-0.25,0,1,6,2.8,14
2026-08-28,1,43,Tielemans,Man Utd,MID,6.0,,,,66,1,2,2.0,2.4,0.04,0.11,0.15,0.94,0,0,-0.04,-0.11,0,2,5,2.0,13
2026-08-28,1,162,Andrey Santos,Man Utd,MID,5.0,,,,66,1,2,2.0,1.0,0.0,0.23,0.23,0.94,0,0,0.0,-0.23,0,2,9,1.8,17
2026-08-28,1,426,B.Fernandes,Man Utd,MID,12.0,,,,90,1,2,2.0,48.4,0.08,0.26,0.34,1.01,0,0,-0.08,-0.26,0,2,6,9.3,18
2026-08-28,1,427,Mbeumo,Man Utd,MID,8.0,,,,90,1,2,2.0,36.0,0.5,0.23,0.73,1.01,0,0,-0.5,-0.23,0,2,4,8.7,12
2026-08-28,1,428,Cunha,Man Utd,MID,8.0,,,,79,1,2,2.0,9.4,0.24,0.21,0.45,1.01,0,0,-0.24,-0.21,0,2,3,6.9,14
2026-08-28,1,453,Barnes,Newcastle,MID,6.0,,,,90,1,2,2.0,1.1,0.07,0.02,0.09,2.98,0,0,-0.07,-0.02,0,2,8,1.7,12
2026-08-28,1,467,Sels,Nott'm Forest,GK,5.0,,,,90,1,2,2.0,1.5,0.0,0.0,0.0,0.47,0,0,0.0,0.0,0,1,0,1.4,11
2026-08-28,1,469,N.Williams,Nott'm Forest,DEF,5.0,,,,90,1,2,2.0,9.0,0.0,0.02,0.02,0.47,0,0,0.0,-0.02,0,1,6,2.7,13
2026-08-28,1,471,Milenković,Nott'm Forest,DEF,5.5,,,,90,1,2,2.0,1.8,0.11,0.02,0.13,0.47,0,0,-0.11,-0.02,0,1,7,2.2,4
2026-08-28,1,480,Gibbs-White,Nott'm Forest,MID,8.0,,,,90,1,2,2.0,8.6,0.13,0.06,0.19,0.47,0,0,-0.13,-0.06,0,1,3,2.4,10
2026-08-28,1,488,I.Sangaré,Nott'm Forest,MID,5.0,,,,90,1,2,2.0,1.0,0.03,0.01,0.04,0.47,0,0,-0.03,-0.01,0,1,6,3.4,10
2026-08-28,1,491,Igor Jesus,Nott'm Forest,FWD,6.0,,,,90,1,2,2.0,3.8,0.22,0.02,0.24,0.47,0,0,-0.22,-0.02,0,1,3,4.3,8
2026-08-28,1,455,Tonali,Spurs,MID,5.5,,,,90,1,2,2.0,3.8,0.04,0.06,0.1,3.87,0,0,-0.04,-0.06,0,3,4,2.1,14
2026-08-28,1,496,Kinsky,Spurs,GK,4.5,,,,90,1,2,2.0,22.7,0.0,0.0,0.0,3.87,0,0,0.0,0.0,0,3,0,4.4,15
2026-08-28,1,514,Tel,Spurs,MID,6.0,,,,90,1,2,2.0,0.5,0.06,0.06,0.12,3.87,0,0,-0.06,-0.06,0,3,8,4.5,17
2026-08-28,1,522,Gray,Spurs,MID,5.0,,,,85,1,2,2.0,0.2,0.0,0.01,0.01,3.43,0,0,0.0,-0.01,0,3,5,1.0,15
2026-08-28,1,523,Moore,Spurs,MID,5.0,,,,67,1,2,2.0,0.2,0.38,0.02,0.4,3.02,0,0,-0.38,-0.02,0,3,2,7.5,10
2026-08-28,1,527,Richarlison,Spurs,FWD,6.0,,,,67,1,2,2.0,2.9,0.0,0.0,0.0,3.02,0,0,0.0,0.0,0,3,1,0.2,6
2026-08-28,1,534,Hume,Sunderland,DEF,4.5,,,,79,1,2,2.0,6.4,0.04,0.27,0.31,1.69,0,0,-0.04,-0.27,0,1,4,6.2,14
2026-08-28,1,542,E.Le Fée,Sunderland,MID,6.0,,,,79,1,2,2.0,8.8,0.0,0.03,0.03,1.69,0,0,0.0,-0.03,0,1,2,1.5,13
2026-08-28,1,545,Sadiki,Sunderland,MID,5.0,,,,90,1,2,2.0,0.3,0.06,0.03,0.09,1.8,0,0,-0.06,-0.03,0,2,2,7.2,18
2026-08-28,1,552,Brobbey,Sunderland,FWD,6.0,,,,66,1,2,2.0,12.9,0.3,0.0,0.3,1.69,0,0,-0.3,0.0,0,1,0,1.1,1
2026-08-28,1,9,Hincapie,Arsenal,DEF,5.4,,,,9,0,1,1.0,1.5,0.0,0.0,0.0,0.15,0,0,0.0,0.0,0,0,0,0.1,3
2026-08-28,1,14,Eze,Arsenal,MID,6.5,,,,14,0,1,1.0,1.8,0.04,0.0,0.04,0.15,0,0,-0.04,0.0,0,0,2,0.1,4
2026-08-28,1,16,Madueke,Arsenal,MID,6.4,,,,22,0,1,1.0,0.3,0.0,0.04,0.04,0.15,0,0,0.0,-0.04,0,0,2,5.3,8
2026-08-28,1,17,Merino,Arsenal,MID,6.0,,,,14,0,1,1.0,0.6,0.14,0.02,0.16,0.15,0,0,-0.14,-0.02,0,0,2,1.9,5
2026-08-28,1,19,Zubimendi,Arsenal,MID,5.5,,,,22,0,1,1.0,1.0,0.0,0.02,0.02,0.15,0,0,0.0,-0.02,0,0,3,0.6,3
2026-08-28,1,29,M.Bizot,Aston Villa,GK,4.5,,,,90,1,1,1.0,0.1,0.0,0.0,0.0,3.77,0,0,0.0,0.0,0,4,0,2.8,1
2026-08-28,1,33,Mings,Aston Villa,DEF,4.5,,,,16,0,1,1.0,0.4,0.0,0.0,0.0,0.22,0,0,0.0,0.0,0,0,1,0.2,5
2026-08-28,1,35,Bogarde,Aston Villa,MID,5.0,,,,16,0,1,1.0,0.1,0.0,0.0,0.0,0.22,0,0,0.0,0.0,0,0,1,0.3,3
2026-08-28,1,45,McGinn,Aston Villa,MID,5.5,,,,81,1,1,1.0,2.8,0.04,0.01,0.05,3.62,0,0,-0.04,-0.01,0,4,6,0.5,8
2026-08-28,1,52,Alysson,Aston Villa,MID,5.0,,,,8,0,1,1.0,0.0,0.0,0.0,0.0,0.14,0,0,0.0,0.0,0,0,3,0.4,5
2026-08-28,1,160,Garnacho,Aston Villa,MID,6.0,,,,4,0,1,1.0,0.6,0.0,0.0,0.0,0.14,0,0,0.0,0.0,0,0,0,0.0,2
2026-08-28,1,596,Ruggeri,Aston Villa,DEF,4.5,,,,8,0,1,1.0,0.1,0.0,0.0,0.0,0.14,0,0,0.0,0.0,0,0,2,0.4,3
2026-08-28,1,60,Hill,Bournemouth,DEF,5.5,,,,90,1,1,1.0,0.9,0.0,0.0,0.0,2.25,0,0,0.0,0.0,0,2,6,1.2,0
2026-08-28,1,61,Truffert,Bournemouth,DEF,5.5,,,,90,1,1,1.0,4.2,0.0,0.0,0.0,2.25,0,0,0.0,0.0,0,2,7,1.7,0
2026-08-28,1,64,Smith,Bournemouth,DEF,4.5,,,,90,1,1,1.0,0.1,0.0,0.0,0.0,2.25,0,0,0.0,0.0,0,2,5,0.8,4
2026-08-28,1,72,Gannon-Doak,Bournemouth,MID,5.0,,,,1,0,1,1.0,0.1,0.0,0.0,0.0,0.19,0,0,0.0,0.0,0,1,1,0.2,3
2026-08-28,1,73,Adams,Bournemouth,MID,5.0,,,,15,0,1,1.0,0.2,0.0,0.0,0.0,0.31,0,0,0.0,0.0,0,2,3,0.4,4
2026-08-28,1,76,Tóth.A,Bournemouth,MID,5.0,,,,15,0,1,1.0,0.0,0.0,0.0,0.0,0.31,0,0,0.0,0.0,0,2,2,0.3,5
2026-08-28,1,608,Jebbison,Bournemouth,FWD,5.0,,,,15,0,1,1.0,0.0,0.1,0.0,0.1,0.31,0,0,-0.1,0.0,0,2,1,2.1,6
2026-08-28,1,90,Hickey,Brentford,DEF,4.5,,,,14,0,1,1.0,0.1,0.0,0.0,0.0,0.1,0,0,0.0,0.0,0,0,0,0.0,2
2026-08-28,1,96,Damsgaard,Brentford,MID,5.5,,,,14,0,1,1.0,0.5,0.0,0.11,0.11,0.1,0,0,0.0,-0.11,0,0,4,3.4,6
2026-08-28,1,102,Yarmoliuk,Brentford,MID,5.0,,,,23,0,1,1.0,1.2,0.04,0.0,0.04,0.1,0,0,-0.04,0.0,0,0,6,0.6,7
2026-08-28,1,105,Anthony,Brentford,MID,6.0,,,,23,0,1,1.0,0.2,0.03,0.35,0.38,0.1,0,0,-0.03,-0.35,0,0,8,4.7,9
2026-08-28,1,108,Wilson,Brentford,FWD,5.5,,,,7,0,1,1.0,0.4,0.03,0.04,0.07,0.07,0,0,-0.03,-0.04,0,0,0,1.8,4
2026-08-28,1,119,Costinha,Brighton,DEF,4.5,,,,26,0,1,1.0,0.0,0.12,0.0,0.12,0.1,0,0,-0.12,0.0,0,0,4,2.8,7
2026-08-28,1,135,Yohanna,Brighton,MID,5.0,,,,12,0,1,1.0,0.1,0.0,0.03,0.03,0.0,0,0,0.0,-0.03,0,0,0,0.2,3
2026-08-28,1,138,Kostoulas,Brighton,FWD,5.5,,,,26,0,1,1.0,0.2,0.18,0.0,0.18,0.1,0,0,-0.18,0.0,0,0,2,0.9,-1
2026-08-28,1,600,Osman,Brighton,MID,5.0,,,,12,0,1,1.0,0.0,0.0,0.05,0.05,0.0,0,0,0.0,-0.05,0,0,2,2.4,7
2026-08-28,1,605,Yalcouyé,Brighton,MID,4.5,,,,4,0,1,1.0,0.1,0.0,0.01,0.01,0.0,0,0,0.0,-0.01,0,0,0,0.3,3
2026-08-28,1,144,Gusto,Chelsea,DEF,5.0,,,,75,1,1,1.0,1.2,0.0,0.03,0.03,1.11,0,0,0.0,-0.03,0,2,3,2.3,2
2026-08-28,1,148,Hato,Chelsea,DEF,4.5,,,,64,1,1,1.0,0.5,0.01,0.03,0.04,1.05,0,0,-0.01,-0.03,0,2,3,3.2,5
2026-08-28,1,155,Enzo,Chelsea,MID,7.0,,,,25,0,1,1.0,4.5,0.0,0.02,0.02,0.28,0,0,0.0,-0.02,0,0,3,1.5,6
2026-08-28,1,156,Neto,Chelsea,MID,6.5,,,,14,0,1,1.0,1.2,0.03,0.07,0.1,0.22,0,0,-0.03,-0.07,0,0,4,1.3,9
2026-08-28,1,157,Estêvão,Chelsea,MID,6.5,,,,7,0,1,1.0,1.1,0.0,0.0,0.0,0.09,0,0,0.0,0.0,0,0,1,0.1,3
2026-08-28,1,161,Lavia,Chelsea,MID,5.0,,,,64,1,1,1.0,0.1,0.21,0.03,0.24,1.05,0,0,-0.21,-0.03,0,2,9,6.9,8
2026-08-28,1,164,Quenda,Chelsea,MID,5.5,,,,8,0,1,1.0,0.0,0.0,0.0,0.0,0.09,0,0,0.0,0.0,0,0,1,0.4,2
2026-08-28,1,583,Chavarria,Chelsea,DEF,5.0,,,,25,0,1,1.0,0.2,0.0,0.0,0.0,0.28,0,0,0.0,0.0,0,0,1,0.5,3
2026-08-28,1,110,Rushworth,Coventry City,GK,4.5,,,,90,1,1,1.0,1.2,0.0,0.01,0.01,1.88,0,0,0.0,-0.01,0,3,0,1.4,0
2026-08-28,1,175,van Ewijk,Coventry City,DEF,4.0,,,,90,1,1,1.0,13.1,0.0,0.01,0.01,1.88,0,0,0.0,-0.01,0,3,7,1.5,-8
2026-08-28,1,176,Dasilva,Coventry City,DEF,4.0,,,,90,1,1,1.0,0.8,0.0,0.02,0.02,1.88,0,0,0.0,-0.02,0,3,6,1.8,-4
2026-08-28,1,182,Amenda,Coventry City,DEF,4.0,,,,90,1,1,1.0,0.9,0.0,0.01,0.01,1.88,0,0,0.0,-0.01,0,3,9,3.0,1
2026-08-28,1,183,Rudoni,Coventry City,MID,5.0,,,,20,0,1,1.0,0.1,0.15,0.0,0.15,0.29,0,0,-0.15,0.0,0,0,5,2.6,3
2026-08-28,1,188,Torp,Coventry City,MID,5.5,,,,28,0,1,1.0,0.2,0.0,0.11,0.11,0.32,0,0,0.0,-0.11,0,0,1,2.3,8
2026-08-28,1,492,Awoniyi,Coventry City,FWD,5.5,,,,20,0,1,1.0,0.8,0.0,0.0,0.0,0.29,0,0,0.0,0.0,0,0,1,0.1,4
2026-08-28,1,575,Yirenkyi,Coventry City,MID,5.0,,,,61,1,1,1.0,0.2,0.0,0.0,0.0,1.56,0,0,0.0,0.0,0,3,3,0.0,2
2026-08-28,1,584,Hamer,Coventry City,MID,5.5,,,,8,0,1,1.0,0.1,0.0,0.0,0.0,0.13,0,0,0.0,0.0,0,0,1,0.1,3
2026-08-28,1,42,Guessand,Crystal Palace,MID,5.5,,,,27,0,1,1.0,0.0,0.03,0.02,0.05,0.14,0,0,-0.03,-0.02,0,0,1,1.2,3
2026-08-28,1,203,Canvot,Crystal Palace,DEF,5.0,,,,90,1,1,1.0,0.3,0.05,0.01,0.06,1.12,0,0,-0.05,-0.01,0,2,8,3.8,9
2026-08-28,1,204,Mitchell,Crystal Palace,DEF,4.5,,,,90,1,1,1.0,5.6,0.0,0.01,0.01,1.12,0,0,0.0,-0.01,0,2,5,2.7,9
2026-08-28,1,206,Chadi Riad,Crystal Palace,DEF,4.5,,,,72,1,1,1.0,0.0,0.0,0.01,0.01,0.98,0,0,0.0,-0.01,0,2,7,1.4,7
2026-08-28,1,211,Yeremy,Crystal Palace,MID,5.5,,,,35,0,1,1.0,0.2,0.06,0.02,0.08,0.27,0,0,-0.06,-0.02,0,0,5,1.4,4
2026-08-28,1,222,Strand Larsen,Crystal Palace,FWD,6.0,,,,27,0,1,1.0,0.5,0.25,0.01,0.26,0.14,0,0,-0.25,-0.01,0,0,0,2.2,3
2026-08-28,1,224,Nketiah,Crystal Palace,FWD,5.5,,,,55,1,1,1.0,0.5,0.6,0.58,1.18,0.84,0,0,-0.6,-0.58,0,2,3,5.8,12
2026-08-28,1,577,Tomiyasu,Crystal Palace,DEF,4.5,,,,18,0,1,1.0,0.4,0.0,0.01,0.01,0.14,0,0,0.0,-0.01,0,0,1,0.5,3
2026-08-28,1,588,Khalaili,Crystal Palace,DEF,5.0,,,,35,0,1,1.0,0.1,0.0,0.16,0.16,0.27,0,0,0.0,-0.16,0,0,9,5.5,12
2026-08-28,1,209,Johnson,Everton,MID,6.0,,,,6,0,1,1.0,0.2,0.0,0.0,0.0,0.29,0,0,0.0,0.0,0,0,2,0.4,3
2026-08-28,1,239,Garner,Everton,MID,6.0,,,,11,0,1,1.0,0.1,0.0,0.03,0.03,0.34,0,0,0.0,-0.03,0,0,1,1.9,6
2026-08-28,1,243,Alcaraz,Everton,MID,5.0,,,,1,0,1,1.0,0.1,0.02,0.0,0.02,0.04,0,0,-0.02,0.0,0,0,3,2.2,7
2026-08-28,1,248,Beto,Everton,FWD,5.5,,,,11,0,1,1.0,2.4,0.05,0.0,0.05,0.34,0,0,-0.05,0.0,0,0,0,0.2,3
2026-08-28,1,254,Robinson,Fulham,DEF,4.5,,,,81,1,1,1.0,1.7,0.13,0.04,0.17,2.21,0,0,-0.13,-0.04,0,3,7,5.0,4
2026-08-28,1,263,Kevin,Fulham,MID,5.5,,,,17,0,1,1.0,0.1,0.0,0.01,0.01,0.03,0,0,0.0,-0.01,0,0,3,0.7,2
2026-08-28,1,269,Sessegnon,Fulham,DEF,4.5,,,,17,0,1,1.0,0.4,0.03,0.0,0.03,0.03,0,0,-0.03,0.0,0,0,1,2.6,7
2026-08-28,1,271,Muniz,Fulham,FWD,5.5,,,,8,0,1,1.0,0.6,0.02,0.0,0.02,0.03,0,0,-0.02,0.0,0,0,1,2.5,6
2026-08-28,1,580,Charles,Fulham,MID,5.0,,,,23,0,1,1.0,0.1,0.0,0.0,0.0,0.03,0,0,0.0,0.0,0,0,3,0.5,5
2026-08-28,1,281,Drameh,Hull City,DEF,4.0,,,,20,0,1,1.0,0.1,0.05,0.0,0.05,0.67,0,0,-0.05,0.0,0,0,3,0.3,4
2026-08-28,1,285,McNair,Hull City,DEF,4.0,,,,26,0,1,1.0,0.1,0.0,0.0,0.0,0.96,0,0,0.0,0.0,0,0,2,0.4,3
2026-08-28,1,556,Targett,Hull City,DEF,4.0,,,,5,0,1,1.0,2.3,0.0,0.0,0.0,0.07,0,0,0.0,0.0,0,0,0,0.0,3
2026-08-28,1,585,Herrington,Hull City,DEF,4.0,,,,26,0,1,1.0,0.7,0.0,0.0,0.0,0.96,0,0,0.0,0.0,0,0,4,0.8,4
2026-08-28,1,320,Akpom,Ipswich Town,FWD,5.0,,,,24,0,1,1.0,0.5,0.0,0.0,0.0,0.03,0,0,0.0,0.0,0,0,3,0.3,3
2026-08-28,1,321,Walle Egeli,Ipswich Town,FWD,4.5,,,,10,0,1,1.0,2.4,0.0,0.0,0.0,0.03,0,0,0.0,0.0,0,0,0,0.0,3
2026-08-28,1,323,McAteer,Ipswich Town,MID,4.5,,,,24,0,1,1.0,1.4,0.0,0.0,0.0,0.03,0,0,0.0,0.0,0,0,3,0.3,4
2026-08-28,1,592,Ouattara,Ipswich Town,DEF,4.0,,,,10,0,1,1.0,1.0,0.0,0.0,0.0,0.03,0,0,0.0,0.0,0,0,2,1.5,4
2026-08-28,1,336,Okafor,Leeds,MID,6.0,,,,24,0,1,1.0,0.4,0.0,0.16,0.16,0.13,0,0,0.0,-0.16,0,0,5,2.8,10
2026-08-28,1,339,Longstaff,Leeds,MID,5.0,,,,8,0,1,1.0,0.1,0.0,0.0,0.0,0.07,0,0,0.0,0.0,0,0,0,0.0,3
2026-08-28,1,346,Calvert-Lewin,Leeds,FWD,6.0,,,,90,1,1,1.0,28.8,0.13,0.0,0.13,0.66,0,0,-0.13,0.0,1,0,2,0.7,-2
2026-08-28,1,362,Jacquet,Liverpool,DEF,5.0,,,,69,1,1,1.0,2.4,0.0,0.02,0.02,1.04,0,0,0.0,-0.02,0,2,3,2.4,9
2026-08-28,1,372,Mac Allister,Liverpool,MID,5.5,,,,27,0,1,1.0,1.6,0.0,0.01,0.01,1.07,0,0,0.0,-0.01,0,0,3,0.7,9
2026-08-28,1,381,Koumas,Liverpool,MID,5.0,,,,12,0,1,1.0,0.0,0.03,0.0,0.03,0.48,0,0,-0.03,0.0,0,0,1,0.9,4
2026-08-28,1,579,Araujo,Liverpool,DEF,5.5,,,,20,0,1,1.0,2.7,0.0,0.03,0.03,0.54,0,0,0.0,-0.03,0,0,4,1.4,3
2026-08-28,1,238,Grealish,Man City,MID,6.5,,,,8,0,1,1.0,0.2,0.0,0.0,0.0,0.0,0,0,0.0,0.0,0,0,1,0.2,2
2026-08-28,1,389,Matheus N.,Man City,DEF,6.0,,,,33,0,1,1.0,1.5,0.0,0.04,0.04,0.1,0,0,0.0,-0.04,0,0,1,0.9,4
2026-08-28,1,395,Lewis,Man City,DEF,4.5,,,,56,1,1,1.0,0.2,0.17,0.02,0.19,0.55,0,0,-0.17,-0.02,0,1,2,4.7,-1
2026-08-28,1,398,Foden,Man City,MID,7.0,,,,81,1,1,1.0,4.1,0.12,0.4,0.52,0.65,0,0,-0.12,-0.4,0,1,6,7.5,15
2026-08-28,1,406,Kovačić,Man City,MID,5.5,,,,27,0,1,1.0,0.1,0.0,0.01,0.01,0.1,0,0,0.0,-0.01,0,0,2,0.4,3
2026-08-28,1,412,Lammens,Man Utd,GK,5.0,,,,90,1,1,1.0,15.6,0.0,0.0,0.0,1.01,0,0,0.0,0.0,0,2,0,2.0,7
2026-08-28,1,417,Dalot,Man Utd,DEF,5.0,,,,10,0,1,1.0,2.5,0.0,0.0,0.0,0.0,0,0,0.0,0.0,0,0,3,1.9,6
2026-08-28,1,418,Maguire,Man Utd,DEF,5.0,,,,90,1,1,1.0,17.1,0.04,0.4,0.44,1.01,0,0,-0.04,-0.4,0,2,4,7.3,15
2026-08-28,1,421,Heaven,Man Utd,DEF,4.5,,,,90,1,1,1.0,0.4,0.12,0.04,0.16,1.01,0,0,-0.12,-0.04,0,2,2,2.0,5
2026-08-28,1,422,Mazraoui,Man Utd,DEF,4.5,,,,79,1,1,1.0,0.7,0.22,0.05,0.27,1.01,0,0,-0.22,-0.05,0,2,5,5.6,8
2026-08-28,1,423,Shaw,Man Utd,DEF,4.5,,,,90,1,1,1.0,19.7,0.0,0.26,0.26,1.01,0,0,0.0,-0.26,0,2,4,9.0,13
2026-08-28,1,429,Rashford,Man Utd,MID,7.0,,,,45,0,1,1.0,1.7,0.0,0.1,0.1,0.09,0,0,0.0,-0.1,0,0,1,6.4,9
2026-08-28,1,432,Mainoo,Man Utd,MID,5.5,,,,23,0,1,1.0,1.0,0.07,0.01,0.08,0.07,0,0,-0.07,-0.01,0,0,1,0.7,7
2026-08-28,1,435,Lacey,Man Utd,MID,5.0,,,,10,0,1,1.0,0.0,0.0,0.0,0.0,0.0,0,0,0.0,0.0,0,0,1,0.1,3
2026-08-28,1,439,Šeško,Man Utd,FWD,7.0,,,,23,0,1,1.0,1.8,0.04,0.0,0.04,0.07,0,0,-0.04,0.0,0,0,0,0.9,2
2026-08-28,1,446,Schär,Newcastle,DEF,5.0,,,,1,0,1,1.0,0.3,0.0,0.0,0.0,0.79,0,0,0.0,0.0,0,1,0,0.0,-1
2026-08-28,1,462,Steur,Newcastle,MID,5.0,,,,55,1,1,1.0,0.1,0.0,0.0,0.0,1.48,0,0,0.0,0.0,0,1,2,0.2,3
2026-08-28,1,559,Bamba,Newcastle,MID,5.0,,,,14,0,1,1.0,0.1,0.0,0.0,0.0,1.04,0,0,0.0,0.0,0,1,2,0.4,5
2026-08-28,1,567,Horníček,Newcastle,GK,5.0,,,,90,1,1,1.0,0.7,0.0,0.0,0.0,2.98,0,0,0.0,0.0,0,2,0,4.1,12
2026-08-28,1,593,Dedić,Newcastle,DEF,4.5,,,,90,1,1,1.0,0.4,0.03,0.0,0.03,2.98,0,0,-0.03,0.0,0,2,9,2.3,-1
2026-08-28,1,474,Jair Cunha,Nott'm Forest,DEF,4.5,,,,90,1,1,1.0,0.2,0.0,0.0,0.0,0.47,0,0,0.0,0.0,0,1,8,2.2,5
2026-08-28,1,478,Netz,Nott'm Forest,DEF,4.5,,,,16,0,1,1.0,0.0,0.0,0.0,0.0,0.13,0,0,0.0,0.0,0,1,0,0.1,-2
2026-08-28,1,490,Wood,Nott'm Forest,FWD,6.0,,,,28,0,1,1.0,1.6,0.12,0.01,0.13,0.22,0,0,-0.12,-0.01,0,1,1,0.4,3
2026-08-28,1,493,Kalimuendo,Nott'm Forest,FWD,5.5,,,,1,0,1,1.0,0.1,0.0,0.0,0.0,0.0,0,0,0.0,0.0,0,0,0,0.0,3
2026-08-28,1,558,Schlager,Nott'm Forest,MID,5.0,,,,16,0,1,1.0,0.1,0.0,0.0,0.0,0.13,0,0,0.0,0.0,0,1,1,0.4,3
2026-08-28,1,112,Van Hecke,Spurs,DEF,5.0,,,,90,1,1,1.0,9.7,0.0,0.03,0.03,3.87,0,0,0.0,-0.03,0,3,9,3.3,3
2026-08-28,1,506,Udogie,Spurs,DEF,4.5,,,,4,0,1,1.0,0.5,0.0,0.02,0.02,0.44,0,0,0.0,-0.02,0,0,0,0.0,3
2026-08-28,1,515,Maddison,Spurs,MID,6.5,,,,22,0,1,1.0,1.1,0.0,0.01,0.01,0.85,0,0,0.0,-0.01,0,0,2,2.1,6
2026-08-28,1,516,Bentancur,Spurs,MID,5.5,,,,45,0,1,1.0,0.2,0.0,0.01,0.01,2.18,0,0,0.0,-0.01,0,1,5,1.7,8
2026-08-28,1,520,Bergvall,Spurs,MID,5.5,,,,45,1,1,1.0,0.2,0.0,0.01,0.01,1.7,0,0,0.0,-0.01,0,2,8,0.0,2
2026-08-28,1,525,Fernandes,Spurs,MID,6.0,,,,45,0,1,1.0,1.7,0.0,0.06,0.06,2.18,0,0,0.0,-0.06,0,1,2,3.6,16
2026-08-28,1,526,Solanke,Spurs,FWD,6.0,,,,22,0,1,1.0,1.3,0.07,0.0,0.07,0.85,0,0,-0.07,0.0,0,0,0,0.5,3
2026-08-28,1,529,Roefs,Sunderland,GK,5.0,,,,90,1,1,1.0,4.0,0.0,0.0,0.0,1.8,0,0,0.0,0.0,0,2,0,1.5,7
2026-08-28,1,535,Alderete,Sunderland,DEF,5.0,,,,23,0,1,1.0,0.5,0.0,0.01,0.01,0.1,0,0,0.0,-0.01,0,1,0,0.0,2
2026-08-28,1,536,Reinildo,Sunderland,DEF,4.5,,,,90,1,1,1.0,0.5,0.0,0.29,0.29,1.8,0,0,0.0,-0.29,0,2,8,5.5,9
2026-08-28,1,539,O'Nien,Sunderland,DEF,4.0,,,,66,1,1,1.0,3.4,0.01,0.01,0.02,1.69,0,0,-0.01,-0.01,0,1,5,1.7,1
2026-08-28,1,541,Meunier,Sunderland,DEF,4.5,,,,90,1,1,1.0,0.3,0.08,0.08,0.16,1.8,0,0,-0.08,-0.08,0,2,4,3.0,5
2026-08-28,1,543,Diarra,Sunderland,MID,5.5,,,,10,0,1,1.0,0.1,0.03,0.0,0.03,0.1,0,0,-0.03,0.0,0,1,0,0.3,3
2026-08-28,1,548,Rigg,Sunderland,MID,5.0,,,,10,0,1,1.0,0.1,0.0,0.0,0.0,0.1,0,0,0.0,0.0,0,1,1,0.0,3
2026-08-28,1,549,Talbi,Sunderland,MID,5.5,,,,31,0,1,1.0,0.2,0.0,0.0,0.0,0.14,0,0,0.0,0.0,0,1,2,0.0,1
2026-08-28,1,553,Isidor,Sunderland,FWD,5.5,,,,23,0,1,1.0,0.9,0.0,0.0,0.0,0.1,0,0,0.0,0.0,0,1,0,0.0,3
2026-08-28,1,2,Arrizabalaga,Arsenal,GK,5.0,,,,0,0,0,0.0,0.1,0.0,0.0,0.0,0.0,0,0,0.0,0.0,0,0,0,0.0,0
2026-08-28,1,3,Meslier,Arsenal,GK,5.0,,,,0,0,0,0.0,0.0,0.0,0.0,0.0,0.0,0,0,0.0,0.0,0,0,0,0.0,0
2026-08-28,1,5,J.Timber,Arsenal,DEF,6.5,,,,0,0,0,0.0,0.1,0.0,0.0,0.0,0.0,0,0,0.0,0.0,0,0,0,0.0,0
2026-08-28,1,6,Saliba,Arsenal,DEF,6.0,,,,0,0,0,0.0,0.3,0.0,0.0,0.0,0.0,0,0,0.0,0.0,0,0,0,0.0,0
2026-08-28,1,18,Martinelli,Arsenal,MID,6.4,,,,0,0,0,0.0,0.2,0.0,0.0,0.0,0.0,0,0,0.0,0.0,0,0,0,0.0,0
2026-08-28,1,20,Dowman,Arsenal,MID,5.4,,,,0,0,0,0.0,0.1,0.0,0.0,0.0,0.0,0,0,0.0,0.0,0,0,0,0.0,0
2026-08-28,1,22,Nwaneri,Arsenal,MID,5.5,,,,0,0,0,0.0,0.0,0.0,0.0,0.0,0.0,0,0,0.0,0.0,0,0,0,0.0,0
2026-08-28,1,23,Fábio Vieira,Arsenal,MID,5.5,,,,0,0,0,0.0,0.0,0.0,0.0,0.0,0.0,0,0,0.0,0.0,0,0,0,0.0,0
2026-08-28,1,24,Nelson,Arsenal,MID,5.5,,,,0,0,0,0.0,0.0,0.0,0.0,0.0,0.0,0,0,0.0,0.0,0,0,0,0.0,0
2026-08-28,1,25,Gyökeres,Arsenal,FWD,7.4,,,,0,0,0,0.0,6.9,0.0,0.0,0.0,0.0,0,0,0.0,0.0,0,0,0,0.0,0
2026-08-28,1,27,G.Jesus,Arsenal,FWD,6.0,,,,0,0,0,0.0,0.3,0.0,0.0,0.0,0.0,0,0,0.0,0.0,0,0,0,0.0,0
2026-08-28,1,31,Konsa,Arsenal,DEF,4.5,,,,0,0,0,0.0,10.9,0.0,0.0,0.0,0.0,0,0,0.0,0.0,0,0,0,0.0,0
2026-08-28,1,452,Bruno G.,Arsenal,MID,6.9,,,,0,0,0,0.0,2.8,0.0,0.0,0.0,0.0,0,0,0.0,0.0,0,0,0,0.0,0
2026-08-28,1,28,Martinez,Aston Villa,GK,5.0,,,,0,0,0,0.0,4.1,0.0,0.0,0.0,0.0,0,0,0.0,0.0,0,0,0,0.0,0
2026-08-28,1,30,Digne,Aston Villa,DEF,4.5,,,,0,0,0,0.0,0.1,0.0,0.0,0.0,0.0,0,0,0.0,0.0,0,0,0,0.0,0
2026-08-28,1,34,Pau,Aston Villa,DEF,4.5,,,,73,1,0,0.0,0.4,0.0,0.0,0.0,3.55,0,0,0.0,0.0,0,4,5,0.0,-14
2026-08-28,1,36,Maatsen,Aston Villa,DEF,4.5,,,,81,1,0,0.0,0.7,0.03,0.0,0.03,3.62,0,0,-0.03,0.0,0,4,9,1.3,-9
2026-08-28,1,38,A.García,Aston Villa,DEF,4.0,,,,0,0,0,0.0,1.7,0.0,0.0,0.0,0.0,0,0,0.0,0.0,0,0,0,0.0,0
2026-08-28,1,39,Nedeljkovic,Aston Villa,DEF,4.0,,,,0,0,0,0.0,0.2,0.0,0.0,0.0,0.0,0,0,0.0,0.0,0,0,0,0.0,0
2026-08-28,1,44,Bailey,Aston Villa,MID,5.5,,,,0,0,0,0.0,0.1,0.0,0.0,0.0,0.0,0,0,0.0,0.0,0,0,0,0.0,0
2026-08-28,1,48,Onana,Aston Villa,MID,5.0,,,,0,0,0,0.0,0.0,0.0,0.0,0.0,0.0,0,0,0.0,0.0,0,0,0,0.0,0
2026-08-28,1,49,Iling Jr,Aston Villa,MID,5.0,,,,0,0,0,0.0,0.0,0.0,0.0,0.0,0.0,0,0,0.0,0.0,0,0,0,0.0,0
2026-08-28,1,50,Burrowes,Aston Villa,MID,4.5,,,,0,0,0,0.0,0.7,0.0,0.0,0.0,0.0,0,0,0.0,0.0,0,0,0,0.0,0
2026-08-28,1,53,Manzambi,Aston Villa,MID,6.0,,,,0,0,0,0.0,0.2,0.0,0.0,0.0,0.0,0,0,0.0,0.0,0,0,0,0.0,0
2026-08-28,1,55,Watkins,Aston Villa,FWD,7.9,,,,0,0,0,0.0,7.9,0.0,0.0,0.0,0.0,0,0,0.0,0.0,0,0,0,0.0,0
2026-08-28,1,56,Abraham,Aston Villa,FWD,5.5,,,,0,0,0,0.0,0.1,0.0,0.0,0.0,0.0,0,0,0.0,0.0,0,0,0,0.0,0
2026-08-28,1,582,Madjo,Aston Villa,FWD,5.5,,,,0,0,0,0.0,0.4,0.0,0.0,0.0,0.0,0,0,0.0,0.0,0,0,0,0.0,0
2026-08-28,1,597,Suzuki,Aston Villa,GK,5.0,,,,0,0,0,0.0,0.8,0.0,0.0,0.0,0.0,0,0,0.0,0.0,0,0,0,0.0,0
2026-08-28,1,606,Rowe,Aston Villa,DEF,4.0,,,,0,0,0,0.0,0.1,0.0,0.0,0.0,0.0,0,0,0.0,0.0,0,0,0,0.0,0
2026-08-28,1,607,Lynch,Aston Villa,MID,4.5,,,,0,0,0,0.0,0.1,0.0,0.0,0.0,0.0,0,0,0.0,0.0,0,0,0,0.0,0
2026-08-28,1,611,Wan-Bissaka,Aston Villa,DEF,4.5,,,,0,0,0,0.0,0.0,0.0,0.0,0.0,0.0,0,0,0.0,0.0,0,0,0,0.0,0
2026-08-28,1,58,Forster,Bournemouth,GK,4.0,,,,0,0,0,0.0,3.2,0.0,0.0,0.0,0.0,0,0,0.0,0.0,0,0,0,0.0,0
2026-08-28,1,59,Dennis,Bournemouth,GK,4.0,,,,0,0,0,0.0,0.2,0.0,0.0,0.0,0.0,0,0,0.0,0.0,0,0,0,0.0,0
2026-08-28,1,62,Diakité,Bournemouth,DEF,5.0,,,,0,0,0,0.0,0.2,0.0,0.0,0.0,0.0,0,0,0.0,0.0,0,0,0,0.0,0
2026-08-28,1,63,Milosavljević,Bournemouth,DEF,5.0,,,,0,0,0,0.0,0.0,0.0,0.0,0.0,0.0,0,0,0.0,0.0,0,0,0,0.0,0
2026-08-28,1,65,J.Araujo,Bournemouth,DEF,4.5,,,,0,0,0,0.0,0.0,0.0,0.0,0.0,0.0,0,0,0.0,0.0,0,0,0,0.0,0
2026-08-28,1,66,Soler,Bournemouth,DEF,4.0,,,,0,0,0,0.0,0.2,0.0,0.0,0.0,0.0,0,0,0.0,0.0,0,0,0,0.0,0
2026-08-28,1,74,Brooks,Bournemouth,MID,5.0,,,,0,0,0,0.0,0.1,0.0,0.0,0.0,0.0,0,0,0.0,0.0,0,0,0,0.0,0
2026-08-28,1,75,Christie,Bournemouth,MID,5.0,,,,0,0,0,0.0,0.0,0.0,0.0,0.0,0.0,0,0,0.0,0.0,0,0,0,0.0,0
2026-08-28,1,77,Adli,Bournemouth,MID,5.0,,,,0,0,0,0.0,0.0,0.0,0.0,0.0,0.0,0,0,0.0,0.0,0,0,0,0.0,0
2026-08-28,1,78,Kroupi.Jr,Bournemouth,MID,7.5,,,,0,0,0,0.0,0.3,0.0,0.0,0.0,0.0,0,0,0.0,0.0,0,0,0,0.0,0
2026-08-28,1,80,Enes Ünal,Bournemouth,FWD,5.5,,,,0,0,0,0.0,0.0,0.0,0.0,0.0,0.0,0,0,0.0,0.0,0,0,0,0.0,0
2026-08-28,1,81,Rodríguez,Bournemouth,FWD,6.0,,,,0,0,0,0.0,0.1,0.0,0.0,0.0,0.0,0,0,0.0,0.0,0,0,0,0.0,0
2026-08-28,1,573,Sanchez,Bournemouth,DEF,4.5,,,,0,0,0,0.0,0.2,0.0,0.0,0.0,0.0,0,0,0.0,0.0,0,0,0,0.0,0
2026-08-28,1,615,Di Gregorio,Bournemouth,GK,4.5,,,,0,0,0,0.0,0.0,0.0,0.0,0.0,0.0,0,0,0.0,0.0,0,0,0,0.0,0
2026-08-28,1,83,Valdimarsson,Brentford,GK,4.5,,,,0,0,0,0.0,0.1,0.0,0.0,0.0,0.0,0,0,0.0,0.0,0,0,0,0.0,0
2026-08-28,1,85,Van den Berg,Brentford,DEF,5.0,,,,0,0,0,0.0,0.1,0.0,0.0,0.0,0.0,0,0,0.0,0.0,0,0,0,0.0,0
2026-08-28,1,89,Henry,Brentford,DEF,4.5,,,,0,0,0,0.0,0.2,0.0,0.0,0.0,0.0,0,0,0.0,0.0,0,0,0,0.0,0
2026-08-28,1,92,Ji-soo,Brentford,DEF,4.5,,,,0,0,0,0.0,0.0,0.0,0.0,0.0,0.0,0,0,0.0,0.0,0,0,0,0.0,0
2026-08-28,1,93,Schuster,Brentford,DEF,4.5,,,,0,0,0,0.0,0.2,0.0,0.0,0.0,0.0,0,0,0.0,0.0,0,0,0,0.0,0
2026-08-28,1,99,Milambo,Brentford,MID,5.0,,,,0,0,0,0.0,0.0,0.0,0.0,0.0,0.0,0,0,0.0,0.0,0,0,0,0.0,0
2026-08-28,1,100,Carvalho,Brentford,MID,5.0,,,,0,0,0,0.0,0.0,0.0,0.0,0.0,0.0,0,0,0.0,0.0,0,0,0,0.0,0
2026-08-28,1,103,Dasilva,Brentford,MID,5.0,,,,0,0,0,0.0,0.0,0.0,0.0,0.0,0.0,0,0,0.0,0.0,0,0,0,0.0,0
2026-08-28,1,106,Thiago,Brentford,FWD,8.0,,,,82,1,0,0.0,16.7,1.0,0.08,1.08,0.5,0,0,-1.0,-0.08,1,0,5,1.4,-3
2026-08-28,1,107,Furo,Brentford,FWD,4.5,,,,0,0,0,0.0,0.9,0.0,0.0,0.0,0.0,0,0,0.0,0.0,0,0,0,0.0,0
2026-08-28,1,111,Steele,Brighton,GK,4.0,,,,0,0,0,0.0,4.0,0.0,0.0,0.0,0.0,0,0,0.0,0.0,0,0,0,0.0,0
2026-08-28,1,113,F.Kadıoğlu,Brighton,DEF,4.5,,,,0,0,0,0.0,2.3,0.0,0.0,0.0,0.0,0,0,0.0,0.0,0,0,0,0.0,0
2026-08-28,1,117,Coppola,Brighton,DEF,4.5,,,,0,0,0,0.0,0.0,0.0,0.0,0.0,0.0,0,0,0.0,0.0,0,0,0,0.0,0
2026-08-28,1,118,Igor,Brighton,DEF,4.5,,,,0,0,0,0.0,0.1,0.0,0.0,0.0,0.0,0,0,0.0,0.0,0,0,0,0.0,0
2026-08-28,1,120,Svoboda,Brighton,DEF,5.0,,,,0,0,0,0.0,0.1,0.0,0.0,0.0,0.0,0,0,0.0,0.0,0,0,0,0.0,0
2026-08-28,1,121,Mitoma,Brighton,MID,6.0,,,,0,0,0,0.0,0.0,0.0,0.0,0.0,0.0,0,0,0.0,0.0,0,0,0,0.0,0
2026-08-28,1,122,Minteh,Brighton,MID,6.0,,,,0,0,0,0.0,0.1,0.0,0.0,0.0,0.0,0,0,0.0,0.0,0,0,0,0.0,0
2026-08-28,1,126,O'Riley,Brighton,MID,5.5,,,,0,0,0,0.0,0.1,0.0,0.0,0.0,0.0,0,0,0.0,0.0,0,0,0,0.0,0
2026-08-28,1,128,Buonanotte,Brighton,MID,5.0,,,,0,0,0,0.0,0.0,0.0,0.0,0.0,0.0,0,0,0.0,0.0,0,0,0,0.0,0
2026-08-28,1,132,Howell,Brighton,MID,4.5,,,,0,0,0,0.0,0.1,0.0,0.0,0.0,0.0,0,0,0.0,0.0,0,0,0,0.0,0
2026-08-28,1,133,Watson,Brighton,MID,5.0,,,,0,0,0,0.0,0.0,0.0,0.0,0.0,0.0,0,0,0.0,0.0,0,0,0,0.0,0
2026-08-28,1,134,Oriola,Brighton,MID,4.5,,,,0,0,0,0.0,0.3,0.0,0.0,0.0,0.0,0,0,0.0,0.0,0,0,0,0.0,0
2026-08-28,1,137,Tzimas,Brighton,FWD,5.5,,,,0,0,0,0.0,0.0,0.0,0.0,0.0,0.0,0,0,0.0,0.0,0,0,0,0.0,0
2026-08-28,1,139,Ferguson,Brighton,FWD,5.0,,,,0,0,0,0.0,0.0,0.0,0.0,0.0,0.0,0,0,0.0,0.0,0,0,0,0.0,0
2026-08-28,1,328,Struijk,Brighton,DEF,5.0,,,,0,0,0,0.0,0.2,0.0,0.0,0.0,0.0,0,0,0.0,0.0,0,0,0,0.0,0
2026-08-28,1,594,David,Brighton,FWD,6.0,,,,0,0,0,0.0,0.3,0.0,0.0,0.0,0.0,0,0,0.0,0.0,0,0,0,0.0,0
2026-08-28,1,614,Hadjam,Brighton,DEF,4.5,,,,0,0,0,0.0,0.0,0.0,0.0,0.0,0.0,0,0,0.0,0.0,0,0,0,0.0,0
2026-08-28,1,101,Henderson,Chelsea,MID,5.0,,,,0,0,0,0.0,0.0,0.0,0.0,0.0,0.0,0,0,0.0,0.0,0,0,0,0.0,0
2026-08-28,1,136,Welbeck,Chelsea,FWD,6.0,,,,0,0,0,0.0,1.0,0.0,0.0,0.0,0.0,0,0,0.0,0.0,0,0,0,0.0,0
2026-08-28,1,141,Jörgensen,Chelsea,GK,5.0,,,,0,0,0,0.0,0.0,0.0,0.0,0.0,0.0,0,0,0.0,0.0,0,0,0,0.0,0
2026-08-28,1,142,James,Chelsea,DEF,5.5,,,,90,1,0,0.0,10.0,0.1,0.07,0.17,1.33,0,0,-0.1,-0.07,0,2,6,5.9,5
2026-08-28,1,143,Chalobah,Chelsea,DEF,5.5,,,,0,0,0,0.0,0.1,0.0,0.0,0.0,0.0,0,0,0.0,0.0,0,0,0,0.0,0
2026-08-28,1,145,Fofana,Chelsea,DEF,5.0,,,,0,0,0,0.0,0.0,0.0,0.0,0.0,0.0,0,0,0.0,0.0,0,0,0,0.0,0
2026-08-28,1,146,B.Badiashile,Chelsea,DEF,4.5,,,,0,0,0,0.0,0.0,0.0,0.0,0.0,0.0,0,0,0.0,0.0,0,0,0,0.0,0
2026-08-28,1,147,Tosin,Chelsea,DEF,4.5,,,,0,0,0,0.0,0.2,0.0,0.0,0.0,0.0,0,0,0.0,0.0,0,0,0,0.0,0
2026-08-28,1,149,Colwill,Chelsea,DEF,5.0,,,,90,1,0,0.0,1.5,0.01,0.03,0.04,1.33,0,0,-0.01,-0.03,0,2,4,1.5,6
2026-08-28,1,150,M.Sarr,Chelsea,DEF,4.5,,,,0,0,0,0.0,0.1,0.0,0.0,0.0,0.0,0,0,0.0,0.0,0,0,0,0.0,0
2026-08-28,1,152,Palestra,Chelsea,DEF,5.5,,,,0,0,0,0.0,2.3,0.0,0.0,0.0,0.0,0,0,0.0,0.0,0,0,0,0.0,0
2026-08-28,1,158,Gittens,Chelsea,MID,6.0,,,,0,0,0,0.0,0.0,0.0,0.0,0.0,0.0,0,0,0.0,0.0,0,0,0,0.0,0
2026-08-28,1,159,Caicedo,Chelsea,MID,5.5,,,,0,0,0,0.0,3.0,0.0,0.0,0.0,0.0,0,0,0.0,0.0,0,0,0,0.0,0
2026-08-28,1,163,D.Essugo,Chelsea,MID,4.5,,,,0,0,0,0.0,0.2,0.0,0.0,0.0,0.0,0,0,0.0,0.0,0,0,0,0.0,0
2026-08-28,1,166,N.Jackson,Chelsea,FWD,6.5,,,,0,0,0,0.0,0.3,0.0,0.0,0.0,0.0,0,0,0.0,0.0,0,0,0,0.0,0
2026-08-28,1,168,Marc Guiu,Chelsea,FWD,5.0,,,,0,0,0,0.0,0.5,0.0,0.0,0.0,0.0,0,0,0.0,0.0,0,0,0,0.0,0
2026-08-28,1,169,Mheuka,Chelsea,FWD,4.5,,,,0,0,0,0.0,0.3,0.0,0.0,0.0,0.0,0,0,0.0,0.0,0,0,0,0.0,0
2026-08-28,1,170,Emegha,Chelsea,FWD,5.0,,,,0,0,0,0.0,0.1,0.0,0.0,0.0,0.0,0,0,0.0,0.0,0,0,0,0.0,0
2026-08-28,1,560,Penders,Chelsea,GK,4.5,,,,0,0,0,0.0,0.1,0.0,0.0,0.0,0.0,0,0,0.0,0.0,0,0,0,0.0,0
2026-08-28,1,561,Anselmino,Chelsea,DEF,4.5,,,,0,0,0,0.0,0.0,0.0,0.0,0.0,0.0,0,0,0.0,0.0,0,0,0,0.0,0
2026-08-28,1,568,Barco,Chelsea,MID,5.5,,,,0,0,0,0.0,0.1,0.0,0.0,0.0,0.0,0,0,0.0,0.0,0,0,0,0.0,0
2026-08-28,1,578,Mudryk,Chelsea,MID,5.5,,,,0,0,0,0.0,0.0,0.0,0.0,0.0,0.0,0,0,0.0,0.0,0,0,0,0.0,0
2026-08-28,1,91,Pinnock,Coventry City,DEF,4.5,,,,0,0,0,0.0,0.1,0.0,0.0,0.0,0.0,0,0,0.0,0.0,0,0,0,0.0,0
2026-08-28,1,171,Dovin,Coventry City,GK,4.0,,,,0,0,0,0.0,1.5,0.0,0.0,0.0,0.0,0,0,0.0,0.0,0,0,0,0.0,0
2026-08-28,1,172,Wilson,Coventry City,GK,4.5,,,,0,0,0,0.0,0.5,0.0,0.0,0.0,0.0,0,0,0.0,0.0,0,0,0,0.0,0
2026-08-28,1,174,Kitching,Coventry City,DEF,4.0,,,,0,0,0,0.0,0.7,0.0,0.0,0.0,0.0,0,0,0.0,0.0,0,0,0,0.0,0
2026-08-28,1,177,Kesler-Hayden,Coventry City,DEF,4.0,,,,0,0,0,0.0,0.1,0.0,0.0,0.0,0.0,0,0,0.0,0.0,0,0,0,0.0,0
2026-08-28,1,178,Bidwell,Coventry City,DEF,4.0,,,,0,0,0,0.0,0.1,0.0,0.0,0.0,0.0,0,0,0.0,0.0,0,0,0,0.0,0
2026-08-28,1,179,Latibeaudiere,Coventry City,DEF,4.0,,,,0,0,0,0.0,0.0,0.0,0.0,0.0,0.0,0,0,0.0,0.0,0,0,0,0.0,0
2026-08-28,1,180,Woolfenden,Coventry City,DEF,4.0,,,,0,0,0,0.0,0.2,0.0,0.0,0.0,0.0,0,0,0.0,0.0,0,0,0,0.0,0
2026-08-28,1,181,Brau,Coventry City,DEF,4.0,,,,0,0,0,0.0,0.0,0.0,0.0,0.0,0.0,0,0,0.0,0.0,0,0,0,0.0,0
2026-08-28,1,185,Sakamoto,Coventry City,MID,5.0,,,,0,0,0,0.0,0.1,0.0,0.0,0.0,0.0,0,0,0.0,0.0,0,0,0,0.0,0
2026-08-28,1,186,Mason-Clark,Coventry City,MID,5.5,,,,0,0,0,0.0,0.1,0.0,0.0,0.0,0.0,0,0,0.0,0.0,0,0,0,0.0,0
2026-08-28,1,187,Eccles,Coventry City,MID,5.0,,,,0,0,0,0.0,0.0,0.0,0.0,0.0,0.0,0,0,0.0,0.0,0,0,0,0.0,0
2026-08-28,1,189,Shepherd,Coventry City,MID,4.5,,,,0,0,0,0.0,0.3,0.0,0.0,0.0,0.0,0,0,0.0,0.0,0,0,0,0.0,0
2026-08-28,1,191,Borges Rodrigues,Coventry City,MID,4.5,,,,0,0,0,0.0,0.2,0.0,0.0,0.0,0.0,0,0,0.0,0.0,0,0,0,0.0,0
2026-08-28,1,192,Andrews,Coventry City,MID,4.5,,,,0,0,0,0.0,0.6,0.0,0.0,0.0,0.0,0,0,0.0,0.0,0,0,0,0.0,0
2026-08-28,1,193,Wright,Coventry City,FWD,5.5,,,,0,0,0,0.0,0.1,0.0,0.0,0.0,0.0,0,0,0.0,0.0,0,0,0,0.0,0
2026-08-28,1,196,Markelo,Coventry City,FWD,5.0,,,,0,0,0,0.0,0.0,0.0,0.0,0.0,0.0,0,0,0.0,0.0,0,0,0,0.0,0
2026-08-28,1,197,Bassette,Coventry City,FWD,4.5,,,,0,0,0,0.0,0.0,0.0,0.0,0.0,0.0,0,0,0.0,0.0,0,0,0,0.0,0
2026-08-28,1,599,Cherif,Coventry City,FWD,5.0,,,,0,0,0,0.0,0.1,0.0,0.0,0.0,0.0,0,0,0.0,0.0,0,0,0,0.0,0
2026-08-28,1,153,Disasi,Crystal Palace,DEF,4.5,,,,0,0,0,0.0,0.1,0.0,0.0,0.0,0.0,0,0,0.0,0.0,0,0,0,0.0,0
2026-08-28,1,199,Benitez,Crystal Palace,GK,4.5,,,,0,0,0,0.0,0.1,0.0,0.0,0.0,0.0,0,0,0.0,0.0,0,0,0,0.0,0
2026-08-28,1,201,Muñoz,Crystal Palace,DEF,5.5,,,,54,1,0,0.0,8.4,0.23,0.01,0.24,0.84,0,0,-0.23,-0.01,0,2,4,2.4,-4
2026-08-28,1,205,Sosa,Crystal Palace,DEF,4.5,,,,0,0,0,0.0,0.0,0.0,0.0,0.0,0.0,0,0,0.0,0.0,0,0,0,0.0,0
2026-08-28,1,207,Mingueza,Crystal Palace,DEF,4.5,,,,0,0,0,0.0,0.1,0.0,0.0,0.0,0.0,0,0,0.0,0.0,0,0,0,0.0,0
2026-08-28,1,208,Sarr,Crystal Palace,MID,6.4,,,,0,0,0,0.0,2.6,0.0,0.0,0.0,0.0,0,0,0.0,0.0,0,0,0,0.0,0
2026-08-28,1,212,Hughes,Crystal Palace,MID,4.5,,,,0,0,0,0.0,10.9,0.0,0.0,0.0,0.0,0,0,0.0,0.0,0,0,0,0.0,0
2026-08-28,1,213,Lerma,Crystal Palace,MID,5.0,,,,0,0,0,0.0,0.1,0.0,0.0,0.0,0.0,0,0,0.0,0.0,0,0,0,0.0,0
2026-08-28,1,215,Devenny,Crystal Palace,MID,5.0,,,,0,0,0,0.0,0.0,0.0,0.0,0.0,0.0,0,0,0.0,0.0,0,0,0,0.0,0
2026-08-28,1,216,Esse,Crystal Palace,MID,5.0,,,,0,0,0,0.0,0.0,0.0,0.0,0.0,0.0,0,0,0.0,0.0,0,0,0,0.0,0
2026-08-28,1,217,M.França,Crystal Palace,MID,5.0,,,,0,0,0,0.0,0.0,0.0,0.0,0.0,0.0,0,0,0.0,0.0,0,0,0,0.0,0
2026-08-28,1,218,Doucouré,Crystal Palace,MID,5.0,,,,0,0,0,0.0,0.1,0.0,0.0,0.0,0.0,0,0,0.0,0.0,0,0,0,0.0,0
2026-08-28,1,219,J.Rak-Sakyi,Crystal Palace,MID,5.0,,,,0,0,0,0.0,0.0,0.0,0.0,0.0,0.0,0,0,0.0,0.0,0,0,0,0.0,0
2026-08-28,1,220,Cardines,Crystal Palace,DEF,4.5,,,,0,0,0,0.0,0.0,0.0,0.0,0.0,0.0,0,0,0.0,0.0,0,0,0,0.0,0
2026-08-28,1,221,Drakes-Thomas,Crystal Palace,MID,4.5,,,,0,0,0,0.0,0.1,0.0,0.0,0.0,0.0,0,0,0.0,0.0,0,0,0,0.0,0
2026-08-28,1,225,Uche,Crystal Palace,FWD,5.0,,,,0,0,0,0.0,0.0,0.0,0.0,0.0,0.0,0,0,0.0,0.0,0,0,0,0.0,0
2026-08-28,1,555,Matthews,Crystal Palace,GK,4.0,,,,0,0,0,0.0,1.8,0.0,0.0,0.0,0.0,0,0,0.0,0.0,0,0,0,0.0,0
2026-08-28,1,595,Gozo,Crystal Palace,MID,5.0,,,,0,0,0,0.0,0.0,0.0,0.0,0.0,0.0,0,0,0.0,0.0,0,0,0,0.0,0
2026-08-28,1,21,Nørgaard,Everton,MID,5.0,,,,0,0,0,0.0,0.1,0.0,0.0,0.0,0.0,0,0,0.0,0.0,0,0,0,0.0,0
2026-08-28,1,227,Travers,Everton,GK,5.0,,,,0,0,0,0.0,0.0,0.0,0.0,0.0,0.0,0,0,0.0,0.0,0,0,0,0.0,0
2026-08-28,1,228,King,Everton,GK,4.5,,,,0,0,0,0.0,0.0,0.0,0.0,0.0,0.0,0,0,0.0,0.0,0,0,0,0.0,0
2026-08-28,1,231,Keane,Everton,DEF,5.0,,,,0,0,0,0.0,1.4,0.0,0.0,0.0,0.0,0,0,0.0,0.0,0,0,0,0.0,0
2026-08-28,1,232,O'Brien,Everton,DEF,5.0,,,,0,0,0,0.0,0.4,0.0,0.0,0.0,0.0,0,0,0.0,0.0,0,0,0,0.0,0
2026-08-28,1,234,Patterson,Everton,DEF,4.5,,,,0,0,0,0.0,0.0,0.0,0.0,0.0,0.0,0,0,0.0,0.0,0,0,0,0.0,0
2026-08-28,1,235,Aznou,Everton,DEF,4.0,,,,0,0,0,0.0,0.2,0.0,0.0,0.0,0.0,0,0,0.0,0.0,0,0,0,0.0,0
2026-08-28,1,240,Iroegbunam,Everton,MID,5.0,,,,0,0,0,0.0,0.0,0.0,0.0,0.0,0.0,0,0,0.0,0.0,0,0,0,0.0,0
2026-08-28,1,245,Dibling,Everton,MID,5.5,,,,0,0,0,0.0,0.0,0.0,0.0,0.0,0.0,0,0,0.0,0.0,0,0,0,0.0,0
2026-08-28,1,251,Lecomte,Fulham,GK,4.0,,,,0,0,0,0.0,1.2,0.0,0.0,0.0,0.0,0,0,0.0,0.0,0,0,0,0.0,0
2026-08-28,1,252,McNally,Fulham,GK,4.0,,,,0,0,0,0.0,0.2,0.0,0.0,0.0,0.0,0,0,0.0,0.0,0,0,0,0.0,0
2026-08-28,1,253,Andersen,Fulham,DEF,5.0,,,,0,0,0,0.0,0.1,0.0,0.0,0.0,0.0,0,0,0.0,0.0,0,0,0,0.0,0
2026-08-28,1,256,Tete,Fulham,DEF,4.5,,,,0,0,0,0.0,0.3,0.0,0.0,0.0,0.0,0,0,0.0,0.0,0,0,0,0.0,0
2026-08-28,1,257,Bassey,Fulham,DEF,4.5,,,,90,1,0,0.0,0.8,0.02,0.02,0.04,2.24,0,0,-0.02,-0.02,0,3,4,2.0,1
2026-08-28,1,262,Smith Rowe,Fulham,MID,5.5,,,,0,0,0,0.0,0.4,0.0,0.0,0.0,0.0,0,0,0.0,0.0,0,0,0,0.0,0
2026-08-28,1,266,Cairney,Fulham,MID,5.0,,,,0,0,0,0.0,0.0,0.0,0.0,0.0,0.0,0,0,0.0,0.0,0,0,0,0.0,0
2026-08-28,1,270,Reed,Fulham,MID,4.5,,,,0,0,0,0.0,1.4,0.0,0.0,0.0,0.0,0,0,0.0,0.0,0,0,0,0.0,0
2026-08-28,1,272,Kusi-Asare,Fulham,FWD,4.5,,,,0,0,0,0.0,7.0,0.0,0.0,0.0,0.0,0,0,0.0,0.0,0,0,0,0.0,0
2026-08-28,1,610,De Fougerolles,Fulham,DEF,4.0,,,,0,0,0,0.0,0.1,0.0,0.0,0.0,0.0,0,0,0.0,0.0,0,0,0,0.0,0
2026-08-28,1,273,Phillips,Hull City,GK,4.0,,,,0,0,0,0.0,1.5,0.0,0.0,0.0,0.0,0,0,0.0,0.0,0,0,0,0.0,0
2026-08-28,1,274,Butland,Hull City,GK,4.5,,,,0,0,0,0.0,0.1,0.0,0.0,0.0,0.0,0,0,0.0,0.0,0,0,0,0.0,0
2026-08-28,1,275,Cartwright,Hull City,GK,4.0,,,,0,0,0,0.0,0.0,0.0,0.0,0.0,0.0,0,0,0.0,0.0,0,0,0,0.0,0
2026-08-28,1,276,Lo-Tutala,Hull City,GK,4.0,,,,0,0,0,0.0,0.0,0.0,0.0,0.0,0.0,0,0,0.0,0.0,0,0,0,0.0,0
2026-08-28,1,278,Hughes,Hull City,DEF,4.0,,,,0,0,0,0.0,0.1,0.0,0.0,0.0,0.0,0,0,0.0,0.0,0,0,0,0.0,0
2026-08-28,1,283,Jacob,Hull City,DEF,4.0,,,,0,0,0,0.0,0.0,0.0,0.0,0.0,0.0,0,0,0.0,0.0,0,0,0,0.0,0
2026-08-28,1,284,McCarthy,Hull City,DEF,4.0,,,,0,0,0,0.0,0.1,0.0,0.0,0.0,0.0,0,0,0.0,0.0,0,0,0,0.0,0
2026-08-28,1,287,Millar,Hull City,MID,5.0,,,,19,0,0,0.0,0.1,0.0,0.0,0.0,0.67,0,0,0.0,0.0,0,0,3,0.4,2
2026-08-28,1,288,Dowell,Hull City,MID,4.5,,,,0,0,0,0.0,0.4,0.0,0.0,0.0,0.0,0,0,0.0,0.0,0,0,0,0.0,0
2026-08-28,1,291,Matazo,Hull City,MID,4.5,,,,0,0,0,0.0,0.0,0.0,0.0,0.0,0.0,0,0,0.0,0.0,0,0,0,0.0,0
2026-08-28,1,292,Ömür,Hull City,MID,5.0,,,,0,0,0,0.0,0.0,0.0,0.0,0.0,0.0,0,0,0.0,0.0,0,0,0,0.0,0
2026-08-28,1,293,Kamara,Hull City,MID,5.0,,,,0,0,0,0.0,0.0,0.0,0.0,0.0,0.0,0,0,0.0,0.0,0,0,0,0.0,0
2026-08-28,1,294,Zambrano,Hull City,MID,4.5,,,,0,0,0,0.0,0.1,0.0,0.0,0.0,0.0,0,0,0.0,0.0,0,0,0,0.0,0
2026-08-28,1,296,Akintola,Hull City,MID,5.0,,,,0,0,0,0.0,0.0,0.0,0.0,0.0,0.0,0,0,0.0,0.0,0,0,0,0.0,0
2026-08-28,1,297,Gyabi,Hull City,MID,4.5,,,,0,0,0,0.0,0.0,0.0,0.0,0.0,0.0,0,0,0.0,0.0,0,0,0,0.0,0
2026-08-28,1,298,Destan,Hull City,FWD,4.5,,,,0,0,0,0.0,0.3,0.0,0.0,0.0,0.0,0,0,0.0,0.0,0,0,0,0.0,0
2026-08-28,1,299,Burstow,Hull City,FWD,4.5,,,,0,0,0,0.0,0.1,0.0,0.0,0.0,0.0,0,0,0.0,0.0,0,0,0,0.0,0
2026-08-28,1,340,Gelhardt,Hull City,MID,5.0,,,,0,0,0,0.0,0.0,0.0,0.0,0.0,0.0,0,0,0.0,0.0,0,0,0,0.0,0
2026-08-28,1,563,Morita,Hull City,MID,5.0,,,,0,0,0,0.0,0.0,0.0,0.0,0.0,0.0,0,0,0.0,0.0,0,0,0,0.0,0
2026-08-28,1,574,Hjertø-Dahl,Hull City,MID,5.0,,,,0,0,0,0.0,0.1,0.0,0.0,0.0,0.0,0,0,0.0,0.0,0,0,0,0.0,0
2026-08-28,1,589,Gourna-Douath,Hull City,MID,5.0,,,,0,0,0,0.0,0.0,0.0,0.0,0.0,0.0,0,0,0.0,0.0,0,0,0,0.0,0
2026-08-28,1,300,Walton,Ipswich Town,GK,4.5,,,,0,0,0,0.0,0.5,0.0,0.0,0.0,0.0,0,0,0.0,0.0,0,0,0,0.0,0
2026-08-28,1,301,Palmer,Ipswich Town,GK,4.0,,,,0,0,0,0.0,4.5,0.0,0.0,0.0,0.0,0,0,0.0,0.0,0,0,0,0.0,0
2026-08-28,1,302,Button,Ipswich Town,GK,4.0,,,,0,0,0,0.0,0.4,0.0,0.0,0.0,0.0,0,0,0.0,0.0,0,0,0,0.0,0
2026-08-28,1,303,Kipré,Ipswich Town,DEF,4.0,,,,0,0,0,0.0,0.6,0.0,0.0,0.0,0.0,0,0,0.0,0.0,0,0,0,0.0,0
2026-08-28,1,307,Johnson,Ipswich Town,DEF,4.0,,,,0,0,0,0.0,0.1,0.0,0.0,0.0,0.0,0,0,0.0,0.0,0,0,0,0.0,0
2026-08-28,1,308,Furlong,Ipswich Town,DEF,4.0,,,,0,0,0,0.0,0.6,0.0,0.0,0.0,0.0,0,0,0.0,0.0,0,0,0,0.0,0
2026-08-28,1,310,Matusiwa,Ipswich Town,MID,5.0,,,,0,0,0,0.0,0.0,0.0,0.0,0.0,0.0,0,0,0.0,0.0,0,0,0,0.0,0
2026-08-28,1,311,Burns,Ipswich Town,MID,5.0,,,,0,0,0,0.0,0.0,0.0,0.0,0.0,0.0,0,0,0.0,0.0,0,0,0,0.0,0
2026-08-28,1,312,Taylor,Ipswich Town,MID,4.5,,,,0,0,0,0.0,0.0,0.0,0.0,0.0,0.0,0,0,0.0,0.0,0,0,0,0.0,0
2026-08-28,1,314,Ogbene,Ipswich Town,MID,5.0,,,,0,0,0,0.0,0.0,0.0,0.0,0.0,0.0,0,0,0.0,0.0,0,0,0,0.0,0
2026-08-28,1,317,Hirst,Ipswich Town,FWD,5.0,,,,0,0,0,0.0,0.2,0.0,0.0,0.0,0.0,0,0,0.0,0.0,0,0,0,0.0,0
2026-08-28,1,318,Philogene,Ipswich Town,MID,5.5,,,,0,0,0,0.0,0.1,0.0,0.0,0.0,0.0,0,0,0.0,0.0,0,0,0,0.0,0
2026-08-28,1,319,Szmodics,Ipswich Town,MID,5.0,,,,0,0,0,0.0,0.0,0.0,0.0,0.0,0.0,0,0,0.0,0.0,0,0,0,0.0,0
2026-08-28,1,322,Al-Hamadi,Ipswich Town,FWD,5.0,,,,0,0,0,0.0,0.1,0.0,0.0,0.0,0.0,0,0,0.0,0.0,0,0,0,0.0,0
2026-08-28,1,324,Mehmeti,Ipswich Town,MID,5.0,,,,0,0,0,0.0,0.0,0.0,0.0,0.0,0.0,0,0,0.0,0.0,0,0,0,0.0,0
2026-08-28,1,554,Van Oevelen,Ipswich Town,GK,4.5,,,,0,0,0,0.0,0.0,0.0,0.0,0.0,0.0,0,0,0.0,0.0,0,0,0,0.0,0
2026-08-28,1,571,Florentino,Ipswich Town,MID,5.0,,,,0,0,0,0.0,0.1,0.0,0.0,0.0,0.0,0,0,0.0,0.0,0,0,0,0.0,0
2026-08-28,1,602,Humphreys,Ipswich Town,MID,4.5,,,,0,0,0,0.0,0.0,0.0,0.0,0.0,0.0,0,0,0.0,0.0,0,0,0,0.0,0
2026-08-28,1,326,Perri,Leeds,GK,4.5,,,,0,0,0,0.0,0.6,0.0,0.0,0.0,0.0,0,0,0.0,0.0,0,0,0,0.0,0
2026-08-28,1,331,Gudmundsson,Leeds,DEF,4.5,,,,0,0,0,0.0,0.0,0.0,0.0,0.0,0.0,0,0,0.0,0.0,0,0,0,0.0,0
2026-08-28,1,333,Bornauw,Leeds,DEF,4.5,,,,0,0,0,0.0,0.0,0.0,0.0,0.0,0.0,0,0,0.0,0.0,0,0,0,0.0,0
2026-08-28,1,341,Gnonto,Leeds,MID,5.0,,,,0,0,0,0.0,0.0,0.0,0.0,0.0,0.0,0,0,0.0,0.0,0,0,0,0.0,0
2026-08-28,1,342,Harrison,Leeds,MID,5.0,,,,0,0,0,0.0,0.0,0.0,0.0,0.0,0.0,0,0,0.0,0.0,0,0,0,0.0,0
2026-08-28,1,343,James,Leeds,MID,5.0,,,,0,0,0,0.0,0.1,0.0,0.0,0.0,0.0,0,0,0.0,0.0,0,0,0,0.0,0
2026-08-28,1,344,Gruev,Leeds,MID,5.0,,,,0,0,0,0.0,0.0,0.0,0.0,0.0,0.0,0,0,0.0,0.0,0,0,0,0.0,0
2026-08-28,1,345,Tanaka,Leeds,MID,5.0,,,,0,0,0,0.0,0.2,0.0,0.0,0.0,0.0,0,0,0.0,0.0,0,0,0,0.0,0
2026-08-28,1,347,Nmecha,Leeds,FWD,5.5,,,,0,0,0,0.0,0.5,0.0,0.0,0.0,0.0,0,0,0.0,0.0,0,0,0,0.0,0
2026-08-28,1,348,Piroe,Leeds,FWD,5.0,,,,0,0,0,0.0,0.1,0.0,0.0,0.0,0.0,0,0,0.0,0.0,0,0,0,0.0,0
2026-08-28,1,349,Mateo Joseph,Leeds,FWD,4.5,,,,0,0,0,0.0,0.1,0.0,0.0,0.0,0.0,0,0,0.0,0.0,0,0,0,0.0,0
2026-08-28,1,598,Elvedi,Leeds,DEF,4.5,,,,0,0,0,0.0,0.0,0.0,0.0,0.0,0.0,0,0,0.0,0.0,0,0,0,0.0,0
2026-08-28,1,603,Lienou,Leeds,DEF,4.0,,,,0,0,0,0.0,0.1,0.0,0.0,0.0,0.0,0,0,0.0,0.0,0,0,0,0.0,0
2026-08-28,1,604,Cresswell,Leeds,MID,4.5,,,,0,0,0,0.0,0.1,0.0,0.0,0.0,0.0,0,0,0.0,0.0,0,0,0,0.0,0
2026-08-28,1,351,Mamardashvili,Liverpool,GK,5.0,,,,0,0,0,0.0,0.2,0.0,0.0,0.0,0.0,0,0,0.0,0.0,0,0,0,0.0,0
2026-08-28,1,352,Woodman,Liverpool,GK,4.0,,,,0,0,0,0.0,1.1,0.0,0.0,0.0,0.0,0,0,0.0,0.0,0,0,0,0.0,0
2026-08-28,1,353,Pecsi,Liverpool,GK,4.0,,,,0,0,0,0.0,0.0,0.0,0.0,0.0,0.0,0,0,0.0,0.0,0,0,0,0.0,0
2026-08-28,1,354,Jaros,Liverpool,GK,4.0,,,,0,0,0,0.0,0.0,0.0,0.0,0.0,0.0,0,0,0.0,0.0,0,0,0,0.0,0
2026-08-28,1,355,Davies,Liverpool,GK,4.0,,,,0,0,0,0.0,0.1,0.0,0.0,0.0,0.0,0,0,0.0,0.0,0,0,0,0.0,0
2026-08-28,1,357,Frimpong,Liverpool,DEF,5.5,,,,90,1,0,0.0,3.4,0.01,0.09,0.1,1.58,0,0,-0.01,-0.09,0,2,2,6.1,3
2026-08-28,1,358,Kerkez,Liverpool,DEF,5.5,,,,90,1,0,0.0,3.5,0.02,0.02,0.04,1.58,0,0,-0.02,-0.02,0,2,7,4.4,3
2026-08-28,1,359,Gomez,Liverpool,DEF,5.0,,,,0,0,0,0.0,0.0,0.0,0.0,0.0,0.0,0,0,0.0,0.0,0,0,0,0.0,0
2026-08-28,1,360,Bradley,Liverpool,DEF,5.0,,,,0,0,0,0.0,0.0,0.0,0.0,0.0,0.0,0,0,0.0,0.0,0,0,0,0.0,0
2026-08-28,1,361,Lucky,Liverpool,DEF,4.0,,,,0,0,0,0.0,0.1,0.0,0.0,0.0,0.0,0,0,0.0,0.0,0,0,0,0.0,0
2026-08-28,1,363,Leoni,Liverpool,DEF,4.0,,,,0,0,0,0.0,0.0,0.0,0.0,0.0,0.0,0,0,0.0,0.0,0,0,0,0.0,0
2026-08-28,1,364,Tsimikas,Liverpool,DEF,5.0,,,,0,0,0,0.0,0.1,0.0,0.0,0.0,0.0,0,0,0.0,0.0,0,0,0,0.0,0
2026-08-28,1,365,Ramsay,Liverpool,DEF,4.0,,,,0,0,0,0.0,0.2,0.0,0.0,0.0,0.0,0,0,0.0,0.0,0,0,0,0.0,0
2026-08-28,1,370,Chiesa,Liverpool,MID,5.5,,,,0,0,0,0.0,0.1,0.0,0.0,0.0,0.0,0,0,0.0,0.0,0,0,0,0.0,0
2026-08-28,1,373,C.Jones,Liverpool,MID,5.5,,,,0,0,0,0.0,0.0,0.0,0.0,0.0,0.0,0,0,0.0,0.0,0,0,0,0.0,0
2026-08-28,1,374,Endo,Liverpool,MID,5.0,,,,0,0,0,0.0,0.1,0.0,0.0,0.0,0.0,0,0,0.0,0.0,0,0,0,0.0,0
2026-08-28,1,375,Nyoni,Liverpool,MID,5.0,,,,0,0,0,0.0,0.0,0.0,0.0,0.0,0.0,0,0,0.0,0.0,0,0,0,0.0,0
2026-08-28,1,376,Bajcetic,Liverpool,MID,5.0,,,,0,0,0,0.0,0.0,0.0,0.0,0.0,0.0,0,0,0.0,0.0,0,0,0,0.0,0
2026-08-28,1,378,McConnell,Liverpool,MID,4.5,,,,0,0,0,0.0,0.3,0.0,0.0,0.0,0.0,0,0,0.0,0.0,0,0,0,0.0,0
2026-08-28,1,380,Ekitiké,Liverpool,FWD,7.5,,,,0,0,0,0.0,0.1,0.0,0.0,0.0,0.0,0,0,0.0,0.0,0,0,0,0.0,0
2026-08-28,1,382,Danns,Liverpool,FWD,4.5,,,,0,0,0,0.0,0.0,0.0,0.0,0.0,0.0,0,0,0.0,0.0,0,0,0,0.0,0
2026-08-28,1,383,Elliott,Liverpool,MID,5.5,,,,0,0,0,0.0,0.1,0.0,0.0,0.0,0.0,0,0,0.0,0.0,0,0,0,0.0,0
2026-08-28,1,386,Bettinelli,Man City,GK,4.5,,,,0,0,0,0.0,0.0,0.0,0.0,0.0,0.0,0,0,0.0,0.0,0,0,0,0.0,0
2026-08-28,1,392,Aït-Nouri,Man City,DEF,5.5,,,,0,0,0,0.0,0.8,0.0,0.0,0.0,0.0,0,0,0.0,0.0,0,0,0,0.0,0
2026-08-28,1,394,Alleyne,Man City,DEF,5.0,,,,0,0,0,0.0,0.0,0.0,0.0,0.0,0.0,0,0,0.0,0.0,0,0,0,0.0,0
2026-08-28,1,396,Vitor Reis,Man City,DEF,4.5,,,,0,0,0,0.0,0.0,0.0,0.0,0.0,0.0,0,0,0.0,0.0,0,0,0,0.0,0
2026-08-28,1,400,Doku,Man City,MID,7.5,,,,0,0,0,0.0,1.3,0.0,0.0,0.0,0.0,0,0,0.0,0.0,0,0,0,0.0,0
2026-08-28,1,402,Rodrigo,Man City,MID,6.5,,,,0,0,0,0.0,0.0,0.0,0.0,0.0,0.0,0,0,0.0,0.0,0,0,0,0.0,0
2026-08-28,1,404,Reijnders,Man City,MID,6.0,,,,0,0,0,0.0,0.1,0.0,0.0,0.0,0.0,0,0,0.0,0.0,0,0,0,0.0,0
2026-08-28,1,407,Echeverri,Man City,MID,5.0,,,,0,0,0,0.0,0.0,0.0,0.0,0.0,0.0,0,0,0.0,0.0,0,0,0,0.0,0
2026-08-28,1,408,Phillips,Man City,MID,5.0,,,,0,0,0,0.0,0.0,0.0,0.0,0.0,0.0,0,0,0.0,0.0,0,0,0,0.0,0
2026-08-28,1,409,Mukasa,Man City,MID,4.5,,,,0,0,0,0.0,0.2,0.0,0.0,0.0,0.0,0,0,0.0,0.0,0,0,0,0.0,0
2026-08-28,1,410,Monga,Man City,MID,5.0,,,,0,0,0,0.0,0.0,0.0,0.0,0.0,0.0,0,0,0.0,0.0,0,0,0,0.0,0
2026-08-28,1,587,Rulli,Man City,GK,5.0,,,,0,0,0,0.0,0.0,0.0,0.0,0.0,0.0,0,0,0.0,0.0,0,0,0,0.0,0
2026-08-28,1,616,Bouaddi,Man City,MID,5.5,,,,0,0,0,0.0,0.0,0.0,0.0,0.0,0.0,0,0,0.0,0.0,0,0,0,0.0,0
2026-08-28,1,131,Baleba,Man Utd,MID,5.0,,,,0,0,0,0.0,0.2,0.0,0.0,0.0,0.0,0,0,0.0,0.0,0,0,0,0.0,0
2026-08-28,1,325,Darlow,Man Utd,GK,4.5,,,,0,0,0,0.0,0.0,0.0,0.0,0.0,0.0,0,0,0.0,0.0,0,0,0,0.0,0
2026-08-28,1,413,Bayindir,Man Utd,GK,4.5,,,,0,0,0,0.0,0.0,0.0,0.0,0.0,0.0,0,0,0.0,0.0,0,0,0,0.0,0
2026-08-28,1,414,Heaton,Man Utd,GK,4.0,,,,0,0,0,0.0,0.1,0.0,0.0,0.0,0.0,0,0,0.0,0.0,0,0,0,0.0,0
2026-08-28,1,415,Dorgu,Man Utd,MID,6.0,,,,45,1,0,0.0,1.1,0.47,0.03,0.5,0.92,0,0,-0.47,-0.03,0,2,1,0.7,-11
2026-08-28,1,416,De Ligt,Man Utd,DEF,5.0,,,,0,0,0,0.0,0.0,0.0,0.0,0.0,0.0,0,0,0.0,0.0,0,0,0,0.0,0
2026-08-28,1,419,Martinez,Man Utd,DEF,5.0,,,,0,0,0,0.0,1.3,0.0,0.0,0.0,0.0,0,0,0.0,0.0,0,0,0,0.0,0
2026-08-28,1,420,Yoro,Man Utd,DEF,5.0,,,,0,0,0,0.0,0.6,0.0,0.0,0.0,0.0,0,0,0.0,0.0,0,0,0,0.0,0
2026-08-28,1,424,Amass,Man Utd,DEF,4.0,,,,0,0,0,0.0,0.2,0.0,0.0,0.0,0.0,0,0,0.0,0.0,0,0,0,0.0,0
2026-08-28,1,425,Fredricson,Man Utd,DEF,4.0,,,,0,0,0,0.0,0.0,0.0,0.0,0.0,0.0,0,0,0.0,0.0,0,0,0,0.0,0
2026-08-28,1,430,Mount,Man Utd,MID,5.5,,,,0,0,0,0.0,0.0,0.0,0.0,0.0,0.0,0,0,0.0,0.0,0,0,0,0.0,0
2026-08-28,1,431,Amad,Man Utd,MID,5.9,,,,0,0,0,0.0,1.0,0.0,0.0,0.0,0.0,0,0,0.0,0.0,0,0,0,0.0,0
2026-08-28,1,433,Ugarte,Man Utd,MID,5.0,,,,0,0,0,0.0,0.0,0.0,0.0,0.0,0.0,0,0,0.0,0.0,0,0,0,0.0,0
2026-08-28,1,434,J.Fletcher,Man Utd,MID,5.0,,,,0,0,0,0.0,0.0,0.0,0.0,0.0,0.0,0,0,0.0,0.0,0,0,0,0.0,0
2026-08-28,1,436,Collyer,Man Utd,MID,5.0,,,,0,0,0,0.0,0.0,0.0,0.0,0.0,0.0,0,0,0.0,0.0,0,0,0,0.0,0
2026-08-28,1,437,Bendito Mantato,Man Utd,MID,4.5,,,,0,0,0,0.0,0.2,0.0,0.0,0.0,0.0,0,0,0.0,0.0,0,0,0,0.0,0
2026-08-28,1,438,Fletcher,Man Utd,MID,4.5,,,,0,0,0,0.0,0.3,0.0,0.0,0.0,0.0,0,0,0.0,0.0,0,0,0,0.0,0
2026-08-28,1,440,Zirkzee,Man Utd,FWD,5.5,,,,0,0,0,0.0,0.5,0.0,0.0,0.0,0.0,0,0,0.0,0.0,0,0,0,0.0,0
2026-08-28,1,441,Obi,Man Utd,FWD,4.5,,,,0,0,0,0.0,1.1,0.0,0.0,0.0,0.0,0,0,0.0,0.0,0,0,0,0.0,0
2026-08-28,1,405,N.Gonzalez,Newcastle,MID,5.5,,,,0,0,0,0.0,0.2,0.0,0.0,0.0,0.0,0,0,0.0,0.0,0,0,0,0.0,0
2026-08-28,1,442,Pope,Newcastle,GK,5.0,,,,0,0,0,0.0,1.3,0.0,0.0,0.0,0.0,0,0,0.0,0.0,0,0,0,0.0,0
2026-08-28,1,443,Gillespie,Newcastle,GK,4.5,,,,0,0,0,0.0,0.0,0.0,0.0,0.0,0.0,0,0,0.0,0.0,0,0,0,0.0,0
2026-08-28,1,444,Jaouen,Newcastle,GK,4.5,,,,0,0,0,0.0,0.0,0.0,0.0,0.0,0.0,0,0,0.0,0.0,0,0,0,0.0,0
2026-08-28,1,448,Burn,Newcastle,DEF,5.0,,,,0,0,0,0.0,1.7,0.0,0.0,0.0,0.0,0,0,0.0,0.0,0,0,0,0.0,0
2026-08-28,1,450,Livramento,Newcastle,DEF,5.0,,,,0,0,0,0.0,0.0,0.0,0.0,0.0,0.0,0,0,0.0,0.0,0,0,0,0.0,0
2026-08-28,1,451,A.Murphy,Newcastle,DEF,4.0,,,,0,0,0,0.0,0.1,0.0,0.0,0.0,0.0,0,0,0.0,0.0,0,0,0,0.0,0
2026-08-28,1,456,J.Ramsey,Newcastle,MID,5.0,,,,34,0,0,0.0,0.3,0.06,0.01,0.07,1.5,0,0,-0.06,-0.01,0,1,6,1.3,1
2026-08-28,1,457,J.Murphy,Newcastle,MID,6.0,,,,14,0,0,0.0,0.2,0.0,0.0,0.0,1.04,0,0,0.0,0.0,0,1,2,0.1,-1
2026-08-28,1,458,Joelinton,Newcastle,MID,5.5,,,,0,0,0,0.0,0.0,0.0,0.0,0.0,0.0,0,0,0.0,0.0,0,0,0,0.0,0
2026-08-28,1,461,Touré,Newcastle,MID,6.0,,,,0,0,0,0.0,0.2,0.0,0.0,0.0,0.0,0,0,0.0,0.0,0,0,0,0.0,0
2026-08-28,1,463,Woltemade,Newcastle,FWD,6.0,,,,0,0,0,0.0,1.5,0.0,0.0,0.0,0.0,0,0,0.0,0.0,0,0,0,0.0,0
2026-08-28,1,466,Neave,Newcastle,FWD,4.5,,,,0,0,0,0.0,0.8,0.0,0.0,0.0,0.0,0,0,0.0,0.0,0,0,0,0.0,0
2026-08-28,1,609,Shahar,Newcastle,DEF,4.0,,,,0,0,0,0.0,0.1,0.0,0.0,0.0,0.0,0,0,0.0,0.0,0,0,0,0.0,0
2026-08-28,1,167,Delap,Nott'm Forest,FWD,5.5,,,,0,0,0,0.0,0.5,0.0,0.0,0.0,0.0,0,0,0.0,0.0,0,0,0,0.0,0
2026-08-28,1,468,John,Nott'm Forest,GK,4.5,,,,0,0,0,0.0,0.1,0.0,0.0,0.0,0.0,0,0,0.0,0.0,0,0,0,0.0,0
2026-08-28,1,470,Morato,Nott'm Forest,DEF,5.0,,,,0,0,0,0.0,0.0,0.0,0.0,0.0,0.0,0,0,0.0,0.0,0,0,0,0.0,0
2026-08-28,1,475,Savona,Nott'm Forest,DEF,4.5,,,,0,0,0,0.0,0.0,0.0,0.0,0.0,0.0,0,0,0.0,0.0,0,0,0,0.0,0
2026-08-28,1,476,O.Richards,Nott'm Forest,DEF,4.0,,,,0,0,0,0.0,0.2,0.0,0.0,0.0,0.0,0,0,0.0,0.0,0,0,0,0.0,0
2026-08-28,1,477,Abbott,Nott'm Forest,DEF,4.0,,,,0,0,0,0.0,0.3,0.0,0.0,0.0,0.0,0,0,0.0,0.0,0,0,0,0.0,0
2026-08-28,1,479,Bindon,Nott'm Forest,DEF,4.0,,,,0,0,0,0.0,0.2,0.0,0.0,0.0,0.0,0,0,0.0,0.0,0,0,0,0.0,0
2026-08-28,1,482,Hudson-Odoi,Nott'm Forest,MID,6.0,,,,0,0,0,0.0,0.2,0.0,0.0,0.0,0.0,0,0,0.0,0.0,0,0,0,0.0,0
2026-08-28,1,484,Hutchinson,Nott'm Forest,MID,5.5,,,,0,0,0,0.0,0.2,0.0,0.0,0.0,0.0,0,0,0.0,0.0,0,0,0,0.0,0
2026-08-28,1,485,Bakwa,Nott'm Forest,MID,5.5,,,,0,0,0,0.0,0.0,0.0,0.0,0.0,0.0,0,0,0.0,0.0,0,0,0,0.0,0
2026-08-28,1,487,Dominguez,Nott'm Forest,MID,5.0,,,,0,0,0,0.0,0.1,0.0,0.0,0.0,0.0,0,0,0.0,0.0,0,0,0,0.0,0
2026-08-28,1,489,Yates,Nott'm Forest,MID,4.5,,,,0,0,0,0.0,1.4,0.0,0.0,0.0,0.0,0,0,0.0,0.0,0,0,0,0.0,0
2026-08-28,1,581,Diomande,Nott'm Forest,DEF,5.5,,,,0,0,0,0.0,0.7,0.0,0.0,0.0,0.0,0,0,0.0,0.0,0,0,0,0.0,0
2026-08-28,1,590,Benda,Nott'm Forest,GK,4.5,,,,0,0,0,0.0,0.1,0.0,0.0,0.0,0.0,0,0,0.0,0.0,0,0,0,0.0,0
2026-08-28,1,401,Marmoush,Spurs,FWD,7.0,,,,0,0,0,0.0,1.1,0.0,0.0,0.0,0.0,0,0,0.0,0.0,0,0,0,0.0,0
2026-08-28,1,403,Sávio,Spurs,MID,6.5,,,,0,0,0,0.0,0.7,0.0,0.0,0.0,0.0,0,0,0.0,0.0,0,0,0,0.0,0
2026-08-28,1,494,Vicario,Spurs,GK,4.5,,,,0,0,0,0.0,0.2,0.0,0.0,0.0,0.0,0,0,0.0,0.0,0,0,0,0.0,0
2026-08-28,1,495,Austin,Spurs,GK,4.0,,,,0,0,0,0.0,0.9,0.0,0.0,0.0,0.0,0,0,0.0,0.0,0,0,0,0.0,0
2026-08-28,1,497,Dubravka,Spurs,GK,4.0,,,,0,0,0,0.0,18.6,0.0,0.0,0.0,0.0,0,0,0.0,0.0,0,0,0,0.0,0
2026-08-28,1,499,Pedro Porro,Spurs,DEF,5.5,,,,0,0,0,0.0,13.6,0.0,0.0,0.0,0.0,0,0,0.0,0.0,0,0,0,0.0,0
2026-08-28,1,500,Romero,Spurs,DEF,5.0,,,,0,0,0,0.0,0.2,0.0,0.0,0.0,0.0,0,0,0.0,0.0,0,0,0,0.0,0
2026-08-28,1,501,Danso,Spurs,DEF,5.0,,,,0,0,0,0.0,0.2,0.0,0.0,0.0,0.0,0,0,0.0,0.0,0,0,0,0.0,0
2026-08-28,1,503,Van de Ven,Spurs,DEF,5.0,,,,0,0,0,0.0,4.3,0.0,0.0,0.0,0.0,0,0,0.0,0.0,0,0,0,0.0,0
2026-08-28,1,505,Spence,Spurs,DEF,4.5,,,,0,0,0,0.0,0.5,0.0,0.0,0.0,0.0,0,0,0.0,0.0,0,0,0,0.0,0
2026-08-28,1,507,Phillips,Spurs,DEF,4.5,,,,0,0,0,0.0,0.0,0.0,0.0,0.0,0.0,0,0,0.0,0.0,0,0,0,0.0,0
2026-08-28,1,508,Davies,Spurs,DEF,4.0,,,,0,0,0,0.0,1.0,0.0,0.0,0.0,0.0,0,0,0.0,0.0,0,0,0,0.0,0
2026-08-28,1,509,Byfield,Spurs,DEF,4.0,,,,0,0,0,0.0,0.1,0.0,0.0,0.0,0.0,0,0,0.0,0.0,0,0,0,0.0,0
2026-08-28,1,510,Rowswell,Spurs,DEF,4.0,,,,0,0,0,0.0,0.1,0.0,0.0,0.0,0.0,0,0,0.0,0.0,0,0,0,0.0,0
2026-08-28,1,511,Souza,Spurs,DEF,4.0,,,,0,0,0,0.0,0.3,0.0,0.0,0.0,0.0,0,0,0.0,0.0,0,0,0,0.0,0
2026-08-28,1,512,Kudus,Spurs,MID,6.5,,,,0,0,0,0.0,0.1,0.0,0.0,0.0,0.0,0,0,0.0,0.0,0,0,0,0.0,0
2026-08-28,1,513,Xavi,Spurs,MID,6.0,,,,0,0,0,0.0,0.0,0.0,0.0,0.0,0.0,0,0,0.0,0.0,0,0,0,0.0,0
2026-08-28,1,517,Odobert,Spurs,MID,5.5,,,,0,0,0,0.0,0.0,0.0,0.0,0.0,0.0,0,0,0.0,0.0,0,0,0,0.0,0
2026-08-28,1,518,P.M.Sarr,Spurs,MID,4.9,,,,0,0,0,0.0,0.2,0.0,0.0,0.0,0.0,0,0,0.0,0.0,0,0,0,0.0,0
2026-08-28,1,519,Gallagher,Spurs,MID,5.5,,,,45,1,0,0.0,0.3,0.02,0.06,0.08,1.7,0,0,-0.02,-0.06,0,2,3,0.5,1
2026-08-28,1,521,Kulusevski,Spurs,MID,6.5,,,,0,0,0,0.0,0.0,0.0,0.0,0.0,0.0,0,0,0.0,0.0,0,0,0,0.0,0
2026-08-28,1,524,Olusesi,Spurs,MID,4.5,,,,0,0,0,0.0,0.8,0.0,0.0,0.0,0.0,0,0,0.0,0.0,0,0,0,0.0,0
2026-08-28,1,528,Scarlett,Spurs,FWD,4.5,,,,0,0,0,0.0,1.7,0.0,0.0,0.0,0.0,0,0,0.0,0.0,0,0,0,0.0,0
2026-08-28,1,601,Williams-Barnett,Spurs,MID,4.5,,,,0,0,0,0.0,0.1,0.0,0.0,0.0,0.0,0,0,0.0,0.0,0,0,0,0.0,0
2026-08-28,1,530,Patterson,Sunderland,GK,4.0,,,,0,0,0,0.0,0.2,0.0,0.0,0.0,0.0,0,0,0.0,0.0,0,0,0,0.0,0
2026-08-28,1,531,Ellborg,Sunderland,GK,4.5,,,,0,0,0,0.0,0.1,0.0,0.0,0.0,0.0,0,0,0.0,0.0,0,0,0,0.0,0
2026-08-28,1,532,Ballard,Sunderland,DEF,5.0,,,,90,1,0,0.0,5.1,0.0,0.01,0.01,1.8,0,0,0.0,-0.01,0,2,9,1.9,4
2026-08-28,1,533,Mukiele,Sunderland,DEF,5.5,,,,0,0,0,0.0,2.5,0.0,0.0,0.0,0.0,0,0,0.0,0.0,0,0,0,0.0,0
2026-08-28,1,537,Seelt,Sunderland,DEF,4.5,,,,0,0,0,0.0,0.0,0.0,0.0,0.0,0.0,0,0,0.0,0.0,0,0,0,0.0,0
2026-08-28,1,538,Hjelde,Sunderland,DEF,4.0,,,,0,0,0,0.0,0.1,0.0,0.0,0.0,0.0,0,0,0.0,0.0,0,0,0,0.0,0
2026-08-28,1,540,Masuaku,Sunderland,DEF,4.0,,,,0,0,0,0.0,0.2,0.0,0.0,0.0,0.0,0,0,0.0,0.0,0,0,0,0.0,0
2026-08-28,1,546,Adingra,Sunderland,MID,5.0,,,,0,0,0,0.0,0.1,0.0,0.0,0.0,0.0,0,0,0.0,0.0,0,0,0,0.0,0
2026-08-28,1,547,Mundle,Sunderland,MID,5.0,,,,0,0,0,0.0,0.0,0.0,0.0,0.0,0.0,0,0,0.0,0.0,0,0,0,0.0,0
2026-08-28,1,550,Jocelin.T,Sunderland,MID,5.0,,,,0,0,0,0.0,0.0,0.0,0.0,0.0,0.0,0,0,0.0,0.0,0,0,0,0.0,0
2026-08-28,1,612,Methalie,Sunderland,DEF,4.5,,,,0,0,0,0.0,0.0,0.0,0.0,0.0,0.0,0,0,0.0,0.0,0,0,0,0.0,0
2026-08-28,1,613,Ahoka,Sunderland,MID,4.5,,,,0,0,0,0.0,0.0,0.0,0.0,0.0,0.0,0,0,0.0,0.0,0,0,0,0.0,0
2026-08-28,1,32,Cash,Aston Villa,DEF,4.5,,,,90,1,-1,-1.0,7.7,0.0,0.0,0.0,3.77,0,0,0.0,0.0,0,4,7,1.3,-8
2026-08-28,1,37,Lindelöf,Aston Villa,DEF,4.5,,,,90,1,-2,-2.0,0.3,0.0,0.0,0.0,3.77,0,0,0.0,0.0,0,4,3,0.2,-13
2026-08-28,1,54,Gomes,Aston Villa,MID,5.5,,,,39,1,-2,-2.0,0.1,0.0,0.01,0.01,2.58,0,0,0.0,-0.01,0,4,7,1.2,-2
2026-08-29,1,399,Cherki,Man City,MID,7.6,,,,108,1,22,11.0,15.0,0.35,1.05,1.4,0.76,2,2,1.65,0.95,0,1,3,9.2,88
2026-08-29,1,279,Ajayi,Hull City,DEF,4.0,,,,153,2,20,10.0,2.5,0.52,0.0,0.52,2.14,1,0,0.48,0.0,2,0,14,7.9,63
2026-08-29,1,572,Tzolakis,Hull City,GK,4.5,,,,180,2,20,10.0,3.5,0.0,0.0,0.0,3.11,0,0,0.0,0.0,2,0,0,3.5,73
2026-08-29,1,229,Tarkowski,Everton,DEF,6.0,,,,180,2,18,9.0,8.8,0.14,0.01,0.15,4.13,1,0,0.86,-0.01,1,1,19,2.0,52
2026-08-29,1,115,De Cuyper,Brighton,DEF,4.6,,,,77,1,17,8.5,9.8,1.47,0.21,1.68,0.29,1,1,-0.47,0.79,1,0,4,12.9,46
2026-08-29,1,277,Egan,Hull City,DEF,4.0,,,,180,2,17,8.5,2.1,0.0,0.0,0.0,3.11,0,0,0.0,0.0,2,0,34,4.6,52
2026-08-29,1,367,Gakpo,Liverpool,MID,7.0,,,,160,2,17,8.5,6.9,0.3,0.8,1.1,3.81,1,1,0.7,0.2,0,4,15,11.5,54
2026-08-29,1,454,Elanga,Newcastle,MID,6.0,,,,156,2,17,8.5,2.7,0.4,0.11,0.51,2.62,2,0,1.6,-0.11,1,1,6,6.9,63
2026-08-29,1,123,Hinshelwood,Brighton,MID,6.0,,,,63,1,16,8.0,2.1,1.41,0.02,1.43,0.19,2,0,0.59,-0.02,1,0,3,14.5,54
2026-08-29,1,586,Mendy,Hull City,DEF,4.0,,,,121,2,16,8.0,4.8,0.3,0.0,0.3,1.94,1,0,0.7,0.0,1,0,22,8.5,44
2026-08-29,1,411,Haaland,Man City,FWD,15.5,,,,180,2,15,7.5,68.6,1.4,0.02,1.42,1.31,2,0,0.6,-0.02,0,2,8,5.9,66
2026-08-29,1,480,Gibbs-White,Nott'm Forest,MID,7.9,,,,180,2,15,7.5,8.4,0.92,0.1,1.02,2.22,1,1,0.08,0.9,0,3,8,2.4,46
2026-08-29,1,69,Scott,Bournemouth,MID,6.0,,,,176,2,14,7.0,1.5,0.26,0.29,0.55,3.84,1,0,0.74,-0.29,1,2,26,1.6,56
2026-08-29,1,565,M.Sangaré,Brentford,MID,5.6,,,,75,1,14,7.0,9.7,0.05,0.33,0.38,0.47,0,2,-0.05,1.67,1,0,13,7.4,41
2026-08-29,1,391,Gvardiol,Man City,DEF,5.5,,,,164,2,14,7.0,15.2,0.19,0.09,0.28,1.31,1,1,0.81,0.91,0,2,9,7.8,46
2026-08-29,1,449,Hall,Newcastle,DEF,5.0,,,,180,2,14,7.0,4.4,0.03,0.65,0.68,4.02,0,0,-0.03,-0.65,1,2,25,3.7,60
2026-08-29,1,68,Tavernier,Bournemouth,MID,6.0,,,,180,2,13,6.5,2.6,0.5,0.43,0.93,3.97,1,0,0.5,-0.43,0,3,20,7.5,52
2026-08-29,1,88,Kayode,Brentford,DEF,4.6,,,,75,1,13,6.5,8.2,0.5,0.0,0.5,0.47,1,0,0.5,0.0,1,0,4,8.1,36
2026-08-29,1,154,Palmer,Chelsea,MID,9.6,,,,82,1,13,6.5,17.0,0.28,0.19,0.47,1.24,1,1,0.72,0.81,0,2,9,16.1,60
2026-08-29,1,236,Dewsbury-Hall,Everton,MID,6.5,,,,180,2,13,6.5,4.7,0.16,0.33,0.49,4.09,1,0,0.84,-0.33,1,1,18,9.8,64
2026-08-29,1,237,Ndiaye,Everton,MID,6.0,,,,180,2,13,6.5,15.9,0.26,0.39,0.65,4.13,0,1,-0.26,0.61,1,1,25,12.9,52
2026-08-29,1,335,Stach,Leeds,MID,6.0,,,,90,1,13,6.5,2.8,0.1,0.05,0.15,0.66,1,0,0.9,-0.05,1,0,16,6.6,37
2026-08-29,1,282,Giles,Hull City,DEF,4.0,,,,174,2,12,6.0,0.9,0.02,0.14,0.16,3.04,0,0,-0.02,-0.14,2,0,8,3.7,47
2026-08-29,1,368,Szoboszlai,Liverpool,MID,7.0,,,,180,2,12,6.0,43.2,1.01,0.44,1.45,3.88,1,0,-0.01,-0.44,0,4,20,11.9,53
2026-08-29,1,388,Guéhi,Man City,DEF,6.0,,,,180,2,12,6.0,19.5,0.89,0.36,1.25,1.31,1,0,0.11,-0.36,0,2,9,8.9,43
2026-08-29,1,593,Dedić,Newcastle,DEF,4.5,,,,180,2,12,6.0,0.5,0.03,0.06,0.09,4.02,0,1,-0.03,0.94,1,2,17,2.3,37
2026-08-29,1,483,Ndoye,Nott'm Forest,MID,5.5,,,,126,2,12,6.0,0.5,0.58,0.63,1.21,1.67,1,0,0.42,-0.63,1,1,12,0.4,35
2026-08-29,1,10,White,Arsenal,DEF,5.5,,,,90,1,11,5.5,6.9,0.18,0.21,0.39,0.2,0,1,-0.18,0.79,1,0,5,7.3,37
2026-08-29,1,15,Ødegaard,Arsenal,MID,6.6,,,,75,1,11,5.5,11.9,0.21,0.1,0.31,0.06,1,0,0.79,-0.1,1,0,8,12.3,41
2026-08-29,1,165,João Pedro,Chelsea,FWD,7.6,,,,90,1,11,5.5,68.5,0.63,0.06,0.69,1.33,1,1,0.37,0.94,0,2,3,11.1,45
2026-08-29,1,173,Thomas,Coventry City,DEF,4.0,,,,167,2,11,5.5,7.9,0.02,0.02,0.04,2.06,0,0,-0.02,-0.02,1,3,19,3.5,39
2026-08-29,1,464,Wissa,Newcastle,FWD,6.0,,,,171,2,11,5.5,4.2,1.38,0.02,1.4,2.87,1,1,-0.38,0.98,1,1,14,6.4,44
2026-08-29,1,86,Lewis-Potter,Brentford,MID,5.5,,,,90,1,10,5.0,1.2,0.77,0.12,0.89,0.57,1,0,0.23,-0.12,1,0,10,8.2,37
2026-08-29,1,226,Pickford,Everton,GK,5.5,,,,180,2,10,5.0,8.9,0.0,0.02,0.02,4.13,0,0,0.0,-0.02,1,1,0,3.2,56
2026-08-29,1,230,Branthwaite,Everton,DEF,5.5,,,,180,2,10,5.0,1.8,0.04,0.02,0.06,4.13,0,0,-0.04,-0.02,1,1,19,2.5,33
2026-08-29,1,233,Mykolenko,Everton,DEF,4.5,,,,180,2,10,5.0,1.7,0.0,0.06,0.06,4.13,0,0,0.0,-0.06,1,1,16,2.9,33
2026-08-29,1,244,Armstrong,Everton,MID,5.0,,,,176,2,10,5.0,0.3,0.0,0.08,0.08,4.13,0,1,0.0,0.92,1,1,25,4.8,39
2026-08-29,1,249,Barry,Everton,FWD,5.5,,,,147,2,10,5.0,3.7,1.87,0.09,1.96,2.21,1,0,-0.87,-0.09,1,1,6,9.8,43
2026-08-29,1,327,Bijol,Leeds,DEF,5.0,,,,90,1,10,5.0,1.0,0.11,0.0,0.11,0.66,0,0,-0.11,0.0,1,0,12,3.9,28
2026-08-29,1,332,Justin,Leeds,DEF,4.5,,,,90,1,10,5.0,1.3,0.0,0.01,0.01,0.66,0,0,0.0,-0.01,1,0,12,2.9,28
2026-08-29,1,377,Munoz,Liverpool,MID,6.5,,,,117,1,10,5.0,0.7,0.42,0.23,0.65,3.37,1,1,0.58,0.77,0,2,7,2.7,39
2026-08-29,1,379,Isak,Liverpool,FWD,9.0,,,,180,2,10,5.0,16.2,2.08,0.01,2.09,3.88,1,0,-1.08,-0.01,0,4,2,9.2,36
2026-08-29,1,398,Foden,Man City,MID,7.0,,,,171,2,10,5.0,4.2,0.99,0.85,1.84,1.31,0,2,-0.99,1.15,0,2,13,7.5,53
2026-08-29,1,8,Calafiori,Arsenal,DEF,5.6,,,,80,1,9,4.5,41.7,0.04,0.09,0.13,0.06,0,1,-0.04,0.91,1,0,5,4.2,31
2026-08-29,1,12,Saka,Arsenal,MID,9.5,,,,67,1,9,4.5,10.4,0.64,0.08,0.72,0.06,1,0,0.36,-0.08,1,0,7,10.2,36
2026-08-29,1,79,Evanilson,Bournemouth,FWD,6.0,,,,154,2,9,4.5,3.1,0.54,0.25,0.79,3.47,0,2,-0.54,1.75,2,0,10,3.3,28
2026-08-29,1,98,Janelt,Brentford,MID,5.0,,,,90,1,9,4.5,0.5,0.39,0.17,0.56,0.57,1,0,0.61,-0.17,1,0,13,11.6,35
2026-08-29,1,286,Belloumi,Hull City,MID,5.0,,,,172,2,9,4.5,0.7,0.17,0.05,0.22,2.93,0,1,-0.17,0.95,2,0,20,2.0,31
2026-08-29,1,316,Emersonn,Ipswich Town,FWD,5.5,,,,65,1,9,4.5,2.0,0.82,0.06,0.88,0.63,1,0,0.18,-0.06,0,1,3,11.2,41
2026-08-29,1,385,Trafford,Leeds,GK,5.0,,,,90,1,9,4.5,4.6,0.0,0.0,0.0,0.66,0,0,0.0,0.0,1,0,0,1.9,28
2026-08-29,1,445,Thiaw,Newcastle,DEF,5.0,,,,180,2,9,4.5,1.8,0.0,0.02,0.02,4.02,0,0,0.0,-0.02,1,2,17,3.8,24
2026-08-29,1,460,Willock,Newcastle,MID,5.0,,,,104,1,9,4.5,0.3,0.16,0.19,0.35,2.18,1,0,0.84,-0.19,1,1,5,6.1,28
2026-08-29,1,544,Xhaka,Sunderland,MID,5.5,,,,90,1,9,4.5,4.7,0.0,0.09,0.09,1.8,0,1,0.0,0.91,0,2,13,5.0,31
2026-08-29,1,87,Ajer,Brentford,DEF,4.5,,,,90,1,8,4.0,4.2,0.11,0.02,0.13,0.57,0,0,-0.11,-0.02,1,0,10,5.6,29
2026-08-29,1,40,Rogers,Chelsea,MID,7.5,,,,81,1,8,4.0,26.1,0.96,0.1,1.06,1.24,1,0,0.04,-0.1,0,2,7,13.1,37
2026-08-29,1,290,Slater,Hull City,MID,4.5,,,,180,2,8,4.0,4.1,0.0,0.45,0.45,3.11,0,1,0.0,0.55,2,0,13,3.8,26
2026-08-29,1,447,Botman,Newcastle,DEF,5.0,,,,180,2,8,4.0,0.5,0.01,0.01,0.02,4.02,0,0,-0.01,-0.01,1,2,15,3.3,26
2026-08-29,1,567,Horníček,Newcastle,GK,5.0,,,,180,2,8,4.0,0.7,0.0,0.0,0.0,4.02,0,0,0.0,0.0,1,2,0,4.1,43
2026-08-29,1,469,N.Williams,Nott'm Forest,DEF,5.0,,,,180,2,8,4.0,8.8,0.08,0.17,0.25,2.22,0,1,-0.08,0.83,0,3,18,2.7,29
2026-08-29,1,82,Kelleher,Brentford,GK,5.0,,,,90,1,7,3.5,6.6,0.0,0.01,0.01,0.57,0,0,0.0,-0.01,1,0,0,3.1,34
2026-08-29,1,130,Wieffer,Brighton,DEF,5.0,,,,77,1,7,3.5,0.5,0.09,0.05,0.14,0.29,0,0,-0.09,-0.05,1,0,8,4.9,32
2026-08-29,1,268,King,Fulham,MID,5.5,,,,90,1,7,3.5,0.6,0.17,0.04,0.21,2.24,1,0,0.83,-0.04,0,3,8,9.8,34
2026-08-29,1,313,Clarke,Ipswich Town,MID,5.5,,,,19,0,7,3.5,0.3,0.1,0.0,0.1,0.03,1,0,0.9,0.0,0,0,2,5.2,27
2026-08-29,1,397,Semenyo,Man City,MID,8.5,,,,180,2,7,3.5,23.2,0.12,0.59,0.71,1.31,0,1,-0.12,0.41,0,2,8,4.6,49
2026-08-29,1,1,Raya,Arsenal,GK,6.0,,,,90,1,6,3.0,38.3,0.0,0.0,0.0,0.2,0,0,0.0,0.0,1,0,0,1.2,24
2026-08-29,1,11,Mosquera,Arsenal,DEF,5.5,,,,90,1,6,3.0,5.6,0.0,0.0,0.0,0.2,0,0,0.0,0.0,1,0,6,1.5,27
2026-08-29,1,26,Havertz,Arsenal,FWD,7.5,,,,90,1,6,3.0,7.5,0.26,0.03,0.29,0.2,1,0,0.74,-0.03,1,0,2,7.5,34
2026-08-29,1,557,Tzolis,Arsenal,MID,6.5,,,,75,1,6,3.0,26.0,0.19,0.14,0.33,0.06,0,1,-0.19,0.86,1,0,6,8.7,30
2026-08-29,1,70,Kluivert,Bournemouth,MID,6.0,,,,154,2,6,3.0,1.2,0.73,0.05,0.78,3.47,0,0,-0.73,-0.05,2,0,14,4.2,27
2026-08-29,1,71,Cook,Bournemouth,MID,5.0,,,,143,2,6,3.0,0.2,0.0,0.01,0.01,3.47,0,0,0.0,-0.01,2,0,9,0.7,21
2026-08-29,1,566,Silva,Bournemouth,DEF,5.0,,,,180,2,6,3.0,0.4,0.25,0.03,0.28,3.97,0,0,-0.25,-0.03,0,3,23,3.2,16
2026-08-29,1,84,Collins,Brentford,DEF,5.5,,,,90,1,6,3.0,2.1,0.34,0.04,0.38,0.57,0,0,-0.34,-0.04,1,0,3,5.0,21
2026-08-29,1,97,Jensen,Brentford,MID,5.5,,,,66,1,6,3.0,0.2,0.08,0.34,0.42,0.47,0,1,-0.08,0.66,1,0,5,7.2,22
2026-08-29,1,109,Verbruggen,Brighton,GK,4.5,,,,90,1,6,3.0,21.5,0.0,0.0,0.0,0.29,0,0,0.0,0.0,1,0,0,0.7,25
2026-08-29,1,114,Boscagli,Brighton,DEF,4.5,,,,90,1,6,3.0,0.3,0.0,0.04,0.04,0.29,0,0,0.0,-0.04,1,0,6,2.9,29
2026-08-29,1,116,Dunk,Brighton,DEF,4.5,,,,90,1,6,3.0,1.2,0.0,0.04,0.04,0.29,0,0,0.0,-0.04,1,0,2,2.0,24
2026-08-29,1,127,Gomez,Brighton,MID,5.0,,,,85,1,6,3.0,3.9,0.18,0.48,0.66,0.29,0,1,-0.18,0.52,1,0,6,9.9,27
2026-08-29,1,504,Vuskovic,Brighton,DEF,5.0,,,,90,1,6,3.0,2.5,0.13,0.03,0.16,0.29,0,0,-0.13,-0.03,1,0,4,2.9,19
2026-08-29,1,200,Lacroix,Chelsea,DEF,6.0,,,,90,1,6,3.0,9.5,0.0,0.2,0.2,1.33,0,1,0.0,0.8,0,2,12,5.7,25
2026-08-29,1,210,Wharton,Crystal Palace,MID,5.5,,,,180,2,6,3.0,0.9,0.0,0.31,0.31,3.33,0,0,0.0,-0.31,0,6,21,4.8,41
2026-08-29,1,211,Yeremy,Crystal Palace,MID,5.5,,,,102,1,6,3.0,0.2,0.11,0.09,0.2,2.28,0,1,-0.11,0.91,0,3,15,1.4,31
2026-08-29,1,258,Castagne,Fulham,DEF,4.5,,,,90,1,6,3.0,0.5,0.09,0.18,0.27,2.24,0,2,-0.09,1.82,0,3,6,8.9,21
2026-08-29,1,569,Gonzalo,Fulham,FWD,6.0,,,,90,1,6,3.0,4.4,0.73,0.01,0.74,2.24,1,0,0.27,-0.01,0,3,2,8.2,33
2026-08-29,1,280,Coyle,Hull City,DEF,4.0,,,,114,2,6,3.0,0.6,0.0,0.01,0.01,2.24,0,0,0.0,-0.01,1,0,6,1.7,25
2026-08-29,1,287,Millar,Hull City,MID,5.0,,,,50,0,6,3.0,0.1,0.58,0.0,0.58,0.88,1,0,0.42,0.0,0,0,4,0.4,26
2026-08-29,1,295,McBurnie,Hull City,FWD,5.5,,,,180,2,6,3.0,2.2,0.16,0.03,0.19,3.11,0,1,-0.16,0.97,2,0,9,9.0,28
2026-08-29,1,329,Rodon,Leeds,DEF,4.5,,,,90,1,6,3.0,3.6,0.03,0.06,0.09,0.66,0,0,-0.03,-0.06,1,0,7,3.4,21
2026-08-29,1,330,Bogle,Leeds,DEF,4.5,,,,90,1,6,3.0,0.5,0.0,0.0,0.0,0.66,0,0,0.0,0.0,1,0,3,0.8,24
2026-08-29,1,334,Muharemović,Leeds,DEF,5.0,,,,90,1,6,3.0,3.3,0.09,0.0,0.09,0.66,0,0,-0.09,0.0,1,0,7,3.3,25
2026-08-29,1,366,Wirtz,Liverpool,MID,7.5,,,,152,2,6,3.0,11.0,0.49,0.24,0.73,2.81,0,1,-0.49,0.76,0,4,15,5.7,39
2026-08-29,1,371,Gravenberch,Liverpool,MID,6.0,,,,96,1,6,3.0,1.9,0.06,0.06,0.12,1.17,0,1,-0.06,0.94,0,2,12,4.4,33
2026-08-29,1,459,L.Miley,Newcastle,MID,5.5,,,,165,2,6,3.0,0.1,0.05,0.03,0.08,2.98,0,0,-0.05,-0.03,1,1,23,4.0,33
2026-08-29,1,4,Gabriel,Arsenal,DEF,8.0,,,,90,1,5,2.5,28.7,0.05,0.01,0.06,0.2,0,0,-0.05,-0.01,1,0,4,0.9,21
2026-08-29,1,57,Petrović,Bournemouth,GK,4.5,,,,180,2,5,2.5,3.3,0.0,0.0,0.0,3.97,0,0,0.0,0.0,0,3,0,3.7,33
2026-08-29,1,60,Hill,Bournemouth,DEF,5.5,,,,180,2,5,2.5,0.9,0.0,0.73,0.73,3.97,0,0,0.0,-0.73,0,3,18,1.2,19
2026-08-29,1,61,Truffert,Bournemouth,DEF,5.5,,,,180,2,5,2.5,4.2,0.0,0.07,0.07,3.97,0,0,0.0,-0.07,0,3,16,1.7,27
2026-08-29,1,125,Georginio,Brighton,FWD,5.5,,,,90,1,5,2.5,1.0,0.08,0.44,0.52,0.29,0,1,-0.08,0.56,1,0,7,4.6,22
2026-08-29,1,214,Kamada,Crystal Palace,MID,5.0,,,,180,2,5,2.5,0.3,0.05,0.29,0.34,3.33,0,0,-0.05,-0.29,0,6,23,5.0,46
2026-08-29,1,242,George,Everton,MID,5.5,,,,144,2,5,2.5,0.3,0.21,0.09,0.3,2.26,0,0,-0.21,-0.09,1,1,9,5.5,25
2026-08-29,1,246,Röhl,Everton,MID,5.0,,,,176,2,5,2.5,0.1,0.0,0.07,0.07,4.13,0,0,0.0,-0.07,1,1,18,2.9,25
2026-08-29,1,267,Lukić,Ipswich Town,MID,5.0,,,,90,1,5,2.5,0.1,0.0,0.02,0.02,0.66,0,1,0.0,0.98,0,1,6,4.0,22
2026-08-29,1,591,Enciso,Ipswich Town,MID,5.5,,,,70,1,5,2.5,0.5,0.23,0.31,0.54,0.63,0,1,-0.23,0.69,0,1,8,5.4,24
2026-08-29,1,338,Ampadu,Leeds,MID,5.5,,,,90,1,5,2.5,1.3,0.0,0.04,0.04,0.66,0,0,0.0,-0.04,1,0,13,4.2,18
2026-08-29,1,481,Anderson,Man City,MID,6.4,,,,143,2,5,2.5,5.9,0.07,0.47,0.54,1.21,0,0,-0.07,-0.47,0,2,20,2.8,39
2026-08-29,1,453,Barnes,Newcastle,MID,6.0,,,,180,2,5,2.5,1.1,0.11,0.03,0.14,4.02,0,0,-0.11,-0.03,1,2,11,1.7,19
2026-08-29,1,471,Milenković,Nott'm Forest,DEF,5.5,,,,180,2,5,2.5,1.8,0.11,0.02,0.13,2.22,0,0,-0.11,-0.02,0,3,20,2.2,7
2026-08-29,1,472,Murillo,Nott'm Forest,DEF,5.5,,,,180,2,5,2.5,1.6,0.18,0.28,0.46,2.22,0,0,-0.18,-0.28,0,3,20,5.8,17
2026-08-29,1,473,Aina,Nott'm Forest,DEF,4.5,,,,158,2,5,2.5,3.5,0.04,0.52,0.56,2.09,0,0,-0.04,-0.52,1,2,7,6.3,26
2026-08-29,1,486,McAtee,Nott'm Forest,MID,5.5,,,,163,2,5,2.5,0.1,0.0,0.32,0.32,2.09,0,0,0.0,-0.32,1,2,16,5.4,34
2026-08-29,1,558,Schlager,Nott'm Forest,MID,5.0,,,,106,1,5,2.5,0.1,0.07,0.0,0.07,1.88,0,0,-0.07,0.0,0,3,16,0.4,18
2026-08-29,1,502,Robertson,Spurs,DEF,4.5,,,,157,2,5,2.5,3.8,0.06,0.08,0.14,4.34,0,0,-0.06,-0.08,0,4,14,5.3,20
2026-08-29,1,551,Angulo,Sunderland,MID,5.0,,,,58,1,5,2.5,0.1,0.15,0.01,0.16,1.66,1,0,0.85,-0.01,0,1,7,5.2,23
2026-08-29,1,67,Rayan,Bournemouth,MID,6.5,,,,178,2,4,2.0,2.7,0.46,0.05,0.51,3.78,0,0,-0.46,-0.05,0,2,6,3.5,13
2026-08-29,1,183,Rudoni,Coventry City,MID,5.0,,,,90,1,4,2.0,0.1,0.19,0.09,0.28,0.33,0,0,-0.19,-0.09,1,0,11,2.6,15
2026-08-29,1,184,Grimes,Coventry City,MID,5.0,,,,180,2,4,2.0,0.2,0.01,0.05,0.06,2.61,0,0,-0.01,-0.05,0,4,17,1.7,28
2026-08-29,1,575,Yirenkyi,Coventry City,MID,5.0,,,,131,2,4,2.0,0.2,0.03,0.17,0.2,1.6,0,0,-0.03,-0.17,1,3,10,0.0,19
2026-08-29,1,247,Hackney,Everton,MID,5.5,,,,106,1,4,2.0,0.2,0.01,0.02,0.03,3.19,0,0,-0.01,-0.02,1,0,9,2.6,19
2026-08-29,1,304,O'Shea,Ipswich Town,DEF,4.0,,,,90,1,4,2.0,3.4,0.0,0.16,0.16,0.66,0,0,0.0,-0.16,0,1,18,7.5,16
2026-08-29,1,309,Núñez,Ipswich Town,MID,5.0,,,,79,1,4,2.0,0.1,0.03,0.03,0.06,0.63,0,0,-0.03,-0.03,0,1,12,2.4,26
2026-08-29,1,362,Jacquet,Liverpool,DEF,5.0,,,,145,2,4,2.0,2.4,0.0,0.07,0.07,3.27,0,0,0.0,-0.07,0,4,14,2.4,22
2026-08-29,1,387,O'Reilly,Man City,DEF,6.5,,,,150,2,4,2.0,20.5,0.09,0.43,0.52,1.21,0,0,-0.09,-0.43,0,2,3,5.0,16
2026-08-29,1,390,Rúben,Man City,DEF,5.5,,,,180,2,4,2.0,1.8,0.09,0.71,0.8,1.31,0,0,-0.09,-0.71,0,2,12,4.4,30
2026-08-29,1,393,Khusanov,Man City,DEF,5.5,,,,178,2,4,2.0,1.7,0.0,0.04,0.04,1.31,0,0,0.0,-0.04,0,2,11,2.0,31
2026-08-29,1,463,Woltemade,Newcastle,FWD,6.0,,,,19,0,4,2.0,1.5,0.02,0.0,0.02,0.36,0,1,-0.02,1.0,0,0,0,0.0,17
2026-08-29,1,465,Osula,Newcastle,FWD,6.0,,,,55,1,4,2.0,0.8,0.06,0.14,0.2,1.48,0,1,-0.06,0.86,0,1,5,5.0,18
2026-08-29,1,455,Tonali,Spurs,MID,5.5,,,,164,2,4,2.0,3.6,0.17,0.08,0.25,4.62,0,0,-0.17,-0.08,0,5,8,2.1,27
2026-08-29,1,514,Tel,Spurs,MID,6.0,,,,157,2,4,2.0,0.5,0.19,0.09,0.28,4.34,0,0,-0.19,-0.09,0,4,11,4.5,26
2026-08-29,1,522,Gray,Spurs,MID,5.0,,,,152,2,4,2.0,0.2,0.0,0.01,0.01,3.9,0,0,0.0,-0.01,0,4,11,1.0,24
2026-08-29,1,7,Lewis-Skelly,Arsenal,MID,5.5,,,,90,1,3,1.5,0.7,0.06,0.11,0.17,0.2,0,0,-0.06,-0.11,1,0,7,4.1,15
2026-08-29,1,13,Rice,Arsenal,MID,7.5,,,,67,1,3,1.5,16.5,0.07,0.08,0.15,0.06,0,0,-0.07,-0.08,1,0,6,1.5,10
2026-08-29,1,94,Schade,Brentford,MID,6.0,,,,90,1,3,1.5,3.4,0.52,0.01,0.53,0.57,0,0,-0.52,-0.01,1,0,9,8.5,17
2026-08-29,1,95,O.Dango,Brentford,MID,6.5,,,,66,1,3,1.5,1.1,0.05,0.29,0.34,0.47,0,0,-0.05,-0.29,1,0,6,4.7,6
2026-08-29,1,151,Acheampong,Chelsea,DEF,4.5,,,,90,1,3,1.5,0.4,0.0,0.01,0.01,1.33,0,0,0.0,-0.01,0,2,15,3.7,13
2026-08-29,1,110,Rushworth,Coventry City,GK,4.5,,,,180,2,3,1.5,1.2,0.0,0.01,0.01,2.61,0,0,0.0,-0.01,0,4,0,1.4,10
2026-08-29,1,175,van Ewijk,Coventry City,DEF,4.0,,,,180,2,3,1.5,12.9,0.0,0.17,0.17,2.61,0,0,0.0,-0.17,0,4,9,1.5,7
2026-08-29,1,176,Dasilva,Coventry City,DEF,4.0,,,,180,2,3,1.5,0.8,0.18,0.07,0.25,2.61,0,0,-0.18,-0.07,0,4,9,1.8,11
2026-08-29,1,190,Tchaouna,Coventry City,MID,5.5,,,,139,2,3,1.5,0.2,0.09,0.17,0.26,1.8,0,0,-0.09,-0.17,0,3,14,1.1,18
2026-08-29,1,194,Thomas-Asante,Coventry City,FWD,5.0,,,,101,1,3,1.5,0.8,0.0,0.02,0.02,2.29,0,0,0.0,-0.02,0,4,8,0.6,14
2026-08-29,1,492,Awoniyi,Coventry City,FWD,5.5,,,,110,1,3,1.5,0.8,0.94,0.04,0.98,1.02,0,0,-0.94,-0.04,0,1,4,0.1,10
2026-08-29,1,198,Henderson,Crystal Palace,GK,5.0,,,,180,2,3,1.5,1.8,0.0,0.0,0.0,3.33,0,0,0.0,0.0,0,6,0,2.8,18
2026-08-29,1,202,Richards,Crystal Palace,DEF,5.0,,,,180,2,3,1.5,0.7,0.04,0.0,0.04,3.33,0,0,-0.04,0.0,0,6,22,4.3,9
2026-08-29,1,222,Strand Larsen,Crystal Palace,FWD,6.0,,,,89,1,3,1.5,0.5,0.3,0.01,0.31,2.15,0,0,-0.3,-0.01,0,3,4,2.2,16
2026-08-29,1,224,Nketiah,Crystal Palace,FWD,5.5,,,,122,2,3,1.5,0.5,0.96,0.58,1.54,2.85,0,0,-0.96,-0.58,0,5,9,5.8,20
2026-08-29,1,241,McNeil,Crystal Palace,MID,5.5,,,,84,1,3,1.5,0.2,0.05,0.02,0.07,1.18,0,0,-0.05,-0.02,0,3,7,1.6,13
2026-08-29,1,588,Khalaili,Crystal Palace,DEF,5.0,,,,109,1,3,1.5,0.1,0.02,0.16,0.18,2.28,0,0,-0.02,-0.16,0,3,23,5.5,21
2026-08-29,1,255,J.Cuenca,Fulham,DEF,4.5,,,,90,1,3,1.5,0.0,0.0,0.03,0.03,2.24,0,0,0.0,-0.03,0,3,10,5.4,7
2026-08-29,1,576,Stroud,Hull City,MID,5.0,,,,128,2,3,1.5,0.1,0.02,0.04,0.06,2.24,0,0,-0.02,-0.04,1,0,13,1.3,9
2026-08-29,1,260,Wilson,Leeds,MID,6.5,,,,65,1,3,1.5,5.5,0.0,0.02,0.02,0.53,0,0,0.0,-0.02,1,0,2,2.6,8
2026-08-29,1,337,Aaronson,Leeds,MID,5.5,,,,81,1,3,1.5,0.8,0.01,0.01,0.02,0.58,0,0,-0.01,-0.01,1,0,7,1.6,16
2026-08-29,1,356,Virgil,Liverpool,DEF,6.5,,,,180,2,3,1.5,19.4,0.25,0.04,0.29,3.88,0,0,-0.25,-0.04,0,4,18,5.1,13
2026-08-29,1,369,Ngumoha,Liverpool,MID,6.0,,,,81,1,3,1.5,1.0,0.04,0.05,0.09,0.58,0,0,-0.04,-0.05,0,2,3,1.3,14
2026-08-29,1,372,Mac Allister,Liverpool,MID,5.5,,,,103,1,3,1.5,1.6,0.0,0.4,0.4,3.3,0,0,0.0,-0.4,0,2,13,0.7,19
2026-08-29,1,384,Donnarumma,Man City,GK,5.5,,,,180,2,3,1.5,8.2,0.0,0.0,0.0,1.31,0,0,0.0,0.0,0,2,0,2.7,17
2026-08-29,1,467,Sels,Nott'm Forest,GK,5.0,,,,180,2,3,1.5,1.5,0.0,0.01,0.01,2.22,0,0,0.0,-0.01,0,3,0,1.4,17
2026-08-29,1,491,Igor Jesus,Nott'm Forest,FWD,6.0,,,,180,2,3,1.5,3.6,1.29,0.06,1.35,2.22,0,0,-1.29,-0.06,0,3,8,4.3,12
2026-08-29,1,496,Kinsky,Spurs,GK,4.5,,,,180,2,3,1.5,22.3,0.0,0.0,0.0,4.62,0,0,0.0,0.0,0,5,0,4.4,19
2026-08-29,1,498,Senesi,Spurs,DEF,6.0,,,,90,1,3,1.5,7.4,0.0,0.02,0.02,3.87,0,0,0.0,-0.02,0,3,16,3.9,10
2026-08-29,1,516,Bentancur,Spurs,MID,5.5,,,,135,1,3,1.5,0.2,0.0,0.03,0.03,2.93,0,0,0.0,-0.03,0,3,16,1.7,25
2026-08-29,1,523,Moore,Spurs,MID,5.0,,,,89,1,3,1.5,0.2,0.4,0.02,0.42,3.3,0,0,-0.4,-0.02,0,4,3,7.5,11
2026-08-29,1,525,Fernandes,Spurs,MID,6.0,,,,135,1,3,1.5,1.6,0.02,0.23,0.25,2.93,0,0,-0.02,-0.23,0,3,9,3.6,34
2026-08-29,1,41,Buendía,Aston Villa,MID,6.0,,,,85,1,2,1.0,1.2,0.13,0.09,0.22,3.62,0,0,-0.13,-0.09,0,4,7,2.2,4
2026-08-29,1,46,Barkley,Aston Villa,MID,5.0,,,,73,1,2,1.0,0.2,0.1,0.02,0.12,3.55,0,0,-0.1,-0.02,0,4,1,3.8,11
2026-08-29,1,47,Kamara,Aston Villa,MID,5.0,,,,90,1,2,1.0,0.3,0.0,0.0,0.0,3.77,0,0,0.0,0.0,0,4,7,1.4,9
2026-08-29,1,51,George Hemmings,Aston Villa,MID,4.5,,,,90,1,2,1.0,0.7,0.0,0.0,0.0,3.77,0,0,0.0,0.0,0,4,5,2.4,12
2026-08-29,1,64,Smith,Bournemouth,DEF,4.5,,,,180,2,2,1.0,0.1,0.0,0.02,0.02,3.97,0,0,0.0,-0.02,0,3,11,0.8,9
2026-08-29,1,73,Adams,Bournemouth,MID,5.0,,,,36,0,2,1.0,0.2,0.0,0.0,0.0,0.49,0,0,0.0,0.0,0,3,6,0.4,8
2026-08-29,1,124,Groß,Brighton,MID,5.5,,,,90,1,2,1.0,12.6,0.0,0.27,0.27,0.29,0,0,0.0,-0.27,1,0,5,8.6,18
2026-08-29,1,129,Ayari,Brighton,MID,5.5,,,,63,1,2,1.0,0.6,0.11,0.03,0.14,0.19,0,0,-0.11,-0.03,1,0,4,1.7,8
2026-08-29,1,140,Sánchez,Chelsea,GK,5.0,,,,90,1,2,1.0,2.1,0.0,0.01,0.01,1.33,0,0,0.0,-0.01,0,2,0,2.1,6
2026-08-29,1,104,Onyeka,Coventry City,MID,5.0,,,,90,1,2,1.0,0.2,0.0,0.01,0.01,1.88,0,0,0.0,-0.01,0,3,9,0.5,8
2026-08-29,1,182,Amenda,Coventry City,DEF,4.0,,,,180,2,2,1.0,0.8,0.02,0.05,0.07,2.61,0,0,-0.02,-0.05,0,4,13,3.0,4
2026-08-29,1,188,Torp,Coventry City,MID,5.5,,,,47,0,2,1.0,0.2,0.0,0.12,0.12,1.01,0,0,0.0,-0.12,0,1,3,2.3,10
2026-08-29,1,195,Simms,Coventry City,FWD,5.0,,,,69,1,2,1.0,1.0,0.0,0.01,0.01,1.6,0,0,0.0,-0.01,0,3,3,1.7,7
2026-08-29,1,584,Hamer,Coventry City,MID,5.5,,,,27,0,2,1.0,0.1,0.0,0.02,0.02,0.82,0,0,0.0,-0.02,0,1,1,0.1,5
2026-08-29,1,42,Guessand,Crystal Palace,MID,5.5,,,,54,0,2,1.0,0.0,0.03,0.03,0.06,0.34,0,0,-0.03,-0.03,0,1,2,1.2,6
2026-08-29,1,223,Mateta,Crystal Palace,FWD,6.5,,,,62,1,2,1.0,4.5,0.7,0.02,0.72,0.98,0,0,-0.7,-0.02,0,2,5,2.5,-3
2026-08-29,1,577,Tomiyasu,Crystal Palace,DEF,4.5,,,,91,1,2,1.0,0.3,0.0,0.01,0.01,2.15,0,0,0.0,-0.01,0,3,9,0.5,0
2026-08-29,1,209,Johnson,Everton,MID,6.0,,,,34,0,2,1.0,0.2,0.0,0.0,0.0,1.86,0,0,0.0,0.0,0,0,3,0.4,4
2026-08-29,1,239,Garner,Everton,MID,6.0,,,,72,1,2,1.0,0.1,0.0,0.04,0.04,0.93,0,0,0.0,-0.04,0,1,12,1.9,15
2026-08-29,1,248,Beto,Everton,FWD,5.5,,,,31,0,2,1.0,2.2,0.11,0.0,0.11,1.91,0,0,-0.11,0.0,0,0,1,0.2,5
2026-08-29,1,250,Leno,Fulham,GK,4.5,,,,90,1,2,1.0,3.0,0.0,0.0,0.0,2.24,0,0,0.0,0.0,0,3,0,3.0,11
2026-08-29,1,261,Iwobi,Fulham,MID,5.5,,,,90,1,2,1.0,1.0,0.0,0.04,0.04,2.24,0,0,0.0,-0.04,0,3,10,2.4,17
2026-08-29,1,264,Bobb,Fulham,MID,5.5,,,,66,1,2,1.0,0.3,0.0,0.26,0.26,2.21,0,0,0.0,-0.26,0,3,6,3.0,10
2026-08-29,1,265,Berge,Fulham,MID,5.0,,,,72,1,2,1.0,0.4,0.03,0.03,0.06,2.21,0,0,-0.03,-0.03,0,3,4,4.4,14
2026-08-29,1,570,Palacios,Fulham,MID,5.5,,,,72,1,2,1.0,0.2,0.16,0.01,0.17,2.21,0,0,-0.16,-0.01,0,3,4,1.8,10
2026-08-29,1,281,Drameh,Hull City,DEF,4.0,,,,65,0,2,1.0,0.1,0.05,0.0,0.05,0.88,0,0,-0.05,0.0,0,0,6,0.3,8
2026-08-29,1,289,Crooks,Hull City,MID,4.5,,,,90,1,2,1.0,0.7,0.0,0.0,0.0,1.83,0,0,0.0,0.0,1,0,9,2.1,9
2026-08-29,1,585,Herrington,Hull City,DEF,4.0,,,,57,0,2,1.0,0.6,0.0,0.0,0.0,1.17,0,0,0.0,0.0,0,0,5,0.8,7
2026-08-29,1,259,Diop,Ipswich Town,DEF,4.0,,,,90,1,2,1.0,16.8,0.0,0.01,0.01,0.66,0,0,0.0,-0.01,0,1,5,1.0,7
2026-08-29,1,305,Davis,Ipswich Town,DEF,4.0,,,,90,1,2,1.0,4.8,0.0,0.01,0.01,0.66,0,0,0.0,-0.01,0,1,7,1.8,10
2026-08-29,1,306,Greaves,Ipswich Town,DEF,4.0,,,,90,1,2,1.0,1.4,0.0,0.0,0.0,0.66,0,0,0.0,0.0,0,1,7,1.8,12
2026-08-29,1,315,Fatawu,Ipswich Town,MID,5.5,,,,65,1,2,1.0,0.2,0.0,0.41,0.41,0.63,0,0,0.0,-0.41,0,1,7,5.5,22
2026-08-29,1,562,Maeda,Ipswich Town,MID,5.5,,,,79,1,2,1.0,0.4,0.61,0.0,0.61,0.63,0,0,-0.61,0.0,0,1,9,2.1,7
2026-08-29,1,564,Scherpen,Ipswich Town,GK,4.5,,,,90,1,2,1.0,0.6,0.0,0.0,0.0,0.66,0,0,0.0,0.0,0,1,0,1.4,12
2026-08-29,1,350,A.Becker,Liverpool,GK,5.5,,,,180,2,2,1.0,3.8,0.0,0.0,0.0,3.88,0,0,0.0,0.0,0,4,0,1.8,2
2026-08-29,1,406,Kovačić,Man City,MID,5.5,,,,42,0,2,1.0,0.1,0.0,0.02,0.02,0.1,0,0,0.0,-0.02,0,0,2,0.4,12
2026-08-29,1,43,Tielemans,Man Utd,MID,6.0,,,,66,1,2,1.0,2.3,0.04,0.11,0.15,0.94,0,0,-0.04,-0.11,0,2,5,2.0,13
2026-08-29,1,162,Andrey Santos,Man Utd,MID,5.0,,,,66,1,2,1.0,1.0,0.0,0.23,0.23,0.94,0,0,0.0,-0.23,0,2,9,1.8,17
2026-08-29,1,426,B.Fernandes,Man Utd,MID,12.0,,,,90,1,2,1.0,46.8,0.08,0.26,0.34,1.01,0,0,-0.08,-0.26,0,2,6,9.3,18
2026-08-29,1,427,Mbeumo,Man Utd,MID,8.0,,,,90,1,2,1.0,34.2,0.5,0.23,0.73,1.01,0,0,-0.5,-0.23,0,2,4,8.7,12
2026-08-29,1,428,Cunha,Man Utd,MID,8.0,,,,79,1,2,1.0,9.1,0.24,0.21,0.45,1.01,0,0,-0.24,-0.21,0,2,3,6.9,14
2026-08-29,1,405,N.Gonzalez,Newcastle,MID,5.5,,,,70,1,2,1.0,0.2,0.0,0.07,0.07,0.68,0,0,0.0,-0.07,1,0,4,0.0,9
2026-08-29,1,462,Steur,Newcastle,MID,5.0,,,,74,1,2,1.0,0.1,0.0,0.0,0.0,1.84,0,0,0.0,0.0,0,1,5,0.2,7
2026-08-29,1,474,Jair Cunha,Nott'm Forest,DEF,4.5,,,,180,2,2,1.0,0.2,0.0,0.0,0.0,2.22,0,0,0.0,0.0,0,3,16,2.2,11
2026-08-29,1,478,Netz,Nott'm Forest,DEF,4.5,,,,20,0,2,1.0,0.0,0.0,0.0,0.0,0.13,0,0,0.0,0.0,0,1,1,0.1,3
2026-08-29,1,488,I.Sangaré,Nott'm Forest,MID,5.0,,,,90,1,2,1.0,0.8,0.03,0.01,0.04,0.47,0,0,-0.03,-0.01,0,1,6,3.4,10
2026-08-29,1,112,Van Hecke,Spurs,DEF,5.0,,,,180,2,2,1.0,9.3,0.11,0.06,0.17,4.62,0,0,-0.11,-0.06,0,5,16,3.3,11
2026-08-29,1,401,Marmoush,Spurs,FWD,7.0,,,,90,1,2,1.0,1.6,0.17,0.04,0.21,0.75,0,0,-0.17,-0.04,0,2,4,0.0,13
2026-08-29,1,506,Udogie,Spurs,DEF,4.5,,,,26,0,2,1.0,0.5,0.0,0.21,0.21,0.72,0,0,0.0,-0.21,0,1,1,0.0,5
2026-08-29,1,526,Solanke,Spurs,FWD,6.0,,,,37,0,2,1.0,1.3,0.25,0.0,0.25,0.85,0,0,-0.25,0.0,0,0,0,0.5,9
2026-08-29,1,527,Richarlison,Spurs,FWD,6.0,,,,67,1,2,1.0,2.7,0.0,0.0,0.0,3.02,0,0,0.0,0.0,0,3,1,0.2,6
2026-08-29,1,534,Hume,Sunderland,DEF,4.5,,,,79,1,2,1.0,6.2,0.04,0.27,0.31,1.69,0,0,-0.04,-0.27,0,1,4,6.2,14
2026-08-29,1,542,E.Le Fée,Sunderland,MID,6.0,,,,79,1,2,1.0,8.3,0.0,0.03,0.03,1.69,0,0,0.0,-0.03,0,1,2,1.5,13
2026-08-29,1,545,Sadiki,Sunderland,MID,5.0,,,,90,1,2,1.0,0.3,0.06,0.03,0.09,1.8,0,0,-0.06,-0.03,0,2,2,7.2,18
2026-08-29,1,552,Brobbey,Sunderland,FWD,6.0,,,,66,1,2,1.0,12.5,0.3,0.0,0.3,1.69,0,0,-0.3,0.0,0,1,0,1.1,1
2026-08-29,1,9,Hincapie,Arsenal,DEF,5.4,,,,9,0,1,0.5,1.5,0.0,0.0,0.0,0.15,0,0,0.0,0.0,0,0,0,0.1,3
2026-08-29,1,14,Eze,Arsenal,MID,6.4,,,,14,0,1,0.5,1.7,0.04,0.0,0.04,0.15,0,0,-0.04,0.0,0,0,2,0.1,4
2026-08-29,1,16,Madueke,Arsenal,MID,6.4,,,,22,0,1,0.5,0.3,0.0,0.04,0.04,0.15,0,0,0.0,-0.04,0,0,2,5.3,8
2026-08-29,1,17,Merino,Arsenal,MID,5.9,,,,14,0,1,0.5,0.6,0.14,0.02,0.16,0.15,0,0,-0.14,-0.02,0,0,2,1.9,5
2026-08-29,1,19,Zubimendi,Arsenal,MID,5.4,,,,22,0,1,0.5,0.9,0.0,0.02,0.02,0.15,0,0,0.0,-0.02,0,0,3,0.6,3
2026-08-29,1,29,M.Bizot,Aston Villa,GK,4.5,,,,90,1,1,0.5,0.1,0.0,0.0,0.0,3.77,0,0,0.0,0.0,0,4,0,2.8,1
2026-08-29,1,33,Mings,Aston Villa,DEF,4.5,,,,16,0,1,0.5,0.4,0.0,0.0,0.0,0.22,0,0,0.0,0.0,0,0,1,0.2,5
2026-08-29,1,35,Bogarde,Aston Villa,MID,5.0,,,,16,0,1,0.5,0.1,0.0,0.0,0.0,0.22,0,0,0.0,0.0,0,0,1,0.3,3
2026-08-29,1,45,McGinn,Aston Villa,MID,5.5,,,,81,1,1,0.5,2.7,0.04,0.01,0.05,3.62,0,0,-0.04,-0.01,0,4,6,0.5,8
2026-08-29,1,52,Alysson,Aston Villa,MID,5.0,,,,8,0,1,0.5,0.0,0.0,0.0,0.0,0.14,0,0,0.0,0.0,0,0,3,0.4,5
2026-08-29,1,160,Garnacho,Aston Villa,MID,6.0,,,,4,0,1,0.5,0.5,0.0,0.0,0.0,0.14,0,0,0.0,0.0,0,0,0,0.0,2
2026-08-29,1,596,Ruggeri,Aston Villa,DEF,4.5,,,,8,0,1,0.5,0.1,0.0,0.0,0.0,0.14,0,0,0.0,0.0,0,0,2,0.4,3
2026-08-29,1,72,Gannon-Doak,Bournemouth,MID,5.0,,,,1,0,1,0.5,0.1,0.0,0.0,0.0,0.19,0,0,0.0,0.0,0,1,1,0.2,3
2026-08-29,1,74,Brooks,Bournemouth,MID,5.0,,,,9,0,1,0.5,0.1,0.0,0.01,0.01,0.18,0,0,0.0,-0.01,0,1,0,0.0,3
2026-08-29,1,75,Christie,Bournemouth,MID,5.0,,,,3,0,1,0.5,0.0,0.0,0.0,0.0,0.12,0,0,0.0,0.0,0,1,2,0.0,5
2026-08-29,1,76,Tóth.A,Bournemouth,MID,5.0,,,,15,0,1,0.5,0.0,0.0,0.0,0.0,0.31,0,0,0.0,0.0,0,2,2,0.3,5
2026-08-29,1,81,Rodríguez,Bournemouth,FWD,6.0,,,,9,0,1,0.5,0.1,0.0,0.0,0.0,0.18,0,0,0.0,0.0,0,1,1,0.0,4
2026-08-29,1,608,Jebbison,Bournemouth,FWD,5.0,,,,15,0,1,0.5,0.1,0.1,0.0,0.1,0.31,0,0,-0.1,0.0,0,2,1,2.1,6
2026-08-29,1,90,Hickey,Brentford,DEF,4.5,,,,14,0,1,0.5,0.1,0.0,0.0,0.0,0.1,0,0,0.0,0.0,0,0,0,0.0,2
2026-08-29,1,96,Damsgaard,Brentford,MID,5.5,,,,14,0,1,0.5,0.5,0.0,0.11,0.11,0.1,0,0,0.0,-0.11,0,0,4,3.4,6
2026-08-29,1,102,Yarmoliuk,Brentford,MID,5.0,,,,23,0,1,0.5,1.1,0.04,0.0,0.04,0.1,0,0,-0.04,0.0,0,0,6,0.6,7
2026-08-29,1,105,Anthony,Brentford,MID,6.0,,,,23,0,1,0.5,0.2,0.03,0.35,0.38,0.1,0,0,-0.03,-0.35,0,0,8,4.7,9
2026-08-29,1,108,Wilson,Brentford,FWD,5.5,,,,7,0,1,0.5,0.4,0.03,0.04,0.07,0.07,0,0,-0.03,-0.04,0,0,0,1.8,4
2026-08-29,1,119,Costinha,Brighton,DEF,4.5,,,,26,0,1,0.5,0.0,0.12,0.0,0.12,0.1,0,0,-0.12,0.0,0,0,4,2.8,7
2026-08-29,1,135,Yohanna,Brighton,MID,5.0,,,,12,0,1,0.5,0.1,0.0,0.03,0.03,0.0,0,0,0.0,-0.03,0,0,0,0.2,3
2026-08-29,1,138,Kostoulas,Brighton,FWD,5.5,,,,26,0,1,0.5,0.2,0.18,0.0,0.18,0.1,0,0,-0.18,0.0,0,0,2,0.9,-1
2026-08-29,1,600,Osman,Brighton,MID,5.0,,,,12,0,1,0.5,0.0,0.0,0.05,0.05,0.0,0,0,0.0,-0.05,0,0,2,2.4,7
2026-08-29,1,605,Yalcouyé,Brighton,MID,4.5,,,,4,0,1,0.5,0.1,0.0,0.01,0.01,0.0,0,0,0.0,-0.01,0,0,0,0.3,3
2026-08-29,1,144,Gusto,Chelsea,DEF,5.0,,,,75,1,1,0.5,1.2,0.0,0.03,0.03,1.11,0,0,0.0,-0.03,0,2,3,2.3,2
2026-08-29,1,148,Hato,Chelsea,DEF,4.5,,,,64,1,1,0.5,0.5,0.01,0.03,0.04,1.05,0,0,-0.01,-0.03,0,2,3,3.2,5
2026-08-29,1,155,Enzo,Chelsea,MID,7.0,,,,25,0,1,0.5,4.2,0.0,0.02,0.02,0.28,0,0,0.0,-0.02,0,0,3,1.5,6
2026-08-29,1,156,Neto,Chelsea,MID,6.5,,,,14,0,1,0.5,1.2,0.03,0.07,0.1,0.22,0,0,-0.03,-0.07,0,0,4,1.3,9
2026-08-29,1,157,Estêvão,Chelsea,MID,6.5,,,,7,0,1,0.5,1.1,0.0,0.0,0.0,0.09,0,0,0.0,0.0,0,0,1,0.1,3
2026-08-29,1,161,Lavia,Chelsea,MID,5.0,,,,64,1,1,0.5,0.1,0.21,0.03,0.24,1.05,0,0,-0.21,-0.03,0,2,9,6.9,8
2026-08-29,1,164,Quenda,Chelsea,MID,5.5,,,,8,0,1,0.5,0.0,0.0,0.0,0.0,0.09,0,0,0.0,0.0,0,0,1,0.4,2
2026-08-29,1,583,Chavarria,Chelsea,DEF,5.0,,,,25,0,1,0.5,0.2,0.0,0.0,0.0,0.28,0,0,0.0,0.0,0,0,1,0.5,3
2026-08-29,1,91,Pinnock,Coventry City,DEF,4.5,,,,12,0,1,0.5,0.1,0.0,0.0,0.0,0.54,0,0,0.0,0.0,0,1,2,0.0,-1
2026-08-29,1,185,Sakamoto,Coventry City,MID,5.0,,,,31,0,1,0.5,0.1,0.02,0.02,0.04,0.69,0,0,-0.02,-0.02,0,1,4,0.0,8
2026-08-29,1,186,Mason-Clark,Coventry City,MID,5.5,,,,57,1,1,0.5,0.1,0.0,0.06,0.06,0.04,0,0,0.0,-0.06,0,0,3,0.0,4
2026-08-29,1,153,Disasi,Crystal Palace,DEF,4.5,,,,16,0,1,0.5,0.1,0.0,0.0,0.0,0.2,0,0,0.0,0.0,0,1,1,0.0,-2
2026-08-29,1,203,Canvot,Crystal Palace,DEF,5.0,,,,180,2,1,0.5,0.3,0.05,0.01,0.06,3.33,0,0,-0.05,-0.01,0,6,15,3.8,8
2026-08-29,1,204,Mitchell,Crystal Palace,DEF,4.5,,,,180,2,1,0.5,5.4,0.11,0.17,0.28,3.33,0,0,-0.11,-0.17,0,6,10,2.7,1
2026-08-29,1,206,Chadi Riad,Crystal Palace,DEF,4.4,,,,72,1,1,0.5,0.0,0.0,0.01,0.01,0.98,0,0,0.0,-0.01,0,2,7,1.4,7
2026-08-29,1,207,Mingueza,Crystal Palace,DEF,4.5,,,,15,0,1,0.5,0.1,0.0,0.0,0.0,0.2,0,0,0.0,0.0,0,1,1,0.0,1
2026-08-29,1,595,Gozo,Crystal Palace,MID,5.0,,,,22,0,1,0.5,0.0,0.0,0.0,0.0,0.2,0,0,0.0,0.0,0,1,1,0.0,3
2026-08-29,1,240,Iroegbunam,Everton,MID,5.0,,,,3,0,1,0.5,0.0,0.0,0.0,0.0,0.0,0,0,0.0,0.0,0,0,0,0.0,2
2026-08-29,1,243,Alcaraz,Everton,MID,5.0,,,,4,0,1,0.5,0.1,0.05,0.0,0.05,0.04,0,0,-0.05,0.0,0,0,3,2.2,5
2026-08-29,1,254,Robinson,Fulham,DEF,4.5,,,,81,1,1,0.5,1.7,0.13,0.04,0.17,2.21,0,0,-0.13,-0.04,0,3,7,5.0,4
2026-08-29,1,263,Kevin,Fulham,MID,5.5,,,,17,0,1,0.5,0.1,0.0,0.01,0.01,0.03,0,0,0.0,-0.01,0,0,3,0.7,2
2026-08-29,1,269,Sessegnon,Fulham,DEF,4.5,,,,17,0,1,0.5,0.4,0.03,0.0,0.03,0.03,0,0,-0.03,0.0,0,0,1,2.6,7
2026-08-29,1,271,Muniz,Fulham,FWD,5.5,,,,8,0,1,0.5,0.5,0.02,0.0,0.02,0.03,0,0,-0.02,0.0,0,0,1,2.5,6
2026-08-29,1,580,Charles,Fulham,MID,5.0,,,,23,0,1,0.5,0.1,0.0,0.0,0.0,0.03,0,0,0.0,0.0,0,0,3,0.5,5
2026-08-29,1,285,McNair,Hull City,DEF,4.0,,,,26,0,1,0.5,0.1,0.0,0.0,0.0,0.96,0,0,0.0,0.0,0,0,2,0.4,3
2026-08-29,1,556,Targett,Hull City,DEF,4.0,,,,5,0,1,0.5,2.2,0.0,0.0,0.0,0.07,0,0,0.0,0.0,0,0,0,0.0,3
2026-08-29,1,563,Morita,Hull City,MID,5.0,,,,45,1,1,0.5,0.0,0.0,0.0,0.0,1.08,0,0,0.0,0.0,0,0,3,0.0,6
2026-08-29,1,589,Gourna-Douath,Hull City,MID,5.0,,,,45,0,1,0.5,0.0,0.0,0.01,0.01,0.21,0,0,0.0,-0.01,0,0,7,0.0,7
2026-08-29,1,617,Cho,Hull City,MID,5.0,,,,7,0,1,1.0,0.0,0.0,0.0,0.0,0.18,0,0,0.0,0.0,0,0,0,0.0,3
2026-08-29,1,320,Akpom,Ipswich Town,FWD,5.0,,,,24,0,1,0.5,0.5,0.0,0.0,0.0,0.03,0,0,0.0,0.0,0,0,3,0.3,3
2026-08-29,1,321,Walle Egeli,Ipswich Town,FWD,4.5,,,,10,0,1,0.5,2.6,0.0,0.0,0.0,0.03,0,0,0.0,0.0,0,0,0,0.0,3
2026-08-29,1,323,McAteer,Ipswich Town,MID,4.5,,,,24,0,1,0.5,1.3,0.0,0.0,0.0,0.03,0,0,0.0,0.0,0,0,3,0.3,4
2026-08-29,1,592,Ouattara,Ipswich Town,DEF,4.0,,,,10,0,1,0.5,1.0,0.0,0.0,0.0,0.03,0,0,0.0,0.0,0,0,2,1.5,4
2026-08-29,1,336,Okafor,Leeds,MID,6.0,,,,24,0,1,0.5,0.4,0.0,0.16,0.16,0.13,0,0,0.0,-0.16,0,0,5,2.8,10
2026-08-29,1,339,Longstaff,Leeds,MID,5.0,,,,8,0,1,0.5,0.1,0.0,0.0,0.0,0.07,0,0,0.0,0.0,0,0,0,0.0,3
2026-08-29,1,346,Calvert-Lewin,Leeds,FWD,6.0,,,,90,1,1,0.5,27.9,0.13,0.0,0.13,0.66,0,0,-0.13,0.0,1,0,2,0.7,-2
2026-08-29,1,357,Frimpong,Liverpool,DEF,5.5,,,,160,2,1,0.5,3.4,0.01,0.11,0.12,3.81,0,0,-0.01,-0.11,0,4,8,6.1,12
2026-08-29,1,358,Kerkez,Liverpool,DEF,5.5,,,,160,2,1,0.5,3.4,0.02,0.03,0.05,3.81,0,0,-0.02,-0.03,0,4,15,4.4,12
2026-08-29,1,364,Tsimikas,Liverpool,DEF,5.0,,,,19,0,1,0.5,0.1,0.04,0.01,0.05,0.07,0,0,-0.04,-0.01,0,0,0,0.0,4
2026-08-29,1,375,Nyoni,Liverpool,MID,5.0,,,,13,0,1,0.5,0.0,0.0,0.0,0.0,0.07,0,0,0.0,0.0,0,0,5,0.0,3
2026-08-29,1,381,Koumas,Liverpool,MID,5.0,,,,12,0,1,0.5,0.0,0.03,0.0,0.03,0.48,0,0,-0.03,0.0,0,0,1,0.9,4
2026-08-29,1,579,Araujo,Liverpool,DEF,5.5,,,,33,0,1,0.5,2.6,0.0,0.04,0.04,0.61,0,0,0.0,-0.04,0,0,5,1.4,2
2026-08-29,1,238,Grealish,Man City,MID,6.5,,,,8,0,1,0.5,0.2,0.0,0.0,0.0,0.0,0,0,0.0,0.0,0,0,1,0.2,2
2026-08-29,1,389,Matheus N.,Man City,DEF,6.0,,,,33,0,1,0.5,1.3,0.0,0.04,0.04,0.1,0,0,0.0,-0.04,0,0,1,0.9,4
2026-08-29,1,395,Lewis,Man City,DEF,4.5,,,,56,1,1,0.5,0.2,0.17,0.02,0.19,0.55,0,0,-0.17,-0.02,0,1,2,4.7,-1
2026-08-29,1,396,Vitor Reis,Man City,DEF,4.5,,,,1,0,1,0.5,0.0,0.0,0.0,0.0,0.0,0,0,0.0,0.0,0,0,0,0.0,3
2026-08-29,1,616,Bouaddi,Man City,MID,5.5,,,,8,0,1,1.0,0.1,0.0,0.12,0.12,0.0,0,0,0.0,-0.12,0,0,1,0.0,3
2026-08-29,1,621,McAidoo,Man City,MID,4.5,,,,8,0,1,1.0,0.0,0.1,0.0,0.1,0.0,0,0,-0.1,0.0,0,0,0,0.0,3
2026-08-29,1,622,Braithwaite,Man City,DEF,4.0,,,,1,0,1,1.0,0.0,0.0,0.0,0.0,0.0,0,0,0.0,0.0,0,0,0,0.0,3
2026-08-29,1,412,Lammens,Man Utd,GK,5.0,,,,90,1,1,0.5,15.4,0.0,0.0,0.0,1.01,0,0,0.0,0.0,0,2,0,2.0,7
2026-08-29,1,417,Dalot,Man Utd,DEF,5.0,,,,10,0,1,0.5,2.4,0.0,0.0,0.0,0.0,0,0,0.0,0.0,0,0,3,1.9,6
2026-08-29,1,418,Maguire,Man Utd,DEF,5.0,,,,90,1,1,0.5,16.6,0.04,0.4,0.44,1.01,0,0,-0.04,-0.4,0,2,4,7.3,15
2026-08-29,1,421,Heaven,Man Utd,DEF,4.5,,,,90,1,1,0.5,0.4,0.12,0.04,0.16,1.01,0,0,-0.12,-0.04,0,2,2,2.0,5
2026-08-29,1,422,Mazraoui,Man Utd,DEF,4.5,,,,79,1,1,0.5,0.7,0.22,0.05,0.27,1.01,0,0,-0.22,-0.05,0,2,5,5.6,8
2026-08-29,1,423,Shaw,Man Utd,DEF,4.5,,,,90,1,1,0.5,19.2,0.0,0.26,0.26,1.01,0,0,0.0,-0.26,0,2,4,9.0,13
2026-08-29,1,429,Rashford,Man Utd,MID,7.0,,,,45,0,1,0.5,1.6,0.0,0.1,0.1,0.09,0,0,0.0,-0.1,0,0,1,6.4,9
2026-08-29,1,432,Mainoo,Man Utd,MID,5.5,,,,23,0,1,0.5,0.9,0.07,0.01,0.08,0.07,0,0,-0.07,-0.01,0,0,1,0.7,7
2026-08-29,1,435,Lacey,Man Utd,MID,5.0,,,,10,0,1,0.5,0.1,0.0,0.0,0.0,0.0,0,0,0.0,0.0,0,0,1,0.1,3
2026-08-29,1,439,Šeško,Man Utd,FWD,7.0,,,,23,0,1,0.5,1.9,0.04,0.0,0.04,0.07,0,0,-0.04,0.0,0,0,0,0.9,2
2026-08-29,1,446,Schär,Newcastle,DEF,5.0,,,,1,0,1,0.5,0.3,0.0,0.0,0.0,0.79,0,0,0.0,0.0,0,1,0,0.0,-1
2026-08-29,1,456,J.Ramsey,Newcastle,MID,5.0,,,,42,0,1,0.5,0.3,0.06,0.14,0.2,1.86,0,0,-0.06,-0.14,0,1,7,1.3,4
2026-08-29,1,457,J.Murphy,Newcastle,MID,6.0,,,,22,0,1,0.5,0.2,0.0,0.2,0.2,1.4,0,0,0.0,-0.2,0,1,5,0.1,2
2026-08-29,1,461,Touré,Newcastle,MID,6.0,,,,1,0,1,0.5,0.2,0.0,0.0,0.0,0.0,0,0,0.0,0.0,0,0,0,0.0,3
2026-08-29,1,559,Bamba,Newcastle,MID,5.0,,,,14,0,1,0.5,0.1,0.0,0.0,0.0,1.04,0,0,0.0,0.0,0,1,2,0.4,5
2026-08-29,1,167,Delap,Nott'm Forest,FWD,5.5,,,,24,0,1,0.5,0.5,0.06,0.0,0.06,0.33,0,0,-0.06,0.0,0,1,0,0.0,9
2026-08-29,1,482,Hudson-Odoi,Nott'm Forest,MID,5.9,,,,1,0,1,0.5,0.2,0.0,0.0,0.0,0.0,0,0,0.0,0.0,0,0,0,0.0,2
2026-08-29,1,487,Dominguez,Nott'm Forest,MID,5.0,,,,1,0,1,0.5,0.1,0.0,0.0,0.0,0.0,0,0,0.0,0.0,0,0,0,0.0,3
2026-08-29,1,490,Wood,Nott'm Forest,FWD,6.0,,,,28,0,1,0.5,1.5,0.12,0.01,0.13,0.22,0,0,-0.12,-0.01,0,1,1,0.4,3
2026-08-29,1,493,Kalimuendo,Nott'm Forest,FWD,5.5,,,,1,0,1,0.5,0.1,0.0,0.0,0.0,0.0,0,0,0.0,0.0,0,0,0,0.0,3
2026-08-29,1,499,Pedro Porro,Spurs,DEF,5.5,,,,90,1,1,0.5,13.4,0.19,0.1,0.29,0.75,0,0,-0.19,-0.1,0,2,4,0.0,4
2026-08-29,1,512,Kudus,Spurs,MID,6.5,,,,22,0,1,0.5,0.1,0.04,0.01,0.05,0.28,0,0,-0.04,-0.01,0,1,2,0.0,4
2026-08-29,1,515,Maddison,Spurs,MID,6.4,,,,22,0,1,0.5,0.9,0.0,0.01,0.01,0.85,0,0,0.0,-0.01,0,0,2,2.1,6
2026-08-29,1,520,Bergvall,Spurs,MID,5.5,,,,45,1,1,0.5,0.2,0.0,0.01,0.01,1.7,0,0,0.0,-0.01,0,2,8,0.0,2
2026-08-29,1,529,Roefs,Sunderland,GK,5.0,,,,90,1,1,0.5,3.8,0.0,0.0,0.0,1.8,0,0,0.0,0.0,0,2,0,1.5,7
2026-08-29,1,535,Alderete,Sunderland,DEF,5.0,,,,23,0,1,0.5,0.4,0.0,0.01,0.01,0.1,0,0,0.0,-0.01,0,1,0,0.0,2
2026-08-29,1,536,Reinildo,Sunderland,DEF,4.5,,,,90,1,1,0.5,0.4,0.0,0.29,0.29,1.8,0,0,0.0,-0.29,0,2,8,5.5,9
2026-08-29,1,539,O'Nien,Sunderland,DEF,4.0,,,,66,1,1,0.5,3.4,0.01,0.01,0.02,1.69,0,0,-0.01,-0.01,0,1,5,1.7,1
2026-08-29,1,541,Meunier,Sunderland,DEF,4.5,,,,90,1,1,0.5,0.3,0.08,0.08,0.16,1.8,0,0,-0.08,-0.08,0,2,4,3.0,5
2026-08-29,1,543,Diarra,Sunderland,MID,5.5,,,,10,0,1,0.5,0.1,0.03,0.0,0.03,0.1,0,0,-0.03,0.0,0,1,0,0.3,3
2026-08-29,1,548,Rigg,Sunderland,MID,5.0,,,,10,0,1,0.5,0.1,0.0,0.0,0.0,0.1,0,0,0.0,0.0,0,1,1,0.0,3
2026-08-29,1,549,Talbi,Sunderland,MID,5.5,,,,31,0,1,0.5,0.2,0.0,0.0,0.0,0.14,0,0,0.0,0.0,0,1,2,0.0,1
2026-08-29,1,553,Isidor,Sunderland,FWD,5.5,,,,23,0,1,0.5,0.9,0.0,0.0,0.0,0.1,0,0,0.0,0.0,0,1,0,0.0,3
2026-08-29,1,2,Arrizabalaga,Arsenal,GK,5.0,,,,0,0,0,0.0,0.1,0.0,0.0,0.0,0.0,0,0,0.0,0.0,0,0,0,0.0,0
2026-08-29,1,3,Meslier,Arsenal,GK,5.0,,,,0,0,0,0.0,0.0,0.0,0.0,0.0,0.0,0,0,0.0,0.0,0,0,0,0.0,0
2026-08-29,1,5,J.Timber,Arsenal,DEF,6.5,,,,0,0,0,0.0,0.1,0.0,0.0,0.0,0.0,0,0,0.0,0.0,0,0,0,0.0,0
2026-08-29,1,6,Saliba,Arsenal,DEF,6.0,,,,0,0,0,0.0,0.3,0.0,0.0,0.0,0.0,0,0,0.0,0.0,0,0,0,0.0,0
2026-08-29,1,18,Martinelli,Arsenal,MID,6.4,,,,0,0,0,0.0,0.2,0.0,0.0,0.0,0.0,0,0,0.0,0.0,0,0,0,0.0,0
2026-08-29,1,20,Dowman,Arsenal,MID,5.4,,,,0,0,0,0.0,0.1,0.0,0.0,0.0,0.0,0,0,0.0,0.0,0,0,0,0.0,0
2026-08-29,1,22,Nwaneri,Arsenal,MID,5.5,,,,0,0,0,0.0,0.0,0.0,0.0,0.0,0.0,0,0,0.0,0.0,0,0,0,0.0,0
2026-08-29,1,23,Fábio Vieira,Arsenal,MID,5.5,,,,0,0,0,0.0,0.0,0.0,0.0,0.0,0.0,0,0,0.0,0.0,0,0,0,0.0,0
2026-08-29,1,24,Nelson,Arsenal,MID,5.5,,,,0,0,0,0.0,0.0,0.0,0.0,0.0,0.0,0,0,0.0,0.0,0,0,0,0.0,0
2026-08-29,1,25,Gyökeres,Arsenal,FWD,7.4,,,,0,0,0,0.0,6.4,0.0,0.0,0.0,0.0,0,0,0.0,0.0,0,0,0,0.0,0
2026-08-29,1,27,G.Jesus,Arsenal,FWD,6.0,,,,0,0,0,0.0,0.3,0.0,0.0,0.0,0.0,0,0,0.0,0.0,0,0,0,0.0,0
2026-08-29,1,31,Konsa,Arsenal,DEF,4.5,,,,0,0,0,0.0,10.6,0.0,0.0,0.0,0.0,0,0,0.0,0.0,0,0,0,0.0,0
2026-08-29,1,452,Bruno G.,Arsenal,MID,6.9,,,,0,0,0,0.0,2.6,0.0,0.0,0.0,0.0,0,0,0.0,0.0,0,0,0,0.0,0
2026-08-29,1,28,Martinez,Aston Villa,GK,5.0,,,,0,0,0,0.0,4.1,0.0,0.0,0.0,0.0,0,0,0.0,0.0,0,0,0,0.0,0
2026-08-29,1,30,Digne,Aston Villa,DEF,4.5,,,,0,0,0,0.0,0.1,0.0,0.0,0.0,0.0,0,0,0.0,0.0,0,0,0,0.0,0
2026-08-29,1,34,Pau,Aston Villa,DEF,4.5,,,,73,1,0,0.0,0.4,0.0,0.0,0.0,3.55,0,0,0.0,0.0,0,4,5,0.0,-14
2026-08-29,1,36,Maatsen,Aston Villa,DEF,4.5,,,,81,1,0,0.0,0.7,0.03,0.0,0.03,3.62,0,0,-0.03,0.0,0,4,9,1.3,-9
2026-08-29,1,38,A.García,Aston Villa,DEF,4.0,,,,0,0,0,0.0,1.7,0.0,0.0,0.0,0.0,0,0,0.0,0.0,0,0,0,0.0,0
2026-08-29,1,39,Nedeljkovic,Aston Villa,DEF,4.0,,,,0,0,0,0.0,0.2,0.0,0.0,0.0,0.0,0,0,0.0,0.0,0,0,0,0.0,0
2026-08-29,1,44,Bailey,Aston Villa,MID,5.5,,,,0,0,0,0.0,0.1,0.0,0.0,0.0,0.0,0,0,0.0,0.0,0,0,0,0.0,0
2026-08-29,1,48,Onana,Aston Villa,MID,5.0,,,,0,0,0,0.0,0.0,0.0,0.0,0.0,0.0,0,0,0.0,0.0,0,0,0,0.0,0
2026-08-29,1,49,Iling Jr,Aston Villa,MID,5.0,,,,0,0,0,0.0,0.0,0.0,0.0,0.0,0.0,0,0,0.0,0.0,0,0,0,0.0,0
2026-08-29,1,50,Burrowes,Aston Villa,MID,4.5,,,,0,0,0,0.0,0.7,0.0,0.0,0.0,0.0,0,0,0.0,0.0,0,0,0,0.0,0
2026-08-29,1,53,Manzambi,Aston Villa,MID,6.0,,,,0,0,0,0.0,0.2,0.0,0.0,0.0,0.0,0,0,0.0,0.0,0,0,0,0.0,0
2026-08-29,1,55,Watkins,Aston Villa,FWD,7.9,,,,0,0,0,0.0,7.1,0.0,0.0,0.0,0.0,0,0,0.0,0.0,0,0,0,0.0,0
2026-08-29,1,56,Abraham,Aston Villa,FWD,5.5,,,,0,0,0,0.0,0.1,0.0,0.0,0.0,0.0,0,0,0.0,0.0,0,0,0,0.0,0
2026-08-29,1,166,N.Jackson,Aston Villa,FWD,6.5,,,,0,0,0,0.0,0.5,0.0,0.0,0.0,0.0,0,0,0.0,0.0,0,0,0,0.0,0
2026-08-29,1,582,Madjo,Aston Villa,FWD,5.5,,,,0,0,0,0.0,0.4,0.0,0.0,0.0,0.0,0,0,0.0,0.0,0,0,0,0.0,0
2026-08-29,1,597,Suzuki,Aston Villa,GK,5.0,,,,0,0,0,0.0,0.8,0.0,0.0,0.0,0.0,0,0,0.0,0.0,0,0,0,0.0,0
2026-08-29,1,606,Rowe,Aston Villa,DEF,4.0,,,,0,0,0,0.0,0.1,0.0,0.0,0.0,0.0,0,0,0.0,0.0,0,0,0,0.0,0
2026-08-29,1,607,Lynch,Aston Villa,MID,4.5,,,,0,0,0,0.0,0.1,0.0,0.0,0.0,0.0,0,0,0.0,0.0,0,0,0,0.0,0
2026-08-29,1,611,Wan-Bissaka,Aston Villa,DEF,4.5,,,,0,0,0,0.0,0.1,0.0,0.0,0.0,0.0,0,0,0.0,0.0,0,0,0,0.0,0
2026-08-29,1,618,Goretzka,Aston Villa,MID,6.0,,,,0,0,0,0.0,0.0,0.0,0.0,0.0,0.0,0,0,0.0,0.0,0,0,0,0.0,0
2026-08-29,1,58,Forster,Bournemouth,GK,4.0,,,,0,0,0,0.0,3.2,0.0,0.0,0.0,0.0,0,0,0.0,0.0,0,0,0,0.0,0
2026-08-29,1,59,Dennis,Bournemouth,GK,4.0,,,,0,0,0,0.0,0.2,0.0,0.0,0.0,0.0,0,0,0.0,0.0,0,0,0,0.0,0
2026-08-29,1,62,Diakité,Bournemouth,DEF,5.0,,,,0,0,0,0.0,0.2,0.0,0.0,0.0,0.0,0,0,0.0,0.0,0,0,0,0.0,0
2026-08-29,1,63,Milosavljević,Bournemouth,DEF,5.0,,,,0,0,0,0.0,0.0,0.0,0.0,0.0,0.0,0,0,0.0,0.0,0,0,0,0.0,0
2026-08-29,1,65,J.Araujo,Bournemouth,DEF,4.5,,,,0,0,0,0.0,0.0,0.0,0.0,0.0,0.0,0,0,0.0,0.0,0,0,0,0.0,0
2026-08-29,1,66,Soler,Bournemouth,DEF,4.0,,,,0,0,0,0.0,0.2,0.0,0.0,0.0,0.0,0,0,0.0,0.0,0,0,0,0.0,0
2026-08-29,1,77,Adli,Bournemouth,MID,5.0,,,,0,0,0,0.0,0.0,0.0,0.0,0.0,0.0,0,0,0.0,0.0,0,0,0,0.0,0
2026-08-29,1,78,Kroupi.Jr,Bournemouth,MID,7.5,,,,0,0,0,0.0,0.3,0.0,0.0,0.0,0.0,0,0,0.0,0.0,0,0,0,0.0,0
2026-08-29,1,80,Enes Ünal,Bournemouth,FWD,5.5,,,,0,0,0,0.0,0.0,0.0,0.0,0.0,0.0,0,0,0.0,0.0,0,0,0,0.0,0
2026-08-29,1,573,Sanchez,Bournemouth,DEF,4.5,,,,0,0,0,0.0,0.2,0.0,0.0,0.0,0.0,0,0,0.0,0.0,0,0,0,0.0,0
2026-08-29,1,615,Di Gregorio,Bournemouth,GK,4.5,,,,0,0,0,0.0,0.0,0.0,0.0,0.0,0.0,0,0,0.0,0.0,0,0,0,0.0,0
2026-08-29,1,83,Valdimarsson,Brentford,GK,4.5,,,,0,0,0,0.0,0.1,0.0,0.0,0.0,0.0,0,0,0.0,0.0,0,0,0,0.0,0
2026-08-29,1,85,Van den Berg,Brentford,DEF,5.0,,,,0,0,0,0.0,0.1,0.0,0.0,0.0,0.0,0,0,0.0,0.0,0,0,0,0.0,0
2026-08-29,1,89,Henry,Brentford,DEF,4.5,,,,0,0,0,0.0,0.2,0.0,0.0,0.0,0.0,0,0,0.0,0.0,0,0,0,0.0,0
2026-08-29,1,92,Ji-soo,Brentford,DEF,4.5,,,,0,0,0,0.0,0.0,0.0,0.0,0.0,0.0,0,0,0.0,0.0,0,0,0,0.0,0
2026-08-29,1,93,Schuster,Brentford,DEF,4.5,,,,0,0,0,0.0,0.2,0.0,0.0,0.0,0.0,0,0,0.0,0.0,0,0,0,0.0,0
2026-08-29,1,99,Milambo,Brentford,MID,5.0,,,,0,0,0,0.0,0.0,0.0,0.0,0.0,0.0,0,0,0.0,0.0,0,0,0,0.0,0
2026-08-29,1,100,Carvalho,Brentford,MID,5.0,,,,0,0,0,0.0,0.0,0.0,0.0,0.0,0.0,0,0,0.0,0.0,0,0,0,0.0,0
2026-08-29,1,103,Dasilva,Brentford,MID,5.0,,,,0,0,0,0.0,0.0,0.0,0.0,0.0,0.0,0,0,0.0,0.0,0,0,0,0.0,0
2026-08-29,1,106,Thiago,Brentford,FWD,8.0,,,,82,1,0,0.0,16.2,1.0,0.08,1.08,0.5,0,0,-1.0,-0.08,1,0,5,1.4,-3
2026-08-29,1,107,Furo,Brentford,FWD,4.5,,,,0,0,0,0.0,0.9,0.0,0.0,0.0,0.0,0,0,0.0,0.0,0,0,0,0.0,0
2026-08-29,1,620,Diouf,Brentford,DEF,4.5,,,,0,0,0,0.0,0.0,0.0,0.0,0.0,0.0,0,0,0.0,0.0,0,0,0,0.0,0
2026-08-29,1,111,Steele,Brighton,GK,4.0,,,,0,0,0,0.0,4.0,0.0,0.0,0.0,0.0,0,0,0.0,0.0,0,0,0,0.0,0
2026-08-29,1,113,F.Kadıoğlu,Brighton,DEF,4.4,,,,0,0,0,0.0,2.2,0.0,0.0,0.0,0.0,0,0,0.0,0.0,0,0,0,0.0,0
2026-08-29,1,117,Coppola,Brighton,DEF,4.5,,,,0,0,0,0.0,0.0,0.0,0.0,0.0,0.0,0,0,0.0,0.0,0,0,0,0.0,0
2026-08-29,1,118,Igor,Brighton,DEF,4.5,,,,0,0,0,0.0,0.1,0.0,0.0,0.0,0.0,0,0,0.0,0.0,0,0,0,0.0,0
2026-08-29,1,120,Svoboda,Brighton,DEF,5.0,,,,0,0,0,0.0,0.1,0.0,0.0,0.0,0.0,0,0,0.0,0.0,0,0,0,0.0,0
2026-08-29,1,121,Mitoma,Brighton,MID,6.0,,,,0,0,0,0.0,0.0,0.0,0.0,0.0,0.0,0,0,0.0,0.0,0,0,0,0.0,0
2026-08-29,1,122,Minteh,Brighton,MID,5.9,,,,0,0,0,0.0,0.1,0.0,0.0,0.0,0.0,0,0,0.0,0.0,0,0,0,0.0,0
2026-08-29,1,126,O'Riley,Brighton,MID,5.5,,,,0,0,0,0.0,0.1,0.0,0.0,0.0,0.0,0,0,0.0,0.0,0,0,0,0.0,0
2026-08-29,1,128,Buonanotte,Brighton,MID,5.0,,,,0,0,0,0.0,0.0,0.0,0.0,0.0,0.0,0,0,0.0,0.0,0,0,0,0.0,0
2026-08-29,1,132,Howell,Brighton,MID,4.5,,,,0,0,0,0.0,0.1,0.0,0.0,0.0,0.0,0,0,0.0,0.0,0,0,0,0.0,0
2026-08-29,1,133,Watson,Brighton,MID,5.0,,,,0,0,0,0.0,0.0,0.0,0.0,0.0,0.0,0,0,0.0,0.0,0,0,0,0.0,0
2026-08-29,1,134,Oriola,Brighton,MID,4.5,,,,0,0,0,0.0,0.3,0.0,0.0,0.0,0.0,0,0,0.0,0.0,0,0,0,0.0,0
2026-08-29,1,137,Tzimas,Brighton,FWD,5.5,,,,0,0,0,0.0,0.0,0.0,0.0,0.0,0.0,0,0,0.0,0.0,0,0,0,0.0,0
2026-08-29,1,139,Ferguson,Brighton,FWD,5.0,,,,0,0,0,0.0,0.0,0.0,0.0,0.0,0.0,0,0,0.0,0.0,0,0,0,0.0,0
2026-08-29,1,328,Struijk,Brighton,DEF,5.0,,,,0,0,0,0.0,0.2,0.0,0.0,0.0,0.0,0,0,0.0,0.0,0,0,0,0.0,0
2026-08-29,1,594,David,Brighton,FWD,6.0,,,,0,0,0,0.0,0.3,0.0,0.0,0.0,0.0,0,0,0.0,0.0,0,0,0,0.0,0
2026-08-29,1,614,Hadjam,Brighton,DEF,4.5,,,,0,0,0,0.0,0.0,0.0,0.0,0.0,0.0,0,0,0.0,0.0,0,0,0,0.0,0
2026-08-29,1,101,Henderson,Chelsea,MID,5.0,,,,0,0,0,0.0,0.0,0.0,0.0,0.0,0.0,0,0,0.0,0.0,0,0,0,0.0,0
2026-08-29,1,136,Welbeck,Chelsea,FWD,6.0,,,,0,0,0,0.0,1.0,0.0,0.0,0.0,0.0,0,0,0.0,0.0,0,0,0,0.0,0
2026-08-29,1,141,Jörgensen,Chelsea,GK,5.0,,,,0,0,0,0.0,0.0,0.0,0.0,0.0,0.0,0,0,0.0,0.0,0,0,0,0.0,0
2026-08-29,1,142,James,Chelsea,DEF,5.5,,,,90,1,0,0.0,9.9,0.1,0.07,0.17,1.33,0,0,-0.1,-0.07,0,2,6,5.9,5
2026-08-29,1,143,Chalobah,Chelsea,DEF,5.5,,,,0,0,0,0.0,0.1,0.0,0.0,0.0,0.0,0,0,0.0,0.0,0,0,0,0.0,0
2026-08-29,1,145,Fofana,Chelsea,DEF,5.0,,,,0,0,0,0.0,0.0,0.0,0.0,0.0,0.0,0,0,0.0,0.0,0,0,0,0.0,0
2026-08-29,1,146,B.Badiashile,Chelsea,DEF,4.5,,,,0,0,0,0.0,0.0,0.0,0.0,0.0,0.0,0,0,0.0,0.0,0,0,0,0.0,0
2026-08-29,1,147,Tosin,Chelsea,DEF,4.5,,,,0,0,0,0.0,0.2,0.0,0.0,0.0,0.0,0,0,0.0,0.0,0,0,0,0.0,0
2026-08-29,1,149,Colwill,Chelsea,DEF,5.0,,,,90,1,0,0.0,1.5,0.01,0.03,0.04,1.33,0,0,-0.01,-0.03,0,2,4,1.5,6
2026-08-29,1,150,M.Sarr,Chelsea,DEF,4.5,,,,0,0,0,0.0,0.1,0.0,0.0,0.0,0.0,0,0,0.0,0.0,0,0,0,0.0,0
2026-08-29,1,152,Palestra,Chelsea,DEF,5.5,,,,0,0,0,0.0,2.0,0.0,0.0,0.0,0.0,0,0,0.0,0.0,0,0,0,0.0,0
2026-08-29,1,158,Gittens,Chelsea,MID,6.0,,,,0,0,0,0.0,0.0,0.0,0.0,0.0,0.0,0,0,0.0,0.0,0,0,0,0.0,0
2026-08-29,1,159,Caicedo,Chelsea,MID,5.5,,,,0,0,0,0.0,2.7,0.0,0.0,0.0,0.0,0,0,0.0,0.0,0,0,0,0.0,0
2026-08-29,1,163,D.Essugo,Chelsea,MID,4.5,,,,0,0,0,0.0,0.2,0.0,0.0,0.0,0.0,0,0,0.0,0.0,0,0,0,0.0,0
2026-08-29,1,168,Marc Guiu,Chelsea,FWD,5.0,,,,0,0,0,0.0,0.4,0.0,0.0,0.0,0.0,0,0,0.0,0.0,0,0,0,0.0,0
2026-08-29,1,169,Mheuka,Chelsea,FWD,4.5,,,,0,0,0,0.0,0.4,0.0,0.0,0.0,0.0,0,0,0.0,0.0,0,0,0,0.0,0
2026-08-29,1,170,Emegha,Chelsea,FWD,5.0,,,,0,0,0,0.0,0.1,0.0,0.0,0.0,0.0,0,0,0.0,0.0,0,0,0,0.0,0
2026-08-29,1,560,Penders,Chelsea,GK,4.5,,,,0,0,0,0.0,0.1,0.0,0.0,0.0,0.0,0,0,0.0,0.0,0,0,0,0.0,0
2026-08-29,1,561,Anselmino,Chelsea,DEF,4.5,,,,0,0,0,0.0,0.0,0.0,0.0,0.0,0.0,0,0,0.0,0.0,0,0,0,0.0,0
2026-08-29,1,568,Barco,Chelsea,MID,5.5,,,,0,0,0,0.0,0.1,0.0,0.0,0.0,0.0,0,0,0.0,0.0,0,0,0,0.0,0
2026-08-29,1,578,Mudryk,Chelsea,MID,5.5,,,,0,0,0,0.0,0.0,0.0,0.0,0.0,0.0,0,0,0.0,0.0,0,0,0,0.0,0
2026-08-29,1,171,Dovin,Coventry City,GK,4.0,,,,0,0,0,0.0,1.5,0.0,0.0,0.0,0.0,0,0,0.0,0.0,0,0,0,0.0,0
2026-08-29,1,172,Wilson,Coventry City,GK,4.5,,,,0,0,0,0.0,0.5,0.0,0.0,0.0,0.0,0,0,0.0,0.0,0,0,0,0.0,0
2026-08-29,1,174,Kitching,Coventry City,DEF,4.0,,,,0,0,0,0.0,0.6,0.0,0.0,0.0,0.0,0,0,0.0,0.0,0,0,0,0.0,0
2026-08-29,1,177,Kesler-Hayden,Coventry City,DEF,4.0,,,,0,0,0,0.0,0.1,0.0,0.0,0.0,0.0,0,0,0.0,0.0,0,0,0,0.0,0
2026-08-29,1,178,Bidwell,Coventry City,DEF,4.0,,,,0,0,0,0.0,0.1,0.0,0.0,0.0,0.0,0,0,0.0,0.0,0,0,0,0.0,0
2026-08-29,1,179,Latibeaudiere,Coventry City,DEF,4.0,,,,0,0,0,0.0,0.0,0.0,0.0,0.0,0.0,0,0,0.0,0.0,0,0,0,0.0,0
2026-08-29,1,180,Woolfenden,Coventry City,DEF,4.0,,,,0,0,0,0.0,0.2,0.0,0.0,0.0,0.0,0,0,0.0,0.0,0,0,0,0.0,0
2026-08-29,1,181,Brau,Coventry City,DEF,4.0,,,,0,0,0,0.0,0.0,0.0,0.0,0.0,0.0,0,0,0.0,0.0,0,0,0,0.0,0
2026-08-29,1,187,Eccles,Coventry City,MID,5.0,,,,0,0,0,0.0,0.0,0.0,0.0,0.0,0.0,0,0,0.0,0.0,0,0,0,0.0,0
2026-08-29,1,189,Shepherd,Coventry City,MID,4.5,,,,0,0,0,0.0,0.3,0.0,0.0,0.0,0.0,0,0,0.0,0.0,0,0,0,0.0,0
2026-08-29,1,191,Borges Rodrigues,Coventry City,MID,4.5,,,,0,0,0,0.0,0.2,0.0,0.0,0.0,0.0,0,0,0.0,0.0,0,0,0,0.0,0
2026-08-29,1,192,Andrews,Coventry City,MID,4.5,,,,0,0,0,0.0,0.6,0.0,0.0,0.0,0.0,0,0,0.0,0.0,0,0,0,0.0,0
2026-08-29,1,193,Wright,Coventry City,FWD,5.5,,,,0,0,0,0.0,0.1,0.0,0.0,0.0,0.0,0,0,0.0,0.0,0,0,0,0.0,0
2026-08-29,1,196,Markelo,Coventry City,FWD,5.0,,,,0,0,0,0.0,0.0,0.0,0.0,0.0,0.0,0,0,0.0,0.0,0,0,0,0.0,0
2026-08-29,1,197,Bassette,Coventry City,FWD,4.5,,,,0,0,0,0.0,0.0,0.0,0.0,0.0,0.0,0,0,0.0,0.0,0,0,0,0.0,0
2026-08-29,1,599,Cherif,Coventry City,FWD,5.0,,,,0,0,0,0.0,0.1,0.0,0.0,0.0,0.0,0,0,0.0,0.0,0,0,0,0.0,0
2026-08-29,1,623,Bentley,Coventry City,GK,4.0,,,,0,0,0,0.0,0.0,0.0,0.0,0.0,0.0,0,0,0.0,0.0,0,0,0,0.0,0
2026-08-29,1,199,Benitez,Crystal Palace,GK,4.5,,,,0,0,0,0.0,0.1,0.0,0.0,0.0,0.0,0,0,0.0,0.0,0,0,0,0.0,0
2026-08-29,1,201,Muñoz,Crystal Palace,DEF,5.5,,,,54,1,0,0.0,7.9,0.23,0.01,0.24,0.84,0,0,-0.23,-0.01,0,2,4,2.4,-4
2026-08-29,1,205,Sosa,Crystal Palace,DEF,4.5,,,,0,0,0,0.0,0.0,0.0,0.0,0.0,0.0,0,0,0.0,0.0,0,0,0,0.0,0
2026-08-29,1,208,Sarr,Crystal Palace,MID,6.4,,,,0,0,0,0.0,2.1,0.0,0.0,0.0,0.0,0,0,0.0,0.0,0,0,0,0.0,0
2026-08-29,1,212,Hughes,Crystal Palace,MID,4.5,,,,0,0,0,0.0,10.6,0.0,0.0,0.0,0.0,0,0,0.0,0.0,0,0,0,0.0,0
2026-08-29,1,213,Lerma,Crystal Palace,MID,5.0,,,,0,0,0,0.0,0.1,0.0,0.0,0.0,0.0,0,0,0.0,0.0,0,0,0,0.0,0
2026-08-29,1,215,Devenny,Crystal Palace,MID,5.0,,,,0,0,0,0.0,0.0,0.0,0.0,0.0,0.0,0,0,0.0,0.0,0,0,0,0.0,0
2026-08-29,1,216,Esse,Crystal Palace,MID,5.0,,,,0,0,0,0.0,0.0,0.0,0.0,0.0,0.0,0,0,0.0,0.0,0,0,0,0.0,0
2026-08-29,1,217,M.França,Crystal Palace,MID,4.9,,,,0,0,0,0.0,0.0,0.0,0.0,0.0,0.0,0,0,0.0,0.0,0,0,0,0.0,0
2026-08-29,1,218,Doucouré,Crystal Palace,MID,5.0,,,,0,0,0,0.0,0.1,0.0,0.0,0.0,0.0,0,0,0.0,0.0,0,0,0,0.0,0
2026-08-29,1,219,J.Rak-Sakyi,Crystal Palace,MID,5.0,,,,0,0,0,0.0,0.0,0.0,0.0,0.0,0.0,0,0,0.0,0.0,0,0,0,0.0,0
2026-08-29,1,220,Cardines,Crystal Palace,DEF,4.5,,,,0,0,0,0.0,0.0,0.0,0.0,0.0,0.0,0,0,0.0,0.0,0,0,0,0.0,0
2026-08-29,1,221,Drakes-Thomas,Crystal Palace,MID,4.5,,,,0,0,0,0.0,0.1,0.0,0.0,0.0,0.0,0,0,0.0,0.0,0,0,0,0.0,0
2026-08-29,1,225,Uche,Crystal Palace,FWD,5.0,,,,0,0,0,0.0,0.0,0.0,0.0,0.0,0.0,0,0,0.0,0.0,0,0,0,0.0,0
2026-08-29,1,555,Matthews,Crystal Palace,GK,4.0,,,,0,0,0,0.0,1.9,0.0,0.0,0.0,0.0,0,0,0.0,0.0,0,0,0,0.0,0
2026-08-29,1,21,Nørgaard,Everton,MID,5.0,,,,0,0,0,0.0,0.1,0.0,0.0,0.0,0.0,0,0,0.0,0.0,0,0,0,0.0,0
2026-08-29,1,227,Travers,Everton,GK,5.0,,,,0,0,0,0.0,0.0,0.0,0.0,0.0,0.0,0,0,0.0,0.0,0,0,0,0.0,0
2026-08-29,1,228,King,Everton,GK,4.5,,,,0,0,0,0.0,0.0,0.0,0.0,0.0,0.0,0,0,0.0,0.0,0,0,0,0.0,0
2026-08-29,1,231,Keane,Everton,DEF,5.0,,,,0,0,0,0.0,1.3,0.0,0.0,0.0,0.0,0,0,0.0,0.0,0,0,0,0.0,0
2026-08-29,1,232,O'Brien,Everton,DEF,5.0,,,,0,0,0,0.0,0.4,0.0,0.0,0.0,0.0,0,0,0.0,0.0,0,0,0,0.0,0
2026-08-29,1,234,Patterson,Everton,DEF,4.5,,,,0,0,0,0.0,0.0,0.0,0.0,0.0,0.0,0,0,0.0,0.0,0,0,0,0.0,0
2026-08-29,1,235,Aznou,Everton,DEF,4.0,,,,0,0,0,0.0,0.2,0.0,0.0,0.0,0.0,0,0,0.0,0.0,0,0,0,0.0,0
2026-08-29,1,245,Dibling,Everton,MID,5.5,,,,0,0,0,0.0,0.0,0.0,0.0,0.0,0.0,0,0,0.0,0.0,0,0,0,0.0,0
2026-08-29,1,251,Lecomte,Fulham,GK,4.0,,,,0,0,0,0.0,1.2,0.0,0.0,0.0,0.0,0,0,0.0,0.0,0,0,0,0.0,0
2026-08-29,1,252,McNally,Fulham,GK,4.0,,,,0,0,0,0.0,0.2,0.0,0.0,0.0,0.0,0,0,0.0,0.0,0,0,0,0.0,0
2026-08-29,1,253,Andersen,Fulham,DEF,5.0,,,,0,0,0,0.0,0.1,0.0,0.0,0.0,0.0,0,0,0.0,0.0,0,0,0,0.0,0
2026-08-29,1,256,Tete,Fulham,DEF,4.5,,,,0,0,0,0.0,0.3,0.0,0.0,0.0,0.0,0,0,0.0,0.0,0,0,0,0.0,0
2026-08-29,1,257,Bassey,Fulham,DEF,4.5,,,,90,1,0,0.0,0.8,0.02,0.02,0.04,2.24,0,0,-0.02,-0.02,0,3,4,2.0,1
2026-08-29,1,262,Smith Rowe,Fulham,MID,5.5,,,,0,0,0,0.0,0.4,0.0,0.0,0.0,0.0,0,0,0.0,0.0,0,0,0,0.0,0
2026-08-29,1,266,Cairney,Fulham,MID,5.0,,,,0,0,0,0.0,0.0,0.0,0.0,0.0,0.0,0,0,0.0,0.0,0,0,0,0.0,0
2026-08-29,1,270,Reed,Fulham,MID,4.5,,,,0,0,0,0.0,1.4,0.0,0.0,0.0,0.0,0,0,0.0,0.0,0,0,0,0.0,0
2026-08-29,1,272,Kusi-Asare,Fulham,FWD,4.5,,,,0,0,0,0.0,6.9,0.0,0.0,0.0,0.0,0,0,0.0,0.0,0,0,0,0.0,0
2026-08-29,1,610,De Fougerolles,Fulham,DEF,4.0,,,,0,0,0,0.0,0.1,0.0,0.0,0.0,0.0,0,0,0.0,0.0,0,0,0,0.0,0
2026-08-29,1,273,Phillips,Hull City,GK,4.0,,,,0,0,0,0.0,1.5,0.0,0.0,0.0,0.0,0,0,0.0,0.0,0,0,0,0.0,0
2026-08-29,1,274,Butland,Hull City,GK,4.5,,,,0,0,0,0.0,0.1,0.0,0.0,0.0,0.0,0,0,0.0,0.0,0,0,0,0.0,0
2026-08-29,1,275,Cartwright,Hull City,GK,4.0,,,,0,0,0,0.0,0.0,0.0,0.0,0.0,0.0,0,0,0.0,0.0,0,0,0,0.0,0
2026-08-29,1,276,Lo-Tutala,Hull City,GK,4.0,,,,0,0,0,0.0,0.0,0.0,0.0,0.0,0.0,0,0,0.0,0.0,0,0,0,0.0,0
2026-08-29,1,278,Hughes,Hull City,DEF,4.0,,,,0,0,0,0.0,0.1,0.0,0.0,0.0,0.0,0,0,0.0,0.0,0,0,0,0.0,0
2026-08-29,1,283,Jacob,Hull City,DEF,4.0,,,,0,0,0,0.0,0.0,0.0,0.0,0.0,0.0,0,0,0.0,0.0,0,0,0,0.0,0
2026-08-29,1,284,McCarthy,Hull City,DEF,4.0,,,,0,0,0,0.0,0.1,0.0,0.0,0.0,0.0,0,0,0.0,0.0,0,0,0,0.0,0
2026-08-29,1,288,Dowell,Hull City,MID,4.5,,,,0,0,0,0.0,0.4,0.0,0.0,0.0,0.0,0,0,0.0,0.0,0,0,0,0.0,0
2026-08-29,1,291,Matazo,Hull City,MID,4.5,,,,0,0,0,0.0,0.0,0.0,0.0,0.0,0.0,0,0,0.0,0.0,0,0,0,0.0,0
2026-08-29,1,292,Ömür,Hull City,MID,5.0,,,,0,0,0,0.0,0.0,0.0,0.0,0.0,0.0,0,0,0.0,0.0,0,0,0,0.0,0
2026-08-29,1,293,Kamara,Hull City,MID,5.0,,,,0,0,0,0.0,0.0,0.0,0.0,0.0,0.0,0,0,0.0,0.0,0,0,0,0.0,0
2026-08-29,1,294,Zambrano,Hull City,MID,4.5,,,,0,0,0,0.0,0.1,0.0,0.0,0.0,0.0,0,0,0.0,0.0,0,0,0,0.0,0
2026-08-29,1,296,Akintola,Hull City,MID,5.0,,,,0,0,0,0.0,0.0,0.0,0.0,0.0,0.0,0,0,0.0,0.0,0,0,0,0.0,0
2026-08-29,1,297,Gyabi,Hull City,MID,4.5,,,,0,0,0,0.0,0.0,0.0,0.0,0.0,0.0,0,0,0.0,0.0,0,0,0,0.0,0
2026-08-29,1,298,Destan,Hull City,FWD,4.5,,,,0,0,0,0.0,0.3,0.0,0.0,0.0,0.0,0,0,0.0,0.0,0,0,0,0.0,0
2026-08-29,1,299,Burstow,Hull City,FWD,4.5,,,,0,0,0,0.0,0.1,0.0,0.0,0.0,0.0,0,0,0.0,0.0,0,0,0,0.0,0
2026-08-29,1,340,Gelhardt,Hull City,MID,5.0,,,,0,0,0,0.0,0.0,0.0,0.0,0.0,0.0,0,0,0.0,0.0,0,0,0,0.0,0
2026-08-29,1,574,Hjertø-Dahl,Hull City,MID,5.0,,,,0,0,0,0.0,0.1,0.0,0.0,0.0,0.0,0,0,0.0,0.0,0,0,0,0.0,0
2026-08-29,1,300,Walton,Ipswich Town,GK,4.5,,,,0,0,0,0.0,0.5,0.0,0.0,0.0,0.0,0,0,0.0,0.0,0,0,0,0.0,0
2026-08-29,1,301,Palmer,Ipswich Town,GK,4.0,,,,0,0,0,0.0,4.4,0.0,0.0,0.0,0.0,0,0,0.0,0.0,0,0,0,0.0,0
2026-08-29,1,302,Button,Ipswich Town,GK,4.0,,,,0,0,0,0.0,0.5,0.0,0.0,0.0,0.0,0,0,0.0,0.0,0,0,0,0.0,0
2026-08-29,1,303,Kipré,Ipswich Town,DEF,4.0,,,,0,0,0,0.0,0.6,0.0,0.0,0.0,0.0,0,0,0.0,0.0,0,0,0,0.0,0
2026-08-29,1,307,Johnson,Ipswich Town,DEF,4.0,,,,0,0,0,0.0,0.1,0.0,0.0,0.0,0.0,0,0,0.0,0.0,0,0,0,0.0,0
2026-08-29,1,308,Furlong,Ipswich Town,DEF,4.0,,,,0,0,0,0.0,0.6,0.0,0.0,0.0,0.0,0,0,0.0,0.0,0,0,0,0.0,0
2026-08-29,1,310,Matusiwa,Ipswich Town,MID,5.0,,,,0,0,0,0.0,0.0,0.0,0.0,0.0,0.0,0,0,0.0,0.0,0,0,0,0.0,0
2026-08-29,1,311,Burns,Ipswich Town,MID,5.0,,,,0,0,0,0.0,0.0,0.0,0.0,0.0,0.0,0,0,0.0,0.0,0,0,0,0.0,0
2026-08-29,1,312,Taylor,Ipswich Town,MID,4.5,,,,0,0,0,0.0,0.0,0.0,0.0,0.0,0.0,0,0,0.0,0.0,0,0,0,0.0,0
2026-08-29,1,314,Ogbene,Ipswich Town,MID,5.0,,,,0,0,0,0.0,0.0,0.0,0.0,0.0,0.0,0,0,0.0,0.0,0,0,0,0.0,0
2026-08-29,1,317,Hirst,Ipswich Town,FWD,5.0,,,,0,0,0,0.0,0.2,0.0,0.0,0.0,0.0,0,0,0.0,0.0,0,0,0,0.0,0
2026-08-29,1,318,Philogene,Ipswich Town,MID,5.5,,,,0,0,0,0.0,0.1,0.0,0.0,0.0,0.0,0,0,0.0,0.0,0,0,0,0.0,0
2026-08-29,1,319,Szmodics,Ipswich Town,MID,5.0,,,,0,0,0,0.0,0.0,0.0,0.0,0.0,0.0,0,0,0.0,0.0,0,0,0,0.0,0
2026-08-29,1,322,Al-Hamadi,Ipswich Town,FWD,5.0,,,,0,0,0,0.0,0.1,0.0,0.0,0.0,0.0,0,0,0.0,0.0,0,0,0,0.0,0
2026-08-29,1,324,Mehmeti,Ipswich Town,MID,5.0,,,,0,0,0,0.0,0.0,0.0,0.0,0.0,0.0,0,0,0.0,0.0,0,0,0,0.0,0
2026-08-29,1,554,Van Oevelen,Ipswich Town,GK,4.5,,,,0,0,0,0.0,0.0,0.0,0.0,0.0,0.0,0,0,0.0,0.0,0,0,0,0.0,0
2026-08-29,1,571,Florentino,Ipswich Town,MID,5.0,,,,0,0,0,0.0,0.1,0.0,0.0,0.0,0.0,0,0,0.0,0.0,0,0,0,0.0,0
2026-08-29,1,602,Humphreys,Ipswich Town,MID,4.5,,,,0,0,0,0.0,0.0,0.0,0.0,0.0,0.0,0,0,0.0,0.0,0,0,0,0.0,0
2026-08-29,1,619,Palacios,Ipswich Town,MID,5.0,,,,0,0,0,0.0,0.0,0.0,0.0,0.0,0.0,0,0,0.0,0.0,0,0,0,0.0,0
2026-08-29,1,326,Perri,Leeds,GK,4.5,,,,0,0,0,0.0,0.5,0.0,0.0,0.0,0.0,0,0,0.0,0.0,0,0,0,0.0,0
2026-08-29,1,331,Gudmundsson,Leeds,DEF,4.5,,,,0,0,0,0.0,0.0,0.0,0.0,0.0,0.0,0,0,0.0,0.0,0,0,0,0.0,0
2026-08-29,1,333,Bornauw,Leeds,DEF,4.5,,,,0,0,0,0.0,0.0,0.0,0.0,0.0,0.0,0,0,0.0,0.0,0,0,0,0.0,0
2026-08-29,1,341,Gnonto,Leeds,MID,5.0,,,,0,0,0,0.0,0.0,0.0,0.0,0.0,0.0,0,0,0.0,0.0,0,0,0,0.0,0
2026-08-29,1,342,Harrison,Leeds,MID,5.0,,,,0,0,0,0.0,0.0,0.0,0.0,0.0,0.0,0,0,0.0,0.0,0,0,0,0.0,0
2026-08-29,1,343,James,Leeds,MID,5.0,,,,0,0,0,0.0,0.1,0.0,0.0,0.0,0.0,0,0,0.0,0.0,0,0,0,0.0,0
2026-08-29,1,344,Gruev,Leeds,MID,5.0,,,,0,0,0,0.0,0.0,0.0,0.0,0.0,0.0,0,0,0.0,0.0,0,0,0,0.0,0
2026-08-29,1,345,Tanaka,Leeds,MID,5.0,,,,0,0,0,0.0,0.2,0.0,0.0,0.0,0.0,0,0,0.0,0.0,0,0,0,0.0,0
2026-08-29,1,347,Nmecha,Leeds,FWD,5.5,,,,0,0,0,0.0,0.5,0.0,0.0,0.0,0.0,0,0,0.0,0.0,0,0,0,0.0,0
2026-08-29,1,348,Piroe,Leeds,FWD,5.0,,,,0,0,0,0.0,0.1,0.0,0.0,0.0,0.0,0,0,0.0,0.0,0,0,0,0.0,0
2026-08-29,1,349,Mateo Joseph,Leeds,FWD,4.5,,,,0,0,0,0.0,0.1,0.0,0.0,0.0,0.0,0,0,0.0,0.0,0,0,0,0.0,0
2026-08-29,1,598,Elvedi,Leeds,DEF,4.5,,,,0,0,0,0.0,0.0,0.0,0.0,0.0,0.0,0,0,0.0,0.0,0,0,0,0.0,0
2026-08-29,1,603,Lienou,Leeds,DEF,4.0,,,,0,0,0,0.0,0.1,0.0,0.0,0.0,0.0,0,0,0.0,0.0,0,0,0,0.0,0
2026-08-29,1,604,Cresswell,Leeds,MID,4.5,,,,0,0,0,0.0,0.1,0.0,0.0,0.0,0.0,0,0,0.0,0.0,0,0,0,0.0,0
2026-08-29,1,351,Mamardashvili,Liverpool,GK,5.0,,,,0,0,0,0.0,0.2,0.0,0.0,0.0,0.0,0,0,0.0,0.0,0,0,0,0.0,0
2026-08-29,1,352,Woodman,Liverpool,GK,4.0,,,,0,0,0,0.0,1.1,0.0,0.0,0.0,0.0,0,0,0.0,0.0,0,0,0,0.0,0
2026-08-29,1,353,Pecsi,Liverpool,GK,4.0,,,,0,0,0,0.0,0.0,0.0,0.0,0.0,0.0,0,0,0.0,0.0,0,0,0,0.0,0
2026-08-29,1,354,Jaros,Liverpool,GK,4.0,,,,0,0,0,0.0,0.0,0.0,0.0,0.0,0.0,0,0,0.0,0.0,0,0,0,0.0,0
2026-08-29,1,355,Davies,Liverpool,GK,4.0,,,,0,0,0,0.0,0.1,0.0,0.0,0.0,0.0,0,0,0.0,0.0,0,0,0,0.0,0
2026-08-29,1,359,Gomez,Liverpool,DEF,5.0,,,,0,0,0,0.0,0.0,0.0,0.0,0.0,0.0,0,0,0.0,0.0,0,0,0,0.0,0
2026-08-29,1,360,Bradley,Liverpool,DEF,5.0,,,,0,0,0,0.0,0.0,0.0,0.0,0.0,0.0,0,0,0.0,0.0,0,0,0,0.0,0
2026-08-29,1,361,Lucky,Liverpool,DEF,4.0,,,,0,0,0,0.0,0.1,0.0,0.0,0.0,0.0,0,0,0.0,0.0,0,0,0,0.0,0
2026-08-29,1,363,Leoni,Liverpool,DEF,4.0,,,,0,0,0,0.0,0.0,0.0,0.0,0.0,0.0,0,0,0.0,0.0,0,0,0,0.0,0
2026-08-29,1,365,Ramsay,Liverpool,DEF,4.0,,,,0,0,0,0.0,0.2,0.0,0.0,0.0,0.0,0,0,0.0,0.0,0,0,0,0.0,0
2026-08-29,1,370,Chiesa,Liverpool,MID,5.5,,,,0,0,0,0.0,0.1,0.0,0.0,0.0,0.0,0,0,0.0,0.0,0,0,0,0.0,0
2026-08-29,1,373,C.Jones,Liverpool,MID,5.5,,,,0,0,0,0.0,0.0,0.0,0.0,0.0,0.0,0,0,0.0,0.0,0,0,0,0.0,0
2026-08-29,1,374,Endo,Liverpool,MID,5.0,,,,0,0,0,0.0,0.1,0.0,0.0,0.0,0.0,0,0,0.0,0.0,0,0,0,0.0,0
2026-08-29,1,376,Bajcetic,Liverpool,MID,5.0,,,,0,0,0,0.0,0.0,0.0,0.0,0.0,0.0,0,0,0.0,0.0,0,0,0,0.0,0
2026-08-29,1,378,McConnell,Liverpool,MID,4.5,,,,0,0,0,0.0,0.3,0.0,0.0,0.0,0.0,0,0,0.0,0.0,0,0,0,0.0,0
2026-08-29,1,380,Ekitiké,Liverpool,FWD,7.5,,,,0,0,0,0.0,0.1,0.0,0.0,0.0,0.0,0,0,0.0,0.0,0,0,0,0.0,0
2026-08-29,1,382,Danns,Liverpool,FWD,4.5,,,,0,0,0,0.0,0.0,0.0,0.0,0.0,0.0,0,0,0.0,0.0,0,0,0,0.0,0
2026-08-29,1,383,Elliott,Liverpool,MID,5.5,,,,0,0,0,0.0,0.1,0.0,0.0,0.0,0.0,0,0,0.0,0.0,0,0,0,0.0,0
2026-08-29,1,386,Bettinelli,Man City,GK,4.5,,,,0,0,0,0.0,0.0,0.0,0.0,0.0,0.0,0,0,0.0,0.0,0,0,0,0.0,0
2026-08-29,1,392,Aït-Nouri,Man City,DEF,5.4,,,,0,0,0,0.0,0.7,0.0,0.0,0.0,0.0,0,0,0.0,0.0,0,0,0,0.0,0
2026-08-29,1,394,Alleyne,Man City,DEF,5.0,,,,0,0,0,0.0,0.0,0.0,0.0,0.0,0.0,0,0,0.0,0.0,0,0,0,0.0,0
2026-08-29,1,400,Doku,Man City,MID,7.4,,,,0,0,0,0.0,1.2,0.0,0.0,0.0,0.0,0,0,0.0,0.0,0,0,0,0.0,0
2026-08-29,1,402,Rodrigo,Man City,MID,6.5,,,,0,0,0,0.0,0.0,0.0,0.0,0.0,0.0,0,0,0.0,0.0,0,0,0,0.0,0
2026-08-29,1,404,Reijnders,Man City,MID,6.0,,,,0,0,0,0.0,0.1,0.0,0.0,0.0,0.0,0,0,0.0,0.0,0,0,0,0.0,0
2026-08-29,1,407,Echeverri,Man City,MID,5.0,,,,0,0,0,0.0,0.0,0.0,0.0,0.0,0.0,0,0,0.0,0.0,0,0,0,0.0,0
2026-08-29,1,408,Phillips,Man City,MID,5.0,,,,0,0,0,0.0,0.0,0.0,0.0,0.0,0.0,0,0,0.0,0.0,0,0,0,0.0,0
2026-08-29,1,409,Mukasa,Man City,MID,4.5,,,,0,0,0,0.0,0.2,0.0,0.0,0.0,0.0,0,0,0.0,0.0,0,0,0,0.0,0
2026-08-29,1,410,Monga,Man City,MID,5.0,,,,0,0,0,0.0,0.0,0.0,0.0,0.0,0.0,0,0,0.0,0.0,0,0,0,0.0,0
2026-08-29,1,587,Rulli,Man City,GK,5.0,,,,0,0,0,0.0,0.0,0.0,0.0,0.0,0.0,0,0,0.0,0.0,0,0,0,0.0,0
2026-08-29,1,131,Baleba,Man Utd,MID,5.0,,,,0,0,0,0.0,0.2,0.0,0.0,0.0,0.0,0,0,0.0,0.0,0,0,0,0.0,0
2026-08-29,1,325,Darlow,Man Utd,GK,4.5,,,,0,0,0,0.0,0.0,0.0,0.0,0.0,0.0,0,0,0.0,0.0,0,0,0,0.0,0
2026-08-29,1,413,Bayindir,Man Utd,GK,4.5,,,,0,0,0,0.0,0.0,0.0,0.0,0.0,0.0,0,0,0.0,0.0,0,0,0,0.0,0
2026-08-29,1,414,Heaton,Man Utd,GK,4.0,,,,0,0,0,0.0,0.1,0.0,0.0,0.0,0.0,0,0,0.0,0.0,0,0,0,0.0,0
2026-08-29,1,415,Dorgu,Man Utd,MID,5.9,,,,45,1,0,0.0,1.1,0.47,0.03,0.5,0.92,0,0,-0.47,-0.03,0,2,1,0.7,-11
2026-08-29,1,416,De Ligt,Man Utd,DEF,5.0,,,,0,0,0,0.0,0.0,0.0,0.0,0.0,0.0,0,0,0.0,0.0,0,0,0,0.0,0
2026-08-29,1,419,Martinez,Man Utd,DEF,5.0,,,,0,0,0,0.0,1.3,0.0,0.0,0.0,0.0,0,0,0.0,0.0,0,0,0,0.0,0
2026-08-29,1,420,Yoro,Man Utd,DEF,5.0,,,,0,0,0,0.0,0.6,0.0,0.0,0.0,0.0,0,0,0.0,0.0,0,0,0,0.0,0
2026-08-29,1,424,Amass,Man Utd,DEF,4.0,,,,0,0,0,0.0,0.2,0.0,0.0,0.0,0.0,0,0,0.0,0.0,0,0,0,0.0,0
2026-08-29,1,425,Fredricson,Man Utd,DEF,4.0,,,,0,0,0,0.0,0.0,0.0,0.0,0.0,0.0,0,0,0.0,0.0,0,0,0,0.0,0
2026-08-29,1,430,Mount,Man Utd,MID,5.5,,,,0,0,0,0.0,0.0,0.0,0.0,0.0,0.0,0,0,0.0,0.0,0,0,0,0.0,0
2026-08-29,1,431,Amad,Man Utd,MID,5.9,,,,0,0,0,0.0,0.9,0.0,0.0,0.0,0.0,0,0,0.0,0.0,0,0,0,0.0,0
2026-08-29,1,433,Ugarte,Man Utd,MID,5.0,,,,0,0,0,0.0,0.0,0.0,0.0,0.0,0.0,0,0,0.0,0.0,0,0,0,0.0,0
2026-08-29,1,434,J.Fletcher,Man Utd,MID,5.0,,,,0,0,0,0.0,0.0,0.0,0.0,0.0,0.0,0,0,0.0,0.0,0,0,0,0.0,0
2026-08-29,1,436,Collyer,Man Utd,MID,5.0,,,,0,0,0,0.0,0.0,0.0,0.0,0.0,0.0,0,0,0.0,0.0,0,0,0,0.0,0
2026-08-29,1,437,Bendito Mantato,Man Utd,MID,4.5,,,,0,0,0,0.0,0.2,0.0,0.0,0.0,0.0,0,0,0.0,0.0,0,0,0,0.0,0
2026-08-29,1,438,Fletcher,Man Utd,MID,4.5,,,,0,0,0,0.0,0.3,0.0,0.0,0.0,0.0,0,0,0.0,0.0,0,0,0,0.0,0
2026-08-29,1,440,Zirkzee,Man Utd,FWD,5.4,,,,0,0,0,0.0,0.5,0.0,0.0,0.0,0.0,0,0,0.0,0.0,0,0,0,0.0,0
2026-08-29,1,441,Obi,Man Utd,FWD,4.5,,,,0,0,0,0.0,1.1,0.0,0.0,0.0,0.0,0,0,0.0,0.0,0,0,0,0.0,0
2026-08-29,1,442,Pope,Newcastle,GK,5.0,,,,0,0,0,0.0,1.2,0.0,0.0,0.0,0.0,0,0,0.0,0.0,0,0,0,0.0,0
2026-08-29,1,443,Gillespie,Newcastle,GK,4.5,,,,0,0,0,0.0,0.0,0.0,0.0,0.0,0.0,0,0,0.0,0.0,0,0,0,0.0,0
2026-08-29,1,444,Jaouen,Newcastle,GK,4.5,,,,0,0,0,0.0,0.0,0.0,0.0,0.0,0.0,0,0,0.0,0.0,0,0,0,0.0,0
2026-08-29,1,448,Burn,Newcastle,DEF,5.0,,,,0,0,0,0.0,1.5,0.0,0.0,0.0,0.0,0,0,0.0,0.0,0,0,0,0.0,0
2026-08-29,1,450,Livramento,Newcastle,DEF,5.0,,,,0,0,0,0.0,0.0,0.0,0.0,0.0,0.0,0,0,0.0,0.0,0,0,0,0.0,0
2026-08-29,1,451,A.Murphy,Newcastle,DEF,4.0,,,,0,0,0,0.0,0.1,0.0,0.0,0.0,0.0,0,0,0.0,0.0,0,0,0,0.0,0
2026-08-29,1,458,Joelinton,Newcastle,MID,5.5,,,,0,0,0,0.0,0.0,0.0,0.0,0.0,0.0,0,0,0.0,0.0,0,0,0,0.0,0
2026-08-29,1,466,Neave,Newcastle,FWD,4.5,,,,0,0,0,0.0,0.8,0.0,0.0,0.0,0.0,0,0,0.0,0.0,0,0,0,0.0,0
2026-08-29,1,609,Shahar,Newcastle,DEF,4.0,,,,0,0,0,0.0,0.1,0.0,0.0,0.0,0.0,0,0,0.0,0.0,0,0,0,0.0,0
2026-08-29,1,468,John,Nott'm Forest,GK,4.5,,,,0,0,0,0.0,0.1,0.0,0.0,0.0,0.0,0,0,0.0,0.0,0,0,0,0.0,0
2026-08-29,1,470,Morato,Nott'm Forest,DEF,5.0,,,,0,0,0,0.0,0.0,0.0,0.0,0.0,0.0,0,0,0.0,0.0,0,0,0,0.0,0
2026-08-29,1,475,Savona,Nott'm Forest,DEF,4.5,,,,0,0,0,0.0,0.0,0.0,0.0,0.0,0.0,0,0,0.0,0.0,0,0,0,0.0,0
2026-08-29,1,476,O.Richards,Nott'm Forest,DEF,4.0,,,,0,0,0,0.0,0.2,0.0,0.0,0.0,0.0,0,0,0.0,0.0,0,0,0,0.0,0
2026-08-29,1,477,Abbott,Nott'm Forest,DEF,4.0,,,,0,0,0,0.0,0.2,0.0,0.0,0.0,0.0,0,0,0.0,0.0,0,0,0,0.0,0
2026-08-29,1,479,Bindon,Nott'm Forest,DEF,4.0,,,,0,0,0,0.0,0.2,0.0,0.0,0.0,0.0,0,0,0.0,0.0,0,0,0,0.0,0
2026-08-29,1,484,Hutchinson,Nott'm Forest,MID,5.5,,,,0,0,0,0.0,0.2,0.0,0.0,0.0,0.0,0,0,0.0,0.0,0,0,0,0.0,0
2026-08-29,1,485,Bakwa,Nott'm Forest,MID,5.5,,,,0,0,0,0.0,0.0,0.0,0.0,0.0,0.0,0,0,0.0,0.0,0,0,0,0.0,0
2026-08-29,1,489,Yates,Nott'm Forest,MID,4.5,,,,0,0,0,0.0,1.5,0.0,0.0,0.0,0.0,0,0,0.0,0.0,0,0,0,0.0,0
2026-08-29,1,581,Diomande,Nott'm Forest,DEF,5.5,,,,0,0,0,0.0,0.7,0.0,0.0,0.0,0.0,0,0,0.0,0.0,0,0,0,0.0,0
2026-08-29,1,590,Benda,Nott'm Forest,GK,4.5,,,,0,0,0,0.0,0.1,0.0,0.0,0.0,0.0,0,0,0.0,0.0,0,0,0,0.0,0
2026-08-29,1,403,Sávio,Spurs,MID,6.5,,,,0,0,0,0.0,1.0,0.0,0.0,0.0,0.0,0,0,0.0,0.0,0,0,0,0.0,0
2026-08-29,1,494,Vicario,Spurs,GK,4.5,,,,0,0,0,0.0,0.2,0.0,0.0,0.0,0.0,0,0,0.0,0.0,0,0,0,0.0,0
2026-08-29,1,495,Austin,Spurs,GK,4.0,,,,0,0,0,0.0,0.9,0.0,0.0,0.0,0.0,0,0,0.0,0.0,0,0,0,0.0,0
2026-08-29,1,497,Dubravka,Spurs,GK,4.0,,,,0,0,0,0.0,18.4,0.0,0.0,0.0,0.0,0,0,0.0,0.0,0,0,0,0.0,0
2026-08-29,1,500,Romero,Spurs,DEF,5.0,,,,0,0,0,0.0,0.1,0.0,0.0,0.0,0.0,0,0,0.0,0.0,0,0,0,0.0,0
2026-08-29,1,501,Danso,Spurs,DEF,5.0,,,,0,0,0,0.0,0.2,0.0,0.0,0.0,0.0,0,0,0.0,0.0,0,0,0,0.0,0
2026-08-29,1,503,Van de Ven,Spurs,DEF,5.0,,,,90,1,0,0.0,4.3,0.0,0.02,0.02,0.75,0,0,0.0,-0.02,0,2,8,0.0,5
2026-08-29,1,505,Spence,Spurs,DEF,4.5,,,,0,0,0,0.0,0.4,0.0,0.0,0.0,0.0,0,0,0.0,0.0,0,0,0,0.0,0
2026-08-29,1,507,Phillips,Spurs,DEF,4.5,,,,0,0,0,0.0,0.0,0.0,0.0,0.0,0.0,0,0,0.0,0.0,0,0,0,0.0,0
2026-08-29,1,508,Davies,Spurs,DEF,4.0,,,,0,0,0,0.0,1.0,0.0,0.0,0.0,0.0,0,0,0.0,0.0,0,0,0,0.0,0
2026-08-29,1,509,Byfield,Spurs,DEF,4.0,,,,0,0,0,0.0,0.1,0.0,0.0,0.0,0.0,0,0,0.0,0.0,0,0,0,0.0,0
2026-08-29,1,510,Rowswell,Spurs,DEF,4.0,,,,0,0,0,0.0,0.1,0.0,0.0,0.0,0.0,0,0,0.0,0.0,0,0,0,0.0,0
2026-08-29,1,511,Souza,Spurs,DEF,4.0,,,,0,0,0,0.0,0.3,0.0,0.0,0.0,0.0,0,0,0.0,0.0,0,0,0,0.0,0
2026-08-29,1,513,Xavi,Spurs,MID,6.0,,,,0,0,0,0.0,0.0,0.0,0.0,0.0,0.0,0,0,0.0,0.0,0,0,0,0.0,0
2026-08-29,1,517,Odobert,Spurs,MID,5.5,,,,0,0,0,0.0,0.0,0.0,0.0,0.0,0.0,0,0,0.0,0.0,0,0,0,0.0,0
2026-08-29,1,518,P.M.Sarr,Spurs,MID,4.9,,,,0,0,0,0.0,0.2,0.0,0.0,0.0,0.0,0,0,0.0,0.0,0,0,0,0.0,0
2026-08-29,1,519,Gallagher,Spurs,MID,5.5,,,,45,1,0,0.0,0.3,0.02,0.06,0.08,1.7,0,0,-0.02,-0.06,0,2,3,0.5,1
2026-08-29,1,521,Kulusevski,Spurs,MID,6.5,,,,0,0,0,0.0,0.0,0.0,0.0,0.0,0.0,0,0,0.0,0.0,0,0,0,0.0,0
2026-08-29,1,524,Olusesi,Spurs,MID,4.5,,,,0,0,0,0.0,0.8,0.0,0.0,0.0,0.0,0,0,0.0,0.0,0,0,0,0.0,0
2026-08-29,1,528,Scarlett,Spurs,FWD,4.5,,,,0,0,0,0.0,1.8,0.0,0.0,0.0,0.0,0,0,0.0,0.0,0,0,0,0.0,0
2026-08-29,1,601,Williams-Barnett,Spurs,MID,4.5,,,,0,0,0,0.0,0.1,0.0,0.0,0.0,0.0,0,0,0.0,0.0,0,0,0,0.0,0
2026-08-29,1,530,Patterson,Sunderland,GK,4.0,,,,0,0,0,0.0,0.2,0.0,0.0,0.0,0.0,0,0,0.0,0.0,0,0,0,0.0,0
2026-08-29,1,531,Ellborg,Sunderland,GK,4.5,,,,0,0,0,0.0,0.1,0.0,0.0,0.0,0.0,0,0,0.0,0.0,0,0,0,0.0,0
2026-08-29,1,532,Ballard,Sunderland,DEF,5.0,,,,90,1,0,0.0,4.8,0.0,0.01,0.01,1.8,0,0,0.0,-0.01,0,2,9,1.9,4
2026-08-29,1,533,Mukiele,Sunderland,DEF,5.5,,,,0,0,0,0.0,2.4,0.0,0.0,0.0,0.0,0,0,0.0,0.0,0,0,0,0.0,0
2026-08-29,1,537,Seelt,Sunderland,DEF,4.5,,,,0,0,0,0.0,0.0,0.0,0.0,0.0,0.0,0,0,0.0,0.0,0,0,0,0.0,0
2026-08-29,1,538,Hjelde,Sunderland,DEF,4.0,,,,0,0,0,0.0,0.1,0.0,0.0,0.0,0.0,0,0,0.0,0.0,0,0,0,0.0,0
2026-08-29,1,540,Masuaku,Sunderland,DEF,4.0,,,,0,0,0,0.0,0.2,0.0,0.0,0.0,0.0,0,0,0.0,0.0,0,0,0,0.0,0
2026-08-29,1,546,Adingra,Sunderland,MID,4.9,,,,0,0,0,0.0,0.1,0.0,0.0,0.0,0.0,0,0,0.0,0.0,0,0,0,0.0,0
2026-08-29,1,547,Mundle,Sunderland,MID,5.0,,,,0,0,0,0.0,0.0,0.0,0.0,0.0,0.0,0,0,0.0,0.0,0,0,0,0.0,0
2026-08-29,1,550,Jocelin.T,Sunderland,MID,5.0,,,,0,0,0,0.0,0.0,0.0,0.0,0.0,0.0,0,0,0.0,0.0,0,0,0,0.0,0
2026-08-29,1,612,Methalie,Sunderland,DEF,4.5,,,,0,0,0,0.0,0.0,0.0,0.0,0.0,0.0,0,0,0.0,0.0,0,0,0,0.0,0
2026-08-29,1,613,Ahoka,Sunderland,MID,4.5,,,,0,0,0,0.0,0.1,0.0,0.0,0.0,0.0,0,0,0.0,0.0,0,0,0,0.0,0
2026-08-29,1,32,Cash,Aston Villa,DEF,4.5,,,,90,1,-1,-0.5,7.5,0.0,0.0,0.0,3.77,0,0,0.0,0.0,0,4,7,1.3,-8
2026-08-29,1,37,Lindelöf,Aston Villa,DEF,4.5,,,,90,1,-2,-1.0,0.3,0.0,0.0,0.0,3.77,0,0,0.0,0.0,0,4,3,0.2,-13
2026-08-29,1,54,Gomes,Aston Villa,MID,5.5,,,,39,1,-2,-1.0,0.0,0.0,0.01,0.01,2.58,0,0,0.0,-0.01,0,4,7,1.2,-2
2026-08-30,1,426,B.Fernandes,Man Utd,MID,12.0,,,,180,2,25,12.5,47.3,2.03,0.53,2.56,3.02,3,1,0.97,0.47,0,4,13,9.3,104
2026-08-30,1,399,Cherki,Man City,MID,7.6,,,,108,1,22,11.0,18.4,0.35,1.05,1.4,0.76,2,2,1.65,0.95,0,1,3,9.2,88
2026-08-30,1,154,Palmer,Chelsea,MID,9.6,,,,172,2,20,10.0,17.6,0.94,0.32,1.26,2.65,2,1,1.06,0.68,0,5,17,16.1,88
2026-08-30,1,165,João Pedro,Chelsea,FWD,7.6,,,,180,2,20,10.0,69.2,1.86,0.1,1.96,2.74,2,2,0.14,1.9,0,5,6,11.1,89
2026-08-30,1,279,Ajayi,Hull City,DEF,4.0,,,,153,2,20,10.0,4.5,0.52,0.0,0.52,2.15,1,0,0.48,0.0,2,0,14,7.9,63
2026-08-30,1,572,Tzolakis,Hull City,GK,4.5,,,,180,2,20,10.0,4.7,0.0,0.0,0.0,3.12,0,0,0.0,0.0,2,0,0,3.5,73
2026-08-30,1,565,M.Sangaré,Brentford,MID,5.6,,,,165,2,18,9.0,10.3,0.26,0.36,0.62,1.93,0,2,-0.26,1.64,1,1,27,7.4,57
2026-08-30,1,229,Tarkowski,Everton,DEF,6.0,,,,180,2,18,9.0,9.5,0.15,0.01,0.16,4.12,1,0,0.85,-0.01,1,1,19,2.0,52
2026-08-30,1,115,De Cuyper,Brighton,DEF,4.6,,,,167,2,17,8.5,11.5,1.5,0.26,1.76,3.22,1,1,-0.5,0.74,1,4,6,12.9,44
2026-08-30,1,277,Egan,Hull City,DEF,4.0,,,,180,2,17,8.5,2.8,0.0,0.0,0.0,3.12,0,0,0.0,0.0,2,0,34,4.6,52
2026-08-30,1,335,Stach,Leeds,MID,6.0,,,,180,2,17,8.5,2.8,0.17,0.06,0.23,2.33,1,0,0.83,-0.06,1,1,32,6.6,50
2026-08-30,1,367,Gakpo,Liverpool,MID,7.0,,,,160,2,17,8.5,7.2,0.3,0.8,1.1,3.81,1,1,0.7,0.2,0,4,15,11.5,54
2026-08-30,1,454,Elanga,Newcastle,MID,6.1,,,,156,2,17,8.5,5.1,0.42,0.11,0.53,2.68,2,0,1.58,-0.11,1,1,5,6.9,63
2026-08-30,1,86,Lewis-Potter,Brentford,MID,5.5,,,,177,2,16,8.0,1.5,0.79,0.25,1.04,2.03,1,1,0.21,0.75,1,1,21,8.2,66
2026-08-30,1,123,Hinshelwood,Brighton,MID,6.0,,,,63,1,16,8.0,1.9,1.41,0.02,1.43,0.19,2,0,0.59,-0.02,1,0,3,14.5,54
2026-08-30,1,586,Mendy,Hull City,DEF,4.0,,,,121,2,16,8.0,5.0,0.29,0.0,0.29,1.95,1,0,0.71,0.0,1,0,22,8.5,44
2026-08-30,1,88,Kayode,Brentford,DEF,4.6,,,,162,2,15,7.5,8.6,0.52,0.21,0.73,1.93,1,0,0.48,-0.21,1,1,8,8.1,45
2026-08-30,1,124,Groß,Brighton,MID,5.5,,,,180,2,15,7.5,13.0,0.05,0.38,0.43,3.22,1,1,0.95,0.62,1,4,11,8.6,64
2026-08-30,1,411,Haaland,Man City,FWD,15.5,,,,180,2,15,7.5,69.4,1.4,0.02,1.42,1.31,2,0,0.6,-0.02,0,2,8,5.9,66
2026-08-30,1,480,Gibbs-White,Nott'm Forest,MID,7.9,,,,180,2,15,7.5,8.7,0.92,0.1,1.02,2.22,1,1,0.08,0.9,0,3,8,2.4,46
2026-08-30,1,544,Xhaka,Sunderland,MID,5.5,,,,180,2,15,7.5,4.6,0.0,0.45,0.45,2.75,0,1,0.0,0.55,1,2,20,5.0,60
2026-08-30,1,69,Scott,Bournemouth,MID,6.0,,,,176,2,14,7.0,1.7,0.26,0.28,0.54,3.96,1,0,0.74,-0.28,1,2,26,1.6,56
2026-08-30,1,391,Gvardiol,Man City,DEF,5.6,,,,164,2,14,7.0,16.1,0.19,0.09,0.28,1.31,1,1,0.81,0.91,0,2,9,7.8,46
2026-08-30,1,449,Hall,Newcastle,DEF,5.0,,,,180,2,14,7.0,5.7,0.03,0.66,0.69,4.1,0,0,-0.03,-0.66,1,2,24,3.7,60
2026-08-30,1,94,Schade,Brentford,MID,6.0,,,,177,2,13,6.5,3.6,0.77,0.03,0.8,2.03,1,0,0.23,-0.03,1,1,18,8.5,51
2026-08-30,1,40,Rogers,Chelsea,MID,7.5,,,,171,2,13,6.5,26.0,1.1,1.11,2.21,2.65,1,1,-0.1,-0.11,0,5,12,13.1,65
2026-08-30,1,236,Dewsbury-Hall,Everton,MID,6.5,,,,180,2,13,6.5,4.6,0.18,0.33,0.51,4.08,1,0,0.82,-0.33,1,1,18,9.8,64
2026-08-30,1,237,Ndiaye,Everton,MID,6.0,,,,180,2,13,6.5,15.4,0.26,0.39,0.65,4.12,0,1,-0.26,0.61,1,1,25,12.9,52
2026-08-30,1,427,Mbeumo,Man Utd,MID,8.0,,,,180,2,13,6.5,32.7,2.13,0.44,2.57,3.02,1,1,-1.13,0.56,0,4,10,8.7,53
2026-08-30,1,258,Castagne,Fulham,DEF,4.5,,,,157,2,12,6.0,0.6,0.09,0.18,0.27,2.5,0,2,-0.09,1.82,1,3,8,8.9,39
2026-08-30,1,282,Giles,Hull City,DEF,4.0,,,,174,2,12,6.0,0.9,0.02,0.14,0.16,3.05,0,0,-0.02,-0.14,2,0,8,3.7,45
2026-08-30,1,332,Justin,Leeds,DEF,4.5,,,,180,2,12,6.0,1.3,0.03,0.02,0.05,2.33,0,0,-0.03,-0.02,1,1,20,2.9,40
2026-08-30,1,385,Trafford,Leeds,GK,5.0,,,,180,2,12,6.0,4.8,0.0,0.0,0.0,2.33,0,0,0.0,0.0,1,1,0,1.9,48
2026-08-30,1,368,Szoboszlai,Liverpool,MID,7.0,,,,180,2,12,6.0,42.5,1.01,0.44,1.45,3.88,1,0,-0.01,-0.44,0,4,20,11.9,53
2026-08-30,1,388,Guéhi,Man City,DEF,6.0,,,,180,2,12,6.0,19.4,0.89,0.36,1.25,1.31,1,0,0.11,-0.36,0,2,9,8.9,43
2026-08-30,1,464,Wissa,Newcastle,FWD,6.1,,,,171,2,12,6.0,6.7,1.35,0.02,1.37,2.93,1,1,-0.35,0.98,1,1,14,6.4,44
2026-08-30,1,593,Dedić,Newcastle,DEF,4.5,,,,180,2,12,6.0,1.0,0.03,0.06,0.09,4.1,0,1,-0.03,0.94,1,2,17,2.3,36
2026-08-30,1,483,Ndoye,Nott'm Forest,MID,5.5,,,,126,2,12,6.0,0.5,0.35,0.63,0.98,1.67,1,0,0.65,-0.63,1,1,12,0.4,35
2026-08-30,1,10,White,Arsenal,DEF,5.5,,,,90,1,11,5.5,7.0,0.18,0.21,0.39,0.2,0,1,-0.18,0.79,1,0,5,7.3,37
2026-08-30,1,15,Ødegaard,Arsenal,MID,6.6,,,,75,1,11,5.5,11.9,0.21,0.1,0.31,0.06,1,0,0.79,-0.1,1,0,8,12.3,41
2026-08-30,1,68,Tavernier,Bournemouth,MID,6.0,,,,180,2,11,5.5,2.5,0.49,0.29,0.78,4.09,1,0,0.51,-0.29,0,3,19,7.5,52
2026-08-30,1,87,Ajer,Brentford,DEF,4.5,,,,180,2,11,5.5,4.4,0.11,0.03,0.14,2.03,0,0,-0.11,-0.03,1,1,27,5.6,36
2026-08-30,1,127,Gomez,Brighton,MID,5.0,,,,175,2,11,5.5,4.0,0.56,0.65,1.21,3.22,0,2,-0.56,1.35,1,4,11,9.9,42
2026-08-30,1,173,Thomas,Coventry City,DEF,4.0,,,,167,2,11,5.5,8.1,0.02,0.02,0.04,2.06,0,0,-0.02,-0.02,1,3,19,3.5,39
2026-08-30,1,327,Bijol,Leeds,DEF,5.0,,,,135,2,11,5.5,1.0,0.11,0.0,0.11,1.21,0,0,-0.11,0.0,1,1,17,3.9,28
2026-08-30,1,428,Cunha,Man Utd,MID,8.0,,,,158,2,11,5.5,8.8,0.35,0.36,0.71,2.02,0,2,-0.35,1.64,0,3,5,6.9,45
2026-08-30,1,98,Janelt,Brentford,MID,5.0,,,,180,2,10,5.0,0.6,0.39,0.31,0.7,2.03,1,0,0.61,-0.31,1,1,23,11.6,46
2026-08-30,1,226,Pickford,Everton,GK,5.5,,,,180,2,10,5.0,9.0,0.0,0.02,0.02,4.12,0,0,0.0,-0.02,1,1,0,3.2,56
2026-08-30,1,230,Branthwaite,Everton,DEF,5.5,,,,180,2,10,5.0,1.9,0.09,0.02,0.11,4.12,0,0,-0.09,-0.02,1,1,20,2.5,33
2026-08-30,1,233,Mykolenko,Everton,DEF,4.5,,,,180,2,10,5.0,1.7,0.0,0.06,0.06,4.12,0,0,0.0,-0.06,1,1,16,2.9,34
2026-08-30,1,244,Armstrong,Everton,MID,5.0,,,,176,2,10,5.0,0.3,0.0,0.07,0.07,4.12,0,1,0.0,0.93,1,1,25,4.8,37
2026-08-30,1,249,Barry,Everton,FWD,5.5,,,,147,2,10,5.0,3.9,1.93,0.09,2.02,2.2,1,0,-0.93,-0.09,1,1,6,9.8,43
2026-08-30,1,316,Emersonn,Ipswich Town,FWD,5.5,,,,110,2,10,5.0,2.0,0.82,0.06,0.88,1.37,1,0,0.18,-0.06,0,2,4,11.2,48
2026-08-30,1,591,Enciso,Ipswich Town,MID,5.5,,,,160,2,10,5.0,0.5,0.63,0.62,1.25,5.19,0,2,-0.63,1.38,0,6,16,5.4,48
2026-08-30,1,334,Muharemović,Leeds,DEF,5.0,,,,180,2,10,5.0,3.3,0.09,0.01,0.1,2.33,0,0,-0.09,-0.01,1,1,26,3.3,42
2026-08-30,1,377,Munoz,Liverpool,MID,6.5,,,,117,1,10,5.0,0.9,0.42,0.23,0.65,3.37,1,1,0.58,0.77,0,2,7,2.7,39
2026-08-30,1,379,Isak,Liverpool,FWD,9.0,,,,180,2,10,5.0,16.2,2.08,0.01,2.09,3.88,1,0,-1.08,-0.01,0,4,2,9.2,36
2026-08-30,1,398,Foden,Man City,MID,7.0,,,,171,2,10,5.0,4.4,0.99,0.85,1.84,1.31,0,2,-0.99,1.15,0,2,13,7.5,53
2026-08-30,1,8,Calafiori,Arsenal,DEF,5.6,,,,80,1,9,4.5,41.6,0.04,0.09,0.13,0.06,0,1,-0.04,0.91,1,0,5,4.2,31
2026-08-30,1,12,Saka,Arsenal,MID,9.5,,,,67,1,9,4.5,10.2,0.64,0.08,0.72,0.06,1,0,0.36,-0.08,1,0,7,10.2,36
2026-08-30,1,79,Evanilson,Bournemouth,FWD,6.0,,,,154,2,9,4.5,3.2,0.58,0.25,0.83,3.61,0,2,-0.58,1.75,2,0,11,3.3,28
2026-08-30,1,82,Kelleher,Brentford,GK,5.0,,,,180,2,9,4.5,6.7,0.0,0.01,0.01,2.03,0,0,0.0,-0.01,1,1,0,3.1,41
2026-08-30,1,84,Collins,Brentford,DEF,5.5,,,,180,2,9,4.5,2.1,0.51,0.05,0.56,2.03,0,0,-0.51,-0.05,1,1,16,5.0,35
2026-08-30,1,605,Yalcouyé,Brighton,MID,4.5,,,,77,1,9,4.5,0.5,0.7,0.17,0.87,2.83,1,0,0.3,-0.17,0,3,7,0.3,42
2026-08-30,1,268,King,Fulham,MID,5.5,,,,180,2,9,4.5,0.6,0.64,0.07,0.71,4.26,1,0,0.36,-0.07,0,4,12,9.8,42
2026-08-30,1,286,Belloumi,Hull City,MID,5.0,,,,172,2,9,4.5,0.7,0.17,0.05,0.22,2.94,0,1,-0.17,0.95,2,0,20,2.0,31
2026-08-30,1,346,Calvert-Lewin,Leeds,FWD,6.0,,,,180,2,9,4.5,27.4,1.05,0.02,1.07,2.33,1,0,-0.05,-0.02,1,1,6,0.7,29
2026-08-30,1,445,Thiaw,Newcastle,DEF,5.0,,,,180,2,9,4.5,1.9,0.0,0.02,0.02,4.1,0,0,0.0,-0.02,1,2,18,3.8,25
2026-08-30,1,460,Willock,Newcastle,MID,5.0,,,,104,1,9,4.5,0.3,0.16,0.19,0.35,2.24,1,0,0.84,-0.19,1,1,5,6.1,28
2026-08-30,1,533,Mukiele,Sunderland,DEF,5.5,,,,90,1,9,4.5,2.4,0.0,0.01,0.01,0.95,0,0,0.0,-0.01,1,0,19,0.0,28
2026-08-30,1,553,Isidor,Sunderland,FWD,5.5,,,,49,0,9,4.5,0.9,1.39,0.0,1.39,0.47,1,0,-0.39,0.0,0,1,0,0.0,32
2026-08-30,1,156,Neto,Chelsea,MID,6.5,,,,81,1,8,4.0,1.2,0.44,0.4,0.84,1.48,1,0,0.56,-0.4,0,2,8,1.3,41
2026-08-30,1,161,Lavia,Chelsea,MID,5.0,,,,131,2,8,4.0,0.1,0.75,0.03,0.78,2.31,1,0,0.25,-0.03,0,4,16,6.9,40
2026-08-30,1,569,Gonzalo,Fulham,FWD,6.0,,,,180,2,8,4.0,4.4,1.0,0.02,1.02,4.26,1,0,0.0,-0.02,0,4,6,8.2,35
2026-08-30,1,290,Slater,Hull City,MID,4.5,,,,180,2,8,4.0,4.2,0.0,0.45,0.45,3.12,0,1,0.0,0.55,2,0,13,3.8,26
2026-08-30,1,305,Davis,Ipswich Town,DEF,4.0,,,,180,2,8,4.0,4.8,0.49,0.13,0.62,5.22,1,0,0.51,-0.13,0,6,11,1.8,11
2026-08-30,1,330,Bogle,Leeds,DEF,4.5,,,,157,2,8,4.0,0.5,0.0,0.01,0.01,1.4,0,0,0.0,-0.01,1,1,10,0.8,33
2026-08-30,1,447,Botman,Newcastle,DEF,5.0,,,,180,2,8,4.0,0.6,0.01,0.01,0.02,4.1,0,0,-0.01,-0.01,1,2,15,3.3,26
2026-08-30,1,567,Horníček,Newcastle,GK,5.0,,,,180,2,8,4.0,0.9,0.0,0.0,0.0,4.1,0,0,0.0,0.0,1,2,0,4.1,44
2026-08-30,1,469,N.Williams,Nott'm Forest,DEF,5.0,,,,180,2,8,4.0,8.7,0.12,0.17,0.29,2.22,0,1,-0.12,0.83,0,3,18,2.7,29
2026-08-30,1,532,Ballard,Sunderland,DEF,5.0,,,,180,2,8,4.0,4.7,0.03,0.01,0.04,2.75,0,0,-0.03,-0.01,1,2,19,1.9,31
2026-08-30,1,534,Hume,Sunderland,DEF,4.5,,,,169,2,8,4.0,6.0,0.04,0.28,0.32,2.64,0,0,-0.04,-0.28,1,1,10,6.2,38
2026-08-30,1,551,Angulo,Sunderland,MID,5.0,,,,122,2,8,4.0,0.1,0.15,0.05,0.2,2.24,1,0,0.85,-0.05,1,1,12,5.2,36
2026-08-30,1,130,Wieffer,Brighton,DEF,5.0,,,,156,2,7,3.5,0.5,0.12,0.13,0.25,3.18,0,0,-0.12,-0.13,1,4,15,4.9,38
2026-08-30,1,200,Lacroix,Chelsea,DEF,6.0,,,,180,2,7,3.5,9.3,0.02,0.2,0.22,2.74,0,1,-0.02,0.8,0,5,21,5.7,22
2026-08-30,1,313,Clarke,Ipswich Town,MID,5.5,,,,19,0,7,3.5,0.3,0.1,0.0,0.1,0.03,1,0,0.9,0.0,0,0,2,5.2,27
2026-08-30,1,329,Rodon,Leeds,DEF,4.5,,,,123,2,7,3.5,3.4,0.03,0.06,0.09,1.01,0,0,-0.03,-0.06,1,0,11,3.4,25
2026-08-30,1,338,Ampadu,Leeds,MID,5.5,,,,180,2,7,3.5,1.3,0.01,0.13,0.14,2.33,0,0,-0.01,-0.13,1,1,23,4.2,30
2026-08-30,1,397,Semenyo,Man City,MID,8.5,,,,180,2,7,3.5,22.4,0.12,0.59,0.71,1.31,0,1,-0.12,0.41,0,2,8,4.6,49
2026-08-30,1,529,Roefs,Sunderland,GK,5.0,,,,180,2,7,3.5,3.7,0.0,0.0,0.0,2.75,0,0,0.0,0.0,1,2,0,1.5,29
2026-08-30,1,536,Reinildo,Sunderland,DEF,4.5,,,,180,2,7,3.5,0.4,0.0,0.3,0.3,2.75,0,0,0.0,-0.3,1,2,15,5.5,35
2026-08-30,1,541,Meunier,Sunderland,DEF,4.5,,,,180,2,7,3.5,0.3,0.1,0.13,0.23,2.75,0,0,-0.1,-0.13,1,2,12,3.0,32
2026-08-30,1,1,Raya,Arsenal,GK,6.0,,,,90,1,6,3.0,38.1,0.0,0.0,0.0,0.2,0,0,0.0,0.0,1,0,0,1.2,24
2026-08-30,1,11,Mosquera,Arsenal,DEF,5.5,,,,90,1,6,3.0,5.5,0.0,0.0,0.0,0.2,0,0,0.0,0.0,1,0,6,1.5,27
2026-08-30,1,26,Havertz,Arsenal,FWD,7.5,,,,90,1,6,3.0,7.5,0.26,0.03,0.29,0.2,1,0,0.74,-0.03,1,0,2,7.5,34
2026-08-30,1,557,Tzolis,Arsenal,MID,6.5,,,,75,1,6,3.0,25.7,0.19,0.14,0.33,0.06,0,1,-0.19,0.86,1,0,6,8.7,30
2026-08-30,1,70,Kluivert,Bournemouth,MID,6.0,,,,154,2,6,3.0,1.2,0.72,0.05,0.77,3.61,0,0,-0.72,-0.05,2,0,14,4.2,27
2026-08-30,1,71,Cook,Bournemouth,MID,5.0,,,,143,2,6,3.0,0.2,0.0,0.01,0.01,3.61,0,0,0.0,-0.01,2,0,9,0.7,21
2026-08-30,1,566,Silva,Bournemouth,DEF,5.0,,,,180,2,6,3.0,0.4,0.25,0.03,0.28,4.09,0,0,-0.25,-0.03,0,3,23,3.2,16
2026-08-30,1,97,Jensen,Brentford,MID,5.5,,,,66,1,6,3.0,0.2,0.08,0.34,0.42,0.47,0,1,-0.08,0.66,1,0,5,7.2,22
2026-08-30,1,109,Verbruggen,Brighton,GK,4.5,,,,180,2,6,3.0,21.5,0.0,0.0,0.0,3.22,0,0,0.0,0.0,1,4,0,0.7,24
2026-08-30,1,138,Kostoulas,Brighton,FWD,5.5,,,,105,1,6,3.0,0.3,0.35,0.02,0.37,2.99,0,1,-0.35,0.98,0,4,8,0.9,16
2026-08-30,1,504,Vuskovic,Brighton,DEF,5.0,,,,180,2,6,3.0,2.5,0.16,0.05,0.21,3.22,0,0,-0.16,-0.05,1,4,12,2.9,17
2026-08-30,1,210,Wharton,Crystal Palace,MID,5.5,,,,180,2,6,3.0,0.9,0.0,0.31,0.31,3.33,0,0,0.0,-0.31,0,6,21,4.8,41
2026-08-30,1,211,Yeremy,Crystal Palace,MID,5.5,,,,102,1,6,3.0,0.2,0.11,0.09,0.2,2.28,0,1,-0.11,0.91,0,3,15,1.4,31
2026-08-30,1,280,Coyle,Hull City,DEF,4.0,,,,114,2,6,3.0,0.6,0.0,0.01,0.01,2.25,0,0,0.0,-0.01,1,0,6,1.7,25
2026-08-30,1,287,Millar,Hull City,MID,5.0,,,,50,0,6,3.0,0.1,0.58,0.0,0.58,0.87,1,0,0.42,0.0,0,0,4,0.4,26
2026-08-30,1,295,McBurnie,Hull City,FWD,5.5,,,,180,2,6,3.0,2.1,0.16,0.02,0.18,3.12,0,1,-0.16,0.98,2,0,9,9.0,28
2026-08-30,1,267,Lukić,Ipswich Town,MID,5.0,,,,162,2,6,3.0,0.1,0.01,0.04,0.05,4.48,0,1,-0.01,0.96,0,5,17,4.0,33
2026-08-30,1,309,Núñez,Ipswich Town,MID,5.0,,,,140,2,6,3.0,0.1,0.03,0.05,0.08,3.44,0,0,-0.03,-0.05,0,4,21,2.4,32
2026-08-30,1,315,Fatawu,Ipswich Town,MID,5.5,,,,147,2,6,3.0,0.2,0.0,0.64,0.64,5.05,0,1,0.0,0.36,0,6,11,5.5,47
2026-08-30,1,320,Akpom,Ipswich Town,FWD,5.0,,,,69,0,6,3.0,0.6,0.97,0.0,0.97,3.85,1,0,0.03,0.0,0,4,3,0.3,33
2026-08-30,1,366,Wirtz,Liverpool,MID,7.5,,,,152,2,6,3.0,10.7,0.49,0.24,0.73,2.81,0,1,-0.49,0.76,0,4,15,5.7,39
2026-08-30,1,371,Gravenberch,Liverpool,MID,6.0,,,,96,1,6,3.0,1.9,0.06,0.06,0.12,1.17,0,1,-0.06,0.94,0,2,12,4.4,33
2026-08-30,1,43,Tielemans,Man Utd,MID,6.0,,,,156,2,6,3.0,2.2,0.6,0.22,0.82,2.95,0,0,-0.6,-0.22,0,4,17,2.0,42
2026-08-30,1,459,L.Miley,Newcastle,MID,5.5,,,,165,2,6,3.0,0.1,0.05,0.05,0.1,3.06,0,0,-0.05,-0.05,1,1,22,4.0,29
2026-08-30,1,4,Gabriel,Arsenal,DEF,8.0,,,,90,1,5,2.5,28.1,0.05,0.01,0.06,0.2,0,0,-0.05,-0.01,1,0,4,0.9,21
2026-08-30,1,57,Petrović,Bournemouth,GK,4.5,,,,180,2,5,2.5,3.4,0.0,0.0,0.0,4.09,0,0,0.0,0.0,0,3,0,3.7,33
2026-08-30,1,60,Hill,Bournemouth,DEF,5.5,,,,180,2,5,2.5,0.9,0.0,0.74,0.74,4.09,0,0,0.0,-0.74,0,3,18,1.2,19
2026-08-30,1,61,Truffert,Bournemouth,DEF,5.5,,,,180,2,5,2.5,4.1,0.0,0.07,0.07,4.09,0,0,0.0,-0.07,0,3,16,1.7,27
2026-08-30,1,114,Boscagli,Brighton,DEF,4.5,,,,180,2,5,2.5,0.3,0.05,0.15,0.2,3.22,0,0,-0.05,-0.15,1,4,9,2.9,27
2026-08-30,1,116,Dunk,Brighton,DEF,4.5,,,,180,2,5,2.5,1.2,0.0,0.05,0.05,3.22,0,0,0.0,-0.05,1,4,5,2.0,20
2026-08-30,1,125,Georginio,Brighton,FWD,5.5,,,,90,1,5,2.5,0.9,0.08,0.44,0.52,0.29,0,1,-0.08,0.56,1,0,7,4.6,22
2026-08-30,1,148,Hato,Chelsea,DEF,4.5,,,,154,2,5,2.5,0.5,0.01,0.09,0.1,2.46,0,1,-0.01,0.91,0,5,9,3.2,17
2026-08-30,1,214,Kamada,Crystal Palace,MID,5.0,,,,180,2,5,2.5,0.3,0.05,0.29,0.34,3.33,0,0,-0.05,-0.29,0,6,23,5.0,46
2026-08-30,1,242,George,Everton,MID,5.5,,,,144,2,5,2.5,0.3,0.23,0.09,0.32,2.25,0,0,-0.23,-0.09,1,1,9,5.5,25
2026-08-30,1,246,Röhl,Everton,MID,5.0,,,,175,2,5,2.5,0.1,0.0,0.07,0.07,4.12,0,0,0.0,-0.07,1,1,18,2.9,25
2026-08-30,1,250,Leno,Fulham,GK,4.5,,,,180,2,5,2.5,3.0,0.0,0.0,0.0,4.26,0,0,0.0,0.0,0,4,0,3.0,22
2026-08-30,1,264,Bobb,Fulham,MID,5.5,,,,133,2,5,2.5,0.3,0.0,0.27,0.27,2.47,0,0,0.0,-0.27,1,3,11,3.0,18
2026-08-30,1,481,Anderson,Man City,MID,6.4,,,,143,2,5,2.5,5.7,0.07,0.47,0.54,1.21,0,0,-0.07,-0.47,0,2,20,2.8,39
2026-08-30,1,418,Maguire,Man Utd,DEF,5.0,,,,180,2,5,2.5,16.1,0.07,0.41,0.48,3.02,0,1,-0.07,0.59,0,4,9,7.3,28
2026-08-30,1,432,Mainoo,Man Utd,MID,5.5,,,,102,1,5,2.5,1.0,0.21,0.06,0.27,1.08,0,0,-0.21,-0.06,0,1,15,0.7,32
2026-08-30,1,453,Barnes,Newcastle,MID,6.0,,,,180,2,5,2.5,1.1,0.11,0.03,0.14,4.1,0,0,-0.11,-0.03,1,2,12,1.7,21
2026-08-30,1,471,Milenković,Nott'm Forest,DEF,5.5,,,,180,2,5,2.5,1.7,0.11,0.02,0.13,2.22,0,0,-0.11,-0.02,0,3,20,2.2,7
2026-08-30,1,472,Murillo,Nott'm Forest,DEF,5.5,,,,180,2,5,2.5,1.6,0.18,0.28,0.46,2.22,0,0,-0.18,-0.28,0,3,20,5.8,17
2026-08-30,1,473,Aina,Nott'm Forest,DEF,4.5,,,,158,2,5,2.5,3.4,0.04,0.52,0.56,2.09,0,0,-0.04,-0.52,1,2,7,6.3,26
2026-08-30,1,486,McAtee,Nott'm Forest,MID,5.5,,,,163,2,5,2.5,0.1,0.0,0.32,0.32,2.09,0,0,0.0,-0.32,1,2,16,5.4,34
2026-08-30,1,558,Schlager,Nott'm Forest,MID,5.0,,,,106,1,5,2.5,0.1,0.05,0.0,0.05,1.88,0,0,-0.05,0.0,0,3,16,0.4,18
2026-08-30,1,502,Robertson,Spurs,DEF,4.5,,,,157,2,5,2.5,3.6,0.06,0.08,0.14,4.35,0,0,-0.06,-0.08,0,4,14,5.3,20
2026-08-30,1,542,E.Le Fée,Sunderland,MID,5.9,,,,168,2,5,2.5,7.7,0.37,0.2,0.57,2.55,0,0,-0.37,-0.2,1,1,8,1.5,26
2026-08-30,1,543,Diarra,Sunderland,MID,5.5,,,,28,0,5,2.5,0.1,0.03,0.16,0.19,0.12,0,1,-0.03,0.84,0,1,0,0.3,18
2026-08-30,1,545,Sadiki,Sunderland,MID,5.0,,,,180,2,5,2.5,0.3,0.08,0.05,0.13,2.75,0,0,-0.08,-0.05,1,2,13,7.2,39
2026-08-30,1,67,Rayan,Bournemouth,MID,6.5,,,,178,2,4,2.0,2.6,0.44,0.05,0.49,3.9,0,0,-0.44,-0.05,0,2,6,3.5,13
2026-08-30,1,95,O.Dango,Brentford,MID,6.5,,,,95,1,4,2.0,1.0,0.07,0.37,0.44,1.83,0,0,-0.07,-0.37,1,1,13,4.7,22
2026-08-30,1,96,Damsgaard,Brentford,MID,5.5,,,,82,1,4,2.0,0.5,0.03,0.24,0.27,0.23,0,0,-0.03,-0.24,1,0,13,3.4,26
2026-08-30,1,151,Acheampong,Chelsea,DEF,4.5,,,,112,1,4,2.0,0.4,0.0,0.01,0.01,1.47,0,0,0.0,-0.01,0,3,18,3.7,12
2026-08-30,1,183,Rudoni,Coventry City,MID,5.0,,,,90,1,4,2.0,0.1,0.21,0.09,0.3,0.31,0,0,-0.21,-0.09,1,0,11,2.6,15
2026-08-30,1,184,Grimes,Coventry City,MID,5.0,,,,180,2,4,2.0,0.2,0.01,0.05,0.06,2.6,0,0,-0.01,-0.05,0,4,17,1.7,28
2026-08-30,1,575,Yirenkyi,Coventry City,MID,5.0,,,,131,2,4,2.0,0.2,0.03,0.13,0.16,1.58,0,0,-0.03,-0.13,1,3,10,0.0,19
2026-08-30,1,247,Hackney,Everton,MID,5.5,,,,106,1,4,2.0,0.2,0.01,0.02,0.03,3.2,0,0,-0.01,-0.02,1,0,10,2.6,19
2026-08-30,1,261,Iwobi,Fulham,MID,5.5,,,,180,2,4,2.0,0.9,0.01,0.44,0.45,4.26,0,0,-0.01,-0.44,0,4,14,2.4,37
2026-08-30,1,265,Berge,Fulham,MID,5.0,,,,154,2,4,2.0,0.4,0.03,0.23,0.26,4.06,0,0,-0.03,-0.23,0,4,6,4.4,28
2026-08-30,1,259,Diop,Ipswich Town,DEF,4.0,,,,180,2,4,2.0,16.5,0.0,0.01,0.01,5.22,0,0,0.0,-0.01,0,6,16,1.0,13
2026-08-30,1,304,O'Shea,Ipswich Town,DEF,4.0,,,,180,2,4,2.0,3.4,0.07,0.17,0.24,5.22,0,0,-0.07,-0.17,0,6,19,7.5,2
2026-08-30,1,562,Maeda,Ipswich Town,MID,5.5,,,,151,2,4,2.0,0.4,0.66,0.01,0.67,4.45,0,0,-0.66,-0.01,0,5,13,2.1,16
2026-08-30,1,564,Scherpen,Ipswich Town,GK,4.5,,,,180,2,4,2.0,0.6,0.0,0.0,0.0,5.22,0,0,0.0,0.0,0,6,0,1.4,21
2026-08-30,1,260,Wilson,Leeds,MID,6.5,,,,110,1,4,2.0,5.1,0.01,0.06,0.07,1.66,0,0,-0.01,-0.06,1,0,8,2.6,15
2026-08-30,1,337,Aaronson,Leeds,MID,5.5,,,,126,2,4,2.0,0.8,0.01,0.02,0.03,1.13,0,0,-0.01,-0.02,1,1,10,1.6,22
2026-08-30,1,347,Nmecha,Leeds,FWD,5.5,,,,21,0,4,2.0,0.5,0.1,0.0,0.1,0.93,0,1,-0.1,1.0,0,0,1,0.0,18
2026-08-30,1,362,Jacquet,Liverpool,DEF,5.0,,,,145,2,4,2.0,2.5,0.0,0.07,0.07,3.27,0,0,0.0,-0.07,0,4,14,2.4,22
2026-08-30,1,387,O'Reilly,Man City,DEF,6.5,,,,150,2,4,2.0,20.0,0.09,0.43,0.52,1.21,0,0,-0.09,-0.43,0,2,3,5.0,16
2026-08-30,1,390,Rúben,Man City,DEF,5.5,,,,180,2,4,2.0,1.8,0.09,0.71,0.8,1.31,0,0,-0.09,-0.71,0,2,12,4.4,30
2026-08-30,1,393,Khusanov,Man City,DEF,5.5,,,,178,2,4,2.0,1.7,0.0,0.04,0.04,1.31,0,0,0.0,-0.04,0,2,11,2.0,31
2026-08-30,1,463,Woltemade,Newcastle,FWD,6.0,,,,19,0,4,2.0,1.5,0.02,0.01,0.03,0.38,0,1,-0.02,0.99,0,0,0,0.0,18
2026-08-30,1,465,Osula,Newcastle,FWD,6.0,,,,55,1,4,2.0,0.7,0.06,0.14,0.2,1.48,0,1,-0.06,0.86,0,1,5,5.0,18
2026-08-30,1,455,Tonali,Spurs,MID,5.5,,,,164,2,4,2.0,3.4,0.09,0.08,0.17,4.59,0,0,-0.09,-0.08,0,5,8,2.1,30
2026-08-30,1,514,Tel,Spurs,MID,5.9,,,,157,2,4,2.0,0.4,0.2,0.09,0.29,4.35,0,0,-0.2,-0.09,0,4,11,4.5,27
2026-08-30,1,522,Gray,Spurs,MID,5.0,,,,152,2,4,2.0,0.2,0.0,0.01,0.01,3.91,0,0,0.0,-0.01,0,4,11,1.0,24
2026-08-30,1,552,Brobbey,Sunderland,FWD,6.0,,,,129,2,4,2.0,11.5,0.33,0.0,0.33,2.27,0,0,-0.33,0.0,1,1,4,1.1,6
2026-08-30,1,7,Lewis-Skelly,Arsenal,MID,5.5,,,,90,1,3,1.5,0.7,0.06,0.11,0.17,0.2,0,0,-0.06,-0.11,1,0,7,4.1,15
2026-08-30,1,13,Rice,Arsenal,MID,7.5,,,,67,1,3,1.5,16.1,0.07,0.08,0.15,0.06,0,0,-0.07,-0.08,1,0,6,1.5,10
2026-08-30,1,105,Anthony,Brentford,MID,6.0,,,,83,1,3,1.5,0.2,0.14,0.41,0.55,0.19,0,0,-0.14,-0.41,1,0,9,4.7,13
2026-08-30,1,110,Rushworth,Coventry City,GK,4.5,,,,180,2,3,1.5,1.2,0.0,0.01,0.01,2.6,0,0,0.0,-0.01,0,4,0,1.4,10
2026-08-30,1,175,van Ewijk,Coventry City,DEF,4.0,,,,180,2,3,1.5,12.6,0.0,0.2,0.2,2.6,0,0,0.0,-0.2,0,4,9,1.5,7
2026-08-30,1,176,Dasilva,Coventry City,DEF,4.0,,,,180,2,3,1.5,0.8,0.18,0.07,0.25,2.6,0,0,-0.18,-0.07,0,4,9,1.8,11
2026-08-30,1,190,Tchaouna,Coventry City,MID,5.5,,,,139,2,3,1.5,0.2,0.09,0.15,0.24,1.78,0,0,-0.09,-0.15,0,3,14,1.1,18
2026-08-30,1,194,Thomas-Asante,Coventry City,FWD,5.0,,,,101,1,3,1.5,0.9,0.0,0.02,0.02,2.29,0,0,0.0,-0.02,0,4,8,0.6,14
2026-08-30,1,492,Awoniyi,Coventry City,FWD,5.5,,,,110,1,3,1.5,0.8,0.93,0.03,0.96,1.01,0,0,-0.93,-0.03,0,1,4,0.1,10
2026-08-30,1,198,Henderson,Crystal Palace,GK,5.0,,,,180,2,3,1.5,1.8,0.0,0.0,0.0,3.33,0,0,0.0,0.0,0,6,0,2.8,18
2026-08-30,1,202,Richards,Crystal Palace,DEF,5.0,,,,180,2,3,1.5,0.7,0.04,0.0,0.04,3.33,0,0,-0.04,0.0,0,6,22,4.3,9
2026-08-30,1,222,Strand Larsen,Crystal Palace,FWD,6.0,,,,89,1,3,1.5,0.5,0.3,0.01,0.31,2.15,0,0,-0.3,-0.01,0,3,4,2.2,16
2026-08-30,1,224,Nketiah,Crystal Palace,FWD,5.5,,,,122,2,3,1.5,0.5,0.96,0.58,1.54,2.85,0,0,-0.96,-0.58,0,5,9,5.8,20
2026-08-30,1,241,McNeil,Crystal Palace,MID,5.5,,,,84,1,3,1.5,0.2,0.05,0.02,0.07,1.18,0,0,-0.05,-0.02,0,3,7,1.6,13
2026-08-30,1,588,Khalaili,Crystal Palace,DEF,5.0,,,,109,1,3,1.5,0.1,0.02,0.16,0.18,2.28,0,0,-0.02,-0.16,0,3,23,5.5,21
2026-08-30,1,254,Robinson,Fulham,DEF,4.5,,,,171,2,3,1.5,1.6,0.13,0.06,0.19,4.23,0,0,-0.13,-0.06,0,4,10,5.0,14
2026-08-30,1,255,J.Cuenca,Fulham,DEF,4.5,,,,90,1,3,1.5,0.0,0.0,0.03,0.03,2.24,0,0,0.0,-0.03,0,3,10,5.4,7
2026-08-30,1,570,Palacios,Fulham,MID,5.5,,,,147,2,3,1.5,0.2,0.18,0.01,0.19,3.83,0,0,-0.18,-0.01,0,4,13,1.8,16
2026-08-30,1,576,Stroud,Hull City,MID,5.0,,,,128,2,3,1.5,0.1,0.01,0.04,0.05,2.25,0,0,-0.01,-0.04,1,0,13,1.3,9
2026-08-30,1,336,Okafor,Leeds,MID,5.9,,,,92,1,3,1.5,0.4,0.08,0.17,0.25,0.87,0,0,-0.08,-0.17,0,1,7,2.8,21
2026-08-30,1,356,Virgil,Liverpool,DEF,6.5,,,,180,2,3,1.5,18.9,0.25,0.04,0.29,3.88,0,0,-0.25,-0.04,0,4,18,5.1,13
2026-08-30,1,369,Ngumoha,Liverpool,MID,6.0,,,,81,1,3,1.5,1.0,0.04,0.05,0.09,0.58,0,0,-0.04,-0.05,0,2,3,1.3,14
2026-08-30,1,372,Mac Allister,Liverpool,MID,5.5,,,,103,1,3,1.5,1.5,0.0,0.4,0.4,3.3,0,0,0.0,-0.4,0,2,13,0.7,19
2026-08-30,1,384,Donnarumma,Man City,GK,5.5,,,,180,2,3,1.5,8.1,0.0,0.0,0.0,1.31,0,0,0.0,0.0,0,2,0,2.7,17
2026-08-30,1,162,Andrey Santos,Man Utd,MID,5.0,,,,76,1,3,1.5,0.9,0.0,0.23,0.23,1.94,0,0,0.0,-0.23,0,3,14,1.8,19
2026-08-30,1,412,Lammens,Man Utd,GK,5.0,,,,180,2,3,1.5,14.9,0.0,0.0,0.0,3.02,0,0,0.0,0.0,0,4,0,2.0,18
2026-08-30,1,417,Dalot,Man Utd,DEF,5.0,,,,83,1,3,1.5,2.4,0.17,0.12,0.29,1.01,0,0,-0.17,-0.12,0,1,6,1.9,18
2026-08-30,1,423,Shaw,Man Utd,DEF,4.5,,,,162,2,3,1.5,18.5,0.0,0.28,0.28,2.02,0,0,0.0,-0.28,0,3,12,9.0,25
2026-08-30,1,429,Rashford,Man Utd,MID,7.0,,,,124,1,3,1.5,1.6,0.26,0.15,0.41,1.1,0,0,-0.26,-0.15,0,1,7,6.4,26
2026-08-30,1,467,Sels,Nott'm Forest,GK,5.0,,,,180,2,3,1.5,1.5,0.0,0.01,0.01,2.22,0,0,0.0,-0.01,0,3,0,1.4,17
2026-08-30,1,491,Igor Jesus,Nott'm Forest,FWD,6.0,,,,180,2,3,1.5,3.4,0.96,0.06,1.02,2.22,0,0,-0.96,-0.06,0,3,8,4.3,12
2026-08-30,1,496,Kinsky,Spurs,GK,4.5,,,,180,2,3,1.5,21.6,0.0,0.0,0.0,4.59,0,0,0.0,0.0,0,5,0,4.4,19
2026-08-30,1,498,Senesi,Spurs,DEF,6.0,,,,90,1,3,1.5,6.8,0.0,0.02,0.02,3.87,0,0,0.0,-0.02,0,3,16,3.9,10
2026-08-30,1,516,Bentancur,Spurs,MID,5.5,,,,135,1,3,1.5,0.2,0.0,0.03,0.03,2.9,0,0,0.0,-0.03,0,3,16,1.7,25
2026-08-30,1,523,Moore,Spurs,MID,5.0,,,,89,1,3,1.5,0.2,0.4,0.02,0.42,3.26,0,0,-0.4,-0.02,0,4,3,7.5,11
2026-08-30,1,525,Fernandes,Spurs,MID,5.9,,,,135,1,3,1.5,1.5,0.01,0.23,0.24,2.9,0,0,-0.01,-0.23,0,3,10,3.6,34
2026-08-30,1,41,Buendía,Aston Villa,MID,6.0,,,,85,1,2,1.0,1.1,0.13,0.09,0.22,3.62,0,0,-0.13,-0.09,0,4,7,2.2,4
2026-08-30,1,46,Barkley,Aston Villa,MID,5.0,,,,73,1,2,1.0,0.2,0.1,0.02,0.12,3.55,0,0,-0.1,-0.02,0,4,1,3.8,11
2026-08-30,1,47,Kamara,Aston Villa,MID,5.0,,,,90,1,2,1.0,0.3,0.0,0.0,0.0,3.77,0,0,0.0,0.0,0,4,7,1.4,9
2026-08-30,1,51,George Hemmings,Aston Villa,MID,4.5,,,,90,1,2,1.0,0.8,0.0,0.0,0.0,3.77,0,0,0.0,0.0,0,4,5,2.4,12
2026-08-30,1,64,Smith,Bournemouth,DEF,4.5,,,,180,2,2,1.0,0.1,0.0,0.02,0.02,4.09,0,0,0.0,-0.02,0,3,11,0.8,9
2026-08-30,1,73,Adams,Bournemouth,MID,5.0,,,,36,0,2,1.0,0.2,0.0,0.0,0.0,0.47,0,0,0.0,0.0,0,3,6,0.4,8
2026-08-30,1,90,Hickey,Brentford,DEF,4.5,,,,16,0,2,1.0,0.1,0.0,0.02,0.02,0.1,0,0,0.0,-0.02,0,0,1,0.0,8
2026-08-30,1,102,Yarmoliuk,Brentford,MID,5.0,,,,44,0,2,1.0,1.1,0.04,0.01,0.05,1.42,0,0,-0.04,-0.01,0,1,6,0.6,11
2026-08-30,1,106,Thiago,Brentford,FWD,8.0,,,,172,2,2,1.0,15.5,1.8,0.09,1.89,1.96,0,0,-1.8,-0.09,1,1,9,1.4,-1
2026-08-30,1,108,Wilson,Brentford,FWD,5.5,,,,9,0,2,1.0,0.4,0.07,0.04,0.11,0.07,0,0,-0.07,-0.04,0,0,1,1.8,7
2026-08-30,1,129,Ayari,Brighton,MID,5.5,,,,63,1,2,1.0,0.6,0.11,0.03,0.14,0.19,0,0,-0.11,-0.03,1,0,4,1.7,8
2026-08-30,1,600,Osman,Brighton,MID,5.0,,,,28,0,2,1.0,0.0,0.0,0.06,0.06,0.1,0,0,0.0,-0.06,0,1,3,2.4,13
2026-08-30,1,28,Martinez,Chelsea,GK,5.0,,,,90,1,2,1.0,4.3,0.0,0.01,0.01,1.41,0,0,0.0,-0.01,0,3,0,0.0,18
2026-08-30,1,140,Sánchez,Chelsea,GK,5.0,,,,90,1,2,1.0,1.9,0.0,0.01,0.01,1.33,0,0,0.0,-0.01,0,2,0,2.1,6
2026-08-30,1,144,Gusto,Chelsea,DEF,5.0,,,,165,2,2,1.0,1.2,0.0,0.04,0.04,2.52,0,0,0.0,-0.04,0,5,8,2.3,1
2026-08-30,1,583,Chavarria,Chelsea,DEF,5.0,,,,43,0,2,1.0,0.2,0.0,0.02,0.02,0.37,0,0,0.0,-0.02,0,1,4,0.5,4
2026-08-30,1,104,Onyeka,Coventry City,MID,5.0,,,,90,1,2,1.0,0.2,0.0,0.01,0.01,1.88,0,0,0.0,-0.01,0,3,9,0.5,8
2026-08-30,1,182,Amenda,Coventry City,DEF,4.0,,,,180,2,2,1.0,0.8,0.02,0.05,0.07,2.6,0,0,-0.02,-0.05,0,4,13,3.0,5
2026-08-30,1,188,Torp,Coventry City,MID,5.5,,,,47,0,2,1.0,0.2,0.0,0.12,0.12,1.01,0,0,0.0,-0.12,0,1,3,2.3,10
2026-08-30,1,195,Simms,Coventry City,FWD,5.0,,,,69,1,2,1.0,1.0,0.0,0.01,0.01,1.6,0,0,0.0,-0.01,0,3,3,1.7,7
2026-08-30,1,584,Hamer,Coventry City,MID,5.5,,,,27,0,2,1.0,0.1,0.0,0.02,0.02,0.82,0,0,0.0,-0.02,0,1,1,0.1,5
2026-08-30,1,42,Guessand,Crystal Palace,MID,5.5,,,,54,0,2,1.0,0.0,0.03,0.03,0.06,0.34,0,0,-0.03,-0.03,0,1,2,1.2,6
2026-08-30,1,223,Mateta,Crystal Palace,FWD,6.5,,,,62,1,2,1.0,3.9,0.7,0.02,0.72,0.98,0,0,-0.7,-0.02,0,2,5,2.5,-3
2026-08-30,1,577,Tomiyasu,Crystal Palace,DEF,4.5,,,,91,1,2,1.0,0.3,0.0,0.01,0.01,2.15,0,0,0.0,-0.01,0,3,9,0.5,0
2026-08-30,1,209,Johnson,Everton,MID,6.0,,,,34,0,2,1.0,0.1,0.0,0.0,0.0,1.87,0,0,0.0,0.0,0,0,4,0.4,4
2026-08-30,1,239,Garner,Everton,MID,6.0,,,,72,1,2,1.0,0.1,0.0,0.03,0.03,0.92,0,0,0.0,-0.03,0,1,11,1.9,15
2026-08-30,1,248,Beto,Everton,FWD,5.4,,,,31,0,2,1.0,2.1,0.09,0.0,0.09,1.92,0,0,-0.09,0.0,0,0,1,0.2,5
2026-08-30,1,257,Bassey,Fulham,DEF,4.5,,,,180,2,2,1.0,0.8,0.02,0.03,0.05,4.26,0,0,-0.02,-0.03,0,4,11,2.0,14
2026-08-30,1,263,Kevin,Fulham,MID,5.5,,,,24,0,2,1.0,0.1,0.0,0.05,0.05,0.2,0,0,0.0,-0.05,0,0,3,0.7,4
2026-08-30,1,269,Sessegnon,Fulham,DEF,4.5,,,,39,0,2,1.0,0.4,0.05,0.12,0.17,1.8,0,0,-0.05,-0.12,0,1,2,2.6,10
2026-08-30,1,580,Charles,Fulham,MID,5.0,,,,45,0,2,1.0,0.1,0.09,0.03,0.12,1.8,0,0,-0.09,-0.03,0,1,5,0.5,7
2026-08-30,1,281,Drameh,Hull City,DEF,4.0,,,,65,0,2,1.0,0.1,0.05,0.0,0.05,0.87,0,0,-0.05,0.0,0,0,6,0.3,8
2026-08-30,1,289,Crooks,Hull City,MID,4.5,,,,90,1,2,1.0,0.7,0.0,0.0,0.0,1.83,0,0,0.0,0.0,1,0,9,2.1,9
2026-08-30,1,585,Herrington,Hull City,DEF,4.0,,,,57,0,2,1.0,0.6,0.0,0.0,0.0,1.16,0,0,0.0,0.0,0,0,5,0.8,7
2026-08-30,1,323,McAteer,Ipswich Town,MID,4.5,,,,31,0,2,1.0,1.3,0.0,0.0,0.0,0.17,0,0,0.0,0.0,0,0,4,0.3,7
2026-08-30,1,592,Ouattara,Ipswich Town,DEF,4.0,,,,27,0,2,1.0,1.0,0.0,0.0,0.0,0.76,0,0,0.0,0.0,0,1,2,1.5,3
2026-08-30,1,350,A.Becker,Liverpool,GK,5.5,,,,180,2,2,1.0,3.8,0.0,0.0,0.0,3.88,0,0,0.0,0.0,0,4,0,1.8,2
2026-08-30,1,406,Kovačić,Man City,MID,5.5,,,,42,0,2,1.0,0.1,0.0,0.02,0.02,0.1,0,0,0.0,-0.02,0,0,2,0.4,12
2026-08-30,1,422,Mazraoui,Man Utd,DEF,4.5,,,,96,1,2,1.0,0.7,0.22,0.05,0.27,2.01,0,0,-0.22,-0.05,0,3,5,5.6,7
2026-08-30,1,439,Šeško,Man Utd,FWD,7.0,,,,33,0,2,1.0,1.8,0.04,0.01,0.05,1.07,0,0,-0.04,-0.01,0,1,3,0.9,7
2026-08-30,1,405,N.Gonzalez,Newcastle,MID,5.5,,,,70,1,2,1.0,0.2,0.0,0.2,0.2,0.74,0,0,0.0,-0.2,1,0,4,0.0,9
2026-08-30,1,462,Steur,Newcastle,MID,5.0,,,,74,1,2,1.0,0.1,0.0,0.0,0.0,1.86,0,0,0.0,0.0,0,1,5,0.2,7
2026-08-30,1,474,Jair Cunha,Nott'm Forest,DEF,4.5,,,,180,2,2,1.0,0.2,0.0,0.0,0.0,2.22,0,0,0.0,0.0,0,3,16,2.2,11
2026-08-30,1,478,Netz,Nott'm Forest,DEF,4.5,,,,20,0,2,1.0,0.0,0.0,0.0,0.0,0.13,0,0,0.0,0.0,0,1,1,0.1,3
2026-08-30,1,488,I.Sangaré,Nott'm Forest,MID,5.0,,,,90,1,2,1.0,0.8,0.03,0.01,0.04,0.47,0,0,-0.03,-0.01,0,1,6,3.4,10
2026-08-30,1,112,Van Hecke,Spurs,DEF,5.0,,,,180,2,2,1.0,8.8,0.11,0.06,0.17,4.59,0,0,-0.11,-0.06,0,5,17,3.3,12
2026-08-30,1,401,Marmoush,Spurs,FWD,7.0,,,,90,1,2,1.0,1.7,0.17,0.07,0.24,0.72,0,0,-0.17,-0.07,0,2,4,0.0,14
2026-08-30,1,506,Udogie,Spurs,DEF,4.5,,,,26,0,2,1.0,0.5,0.0,0.21,0.21,0.68,0,0,0.0,-0.21,0,1,1,0.0,5
2026-08-30,1,526,Solanke,Spurs,FWD,6.0,,,,37,0,2,1.0,1.2,0.27,0.0,0.27,0.85,0,0,-0.27,0.0,0,0,0,0.5,9
2026-08-30,1,527,Richarlison,Spurs,FWD,5.9,,,,67,1,2,1.0,2.4,0.0,0.0,0.0,3.02,0,0,0.0,0.0,0,3,1,0.2,6
2026-08-30,1,548,Rigg,Sunderland,MID,5.0,,,,17,0,2,1.0,0.1,0.0,0.0,0.0,0.44,0,0,0.0,0.0,0,1,1,0.0,6
2026-08-30,1,9,Hincapie,Arsenal,DEF,5.4,,,,9,0,1,0.5,1.4,0.0,0.0,0.0,0.15,0,0,0.0,0.0,0,0,0,0.1,3
2026-08-30,1,14,Eze,Arsenal,MID,6.4,,,,14,0,1,0.5,1.7,0.04,0.0,0.04,0.15,0,0,-0.04,0.0,0,0,2,0.1,4
2026-08-30,1,16,Madueke,Arsenal,MID,6.4,,,,22,0,1,0.5,0.3,0.0,0.04,0.04,0.15,0,0,0.0,-0.04,0,0,2,5.3,8
2026-08-30,1,17,Merino,Arsenal,MID,5.9,,,,14,0,1,0.5,0.6,0.14,0.02,0.16,0.15,0,0,-0.14,-0.02,0,0,2,1.9,5
2026-08-30,1,19,Zubimendi,Arsenal,MID,5.4,,,,22,0,1,0.5,0.9,0.0,0.02,0.02,0.15,0,0,0.0,-0.02,0,0,3,0.6,3
2026-08-30,1,29,M.Bizot,Aston Villa,GK,4.5,,,,90,1,1,0.5,0.1,0.0,0.0,0.0,3.77,0,0,0.0,0.0,0,4,0,2.8,1
2026-08-30,1,33,Mings,Aston Villa,DEF,4.5,,,,16,0,1,0.5,0.4,0.0,0.0,0.0,0.22,0,0,0.0,0.0,0,0,1,0.2,5
2026-08-30,1,35,Bogarde,Aston Villa,MID,5.0,,,,16,0,1,0.5,0.1,0.0,0.0,0.0,0.22,0,0,0.0,0.0,0,0,1,0.3,3
2026-08-30,1,45,McGinn,Aston Villa,MID,5.5,,,,81,1,1,0.5,2.7,0.04,0.01,0.05,3.62,0,0,-0.04,-0.01,0,4,6,0.5,8
2026-08-30,1,52,Alysson,Aston Villa,MID,5.0,,,,8,0,1,0.5,0.0,0.0,0.0,0.0,0.14,0,0,0.0,0.0,0,0,3,0.4,5
2026-08-30,1,160,Garnacho,Aston Villa,MID,5.9,,,,4,0,1,0.5,0.5,0.0,0.0,0.0,0.14,0,0,0.0,0.0,0,0,0,0.0,2
2026-08-30,1,596,Ruggeri,Aston Villa,DEF,4.5,,,,8,0,1,0.5,0.1,0.0,0.0,0.0,0.14,0,0,0.0,0.0,0,0,2,0.4,3
2026-08-30,1,72,Gannon-Doak,Bournemouth,MID,5.0,,,,1,0,1,0.5,0.1,0.0,0.0,0.0,0.19,0,0,0.0,0.0,0,1,1,0.2,3
2026-08-30,1,74,Brooks,Bournemouth,MID,5.0,,,,9,0,1,0.5,0.1,0.0,0.01,0.01,0.16,0,0,0.0,-0.01,0,1,0,0.0,3
2026-08-30,1,75,Christie,Bournemouth,MID,5.0,,,,3,0,1,0.5,0.0,0.0,0.0,0.0,0.13,0,0,0.0,0.0,0,1,2,0.0,5
2026-08-30,1,76,Tóth.A,Bournemouth,MID,5.0,,,,15,0,1,0.5,0.0,0.0,0.0,0.0,0.31,0,0,0.0,0.0,0,2,2,0.3,5
2026-08-30,1,81,Rodríguez,Bournemouth,FWD,6.0,,,,9,0,1,0.5,0.1,0.0,0.0,0.0,0.16,0,0,0.0,0.0,0,1,1,0.0,4
2026-08-30,1,608,Jebbison,Bournemouth,FWD,5.0,,,,15,0,1,0.5,0.1,0.1,0.0,0.1,0.31,0,0,-0.1,0.0,0,2,1,2.1,6
2026-08-30,1,89,Henry,Brentford,DEF,4.5,,,,2,0,1,0.5,0.2,0.0,0.0,0.0,0.0,0,0,0.0,0.0,0,0,0,0.0,3
2026-08-30,1,119,Costinha,Brighton,DEF,4.5,,,,36,0,1,0.5,0.0,0.12,0.0,0.12,0.14,0,0,-0.12,0.0,0,0,4,2.8,6
2026-08-30,1,135,Yohanna,Brighton,MID,5.0,,,,12,0,1,0.5,0.1,0.0,0.03,0.03,0.0,0,0,0.0,-0.03,0,0,0,0.2,3
2026-08-30,1,594,David,Brighton,FWD,6.0,,,,10,0,1,0.5,0.3,0.0,0.0,0.0,0.04,0,0,0.0,0.0,0,0,0,0.0,3
2026-08-30,1,142,James,Chelsea,DEF,5.5,,,,112,1,1,0.5,9.4,0.1,0.07,0.17,1.47,0,0,-0.1,-0.07,0,3,6,5.9,4
2026-08-30,1,149,Colwill,Chelsea,DEF,5.0,,,,161,2,1,0.5,1.4,0.01,0.03,0.04,2.64,0,0,-0.01,-0.03,0,4,13,1.5,8
2026-08-30,1,155,Enzo,Chelsea,MID,6.9,,,,25,0,1,0.5,3.9,0.0,0.02,0.02,0.28,0,0,0.0,-0.02,0,0,3,1.5,6
2026-08-30,1,157,Estêvão,Chelsea,MID,6.4,,,,7,0,1,0.5,1.0,0.0,0.0,0.0,0.09,0,0,0.0,0.0,0,0,1,0.1,3
2026-08-30,1,159,Caicedo,Chelsea,MID,5.4,,,,13,0,1,0.5,2.5,0.0,0.0,0.0,0.07,0,0,0.0,0.0,0,0,0,0.0,3
2026-08-30,1,164,Quenda,Chelsea,MID,5.4,,,,8,0,1,0.5,0.0,0.0,0.0,0.0,0.09,0,0,0.0,0.0,0,0,1,0.4,2
2026-08-30,1,568,Barco,Chelsea,MID,5.5,,,,8,0,1,0.5,0.1,0.04,0.0,0.04,0.07,0,0,-0.04,0.0,0,1,1,0.0,1
2026-08-30,1,91,Pinnock,Coventry City,DEF,4.5,,,,12,0,1,0.5,0.1,0.0,0.0,0.0,0.54,0,0,0.0,0.0,0,1,2,0.0,-1
2026-08-30,1,185,Sakamoto,Coventry City,MID,5.0,,,,31,0,1,0.5,0.1,0.02,0.02,0.04,0.69,0,0,-0.02,-0.02,0,1,4,0.0,8
2026-08-30,1,186,Mason-Clark,Coventry City,MID,5.5,,,,57,1,1,0.5,0.1,0.0,0.06,0.06,0.02,0,0,0.0,-0.06,0,0,4,0.0,4
2026-08-30,1,153,Disasi,Crystal Palace,DEF,4.5,,,,16,0,1,0.5,0.1,0.0,0.0,0.0,0.2,0,0,0.0,0.0,0,1,1,0.0,-2
2026-08-30,1,203,Canvot,Crystal Palace,DEF,5.0,,,,180,2,1,0.5,0.3,0.05,0.01,0.06,3.33,0,0,-0.05,-0.01,0,6,15,3.8,8
2026-08-30,1,204,Mitchell,Crystal Palace,DEF,4.5,,,,180,2,1,0.5,5.2,0.11,0.17,0.28,3.33,0,0,-0.11,-0.17,0,6,10,2.7,1
2026-08-30,1,206,Chadi Riad,Crystal Palace,DEF,4.4,,,,72,1,1,0.5,0.0,0.0,0.01,0.01,0.98,0,0,0.0,-0.01,0,2,7,1.4,7
2026-08-30,1,207,Mingueza,Crystal Palace,DEF,4.5,,,,15,0,1,0.5,0.1,0.0,0.0,0.0,0.2,0,0,0.0,0.0,0,1,1,0.0,1
2026-08-30,1,595,Gozo,Crystal Palace,MID,5.0,,,,22,0,1,0.5,0.0,0.0,0.0,0.0,0.2,0,0,0.0,0.0,0,1,1,0.0,3
2026-08-30,1,240,Iroegbunam,Everton,MID,5.0,,,,4,0,1,0.5,0.0,0.0,0.0,0.0,0.0,0,0,0.0,0.0,0,0,0,0.0,2
2026-08-30,1,243,Alcaraz,Everton,MID,5.0,,,,5,0,1,0.5,0.1,0.05,0.02,0.07,0.04,0,0,-0.05,-0.02,0,0,3,2.2,5
2026-08-30,1,253,Andersen,Fulham,DEF,5.0,,,,90,1,1,0.5,0.1,0.0,0.04,0.04,2.02,0,0,0.0,-0.04,0,1,8,0.0,4
2026-08-30,1,262,Smith Rowe,Fulham,MID,5.5,,,,14,0,1,0.5,0.4,0.06,0.02,0.08,0.41,0,0,-0.06,-0.02,0,0,1,0.0,5
2026-08-30,1,271,Muniz,Fulham,FWD,5.5,,,,8,0,1,0.5,0.5,0.02,0.0,0.02,0.03,0,0,-0.02,0.0,0,0,1,2.5,6
2026-08-30,1,285,McNair,Hull City,DEF,4.0,,,,26,0,1,0.5,0.1,0.0,0.0,0.0,0.96,0,0,0.0,0.0,0,0,2,0.4,3
2026-08-30,1,556,Targett,Hull City,DEF,4.0,,,,5,0,1,0.5,2.2,0.0,0.0,0.0,0.07,0,0,0.0,0.0,0,0,0,0.0,3
2026-08-30,1,563,Morita,Hull City,MID,5.0,,,,45,1,1,0.5,0.0,0.0,0.0,0.0,1.09,0,0,0.0,0.0,0,0,3,0.0,6
2026-08-30,1,589,Gourna-Douath,Hull City,MID,5.0,,,,45,0,1,0.5,0.0,0.0,0.01,0.01,0.2,0,0,0.0,-0.01,0,0,6,0.0,6
2026-08-30,1,617,Cho,Hull City,MID,5.0,,,,7,0,1,1.0,0.0,0.0,0.0,0.0,0.18,0,0,0.0,0.0,0,0,0,0.0,3
2026-08-30,1,306,Greaves,Ipswich Town,DEF,4.0,,,,180,2,1,0.5,1.4,0.0,0.01,0.01,5.22,0,0,0.0,-0.01,0,6,17,1.8,-1
2026-08-30,1,308,Furlong,Ipswich Town,DEF,4.0,,,,17,0,1,0.5,0.6,0.0,0.0,0.0,0.73,0,0,0.0,0.0,0,1,2,0.0,-1
2026-08-30,1,321,Walle Egeli,Ipswich Town,FWD,4.5,,,,10,0,1,0.5,2.7,0.0,0.0,0.0,0.03,0,0,0.0,0.0,0,0,0,0.0,3
2026-08-30,1,619,Palacios,Ipswich Town,MID,5.0,,,,28,0,1,1.0,0.0,0.0,0.01,0.01,1.74,0,0,0.0,-0.01,0,2,6,0.0,11
2026-08-30,1,339,Longstaff,Leeds,MID,5.0,,,,8,0,1,0.5,0.1,0.0,0.0,0.0,0.07,0,0,0.0,0.0,0,0,0,0.0,3
2026-08-30,1,343,James,Leeds,MID,5.0,,,,22,0,1,0.5,0.1,0.24,0.01,0.25,0.93,0,0,-0.24,-0.01,0,0,2,0.0,2
2026-08-30,1,345,Tanaka,Leeds,MID,5.0,,,,45,0,1,0.5,0.2,0.0,0.01,0.01,1.13,0,0,0.0,-0.01,0,0,11,0.0,6
2026-08-30,1,598,Elvedi,Leeds,DEF,4.5,,,,56,0,1,0.5,0.0,0.0,0.0,0.0,1.32,0,0,0.0,0.0,0,1,6,0.0,9
2026-08-30,1,357,Frimpong,Liverpool,DEF,5.5,,,,160,2,1,0.5,3.3,0.01,0.11,0.12,3.81,0,0,-0.01,-0.11,0,4,8,6.1,12
2026-08-30,1,358,Kerkez,Liverpool,DEF,5.5,,,,160,2,1,0.5,3.3,0.02,0.03,0.05,3.81,0,0,-0.02,-0.03,0,4,15,4.4,12
2026-08-30,1,364,Tsimikas,Liverpool,DEF,5.0,,,,19,0,1,0.5,0.1,0.04,0.01,0.05,0.07,0,0,-0.04,-0.01,0,0,0,0.0,4
2026-08-30,1,375,Nyoni,Liverpool,MID,5.0,,,,13,0,1,0.5,0.0,0.0,0.0,0.0,0.07,0,0,0.0,0.0,0,0,5,0.0,3
2026-08-30,1,381,Koumas,Liverpool,MID,5.0,,,,12,0,1,0.5,0.0,0.03,0.0,0.03,0.48,0,0,-0.03,0.0,0,0,1,0.9,4
2026-08-30,1,579,Araujo,Liverpool,DEF,5.5,,,,33,0,1,0.5,2.5,0.0,0.04,0.04,0.61,0,0,0.0,-0.04,0,0,5,1.4,2
2026-08-30,1,238,Grealish,Man City,MID,6.5,,,,8,0,1,0.5,0.2,0.0,0.0,0.0,0.0,0,0,0.0,0.0,0,0,1,0.2,2
2026-08-30,1,389,Matheus N.,Man City,DEF,6.0,,,,33,0,1,0.5,1.3,0.0,0.04,0.04,0.1,0,0,0.0,-0.04,0,0,1,0.9,4
2026-08-30,1,395,Lewis,Man City,DEF,4.5,,,,56,1,1,0.5,0.2,0.17,0.02,0.19,0.55,0,0,-0.17,-0.02,0,1,2,4.7,-1
2026-08-30,1,396,Vitor Reis,Man City,DEF,4.5,,,,1,0,1,0.5,0.0,0.0,0.0,0.0,0.0,0,0,0.0,0.0,0,0,0,0.0,3
2026-08-30,1,616,Bouaddi,Man City,MID,5.5,,,,8,0,1,1.0,0.1,0.0,0.12,0.12,0.0,0,0,0.0,-0.12,0,0,1,0.0,3
2026-08-30,1,621,McAidoo,Man City,MID,4.5,,,,8,0,1,1.0,0.0,0.1,0.0,0.1,0.0,0,0,-0.1,0.0,0,0,0,0.0,3
2026-08-30,1,622,Braithwaite,Man City,DEF,4.0,,,,1,0,1,1.0,0.0,0.0,0.0,0.0,0.0,0,0,0.0,0.0,0,0,0,0.0,3
2026-08-30,1,415,Dorgu,Man Utd,MID,5.9,,,,55,1,1,0.5,1.0,0.61,0.04,0.65,1.92,0,0,-0.61,-0.04,0,3,3,0.7,-7
2026-08-30,1,419,Martinez,Man Utd,DEF,5.0,,,,90,1,1,0.5,1.3,0.03,0.06,0.09,2.01,0,0,-0.03,-0.06,0,2,0,0.0,0
2026-08-30,1,420,Yoro,Man Utd,DEF,5.0,,,,16,0,1,0.5,0.6,0.0,0.01,0.01,1.0,0,0,0.0,-0.01,0,1,2,0.0,-2
2026-08-30,1,421,Heaven,Man Utd,DEF,4.5,,,,90,1,1,0.5,0.4,0.12,0.04,0.16,1.01,0,0,-0.12,-0.04,0,2,2,2.0,5
2026-08-30,1,435,Lacey,Man Utd,MID,5.0,,,,10,0,1,0.5,0.1,0.0,0.0,0.0,0.0,0,0,0.0,0.0,0,0,1,0.1,3
2026-08-30,1,446,Schär,Newcastle,DEF,5.0,,,,1,0,1,0.5,0.3,0.0,0.0,0.0,0.79,0,0,0.0,0.0,0,1,0,0.0,-1
2026-08-30,1,456,J.Ramsey,Newcastle,MID,5.0,,,,42,0,1,0.5,0.3,0.06,0.14,0.2,1.88,0,0,-0.06,-0.14,0,1,7,1.3,4
2026-08-30,1,457,J.Murphy,Newcastle,MID,6.0,,,,22,0,1,0.5,0.1,0.0,0.2,0.2,1.42,0,0,0.0,-0.2,0,1,5,0.1,2
2026-08-30,1,461,Touré,Newcastle,MID,5.9,,,,1,0,1,0.5,0.2,0.0,0.0,0.0,0.0,0,0,0.0,0.0,0,0,0,0.0,3
2026-08-30,1,559,Bamba,Newcastle,MID,5.0,,,,14,0,1,0.5,0.1,0.0,0.0,0.0,1.04,0,0,0.0,0.0,0,1,2,0.4,5
2026-08-30,1,167,Delap,Nott'm Forest,FWD,5.5,,,,24,0,1,0.5,0.6,0.07,0.0,0.07,0.33,0,0,-0.07,0.0,0,1,0,0.0,9
2026-08-30,1,482,Hudson-Odoi,Nott'm Forest,MID,5.9,,,,1,0,1,0.5,0.2,0.0,0.0,0.0,0.0,0,0,0.0,0.0,0,0,0,0.0,2
2026-08-30,1,487,Dominguez,Nott'm Forest,MID,5.0,,,,1,0,1,0.5,0.1,0.0,0.0,0.0,0.0,0,0,0.0,0.0,0,0,0,0.0,3
2026-08-30,1,490,Wood,Nott'm Forest,FWD,5.9,,,,28,0,1,0.5,1.4,0.12,0.01,0.13,0.22,0,0,-0.12,-0.01,0,1,1,0.4,3
2026-08-30,1,493,Kalimuendo,Nott'm Forest,FWD,5.5,,,,1,0,1,0.5,0.0,0.0,0.0,0.0,0.0,0,0,0.0,0.0,0,0,0,0.0,3
2026-08-30,1,499,Pedro Porro,Spurs,DEF,5.5,,,,90,1,1,0.5,13.0,0.33,0.1,0.43,0.72,0,0,-0.33,-0.1,0,2,4,0.0,1
2026-08-30,1,512,Kudus,Spurs,MID,6.5,,,,22,0,1,0.5,0.1,0.04,0.01,0.05,0.24,0,0,-0.04,-0.01,0,1,2,0.0,4
2026-08-30,1,515,Maddison,Spurs,MID,6.4,,,,22,0,1,0.5,0.8,0.0,0.01,0.01,0.85,0,0,0.0,-0.01,0,0,2,2.1,6
2026-08-30,1,520,Bergvall,Spurs,MID,5.5,,,,45,1,1,0.5,0.2,0.0,0.01,0.01,1.7,0,0,0.0,-0.01,0,2,8,0.0,2
2026-08-30,1,535,Alderete,Sunderland,DEF,5.0,,,,23,0,1,0.5,0.4,0.0,0.01,0.01,0.1,0,0,0.0,-0.01,0,1,0,0.0,2
2026-08-30,1,539,O'Nien,Sunderland,DEF,4.0,,,,66,1,1,0.5,3.3,0.01,0.01,0.02,1.69,0,0,-0.01,-0.01,0,1,5,1.7,1
2026-08-30,1,547,Mundle,Sunderland,MID,5.0,,,,1,0,1,0.5,0.0,0.17,0.0,0.17,0.09,0,0,-0.17,0.0,0,0,1,0.0,2
2026-08-30,1,549,Talbi,Sunderland,MID,5.5,,,,31,0,1,0.5,0.2,0.0,0.0,0.0,0.14,0,0,0.0,0.0,0,1,2,0.0,1
2026-08-30,1,2,Arrizabalaga,Arsenal,GK,5.0,,,,0,0,0,0.0,0.1,0.0,0.0,0.0,0.0,0,0,0.0,0.0,0,0,0,0.0,0
2026-08-30,1,3,Meslier,Arsenal,GK,5.0,,,,0,0,0,0.0,0.0,0.0,0.0,0.0,0.0,0,0,0.0,0.0,0,0,0,0.0,0
2026-08-30,1,5,J.Timber,Arsenal,DEF,6.5,,,,0,0,0,0.0,0.1,0.0,0.0,0.0,0.0,0,0,0.0,0.0,0,0,0,0.0,0
2026-08-30,1,6,Saliba,Arsenal,DEF,6.0,,,,0,0,0,0.0,0.3,0.0,0.0,0.0,0.0,0,0,0.0,0.0,0,0,0,0.0,0
2026-08-30,1,18,Martinelli,Arsenal,MID,6.4,,,,0,0,0,0.0,0.2,0.0,0.0,0.0,0.0,0,0,0.0,0.0,0,0,0,0.0,0
2026-08-30,1,20,Dowman,Arsenal,MID,5.4,,,,0,0,0,0.0,0.1,0.0,0.0,0.0,0.0,0,0,0.0,0.0,0,0,0,0.0,0
2026-08-30,1,22,Nwaneri,Arsenal,MID,5.4,,,,0,0,0,0.0,0.0,0.0,0.0,0.0,0.0,0,0,0.0,0.0,0,0,0,0.0,0
2026-08-30,1,23,Fábio Vieira,Arsenal,MID,5.5,,,,0,0,0,0.0,0.0,0.0,0.0,0.0,0.0,0,0,0.0,0.0,0,0,0,0.0,0
2026-08-30,1,24,Nelson,Arsenal,MID,5.5,,,,0,0,0,0.0,0.0,0.0,0.0,0.0,0.0,0,0,0.0,0.0,0,0,0,0.0,0
2026-08-30,1,25,Gyökeres,Arsenal,FWD,7.4,,,,0,0,0,0.0,6.2,0.0,0.0,0.0,0.0,0,0,0.0,0.0,0,0,0,0.0,0
2026-08-30,1,27,G.Jesus,Arsenal,FWD,6.0,,,,0,0,0,0.0,0.3,0.0,0.0,0.0,0.0,0,0,0.0,0.0,0,0,0,0.0,0
2026-08-30,1,31,Konsa,Arsenal,DEF,4.4,,,,0,0,0,0.0,10.4,0.0,0.0,0.0,0.0,0,0,0.0,0.0,0,0,0,0.0,0
2026-08-30,1,452,Bruno G.,Arsenal,MID,6.9,,,,0,0,0,0.0,2.4,0.0,0.0,0.0,0.0,0,0,0.0,0.0,0,0,0,0.0,0
2026-08-30,1,30,Digne,Aston Villa,DEF,4.5,,,,0,0,0,0.0,0.1,0.0,0.0,0.0,0.0,0,0,0.0,0.0,0,0,0,0.0,0
2026-08-30,1,34,Pau,Aston Villa,DEF,4.5,,,,73,1,0,0.0,0.4,0.0,0.0,0.0,3.55,0,0,0.0,0.0,0,4,5,0.0,-14
2026-08-30,1,36,Maatsen,Aston Villa,DEF,4.5,,,,81,1,0,0.0,0.7,0.03,0.0,0.03,3.62,0,0,-0.03,0.0,0,4,9,1.3,-9
2026-08-30,1,38,A.García,Aston Villa,DEF,4.0,,,,0,0,0,0.0,1.7,0.0,0.0,0.0,0.0,0,0,0.0,0.0,0,0,0,0.0,0
2026-08-30,1,39,Nedeljkovic,Aston Villa,DEF,4.0,,,,0,0,0,0.0,0.2,0.0,0.0,0.0,0.0,0,0,0.0,0.0,0,0,0,0.0,0
2026-08-30,1,44,Bailey,Aston Villa,MID,5.5,,,,0,0,0,0.0,0.1,0.0,0.0,0.0,0.0,0,0,0.0,0.0,0,0,0,0.0,0
2026-08-30,1,48,Onana,Aston Villa,MID,5.0,,,,0,0,0,0.0,0.0,0.0,0.0,0.0,0.0,0,0,0.0,0.0,0,0,0,0.0,0
2026-08-30,1,49,Iling Jr,Aston Villa,MID,5.0,,,,0,0,0,0.0,0.0,0.0,0.0,0.0,0.0,0,0,0.0,0.0,0,0,0,0.0,0
2026-08-30,1,50,Burrowes,Aston Villa,MID,4.5,,,,0,0,0,0.0,0.7,0.0,0.0,0.0,0.0,0,0,0.0,0.0,0,0,0,0.0,0
2026-08-30,1,53,Manzambi,Aston Villa,MID,5.9,,,,0,0,0,0.0,0.2,0.0,0.0,0.0,0.0,0,0,0.0,0.0,0,0,0,0.0,0
2026-08-30,1,55,Watkins,Aston Villa,FWD,7.9,,,,0,0,0,0.0,6.7,0.0,0.0,0.0,0.0,0,0,0.0,0.0,0,0,0,0.0,0
2026-08-30,1,56,Abraham,Aston Villa,FWD,5.5,,,,0,0,0,0.0,0.1,0.0,0.0,0.0,0.0,0,0,0.0,0.0,0,0,0,0.0,0
2026-08-30,1,166,N.Jackson,Aston Villa,FWD,6.5,,,,0,0,0,0.0,0.6,0.0,0.0,0.0,0.0,0,0,0.0,0.0,0,0,0,0.0,0
2026-08-30,1,582,Madjo,Aston Villa,FWD,5.5,,,,0,0,0,0.0,0.4,0.0,0.0,0.0,0.0,0,0,0.0,0.0,0,0,0,0.0,0
2026-08-30,1,597,Suzuki,Aston Villa,GK,5.0,,,,0,0,0,0.0,0.9,0.0,0.0,0.0,0.0,0,0,0.0,0.0,0,0,0,0.0,0
2026-08-30,1,606,Rowe,Aston Villa,DEF,4.0,,,,0,0,0,0.0,0.1,0.0,0.0,0.0,0.0,0,0,0.0,0.0,0,0,0,0.0,0
2026-08-30,1,607,Lynch,Aston Villa,MID,4.5,,,,0,0,0,0.0,0.1,0.0,0.0,0.0,0.0,0,0,0.0,0.0,0,0,0,0.0,0
2026-08-30,1,611,Wan-Bissaka,Aston Villa,DEF,4.5,,,,0,0,0,0.0,0.1,0.0,0.0,0.0,0.0,0,0,0.0,0.0,0,0,0,0.0,0
2026-08-30,1,618,Goretzka,Aston Villa,MID,6.0,,,,0,0,0,0.0,0.0,0.0,0.0,0.0,0.0,0,0,0.0,0.0,0,0,0,0.0,0
2026-08-30,1,58,Forster,Bournemouth,GK,4.0,,,,0,0,0,0.0,3.2,0.0,0.0,0.0,0.0,0,0,0.0,0.0,0,0,0,0.0,0
2026-08-30,1,59,Dennis,Bournemouth,GK,4.0,,,,0,0,0,0.0,0.2,0.0,0.0,0.0,0.0,0,0,0.0,0.0,0,0,0,0.0,0
2026-08-30,1,62,Diakité,Bournemouth,DEF,5.0,,,,0,0,0,0.0,0.2,0.0,0.0,0.0,0.0,0,0,0.0,0.0,0,0,0,0.0,0
2026-08-30,1,63,Milosavljević,Bournemouth,DEF,5.0,,,,0,0,0,0.0,0.0,0.0,0.0,0.0,0.0,0,0,0.0,0.0,0,0,0,0.0,0
2026-08-30,1,65,J.Araujo,Bournemouth,DEF,4.5,,,,0,0,0,0.0,0.0,0.0,0.0,0.0,0.0,0,0,0.0,0.0,0,0,0,0.0,0
2026-08-30,1,66,Soler,Bournemouth,DEF,4.0,,,,0,0,0,0.0,0.2,0.0,0.0,0.0,0.0,0,0,0.0,0.0,0,0,0,0.0,0
2026-08-30,1,77,Adli,Bournemouth,MID,4.9,,,,0,0,0,0.0,0.0,0.0,0.0,0.0,0.0,0,0,0.0,0.0,0,0,0,0.0,0
2026-08-30,1,78,Kroupi.Jr,Bournemouth,MID,7.4,,,,0,0,0,0.0,0.3,0.0,0.0,0.0,0.0,0,0,0.0,0.0,0,0,0,0.0,0
2026-08-30,1,80,Enes Ünal,Bournemouth,FWD,5.5,,,,0,0,0,0.0,0.0,0.0,0.0,0.0,0.0,0,0,0.0,0.0,0,0,0,0.0,0
2026-08-30,1,573,Sanchez,Bournemouth,DEF,4.5,,,,0,0,0,0.0,0.2,0.0,0.0,0.0,0.0,0,0,0.0,0.0,0,0,0,0.0,0
2026-08-30,1,615,Di Gregorio,Bournemouth,GK,4.5,,,,0,0,0,0.0,0.0,0.0,0.0,0.0,0.0,0,0,0.0,0.0,0,0,0,0.0,0
2026-08-30,1,83,Valdimarsson,Brentford,GK,4.5,,,,0,0,0,0.0,0.1,0.0,0.0,0.0,0.0,0,0,0.0,0.0,0,0,0,0.0,0
2026-08-30,1,85,Van den Berg,Brentford,DEF,5.0,,,,0,0,0,0.0,0.1,0.0,0.0,0.0,0.0,0,0,0.0,0.0,0,0,0,0.0,0
2026-08-30,1,92,Ji-soo,Brentford,DEF,4.5,,,,0,0,0,0.0,0.0,0.0,0.0,0.0,0.0,0,0,0.0,0.0,0,0,0,0.0,0
2026-08-30,1,93,Schuster,Brentford,DEF,4.5,,,,0,0,0,0.0,0.2,0.0,0.0,0.0,0.0,0,0,0.0,0.0,0,0,0,0.0,0
2026-08-30,1,99,Milambo,Brentford,MID,5.0,,,,0,0,0,0.0,0.0,0.0,0.0,0.0,0.0,0,0,0.0,0.0,0,0,0,0.0,0
2026-08-30,1,100,Carvalho,Brentford,MID,5.0,,,,0,0,0,0.0,0.0,0.0,0.0,0.0,0.0,0,0,0.0,0.0,0,0,0,0.0,0
2026-08-30,1,103,Dasilva,Brentford,MID,5.0,,,,0,0,0,0.0,0.0,0.0,0.0,0.0,0.0,0,0,0.0,0.0,0,0,0,0.0,0
2026-08-30,1,107,Furo,Brentford,FWD,4.5,,,,0,0,0,0.0,1.0,0.0,0.0,0.0,0.0,0,0,0.0,0.0,0,0,0,0.0,0
2026-08-30,1,620,Diouf,Brentford,DEF,4.5,,,,0,0,0,0.0,0.1,0.0,0.0,0.0,0.0,0,0,0.0,0.0,0,0,0,0.0,0
2026-08-30,1,111,Steele,Brighton,GK,4.0,,,,0,0,0,0.0,4.0,0.0,0.0,0.0,0.0,0,0,0.0,0.0,0,0,0,0.0,0
2026-08-30,1,113,F.Kadıoğlu,Brighton,DEF,4.4,,,,90,1,0,0.0,2.2,0.02,0.01,0.03,2.93,0,0,-0.02,-0.01,0,4,0,0.0,-4
2026-08-30,1,117,Coppola,Brighton,DEF,4.5,,,,0,0,0,0.0,0.0,0.0,0.0,0.0,0.0,0,0,0.0,0.0,0,0,0,0.0,0
2026-08-30,1,118,Igor,Brighton,DEF,4.5,,,,0,0,0,0.0,0.1,0.0,0.0,0.0,0.0,0,0,0.0,0.0,0,0,0,0.0,0
2026-08-30,1,120,Svoboda,Brighton,DEF,5.0,,,,0,0,0,0.0,0.1,0.0,0.0,0.0,0.0,0,0,0.0,0.0,0,0,0,0.0,0
2026-08-30,1,121,Mitoma,Brighton,MID,6.0,,,,0,0,0,0.0,0.0,0.0,0.0,0.0,0.0,0,0,0.0,0.0,0,0,0,0.0,0
2026-08-30,1,122,Minteh,Brighton,MID,5.9,,,,0,0,0,0.0,0.1,0.0,0.0,0.0,0.0,0,0,0.0,0.0,0,0,0,0.0,0
2026-08-30,1,126,O'Riley,Brighton,MID,5.5,,,,0,0,0,0.0,0.1,0.0,0.0,0.0,0.0,0,0,0.0,0.0,0,0,0,0.0,0
2026-08-30,1,128,Buonanotte,Brighton,MID,5.0,,,,0,0,0,0.0,0.0,0.0,0.0,0.0,0.0,0,0,0.0,0.0,0,0,0,0.0,0
2026-08-30,1,132,Howell,Brighton,MID,4.5,,,,0,0,0,0.0,0.0,0.0,0.0,0.0,0.0,0,0,0.0,0.0,0,0,0,0.0,0
2026-08-30,1,133,Watson,Brighton,MID,5.0,,,,0,0,0,0.0,0.0,0.0,0.0,0.0,0.0,0,0,0.0,0.0,0,0,0,0.0,0
2026-08-30,1,134,Oriola,Brighton,MID,4.5,,,,0,0,0,0.0,0.3,0.0,0.0,0.0,0.0,0,0,0.0,0.0,0,0,0,0.0,0
2026-08-30,1,137,Tzimas,Brighton,FWD,5.5,,,,0,0,0,0.0,0.0,0.0,0.0,0.0,0.0,0,0,0.0,0.0,0,0,0,0.0,0
2026-08-30,1,139,Ferguson,Brighton,FWD,5.0,,,,0,0,0,0.0,0.0,0.0,0.0,0.0,0.0,0,0,0.0,0.0,0,0,0,0.0,0
2026-08-30,1,328,Struijk,Brighton,DEF,5.0,,,,0,0,0,0.0,0.2,0.0,0.0,0.0,0.0,0,0,0.0,0.0,0,0,0,0.0,0
2026-08-30,1,614,Hadjam,Brighton,DEF,4.5,,,,0,0,0,0.0,0.0,0.0,0.0,0.0,0.0,0,0,0.0,0.0,0,0,0,0.0,0
2026-08-30,1,624,Cozier-Duberry,Brighton,MID,5.0,,,,0,0,0,0.0,0.0,0.0,0.0,0.0,0.0,0,0,0.0,0.0,0,0,0,0.0,0
2026-08-30,1,101,Henderson,Chelsea,MID,5.0,,,,0,0,0,0.0,0.0,0.0,0.0,0.0,0.0,0,0,0.0,0.0,0,0,0,0.0,0
2026-08-30,1,136,Welbeck,Chelsea,FWD,5.9,,,,0,0,0,0.0,0.9,0.0,0.0,0.0,0.0,0,0,0.0,0.0,0,0,0,0.0,0
2026-08-30,1,141,Jörgensen,Chelsea,GK,5.0,,,,0,0,0,0.0,0.0,0.0,0.0,0.0,0.0,0,0,0.0,0.0,0,0,0,0.0,0
2026-08-30,1,143,Chalobah,Chelsea,DEF,5.5,,,,0,0,0,0.0,0.1,0.0,0.0,0.0,0.0,0,0,0.0,0.0,0,0,0,0.0,0
2026-08-30,1,145,Fofana,Chelsea,DEF,5.0,,,,67,1,0,0.0,0.1,0.0,0.01,0.01,1.26,0,0,0.0,-0.01,0,2,9,0.0,-2
2026-08-30,1,146,B.Badiashile,Chelsea,DEF,4.5,,,,0,0,0,0.0,0.0,0.0,0.0,0.0,0.0,0,0,0.0,0.0,0,0,0,0.0,0
2026-08-30,1,147,Tosin,Chelsea,DEF,4.5,,,,0,0,0,0.0,0.2,0.0,0.0,0.0,0.0,0,0,0.0,0.0,0,0,0,0.0,0
2026-08-30,1,150,M.Sarr,Chelsea,DEF,4.5,,,,0,0,0,0.0,0.1,0.0,0.0,0.0,0.0,0,0,0.0,0.0,0,0,0,0.0,0
2026-08-30,1,152,Palestra,Chelsea,DEF,5.4,,,,0,0,0,0.0,1.8,0.0,0.0,0.0,0.0,0,0,0.0,0.0,0,0,0,0.0,0
2026-08-30,1,158,Gittens,Chelsea,MID,5.9,,,,0,0,0,0.0,0.0,0.0,0.0,0.0,0.0,0,0,0.0,0.0,0,0,0,0.0,0
2026-08-30,1,163,D.Essugo,Chelsea,MID,4.5,,,,0,0,0,0.0,0.2,0.0,0.0,0.0,0.0,0,0,0.0,0.0,0,0,0,0.0,0
2026-08-30,1,168,Marc Guiu,Chelsea,FWD,5.0,,,,0,0,0,0.0,0.4,0.0,0.0,0.0,0.0,0,0,0.0,0.0,0,0,0,0.0,0
2026-08-30,1,169,Mheuka,Chelsea,FWD,4.5,,,,0,0,0,0.0,0.4,0.0,0.0,0.0,0.0,0,0,0.0,0.0,0,0,0,0.0,0
2026-08-30,1,170,Emegha,Chelsea,FWD,5.0,,,,0,0,0,0.0,0.1,0.0,0.0,0.0,0.0,0,0,0.0,0.0,0,0,0,0.0,0
2026-08-30,1,560,Penders,Chelsea,GK,4.5,,,,0,0,0,0.0,0.1,0.0,0.0,0.0,0.0,0,0,0.0,0.0,0,0,0,0.0,0
2026-08-30,1,561,Anselmino,Chelsea,DEF,4.5,,,,0,0,0,0.0,0.0,0.0,0.0,0.0,0.0,0,0,0.0,0.0,0,0,0,0.0,0
2026-08-30,1,578,Mudryk,Chelsea,MID,5.5,,,,0,0,0,0.0,0.0,0.0,0.0,0.0,0.0,0,0,0.0,0.0,0,0,0,0.0,0
2026-08-30,1,171,Dovin,Coventry City,GK,4.0,,,,0,0,0,0.0,1.5,0.0,0.0,0.0,0.0,0,0,0.0,0.0,0,0,0,0.0,0
2026-08-30,1,172,Wilson,Coventry City,GK,4.5,,,,0,0,0,0.0,0.4,0.0,0.0,0.0,0.0,0,0,0.0,0.0,0,0,0,0.0,0
2026-08-30,1,174,Kitching,Coventry City,DEF,4.0,,,,0,0,0,0.0,0.6,0.0,0.0,0.0,0.0,0,0,0.0,0.0,0,0,0,0.0,0
2026-08-30,1,177,Kesler-Hayden,Coventry City,DEF,4.0,,,,0,0,0,0.0,0.1,0.0,0.0,0.0,0.0,0,0,0.0,0.0,0,0,0,0.0,0
2026-08-30,1,178,Bidwell,Coventry City,DEF,4.0,,,,0,0,0,0.0,0.1,0.0,0.0,0.0,0.0,0,0,0.0,0.0,0,0,0,0.0,0
2026-08-30,1,179,Latibeaudiere,Coventry City,DEF,4.0,,,,0,0,0,0.0,0.0,0.0,0.0,0.0,0.0,0,0,0.0,0.0,0,0,0,0.0,0
2026-08-30,1,180,Woolfenden,Coventry City,DEF,4.0,,,,0,0,0,0.0,0.2,0.0,0.0,0.0,0.0,0,0,0.0,0.0,0,0,0,0.0,0
2026-08-30,1,181,Brau,Coventry City,DEF,4.0,,,,0,0,0,0.0,0.0,0.0,0.0,0.0,0.0,0,0,0.0,0.0,0,0,0,0.0,0
2026-08-30,1,187,Eccles,Coventry City,MID,4.9,,,,0,0,0,0.0,0.0,0.0,0.0,0.0,0.0,0,0,0.0,0.0,0,0,0,0.0,0
2026-08-30,1,189,Shepherd,Coventry City,MID,4.5,,,,0,0,0,0.0,0.3,0.0,0.0,0.0,0.0,0,0,0.0,0.0,0,0,0,0.0,0
2026-08-30,1,191,Borges Rodrigues,Coventry City,MID,4.5,,,,0,0,0,0.0,0.2,0.0,0.0,0.0,0.0,0,0,0.0,0.0,0,0,0,0.0,0
2026-08-30,1,192,Andrews,Coventry City,MID,4.5,,,,0,0,0,0.0,0.6,0.0,0.0,0.0,0.0,0,0,0.0,0.0,0,0,0,0.0,0
2026-08-30,1,193,Wright,Coventry City,FWD,5.4,,,,0,0,0,0.0,0.1,0.0,0.0,0.0,0.0,0,0,0.0,0.0,0,0,0,0.0,0
2026-08-30,1,196,Markelo,Coventry City,FWD,5.0,,,,0,0,0,0.0,0.0,0.0,0.0,0.0,0.0,0,0,0.0,0.0,0,0,0,0.0,0
2026-08-30,1,197,Bassette,Coventry City,FWD,4.5,,,,0,0,0,0.0,0.0,0.0,0.0,0.0,0.0,0,0,0.0,0.0,0,0,0,0.0,0
2026-08-30,1,599,Cherif,Coventry City,FWD,5.0,,,,0,0,0,0.0,0.1,0.0,0.0,0.0,0.0,0,0,0.0,0.0,0,0,0,0.0,0
2026-08-30,1,623,Bentley,Coventry City,GK,4.0,,,,0,0,0,0.0,0.1,0.0,0.0,0.0,0.0,0,0,0.0,0.0,0,0,0,0.0,0
2026-08-30,1,199,Benitez,Crystal Palace,GK,4.5,,,,0,0,0,0.0,0.1,0.0,0.0,0.0,0.0,0,0,0.0,0.0,0,0,0,0.0,0
2026-08-30,1,201,Muñoz,Crystal Palace,DEF,5.4,,,,54,1,0,0.0,7.5,0.23,0.01,0.24,0.84,0,0,-0.23,-0.01,0,2,4,2.4,-4
2026-08-30,1,205,Sosa,Crystal Palace,DEF,4.5,,,,0,0,0,0.0,0.0,0.0,0.0,0.0,0.0,0,0,0.0,0.0,0,0,0,0.0,0
2026-08-30,1,208,Sarr,Crystal Palace,MID,6.4,,,,0,0,0,0.0,1.8,0.0,0.0,0.0,0.0,0,0,0.0,0.0,0,0,0,0.0,0
2026-08-30,1,212,Hughes,Crystal Palace,MID,4.5,,,,0,0,0,0.0,10.3,0.0,0.0,0.0,0.0,0,0,0.0,0.0,0,0,0,0.0,0
2026-08-30,1,213,Lerma,Crystal Palace,MID,5.0,,,,0,0,0,0.0,0.1,0.0,0.0,0.0,0.0,0,0,0.0,0.0,0,0,0,0.0,0
2026-08-30,1,215,Devenny,Crystal Palace,MID,5.0,,,,0,0,0,0.0,0.0,0.0,0.0,0.0,0.0,0,0,0.0,0.0,0,0,0,0.0,0
2026-08-30,1,216,Esse,Crystal Palace,MID,5.0,,,,0,0,0,0.0,0.0,0.0,0.0,0.0,0.0,0,0,0.0,0.0,0,0,0,0.0,0
2026-08-30,1,217,M.França,Crystal Palace,MID,4.9,,,,0,0,0,0.0,0.0,0.0,0.0,0.0,0.0,0,0,0.0,0.0,0,0,0,0.0,0
2026-08-30,1,218,Doucouré,Crystal Palace,MID,5.0,,,,0,0,0,0.0,0.1,0.0,0.0,0.0,0.0,0,0,0.0,0.0,0,0,0,0.0,0
2026-08-30,1,219,J.Rak-Sakyi,Crystal Palace,MID,5.0,,,,0,0,0,0.0,0.0,0.0,0.0,0.0,0.0,0,0,0.0,0.0,0,0,0,0.0,0
2026-08-30,1,220,Cardines,Crystal Palace,DEF,4.5,,,,0,0,0,0.0,0.0,0.0,0.0,0.0,0.0,0,0,0.0,0.0,0,0,0,0.0,0
2026-08-30,1,221,Drakes-Thomas,Crystal Palace,MID,4.5,,,,0,0,0,0.0,0.1,0.0,0.0,0.0,0.0,0,0,0.0,0.0,0,0,0,0.0,0
2026-08-30,1,225,Uche,Crystal Palace,FWD,5.0,,,,0,0,0,0.0,0.0,0.0,0.0,0.0,0.0,0,0,0.0,0.0,0,0,0,0.0,0
2026-08-30,1,555,Matthews,Crystal Palace,GK,4.0,,,,0,0,0,0.0,1.9,0.0,0.0,0.0,0.0,0,0,0.0,0.0,0,0,0,0.0,0
2026-08-30,1,21,Nørgaard,Everton,MID,5.0,,,,0,0,0,0.0,0.1,0.0,0.0,0.0,0.0,0,0,0.0,0.0,0,0,0,0.0,0
2026-08-30,1,227,Travers,Everton,GK,5.0,,,,0,0,0,0.0,0.0,0.0,0.0,0.0,0.0,0,0,0.0,0.0,0,0,0,0.0,0
2026-08-30,1,228,King,Everton,GK,4.5,,,,0,0,0,0.0,0.0,0.0,0.0,0.0,0.0,0,0,0.0,0.0,0,0,0,0.0,0
2026-08-30,1,231,Keane,Everton,DEF,4.9,,,,0,0,0,0.0,1.3,0.0,0.0,0.0,0.0,0,0,0.0,0.0,0,0,0,0.0,0
2026-08-30,1,232,O'Brien,Everton,DEF,4.9,,,,0,0,0,0.0,0.4,0.0,0.0,0.0,0.0,0,0,0.0,0.0,0,0,0,0.0,0
2026-08-30,1,234,Patterson,Everton,DEF,4.5,,,,0,0,0,0.0,0.0,0.0,0.0,0.0,0.0,0,0,0.0,0.0,0,0,0,0.0,0
2026-08-30,1,235,Aznou,Everton,DEF,4.0,,,,0,0,0,0.0,0.2,0.0,0.0,0.0,0.0,0,0,0.0,0.0,0,0,0,0.0,0
2026-08-30,1,245,Dibling,Everton,MID,5.4,,,,0,0,0,0.0,0.0,0.0,0.0,0.0,0.0,0,0,0.0,0.0,0,0,0,0.0,0
2026-08-30,1,251,Lecomte,Fulham,GK,4.0,,,,0,0,0,0.0,1.2,0.0,0.0,0.0,0.0,0,0,0.0,0.0,0,0,0,0.0,0
2026-08-30,1,252,McNally,Fulham,GK,4.0,,,,0,0,0,0.0,0.2,0.0,0.0,0.0,0.0,0,0,0.0,0.0,0,0,0,0.0,0
2026-08-30,1,256,Tete,Fulham,DEF,4.5,,,,0,0,0,0.0,0.3,0.0,0.0,0.0,0.0,0,0,0.0,0.0,0,0,0,0.0,0
2026-08-30,1,266,Cairney,Fulham,MID,5.0,,,,0,0,0,0.0,0.0,0.0,0.0,0.0,0.0,0,0,0.0,0.0,0,0,0,0.0,0
2026-08-30,1,270,Reed,Fulham,MID,4.5,,,,0,0,0,0.0,1.4,0.0,0.0,0.0,0.0,0,0,0.0,0.0,0,0,0,0.0,0
2026-08-30,1,272,Kusi-Asare,Fulham,FWD,4.5,,,,0,0,0,0.0,6.8,0.0,0.0,0.0,0.0,0,0,0.0,0.0,0,0,0,0.0,0
2026-08-30,1,610,De Fougerolles,Fulham,DEF,4.0,,,,0,0,0,0.0,0.1,0.0,0.0,0.0,0.0,0,0,0.0,0.0,0,0,0,0.0,0
2026-08-30,1,626,Zepa,Fulham,MID,4.5,,,,0,0,0,0.0,0.0,0.0,0.0,0.0,0.0,0,0,0.0,0.0,0,0,0,0.0,0
2026-08-30,1,273,Phillips,Hull City,GK,4.0,,,,0,0,0,0.0,1.5,0.0,0.0,0.0,0.0,0,0,0.0,0.0,0,0,0,0.0,0
2026-08-30,1,274,Butland,Hull City,GK,4.5,,,,0,0,0,0.0,0.1,0.0,0.0,0.0,0.0,0,0,0.0,0.0,0,0,0,0.0,0
2026-08-30,1,275,Cartwright,Hull City,GK,4.0,,,,0,0,0,0.0,0.0,0.0,0.0,0.0,0.0,0,0,0.0,0.0,0,0,0,0.0,0
2026-08-30,1,276,Lo-Tutala,Hull City,GK,4.0,,,,0,0,0,0.0,0.0,0.0,0.0,0.0,0.0,0,0,0.0,0.0,0,0,0,0.0,0
2026-08-30,1,278,Hughes,Hull City,DEF,4.0,,,,0,0,0,0.0,0.1,0.0,0.0,0.0,0.0,0,0,0.0,0.0,0,0,0,0.0,0
2026-08-30,1,283,Jacob,Hull City,DEF,4.0,,,,0,0,0,0.0,0.0,0.0,0.0,0.0,0.0,0,0,0.0,0.0,0,0,0,0.0,0
2026-08-30,1,284,McCarthy,Hull City,DEF,4.0,,,,0,0,0,0.0,0.1,0.0,0.0,0.0,0.0,0,0,0.0,0.0,0,0,0,0.0,0
2026-08-30,1,288,Dowell,Hull City,MID,4.5,,,,0,0,0,0.0,0.4,0.0,0.0,0.0,0.0,0,0,0.0,0.0,0,0,0,0.0,0
2026-08-30,1,291,Matazo,Hull City,MID,4.5,,,,0,0,0,0.0,0.0,0.0,0.0,0.0,0.0,0,0,0.0,0.0,0,0,0,0.0,0
2026-08-30,1,292,Ömür,Hull City,MID,5.0,,,,0,0,0,0.0,0.0,0.0,0.0,0.0,0.0,0,0,0.0,0.0,0,0,0,0.0,0
2026-08-30,1,293,Kamara,Hull City,MID,5.0,,,,0,0,0,0.0,0.0,0.0,0.0,0.0,0.0,0,0,0.0,0.0,0,0,0,0.0,0
2026-08-30,1,294,Zambrano,Hull City,MID,4.5,,,,0,0,0,0.0,0.1,0.0,0.0,0.0,0.0,0,0,0.0,0.0,0,0,0,0.0,0
2026-08-30,1,296,Akintola,Hull City,MID,5.0,,,,0,0,0,0.0,0.0,0.0,0.0,0.0,0.0,0,0,0.0,0.0,0,0,0,0.0,0
2026-08-30,1,297,Gyabi,Hull City,MID,4.5,,,,0,0,0,0.0,0.0,0.0,0.0,0.0,0.0,0,0,0.0,0.0,0,0,0,0.0,0
2026-08-30,1,298,Destan,Hull City,FWD,4.5,,,,0,0,0,0.0,0.3,0.0,0.0,0.0,0.0,0,0,0.0,0.0,0,0,0,0.0,0
2026-08-30,1,299,Burstow,Hull City,FWD,4.5,,,,0,0,0,0.0,0.0,0.0,0.0,0.0,0.0,0,0,0.0,0.0,0,0,0,0.0,0
2026-08-30,1,340,Gelhardt,Hull City,MID,5.0,,,,0,0,0,0.0,0.0,0.0,0.0,0.0,0.0,0,0,0.0,0.0,0,0,0,0.0,0
2026-08-30,1,574,Hjertø-Dahl,Hull City,MID,5.0,,,,0,0,0,0.0,0.1,0.0,0.0,0.0,0.0,0,0,0.0,0.0,0,0,0,0.0,0
2026-08-30,1,300,Walton,Ipswich Town,GK,4.5,,,,0,0,0,0.0,0.5,0.0,0.0,0.0,0.0,0,0,0.0,0.0,0,0,0,0.0,0
2026-08-30,1,301,Palmer,Ipswich Town,GK,4.0,,,,0,0,0,0.0,4.4,0.0,0.0,0.0,0.0,0,0,0.0,0.0,0,0,0,0.0,0
2026-08-30,1,302,Button,Ipswich Town,GK,4.0,,,,0,0,0,0.0,0.5,0.0,0.0,0.0,0.0,0,0,0.0,0.0,0,0,0,0.0,0
2026-08-30,1,303,Kipré,Ipswich Town,DEF,4.0,,,,0,0,0,0.0,0.6,0.0,0.0,0.0,0.0,0,0,0.0,0.0,0,0,0,0.0,0
2026-08-30,1,307,Johnson,Ipswich Town,DEF,4.0,,,,0,0,0,0.0,0.1,0.0,0.0,0.0,0.0,0,0,0.0,0.0,0,0,0,0.0,0
2026-08-30,1,310,Matusiwa,Ipswich Town,MID,5.0,,,,0,0,0,0.0,0.0,0.0,0.0,0.0,0.0,0,0,0.0,0.0,0,0,0,0.0,0
2026-08-30,1,311,Burns,Ipswich Town,MID,5.0,,,,0,0,0,0.0,0.0,0.0,0.0,0.0,0.0,0,0,0.0,0.0,0,0,0,0.0,0
2026-08-30,1,312,Taylor,Ipswich Town,MID,4.5,,,,0,0,0,0.0,0.0,0.0,0.0,0.0,0.0,0,0,0.0,0.0,0,0,0,0.0,0
2026-08-30,1,314,Ogbene,Ipswich Town,MID,5.0,,,,0,0,0,0.0,0.0,0.0,0.0,0.0,0.0,0,0,0.0,0.0,0,0,0,0.0,0
2026-08-30,1,317,Hirst,Ipswich Town,FWD,5.0,,,,0,0,0,0.0,0.1,0.0,0.0,0.0,0.0,0,0,0.0,0.0,0,0,0,0.0,0
2026-08-30,1,318,Philogene,Ipswich Town,MID,5.5,,,,0,0,0,0.0,0.1,0.0,0.0,0.0,0.0,0,0,0.0,0.0,0,0,0,0.0,0
2026-08-30,1,319,Szmodics,Ipswich Town,MID,5.0,,,,0,0,0,0.0,0.0,0.0,0.0,0.0,0.0,0,0,0.0,0.0,0,0,0,0.0,0
2026-08-30,1,322,Al-Hamadi,Ipswich Town,FWD,5.0,,,,0,0,0,0.0,0.1,0.0,0.0,0.0,0.0,0,0,0.0,0.0,0,0,0,0.0,0
2026-08-30,1,324,Mehmeti,Ipswich Town,MID,5.0,,,,0,0,0,0.0,0.0,0.0,0.0,0.0,0.0,0,0,0.0,0.0,0,0,0,0.0,0
2026-08-30,1,554,Van Oevelen,Ipswich Town,GK,4.5,,,,0,0,0,0.0,0.0,0.0,0.0,0.0,0.0,0,0,0.0,0.0,0,0,0,0.0,0
2026-08-30,1,571,Florentino,Ipswich Town,MID,5.0,,,,0,0,0,0.0,0.1,0.0,0.0,0.0,0.0,0,0,0.0,0.0,0,0,0,0.0,0
2026-08-30,1,602,Humphreys,Ipswich Town,MID,4.5,,,,0,0,0,0.0,0.0,0.0,0.0,0.0,0.0,0,0,0.0,0.0,0,0,0,0.0,0
2026-08-30,1,326,Perri,Leeds,GK,4.5,,,,0,0,0,0.0,0.5,0.0,0.0,0.0,0.0,0,0,0.0,0.0,0,0,0,0.0,0
2026-08-30,1,331,Gudmundsson,Leeds,DEF,4.5,,,,0,0,0,0.0,0.0,0.0,0.0,0.0,0.0,0,0,0.0,0.0,0,0,0,0.0,0
2026-08-30,1,333,Bornauw,Leeds,DEF,4.5,,,,0,0,0,0.0,0.0,0.0,0.0,0.0,0.0,0,0,0.0,0.0,0,0,0,0.0,0
2026-08-30,1,341,Gnonto,Leeds,MID,5.0,,,,0,0,0,0.0,0.0,0.0,0.0,0.0,0.0,0,0,0.0,0.0,0,0,0,0.0,0
2026-08-30,1,342,Harrison,Leeds,MID,5.0,,,,0,0,0,0.0,0.0,0.0,0.0,0.0,0.0,0,0,0.0,0.0,0,0,0,0.0,0
2026-08-30,1,344,Gruev,Leeds,MID,5.0,,,,0,0,0,0.0,0.0,0.0,0.0,0.0,0.0,0,0,0.0,0.0,0,0,0,0.0,0
2026-08-30,1,348,Piroe,Leeds,FWD,5.0,,,,0,0,0,0.0,0.1,0.0,0.0,0.0,0.0,0,0,0.0,0.0,0,0,0,0.0,0
2026-08-30,1,349,Mateo Joseph,Leeds,FWD,4.5,,,,0,0,0,0.0,0.1,0.0,0.0,0.0,0.0,0,0,0.0,0.0,0,0,0,0.0,0
2026-08-30,1,603,Lienou,Leeds,DEF,4.0,,,,0,0,0,0.0,0.1,0.0,0.0,0.0,0.0,0,0,0.0,0.0,0,0,0,0.0,0
2026-08-30,1,604,Cresswell,Leeds,MID,4.5,,,,0,0,0,0.0,0.1,0.0,0.0,0.0,0.0,0,0,0.0,0.0,0,0,0,0.0,0
2026-08-30,1,625,Cairns,Leeds,GK,4.0,,,,0,0,0,0.0,0.0,0.0,0.0,0.0,0.0,0,0,0.0,0.0,0,0,0,0.0,0
2026-08-30,1,351,Mamardashvili,Liverpool,GK,5.0,,,,0,0,0,0.0,0.1,0.0,0.0,0.0,0.0,0,0,0.0,0.0,0,0,0,0.0,0
2026-08-30,1,352,Woodman,Liverpool,GK,4.0,,,,0,0,0,0.0,1.1,0.0,0.0,0.0,0.0,0,0,0.0,0.0,0,0,0,0.0,0
2026-08-30,1,353,Pecsi,Liverpool,GK,4.0,,,,0,0,0,0.0,0.0,0.0,0.0,0.0,0.0,0,0,0.0,0.0,0,0,0,0.0,0
2026-08-30,1,354,Jaros,Liverpool,GK,4.0,,,,0,0,0,0.0,0.0,0.0,0.0,0.0,0.0,0,0,0.0,0.0,0,0,0,0.0,0
2026-08-30,1,355,Davies,Liverpool,GK,4.0,,,,0,0,0,0.0,0.1,0.0,0.0,0.0,0.0,0,0,0.0,0.0,0,0,0,0.0,0
2026-08-30,1,359,Gomez,Liverpool,DEF,5.0,,,,0,0,0,0.0,0.0,0.0,0.0,0.0,0.0,0,0,0.0,0.0,0,0,0,0.0,0
2026-08-30,1,360,Bradley,Liverpool,DEF,5.0,,,,0,0,0,0.0,0.0,0.0,0.0,0.0,0.0,0,0,0.0,0.0,0,0,0,0.0,0
2026-08-30,1,361,Lucky,Liverpool,DEF,4.0,,,,0,0,0,0.0,0.1,0.0,0.0,0.0,0.0,0,0,0.0,0.0,0,0,0,0.0,0
2026-08-30,1,363,Leoni,Liverpool,DEF,4.0,,,,0,0,0,0.0,0.0,0.0,0.0,0.0,0.0,0,0,0.0,0.0,0,0,0,0.0,0
2026-08-30,1,365,Ramsay,Liverpool,DEF,4.0,,,,0,0,0,0.0,0.2,0.0,0.0,0.0,0.0,0,0,0.0,0.0,0,0,0,0.0,0
2026-08-30,1,370,Chiesa,Liverpool,MID,5.4,,,,0,0,0,0.0,0.1,0.0,0.0,0.0,0.0,0,0,0.0,0.0,0,0,0,0.0,0
2026-08-30,1,373,C.Jones,Liverpool,MID,5.5,,,,0,0,0,0.0,0.0,0.0,0.0,0.0,0.0,0,0,0.0,0.0,0,0,0,0.0,0
2026-08-30,1,374,Endo,Liverpool,MID,5.0,,,,0,0,0,0.0,0.1,0.0,0.0,0.0,0.0,0,0,0.0,0.0,0,0,0,0.0,0
2026-08-30,1,376,Bajcetic,Liverpool,MID,5.0,,,,0,0,0,0.0,0.0,0.0,0.0,0.0,0.0,0,0,0.0,0.0,0,0,0,0.0,0
2026-08-30,1,378,McConnell,Liverpool,MID,4.5,,,,0,0,0,0.0,0.3,0.0,0.0,0.0,0.0,0,0,0.0,0.0,0,0,0,0.0,0
2026-08-30,1,380,Ekitiké,Liverpool,FWD,7.5,,,,0,0,0,0.0,0.1,0.0,0.0,0.0,0.0,0,0,0.0,0.0,0,0,0,0.0,0
2026-08-30,1,382,Danns,Liverpool,FWD,4.5,,,,0,0,0,0.0,0.0,0.0,0.0,0.0,0.0,0,0,0.0,0.0,0,0,0,0.0,0
2026-08-30,1,383,Elliott,Liverpool,MID,5.5,,,,0,0,0,0.0,0.1,0.0,0.0,0.0,0.0,0,0,0.0,0.0,0,0,0,0.0,0
2026-08-30,1,386,Bettinelli,Man City,GK,4.5,,,,0,0,0,0.0,0.0,0.0,0.0,0.0,0.0,0,0,0.0,0.0,0,0,0,0.0,0
2026-08-30,1,392,Aït-Nouri,Man City,DEF,5.4,,,,0,0,0,0.0,0.7,0.0,0.0,0.0,0.0,0,0,0.0,0.0,0,0,0,0.0,0
2026-08-30,1,394,Alleyne,Man City,DEF,5.0,,,,0,0,0,0.0,0.0,0.0,0.0,0.0,0.0,0,0,0.0,0.0,0,0,0,0.0,0
2026-08-30,1,400,Doku,Man City,MID,7.4,,,,0,0,0,0.0,1.1,0.0,0.0,0.0,0.0,0,0,0.0,0.0,0,0,0,0.0,0
2026-08-30,1,402,Rodrigo,Man City,MID,6.5,,,,0,0,0,0.0,0.0,0.0,0.0,0.0,0.0,0,0,0.0,0.0,0,0,0,0.0,0
2026-08-30,1,404,Reijnders,Man City,MID,6.0,,,,0,0,0,0.0,0.1,0.0,0.0,0.0,0.0,0,0,0.0,0.0,0,0,0,0.0,0
2026-08-30,1,407,Echeverri,Man City,MID,5.0,,,,0,0,0,0.0,0.0,0.0,0.0,0.0,0.0,0,0,0.0,0.0,0,0,0,0.0,0
2026-08-30,1,408,Phillips,Man City,MID,5.0,,,,0,0,0,0.0,0.0,0.0,0.0,0.0,0.0,0,0,0.0,0.0,0,0,0,0.0,0
2026-08-30,1,409,Mukasa,Man City,MID,4.5,,,,0,0,0,0.0,0.2,0.0,0.0,0.0,0.0,0,0,0.0,0.0,0,0,0,0.0,0
2026-08-30,1,410,Monga,Man City,MID,5.0,,,,0,0,0,0.0,0.0,0.0,0.0,0.0,0.0,0,0,0.0,0.0,0,0,0,0.0,0
2026-08-30,1,587,Rulli,Man City,GK,5.0,,,,0,0,0,0.0,0.0,0.0,0.0,0.0,0.0,0,0,0.0,0.0,0,0,0,0.0,0
2026-08-30,1,131,Baleba,Man Utd,MID,5.0,,,,0,0,0,0.0,0.2,0.0,0.0,0.0,0.0,0,0,0.0,0.0,0,0,0,0.0,0
2026-08-30,1,325,Darlow,Man Utd,GK,4.5,,,,0,0,0,0.0,0.0,0.0,0.0,0.0,0.0,0,0,0.0,0.0,0,0,0,0.0,0
2026-08-30,1,413,Bayindir,Man Utd,GK,4.5,,,,0,0,0,0.0,0.0,0.0,0.0,0.0,0.0,0,0,0.0,0.0,0,0,0,0.0,0
2026-08-30,1,414,Heaton,Man Utd,GK,4.0,,,,0,0,0,0.0,0.1,0.0,0.0,0.0,0.0,0,0,0.0,0.0,0,0,0,0.0,0
2026-08-30,1,416,De Ligt,Man Utd,DEF,5.0,,,,0,0,0,0.0,0.0,0.0,0.0,0.0,0.0,0,0,0.0,0.0,0,0,0,0.0,0
2026-08-30,1,424,Amass,Man Utd,DEF,4.0,,,,0,0,0,0.0,0.2,0.0,0.0,0.0,0.0,0,0,0.0,0.0,0,0,0,0.0,0
2026-08-30,1,425,Fredricson,Man Utd,DEF,4.0,,,,0,0,0,0.0,0.0,0.0,0.0,0.0,0.0,0,0,0.0,0.0,0,0,0,0.0,0
2026-08-30,1,430,Mount,Man Utd,MID,5.5,,,,0,0,0,0.0,0.0,0.0,0.0,0.0,0.0,0,0,0.0,0.0,0,0,0,0.0,0
2026-08-30,1,431,Amad,Man Utd,MID,5.9,,,,0,0,0,0.0,0.8,0.0,0.0,0.0,0.0,0,0,0.0,0.0,0,0,0,0.0,0
2026-08-30,1,433,Ugarte,Man Utd,MID,5.0,,,,0,0,0,0.0,0.0,0.0,0.0,0.0,0.0,0,0,0.0,0.0,0,0,0,0.0,0
2026-08-30,1,434,J.Fletcher,Man Utd,MID,5.0,,,,0,0,0,0.0,0.0,0.0,0.0,0.0,0.0,0,0,0.0,0.0,0,0,0,0.0,0
2026-08-30,1,436,Collyer,Man Utd,MID,5.0,,,,0,0,0,0.0,0.0,0.0,0.0,0.0,0.0,0,0,0.0,0.0,0,0,0,0.0,0
2026-08-30,1,437,Bendito Mantato,Man Utd,MID,4.5,,,,0,0,0,0.0,0.2,0.0,0.0,0.0,0.0,0,0,0.0,0.0,0,0,0,0.0,0
2026-08-30,1,438,Fletcher,Man Utd,MID,4.5,,,,0,0,0,0.0,0.3,0.0,0.0,0.0,0.0,0,0,0.0,0.0,0,0,0,0.0,0
2026-08-30,1,440,Zirkzee,Man Utd,FWD,5.4,,,,0,0,0,0.0,0.5,0.0,0.0,0.0,0.0,0,0,0.0,0.0,0,0,0,0.0,0
2026-08-30,1,441,Obi,Man Utd,FWD,4.5,,,,0,0,0,0.0,1.1,0.0,0.0,0.0,0.0,0,0,0.0,0.0,0,0,0,0.0,0
2026-08-30,1,442,Pope,Newcastle,GK,5.0,,,,0,0,0,0.0,1.2,0.0,0.0,0.0,0.0,0,0,0.0,0.0,0,0,0,0.0,0
2026-08-30,1,443,Gillespie,Newcastle,GK,4.5,,,,0,0,0,0.0,0.0,0.0,0.0,0.0,0.0,0,0,0.0,0.0,0,0,0,0.0,0
2026-08-30,1,444,Jaouen,Newcastle,GK,4.5,,,,0,0,0,0.0,0.0,0.0,0.0,0.0,0.0,0,0,0.0,0.0,0,0,0,0.0,0
2026-08-30,1,448,Burn,Newcastle,DEF,4.9,,,,0,0,0,0.0,1.4,0.0,0.0,0.0,0.0,0,0,0.0,0.0,0,0,0,0.0,0
2026-08-30,1,450,Livramento,Newcastle,DEF,5.0,,,,0,0,0,0.0,0.0,0.0,0.0,0.0,0.0,0,0,0.0,0.0,0,0,0,0.0,0
2026-08-30,1,451,A.Murphy,Newcastle,DEF,4.0,,,,0,0,0,0.0,0.1,0.0,0.0,0.0,0.0,0,0,0.0,0.0,0,0,0,0.0,0
2026-08-30,1,458,Joelinton,Newcastle,MID,5.5,,,,0,0,0,0.0,0.0,0.0,0.0,0.0,0.0,0,0,0.0,0.0,0,0,0,0.0,0
2026-08-30,1,466,Neave,Newcastle,FWD,4.5,,,,0,0,0,0.0,0.8,0.0,0.0,0.0,0.0,0,0,0.0,0.0,0,0,0,0.0,0
2026-08-30,1,609,Shahar,Newcastle,DEF,4.0,,,,0,0,0,0.0,0.2,0.0,0.0,0.0,0.0,0,0,0.0,0.0,0,0,0,0.0,0
2026-08-30,1,468,John,Nott'm Forest,GK,4.5,,,,0,0,0,0.0,0.1,0.0,0.0,0.0,0.0,0,0,0.0,0.0,0,0,0,0.0,0
2026-08-30,1,470,Morato,Nott'm Forest,DEF,5.0,,,,0,0,0,0.0,0.0,0.0,0.0,0.0,0.0,0,0,0.0,0.0,0,0,0,0.0,0
2026-08-30,1,475,Savona,Nott'm Forest,DEF,4.5,,,,0,0,0,0.0,0.0,0.0,0.0,0.0,0.0,0,0,0.0,0.0,0,0,0,0.0,0
2026-08-30,1,476,O.Richards,Nott'm Forest,DEF,4.0,,,,0,0,0,0.0,0.2,0.0,0.0,0.0,0.0,0,0,0.0,0.0,0,0,0,0.0,0
2026-08-30,1,477,Abbott,Nott'm Forest,DEF,4.0,,,,0,0,0,0.0,0.2,0.0,0.0,0.0,0.0,0,0,0.0,0.0,0,0,0,0.0,0
2026-08-30,1,479,Bindon,Nott'm Forest,DEF,4.0,,,,0,0,0,0.0,0.2,0.0,0.0,0.0,0.0,0,0,0.0,0.0,0,0,0,0.0,0
2026-08-30,1,484,Hutchinson,Nott'm Forest,MID,5.5,,,,0,0,0,0.0,0.1,0.0,0.0,0.0,0.0,0,0,0.0,0.0,0,0,0,0.0,0
2026-08-30,1,485,Bakwa,Nott'm Forest,MID,5.5,,,,0,0,0,0.0,0.0,0.0,0.0,0.0,0.0,0,0,0.0,0.0,0,0,0,0.0,0
2026-08-30,1,489,Yates,Nott'm Forest,MID,4.5,,,,0,0,0,0.0,1.5,0.0,0.0,0.0,0.0,0,0,0.0,0.0,0,0,0,0.0,0
2026-08-30,1,581,Diomande,Nott'm Forest,DEF,5.5,,,,0,0,0,0.0,0.7,0.0,0.0,0.0,0.0,0,0,0.0,0.0,0,0,0,0.0,0
2026-08-30,1,590,Benda,Nott'm Forest,GK,4.5,,,,0,0,0,0.0,0.1,0.0,0.0,0.0,0.0,0,0,0.0,0.0,0,0,0,0.0,0
2026-08-30,1,403,Sávio,Spurs,MID,6.5,,,,0,0,0,0.0,0.9,0.0,0.0,0.0,0.0,0,0,0.0,0.0,0,0,0,0.0,0
2026-08-30,1,494,Vicario,Spurs,GK,4.5,,,,0,0,0,0.0,0.2,0.0,0.0,0.0,0.0,0,0,0.0,0.0,0,0,0,0.0,0
2026-08-30,1,495,Austin,Spurs,GK,4.0,,,,0,0,0,0.0,0.9,0.0,0.0,0.0,0.0,0,0,0.0,0.0,0,0,0,0.0,0
2026-08-30,1,497,Dubravka,Spurs,GK,4.0,,,,0,0,0,0.0,18.2,0.0,0.0,0.0,0.0,0,0,0.0,0.0,0,0,0,0.0,0
2026-08-30,1,500,Romero,Spurs,DEF,5.0,,,,0,0,0,0.0,0.1,0.0,0.0,0.0,0.0,0,0,0.0,0.0,0,0,0,0.0,0
2026-08-30,1,501,Danso,Spurs,DEF,5.0,,,,0,0,0,0.0,0.2,0.0,0.0,0.0,0.0,0,0,0.0,0.0,0,0,0,0.0,0
2026-08-30,1,503,Van de Ven,Spurs,DEF,5.0,,,,90,1,0,0.0,4.1,0.0,0.02,0.02,0.72,0,0,0.0,-0.02,0,2,8,0.0,5
2026-08-30,1,505,Spence,Spurs,DEF,4.5,,,,0,0,0,0.0,0.4,0.0,0.0,0.0,0.0,0,0,0.0,0.0,0,0,0,0.0,0
2026-08-30,1,507,Phillips,Spurs,DEF,4.5,,,,0,0,0,0.0,0.0,0.0,0.0,0.0,0.0,0,0,0.0,0.0,0,0,0,0.0,0
2026-08-30,1,508,Davies,Spurs,DEF,4.0,,,,0,0,0,0.0,1.0,0.0,0.0,0.0,0.0,0,0,0.0,0.0,0,0,0,0.0,0
2026-08-30,1,509,Byfield,Spurs,DEF,4.0,,,,0,0,0,0.0,0.1,0.0,0.0,0.0,0.0,0,0,0.0,0.0,0,0,0,0.0,0
2026-08-30,1,510,Rowswell,Spurs,DEF,4.0,,,,0,0,0,0.0,0.1,0.0,0.0,0.0,0.0,0,0,0.0,0.0,0,0,0,0.0,0
2026-08-30,1,511,Souza,Spurs,DEF,4.0,,,,0,0,0,0.0,0.3,0.0,0.0,0.0,0.0,0,0,0.0,0.0,0,0,0,0.0,0
2026-08-30,1,513,Xavi,Spurs,MID,6.0,,,,0,0,0,0.0,0.0,0.0,0.0,0.0,0.0,0,0,0.0,0.0,0,0,0,0.0,0
2026-08-30,1,517,Odobert,Spurs,MID,5.5,,,,0,0,0,0.0,0.0,0.0,0.0,0.0,0.0,0,0,0.0,0.0,0,0,0,0.0,0
2026-08-30,1,518,P.M.Sarr,Spurs,MID,4.9,,,,0,0,0,0.0,0.2,0.0,0.0,0.0,0.0,0,0,0.0,0.0,0,0,0,0.0,0
2026-08-30,1,519,Gallagher,Spurs,MID,5.4,,,,45,1,0,0.0,0.3,0.02,0.06,0.08,1.7,0,0,-0.02,-0.06,0,2,3,0.5,1
2026-08-30,1,521,Kulusevski,Spurs,MID,6.5,,,,0,0,0,0.0,0.0,0.0,0.0,0.0,0.0,0,0,0.0,0.0,0,0,0,0.0,0
2026-08-30,1,524,Olusesi,Spurs,MID,4.5,,,,0,0,0,0.0,0.8,0.0,0.0,0.0,0.0,0,0,0.0,0.0,0,0,0,0.0,0
2026-08-30,1,528,Scarlett,Spurs,FWD,4.5,,,,0,0,0,0.0,1.8,0.0,0.0,0.0,0.0,0,0,0.0,0.0,0,0,0,0.0,0
2026-08-30,1,601,Williams-Barnett,Spurs,MID,4.5,,,,0,0,0,0.0,0.1,0.0,0.0,0.0,0.0,0,0,0.0,0.0,0,0,0,0.0,0
2026-08-30,1,530,Patterson,Sunderland,GK,4.0,,,,0,0,0,0.0,0.2,0.0,0.0,0.0,0.0,0,0,0.0,0.0,0,0,0,0.0,0
2026-08-30,1,531,Ellborg,Sunderland,GK,4.5,,,,0,0,0,0.0,0.1,0.0,0.0,0.0,0.0,0,0,0.0,0.0,0,0,0,0.0,0
2026-08-30,1,537,Seelt,Sunderland,DEF,4.5,,,,0,0,0,0.0,0.0,0.0,0.0,0.0,0.0,0,0,0.0,0.0,0,0,0,0.0,0
2026-08-30,1,538,Hjelde,Sunderland,DEF,4.0,,,,0,0,0,0.0,0.0,0.0,0.0,0.0,0.0,0,0,0.0,0.0,0,0,0,0.0,0
2026-08-30,1,540,Masuaku,Sunderland,DEF,4.0,,,,0,0,0,0.0,0.2,0.0,0.0,0.0,0.0,0,0,0.0,0.0,0,0,0,0.0,0
2026-08-30,1,546,Adingra,Sunderland,MID,4.9,,,,0,0,0,0.0,0.1,0.0,0.0,0.0,0.0,0,0,0.0,0.0,0,0,0,0.0,0
2026-08-30,1,550,Jocelin.T,Sunderland,MID,5.0,,,,0,0,0,0.0,0.0,0.0,0.0,0.0,0.0,0,0,0.0,0.0,0,0,0,0.0,0
2026-08-30,1,612,Methalie,Sunderland,DEF,4.5,,,,0,0,0,0.0,0.0,0.0,0.0,0.0,0.0,0,0,0.0,0.0,0,0,0,0.0,0
2026-08-30,1,613,Ahoka,Sunderland,MID,4.5,,,,0,0,0,0.0,0.1,0.0,0.0,0.0,0.0,0,0,0.0,0.0,0,0,0,0.0,0
2026-08-30,1,32,Cash,Aston Villa,DEF,4.5,,,,90,1,-1,-0.5,7.3,0.0,0.0,0.0,3.77,0,0,0.0,0.0,0,4,7,1.3,-8
2026-08-30,1,37,Lindelöf,Aston Villa,DEF,4.5,,,,90,1,-2,-1.0,0.3,0.0,0.0,0.0,3.77,0,0,0.0,0.0,0,4,3,0.2,-13
2026-08-30,1,54,Gomes,Aston Villa,MID,5.5,,,,39,1,-2,-1.0,0.0,0.0,0.01,0.01,2.58,0,0,0.0,-0.01,0,4,7,1.2,-2
2026-08-31,1,426,B.Fernandes,Man Utd,MID,12.0,,,,180,2,25,12.5,47.5,2.03,0.53,2.56,3.02,3,1,0.97,0.47,0,4,13,9.3,104
2026-08-31,1,399,Cherki,Man City,MID,7.6,,,,108,1,22,11.0,19.0,0.35,1.05,1.4,0.76,2,2,1.65,0.95,0,1,3,9.2,88
2026-08-31,1,154,Palmer,Chelsea,MID,9.6,,,,172,2,20,10.0,17.8,0.94,0.32,1.26,2.65,2,1,1.06,0.68,0,5,17,16.1,88
2026-08-31,1,165,João Pedro,Chelsea,FWD,7.6,,,,180,2,20,10.0,69.3,1.86,0.1,1.96,2.74,2,2,0.14,1.9,0,5,6,11.1,89
2026-08-31,1,279,Ajayi,Hull City,DEF,4.0,,,,153,2,20,10.0,4.9,0.52,0.0,0.52,2.15,1,0,0.48,0.0,2,0,14,7.9,63
2026-08-31,1,572,Tzolakis,Hull City,GK,4.5,,,,180,2,20,10.0,5.0,0.0,0.0,0.0,3.12,0,0,0.0,0.0,2,0,0,3.5,73
2026-08-31,1,565,M.Sangaré,Brentford,MID,5.6,,,,165,2,18,9.0,10.6,0.26,0.36,0.62,1.93,0,2,-0.26,1.64,1,1,27,7.4,57
2026-08-31,1,229,Tarkowski,Everton,DEF,6.0,,,,180,2,18,9.0,9.6,0.15,0.01,0.16,4.12,1,0,0.85,-0.01,1,1,19,2.0,52
2026-08-31,1,115,De Cuyper,Brighton,DEF,4.6,,,,167,2,17,8.5,11.9,1.5,0.26,1.76,3.22,1,1,-0.5,0.74,1,4,6,12.9,44
2026-08-31,1,277,Egan,Hull City,DEF,4.0,,,,180,2,17,8.5,3.0,0.0,0.0,0.0,3.12,0,0,0.0,0.0,2,0,34,4.6,52
2026-08-31,1,335,Stach,Leeds,MID,6.0,,,,180,2,17,8.5,2.8,0.17,0.06,0.23,2.33,1,0,0.83,-0.06,1,1,32,6.6,50
2026-08-31,1,367,Gakpo,Liverpool,MID,7.0,,,,160,2,17,8.5,7.2,0.3,0.8,1.1,3.81,1,1,0.7,0.2,0,4,15,11.5,54
2026-08-31,1,454,Elanga,Newcastle,MID,6.1,,,,156,2,17,8.5,5.4,0.42,0.11,0.53,2.68,2,0,1.58,-0.11,1,1,5,6.9,63
2026-08-31,1,86,Lewis-Potter,Brentford,MID,5.5,,,,177,2,16,8.0,1.5,0.79,0.25,1.04,2.03,1,1,0.21,0.75,1,1,21,8.2,66
2026-08-31,1,123,Hinshelwood,Brighton,MID,6.0,,,,63,1,16,8.0,1.8,1.41,0.02,1.43,0.19,2,0,0.59,-0.02,1,0,3,14.5,54
2026-08-31,1,586,Mendy,Hull City,DEF,4.0,,,,121,2,16,8.0,5.0,0.29,0.0,0.29,1.95,1,0,0.71,0.0,1,0,22,8.5,44
2026-08-31,1,88,Kayode,Brentford,DEF,4.6,,,,162,2,15,7.5,8.7,0.52,0.21,0.73,1.93,1,0,0.48,-0.21,1,1,8,8.1,45
2026-08-31,1,124,Groß,Brighton,MID,5.5,,,,180,2,15,7.5,13.1,0.05,0.38,0.43,3.22,1,1,0.95,0.62,1,4,11,8.6,64
2026-08-31,1,411,Haaland,Man City,FWD,15.5,,,,180,2,15,7.5,69.5,1.4,0.02,1.42,1.31,2,0,0.6,-0.02,0,2,8,5.9,66
2026-08-31,1,480,Gibbs-White,Nott'm Forest,MID,7.9,,,,180,2,15,7.5,8.7,0.92,0.1,1.02,2.22,1,1,0.08,0.9,0,3,8,2.4,46
2026-08-31,1,544,Xhaka,Sunderland,MID,5.5,,,,180,2,15,7.5,4.6,0.0,0.45,0.45,2.75,0,1,0.0,0.55,1,2,20,5.0,60
2026-08-31,1,69,Scott,Bournemouth,MID,6.0,,,,176,2,14,7.0,1.7,0.26,0.28,0.54,3.96,1,0,0.74,-0.28,1,2,26,1.6,56
2026-08-31,1,391,Gvardiol,Man City,DEF,5.6,,,,164,2,14,7.0,16.3,0.19,0.09,0.28,1.31,1,1,0.81,0.91,0,2,9,7.8,46
2026-08-31,1,449,Hall,Newcastle,DEF,5.0,,,,180,2,14,7.0,6.0,0.03,0.66,0.69,4.1,0,0,-0.03,-0.66,1,2,24,3.7,60
2026-08-31,1,94,Schade,Brentford,MID,6.0,,,,177,2,13,6.5,3.6,0.77,0.03,0.8,2.03,1,0,0.23,-0.03,1,1,18,8.5,51
2026-08-31,1,40,Rogers,Chelsea,MID,7.5,,,,171,2,13,6.5,25.9,1.1,1.11,2.21,2.65,1,1,-0.1,-0.11,0,5,12,13.1,65
2026-08-31,1,236,Dewsbury-Hall,Everton,MID,6.5,,,,180,2,13,6.5,4.6,0.18,0.33,0.51,4.08,1,0,0.82,-0.33,1,1,18,9.8,64
2026-08-31,1,237,Ndiaye,Everton,MID,6.0,,,,180,2,13,6.5,15.3,0.26,0.39,0.65,4.12,0,1,-0.26,0.61,1,1,25,12.9,52
2026-08-31,1,427,Mbeumo,Man Utd,MID,8.0,,,,180,2,13,6.5,32.4,2.13,0.44,2.57,3.02,1,1,-1.13,0.56,0,4,10,8.7,53
2026-08-31,1,258,Castagne,Fulham,DEF,4.5,,,,157,2,12,6.0,0.6,0.09,0.18,0.27,2.5,0,2,-0.09,1.82,1,3,8,8.9,39
2026-08-31,1,282,Giles,Hull City,DEF,4.0,,,,174,2,12,6.0,1.0,0.02,0.14,0.16,3.05,0,0,-0.02,-0.14,2,0,8,3.7,45
2026-08-31,1,332,Justin,Leeds,DEF,4.5,,,,180,2,12,6.0,1.4,0.03,0.02,0.05,2.33,0,0,-0.03,-0.02,1,1,20,2.9,40
2026-08-31,1,385,Trafford,Leeds,GK,5.0,,,,180,2,12,6.0,4.9,0.0,0.0,0.0,2.33,0,0,0.0,0.0,1,1,0,1.9,48
2026-08-31,1,368,Szoboszlai,Liverpool,MID,7.0,,,,180,2,12,6.0,42.3,1.01,0.44,1.45,3.88,1,0,-0.01,-0.44,0,4,20,11.9,53
2026-08-31,1,388,Guéhi,Man City,DEF,6.0,,,,180,2,12,6.0,19.4,0.89,0.36,1.25,1.31,1,0,0.11,-0.36,0,2,9,8.9,43
2026-08-31,1,464,Wissa,Newcastle,FWD,6.1,,,,171,2,12,6.0,7.1,1.35,0.02,1.37,2.93,1,1,-0.35,0.98,1,1,14,6.4,44
2026-08-31,1,593,Dedić,Newcastle,DEF,4.5,,,,180,2,12,6.0,1.2,0.03,0.06,0.09,4.1,0,1,-0.03,0.94,1,2,17,2.3,36
2026-08-31,1,483,Ndoye,Nott'm Forest,MID,5.5,,,,126,2,12,6.0,0.6,0.35,0.63,0.98,1.67,1,0,0.65,-0.63,1,1,12,0.4,35
2026-08-31,1,10,White,Arsenal,DEF,5.5,,,,90,1,11,5.5,7.0,0.18,0.21,0.39,0.2,0,1,-0.18,0.79,1,0,5,7.3,37
2026-08-31,1,15,Ødegaard,Arsenal,MID,6.6,,,,75,1,11,5.5,11.9,0.21,0.1,0.31,0.06,1,0,0.79,-0.1,1,0,8,12.3,41
2026-08-31,1,68,Tavernier,Bournemouth,MID,6.0,,,,180,2,11,5.5,2.5,0.49,0.29,0.78,4.09,1,0,0.51,-0.29,0,3,19,7.5,52
2026-08-31,1,87,Ajer,Brentford,DEF,4.5,,,,180,2,11,5.5,4.4,0.11,0.03,0.14,2.03,0,0,-0.11,-0.03,1,1,27,5.6,36
2026-08-31,1,127,Gomez,Brighton,MID,5.0,,,,175,2,11,5.5,4.0,0.56,0.65,1.21,3.22,0,2,-0.56,1.35,1,4,11,9.9,42
2026-08-31,1,173,Thomas,Coventry City,DEF,4.0,,,,167,2,11,5.5,8.1,0.02,0.02,0.04,2.06,0,0,-0.02,-0.02,1,3,19,3.5,39
2026-08-31,1,327,Bijol,Leeds,DEF,5.0,,,,135,2,11,5.5,1.0,0.11,0.0,0.11,1.21,0,0,-0.11,0.0,1,1,17,3.9,28
2026-08-31,1,428,Cunha,Man Utd,MID,8.0,,,,158,2,11,5.5,8.7,0.35,0.36,0.71,2.02,0,2,-0.35,1.64,0,3,5,6.9,45
2026-08-31,1,98,Janelt,Brentford,MID,5.0,,,,180,2,10,5.0,0.6,0.39,0.31,0.7,2.03,1,0,0.61,-0.31,1,1,23,11.6,46
2026-08-31,1,226,Pickford,Everton,GK,5.5,,,,180,2,10,5.0,9.0,0.0,0.02,0.02,4.12,0,0,0.0,-0.02,1,1,0,3.2,56
2026-08-31,1,230,Branthwaite,Everton,DEF,5.5,,,,180,2,10,5.0,1.8,0.09,0.02,0.11,4.12,0,0,-0.09,-0.02,1,1,20,2.5,33
2026-08-31,1,233,Mykolenko,Everton,DEF,4.5,,,,180,2,10,5.0,1.7,0.0,0.06,0.06,4.12,0,0,0.0,-0.06,1,1,16,2.9,34
2026-08-31,1,244,Armstrong,Everton,MID,5.0,,,,176,2,10,5.0,0.3,0.0,0.07,0.07,4.12,0,1,0.0,0.93,1,1,25,4.8,37
2026-08-31,1,249,Barry,Everton,FWD,5.5,,,,147,2,10,5.0,3.9,1.93,0.09,2.02,2.2,1,0,-0.93,-0.09,1,1,6,9.8,43
2026-08-31,1,316,Emersonn,Ipswich Town,FWD,5.5,,,,110,2,10,5.0,1.9,0.82,0.06,0.88,1.37,1,0,0.18,-0.06,0,2,4,11.2,48
2026-08-31,1,591,Enciso,Ipswich Town,MID,5.5,,,,160,2,10,5.0,0.6,0.63,0.62,1.25,5.19,0,2,-0.63,1.38,0,6,16,5.4,48
2026-08-31,1,334,Muharemović,Leeds,DEF,5.0,,,,180,2,10,5.0,3.3,0.09,0.01,0.1,2.33,0,0,-0.09,-0.01,1,1,26,3.3,42
2026-08-31,1,377,Munoz,Liverpool,MID,6.5,,,,117,1,10,5.0,0.9,0.42,0.23,0.65,3.37,1,1,0.58,0.77,0,2,7,2.7,39
2026-08-31,1,379,Isak,Liverpool,FWD,9.0,,,,180,2,10,5.0,16.2,2.08,0.01,2.09,3.88,1,0,-1.08,-0.01,0,4,2,9.2,36
2026-08-31,1,398,Foden,Man City,MID,7.0,,,,171,2,10,5.0,4.4,0.99,0.85,1.84,1.31,0,2,-0.99,1.15,0,2,13,7.5,53
2026-08-31,1,8,Calafiori,Arsenal,DEF,5.6,,,,80,1,9,4.5,41.6,0.04,0.09,0.13,0.06,0,1,-0.04,0.91,1,0,5,4.2,31
2026-08-31,1,12,Saka,Arsenal,MID,9.5,,,,67,1,9,4.5,10.1,0.64,0.08,0.72,0.06,1,0,0.36,-0.08,1,0,7,10.2,36
2026-08-31,1,79,Evanilson,Bournemouth,FWD,6.0,,,,154,2,9,4.5,3.2,0.58,0.25,0.83,3.61,0,2,-0.58,1.75,2,0,11,3.3,28
2026-08-31,1,82,Kelleher,Brentford,GK,5.0,,,,180,2,9,4.5,6.8,0.0,0.01,0.01,2.03,0,0,0.0,-0.01,1,1,0,3.1,41
2026-08-31,1,84,Collins,Brentford,DEF,5.5,,,,180,2,9,4.5,2.1,0.51,0.05,0.56,2.03,0,0,-0.51,-0.05,1,1,16,5.0,35
2026-08-31,1,605,Yalcouyé,Brighton,MID,4.5,,,,77,1,9,4.5,0.6,0.7,0.17,0.87,2.83,1,0,0.3,-0.17,0,3,7,0.3,42
2026-08-31,1,268,King,Fulham,MID,5.5,,,,180,2,9,4.5,0.6,0.64,0.07,0.71,4.26,1,0,0.36,-0.07,0,4,12,9.8,42
2026-08-31,1,286,Belloumi,Hull City,MID,5.0,,,,172,2,9,4.5,0.7,0.17,0.05,0.22,2.94,0,1,-0.17,0.95,2,0,20,2.0,31
2026-08-31,1,346,Calvert-Lewin,Leeds,FWD,6.0,,,,180,2,9,4.5,27.3,1.05,0.02,1.07,2.33,1,0,-0.05,-0.02,1,1,6,0.7,29
2026-08-31,1,445,Thiaw,Newcastle,DEF,5.0,,,,180,2,9,4.5,1.9,0.0,0.02,0.02,4.1,0,0,0.0,-0.02,1,2,18,3.8,25
2026-08-31,1,460,Willock,Newcastle,MID,5.0,,,,104,1,9,4.5,0.3,0.16,0.19,0.35,2.24,1,0,0.84,-0.19,1,1,5,6.1,28
2026-08-31,1,533,Mukiele,Sunderland,DEF,5.5,,,,90,1,9,4.5,2.4,0.0,0.01,0.01,0.95,0,0,0.0,-0.01,1,0,19,0.0,28
2026-08-31,1,553,Isidor,Sunderland,FWD,5.5,,,,49,0,9,4.5,0.9,1.39,0.0,1.39,0.47,1,0,-0.39,0.0,0,1,0,0.0,32
2026-08-31,1,156,Neto,Chelsea,MID,6.5,,,,81,1,8,4.0,1.2,0.44,0.4,0.84,1.48,1,0,0.56,-0.4,0,2,8,1.3,41
2026-08-31,1,161,Lavia,Chelsea,MID,5.0,,,,131,2,8,4.0,0.1,0.75,0.03,0.78,2.31,1,0,0.25,-0.03,0,4,16,6.9,40
2026-08-31,1,569,Gonzalo,Fulham,FWD,6.0,,,,180,2,8,4.0,4.4,1.0,0.02,1.02,4.26,1,0,0.0,-0.02,0,4,6,8.2,35
2026-08-31,1,290,Slater,Hull City,MID,4.5,,,,180,2,8,4.0,4.3,0.0,0.45,0.45,3.12,0,1,0.0,0.55,2,0,13,3.8,26
2026-08-31,1,305,Davis,Ipswich Town,DEF,4.0,,,,180,2,8,4.0,4.9,0.49,0.13,0.62,5.22,1,0,0.51,-0.13,0,6,11,1.8,11
2026-08-31,1,330,Bogle,Leeds,DEF,4.5,,,,157,2,8,4.0,0.5,0.0,0.01,0.01,1.4,0,0,0.0,-0.01,1,1,10,0.8,33
2026-08-31,1,447,Botman,Newcastle,DEF,5.0,,,,180,2,8,4.0,0.6,0.01,0.01,0.02,4.1,0,0,-0.01,-0.01,1,2,15,3.3,26
2026-08-31,1,567,Horníček,Newcastle,GK,5.0,,,,180,2,8,4.0,0.9,0.0,0.0,0.0,4.1,0,0,0.0,0.0,1,2,0,4.1,44
2026-08-31,1,469,N.Williams,Nott'm Forest,DEF,5.0,,,,180,2,8,4.0,8.7,0.12,0.17,0.29,2.22,0,1,-0.12,0.83,0,3,18,2.7,29
2026-08-31,1,532,Ballard,Sunderland,DEF,5.0,,,,180,2,8,4.0,4.6,0.03,0.01,0.04,2.75,0,0,-0.03,-0.01,1,2,19,1.9,31
2026-08-31,1,534,Hume,Sunderland,DEF,4.5,,,,169,2,8,4.0,6.0,0.04,0.28,0.32,2.64,0,0,-0.04,-0.28,1,1,10,6.2,38
2026-08-31,1,551,Angulo,Sunderland,MID,5.0,,,,122,2,8,4.0,0.1,0.15,0.05,0.2,2.24,1,0,0.85,-0.05,1,1,12,5.2,36
2026-08-31,1,130,Wieffer,Brighton,DEF,5.0,,,,156,2,7,3.5,0.5,0.12,0.13,0.25,3.18,0,0,-0.12,-0.13,1,4,15,4.9,38
2026-08-31,1,200,Lacroix,Chelsea,DEF,6.0,,,,180,2,7,3.5,9.2,0.02,0.2,0.22,2.74,0,1,-0.02,0.8,0,5,21,5.7,22
2026-08-31,1,313,Clarke,Ipswich Town,MID,5.5,,,,19,0,7,3.5,0.3,0.1,0.0,0.1,0.03,1,0,0.9,0.0,0,0,2,5.2,27
2026-08-31,1,329,Rodon,Leeds,DEF,4.5,,,,123,2,7,3.5,3.3,0.03,0.06,0.09,1.01,0,0,-0.03,-0.06,1,0,11,3.4,25
2026-08-31,1,338,Ampadu,Leeds,MID,5.5,,,,180,2,7,3.5,1.3,0.01,0.13,0.14,2.33,0,0,-0.01,-0.13,1,1,23,4.2,30
2026-08-31,1,397,Semenyo,Man City,MID,8.5,,,,180,2,7,3.5,22.2,0.12,0.59,0.71,1.31,0,1,-0.12,0.41,0,2,8,4.6,49
2026-08-31,1,529,Roefs,Sunderland,GK,5.0,,,,180,2,7,3.5,3.7,0.0,0.0,0.0,2.75,0,0,0.0,0.0,1,2,0,1.5,29
2026-08-31,1,536,Reinildo,Sunderland,DEF,4.5,,,,180,2,7,3.5,0.4,0.0,0.3,0.3,2.75,0,0,0.0,-0.3,1,2,15,5.5,35
2026-08-31,1,541,Meunier,Sunderland,DEF,4.5,,,,180,2,7,3.5,0.3,0.1,0.13,0.23,2.75,0,0,-0.1,-0.13,1,2,12,3.0,32
2026-08-31,1,1,Raya,Arsenal,GK,6.0,,,,90,1,6,3.0,38.0,0.0,0.0,0.0,0.2,0,0,0.0,0.0,1,0,0,1.2,24
2026-08-31,1,11,Mosquera,Arsenal,DEF,5.5,,,,90,1,6,3.0,5.4,0.0,0.0,0.0,0.2,0,0,0.0,0.0,1,0,6,1.5,27
2026-08-31,1,26,Havertz,Arsenal,FWD,7.5,,,,90,1,6,3.0,7.4,0.26,0.03,0.29,0.2,1,0,0.74,-0.03,1,0,2,7.5,34
2026-08-31,1,557,Tzolis,Arsenal,MID,6.5,,,,75,1,6,3.0,25.6,0.19,0.14,0.33,0.06,0,1,-0.19,0.86,1,0,6,8.7,30
2026-08-31,1,70,Kluivert,Bournemouth,MID,6.0,,,,154,2,6,3.0,1.2,0.72,0.05,0.77,3.61,0,0,-0.72,-0.05,2,0,14,4.2,27
2026-08-31,1,71,Cook,Bournemouth,MID,5.0,,,,143,2,6,3.0,0.2,0.0,0.01,0.01,3.61,0,0,0.0,-0.01,2,0,9,0.7,21
2026-08-31,1,566,Silva,Bournemouth,DEF,5.0,,,,180,2,6,3.0,0.4,0.25,0.03,0.28,4.09,0,0,-0.25,-0.03,0,3,23,3.2,16
2026-08-31,1,97,Jensen,Brentford,MID,5.5,,,,66,1,6,3.0,0.2,0.08,0.34,0.42,0.47,0,1,-0.08,0.66,1,0,5,7.2,22
2026-08-31,1,109,Verbruggen,Brighton,GK,4.5,,,,180,2,6,3.0,21.5,0.0,0.0,0.0,3.22,0,0,0.0,0.0,1,4,0,0.7,24
2026-08-31,1,138,Kostoulas,Brighton,FWD,5.5,,,,105,1,6,3.0,0.3,0.35,0.02,0.37,2.99,0,1,-0.35,0.98,0,4,8,0.9,16
2026-08-31,1,504,Vuskovic,Brighton,DEF,5.0,,,,180,2,6,3.0,2.5,0.16,0.05,0.21,3.22,0,0,-0.16,-0.05,1,4,12,2.9,17
2026-08-31,1,210,Wharton,Crystal Palace,MID,5.5,,,,180,2,6,3.0,0.9,0.0,0.31,0.31,3.33,0,0,0.0,-0.31,0,6,21,4.8,41
2026-08-31,1,211,Yeremy,Crystal Palace,MID,5.5,,,,102,1,6,3.0,0.2,0.11,0.09,0.2,2.28,0,1,-0.11,0.91,0,3,15,1.4,31
2026-08-31,1,280,Coyle,Hull City,DEF,4.0,,,,114,2,6,3.0,0.6,0.0,0.01,0.01,2.25,0,0,0.0,-0.01,1,0,6,1.7,25
2026-08-31,1,287,Millar,Hull City,MID,5.0,,,,50,0,6,3.0,0.1,0.58,0.0,0.58,0.87,1,0,0.42,0.0,0,0,4,0.4,26
2026-08-31,1,295,McBurnie,Hull City,FWD,5.5,,,,180,2,6,3.0,2.1,0.16,0.02,0.18,3.12,0,1,-0.16,0.98,2,0,9,9.0,28
2026-08-31,1,267,Lukić,Ipswich Town,MID,5.0,,,,162,2,6,3.0,0.1,0.01,0.04,0.05,4.48,0,1,-0.01,0.96,0,5,17,4.0,33
2026-08-31,1,309,Núñez,Ipswich Town,MID,5.0,,,,140,2,6,3.0,0.1,0.03,0.05,0.08,3.44,0,0,-0.03,-0.05,0,4,21,2.4,32
2026-08-31,1,315,Fatawu,Ipswich Town,MID,5.5,,,,147,2,6,3.0,0.2,0.0,0.64,0.64,5.05,0,1,0.0,0.36,0,6,11,5.5,47
2026-08-31,1,320,Akpom,Ipswich Town,FWD,5.0,,,,69,0,6,3.0,0.6,0.97,0.0,0.97,3.85,1,0,0.03,0.0,0,4,3,0.3,33
2026-08-31,1,366,Wirtz,Liverpool,MID,7.5,,,,152,2,6,3.0,10.6,0.49,0.24,0.73,2.81,0,1,-0.49,0.76,0,4,15,5.7,39
2026-08-31,1,371,Gravenberch,Liverpool,MID,6.0,,,,96,1,6,3.0,1.8,0.06,0.06,0.12,1.17,0,1,-0.06,0.94,0,2,12,4.4,33
2026-08-31,1,43,Tielemans,Man Utd,MID,6.0,,,,156,2,6,3.0,2.2,0.6,0.22,0.82,2.95,0,0,-0.6,-0.22,0,4,17,2.0,42
2026-08-31,1,459,L.Miley,Newcastle,MID,5.5,,,,165,2,6,3.0,0.1,0.05,0.05,0.1,3.06,0,0,-0.05,-0.05,1,1,22,4.0,29
2026-08-31,1,4,Gabriel,Arsenal,DEF,8.0,,,,90,1,5,2.5,27.9,0.05,0.01,0.06,0.2,0,0,-0.05,-0.01,1,0,4,0.9,21
2026-08-31,1,57,Petrović,Bournemouth,GK,4.5,,,,180,2,5,2.5,3.4,0.0,0.0,0.0,4.09,0,0,0.0,0.0,0,3,0,3.7,33
2026-08-31,1,60,Hill,Bournemouth,DEF,5.5,,,,180,2,5,2.5,0.9,0.0,0.74,0.74,4.09,0,0,0.0,-0.74,0,3,18,1.2,19
2026-08-31,1,61,Truffert,Bournemouth,DEF,5.5,,,,180,2,5,2.5,4.1,0.0,0.07,0.07,4.09,0,0,0.0,-0.07,0,3,16,1.7,27
2026-08-31,1,114,Boscagli,Brighton,DEF,4.5,,,,180,2,5,2.5,0.3,0.05,0.15,0.2,3.22,0,0,-0.05,-0.15,1,4,9,2.9,27
2026-08-31,1,116,Dunk,Brighton,DEF,4.5,,,,180,2,5,2.5,1.2,0.0,0.05,0.05,3.22,0,0,0.0,-0.05,1,4,5,2.0,20
2026-08-31,1,125,Georginio,Brighton,FWD,5.5,,,,90,1,5,2.5,0.9,0.08,0.44,0.52,0.29,0,1,-0.08,0.56,1,0,7,4.6,22
2026-08-31,1,148,Hato,Chelsea,DEF,4.5,,,,154,2,5,2.5,0.5,0.01,0.09,0.1,2.46,0,1,-0.01,0.91,0,5,9,3.2,17
2026-08-31,1,214,Kamada,Crystal Palace,MID,5.0,,,,180,2,5,2.5,0.3,0.05,0.29,0.34,3.33,0,0,-0.05,-0.29,0,6,23,5.0,46
2026-08-31,1,242,George,Everton,MID,5.5,,,,144,2,5,2.5,0.3,0.23,0.09,0.32,2.25,0,0,-0.23,-0.09,1,1,9,5.5,25
2026-08-31,1,246,Röhl,Everton,MID,5.0,,,,175,2,5,2.5,0.1,0.0,0.07,0.07,4.12,0,0,0.0,-0.07,1,1,18,2.9,25
2026-08-31,1,250,Leno,Fulham,GK,4.5,,,,180,2,5,2.5,3.0,0.0,0.0,0.0,4.26,0,0,0.0,0.0,0,4,0,3.0,22
2026-08-31,1,264,Bobb,Fulham,MID,5.5,,,,133,2,5,2.5,0.3,0.0,0.27,0.27,2.47,0,0,0.0,-0.27,1,3,11,3.0,18
2026-08-31,1,481,Anderson,Man City,MID,6.4,,,,143,2,5,2.5,5.6,0.07,0.47,0.54,1.21,0,0,-0.07,-0.47,0,2,20,2.8,39
2026-08-31,1,418,Maguire,Man Utd,DEF,5.0,,,,180,2,5,2.5,16.1,0.07,0.41,0.48,3.02,0,1,-0.07,0.59,0,4,9,7.3,28
2026-08-31,1,432,Mainoo,Man Utd,MID,5.5,,,,102,1,5,2.5,1.0,0.21,0.06,0.27,1.08,0,0,-0.21,-0.06,0,1,15,0.7,32
2026-08-31,1,453,Barnes,Newcastle,MID,6.0,,,,180,2,5,2.5,1.1,0.11,0.03,0.14,4.1,0,0,-0.11,-0.03,1,2,12,1.7,21
2026-08-31,1,471,Milenković,Nott'm Forest,DEF,5.5,,,,180,2,5,2.5,1.7,0.11,0.02,0.13,2.22,0,0,-0.11,-0.02,0,3,20,2.2,7
2026-08-31,1,472,Murillo,Nott'm Forest,DEF,5.5,,,,180,2,5,2.5,1.6,0.18,0.28,0.46,2.22,0,0,-0.18,-0.28,0,3,20,5.8,17
2026-08-31,1,473,Aina,Nott'm Forest,DEF,4.5,,,,158,2,5,2.5,3.4,0.04,0.52,0.56,2.09,0,0,-0.04,-0.52,1,2,7,6.3,26
2026-08-31,1,486,McAtee,Nott'm Forest,MID,5.5,,,,163,2,5,2.5,0.1,0.0,0.32,0.32,2.09,0,0,0.0,-0.32,1,2,16,5.4,34
2026-08-31,1,558,Schlager,Nott'm Forest,MID,5.0,,,,106,1,5,2.5,0.1,0.05,0.0,0.05,1.88,0,0,-0.05,0.0,0,3,16,0.4,18
2026-08-31,1,502,Robertson,Spurs,DEF,4.5,,,,157,2,5,2.5,3.6,0.06,0.08,0.14,4.35,0,0,-0.06,-0.08,0,4,14,5.3,20
2026-08-31,1,542,E.Le Fée,Sunderland,MID,5.9,,,,168,2,5,2.5,7.5,0.37,0.2,0.57,2.55,0,0,-0.37,-0.2,1,1,8,1.5,26
2026-08-31,1,543,Diarra,Sunderland,MID,5.5,,,,28,0,5,2.5,0.1,0.03,0.16,0.19,0.12,0,1,-0.03,0.84,0,1,0,0.3,18
2026-08-31,1,545,Sadiki,Sunderland,MID,5.0,,,,180,2,5,2.5,0.3,0.08,0.05,0.13,2.75,0,0,-0.08,-0.05,1,2,13,7.2,39
2026-08-31,1,67,Rayan,Bournemouth,MID,6.5,,,,178,2,4,2.0,2.6,0.44,0.05,0.49,3.9,0,0,-0.44,-0.05,0,2,6,3.5,13
2026-08-31,1,95,O.Dango,Brentford,MID,6.5,,,,95,1,4,2.0,1.0,0.07,0.37,0.44,1.83,0,0,-0.07,-0.37,1,1,13,4.7,22
2026-08-31,1,96,Damsgaard,Brentford,MID,5.5,,,,82,1,4,2.0,0.5,0.03,0.24,0.27,0.23,0,0,-0.03,-0.24,1,0,13,3.4,26
2026-08-31,1,151,Acheampong,Chelsea,DEF,4.5,,,,112,1,4,2.0,0.4,0.0,0.01,0.01,1.47,0,0,0.0,-0.01,0,3,18,3.7,12
2026-08-31,1,183,Rudoni,Coventry City,MID,5.0,,,,90,1,4,2.0,0.1,0.21,0.09,0.3,0.31,0,0,-0.21,-0.09,1,0,11,2.6,15
2026-08-31,1,184,Grimes,Coventry City,MID,5.0,,,,180,2,4,2.0,0.2,0.01,0.05,0.06,2.6,0,0,-0.01,-0.05,0,4,17,1.7,28
2026-08-31,1,575,Yirenkyi,Coventry City,MID,5.0,,,,131,2,4,2.0,0.2,0.03,0.13,0.16,1.58,0,0,-0.03,-0.13,1,3,10,0.0,19
2026-08-31,1,247,Hackney,Everton,MID,5.5,,,,106,1,4,2.0,0.2,0.01,0.02,0.03,3.2,0,0,-0.01,-0.02,1,0,10,2.6,19
2026-08-31,1,261,Iwobi,Fulham,MID,5.5,,,,180,2,4,2.0,0.9,0.01,0.44,0.45,4.26,0,0,-0.01,-0.44,0,4,14,2.4,37
2026-08-31,1,265,Berge,Fulham,MID,5.0,,,,154,2,4,2.0,0.4,0.03,0.23,0.26,4.06,0,0,-0.03,-0.23,0,4,6,4.4,28
2026-08-31,1,259,Diop,Ipswich Town,DEF,4.0,,,,180,2,4,2.0,16.4,0.0,0.01,0.01,5.22,0,0,0.0,-0.01,0,6,16,1.0,13
2026-08-31,1,304,O'Shea,Ipswich Town,DEF,4.0,,,,180,2,4,2.0,3.4,0.07,0.17,0.24,5.22,0,0,-0.07,-0.17,0,6,19,7.5,2
2026-08-31,1,562,Maeda,Ipswich Town,MID,5.5,,,,151,2,4,2.0,0.4,0.66,0.01,0.67,4.45,0,0,-0.66,-0.01,0,5,13,2.1,16
2026-08-31,1,564,Scherpen,Ipswich Town,GK,4.5,,,,180,2,4,2.0,0.6,0.0,0.0,0.0,5.22,0,0,0.0,0.0,0,6,0,1.4,21
2026-08-31,1,260,Wilson,Leeds,MID,6.5,,,,110,1,4,2.0,5.0,0.01,0.06,0.07,1.66,0,0,-0.01,-0.06,1,0,8,2.6,15
2026-08-31,1,337,Aaronson,Leeds,MID,5.5,,,,126,2,4,2.0,0.8,0.01,0.02,0.03,1.13,0,0,-0.01,-0.02,1,1,10,1.6,22
2026-08-31,1,347,Nmecha,Leeds,FWD,5.5,,,,21,0,4,2.0,0.5,0.1,0.0,0.1,0.93,0,1,-0.1,1.0,0,0,1,0.0,18
2026-08-31,1,362,Jacquet,Liverpool,DEF,5.0,,,,145,2,4,2.0,2.5,0.0,0.07,0.07,3.27,0,0,0.0,-0.07,0,4,14,2.4,22
2026-08-31,1,387,O'Reilly,Man City,DEF,6.5,,,,150,2,4,2.0,19.9,0.09,0.43,0.52,1.21,0,0,-0.09,-0.43,0,2,3,5.0,16
2026-08-31,1,390,Rúben,Man City,DEF,5.5,,,,180,2,4,2.0,1.8,0.09,0.71,0.8,1.31,0,0,-0.09,-0.71,0,2,12,4.4,30
2026-08-31,1,393,Khusanov,Man City,DEF,5.5,,,,178,2,4,2.0,1.7,0.0,0.04,0.04,1.31,0,0,0.0,-0.04,0,2,11,2.0,31
2026-08-31,1,463,Woltemade,Newcastle,FWD,6.0,,,,19,0,4,2.0,1.4,0.02,0.01,0.03,0.38,0,1,-0.02,0.99,0,0,0,0.0,18
2026-08-31,1,465,Osula,Newcastle,FWD,6.0,,,,55,1,4,2.0,0.7,0.06,0.14,0.2,1.48,0,1,-0.06,0.86,0,1,5,5.0,18
2026-08-31,1,455,Tonali,Spurs,MID,5.5,,,,164,2,4,2.0,3.4,0.09,0.08,0.17,4.59,0,0,-0.09,-0.08,0,5,8,2.1,30
2026-08-31,1,514,Tel,Spurs,MID,5.9,,,,157,2,4,2.0,0.4,0.2,0.09,0.29,4.35,0,0,-0.2,-0.09,0,4,11,4.5,27
2026-08-31,1,522,Gray,Spurs,MID,5.0,,,,152,2,4,2.0,0.2,0.0,0.01,0.01,3.91,0,0,0.0,-0.01,0,4,11,1.0,24
2026-08-31,1,552,Brobbey,Sunderland,FWD,6.0,,,,129,2,4,2.0,11.4,0.33,0.0,0.33,2.27,0,0,-0.33,0.0,1,1,4,1.1,6
2026-08-31,1,7,Lewis-Skelly,Arsenal,MID,5.5,,,,90,1,3,1.5,0.7,0.06,0.11,0.17,0.2,0,0,-0.06,-0.11,1,0,7,4.1,15
2026-08-31,1,13,Rice,Arsenal,MID,7.5,,,,67,1,3,1.5,16.0,0.07,0.08,0.15,0.06,0,0,-0.07,-0.08,1,0,6,1.5,10
2026-08-31,1,105,Anthony,Brentford,MID,6.0,,,,83,1,3,1.5,0.2,0.14,0.41,0.55,0.19,0,0,-0.14,-0.41,1,0,9,4.7,13
2026-08-31,1,110,Rushworth,Coventry City,GK,4.5,,,,180,2,3,1.5,1.2,0.0,0.01,0.01,2.6,0,0,0.0,-0.01,0,4,0,1.4,10
2026-08-31,1,175,van Ewijk,Coventry City,DEF,4.0,,,,180,2,3,1.5,12.5,0.0,0.2,0.2,2.6,0,0,0.0,-0.2,0,4,9,1.5,7
2026-08-31,1,176,Dasilva,Coventry City,DEF,4.0,,,,180,2,3,1.5,0.8,0.18,0.07,0.25,2.6,0,0,-0.18,-0.07,0,4,9,1.8,11
2026-08-31,1,190,Tchaouna,Coventry City,MID,5.5,,,,139,2,3,1.5,0.2,0.09,0.15,0.24,1.78,0,0,-0.09,-0.15,0,3,14,1.1,18
2026-08-31,1,194,Thomas-Asante,Coventry City,FWD,5.0,,,,101,1,3,1.5,0.8,0.0,0.02,0.02,2.29,0,0,0.0,-0.02,0,4,8,0.6,14
2026-08-31,1,492,Awoniyi,Coventry City,FWD,5.5,,,,110,1,3,1.5,0.8,0.93,0.03,0.96,1.01,0,0,-0.93,-0.03,0,1,4,0.1,10
2026-08-31,1,198,Henderson,Crystal Palace,GK,5.0,,,,180,2,3,1.5,1.8,0.0,0.0,0.0,3.33,0,0,0.0,0.0,0,6,0,2.8,18
2026-08-31,1,202,Richards,Crystal Palace,DEF,5.0,,,,180,2,3,1.5,0.7,0.04,0.0,0.04,3.33,0,0,-0.04,0.0,0,6,22,4.3,9
2026-08-31,1,222,Strand Larsen,Crystal Palace,FWD,6.0,,,,89,1,3,1.5,0.5,0.3,0.01,0.31,2.15,0,0,-0.3,-0.01,0,3,4,2.2,16
2026-08-31,1,224,Nketiah,Crystal Palace,FWD,5.5,,,,122,2,3,1.5,0.5,0.96,0.58,1.54,2.85,0,0,-0.96,-0.58,0,5,9,5.8,20
2026-08-31,1,241,McNeil,Crystal Palace,MID,5.5,,,,84,1,3,1.5,0.2,0.05,0.02,0.07,1.18,0,0,-0.05,-0.02,0,3,7,1.6,13
2026-08-31,1,588,Khalaili,Crystal Palace,DEF,5.0,,,,109,1,3,1.5,0.1,0.02,0.16,0.18,2.28,0,0,-0.02,-0.16,0,3,23,5.5,21
2026-08-31,1,254,Robinson,Fulham,DEF,4.5,,,,171,2,3,1.5,1.6,0.13,0.06,0.19,4.23,0,0,-0.13,-0.06,0,4,10,5.0,14
2026-08-31,1,255,J.Cuenca,Fulham,DEF,4.5,,,,90,1,3,1.5,0.0,0.0,0.03,0.03,2.24,0,0,0.0,-0.03,0,3,10,5.4,7
2026-08-31,1,570,Palacios,Fulham,MID,5.5,,,,147,2,3,1.5,0.2,0.18,0.01,0.19,3.83,0,0,-0.18,-0.01,0,4,13,1.8,16
2026-08-31,1,576,Stroud,Hull City,MID,5.0,,,,128,2,3,1.5,0.1,0.01,0.04,0.05,2.25,0,0,-0.01,-0.04,1,0,13,1.3,9
2026-08-31,1,336,Okafor,Leeds,MID,5.9,,,,92,1,3,1.5,0.4,0.08,0.17,0.25,0.87,0,0,-0.08,-0.17,0,1,7,2.8,21
2026-08-31,1,356,Virgil,Liverpool,DEF,6.5,,,,180,2,3,1.5,18.8,0.25,0.04,0.29,3.88,0,0,-0.25,-0.04,0,4,18,5.1,13
2026-08-31,1,369,Ngumoha,Liverpool,MID,6.0,,,,81,1,3,1.5,1.0,0.04,0.05,0.09,0.58,0,0,-0.04,-0.05,0,2,3,1.3,14
2026-08-31,1,372,Mac Allister,Liverpool,MID,5.5,,,,103,1,3,1.5,1.5,0.0,0.4,0.4,3.3,0,0,0.0,-0.4,0,2,13,0.7,19
2026-08-31,1,384,Donnarumma,Man City,GK,5.5,,,,180,2,3,1.5,8.1,0.0,0.0,0.0,1.31,0,0,0.0,0.0,0,2,0,2.7,17
2026-08-31,1,162,Andrey Santos,Man Utd,MID,5.0,,,,76,1,3,1.5,0.9,0.0,0.23,0.23,1.94,0,0,0.0,-0.23,0,3,14,1.8,19
2026-08-31,1,412,Lammens,Man Utd,GK,5.0,,,,180,2,3,1.5,14.9,0.0,0.0,0.0,3.02,0,0,0.0,0.0,0,4,0,2.0,18
2026-08-31,1,417,Dalot,Man Utd,DEF,5.0,,,,83,1,3,1.5,2.4,0.17,0.12,0.29,1.01,0,0,-0.17,-0.12,0,1,6,1.9,18
2026-08-31,1,423,Shaw,Man Utd,DEF,4.5,,,,162,2,3,1.5,18.3,0.0,0.28,0.28,2.02,0,0,0.0,-0.28,0,3,12,9.0,25
2026-08-31,1,429,Rashford,Man Utd,MID,7.0,,,,124,1,3,1.5,1.6,0.26,0.15,0.41,1.1,0,0,-0.26,-0.15,0,1,7,6.4,26
2026-08-31,1,467,Sels,Nott'm Forest,GK,5.0,,,,180,2,3,1.5,1.5,0.0,0.01,0.01,2.22,0,0,0.0,-0.01,0,3,0,1.4,17
2026-08-31,1,491,Igor Jesus,Nott'm Forest,FWD,6.0,,,,180,2,3,1.5,3.4,0.96,0.06,1.02,2.22,0,0,-0.96,-0.06,0,3,8,4.3,12
2026-08-31,1,496,Kinsky,Spurs,GK,4.5,,,,180,2,3,1.5,21.4,0.0,0.0,0.0,4.59,0,0,0.0,0.0,0,5,0,4.4,19
2026-08-31,1,498,Senesi,Spurs,DEF,6.0,,,,90,1,3,1.5,6.7,0.0,0.02,0.02,3.87,0,0,0.0,-0.02,0,3,16,3.9,10
2026-08-31,1,516,Bentancur,Spurs,MID,5.5,,,,135,1,3,1.5,0.2,0.0,0.03,0.03,2.9,0,0,0.0,-0.03,0,3,16,1.7,25
2026-08-31,1,523,Moore,Spurs,MID,5.0,,,,89,1,3,1.5,0.2,0.4,0.02,0.42,3.26,0,0,-0.4,-0.02,0,4,3,7.5,11
2026-08-31,1,525,Fernandes,Spurs,MID,5.9,,,,135,1,3,1.5,1.4,0.01,0.23,0.24,2.9,0,0,-0.01,-0.23,0,3,10,3.6,34
2026-08-31,1,41,Buendía,Aston Villa,MID,6.0,,,,85,1,2,1.0,1.1,0.13,0.09,0.22,3.62,0,0,-0.13,-0.09,0,4,7,2.2,4
2026-08-31,1,46,Barkley,Aston Villa,MID,5.0,,,,73,1,2,1.0,0.2,0.1,0.02,0.12,3.55,0,0,-0.1,-0.02,0,4,1,3.8,11
2026-08-31,1,47,Kamara,Aston Villa,MID,5.0,,,,90,1,2,1.0,0.3,0.0,0.0,0.0,3.77,0,0,0.0,0.0,0,4,7,1.4,9
2026-08-31,1,51,George Hemmings,Aston Villa,MID,4.5,,,,90,1,2,1.0,0.8,0.0,0.0,0.0,3.77,0,0,0.0,0.0,0,4,5,2.4,12
2026-08-31,1,64,Smith,Bournemouth,DEF,4.5,,,,180,2,2,1.0,0.1,0.0,0.02,0.02,4.09,0,0,0.0,-0.02,0,3,11,0.8,9
2026-08-31,1,73,Adams,Bournemouth,MID,5.0,,,,36,0,2,1.0,0.2,0.0,0.0,0.0,0.47,0,0,0.0,0.0,0,3,6,0.4,8
2026-08-31,1,90,Hickey,Brentford,DEF,4.5,,,,16,0,2,1.0,0.1,0.0,0.02,0.02,0.1,0,0,0.0,-0.02,0,0,1,0.0,8
2026-08-31,1,102,Yarmoliuk,Brentford,MID,5.0,,,,44,0,2,1.0,1.1,0.04,0.01,0.05,1.42,0,0,-0.04,-0.01,0,1,6,0.6,11
2026-08-31,1,106,Thiago,Brentford,FWD,8.0,,,,172,2,2,1.0,15.4,1.8,0.09,1.89,1.96,0,0,-1.8,-0.09,1,1,9,1.4,-1
2026-08-31,1,108,Wilson,Brentford,FWD,5.5,,,,9,0,2,1.0,0.4,0.07,0.04,0.11,0.07,0,0,-0.07,-0.04,0,0,1,1.8,7
2026-08-31,1,129,Ayari,Brighton,MID,5.5,,,,63,1,2,1.0,0.6,0.11,0.03,0.14,0.19,0,0,-0.11,-0.03,1,0,4,1.7,8
2026-08-31,1,600,Osman,Brighton,MID,5.0,,,,28,0,2,1.0,0.0,0.0,0.06,0.06,0.1,0,0,0.0,-0.06,0,1,3,2.4,13
2026-08-31,1,28,Martinez,Chelsea,GK,5.0,,,,90,1,2,1.0,4.3,0.0,0.01,0.01,1.41,0,0,0.0,-0.01,0,3,0,0.0,18
2026-08-31,1,140,Sánchez,Chelsea,GK,5.0,,,,90,1,2,1.0,1.9,0.0,0.01,0.01,1.33,0,0,0.0,-0.01,0,2,0,2.1,6
2026-08-31,1,144,Gusto,Chelsea,DEF,5.0,,,,165,2,2,1.0,1.2,0.0,0.04,0.04,2.52,0,0,0.0,-0.04,0,5,8,2.3,1
2026-08-31,1,583,Chavarria,Chelsea,DEF,5.0,,,,43,0,2,1.0,0.2,0.0,0.02,0.02,0.37,0,0,0.0,-0.02,0,1,4,0.5,4
2026-08-31,1,104,Onyeka,Coventry City,MID,5.0,,,,90,1,2,1.0,0.2,0.0,0.01,0.01,1.88,0,0,0.0,-0.01,0,3,9,0.5,8
2026-08-31,1,182,Amenda,Coventry City,DEF,4.0,,,,180,2,2,1.0,0.8,0.02,0.05,0.07,2.6,0,0,-0.02,-0.05,0,4,13,3.0,5
2026-08-31,1,188,Torp,Coventry City,MID,5.5,,,,47,0,2,1.0,0.2,0.0,0.12,0.12,1.01,0,0,0.0,-0.12,0,1,3,2.3,10
2026-08-31,1,195,Simms,Coventry City,FWD,5.0,,,,69,1,2,1.0,1.0,0.0,0.01,0.01,1.6,0,0,0.0,-0.01,0,3,3,1.7,7
2026-08-31,1,584,Hamer,Coventry City,MID,5.5,,,,27,0,2,1.0,0.1,0.0,0.02,0.02,0.82,0,0,0.0,-0.02,0,1,1,0.1,5
2026-08-31,1,42,Guessand,Crystal Palace,MID,5.5,,,,54,0,2,1.0,0.0,0.03,0.03,0.06,0.34,0,0,-0.03,-0.03,0,1,2,1.2,6
2026-08-31,1,223,Mateta,Crystal Palace,FWD,6.5,,,,62,1,2,1.0,3.8,0.7,0.02,0.72,0.98,0,0,-0.7,-0.02,0,2,5,2.5,-3
2026-08-31,1,577,Tomiyasu,Crystal Palace,DEF,4.5,,,,91,1,2,1.0,0.3,0.0,0.01,0.01,2.15,0,0,0.0,-0.01,0,3,9,0.5,0
2026-08-31,1,209,Johnson,Everton,MID,6.0,,,,34,0,2,1.0,0.1,0.0,0.0,0.0,1.87,0,0,0.0,0.0,0,0,4,0.4,4
2026-08-31,1,239,Garner,Everton,MID,6.0,,,,72,1,2,1.0,0.1,0.0,0.03,0.03,0.92,0,0,0.0,-0.03,0,1,11,1.9,15
2026-08-31,1,248,Beto,Everton,FWD,5.4,,,,31,0,2,1.0,2.1,0.09,0.0,0.09,1.92,0,0,-0.09,0.0,0,0,1,0.2,5
2026-08-31,1,257,Bassey,Fulham,DEF,4.5,,,,180,2,2,1.0,0.8,0.02,0.03,0.05,4.26,0,0,-0.02,-0.03,0,4,11,2.0,14
2026-08-31,1,263,Kevin,Fulham,MID,5.5,,,,24,0,2,1.0,0.1,0.0,0.05,0.05,0.2,0,0,0.0,-0.05,0,0,3,0.7,4
2026-08-31,1,269,Sessegnon,Fulham,DEF,4.5,,,,39,0,2,1.0,0.4,0.05,0.12,0.17,1.8,0,0,-0.05,-0.12,0,1,2,2.6,10
2026-08-31,1,580,Charles,Fulham,MID,5.0,,,,45,0,2,1.0,0.1,0.09,0.03,0.12,1.8,0,0,-0.09,-0.03,0,1,5,0.5,7
2026-08-31,1,281,Drameh,Hull City,DEF,4.0,,,,65,0,2,1.0,0.1,0.05,0.0,0.05,0.87,0,0,-0.05,0.0,0,0,6,0.3,8
2026-08-31,1,289,Crooks,Hull City,MID,4.5,,,,90,1,2,1.0,0.7,0.0,0.0,0.0,1.83,0,0,0.0,0.0,1,0,9,2.1,9
2026-08-31,1,585,Herrington,Hull City,DEF,4.0,,,,57,0,2,1.0,0.6,0.0,0.0,0.0,1.16,0,0,0.0,0.0,0,0,5,0.8,7
2026-08-31,1,323,McAteer,Ipswich Town,MID,4.5,,,,31,0,2,1.0,1.3,0.0,0.0,0.0,0.17,0,0,0.0,0.0,0,0,4,0.3,7
2026-08-31,1,592,Ouattara,Ipswich Town,DEF,4.0,,,,27,0,2,1.0,1.0,0.0,0.0,0.0,0.76,0,0,0.0,0.0,0,1,2,1.5,3
2026-08-31,1,350,A.Becker,Liverpool,GK,5.5,,,,180,2,2,1.0,3.8,0.0,0.0,0.0,3.88,0,0,0.0,0.0,0,4,0,1.8,2
2026-08-31,1,406,Kovačić,Man City,MID,5.5,,,,42,0,2,1.0,0.1,0.0,0.02,0.02,0.1,0,0,0.0,-0.02,0,0,2,0.4,12
2026-08-31,1,422,Mazraoui,Man Utd,DEF,4.5,,,,96,1,2,1.0,0.7,0.22,0.05,0.27,2.01,0,0,-0.22,-0.05,0,3,5,5.6,7
2026-08-31,1,439,Šeško,Man Utd,FWD,7.0,,,,33,0,2,1.0,1.8,0.04,0.01,0.05,1.07,0,0,-0.04,-0.01,0,1,3,0.9,7
2026-08-31,1,405,N.Gonzalez,Newcastle,MID,5.5,,,,70,1,2,1.0,0.2,0.0,0.2,0.2,0.74,0,0,0.0,-0.2,1,0,4,0.0,9
2026-08-31,1,462,Steur,Newcastle,MID,5.0,,,,74,1,2,1.0,0.1,0.0,0.0,0.0,1.86,0,0,0.0,0.0,0,1,5,0.2,7
2026-08-31,1,474,Jair Cunha,Nott'm Forest,DEF,4.5,,,,180,2,2,1.0,0.2,0.0,0.0,0.0,2.22,0,0,0.0,0.0,0,3,16,2.2,11
2026-08-31,1,478,Netz,Nott'm Forest,DEF,4.5,,,,20,0,2,1.0,0.0,0.0,0.0,0.0,0.13,0,0,0.0,0.0,0,1,1,0.1,3
2026-08-31,1,488,I.Sangaré,Nott'm Forest,MID,5.0,,,,90,1,2,1.0,0.8,0.03,0.01,0.04,0.47,0,0,-0.03,-0.01,0,1,6,3.4,10
2026-08-31,1,112,Van Hecke,Spurs,DEF,5.0,,,,180,2,2,1.0,8.7,0.11,0.06,0.17,4.59,0,0,-0.11,-0.06,0,5,17,3.3,12
2026-08-31,1,401,Marmoush,Spurs,FWD,7.0,,,,90,1,2,1.0,1.7,0.17,0.07,0.24,0.72,0,0,-0.17,-0.07,0,2,4,0.0,14
2026-08-31,1,506,Udogie,Spurs,DEF,4.5,,,,26,0,2,1.0,0.5,0.0,0.21,0.21,0.68,0,0,0.0,-0.21,0,1,1,0.0,5
2026-08-31,1,526,Solanke,Spurs,FWD,6.0,,,,37,0,2,1.0,1.2,0.27,0.0,0.27,0.85,0,0,-0.27,0.0,0,0,0,0.5,9
2026-08-31,1,527,Richarlison,Spurs,FWD,5.9,,,,67,1,2,1.0,2.3,0.0,0.0,0.0,3.02,0,0,0.0,0.0,0,3,1,0.2,6
2026-08-31,1,548,Rigg,Sunderland,MID,5.0,,,,17,0,2,1.0,0.1,0.0,0.0,0.0,0.44,0,0,0.0,0.0,0,1,1,0.0,6
2026-08-31,1,9,Hincapie,Arsenal,DEF,5.4,,,,9,0,1,0.5,1.4,0.0,0.0,0.0,0.15,0,0,0.0,0.0,0,0,0,0.1,3
2026-08-31,1,14,Eze,Arsenal,MID,6.4,,,,14,0,1,0.5,1.7,0.04,0.0,0.04,0.15,0,0,-0.04,0.0,0,0,2,0.1,4
2026-08-31,1,16,Madueke,Arsenal,MID,6.4,,,,22,0,1,0.5,0.3,0.0,0.04,0.04,0.15,0,0,0.0,-0.04,0,0,2,5.3,8
2026-08-31,1,17,Merino,Arsenal,MID,5.9,,,,14,0,1,0.5,0.6,0.14,0.02,0.16,0.15,0,0,-0.14,-0.02,0,0,2,1.9,5
2026-08-31,1,19,Zubimendi,Arsenal,MID,5.4,,,,22,0,1,0.5,0.9,0.0,0.02,0.02,0.15,0,0,0.0,-0.02,0,0,3,0.6,3
2026-08-31,1,29,M.Bizot,Aston Villa,GK,4.5,,,,90,1,1,0.5,0.1,0.0,0.0,0.0,3.77,0,0,0.0,0.0,0,4,0,2.8,1
2026-08-31,1,33,Mings,Aston Villa,DEF,4.5,,,,16,0,1,0.5,0.4,0.0,0.0,0.0,0.22,0,0,0.0,0.0,0,0,1,0.2,5
2026-08-31,1,35,Bogarde,Aston Villa,MID,5.0,,,,16,0,1,0.5,0.1,0.0,0.0,0.0,0.22,0,0,0.0,0.0,0,0,1,0.3,3
2026-08-31,1,45,McGinn,Aston Villa,MID,5.5,,,,81,1,1,0.5,2.7,0.04,0.01,0.05,3.62,0,0,-0.04,-0.01,0,4,6,0.5,8
2026-08-31,1,52,Alysson,Aston Villa,MID,5.0,,,,8,0,1,0.5,0.0,0.0,0.0,0.0,0.14,0,0,0.0,0.0,0,0,3,0.4,5
2026-08-31,1,160,Garnacho,Aston Villa,MID,5.9,,,,4,0,1,0.5,0.5,0.0,0.0,0.0,0.14,0,0,0.0,0.0,0,0,0,0.0,2
2026-08-31,1,596,Ruggeri,Aston Villa,DEF,4.5,,,,8,0,1,0.5,0.1,0.0,0.0,0.0,0.14,0,0,0.0,0.0,0,0,2,0.4,3
2026-08-31,1,72,Gannon-Doak,Bournemouth,MID,5.0,,,,1,0,1,0.5,0.1,0.0,0.0,0.0,0.19,0,0,0.0,0.0,0,1,1,0.2,3
2026-08-31,1,74,Brooks,Bournemouth,MID,5.0,,,,9,0,1,0.5,0.1,0.0,0.01,0.01,0.16,0,0,0.0,-0.01,0,1,0,0.0,3
2026-08-31,1,75,Christie,Bournemouth,MID,5.0,,,,3,0,1,0.5,0.0,0.0,0.0,0.0,0.13,0,0,0.0,0.0,0,1,2,0.0,5
2026-08-31,1,76,Tóth.A,Bournemouth,MID,5.0,,,,15,0,1,0.5,0.0,0.0,0.0,0.0,0.31,0,0,0.0,0.0,0,2,2,0.3,5
2026-08-31,1,81,Rodríguez,Bournemouth,FWD,6.0,,,,9,0,1,0.5,0.1,0.0,0.0,0.0,0.16,0,0,0.0,0.0,0,1,1,0.0,4
2026-08-31,1,608,Jebbison,Bournemouth,FWD,5.0,,,,15,0,1,0.5,0.1,0.1,0.0,0.1,0.31,0,0,-0.1,0.0,0,2,1,2.1,6
2026-08-31,1,89,Henry,Brentford,DEF,4.5,,,,2,0,1,0.5,0.2,0.0,0.0,0.0,0.0,0,0,0.0,0.0,0,0,0,0.0,3
2026-08-31,1,119,Costinha,Brighton,DEF,4.5,,,,36,0,1,0.5,0.0,0.12,0.0,0.12,0.14,0,0,-0.12,0.0,0,0,4,2.8,6
2026-08-31,1,135,Yohanna,Brighton,MID,5.0,,,,12,0,1,0.5,0.1,0.0,0.03,0.03,0.0,0,0,0.0,-0.03,0,0,0,0.2,3
2026-08-31,1,594,David,Brighton,FWD,6.0,,,,10,0,1,0.5,0.3,0.0,0.0,0.0,0.04,0,0,0.0,0.0,0,0,0,0.0,3
2026-08-31,1,142,James,Chelsea,DEF,5.5,,,,112,1,1,0.5,9.4,0.1,0.07,0.17,1.47,0,0,-0.1,-0.07,0,3,6,5.9,4
2026-08-31,1,149,Colwill,Chelsea,DEF,5.0,,,,161,2,1,0.5,1.4,0.01,0.03,0.04,2.64,0,0,-0.01,-0.03,0,4,13,1.5,8
2026-08-31,1,155,Enzo,Chelsea,MID,6.9,,,,25,0,1,0.5,3.8,0.0,0.02,0.02,0.28,0,0,0.0,-0.02,0,0,3,1.5,6
2026-08-31,1,157,Estêvão,Chelsea,MID,6.4,,,,7,0,1,0.5,1.0,0.0,0.0,0.0,0.09,0,0,0.0,0.0,0,0,1,0.1,3
2026-08-31,1,159,Caicedo,Chelsea,MID,5.4,,,,13,0,1,0.5,2.5,0.0,0.0,0.0,0.07,0,0,0.0,0.0,0,0,0,0.0,3
2026-08-31,1,164,Quenda,Chelsea,MID,5.4,,,,8,0,1,0.5,0.0,0.0,0.0,0.0,0.09,0,0,0.0,0.0,0,0,1,0.4,2
2026-08-31,1,568,Barco,Chelsea,MID,5.5,,,,8,0,1,0.5,0.1,0.04,0.0,0.04,0.07,0,0,-0.04,0.0,0,1,1,0.0,1
2026-08-31,1,91,Pinnock,Coventry City,DEF,4.5,,,,12,0,1,0.5,0.1,0.0,0.0,0.0,0.54,0,0,0.0,0.0,0,1,2,0.0,-1
2026-08-31,1,185,Sakamoto,Coventry City,MID,5.0,,,,31,0,1,0.5,0.1,0.02,0.02,0.04,0.69,0,0,-0.02,-0.02,0,1,4,0.0,8
2026-08-31,1,186,Mason-Clark,Coventry City,MID,5.5,,,,57,1,1,0.5,0.1,0.0,0.06,0.06,0.02,0,0,0.0,-0.06,0,0,4,0.0,4
2026-08-31,1,153,Disasi,Crystal Palace,DEF,4.5,,,,16,0,1,0.5,0.1,0.0,0.0,0.0,0.2,0,0,0.0,0.0,0,1,1,0.0,-2
2026-08-31,1,203,Canvot,Crystal Palace,DEF,5.0,,,,180,2,1,0.5,0.3,0.05,0.01,0.06,3.33,0,0,-0.05,-0.01,0,6,15,3.8,8
2026-08-31,1,204,Mitchell,Crystal Palace,DEF,4.5,,,,180,2,1,0.5,5.2,0.11,0.17,0.28,3.33,0,0,-0.11,-0.17,0,6,10,2.7,1
2026-08-31,1,206,Chadi Riad,Crystal Palace,DEF,4.4,,,,72,1,1,0.5,0.0,0.0,0.01,0.01,0.98,0,0,0.0,-0.01,0,2,7,1.4,7
2026-08-31,1,207,Mingueza,Crystal Palace,DEF,4.5,,,,15,0,1,0.5,0.1,0.0,0.0,0.0,0.2,0,0,0.0,0.0,0,1,1,0.0,1
2026-08-31,1,595,Gozo,Crystal Palace,MID,5.0,,,,22,0,1,0.5,0.0,0.0,0.0,0.0,0.2,0,0,0.0,0.0,0,1,1,0.0,3
2026-08-31,1,240,Iroegbunam,Everton,MID,5.0,,,,4,0,1,0.5,0.0,0.0,0.0,0.0,0.0,0,0,0.0,0.0,0,0,0,0.0,2
2026-08-31,1,243,Alcaraz,Everton,MID,5.0,,,,5,0,1,0.5,0.1,0.05,0.02,0.07,0.04,0,0,-0.05,-0.02,0,0,3,2.2,5
2026-08-31,1,253,Andersen,Fulham,DEF,5.0,,,,90,1,1,0.5,0.1,0.0,0.04,0.04,2.02,0,0,0.0,-0.04,0,1,8,0.0,4
2026-08-31,1,262,Smith Rowe,Fulham,MID,5.5,,,,14,0,1,0.5,0.4,0.06,0.02,0.08,0.41,0,0,-0.06,-0.02,0,0,1,0.0,5
2026-08-31,1,271,Muniz,Fulham,FWD,5.5,,,,8,0,1,0.5,0.5,0.02,0.0,0.02,0.03,0,0,-0.02,0.0,0,0,1,2.5,6
2026-08-31,1,285,McNair,Hull City,DEF,4.0,,,,26,0,1,0.5,0.1,0.0,0.0,0.0,0.96,0,0,0.0,0.0,0,0,2,0.4,3
2026-08-31,1,556,Targett,Hull City,DEF,4.0,,,,5,0,1,0.5,2.2,0.0,0.0,0.0,0.07,0,0,0.0,0.0,0,0,0,0.0,3
2026-08-31,1,563,Morita,Hull City,MID,5.0,,,,45,1,1,0.5,0.0,0.0,0.0,0.0,1.09,0,0,0.0,0.0,0,0,3,0.0,6
2026-08-31,1,589,Gourna-Douath,Hull City,MID,5.0,,,,45,0,1,0.5,0.0,0.0,0.01,0.01,0.2,0,0,0.0,-0.01,0,0,6,0.0,6
2026-08-31,1,617,Cho,Hull City,MID,5.0,,,,7,0,1,1.0,0.0,0.0,0.0,0.0,0.18,0,0,0.0,0.0,0,0,0,0.0,3
2026-08-31,1,306,Greaves,Ipswich Town,DEF,4.0,,,,180,2,1,0.5,1.4,0.0,0.01,0.01,5.22,0,0,0.0,-0.01,0,6,17,1.8,-1
2026-08-31,1,308,Furlong,Ipswich Town,DEF,4.0,,,,17,0,1,0.5,0.6,0.0,0.0,0.0,0.73,0,0,0.0,0.0,0,1,2,0.0,-1
2026-08-31,1,321,Walle Egeli,Ipswich Town,FWD,4.5,,,,10,0,1,0.5,2.8,0.0,0.0,0.0,0.03,0,0,0.0,0.0,0,0,0,0.0,3
2026-08-31,1,619,Palacios,Ipswich Town,MID,5.0,,,,28,0,1,1.0,0.0,0.0,0.01,0.01,1.74,0,0,0.0,-0.01,0,2,6,0.0,11
2026-08-31,1,339,Longstaff,Leeds,MID,5.0,,,,8,0,1,0.5,0.1,0.0,0.0,0.0,0.07,0,0,0.0,0.0,0,0,0,0.0,3
2026-08-31,1,343,James,Leeds,MID,5.0,,,,22,0,1,0.5,0.1,0.24,0.01,0.25,0.93,0,0,-0.24,-0.01,0,0,2,0.0,2
2026-08-31,1,345,Tanaka,Leeds,MID,5.0,,,,45,0,1,0.5,0.2,0.0,0.01,0.01,1.13,0,0,0.0,-0.01,0,0,11,0.0,6
2026-08-31,1,598,Elvedi,Leeds,DEF,4.5,,,,56,0,1,0.5,0.0,0.0,0.0,0.0,1.32,0,0,0.0,0.0,0,1,6,0.0,9
2026-08-31,1,357,Frimpong,Liverpool,DEF,5.5,,,,160,2,1,0.5,3.3,0.01,0.11,0.12,3.81,0,0,-0.01,-0.11,0,4,8,6.1,12
2026-08-31,1,358,Kerkez,Liverpool,DEF,5.5,,,,160,2,1,0.5,3.3,0.02,0.03,0.05,3.81,0,0,-0.02,-0.03,0,4,15,4.4,12
2026-08-31,1,364,Tsimikas,Liverpool,DEF,5.0,,,,19,0,1,0.5,0.1,0.04,0.01,0.05,0.07,0,0,-0.04,-0.01,0,0,0,0.0,4
2026-08-31,1,375,Nyoni,Liverpool,MID,5.0,,,,13,0,1,0.5,0.0,0.0,0.0,0.0,0.07,0,0,0.0,0.0,0,0,5,0.0,3
2026-08-31,1,381,Koumas,Liverpool,MID,5.0,,,,12,0,1,0.5,0.0,0.03,0.0,0.03,0.48,0,0,-0.03,0.0,0,0,1,0.9,4
2026-08-31,1,579,Araujo,Liverpool,DEF,5.5,,,,33,0,1,0.5,2.5,0.0,0.04,0.04,0.61,0,0,0.0,-0.04,0,0,5,1.4,2
2026-08-31,1,238,Grealish,Man City,MID,6.5,,,,8,0,1,0.5,0.2,0.0,0.0,0.0,0.0,0,0,0.0,0.0,0,0,1,0.2,2
2026-08-31,1,389,Matheus N.,Man City,DEF,6.0,,,,33,0,1,0.5,1.2,0.0,0.04,0.04,0.1,0,0,0.0,-0.04,0,0,1,0.9,4
2026-08-31,1,395,Lewis,Man City,DEF,4.5,,,,56,1,1,0.5,0.2,0.17,0.02,0.19,0.55,0,0,-0.17,-0.02,0,1,2,4.7,-1
2026-08-31,1,396,Vitor Reis,Man City,DEF,4.5,,,,1,0,1,0.5,0.0,0.0,0.0,0.0,0.0,0,0,0.0,0.0,0,0,0,0.0,3
2026-08-31,1,616,Bouaddi,Man City,MID,5.5,,,,8,0,1,1.0,0.1,0.0,0.12,0.12,0.0,0,0,0.0,-0.12,0,0,1,0.0,3
2026-08-31,1,621,McAidoo,Man City,MID,4.5,,,,8,0,1,1.0,0.0,0.1,0.0,0.1,0.0,0,0,-0.1,0.0,0,0,0,0.0,3
2026-08-31,1,622,Braithwaite,Man City,DEF,4.0,,,,1,0,1,1.0,0.1,0.0,0.0,0.0,0.0,0,0,0.0,0.0,0,0,0,0.0,3
2026-08-31,1,415,Dorgu,Man Utd,MID,5.9,,,,55,1,1,0.5,1.0,0.61,0.04,0.65,1.92,0,0,-0.61,-0.04,0,3,3,0.7,-7
2026-08-31,1,419,Martinez,Man Utd,DEF,5.0,,,,90,1,1,0.5,1.3,0.03,0.06,0.09,2.01,0,0,-0.03,-0.06,0,2,0,0.0,0
2026-08-31,1,420,Yoro,Man Utd,DEF,5.0,,,,16,0,1,0.5,0.6,0.0,0.01,0.01,1.0,0,0,0.0,-0.01,0,1,2,0.0,-2
2026-08-31,1,421,Heaven,Man Utd,DEF,4.5,,,,90,1,1,0.5,0.4,0.12,0.04,0.16,1.01,0,0,-0.12,-0.04,0,2,2,2.0,5
2026-08-31,1,435,Lacey,Man Utd,MID,5.0,,,,10,0,1,0.5,0.1,0.0,0.0,0.0,0.0,0,0,0.0,0.0,0,0,1,0.1,3
2026-08-31,1,446,Schär,Newcastle,DEF,5.0,,,,1,0,1,0.5,0.3,0.0,0.0,0.0,0.79,0,0,0.0,0.0,0,1,0,0.0,-1
2026-08-31,1,456,J.Ramsey,Newcastle,MID,5.0,,,,42,0,1,0.5,0.3,0.06,0.14,0.2,1.88,0,0,-0.06,-0.14,0,1,7,1.3,4
2026-08-31,1,457,J.Murphy,Newcastle,MID,6.0,,,,22,0,1,0.5,0.1,0.0,0.2,0.2,1.42,0,0,0.0,-0.2,0,1,5,0.1,2
2026-08-31,1,461,Touré,Newcastle,MID,5.9,,,,1,0,1,0.5,0.2,0.0,0.0,0.0,0.0,0,0,0.0,0.0,0,0,0,0.0,3
2026-08-31,1,559,Bamba,Newcastle,MID,5.0,,,,14,0,1,0.5,0.1,0.0,0.0,0.0,1.04,0,0,0.0,0.0,0,1,2,0.4,5
2026-08-31,1,167,Delap,Nott'm Forest,FWD,5.5,,,,24,0,1,0.5,0.6,0.07,0.0,0.07,0.33,0,0,-0.07,0.0,0,1,0,0.0,9
2026-08-31,1,482,Hudson-Odoi,Nott'm Forest,MID,5.9,,,,1,0,1,0.5,0.2,0.0,0.0,0.0,0.0,0,0,0.0,0.0,0,0,0,0.0,2
2026-08-31,1,487,Dominguez,Nott'm Forest,MID,5.0,,,,1,0,1,0.5,0.1,0.0,0.0,0.0,0.0,0,0,0.0,0.0,0,0,0,0.0,3
2026-08-31,1,490,Wood,Nott'm Forest,FWD,5.9,,,,28,0,1,0.5,1.4,0.12,0.01,0.13,0.22,0,0,-0.12,-0.01,0,1,1,0.4,3
2026-08-31,1,493,Kalimuendo,Nott'm Forest,FWD,5.5,,,,1,0,1,0.5,0.0,0.0,0.0,0.0,0.0,0,0,0.0,0.0,0,0,0,0.0,3
2026-08-31,1,499,Pedro Porro,Spurs,DEF,5.5,,,,90,1,1,0.5,12.9,0.33,0.1,0.43,0.72,0,0,-0.33,-0.1,0,2,4,0.0,1
2026-08-31,1,512,Kudus,Spurs,MID,6.5,,,,22,0,1,0.5,0.1,0.04,0.01,0.05,0.24,0,0,-0.04,-0.01,0,1,2,0.0,4
2026-08-31,1,515,Maddison,Spurs,MID,6.4,,,,22,0,1,0.5,0.8,0.0,0.01,0.01,0.85,0,0,0.0,-0.01,0,0,2,2.1,6
2026-08-31,1,520,Bergvall,Spurs,MID,5.5,,,,45,1,1,0.5,0.2,0.0,0.01,0.01,1.7,0,0,0.0,-0.01,0,2,8,0.0,2
2026-08-31,1,535,Alderete,Sunderland,DEF,5.0,,,,23,0,1,0.5,0.4,0.0,0.01,0.01,0.1,0,0,0.0,-0.01,0,1,0,0.0,2
2026-08-31,1,539,O'Nien,Sunderland,DEF,4.0,,,,66,1,1,0.5,3.3,0.01,0.01,0.02,1.69,0,0,-0.01,-0.01,0,1,5,1.7,1
2026-08-31,1,547,Mundle,Sunderland,MID,5.0,,,,1,0,1,0.5,0.0,0.17,0.0,0.17,0.09,0,0,-0.17,0.0,0,0,1,0.0,2
2026-08-31,1,549,Talbi,Sunderland,MID,5.5,,,,31,0,1,0.5,0.2,0.0,0.0,0.0,0.14,0,0,0.0,0.0,0,1,2,0.0,1
2026-08-31,1,2,Arrizabalaga,Arsenal,GK,5.0,,,,0,0,0,0.0,0.1,0.0,0.0,0.0,0.0,0,0,0.0,0.0,0,0,0,0.0,0
2026-08-31,1,3,Meslier,Arsenal,GK,5.0,,,,0,0,0,0.0,0.0,0.0,0.0,0.0,0.0,0,0,0.0,0.0,0,0,0,0.0,0
2026-08-31,1,5,J.Timber,Arsenal,DEF,6.5,,,,0,0,0,0.0,0.1,0.0,0.0,0.0,0.0,0,0,0.0,0.0,0,0,0,0.0,0
2026-08-31,1,6,Saliba,Arsenal,DEF,6.0,,,,0,0,0,0.0,0.2,0.0,0.0,0.0,0.0,0,0,0.0,0.0,0,0,0,0.0,0
2026-08-31,1,18,Martinelli,Arsenal,MID,6.4,,,,0,0,0,0.0,0.2,0.0,0.0,0.0,0.0,0,0,0.0,0.0,0,0,0,0.0,0
2026-08-31,1,20,Dowman,Arsenal,MID,5.4,,,,0,0,0,0.0,0.1,0.0,0.0,0.0,0.0,0,0,0.0,0.0,0,0,0,0.0,0
2026-08-31,1,22,Nwaneri,Arsenal,MID,5.4,,,,0,0,0,0.0,0.0,0.0,0.0,0.0,0.0,0,0,0.0,0.0,0,0,0,0.0,0
2026-08-31,1,23,Fábio Vieira,Arsenal,MID,5.5,,,,0,0,0,0.0,0.0,0.0,0.0,0.0,0.0,0,0,0.0,0.0,0,0,0,0.0,0
2026-08-31,1,24,Nelson,Arsenal,MID,5.5,,,,0,0,0,0.0,0.0,0.0,0.0,0.0,0.0,0,0,0.0,0.0,0,0,0,0.0,0
2026-08-31,1,25,Gyökeres,Arsenal,FWD,7.4,,,,0,0,0,0.0,6.1,0.0,0.0,0.0,0.0,0,0,0.0,0.0,0,0,0,0.0,0
2026-08-31,1,27,G.Jesus,Arsenal,FWD,6.0,,,,0,0,0,0.0,0.3,0.0,0.0,0.0,0.0,0,0,0.0,0.0,0,0,0,0.0,0
2026-08-31,1,31,Konsa,Arsenal,DEF,4.4,,,,0,0,0,0.0,10.4,0.0,0.0,0.0,0.0,0,0,0.0,0.0,0,0,0,0.0,0
2026-08-31,1,452,Bruno G.,Arsenal,MID,6.9,,,,0,0,0,0.0,2.4,0.0,0.0,0.0,0.0,0,0,0.0,0.0,0,0,0,0.0,0
2026-08-31,1,30,Digne,Aston Villa,DEF,4.5,,,,0,0,0,0.0,0.1,0.0,0.0,0.0,0.0,0,0,0.0,0.0,0,0,0,0.0,0
2026-08-31,1,34,Pau,Aston Villa,DEF,4.5,,,,73,1,0,0.0,0.4,0.0,0.0,0.0,3.55,0,0,0.0,0.0,0,4,5,0.0,-14
2026-08-31,1,36,Maatsen,Aston Villa,DEF,4.5,,,,81,1,0,0.0,0.7,0.03,0.0,0.03,3.62,0,0,-0.03,0.0,0,4,9,1.3,-9
2026-08-31,1,38,A.García,Aston Villa,DEF,4.0,,,,0,0,0,0.0,1.7,0.0,0.0,0.0,0.0,0,0,0.0,0.0,0,0,0,0.0,0
2026-08-31,1,39,Nedeljkovic,Aston Villa,DEF,4.0,,,,0,0,0,0.0,0.2,0.0,0.0,0.0,0.0,0,0,0.0,0.0,0,0,0,0.0,0
2026-08-31,1,44,Bailey,Aston Villa,MID,5.5,,,,0,0,0,0.0,0.1,0.0,0.0,0.0,0.0,0,0,0.0,0.0,0,0,0,0.0,0
2026-08-31,1,48,Onana,Aston Villa,MID,5.0,,,,0,0,0,0.0,0.0,0.0,0.0,0.0,0.0,0,0,0.0,0.0,0,0,0,0.0,0
2026-08-31,1,49,Iling Jr,Aston Villa,MID,5.0,,,,0,0,0,0.0,0.0,0.0,0.0,0.0,0.0,0,0,0.0,0.0,0,0,0,0.0,0
2026-08-31,1,50,Burrowes,Aston Villa,MID,4.5,,,,0,0,0,0.0,0.7,0.0,0.0,0.0,0.0,0,0,0.0,0.0,0,0,0,0.0,0
2026-08-31,1,53,Manzambi,Aston Villa,MID,5.9,,,,0,0,0,0.0,0.2,0.0,0.0,0.0,0.0,0,0,0.0,0.0,0,0,0,0.0,0
2026-08-31,1,55,Watkins,Aston Villa,FWD,7.9,,,,0,0,0,0.0,6.6,0.0,0.0,0.0,0.0,0,0,0.0,0.0,0,0,0,0.0,0
2026-08-31,1,56,Abraham,Aston Villa,FWD,5.5,,,,0,0,0,0.0,0.1,0.0,0.0,0.0,0.0,0,0,0.0,0.0,0,0,0,0.0,0
2026-08-31,1,166,N.Jackson,Aston Villa,FWD,6.5,,,,0,0,0,0.0,0.6,0.0,0.0,0.0,0.0,0,0,0.0,0.0,0,0,0,0.0,0
2026-08-31,1,582,Madjo,Aston Villa,FWD,5.5,,,,0,0,0,0.0,0.4,0.0,0.0,0.0,0.0,0,0,0.0,0.0,0,0,0,0.0,0
2026-08-31,1,597,Suzuki,Aston Villa,GK,5.0,,,,0,0,0,0.0,0.9,0.0,0.0,0.0,0.0,0,0,0.0,0.0,0,0,0,0.0,0
2026-08-31,1,606,Rowe,Aston Villa,DEF,4.0,,,,0,0,0,0.0,0.1,0.0,0.0,0.0,0.0,0,0,0.0,0.0,0,0,0,0.0,0
2026-08-31,1,607,Lynch,Aston Villa,MID,4.5,,,,0,0,0,0.0,0.1,0.0,0.0,0.0,0.0,0,0,0.0,0.0,0,0,0,0.0,0
2026-08-31,1,611,Wan-Bissaka,Aston Villa,DEF,4.5,,,,0,0,0,0.0,0.1,0.0,0.0,0.0,0.0,0,0,0.0,0.0,0,0,0,0.0,0
2026-08-31,1,618,Goretzka,Aston Villa,MID,6.0,,,,0,0,0,0.0,0.0,0.0,0.0,0.0,0.0,0,0,0.0,0.0,0,0,0,0.0,0
2026-08-31,1,58,Forster,Bournemouth,GK,4.0,,,,0,0,0,0.0,3.3,0.0,0.0,0.0,0.0,0,0,0.0,0.0,0,0,0,0.0,0
2026-08-31,1,59,Dennis,Bournemouth,GK,4.0,,,,0,0,0,0.0,0.2,0.0,0.0,0.0,0.0,0,0,0.0,0.0,0,0,0,0.0,0
2026-08-31,1,62,Diakité,Bournemouth,DEF,5.0,,,,0,0,0,0.0,0.2,0.0,0.0,0.0,0.0,0,0,0.0,0.0,0,0,0,0.0,0
2026-08-31,1,63,Milosavljević,Bournemouth,DEF,5.0,,,,0,0,0,0.0,0.0,0.0,0.0,0.0,0.0,0,0,0.0,0.0,0,0,0,0.0,0
2026-08-31,1,65,J.Araujo,Bournemouth,DEF,4.5,,,,0,0,0,0.0,0.0,0.0,0.0,0.0,0.0,0,0,0.0,0.0,0,0,0,0.0,0
2026-08-31,1,66,Soler,Bournemouth,DEF,4.0,,,,0,0,0,0.0,0.2,0.0,0.0,0.0,0.0,0,0,0.0,0.0,0,0,0,0.0,0
2026-08-31,1,77,Adli,Bournemouth,MID,4.9,,,,0,0,0,0.0,0.0,0.0,0.0,0.0,0.0,0,0,0.0,0.0,0,0,0,0.0,0
2026-08-31,1,78,Kroupi.Jr,Bournemouth,MID,7.4,,,,0,0,0,0.0,0.3,0.0,0.0,0.0,0.0,0,0,0.0,0.0,0,0,0,0.0,0
2026-08-31,1,80,Enes Ünal,Bournemouth,FWD,5.5,,,,0,0,0,0.0,0.0,0.0,0.0,0.0,0.0,0,0,0.0,0.0,0,0,0,0.0,0
2026-08-31,1,573,Sanchez,Bournemouth,DEF,4.5,,,,0,0,0,0.0,0.2,0.0,0.0,0.0,0.0,0,0,0.0,0.0,0,0,0,0.0,0
2026-08-31,1,615,Di Gregorio,Bournemouth,GK,4.5,,,,0,0,0,0.0,0.0,0.0,0.0,0.0,0.0,0,0,0.0,0.0,0,0,0,0.0,0
2026-08-31,1,83,Valdimarsson,Brentford,GK,4.5,,,,0,0,0,0.0,0.1,0.0,0.0,0.0,0.0,0,0,0.0,0.0,0,0,0,0.0,0
2026-08-31,1,85,Van den Berg,Brentford,DEF,5.0,,,,0,0,0,0.0,0.1,0.0,0.0,0.0,0.0,0,0,0.0,0.0,0,0,0,0.0,0
2026-08-31,1,92,Ji-soo,Brentford,DEF,4.5,,,,0,0,0,0.0,0.0,0.0,0.0,0.0,0.0,0,0,0.0,0.0,0,0,0,0.0,0
2026-08-31,1,93,Schuster,Brentford,DEF,4.5,,,,0,0,0,0.0,0.2,0.0,0.0,0.0,0.0,0,0,0.0,0.0,0,0,0,0.0,0
2026-08-31,1,99,Milambo,Brentford,MID,5.0,,,,0,0,0,0.0,0.0,0.0,0.0,0.0,0.0,0,0,0.0,0.0,0,0,0,0.0,0
2026-08-31,1,100,Carvalho,Brentford,MID,5.0,,,,0,0,0,0.0,0.0,0.0,0.0,0.0,0.0,0,0,0.0,0.0,0,0,0,0.0,0
2026-08-31,1,103,Dasilva,Brentford,MID,5.0,,,,0,0,0,0.0,0.0,0.0,0.0,0.0,0.0,0,0,0.0,0.0,0,0,0,0.0,0
2026-08-31,1,107,Furo,Brentford,FWD,4.5,,,,0,0,0,0.0,1.0,0.0,0.0,0.0,0.0,0,0,0.0,0.0,0,0,0,0.0,0
2026-08-31,1,620,Diouf,Brentford,DEF,4.5,,,,0,0,0,0.0,0.1,0.0,0.0,0.0,0.0,0,0,0.0,0.0,0,0,0,0.0,0
2026-08-31,1,111,Steele,Brighton,GK,4.0,,,,0,0,0,0.0,4.1,0.0,0.0,0.0,0.0,0,0,0.0,0.0,0,0,0,0.0,0
2026-08-31,1,113,F.Kadıoğlu,Brighton,DEF,4.4,,,,90,1,0,0.0,2.1,0.02,0.01,0.03,2.93,0,0,-0.02,-0.01,0,4,0,0.0,-4
2026-08-31,1,117,Coppola,Brighton,DEF,4.5,,,,0,0,0,0.0,0.0,0.0,0.0,0.0,0.0,0,0,0.0,0.0,0,0,0,0.0,0
2026-08-31,1,118,Igor,Brighton,DEF,4.5,,,,0,0,0,0.0,0.1,0.0,0.0,0.0,0.0,0,0,0.0,0.0,0,0,0,0.0,0
2026-08-31,1,120,Svoboda,Brighton,DEF,5.0,,,,0,0,0,0.0,0.1,0.0,0.0,0.0,0.0,0,0,0.0,0.0,0,0,0,0.0,0
2026-08-31,1,121,Mitoma,Brighton,MID,6.0,,,,0,0,0,0.0,0.0,0.0,0.0,0.0,0.0,0,0,0.0,0.0,0,0,0,0.0,0
2026-08-31,1,122,Minteh,Brighton,MID,5.9,,,,0,0,0,0.0,0.1,0.0,0.0,0.0,0.0,0,0,0.0,0.0,0,0,0,0.0,0
2026-08-31,1,126,O'Riley,Brighton,MID,5.5,,,,0,0,0,0.0,0.1,0.0,0.0,0.0,0.0,0,0,0.0,0.0,0,0,0,0.0,0
2026-08-31,1,128,Buonanotte,Brighton,MID,5.0,,,,0,0,0,0.0,0.0,0.0,0.0,0.0,0.0,0,0,0.0,0.0,0,0,0,0.0,0
2026-08-31,1,132,Howell,Brighton,MID,4.5,,,,0,0,0,0.0,0.0,0.0,0.0,0.0,0.0,0,0,0.0,0.0,0,0,0,0.0,0
2026-08-31,1,133,Watson,Brighton,MID,5.0,,,,0,0,0,0.0,0.0,0.0,0.0,0.0,0.0,0,0,0.0,0.0,0,0,0,0.0,0
2026-08-31,1,134,Oriola,Brighton,MID,4.5,,,,0,0,0,0.0,0.3,0.0,0.0,0.0,0.0,0,0,0.0,0.0,0,0,0,0.0,0
2026-08-31,1,137,Tzimas,Brighton,FWD,5.5,,,,0,0,0,0.0,0.0,0.0,0.0,0.0,0.0,0,0,0.0,0.0,0,0,0,0.0,0
2026-08-31,1,139,Ferguson,Brighton,FWD,5.0,,,,0,0,0,0.0,0.0,0.0,0.0,0.0,0.0,0,0,0.0,0.0,0,0,0,0.0,0
2026-08-31,1,328,Struijk,Brighton,DEF,5.0,,,,0,0,0,0.0,0.2,0.0,0.0,0.0,0.0,0,0,0.0,0.0,0,0,0,0.0,0
2026-08-31,1,614,Hadjam,Brighton,DEF,4.5,,,,0,0,0,0.0,0.0,0.0,0.0,0.0,0.0,0,0,0.0,0.0,0,0,0,0.0,0
2026-08-31,1,624,Cozier-Duberry,Brighton,MID,5.0,,,,0,0,0,0.0,0.0,0.0,0.0,0.0,0.0,0,0,0.0,0.0,0,0,0,0.0,0
2026-08-31,1,101,Henderson,Chelsea,MID,5.0,,,,0,0,0,0.0,0.0,0.0,0.0,0.0,0.0,0,0,0.0,0.0,0,0,0,0.0,0
2026-08-31,1,136,Welbeck,Chelsea,FWD,5.9,,,,0,0,0,0.0,0.9,0.0,0.0,0.0,0.0,0,0,0.0,0.0,0,0,0,0.0,0
2026-08-31,1,141,Jörgensen,Chelsea,GK,5.0,,,,0,0,0,0.0,0.0,0.0,0.0,0.0,0.0,0,0,0.0,0.0,0,0,0,0.0,0
2026-08-31,1,143,Chalobah,Chelsea,DEF,5.5,,,,0,0,0,0.0,0.1,0.0,0.0,0.0,0.0,0,0,0.0,0.0,0,0,0,0.0,0
2026-08-31,1,145,Fofana,Chelsea,DEF,5.0,,,,67,1,0,0.0,0.1,0.0,0.01,0.01,1.26,0,0,0.0,-0.01,0,2,9,0.0,-2
2026-08-31,1,146,B.Badiashile,Chelsea,DEF,4.5,,,,0,0,0,0.0,0.0,0.0,0.0,0.0,0.0,0,0,0.0,0.0,0,0,0,0.0,0
2026-08-31,1,147,Tosin,Chelsea,DEF,4.5,,,,0,0,0,0.0,0.2,0.0,0.0,0.0,0.0,0,0,0.0,0.0,0,0,0,0.0,0
2026-08-31,1,150,M.Sarr,Chelsea,DEF,4.5,,,,0,0,0,0.0,0.1,0.0,0.0,0.0,0.0,0,0,0.0,0.0,0,0,0,0.0,0
2026-08-31,1,152,Palestra,Chelsea,DEF,5.4,,,,0,0,0,0.0,1.8,0.0,0.0,0.0,0.0,0,0,0.0,0.0,0,0,0,0.0,0
2026-08-31,1,158,Gittens,Chelsea,MID,5.9,,,,0,0,0,0.0,0.0,0.0,0.0,0.0,0.0,0,0,0.0,0.0,0,0,0,0.0,0
2026-08-31,1,163,D.Essugo,Chelsea,MID,4.5,,,,0,0,0,0.0,0.2,0.0,0.0,0.0,0.0,0,0,0.0,0.0,0,0,0,0.0,0
2026-08-31,1,168,Marc Guiu,Chelsea,FWD,5.0,,,,0,0,0,0.0,0.4,0.0,0.0,0.0,0.0,0,0,0.0,0.0,0,0,0,0.0,0
2026-08-31,1,169,Mheuka,Chelsea,FWD,4.5,,,,0,0,0,0.0,0.4,0.0,0.0,0.0,0.0,0,0,0.0,0.0,0,0,0,0.0,0
2026-08-31,1,170,Emegha,Chelsea,FWD,5.0,,,,0,0,0,0.0,0.1,0.0,0.0,0.0,0.0,0,0,0.0,0.0,0,0,0,0.0,0
2026-08-31,1,560,Penders,Chelsea,GK,4.5,,,,0,0,0,0.0,0.1,0.0,0.0,0.0,0.0,0,0,0.0,0.0,0,0,0,0.0,0
2026-08-31,1,561,Anselmino,Chelsea,DEF,4.5,,,,0,0,0,0.0,0.0,0.0,0.0,0.0,0.0,0,0,0.0,0.0,0,0,0,0.0,0
2026-08-31,1,578,Mudryk,Chelsea,MID,5.5,,,,0,0,0,0.0,0.0,0.0,0.0,0.0,0.0,0,0,0.0,0.0,0,0,0,0.0,0
2026-08-31,1,171,Dovin,Coventry City,GK,4.0,,,,0,0,0,0.0,1.5,0.0,0.0,0.0,0.0,0,0,0.0,0.0,0,0,0,0.0,0
2026-08-31,1,172,Wilson,Coventry City,GK,4.5,,,,0,0,0,0.0,0.4,0.0,0.0,0.0,0.0,0,0,0.0,0.0,0,0,0,0.0,0
2026-08-31,1,174,Kitching,Coventry City,DEF,4.0,,,,0,0,0,0.0,0.6,0.0,0.0,0.0,0.0,0,0,0.0,0.0,0,0,0,0.0,0
2026-08-31,1,177,Kesler-Hayden,Coventry City,DEF,4.0,,,,0,0,0,0.0,0.1,0.0,0.0,0.0,0.0,0,0,0.0,0.0,0,0,0,0.0,0
2026-08-31,1,178,Bidwell,Coventry City,DEF,4.0,,,,0,0,0,0.0,0.1,0.0,0.0,0.0,0.0,0,0,0.0,0.0,0,0,0,0.0,0
2026-08-31,1,179,Latibeaudiere,Coventry City,DEF,4.0,,,,0,0,0,0.0,0.0,0.0,0.0,0.0,0.0,0,0,0.0,0.0,0,0,0,0.0,0
2026-08-31,1,180,Woolfenden,Coventry City,DEF,4.0,,,,0,0,0,0.0,0.2,0.0,0.0,0.0,0.0,0,0,0.0,0.0,0,0,0,0.0,0
2026-08-31,1,181,Brau,Coventry City,DEF,4.0,,,,0,0,0,0.0,0.0,0.0,0.0,0.0,0.0,0,0,0.0,0.0,0,0,0,0.0,0
2026-08-31,1,187,Eccles,Coventry City,MID,4.9,,,,0,0,0,0.0,0.0,0.0,0.0,0.0,0.0,0,0,0.0,0.0,0,0,0,0.0,0
2026-08-31,1,189,Shepherd,Coventry City,MID,4.5,,,,0,0,0,0.0,0.3,0.0,0.0,0.0,0.0,0,0,0.0,0.0,0,0,0,0.0,0
2026-08-31,1,191,Borges Rodrigues,Coventry City,MID,4.5,,,,0,0,0,0.0,0.2,0.0,0.0,0.0,0.0,0,0,0.0,0.0,0,0,0,0.0,0
2026-08-31,1,192,Andrews,Coventry City,MID,4.5,,,,0,0,0,0.0,0.5,0.0,0.0,0.0,0.0,0,0,0.0,0.0,0,0,0,0.0,0
2026-08-31,1,193,Wright,Coventry City,FWD,5.4,,,,0,0,0,0.0,0.1,0.0,0.0,0.0,0.0,0,0,0.0,0.0,0,0,0,0.0,0
2026-08-31,1,196,Markelo,Coventry City,FWD,5.0,,,,0,0,0,0.0,0.0,0.0,0.0,0.0,0.0,0,0,0.0,0.0,0,0,0,0.0,0
2026-08-31,1,197,Bassette,Coventry City,FWD,4.5,,,,0,0,0,0.0,0.0,0.0,0.0,0.0,0.0,0,0,0.0,0.0,0,0,0,0.0,0
2026-08-31,1,599,Cherif,Coventry City,FWD,5.0,,,,0,0,0,0.0,0.1,0.0,0.0,0.0,0.0,0,0,0.0,0.0,0,0,0,0.0,0
2026-08-31,1,623,Bentley,Coventry City,GK,4.0,,,,0,0,0,0.0,0.1,0.0,0.0,0.0,0.0,0,0,0.0,0.0,0,0,0,0.0,0
2026-08-31,1,199,Benitez,Crystal Palace,GK,4.5,,,,0,0,0,0.0,0.1,0.0,0.0,0.0,0.0,0,0,0.0,0.0,0,0,0,0.0,0
2026-08-31,1,201,Muñoz,Crystal Palace,DEF,5.4,,,,54,1,0,0.0,7.4,0.23,0.01,0.24,0.84,0,0,-0.23,-0.01,0,2,4,2.4,-4
2026-08-31,1,205,Sosa,Crystal Palace,DEF,4.5,,,,0,0,0,0.0,0.0,0.0,0.0,0.0,0.0,0,0,0.0,0.0,0,0,0,0.0,0
2026-08-31,1,208,Sarr,Crystal Palace,MID,6.4,,,,0,0,0,0.0,1.8,0.0,0.0,0.0,0.0,0,0,0.0,0.0,0,0,0,0.0,0
2026-08-31,1,212,Hughes,Crystal Palace,MID,4.5,,,,0,0,0,0.0,10.2,0.0,0.0,0.0,0.0,0,0,0.0,0.0,0,0,0,0.0,0
2026-08-31,1,213,Lerma,Crystal Palace,MID,5.0,,,,0,0,0,0.0,0.1,0.0,0.0,0.0,0.0,0,0,0.0,0.0,0,0,0,0.0,0
2026-08-31,1,215,Devenny,Crystal Palace,MID,5.0,,,,0,0,0,0.0,0.0,0.0,0.0,0.0,0.0,0,0,0.0,0.0,0,0,0,0.0,0
2026-08-31,1,216,Esse,Crystal Palace,MID,5.0,,,,0,0,0,0.0,0.0,0.0,0.0,0.0,0.0,0,0,0.0,0.0,0,0,0,0.0,0
2026-08-31,1,217,M.França,Crystal Palace,MID,4.9,,,,0,0,0,0.0,0.0,0.0,0.0,0.0,0.0,0,0,0.0,0.0,0,0,0,0.0,0
2026-08-31,1,218,Doucouré,Crystal Palace,MID,5.0,,,,0,0,0,0.0,0.1,0.0,0.0,0.0,0.0,0,0,0.0,0.0,0,0,0,0.0,0
2026-08-31,1,219,J.Rak-Sakyi,Crystal Palace,MID,5.0,,,,0,0,0,0.0,0.0,0.0,0.0,0.0,0.0,0,0,0.0,0.0,0,0,0,0.0,0
2026-08-31,1,220,Cardines,Crystal Palace,DEF,4.5,,,,0,0,0,0.0,0.0,0.0,0.0,0.0,0.0,0,0,0.0,0.0,0,0,0,0.0,0
2026-08-31,1,221,Drakes-Thomas,Crystal Palace,MID,4.5,,,,0,0,0,0.0,0.1,0.0,0.0,0.0,0.0,0,0,0.0,0.0,0,0,0,0.0,0
2026-08-31,1,225,Uche,Crystal Palace,FWD,5.0,,,,0,0,0,0.0,0.0,0.0,0.0,0.0,0.0,0,0,0.0,0.0,0,0,0,0.0,0
2026-08-31,1,555,Matthews,Crystal Palace,GK,4.0,,,,0,0,0,0.0,1.9,0.0,0.0,0.0,0.0,0,0,0.0,0.0,0,0,0,0.0,0
2026-08-31,1,21,Nørgaard,Everton,MID,5.0,,,,0,0,0,0.0,0.1,0.0,0.0,0.0,0.0,0,0,0.0,0.0,0,0,0,0.0,0
2026-08-31,1,227,Travers,Everton,GK,5.0,,,,0,0,0,0.0,0.0,0.0,0.0,0.0,0.0,0,0,0.0,0.0,0,0,0,0.0,0
2026-08-31,1,228,King,Everton,GK,4.5,,,,0,0,0,0.0,0.0,0.0,0.0,0.0,0.0,0,0,0.0,0.0,0,0,0,0.0,0
2026-08-31,1,231,Keane,Everton,DEF,4.9,,,,0,0,0,0.0,1.2,0.0,0.0,0.0,0.0,0,0,0.0,0.0,0,0,0,0.0,0
2026-08-31,1,232,O'Brien,Everton,DEF,4.9,,,,0,0,0,0.0,0.4,0.0,0.0,0.0,0.0,0,0,0.0,0.0,0,0,0,0.0,0
2026-08-31,1,234,Patterson,Everton,DEF,4.5,,,,0,0,0,0.0,0.0,0.0,0.0,0.0,0.0,0,0,0.0,0.0,0,0,0,0.0,0
2026-08-31,1,235,Aznou,Everton,DEF,4.0,,,,0,0,0,0.0,0.2,0.0,0.0,0.0,0.0,0,0,0.0,0.0,0,0,0,0.0,0
2026-08-31,1,245,Dibling,Everton,MID,5.4,,,,0,0,0,0.0,0.0,0.0,0.0,0.0,0.0,0,0,0.0,0.0,0,0,0,0.0,0
2026-08-31,1,251,Lecomte,Fulham,GK,4.0,,,,0,0,0,0.0,1.2,0.0,0.0,0.0,0.0,0,0,0.0,0.0,0,0,0,0.0,0
2026-08-31,1,252,McNally,Fulham,GK,4.0,,,,0,0,0,0.0,0.2,0.0,0.0,0.0,0.0,0,0,0.0,0.0,0,0,0,0.0,0
2026-08-31,1,256,Tete,Fulham,DEF,4.5,,,,0,0,0,0.0,0.3,0.0,0.0,0.0,0.0,0,0,0.0,0.0,0,0,0,0.0,0
2026-08-31,1,266,Cairney,Fulham,MID,5.0,,,,0,0,0,0.0,0.0,0.0,0.0,0.0,0.0,0,0,0.0,0.0,0,0,0,0.0,0
2026-08-31,1,270,Reed,Fulham,MID,4.5,,,,0,0,0,0.0,1.4,0.0,0.0,0.0,0.0,0,0,0.0,0.0,0,0,0,0.0,0
2026-08-31,1,272,Kusi-Asare,Fulham,FWD,4.5,,,,0,0,0,0.0,6.8,0.0,0.0,0.0,0.0,0,0,0.0,0.0,0,0,0,0.0,0
2026-08-31,1,610,De Fougerolles,Fulham,DEF,4.0,,,,0,0,0,0.0,0.1,0.0,0.0,0.0,0.0,0,0,0.0,0.0,0,0,0,0.0,0
2026-08-31,1,626,Zepa,Fulham,MID,4.5,,,,0,0,0,0.0,0.0,0.0,0.0,0.0,0.0,0,0,0.0,0.0,0,0,0,0.0,0
2026-08-31,1,273,Phillips,Hull City,GK,4.0,,,,0,0,0,0.0,1.5,0.0,0.0,0.0,0.0,0,0,0.0,0.0,0,0,0,0.0,0
2026-08-31,1,274,Butland,Hull City,GK,4.5,,,,0,0,0,0.0,0.1,0.0,0.0,0.0,0.0,0,0,0.0,0.0,0,0,0,0.0,0
2026-08-31,1,275,Cartwright,Hull City,GK,4.0,,,,0,0,0,0.0,0.0,0.0,0.0,0.0,0.0,0,0,0.0,0.0,0,0,0,0.0,0
2026-08-31,1,276,Lo-Tutala,Hull City,GK,4.0,,,,0,0,0,0.0,0.0,0.0,0.0,0.0,0.0,0,0,0.0,0.0,0,0,0,0.0,0
2026-08-31,1,278,Hughes,Hull City,DEF,4.0,,,,0,0,0,0.0,0.1,0.0,0.0,0.0,0.0,0,0,0.0,0.0,0,0,0,0.0,0
2026-08-31,1,283,Jacob,Hull City,DEF,4.0,,,,0,0,0,0.0,0.0,0.0,0.0,0.0,0.0,0,0,0.0,0.0,0,0,0,0.0,0
2026-08-31,1,284,McCarthy,Hull City,DEF,4.0,,,,0,0,0,0.0,0.1,0.0,0.0,0.0,0.0,0,0,0.0,0.0,0,0,0,0.0,0
2026-08-31,1,288,Dowell,Hull City,MID,4.5,,,,0,0,0,0.0,0.4,0.0,0.0,0.0,0.0,0,0,0.0,0.0,0,0,0,0.0,0
2026-08-31,1,291,Matazo,Hull City,MID,4.5,,,,0,0,0,0.0,0.0,0.0,0.0,0.0,0.0,0,0,0.0,0.0,0,0,0,0.0,0
2026-08-31,1,292,Ömür,Hull City,MID,5.0,,,,0,0,0,0.0,0.0,0.0,0.0,0.0,0.0,0,0,0.0,0.0,0,0,0,0.0,0
2026-08-31,1,293,Kamara,Hull City,MID,5.0,,,,0,0,0,0.0,0.0,0.0,0.0,0.0,0.0,0,0,0.0,0.0,0,0,0,0.0,0
2026-08-31,1,294,Zambrano,Hull City,MID,4.5,,,,0,0,0,0.0,0.1,0.0,0.0,0.0,0.0,0,0,0.0,0.0,0,0,0,0.0,0
2026-08-31,1,296,Akintola,Hull City,MID,5.0,,,,0,0,0,0.0,0.0,0.0,0.0,0.0,0.0,0,0,0.0,0.0,0,0,0,0.0,0
2026-08-31,1,297,Gyabi,Hull City,MID,4.5,,,,0,0,0,0.0,0.0,0.0,0.0,0.0,0.0,0,0,0.0,0.0,0,0,0,0.0,0
2026-08-31,1,298,Destan,Hull City,FWD,4.5,,,,0,0,0,0.0,0.3,0.0,0.0,0.0,0.0,0,0,0.0,0.0,0,0,0,0.0,0
2026-08-31,1,299,Burstow,Hull City,FWD,4.5,,,,0,0,0,0.0,0.0,0.0,0.0,0.0,0.0,0,0,0.0,0.0,0,0,0,0.0,0
2026-08-31,1,340,Gelhardt,Hull City,MID,5.0,,,,0,0,0,0.0,0.0,0.0,0.0,0.0,0.0,0,0,0.0,0.0,0,0,0,0.0,0
2026-08-31,1,574,Hjertø-Dahl,Hull City,MID,5.0,,,,0,0,0,0.0,0.1,0.0,0.0,0.0,0.0,0,0,0.0,0.0,0,0,0,0.0,0
2026-08-31,1,300,Walton,Ipswich Town,GK,4.5,,,,0,0,0,0.0,0.5,0.0,0.0,0.0,0.0,0,0,0.0,0.0,0,0,0,0.0,0
2026-08-31,1,301,Palmer,Ipswich Town,GK,4.0,,,,0,0,0,0.0,4.4,0.0,0.0,0.0,0.0,0,0,0.0,0.0,0,0,0,0.0,0
2026-08-31,1,302,Button,Ipswich Town,GK,4.0,,,,0,0,0,0.0,0.5,0.0,0.0,0.0,0.0,0,0,0.0,0.0,0,0,0,0.0,0
2026-08-31,1,303,Kipré,Ipswich Town,DEF,4.0,,,,0,0,0,0.0,0.6,0.0,0.0,0.0,0.0,0,0,0.0,0.0,0,0,0,0.0,0
2026-08-31,1,307,Johnson,Ipswich Town,DEF,4.0,,,,0,0,0,0.0,0.1,0.0,0.0,0.0,0.0,0,0,0.0,0.0,0,0,0,0.0,0
2026-08-31,1,310,Matusiwa,Ipswich Town,MID,5.0,,,,0,0,0,0.0,0.0,0.0,0.0,0.0,0.0,0,0,0.0,0.0,0,0,0,0.0,0
2026-08-31,1,311,Burns,Ipswich Town,MID,5.0,,,,0,0,0,0.0,0.0,0.0,0.0,0.0,0.0,0,0,0.0,0.0,0,0,0,0.0,0
2026-08-31,1,312,Taylor,Ipswich Town,MID,4.5,,,,0,0,0,0.0,0.0,0.0,0.0,0.0,0.0,0,0,0.0,0.0,0,0,0,0.0,0
2026-08-31,1,314,Ogbene,Ipswich Town,MID,5.0,,,,0,0,0,0.0,0.0,0.0,0.0,0.0,0.0,0,0,0.0,0.0,0,0,0,0.0,0
2026-08-31,1,317,Hirst,Ipswich Town,FWD,5.0,,,,0,0,0,0.0,0.1,0.0,0.0,0.0,0.0,0,0,0.0,0.0,0,0,0,0.0,0
2026-08-31,1,318,Philogene,Ipswich Town,MID,5.5,,,,0,0,0,0.0,0.1,0.0,0.0,0.0,0.0,0,0,0.0,0.0,0,0,0,0.0,0
2026-08-31,1,319,Szmodics,Ipswich Town,MID,5.0,,,,0,0,0,0.0,0.0,0.0,0.0,0.0,0.0,0,0,0.0,0.0,0,0,0,0.0,0
2026-08-31,1,322,Al-Hamadi,Ipswich Town,FWD,5.0,,,,0,0,0,0.0,0.1,0.0,0.0,0.0,0.0,0,0,0.0,0.0,0,0,0,0.0,0
2026-08-31,1,324,Mehmeti,Ipswich Town,MID,5.0,,,,0,0,0,0.0,0.0,0.0,0.0,0.0,0.0,0,0,0.0,0.0,0,0,0,0.0,0
2026-08-31,1,554,Van Oevelen,Ipswich Town,GK,4.5,,,,0,0,0,0.0,0.0,0.0,0.0,0.0,0.0,0,0,0.0,0.0,0,0,0,0.0,0
2026-08-31,1,571,Florentino,Ipswich Town,MID,5.0,,,,0,0,0,0.0,0.1,0.0,0.0,0.0,0.0,0,0,0.0,0.0,0,0,0,0.0,0
2026-08-31,1,602,Humphreys,Ipswich Town,MID,4.5,,,,0,0,0,0.0,0.0,0.0,0.0,0.0,0.0,0,0,0.0,0.0,0,0,0,0.0,0
2026-08-31,1,326,Perri,Leeds,GK,4.5,,,,0,0,0,0.0,0.5,0.0,0.0,0.0,0.0,0,0,0.0,0.0,0,0,0,0.0,0
2026-08-31,1,331,Gudmundsson,Leeds,DEF,4.5,,,,0,0,0,0.0,0.0,0.0,0.0,0.0,0.0,0,0,0.0,0.0,0,0,0,0.0,0
2026-08-31,1,333,Bornauw,Leeds,DEF,4.5,,,,0,0,0,0.0,0.0,0.0,0.0,0.0,0.0,0,0,0.0,0.0,0,0,0,0.0,0
2026-08-31,1,341,Gnonto,Leeds,MID,5.0,,,,0,0,0,0.0,0.0,0.0,0.0,0.0,0.0,0,0,0.0,0.0,0,0,0,0.0,0
2026-08-31,1,342,Harrison,Leeds,MID,5.0,,,,0,0,0,0.0,0.0,0.0,0.0,0.0,0.0,0,0,0.0,0.0,0,0,0,0.0,0
2026-08-31,1,344,Gruev,Leeds,MID,5.0,,,,0,0,0,0.0,0.0,0.0,0.0,0.0,0.0,0,0,0.0,0.0,0,0,0,0.0,0
2026-08-31,1,348,Piroe,Leeds,FWD,5.0,,,,0,0,0,0.0,0.1,0.0,0.0,0.0,0.0,0,0,0.0,0.0,0,0,0,0.0,0
2026-08-31,1,349,Mateo Joseph,Leeds,FWD,4.5,,,,0,0,0,0.0,0.1,0.0,0.0,0.0,0.0,0,0,0.0,0.0,0,0,0,0.0,0
2026-08-31,1,603,Lienou,Leeds,DEF,4.0,,,,0,0,0,0.0,0.1,0.0,0.0,0.0,0.0,0,0,0.0,0.0,0,0,0,0.0,0
2026-08-31,1,604,Cresswell,Leeds,MID,4.5,,,,0,0,0,0.0,0.1,0.0,0.0,0.0,0.0,0,0,0.0,0.0,0,0,0,0.0,0
2026-08-31,1,625,Cairns,Leeds,GK,4.0,,,,0,0,0,0.0,0.0,0.0,0.0,0.0,0.0,0,0,0.0,0.0,0,0,0,0.0,0
2026-08-31,1,351,Mamardashvili,Liverpool,GK,5.0,,,,0,0,0,0.0,0.1,0.0,0.0,0.0,0.0,0,0,0.0,0.0,0,0,0,0.0,0
2026-08-31,1,352,Woodman,Liverpool,GK,4.0,,,,0,0,0,0.0,1.1,0.0,0.0,0.0,0.0,0,0,0.0,0.0,0,0,0,0.0,0
2026-08-31,1,353,Pecsi,Liverpool,GK,4.0,,,,0,0,0,0.0,0.0,0.0,0.0,0.0,0.0,0,0,0.0,0.0,0,0,0,0.0,0
2026-08-31,1,354,Jaros,Liverpool,GK,4.0,,,,0,0,0,0.0,0.0,0.0,0.0,0.0,0.0,0,0,0.0,0.0,0,0,0,0.0,0
2026-08-31,1,355,Davies,Liverpool,GK,4.0,,,,0,0,0,0.0,0.1,0.0,0.0,0.0,0.0,0,0,0.0,0.0,0,0,0,0.0,0
2026-08-31,1,359,Gomez,Liverpool,DEF,5.0,,,,0,0,0,0.0,0.0,0.0,0.0,0.0,0.0,0,0,0.0,0.0,0,0,0,0.0,0
2026-08-31,1,360,Bradley,Liverpool,DEF,5.0,,,,0,0,0,0.0,0.0,0.0,0.0,0.0,0.0,0,0,0.0,0.0,0,0,0,0.0,0
2026-08-31,1,361,Lucky,Liverpool,DEF,4.0,,,,0,0,0,0.0,0.1,0.0,0.0,0.0,0.0,0,0,0.0,0.0,0,0,0,0.0,0
2026-08-31,1,363,Leoni,Liverpool,DEF,4.0,,,,0,0,0,0.0,0.0,0.0,0.0,0.0,0.0,0,0,0.0,0.0,0,0,0,0.0,0
2026-08-31,1,365,Ramsay,Liverpool,DEF,4.0,,,,0,0,0,0.0,0.2,0.0,0.0,0.0,0.0,0,0,0.0,0.0,0,0,0,0.0,0
2026-08-31,1,370,Chiesa,Liverpool,MID,5.4,,,,0,0,0,0.0,0.1,0.0,0.0,0.0,0.0,0,0,0.0,0.0,0,0,0,0.0,0
2026-08-31,1,373,C.Jones,Liverpool,MID,5.5,,,,0,0,0,0.0,0.0,0.0,0.0,0.0,0.0,0,0,0.0,0.0,0,0,0,0.0,0
2026-08-31,1,374,Endo,Liverpool,MID,5.0,,,,0,0,0,0.0,0.1,0.0,0.0,0.0,0.0,0,0,0.0,0.0,0,0,0,0.0,0
2026-08-31,1,376,Bajcetic,Liverpool,MID,5.0,,,,0,0,0,0.0,0.0,0.0,0.0,0.0,0.0,0,0,0.0,0.0,0,0,0,0.0,0
2026-08-31,1,378,McConnell,Liverpool,MID,4.5,,,,0,0,0,0.0,0.2,0.0,0.0,0.0,0.0,0,0,0.0,0.0,0,0,0,0.0,0
2026-08-31,1,380,Ekitiké,Liverpool,FWD,7.5,,,,0,0,0,0.0,0.1,0.0,0.0,0.0,0.0,0,0,0.0,0.0,0,0,0,0.0,0
2026-08-31,1,382,Danns,Liverpool,FWD,4.5,,,,0,0,0,0.0,0.0,0.0,0.0,0.0,0.0,0,0,0.0,0.0,0,0,0,0.0,0
2026-08-31,1,383,Elliott,Liverpool,MID,5.5,,,,0,0,0,0.0,0.1,0.0,0.0,0.0,0.0,0,0,0.0,0.0,0,0,0,0.0,0
2026-08-31,1,386,Bettinelli,Man City,GK,4.5,,,,0,0,0,0.0,0.0,0.0,0.0,0.0,0.0,0,0,0.0,0.0,0,0,0,0.0,0
2026-08-31,1,392,Aït-Nouri,Man City,DEF,5.4,,,,0,0,0,0.0,0.7,0.0,0.0,0.0,0.0,0,0,0.0,0.0,0,0,0,0.0,0
2026-08-31,1,394,Alleyne,Man City,DEF,5.0,,,,0,0,0,0.0,0.0,0.0,0.0,0.0,0.0,0,0,0.0,0.0,0,0,0,0.0,0
2026-08-31,1,400,Doku,Man City,MID,7.4,,,,0,0,0,0.0,1.1,0.0,0.0,0.0,0.0,0,0,0.0,0.0,0,0,0,0.0,0
2026-08-31,1,402,Rodrigo,Man City,MID,6.5,,,,0,0,0,0.0,0.0,0.0,0.0,0.0,0.0,0,0,0.0,0.0,0,0,0,0.0,0
2026-08-31,1,404,Reijnders,Man City,MID,6.0,,,,0,0,0,0.0,0.1,0.0,0.0,0.0,0.0,0,0,0.0,0.0,0,0,0,0.0,0
2026-08-31,1,407,Echeverri,Man City,MID,5.0,,,,0,0,0,0.0,0.0,0.0,0.0,0.0,0.0,0,0,0.0,0.0,0,0,0,0.0,0
2026-08-31,1,408,Phillips,Man City,MID,5.0,,,,0,0,0,0.0,0.0,0.0,0.0,0.0,0.0,0,0,0.0,0.0,0,0,0,0.0,0
2026-08-31,1,409,Mukasa,Man City,MID,4.5,,,,0,0,0,0.0,0.2,0.0,0.0,0.0,0.0,0,0,0.0,0.0,0,0,0,0.0,0
2026-08-31,1,410,Monga,Man City,MID,5.0,,,,0,0,0,0.0,0.0,0.0,0.0,0.0,0.0,0,0,0.0,0.0,0,0,0,0.0,0
2026-08-31,1,587,Rulli,Man City,GK,5.0,,,,0,0,0,0.0,0.0,0.0,0.0,0.0,0.0,0,0,0.0,0.0,0,0,0,0.0,0
2026-08-31,1,131,Baleba,Man Utd,MID,5.0,,,,0,0,0,0.0,0.2,0.0,0.0,0.0,0.0,0,0,0.0,0.0,0,0,0,0.0,0
2026-08-31,1,325,Darlow,Man Utd,GK,4.5,,,,0,0,0,0.0,0.0,0.0,0.0,0.0,0.0,0,0,0.0,0.0,0,0,0,0.0,0
2026-08-31,1,413,Bayindir,Man Utd,GK,4.5,,,,0,0,0,0.0,0.0,0.0,0.0,0.0,0.0,0,0,0.0,0.0,0,0,0,0.0,0
2026-08-31,1,414,Heaton,Man Utd,GK,4.0,,,,0,0,0,0.0,0.1,0.0,0.0,0.0,0.0,0,0,0.0,0.0,0,0,0,0.0,0
2026-08-31,1,416,De Ligt,Man Utd,DEF,5.0,,,,0,0,0,0.0,0.0,0.0,0.0,0.0,0.0,0,0,0.0,0.0,0,0,0,0.0,0
2026-08-31,1,424,Amass,Man Utd,DEF,4.0,,,,0,0,0,0.0,0.2,0.0,0.0,0.0,0.0,0,0,0.0,0.0,0,0,0,0.0,0
2026-08-31,1,425,Fredricson,Man Utd,DEF,4.0,,,,0,0,0,0.0,0.0,0.0,0.0,0.0,0.0,0,0,0.0,0.0,0,0,0,0.0,0
2026-08-31,1,430,Mount,Man Utd,MID,5.5,,,,0,0,0,0.0,0.0,0.0,0.0,0.0,0.0,0,0,0.0,0.0,0,0,0,0.0,0
2026-08-31,1,431,Amad,Man Utd,MID,5.9,,,,0,0,0,0.0,0.7,0.0,0.0,0.0,0.0,0,0,0.0,0.0,0,0,0,0.0,0
2026-08-31,1,433,Ugarte,Man Utd,MID,5.0,,,,0,0,0,0.0,0.0,0.0,0.0,0.0,0.0,0,0,0.0,0.0,0,0,0,0.0,0
2026-08-31,1,434,J.Fletcher,Man Utd,MID,5.0,,,,0,0,0,0.0,0.0,0.0,0.0,0.0,0.0,0,0,0.0,0.0,0,0,0,0.0,0
2026-08-31,1,436,Collyer,Man Utd,MID,5.0,,,,0,0,0,0.0,0.0,0.0,0.0,0.0,0.0,0,0,0.0,0.0,0,0,0,0.0,0
2026-08-31,1,437,Bendito Mantato,Man Utd,MID,4.5,,,,0,0,0,0.0,0.2,0.0,0.0,0.0,0.0,0,0,0.0,0.0,0,0,0,0.0,0
2026-08-31,1,438,Fletcher,Man Utd,MID,4.5,,,,0,0,0,0.0,0.3,0.0,0.0,0.0,0.0,0,0,0.0,0.0,0,0,0,0.0,0
2026-08-31,1,440,Zirkzee,Man Utd,FWD,5.4,,,,0,0,0,0.0,0.5,0.0,0.0,0.0,0.0,0,0,0.0,0.0,0,0,0,0.0,0
2026-08-31,1,441,Obi,Man Utd,FWD,4.5,,,,0,0,0,0.0,1.1,0.0,0.0,0.0,0.0,0,0,0.0,0.0,0,0,0,0.0,0
2026-08-31,1,442,Pope,Newcastle,GK,5.0,,,,0,0,0,0.0,1.2,0.0,0.0,0.0,0.0,0,0,0.0,0.0,0,0,0,0.0,0
2026-08-31,1,443,Gillespie,Newcastle,GK,4.5,,,,0,0,0,0.0,0.0,0.0,0.0,0.0,0.0,0,0,0.0,0.0,0,0,0,0.0,0
2026-08-31,1,444,Jaouen,Newcastle,GK,4.5,,,,0,0,0,0.0,0.0,0.0,0.0,0.0,0.0,0,0,0.0,0.0,0,0,0,0.0,0
2026-08-31,1,448,Burn,Newcastle,DEF,4.9,,,,0,0,0,0.0,1.4,0.0,0.0,0.0,0.0,0,0,0.0,0.0,0,0,0,0.0,0
2026-08-31,1,450,Livramento,Newcastle,DEF,5.0,,,,0,0,0,0.0,0.0,0.0,0.0,0.0,0.0,0,0,0.0,0.0,0,0,0,0.0,0
2026-08-31,1,451,A.Murphy,Newcastle,DEF,4.0,,,,0,0,0,0.0,0.1,0.0,0.0,0.0,0.0,0,0,0.0,0.0,0,0,0,0.0,0
2026-08-31,1,458,Joelinton,Newcastle,MID,5.5,,,,0,0,0,0.0,0.0,0.0,0.0,0.0,0.0,0,0,0.0,0.0,0,0,0,0.0,0
2026-08-31,1,466,Neave,Newcastle,FWD,4.5,,,,0,0,0,0.0,0.8,0.0,0.0,0.0,0.0,0,0,0.0,0.0,0,0,0,0.0,0
2026-08-31,1,609,Shahar,Newcastle,DEF,4.0,,,,0,0,0,0.0,0.2,0.0,0.0,0.0,0.0,0,0,0.0,0.0,0,0,0,0.0,0
2026-08-31,1,468,John,Nott'm Forest,GK,4.5,,,,0,0,0,0.0,0.1,0.0,0.0,0.0,0.0,0,0,0.0,0.0,0,0,0,0.0,0
2026-08-31,1,470,Morato,Nott'm Forest,DEF,5.0,,,,0,0,0,0.0,0.0,0.0,0.0,0.0,0.0,0,0,0.0,0.0,0,0,0,0.0,0
2026-08-31,1,475,Savona,Nott'm Forest,DEF,4.5,,,,0,0,0,0.0,0.0,0.0,0.0,0.0,0.0,0,0,0.0,0.0,0,0,0,0.0,0
2026-08-31,1,476,O.Richards,Nott'm Forest,DEF,4.0,,,,0,0,0,0.0,0.2,0.0,0.0,0.0,0.0,0,0,0.0,0.0,0,0,0,0.0,0
2026-08-31,1,477,Abbott,Nott'm Forest,DEF,4.0,,,,0,0,0,0.0,0.2,0.0,0.0,0.0,0.0,0,0,0.0,0.0,0,0,0,0.0,0
2026-08-31,1,479,Bindon,Nott'm Forest,DEF,4.0,,,,0,0,0,0.0,0.2,0.0,0.0,0.0,0.0,0,0,0.0,0.0,0,0,0,0.0,0
2026-08-31,1,484,Hutchinson,Nott'm Forest,MID,5.5,,,,0,0,0,0.0,0.1,0.0,0.0,0.0,0.0,0,0,0.0,0.0,0,0,0,0.0,0
2026-08-31,1,485,Bakwa,Nott'm Forest,MID,5.5,,,,0,0,0,0.0,0.0,0.0,0.0,0.0,0.0,0,0,0.0,0.0,0,0,0,0.0,0
2026-08-31,1,489,Yates,Nott'm Forest,MID,4.5,,,,0,0,0,0.0,1.5,0.0,0.0,0.0,0.0,0,0,0.0,0.0,0,0,0,0.0,0
2026-08-31,1,581,Diomande,Nott'm Forest,DEF,5.5,,,,0,0,0,0.0,0.7,0.0,0.0,0.0,0.0,0,0,0.0,0.0,0,0,0,0.0,0
2026-08-31,1,590,Benda,Nott'm Forest,GK,4.5,,,,0,0,0,0.0,0.1,0.0,0.0,0.0,0.0,0,0,0.0,0.0,0,0,0,0.0,0
2026-08-31,1,403,Sávio,Spurs,MID,6.5,,,,0,0,0,0.0,0.9,0.0,0.0,0.0,0.0,0,0,0.0,0.0,0,0,0,0.0,0
2026-08-31,1,494,Vicario,Spurs,GK,4.5,,,,0,0,0,0.0,0.2,0.0,0.0,0.0,0.0,0,0,0.0,0.0,0,0,0,0.0,0
2026-08-31,1,495,Austin,Spurs,GK,4.0,,,,0,0,0,0.0,0.9,0.0,0.0,0.0,0.0,0,0,0.0,0.0,0,0,0,0.0,0
2026-08-31,1,497,Dubravka,Spurs,GK,4.0,,,,0,0,0,0.0,18.2,0.0,0.0,0.0,0.0,0,0,0.0,0.0,0,0,0,0.0,0
2026-08-31,1,500,Romero,Spurs,DEF,5.0,,,,0,0,0,0.0,0.1,0.0,0.0,0.0,0.0,0,0,0.0,0.0,0,0,0,0.0,0
2026-08-31,1,501,Danso,Spurs,DEF,5.0,,,,0,0,0,0.0,0.2,0.0,0.0,0.0,0.0,0,0,0.0,0.0,0,0,0,0.0,0
2026-08-31,1,503,Van de Ven,Spurs,DEF,5.0,,,,90,1,0,0.0,4.1,0.0,0.02,0.02,0.72,0,0,0.0,-0.02,0,2,8,0.0,5
2026-08-31,1,505,Spence,Spurs,DEF,4.5,,,,0,0,0,0.0,0.4,0.0,0.0,0.0,0.0,0,0,0.0,0.0,0,0,0,0.0,0
2026-08-31,1,507,Phillips,Spurs,DEF,4.5,,,,0,0,0,0.0,0.0,0.0,0.0,0.0,0.0,0,0,0.0,0.0,0,0,0,0.0,0
2026-08-31,1,508,Davies,Spurs,DEF,4.0,,,,0,0,0,0.0,1.0,0.0,0.0,0.0,0.0,0,0,0.0,0.0,0,0,0,0.0,0
2026-08-31,1,509,Byfield,Spurs,DEF,4.0,,,,0,0,0,0.0,0.1,0.0,0.0,0.0,0.0,0,0,0.0,0.0,0,0,0,0.0,0
2026-08-31,1,510,Rowswell,Spurs,DEF,4.0,,,,0,0,0,0.0,0.1,0.0,0.0,0.0,0.0,0,0,0.0,0.0,0,0,0,0.0,0
2026-08-31,1,511,Souza,Spurs,DEF,4.0,,,,0,0,0,0.0,0.3,0.0,0.0,0.0,0.0,0,0,0.0,0.0,0,0,0,0.0,0
2026-08-31,1,513,Xavi,Spurs,MID,6.0,,,,0,0,0,0.0,0.0,0.0,0.0,0.0,0.0,0,0,0.0,0.0,0,0,0,0.0,0
2026-08-31,1,517,Odobert,Spurs,MID,5.5,,,,0,0,0,0.0,0.0,0.0,0.0,0.0,0.0,0,0,0.0,0.0,0,0,0,0.0,0
2026-08-31,1,518,P.M.Sarr,Spurs,MID,4.9,,,,0,0,0,0.0,0.2,0.0,0.0,0.0,0.0,0,0,0.0,0.0,0,0,0,0.0,0
2026-08-31,1,519,Gallagher,Spurs,MID,5.4,,,,45,1,0,0.0,0.3,0.02,0.06,0.08,1.7,0,0,-0.02,-0.06,0,2,3,0.5,1
2026-08-31,1,521,Kulusevski,Spurs,MID,6.5,,,,0,0,0,0.0,0.0,0.0,0.0,0.0,0.0,0,0,0.0,0.0,0,0,0,0.0,0
2026-08-31,1,524,Olusesi,Spurs,MID,4.5,,,,0,0,0,0.0,0.8,0.0,0.0,0.0,0.0,0,0,0.0,0.0,0,0,0,0.0,0
2026-08-31,1,528,Scarlett,Spurs,FWD,4.5,,,,0,0,0,0.0,1.8,0.0,0.0,0.0,0.0,0,0,0.0,0.0,0,0,0,0.0,0
2026-08-31,1,601,Williams-Barnett,Spurs,MID,4.5,,,,0,0,0,0.0,0.1,0.0,0.0,0.0,0.0,0,0,0.0,0.0,0,0,0,0.0,0
2026-08-31,1,530,Patterson,Sunderland,GK,4.0,,,,0,0,0,0.0,0.2,0.0,0.0,0.0,0.0,0,0,0.0,0.0,0,0,0,0.0,0
2026-08-31,1,531,Ellborg,Sunderland,GK,4.5,,,,0,0,0,0.0,0.1,0.0,0.0,0.0,0.0,0,0,0.0,0.0,0,0,0,0.0,0
2026-08-31,1,537,Seelt,Sunderland,DEF,4.5,,,,0,0,0,0.0,0.0,0.0,0.0,0.0,0.0,0,0,0.0,0.0,0,0,0,0.0,0
2026-08-31,1,538,Hjelde,Sunderland,DEF,4.0,,,,0,0,0,0.0,0.0,0.0,0.0,0.0,0.0,0,0,0.0,0.0,0,0,0,0.0,0
2026-08-31,1,540,Masuaku,Sunderland,DEF,4.0,,,,0,0,0,0.0,0.2,0.0,0.0,0.0,0.0,0,0,0.0,0.0,0,0,0,0.0,0
2026-08-31,1,546,Adingra,Sunderland,MID,4.9,,,,0,0,0,0.0,0.1,0.0,0.0,0.0,0.0,0,0,0.0,0.0,0,0,0,0.0,0
2026-08-31,1,550,Jocelin.T,Sunderland,MID,5.0,,,,0,0,0,0.0,0.0,0.0,0.0,0.0,0.0,0,0,0.0,0.0,0,0,0,0.0,0
2026-08-31,1,612,Methalie,Sunderland,DEF,4.5,,,,0,0,0,0.0,0.0,0.0,0.0,0.0,0.0,0,0,0.0,0.0,0,0,0,0.0,0
2026-08-31,1,613,Ahoka,Sunderland,MID,4.5,,,,0,0,0,0.0,0.2,0.0,0.0,0.0,0.0,0,0,0.0,0.0,0,0,0,0.0,0
2026-08-31,1,32,Cash,Aston Villa,DEF,4.5,,,,90,1,-1,-0.5,7.3,0.0,0.0,0.0,3.77,0,0,0.0,0.0,0,4,7,1.3,-8
2026-08-31,1,37,Lindelöf,Aston Villa,DEF,4.5,,,,90,1,-2,-1.0,0.3,0.0,0.0,0.0,3.77,0,0,0.0,0.0,0,4,3,0.2,-13
2026-08-31,1,54,Gomes,Aston Villa,MID,5.5,,,,39,1,-2,-1.0,0.0,0.0,0.01,0.01,2.58,0,0,0.0,-0.01,0,4,7,1.2,-2
2026-09-01,2,426,B.Fernandes,Man Utd,MID,12.0,a,,12.5,180,2,25,12.5,48.4,2.1,0.74,2.84,3.07,3,1,0.9,0.26,0,4,14,35.4,105
2026-09-01,2,399,Cherki,Man City,MID,7.7,a,,11.0,108,1,22,11.0,23.4,0.35,1.05,1.4,0.76,2,2,1.65,0.95,0,1,3,26.4,88
2026-09-01,2,8,Calafiori,Arsenal,DEF,5.6,a,,10.0,170,2,20,10.0,43.0,0.15,0.55,0.7,0.39,0,2,-0.15,1.45,2,0,8,8.4,61
2026-09-01,2,12,Saka,Arsenal,MID,9.5,a,,10.0,157,2,20,10.0,10.4,1.27,0.12,1.39,0.39,2,0,0.73,-0.12,2,0,18,19.5,82
2026-09-01,2,154,Palmer,Chelsea,MID,9.6,a,100,10.0,172,2,20,10.0,18.2,0.94,0.32,1.26,2.65,2,1,1.06,0.68,0,5,17,25.3,88
2026-09-01,2,165,João Pedro,Chelsea,FWD,7.6,a,,10.0,180,2,20,10.0,69.8,1.86,0.1,1.96,2.74,2,2,0.14,1.9,0,5,6,23.2,89
2026-09-01,2,279,Ajayi,Hull City,DEF,4.1,a,100,10.0,153,2,20,10.0,7.0,0.52,0.0,0.52,2.15,1,0,0.48,0.0,2,0,14,9.5,63
2026-09-01,2,572,Tzolakis,Hull City,GK,4.5,a,,10.0,180,2,20,10.0,6.3,0.0,0.0,0.0,3.12,0,0,0.0,0.0,2,0,0,6.1,73
2026-09-01,2,10,White,Arsenal,DEF,5.5,a,100,9.0,180,2,18,9.0,7.2,0.18,0.26,0.44,0.53,0,1,-0.18,0.74,2,0,9,11.0,63
2026-09-01,2,565,M.Sangaré,Brentford,MID,5.6,a,,9.0,165,2,18,9.0,12.2,0.26,0.36,0.62,1.93,0,2,-0.26,1.64,1,1,27,13.5,57
2026-09-01,2,229,Tarkowski,Everton,DEF,6.0,a,,9.0,180,2,18,9.0,10.2,0.15,0.01,0.16,4.12,1,0,0.85,-0.01,1,1,19,10.5,52
2026-09-01,2,115,De Cuyper,Brighton,DEF,4.7,a,,8.5,167,2,17,8.5,13.7,1.5,0.26,1.76,3.22,1,1,-0.5,0.74,1,4,6,16.7,44
2026-09-01,2,277,Egan,Hull City,DEF,4.0,a,,8.5,180,2,17,8.5,3.9,0.0,0.0,0.0,3.12,0,0,0.0,0.0,2,0,34,7.0,52
2026-09-01,2,335,Stach,Leeds,MID,6.0,a,,8.5,180,2,17,8.5,2.8,0.17,0.06,0.23,2.33,1,0,0.83,-0.06,1,1,32,11.2,50
2026-09-01,2,367,Gakpo,Liverpool,MID,7.0,a,,8.5,160,2,17,8.5,7.7,0.3,0.8,1.1,3.81,1,1,0.7,0.2,0,4,15,17.2,54
2026-09-01,2,454,Elanga,Newcastle,MID,6.1,a,,8.5,156,2,17,8.5,7.3,0.42,0.11,0.53,2.68,2,0,1.58,-0.11,1,1,5,15.0,63
2026-09-01,2,86,Lewis-Potter,Brentford,MID,5.5,a,,8.0,177,2,16,8.0,1.7,0.79,0.25,1.04,2.03,1,1,0.21,0.75,1,1,21,15.4,66
2026-09-01,2,123,Hinshelwood,Brighton,MID,6.0,d,50,4.0,63,1,16,8.0,1.6,1.41,0.02,1.43,0.19,2,0,0.59,-0.02,1,0,3,14.5,54
2026-09-01,2,586,Mendy,Hull City,DEF,4.0,a,100,8.0,121,2,16,8.0,5.2,0.29,0.0,0.29,1.95,1,0,0.71,0.0,1,0,22,12.0,44
2026-09-01,2,88,Kayode,Brentford,DEF,4.6,a,,7.5,162,2,15,7.5,9.1,0.52,0.21,0.73,1.93,1,0,0.48,-0.21,1,1,8,11.9,45
2026-09-01,2,124,Groß,Brighton,MID,5.5,a,,7.5,180,2,15,7.5,14.1,0.05,0.38,0.43,3.22,1,1,0.95,0.62,1,4,11,19.0,64
2026-09-01,2,411,Haaland,Man City,FWD,15.5,a,,7.5,180,2,15,7.5,70.3,1.4,0.02,1.42,1.31,2,0,0.6,-0.02,0,2,8,17.9,66
2026-09-01,2,480,Gibbs-White,Nott'm Forest,MID,7.9,a,100,7.5,180,2,15,7.5,9.1,0.92,0.1,1.02,2.22,1,1,0.08,0.9,0,3,8,11.0,46
2026-09-01,2,544,Xhaka,Sunderland,MID,5.5,a,,7.5,180,2,15,7.5,4.6,0.0,0.45,0.45,2.75,0,1,0.0,0.55,1,2,20,12.8,60
2026-09-01,2,15,Ødegaard,Arsenal,MID,6.6,a,,7.0,145,2,14,7.0,11.5,0.29,0.17,0.46,0.39,1,0,0.71,-0.17,2,0,13,14.2,54
2026-09-01,2,69,Scott,Bournemouth,MID,6.0,a,,7.0,176,2,14,7.0,1.8,0.26,0.28,0.54,3.96,1,0,0.74,-0.28,1,2,26,11.7,56
2026-09-01,2,391,Gvardiol,Man City,DEF,5.6,a,,7.0,164,2,14,7.0,17.3,0.19,0.09,0.28,1.31,1,1,0.81,0.91,0,2,9,13.8,46
2026-09-01,2,449,Hall,Newcastle,DEF,5.0,a,,7.0,180,2,14,7.0,7.6,0.03,0.66,0.69,4.1,0,0,-0.03,-0.66,1,2,24,10.7,60
2026-09-01,2,4,Gabriel,Arsenal,DEF,8.0,a,,6.5,180,2,13,6.5,27.0,0.18,0.03,0.21,0.53,0,0,-0.18,-0.03,2,0,14,3.6,44
2026-09-01,2,94,Schade,Brentford,MID,6.0,a,,6.5,177,2,13,6.5,3.8,0.77,0.03,0.8,2.03,1,0,0.23,-0.03,1,1,18,17.6,51
2026-09-01,2,40,Rogers,Chelsea,MID,7.5,a,,6.5,171,2,13,6.5,25.3,1.1,1.11,2.21,2.65,1,1,-0.1,-0.11,0,5,12,22.7,65
2026-09-01,2,236,Dewsbury-Hall,Everton,MID,6.5,a,,6.5,180,2,13,6.5,4.5,0.18,0.33,0.51,4.08,1,0,0.82,-0.33,1,1,18,17.9,64
2026-09-01,2,237,Ndiaye,Everton,MID,6.0,a,,6.5,180,2,13,6.5,14.4,0.26,0.39,0.65,4.12,0,1,-0.26,0.61,1,1,25,16.6,52
2026-09-01,2,427,Mbeumo,Man Utd,MID,8.0,a,,6.5,180,2,13,6.5,30.8,2.26,0.44,2.7,3.07,1,1,-1.26,0.56,0,4,9,21.1,49
2026-09-01,2,1,Raya,Arsenal,GK,6.0,a,,6.0,180,2,12,6.0,38.0,0.0,0.0,0.0,0.53,0,0,0.0,0.0,2,0,0,1.8,45
2026-09-01,2,11,Mosquera,Arsenal,DEF,5.5,a,,6.0,168,2,12,6.0,5.2,0.0,0.01,0.01,0.53,0,0,0.0,-0.01,2,0,10,2.7,52
2026-09-01,2,258,Castagne,Fulham,DEF,4.5,a,,6.0,157,2,12,6.0,0.7,0.09,0.18,0.27,2.5,0,2,-0.09,1.82,1,3,8,8.9,39
2026-09-01,2,282,Giles,Hull City,DEF,4.0,a,,6.0,174,2,12,6.0,1.0,0.02,0.14,0.16,3.05,0,0,-0.02,-0.14,2,0,8,6.4,45
2026-09-01,2,332,Justin,Leeds,DEF,4.5,a,,6.0,180,2,12,6.0,1.4,0.03,0.02,0.05,2.33,0,0,-0.03,-0.02,1,1,20,7.4,40
2026-09-01,2,385,Trafford,Leeds,GK,5.0,a,,6.0,180,2,12,6.0,5.0,0.0,0.0,0.0,2.33,0,0,0.0,0.0,1,1,0,5.7,48
2026-09-01,2,368,Szoboszlai,Liverpool,MID,7.0,a,,6.0,180,2,12,6.0,41.8,1.01,0.44,1.45,3.88,1,0,-0.01,-0.44,0,4,20,18.5,53
2026-09-01,2,388,Guéhi,Man City,DEF,6.0,a,,6.0,180,2,12,6.0,19.1,0.89,0.36,1.25,1.31,1,0,0.11,-0.36,0,2,9,12.9,43
2026-09-01,2,464,Wissa,Newcastle,FWD,6.1,a,,6.0,171,2,12,6.0,9.9,1.35,0.02,1.37,2.93,1,1,-0.35,0.98,1,1,14,15.6,44
2026-09-01,2,593,Dedić,Newcastle,DEF,4.5,a,,6.0,180,2,12,6.0,1.8,0.03,0.06,0.09,4.1,0,1,-0.03,0.94,1,2,17,9.6,36
2026-09-01,2,483,Ndoye,Nott'm Forest,MID,5.5,a,,6.0,126,2,12,6.0,0.6,0.35,0.63,0.98,1.67,1,0,0.65,-0.63,1,1,12,9.9,35
2026-09-01,2,68,Tavernier,Bournemouth,MID,6.0,a,,5.5,180,2,11,5.5,2.4,0.49,0.29,0.78,4.09,1,0,0.51,-0.29,0,3,19,13.9,52
2026-09-01,2,87,Ajer,Brentford,DEF,4.5,a,,5.5,180,2,11,5.5,4.6,0.11,0.03,0.14,2.03,0,0,-0.11,-0.03,1,1,27,11.7,36
2026-09-01,2,127,Gomez,Brighton,MID,5.0,a,,5.5,175,2,11,5.5,4.3,0.56,0.65,1.21,3.22,0,2,-0.56,1.35,1,4,11,16.6,42
2026-09-01,2,173,Thomas,Coventry City,DEF,4.0,a,,5.5,167,2,11,5.5,8.3,0.02,0.02,0.04,2.06,0,0,-0.02,-0.02,1,3,19,5.3,39
2026-09-01,2,327,Bijol,Leeds,DEF,5.0,a,,5.5,135,2,11,5.5,1.0,0.11,0.0,0.11,1.21,0,0,-0.11,0.0,1,1,17,4.8,28
2026-09-01,2,428,Cunha,Man Utd,MID,8.0,a,,5.5,158,2,11,5.5,8.4,0.35,0.36,0.71,2.07,0,2,-0.35,1.64,0,3,5,14.5,45
2026-09-01,2,98,Janelt,Brentford,MID,5.0,a,,5.0,180,2,10,5.0,0.6,0.39,0.31,0.7,2.03,1,0,0.61,-0.31,1,1,23,17.2,46
2026-09-01,2,226,Pickford,Everton,GK,5.5,a,,5.0,180,2,10,5.0,8.8,0.0,0.02,0.02,4.12,0,0,0.0,-0.02,1,1,0,6.4,56
2026-09-01,2,230,Branthwaite,Everton,DEF,5.5,a,,5.0,180,2,10,5.0,1.8,0.09,0.02,0.11,4.12,0,0,-0.09,-0.02,1,1,20,8.2,33
2026-09-01,2,233,Mykolenko,Everton,DEF,4.5,a,,5.0,180,2,10,5.0,1.7,0.0,0.06,0.06,4.12,0,0,0.0,-0.06,1,1,16,6.7,34
2026-09-01,2,244,Armstrong,Everton,MID,5.0,a,,5.0,176,2,10,5.0,0.3,0.0,0.07,0.07,4.12,0,1,0.0,0.93,1,1,25,7.2,37
2026-09-01,2,249,Barry,Everton,FWD,5.5,a,,5.0,147,2,10,5.0,4.2,1.93,0.09,2.02,2.2,1,0,-0.93,-0.09,1,1,6,17.8,43
2026-09-01,2,316,Emersonn,Ipswich Town,FWD,5.5,d,75,3.8,110,2,10,5.0,1.7,0.82,0.06,0.88,1.4,1,0,0.18,-0.06,0,2,4,12.6,48
2026-09-01,2,591,Enciso,Ipswich Town,MID,5.5,a,100,5.0,160,2,10,5.0,0.6,0.63,0.62,1.25,5.4,0,2,-0.63,1.38,0,6,16,10.9,49
2026-09-01,2,334,Muharemović,Leeds,DEF,5.0,a,,5.0,180,2,10,5.0,3.3,0.09,0.01,0.1,2.33,0,0,-0.09,-0.01,1,1,26,8.7,42
2026-09-01,2,377,Munoz,Liverpool,MID,6.5,a,,5.0,117,1,10,5.0,1.1,0.42,0.23,0.65,3.37,1,1,0.58,0.77,0,2,7,11.5,39
2026-09-01,2,379,Isak,Liverpool,FWD,9.0,a,,5.0,180,2,10,5.0,16.3,2.08,0.01,2.09,3.88,1,0,-1.08,-0.01,0,4,2,18.4,36
2026-09-01,2,398,Foden,Man City,MID,7.0,a,,5.0,171,2,10,5.0,4.8,0.99,0.85,1.84,1.31,0,2,-0.99,1.15,0,2,13,18.1,53
2026-09-01,2,79,Evanilson,Bournemouth,FWD,6.0,a,,4.5,154,2,9,4.5,3.2,0.58,0.25,0.83,3.61,0,2,-0.58,1.75,2,0,11,9.2,28
2026-09-01,2,82,Kelleher,Brentford,GK,5.0,a,,4.5,180,2,9,4.5,7.0,0.0,0.01,0.01,2.03,0,0,0.0,-0.01,1,1,0,4.0,41
2026-09-01,2,84,Collins,Brentford,DEF,5.5,a,,4.5,180,2,9,4.5,2.2,0.51,0.05,0.56,2.03,0,0,-0.51,-0.05,1,1,16,11.3,35
2026-09-01,2,605,Yalcouyé,Brighton,MID,4.5,a,,4.5,77,1,9,4.5,1.2,0.7,0.17,0.87,2.83,1,0,0.3,-0.17,0,3,7,11.6,42
2026-09-01,2,268,King,Fulham,MID,5.5,a,,4.5,180,2,9,4.5,0.7,0.64,0.07,0.71,4.26,1,0,0.36,-0.07,0,4,12,13.4,42
2026-09-01,2,286,Belloumi,Hull City,MID,5.0,a,,4.5,172,2,9,4.5,0.8,0.17,0.05,0.22,2.94,0,1,-0.17,0.95,2,0,20,6.6,31
2026-09-01,2,346,Calvert-Lewin,Leeds,FWD,6.0,a,,4.5,180,2,9,4.5,26.9,1.05,0.02,1.07,2.33,1,0,-0.05,-0.02,1,1,6,8.4,29
2026-09-01,2,445,Thiaw,Newcastle,DEF,5.0,a,,4.5,180,2,9,4.5,1.9,0.0,0.02,0.02,4.1,0,0,0.0,-0.02,1,2,18,4.6,25
2026-09-01,2,460,Willock,Newcastle,MID,5.0,a,,4.5,104,1,9,4.5,0.4,0.16,0.19,0.35,2.24,1,0,0.84,-0.19,1,1,5,6.6,28
2026-09-01,2,533,Mukiele,Sunderland,DEF,5.5,a,100,4.5,90,1,9,4.5,2.4,0.0,0.01,0.01,0.95,0,0,0.0,-0.01,1,0,19,5.3,28
2026-09-01,2,553,Isidor,Sunderland,FWD,5.5,a,,4.5,49,0,9,4.5,1.0,1.39,0.0,1.39,0.47,1,0,-0.39,0.0,0,1,0,5.4,32
2026-09-01,2,13,Rice,Arsenal,MID,7.5,a,,4.0,151,2,8,4.0,15.3,0.07,0.18,0.25,0.39,0,0,-0.07,-0.18,2,0,18,6.7,29
2026-09-01,2,26,Havertz,Arsenal,FWD,7.5,a,,4.0,180,2,8,4.0,7.1,0.28,0.06,0.34,0.53,1,0,0.72,-0.06,2,0,7,10.4,39
2026-09-01,2,156,Neto,Chelsea,MID,6.5,a,,4.0,81,1,8,4.0,1.3,0.44,0.4,0.84,1.48,1,0,0.56,-0.4,0,2,8,12.2,41
2026-09-01,2,161,Lavia,Chelsea,MID,5.0,a,,4.0,131,2,8,4.0,0.1,0.75,0.03,0.78,2.31,1,0,0.25,-0.03,0,4,16,14.2,40
2026-09-01,2,569,Gonzalo,Fulham,FWD,6.0,a,,4.0,180,2,8,4.0,4.5,1.0,0.02,1.02,4.26,1,0,0.0,-0.02,0,4,6,11.4,35
2026-09-01,2,290,Slater,Hull City,MID,4.5,a,,4.0,180,2,8,4.0,4.5,0.0,0.45,0.45,3.12,0,1,0.0,0.55,2,0,13,5.3,26
2026-09-01,2,305,Davis,Ipswich Town,DEF,4.0,a,,4.0,180,2,8,4.0,5.0,0.54,0.13,0.67,5.43,1,0,0.46,-0.13,0,6,11,13.0,11
2026-09-01,2,330,Bogle,Leeds,DEF,4.5,a,,4.0,157,2,8,4.0,0.5,0.0,0.01,0.01,1.4,0,0,0.0,-0.01,1,1,10,4.2,33
2026-09-01,2,447,Botman,Newcastle,DEF,5.0,a,,4.0,180,2,8,4.0,0.6,0.01,0.01,0.02,4.1,0,0,-0.01,-0.01,1,2,15,4.8,26
2026-09-01,2,567,Horníček,Newcastle,GK,5.0,a,,4.0,180,2,8,4.0,1.0,0.0,0.0,0.0,4.1,0,0,0.0,0.0,1,2,0,7.6,44
2026-09-01,2,469,N.Williams,Nott'm Forest,DEF,5.0,a,,4.0,180,2,8,4.0,8.6,0.12,0.17,0.29,2.22,0,1,-0.12,0.83,0,3,18,9.3,29
2026-09-01,2,532,Ballard,Sunderland,DEF,5.0,a,,4.0,180,2,8,4.0,4.4,0.03,0.01,0.04,2.75,0,0,-0.03,-0.01,1,2,19,5.1,31
2026-09-01,2,534,Hume,Sunderland,DEF,4.5,a,,4.0,169,2,8,4.0,5.7,0.04,0.28,0.32,2.64,0,0,-0.04,-0.28,1,1,10,10.2,38
2026-09-01,2,551,Angulo,Sunderland,MID,5.0,a,,4.0,122,2,8,4.0,0.1,0.15,0.05,0.2,2.24,1,0,0.85,-0.05,1,1,12,7.6,36
2026-09-01,2,130,Wieffer,Brighton,DEF,5.0,a,,3.5,156,2,7,3.5,0.5,0.12,0.13,0.25,3.18,0,0,-0.12,-0.13,1,4,15,8.3,38
2026-09-01,2,200,Lacroix,Chelsea,DEF,6.0,a,,3.5,180,2,7,3.5,8.8,0.02,0.2,0.22,2.74,0,1,-0.02,0.8,0,5,21,7.6,22
2026-09-01,2,313,Clarke,Ipswich Town,MID,5.5,a,,3.5,19,0,7,3.5,0.3,0.1,0.0,0.1,0.03,1,0,0.9,0.0,0,0,2,5.2,27
2026-09-01,2,329,Rodon,Leeds,DEF,4.5,d,50,1.8,123,2,7,3.5,3.1,0.03,0.06,0.09,1.01,0,0,-0.03,-0.06,1,0,11,4.5,25
2026-09-01,2,338,Ampadu,Leeds,MID,5.5,a,,3.5,180,2,7,3.5,1.2,0.01,0.13,0.14,2.33,0,0,-0.01,-0.13,1,1,23,7.9,30
2026-09-01,2,397,Semenyo,Man City,MID,8.5,a,,3.5,180,2,7,3.5,21.2,0.12,0.59,0.71,1.31,0,1,-0.12,0.41,0,2,8,15.8,49
2026-09-01,2,529,Roefs,Sunderland,GK,5.0,a,,3.5,180,2,7,3.5,3.6,0.0,0.0,0.0,2.75,0,0,0.0,0.0,1,2,0,1.9,29
2026-09-01,2,536,Reinildo,Sunderland,DEF,4.5,a,,3.5,180,2,7,3.5,0.4,0.0,0.3,0.3,2.75,0,0,0.0,-0.3,1,2,15,7.9,35
2026-09-01,2,541,Meunier,Sunderland,DEF,4.5,a,100,3.5,180,2,7,3.5,0.3,0.1,0.13,0.23,2.75,0,0,-0.1,-0.13,1,2,12,8.2,32
2026-09-01,2,7,Lewis-Skelly,Arsenal,MID,5.5,a,,3.0,160,2,6,3.0,0.7,0.13,0.13,0.26,0.53,0,0,-0.13,-0.13,2,0,12,6.0,30
2026-09-01,2,557,Tzolis,Arsenal,MID,6.5,a,,3.0,120,2,6,3.0,23.1,0.19,0.15,0.34,0.16,0,1,-0.19,0.85,1,0,9,10.3,31
2026-09-01,2,70,Kluivert,Bournemouth,MID,6.0,a,,3.0,154,2,6,3.0,1.2,0.72,0.05,0.77,3.61,0,0,-0.72,-0.05,2,0,14,13.7,27
2026-09-01,2,71,Cook,Bournemouth,MID,5.0,a,,3.0,143,2,6,3.0,0.2,0.0,0.01,0.01,3.61,0,0,0.0,-0.01,2,0,9,2.4,21
2026-09-01,2,566,Silva,Bournemouth,DEF,5.0,a,,3.0,180,2,6,3.0,0.4,0.25,0.03,0.28,4.09,0,0,-0.25,-0.03,0,3,23,6.5,16
2026-09-01,2,97,Jensen,Brentford,MID,5.5,d,75,2.2,66,1,6,3.0,0.2,0.08,0.34,0.42,0.47,0,1,-0.08,0.66,1,0,5,7.2,22
2026-09-01,2,109,Verbruggen,Brighton,GK,4.5,a,,3.0,180,2,6,3.0,21.6,0.0,0.0,0.0,3.22,0,0,0.0,0.0,1,4,0,1.7,24
2026-09-01,2,138,Kostoulas,Brighton,FWD,5.5,a,,3.0,105,1,6,3.0,0.3,0.35,0.02,0.37,2.99,0,1,-0.35,0.98,0,4,8,4.6,16
2026-09-01,2,504,Vuskovic,Brighton,DEF,5.0,a,,3.0,180,2,6,3.0,2.4,0.16,0.05,0.21,3.22,0,0,-0.16,-0.05,1,4,12,6.5,17
2026-09-01,2,210,Wharton,Crystal Palace,MID,5.5,a,100,3.0,180,2,6,3.0,0.9,0.0,0.31,0.31,3.33,0,0,0.0,-0.31,0,6,21,8.9,41
2026-09-01,2,211,Yeremy,Crystal Palace,MID,5.5,a,,3.0,102,1,6,3.0,0.2,0.11,0.09,0.2,2.28,0,1,-0.11,0.91,0,3,15,6.8,31
2026-09-01,2,280,Coyle,Hull City,DEF,4.0,d,75,2.2,114,2,6,3.0,0.6,0.0,0.01,0.01,2.25,0,0,0.0,-0.01,1,0,6,2.2,25
2026-09-01,2,287,Millar,Hull City,MID,5.0,a,,3.0,50,0,6,3.0,0.1,0.58,0.0,0.58,0.87,1,0,0.42,0.0,0,0,4,5.2,26
2026-09-01,2,295,McBurnie,Hull City,FWD,5.5,a,,3.0,180,2,6,3.0,2.1,0.16,0.02,0.18,3.12,0,1,-0.16,0.98,2,0,9,11.2,28
2026-09-01,2,267,Lukić,Ipswich Town,MID,5.0,a,,3.0,162,2,6,3.0,0.1,0.02,0.04,0.06,4.57,0,1,-0.02,0.96,0,5,17,7.1,33
2026-09-01,2,309,Núñez,Ipswich Town,MID,5.0,a,,3.0,140,2,6,3.0,0.1,0.03,0.05,0.08,3.48,0,0,-0.03,-0.05,0,4,21,5.0,32
2026-09-01,2,315,Fatawu,Ipswich Town,MID,5.5,a,,3.0,147,2,6,3.0,0.2,0.0,0.63,0.63,5.22,0,1,0.0,0.37,0,6,11,12.6,47
2026-09-01,2,320,Akpom,Ipswich Town,FWD,5.0,a,,3.0,69,0,6,3.0,0.8,0.97,0.0,0.97,4.04,1,0,0.03,0.0,0,4,3,5.5,33
2026-09-01,2,366,Wirtz,Liverpool,MID,7.5,a,,3.0,152,2,6,3.0,10.3,0.49,0.24,0.73,2.81,0,1,-0.49,0.76,0,4,15,13.1,39
2026-09-01,2,371,Gravenberch,Liverpool,MID,6.0,a,,3.0,96,1,6,3.0,1.7,0.06,0.06,0.12,1.17,0,1,-0.06,0.94,0,2,12,6.1,33
2026-09-01,2,43,Tielemans,Man Utd,MID,6.0,a,100,3.0,156,2,6,3.0,2.1,0.51,0.22,0.73,3.0,0,0,-0.51,-0.22,0,4,18,12.0,39
2026-09-01,2,459,L.Miley,Newcastle,MID,5.5,a,100,3.0,165,2,6,3.0,0.1,0.05,0.05,0.1,3.06,0,0,-0.05,-0.05,1,1,22,6.6,29
2026-09-01,2,57,Petrović,Bournemouth,GK,4.5,a,,2.5,180,2,5,2.5,3.4,0.0,0.0,0.0,4.09,0,0,0.0,0.0,0,3,0,7.1,33
2026-09-01,2,60,Hill,Bournemouth,DEF,5.5,a,,2.5,180,2,5,2.5,0.9,0.0,0.74,0.74,4.09,0,0,0.0,-0.74,0,3,18,6.3,19
2026-09-01,2,61,Truffert,Bournemouth,DEF,5.5,a,,2.5,180,2,5,2.5,3.9,0.0,0.07,0.07,4.09,0,0,0.0,-0.07,0,3,16,7.3,27
2026-09-01,2,114,Boscagli,Brighton,DEF,4.5,a,,2.5,180,2,5,2.5,0.3,0.05,0.15,0.2,3.22,0,0,-0.05,-0.15,1,4,9,8.3,27
2026-09-01,2,116,Dunk,Brighton,DEF,4.5,a,,2.5,180,2,5,2.5,1.2,0.0,0.05,0.05,3.22,0,0,0.0,-0.05,1,4,5,3.7,20
2026-09-01,2,125,Georginio,Brighton,FWD,5.5,d,75,1.9,90,1,5,2.5,0.8,0.08,0.44,0.52,0.29,0,1,-0.08,0.56,1,0,7,4.6,22
2026-09-01,2,148,Hato,Chelsea,DEF,4.5,a,,2.5,154,2,5,2.5,0.6,0.01,0.09,0.1,2.46,0,1,-0.01,0.91,0,5,9,8.3,17
2026-09-01,2,214,Kamada,Crystal Palace,MID,5.0,a,,2.5,180,2,5,2.5,0.3,0.05,0.29,0.34,3.33,0,0,-0.05,-0.29,0,6,23,7.7,46
2026-09-01,2,242,George,Everton,MID,5.5,a,,2.5,144,2,5,2.5,0.3,0.23,0.09,0.32,2.25,0,0,-0.23,-0.09,1,1,9,8.9,25
2026-09-01,2,246,Röhl,Everton,MID,5.0,a,,2.5,175,2,5,2.5,0.1,0.0,0.07,0.07,4.12,0,0,0.0,-0.07,1,1,18,4.0,25
2026-09-01,2,250,Leno,Fulham,GK,4.5,a,,2.5,180,2,5,2.5,3.1,0.0,0.0,0.0,4.26,0,0,0.0,0.0,0,4,0,4.9,22
2026-09-01,2,264,Bobb,Fulham,MID,5.5,a,,2.5,133,2,5,2.5,0.3,0.0,0.27,0.27,2.47,0,0,0.0,-0.27,1,3,11,5.5,18
2026-09-01,2,481,Anderson,Man City,MID,6.4,a,100,2.5,143,2,5,2.5,5.4,0.07,0.47,0.54,1.21,0,0,-0.07,-0.47,0,2,20,8.6,39
2026-09-01,2,418,Maguire,Man Utd,DEF,5.0,a,,2.5,180,2,5,2.5,15.4,0.07,0.41,0.48,3.07,0,1,-0.07,0.59,0,4,9,8.8,28
2026-09-01,2,432,Mainoo,Man Utd,MID,5.5,a,,2.5,102,1,5,2.5,1.0,0.21,0.28,0.49,1.13,0,0,-0.21,-0.28,0,1,16,3.8,32
2026-09-01,2,453,Barnes,Newcastle,MID,6.0,a,,2.5,180,2,5,2.5,1.1,0.11,0.03,0.14,4.1,0,0,-0.11,-0.03,1,2,12,5.3,21
2026-09-01,2,471,Milenković,Nott'm Forest,DEF,5.5,a,,2.5,180,2,5,2.5,1.7,0.11,0.02,0.13,2.22,0,0,-0.11,-0.02,0,3,20,3.9,7
2026-09-01,2,472,Murillo,Nott'm Forest,DEF,5.5,a,100,2.5,180,2,5,2.5,1.6,0.18,0.28,0.46,2.22,0,0,-0.18,-0.28,0,3,20,7.8,17
2026-09-01,2,473,Aina,Nott'm Forest,DEF,4.5,a,,2.5,158,2,5,2.5,3.2,0.04,0.52,0.56,2.09,0,0,-0.04,-0.52,1,2,7,9.4,26
2026-09-01,2,486,McAtee,Nott'm Forest,MID,5.5,a,,2.5,163,2,5,2.5,0.1,0.0,0.32,0.32,2.09,0,0,0.0,-0.32,1,2,16,8.1,34
2026-09-01,2,558,Schlager,Nott'm Forest,MID,5.0,a,,2.5,106,1,5,2.5,0.1,0.05,0.0,0.05,1.88,0,0,-0.05,0.0,0,3,16,3.3,18
2026-09-01,2,502,Robertson,Spurs,DEF,4.5,a,,2.5,157,2,5,2.5,3.5,0.06,0.08,0.14,4.35,0,0,-0.06,-0.08,0,4,14,10.6,20
2026-09-01,2,542,E.Le Fée,Sunderland,MID,5.9,a,,2.5,168,2,5,2.5,6.9,0.37,0.2,0.57,2.55,0,0,-0.37,-0.2,1,1,8,7.0,26
2026-09-01,2,543,Diarra,Sunderland,MID,5.5,d,75,1.9,28,0,5,2.5,0.1,0.03,0.16,0.19,0.12,0,1,-0.03,0.84,0,1,0,2.9,18
2026-09-01,2,545,Sadiki,Sunderland,MID,5.0,a,,2.5,180,2,5,2.5,0.3,0.08,0.05,0.13,2.75,0,0,-0.08,-0.05,1,2,13,10.4,39
2026-09-01,2,41,Buendía,Aston Villa,MID,6.0,a,,2.0,175,2,4,2.0,1.1,0.17,0.11,0.28,4.66,0,0,-0.17,-0.11,0,5,12,4.9,13
2026-09-01,2,46,Barkley,Aston Villa,MID,5.0,a,,2.0,150,2,4,2.0,0.2,0.13,0.04,0.17,4.59,0,0,-0.13,-0.04,0,5,11,7.6,34
2026-09-01,2,47,Kamara,Aston Villa,MID,5.0,a,100,2.0,180,2,4,2.0,0.3,0.0,0.03,0.03,4.81,0,0,0.0,-0.03,0,5,15,3.9,22
2026-09-01,2,51,George Hemmings,Aston Villa,MID,4.5,a,,2.0,160,2,4,2.0,0.9,0.0,0.01,0.01,4.78,0,0,0.0,-0.01,0,5,11,3.0,17
2026-09-01,2,67,Rayan,Bournemouth,MID,6.5,a,,2.0,178,2,4,2.0,2.4,0.44,0.05,0.49,3.9,0,0,-0.44,-0.05,0,2,6,9.1,13
2026-09-01,2,95,O.Dango,Brentford,MID,6.5,a,,2.0,95,1,4,2.0,1.0,0.07,0.37,0.44,1.83,0,0,-0.07,-0.37,1,1,13,8.0,22
2026-09-01,2,96,Damsgaard,Brentford,MID,5.5,a,,2.0,82,1,4,2.0,0.5,0.03,0.24,0.27,0.23,0,0,-0.03,-0.24,1,0,13,10.8,26
2026-09-01,2,151,Acheampong,Chelsea,DEF,4.5,a,,2.0,112,1,4,2.0,0.4,0.0,0.01,0.01,1.47,0,0,0.0,-0.01,0,3,18,4.3,12
2026-09-01,2,183,Rudoni,Coventry City,MID,5.0,a,100,2.0,90,1,4,2.0,0.1,0.21,0.09,0.3,0.31,0,0,-0.21,-0.09,1,0,11,6.5,15
2026-09-01,2,184,Grimes,Coventry City,MID,5.0,a,,2.0,180,2,4,2.0,0.2,0.01,0.05,0.06,2.6,0,0,-0.01,-0.05,0,4,17,5.4,28
2026-09-01,2,575,Yirenkyi,Coventry City,MID,5.0,a,,2.0,131,2,4,2.0,0.2,0.03,0.13,0.16,1.58,0,0,-0.03,-0.13,1,3,10,3.2,19
2026-09-01,2,247,Hackney,Everton,MID,5.5,a,100,2.0,106,1,4,2.0,0.2,0.01,0.02,0.03,3.2,0,0,-0.01,-0.02,1,0,10,3.7,19
2026-09-01,2,261,Iwobi,Fulham,MID,5.5,a,,2.0,180,2,4,2.0,0.9,0.01,0.44,0.45,4.26,0,0,-0.01,-0.44,0,4,14,7.4,37
2026-09-01,2,265,Berge,Fulham,MID,5.0,a,,2.0,154,2,4,2.0,0.4,0.03,0.23,0.26,4.06,0,0,-0.03,-0.23,0,4,6,8.0,28
2026-09-01,2,259,Diop,Ipswich Town,DEF,4.0,a,,2.0,180,2,4,2.0,16.1,0.0,0.01,0.01,5.43,0,0,0.0,-0.01,0,6,17,5.1,14
2026-09-01,2,304,O'Shea,Ipswich Town,DEF,4.0,a,,2.0,180,2,4,2.0,3.3,0.07,0.17,0.24,5.43,0,0,-0.07,-0.17,0,6,19,8.4,2
2026-09-01,2,562,Maeda,Ipswich Town,MID,5.5,a,,2.0,151,2,4,2.0,0.3,0.67,0.01,0.68,4.54,0,0,-0.67,-0.01,0,5,14,4.9,17
2026-09-01,2,564,Scherpen,Ipswich Town,GK,4.5,a,,2.0,180,2,4,2.0,0.6,0.0,0.01,0.01,5.43,0,0,0.0,-0.01,0,6,0,6.0,21
2026-09-01,2,260,Wilson,Leeds,MID,6.5,a,,2.0,110,1,4,2.0,4.6,0.01,0.06,0.07,1.66,0,0,-0.01,-0.06,1,0,8,5.3,15
2026-09-01,2,337,Aaronson,Leeds,MID,5.5,a,,2.0,126,2,4,2.0,0.8,0.01,0.02,0.03,1.13,0,0,-0.01,-0.02,1,1,10,1.9,22
2026-09-01,2,347,Nmecha,Leeds,FWD,5.5,a,,2.0,21,0,4,2.0,0.5,0.1,0.0,0.1,0.93,0,1,-0.1,1.0,0,0,1,4.5,18
2026-09-01,2,362,Jacquet,Liverpool,DEF,5.0,a,100,2.0,145,2,4,2.0,2.5,0.0,0.07,0.07,3.27,0,0,0.0,-0.07,0,4,14,7.2,22
2026-09-01,2,387,O'Reilly,Man City,DEF,6.5,a,,2.0,150,2,4,2.0,19.4,0.09,0.43,0.52,1.21,0,0,-0.09,-0.43,0,2,3,6.6,16
2026-09-01,2,390,Rúben,Man City,DEF,5.5,a,,2.0,180,2,4,2.0,1.8,0.09,0.71,0.8,1.31,0,0,-0.09,-0.71,0,2,12,12.8,30
2026-09-01,2,393,Khusanov,Man City,DEF,5.5,a,,2.0,178,2,4,2.0,1.7,0.0,0.04,0.04,1.31,0,0,0.0,-0.04,0,2,11,5.0,31
2026-09-01,2,463,Woltemade,Newcastle,FWD,5.9,a,,2.0,19,0,4,2.0,1.3,0.02,0.01,0.03,0.38,0,1,-0.02,0.99,0,0,0,4.0,18
2026-09-01,2,465,Osula,Newcastle,FWD,6.0,i,0,0.0,55,1,4,2.0,0.6,0.06,0.14,0.2,1.48,0,1,-0.06,0.86,0,1,5,5.0,18
2026-09-01,2,455,Tonali,Spurs,MID,5.4,a,,2.0,164,2,4,2.0,3.2,0.09,0.08,0.17,4.59,0,0,-0.09,-0.08,0,5,8,5.6,30
2026-09-01,2,514,Tel,Spurs,MID,5.9,a,,2.0,157,2,4,2.0,0.4,0.2,0.09,0.29,4.35,0,0,-0.2,-0.09,0,4,11,8.6,27
2026-09-01,2,522,Gray,Spurs,MID,5.0,a,,2.0,152,2,4,2.0,0.2,0.0,0.01,0.01,3.91,0,0,0.0,-0.01,0,4,11,1.3,24
2026-09-01,2,552,Brobbey,Sunderland,FWD,6.0,a,,2.0,129,2,4,2.0,10.5,0.33,0.0,0.33,2.27,0,0,-0.33,0.0,1,1,4,1.8,6
2026-09-01,2,105,Anthony,Brentford,MID,6.0,a,,1.5,83,1,3,1.5,0.2,0.14,0.41,0.55,0.19,0,0,-0.14,-0.41,1,0,9,9.1,13
2026-09-01,2,110,Rushworth,Coventry City,GK,4.5,a,,1.5,180,2,3,1.5,1.1,0.0,0.01,0.01,2.6,0,0,0.0,-0.01,0,4,0,2.5,10
2026-09-01,2,175,van Ewijk,Coventry City,DEF,4.0,a,,1.5,180,2,3,1.5,12.2,0.0,0.2,0.2,2.6,0,0,0.0,-0.2,0,4,9,7.0,7
2026-09-01,2,176,Dasilva,Coventry City,DEF,4.0,a,,1.5,180,2,3,1.5,0.8,0.18,0.07,0.25,2.6,0,0,-0.18,-0.07,0,4,9,5.8,11
2026-09-01,2,190,Tchaouna,Coventry City,MID,5.5,a,,1.5,139,2,3,1.5,0.1,0.09,0.15,0.24,1.78,0,0,-0.09,-0.15,0,3,14,4.2,18
2026-09-01,2,194,Thomas-Asante,Coventry City,FWD,5.0,a,,1.5,101,1,3,1.5,0.8,0.0,0.02,0.02,2.29,0,0,0.0,-0.02,0,4,8,1.1,14
2026-09-01,2,492,Awoniyi,Coventry City,FWD,5.5,a,,1.5,110,1,3,1.5,0.8,0.93,0.03,0.96,1.01,0,0,-0.93,-0.03,0,1,4,10.0,10
2026-09-01,2,198,Henderson,Crystal Palace,GK,5.0,a,100,1.5,180,2,3,1.5,1.8,0.0,0.0,0.0,3.33,0,0,0.0,0.0,0,6,0,5.8,18
2026-09-01,2,202,Richards,Crystal Palace,DEF,5.0,a,,1.5,180,2,3,1.5,0.7,0.04,0.0,0.04,3.33,0,0,-0.04,0.0,0,6,22,7.5,9
2026-09-01,2,222,Strand Larsen,Crystal Palace,FWD,6.0,a,,1.5,89,1,3,1.5,0.5,0.3,0.01,0.31,2.15,0,0,-0.3,-0.01,0,3,4,3.2,16
2026-09-01,2,224,Nketiah,Crystal Palace,FWD,5.5,a,,1.5,122,2,3,1.5,0.5,0.96,0.58,1.54,2.85,0,0,-0.96,-0.58,0,5,9,7.9,20
2026-09-01,2,241,McNeil,Crystal Palace,MID,5.5,a,,1.5,84,1,3,1.5,0.2,0.05,0.02,0.07,1.18,0,0,-0.05,-0.02,0,3,7,1.7,13
2026-09-01,2,588,Khalaili,Crystal Palace,DEF,5.0,a,,1.5,109,1,3,1.5,0.1,0.02,0.16,0.18,2.28,0,0,-0.02,-0.16,0,3,23,8.6,21
2026-09-01,2,254,Robinson,Fulham,DEF,4.5,a,,1.5,171,2,3,1.5,1.6,0.13,0.06,0.19,4.23,0,0,-0.13,-0.06,0,4,10,6.4,14
2026-09-01,2,255,J.Cuenca,Fulham,DEF,4.5,a,,1.5,90,1,3,1.5,0.0,0.0,0.03,0.03,2.24,0,0,0.0,-0.03,0,3,10,5.4,7
2026-09-01,2,570,Palacios,Fulham,MID,5.5,a,,1.5,147,2,3,1.5,0.2,0.18,0.01,0.19,3.83,0,0,-0.18,-0.01,0,4,13,2.5,16
2026-09-01,2,576,Stroud,Hull City,MID,5.0,a,,1.5,128,2,3,1.5,0.1,0.01,0.04,0.05,2.25,0,0,-0.01,-0.04,1,0,13,2.2,9
2026-09-01,2,336,Okafor,Leeds,MID,5.9,a,,1.5,92,1,3,1.5,0.4,0.08,0.17,0.25,0.87,0,0,-0.08,-0.17,0,1,7,5.2,21
2026-09-01,2,356,Virgil,Liverpool,DEF,6.5,a,,1.5,180,2,3,1.5,18.2,0.25,0.04,0.29,3.88,0,0,-0.25,-0.04,0,4,18,8.2,13
2026-09-01,2,369,Ngumoha,Liverpool,MID,5.9,a,,1.5,81,1,3,1.5,0.9,0.04,0.05,0.09,0.58,0,0,-0.04,-0.05,0,2,3,1.8,14
2026-09-01,2,372,Mac Allister,Liverpool,MID,5.5,a,,1.5,103,1,3,1.5,1.5,0.0,0.4,0.4,3.3,0,0,0.0,-0.4,0,2,13,2.7,19
2026-09-01,2,384,Donnarumma,Man City,GK,5.5,a,,1.5,180,2,3,1.5,8.0,0.0,0.0,0.0,1.31,0,0,0.0,0.0,0,2,0,3.4,17
2026-09-01,2,162,Andrey Santos,Man Utd,MID,5.0,a,,1.5,76,1,3,1.5,0.9,0.0,0.23,0.23,1.94,0,0,0.0,-0.23,0,3,14,2.5,19
2026-09-01,2,412,Lammens,Man Utd,GK,5.0,a,,1.5,180,2,3,1.5,14.3,0.0,0.0,0.0,3.07,0,0,0.0,0.0,0,4,0,4.7,18
2026-09-01,2,417,Dalot,Man Utd,DEF,5.0,a,,1.5,83,1,3,1.5,2.3,0.15,0.12,0.27,1.06,0,0,-0.15,-0.12,0,1,7,11.1,18
2026-09-01,2,423,Shaw,Man Utd,DEF,4.5,a,,1.5,162,2,3,1.5,17.3,0.0,0.28,0.28,2.07,0,0,0.0,-0.28,0,3,12,11.4,25
2026-09-01,2,429,Rashford,Man Utd,MID,7.0,a,,1.5,124,1,3,1.5,1.6,0.26,0.15,0.41,1.15,0,0,-0.26,-0.15,0,1,7,17.2,26
2026-09-01,2,467,Sels,Nott'm Forest,GK,5.0,a,,1.5,180,2,3,1.5,1.4,0.0,0.01,0.01,2.22,0,0,0.0,-0.01,0,3,0,3.1,17
2026-09-01,2,491,Igor Jesus,Nott'm Forest,FWD,6.0,a,,1.5,180,2,3,1.5,3.2,0.96,0.06,1.02,2.22,0,0,-0.96,-0.06,0,3,8,10.3,12
2026-09-01,2,496,Kinsky,Spurs,GK,4.5,a,,1.5,180,2,3,1.5,20.6,0.0,0.0,0.0,4.59,0,0,0.0,0.0,0,5,0,4.8,19
2026-09-01,2,498,Senesi,Spurs,DEF,6.0,a,,1.5,90,1,3,1.5,6.2,0.0,0.02,0.02,3.87,0,0,0.0,-0.02,0,3,16,3.9,10
2026-09-01,2,516,Bentancur,Spurs,MID,5.5,a,,1.5,135,1,3,1.5,0.2,0.0,0.03,0.03,2.9,0,0,0.0,-0.03,0,3,16,4.0,25
2026-09-01,2,523,Moore,Spurs,MID,5.0,a,,1.5,89,1,3,1.5,0.2,0.4,0.02,0.42,3.26,0,0,-0.4,-0.02,0,4,3,7.5,11
2026-09-01,2,525,Fernandes,Spurs,MID,5.9,a,,1.5,135,1,3,1.5,1.4,0.01,0.23,0.24,2.9,0,0,-0.01,-0.23,0,3,10,9.7,34
2026-09-01,2,14,Eze,Arsenal,MID,6.4,a,,1.0,59,0,2,1.0,1.5,0.04,0.07,0.11,0.39,0,0,-0.04,-0.07,0,0,5,0.7,10
2026-09-01,2,17,Merino,Arsenal,MID,5.9,a,,1.0,33,0,2,1.0,0.5,0.14,0.02,0.16,0.15,0,0,-0.14,-0.02,0,0,6,2.3,12
2026-09-01,2,19,Zubimendi,Arsenal,MID,5.4,a,,1.0,27,0,2,1.0,0.9,0.0,0.02,0.02,0.15,0,0,0.0,-0.02,0,0,5,1.2,8
2026-09-01,2,34,Pau,Aston Villa,DEF,4.5,a,,1.0,163,2,2,1.0,0.4,0.0,0.01,0.01,4.59,0,0,0.0,-0.01,0,5,9,1.2,-8
2026-09-01,2,45,McGinn,Aston Villa,MID,5.5,a,,1.0,171,2,2,1.0,2.6,0.09,0.06,0.15,4.66,0,0,-0.09,-0.06,0,5,10,2.2,10
2026-09-01,2,160,Garnacho,Aston Villa,MID,5.9,a,,1.0,16,0,2,1.0,0.5,0.0,0.0,0.0,0.14,0,0,0.0,0.0,0,0,2,0.2,5
2026-09-01,2,166,N.Jackson,Aston Villa,FWD,6.5,a,,1.0,70,1,2,1.0,0.7,0.0,0.1,0.1,1.01,0,0,0.0,-0.1,0,1,3,1.2,11
2026-09-01,2,597,Suzuki,Aston Villa,GK,5.0,a,,1.0,90,1,2,1.0,1.0,0.0,0.0,0.0,1.04,0,0,0.0,0.0,0,1,0,1.4,8
2026-09-01,2,64,Smith,Bournemouth,DEF,4.5,a,,1.0,180,2,2,1.0,0.1,0.0,0.02,0.02,4.09,0,0,0.0,-0.02,0,3,11,3.9,9
2026-09-01,2,73,Adams,Bournemouth,MID,5.0,a,100,1.0,36,0,2,1.0,0.2,0.0,0.0,0.0,0.47,0,0,0.0,0.0,0,3,6,0.7,8
2026-09-01,2,90,Hickey,Brentford,DEF,4.5,a,,1.0,16,0,2,1.0,0.1,0.0,0.02,0.02,0.1,0,0,0.0,-0.02,0,0,1,0.8,8
2026-09-01,2,102,Yarmoliuk,Brentford,MID,5.0,a,,1.0,44,0,2,1.0,1.0,0.04,0.01,0.05,1.42,0,0,-0.04,-0.01,0,1,6,2.6,11
2026-09-01,2,106,Thiago,Brentford,FWD,8.0,a,,1.0,172,2,2,1.0,14.7,1.8,0.09,1.89,1.96,0,0,-1.8,-0.09,1,1,9,7.8,-1
2026-09-01,2,108,Wilson,Brentford,FWD,5.5,a,,1.0,9,0,2,1.0,0.4,0.07,0.04,0.11,0.07,0,0,-0.07,-0.04,0,0,1,2.5,7
2026-09-01,2,129,Ayari,Brighton,MID,5.5,d,75,0.8,63,1,2,1.0,0.5,0.11,0.03,0.14,0.19,0,0,-0.11,-0.03,1,0,4,1.7,8
2026-09-01,2,600,Osman,Brighton,MID,5.0,a,,1.0,28,0,2,1.0,0.0,0.0,0.06,0.06,0.1,0,0,0.0,-0.06,0,1,3,3.0,13
2026-09-01,2,28,Martinez,Chelsea,GK,5.0,a,,1.0,90,1,2,1.0,4.4,0.0,0.01,0.01,1.41,0,0,0.0,-0.01,0,3,0,5.6,18
2026-09-01,2,140,Sánchez,Chelsea,GK,4.9,a,,1.0,90,1,2,1.0,1.7,0.0,0.01,0.01,1.33,0,0,0.0,-0.01,0,2,0,2.1,6
2026-09-01,2,144,Gusto,Chelsea,DEF,5.0,a,,1.0,165,2,2,1.0,1.2,0.0,0.04,0.04,2.52,0,0,0.0,-0.04,0,5,8,3.2,1
2026-09-01,2,583,Chavarria,Chelsea,DEF,5.0,a,,1.0,43,0,2,1.0,0.2,0.0,0.02,0.02,0.37,0,0,0.0,-0.02,0,1,4,1.2,4
2026-09-01,2,104,Onyeka,Coventry City,MID,5.0,a,,1.0,90,1,2,1.0,0.1,0.0,0.01,0.01,1.88,0,0,0.0,-0.01,0,3,9,0.5,8
2026-09-01,2,182,Amenda,Coventry City,DEF,4.0,a,,1.0,180,2,2,1.0,0.8,0.02,0.05,0.07,2.6,0,0,-0.02,-0.05,0,4,13,4.9,5
2026-09-01,2,188,Torp,Coventry City,MID,5.5,a,,1.0,47,0,2,1.0,0.1,0.0,0.12,0.12,1.01,0,0,0.0,-0.12,0,1,3,2.6,10
2026-09-01,2,195,Simms,Coventry City,FWD,5.0,a,,1.0,69,1,2,1.0,0.9,0.0,0.01,0.01,1.6,0,0,0.0,-0.01,0,3,3,1.7,7
2026-09-01,2,584,Hamer,Coventry City,MID,5.5,a,,1.0,27,0,2,1.0,0.1,0.0,0.02,0.02,0.82,0,0,0.0,-0.02,0,1,1,0.3,5
2026-09-01,2,42,Guessand,Crystal Palace,MID,5.5,a,,1.0,54,0,2,1.0,0.0,0.03,0.03,0.06,0.34,0,0,-0.03,-0.03,0,1,2,1.5,6
2026-09-01,2,223,Mateta,Crystal Palace,FWD,6.4,i,0,0.0,62,1,2,1.0,3.2,0.7,0.02,0.72,0.98,0,0,-0.7,-0.02,0,2,5,2.5,-3
2026-09-01,2,577,Tomiyasu,Crystal Palace,DEF,4.5,a,,1.0,91,1,2,1.0,0.3,0.0,0.01,0.01,2.15,0,0,0.0,-0.01,0,3,9,2.1,0
2026-09-01,2,209,Johnson,Everton,MID,5.9,a,,1.0,34,0,2,1.0,0.1,0.0,0.0,0.0,1.87,0,0,0.0,0.0,0,0,4,0.5,4
2026-09-01,2,239,Garner,Everton,MID,6.0,a,100,1.0,72,1,2,1.0,0.1,0.0,0.03,0.03,0.92,0,0,0.0,-0.03,0,1,11,2.4,15
2026-09-01,2,248,Beto,Everton,FWD,5.4,a,,1.0,31,0,2,1.0,2.0,0.09,0.0,0.09,1.92,0,0,-0.09,0.0,0,0,1,0.8,5
2026-09-01,2,257,Bassey,Fulham,DEF,4.5,a,,1.0,180,2,2,1.0,0.8,0.02,0.03,0.05,4.26,0,0,-0.02,-0.03,0,4,11,4.2,14
2026-09-01,2,263,Kevin,Fulham,MID,5.5,a,,1.0,24,0,2,1.0,0.0,0.0,0.05,0.05,0.2,0,0,0.0,-0.05,0,0,3,0.8,4
2026-09-01,2,269,Sessegnon,Fulham,DEF,4.5,a,,1.0,39,0,2,1.0,0.4,0.05,0.12,0.17,1.8,0,0,-0.05,-0.12,0,1,2,5.4,10
2026-09-01,2,580,Charles,Fulham,MID,5.0,a,,1.0,45,0,2,1.0,0.1,0.09,0.03,0.12,1.8,0,0,-0.09,-0.03,0,1,5,1.4,7
2026-09-01,2,281,Drameh,Hull City,DEF,4.0,a,100,1.0,65,0,2,1.0,0.1,0.05,0.0,0.05,0.87,0,0,-0.05,0.0,0,0,6,0.8,8
2026-09-01,2,289,Crooks,Hull City,MID,4.5,d,75,0.8,90,1,2,1.0,0.6,0.0,0.0,0.0,1.83,0,0,0.0,0.0,1,0,9,2.1,9
2026-09-01,2,585,Herrington,Hull City,DEF,4.0,a,,1.0,57,0,2,1.0,0.6,0.0,0.0,0.0,1.16,0,0,0.0,0.0,0,0,5,1.1,7
2026-09-01,2,323,McAteer,Ipswich Town,MID,4.5,a,,1.0,31,0,2,1.0,1.3,0.0,0.0,0.0,0.21,0,0,0.0,0.0,0,0,4,0.3,7
2026-09-01,2,592,Ouattara,Ipswich Town,DEF,4.0,a,,1.0,27,0,2,1.0,1.0,0.0,0.0,0.0,0.89,0,0,0.0,0.0,0,1,2,1.6,3
2026-09-01,2,350,A.Becker,Liverpool,GK,5.5,a,,1.0,180,2,2,1.0,3.8,0.0,0.0,0.0,3.88,0,0,0.0,0.0,0,4,0,2.6,2
2026-09-01,2,406,Kovačić,Man City,MID,5.5,a,,1.0,42,0,2,1.0,0.1,0.0,0.02,0.02,0.1,0,0,0.0,-0.02,0,0,2,0.9,12
2026-09-01,2,422,Mazraoui,Man Utd,DEF,4.5,a,,1.0,96,1,2,1.0,0.7,0.22,0.05,0.27,2.01,0,0,-0.22,-0.05,0,3,5,5.9,7
2026-09-01,2,439,Šeško,Man Utd,FWD,7.0,a,100,1.0,33,0,2,1.0,1.7,0.04,0.01,0.05,1.07,0,0,-0.04,-0.01,0,1,3,2.4,7
2026-09-01,2,405,N.Gonzalez,Newcastle,MID,5.5,a,,1.0,70,1,2,1.0,0.2,0.0,0.2,0.2,0.74,0,0,0.0,-0.2,1,0,4,3.7,9
2026-09-01,2,462,Steur,Newcastle,MID,5.0,a,,1.0,74,1,2,1.0,0.1,0.0,0.0,0.0,1.86,0,0,0.0,0.0,0,1,5,0.7,7
2026-09-01,2,474,Jair Cunha,Nott'm Forest,DEF,4.5,a,,1.0,180,2,2,1.0,0.2,0.0,0.0,0.0,2.22,0,0,0.0,0.0,0,3,16,3.7,11
2026-09-01,2,478,Netz,Nott'm Forest,DEF,4.5,a,,1.0,20,0,2,1.0,0.0,0.0,0.0,0.0,0.13,0,0,0.0,0.0,0,1,1,0.3,3
2026-09-01,2,488,I.Sangaré,Nott'm Forest,MID,5.0,i,0,0.0,90,1,2,1.0,0.7,0.03,0.01,0.04,0.47,0,0,-0.03,-0.01,0,1,6,3.4,10
2026-09-01,2,112,Van Hecke,Spurs,DEF,5.0,a,,1.0,180,2,2,1.0,8.1,0.11,0.06,0.17,4.59,0,0,-0.11,-0.06,0,5,17,10.6,12
2026-09-01,2,401,Marmoush,Spurs,FWD,7.0,a,,1.0,90,1,2,1.0,1.9,0.17,0.07,0.24,0.72,0,0,-0.17,-0.07,0,2,4,7.2,14
2026-09-01,2,506,Udogie,Spurs,DEF,4.5,a,,1.0,26,0,2,1.0,0.4,0.0,0.21,0.21,0.68,0,0,0.0,-0.21,0,1,1,1.9,5
2026-09-01,2,526,Solanke,Spurs,FWD,5.9,a,,1.0,37,0,2,1.0,1.1,0.27,0.0,0.27,0.85,0,0,-0.27,0.0,0,0,0,1.5,9
2026-09-01,2,527,Richarlison,Spurs,FWD,5.9,a,,1.0,67,1,2,1.0,2.1,0.0,0.0,0.0,3.02,0,0,0.0,0.0,0,3,1,0.2,6
2026-09-01,2,548,Rigg,Sunderland,MID,5.0,a,,1.0,17,0,2,1.0,0.1,0.0,0.0,0.0,0.44,0,0,0.0,0.0,0,1,1,0.0,6
2026-09-01,2,9,Hincapie,Arsenal,DEF,5.4,a,,0.5,9,0,1,0.5,1.3,0.0,0.0,0.0,0.15,0,0,0.0,0.0,0,0,0,0.1,3
2026-09-01,2,16,Madueke,Arsenal,MID,6.4,a,,0.5,22,0,1,0.5,0.3,0.0,0.04,0.04,0.15,0,0,0.0,-0.04,0,0,2,5.3,8
2026-09-01,2,31,Konsa,Arsenal,DEF,4.4,a,,0.5,11,0,1,0.5,10.5,0.0,0.0,0.0,0.0,0,0,0.0,0.0,0,0,1,0.3,3
2026-09-01,2,452,Bruno G.,Arsenal,MID,6.9,a,100,0.5,19,0,1,0.5,2.3,0.0,0.01,0.01,0.0,0,0,0.0,-0.01,0,0,3,0.4,4
2026-09-01,2,29,M.Bizot,Aston Villa,GK,4.5,a,,0.5,90,1,1,0.5,0.1,0.0,0.0,0.0,3.77,0,0,0.0,0.0,0,4,0,2.8,1
2026-09-01,2,32,Cash,Aston Villa,DEF,4.5,a,,0.5,167,2,1,0.5,7.2,0.15,0.01,0.16,4.81,0,0,-0.15,-0.01,0,5,13,3.6,0
2026-09-01,2,33,Mings,Aston Villa,DEF,4.5,a,,0.5,16,0,1,0.5,0.4,0.0,0.0,0.0,0.22,0,0,0.0,0.0,0,0,1,0.2,5
2026-09-01,2,35,Bogarde,Aston Villa,MID,5.0,a,,0.5,16,0,1,0.5,0.1,0.0,0.0,0.0,0.22,0,0,0.0,0.0,0,0,1,0.3,3
2026-09-01,2,36,Maatsen,Aston Villa,DEF,4.5,a,,0.5,171,2,1,0.5,0.7,0.1,0.0,0.1,4.66,0,0,-0.1,0.0,0,5,17,3.0,-14
2026-09-01,2,52,Alysson,Aston Villa,MID,5.0,a,,0.5,27,0,1,0.5,0.0,0.0,0.0,0.0,0.16,0,0,0.0,0.0,0,0,5,0.8,7
2026-09-01,2,56,Abraham,Aston Villa,FWD,5.5,a,100,0.5,19,0,1,0.5,0.1,0.0,0.0,0.0,0.02,0,0,0.0,0.0,0,0,0,0.1,3
2026-09-01,2,596,Ruggeri,Aston Villa,DEF,4.5,a,,0.5,8,0,1,0.5,0.1,0.0,0.0,0.0,0.14,0,0,0.0,0.0,0,0,2,0.4,3
2026-09-01,2,611,Wan-Bissaka,Aston Villa,DEF,4.5,a,,1.7,12,0,1,1.0,0.1,0.0,0.0,0.0,0.0,0,0,0.0,0.0,0,0,2,0.4,4
2026-09-01,2,72,Gannon-Doak,Bournemouth,MID,5.0,a,,0.5,1,0,1,0.5,0.1,0.0,0.0,0.0,0.19,0,0,0.0,0.0,0,1,1,0.2,3
2026-09-01,2,74,Brooks,Bournemouth,MID,5.0,a,100,0.5,9,0,1,0.5,0.1,0.0,0.01,0.01,0.16,0,0,0.0,-0.01,0,1,0,0.1,3
2026-09-01,2,75,Christie,Bournemouth,MID,5.0,a,100,0.5,3,0,1,0.5,0.0,0.0,0.0,0.0,0.13,0,0,0.0,0.0,0,1,2,0.3,5
2026-09-01,2,76,Tóth.A,Bournemouth,MID,5.0,a,,0.5,15,0,1,0.5,0.0,0.0,0.0,0.0,0.31,0,0,0.0,0.0,0,2,2,0.3,5
2026-09-01,2,81,Rodríguez,Bournemouth,FWD,6.0,a,100,0.5,9,0,1,0.5,0.1,0.0,0.0,0.0,0.16,0,0,0.0,0.0,0,1,1,0.0,4
2026-09-01,2,608,Jebbison,Bournemouth,FWD,5.0,a,,0.5,15,0,1,0.5,0.1,0.1,0.0,0.1,0.31,0,0,-0.1,0.0,0,2,1,2.1,6
2026-09-01,2,89,Henry,Brentford,DEF,4.5,a,,0.5,2,0,1,0.5,0.2,0.0,0.0,0.0,0.0,0,0,0.0,0.0,0,0,0,0.0,3
2026-09-01,2,119,Costinha,Brighton,DEF,4.5,a,,0.5,36,0,1,0.5,0.0,0.12,0.0,0.12,0.14,0,0,-0.12,0.0,0,0,4,2.8,6
2026-09-01,2,135,Yohanna,Brighton,MID,5.0,a,,0.5,12,0,1,0.5,0.1,0.0,0.03,0.03,0.0,0,0,0.0,-0.03,0,0,0,0.2,3
2026-09-01,2,594,David,Brighton,FWD,6.0,a,,0.5,10,0,1,0.5,0.3,0.0,0.0,0.0,0.04,0,0,0.0,0.0,0,0,0,0.4,3
2026-09-01,2,142,James,Chelsea,DEF,5.5,a,,0.5,112,1,1,0.5,8.8,0.1,0.07,0.17,1.47,0,0,-0.1,-0.07,0,3,6,6.2,4
2026-09-01,2,149,Colwill,Chelsea,DEF,5.0,a,,0.5,161,2,1,0.5,1.4,0.01,0.03,0.04,2.64,0,0,-0.01,-0.03,0,4,13,2.9,8
2026-09-01,2,155,Enzo,Chelsea,MID,6.9,a,,0.5,25,0,1,0.5,3.5,0.0,0.02,0.02,0.28,0,0,0.0,-0.02,0,0,3,1.5,6
2026-09-01,2,157,Estêvão,Chelsea,MID,6.4,a,,0.5,7,0,1,0.5,0.9,0.0,0.0,0.0,0.09,0,0,0.0,0.0,0,0,1,0.1,3
2026-09-01,2,159,Caicedo,Chelsea,MID,5.4,d,75,0.4,13,0,1,0.5,2.2,0.0,0.0,0.0,0.07,0,0,0.0,0.0,0,0,0,0.0,3
2026-09-01,2,164,Quenda,Chelsea,MID,5.4,a,100,0.5,8,0,1,0.5,0.0,0.0,0.0,0.0,0.09,0,0,0.0,0.0,0,0,1,0.4,2
2026-09-01,2,568,Barco,Chelsea,MID,5.5,a,,0.5,8,0,1,0.5,0.1,0.04,0.0,0.04,0.07,0,0,-0.04,0.0,0,1,1,0.2,1
2026-09-01,2,91,Pinnock,Coventry City,DEF,4.5,a,,0.5,12,0,1,0.5,0.1,0.0,0.0,0.0,0.54,0,0,0.0,0.0,0,1,2,0.5,-1
2026-09-01,2,185,Sakamoto,Coventry City,MID,5.0,a,,0.5,31,0,1,0.5,0.1,0.02,0.02,0.04,0.69,0,0,-0.02,-0.02,0,1,4,1.9,8
2026-09-01,2,186,Mason-Clark,Coventry City,MID,5.5,a,100,0.5,57,1,1,0.5,0.1,0.0,0.06,0.06,0.02,0,0,0.0,-0.06,0,0,4,2.0,4
2026-09-01,2,153,Disasi,Crystal Palace,DEF,4.5,a,,0.5,16,0,1,0.5,0.1,0.0,0.0,0.0,0.2,0,0,0.0,0.0,0,1,1,0.1,-2
2026-09-01,2,203,Canvot,Crystal Palace,DEF,5.0,a,,0.5,180,2,1,0.5,0.3,0.05,0.01,0.06,3.33,0,0,-0.05,-0.01,0,6,15,6.1,8
2026-09-01,2,204,Mitchell,Crystal Palace,DEF,4.5,a,,0.5,180,2,1,0.5,5.0,0.11,0.17,0.28,3.33,0,0,-0.11,-0.17,0,6,10,6.7,1
2026-09-01,2,206,Chadi Riad,Crystal Palace,DEF,4.4,i,0,0.0,72,1,1,0.5,0.0,0.0,0.01,0.01,0.98,0,0,0.0,-0.01,0,2,7,1.4,7
2026-09-01,2,207,Mingueza,Crystal Palace,DEF,4.5,a,,0.5,15,0,1,0.5,0.1,0.0,0.0,0.0,0.2,0,0,0.0,0.0,0,1,1,0.2,1
2026-09-01,2,595,Gozo,Crystal Palace,MID,5.0,a,,0.5,22,0,1,0.5,0.0,0.0,0.0,0.0,0.2,0,0,0.0,0.0,0,1,1,0.3,3
2026-09-01,2,240,Iroegbunam,Everton,MID,5.0,a,100,0.5,4,0,1,0.5,0.0,0.0,0.0,0.0,0.0,0,0,0.0,0.0,0,0,0,0.0,2
2026-09-01,2,243,Alcaraz,Everton,MID,5.0,a,,0.5,5,0,1,0.5,0.1,0.05,0.02,0.07,0.04,0,0,-0.05,-0.02,0,0,3,2.7,5
2026-09-01,2,253,Andersen,Fulham,DEF,5.0,a,100,0.5,90,1,1,0.5,0.1,0.0,0.04,0.04,2.02,0,0,0.0,-0.04,0,1,8,3.3,4
2026-09-01,2,262,Smith Rowe,Fulham,MID,5.5,a,,0.5,14,0,1,0.5,0.3,0.06,0.02,0.08,0.41,0,0,-0.06,-0.02,0,0,1,3.5,5
2026-09-01,2,271,Muniz,Fulham,FWD,5.5,a,,0.5,8,0,1,0.5,0.5,0.02,0.0,0.02,0.03,0,0,-0.02,0.0,0,0,1,2.5,6
2026-09-01,2,285,McNair,Hull City,DEF,4.0,a,,0.5,26,0,1,0.5,0.1,0.0,0.0,0.0,0.96,0,0,0.0,0.0,0,0,2,0.4,3
2026-09-01,2,556,Targett,Hull City,DEF,4.0,a,,0.5,5,0,1,0.5,2.1,0.0,0.0,0.0,0.07,0,0,0.0,0.0,0,0,0,0.0,3
2026-09-01,2,563,Morita,Hull City,MID,5.0,a,100,0.5,45,1,1,0.5,0.0,0.0,0.0,0.0,1.09,0,0,0.0,0.0,0,0,3,2.4,6
2026-09-01,2,589,Gourna-Douath,Hull City,MID,5.0,a,,0.5,45,0,1,0.5,0.0,0.0,0.01,0.01,0.2,0,0,0.0,-0.01,0,0,6,1.4,6
2026-09-01,2,617,Cho,Hull City,MID,5.0,a,,1.5,7,0,1,1.0,0.0,0.0,0.0,0.0,0.18,0,0,0.0,0.0,0,0,0,0.1,3
2026-09-01,2,306,Greaves,Ipswich Town,DEF,4.0,a,,0.5,180,2,1,0.5,1.4,0.0,0.01,0.01,5.43,0,0,0.0,-0.01,0,6,17,3.8,-1
2026-09-01,2,308,Furlong,Ipswich Town,DEF,4.0,a,,0.5,17,0,1,0.5,0.6,0.0,0.0,0.0,0.86,0,0,0.0,0.0,0,1,3,0.6,-1
2026-09-01,2,321,Walle Egeli,Ipswich Town,FWD,4.5,a,,0.5,10,0,1,0.5,3.1,0.0,0.0,0.0,0.03,0,0,0.0,0.0,0,0,0,0.0,3
2026-09-01,2,619,Palacios,Ipswich Town,MID,5.0,a,,1.5,28,0,1,1.0,0.0,0.0,0.01,0.01,1.92,0,0,0.0,-0.01,0,2,6,2.1,11
2026-09-01,2,339,Longstaff,Leeds,MID,5.0,a,,0.5,8,0,1,0.5,0.1,0.0,0.0,0.0,0.07,0,0,0.0,0.0,0,0,0,0.0,3
2026-09-01,2,343,James,Leeds,MID,5.0,a,,0.5,22,0,1,0.5,0.1,0.24,0.01,0.25,0.93,0,0,-0.24,-0.01,0,0,2,1.1,2
2026-09-01,2,345,Tanaka,Leeds,MID,4.9,a,,0.5,45,0,1,0.5,0.2,0.0,0.01,0.01,1.13,0,0,0.0,-0.01,0,0,11,2.2,6
2026-09-01,2,598,Elvedi,Leeds,DEF,4.5,a,,0.5,56,0,1,0.5,0.0,0.0,0.0,0.0,1.32,0,0,0.0,0.0,0,1,6,2.3,9
2026-09-01,2,357,Frimpong,Liverpool,DEF,5.5,a,,0.5,160,2,1,0.5,3.2,0.01,0.11,0.12,3.81,0,0,-0.01,-0.11,0,4,8,9.2,12
2026-09-01,2,358,Kerkez,Liverpool,DEF,5.5,a,,0.5,160,2,1,0.5,3.1,0.02,0.03,0.05,3.81,0,0,-0.02,-0.03,0,4,15,8.1,12
2026-09-01,2,364,Tsimikas,Liverpool,DEF,5.0,a,,0.5,19,0,1,0.5,0.1,0.04,0.01,0.05,0.07,0,0,-0.04,-0.01,0,0,0,1.4,4
2026-09-01,2,375,Nyoni,Liverpool,MID,5.0,a,,0.5,13,0,1,0.5,0.0,0.0,0.0,0.0,0.07,0,0,0.0,0.0,0,0,5,0.9,3
2026-09-01,2,381,Koumas,Liverpool,MID,5.0,a,,0.5,12,0,1,0.5,0.0,0.03,0.0,0.03,0.48,0,0,-0.03,0.0,0,0,1,0.9,4
2026-09-01,2,579,Araujo,Liverpool,DEF,5.5,a,,0.5,33,0,1,0.5,2.3,0.0,0.04,0.04,0.61,0,0,0.0,-0.04,0,0,5,2.2,2
2026-09-01,2,238,Grealish,Man City,MID,6.5,a,100,0.5,8,0,1,0.5,0.2,0.0,0.0,0.0,0.0,0,0,0.0,0.0,0,0,1,0.2,2
2026-09-01,2,389,Matheus N.,Man City,DEF,6.0,d,75,0.4,33,0,1,0.5,1.1,0.0,0.04,0.04,0.1,0,0,0.0,-0.04,0,0,1,0.9,4
2026-09-01,2,395,Lewis,Man City,DEF,4.5,a,,0.5,56,1,1,0.5,0.2,0.17,0.02,0.19,0.55,0,0,-0.17,-0.02,0,1,2,4.7,-1
2026-09-01,2,396,Vitor Reis,Man City,DEF,4.5,a,,0.5,1,0,1,0.5,0.0,0.0,0.0,0.0,0.0,0,0,0.0,0.0,0,0,0,0.2,3
2026-09-01,2,616,Bouaddi,Man City,MID,5.5,a,,2.0,8,0,1,1.0,0.1,0.0,0.12,0.12,0.0,0,0,0.0,-0.12,0,0,1,0.6,3
2026-09-01,2,621,McAidoo,Man City,MID,4.5,a,,1.0,8,0,1,1.0,0.1,0.1,0.0,0.1,0.0,0,0,-0.1,0.0,0,0,0,0.1,3
2026-09-01,2,622,Braithwaite,Man City,DEF,4.0,a,,1.0,1,0,1,1.0,0.1,0.0,0.0,0.0,0.0,0,0,0.0,0.0,0,0,0,0.1,3
2026-09-01,2,415,Dorgu,Man Utd,MID,5.9,a,,0.5,55,1,1,0.5,0.9,0.65,0.04,0.69,1.92,0,0,-0.65,-0.04,0,3,3,6.5,-7
2026-09-01,2,419,Martinez,Man Utd,DEF,5.0,a,100,0.5,90,1,1,0.5,1.3,0.03,0.06,0.09,2.06,0,0,-0.03,-0.06,0,2,0,1.0,2
2026-09-01,2,420,Yoro,Man Utd,DEF,4.9,a,,0.5,16,0,1,0.5,0.6,0.0,0.01,0.01,1.0,0,0,0.0,-0.01,0,1,2,0.4,-2
2026-09-01,2,421,Heaven,Man Utd,DEF,4.5,a,,0.5,90,1,1,0.5,0.4,0.12,0.04,0.16,1.01,0,0,-0.12,-0.04,0,2,2,2.0,5
2026-09-01,2,435,Lacey,Man Utd,MID,5.0,a,,0.5,10,0,1,0.5,0.1,0.0,0.0,0.0,0.0,0,0,0.0,0.0,0,0,1,0.1,3
2026-09-01,2,446,Schär,Newcastle,DEF,5.0,a,100,0.5,1,0,1,0.5,0.2,0.0,0.0,0.0,0.79,0,0,0.0,0.0,0,1,0,0.0,-1
2026-09-01,2,456,J.Ramsey,Newcastle,MID,5.0,a,,0.5,42,0,1,0.5,0.3,0.06,0.14,0.2,1.88,0,0,-0.06,-0.14,0,1,7,1.7,4
2026-09-01,2,457,J.Murphy,Newcastle,MID,5.9,a,,0.5,22,0,1,0.5,0.1,0.0,0.2,0.2,1.42,0,0,0.0,-0.2,0,1,5,0.8,2
2026-09-01,2,461,Touré,Newcastle,MID,5.9,a,,0.5,1,0,1,0.5,0.2,0.0,0.0,0.0,0.0,0,0,0.0,0.0,0,0,0,0.0,3
2026-09-01,2,559,Bamba,Newcastle,MID,5.0,a,,0.5,14,0,1,0.5,0.1,0.0,0.0,0.0,1.04,0,0,0.0,0.0,0,1,2,0.4,5
2026-09-01,2,167,Delap,Nott'm Forest,FWD,5.5,a,,0.5,24,0,1,0.5,0.7,0.07,0.0,0.07,0.33,0,0,-0.07,0.0,0,1,0,2.1,9
2026-09-01,2,482,Hudson-Odoi,Nott'm Forest,MID,5.9,a,100,0.5,1,0,1,0.5,0.2,0.0,0.0,0.0,0.0,0,0,0.0,0.0,0,0,0,0.0,2
2026-09-01,2,487,Dominguez,Nott'm Forest,MID,5.0,a,,0.5,1,0,1,0.5,0.1,0.0,0.0,0.0,0.0,0,0,0.0,0.0,0,0,0,0.0,3
2026-09-01,2,490,Wood,Nott'm Forest,FWD,5.9,a,,0.5,28,0,1,0.5,1.3,0.12,0.01,0.13,0.22,0,0,-0.12,-0.01,0,1,1,0.4,3
2026-09-01,2,493,Kalimuendo,Nott'm Forest,FWD,5.5,a,,0.5,1,0,1,0.5,0.0,0.0,0.0,0.0,0.0,0,0,0.0,0.0,0,0,0,0.0,3
2026-09-01,2,499,Pedro Porro,Spurs,DEF,5.5,a,100,0.5,90,1,1,0.5,12.4,0.33,0.1,0.43,0.72,0,0,-0.33,-0.1,0,2,4,3.8,1
2026-09-01,2,512,Kudus,Spurs,MID,6.5,a,100,0.5,22,0,1,0.5,0.1,0.04,0.01,0.05,0.24,0,0,-0.04,-0.01,0,1,2,1.6,4
2026-09-01,2,515,Maddison,Spurs,MID,6.4,d,75,0.4,22,0,1,0.5,0.7,0.0,0.01,0.01,0.85,0,0,0.0,-0.01,0,0,2,2.1,6
2026-09-01,2,520,Bergvall,Spurs,MID,5.5,a,,0.5,45,1,1,0.5,0.2,0.0,0.01,0.01,1.7,0,0,0.0,-0.01,0,2,8,0.0,2
2026-09-01,2,535,Alderete,Sunderland,DEF,5.0,a,100,0.5,23,0,1,0.5,0.4,0.0,0.01,0.01,0.1,0,0,0.0,-0.01,0,1,0,0.0,2
2026-09-01,2,539,O'Nien,Sunderland,DEF,4.0,a,,0.5,66,1,1,0.5,3.2,0.01,0.01,0.02,1.69,0,0,-0.01,-0.01,0,1,5,1.7,1
2026-09-01,2,547,Mundle,Sunderland,MID,5.0,a,,0.5,1,0,1,0.5,0.0,0.17,0.0,0.17,0.09,0,0,-0.17,0.0,0,0,1,2.5,2
2026-09-01,2,549,Talbi,Sunderland,MID,5.4,a,,0.5,31,0,1,0.5,0.2,0.0,0.0,0.0,0.14,0,0,0.0,0.0,0,1,2,0.0,1
2026-09-01,2,2,Arrizabalaga,Arsenal,GK,5.0,a,,0.0,0,0,0,0.0,0.1,0.0,0.0,0.0,0.0,0,0,0.0,0.0,0,0,0,0.0,0
2026-09-01,2,3,Meslier,Arsenal,GK,5.0,a,,0.0,0,0,0,0.0,0.0,0.0,0.0,0.0,0.0,0,0,0.0,0.0,0,0,0,0.0,0
2026-09-01,2,5,J.Timber,Arsenal,DEF,6.5,i,0,0.0,0,0,0,0.0,0.1,0.0,0.0,0.0,0.0,0,0,0.0,0.0,0,0,0,0.0,0
2026-09-01,2,6,Saliba,Arsenal,DEF,6.0,i,0,0.0,0,0,0,0.0,0.2,0.0,0.0,0.0,0.0,0,0,0.0,0.0,0,0,0,0.0,0
2026-09-01,2,18,Martinelli,Arsenal,MID,6.4,a,,0.0,0,0,0,0.0,0.2,0.0,0.0,0.0,0.0,0,0,0.0,0.0,0,0,0,0.0,0
2026-09-01,2,20,Dowman,Arsenal,MID,5.4,a,,0.0,0,0,0,0.0,0.1,0.0,0.0,0.0,0.0,0,0,0.0,0.0,0,0,0,0.0,0
2026-09-01,2,22,Nwaneri,Arsenal,MID,5.4,a,,0.0,0,0,0,0.0,0.0,0.0,0.0,0.0,0.0,0,0,0.0,0.0,0,0,0,0.0,0
2026-09-01,2,23,Fábio Vieira,Arsenal,MID,5.5,a,,0.0,0,0,0,0.0,0.0,0.0,0.0,0.0,0.0,0,0,0.0,0.0,0,0,0,0.0,0
2026-09-01,2,24,Nelson,Arsenal,MID,5.5,u,0,0.0,0,0,0,0.0,0.0,0.0,0.0,0.0,0.0,0,0,0.0,0.0,0,0,0,0.0,0
2026-09-01,2,25,Gyökeres,Arsenal,FWD,7.4,a,,0.0,0,0,0,0.0,5.5,0.0,0.0,0.0,0.0,0,0,0.0,0.0,0,0,0,0.0,0
2026-09-01,2,27,G.Jesus,Arsenal,FWD,5.9,a,,0.0,0,0,0,0.0,0.3,0.0,0.0,0.0,0.0,0,0,0.0,0.0,0,0,0,0.0,0
2026-09-01,2,30,Digne,Aston Villa,DEF,4.5,u,0,0.0,0,0,0,0.0,0.1,0.0,0.0,0.0,0.0,0,0,0.0,0.0,0,0,0,0.0,0
2026-09-01,2,37,Lindelöf,Aston Villa,DEF,4.5,a,,0.0,180,2,0,0.0,0.3,0.0,0.08,0.08,4.81,0,0,0.0,-0.08,0,5,10,1.8,-3
2026-09-01,2,38,A.García,Aston Villa,DEF,4.0,a,,0.0,0,0,0,0.0,1.7,0.0,0.0,0.0,0.0,0,0,0.0,0.0,0,0,0,0.0,0
2026-09-01,2,39,Nedeljkovic,Aston Villa,DEF,4.0,u,0,0.0,0,0,0,0.0,0.2,0.0,0.0,0.0,0.0,0,0,0.0,0.0,0,0,0,0.0,0
2026-09-01,2,44,Bailey,Aston Villa,MID,5.5,a,,0.0,0,0,0,0.0,0.1,0.0,0.0,0.0,0.0,0,0,0.0,0.0,0,0,0,0.0,0
2026-09-01,2,48,Onana,Aston Villa,MID,5.0,i,0,0.0,0,0,0,0.0,0.0,0.0,0.0,0.0,0.0,0,0,0.0,0.0,0,0,0,0.0,0
2026-09-01,2,49,Iling Jr,Aston Villa,MID,5.0,u,0,0.0,0,0,0,0.0,0.0,0.0,0.0,0.0,0.0,0,0,0.0,0.0,0,0,0,0.0,0
2026-09-01,2,50,Burrowes,Aston Villa,MID,4.5,a,,0.0,0,0,0,0.0,0.7,0.0,0.0,0.0,0.0,0,0,0.0,0.0,0,0,0,0.0,0
2026-09-01,2,53,Manzambi,Aston Villa,MID,5.9,i,0,0.0,0,0,0,0.0,0.2,0.0,0.0,0.0,0.0,0,0,0.0,0.0,0,0,0,0.0,0
2026-09-01,2,55,Watkins,Aston Villa,FWD,7.8,u,0,0.0,0,0,0,0.0,5.8,0.0,0.0,0.0,0.0,0,0,0.0,0.0,0,0,0,0.0,0
2026-09-01,2,582,Madjo,Aston Villa,FWD,5.5,i,0,0.0,0,0,0,0.0,0.3,0.0,0.0,0.0,0.0,0,0,0.0,0.0,0,0,0,0.0,0
2026-09-01,2,606,Rowe,Aston Villa,DEF,4.0,a,,0.0,0,0,0,0.0,0.1,0.0,0.0,0.0,0.0,0,0,0.0,0.0,0,0,0,0.0,0
2026-09-01,2,607,Lynch,Aston Villa,MID,4.5,a,,0.0,0,0,0,0.0,0.1,0.0,0.0,0.0,0.0,0,0,0.0,0.0,0,0,0,0.0,0
2026-09-01,2,618,Goretzka,Aston Villa,MID,6.0,a,,2.2,0,0,0,0.0,0.0,0.0,0.0,0.0,0.0,0,0,0.0,0.0,0,0,0,0.0,0
2026-09-01,2,58,Forster,Bournemouth,GK,4.0,a,,0.0,0,0,0,0.0,3.3,0.0,0.0,0.0,0.0,0,0,0.0,0.0,0,0,0,0.0,0
2026-09-01,2,59,Dennis,Bournemouth,GK,4.0,u,0,0.0,0,0,0,0.0,0.2,0.0,0.0,0.0,0.0,0,0,0.0,0.0,0,0,0,0.0,0
2026-09-01,2,62,Diakité,Bournemouth,DEF,5.0,a,,0.0,0,0,0,0.0,0.2,0.0,0.0,0.0,0.0,0,0,0.0,0.0,0,0,0,0.0,0
2026-09-01,2,63,Milosavljević,Bournemouth,DEF,5.0,i,0,0.0,0,0,0,0.0,0.0,0.0,0.0,0.0,0.0,0,0,0.0,0.0,0,0,0,0.0,0
2026-09-01,2,65,J.Araujo,Bournemouth,DEF,4.5,i,0,0.0,0,0,0,0.0,0.0,0.0,0.0,0.0,0.0,0,0,0.0,0.0,0,0,0,0.0,0
2026-09-01,2,66,Soler,Bournemouth,DEF,4.0,a,100,0.0,0,0,0,0.0,0.2,0.0,0.0,0.0,0.0,0,0,0.0,0.0,0,0,0,0.0,0
2026-09-01,2,77,Adli,Bournemouth,MID,4.9,i,0,0.0,0,0,0,0.0,0.0,0.0,0.0,0.0,0.0,0,0,0.0,0.0,0,0,0,0.0,0
2026-09-01,2,78,Kroupi.Jr,Bournemouth,MID,7.4,i,0,0.0,0,0,0,0.0,0.3,0.0,0.0,0.0,0.0,0,0,0.0,0.0,0,0,0,0.0,0
2026-09-01,2,80,Enes Ünal,Bournemouth,FWD,5.5,u,0,0.0,0,0,0,0.0,0.0,0.0,0.0,0.0,0.0,0,0,0.0,0.0,0,0,0,0.0,0
2026-09-01,2,573,Sanchez,Bournemouth,DEF,4.5,a,,0.0,0,0,0,0.0,0.2,0.0,0.0,0.0,0.0,0,0,0.0,0.0,0,0,0,0.0,0
2026-09-01,2,615,Di Gregorio,Bournemouth,GK,4.5,a,,2.0,0,0,0,0.0,0.0,0.0,0.0,0.0,0.0,0,0,0.0,0.0,0,0,0,0.0,0
2026-09-01,2,83,Valdimarsson,Brentford,GK,4.5,a,,0.0,0,0,0,0.0,0.1,0.0,0.0,0.0,0.0,0,0,0.0,0.0,0,0,0,0.0,0
2026-09-01,2,85,Van den Berg,Brentford,DEF,4.9,i,0,0.0,0,0,0,0.0,0.1,0.0,0.0,0.0,0.0,0,0,0.0,0.0,0,0,0,0.0,0
2026-09-01,2,92,Ji-soo,Brentford,DEF,4.5,a,,0.0,0,0,0,0.0,0.0,0.0,0.0,0.0,0.0,0,0,0.0,0.0,0,0,0,0.0,0
2026-09-01,2,93,Schuster,Brentford,DEF,4.5,a,,0.0,0,0,0,0.0,0.2,0.0,0.0,0.0,0.0,0,0,0.0,0.0,0,0,0,0.0,0
2026-09-01,2,99,Milambo,Brentford,MID,5.0,i,0,0.0,0,0,0,0.0,0.0,0.0,0.0,0.0,0.0,0,0,0.0,0.0,0,0,0,0.0,0
2026-09-01,2,100,Carvalho,Brentford,MID,5.0,a,100,0.0,0,0,0,0.0,0.0,0.0,0.0,0.0,0.0,0,0,0.0,0.0,0,0,0,0.0,0
2026-09-01,2,103,Dasilva,Brentford,MID,5.0,a,,0.0,0,0,0,0.0,0.0,0.0,0.0,0.0,0.0,0,0,0.0,0.0,0,0,0,0.0,0
2026-09-01,2,107,Furo,Brentford,FWD,4.5,a,,0.0,0,0,0,0.0,1.0,0.0,0.0,0.0,0.0,0,0,0.0,0.0,0,0,0,0.0,0
2026-09-01,2,620,Diouf,Brentford,DEF,4.5,a,,1.7,0,0,0,0.0,0.1,0.0,0.0,0.0,0.0,0,0,0.0,0.0,0,0,0,0.0,0
2026-09-01,2,111,Steele,Brighton,GK,4.0,a,,0.0,0,0,0,0.0,4.1,0.0,0.0,0.0,0.0,0,0,0.0,0.0,0,0,0,0.0,0
2026-09-01,2,113,F.Kadıoğlu,Brighton,DEF,4.4,a,100,0.0,90,1,0,0.0,2.1,0.02,0.01,0.03,2.93,0,0,-0.02,-0.01,0,4,0,2.8,-4
2026-09-01,2,117,Coppola,Brighton,DEF,4.5,a,,0.0,0,0,0,0.0,0.0,0.0,0.0,0.0,0.0,0,0,0.0,0.0,0,0,0,0.0,0
2026-09-01,2,118,Igor,Brighton,DEF,4.5,a,,0.0,0,0,0,0.0,0.1,0.0,0.0,0.0,0.0,0,0,0.0,0.0,0,0,0,0.0,0
2026-09-01,2,120,Svoboda,Brighton,DEF,5.0,a,,0.0,0,0,0,0.0,0.1,0.0,0.0,0.0,0.0,0,0,0.0,0.0,0,0,0,0.0,0
2026-09-01,2,121,Mitoma,Brighton,MID,6.0,i,0,0.0,0,0,0,0.0,0.0,0.0,0.0,0.0,0.0,0,0,0.0,0.0,0,0,0,0.0,0
2026-09-01,2,122,Minteh,Brighton,MID,5.9,i,0,0.0,0,0,0,0.0,0.0,0.0,0.0,0.0,0.0,0,0,0.0,0.0,0,0,0,0.0,0
2026-09-01,2,126,O'Riley,Brighton,MID,5.5,a,,0.0,0,0,0,0.0,0.1,0.0,0.0,0.0,0.0,0,0,0.0,0.0,0,0,0,0.0,0
2026-09-01,2,128,Buonanotte,Brighton,MID,5.0,u,0,0.0,0,0,0,0.0,0.0,0.0,0.0,0.0,0.0,0,0,0.0,0.0,0,0,0,0.0,0
2026-09-01,2,132,Howell,Brighton,MID,4.5,u,0,0.0,0,0,0,0.0,0.0,0.0,0.0,0.0,0.0,0,0,0.0,0.0,0,0,0,0.0,0
2026-09-01,2,133,Watson,Brighton,MID,5.0,u,0,0.0,0,0,0,0.0,0.0,0.0,0.0,0.0,0.0,0,0,0.0,0.0,0,0,0,0.0,0
2026-09-01,2,134,Oriola,Brighton,MID,4.5,a,,0.0,0,0,0,0.0,0.3,0.0,0.0,0.0,0.0,0,0,0.0,0.0,0,0,0,0.0,0
2026-09-01,2,137,Tzimas,Brighton,FWD,5.5,i,0,0.0,0,0,0,0.0,0.0,0.0,0.0,0.0,0.0,0,0,0.0,0.0,0,0,0,0.0,0
2026-09-01,2,139,Ferguson,Brighton,FWD,5.0,i,0,0.0,0,0,0,0.0,0.0,0.0,0.0,0.0,0.0,0,0,0.0,0.0,0,0,0,0.0,0
2026-09-01,2,328,Struijk,Brighton,DEF,5.0,a,100,0.0,0,0,0,0.0,0.2,0.0,0.0,0.0,0.0,0,0,0.0,0.0,0,0,0,0.0,0
2026-09-01,2,614,Hadjam,Brighton,DEF,4.5,a,,1.7,0,0,0,0.0,0.0,0.0,0.0,0.0,0.0,0,0,0.0,0.0,0,0,0,0.0,0
2026-09-01,2,624,Cozier-Duberry,Brighton,MID,5.0,a,,1.5,0,0,0,0.0,0.0,0.0,0.0,0.0,0.0,0,0,0.0,0.0,0,0,0,0.0,0
2026-09-01,2,101,Henderson,Chelsea,MID,5.0,d,75,0.0,0,0,0,0.0,0.0,0.0,0.0,0.0,0.0,0,0,0.0,0.0,0,0,0,0.0,0
2026-09-01,2,136,Welbeck,Chelsea,FWD,5.9,a,100,0.0,0,0,0,0.0,0.9,0.0,0.0,0.0,0.0,0,0,0.0,0.0,0,0,0,0.0,0
2026-09-01,2,141,Jörgensen,Chelsea,GK,5.0,u,0,0.0,0,0,0,0.0,0.0,0.0,0.0,0.0,0.0,0,0,0.0,0.0,0,0,0,0.0,0
2026-09-01,2,143,Chalobah,Chelsea,DEF,5.5,u,0,0.0,0,0,0,0.0,0.1,0.0,0.0,0.0,0.0,0,0,0.0,0.0,0,0,0,0.0,0
2026-09-01,2,145,Fofana,Chelsea,DEF,5.0,a,100,0.0,67,1,0,0.0,0.1,0.0,0.01,0.01,1.26,0,0,0.0,-0.01,0,2,9,2.0,-2
2026-09-01,2,146,B.Badiashile,Chelsea,DEF,4.5,u,0,0.0,0,0,0,0.0,0.0,0.0,0.0,0.0,0.0,0,0,0.0,0.0,0,0,0,0.0,0
2026-09-01,2,147,Tosin,Chelsea,DEF,4.5,a,,0.0,0,0,0,0.0,0.2,0.0,0.0,0.0,0.0,0,0,0.0,0.0,0,0,0,0.0,0
2026-09-01,2,150,M.Sarr,Chelsea,DEF,4.5,u,0,0.0,0,0,0,0.0,0.1,0.0,0.0,0.0,0.0,0,0,0.0,0.0,0,0,0,0.0,0
2026-09-01,2,152,Palestra,Chelsea,DEF,5.4,d,75,0.0,0,0,0,0.0,1.6,0.0,0.0,0.0,0.0,0,0,0.0,0.0,0,0,0,0.0,0
2026-09-01,2,158,Gittens,Chelsea,MID,5.9,a,,0.0,0,0,0,0.0,0.0,0.0,0.0,0.0,0.0,0,0,0.0,0.0,0,0,0,0.0,0
2026-09-01,2,163,D.Essugo,Chelsea,MID,4.5,a,,0.0,0,0,0,0.0,0.2,0.0,0.0,0.0,0.0,0,0,0.0,0.0,0,0,0,0.0,0
2026-09-01,2,168,Marc Guiu,Chelsea,FWD,5.0,u,0,0.0,0,0,0,0.0,0.4,0.0,0.0,0.0,0.0,0,0,0.0,0.0,0,0,0,0.0,0
2026-09-01,2,169,Mheuka,Chelsea,FWD,4.5,a,,0.0,0,0,0,0.0,0.4,0.0,0.0,0.0,0.0,0,0,0.0,0.0,0,0,0,0.0,0
2026-09-01,2,170,Emegha,Chelsea,FWD,5.0,a,100,0.0,0,0,0,0.0,0.1,0.0,0.0,0.0,0.0,0,0,0.0,0.0,0,0,0,0.0,0
2026-09-01,2,560,Penders,Chelsea,GK,4.5,a,,0.0,0,0,0,0.0,0.1,0.0,0.0,0.0,0.0,0,0,0.0,0.0,0,0,0,0.0,0
2026-09-01,2,561,Anselmino,Chelsea,DEF,4.5,a,100,0.0,0,0,0,0.0,0.0,0.0,0.0,0.0,0.0,0,0,0.0,0.0,0,0,0,0.0,0
2026-09-01,2,578,Mudryk,Chelsea,MID,5.4,a,,0.0,0,0,0,0.0,0.0,0.0,0.0,0.0,0.0,0,0,0.0,0.0,0,0,0,0.0,0
2026-09-01,2,171,Dovin,Coventry City,GK,4.0,a,,0.0,0,0,0,0.0,1.5,0.0,0.0,0.0,0.0,0,0,0.0,0.0,0,0,0,0.0,0
2026-09-01,2,172,Wilson,Coventry City,GK,4.5,a,,0.0,0,0,0,0.0,0.4,0.0,0.0,0.0,0.0,0,0,0.0,0.0,0,0,0,0.0,0
2026-09-01,2,174,Kitching,Coventry City,DEF,4.0,a,,0.0,0,0,0,0.0,0.6,0.0,0.0,0.0,0.0,0,0,0.0,0.0,0,0,0,0.0,0
2026-09-01,2,177,Kesler-Hayden,Coventry City,DEF,4.0,i,0,0.0,0,0,0,0.0,0.0,0.0,0.0,0.0,0.0,0,0,0.0,0.0,0,0,0,0.0,0
2026-09-01,2,178,Bidwell,Coventry City,DEF,4.0,a,,0.0,0,0,0,0.0,0.1,0.0,0.0,0.0,0.0,0,0,0.0,0.0,0,0,0,0.0,0
2026-09-01,2,179,Latibeaudiere,Coventry City,DEF,4.0,a,,0.0,0,0,0,0.0,0.0,0.0,0.0,0.0,0.0,0,0,0.0,0.0,0,0,0,0.0,0
2026-09-01,2,180,Woolfenden,Coventry City,DEF,4.0,i,0,0.0,0,0,0,0.0,0.2,0.0,0.0,0.0,0.0,0,0,0.0,0.0,0,0,0,0.0,0
2026-09-01,2,181,Brau,Coventry City,DEF,4.0,u,0,0.0,0,0,0,0.0,0.0,0.0,0.0,0.0,0.0,0,0,0.0,0.0,0,0,0,0.0,0
2026-09-01,2,187,Eccles,Coventry City,MID,4.9,a,,0.0,0,0,0,0.0,0.0,0.0,0.0,0.0,0.0,0,0,0.0,0.0,0,0,0,0.0,0
2026-09-01,2,189,Shepherd,Coventry City,MID,4.5,a,,0.0,0,0,0,0.0,0.3,0.0,0.0,0.0,0.0,0,0,0.0,0.0,0,0,0,0.0,0
2026-09-01,2,191,Borges Rodrigues,Coventry City,MID,4.5,a,,0.0,0,0,0,0.0,0.2,0.0,0.0,0.0,0.0,0,0,0.0,0.0,0,0,0,0.0,0
2026-09-01,2,192,Andrews,Coventry City,MID,4.5,u,0,0.0,0,0,0,0.0,0.5,0.0,0.0,0.0,0.0,0,0,0.0,0.0,0,0,0,0.0,0
2026-09-01,2,193,Wright,Coventry City,FWD,5.4,i,0,0.0,0,0,0,0.0,0.1,0.0,0.0,0.0,0.0,0,0,0.0,0.0,0,0,0,0.0,0
2026-09-01,2,196,Markelo,Coventry City,FWD,5.0,u,0,0.0,0,0,0,0.0,0.0,0.0,0.0,0.0,0.0,0,0,0.0,0.0,0,0,0,0.0,0
2026-09-01,2,197,Bassette,Coventry City,FWD,4.5,u,0,0.0,0,0,0,0.0,0.0,0.0,0.0,0.0,0.0,0,0,0.0,0.0,0,0,0,0.0,0
2026-09-01,2,599,Cherif,Coventry City,FWD,5.0,a,,0.0,0,0,0,0.0,0.1,0.0,0.0,0.0,0.0,0,0,0.0,0.0,0,0,0,0.0,0
2026-09-01,2,623,Bentley,Coventry City,GK,4.0,a,,1.0,0,0,0,0.0,0.1,0.0,0.0,0.0,0.0,0,0,0.0,0.0,0,0,0,0.0,0
2026-09-01,2,199,Benitez,Crystal Palace,GK,4.5,a,,0.0,0,0,0,0.0,0.1,0.0,0.0,0.0,0.0,0,0,0.0,0.0,0,0,0,0.0,0
2026-09-01,2,205,Sosa,Crystal Palace,DEF,4.5,a,,0.0,0,0,0,0.0,0.0,0.0,0.0,0.0,0.0,0,0,0.0,0.0,0,0,0,0.0,0
2026-09-01,2,208,Sarr,Crystal Palace,MID,6.4,i,0,0.0,0,0,0,0.0,1.5,0.0,0.0,0.0,0.0,0,0,0.0,0.0,0,0,0,0.0,0
2026-09-01,2,212,Hughes,Crystal Palace,MID,4.5,a,,0.0,0,0,0,0.0,9.9,0.0,0.0,0.0,0.0,0,0,0.0,0.0,0,0,0,0.0,0
2026-09-01,2,213,Lerma,Crystal Palace,MID,5.0,a,,0.0,0,0,0,0.0,0.1,0.0,0.0,0.0,0.0,0,0,0.0,0.0,0,0,0,0.0,0
2026-09-01,2,215,Devenny,Crystal Palace,MID,5.0,a,,0.0,0,0,0,0.0,0.0,0.0,0.0,0.0,0.0,0,0,0.0,0.0,0,0,0,0.0,0
2026-09-01,2,216,Esse,Crystal Palace,MID,5.0,a,,0.0,0,0,0,0.0,0.0,0.0,0.0,0.0,0.0,0,0,0.0,0.0,0,0,0,0.0,0
2026-09-01,2,217,M.França,Crystal Palace,MID,4.9,a,,0.0,0,0,0,0.0,0.0,0.0,0.0,0.0,0.0,0,0,0.0,0.0,0,0,0,0.0,0
2026-09-01,2,218,Doucouré,Crystal Palace,MID,4.9,a,,0.0,0,0,0,0.0,0.1,0.0,0.0,0.0,0.0,0,0,0.0,0.0,0,0,0,0.0,0
2026-09-01,2,219,J.Rak-Sakyi,Crystal Palace,MID,5.0,a,,0.0,0,0,0,0.0,0.0,0.0,0.0,0.0,0.0,0,0,0.0,0.0,0,0,0,0.0,0
2026-09-01,2,220,Cardines,Crystal Palace,DEF,4.5,u,0,0.0,0,0,0,0.0,0.0,0.0,0.0,0.0,0.0,0,0,0.0,0.0,0,0,0,0.0,0
2026-09-01,2,221,Drakes-Thomas,Crystal Palace,MID,4.5,a,,0.0,0,0,0,0.0,0.1,0.0,0.0,0.0,0.0,0,0,0.0,0.0,0,0,0,0.0,0
2026-09-01,2,225,Uche,Crystal Palace,FWD,5.0,u,0,0.0,0,0,0,0.0,0.0,0.0,0.0,0.0,0.0,0,0,0.0,0.0,0,0,0,0.0,0
2026-09-01,2,555,Matthews,Crystal Palace,GK,4.0,a,,0.0,0,0,0,0.0,1.8,0.0,0.0,0.0,0.0,0,0,0.0,0.0,0,0,0,0.0,0
2026-09-01,2,21,Nørgaard,Everton,MID,5.0,i,0,0.0,0,0,0,0.0,0.1,0.0,0.0,0.0,0.0,0,0,0.0,0.0,0,0,0,0.0,0
2026-09-01,2,227,Travers,Everton,GK,5.0,a,,0.0,0,0,0,0.0,0.0,0.0,0.0,0.0,0.0,0,0,0.0,0.0,0,0,0,0.0,0
2026-09-01,2,228,King,Everton,GK,4.5,a,,0.0,0,0,0,0.0,0.0,0.0,0.0,0.0,0.0,0,0,0.0,0.0,0,0,0,0.0,0
2026-09-01,2,231,Keane,Everton,DEF,4.9,a,,0.0,0,0,0,0.0,1.2,0.0,0.0,0.0,0.0,0,0,0.0,0.0,0,0,0,0.0,0
2026-09-01,2,232,O'Brien,Everton,DEF,4.9,a,,0.0,0,0,0,0.0,0.4,0.0,0.0,0.0,0.0,0,0,0.0,0.0,0,0,0,0.0,0
2026-09-01,2,234,Patterson,Everton,DEF,4.5,a,,0.0,0,0,0,0.0,0.0,0.0,0.0,0.0,0.0,0,0,0.0,0.0,0,0,0,0.0,0
2026-09-01,2,235,Aznou,Everton,DEF,4.0,u,0,0.0,0,0,0,0.0,0.2,0.0,0.0,0.0,0.0,0,0,0.0,0.0,0,0,0,0.0,0
2026-09-01,2,245,Dibling,Everton,MID,5.4,a,,0.0,0,0,0,0.0,0.0,0.0,0.0,0.0,0.0,0,0,0.0,0.0,0,0,0,0.0,0
2026-09-01,2,251,Lecomte,Fulham,GK,4.0,a,,0.0,0,0,0,0.0,1.2,0.0,0.0,0.0,0.0,0,0,0.0,0.0,0,0,0,0.0,0
2026-09-01,2,252,McNally,Fulham,GK,4.0,u,0,0.0,0,0,0,0.0,0.2,0.0,0.0,0.0,0.0,0,0,0.0,0.0,0,0,0,0.0,0
2026-09-01,2,256,Tete,Fulham,DEF,4.5,a,,0.0,0,0,0,0.0,0.2,0.0,0.0,0.0,0.0,0,0,0.0,0.0,0,0,0,0.0,0
2026-09-01,2,266,Cairney,Fulham,MID,5.0,i,0,0.0,0,0,0,0.0,0.0,0.0,0.0,0.0,0.0,0,0,0.0,0.0,0,0,0,0.0,0
2026-09-01,2,270,Reed,Fulham,MID,4.5,a,,0.0,0,0,0,0.0,1.3,0.0,0.0,0.0,0.0,0,0,0.0,0.0,0,0,0,0.0,0
2026-09-01,2,272,Kusi-Asare,Fulham,FWD,4.5,a,,0.0,0,0,0,0.0,6.8,0.0,0.0,0.0,0.0,0,0,0.0,0.0,0,0,0,0.0,0
2026-09-01,2,610,De Fougerolles,Fulham,DEF,4.0,d,75,0.0,0,0,0,0.0,0.1,0.0,0.0,0.0,0.0,0,0,0.0,0.0,0,0,0,0.0,0
2026-09-01,2,626,Zepa,Fulham,MID,4.5,a,,1.0,0,0,0,0.0,0.2,0.0,0.0,0.0,0.0,0,0,0.0,0.0,0,0,0,0.0,0
2026-09-01,2,273,Phillips,Hull City,GK,4.0,a,,0.0,0,0,0,0.0,1.5,0.0,0.0,0.0,0.0,0,0,0.0,0.0,0,0,0,0.0,0
2026-09-01,2,274,Butland,Hull City,GK,4.5,i,0,0.0,0,0,0,0.0,0.1,0.0,0.0,0.0,0.0,0,0,0.0,0.0,0,0,0,0.0,0
2026-09-01,2,275,Cartwright,Hull City,GK,4.0,u,0,0.0,0,0,0,0.0,0.0,0.0,0.0,0.0,0.0,0,0,0.0,0.0,0,0,0,0.0,0
2026-09-01,2,276,Lo-Tutala,Hull City,GK,4.0,u,0,0.0,0,0,0,0.0,0.0,0.0,0.0,0.0,0.0,0,0,0.0,0.0,0,0,0,0.0,0
2026-09-01,2,278,Hughes,Hull City,DEF,4.0,i,0,0.0,0,0,0,0.0,0.1,0.0,0.0,0.0,0.0,0,0,0.0,0.0,0,0,0,0.0,0
2026-09-01,2,283,Jacob,Hull City,DEF,4.0,i,0,0.0,0,0,0,0.0,0.0,0.0,0.0,0.0,0.0,0,0,0.0,0.0,0,0,0,0.0,0
2026-09-01,2,284,McCarthy,Hull City,DEF,4.0,a,,0.0,0,0,0,0.0,0.1,0.0,0.0,0.0,0.0,0,0,0.0,0.0,0,0,0,0.0,0
2026-09-01,2,288,Dowell,Hull City,MID,4.5,a,,0.0,0,0,0,0.0,0.4,0.0,0.0,0.0,0.0,0,0,0.0,0.0,0,0,0,0.0,0
2026-09-01,2,291,Matazo,Hull City,MID,4.5,i,0,0.0,0,0,0,0.0,0.0,0.0,0.0,0.0,0.0,0,0,0.0,0.0,0,0,0,0.0,0
2026-09-01,2,292,Ömür,Hull City,MID,5.0,a,,0.0,0,0,0,0.0,0.0,0.0,0.0,0.0,0.0,0,0,0.0,0.0,0,0,0,0.0,0
2026-09-01,2,293,Kamara,Hull City,MID,5.0,u,0,0.0,0,0,0,0.0,0.0,0.0,0.0,0.0,0.0,0,0,0.0,0.0,0,0,0,0.0,0
2026-09-01,2,294,Zambrano,Hull City,MID,4.5,i,0,0.0,0,0,0,0.0,0.1,0.0,0.0,0.0,0.0,0,0,0.0,0.0,0,0,0,0.0,0
2026-09-01,2,296,Akintola,Hull City,MID,5.0,a,,0.0,0,0,0,0.0,0.0,0.0,0.0,0.0,0.0,0,0,0.0,0.0,0,0,0,0.0,0
2026-09-01,2,297,Gyabi,Hull City,MID,4.5,i,0,0.0,0,0,0,0.0,0.0,0.0,0.0,0.0,0.0,0,0,0.0,0.0,0,0,0,0.0,0
2026-09-01,2,298,Destan,Hull City,FWD,4.5,u,0,0.0,0,0,0,0.0,0.3,0.0,0.0,0.0,0.0,0,0,0.0,0.0,0,0,0,0.0,0
2026-09-01,2,299,Burstow,Hull City,FWD,4.5,u,0,0.0,0,0,0,0.0,0.0,0.0,0.0,0.0,0.0,0,0,0.0,0.0,0,0,0,0.0,0
2026-09-01,2,340,Gelhardt,Hull City,MID,5.0,i,0,0.0,0,0,0,0.0,0.0,0.0,0.0,0.0,0.0,0,0,0.0,0.0,0,0,0,0.0,0
2026-09-01,2,574,Hjertø-Dahl,Hull City,MID,5.0,a,,0.0,0,0,0,0.0,0.1,0.0,0.0,0.0,0.0,0,0,0.0,0.0,0,0,0,0.0,0
2026-09-01,2,300,Walton,Ipswich Town,GK,4.5,a,,0.0,0,0,0,0.0,0.5,0.0,0.0,0.0,0.0,0,0,0.0,0.0,0,0,0,0.0,0
2026-09-01,2,301,Palmer,Ipswich Town,GK,4.0,a,,0.0,0,0,0,0.0,4.3,0.0,0.0,0.0,0.0,0,0,0.0,0.0,0,0,0,0.0,0
2026-09-01,2,302,Button,Ipswich Town,GK,4.0,a,,0.0,0,0,0,0.0,0.5,0.0,0.0,0.0,0.0,0,0,0.0,0.0,0,0,0,0.0,0
2026-09-01,2,303,Kipré,Ipswich Town,DEF,4.0,a,,0.0,0,0,0,0.0,0.6,0.0,0.0,0.0,0.0,0,0,0.0,0.0,0,0,0,0.0,0
2026-09-01,2,307,Johnson,Ipswich Town,DEF,4.0,a,,0.0,0,0,0,0.0,0.1,0.0,0.0,0.0,0.0,0,0,0.0,0.0,0,0,0,0.0,0
2026-09-01,2,310,Matusiwa,Ipswich Town,MID,5.0,i,0,0.0,0,0,0,0.0,0.0,0.0,0.0,0.0,0.0,0,0,0.0,0.0,0,0,0,0.0,0
2026-09-01,2,311,Burns,Ipswich Town,MID,5.0,u,0,0.0,0,0,0,0.0,0.0,0.0,0.0,0.0,0.0,0,0,0.0,0.0,0,0,0,0.0,0
2026-09-01,2,312,Taylor,Ipswich Town,MID,4.5,i,0,0.0,0,0,0,0.0,0.0,0.0,0.0,0.0,0.0,0,0,0.0,0.0,0,0,0,0.0,0
2026-09-01,2,314,Ogbene,Ipswich Town,MID,5.0,a,,0.0,0,0,0,0.0,0.0,0.0,0.0,0.0,0.0,0,0,0.0,0.0,0,0,0,0.0,0
2026-09-01,2,317,Hirst,Ipswich Town,FWD,5.0,u,0,0.0,0,0,0,0.0,0.1,0.0,0.0,0.0,0.0,0,0,0.0,0.0,0,0,0,0.0,0
2026-09-01,2,318,Philogene,Ipswich Town,MID,5.5,i,0,0.0,0,0,0,0.0,0.1,0.0,0.0,0.0,0.0,0,0,0.0,0.0,0,0,0,0.0,0
2026-09-01,2,319,Szmodics,Ipswich Town,MID,5.0,u,0,0.0,0,0,0,0.0,0.0,0.0,0.0,0.0,0.0,0,0,0.0,0.0,0,0,0,0.0,0
2026-09-01,2,322,Al-Hamadi,Ipswich Town,FWD,5.0,u,0,0.0,0,0,0,0.0,0.1,0.0,0.0,0.0,0.0,0,0,0.0,0.0,0,0,0,0.0,0
2026-09-01,2,324,Mehmeti,Ipswich Town,MID,5.0,a,,0.0,0,0,0,0.0,0.0,0.0,0.0,0.0,0.0,0,0,0.0,0.0,0,0,0,0.0,0
2026-09-01,2,554,Van Oevelen,Ipswich Town,GK,4.5,u,0,0.0,0,0,0,0.0,0.0,0.0,0.0,0.0,0.0,0,0,0.0,0.0,0,0,0,0.0,0
2026-09-01,2,571,Florentino,Ipswich Town,MID,5.0,d,75,0.0,0,0,0,0.0,0.1,0.0,0.0,0.0,0.0,0,0,0.0,0.0,0,0,0,0.0,0
2026-09-01,2,602,Humphreys,Ipswich Town,MID,4.5,a,,0.0,0,0,0,0.0,0.0,0.0,0.0,0.0,0.0,0,0,0.0,0.0,0,0,0,0.0,0
2026-09-01,2,326,Perri,Leeds,GK,4.5,u,0,0.0,0,0,0,0.0,0.5,0.0,0.0,0.0,0.0,0,0,0.0,0.0,0,0,0,0.0,0
2026-09-01,2,331,Gudmundsson,Leeds,DEF,4.5,a,100,0.0,0,0,0,0.0,0.0,0.0,0.0,0.0,0.0,0,0,0.0,0.0,0,0,0,0.0,0
2026-09-01,2,333,Bornauw,Leeds,DEF,4.5,u,0,0.0,0,0,0,0.0,0.0,0.0,0.0,0.0,0.0,0,0,0.0,0.0,0,0,0,0.0,0
2026-09-01,2,341,Gnonto,Leeds,MID,5.0,a,100,0.0,0,0,0,0.0,0.0,0.0,0.0,0.0,0.0,0,0,0.0,0.0,0,0,0,0.0,0
2026-09-01,2,342,Harrison,Leeds,MID,5.0,u,0,0.0,0,0,0,0.0,0.0,0.0,0.0,0.0,0.0,0,0,0.0,0.0,0,0,0,0.0,0
2026-09-01,2,344,Gruev,Leeds,MID,5.0,d,25,0.0,0,0,0,0.0,0.0,0.0,0.0,0.0,0.0,0,0,0.0,0.0,0,0,0,0.0,0
2026-09-01,2,348,Piroe,Leeds,FWD,5.0,u,0,0.0,0,0,0,0.0,0.1,0.0,0.0,0.0,0.0,0,0,0.0,0.0,0,0,0,0.0,0
2026-09-01,2,349,Mateo Joseph,Leeds,FWD,4.5,i,0,0.0,0,0,0,0.0,0.1,0.0,0.0,0.0,0.0,0,0,0.0,0.0,0,0,0,0.0,0
2026-09-01,2,603,Lienou,Leeds,DEF,4.0,a,,0.0,0,0,0,0.0,0.1,0.0,0.0,0.0,0.0,0,0,0.0,0.0,0,0,0,0.0,0
2026-09-01,2,604,Cresswell,Leeds,MID,4.5,a,,0.0,0,0,0,0.0,0.1,0.0,0.0,0.0,0.0,0,0,0.0,0.0,0,0,0,0.0,0
2026-09-01,2,625,Cairns,Leeds,GK,4.0,a,,1.0,0,0,0,0.0,0.1,0.0,0.0,0.0,0.0,0,0,0.0,0.0,0,0,0,0.0,0
2026-09-01,2,629,Zetterer,Leeds,GK,4.0,a,,1.0,0,0,0,0.0,0.0,0.0,0.0,0.0,0.0,0,0,0.0,0.0,0,0,0,0.0,0
2026-09-01,2,351,Mamardashvili,Liverpool,GK,5.0,a,,0.0,0,0,0,0.0,0.1,0.0,0.0,0.0,0.0,0,0,0.0,0.0,0,0,0,0.0,0
2026-09-01,2,352,Woodman,Liverpool,GK,4.0,a,,0.0,0,0,0,0.0,1.1,0.0,0.0,0.0,0.0,0,0,0.0,0.0,0,0,0,0.0,0
2026-09-01,2,353,Pecsi,Liverpool,GK,4.0,u,0,0.0,0,0,0,0.0,0.0,0.0,0.0,0.0,0.0,0,0,0.0,0.0,0,0,0,0.0,0
2026-09-01,2,354,Jaros,Liverpool,GK,4.0,i,0,0.0,0,0,0,0.0,0.0,0.0,0.0,0.0,0.0,0,0,0.0,0.0,0,0,0,0.0,0
2026-09-01,2,355,Davies,Liverpool,GK,4.0,a,,0.0,0,0,0,0.0,0.1,0.0,0.0,0.0,0.0,0,0,0.0,0.0,0,0,0,0.0,0
2026-09-01,2,359,Gomez,Liverpool,DEF,5.0,i,0,0.0,0,0,0,0.0,0.0,0.0,0.0,0.0,0.0,0,0,0.0,0.0,0,0,0,0.0,0
2026-09-01,2,360,Bradley,Liverpool,DEF,5.0,i,0,0.0,0,0,0,0.0,0.0,0.0,0.0,0.0,0.0,0,0,0.0,0.0,0,0,0,0.0,0
2026-09-01,2,361,Lucky,Liverpool,DEF,4.0,a,,0.0,0,0,0,0.0,0.1,0.0,0.0,0.0,0.0,0,0,0.0,0.0,0,0,0,0.0,0
2026-09-01,2,363,Leoni,Liverpool,DEF,4.0,i,0,0.0,0,0,0,0.0,0.0,0.0,0.0,0.0,0.0,0,0,0.0,0.0,0,0,0,0.0,0
2026-09-01,2,365,Ramsay,Liverpool,DEF,4.0,u,0,0.0,0,0,0,0.0,0.1,0.0,0.0,0.0,0.0,0,0,0.0,0.0,0,0,0,0.0,0
2026-09-01,2,370,Chiesa,Liverpool,MID,5.4,i,0,0.0,0,0,0,0.0,0.1,0.0,0.0,0.0,0.0,0,0,0.0,0.0,0,0,0,0.0,0
2026-09-01,2,373,C.Jones,Liverpool,MID,5.5,u,0,0.0,0,0,0,0.0,0.0,0.0,0.0,0.0,0.0,0,0,0.0,0.0,0,0,0,0.0,0
2026-09-01,2,374,Endo,Liverpool,MID,5.0,a,100,0.0,0,0,0,0.0,0.1,0.0,0.0,0.0,0.0,0,0,0.0,0.0,0,0,0,0.0,0
2026-09-01,2,376,Bajcetic,Liverpool,MID,5.0,u,0,0.0,0,0,0,0.0,0.0,0.0,0.0,0.0,0.0,0,0,0.0,0.0,0,0,0,0.0,0
2026-09-01,2,378,McConnell,Liverpool,MID,4.5,a,,0.0,0,0,0,0.0,0.2,0.0,0.0,0.0,0.0,0,0,0.0,0.0,0,0,0,0.0,0
2026-09-01,2,380,Ekitiké,Liverpool,FWD,7.5,i,0,0.0,0,0,0,0.0,0.1,0.0,0.0,0.0,0.0,0,0,0.0,0.0,0,0,0,0.0,0
2026-09-01,2,382,Danns,Liverpool,FWD,4.5,i,0,0.0,0,0,0,0.0,0.0,0.0,0.0,0.0,0.0,0,0,0.0,0.0,0,0,0,0.0,0
2026-09-01,2,383,Elliott,Liverpool,MID,5.4,a,,0.0,0,0,0,0.0,0.1,0.0,0.0,0.0,0.0,0,0,0.0,0.0,0,0,0,0.0,0
2026-09-01,2,627,Barcola,Liverpool,MID,8.0,a,,2.8,0,0,0,0.0,0.3,0.0,0.0,0.0,0.0,0,0,0.0,0.0,0,0,0,0.0,0
2026-09-01,2,386,Bettinelli,Man City,GK,4.5,a,,0.0,0,0,0,0.0,0.0,0.0,0.0,0.0,0.0,0,0,0.0,0.0,0,0,0,0.0,0
2026-09-01,2,392,Aït-Nouri,Man City,DEF,5.4,a,,0.0,0,0,0,0.0,0.6,0.0,0.0,0.0,0.0,0,0,0.0,0.0,0,0,0,0.0,0
2026-09-01,2,394,Alleyne,Man City,DEF,5.0,u,0,0.0,0,0,0,0.0,0.0,0.0,0.0,0.0,0.0,0,0,0.0,0.0,0,0,0,0.0,0
2026-09-01,2,400,Doku,Man City,MID,7.4,i,0,0.0,0,0,0,0.0,1.0,0.0,0.0,0.0,0.0,0,0,0.0,0.0,0,0,0,0.0,0
2026-09-01,2,402,Rodrigo,Man City,MID,6.5,u,0,0.0,0,0,0,0.0,0.0,0.0,0.0,0.0,0.0,0,0,0.0,0.0,0,0,0,0.0,0
2026-09-01,2,404,Reijnders,Man City,MID,6.0,u,0,0.0,0,0,0,0.0,0.0,0.0,0.0,0.0,0.0,0,0,0.0,0.0,0,0,0,0.0,0
2026-09-01,2,407,Echeverri,Man City,MID,5.0,a,,0.0,0,0,0,0.0,0.0,0.0,0.0,0.0,0.0,0,0,0.0,0.0,0,0,0,0.0,0
2026-09-01,2,408,Phillips,Man City,MID,5.0,u,0,0.0,0,0,0,0.0,0.0,0.0,0.0,0.0,0.0,0,0,0.0,0.0,0,0,0,0.0,0
2026-09-01,2,409,Mukasa,Man City,MID,4.5,a,,0.0,0,0,0,0.0,0.2,0.0,0.0,0.0,0.0,0,0,0.0,0.0,0,0,0,0.0,0
2026-09-01,2,410,Monga,Man City,MID,4.9,a,,0.0,0,0,0,0.0,0.0,0.0,0.0,0.0,0.0,0,0,0.0,0.0,0,0,0,0.0,0
2026-09-01,2,587,Rulli,Man City,GK,5.0,a,,0.0,0,0,0,0.0,0.0,0.0,0.0,0.0,0.0,0,0,0.0,0.0,0,0,0,0.0,0
2026-09-01,2,628,Allan,Man City,MID,6.0,a,,2.2,0,0,0,0.0,0.0,0.0,0.0,0.0,0.0,0,0,0.0,0.0,0,0,0,0.0,0
2026-09-01,2,131,Baleba,Man Utd,MID,5.0,i,0,0.0,0,0,0,0.0,0.2,0.0,0.0,0.0,0.0,0,0,0.0,0.0,0,0,0,0.0,0
2026-09-01,2,325,Darlow,Man Utd,GK,4.5,a,100,0.0,0,0,0,0.0,0.0,0.0,0.0,0.0,0.0,0,0,0.0,0.0,0,0,0,0.0,0
2026-09-01,2,413,Bayindir,Man Utd,GK,4.5,u,0,0.0,0,0,0,0.0,0.0,0.0,0.0,0.0,0.0,0,0,0.0,0.0,0,0,0,0.0,0
2026-09-01,2,414,Heaton,Man Utd,GK,4.0,i,0,0.0,0,0,0,0.0,0.1,0.0,0.0,0.0,0.0,0,0,0.0,0.0,0,0,0,0.0,0
2026-09-01,2,416,De Ligt,Man Utd,DEF,5.0,i,0,0.0,0,0,0,0.0,0.0,0.0,0.0,0.0,0.0,0,0,0.0,0.0,0,0,0,0.0,0
2026-09-01,2,424,Amass,Man Utd,DEF,4.0,a,,0.0,0,0,0,0.0,0.2,0.0,0.0,0.0,0.0,0,0,0.0,0.0,0,0,0,0.0,0
2026-09-01,2,425,Fredricson,Man Utd,DEF,4.0,u,0,0.0,0,0,0,0.0,0.0,0.0,0.0,0.0,0.0,0,0,0.0,0.0,0,0,0,0.0,0
2026-09-01,2,430,Mount,Man Utd,MID,5.5,d,75,0.0,0,0,0,0.0,0.0,0.0,0.0,0.0,0.0,0,0,0.0,0.0,0,0,0,0.0,0
2026-09-01,2,431,Amad,Man Utd,MID,5.9,i,0,0.0,0,0,0,0.0,0.7,0.0,0.0,0.0,0.0,0,0,0.0,0.0,0,0,0,0.0,0
2026-09-01,2,433,Ugarte,Man Utd,MID,5.0,i,0,0.0,0,0,0,0.0,0.0,0.0,0.0,0.0,0.0,0,0,0.0,0.0,0,0,0,0.0,0
2026-09-01,2,434,J.Fletcher,Man Utd,MID,5.0,a,,0.0,0,0,0,0.0,0.0,0.0,0.0,0.0,0.0,0,0,0.0,0.0,0,0,0,0.0,0
2026-09-01,2,436,Collyer,Man Utd,MID,5.0,u,0,0.0,0,0,0,0.0,0.0,0.0,0.0,0.0,0.0,0,0,0.0,0.0,0,0,0,0.0,0
2026-09-01,2,437,Bendito Mantato,Man Utd,MID,4.5,a,,0.0,0,0,0,0.0,0.2,0.0,0.0,0.0,0.0,0,0,0.0,0.0,0,0,0,0.0,0
2026-09-01,2,438,Fletcher,Man Utd,MID,4.5,a,,0.0,0,0,0,0.0,0.3,0.0,0.0,0.0,0.0,0,0,0.0,0.0,0,0,0,0.0,0
2026-09-01,2,440,Zirkzee,Man Utd,FWD,5.4,a,,0.0,0,0,0,0.0,0.5,0.0,0.0,0.0,0.0,0,0,0.0,0.0,0,0,0,0.0,0
2026-09-01,2,441,Obi,Man Utd,FWD,4.5,a,,0.0,0,0,0,0.0,1.2,0.0,0.0,0.0,0.0,0,0,0.0,0.0,0,0,0,0.0,0
2026-09-01,2,442,Pope,Newcastle,GK,5.0,a,,0.0,0,0,0,0.0,1.2,0.0,0.0,0.0,0.0,0,0,0.0,0.0,0,0,0,0.0,0
2026-09-01,2,443,Gillespie,Newcastle,GK,4.5,a,,0.0,0,0,0,0.0,0.0,0.0,0.0,0.0,0.0,0,0,0.0,0.0,0,0,0,0.0,0
2026-09-01,2,444,Jaouen,Newcastle,GK,4.5,a,,0.0,0,0,0,0.0,0.0,0.0,0.0,0.0,0.0,0,0,0.0,0.0,0,0,0,0.0,0
2026-09-01,2,448,Burn,Newcastle,DEF,4.9,i,0,0.0,0,0,0,0.0,1.3,0.0,0.0,0.0,0.0,0,0,0.0,0.0,0,0,0,0.0,0
2026-09-01,2,450,Livramento,Newcastle,DEF,5.0,i,0,0.0,0,0,0,0.0,0.0,0.0,0.0,0.0,0.0,0,0,0.0,0.0,0,0,0,0.0,0
2026-09-01,2,451,A.Murphy,Newcastle,DEF,4.0,u,0,0.0,0,0,0,0.0,0.1,0.0,0.0,0.0,0.0,0,0,0.0,0.0,0,0,0,0.0,0
2026-09-01,2,458,Joelinton,Newcastle,MID,5.4,i,0,0.0,0,0,0,0.0,0.0,0.0,0.0,0.0,0.0,0,0,0.0,0.0,0,0,0,0.0,0
2026-09-01,2,466,Neave,Newcastle,FWD,4.5,a,,0.0,0,0,0,0.0,0.8,0.0,0.0,0.0,0.0,0,0,0.0,0.0,0,0,0,0.0,0
2026-09-01,2,609,Shahar,Newcastle,DEF,4.0,a,,0.0,0,0,0,0.0,0.2,0.0,0.0,0.0,0.0,0,0,0.0,0.0,0,0,0,0.0,0
2026-09-01,2,201,Muñoz,Nott'm Forest,DEF,5.4,a,,0.0,54,1,0,0.0,6.9,0.23,0.01,0.24,0.84,0,0,-0.23,-0.01,0,2,4,2.4,-4
2026-09-01,2,468,John,Nott'm Forest,GK,4.5,a,,0.0,0,0,0,0.0,0.1,0.0,0.0,0.0,0.0,0,0,0.0,0.0,0,0,0,0.0,0
2026-09-01,2,470,Morato,Nott'm Forest,DEF,5.0,a,,0.0,0,0,0,0.0,0.0,0.0,0.0,0.0,0.0,0,0,0.0,0.0,0,0,0,0.0,0
2026-09-01,2,475,Savona,Nott'm Forest,DEF,4.5,i,0,0.0,0,0,0,0.0,0.0,0.0,0.0,0.0,0.0,0,0,0.0,0.0,0,0,0,0.0,0
2026-09-01,2,476,O.Richards,Nott'm Forest,DEF,4.0,a,,0.0,0,0,0,0.0,0.2,0.0,0.0,0.0,0.0,0,0,0.0,0.0,0,0,0,0.0,0
2026-09-01,2,477,Abbott,Nott'm Forest,DEF,4.0,a,,0.0,0,0,0,0.0,0.2,0.0,0.0,0.0,0.0,0,0,0.0,0.0,0,0,0,0.0,0
2026-09-01,2,479,Bindon,Nott'm Forest,DEF,4.0,u,0,0.0,0,0,0,0.0,0.2,0.0,0.0,0.0,0.0,0,0,0.0,0.0,0,0,0,0.0,0
2026-09-01,2,484,Hutchinson,Nott'm Forest,MID,5.4,u,0,0.0,0,0,0,0.0,0.1,0.0,0.0,0.0,0.0,0,0,0.0,0.0,0,0,0,0.0,0
2026-09-01,2,485,Bakwa,Nott'm Forest,MID,5.5,u,0,0.0,0,0,0,0.0,0.0,0.0,0.0,0.0,0.0,0,0,0.0,0.0,0,0,0,0.0,0
2026-09-01,2,489,Yates,Nott'm Forest,MID,4.5,a,100,0.0,0,0,0,0.0,1.5,0.0,0.0,0.0,0.0,0,0,0.0,0.0,0,0,0,0.0,0
2026-09-01,2,581,Diomande,Nott'm Forest,DEF,5.5,a,,0.0,0,0,0,0.0,0.6,0.0,0.0,0.0,0.0,0,0,0.0,0.0,0,0,0,0.0,0
2026-09-01,2,590,Benda,Nott'm Forest,GK,4.5,a,,0.0,0,0,0,0.0,0.1,0.0,0.0,0.0,0.0,0,0,0.0,0.0,0,0,0,0.0,0
2026-09-01,2,403,Sávio,Spurs,MID,6.5,d,75,0.0,0,0,0,0.0,0.8,0.0,0.0,0.0,0.0,0,0,0.0,0.0,0,0,0,0.0,0
2026-09-01,2,494,Vicario,Spurs,GK,4.5,u,0,0.0,0,0,0,0.0,0.2,0.0,0.0,0.0,0.0,0,0,0.0,0.0,0,0,0,0.0,0
2026-09-01,2,495,Austin,Spurs,GK,4.0,a,,0.0,0,0,0,0.0,0.9,0.0,0.0,0.0,0.0,0,0,0.0,0.0,0,0,0,0.0,0
2026-09-01,2,497,Dubravka,Spurs,GK,4.0,a,,0.0,0,0,0,0.0,18.2,0.0,0.0,0.0,0.0,0,0,0.0,0.0,0,0,0,0.0,0
2026-09-01,2,500,Romero,Spurs,DEF,5.0,u,0,0.0,0,0,0,0.0,0.1,0.0,0.0,0.0,0.0,0,0,0.0,0.0,0,0,0,0.0,0
2026-09-01,2,501,Danso,Spurs,DEF,5.0,a,,0.0,0,0,0,0.0,0.2,0.0,0.0,0.0,0.0,0,0,0.0,0.0,0,0,0,0.0,0
2026-09-01,2,503,Van de Ven,Spurs,DEF,5.0,a,100,0.0,90,1,0,0.0,3.9,0.0,0.02,0.02,0.72,0,0,0.0,-0.02,0,2,8,1.7,5
2026-09-01,2,505,Spence,Spurs,DEF,4.5,u,0,0.0,0,0,0,0.0,0.4,0.0,0.0,0.0,0.0,0,0,0.0,0.0,0,0,0,0.0,0
2026-09-01,2,507,Phillips,Spurs,DEF,4.5,u,0,0.0,0,0,0,0.0,0.0,0.0,0.0,0.0,0.0,0,0,0.0,0.0,0,0,0,0.0,0
2026-09-01,2,508,Davies,Spurs,DEF,4.0,a,,0.0,0,0,0,0.0,1.0,0.0,0.0,0.0,0.0,0,0,0.0,0.0,0,0,0,0.0,0
2026-09-01,2,509,Byfield,Spurs,DEF,4.0,a,,0.0,0,0,0,0.0,0.1,0.0,0.0,0.0,0.0,0,0,0.0,0.0,0,0,0,0.0,0
2026-09-01,2,510,Rowswell,Spurs,DEF,4.0,a,,0.0,0,0,0,0.0,0.1,0.0,0.0,0.0,0.0,0,0,0.0,0.0,0,0,0,0.0,0
2026-09-01,2,511,Souza,Spurs,DEF,4.0,u,0,0.0,0,0,0,0.0,0.3,0.0,0.0,0.0,0.0,0,0,0.0,0.0,0,0,0,0.0,0
2026-09-01,2,513,Xavi,Spurs,MID,6.0,i,0,0.0,0,0,0,0.0,0.0,0.0,0.0,0.0,0.0,0,0,0.0,0.0,0,0,0,0.0,0
2026-09-01,2,517,Odobert,Spurs,MID,5.5,i,0,0.0,0,0,0,0.0,0.0,0.0,0.0,0.0,0.0,0,0,0.0,0.0,0,0,0,0.0,0
2026-09-01,2,518,P.M.Sarr,Spurs,MID,4.9,a,100,0.0,0,0,0,0.0,0.2,0.0,0.0,0.0,0.0,0,0,0.0,0.0,0,0,0,0.0,0
2026-09-01,2,519,Gallagher,Spurs,MID,5.4,a,,0.0,45,1,0,0.0,0.2,0.02,0.06,0.08,1.7,0,0,-0.02,-0.06,0,2,3,0.5,1
2026-09-01,2,521,Kulusevski,Spurs,MID,6.5,i,0,0.0,0,0,0,0.0,0.0,0.0,0.0,0.0,0.0,0,0,0.0,0.0,0,0,0,0.0,0
2026-09-01,2,524,Olusesi,Spurs,MID,4.5,a,,0.0,0,0,0,0.0,0.7,0.0,0.0,0.0,0.0,0,0,0.0,0.0,0,0,0,0.0,0
2026-09-01,2,528,Scarlett,Spurs,FWD,4.5,a,,0.0,0,0,0,0.0,1.9,0.0,0.0,0.0,0.0,0,0,0.0,0.0,0,0,0,0.0,0
2026-09-01,2,601,Williams-Barnett,Spurs,MID,4.5,a,,0.0,0,0,0,0.0,0.1,0.0,0.0,0.0,0.0,0,0,0.0,0.0,0,0,0,0.0,0
2026-09-01,2,530,Patterson,Sunderland,GK,4.0,u,0,0.0,0,0,0,0.0,0.1,0.0,0.0,0.0,0.0,0,0,0.0,0.0,0,0,0,0.0,0
2026-09-01,2,531,Ellborg,Sunderland,GK,4.5,a,,0.0,0,0,0,0.0,0.1,0.0,0.0,0.0,0.0,0,0,0.0,0.0,0,0,0,0.0,0
2026-09-01,2,537,Seelt,Sunderland,DEF,4.5,u,0,0.0,0,0,0,0.0,0.0,0.0,0.0,0.0,0.0,0,0,0.0,0.0,0,0,0,0.0,0
2026-09-01,2,538,Hjelde,Sunderland,DEF,4.0,u,0,0.0,0,0,0,0.0,0.0,0.0,0.0,0.0,0.0,0,0,0.0,0.0,0,0,0,0.0,0
2026-09-01,2,540,Masuaku,Sunderland,DEF,4.0,u,0,0.0,0,0,0,0.0,0.2,0.0,0.0,0.0,0.0,0,0,0.0,0.0,0,0,0,0.0,0
2026-09-01,2,546,Adingra,Sunderland,MID,4.9,i,0,0.0,0,0,0,0.0,0.0,0.0,0.0,0.0,0.0,0,0,0.0,0.0,0,0,0,0.0,0
2026-09-01,2,550,Jocelin.T,Sunderland,MID,5.0,a,,0.0,0,0,0,0.0,0.0,0.0,0.0,0.0,0.0,0,0,0.0,0.0,0,0,0,0.0,0
2026-09-01,2,612,Methalie,Sunderland,DEF,4.5,a,100,1.7,0,0,0,0.0,0.0,0.0,0.0,0.0,0.0,0,0,0.0,0.0,0,0,0,0.0,0
2026-09-01,2,613,Ahoka,Sunderland,MID,4.5,a,,1.0,0,0,0,0.0,0.2,0.0,0.0,0.0,0.0,0,0,0.0,0.0,0,0,0,0.0,0
2026-09-01,2,54,Gomes,Aston Villa,MID,5.5,s,0,0.0,39,1,-2,-1.0,0.0,0.0,0.01,0.01,2.58,0,0,0.0,-0.01,0,4,7,1.2,-2
2026-09-02,2,426,B.Fernandes,Man Utd,MID,12.0,a,,12.5,180,2,25,12.5,48.5,2.1,0.74,2.84,3.07,3,1,0.9,0.26,0,4,14,35.4,105
2026-09-02,2,399,Cherki,Man City,MID,7.7,a,,11.0,108,1,22,11.0,24.5,0.35,1.05,1.4,0.76,2,2,1.65,0.95,0,1,3,26.4,88
2026-09-02,2,8,Calafiori,Arsenal,DEF,5.6,a,,10.0,170,2,20,10.0,43.3,0.15,0.55,0.7,0.39,0,2,-0.15,1.45,2,0,8,8.4,61
2026-09-02,2,12,Saka,Arsenal,MID,9.5,a,,10.0,157,2,20,10.0,10.5,1.27,0.12,1.39,0.39,2,0,0.73,-0.12,2,0,18,19.5,82
2026-09-02,2,154,Palmer,Chelsea,MID,9.6,a,100,10.0,172,2,20,10.0,18.3,0.94,0.32,1.26,2.65,2,1,1.06,0.68,0,5,17,25.3,88
2026-09-02,2,165,João Pedro,Chelsea,FWD,7.7,a,,10.0,180,2,20,10.0,69.9,1.86,0.1,1.96,2.74,2,2,0.14,1.9,0,5,6,23.2,89
2026-09-02,2,279,Ajayi,Hull City,DEF,4.1,a,100,10.0,153,2,20,10.0,7.5,0.52,0.0,0.52,2.15,1,0,0.48,0.0,2,0,14,9.5,63
2026-09-02,2,572,Tzolakis,Hull City,GK,4.5,a,,10.0,180,2,20,10.0,6.7,0.0,0.0,0.0,3.12,0,0,0.0,0.0,2,0,0,6.1,73
2026-09-02,2,10,White,Arsenal,DEF,5.5,a,100,9.0,180,2,18,9.0,7.2,0.18,0.26,0.44,0.53,0,1,-0.18,0.74,2,0,9,11.0,63
2026-09-02,2,565,M.Sangaré,Brentford,MID,5.7,a,,9.0,165,2,18,9.0,12.7,0.26,0.36,0.62,1.93,0,2,-0.26,1.64,1,1,27,13.5,57
2026-09-02,2,229,Tarkowski,Everton,DEF,6.0,a,,9.0,180,2,18,9.0,10.3,0.15,0.01,0.16,4.12,1,0,0.85,-0.01,1,1,19,10.5,52
2026-09-02,2,115,De Cuyper,Brighton,DEF,4.7,a,,8.5,167,2,17,8.5,14.2,1.5,0.26,1.76,3.22,1,1,-0.5,0.74,1,4,6,16.7,44
2026-09-02,2,277,Egan,Hull City,DEF,4.0,a,,8.5,180,2,17,8.5,4.1,0.0,0.0,0.0,3.12,0,0,0.0,0.0,2,0,34,7.0,52
2026-09-02,2,335,Stach,Leeds,MID,6.0,a,,8.5,180,2,17,8.5,2.8,0.17,0.06,0.23,2.33,1,0,0.83,-0.06,1,1,32,11.2,50
2026-09-02,2,367,Gakpo,Liverpool,MID,7.0,a,,8.5,160,2,17,8.5,7.8,0.3,0.8,1.1,3.81,1,1,0.7,0.2,0,4,15,17.2,54
2026-09-02,2,454,Elanga,Newcastle,MID,6.1,a,,8.5,156,2,17,8.5,7.8,0.42,0.11,0.53,2.68,2,0,1.58,-0.11,1,1,5,15.0,63
2026-09-02,2,86,Lewis-Potter,Brentford,MID,5.5,a,,8.0,177,2,16,8.0,1.8,0.79,0.25,1.04,2.03,1,1,0.21,0.75,1,1,21,15.4,66
2026-09-02,2,123,Hinshelwood,Brighton,MID,6.0,d,50,4.0,63,1,16,8.0,1.5,1.41,0.02,1.43,0.19,2,0,0.59,-0.02,1,0,3,14.5,54
2026-09-02,2,586,Mendy,Hull City,DEF,4.0,a,100,8.0,121,2,16,8.0,5.3,0.29,0.0,0.29,1.95,1,0,0.71,0.0,1,0,22,12.0,44
2026-09-02,2,88,Kayode,Brentford,DEF,4.6,a,,7.5,162,2,15,7.5,9.2,0.52,0.21,0.73,1.93,1,0,0.48,-0.21,1,1,8,11.9,45
2026-09-02,2,124,Groß,Brighton,MID,5.5,a,,7.5,180,2,15,7.5,14.3,0.05,0.38,0.43,3.22,1,1,0.95,0.62,1,4,11,19.0,64
2026-09-02,2,411,Haaland,Man City,FWD,15.5,a,,7.5,180,2,15,7.5,70.6,1.4,0.02,1.42,1.31,2,0,0.6,-0.02,0,2,8,17.9,66
2026-09-02,2,480,Gibbs-White,Nott'm Forest,MID,7.9,a,100,7.5,180,2,15,7.5,9.2,0.92,0.1,1.02,2.22,1,1,0.08,0.9,0,3,8,11.0,46
2026-09-02,2,544,Xhaka,Sunderland,MID,5.5,a,,7.5,180,2,15,7.5,4.6,0.0,0.45,0.45,2.75,0,1,0.0,0.55,1,2,20,12.8,60
2026-09-02,2,15,Ødegaard,Arsenal,MID,6.6,a,,7.0,145,2,14,7.0,11.4,0.29,0.17,0.46,0.39,1,0,0.71,-0.17,2,0,13,14.2,54
2026-09-02,2,69,Scott,Bournemouth,MID,6.0,a,,7.0,176,2,14,7.0,1.9,0.26,0.28,0.54,3.96,1,0,0.74,-0.28,1,2,26,11.7,56
2026-09-02,2,391,Gvardiol,Man City,DEF,5.6,a,,7.0,164,2,14,7.0,17.5,0.19,0.09,0.28,1.31,1,1,0.81,0.91,0,2,9,13.8,46
2026-09-02,2,449,Hall,Newcastle,DEF,5.1,a,,7.0,180,2,14,7.0,8.1,0.03,0.66,0.69,4.1,0,0,-0.03,-0.66,1,2,24,10.7,60
2026-09-02,2,4,Gabriel,Arsenal,DEF,8.0,a,,6.5,180,2,13,6.5,26.7,0.18,0.03,0.21,0.53,0,0,-0.18,-0.03,2,0,14,3.6,44
2026-09-02,2,94,Schade,Brentford,MID,6.0,a,,6.5,177,2,13,6.5,3.9,0.77,0.03,0.8,2.03,1,0,0.23,-0.03,1,1,18,17.6,51
2026-09-02,2,40,Rogers,Chelsea,MID,7.5,a,,6.5,171,2,13,6.5,25.1,1.1,1.11,2.21,2.65,1,1,-0.1,-0.11,0,5,12,22.7,65
2026-09-02,2,236,Dewsbury-Hall,Everton,MID,6.5,a,,6.5,180,2,13,6.5,4.4,0.18,0.33,0.51,4.08,1,0,0.82,-0.33,1,1,18,17.9,64
2026-09-02,2,237,Ndiaye,Everton,MID,6.0,a,,6.5,180,2,13,6.5,14.1,0.26,0.39,0.65,4.12,0,1,-0.26,0.61,1,1,25,16.6,52
2026-09-02,2,427,Mbeumo,Man Utd,MID,8.0,a,,6.5,180,2,13,6.5,30.3,2.26,0.44,2.7,3.07,1,1,-1.26,0.56,0,4,9,21.1,49
2026-09-02,2,1,Raya,Arsenal,GK,6.0,a,,6.0,180,2,12,6.0,37.9,0.0,0.0,0.0,0.53,0,0,0.0,0.0,2,0,0,1.8,45
2026-09-02,2,11,Mosquera,Arsenal,DEF,5.5,a,,6.0,168,2,12,6.0,5.1,0.0,0.01,0.01,0.53,0,0,0.0,-0.01,2,0,10,2.7,52
2026-09-02,2,258,Castagne,Fulham,DEF,4.5,a,,6.0,157,2,12,6.0,0.8,0.09,0.18,0.27,2.5,0,2,-0.09,1.82,1,3,8,8.9,39
2026-09-02,2,282,Giles,Hull City,DEF,4.0,a,,6.0,174,2,12,6.0,1.0,0.02,0.14,0.16,3.05,0,0,-0.02,-0.14,2,0,8,6.4,45
2026-09-02,2,332,Justin,Leeds,DEF,4.5,a,,6.0,180,2,12,6.0,1.4,0.03,0.02,0.05,2.33,0,0,-0.03,-0.02,1,1,20,7.4,40
2026-09-02,2,385,Trafford,Leeds,GK,5.0,a,,6.0,180,2,12,6.0,5.0,0.0,0.0,0.0,2.33,0,0,0.0,0.0,1,1,0,5.7,48
2026-09-02,2,368,Szoboszlai,Liverpool,MID,7.0,a,,6.0,180,2,12,6.0,41.6,1.01,0.44,1.45,3.88,1,0,-0.01,-0.44,0,4,20,18.5,53
2026-09-02,2,388,Guéhi,Man City,DEF,6.0,a,,6.0,180,2,12,6.0,19.0,0.89,0.36,1.25,1.31,1,0,0.11,-0.36,0,2,9,12.9,43
2026-09-02,2,464,Wissa,Newcastle,FWD,6.1,a,,6.0,171,2,12,6.0,10.7,1.35,0.02,1.37,2.93,1,1,-0.35,0.98,1,1,14,15.6,44
2026-09-02,2,593,Dedić,Newcastle,DEF,4.5,a,,6.0,180,2,12,6.0,2.0,0.03,0.06,0.09,4.1,0,1,-0.03,0.94,1,2,17,9.6,36
2026-09-02,2,483,Ndoye,Nott'm Forest,MID,5.5,a,,6.0,126,2,12,6.0,0.6,0.35,0.63,0.98,1.67,1,0,0.65,-0.63,1,1,12,9.9,35
2026-09-02,2,68,Tavernier,Bournemouth,MID,6.0,a,,5.5,180,2,11,5.5,2.3,0.49,0.29,0.78,4.09,1,0,0.51,-0.29,0,3,19,13.9,52
2026-09-02,2,87,Ajer,Brentford,DEF,4.5,a,,5.5,180,2,11,5.5,4.8,0.11,0.03,0.14,2.03,0,0,-0.11,-0.03,1,1,27,11.7,36
2026-09-02,2,127,Gomez,Brighton,MID,5.0,a,,5.5,175,2,11,5.5,4.4,0.56,0.65,1.21,3.22,0,2,-0.56,1.35,1,4,11,16.6,42
2026-09-02,2,173,Thomas,Coventry City,DEF,4.0,a,,5.5,167,2,11,5.5,8.3,0.02,0.02,0.04,2.06,0,0,-0.02,-0.02,1,3,19,5.3,39
2026-09-02,2,327,Bijol,Leeds,DEF,5.0,a,,5.5,135,2,11,5.5,1.0,0.11,0.0,0.11,1.21,0,0,-0.11,0.0,1,1,17,4.8,28
2026-09-02,2,428,Cunha,Man Utd,MID,8.0,a,,5.5,158,2,11,5.5,8.3,0.35,0.36,0.71,2.07,0,2,-0.35,1.64,0,3,5,14.5,45
2026-09-02,2,98,Janelt,Brentford,MID,5.0,a,,5.0,180,2,10,5.0,0.6,0.39,0.31,0.7,2.03,1,0,0.61,-0.31,1,1,23,17.2,46
2026-09-02,2,226,Pickford,Everton,GK,5.5,a,,5.0,180,2,10,5.0,8.8,0.0,0.02,0.02,4.12,0,0,0.0,-0.02,1,1,0,6.4,56
2026-09-02,2,230,Branthwaite,Everton,DEF,5.5,a,,5.0,180,2,10,5.0,1.8,0.09,0.02,0.11,4.12,0,0,-0.09,-0.02,1,1,20,8.2,33
2026-09-02,2,233,Mykolenko,Everton,DEF,4.5,a,,5.0,180,2,10,5.0,1.7,0.0,0.06,0.06,4.12,0,0,0.0,-0.06,1,1,16,6.7,34
2026-09-02,2,244,Armstrong,Everton,MID,5.0,a,,5.0,176,2,10,5.0,0.4,0.0,0.07,0.07,4.12,0,1,0.0,0.93,1,1,25,7.2,37
2026-09-02,2,249,Barry,Everton,FWD,5.5,a,,5.0,147,2,10,5.0,4.3,1.93,0.09,2.02,2.2,1,0,-0.93,-0.09,1,1,6,17.8,43
2026-09-02,2,316,Emersonn,Ipswich Town,FWD,5.5,d,75,3.8,110,2,10,5.0,1.7,0.82,0.06,0.88,1.4,1,0,0.18,-0.06,0,2,4,12.6,48
2026-09-02,2,591,Enciso,Ipswich Town,MID,5.5,a,100,5.0,160,2,10,5.0,0.6,0.63,0.62,1.25,5.4,0,2,-0.63,1.38,0,6,16,10.9,49
2026-09-02,2,334,Muharemović,Leeds,DEF,5.0,a,,5.0,180,2,10,5.0,3.3,0.09,0.01,0.1,2.33,0,0,-0.09,-0.01,1,1,26,8.7,42
2026-09-02,2,377,Munoz,Liverpool,MID,6.5,a,,5.0,117,1,10,5.0,1.1,0.42,0.23,0.65,3.37,1,1,0.58,0.77,0,2,7,11.5,39
2026-09-02,2,379,Isak,Liverpool,FWD,9.0,a,,5.0,180,2,10,5.0,16.4,2.08,0.01,2.09,3.88,1,0,-1.08,-0.01,0,4,2,18.4,36
2026-09-02,2,398,Foden,Man City,MID,7.0,a,,5.0,171,2,10,5.0,5.0,0.99,0.85,1.84,1.31,0,2,-0.99,1.15,0,2,13,18.1,53
2026-09-02,2,79,Evanilson,Bournemouth,FWD,6.0,a,,4.5,154,2,9,4.5,3.2,0.58,0.25,0.83,3.61,0,2,-0.58,1.75,2,0,11,9.2,28
2026-09-02,2,82,Kelleher,Brentford,GK,5.0,a,,4.5,180,2,9,4.5,7.1,0.0,0.01,0.01,2.03,0,0,0.0,-0.01,1,1,0,4.0,41
2026-09-02,2,84,Collins,Brentford,DEF,5.5,a,,4.5,180,2,9,4.5,2.2,0.51,0.05,0.56,2.03,0,0,-0.51,-0.05,1,1,16,11.3,35
2026-09-02,2,605,Yalcouyé,Brighton,MID,4.5,a,,4.5,77,1,9,4.5,1.3,0.7,0.17,0.87,2.83,1,0,0.3,-0.17,0,3,7,11.6,42
2026-09-02,2,268,King,Fulham,MID,5.5,a,,4.5,180,2,9,4.5,0.7,0.64,0.07,0.71,4.26,1,0,0.36,-0.07,0,4,12,13.4,42
2026-09-02,2,286,Belloumi,Hull City,MID,5.0,a,,4.5,172,2,9,4.5,0.8,0.17,0.05,0.22,2.94,0,1,-0.17,0.95,2,0,20,6.6,31
2026-09-02,2,346,Calvert-Lewin,Leeds,FWD,6.0,a,,4.5,180,2,9,4.5,26.8,1.05,0.02,1.07,2.33,1,0,-0.05,-0.02,1,1,6,8.4,29
2026-09-02,2,445,Thiaw,Newcastle,DEF,5.0,a,,4.5,180,2,9,4.5,2.0,0.0,0.02,0.02,4.1,0,0,0.0,-0.02,1,2,18,4.6,25
2026-09-02,2,460,Willock,Newcastle,MID,5.0,a,,4.5,104,1,9,4.5,0.4,0.16,0.19,0.35,2.24,1,0,0.84,-0.19,1,1,5,6.6,28
2026-09-02,2,533,Mukiele,Sunderland,DEF,5.5,a,100,4.5,90,1,9,4.5,2.4,0.0,0.01,0.01,0.95,0,0,0.0,-0.01,1,0,19,5.3,28
2026-09-02,2,553,Isidor,Sunderland,FWD,5.5,a,,4.5,49,0,9,4.5,1.0,1.39,0.0,1.39,0.47,1,0,-0.39,0.0,0,1,0,5.4,32
2026-09-02,2,13,Rice,Arsenal,MID,7.5,a,,4.0,151,2,8,4.0,15.1,0.07,0.18,0.25,0.39,0,0,-0.07,-0.18,2,0,18,6.7,29
2026-09-02,2,26,Havertz,Arsenal,FWD,7.5,a,,4.0,180,2,8,4.0,7.1,0.28,0.06,0.34,0.53,1,0,0.72,-0.06,2,0,7,10.4,39
2026-09-02,2,156,Neto,Chelsea,MID,6.5,a,,4.0,81,1,8,4.0,1.3,0.44,0.4,0.84,1.48,1,0,0.56,-0.4,0,2,8,12.2,41
2026-09-02,2,161,Lavia,Chelsea,MID,5.0,a,,4.0,131,2,8,4.0,0.2,0.75,0.03,0.78,2.31,1,0,0.25,-0.03,0,4,16,14.2,40
2026-09-02,2,569,Gonzalo,Fulham,FWD,6.0,a,,4.0,180,2,8,4.0,4.5,1.0,0.02,1.02,4.26,1,0,0.0,-0.02,0,4,6,11.4,35
2026-09-02,2,290,Slater,Hull City,MID,4.5,a,,4.0,180,2,8,4.0,4.6,0.0,0.45,0.45,3.12,0,1,0.0,0.55,2,0,13,5.3,26
2026-09-02,2,305,Davis,Ipswich Town,DEF,4.0,a,,4.0,180,2,8,4.0,5.0,0.54,0.13,0.67,5.43,1,0,0.46,-0.13,0,6,11,13.0,11
2026-09-02,2,330,Bogle,Leeds,DEF,4.5,a,,4.0,157,2,8,4.0,0.5,0.0,0.01,0.01,1.4,0,0,0.0,-0.01,1,1,10,4.2,33
2026-09-02,2,447,Botman,Newcastle,DEF,5.0,a,,4.0,180,2,8,4.0,0.6,0.01,0.01,0.02,4.1,0,0,-0.01,-0.01,1,2,15,4.8,26
2026-09-02,2,567,Horníček,Newcastle,GK,5.0,a,,4.0,180,2,8,4.0,1.0,0.0,0.0,0.0,4.1,0,0,0.0,0.0,1,2,0,7.6,44
2026-09-02,2,469,N.Williams,Nott'm Forest,DEF,5.0,a,,4.0,180,2,8,4.0,8.5,0.12,0.17,0.29,2.22,0,1,-0.12,0.83,0,3,18,9.3,29
2026-09-02,2,532,Ballard,Sunderland,DEF,5.0,a,,4.0,180,2,8,4.0,4.4,0.03,0.01,0.04,2.75,0,0,-0.03,-0.01,1,2,19,5.1,31
2026-09-02,2,534,Hume,Sunderland,DEF,4.5,a,,4.0,169,2,8,4.0,5.7,0.04,0.28,0.32,2.64,0,0,-0.04,-0.28,1,1,10,10.2,38
2026-09-02,2,551,Angulo,Sunderland,MID,5.0,a,,4.0,122,2,8,4.0,0.1,0.15,0.05,0.2,2.24,1,0,0.85,-0.05,1,1,12,7.6,36
2026-09-02,2,130,Wieffer,Brighton,DEF,5.0,a,,3.5,156,2,7,3.5,0.5,0.12,0.13,0.25,3.18,0,0,-0.12,-0.13,1,4,15,8.3,38
2026-09-02,2,200,Lacroix,Chelsea,DEF,6.0,a,,3.5,180,2,7,3.5,8.7,0.02,0.2,0.22,2.74,0,1,-0.02,0.8,0,5,21,7.6,22
2026-09-02,2,313,Clarke,Ipswich Town,MID,5.5,a,,3.5,19,0,7,3.5,0.3,0.1,0.0,0.1,0.03,1,0,0.9,0.0,0,0,2,5.2,27
2026-09-02,2,329,Rodon,Leeds,DEF,4.5,d,50,1.8,123,2,7,3.5,3.0,0.03,0.06,0.09,1.01,0,0,-0.03,-0.06,1,0,11,4.5,25
2026-09-02,2,338,Ampadu,Leeds,MID,5.5,a,,3.5,180,2,7,3.5,1.2,0.01,0.13,0.14,2.33,0,0,-0.01,-0.13,1,1,23,7.9,30
2026-09-02,2,397,Semenyo,Man City,MID,8.5,a,,3.5,180,2,7,3.5,20.9,0.12,0.59,0.71,1.31,0,1,-0.12,0.41,0,2,8,15.8,49
2026-09-02,2,529,Roefs,Sunderland,GK,5.0,a,,3.5,180,2,7,3.5,3.5,0.0,0.0,0.0,2.75,0,0,0.0,0.0,1,2,0,1.9,29
2026-09-02,2,536,Reinildo,Sunderland,DEF,4.5,a,,3.5,180,2,7,3.5,0.4,0.0,0.3,0.3,2.75,0,0,0.0,-0.3,1,2,15,7.9,35
2026-09-02,2,541,Meunier,Sunderland,DEF,4.5,a,100,3.5,180,2,7,3.5,0.3,0.1,0.13,0.23,2.75,0,0,-0.1,-0.13,1,2,12,8.2,32
2026-09-02,2,7,Lewis-Skelly,Arsenal,MID,5.5,a,,3.0,160,2,6,3.0,0.7,0.13,0.13,0.26,0.53,0,0,-0.13,-0.13,2,0,12,6.0,30
2026-09-02,2,557,Tzolis,Arsenal,MID,6.5,a,,3.0,120,2,6,3.0,22.5,0.19,0.15,0.34,0.16,0,1,-0.19,0.85,1,0,9,10.3,31
2026-09-02,2,70,Kluivert,Bournemouth,MID,6.0,a,,3.0,154,2,6,3.0,1.1,0.72,0.05,0.77,3.61,0,0,-0.72,-0.05,2,0,14,13.7,27
2026-09-02,2,71,Cook,Bournemouth,MID,5.0,a,,3.0,143,2,6,3.0,0.2,0.0,0.01,0.01,3.61,0,0,0.0,-0.01,2,0,9,2.4,21
2026-09-02,2,566,Silva,Bournemouth,DEF,5.0,a,,3.0,180,2,6,3.0,0.4,0.25,0.03,0.28,4.09,0,0,-0.25,-0.03,0,3,23,6.5,16
2026-09-02,2,97,Jensen,Brentford,MID,5.5,d,75,2.2,66,1,6,3.0,0.2,0.08,0.34,0.42,0.47,0,1,-0.08,0.66,1,0,5,7.2,22
2026-09-02,2,109,Verbruggen,Brighton,GK,4.5,a,,3.0,180,2,6,3.0,21.6,0.0,0.0,0.0,3.22,0,0,0.0,0.0,1,4,0,1.7,24
2026-09-02,2,138,Kostoulas,Brighton,FWD,5.5,a,,3.0,105,1,6,3.0,0.4,0.35,0.02,0.37,2.99,0,1,-0.35,0.98,0,4,8,4.6,16
2026-09-02,2,504,Vuskovic,Brighton,DEF,5.0,a,,3.0,180,2,6,3.0,2.4,0.16,0.05,0.21,3.22,0,0,-0.16,-0.05,1,4,12,6.5,17
2026-09-02,2,210,Wharton,Crystal Palace,MID,5.5,a,100,3.0,180,2,6,3.0,0.9,0.0,0.31,0.31,3.33,0,0,0.0,-0.31,0,6,21,8.9,41
2026-09-02,2,211,Yeremy,Crystal Palace,MID,5.5,a,,3.0,102,1,6,3.0,0.2,0.11,0.09,0.2,2.28,0,1,-0.11,0.91,0,3,15,6.8,31
2026-09-02,2,280,Coyle,Hull City,DEF,4.0,d,75,2.2,114,2,6,3.0,0.6,0.0,0.01,0.01,2.25,0,0,0.0,-0.01,1,0,6,2.2,25
2026-09-02,2,287,Millar,Hull City,MID,5.0,a,,3.0,50,0,6,3.0,0.1,0.58,0.0,0.58,0.87,1,0,0.42,0.0,0,0,4,5.2,26
2026-09-02,2,295,McBurnie,Hull City,FWD,5.5,a,,3.0,180,2,6,3.0,2.1,0.16,0.02,0.18,3.12,0,1,-0.16,0.98,2,0,9,11.2,28
2026-09-02,2,267,Lukić,Ipswich Town,MID,5.0,a,,3.0,162,2,6,3.0,0.1,0.02,0.04,0.06,4.57,0,1,-0.02,0.96,0,5,17,7.1,33
2026-09-02,2,309,Núñez,Ipswich Town,MID,5.0,a,,3.0,140,2,6,3.0,0.1,0.03,0.05,0.08,3.48,0,0,-0.03,-0.05,0,4,21,5.0,32
2026-09-02,2,315,Fatawu,Ipswich Town,MID,5.5,a,,3.0,147,2,6,3.0,0.2,0.0,0.63,0.63,5.22,0,1,0.0,0.37,0,6,11,12.6,47
2026-09-02,2,320,Akpom,Ipswich Town,FWD,5.0,a,,3.0,69,0,6,3.0,0.8,0.97,0.0,0.97,4.04,1,0,0.03,0.0,0,4,3,5.5,33
2026-09-02,2,366,Wirtz,Liverpool,MID,7.5,a,,3.0,152,2,6,3.0,10.2,0.49,0.24,0.73,2.81,0,1,-0.49,0.76,0,4,15,13.1,39
2026-09-02,2,371,Gravenberch,Liverpool,MID,6.0,a,,3.0,96,1,6,3.0,1.7,0.06,0.06,0.12,1.17,0,1,-0.06,0.94,0,2,12,6.1,33
2026-09-02,2,43,Tielemans,Man Utd,MID,6.0,a,100,3.0,156,2,6,3.0,2.1,0.51,0.22,0.73,3.0,0,0,-0.51,-0.22,0,4,18,12.0,39
2026-09-02,2,459,L.Miley,Newcastle,MID,5.5,a,100,3.0,165,2,6,3.0,0.1,0.05,0.05,0.1,3.06,0,0,-0.05,-0.05,1,1,22,6.6,29
2026-09-02,2,57,Petrović,Bournemouth,GK,4.5,a,,2.5,180,2,5,2.5,3.4,0.0,0.0,0.0,4.09,0,0,0.0,0.0,0,3,0,7.1,33
2026-09-02,2,60,Hill,Bournemouth,DEF,5.5,a,,2.5,180,2,5,2.5,0.9,0.0,0.74,0.74,4.09,0,0,0.0,-0.74,0,3,18,6.3,19
2026-09-02,2,61,Truffert,Bournemouth,DEF,5.5,a,,2.5,180,2,5,2.5,3.9,0.0,0.07,0.07,4.09,0,0,0.0,-0.07,0,3,16,7.3,27
2026-09-02,2,114,Boscagli,Brighton,DEF,4.5,a,,2.5,180,2,5,2.5,0.3,0.05,0.15,0.2,3.22,0,0,-0.05,-0.15,1,4,9,8.3,27
2026-09-02,2,116,Dunk,Brighton,DEF,4.5,a,,2.5,180,2,5,2.5,1.2,0.0,0.05,0.05,3.22,0,0,0.0,-0.05,1,4,5,3.7,20
2026-09-02,2,125,Georginio,Brighton,FWD,5.5,d,75,1.9,90,1,5,2.5,0.8,0.08,0.44,0.52,0.29,0,1,-0.08,0.56,1,0,7,4.6,22
2026-09-02,2,148,Hato,Chelsea,DEF,4.5,a,,2.5,154,2,5,2.5,0.6,0.01,0.09,0.1,2.46,0,1,-0.01,0.91,0,5,9,8.3,17
2026-09-02,2,214,Kamada,Crystal Palace,MID,5.0,a,,2.5,180,2,5,2.5,0.3,0.05,0.29,0.34,3.33,0,0,-0.05,-0.29,0,6,23,7.7,46
2026-09-02,2,242,George,Everton,MID,5.5,a,,2.5,144,2,5,2.5,0.3,0.23,0.09,0.32,2.25,0,0,-0.23,-0.09,1,1,9,8.9,25
2026-09-02,2,246,Röhl,Everton,MID,5.0,a,,2.5,175,2,5,2.5,0.1,0.0,0.07,0.07,4.12,0,0,0.0,-0.07,1,1,18,4.0,25
2026-09-02,2,250,Leno,Fulham,GK,4.5,a,,2.5,180,2,5,2.5,3.1,0.0,0.0,0.0,4.26,0,0,0.0,0.0,0,4,0,4.9,22
2026-09-02,2,264,Bobb,Fulham,MID,5.5,a,,2.5,133,2,5,2.5,0.3,0.0,0.27,0.27,2.47,0,0,0.0,-0.27,1,3,11,5.5,18
2026-09-02,2,481,Anderson,Man City,MID,6.4,a,100,2.5,143,2,5,2.5,5.3,0.07,0.47,0.54,1.21,0,0,-0.07,-0.47,0,2,20,8.6,39
2026-09-02,2,418,Maguire,Man Utd,DEF,5.0,a,,2.5,180,2,5,2.5,15.2,0.07,0.41,0.48,3.07,0,1,-0.07,0.59,0,4,9,8.8,28
2026-09-02,2,432,Mainoo,Man Utd,MID,5.5,a,,2.5,102,1,5,2.5,1.1,0.21,0.28,0.49,1.13,0,0,-0.21,-0.28,0,1,16,3.8,32
2026-09-02,2,453,Barnes,Newcastle,MID,6.0,a,,2.5,180,2,5,2.5,1.1,0.11,0.03,0.14,4.1,0,0,-0.11,-0.03,1,2,12,5.3,21
2026-09-02,2,471,Milenković,Nott'm Forest,DEF,5.5,a,,2.5,180,2,5,2.5,1.7,0.11,0.02,0.13,2.22,0,0,-0.11,-0.02,0,3,20,3.9,7
2026-09-02,2,472,Murillo,Nott'm Forest,DEF,5.5,a,100,2.5,180,2,5,2.5,1.6,0.18,0.28,0.46,2.22,0,0,-0.18,-0.28,0,3,20,7.8,17
2026-09-02,2,473,Aina,Nott'm Forest,DEF,4.5,a,,2.5,158,2,5,2.5,3.2,0.04,0.52,0.56,2.09,0,0,-0.04,-0.52,1,2,7,9.4,26
2026-09-02,2,486,McAtee,Nott'm Forest,MID,5.5,a,,2.5,163,2,5,2.5,0.1,0.0,0.32,0.32,2.09,0,0,0.0,-0.32,1,2,16,8.1,34
2026-09-02,2,558,Schlager,Nott'm Forest,MID,5.0,a,,2.5,106,1,5,2.5,0.1,0.05,0.0,0.05,1.88,0,0,-0.05,0.0,0,3,16,3.3,18
2026-09-02,2,502,Robertson,Spurs,DEF,4.5,a,,2.5,157,2,5,2.5,3.4,0.06,0.08,0.14,4.35,0,0,-0.06,-0.08,0,4,14,10.6,20
2026-09-02,2,542,E.Le Fée,Sunderland,MID,5.9,a,,2.5,168,2,5,2.5,6.7,0.37,0.2,0.57,2.55,0,0,-0.37,-0.2,1,1,8,7.0,26
2026-09-02,2,543,Diarra,Sunderland,MID,5.5,d,75,1.9,28,0,5,2.5,0.1,0.03,0.16,0.19,0.12,0,1,-0.03,0.84,0,1,0,2.9,18
2026-09-02,2,545,Sadiki,Sunderland,MID,5.0,a,,2.5,180,2,5,2.5,0.3,0.08,0.05,0.13,2.75,0,0,-0.08,-0.05,1,2,13,10.4,39
2026-09-02,2,41,Buendía,Aston Villa,MID,6.0,a,,2.0,175,2,4,2.0,1.1,0.17,0.11,0.28,4.66,0,0,-0.17,-0.11,0,5,12,4.9,13
2026-09-02,2,46,Barkley,Aston Villa,MID,5.0,a,,2.0,150,2,4,2.0,0.2,0.13,0.04,0.17,4.59,0,0,-0.13,-0.04,0,5,11,7.6,34
2026-09-02,2,47,Kamara,Aston Villa,MID,5.0,a,100,2.0,180,2,4,2.0,0.3,0.0,0.03,0.03,4.81,0,0,0.0,-0.03,0,5,15,3.9,22
2026-09-02,2,51,George Hemmings,Aston Villa,MID,4.5,a,,2.0,160,2,4,2.0,0.9,0.0,0.01,0.01,4.78,0,0,0.0,-0.01,0,5,11,3.0,17
2026-09-02,2,67,Rayan,Bournemouth,MID,6.5,a,,2.0,178,2,4,2.0,2.4,0.44,0.05,0.49,3.9,0,0,-0.44,-0.05,0,2,6,9.1,13
2026-09-02,2,95,O.Dango,Brentford,MID,6.5,a,,2.0,95,1,4,2.0,0.9,0.07,0.37,0.44,1.83,0,0,-0.07,-0.37,1,1,13,8.0,22
2026-09-02,2,96,Damsgaard,Brentford,MID,5.5,a,,2.0,82,1,4,2.0,0.5,0.03,0.24,0.27,0.23,0,0,-0.03,-0.24,1,0,13,10.8,26
2026-09-02,2,151,Acheampong,Chelsea,DEF,4.5,a,,2.0,112,1,4,2.0,0.4,0.0,0.01,0.01,1.47,0,0,0.0,-0.01,0,3,18,4.3,12
2026-09-02,2,183,Rudoni,Coventry City,MID,5.0,a,100,2.0,90,1,4,2.0,0.1,0.21,0.09,0.3,0.31,0,0,-0.21,-0.09,1,0,11,6.5,15
2026-09-02,2,184,Grimes,Coventry City,MID,5.0,a,,2.0,180,2,4,2.0,0.2,0.01,0.05,0.06,2.6,0,0,-0.01,-0.05,0,4,17,5.4,28
2026-09-02,2,575,Yirenkyi,Coventry City,MID,5.0,a,,2.0,131,2,4,2.0,0.2,0.03,0.13,0.16,1.58,0,0,-0.03,-0.13,1,3,10,3.2,19
2026-09-02,2,247,Hackney,Everton,MID,5.5,a,100,2.0,106,1,4,2.0,0.2,0.01,0.02,0.03,3.2,0,0,-0.01,-0.02,1,0,10,3.7,19
2026-09-02,2,261,Iwobi,Fulham,MID,5.5,a,,2.0,180,2,4,2.0,0.9,0.01,0.44,0.45,4.26,0,0,-0.01,-0.44,0,4,14,7.4,37
2026-09-02,2,265,Berge,Fulham,MID,5.0,a,,2.0,154,2,4,2.0,0.4,0.03,0.23,0.26,4.06,0,0,-0.03,-0.23,0,4,6,8.0,28
2026-09-02,2,259,Diop,Ipswich Town,DEF,4.0,a,,2.0,180,2,4,2.0,16.0,0.0,0.01,0.01,5.43,0,0,0.0,-0.01,0,6,17,5.1,14
2026-09-02,2,304,O'Shea,Ipswich Town,DEF,4.0,a,,2.0,180,2,4,2.0,3.3,0.07,0.17,0.24,5.43,0,0,-0.07,-0.17,0,6,19,8.4,2
2026-09-02,2,562,Maeda,Ipswich Town,MID,5.5,a,,2.0,151,2,4,2.0,0.3,0.67,0.01,0.68,4.54,0,0,-0.67,-0.01,0,5,14,4.9,17
2026-09-02,2,564,Scherpen,Ipswich Town,GK,4.5,a,,2.0,180,2,4,2.0,0.6,0.0,0.01,0.01,5.43,0,0,0.0,-0.01,0,6,0,6.0,21
2026-09-02,2,260,Wilson,Leeds,MID,6.4,a,,2.0,110,1,4,2.0,4.5,0.01,0.06,0.07,1.66,0,0,-0.01,-0.06,1,0,8,5.3,15
2026-09-02,2,337,Aaronson,Leeds,MID,5.5,a,,2.0,126,2,4,2.0,0.8,0.01,0.02,0.03,1.13,0,0,-0.01,-0.02,1,1,10,1.9,22
2026-09-02,2,347,Nmecha,Leeds,FWD,5.5,a,,2.0,21,0,4,2.0,0.5,0.1,0.0,0.1,0.93,0,1,-0.1,1.0,0,0,1,4.5,18
2026-09-02,2,362,Jacquet,Liverpool,DEF,5.0,a,100,2.0,145,2,4,2.0,2.5,0.0,0.07,0.07,3.27,0,0,0.0,-0.07,0,4,14,7.2,22
2026-09-02,2,387,O'Reilly,Man City,DEF,6.5,a,,2.0,150,2,4,2.0,19.2,0.09,0.43,0.52,1.21,0,0,-0.09,-0.43,0,2,3,6.6,16
2026-09-02,2,390,Rúben,Man City,DEF,5.5,a,,2.0,180,2,4,2.0,1.8,0.09,0.71,0.8,1.31,0,0,-0.09,-0.71,0,2,12,12.8,30
2026-09-02,2,393,Khusanov,Man City,DEF,5.5,a,,2.0,178,2,4,2.0,1.6,0.0,0.04,0.04,1.31,0,0,0.0,-0.04,0,2,11,5.0,31
2026-09-02,2,463,Woltemade,Newcastle,FWD,5.9,a,,2.0,19,0,4,2.0,1.3,0.02,0.01,0.03,0.38,0,1,-0.02,0.99,0,0,0,4.0,18
2026-09-02,2,465,Osula,Newcastle,FWD,6.0,i,0,0.0,55,1,4,2.0,0.6,0.06,0.14,0.2,1.48,0,1,-0.06,0.86,0,1,5,5.0,18
2026-09-02,2,455,Tonali,Spurs,MID,5.4,a,,2.0,164,2,4,2.0,3.1,0.09,0.08,0.17,4.59,0,0,-0.09,-0.08,0,5,8,5.6,30
2026-09-02,2,514,Tel,Spurs,MID,5.9,a,,2.0,157,2,4,2.0,0.4,0.2,0.09,0.29,4.35,0,0,-0.2,-0.09,0,4,11,8.6,27
2026-09-02,2,522,Gray,Spurs,MID,5.0,a,,2.0,152,2,4,2.0,0.2,0.0,0.01,0.01,3.91,0,0,0.0,-0.01,0,4,11,1.3,24
2026-09-02,2,552,Brobbey,Sunderland,FWD,5.9,a,,2.0,129,2,4,2.0,10.3,0.33,0.0,0.33,2.27,0,0,-0.33,0.0,1,1,4,1.8,6
2026-09-02,2,105,Anthony,Brentford,MID,6.0,a,,1.5,83,1,3,1.5,0.2,0.14,0.41,0.55,0.19,0,0,-0.14,-0.41,1,0,9,9.1,13
2026-09-02,2,110,Rushworth,Coventry City,GK,4.5,a,,1.5,180,2,3,1.5,1.1,0.0,0.01,0.01,2.6,0,0,0.0,-0.01,0,4,0,2.5,10
2026-09-02,2,175,van Ewijk,Coventry City,DEF,4.0,a,,1.5,180,2,3,1.5,12.1,0.0,0.2,0.2,2.6,0,0,0.0,-0.2,0,4,9,7.0,7
2026-09-02,2,176,Dasilva,Coventry City,DEF,4.0,a,,1.5,180,2,3,1.5,0.8,0.18,0.07,0.25,2.6,0,0,-0.18,-0.07,0,4,9,5.8,11
2026-09-02,2,190,Tchaouna,Coventry City,MID,5.5,a,,1.5,139,2,3,1.5,0.1,0.09,0.15,0.24,1.78,0,0,-0.09,-0.15,0,3,14,4.2,18
2026-09-02,2,194,Thomas-Asante,Coventry City,FWD,5.0,a,,1.5,101,1,3,1.5,0.8,0.0,0.02,0.02,2.29,0,0,0.0,-0.02,0,4,8,1.1,14
2026-09-02,2,492,Awoniyi,Coventry City,FWD,5.5,a,,1.5,110,1,3,1.5,0.7,0.93,0.03,0.96,1.01,0,0,-0.93,-0.03,0,1,4,10.0,10
2026-09-02,2,198,Henderson,Crystal Palace,GK,5.0,a,100,1.5,180,2,3,1.5,1.8,0.0,0.0,0.0,3.33,0,0,0.0,0.0,0,6,0,5.8,18
2026-09-02,2,202,Richards,Crystal Palace,DEF,5.0,a,,1.5,180,2,3,1.5,0.7,0.04,0.0,0.04,3.33,0,0,-0.04,0.0,0,6,22,7.5,9
2026-09-02,2,222,Strand Larsen,Crystal Palace,FWD,6.0,a,,1.5,89,1,3,1.5,0.5,0.3,0.01,0.31,2.15,0,0,-0.3,-0.01,0,3,4,3.2,16
2026-09-02,2,224,Nketiah,Crystal Palace,FWD,5.5,a,,1.5,122,2,3,1.5,0.5,0.96,0.58,1.54,2.85,0,0,-0.96,-0.58,0,5,9,7.9,20
2026-09-02,2,241,McNeil,Crystal Palace,MID,5.5,a,,1.5,84,1,3,1.5,0.2,0.05,0.02,0.07,1.18,0,0,-0.05,-0.02,0,3,7,1.7,13
2026-09-02,2,588,Khalaili,Crystal Palace,DEF,5.0,a,,1.5,109,1,3,1.5,0.1,0.02,0.16,0.18,2.28,0,0,-0.02,-0.16,0,3,23,8.6,21
2026-09-02,2,254,Robinson,Fulham,DEF,4.5,a,,1.5,171,2,3,1.5,1.6,0.13,0.06,0.19,4.23,0,0,-0.13,-0.06,0,4,10,6.4,14
2026-09-02,2,255,J.Cuenca,Fulham,DEF,4.5,a,,1.5,90,1,3,1.5,0.0,0.0,0.03,0.03,2.24,0,0,0.0,-0.03,0,3,10,5.4,7
2026-09-02,2,570,Palacios,Fulham,MID,5.5,a,,1.5,147,2,3,1.5,0.2,0.18,0.01,0.19,3.83,0,0,-0.18,-0.01,0,4,13,2.5,16
2026-09-02,2,576,Stroud,Hull City,MID,5.0,a,,1.5,128,2,3,1.5,0.1,0.01,0.04,0.05,2.25,0,0,-0.01,-0.04,1,0,13,2.2,9
2026-09-02,2,336,Okafor,Leeds,MID,5.9,a,,1.5,92,1,3,1.5,0.3,0.08,0.17,0.25,0.87,0,0,-0.08,-0.17,0,1,7,5.2,21
2026-09-02,2,356,Virgil,Liverpool,DEF,6.5,a,,1.5,180,2,3,1.5,18.1,0.25,0.04,0.29,3.88,0,0,-0.25,-0.04,0,4,18,8.2,13
2026-09-02,2,369,Ngumoha,Liverpool,MID,5.9,a,,1.5,81,1,3,1.5,0.9,0.04,0.05,0.09,0.58,0,0,-0.04,-0.05,0,2,3,1.8,14
2026-09-02,2,372,Mac Allister,Liverpool,MID,5.5,a,,1.5,103,1,3,1.5,1.5,0.0,0.4,0.4,3.3,0,0,0.0,-0.4,0,2,13,2.7,19
2026-09-02,2,384,Donnarumma,Man City,GK,5.5,a,,1.5,180,2,3,1.5,8.0,0.0,0.0,0.0,1.31,0,0,0.0,0.0,0,2,0,3.4,17
2026-09-02,2,162,Andrey Santos,Man Utd,MID,5.0,a,,1.5,76,1,3,1.5,0.9,0.0,0.23,0.23,1.94,0,0,0.0,-0.23,0,3,14,2.5,19
2026-09-02,2,412,Lammens,Man Utd,GK,5.0,a,,1.5,180,2,3,1.5,14.2,0.0,0.0,0.0,3.07,0,0,0.0,0.0,0,4,0,4.7,18
2026-09-02,2,417,Dalot,Man Utd,DEF,5.0,a,,1.5,83,1,3,1.5,2.3,0.15,0.12,0.27,1.06,0,0,-0.15,-0.12,0,1,7,11.1,18
2026-09-02,2,423,Shaw,Man Utd,DEF,4.5,a,,1.5,162,2,3,1.5,17.1,0.0,0.28,0.28,2.07,0,0,0.0,-0.28,0,3,12,11.4,25
2026-09-02,2,429,Rashford,Man Utd,MID,7.0,a,,1.5,124,1,3,1.5,1.6,0.26,0.15,0.41,1.15,0,0,-0.26,-0.15,0,1,7,17.2,26
2026-09-02,2,467,Sels,Nott'm Forest,GK,5.0,a,,1.5,180,2,3,1.5,1.4,0.0,0.01,0.01,2.22,0,0,0.0,-0.01,0,3,0,3.1,17
2026-09-02,2,491,Igor Jesus,Nott'm Forest,FWD,5.9,a,,1.5,180,2,3,1.5,3.2,0.96,0.06,1.02,2.22,0,0,-0.96,-0.06,0,3,8,10.3,12
2026-09-02,2,496,Kinsky,Spurs,GK,4.5,a,,1.5,180,2,3,1.5,20.3,0.0,0.0,0.0,4.59,0,0,0.0,0.0,0,5,0,4.8,19
2026-09-02,2,498,Senesi,Spurs,DEF,5.9,a,,1.5,90,1,3,1.5,6.1,0.0,0.02,0.02,3.87,0,0,0.0,-0.02,0,3,16,3.9,10
2026-09-02,2,516,Bentancur,Spurs,MID,5.5,a,,1.5,135,1,3,1.5,0.2,0.0,0.03,0.03,2.9,0,0,0.0,-0.03,0,3,16,4.0,25
2026-09-02,2,523,Moore,Spurs,MID,5.0,a,,1.5,89,1,3,1.5,0.2,0.4,0.02,0.42,3.26,0,0,-0.4,-0.02,0,4,3,7.5,11
2026-09-02,2,525,Fernandes,Spurs,MID,5.9,a,,1.5,135,1,3,1.5,1.3,0.01,0.23,0.24,2.9,0,0,-0.01,-0.23,0,3,10,9.7,34
2026-09-02,2,14,Eze,Arsenal,MID,6.4,a,,1.0,59,0,2,1.0,1.5,0.04,0.07,0.11,0.39,0,0,-0.04,-0.07,0,0,5,0.7,10
2026-09-02,2,17,Merino,Arsenal,MID,5.9,a,,1.0,33,0,2,1.0,0.5,0.14,0.02,0.16,0.15,0,0,-0.14,-0.02,0,0,6,2.3,12
2026-09-02,2,19,Zubimendi,Arsenal,MID,5.4,a,,1.0,27,0,2,1.0,0.8,0.0,0.02,0.02,0.15,0,0,0.0,-0.02,0,0,5,1.2,8
2026-09-02,2,34,Pau,Aston Villa,DEF,4.5,a,,1.0,163,2,2,1.0,0.4,0.0,0.01,0.01,4.59,0,0,0.0,-0.01,0,5,9,1.2,-8
2026-09-02,2,45,McGinn,Aston Villa,MID,5.5,a,,1.0,171,2,2,1.0,2.5,0.09,0.06,0.15,4.66,0,0,-0.09,-0.06,0,5,10,2.2,10
2026-09-02,2,160,Garnacho,Aston Villa,MID,5.9,a,,1.0,16,0,2,1.0,0.5,0.0,0.0,0.0,0.14,0,0,0.0,0.0,0,0,2,0.2,5
2026-09-02,2,166,N.Jackson,Aston Villa,FWD,6.5,a,,1.0,70,1,2,1.0,0.8,0.0,0.1,0.1,1.01,0,0,0.0,-0.1,0,1,3,1.2,11
2026-09-02,2,597,Suzuki,Aston Villa,GK,5.0,a,,1.0,90,1,2,1.0,1.1,0.0,0.0,0.0,1.04,0,0,0.0,0.0,0,1,0,1.4,8
2026-09-02,2,64,Smith,Bournemouth,DEF,4.5,a,,1.0,180,2,2,1.0,0.1,0.0,0.02,0.02,4.09,0,0,0.0,-0.02,0,3,11,3.9,9
2026-09-02,2,73,Adams,Bournemouth,MID,5.0,a,100,1.0,36,0,2,1.0,0.2,0.0,0.0,0.0,0.47,0,0,0.0,0.0,0,3,6,0.7,8
2026-09-02,2,90,Hickey,Brentford,DEF,4.5,a,,1.0,16,0,2,1.0,0.1,0.0,0.02,0.02,0.1,0,0,0.0,-0.02,0,0,1,0.8,8
2026-09-02,2,102,Yarmoliuk,Brentford,MID,5.0,a,,1.0,44,0,2,1.0,1.0,0.04,0.01,0.05,1.42,0,0,-0.04,-0.01,0,1,6,2.6,11
2026-09-02,2,106,Thiago,Brentford,FWD,8.0,a,,1.0,172,2,2,1.0,14.6,1.8,0.09,1.89,1.96,0,0,-1.8,-0.09,1,1,9,7.8,-1
2026-09-02,2,108,Wilson,Brentford,FWD,5.5,a,,1.0,9,0,2,1.0,0.4,0.07,0.04,0.11,0.07,0,0,-0.07,-0.04,0,0,1,2.5,7
2026-09-02,2,129,Ayari,Brighton,MID,5.5,d,75,0.8,63,1,2,1.0,0.5,0.11,0.03,0.14,0.19,0,0,-0.11,-0.03,1,0,4,1.7,8
2026-09-02,2,600,Osman,Brighton,MID,5.0,a,,1.0,28,0,2,1.0,0.0,0.0,0.06,0.06,0.1,0,0,0.0,-0.06,0,1,3,3.0,13
2026-09-02,2,28,Martinez,Chelsea,GK,5.0,a,,1.0,90,1,2,1.0,4.4,0.0,0.01,0.01,1.41,0,0,0.0,-0.01,0,3,0,5.6,18
2026-09-02,2,140,Sánchez,Chelsea,GK,4.9,a,,1.0,90,1,2,1.0,1.7,0.0,0.01,0.01,1.33,0,0,0.0,-0.01,0,2,0,2.1,6
2026-09-02,2,144,Gusto,Chelsea,DEF,5.0,a,,1.0,165,2,2,1.0,1.2,0.0,0.04,0.04,2.52,0,0,0.0,-0.04,0,5,8,3.2,1
2026-09-02,2,583,Chavarria,Chelsea,DEF,5.0,a,,1.0,43,0,2,1.0,0.2,0.0,0.02,0.02,0.37,0,0,0.0,-0.02,0,1,4,1.2,4
2026-09-02,2,104,Onyeka,Coventry City,MID,5.0,a,,1.0,90,1,2,1.0,0.1,0.0,0.01,0.01,1.88,0,0,0.0,-0.01,0,3,9,0.5,8
2026-09-02,2,182,Amenda,Coventry City,DEF,4.0,a,,1.0,180,2,2,1.0,0.8,0.02,0.05,0.07,2.6,0,0,-0.02,-0.05,0,4,13,4.9,5
2026-09-02,2,188,Torp,Coventry City,MID,5.5,a,,1.0,47,0,2,1.0,0.1,0.0,0.12,0.12,1.01,0,0,0.0,-0.12,0,1,3,2.6,10
2026-09-02,2,195,Simms,Coventry City,FWD,5.0,a,,1.0,69,1,2,1.0,0.9,0.0,0.01,0.01,1.6,0,0,0.0,-0.01,0,3,3,1.7,7
2026-09-02,2,584,Hamer,Coventry City,MID,5.5,a,,1.0,27,0,2,1.0,0.1,0.0,0.02,0.02,0.82,0,0,0.0,-0.02,0,1,1,0.3,5
2026-09-02,2,42,Guessand,Crystal Palace,MID,5.5,a,,1.0,54,0,2,1.0,0.0,0.03,0.03,0.06,0.34,0,0,-0.03,-0.03,0,1,2,1.5,6
2026-09-02,2,223,Mateta,Crystal Palace,FWD,6.4,i,0,0.0,62,1,2,1.0,3.1,0.7,0.02,0.72,0.98,0,0,-0.7,-0.02,0,2,5,2.5,-3
2026-09-02,2,577,Tomiyasu,Crystal Palace,DEF,4.5,a,,1.0,91,1,2,1.0,0.3,0.0,0.01,0.01,2.15,0,0,0.0,-0.01,0,3,9,2.1,0
2026-09-02,2,209,Johnson,Everton,MID,5.9,a,,1.0,34,0,2,1.0,0.1,0.0,0.0,0.0,1.87,0,0,0.0,0.0,0,0,4,0.5,4
2026-09-02,2,239,Garner,Everton,MID,6.0,a,100,1.0,72,1,2,1.0,0.1,0.0,0.03,0.03,0.92,0,0,0.0,-0.03,0,1,11,2.4,15
2026-09-02,2,248,Beto,Everton,FWD,5.4,a,,1.0,31,0,2,1.0,2.0,0.09,0.0,0.09,1.92,0,0,-0.09,0.0,0,0,1,0.8,5
2026-09-02,2,257,Bassey,Fulham,DEF,4.5,a,,1.0,180,2,2,1.0,0.8,0.02,0.03,0.05,4.26,0,0,-0.02,-0.03,0,4,11,4.2,14
2026-09-02,2,263,Kevin,Fulham,MID,5.5,a,,1.0,24,0,2,1.0,0.0,0.0,0.05,0.05,0.2,0,0,0.0,-0.05,0,0,3,0.8,4
2026-09-02,2,269,Sessegnon,Fulham,DEF,4.5,a,,1.0,39,0,2,1.0,0.4,0.05,0.12,0.17,1.8,0,0,-0.05,-0.12,0,1,2,5.4,10
2026-09-02,2,580,Charles,Fulham,MID,5.0,a,,1.0,45,0,2,1.0,0.1,0.09,0.03,0.12,1.8,0,0,-0.09,-0.03,0,1,5,1.4,7
2026-09-02,2,281,Drameh,Hull City,DEF,4.0,a,100,1.0,65,0,2,1.0,0.1,0.05,0.0,0.05,0.87,0,0,-0.05,0.0,0,0,6,0.8,8
2026-09-02,2,289,Crooks,Hull City,MID,4.5,d,75,0.8,90,1,2,1.0,0.6,0.0,0.0,0.0,1.83,0,0,0.0,0.0,1,0,9,2.1,9
2026-09-02,2,585,Herrington,Hull City,DEF,4.0,a,,1.0,57,0,2,1.0,0.6,0.0,0.0,0.0,1.16,0,0,0.0,0.0,0,0,5,1.1,7
2026-09-02,2,323,McAteer,Ipswich Town,MID,4.5,a,,1.0,31,0,2,1.0,1.3,0.0,0.0,0.0,0.21,0,0,0.0,0.0,0,0,4,0.3,7
2026-09-02,2,592,Ouattara,Ipswich Town,DEF,4.0,a,,1.0,27,0,2,1.0,1.0,0.0,0.0,0.0,0.89,0,0,0.0,0.0,0,1,2,1.6,3
2026-09-02,2,350,A.Becker,Liverpool,GK,5.5,a,,1.0,180,2,2,1.0,3.8,0.0,0.0,0.0,3.88,0,0,0.0,0.0,0,4,0,2.6,2
2026-09-02,2,406,Kovačić,Man City,MID,5.5,a,,1.0,42,0,2,1.0,0.1,0.0,0.02,0.02,0.1,0,0,0.0,-0.02,0,0,2,0.9,12
2026-09-02,2,422,Mazraoui,Man Utd,DEF,4.5,a,,1.0,96,1,2,1.0,0.7,0.22,0.05,0.27,2.01,0,0,-0.22,-0.05,0,3,5,5.9,7
2026-09-02,2,439,Šeško,Man Utd,FWD,7.0,a,100,1.0,33,0,2,1.0,1.6,0.04,0.01,0.05,1.07,0,0,-0.04,-0.01,0,1,3,2.4,7
2026-09-02,2,405,N.Gonzalez,Newcastle,MID,5.5,a,,1.0,70,1,2,1.0,0.2,0.0,0.2,0.2,0.74,0,0,0.0,-0.2,1,0,4,3.7,9
2026-09-02,2,462,Steur,Newcastle,MID,5.0,a,,1.0,74,1,2,1.0,0.1,0.0,0.0,0.0,1.86,0,0,0.0,0.0,0,1,5,0.7,7
2026-09-02,2,474,Jair Cunha,Nott'm Forest,DEF,4.5,a,,1.0,180,2,2,1.0,0.2,0.0,0.0,0.0,2.22,0,0,0.0,0.0,0,3,16,3.7,11
2026-09-02,2,478,Netz,Nott'm Forest,DEF,4.5,a,,1.0,20,0,2,1.0,0.0,0.0,0.0,0.0,0.13,0,0,0.0,0.0,0,1,1,0.3,3
2026-09-02,2,488,I.Sangaré,Nott'm Forest,MID,5.0,i,0,0.0,90,1,2,1.0,0.7,0.03,0.01,0.04,0.47,0,0,-0.03,-0.01,0,1,6,3.4,10
2026-09-02,2,112,Van Hecke,Spurs,DEF,5.0,a,,1.0,180,2,2,1.0,8.0,0.11,0.06,0.17,4.59,0,0,-0.11,-0.06,0,5,17,10.6,12
2026-09-02,2,401,Marmoush,Spurs,FWD,7.0,a,,1.0,90,1,2,1.0,2.0,0.17,0.07,0.24,0.72,0,0,-0.17,-0.07,0,2,4,7.2,14
2026-09-02,2,506,Udogie,Spurs,DEF,4.5,a,,1.0,26,0,2,1.0,0.4,0.0,0.21,0.21,0.68,0,0,0.0,-0.21,0,1,1,1.9,5
2026-09-02,2,526,Solanke,Spurs,FWD,5.9,a,,1.0,37,0,2,1.0,1.1,0.27,0.0,0.27,0.85,0,0,-0.27,0.0,0,0,0,1.5,9
2026-09-02,2,527,Richarlison,Spurs,FWD,5.9,a,,1.0,67,1,2,1.0,2.1,0.0,0.0,0.0,3.02,0,0,0.0,0.0,0,3,1,0.2,6
2026-09-02,2,548,Rigg,Sunderland,MID,5.0,a,,1.0,17,0,2,1.0,0.1,0.0,0.0,0.0,0.44,0,0,0.0,0.0,0,1,1,0.0,6
2026-09-02,2,9,Hincapie,Arsenal,DEF,5.4,a,,0.5,9,0,1,0.5,1.3,0.0,0.0,0.0,0.15,0,0,0.0,0.0,0,0,0,0.1,3
2026-09-02,2,16,Madueke,Arsenal,MID,6.4,a,,0.5,22,0,1,0.5,0.3,0.0,0.04,0.04,0.15,0,0,0.0,-0.04,0,0,2,5.3,8
2026-09-02,2,31,Konsa,Arsenal,DEF,4.4,a,,0.5,11,0,1,0.5,10.5,0.0,0.0,0.0,0.0,0,0,0.0,0.0,0,0,1,0.3,3
2026-09-02,2,452,Bruno G.,Arsenal,MID,6.9,a,100,0.5,19,0,1,0.5,2.2,0.0,0.01,0.01,0.0,0,0,0.0,-0.01,0,0,3,0.4,4
2026-09-02,2,29,M.Bizot,Aston Villa,GK,4.5,a,,0.5,90,1,1,0.5,0.1,0.0,0.0,0.0,3.77,0,0,0.0,0.0,0,4,0,2.8,1
2026-09-02,2,32,Cash,Aston Villa,DEF,4.5,a,,0.5,167,2,1,0.5,7.2,0.15,0.01,0.16,4.81,0,0,-0.15,-0.01,0,5,13,3.6,0
2026-09-02,2,33,Mings,Aston Villa,DEF,4.5,a,,0.5,16,0,1,0.5,0.4,0.0,0.0,0.0,0.22,0,0,0.0,0.0,0,0,1,0.2,5
2026-09-02,2,35,Bogarde,Aston Villa,MID,5.0,a,,0.5,16,0,1,0.5,0.1,0.0,0.0,0.0,0.22,0,0,0.0,0.0,0,0,1,0.3,3
2026-09-02,2,36,Maatsen,Aston Villa,DEF,4.5,a,,0.5,171,2,1,0.5,0.7,0.1,0.0,0.1,4.66,0,0,-0.1,0.0,0,5,17,3.0,-14
2026-09-02,2,52,Alysson,Aston Villa,MID,5.0,a,,0.5,27,0,1,0.5,0.0,0.0,0.0,0.0,0.16,0,0,0.0,0.0,0,0,5,0.8,7
2026-09-02,2,56,Abraham,Aston Villa,FWD,5.5,a,100,0.5,19,0,1,0.5,0.1,0.0,0.0,0.0,0.02,0,0,0.0,0.0,0,0,0,0.1,3
2026-09-02,2,596,Ruggeri,Aston Villa,DEF,4.5,a,,0.5,8,0,1,0.5,0.1,0.0,0.0,0.0,0.14,0,0,0.0,0.0,0,0,2,0.4,3
2026-09-02,2,611,Wan-Bissaka,Aston Villa,DEF,4.5,a,,1.7,12,0,1,1.0,0.1,0.0,0.0,0.0,0.0,0,0,0.0,0.0,0,0,2,0.4,4
2026-09-02,2,72,Gannon-Doak,Bournemouth,MID,5.0,a,,0.5,1,0,1,0.5,0.1,0.0,0.0,0.0,0.19,0,0,0.0,0.0,0,1,1,0.2,3
2026-09-02,2,74,Brooks,Bournemouth,MID,5.0,a,100,0.5,9,0,1,0.5,0.1,0.0,0.01,0.01,0.16,0,0,0.0,-0.01,0,1,0,0.1,3
2026-09-02,2,75,Christie,Bournemouth,MID,5.0,a,100,0.5,3,0,1,0.5,0.0,0.0,0.0,0.0,0.13,0,0,0.0,0.0,0,1,2,0.3,5
2026-09-02,2,76,Tóth.A,Bournemouth,MID,5.0,a,,0.5,15,0,1,0.5,0.0,0.0,0.0,0.0,0.31,0,0,0.0,0.0,0,2,2,0.3,5
2026-09-02,2,81,Rodríguez,Bournemouth,FWD,6.0,a,100,0.5,9,0,1,0.5,0.1,0.0,0.0,0.0,0.16,0,0,0.0,0.0,0,1,1,0.0,4
2026-09-02,2,608,Jebbison,Bournemouth,FWD,5.0,a,,0.5,15,0,1,0.5,0.1,0.1,0.0,0.1,0.31,0,0,-0.1,0.0,0,2,1,2.1,6
2026-09-02,2,89,Henry,Brentford,DEF,4.5,a,,0.5,2,0,1,0.5,0.2,0.0,0.0,0.0,0.0,0,0,0.0,0.0,0,0,0,0.0,3
2026-09-02,2,119,Costinha,Brighton,DEF,4.5,a,,0.5,36,0,1,0.5,0.0,0.12,0.0,0.12,0.14,0,0,-0.12,0.0,0,0,4,2.8,6
2026-09-02,2,135,Yohanna,Brighton,MID,5.0,a,,0.5,12,0,1,0.5,0.1,0.0,0.03,0.03,0.0,0,0,0.0,-0.03,0,0,0,0.2,3
2026-09-02,2,594,David,Brighton,FWD,6.0,a,,0.5,10,0,1,0.5,0.3,0.0,0.0,0.0,0.04,0,0,0.0,0.0,0,0,0,0.4,3
2026-09-02,2,142,James,Chelsea,DEF,5.5,a,,0.5,112,1,1,0.5,8.6,0.1,0.07,0.17,1.47,0,0,-0.1,-0.07,0,3,6,6.2,4
2026-09-02,2,149,Colwill,Chelsea,DEF,5.0,a,,0.5,161,2,1,0.5,1.3,0.01,0.03,0.04,2.64,0,0,-0.01,-0.03,0,4,13,2.9,8
2026-09-02,2,155,Enzo,Chelsea,MID,6.9,a,,0.5,25,0,1,0.5,3.5,0.0,0.02,0.02,0.28,0,0,0.0,-0.02,0,0,3,1.5,6
2026-09-02,2,157,Estêvão,Chelsea,MID,6.4,a,,0.5,7,0,1,0.5,0.9,0.0,0.0,0.0,0.09,0,0,0.0,0.0,0,0,1,0.1,3
2026-09-02,2,159,Caicedo,Chelsea,MID,5.4,d,75,0.4,13,0,1,0.5,2.2,0.0,0.0,0.0,0.07,0,0,0.0,0.0,0,0,0,0.0,3
2026-09-02,2,164,Quenda,Chelsea,MID,5.4,a,100,0.5,8,0,1,0.5,0.0,0.0,0.0,0.0,0.09,0,0,0.0,0.0,0,0,1,0.4,2
2026-09-02,2,568,Barco,Chelsea,MID,5.5,a,,0.5,8,0,1,0.5,0.1,0.04,0.0,0.04,0.07,0,0,-0.04,0.0,0,1,1,0.2,1
2026-09-02,2,91,Pinnock,Coventry City,DEF,4.5,a,,0.5,12,0,1,0.5,0.1,0.0,0.0,0.0,0.54,0,0,0.0,0.0,0,1,2,0.5,-1
2026-09-02,2,185,Sakamoto,Coventry City,MID,4.9,a,,0.5,31,0,1,0.5,0.1,0.02,0.02,0.04,0.69,0,0,-0.02,-0.02,0,1,4,1.9,8
2026-09-02,2,186,Mason-Clark,Coventry City,MID,5.5,a,100,0.5,57,1,1,0.5,0.1,0.0,0.06,0.06,0.02,0,0,0.0,-0.06,0,0,4,2.0,4
2026-09-02,2,153,Disasi,Crystal Palace,DEF,4.5,a,,0.5,16,0,1,0.5,0.1,0.0,0.0,0.0,0.2,0,0,0.0,0.0,0,1,1,0.1,-2
2026-09-02,2,203,Canvot,Crystal Palace,DEF,5.0,a,,0.5,180,2,1,0.5,0.3,0.05,0.01,0.06,3.33,0,0,-0.05,-0.01,0,6,15,6.1,8
2026-09-02,2,204,Mitchell,Crystal Palace,DEF,4.5,a,,0.5,180,2,1,0.5,4.9,0.11,0.17,0.28,3.33,0,0,-0.11,-0.17,0,6,10,6.7,1
2026-09-02,2,206,Chadi Riad,Crystal Palace,DEF,4.4,i,0,0.0,72,1,1,0.5,0.0,0.0,0.01,0.01,0.98,0,0,0.0,-0.01,0,2,7,1.4,7
2026-09-02,2,207,Mingueza,Crystal Palace,DEF,4.4,a,,0.5,15,0,1,0.5,0.1,0.0,0.0,0.0,0.2,0,0,0.0,0.0,0,1,1,0.2,1
2026-09-02,2,595,Gozo,Crystal Palace,MID,5.0,a,,0.5,22,0,1,0.5,0.0,0.0,0.0,0.0,0.2,0,0,0.0,0.0,0,1,1,0.3,3
2026-09-02,2,240,Iroegbunam,Everton,MID,5.0,a,100,0.5,4,0,1,0.5,0.0,0.0,0.0,0.0,0.0,0,0,0.0,0.0,0,0,0,0.0,2
2026-09-02,2,243,Alcaraz,Everton,MID,5.0,a,,0.5,5,0,1,0.5,0.1,0.05,0.02,0.07,0.04,0,0,-0.05,-0.02,0,0,3,2.7,5
2026-09-02,2,253,Andersen,Fulham,DEF,5.0,a,100,0.5,90,1,1,0.5,0.1,0.0,0.04,0.04,2.02,0,0,0.0,-0.04,0,1,8,3.3,4
2026-09-02,2,262,Smith Rowe,Fulham,MID,5.5,a,,0.5,14,0,1,0.5,0.3,0.06,0.02,0.08,0.41,0,0,-0.06,-0.02,0,0,1,3.5,5
2026-09-02,2,271,Muniz,Fulham,FWD,5.5,a,,0.5,8,0,1,0.5,0.5,0.02,0.0,0.02,0.03,0,0,-0.02,0.0,0,0,1,2.5,6
2026-09-02,2,285,McNair,Hull City,DEF,4.0,a,,0.5,26,0,1,0.5,0.1,0.0,0.0,0.0,0.96,0,0,0.0,0.0,0,0,2,0.4,3
2026-09-02,2,556,Targett,Hull City,DEF,4.0,a,,0.5,5,0,1,0.5,2.1,0.0,0.0,0.0,0.07,0,0,0.0,0.0,0,0,0,0.0,3
2026-09-02,2,563,Morita,Hull City,MID,5.0,a,100,0.5,45,1,1,0.5,0.0,0.0,0.0,0.0,1.09,0,0,0.0,0.0,0,0,3,2.4,6
2026-09-02,2,589,Gourna-Douath,Hull City,MID,5.0,a,,0.5,45,0,1,0.5,0.0,0.0,0.01,0.01,0.2,0,0,0.0,-0.01,0,0,6,1.4,6
2026-09-02,2,617,Cho,Hull City,MID,5.0,a,,1.5,7,0,1,1.0,0.0,0.0,0.0,0.0,0.18,0,0,0.0,0.0,0,0,0,0.1,3
2026-09-02,2,306,Greaves,Ipswich Town,DEF,4.0,a,,0.5,180,2,1,0.5,1.3,0.0,0.01,0.01,5.43,0,0,0.0,-0.01,0,6,17,3.8,-1
2026-09-02,2,308,Furlong,Ipswich Town,DEF,4.0,a,,0.5,17,0,1,0.5,0.6,0.0,0.0,0.0,0.86,0,0,0.0,0.0,0,1,3,0.6,-1
2026-09-02,2,321,Walle Egeli,Ipswich Town,FWD,4.5,a,,0.5,10,0,1,0.5,3.1,0.0,0.0,0.0,0.03,0,0,0.0,0.0,0,0,0,0.0,3
2026-09-02,2,619,Palacios,Ipswich Town,MID,5.0,a,,1.5,28,0,1,1.0,0.0,0.0,0.01,0.01,1.92,0,0,0.0,-0.01,0,2,6,2.1,11
2026-09-02,2,339,Longstaff,Leeds,MID,5.0,a,,0.5,8,0,1,0.5,0.1,0.0,0.0,0.0,0.07,0,0,0.0,0.0,0,0,0,0.0,3
2026-09-02,2,343,James,Leeds,MID,5.0,a,,0.5,22,0,1,0.5,0.1,0.24,0.01,0.25,0.93,0,0,-0.24,-0.01,0,0,2,1.1,2
2026-09-02,2,345,Tanaka,Leeds,MID,4.9,a,,0.5,45,0,1,0.5,0.2,0.0,0.01,0.01,1.13,0,0,0.0,-0.01,0,0,11,2.2,6
2026-09-02,2,598,Elvedi,Leeds,DEF,4.5,a,,0.5,56,0,1,0.5,0.0,0.0,0.0,0.0,1.32,0,0,0.0,0.0,0,1,6,2.3,9
2026-09-02,2,357,Frimpong,Liverpool,DEF,5.5,a,,0.5,160,2,1,0.5,3.1,0.01,0.11,0.12,3.81,0,0,-0.01,-0.11,0,4,8,9.2,12
2026-09-02,2,358,Kerkez,Liverpool,DEF,5.5,a,,0.5,160,2,1,0.5,3.1,0.02,0.03,0.05,3.81,0,0,-0.02,-0.03,0,4,15,8.1,12
2026-09-02,2,364,Tsimikas,Liverpool,DEF,5.0,a,,0.5,19,0,1,0.5,0.1,0.04,0.01,0.05,0.07,0,0,-0.04,-0.01,0,0,0,1.4,4
2026-09-02,2,375,Nyoni,Liverpool,MID,5.0,a,,0.5,13,0,1,0.5,0.0,0.0,0.0,0.0,0.07,0,0,0.0,0.0,0,0,5,0.9,3
2026-09-02,2,381,Koumas,Liverpool,MID,5.0,a,,0.5,12,0,1,0.5,0.0,0.03,0.0,0.03,0.48,0,0,-0.03,0.0,0,0,1,0.9,4
2026-09-02,2,579,Araujo,Liverpool,DEF,5.4,a,,0.5,33,0,1,0.5,2.2,0.0,0.04,0.04,0.61,0,0,0.0,-0.04,0,0,5,2.2,2
2026-09-02,2,238,Grealish,Man City,MID,6.5,a,100,0.5,8,0,1,0.5,0.2,0.0,0.0,0.0,0.0,0,0,0.0,0.0,0,0,1,0.2,2
2026-09-02,2,389,Matheus N.,Man City,DEF,6.0,d,75,0.4,33,0,1,0.5,1.1,0.0,0.04,0.04,0.1,0,0,0.0,-0.04,0,0,1,0.9,4
2026-09-02,2,395,Lewis,Man City,DEF,4.5,a,,0.5,56,1,1,0.5,0.2,0.17,0.02,0.19,0.55,0,0,-0.17,-0.02,0,1,2,4.7,-1
2026-09-02,2,396,Vitor Reis,Man City,DEF,4.5,a,,0.5,1,0,1,0.5,0.0,0.0,0.0,0.0,0.0,0,0,0.0,0.0,0,0,0,0.2,3
2026-09-02,2,616,Bouaddi,Man City,MID,5.5,a,,2.0,8,0,1,1.0,0.1,0.0,0.12,0.12,0.0,0,0,0.0,-0.12,0,0,1,0.6,3
2026-09-02,2,621,McAidoo,Man City,MID,4.5,a,,1.0,8,0,1,1.0,0.1,0.1,0.0,0.1,0.0,0,0,-0.1,0.0,0,0,0,0.1,3
2026-09-02,2,622,Braithwaite,Man City,DEF,4.0,a,,1.0,1,0,1,1.0,0.1,0.0,0.0,0.0,0.0,0,0,0.0,0.0,0,0,0,0.1,3
2026-09-02,2,415,Dorgu,Man Utd,MID,5.9,a,,0.5,55,1,1,0.5,0.9,0.65,0.04,0.69,1.92,0,0,-0.65,-0.04,0,3,3,6.5,-7
2026-09-02,2,419,Martinez,Man Utd,DEF,5.0,a,100,0.5,90,1,1,0.5,1.3,0.03,0.06,0.09,2.06,0,0,-0.03,-0.06,0,2,0,1.0,2
2026-09-02,2,420,Yoro,Man Utd,DEF,4.9,a,,0.5,16,0,1,0.5,0.6,0.0,0.01,0.01,1.0,0,0,0.0,-0.01,0,1,2,0.4,-2
2026-09-02,2,421,Heaven,Man Utd,DEF,4.5,a,,0.5,90,1,1,0.5,0.4,0.12,0.04,0.16,1.01,0,0,-0.12,-0.04,0,2,2,2.0,5
2026-09-02,2,435,Lacey,Man Utd,MID,5.0,a,,0.5,10,0,1,0.5,0.1,0.0,0.0,0.0,0.0,0,0,0.0,0.0,0,0,1,0.1,3
2026-09-02,2,446,Schär,Newcastle,DEF,5.0,a,100,0.5,1,0,1,0.5,0.2,0.0,0.0,0.0,0.79,0,0,0.0,0.0,0,1,0,0.0,-1
2026-09-02,2,456,J.Ramsey,Newcastle,MID,5.0,a,,0.5,42,0,1,0.5,0.3,0.06,0.14,0.2,1.88,0,0,-0.06,-0.14,0,1,7,1.7,4
2026-09-02,2,457,J.Murphy,Newcastle,MID,5.9,a,,0.5,22,0,1,0.5,0.1,0.0,0.2,0.2,1.42,0,0,0.0,-0.2,0,1,5,0.8,2
2026-09-02,2,461,Touré,Newcastle,MID,5.9,a,,0.5,1,0,1,0.5,0.2,0.0,0.0,0.0,0.0,0,0,0.0,0.0,0,0,0,0.0,3
2026-09-02,2,559,Bamba,Newcastle,MID,5.0,a,,0.5,14,0,1,0.5,0.1,0.0,0.0,0.0,1.04,0,0,0.0,0.0,0,1,2,0.4,5
2026-09-02,2,167,Delap,Nott'm Forest,FWD,5.5,a,,0.5,24,0,1,0.5,0.7,0.07,0.0,0.07,0.33,0,0,-0.07,0.0,0,1,0,2.1,9
2026-09-02,2,482,Hudson-Odoi,Nott'm Forest,MID,5.9,a,100,0.5,1,0,1,0.5,0.2,0.0,0.0,0.0,0.0,0,0,0.0,0.0,0,0,0,0.0,2
2026-09-02,2,487,Dominguez,Nott'm Forest,MID,5.0,a,,0.5,1,0,1,0.5,0.1,0.0,0.0,0.0,0.0,0,0,0.0,0.0,0,0,0,0.0,3
2026-09-02,2,490,Wood,Nott'm Forest,FWD,5.9,a,,0.5,28,0,1,0.5,1.3,0.12,0.01,0.13,0.22,0,0,-0.12,-0.01,0,1,1,0.4,3
2026-09-02,2,493,Kalimuendo,Nott'm Forest,FWD,5.5,a,,0.5,1,0,1,0.5,0.0,0.0,0.0,0.0,0.0,0,0,0.0,0.0,0,0,0,0.0,3
2026-09-02,2,499,Pedro Porro,Spurs,DEF,5.5,a,100,0.5,90,1,1,0.5,12.2,0.33,0.1,0.43,0.72,0,0,-0.33,-0.1,0,2,4,3.8,1
2026-09-02,2,512,Kudus,Spurs,MID,6.5,a,100,0.5,22,0,1,0.5,0.1,0.04,0.01,0.05,0.24,0,0,-0.04,-0.01,0,1,2,1.6,4
2026-09-02,2,515,Maddison,Spurs,MID,6.4,d,75,0.4,22,0,1,0.5,0.7,0.0,0.01,0.01,0.85,0,0,0.0,-0.01,0,0,2,2.1,6
2026-09-02,2,520,Bergvall,Spurs,MID,5.5,a,,0.5,45,1,1,0.5,0.2,0.0,0.01,0.01,1.7,0,0,0.0,-0.01,0,2,8,0.0,2
2026-09-02,2,535,Alderete,Sunderland,DEF,5.0,a,100,0.5,23,0,1,0.5,0.4,0.0,0.01,0.01,0.1,0,0,0.0,-0.01,0,1,0,0.0,2
2026-09-02,2,539,O'Nien,Sunderland,DEF,4.0,a,,0.5,66,1,1,0.5,3.1,0.01,0.01,0.02,1.69,0,0,-0.01,-0.01,0,1,5,1.7,1
2026-09-02,2,547,Mundle,Sunderland,MID,5.0,a,,0.5,1,0,1,0.5,0.0,0.17,0.0,0.17,0.09,0,0,-0.17,0.0,0,0,1,2.5,2
2026-09-02,2,549,Talbi,Sunderland,MID,5.4,a,,0.5,31,0,1,0.5,0.2,0.0,0.0,0.0,0.14,0,0,0.0,0.0,0,1,2,0.0,1
2026-09-02,2,2,Arrizabalaga,Arsenal,GK,5.0,a,,0.0,0,0,0,0.0,0.1,0.0,0.0,0.0,0.0,0,0,0.0,0.0,0,0,0,0.0,0
2026-09-02,2,3,Meslier,Arsenal,GK,5.0,a,,0.0,0,0,0,0.0,0.0,0.0,0.0,0.0,0.0,0,0,0.0,0.0,0,0,0,0.0,0
2026-09-02,2,5,J.Timber,Arsenal,DEF,6.5,i,0,0.0,0,0,0,0.0,0.1,0.0,0.0,0.0,0.0,0,0,0.0,0.0,0,0,0,0.0,0
2026-09-02,2,6,Saliba,Arsenal,DEF,6.0,i,0,0.0,0,0,0,0.0,0.2,0.0,0.0,0.0,0.0,0,0,0.0,0.0,0,0,0,0.0,0
2026-09-02,2,18,Martinelli,Arsenal,MID,6.3,a,,0.0,0,0,0,0.0,0.2,0.0,0.0,0.0,0.0,0,0,0.0,0.0,0,0,0,0.0,0
2026-09-02,2,20,Dowman,Arsenal,MID,5.4,a,,0.0,0,0,0,0.0,0.1,0.0,0.0,0.0,0.0,0,0,0.0,0.0,0,0,0,0.0,0
2026-09-02,2,22,Nwaneri,Arsenal,MID,5.4,a,,0.0,0,0,0,0.0,0.0,0.0,0.0,0.0,0.0,0,0,0.0,0.0,0,0,0,0.0,0
2026-09-02,2,23,Fábio Vieira,Arsenal,MID,5.5,a,,0.0,0,0,0,0.0,0.0,0.0,0.0,0.0,0.0,0,0,0.0,0.0,0,0,0,0.0,0
2026-09-02,2,24,Nelson,Arsenal,MID,5.5,u,0,0.0,0,0,0,0.0,0.0,0.0,0.0,0.0,0.0,0,0,0.0,0.0,0,0,0,0.0,0
2026-09-02,2,25,Gyökeres,Arsenal,FWD,7.3,a,,0.0,0,0,0,0.0,5.3,0.0,0.0,0.0,0.0,0,0,0.0,0.0,0,0,0,0.0,0
2026-09-02,2,27,G.Jesus,Arsenal,FWD,5.9,a,,0.0,0,0,0,0.0,0.3,0.0,0.0,0.0,0.0,0,0,0.0,0.0,0,0,0,0.0,0
2026-09-02,2,30,Digne,Aston Villa,DEF,4.5,u,0,0.0,0,0,0,0.0,0.1,0.0,0.0,0.0,0.0,0,0,0.0,0.0,0,0,0,0.0,0
2026-09-02,2,37,Lindelöf,Aston Villa,DEF,4.5,a,,0.0,180,2,0,0.0,0.3,0.0,0.08,0.08,4.81,0,0,0.0,-0.08,0,5,10,1.8,-3
2026-09-02,2,38,A.García,Aston Villa,DEF,4.0,a,,0.0,0,0,0,0.0,1.7,0.0,0.0,0.0,0.0,0,0,0.0,0.0,0,0,0,0.0,0
2026-09-02,2,39,Nedeljkovic,Aston Villa,DEF,4.0,u,0,0.0,0,0,0,0.0,0.2,0.0,0.0,0.0,0.0,0,0,0.0,0.0,0,0,0,0.0,0
2026-09-02,2,44,Bailey,Aston Villa,MID,5.5,a,,0.0,0,0,0,0.0,0.1,0.0,0.0,0.0,0.0,0,0,0.0,0.0,0,0,0,0.0,0
2026-09-02,2,48,Onana,Aston Villa,MID,5.0,i,0,0.0,0,0,0,0.0,0.0,0.0,0.0,0.0,0.0,0,0,0.0,0.0,0,0,0,0.0,0
2026-09-02,2,49,Iling Jr,Aston Villa,MID,5.0,u,0,0.0,0,0,0,0.0,0.0,0.0,0.0,0.0,0.0,0,0,0.0,0.0,0,0,0,0.0,0
2026-09-02,2,50,Burrowes,Aston Villa,MID,4.5,a,,0.0,0,0,0,0.0,0.7,0.0,0.0,0.0,0.0,0,0,0.0,0.0,0,0,0,0.0,0
2026-09-02,2,53,Manzambi,Aston Villa,MID,5.9,i,0,0.0,0,0,0,0.0,0.2,0.0,0.0,0.0,0.0,0,0,0.0,0.0,0,0,0,0.0,0
2026-09-02,2,55,Watkins,Aston Villa,FWD,7.8,u,0,0.0,0,0,0,0.0,5.4,0.0,0.0,0.0,0.0,0,0,0.0,0.0,0,0,0,0.0,0
2026-09-02,2,582,Madjo,Aston Villa,FWD,5.5,i,0,0.0,0,0,0,0.0,0.3,0.0,0.0,0.0,0.0,0,0,0.0,0.0,0,0,0,0.0,0
2026-09-02,2,606,Rowe,Aston Villa,DEF,4.0,a,,0.0,0,0,0,0.0,0.1,0.0,0.0,0.0,0.0,0,0,0.0,0.0,0,0,0,0.0,0
2026-09-02,2,607,Lynch,Aston Villa,MID,4.5,a,,0.0,0,0,0,0.0,0.1,0.0,0.0,0.0,0.0,0,0,0.0,0.0,0,0,0,0.0,0
2026-09-02,2,618,Goretzka,Aston Villa,MID,6.0,a,,2.2,0,0,0,0.0,0.0,0.0,0.0,0.0,0.0,0,0,0.0,0.0,0,0,0,0.0,0
2026-09-02,2,58,Forster,Bournemouth,GK,4.0,a,,0.0,0,0,0,0.0,3.3,0.0,0.0,0.0,0.0,0,0,0.0,0.0,0,0,0,0.0,0
2026-09-02,2,59,Dennis,Bournemouth,GK,4.0,u,0,0.0,0,0,0,0.0,0.2,0.0,0.0,0.0,0.0,0,0,0.0,0.0,0,0,0,0.0,0
2026-09-02,2,62,Diakité,Bournemouth,DEF,5.0,a,,0.0,0,0,0,0.0,0.2,0.0,0.0,0.0,0.0,0,0,0.0,0.0,0,0,0,0.0,0
2026-09-02,2,63,Milosavljević,Bournemouth,DEF,5.0,i,0,0.0,0,0,0,0.0,0.0,0.0,0.0,0.0,0.0,0,0,0.0,0.0,0,0,0,0.0,0
2026-09-02,2,65,J.Araujo,Bournemouth,DEF,4.5,i,0,0.0,0,0,0,0.0,0.0,0.0,0.0,0.0,0.0,0,0,0.0,0.0,0,0,0,0.0,0
2026-09-02,2,66,Soler,Bournemouth,DEF,4.0,a,100,0.0,0,0,0,0.0,0.2,0.0,0.0,0.0,0.0,0,0,0.0,0.0,0,0,0,0.0,0
2026-09-02,2,77,Adli,Bournemouth,MID,4.9,i,0,0.0,0,0,0,0.0,0.0,0.0,0.0,0.0,0.0,0,0,0.0,0.0,0,0,0,0.0,0
2026-09-02,2,78,Kroupi.Jr,Bournemouth,MID,7.4,i,0,0.0,0,0,0,0.0,0.2,0.0,0.0,0.0,0.0,0,0,0.0,0.0,0,0,0,0.0,0
2026-09-02,2,80,Enes Ünal,Bournemouth,FWD,5.5,u,0,0.0,0,0,0,0.0,0.0,0.0,0.0,0.0,0.0,0,0,0.0,0.0,0,0,0,0.0,0
2026-09-02,2,573,Sanchez,Bournemouth,DEF,4.5,a,,0.0,0,0,0,0.0,0.2,0.0,0.0,0.0,0.0,0,0,0.0,0.0,0,0,0,0.0,0
2026-09-02,2,615,Di Gregorio,Bournemouth,GK,4.5,a,,2.0,0,0,0,0.0,0.0,0.0,0.0,0.0,0.0,0,0,0.0,0.0,0,0,0,0.0,0
2026-09-02,2,83,Valdimarsson,Brentford,GK,4.5,a,,0.0,0,0,0,0.0,0.1,0.0,0.0,0.0,0.0,0,0,0.0,0.0,0,0,0,0.0,0
2026-09-02,2,85,Van den Berg,Brentford,DEF,4.9,i,0,0.0,0,0,0,0.0,0.1,0.0,0.0,0.0,0.0,0,0,0.0,0.0,0,0,0,0.0,0
2026-09-02,2,92,Ji-soo,Brentford,DEF,4.5,a,,0.0,0,0,0,0.0,0.0,0.0,0.0,0.0,0.0,0,0,0.0,0.0,0,0,0,0.0,0
2026-09-02,2,93,Schuster,Brentford,DEF,4.5,a,,0.0,0,0,0,0.0,0.2,0.0,0.0,0.0,0.0,0,0,0.0,0.0,0,0,0,0.0,0
2026-09-02,2,99,Milambo,Brentford,MID,5.0,i,0,0.0,0,0,0,0.0,0.0,0.0,0.0,0.0,0.0,0,0,0.0,0.0,0,0,0,0.0,0
2026-09-02,2,100,Carvalho,Brentford,MID,5.0,a,100,0.0,0,0,0,0.0,0.0,0.0,0.0,0.0,0.0,0,0,0.0,0.0,0,0,0,0.0,0
2026-09-02,2,103,Dasilva,Brentford,MID,5.0,a,,0.0,0,0,0,0.0,0.0,0.0,0.0,0.0,0.0,0,0,0.0,0.0,0,0,0,0.0,0
2026-09-02,2,107,Furo,Brentford,FWD,4.5,a,,0.0,0,0,0,0.0,1.0,0.0,0.0,0.0,0.0,0,0,0.0,0.0,0,0,0,0.0,0
2026-09-02,2,620,Diouf,Brentford,DEF,4.5,a,,1.7,0,0,0,0.0,0.1,0.0,0.0,0.0,0.0,0,0,0.0,0.0,0,0,0,0.0,0
2026-09-02,2,111,Steele,Brighton,GK,4.0,a,,0.0,0,0,0,0.0,4.2,0.0,0.0,0.0,0.0,0,0,0.0,0.0,0,0,0,0.0,0
2026-09-02,2,113,F.Kadıoğlu,Brighton,DEF,4.4,a,100,0.0,90,1,0,0.0,2.1,0.02,0.01,0.03,2.93,0,0,-0.02,-0.01,0,4,0,2.8,-4
2026-09-02,2,117,Coppola,Brighton,DEF,4.5,a,,0.0,0,0,0,0.0,0.0,0.0,0.0,0.0,0.0,0,0,0.0,0.0,0,0,0,0.0,0
2026-09-02,2,118,Igor,Brighton,DEF,4.5,a,,0.0,0,0,0,0.0,0.1,0.0,0.0,0.0,0.0,0,0,0.0,0.0,0,0,0,0.0,0
2026-09-02,2,120,Svoboda,Brighton,DEF,5.0,a,,0.0,0,0,0,0.0,0.1,0.0,0.0,0.0,0.0,0,0,0.0,0.0,0,0,0,0.0,0
2026-09-02,2,121,Mitoma,Brighton,MID,6.0,i,0,0.0,0,0,0,0.0,0.0,0.0,0.0,0.0,0.0,0,0,0.0,0.0,0,0,0,0.0,0
2026-09-02,2,122,Minteh,Brighton,MID,5.9,i,0,0.0,0,0,0,0.0,0.0,0.0,0.0,0.0,0.0,0,0,0.0,0.0,0,0,0,0.0,0
2026-09-02,2,126,O'Riley,Brighton,MID,5.5,a,,0.0,0,0,0,0.0,0.1,0.0,0.0,0.0,0.0,0,0,0.0,0.0,0,0,0,0.0,0
2026-09-02,2,128,Buonanotte,Brighton,MID,5.0,u,0,0.0,0,0,0,0.0,0.0,0.0,0.0,0.0,0.0,0,0,0.0,0.0,0,0,0,0.0,0
2026-09-02,2,132,Howell,Brighton,MID,4.5,u,0,0.0,0,0,0,0.0,0.0,0.0,0.0,0.0,0.0,0,0,0.0,0.0,0,0,0,0.0,0
2026-09-02,2,133,Watson,Brighton,MID,5.0,u,0,0.0,0,0,0,0.0,0.0,0.0,0.0,0.0,0.0,0,0,0.0,0.0,0,0,0,0.0,0
2026-09-02,2,134,Oriola,Brighton,MID,4.5,a,,0.0,0,0,0,0.0,0.3,0.0,0.0,0.0,0.0,0,0,0.0,0.0,0,0,0,0.0,0
2026-09-02,2,137,Tzimas,Brighton,FWD,5.5,i,0,0.0,0,0,0,0.0,0.0,0.0,0.0,0.0,0.0,0,0,0.0,0.0,0,0,0,0.0,0
2026-09-02,2,139,Ferguson,Brighton,FWD,5.0,i,0,0.0,0,0,0,0.0,0.0,0.0,0.0,0.0,0.0,0,0,0.0,0.0,0,0,0,0.0,0
2026-09-02,2,328,Struijk,Brighton,DEF,5.0,a,100,0.0,0,0,0,0.0,0.2,0.0,0.0,0.0,0.0,0,0,0.0,0.0,0,0,0,0.0,0
2026-09-02,2,614,Hadjam,Brighton,DEF,4.5,a,,1.7,0,0,0,0.0,0.0,0.0,0.0,0.0,0.0,0,0,0.0,0.0,0,0,0,0.0,0
2026-09-02,2,624,Cozier-Duberry,Brighton,MID,5.0,a,,1.5,0,0,0,0.0,0.0,0.0,0.0,0.0,0.0,0,0,0.0,0.0,0,0,0,0.0,0
2026-09-02,2,101,Henderson,Chelsea,MID,5.0,d,75,0.0,0,0,0,0.0,0.0,0.0,0.0,0.0,0.0,0,0,0.0,0.0,0,0,0,0.0,0
2026-09-02,2,136,Welbeck,Chelsea,FWD,5.9,a,100,0.0,0,0,0,0.0,0.9,0.0,0.0,0.0,0.0,0,0,0.0,0.0,0,0,0,0.0,0
2026-09-02,2,141,Jörgensen,Chelsea,GK,5.0,u,0,0.0,0,0,0,0.0,0.0,0.0,0.0,0.0,0.0,0,0,0.0,0.0,0,0,0,0.0,0
2026-09-02,2,143,Chalobah,Chelsea,DEF,5.5,u,0,0.0,0,0,0,0.0,0.1,0.0,0.0,0.0,0.0,0,0,0.0,0.0,0,0,0,0.0,0
2026-09-02,2,145,Fofana,Chelsea,DEF,5.0,a,100,0.0,67,1,0,0.0,0.1,0.0,0.01,0.01,1.26,0,0,0.0,-0.01,0,2,9,2.0,-2
2026-09-02,2,146,B.Badiashile,Chelsea,DEF,4.5,u,0,0.0,0,0,0,0.0,0.0,0.0,0.0,0.0,0.0,0,0,0.0,0.0,0,0,0,0.0,0
2026-09-02,2,147,Tosin,Chelsea,DEF,4.5,a,,0.0,0,0,0,0.0,0.2,0.0,0.0,0.0,0.0,0,0,0.0,0.0,0,0,0,0.0,0
2026-09-02,2,150,M.Sarr,Chelsea,DEF,4.5,u,0,0.0,0,0,0,0.0,0.1,0.0,0.0,0.0,0.0,0,0,0.0,0.0,0,0,0,0.0,0
2026-09-02,2,152,Palestra,Chelsea,DEF,5.4,d,75,0.0,0,0,0,0.0,1.5,0.0,0.0,0.0,0.0,0,0,0.0,0.0,0,0,0,0.0,0
2026-09-02,2,158,Gittens,Chelsea,MID,5.9,a,,0.0,0,0,0,0.0,0.0,0.0,0.0,0.0,0.0,0,0,0.0,0.0,0,0,0,0.0,0
2026-09-02,2,163,D.Essugo,Chelsea,MID,4.5,a,,0.0,0,0,0,0.0,0.2,0.0,0.0,0.0,0.0,0,0,0.0,0.0,0,0,0,0.0,0
2026-09-02,2,168,Marc Guiu,Chelsea,FWD,5.0,u,0,0.0,0,0,0,0.0,0.4,0.0,0.0,0.0,0.0,0,0,0.0,0.0,0,0,0,0.0,0
2026-09-02,2,169,Mheuka,Chelsea,FWD,4.5,a,,0.0,0,0,0,0.0,0.4,0.0,0.0,0.0,0.0,0,0,0.0,0.0,0,0,0,0.0,0
2026-09-02,2,170,Emegha,Chelsea,FWD,5.0,a,100,0.0,0,0,0,0.0,0.1,0.0,0.0,0.0,0.0,0,0,0.0,0.0,0,0,0,0.0,0
2026-09-02,2,560,Penders,Chelsea,GK,4.5,a,,0.0,0,0,0,0.0,0.1,0.0,0.0,0.0,0.0,0,0,0.0,0.0,0,0,0,0.0,0
2026-09-02,2,561,Anselmino,Chelsea,DEF,4.5,a,100,0.0,0,0,0,0.0,0.0,0.0,0.0,0.0,0.0,0,0,0.0,0.0,0,0,0,0.0,0
2026-09-02,2,578,Mudryk,Chelsea,MID,5.4,a,,0.0,0,0,0,0.0,0.0,0.0,0.0,0.0,0.0,0,0,0.0,0.0,0,0,0,0.0,0
2026-09-02,2,171,Dovin,Coventry City,GK,4.0,a,,0.0,0,0,0,0.0,1.5,0.0,0.0,0.0,0.0,0,0,0.0,0.0,0,0,0,0.0,0
2026-09-02,2,172,Wilson,Coventry City,GK,4.5,a,,0.0,0,0,0,0.0,0.4,0.0,0.0,0.0,0.0,0,0,0.0,0.0,0,0,0,0.0,0
2026-09-02,2,174,Kitching,Coventry City,DEF,4.0,a,,0.0,0,0,0,0.0,0.6,0.0,0.0,0.0,0.0,0,0,0.0,0.0,0,0,0,0.0,0
2026-09-02,2,177,Kesler-Hayden,Coventry City,DEF,4.0,i,0,0.0,0,0,0,0.0,0.0,0.0,0.0,0.0,0.0,0,0,0.0,0.0,0,0,0,0.0,0
2026-09-02,2,178,Bidwell,Coventry City,DEF,4.0,a,,0.0,0,0,0,0.0,0.1,0.0,0.0,0.0,0.0,0,0,0.0,0.0,0,0,0,0.0,0
2026-09-02,2,179,Latibeaudiere,Coventry City,DEF,4.0,a,,0.0,0,0,0,0.0,0.0,0.0,0.0,0.0,0.0,0,0,0.0,0.0,0,0,0,0.0,0
2026-09-02,2,180,Woolfenden,Coventry City,DEF,4.0,i,0,0.0,0,0,0,0.0,0.1,0.0,0.0,0.0,0.0,0,0,0.0,0.0,0,0,0,0.0,0
2026-09-02,2,181,Brau,Coventry City,DEF,4.0,u,0,0.0,0,0,0,0.0,0.0,0.0,0.0,0.0,0.0,0,0,0.0,0.0,0,0,0,0.0,0
2026-09-02,2,187,Eccles,Coventry City,MID,4.9,a,,0.0,0,0,0,0.0,0.0,0.0,0.0,0.0,0.0,0,0,0.0,0.0,0,0,0,0.0,0
2026-09-02,2,189,Shepherd,Coventry City,MID,4.5,a,,0.0,0,0,0,0.0,0.3,0.0,0.0,0.0,0.0,0,0,0.0,0.0,0,0,0,0.0,0
2026-09-02,2,191,Borges Rodrigues,Coventry City,MID,4.5,a,,0.0,0,0,0,0.0,0.2,0.0,0.0,0.0,0.0,0,0,0.0,0.0,0,0,0,0.0,0
2026-09-02,2,192,Andrews,Coventry City,MID,4.5,u,0,0.0,0,0,0,0.0,0.5,0.0,0.0,0.0,0.0,0,0,0.0,0.0,0,0,0,0.0,0
2026-09-02,2,193,Wright,Coventry City,FWD,5.4,i,0,0.0,0,0,0,0.0,0.1,0.0,0.0,0.0,0.0,0,0,0.0,0.0,0,0,0,0.0,0
2026-09-02,2,196,Markelo,Coventry City,FWD,5.0,u,0,0.0,0,0,0,0.0,0.0,0.0,0.0,0.0,0.0,0,0,0.0,0.0,0,0,0,0.0,0
2026-09-02,2,197,Bassette,Coventry City,FWD,4.5,u,0,0.0,0,0,0,0.0,0.0,0.0,0.0,0.0,0.0,0,0,0.0,0.0,0,0,0,0.0,0
2026-09-02,2,599,Cherif,Coventry City,FWD,5.0,a,,0.0,0,0,0,0.0,0.1,0.0,0.0,0.0,0.0,0,0,0.0,0.0,0,0,0,0.0,0
2026-09-02,2,623,Bentley,Coventry City,GK,4.0,a,,1.0,0,0,0,0.0,0.1,0.0,0.0,0.0,0.0,0,0,0.0,0.0,0,0,0,0.0,0
2026-09-02,2,199,Benitez,Crystal Palace,GK,4.5,a,,0.0,0,0,0,0.0,0.1,0.0,0.0,0.0,0.0,0,0,0.0,0.0,0,0,0,0.0,0
2026-09-02,2,205,Sosa,Crystal Palace,DEF,4.5,a,,0.0,0,0,0,0.0,0.0,0.0,0.0,0.0,0.0,0,0,0.0,0.0,0,0,0,0.0,0
2026-09-02,2,208,Sarr,Crystal Palace,MID,6.3,i,0,0.0,0,0,0,0.0,1.5,0.0,0.0,0.0,0.0,0,0,0.0,0.0,0,0,0,0.0,0
2026-09-02,2,212,Hughes,Crystal Palace,MID,4.5,a,,0.0,0,0,0,0.0,9.8,0.0,0.0,0.0,0.0,0,0,0.0,0.0,0,0,0,0.0,0
2026-09-02,2,213,Lerma,Crystal Palace,MID,4.9,a,,0.0,0,0,0,0.0,0.1,0.0,0.0,0.0,0.0,0,0,0.0,0.0,0,0,0,0.0,0
2026-09-02,2,215,Devenny,Crystal Palace,MID,5.0,a,,0.0,0,0,0,0.0,0.0,0.0,0.0,0.0,0.0,0,0,0.0,0.0,0,0,0,0.0,0
2026-09-02,2,216,Esse,Crystal Palace,MID,5.0,a,,0.0,0,0,0,0.0,0.0,0.0,0.0,0.0,0.0,0,0,0.0,0.0,0,0,0,0.0,0
2026-09-02,2,217,M.França,Crystal Palace,MID,4.9,a,,0.0,0,0,0,0.0,0.0,0.0,0.0,0.0,0.0,0,0,0.0,0.0,0,0,0,0.0,0
2026-09-02,2,218,Doucouré,Crystal Palace,MID,4.9,a,,0.0,0,0,0,0.0,0.1,0.0,0.0,0.0,0.0,0,0,0.0,0.0,0,0,0,0.0,0
2026-09-02,2,219,J.Rak-Sakyi,Crystal Palace,MID,5.0,a,,0.0,0,0,0,0.0,0.0,0.0,0.0,0.0,0.0,0,0,0.0,0.0,0,0,0,0.0,0
2026-09-02,2,220,Cardines,Crystal Palace,DEF,4.5,u,0,0.0,0,0,0,0.0,0.0,0.0,0.0,0.0,0.0,0,0,0.0,0.0,0,0,0,0.0,0
2026-09-02,2,221,Drakes-Thomas,Crystal Palace,MID,4.5,a,,0.0,0,0,0,0.0,0.1,0.0,0.0,0.0,0.0,0,0,0.0,0.0,0,0,0,0.0,0
2026-09-02,2,225,Uche,Crystal Palace,FWD,5.0,u,0,0.0,0,0,0,0.0,0.0,0.0,0.0,0.0,0.0,0,0,0.0,0.0,0,0,0,0.0,0
2026-09-02,2,555,Matthews,Crystal Palace,GK,4.0,a,,0.0,0,0,0,0.0,1.8,0.0,0.0,0.0,0.0,0,0,0.0,0.0,0,0,0,0.0,0
2026-09-02,2,21,Nørgaard,Everton,MID,4.9,i,0,0.0,0,0,0,0.0,0.1,0.0,0.0,0.0,0.0,0,0,0.0,0.0,0,0,0,0.0,0
2026-09-02,2,227,Travers,Everton,GK,5.0,a,,0.0,0,0,0,0.0,0.0,0.0,0.0,0.0,0.0,0,0,0.0,0.0,0,0,0,0.0,0
2026-09-02,2,228,King,Everton,GK,4.5,a,,0.0,0,0,0,0.0,0.0,0.0,0.0,0.0,0.0,0,0,0.0,0.0,0,0,0,0.0,0
2026-09-02,2,231,Keane,Everton,DEF,4.9,a,,0.0,0,0,0,0.0,1.1,0.0,0.0,0.0,0.0,0,0,0.0,0.0,0,0,0,0.0,0
2026-09-02,2,232,O'Brien,Everton,DEF,4.9,a,,0.0,0,0,0,0.0,0.4,0.0,0.0,0.0,0.0,0,0,0.0,0.0,0,0,0,0.0,0
2026-09-02,2,234,Patterson,Everton,DEF,4.5,a,,0.0,0,0,0,0.0,0.0,0.0,0.0,0.0,0.0,0,0,0.0,0.0,0,0,0,0.0,0
2026-09-02,2,235,Aznou,Everton,DEF,4.0,u,0,0.0,0,0,0,0.0,0.2,0.0,0.0,0.0,0.0,0,0,0.0,0.0,0,0,0,0.0,0
2026-09-02,2,245,Dibling,Everton,MID,5.4,a,,0.0,0,0,0,0.0,0.0,0.0,0.0,0.0,0.0,0,0,0.0,0.0,0,0,0,0.0,0
2026-09-02,2,251,Lecomte,Fulham,GK,4.0,a,,0.0,0,0,0,0.0,1.2,0.0,0.0,0.0,0.0,0,0,0.0,0.0,0,0,0,0.0,0
2026-09-02,2,252,McNally,Fulham,GK,4.0,u,0,0.0,0,0,0,0.0,0.2,0.0,0.0,0.0,0.0,0,0,0.0,0.0,0,0,0,0.0,0
2026-09-02,2,256,Tete,Fulham,DEF,4.5,a,,0.0,0,0,0,0.0,0.2,0.0,0.0,0.0,0.0,0,0,0.0,0.0,0,0,0,0.0,0
2026-09-02,2,266,Cairney,Fulham,MID,5.0,i,0,0.0,0,0,0,0.0,0.0,0.0,0.0,0.0,0.0,0,0,0.0,0.0,0,0,0,0.0,0
2026-09-02,2,270,Reed,Fulham,MID,4.5,a,,0.0,0,0,0,0.0,1.3,0.0,0.0,0.0,0.0,0,0,0.0,0.0,0,0,0,0.0,0
2026-09-02,2,272,Kusi-Asare,Fulham,FWD,4.5,a,,0.0,0,0,0,0.0,6.7,0.0,0.0,0.0,0.0,0,0,0.0,0.0,0,0,0,0.0,0
2026-09-02,2,610,De Fougerolles,Fulham,DEF,4.0,d,75,0.0,0,0,0,0.0,0.1,0.0,0.0,0.0,0.0,0,0,0.0,0.0,0,0,0,0.0,0
2026-09-02,2,626,Zepa,Fulham,MID,4.5,a,,1.0,0,0,0,0.0,0.2,0.0,0.0,0.0,0.0,0,0,0.0,0.0,0,0,0,0.0,0
2026-09-02,2,273,Phillips,Hull City,GK,4.0,a,,0.0,0,0,0,0.0,1.5,0.0,0.0,0.0,0.0,0,0,0.0,0.0,0,0,0,0.0,0
2026-09-02,2,274,Butland,Hull City,GK,4.5,i,0,0.0,0,0,0,0.0,0.1,0.0,0.0,0.0,0.0,0,0,0.0,0.0,0,0,0,0.0,0
2026-09-02,2,275,Cartwright,Hull City,GK,4.0,u,0,0.0,0,0,0,0.0,0.0,0.0,0.0,0.0,0.0,0,0,0.0,0.0,0,0,0,0.0,0
2026-09-02,2,276,Lo-Tutala,Hull City,GK,4.0,u,0,0.0,0,0,0,0.0,0.0,0.0,0.0,0.0,0.0,0,0,0.0,0.0,0,0,0,0.0,0
2026-09-02,2,278,Hughes,Hull City,DEF,4.0,i,0,0.0,0,0,0,0.0,0.1,0.0,0.0,0.0,0.0,0,0,0.0,0.0,0,0,0,0.0,0
2026-09-02,2,283,Jacob,Hull City,DEF,4.0,i,0,0.0,0,0,0,0.0,0.0,0.0,0.0,0.0,0.0,0,0,0.0,0.0,0,0,0,0.0,0
2026-09-02,2,284,McCarthy,Hull City,DEF,4.0,a,,0.0,0,0,0,0.0,0.1,0.0,0.0,0.0,0.0,0,0,0.0,0.0,0,0,0,0.0,0
2026-09-02,2,288,Dowell,Hull City,MID,4.5,a,,0.0,0,0,0,0.0,0.4,0.0,0.0,0.0,0.0,0,0,0.0,0.0,0,0,0,0.0,0
2026-09-02,2,291,Matazo,Hull City,MID,4.5,i,0,0.0,0,0,0,0.0,0.0,0.0,0.0,0.0,0.0,0,0,0.0,0.0,0,0,0,0.0,0
2026-09-02,2,292,Ömür,Hull City,MID,5.0,a,,0.0,0,0,0,0.0,0.0,0.0,0.0,0.0,0.0,0,0,0.0,0.0,0,0,0,0.0,0
2026-09-02,2,293,Kamara,Hull City,MID,5.0,u,0,0.0,0,0,0,0.0,0.0,0.0,0.0,0.0,0.0,0,0,0.0,0.0,0,0,0,0.0,0
2026-09-02,2,294,Zambrano,Hull City,MID,4.5,i,0,0.0,0,0,0,0.0,0.1,0.0,0.0,0.0,0.0,0,0,0.0,0.0,0,0,0,0.0,0
2026-09-02,2,296,Akintola,Hull City,MID,5.0,a,,0.0,0,0,0,0.0,0.0,0.0,0.0,0.0,0.0,0,0,0.0,0.0,0,0,0,0.0,0
2026-09-02,2,297,Gyabi,Hull City,MID,4.5,i,0,0.0,0,0,0,0.0,0.0,0.0,0.0,0.0,0.0,0,0,0.0,0.0,0,0,0,0.0,0
2026-09-02,2,298,Destan,Hull City,FWD,4.5,u,0,0.0,0,0,0,0.0,0.3,0.0,0.0,0.0,0.0,0,0,0.0,0.0,0,0,0,0.0,0
2026-09-02,2,299,Burstow,Hull City,FWD,4.5,u,0,0.0,0,0,0,0.0,0.0,0.0,0.0,0.0,0.0,0,0,0.0,0.0,0,0,0,0.0,0
2026-09-02,2,340,Gelhardt,Hull City,MID,5.0,i,0,0.0,0,0,0,0.0,0.0,0.0,0.0,0.0,0.0,0,0,0.0,0.0,0,0,0,0.0,0
2026-09-02,2,574,Hjertø-Dahl,Hull City,MID,5.0,a,,0.0,0,0,0,0.0,0.1,0.0,0.0,0.0,0.0,0,0,0.0,0.0,0,0,0,0.0,0
2026-09-02,2,300,Walton,Ipswich Town,GK,4.5,a,,0.0,0,0,0,0.0,0.5,0.0,0.0,0.0,0.0,0,0,0.0,0.0,0,0,0,0.0,0
2026-09-02,2,301,Palmer,Ipswich Town,GK,4.0,a,,0.0,0,0,0,0.0,4.3,0.0,0.0,0.0,0.0,0,0,0.0,0.0,0,0,0,0.0,0
2026-09-02,2,302,Button,Ipswich Town,GK,4.0,a,,0.0,0,0,0,0.0,0.5,0.0,0.0,0.0,0.0,0,0,0.0,0.0,0,0,0,0.0,0
2026-09-02,2,303,Kipré,Ipswich Town,DEF,4.0,a,,0.0,0,0,0,0.0,0.6,0.0,0.0,0.0,0.0,0,0,0.0,0.0,0,0,0,0.0,0
2026-09-02,2,307,Johnson,Ipswich Town,DEF,4.0,a,,0.0,0,0,0,0.0,0.1,0.0,0.0,0.0,0.0,0,0,0.0,0.0,0,0,0,0.0,0
2026-09-02,2,310,Matusiwa,Ipswich Town,MID,5.0,i,0,0.0,0,0,0,0.0,0.0,0.0,0.0,0.0,0.0,0,0,0.0,0.0,0,0,0,0.0,0
2026-09-02,2,311,Burns,Ipswich Town,MID,5.0,u,0,0.0,0,0,0,0.0,0.0,0.0,0.0,0.0,0.0,0,0,0.0,0.0,0,0,0,0.0,0
2026-09-02,2,312,Taylor,Ipswich Town,MID,4.5,i,0,0.0,0,0,0,0.0,0.0,0.0,0.0,0.0,0.0,0,0,0.0,0.0,0,0,0,0.0,0
2026-09-02,2,314,Ogbene,Ipswich Town,MID,4.9,a,,0.0,0,0,0,0.0,0.0,0.0,0.0,0.0,0.0,0,0,0.0,0.0,0,0,0,0.0,0
2026-09-02,2,317,Hirst,Ipswich Town,FWD,5.0,u,0,0.0,0,0,0,0.0,0.1,0.0,0.0,0.0,0.0,0,0,0.0,0.0,0,0,0,0.0,0
2026-09-02,2,318,Philogene,Ipswich Town,MID,5.4,i,0,0.0,0,0,0,0.0,0.1,0.0,0.0,0.0,0.0,0,0,0.0,0.0,0,0,0,0.0,0
2026-09-02,2,319,Szmodics,Ipswich Town,MID,5.0,u,0,0.0,0,0,0,0.0,0.0,0.0,0.0,0.0,0.0,0,0,0.0,0.0,0,0,0,0.0,0
2026-09-02,2,322,Al-Hamadi,Ipswich Town,FWD,5.0,u,0,0.0,0,0,0,0.0,0.1,0.0,0.0,0.0,0.0,0,0,0.0,0.0,0,0,0,0.0,0
2026-09-02,2,324,Mehmeti,Ipswich Town,MID,4.9,a,,0.0,0,0,0,0.0,0.0,0.0,0.0,0.0,0.0,0,0,0.0,0.0,0,0,0,0.0,0
2026-09-02,2,554,Van Oevelen,Ipswich Town,GK,4.5,u,0,0.0,0,0,0,0.0,0.0,0.0,0.0,0.0,0.0,0,0,0.0,0.0,0,0,0,0.0,0
2026-09-02,2,571,Florentino,Ipswich Town,MID,5.0,d,75,0.0,0,0,0,0.0,0.1,0.0,0.0,0.0,0.0,0,0,0.0,0.0,0,0,0,0.0,0
2026-09-02,2,602,Humphreys,Ipswich Town,MID,4.5,a,,0.0,0,0,0,0.0,0.0,0.0,0.0,0.0,0.0,0,0,0.0,0.0,0,0,0,0.0,0
2026-09-02,2,326,Perri,Leeds,GK,4.5,u,0,0.0,0,0,0,0.0,0.5,0.0,0.0,0.0,0.0,0,0,0.0,0.0,0,0,0,0.0,0
2026-09-02,2,331,Gudmundsson,Leeds,DEF,4.5,a,100,0.0,0,0,0,0.0,0.0,0.0,0.0,0.0,0.0,0,0,0.0,0.0,0,0,0,0.0,0
2026-09-02,2,333,Bornauw,Leeds,DEF,4.5,u,0,0.0,0,0,0,0.0,0.0,0.0,0.0,0.0,0.0,0,0,0.0,0.0,0,0,0,0.0,0
2026-09-02,2,341,Gnonto,Leeds,MID,5.0,a,100,0.0,0,0,0,0.0,0.0,0.0,0.0,0.0,0.0,0,0,0.0,0.0,0,0,0,0.0,0
2026-09-02,2,342,Harrison,Leeds,MID,5.0,u,0,0.0,0,0,0,0.0,0.0,0.0,0.0,0.0,0.0,0,0,0.0,0.0,0,0,0,0.0,0
2026-09-02,2,344,Gruev,Leeds,MID,5.0,d,25,0.0,0,0,0,0.0,0.0,0.0,0.0,0.0,0.0,0,0,0.0,0.0,0,0,0,0.0,0
2026-09-02,2,348,Piroe,Leeds,FWD,5.0,u,0,0.0,0,0,0,0.0,0.1,0.0,0.0,0.0,0.0,0,0,0.0,0.0,0,0,0,0.0,0
2026-09-02,2,349,Mateo Joseph,Leeds,FWD,4.5,i,0,0.0,0,0,0,0.0,0.1,0.0,0.0,0.0,0.0,0,0,0.0,0.0,0,0,0,0.0,0
2026-09-02,2,603,Lienou,Leeds,DEF,4.0,a,,0.0,0,0,0,0.0,0.1,0.0,0.0,0.0,0.0,0,0,0.0,0.0,0,0,0,0.0,0
2026-09-02,2,604,Cresswell,Leeds,MID,4.5,a,,0.0,0,0,0,0.0,0.1,0.0,0.0,0.0,0.0,0,0,0.0,0.0,0,0,0,0.0,0
2026-09-02,2,625,Cairns,Leeds,GK,4.0,a,,1.0,0,0,0,0.0,0.2,0.0,0.0,0.0,0.0,0,0,0.0,0.0,0,0,0,0.0,0
2026-09-02,2,629,Zetterer,Leeds,GK,4.0,a,,1.0,0,0,0,0.0,0.1,0.0,0.0,0.0,0.0,0,0,0.0,0.0,0,0,0,0.0,0
2026-09-02,2,351,Mamardashvili,Liverpool,GK,5.0,a,,0.0,0,0,0,0.0,0.1,0.0,0.0,0.0,0.0,0,0,0.0,0.0,0,0,0,0.0,0
2026-09-02,2,352,Woodman,Liverpool,GK,4.0,a,,0.0,0,0,0,0.0,1.1,0.0,0.0,0.0,0.0,0,0,0.0,0.0,0,0,0,0.0,0
2026-09-02,2,353,Pecsi,Liverpool,GK,4.0,u,0,0.0,0,0,0,0.0,0.0,0.0,0.0,0.0,0.0,0,0,0.0,0.0,0,0,0,0.0,0
2026-09-02,2,354,Jaros,Liverpool,GK,4.0,i,0,0.0,0,0,0,0.0,0.0,0.0,0.0,0.0,0.0,0,0,0.0,0.0,0,0,0,0.0,0
2026-09-02,2,355,Davies,Liverpool,GK,4.0,a,,0.0,0,0,0,0.0,0.1,0.0,0.0,0.0,0.0,0,0,0.0,0.0,0,0,0,0.0,0
2026-09-02,2,359,Gomez,Liverpool,DEF,5.0,i,0,0.0,0,0,0,0.0,0.0,0.0,0.0,0.0,0.0,0,0,0.0,0.0,0,0,0,0.0,0
2026-09-02,2,360,Bradley,Liverpool,DEF,5.0,i,0,0.0,0,0,0,0.0,0.0,0.0,0.0,0.0,0.0,0,0,0.0,0.0,0,0,0,0.0,0
2026-09-02,2,361,Lucky,Liverpool,DEF,4.0,a,,0.0,0,0,0,0.0,0.1,0.0,0.0,0.0,0.0,0,0,0.0,0.0,0,0,0,0.0,0
2026-09-02,2,363,Leoni,Liverpool,DEF,4.0,i,0,0.0,0,0,0,0.0,0.0,0.0,0.0,0.0,0.0,0,0,0.0,0.0,0,0,0,0.0,0
2026-09-02,2,365,Ramsay,Liverpool,DEF,4.0,u,0,0.0,0,0,0,0.0,0.1,0.0,0.0,0.0,0.0,0,0,0.0,0.0,0,0,0,0.0,0
2026-09-02,2,370,Chiesa,Liverpool,MID,5.4,i,0,0.0,0,0,0,0.0,0.1,0.0,0.0,0.0,0.0,0,0,0.0,0.0,0,0,0,0.0,0
2026-09-02,2,373,C.Jones,Liverpool,MID,5.5,u,0,0.0,0,0,0,0.0,0.0,0.0,0.0,0.0,0.0,0,0,0.0,0.0,0,0,0,0.0,0
2026-09-02,2,374,Endo,Liverpool,MID,5.0,a,100,0.0,0,0,0,0.0,0.1,0.0,0.0,0.0,0.0,0,0,0.0,0.0,0,0,0,0.0,0
2026-09-02,2,376,Bajcetic,Liverpool,MID,5.0,u,0,0.0,0,0,0,0.0,0.0,0.0,0.0,0.0,0.0,0,0,0.0,0.0,0,0,0,0.0,0
2026-09-02,2,378,McConnell,Liverpool,MID,4.5,a,,0.0,0,0,0,0.0,0.2,0.0,0.0,0.0,0.0,0,0,0.0,0.0,0,0,0,0.0,0
2026-09-02,2,380,Ekitiké,Liverpool,FWD,7.5,i,0,0.0,0,0,0,0.0,0.1,0.0,0.0,0.0,0.0,0,0,0.0,0.0,0,0,0,0.0,0
2026-09-02,2,382,Danns,Liverpool,FWD,4.5,i,0,0.0,0,0,0,0.0,0.0,0.0,0.0,0.0,0.0,0,0,0.0,0.0,0,0,0,0.0,0
2026-09-02,2,383,Elliott,Liverpool,MID,5.4,a,,0.0,0,0,0,0.0,0.1,0.0,0.0,0.0,0.0,0,0,0.0,0.0,0,0,0,0.0,0
2026-09-02,2,627,Barcola,Liverpool,MID,8.0,a,,2.8,0,0,0,0.0,0.6,0.0,0.0,0.0,0.0,0,0,0.0,0.0,0,0,0,0.0,0
2026-09-02,2,386,Bettinelli,Man City,GK,4.5,a,,0.0,0,0,0,0.0,0.0,0.0,0.0,0.0,0.0,0,0,0.0,0.0,0,0,0,0.0,0
2026-09-02,2,392,Aït-Nouri,Man City,DEF,5.4,a,,0.0,0,0,0,0.0,0.6,0.0,0.0,0.0,0.0,0,0,0.0,0.0,0,0,0,0.0,0
2026-09-02,2,394,Alleyne,Man City,DEF,5.0,u,0,0.0,0,0,0,0.0,0.0,0.0,0.0,0.0,0.0,0,0,0.0,0.0,0,0,0,0.0,0
2026-09-02,2,400,Doku,Man City,MID,7.4,i,0,0.0,0,0,0,0.0,1.0,0.0,0.0,0.0,0.0,0,0,0.0,0.0,0,0,0,0.0,0
2026-09-02,2,402,Rodrigo,Man City,MID,6.5,u,0,0.0,0,0,0,0.0,0.0,0.0,0.0,0.0,0.0,0,0,0.0,0.0,0,0,0,0.0,0
2026-09-02,2,404,Reijnders,Man City,MID,6.0,u,0,0.0,0,0,0,0.0,0.0,0.0,0.0,0.0,0.0,0,0,0.0,0.0,0,0,0,0.0,0
2026-09-02,2,407,Echeverri,Man City,MID,4.9,a,,0.0,0,0,0,0.0,0.0,0.0,0.0,0.0,0.0,0,0,0.0,0.0,0,0,0,0.0,0
2026-09-02,2,408,Phillips,Man City,MID,5.0,u,0,0.0,0,0,0,0.0,0.0,0.0,0.0,0.0,0.0,0,0,0.0,0.0,0,0,0,0.0,0
2026-09-02,2,409,Mukasa,Man City,MID,4.5,a,,0.0,0,0,0,0.0,0.2,0.0,0.0,0.0,0.0,0,0,0.0,0.0,0,0,0,0.0,0
2026-09-02,2,410,Monga,Man City,MID,4.9,a,,0.0,0,0,0,0.0,0.0,0.0,0.0,0.0,0.0,0,0,0.0,0.0,0,0,0,0.0,0
2026-09-02,2,587,Rulli,Man City,GK,5.0,a,,0.0,0,0,0,0.0,0.0,0.0,0.0,0.0,0.0,0,0,0.0,0.0,0,0,0,0.0,0
2026-09-02,2,628,Allan,Man City,MID,6.0,a,,2.2,0,0,0,0.0,0.0,0.0,0.0,0.0,0.0,0,0,0.0,0.0,0,0,0,0.0,0
2026-09-02,2,131,Baleba,Man Utd,MID,5.0,i,0,0.0,0,0,0,0.0,0.2,0.0,0.0,0.0,0.0,0,0,0.0,0.0,0,0,0,0.0,0
2026-09-02,2,325,Darlow,Man Utd,GK,4.5,a,100,0.0,0,0,0,0.0,0.0,0.0,0.0,0.0,0.0,0,0,0.0,0.0,0,0,0,0.0,0
2026-09-02,2,413,Bayindir,Man Utd,GK,4.5,u,0,0.0,0,0,0,0.0,0.0,0.0,0.0,0.0,0.0,0,0,0.0,0.0,0,0,0,0.0,0
2026-09-02,2,414,Heaton,Man Utd,GK,4.0,i,0,0.0,0,0,0,0.0,0.1,0.0,0.0,0.0,0.0,0,0,0.0,0.0,0,0,0,0.0,0
2026-09-02,2,416,De Ligt,Man Utd,DEF,5.0,i,0,0.0,0,0,0,0.0,0.0,0.0,0.0,0.0,0.0,0,0,0.0,0.0,0,0,0,0.0,0
2026-09-02,2,424,Amass,Man Utd,DEF,4.0,a,,0.0,0,0,0,0.0,0.2,0.0,0.0,0.0,0.0,0,0,0.0,0.0,0,0,0,0.0,0
2026-09-02,2,425,Fredricson,Man Utd,DEF,4.0,u,0,0.0,0,0,0,0.0,0.0,0.0,0.0,0.0,0.0,0,0,0.0,0.0,0,0,0,0.0,0
2026-09-02,2,430,Mount,Man Utd,MID,5.5,d,75,0.0,0,0,0,0.0,0.0,0.0,0.0,0.0,0.0,0,0,0.0,0.0,0,0,0,0.0,0
2026-09-02,2,431,Amad,Man Utd,MID,5.9,i,0,0.0,0,0,0,0.0,0.6,0.0,0.0,0.0,0.0,0,0,0.0,0.0,0,0,0,0.0,0
2026-09-02,2,433,Ugarte,Man Utd,MID,5.0,i,0,0.0,0,0,0,0.0,0.0,0.0,0.0,0.0,0.0,0,0,0.0,0.0,0,0,0,0.0,0
2026-09-02,2,434,J.Fletcher,Man Utd,MID,5.0,a,,0.0,0,0,0,0.0,0.0,0.0,0.0,0.0,0.0,0,0,0.0,0.0,0,0,0,0.0,0
2026-09-02,2,436,Collyer,Man Utd,MID,5.0,u,0,0.0,0,0,0,0.0,0.0,0.0,0.0,0.0,0.0,0,0,0.0,0.0,0,0,0,0.0,0
2026-09-02,2,437,Bendito Mantato,Man Utd,MID,4.5,a,,0.0,0,0,0,0.0,0.2,0.0,0.0,0.0,0.0,0,0,0.0,0.0,0,0,0,0.0,0
2026-09-02,2,438,Fletcher,Man Utd,MID,4.5,a,,0.0,0,0,0,0.0,0.3,0.0,0.0,0.0,0.0,0,0,0.0,0.0,0,0,0,0.0,0
2026-09-02,2,440,Zirkzee,Man Utd,FWD,5.4,a,,0.0,0,0,0,0.0,0.5,0.0,0.0,0.0,0.0,0,0,0.0,0.0,0,0,0,0.0,0
2026-09-02,2,441,Obi,Man Utd,FWD,4.5,a,,0.0,0,0,0,0.0,1.2,0.0,0.0,0.0,0.0,0,0,0.0,0.0,0,0,0,0.0,0
2026-09-02,2,442,Pope,Newcastle,GK,5.0,a,,0.0,0,0,0,0.0,1.2,0.0,0.0,0.0,0.0,0,0,0.0,0.0,0,0,0,0.0,0
2026-09-02,2,443,Gillespie,Newcastle,GK,4.5,a,,0.0,0,0,0,0.0,0.0,0.0,0.0,0.0,0.0,0,0,0.0,0.0,0,0,0,0.0,0
2026-09-02,2,444,Jaouen,Newcastle,GK,4.5,a,,0.0,0,0,0,0.0,0.0,0.0,0.0,0.0,0.0,0,0,0.0,0.0,0,0,0,0.0,0
2026-09-02,2,448,Burn,Newcastle,DEF,4.9,i,0,0.0,0,0,0,0.0,1.2,0.0,0.0,0.0,0.0,0,0,0.0,0.0,0,0,0,0.0,0
2026-09-02,2,450,Livramento,Newcastle,DEF,4.9,i,0,0.0,0,0,0,0.0,0.0,0.0,0.0,0.0,0.0,0,0,0.0,0.0,0,0,0,0.0,0
2026-09-02,2,451,A.Murphy,Newcastle,DEF,4.0,u,0,0.0,0,0,0,0.0,0.1,0.0,0.0,0.0,0.0,0,0,0.0,0.0,0,0,0,0.0,0
2026-09-02,2,458,Joelinton,Newcastle,MID,5.4,i,0,0.0,0,0,0,0.0,0.0,0.0,0.0,0.0,0.0,0,0,0.0,0.0,0,0,0,0.0,0
2026-09-02,2,466,Neave,Newcastle,FWD,4.5,a,,0.0,0,0,0,0.0,0.8,0.0,0.0,0.0,0.0,0,0,0.0,0.0,0,0,0,0.0,0
2026-09-02,2,609,Shahar,Newcastle,DEF,4.0,a,,0.0,0,0,0,0.0,0.3,0.0,0.0,0.0,0.0,0,0,0.0,0.0,0,0,0,0.0,0
2026-09-02,2,201,Muñoz,Nott'm Forest,DEF,5.4,a,,0.0,54,1,0,0.0,6.9,0.23,0.01,0.24,0.84,0,0,-0.23,-0.01,0,2,4,2.4,-4
2026-09-02,2,468,John,Nott'm Forest,GK,4.5,a,,0.0,0,0,0,0.0,0.1,0.0,0.0,0.0,0.0,0,0,0.0,0.0,0,0,0,0.0,0
2026-09-02,2,470,Morato,Nott'm Forest,DEF,5.0,a,,0.0,0,0,0,0.0,0.0,0.0,0.0,0.0,0.0,0,0,0.0,0.0,0,0,0,0.0,0
2026-09-02,2,475,Savona,Nott'm Forest,DEF,4.5,i,0,0.0,0,0,0,0.0,0.0,0.0,0.0,0.0,0.0,0,0,0.0,0.0,0,0,0,0.0,0
2026-09-02,2,476,O.Richards,Nott'm Forest,DEF,4.0,a,,0.0,0,0,0,0.0,0.2,0.0,0.0,0.0,0.0,0,0,0.0,0.0,0,0,0,0.0,0
2026-09-02,2,477,Abbott,Nott'm Forest,DEF,4.0,a,,0.0,0,0,0,0.0,0.3,0.0,0.0,0.0,0.0,0,0,0.0,0.0,0,0,0,0.0,0
2026-09-02,2,479,Bindon,Nott'm Forest,DEF,4.0,u,0,0.0,0,0,0,0.0,0.2,0.0,0.0,0.0,0.0,0,0,0.0,0.0,0,0,0,0.0,0
2026-09-02,2,484,Hutchinson,Nott'm Forest,MID,5.4,u,0,0.0,0,0,0,0.0,0.1,0.0,0.0,0.0,0.0,0,0,0.0,0.0,0,0,0,0.0,0
2026-09-02,2,485,Bakwa,Nott'm Forest,MID,5.5,u,0,0.0,0,0,0,0.0,0.0,0.0,0.0,0.0,0.0,0,0,0.0,0.0,0,0,0,0.0,0
2026-09-02,2,489,Yates,Nott'm Forest,MID,4.5,a,100,0.0,0,0,0,0.0,1.5,0.0,0.0,0.0,0.0,0,0,0.0,0.0,0,0,0,0.0,0
2026-09-02,2,581,Diomande,Nott'm Forest,DEF,5.5,a,,0.0,0,0,0,0.0,0.6,0.0,0.0,0.0,0.0,0,0,0.0,0.0,0,0,0,0.0,0
2026-09-02,2,590,Benda,Nott'm Forest,GK,4.5,a,,0.0,0,0,0,0.0,0.1,0.0,0.0,0.0,0.0,0,0,0.0,0.0,0,0,0,0.0,0
2026-09-02,2,403,Sávio,Spurs,MID,6.5,d,75,0.0,0,0,0,0.0,0.8,0.0,0.0,0.0,0.0,0,0,0.0,0.0,0,0,0,0.0,0
2026-09-02,2,494,Vicario,Spurs,GK,4.5,u,0,0.0,0,0,0,0.0,0.2,0.0,0.0,0.0,0.0,0,0,0.0,0.0,0,0,0,0.0,0
2026-09-02,2,495,Austin,Spurs,GK,4.0,a,,0.0,0,0,0,0.0,0.9,0.0,0.0,0.0,0.0,0,0,0.0,0.0,0,0,0,0.0,0
2026-09-02,2,497,Dubravka,Spurs,GK,4.0,a,,0.0,0,0,0,0.0,18.2,0.0,0.0,0.0,0.0,0,0,0.0,0.0,0,0,0,0.0,0
2026-09-02,2,500,Romero,Spurs,DEF,5.0,u,0,0.0,0,0,0,0.0,0.1,0.0,0.0,0.0,0.0,0,0,0.0,0.0,0,0,0,0.0,0
2026-09-02,2,501,Danso,Spurs,DEF,5.0,a,,0.0,0,0,0,0.0,0.2,0.0,0.0,0.0,0.0,0,0,0.0,0.0,0,0,0,0.0,0
2026-09-02,2,503,Van de Ven,Spurs,DEF,5.0,a,100,0.0,90,1,0,0.0,3.9,0.0,0.02,0.02,0.72,0,0,0.0,-0.02,0,2,8,1.7,5
2026-09-02,2,505,Spence,Spurs,DEF,4.5,u,0,0.0,0,0,0,0.0,0.4,0.0,0.0,0.0,0.0,0,0,0.0,0.0,0,0,0,0.0,0
2026-09-02,2,507,Phillips,Spurs,DEF,4.5,u,0,0.0,0,0,0,0.0,0.0,0.0,0.0,0.0,0.0,0,0,0.0,0.0,0,0,0,0.0,0
2026-09-02,2,508,Davies,Spurs,DEF,4.0,a,,0.0,0,0,0,0.0,1.0,0.0,0.0,0.0,0.0,0,0,0.0,0.0,0,0,0,0.0,0
2026-09-02,2,509,Byfield,Spurs,DEF,4.0,a,,0.0,0,0,0,0.0,0.1,0.0,0.0,0.0,0.0,0,0,0.0,0.0,0,0,0,0.0,0
2026-09-02,2,510,Rowswell,Spurs,DEF,4.0,a,,0.0,0,0,0,0.0,0.1,0.0,0.0,0.0,0.0,0,0,0.0,0.0,0,0,0,0.0,0
2026-09-02,2,511,Souza,Spurs,DEF,4.0,u,0,0.0,0,0,0,0.0,0.3,0.0,0.0,0.0,0.0,0,0,0.0,0.0,0,0,0,0.0,0
2026-09-02,2,513,Xavi,Spurs,MID,6.0,i,0,0.0,0,0,0,0.0,0.0,0.0,0.0,0.0,0.0,0,0,0.0,0.0,0,0,0,0.0,0
2026-09-02,2,517,Odobert,Spurs,MID,5.5,i,0,0.0,0,0,0,0.0,0.0,0.0,0.0,0.0,0.0,0,0,0.0,0.0,0,0,0,0.0,0
2026-09-02,2,518,P.M.Sarr,Spurs,MID,4.9,a,100,0.0,0,0,0,0.0,0.2,0.0,0.0,0.0,0.0,0,0,0.0,0.0,0,0,0,0.0,0
2026-09-02,2,519,Gallagher,Spurs,MID,5.4,a,,0.0,45,1,0,0.0,0.2,0.02,0.06,0.08,1.7,0,0,-0.02,-0.06,0,2,3,0.5,1
2026-09-02,2,521,Kulusevski,Spurs,MID,6.5,i,0,0.0,0,0,0,0.0,0.0,0.0,0.0,0.0,0.0,0,0,0.0,0.0,0,0,0,0.0,0
2026-09-02,2,524,Olusesi,Spurs,MID,4.5,a,,0.0,0,0,0,0.0,0.7,0.0,0.0,0.0,0.0,0,0,0.0,0.0,0,0,0,0.0,0
2026-09-02,2,528,Scarlett,Spurs,FWD,4.5,a,,0.0,0,0,0,0.0,2.0,0.0,0.0,0.0,0.0,0,0,0.0,0.0,0,0,0,0.0,0
2026-09-02,2,601,Williams-Barnett,Spurs,MID,4.5,a,,0.0,0,0,0,0.0,0.1,0.0,0.0,0.0,0.0,0,0,0.0,0.0,0,0,0,0.0,0
2026-09-02,2,530,Patterson,Sunderland,GK,4.0,u,0,0.0,0,0,0,0.0,0.1,0.0,0.0,0.0,0.0,0,0,0.0,0.0,0,0,0,0.0,0
2026-09-02,2,531,Ellborg,Sunderland,GK,4.5,a,,0.0,0,0,0,0.0,0.1,0.0,0.0,0.0,0.0,0,0,0.0,0.0,0,0,0,0.0,0
2026-09-02,2,537,Seelt,Sunderland,DEF,4.5,u,0,0.0,0,0,0,0.0,0.0,0.0,0.0,0.0,0.0,0,0,0.0,0.0,0,0,0,0.0,0
2026-09-02,2,538,Hjelde,Sunderland,DEF,4.0,u,0,0.0,0,0,0,0.0,0.0,0.0,0.0,0.0,0.0,0,0,0.0,0.0,0,0,0,0.0,0
2026-09-02,2,540,Masuaku,Sunderland,DEF,4.0,u,0,0.0,0,0,0,0.0,0.2,0.0,0.0,0.0,0.0,0,0,0.0,0.0,0,0,0,0.0,0
2026-09-02,2,546,Adingra,Sunderland,MID,4.9,i,0,0.0,0,0,0,0.0,0.0,0.0,0.0,0.0,0.0,0,0,0.0,0.0,0,0,0,0.0,0
2026-09-02,2,550,Jocelin.T,Sunderland,MID,5.0,a,,0.0,0,0,0,0.0,0.0,0.0,0.0,0.0,0.0,0,0,0.0,0.0,0,0,0,0.0,0
2026-09-02,2,612,Methalie,Sunderland,DEF,4.5,a,100,1.7,0,0,0,0.0,0.0,0.0,0.0,0.0,0.0,0,0,0.0,0.0,0,0,0,0.0,0
2026-09-02,2,613,Ahoka,Sunderland,MID,4.5,a,,1.0,0,0,0,0.0,0.2,0.0,0.0,0.0,0.0,0,0,0.0,0.0,0,0,0,0.0,0
2026-09-02,2,54,Gomes,Aston Villa,MID,5.5,s,0,0.0,39,1,-2,-1.0,0.0,0.0,0.01,0.01,2.58,0,0,0.0,-0.01,0,4,7,1.2,-2
2026-09-03,2,426,B.Fernandes,Man Utd,MID,12.0,a,,12.5,180,2,25,12.5,48.6,2.1,0.74,2.84,3.07,3,1,0.9,0.26,0,4,14,35.4,105
2026-09-03,2,399,Cherki,Man City,MID,7.7,a,,11.0,108,1,22,11.0,27.1,0.35,1.05,1.4,0.76,2,2,1.65,0.95,0,1,3,26.4,88
2026-09-03,2,8,Calafiori,Arsenal,DEF,5.6,a,,10.0,170,2,20,10.0,43.9,0.15,0.55,0.7,0.39,0,2,-0.15,1.45,2,0,8,8.4,61
2026-09-03,2,12,Saka,Arsenal,MID,9.5,a,,10.0,157,2,20,10.0,10.7,1.27,0.12,1.39,0.39,2,0,0.73,-0.12,2,0,18,19.5,82
2026-09-03,2,154,Palmer,Chelsea,MID,9.6,a,100,10.0,172,2,20,10.0,18.3,0.94,0.32,1.26,2.65,2,1,1.06,0.68,0,5,17,25.3,88
2026-09-03,2,165,João Pedro,Chelsea,FWD,7.7,a,,10.0,180,2,20,10.0,69.7,1.86,0.1,1.96,2.74,2,2,0.14,1.9,0,5,6,23.2,89
2026-09-03,2,279,Ajayi,Hull City,DEF,4.1,a,100,10.0,153,2,20,10.0,8.5,0.52,0.0,0.52,2.15,1,0,0.48,0.0,2,0,14,9.5,63
2026-09-03,2,572,Tzolakis,Hull City,GK,4.6,a,,10.0,180,2,20,10.0,7.3,0.0,0.0,0.0,3.12,0,0,0.0,0.0,2,0,0,6.1,73
2026-09-03,2,10,White,Arsenal,DEF,5.5,a,100,9.0,180,2,18,9.0,7.3,0.18,0.26,0.44,0.53,0,1,-0.18,0.74,2,0,9,11.0,63
2026-09-03,2,565,M.Sangaré,Brentford,MID,5.7,a,,9.0,165,2,18,9.0,13.8,0.26,0.36,0.62,1.93,0,2,-0.26,1.64,1,1,27,13.5,57
2026-09-03,2,229,Tarkowski,Everton,DEF,6.0,a,,9.0,180,2,18,9.0,10.5,0.15,0.01,0.16,4.12,1,0,0.85,-0.01,1,1,19,10.5,52
2026-09-03,2,115,De Cuyper,Brighton,DEF,4.7,a,,8.5,167,2,17,8.5,15.6,1.5,0.26,1.76,3.22,1,1,-0.5,0.74,1,4,6,16.7,44
2026-09-03,2,277,Egan,Hull City,DEF,4.0,a,,8.5,180,2,17,8.5,4.7,0.0,0.0,0.0,3.12,0,0,0.0,0.0,2,0,34,7.0,52
2026-09-03,2,335,Stach,Leeds,MID,6.0,a,,8.5,180,2,17,8.5,2.9,0.17,0.06,0.23,2.33,1,0,0.83,-0.06,1,1,32,11.2,50
2026-09-03,2,367,Gakpo,Liverpool,MID,7.0,a,,8.5,160,2,17,8.5,8.3,0.3,0.8,1.1,3.81,1,1,0.7,0.2,0,4,15,17.2,54
2026-09-03,2,454,Elanga,Newcastle,MID,6.1,a,,8.5,156,2,17,8.5,8.9,0.42,0.11,0.53,2.68,2,0,1.58,-0.11,1,1,5,15.0,63
2026-09-03,2,86,Lewis-Potter,Brentford,MID,5.5,a,,8.0,177,2,16,8.0,1.9,0.79,0.25,1.04,2.03,1,1,0.21,0.75,1,1,21,15.4,66
2026-09-03,2,123,Hinshelwood,Brighton,MID,6.0,d,50,4.0,63,1,16,8.0,1.4,1.41,0.02,1.43,0.19,2,0,0.59,-0.02,1,0,3,14.5,54
2026-09-03,2,586,Mendy,Hull City,DEF,4.0,a,100,8.0,121,2,16,8.0,5.5,0.29,0.0,0.29,1.95,1,0,0.71,0.0,1,0,22,12.0,44
2026-09-03,2,88,Kayode,Brentford,DEF,4.6,a,,7.5,162,2,15,7.5,9.4,0.52,0.21,0.73,1.93,1,0,0.48,-0.21,1,1,8,11.9,45
2026-09-03,2,124,Groß,Brighton,MID,5.5,a,,7.5,180,2,15,7.5,14.9,0.05,0.38,0.43,3.22,1,1,0.95,0.62,1,4,11,19.0,64
2026-09-03,2,411,Haaland,Man City,FWD,15.5,a,,7.5,180,2,15,7.5,71.2,1.4,0.02,1.42,1.31,2,0,0.6,-0.02,0,2,8,17.9,66
2026-09-03,2,480,Gibbs-White,Nott'm Forest,MID,7.9,a,100,7.5,180,2,15,7.5,9.5,0.92,0.1,1.02,2.22,1,1,0.08,0.9,0,3,8,11.0,46
2026-09-03,2,544,Xhaka,Sunderland,MID,5.5,a,,7.5,180,2,15,7.5,4.6,0.0,0.45,0.45,2.75,0,1,0.0,0.55,1,2,20,12.8,60
2026-09-03,2,15,Ødegaard,Arsenal,MID,6.6,a,,7.0,145,2,14,7.0,11.2,0.29,0.17,0.46,0.39,1,0,0.71,-0.17,2,0,13,14.2,54
2026-09-03,2,69,Scott,Bournemouth,MID,6.0,a,,7.0,176,2,14,7.0,1.9,0.26,0.28,0.54,3.96,1,0,0.74,-0.28,1,2,26,11.7,56
2026-09-03,2,391,Gvardiol,Man City,DEF,5.6,a,,7.0,164,2,14,7.0,18.2,0.19,0.09,0.28,1.31,1,1,0.81,0.91,0,2,9,13.8,46
2026-09-03,2,449,Hall,Newcastle,DEF,5.1,a,,7.0,180,2,14,7.0,9.0,0.03,0.66,0.69,4.1,0,0,-0.03,-0.66,1,2,24,10.7,60
2026-09-03,2,4,Gabriel,Arsenal,DEF,8.0,a,,6.5,180,2,13,6.5,26.1,0.18,0.03,0.21,0.53,0,0,-0.18,-0.03,2,0,14,3.6,44
2026-09-03,2,94,Schade,Brentford,MID,6.0,a,,6.5,177,2,13,6.5,4.1,0.77,0.03,0.8,2.03,1,0,0.23,-0.03,1,1,18,17.6,51
2026-09-03,2,40,Rogers,Chelsea,MID,7.5,a,,6.5,171,2,13,6.5,24.6,1.1,1.11,2.21,2.65,1,1,-0.1,-0.11,0,5,12,22.7,65
2026-09-03,2,236,Dewsbury-Hall,Everton,MID,6.5,a,,6.5,180,2,13,6.5,4.3,0.18,0.33,0.51,4.08,1,0,0.82,-0.33,1,1,18,17.9,64
2026-09-03,2,237,Ndiaye,Man City,MID,6.0,a,,6.5,180,2,13,6.5,13.1,0.26,0.39,0.65,4.12,0,1,-0.26,0.61,1,1,25,16.6,52
2026-09-03,2,427,Mbeumo,Man Utd,MID,8.0,a,,6.5,180,2,13,6.5,29.1,2.26,0.44,2.7,3.07,1,1,-1.26,0.56,0,4,9,21.1,49
2026-09-03,2,1,Raya,Arsenal,GK,6.0,a,,6.0,180,2,12,6.0,37.7,0.0,0.0,0.0,0.53,0,0,0.0,0.0,2,0,0,1.8,45
2026-09-03,2,11,Mosquera,Arsenal,DEF,5.5,a,,6.0,168,2,12,6.0,4.9,0.0,0.01,0.01,0.53,0,0,0.0,-0.01,2,0,10,2.7,52
2026-09-03,2,258,Castagne,Fulham,DEF,4.5,a,,6.0,157,2,12,6.0,0.9,0.09,0.18,0.27,2.5,0,2,-0.09,1.82,1,3,8,8.9,39
2026-09-03,2,282,Giles,Hull City,DEF,4.0,a,,6.0,174,2,12,6.0,1.1,0.02,0.14,0.16,3.05,0,0,-0.02,-0.14,2,0,8,6.4,45
2026-09-03,2,332,Justin,Leeds,DEF,4.5,a,,6.0,180,2,12,6.0,1.4,0.03,0.02,0.05,2.33,0,0,-0.03,-0.02,1,1,20,7.4,40
2026-09-03,2,385,Trafford,Leeds,GK,5.0,a,,6.0,180,2,12,6.0,5.1,0.0,0.0,0.0,2.33,0,0,0.0,0.0,1,1,0,5.7,48
2026-09-03,2,368,Szoboszlai,Liverpool,MID,7.0,a,,6.0,180,2,12,6.0,41.4,1.01,0.44,1.45,3.88,1,0,-0.01,-0.44,0,4,20,18.5,53
2026-09-03,2,388,Guéhi,Man City,DEF,6.0,a,,6.0,180,2,12,6.0,18.8,0.89,0.36,1.25,1.31,1,0,0.11,-0.36,0,2,9,12.9,43
2026-09-03,2,464,Wissa,Newcastle,FWD,6.1,a,,6.0,171,2,12,6.0,12.6,1.35,0.02,1.37,2.93,1,1,-0.35,0.98,1,1,14,15.6,44
2026-09-03,2,593,Dedić,Newcastle,DEF,4.5,a,,6.0,180,2,12,6.0,2.5,0.03,0.06,0.09,4.1,0,1,-0.03,0.94,1,2,17,9.6,36
2026-09-03,2,483,Ndoye,Nott'm Forest,MID,5.5,a,,6.0,126,2,12,6.0,0.7,0.35,0.63,0.98,1.67,1,0,0.65,-0.63,1,1,12,9.9,35
2026-09-03,2,68,Tavernier,Bournemouth,MID,6.0,a,,5.5,180,2,11,5.5,2.3,0.49,0.29,0.78,4.09,1,0,0.51,-0.29,0,3,19,13.9,52
2026-09-03,2,87,Ajer,Brentford,DEF,4.5,a,,5.5,180,2,11,5.5,5.1,0.11,0.03,0.14,2.03,0,0,-0.11,-0.03,1,1,27,11.7,36
2026-09-03,2,127,Gomez,Brighton,MID,5.0,a,,5.5,175,2,11,5.5,4.6,0.56,0.65,1.21,3.22,0,2,-0.56,1.35,1,4,11,16.6,42
2026-09-03,2,173,Thomas,Coventry City,DEF,4.0,a,,5.5,167,2,11,5.5,8.4,0.02,0.02,0.04,2.06,0,0,-0.02,-0.02,1,3,19,5.3,39
2026-09-03,2,327,Bijol,Leeds,DEF,5.0,a,,5.5,135,2,11,5.5,0.9,0.11,0.0,0.11,1.21,0,0,-0.11,0.0,1,1,17,4.8,28
2026-09-03,2,428,Cunha,Man Utd,MID,8.0,a,,5.5,158,2,11,5.5,8.1,0.35,0.36,0.71,2.07,0,2,-0.35,1.64,0,3,5,14.5,45
2026-09-03,2,98,Janelt,Brentford,MID,5.0,a,,5.0,180,2,10,5.0,0.6,0.39,0.31,0.7,2.03,1,0,0.61,-0.31,1,1,23,17.2,46
2026-09-03,2,226,Pickford,Everton,GK,5.5,a,,5.0,180,2,10,5.0,8.7,0.0,0.02,0.02,4.12,0,0,0.0,-0.02,1,1,0,6.4,56
2026-09-03,2,230,Branthwaite,Everton,DEF,5.5,a,,5.0,180,2,10,5.0,1.8,0.09,0.02,0.11,4.12,0,0,-0.09,-0.02,1,1,20,8.2,33
2026-09-03,2,233,Mykolenko,Everton,DEF,4.5,a,,5.0,180,2,10,5.0,1.7,0.0,0.06,0.06,4.12,0,0,0.0,-0.06,1,1,16,6.7,34
2026-09-03,2,244,Armstrong,Everton,MID,5.0,a,,5.0,176,2,10,5.0,0.4,0.0,0.07,0.07,4.12,0,1,0.0,0.93,1,1,25,7.2,37
2026-09-03,2,249,Barry,Everton,FWD,5.5,a,,5.0,147,2,10,5.0,4.5,1.93,0.09,2.02,2.2,1,0,-0.93,-0.09,1,1,6,17.8,43
2026-09-03,2,316,Emersonn,Ipswich Town,FWD,5.5,a,100,5.0,110,2,10,5.0,1.6,0.82,0.06,0.88,1.4,1,0,0.18,-0.06,0,2,4,12.6,48
2026-09-03,2,591,Enciso,Ipswich Town,MID,5.5,a,100,5.0,160,2,10,5.0,0.7,0.63,0.62,1.25,5.4,0,2,-0.63,1.38,0,6,16,10.9,49
2026-09-03,2,334,Muharemović,Leeds,DEF,5.0,a,,5.0,180,2,10,5.0,3.2,0.09,0.01,0.1,2.33,0,0,-0.09,-0.01,1,1,26,8.7,42
2026-09-03,2,377,Munoz,Liverpool,MID,6.5,a,,5.0,117,1,10,5.0,1.2,0.42,0.23,0.65,3.37,1,1,0.58,0.77,0,2,7,11.5,39
2026-09-03,2,379,Isak,Liverpool,FWD,9.0,a,,5.0,180,2,10,5.0,16.6,2.08,0.01,2.09,3.88,1,0,-1.08,-0.01,0,4,2,18.4,36
2026-09-03,2,398,Foden,Man City,MID,7.0,a,,5.0,171,2,10,5.0,5.3,0.99,0.85,1.84,1.31,0,2,-0.99,1.15,0,2,13,18.1,53
2026-09-03,2,79,Evanilson,Bournemouth,FWD,6.0,a,,4.5,154,2,9,4.5,3.2,0.58,0.25,0.83,3.61,0,2,-0.58,1.75,2,0,11,9.2,28
2026-09-03,2,82,Kelleher,Brentford,GK,5.0,a,,4.5,180,2,9,4.5,7.4,0.0,0.01,0.01,2.03,0,0,0.0,-0.01,1,1,0,4.0,41
2026-09-03,2,84,Collins,Brentford,DEF,5.5,a,,4.5,180,2,9,4.5,2.3,0.51,0.05,0.56,2.03,0,0,-0.51,-0.05,1,1,16,11.3,35
2026-09-03,2,605,Yalcouyé,Brighton,MID,4.5,a,,4.5,77,1,9,4.5,1.7,0.7,0.17,0.87,2.83,1,0,0.3,-0.17,0,3,7,11.6,42
2026-09-03,2,268,King,Fulham,MID,5.5,a,,4.5,180,2,9,4.5,0.7,0.64,0.07,0.71,4.26,1,0,0.36,-0.07,0,4,12,13.4,42
2026-09-03,2,286,Belloumi,Hull City,MID,5.0,a,,4.5,172,2,9,4.5,0.8,0.17,0.05,0.22,2.94,0,1,-0.17,0.95,2,0,20,6.6,31
2026-09-03,2,346,Calvert-Lewin,Leeds,FWD,6.0,a,,4.5,180,2,9,4.5,26.2,1.05,0.02,1.07,2.33,1,0,-0.05,-0.02,1,1,6,8.4,29
2026-09-03,2,445,Thiaw,Newcastle,DEF,5.0,a,,4.5,180,2,9,4.5,2.0,0.0,0.02,0.02,4.1,0,0,0.0,-0.02,1,2,18,4.6,25
2026-09-03,2,460,Willock,Newcastle,MID,5.0,a,,4.5,104,1,9,4.5,0.4,0.16,0.19,0.35,2.24,1,0,0.84,-0.19,1,1,5,6.6,28
2026-09-03,2,533,Mukiele,Sunderland,DEF,5.5,a,100,4.5,90,1,9,4.5,2.4,0.0,0.01,0.01,0.95,0,0,0.0,-0.01,1,0,19,5.3,28
2026-09-03,2,553,Isidor,Sunderland,FWD,5.5,a,,4.5,49,0,9,4.5,1.1,1.39,0.0,1.39,0.47,1,0,-0.39,0.0,0,1,0,5.4,32
2026-09-03,2,13,Rice,Arsenal,MID,7.5,a,,4.0,151,2,8,4.0,14.7,0.07,0.18,0.25,0.39,0,0,-0.07,-0.18,2,0,18,6.7,29
2026-09-03,2,26,Havertz,Arsenal,FWD,7.5,a,,4.0,180,2,8,4.0,6.9,0.28,0.06,0.34,0.53,1,0,0.72,-0.06,2,0,7,10.4,39
2026-09-03,2,156,Neto,Chelsea,MID,6.5,a,,4.0,81,1,8,4.0,1.3,0.44,0.4,0.84,1.48,1,0,0.56,-0.4,0,2,8,12.2,41
2026-09-03,2,161,Lavia,Chelsea,MID,5.0,a,,4.0,131,2,8,4.0,0.2,0.75,0.03,0.78,2.31,1,0,0.25,-0.03,0,4,16,14.2,40
2026-09-03,2,569,Gonzalo,Fulham,FWD,6.0,a,,4.0,180,2,8,4.0,4.6,1.0,0.02,1.02,4.26,1,0,0.0,-0.02,0,4,6,11.4,35
2026-09-03,2,290,Slater,Hull City,MID,4.5,a,,4.0,180,2,8,4.0,4.7,0.0,0.45,0.45,3.12,0,1,0.0,0.55,2,0,13,5.3,26
2026-09-03,2,305,Davis,Ipswich Town,DEF,4.0,a,,4.0,180,2,8,4.0,5.1,0.54,0.13,0.67,5.43,1,0,0.46,-0.13,0,6,11,13.0,11
2026-09-03,2,330,Bogle,Leeds,DEF,4.5,a,,4.0,157,2,8,4.0,0.5,0.0,0.01,0.01,1.4,0,0,0.0,-0.01,1,1,10,4.2,33
2026-09-03,2,447,Botman,Newcastle,DEF,5.0,a,,4.0,180,2,8,4.0,0.6,0.01,0.01,0.02,4.1,0,0,-0.01,-0.01,1,2,15,4.8,26
2026-09-03,2,567,Horníček,Newcastle,GK,5.0,a,,4.0,180,2,8,4.0,1.1,0.0,0.0,0.0,4.1,0,0,0.0,0.0,1,2,0,7.6,44
2026-09-03,2,469,N.Williams,Nott'm Forest,DEF,5.0,a,,4.0,180,2,8,4.0,8.4,0.12,0.17,0.29,2.22,0,1,-0.12,0.83,0,3,18,9.3,29
2026-09-03,2,532,Ballard,Sunderland,DEF,5.0,a,,4.0,180,2,8,4.0,4.2,0.03,0.01,0.04,2.75,0,0,-0.03,-0.01,1,2,19,5.1,31
2026-09-03,2,534,Hume,Sunderland,DEF,4.5,a,,4.0,169,2,8,4.0,5.5,0.04,0.28,0.32,2.64,0,0,-0.04,-0.28,1,1,10,10.2,38
2026-09-03,2,551,N.Angulo,Sunderland,MID,5.0,a,,4.0,122,2,8,4.0,0.1,0.15,0.05,0.2,2.24,1,0,0.85,-0.05,1,1,12,7.6,36
2026-09-03,2,130,Wieffer,Brighton,DEF,5.0,a,,3.5,156,2,7,3.5,0.5,0.12,0.13,0.25,3.18,0,0,-0.12,-0.13,1,4,15,8.3,38
2026-09-03,2,200,Lacroix,Chelsea,DEF,6.0,a,,3.5,180,2,7,3.5,8.4,0.02,0.2,0.22,2.74,0,1,-0.02,0.8,0,5,21,7.6,22
2026-09-03,2,313,Clarke,Ipswich Town,MID,5.5,a,,3.5,19,0,7,3.5,0.3,0.1,0.0,0.1,0.03,1,0,0.9,0.0,0,0,2,5.2,27
2026-09-03,2,329,Rodon,Leeds,DEF,4.5,i,0,0.0,123,2,7,3.5,2.8,0.03,0.06,0.09,1.01,0,0,-0.03,-0.06,1,0,11,4.5,25
2026-09-03,2,338,Ampadu,Leeds,MID,5.5,a,,3.5,180,2,7,3.5,1.2,0.01,0.13,0.14,2.33,0,0,-0.01,-0.13,1,1,23,7.9,30
2026-09-03,2,397,Semenyo,Man City,MID,8.5,a,,3.5,180,2,7,3.5,20.3,0.12,0.59,0.71,1.31,0,1,-0.12,0.41,0,2,8,15.8,49
2026-09-03,2,529,Roefs,Sunderland,GK,5.0,a,,3.5,180,2,7,3.5,3.5,0.0,0.0,0.0,2.75,0,0,0.0,0.0,1,2,0,1.9,29
2026-09-03,2,536,Reinildo,Sunderland,DEF,4.5,a,,3.5,180,2,7,3.5,0.4,0.0,0.3,0.3,2.75,0,0,0.0,-0.3,1,2,15,7.9,35
2026-09-03,2,541,Meunier,Sunderland,DEF,4.5,a,100,3.5,180,2,7,3.5,0.3,0.1,0.13,0.23,2.75,0,0,-0.1,-0.13,1,2,12,8.2,32
2026-09-03,2,7,Lewis-Skelly,Arsenal,MID,5.5,a,,3.0,160,2,6,3.0,0.7,0.13,0.13,0.26,0.53,0,0,-0.13,-0.13,2,0,12,6.0,30
2026-09-03,2,557,Tzolis,Arsenal,MID,6.5,a,,3.0,120,2,6,3.0,21.1,0.19,0.15,0.34,0.16,0,1,-0.19,0.85,1,0,9,10.3,31
2026-09-03,2,70,Kluivert,Bournemouth,MID,6.0,a,,3.0,154,2,6,3.0,1.1,0.72,0.05,0.77,3.61,0,0,-0.72,-0.05,2,0,14,13.7,27
2026-09-03,2,71,Cook,Bournemouth,MID,5.0,a,,3.0,143,2,6,3.0,0.2,0.0,0.01,0.01,3.61,0,0,0.0,-0.01,2,0,9,2.4,21
2026-09-03,2,566,Silva,Bournemouth,DEF,5.0,a,,3.0,180,2,6,3.0,0.4,0.25,0.03,0.28,4.09,0,0,-0.25,-0.03,0,3,23,6.5,16
2026-09-03,2,97,Jensen,Brentford,MID,5.5,d,75,2.2,66,1,6,3.0,0.2,0.08,0.34,0.42,0.47,0,1,-0.08,0.66,1,0,5,7.2,22
2026-09-03,2,109,Verbruggen,Brighton,GK,4.5,a,,3.0,180,2,6,3.0,21.6,0.0,0.0,0.0,3.22,0,0,0.0,0.0,1,4,0,1.7,24
2026-09-03,2,138,Kostoulas,Brighton,FWD,5.5,a,,3.0,105,1,6,3.0,0.4,0.35,0.02,0.37,2.99,0,1,-0.35,0.98,0,4,8,4.6,16
2026-09-03,2,504,Vuskovic,Brighton,DEF,5.0,a,,3.0,180,2,6,3.0,2.4,0.16,0.05,0.21,3.22,0,0,-0.16,-0.05,1,4,12,6.5,17
2026-09-03,2,210,Wharton,Crystal Palace,MID,5.5,a,100,3.0,180,2,6,3.0,0.9,0.0,0.31,0.31,3.33,0,0,0.0,-0.31,0,6,21,8.9,41
2026-09-03,2,211,Yeremy,Crystal Palace,MID,5.5,a,,3.0,102,1,6,3.0,0.2,0.11,0.09,0.2,2.28,0,1,-0.11,0.91,0,3,15,6.8,31
2026-09-03,2,280,Coyle,Hull City,DEF,4.0,d,75,2.2,114,2,6,3.0,0.5,0.0,0.01,0.01,2.25,0,0,0.0,-0.01,1,0,6,2.2,25
2026-09-03,2,287,Millar,Hull City,MID,5.0,u,0,0.0,50,0,6,3.0,0.1,0.58,0.0,0.58,0.87,1,0,0.42,0.0,0,0,4,5.2,26
2026-09-03,2,295,McBurnie,Hull City,FWD,5.5,a,,3.0,180,2,6,3.0,2.1,0.16,0.02,0.18,3.12,0,1,-0.16,0.98,2,0,9,11.2,28
2026-09-03,2,267,Lukić,Ipswich Town,MID,5.0,a,,3.0,162,2,6,3.0,0.1,0.02,0.04,0.06,4.57,0,1,-0.02,0.96,0,5,17,7.1,33
2026-09-03,2,309,Núñez,Ipswich Town,MID,5.0,a,,3.0,140,2,6,3.0,0.1,0.03,0.05,0.08,3.48,0,0,-0.03,-0.05,0,4,21,5.0,32
2026-09-03,2,315,Fatawu,Ipswich Town,MID,5.5,a,,3.0,147,2,6,3.0,0.2,0.0,0.63,0.63,5.22,0,1,0.0,0.37,0,6,11,12.6,47
2026-09-03,2,320,Akpom,Ipswich Town,FWD,5.0,a,,3.0,69,0,6,3.0,0.9,0.97,0.0,0.97,4.04,1,0,0.03,0.0,0,4,3,5.5,33
2026-09-03,2,366,Wirtz,Liverpool,MID,7.5,a,,3.0,152,2,6,3.0,10.1,0.49,0.24,0.73,2.81,0,1,-0.49,0.76,0,4,15,13.1,39
2026-09-03,2,371,Gravenberch,Liverpool,MID,6.0,a,,3.0,96,1,6,3.0,1.7,0.06,0.06,0.12,1.17,0,1,-0.06,0.94,0,2,12,6.1,33
2026-09-03,2,43,Tielemans,Man Utd,MID,5.9,a,100,3.0,156,2,6,3.0,2.0,0.51,0.22,0.73,3.0,0,0,-0.51,-0.22,0,4,18,12.0,39
2026-09-03,2,459,L.Miley,Newcastle,MID,5.5,a,100,3.0,165,2,6,3.0,0.1,0.05,0.05,0.1,3.06,0,0,-0.05,-0.05,1,1,22,6.6,29
2026-09-03,2,57,Petrović,Bournemouth,GK,4.5,a,,2.5,180,2,5,2.5,3.4,0.0,0.0,0.0,4.09,0,0,0.0,0.0,0,3,0,7.1,33
2026-09-03,2,60,Hill,Bournemouth,DEF,5.5,a,,2.5,180,2,5,2.5,0.9,0.0,0.74,0.74,4.09,0,0,0.0,-0.74,0,3,18,6.3,19
2026-09-03,2,61,Truffert,Bournemouth,DEF,5.5,a,,2.5,180,2,5,2.5,3.8,0.0,0.07,0.07,4.09,0,0,0.0,-0.07,0,3,16,7.3,27
2026-09-03,2,114,Boscagli,Brighton,DEF,4.5,a,,2.5,180,2,5,2.5,0.3,0.05,0.15,0.2,3.22,0,0,-0.05,-0.15,1,4,9,8.3,27
2026-09-03,2,116,Dunk,Brighton,DEF,4.5,a,,2.5,180,2,5,2.5,1.3,0.0,0.05,0.05,3.22,0,0,0.0,-0.05,1,4,5,3.7,20
2026-09-03,2,125,Georginio,Brighton,FWD,5.5,d,75,1.9,90,1,5,2.5,0.8,0.08,0.44,0.52,0.29,0,1,-0.08,0.56,1,0,7,4.6,22
2026-09-03,2,148,Hato,Chelsea,DEF,4.5,a,,2.5,154,2,5,2.5,0.6,0.01,0.09,0.1,2.46,0,1,-0.01,0.91,0,5,9,8.3,17
2026-09-03,2,214,Kamada,Crystal Palace,MID,5.0,a,,2.5,180,2,5,2.5,0.3,0.05,0.29,0.34,3.33,0,0,-0.05,-0.29,0,6,23,7.7,46
2026-09-03,2,242,George,Everton,MID,5.5,a,,2.5,144,2,5,2.5,0.3,0.23,0.09,0.32,2.25,0,0,-0.23,-0.09,1,1,9,8.9,25
2026-09-03,2,246,Röhl,Everton,MID,5.0,a,,2.5,175,2,5,2.5,0.1,0.0,0.07,0.07,4.12,0,0,0.0,-0.07,1,1,18,4.0,25
2026-09-03,2,250,Leno,Fulham,GK,4.5,a,,2.5,180,2,5,2.5,3.1,0.0,0.0,0.0,4.26,0,0,0.0,0.0,0,4,0,4.9,22
2026-09-03,2,264,Bobb,Fulham,MID,5.5,a,,2.5,133,2,5,2.5,0.3,0.0,0.27,0.27,2.47,0,0,0.0,-0.27,1,3,11,5.5,18
2026-09-03,2,481,Anderson,Man City,MID,6.4,a,100,2.5,143,2,5,2.5,5.2,0.07,0.47,0.54,1.21,0,0,-0.07,-0.47,0,2,20,8.6,39
2026-09-03,2,418,Maguire,Man Utd,DEF,5.0,a,,2.5,180,2,5,2.5,14.7,0.07,0.41,0.48,3.07,0,1,-0.07,0.59,0,4,9,8.8,28
2026-09-03,2,432,Mainoo,Man Utd,MID,5.5,a,,2.5,102,1,5,2.5,1.1,0.21,0.28,0.49,1.13,0,0,-0.21,-0.28,0,1,16,3.8,32
2026-09-03,2,453,Barnes,Newcastle,MID,6.0,a,,2.5,180,2,5,2.5,1.1,0.11,0.03,0.14,4.1,0,0,-0.11,-0.03,1,2,12,5.3,21
2026-09-03,2,471,Milenković,Nott'm Forest,DEF,5.5,a,,2.5,180,2,5,2.5,1.7,0.11,0.02,0.13,2.22,0,0,-0.11,-0.02,0,3,20,3.9,7
2026-09-03,2,472,Murillo,Nott'm Forest,DEF,5.5,a,100,2.5,180,2,5,2.5,1.6,0.18,0.28,0.46,2.22,0,0,-0.18,-0.28,0,3,20,7.8,17
2026-09-03,2,473,Aina,Nott'm Forest,DEF,4.5,a,,2.5,158,2,5,2.5,3.1,0.04,0.52,0.56,2.09,0,0,-0.04,-0.52,1,2,7,9.4,26
2026-09-03,2,486,McAtee,Nott'm Forest,MID,5.5,a,,2.5,163,2,5,2.5,0.1,0.0,0.32,0.32,2.09,0,0,0.0,-0.32,1,2,16,8.1,34
2026-09-03,2,558,Schlager,Nott'm Forest,MID,5.0,a,,2.5,106,1,5,2.5,0.1,0.05,0.0,0.05,1.88,0,0,-0.05,0.0,0,3,16,3.3,18
2026-09-03,2,502,Robertson,Spurs,DEF,4.5,a,,2.5,157,2,5,2.5,3.3,0.06,0.08,0.14,4.35,0,0,-0.06,-0.08,0,4,14,10.6,20
2026-09-03,2,542,E.Le Fée,Sunderland,MID,5.9,a,,2.5,168,2,5,2.5,6.3,0.37,0.2,0.57,2.55,0,0,-0.37,-0.2,1,1,8,7.0,26
2026-09-03,2,543,Diarra,Sunderland,MID,5.5,i,0,0.0,28,0,5,2.5,0.1,0.03,0.16,0.19,0.12,0,1,-0.03,0.84,0,1,0,2.9,18
2026-09-03,2,545,Sadiki,Sunderland,MID,5.0,a,,2.5,180,2,5,2.5,0.3,0.08,0.05,0.13,2.75,0,0,-0.08,-0.05,1,2,13,10.4,39
2026-09-03,2,41,Buendía,Aston Villa,MID,6.0,a,,2.0,175,2,4,2.0,1.1,0.17,0.11,0.28,4.66,0,0,-0.17,-0.11,0,5,12,4.9,13
2026-09-03,2,46,Barkley,Aston Villa,MID,5.0,a,,2.0,150,2,4,2.0,0.3,0.13,0.04,0.17,4.59,0,0,-0.13,-0.04,0,5,11,7.6,34
2026-09-03,2,47,Kamara,Aston Villa,MID,5.0,a,100,2.0,180,2,4,2.0,0.3,0.0,0.03,0.03,4.81,0,0,0.0,-0.03,0,5,15,3.9,22
2026-09-03,2,51,George Hemmings,Aston Villa,MID,4.5,a,,2.0,160,2,4,2.0,1.0,0.0,0.01,0.01,4.78,0,0,0.0,-0.01,0,5,11,3.0,17
2026-09-03,2,67,Rayan,Bournemouth,MID,6.5,a,,2.0,178,2,4,2.0,2.3,0.44,0.05,0.49,3.9,0,0,-0.44,-0.05,0,2,6,9.1,13
2026-09-03,2,95,O.Dango,Brentford,MID,6.5,a,,2.0,95,1,4,2.0,0.9,0.07,0.37,0.44,1.83,0,0,-0.07,-0.37,1,1,13,8.0,22
2026-09-03,2,96,Damsgaard,Brentford,MID,5.5,a,,2.0,82,1,4,2.0,0.5,0.03,0.24,0.27,0.23,0,0,-0.03,-0.24,1,0,13,10.8,26
2026-09-03,2,151,Acheampong,Chelsea,DEF,4.5,a,,2.0,112,1,4,2.0,0.4,0.0,0.01,0.01,1.47,0,0,0.0,-0.01,0,3,18,4.3,12
2026-09-03,2,183,Rudoni,Coventry City,MID,5.0,a,100,2.0,90,1,4,2.0,0.1,0.21,0.09,0.3,0.31,0,0,-0.21,-0.09,1,0,11,6.5,15
2026-09-03,2,184,Grimes,Coventry City,MID,5.0,a,,2.0,180,2,4,2.0,0.2,0.01,0.05,0.06,2.6,0,0,-0.01,-0.05,0,4,17,5.4,28
2026-09-03,2,575,Yirenkyi,Coventry City,MID,5.0,a,,2.0,131,2,4,2.0,0.2,0.03,0.13,0.16,1.58,0,0,-0.03,-0.13,1,3,10,3.2,19
2026-09-03,2,247,Hackney,Everton,MID,5.5,a,100,2.0,106,1,4,2.0,0.2,0.01,0.02,0.03,3.2,0,0,-0.01,-0.02,1,0,10,3.7,19
2026-09-03,2,261,Iwobi,Fulham,MID,5.5,a,,2.0,180,2,4,2.0,0.9,0.01,0.44,0.45,4.26,0,0,-0.01,-0.44,0,4,14,7.4,37
2026-09-03,2,265,Berge,Fulham,MID,5.0,a,,2.0,154,2,4,2.0,0.4,0.03,0.23,0.26,4.06,0,0,-0.03,-0.23,0,4,6,8.0,28
2026-09-03,2,259,Diop,Ipswich Town,DEF,4.0,a,,2.0,180,2,4,2.0,15.8,0.0,0.01,0.01,5.43,0,0,0.0,-0.01,0,6,17,5.1,14
2026-09-03,2,304,O'Shea,Ipswich Town,DEF,4.0,a,,2.0,180,2,4,2.0,3.3,0.07,0.17,0.24,5.43,0,0,-0.07,-0.17,0,6,19,8.4,2
2026-09-03,2,562,Maeda,Ipswich Town,MID,5.5,a,,2.0,151,2,4,2.0,0.3,0.67,0.01,0.68,4.54,0,0,-0.67,-0.01,0,5,14,4.9,17
2026-09-03,2,564,Scherpen,Ipswich Town,GK,4.5,a,,2.0,180,2,4,2.0,0.6,0.0,0.01,0.01,5.43,0,0,0.0,-0.01,0,6,0,6.0,21
2026-09-03,2,260,Wilson,Leeds,MID,6.4,a,,2.0,110,1,4,2.0,4.3,0.01,0.06,0.07,1.66,0,0,-0.01,-0.06,1,0,8,5.3,15
2026-09-03,2,337,Aaronson,Leeds,MID,5.5,a,,2.0,126,2,4,2.0,0.7,0.01,0.02,0.03,1.13,0,0,-0.01,-0.02,1,1,10,1.9,22
2026-09-03,2,347,Nmecha,Leeds,FWD,5.5,a,,2.0,21,0,4,2.0,0.5,0.1,0.0,0.1,0.93,0,1,-0.1,1.0,0,0,1,4.5,18
2026-09-03,2,362,Jacquet,Liverpool,DEF,5.0,a,100,2.0,145,2,4,2.0,2.6,0.0,0.07,0.07,3.27,0,0,0.0,-0.07,0,4,14,7.2,22
2026-09-03,2,387,O'Reilly,Man City,DEF,6.5,a,,2.0,150,2,4,2.0,19.0,0.09,0.43,0.52,1.21,0,0,-0.09,-0.43,0,2,3,6.6,16
2026-09-03,2,390,Rúben,Man City,DEF,5.5,a,,2.0,180,2,4,2.0,1.8,0.09,0.71,0.8,1.31,0,0,-0.09,-0.71,0,2,12,12.8,30
2026-09-03,2,393,Khusanov,Man City,DEF,5.5,a,,2.0,178,2,4,2.0,1.6,0.0,0.04,0.04,1.31,0,0,0.0,-0.04,0,2,11,5.0,31
2026-09-03,2,463,Woltemade,Newcastle,FWD,5.9,u,0,0.0,19,0,4,2.0,1.2,0.02,0.01,0.03,0.38,0,1,-0.02,0.99,0,0,0,4.0,18
2026-09-03,2,465,Osula,Newcastle,FWD,5.9,i,0,0.0,55,1,4,2.0,0.6,0.06,0.14,0.2,1.48,0,1,-0.06,0.86,0,1,5,5.0,18
2026-09-03,2,455,Tonali,Spurs,MID,5.4,a,,2.0,164,2,4,2.0,3.0,0.09,0.08,0.17,4.59,0,0,-0.09,-0.08,0,5,8,5.6,30
2026-09-03,2,514,Tel,Spurs,MID,5.9,a,,2.0,157,2,4,2.0,0.4,0.2,0.09,0.29,4.35,0,0,-0.2,-0.09,0,4,11,8.6,27
2026-09-03,2,522,Gray,Spurs,MID,5.0,a,,2.0,152,2,4,2.0,0.2,0.0,0.01,0.01,3.91,0,0,0.0,-0.01,0,4,11,1.3,24
2026-09-03,2,552,Brobbey,Sunderland,FWD,5.9,a,,2.0,129,2,4,2.0,9.8,0.33,0.0,0.33,2.27,0,0,-0.33,0.0,1,1,4,1.8,6
2026-09-03,2,105,Anthony,Brentford,MID,6.0,a,,1.5,83,1,3,1.5,0.2,0.14,0.41,0.55,0.19,0,0,-0.14,-0.41,1,0,9,9.1,13
2026-09-03,2,110,Rushworth,Coventry City,GK,4.5,a,,1.5,180,2,3,1.5,1.0,0.0,0.01,0.01,2.6,0,0,0.0,-0.01,0,4,0,2.5,10
2026-09-03,2,175,van Ewijk,Coventry City,DEF,4.0,a,,1.5,180,2,3,1.5,11.9,0.0,0.2,0.2,2.6,0,0,0.0,-0.2,0,4,9,7.0,7
2026-09-03,2,176,Dasilva,Coventry City,DEF,4.0,a,,1.5,180,2,3,1.5,0.8,0.18,0.07,0.25,2.6,0,0,-0.18,-0.07,0,4,9,5.8,11
2026-09-03,2,190,Tchaouna,Coventry City,MID,5.5,a,,1.5,139,2,3,1.5,0.1,0.09,0.15,0.24,1.78,0,0,-0.09,-0.15,0,3,14,4.2,18
2026-09-03,2,194,Thomas-Asante,Coventry City,FWD,5.0,a,,1.5,101,1,3,1.5,0.8,0.0,0.02,0.02,2.29,0,0,0.0,-0.02,0,4,8,1.1,14
2026-09-03,2,492,Awoniyi,Coventry City,FWD,5.5,a,,1.5,110,1,3,1.5,0.7,0.93,0.03,0.96,1.01,0,0,-0.93,-0.03,0,1,4,10.0,10
2026-09-03,2,198,Henderson,Crystal Palace,GK,5.0,a,100,1.5,180,2,3,1.5,1.8,0.0,0.0,0.0,3.33,0,0,0.0,0.0,0,6,0,5.8,18
2026-09-03,2,202,Richards,Crystal Palace,DEF,5.0,a,,1.5,180,2,3,1.5,0.7,0.04,0.0,0.04,3.33,0,0,-0.04,0.0,0,6,22,7.5,9
2026-09-03,2,222,Strand Larsen,Crystal Palace,FWD,6.0,a,,1.5,89,1,3,1.5,0.5,0.3,0.01,0.31,2.15,0,0,-0.3,-0.01,0,3,4,3.2,16
2026-09-03,2,224,Nketiah,Crystal Palace,FWD,5.5,a,,1.5,122,2,3,1.5,0.5,0.96,0.58,1.54,2.85,0,0,-0.96,-0.58,0,5,9,7.9,20
2026-09-03,2,241,McNeil,Crystal Palace,MID,5.5,a,,1.5,84,1,3,1.5,0.1,0.05,0.02,0.07,1.18,0,0,-0.05,-0.02,0,3,7,1.7,13
2026-09-03,2,588,Khalaili,Crystal Palace,DEF,5.0,a,,1.5,109,1,3,1.5,0.1,0.02,0.16,0.18,2.28,0,0,-0.02,-0.16,0,3,23,8.6,21
2026-09-03,2,254,Robinson,Fulham,DEF,4.5,a,,1.5,171,2,3,1.5,1.6,0.13,0.06,0.19,4.23,0,0,-0.13,-0.06,0,4,10,6.4,14
2026-09-03,2,255,J.Cuenca,Fulham,DEF,4.5,a,,1.5,90,1,3,1.5,0.0,0.0,0.03,0.03,2.24,0,0,0.0,-0.03,0,3,10,5.4,7
2026-09-03,2,570,Palacios,Fulham,MID,5.5,a,,1.5,147,2,3,1.5,0.2,0.18,0.01,0.19,3.83,0,0,-0.18,-0.01,0,4,13,2.5,16
2026-09-03,2,576,Stroud,Hull City,MID,5.0,a,,1.5,128,2,3,1.5,0.1,0.01,0.04,0.05,2.25,0,0,-0.01,-0.04,1,0,13,2.2,9
2026-09-03,2,336,Okafor,Leeds,MID,5.9,a,,1.5,92,1,3,1.5,0.3,0.08,0.17,0.25,0.87,0,0,-0.08,-0.17,0,1,7,5.2,21
2026-09-03,2,356,Virgil,Liverpool,DEF,6.5,a,,1.5,180,2,3,1.5,17.8,0.25,0.04,0.29,3.88,0,0,-0.25,-0.04,0,4,18,8.2,13
2026-09-03,2,369,Ngumoha,Liverpool,MID,5.9,a,,1.5,81,1,3,1.5,0.8,0.04,0.05,0.09,0.58,0,0,-0.04,-0.05,0,2,3,1.8,14
2026-09-03,2,372,Mac Allister,Liverpool,MID,5.5,a,,1.5,103,1,3,1.5,1.5,0.0,0.4,0.4,3.3,0,0,0.0,-0.4,0,2,13,2.7,19
2026-09-03,2,384,Donnarumma,Man City,GK,5.5,a,,1.5,180,2,3,1.5,8.0,0.0,0.0,0.0,1.31,0,0,0.0,0.0,0,2,0,3.4,17
2026-09-03,2,162,Andrey Santos,Man Utd,MID,4.9,a,,1.5,76,1,3,1.5,0.8,0.0,0.23,0.23,1.94,0,0,0.0,-0.23,0,3,14,2.5,19
2026-09-03,2,412,Lammens,Man Utd,GK,5.0,a,,1.5,180,2,3,1.5,13.8,0.0,0.0,0.0,3.07,0,0,0.0,0.0,0,4,0,4.7,18
2026-09-03,2,417,Dalot,Man Utd,DEF,5.0,a,,1.5,83,1,3,1.5,2.2,0.15,0.12,0.27,1.06,0,0,-0.15,-0.12,0,1,7,11.1,18
2026-09-03,2,423,Shaw,Man Utd,DEF,4.5,a,,1.5,162,2,3,1.5,16.4,0.0,0.28,0.28,2.07,0,0,0.0,-0.28,0,3,12,11.4,25
2026-09-03,2,429,Rashford,Man Utd,MID,7.0,a,,1.5,124,1,3,1.5,1.6,0.26,0.15,0.41,1.15,0,0,-0.26,-0.15,0,1,7,17.2,26
2026-09-03,2,467,Sels,Nott'm Forest,GK,5.0,a,,1.5,180,2,3,1.5,1.4,0.0,0.01,0.01,2.22,0,0,0.0,-0.01,0,3,0,3.1,17
2026-09-03,2,491,Igor Jesus,Nott'm Forest,FWD,5.9,a,,1.5,180,2,3,1.5,3.1,0.96,0.06,1.02,2.22,0,0,-0.96,-0.06,0,3,8,10.3,12
2026-09-03,2,496,Kinsky,Spurs,GK,4.5,a,,1.5,180,2,3,1.5,19.8,0.0,0.0,0.0,4.59,0,0,0.0,0.0,0,5,0,4.8,19
2026-09-03,2,498,Senesi,Spurs,DEF,5.9,a,,1.5,90,1,3,1.5,5.8,0.0,0.02,0.02,3.87,0,0,0.0,-0.02,0,3,16,3.9,10
2026-09-03,2,516,Bentancur,Spurs,MID,5.5,a,,1.5,135,1,3,1.5,0.2,0.0,0.03,0.03,2.9,0,0,0.0,-0.03,0,3,16,4.0,25
2026-09-03,2,523,Moore,Spurs,MID,5.0,a,,1.5,89,1,3,1.5,0.2,0.4,0.02,0.42,3.26,0,0,-0.4,-0.02,0,4,3,7.5,11
2026-09-03,2,525,Fernandes,Spurs,MID,5.9,a,,1.5,135,1,3,1.5,1.3,0.01,0.23,0.24,2.9,0,0,-0.01,-0.23,0,3,10,9.7,34
2026-09-03,2,14,Eze,Arsenal,MID,6.4,a,,1.0,59,0,2,1.0,1.5,0.04,0.07,0.11,0.39,0,0,-0.04,-0.07,0,0,5,0.7,10
2026-09-03,2,17,Merino,Arsenal,MID,5.9,a,,1.0,33,0,2,1.0,0.5,0.14,0.02,0.16,0.15,0,0,-0.14,-0.02,0,0,6,2.3,12
2026-09-03,2,19,Zubimendi,Arsenal,MID,5.4,a,,1.0,27,0,2,1.0,0.8,0.0,0.02,0.02,0.15,0,0,0.0,-0.02,0,0,5,1.2,8
2026-09-03,2,34,Pau,Aston Villa,DEF,4.5,a,,1.0,163,2,2,1.0,0.4,0.0,0.01,0.01,4.59,0,0,0.0,-0.01,0,5,9,1.2,-8
2026-09-03,2,45,McGinn,Aston Villa,MID,5.5,a,,1.0,171,2,2,1.0,2.5,0.09,0.06,0.15,4.66,0,0,-0.09,-0.06,0,5,10,2.2,10
2026-09-03,2,160,Garnacho,Aston Villa,MID,5.9,a,,1.0,16,0,2,1.0,0.5,0.0,0.0,0.0,0.14,0,0,0.0,0.0,0,0,2,0.2,5
2026-09-03,2,166,N.Jackson,Aston Villa,FWD,6.5,a,,1.0,70,1,2,1.0,0.9,0.0,0.1,0.1,1.01,0,0,0.0,-0.1,0,1,3,1.2,11
2026-09-03,2,597,Suzuki,Aston Villa,GK,5.0,a,,1.0,90,1,2,1.0,1.2,0.0,0.0,0.0,1.04,0,0,0.0,0.0,0,1,0,1.4,8
2026-09-03,2,64,Smith,Bournemouth,DEF,4.5,a,,1.0,180,2,2,1.0,0.1,0.0,0.02,0.02,4.09,0,0,0.0,-0.02,0,3,11,3.9,9
2026-09-03,2,73,Adams,Bournemouth,MID,5.0,a,100,1.0,36,0,2,1.0,0.2,0.0,0.0,0.0,0.47,0,0,0.0,0.0,0,3,6,0.7,8
2026-09-03,2,90,Hickey,Brentford,DEF,4.5,a,,1.0,16,0,2,1.0,0.1,0.0,0.02,0.02,0.1,0,0,0.0,-0.02,0,0,1,0.8,8
2026-09-03,2,102,Yarmoliuk,Brentford,MID,5.0,a,,1.0,44,0,2,1.0,1.0,0.04,0.01,0.05,1.42,0,0,-0.04,-0.01,0,1,6,2.6,11
2026-09-03,2,106,Thiago,Brentford,FWD,8.0,a,,1.0,172,2,2,1.0,14.3,1.8,0.09,1.89,1.96,0,0,-1.8,-0.09,1,1,9,7.8,-1
2026-09-03,2,108,Wilson,Brentford,FWD,5.5,a,,1.0,9,0,2,1.0,0.4,0.07,0.04,0.11,0.07,0,0,-0.07,-0.04,0,0,1,2.5,7
2026-09-03,2,129,Ayari,Brighton,MID,5.5,d,75,0.8,63,1,2,1.0,0.5,0.11,0.03,0.14,0.19,0,0,-0.11,-0.03,1,0,4,1.7,8
2026-09-03,2,600,Osman,Brighton,MID,5.0,a,,1.0,28,0,2,1.0,0.0,0.0,0.06,0.06,0.1,0,0,0.0,-0.06,0,1,3,3.0,13
2026-09-03,2,28,Martinez,Chelsea,GK,5.0,a,,1.0,90,1,2,1.0,4.4,0.0,0.01,0.01,1.41,0,0,0.0,-0.01,0,3,0,5.6,18
2026-09-03,2,140,Sánchez,Chelsea,GK,4.9,u,0,0.0,90,1,2,1.0,1.5,0.0,0.01,0.01,1.33,0,0,0.0,-0.01,0,2,0,2.1,6
2026-09-03,2,144,Gusto,Chelsea,DEF,5.0,a,,1.0,165,2,2,1.0,1.2,0.0,0.04,0.04,2.52,0,0,0.0,-0.04,0,5,8,3.2,1
2026-09-03,2,583,Chavarria,Chelsea,DEF,5.0,a,,1.0,43,0,2,1.0,0.2,0.0,0.02,0.02,0.37,0,0,0.0,-0.02,0,1,4,1.2,4
2026-09-03,2,104,Onyeka,Coventry City,MID,5.0,a,,1.0,90,1,2,1.0,0.1,0.0,0.01,0.01,1.88,0,0,0.0,-0.01,0,3,9,0.5,8
2026-09-03,2,182,Amenda,Coventry City,DEF,4.0,a,,1.0,180,2,2,1.0,0.8,0.02,0.05,0.07,2.6,0,0,-0.02,-0.05,0,4,13,4.9,5
2026-09-03,2,188,Torp,Coventry City,MID,5.5,a,,1.0,47,0,2,1.0,0.1,0.0,0.12,0.12,1.01,0,0,0.0,-0.12,0,1,3,2.6,10
2026-09-03,2,195,Simms,Coventry City,FWD,5.0,a,,1.0,69,1,2,1.0,0.9,0.0,0.01,0.01,1.6,0,0,0.0,-0.01,0,3,3,1.7,7
2026-09-03,2,584,Hamer,Coventry City,MID,5.5,a,,1.0,27,0,2,1.0,0.1,0.0,0.02,0.02,0.82,0,0,0.0,-0.02,0,1,1,0.3,5
2026-09-03,2,42,Guessand,Crystal Palace,MID,5.5,a,,1.0,54,0,2,1.0,0.0,0.03,0.03,0.06,0.34,0,0,-0.03,-0.03,0,1,2,1.5,6
2026-09-03,2,223,Mateta,Crystal Palace,FWD,6.4,i,0,0.0,62,1,2,1.0,2.8,0.7,0.02,0.72,0.98,0,0,-0.7,-0.02,0,2,5,2.5,-3
2026-09-03,2,577,Tomiyasu,Crystal Palace,DEF,4.5,a,,1.0,91,1,2,1.0,0.3,0.0,0.01,0.01,2.15,0,0,0.0,-0.01,0,3,9,2.1,0
2026-09-03,2,209,Johnson,Everton,MID,5.9,a,,1.0,34,0,2,1.0,0.1,0.0,0.0,0.0,1.87,0,0,0.0,0.0,0,0,4,0.5,4
2026-09-03,2,239,Garner,Everton,MID,6.0,a,100,1.0,72,1,2,1.0,0.1,0.0,0.03,0.03,0.92,0,0,0.0,-0.03,0,1,11,2.4,15
2026-09-03,2,248,Beto,Everton,FWD,5.4,u,0,0.0,31,0,2,1.0,1.8,0.09,0.0,0.09,1.92,0,0,-0.09,0.0,0,0,1,0.8,5
2026-09-03,2,257,Bassey,Fulham,DEF,4.5,a,,1.0,180,2,2,1.0,0.8,0.02,0.03,0.05,4.26,0,0,-0.02,-0.03,0,4,11,4.2,14
2026-09-03,2,263,Kevin,Fulham,MID,5.4,a,,1.0,24,0,2,1.0,0.0,0.0,0.05,0.05,0.2,0,0,0.0,-0.05,0,0,3,0.8,4
2026-09-03,2,269,Sessegnon,Fulham,DEF,4.5,a,,1.0,39,0,2,1.0,0.4,0.05,0.12,0.17,1.8,0,0,-0.05,-0.12,0,1,2,5.4,10
2026-09-03,2,580,Charles,Fulham,MID,5.0,a,,1.0,45,0,2,1.0,0.1,0.09,0.03,0.12,1.8,0,0,-0.09,-0.03,0,1,5,1.4,7
2026-09-03,2,281,Drameh,Hull City,DEF,4.0,u,0,0.0,65,0,2,1.0,0.1,0.05,0.0,0.05,0.87,0,0,-0.05,0.0,0,0,6,0.8,8
2026-09-03,2,289,Crooks,Hull City,MID,4.5,d,75,0.8,90,1,2,1.0,0.6,0.0,0.0,0.0,1.83,0,0,0.0,0.0,1,0,9,2.1,9
2026-09-03,2,585,Herrington,Hull City,DEF,4.0,a,,1.0,57,0,2,1.0,0.6,0.0,0.0,0.0,1.16,0,0,0.0,0.0,0,0,5,1.1,7
2026-09-03,2,323,McAteer,Ipswich Town,MID,4.5,a,,1.0,31,0,2,1.0,1.3,0.0,0.0,0.0,0.21,0,0,0.0,0.0,0,0,4,0.3,7
2026-09-03,2,592,Ouattara,Ipswich Town,DEF,4.0,a,,1.0,27,0,2,1.0,1.0,0.0,0.0,0.0,0.89,0,0,0.0,0.0,0,1,2,1.6,3
2026-09-03,2,350,A.Becker,Liverpool,GK,5.5,a,,1.0,180,2,2,1.0,3.8,0.0,0.0,0.0,3.88,0,0,0.0,0.0,0,4,0,2.6,2
2026-09-03,2,406,Kovačić,Man City,MID,5.5,a,,1.0,42,0,2,1.0,0.1,0.0,0.02,0.02,0.1,0,0,0.0,-0.02,0,0,2,0.9,12
2026-09-03,2,422,Mazraoui,Man Utd,DEF,4.5,a,,1.0,96,1,2,1.0,0.6,0.22,0.05,0.27,2.01,0,0,-0.22,-0.05,0,3,5,5.9,7
2026-09-03,2,439,Šeško,Man Utd,FWD,7.0,a,100,1.0,33,0,2,1.0,1.6,0.04,0.01,0.05,1.07,0,0,-0.04,-0.01,0,1,3,2.4,7
2026-09-03,2,405,N.Gonzalez,Newcastle,MID,5.5,a,,1.0,70,1,2,1.0,0.2,0.0,0.2,0.2,0.74,0,0,0.0,-0.2,1,0,4,3.7,9
2026-09-03,2,462,Steur,Newcastle,MID,5.0,a,,1.0,74,1,2,1.0,0.1,0.0,0.0,0.0,1.86,0,0,0.0,0.0,0,1,5,0.7,7
2026-09-03,2,474,Jair Cunha,Nott'm Forest,DEF,4.5,a,,1.0,180,2,2,1.0,0.2,0.0,0.0,0.0,2.22,0,0,0.0,0.0,0,3,16,3.7,11
2026-09-03,2,478,Netz,Nott'm Forest,DEF,4.5,a,,1.0,20,0,2,1.0,0.0,0.0,0.0,0.0,0.13,0,0,0.0,0.0,0,1,1,0.3,3
2026-09-03,2,488,I.Sangaré,Nott'm Forest,MID,4.9,i,0,0.0,90,1,2,1.0,0.6,0.03,0.01,0.04,0.47,0,0,-0.03,-0.01,0,1,6,3.4,10
2026-09-03,2,112,Van Hecke,Spurs,DEF,4.9,a,,1.0,180,2,2,1.0,7.6,0.11,0.06,0.17,4.59,0,0,-0.11,-0.06,0,5,17,10.6,12
2026-09-03,2,401,Marmoush,Spurs,FWD,7.0,a,,1.0,90,1,2,1.0,2.1,0.17,0.07,0.24,0.72,0,0,-0.17,-0.07,0,2,4,7.2,14
2026-09-03,2,506,Udogie,Spurs,DEF,4.5,a,,1.0,26,0,2,1.0,0.4,0.0,0.21,0.21,0.68,0,0,0.0,-0.21,0,1,1,1.9,5
2026-09-03,2,526,Solanke,Spurs,FWD,5.9,a,,1.0,37,0,2,1.0,1.1,0.27,0.0,0.27,0.85,0,0,-0.27,0.0,0,0,0,1.5,9
2026-09-03,2,527,Richarlison,Spurs,FWD,5.9,a,,1.0,67,1,2,1.0,1.9,0.0,0.0,0.0,3.02,0,0,0.0,0.0,0,3,1,0.2,6
2026-09-03,2,548,Rigg,Sunderland,MID,5.0,a,,1.0,17,0,2,1.0,0.1,0.0,0.0,0.0,0.44,0,0,0.0,0.0,0,1,1,0.0,6
2026-09-03,2,9,Hincapie,Arsenal,DEF,5.4,a,,0.5,9,0,1,0.5,1.2,0.0,0.0,0.0,0.15,0,0,0.0,0.0,0,0,0,0.1,3
2026-09-03,2,16,Madueke,Arsenal,MID,6.4,a,,0.5,22,0,1,0.5,0.3,0.0,0.04,0.04,0.15,0,0,0.0,-0.04,0,0,2,5.3,8
2026-09-03,2,31,Konsa,Arsenal,DEF,4.4,a,,0.5,11,0,1,0.5,10.6,0.0,0.0,0.0,0.0,0,0,0.0,0.0,0,0,1,0.3,3
2026-09-03,2,452,Bruno G.,Arsenal,MID,6.8,a,100,0.5,19,0,1,0.5,2.2,0.0,0.01,0.01,0.0,0,0,0.0,-0.01,0,0,3,0.4,4
2026-09-03,2,29,M.Bizot,Aston Villa,GK,4.5,a,,0.5,90,1,1,0.5,0.1,0.0,0.0,0.0,3.77,0,0,0.0,0.0,0,4,0,2.8,1
2026-09-03,2,32,Cash,Aston Villa,DEF,4.5,a,,0.5,167,2,1,0.5,7.1,0.15,0.01,0.16,4.81,0,0,-0.15,-0.01,0,5,13,3.6,0
2026-09-03,2,33,Mings,Aston Villa,DEF,4.5,a,,0.5,16,0,1,0.5,0.4,0.0,0.0,0.0,0.22,0,0,0.0,0.0,0,0,1,0.2,5
2026-09-03,2,35,Bogarde,Aston Villa,MID,5.0,a,,0.5,16,0,1,0.5,0.1,0.0,0.0,0.0,0.22,0,0,0.0,0.0,0,0,1,0.3,3
2026-09-03,2,36,Maatsen,Aston Villa,DEF,4.5,a,,0.5,171,2,1,0.5,0.8,0.1,0.0,0.1,4.66,0,0,-0.1,0.0,0,5,17,3.0,-14
2026-09-03,2,52,Alysson,Aston Villa,MID,5.0,a,,0.5,27,0,1,0.5,0.0,0.0,0.0,0.0,0.16,0,0,0.0,0.0,0,0,5,0.8,7
2026-09-03,2,56,Abraham,Aston Villa,FWD,5.5,a,100,0.5,19,0,1,0.5,0.1,0.0,0.0,0.0,0.02,0,0,0.0,0.0,0,0,0,0.1,3
2026-09-03,2,596,Ruggeri,Aston Villa,DEF,4.5,a,,0.5,8,0,1,0.5,0.1,0.0,0.0,0.0,0.14,0,0,0.0,0.0,0,0,2,0.4,3
2026-09-03,2,611,Wan-Bissaka,Aston Villa,DEF,4.5,a,,1.8,12,0,1,1.0,0.1,0.0,0.0,0.0,0.0,0,0,0.0,0.0,0,0,2,0.4,4
2026-09-03,2,72,Gannon-Doak,Bournemouth,MID,5.0,a,,0.5,1,0,1,0.5,0.1,0.0,0.0,0.0,0.19,0,0,0.0,0.0,0,1,1,0.2,3
2026-09-03,2,74,Brooks,Bournemouth,MID,5.0,a,100,0.5,9,0,1,0.5,0.1,0.0,0.01,0.01,0.16,0,0,0.0,-0.01,0,1,0,0.1,3
2026-09-03,2,75,Christie,Bournemouth,MID,5.0,a,100,0.5,3,0,1,0.5,0.0,0.0,0.0,0.0,0.13,0,0,0.0,0.0,0,1,2,0.3,5
2026-09-03,2,76,Tóth.A,Bournemouth,MID,5.0,a,,0.5,15,0,1,0.5,0.0,0.0,0.0,0.0,0.31,0,0,0.0,0.0,0,2,2,0.3,5
2026-09-03,2,81,Rodríguez,Bournemouth,FWD,6.0,a,100,0.5,9,0,1,0.5,0.1,0.0,0.0,0.0,0.16,0,0,0.0,0.0,0,1,1,0.0,4
2026-09-03,2,608,Jebbison,Bournemouth,FWD,5.0,a,,0.5,15,0,1,0.5,0.1,0.1,0.0,0.1,0.31,0,0,-0.1,0.0,0,2,1,2.1,6
2026-09-03,2,89,Henry,Brentford,DEF,4.5,a,,0.5,2,0,1,0.5,0.2,0.0,0.0,0.0,0.0,0,0,0.0,0.0,0,0,0,0.0,3
2026-09-03,2,119,Costinha,Brighton,DEF,4.5,a,,0.5,36,0,1,0.5,0.0,0.12,0.0,0.12,0.14,0,0,-0.12,0.0,0,0,4,2.8,6
2026-09-03,2,135,Yohanna,Brighton,MID,5.0,a,,0.5,12,0,1,0.5,0.1,0.0,0.03,0.03,0.0,0,0,0.0,-0.03,0,0,0,0.2,3
2026-09-03,2,594,David,Brighton,FWD,6.0,a,,0.5,10,0,1,0.5,0.3,0.0,0.0,0.0,0.04,0,0,0.0,0.0,0,0,0,0.4,3
2026-09-03,2,142,James,Chelsea,DEF,5.5,a,,0.5,112,1,1,0.5,8.3,0.1,0.07,0.17,1.47,0,0,-0.1,-0.07,0,3,6,6.2,4
2026-09-03,2,149,Colwill,Chelsea,DEF,5.0,a,,0.5,161,2,1,0.5,1.3,0.01,0.03,0.04,2.64,0,0,-0.01,-0.03,0,4,13,2.9,8
2026-09-03,2,157,Estêvão,Chelsea,MID,6.4,a,,0.5,7,0,1,0.5,0.9,0.0,0.0,0.0,0.09,0,0,0.0,0.0,0,0,1,0.1,3
2026-09-03,2,159,Caicedo,Chelsea,MID,5.4,d,75,0.4,13,0,1,0.5,2.0,0.0,0.0,0.0,0.07,0,0,0.0,0.0,0,0,0,0.0,3
2026-09-03,2,164,Quenda,Chelsea,MID,5.4,a,100,0.5,8,0,1,0.5,0.0,0.0,0.0,0.0,0.09,0,0,0.0,0.0,0,0,1,0.4,2
2026-09-03,2,568,Barco,Chelsea,MID,5.5,a,,0.5,8,0,1,0.5,0.1,0.04,0.0,0.04,0.07,0,0,-0.04,0.0,0,1,1,0.2,1
2026-09-03,2,91,Pinnock,Coventry City,DEF,4.5,a,,0.5,12,0,1,0.5,0.1,0.0,0.0,0.0,0.54,0,0,0.0,0.0,0,1,2,0.5,-1
2026-09-03,2,185,Sakamoto,Coventry City,MID,4.9,a,,0.5,31,0,1,0.5,0.1,0.02,0.02,0.04,0.69,0,0,-0.02,-0.02,0,1,4,1.9,8
2026-09-03,2,186,Mason-Clark,Coventry City,MID,5.5,a,100,0.5,57,1,1,0.5,0.1,0.0,0.06,0.06,0.02,0,0,0.0,-0.06,0,0,4,2.0,4
2026-09-03,2,153,Disasi,Crystal Palace,DEF,4.5,a,,0.5,16,0,1,0.5,0.1,0.0,0.0,0.0,0.2,0,0,0.0,0.0,0,1,1,0.1,-2
2026-09-03,2,203,Canvot,Crystal Palace,DEF,4.9,a,,0.5,180,2,1,0.5,0.3,0.05,0.01,0.06,3.33,0,0,-0.05,-0.01,0,6,15,6.1,8
2026-09-03,2,204,Mitchell,Crystal Palace,DEF,4.5,a,,0.5,180,2,1,0.5,4.8,0.11,0.17,0.28,3.33,0,0,-0.11,-0.17,0,6,10,6.7,1
2026-09-03,2,206,Chadi Riad,Crystal Palace,DEF,4.4,i,0,0.0,72,1,1,0.5,0.0,0.0,0.01,0.01,0.98,0,0,0.0,-0.01,0,2,7,1.4,7
2026-09-03,2,207,Mingueza,Crystal Palace,DEF,4.4,a,,0.5,15,0,1,0.5,0.1,0.0,0.0,0.0,0.2,0,0,0.0,0.0,0,1,1,0.2,1
2026-09-03,2,595,Gozo,Crystal Palace,MID,5.0,a,,0.5,22,0,1,0.5,0.0,0.0,0.0,0.0,0.2,0,0,0.0,0.0,0,1,1,0.3,3
2026-09-03,2,238,Grealish,Everton,MID,6.5,a,100,0.5,8,0,1,0.5,0.2,0.0,0.0,0.0,0.0,0,0,0.0,0.0,0,0,1,0.2,2
2026-09-03,2,243,Alcaraz,Everton,MID,5.0,a,,0.5,5,0,1,0.5,0.1,0.05,0.02,0.07,0.04,0,0,-0.05,-0.02,0,0,3,2.7,5
2026-09-03,2,253,Andersen,Fulham,DEF,5.0,a,100,0.5,90,1,1,0.5,0.1,0.0,0.04,0.04,2.02,0,0,0.0,-0.04,0,1,8,3.3,4
2026-09-03,2,262,Smith Rowe,Fulham,MID,5.5,a,,0.5,14,0,1,0.5,0.3,0.06,0.02,0.08,0.41,0,0,-0.06,-0.02,0,0,1,3.5,5
2026-09-03,2,271,Muniz,Fulham,FWD,5.5,a,,0.5,8,0,1,0.5,0.5,0.02,0.0,0.02,0.03,0,0,-0.02,0.0,0,0,1,2.5,6
2026-09-03,2,240,Iroegbunam,Hull City,MID,5.0,a,100,0.5,4,0,1,0.5,0.0,0.0,0.0,0.0,0.0,0,0,0.0,0.0,0,0,0,0.0,2
2026-09-03,2,285,McNair,Hull City,DEF,4.0,a,,0.5,26,0,1,0.5,0.1,0.0,0.0,0.0,0.96,0,0,0.0,0.0,0,0,2,0.4,3
2026-09-03,2,556,Targett,Hull City,DEF,4.0,a,,0.5,5,0,1,0.5,2.1,0.0,0.0,0.0,0.07,0,0,0.0,0.0,0,0,0,0.0,3
2026-09-03,2,563,Morita,Hull City,MID,5.0,a,100,0.5,45,1,1,0.5,0.0,0.0,0.0,0.0,1.09,0,0,0.0,0.0,0,0,3,2.4,6
2026-09-03,2,589,Gourna-Douath,Hull City,MID,5.0,a,,0.5,45,0,1,0.5,0.0,0.0,0.01,0.01,0.2,0,0,0.0,-0.01,0,0,6,1.4,6
2026-09-03,2,617,Cho,Hull City,MID,5.0,a,,1.5,7,0,1,1.0,0.0,0.0,0.0,0.0,0.18,0,0,0.0,0.0,0,0,0,0.1,3
2026-09-03,2,306,Greaves,Ipswich Town,DEF,4.0,a,,0.5,180,2,1,0.5,1.3,0.0,0.01,0.01,5.43,0,0,0.0,-0.01,0,6,17,3.8,-1
2026-09-03,2,308,Furlong,Ipswich Town,DEF,4.0,a,,0.5,17,0,1,0.5,0.5,0.0,0.0,0.0,0.86,0,0,0.0,0.0,0,1,3,0.6,-1
2026-09-03,2,321,Walle Egeli,Ipswich Town,FWD,4.5,a,,0.5,10,0,1,0.5,3.3,0.0,0.0,0.0,0.03,0,0,0.0,0.0,0,0,0,0.0,3
2026-09-03,2,619,Palacios,Ipswich Town,MID,5.0,a,,1.5,28,0,1,1.0,0.0,0.0,0.01,0.01,1.92,0,0,0.0,-0.01,0,2,6,2.1,11
2026-09-03,2,339,Longstaff,Leeds,MID,5.0,a,,0.5,8,0,1,0.5,0.1,0.0,0.0,0.0,0.07,0,0,0.0,0.0,0,0,0,0.0,3
2026-09-03,2,343,James,Leeds,MID,5.0,a,,0.5,22,0,1,0.5,0.1,0.24,0.01,0.25,0.93,0,0,-0.24,-0.01,0,0,2,1.1,2
2026-09-03,2,345,Tanaka,Leeds,MID,4.9,a,,0.5,45,0,1,0.5,0.2,0.0,0.01,0.01,1.13,0,0,0.0,-0.01,0,0,11,2.2,6
2026-09-03,2,598,Elvedi,Leeds,DEF,4.5,a,,0.5,56,0,1,0.5,0.0,0.0,0.0,0.0,1.32,0,0,0.0,0.0,0,1,6,2.3,9
2026-09-03,2,357,Frimpong,Liverpool,DEF,5.5,a,,0.5,160,2,1,0.5,3.1,0.01,0.11,0.12,3.81,0,0,-0.01,-0.11,0,4,8,9.2,12
2026-09-03,2,358,Kerkez,Liverpool,DEF,5.5,a,,0.5,160,2,1,0.5,3.0,0.02,0.03,0.05,3.81,0,0,-0.02,-0.03,0,4,15,8.1,12
2026-09-03,2,364,Tsimikas,Liverpool,DEF,5.0,a,,0.5,19,0,1,0.5,0.1,0.04,0.01,0.05,0.07,0,0,-0.04,-0.01,0,0,0,1.4,4
2026-09-03,2,375,Nyoni,Liverpool,MID,5.0,a,,0.5,13,0,1,0.5,0.0,0.0,0.0,0.0,0.07,0,0,0.0,0.0,0,0,5,0.9,3
2026-09-03,2,381,Koumas,Liverpool,MID,5.0,a,,0.5,12,0,1,0.5,0.0,0.03,0.0,0.03,0.48,0,0,-0.03,0.0,0,0,1,0.9,4
2026-09-03,2,579,Araujo,Liverpool,DEF,5.4,a,,0.5,33,0,1,0.5,2.2,0.0,0.04,0.04,0.61,0,0,0.0,-0.04,0,0,5,2.2,2
2026-09-03,2,155,Enzo,Man City,MID,6.9,a,,0.5,25,0,1,0.5,3.4,0.0,0.02,0.02,0.28,0,0,0.0,-0.02,0,0,3,1.5,6
2026-09-03,2,389,Matheus N.,Man City,DEF,6.0,d,75,0.4,33,0,1,0.5,1.1,0.0,0.04,0.04,0.1,0,0,0.0,-0.04,0,0,1,0.9,4
2026-09-03,2,395,Lewis,Man City,DEF,4.5,a,,0.5,56,1,1,0.5,0.2,0.17,0.02,0.19,0.55,0,0,-0.17,-0.02,0,1,2,4.7,-1
2026-09-03,2,396,Vitor Reis,Man City,DEF,4.5,a,,0.5,1,0,1,0.5,0.0,0.0,0.0,0.0,0.0,0,0,0.0,0.0,0,0,0,0.2,3
2026-09-03,2,616,Bouaddi,Man City,MID,5.5,a,,2.0,8,0,1,1.0,0.1,0.0,0.12,0.12,0.0,0,0,0.0,-0.12,0,0,1,0.6,3
2026-09-03,2,621,McAidoo,Man City,MID,4.5,a,,1.0,8,0,1,1.0,0.1,0.1,0.0,0.1,0.0,0,0,-0.1,0.0,0,0,0,0.1,3
2026-09-03,2,622,Braithwaite,Man City,DEF,4.0,a,,1.0,1,0,1,1.0,0.1,0.0,0.0,0.0,0.0,0,0,0.0,0.0,0,0,0,0.1,3
2026-09-03,2,415,Dorgu,Man Utd,MID,5.9,a,,0.5,55,1,1,0.5,0.8,0.65,0.04,0.69,1.92,0,0,-0.65,-0.04,0,3,3,6.5,-7
2026-09-03,2,419,Martinez,Man Utd,DEF,5.0,a,100,0.5,90,1,1,0.5,1.2,0.03,0.06,0.09,2.06,0,0,-0.03,-0.06,0,2,0,1.0,2
2026-09-03,2,420,Yoro,Man Utd,DEF,4.9,a,,0.5,16,0,1,0.5,0.6,0.0,0.01,0.01,1.0,0,0,0.0,-0.01,0,1,2,0.4,-2
2026-09-03,2,421,Heaven,Man Utd,DEF,4.5,a,,0.5,90,1,1,0.5,0.4,0.12,0.04,0.16,1.01,0,0,-0.12,-0.04,0,2,2,2.0,5
2026-09-03,2,435,Lacey,Man Utd,MID,5.0,a,,0.5,10,0,1,0.5,0.1,0.0,0.0,0.0,0.0,0,0,0.0,0.0,0,0,1,0.1,3
2026-09-03,2,446,Schär,Newcastle,DEF,5.0,a,100,0.5,1,0,1,0.5,0.2,0.0,0.0,0.0,0.79,0,0,0.0,0.0,0,1,0,0.0,-1
2026-09-03,2,456,J.Ramsey,Newcastle,MID,5.0,a,,0.5,42,0,1,0.5,0.3,0.06,0.14,0.2,1.88,0,0,-0.06,-0.14,0,1,7,1.7,4
2026-09-03,2,457,J.Murphy,Newcastle,MID,5.9,a,,0.5,22,0,1,0.5,0.1,0.0,0.2,0.2,1.42,0,0,0.0,-0.2,0,1,5,0.8,2
2026-09-03,2,461,Touré,Newcastle,MID,5.9,a,,0.5,1,0,1,0.5,0.2,0.0,0.0,0.0,0.0,0,0,0.0,0.0,0,0,0,0.0,3
2026-09-03,2,559,Bamba,Newcastle,MID,5.0,a,,0.5,14,0,1,0.5,0.1,0.0,0.0,0.0,1.04,0,0,0.0,0.0,0,1,2,0.4,5
2026-09-03,2,167,Delap,Nott'm Forest,FWD,5.5,a,,0.5,24,0,1,0.5,0.7,0.07,0.0,0.07,0.33,0,0,-0.07,0.0,0,1,0,2.1,9
2026-09-03,2,482,Hudson-Odoi,Nott'm Forest,MID,5.9,a,100,0.5,1,0,1,0.5,0.2,0.0,0.0,0.0,0.0,0,0,0.0,0.0,0,0,0,0.0,2
2026-09-03,2,487,Dominguez,Nott'm Forest,MID,5.0,a,,0.5,1,0,1,0.5,0.1,0.0,0.0,0.0,0.0,0,0,0.0,0.0,0,0,0,0.0,3
2026-09-03,2,490,Wood,Nott'm Forest,FWD,5.9,a,,0.5,28,0,1,0.5,1.2,0.12,0.01,0.13,0.22,0,0,-0.12,-0.01,0,1,1,0.4,3
2026-09-03,2,493,Kalimuendo,Nott'm Forest,FWD,5.5,a,,0.5,1,0,1,0.5,0.0,0.0,0.0,0.0,0.0,0,0,0.0,0.0,0,0,0,0.0,3
2026-09-03,2,499,Pedro Porro,Spurs,DEF,5.5,a,100,0.5,90,1,1,0.5,11.9,0.33,0.1,0.43,0.72,0,0,-0.33,-0.1,0,2,4,3.8,1
2026-09-03,2,512,Kudus,Spurs,MID,6.5,a,100,0.5,22,0,1,0.5,0.1,0.04,0.01,0.05,0.24,0,0,-0.04,-0.01,0,1,2,1.6,4
2026-09-03,2,515,Maddison,Spurs,MID,6.4,d,75,0.4,22,0,1,0.5,0.6,0.0,0.01,0.01,0.85,0,0,0.0,-0.01,0,0,2,2.1,6
2026-09-03,2,520,Bergvall,Spurs,MID,5.5,a,,0.5,45,1,1,0.5,0.2,0.0,0.01,0.01,1.7,0,0,0.0,-0.01,0,2,8,0.0,2
2026-09-03,2,535,Alderete,Sunderland,DEF,5.0,a,100,0.5,23,0,1,0.5,0.4,0.0,0.01,0.01,0.1,0,0,0.0,-0.01,0,1,0,0.0,2
2026-09-03,2,539,O'Nien,Sunderland,DEF,4.0,a,,0.5,66,1,1,0.5,3.1,0.01,0.01,0.02,1.69,0,0,-0.01,-0.01,0,1,5,1.7,1
2026-09-03,2,547,Mundle,Sunderland,MID,5.0,a,,0.5,1,0,1,0.5,0.0,0.17,0.0,0.17,0.09,0,0,-0.17,0.0,0,0,1,2.5,2
2026-09-03,2,549,Talbi,Sunderland,MID,5.4,a,,0.5,31,0,1,0.5,0.2,0.0,0.0,0.0,0.14,0,0,0.0,0.0,0,1,2,0.0,1
2026-09-03,2,2,Arrizabalaga,Arsenal,GK,5.0,a,,0.0,0,0,0,0.0,0.1,0.0,0.0,0.0,0.0,0,0,0.0,0.0,0,0,0,0.0,0
2026-09-03,2,3,Meslier,Arsenal,GK,5.0,a,,0.0,0,0,0,0.0,0.0,0.0,0.0,0.0,0.0,0,0,0.0,0.0,0,0,0,0.0,0
2026-09-03,2,5,J.Timber,Arsenal,DEF,6.5,i,0,0.0,0,0,0,0.0,0.1,0.0,0.0,0.0,0.0,0,0,0.0,0.0,0,0,0,0.0,0
2026-09-03,2,6,Saliba,Arsenal,DEF,6.0,i,0,0.0,0,0,0,0.0,0.2,0.0,0.0,0.0,0.0,0,0,0.0,0.0,0,0,0,0.0,0
2026-09-03,2,18,Martinelli,Arsenal,MID,6.3,a,,0.0,0,0,0,0.0,0.2,0.0,0.0,0.0,0.0,0,0,0.0,0.0,0,0,0,0.0,0
2026-09-03,2,20,Dowman,Arsenal,MID,5.4,a,,0.0,0,0,0,0.0,0.1,0.0,0.0,0.0,0.0,0,0,0.0,0.0,0,0,0,0.0,0
2026-09-03,2,22,Nwaneri,Arsenal,MID,5.4,u,0,0.0,0,0,0,0.0,0.0,0.0,0.0,0.0,0.0,0,0,0.0,0.0,0,0,0,0.0,0
2026-09-03,2,23,Fábio Vieira,Arsenal,MID,5.5,u,0,0.0,0,0,0,0.0,0.0,0.0,0.0,0.0,0.0,0,0,0.0,0.0,0,0,0,0.0,0
2026-09-03,2,24,Nelson,Arsenal,MID,5.5,u,0,0.0,0,0,0,0.0,0.0,0.0,0.0,0.0,0.0,0,0,0.0,0.0,0,0,0,0.0,0
2026-09-03,2,25,Gyökeres,Arsenal,FWD,7.3,a,,0.0,0,0,0,0.0,5.0,0.0,0.0,0.0,0.0,0,0,0.0,0.0,0,0,0,0.0,0
2026-09-03,2,27,G.Jesus,Arsenal,FWD,5.9,u,0,0.0,0,0,0,0.0,0.3,0.0,0.0,0.0,0.0,0,0,0.0,0.0,0,0,0,0.0,0
2026-09-03,2,30,Digne,Aston Villa,DEF,4.5,u,0,0.0,0,0,0,0.0,0.1,0.0,0.0,0.0,0.0,0,0,0.0,0.0,0,0,0,0.0,0
2026-09-03,2,37,Lindelöf,Aston Villa,DEF,4.5,a,,0.0,180,2,0,0.0,0.3,0.0,0.08,0.08,4.81,0,0,0.0,-0.08,0,5,10,1.8,-3
2026-09-03,2,38,A.García,Aston Villa,DEF,4.0,a,,0.0,0,0,0,0.0,1.8,0.0,0.0,0.0,0.0,0,0,0.0,0.0,0,0,0,0.0,0
2026-09-03,2,39,Nedeljkovic,Aston Villa,DEF,4.0,u,0,0.0,0,0,0,0.0,0.2,0.0,0.0,0.0,0.0,0,0,0.0,0.0,0,0,0,0.0,0
2026-09-03,2,44,Bailey,Aston Villa,MID,5.4,a,,0.0,0,0,0,0.0,0.1,0.0,0.0,0.0,0.0,0,0,0.0,0.0,0,0,0,0.0,0
2026-09-03,2,48,Onana,Aston Villa,MID,5.0,i,0,0.0,0,0,0,0.0,0.0,0.0,0.0,0.0,0.0,0,0,0.0,0.0,0,0,0,0.0,0
2026-09-03,2,49,Iling Jr,Aston Villa,MID,5.0,u,0,0.0,0,0,0,0.0,0.0,0.0,0.0,0.0,0.0,0,0,0.0,0.0,0,0,0,0.0,0
2026-09-03,2,50,Burrowes,Aston Villa,MID,4.5,a,,0.0,0,0,0,0.0,0.7,0.0,0.0,0.0,0.0,0,0,0.0,0.0,0,0,0,0.0,0
2026-09-03,2,53,Manzambi,Aston Villa,MID,5.9,i,0,0.0,0,0,0,0.0,0.1,0.0,0.0,0.0,0.0,0,0,0.0,0.0,0,0,0,0.0,0
2026-09-03,2,55,Watkins,Aston Villa,FWD,7.8,u,0,0.0,0,0,0,0.0,4.9,0.0,0.0,0.0,0.0,0,0,0.0,0.0,0,0,0,0.0,0
2026-09-03,2,582,Madjo,Aston Villa,FWD,5.5,i,0,0.0,0,0,0,0.0,0.3,0.0,0.0,0.0,0.0,0,0,0.0,0.0,0,0,0,0.0,0
2026-09-03,2,606,Rowe,Aston Villa,DEF,4.0,a,,0.0,0,0,0,0.0,0.2,0.0,0.0,0.0,0.0,0,0,0.0,0.0,0,0,0,0.0,0
2026-09-03,2,607,Lynch,Aston Villa,MID,4.5,a,,0.0,0,0,0,0.0,0.1,0.0,0.0,0.0,0.0,0,0,0.0,0.0,0,0,0,0.0,0
2026-09-03,2,618,Goretzka,Aston Villa,MID,6.0,a,,2.2,0,0,0,0.0,0.0,0.0,0.0,0.0,0.0,0,0,0.0,0.0,0,0,0,0.0,0
2026-09-03,2,630,Harwood-Bellis,Aston Villa,DEF,4.5,a,,1.8,0,0,0,0.0,0.0,0.0,0.0,0.0,0.0,0,0,0.0,0.0,0,0,0,0.0,0
2026-09-03,2,631,Mbaye,Aston Villa,MID,6.0,a,,2.2,0,0,0,0.0,0.0,0.0,0.0,0.0,0.0,0,0,0.0,0.0,0,0,0,0.0,0
2026-09-03,2,58,Forster,Bournemouth,GK,4.0,a,,0.0,0,0,0,0.0,3.4,0.0,0.0,0.0,0.0,0,0,0.0,0.0,0,0,0,0.0,0
2026-09-03,2,59,Dennis,Bournemouth,GK,4.0,u,0,0.0,0,0,0,0.0,0.2,0.0,0.0,0.0,0.0,0,0,0.0,0.0,0,0,0,0.0,0
2026-09-03,2,62,Diakité,Bournemouth,DEF,5.0,a,,0.0,0,0,0,0.0,0.2,0.0,0.0,0.0,0.0,0,0,0.0,0.0,0,0,0,0.0,0
2026-09-03,2,63,Milosavljević,Bournemouth,DEF,5.0,i,0,0.0,0,0,0,0.0,0.0,0.0,0.0,0.0,0.0,0,0,0.0,0.0,0,0,0,0.0,0
2026-09-03,2,65,J.Araujo,Bournemouth,DEF,4.5,i,0,0.0,0,0,0,0.0,0.0,0.0,0.0,0.0,0.0,0,0,0.0,0.0,0,0,0,0.0,0
2026-09-03,2,66,Soler,Bournemouth,DEF,4.0,a,100,0.0,0,0,0,0.0,0.3,0.0,0.0,0.0,0.0,0,0,0.0,0.0,0,0,0,0.0,0
2026-09-03,2,77,Adli,Bournemouth,MID,4.9,i,0,0.0,0,0,0,0.0,0.0,0.0,0.0,0.0,0.0,0,0,0.0,0.0,0,0,0,0.0,0
2026-09-03,2,78,Kroupi.Jr,Bournemouth,MID,7.4,i,0,0.0,0,0,0,0.0,0.2,0.0,0.0,0.0,0.0,0,0,0.0,0.0,0,0,0,0.0,0
2026-09-03,2,80,Enes Ünal,Bournemouth,FWD,5.5,u,0,0.0,0,0,0,0.0,0.0,0.0,0.0,0.0,0.0,0,0,0.0,0.0,0,0,0,0.0,0
2026-09-03,2,573,Sanchez,Bournemouth,DEF,4.5,a,,0.0,0,0,0,0.0,0.2,0.0,0.0,0.0,0.0,0,0,0.0,0.0,0,0,0,0.0,0
2026-09-03,2,615,Di Gregorio,Bournemouth,GK,4.5,a,,2.0,0,0,0,0.0,0.0,0.0,0.0,0.0,0.0,0,0,0.0,0.0,0,0,0,0.0,0
2026-09-03,2,83,Valdimarsson,Brentford,GK,4.5,a,,0.0,0,0,0,0.0,0.1,0.0,0.0,0.0,0.0,0,0,0.0,0.0,0,0,0,0.0,0
2026-09-03,2,85,Van den Berg,Brentford,DEF,4.9,i,0,0.0,0,0,0,0.0,0.1,0.0,0.0,0.0,0.0,0,0,0.0,0.0,0,0,0,0.0,0
2026-09-03,2,92,Ji-soo,Brentford,DEF,4.5,a,,0.0,0,0,0,0.0,0.0,0.0,0.0,0.0,0.0,0,0,0.0,0.0,0,0,0,0.0,0
2026-09-03,2,93,Schuster,Brentford,DEF,4.5,a,,0.0,0,0,0,0.0,0.2,0.0,0.0,0.0,0.0,0,0,0.0,0.0,0,0,0,0.0,0
2026-09-03,2,99,Milambo,Brentford,MID,5.0,i,0,0.0,0,0,0,0.0,0.0,0.0,0.0,0.0,0.0,0,0,0.0,0.0,0,0,0,0.0,0
2026-09-03,2,100,Carvalho,Brentford,MID,5.0,a,100,0.0,0,0,0,0.0,0.0,0.0,0.0,0.0,0.0,0,0,0.0,0.0,0,0,0,0.0,0
2026-09-03,2,103,Dasilva,Brentford,MID,5.0,a,,0.0,0,0,0,0.0,0.0,0.0,0.0,0.0,0.0,0,0,0.0,0.0,0,0,0,0.0,0
2026-09-03,2,107,Furo,Brentford,FWD,4.5,a,,0.0,0,0,0,0.0,1.1,0.0,0.0,0.0,0.0,0,0,0.0,0.0,0,0,0,0.0,0
2026-09-03,2,620,Diouf,Brentford,DEF,4.5,a,,1.8,0,0,0,0.0,0.1,0.0,0.0,0.0,0.0,0,0,0.0,0.0,0,0,0,0.0,0
2026-09-03,2,111,Steele,Brighton,GK,4.0,a,,0.0,0,0,0,0.0,4.2,0.0,0.0,0.0,0.0,0,0,0.0,0.0,0,0,0,0.0,0
2026-09-03,2,113,F.Kadıoğlu,Brighton,DEF,4.4,a,100,0.0,90,1,0,0.0,2.0,0.02,0.01,0.03,2.93,0,0,-0.02,-0.01,0,4,0,2.8,-4
2026-09-03,2,117,Coppola,Brighton,DEF,4.5,a,,0.0,0,0,0,0.0,0.0,0.0,0.0,0.0,0.0,0,0,0.0,0.0,0,0,0,0.0,0
2026-09-03,2,118,Igor,Brighton,DEF,4.5,u,0,0.0,0,0,0,0.0,0.1,0.0,0.0,0.0,0.0,0,0,0.0,0.0,0,0,0,0.0,0
2026-09-03,2,120,Svoboda,Brighton,DEF,5.0,a,,0.0,0,0,0,0.0,0.1,0.0,0.0,0.0,0.0,0,0,0.0,0.0,0,0,0,0.0,0
2026-09-03,2,121,Mitoma,Brighton,MID,6.0,i,0,0.0,0,0,0,0.0,0.0,0.0,0.0,0.0,0.0,0,0,0.0,0.0,0,0,0,0.0,0
2026-09-03,2,122,Minteh,Brighton,MID,5.9,i,0,0.0,0,0,0,0.0,0.0,0.0,0.0,0.0,0.0,0,0,0.0,0.0,0,0,0,0.0,0
2026-09-03,2,126,O'Riley,Brighton,MID,5.5,a,,0.0,0,0,0,0.0,0.1,0.0,0.0,0.0,0.0,0,0,0.0,0.0,0,0,0,0.0,0
2026-09-03,2,128,Buonanotte,Brighton,MID,5.0,u,0,0.0,0,0,0,0.0,0.0,0.0,0.0,0.0,0.0,0,0,0.0,0.0,0,0,0,0.0,0
2026-09-03,2,132,Howell,Brighton,MID,4.5,u,0,0.0,0,0,0,0.0,0.0,0.0,0.0,0.0,0.0,0,0,0.0,0.0,0,0,0,0.0,0
2026-09-03,2,133,Watson,Brighton,MID,5.0,u,0,0.0,0,0,0,0.0,0.0,0.0,0.0,0.0,0.0,0,0,0.0,0.0,0,0,0,0.0,0
2026-09-03,2,134,Oriola,Brighton,MID,4.5,a,,0.0,0,0,0,0.0,0.3,0.0,0.0,0.0,0.0,0,0,0.0,0.0,0,0,0,0.0,0
2026-09-03,2,137,Tzimas,Brighton,FWD,5.5,i,0,0.0,0,0,0,0.0,0.0,0.0,0.0,0.0,0.0,0,0,0.0,0.0,0,0,0,0.0,0
2026-09-03,2,139,Ferguson,Brighton,FWD,5.0,i,0,0.0,0,0,0,0.0,0.0,0.0,0.0,0.0,0.0,0,0,0.0,0.0,0,0,0,0.0,0
2026-09-03,2,328,Struijk,Brighton,DEF,5.0,a,100,0.0,0,0,0,0.0,0.2,0.0,0.0,0.0,0.0,0,0,0.0,0.0,0,0,0,0.0,0
2026-09-03,2,614,Hadjam,Brighton,DEF,4.5,a,,1.8,0,0,0,0.0,0.0,0.0,0.0,0.0,0.0,0,0,0.0,0.0,0,0,0,0.0,0
2026-09-03,2,624,Cozier-Duberry,Brighton,MID,5.0,u,0,0.0,0,0,0,0.0,0.0,0.0,0.0,0.0,0.0,0,0,0.0,0.0,0,0,0,0.0,0
2026-09-03,2,639,Andrés,Brighton,MID,5.5,a,,2.0,0,0,0,0.0,0.0,0.0,0.0,0.0,0.0,0,0,0.0,0.0,0,0,0,0.0,0
2026-09-03,2,652,Azeez,Brighton,MID,5.5,a,,2.0,0,0,0,0.0,0.0,0.0,0.0,0.0,0.0,0,0,0.0,0.0,0,0,0,0.0,0
2026-09-03,2,101,Henderson,Chelsea,MID,5.0,d,75,0.0,0,0,0,0.0,0.0,0.0,0.0,0.0,0.0,0,0,0.0,0.0,0,0,0,0.0,0
2026-09-03,2,136,Welbeck,Chelsea,FWD,5.9,a,100,0.0,0,0,0,0.0,0.8,0.0,0.0,0.0,0.0,0,0,0.0,0.0,0,0,0,0.0,0
2026-09-03,2,141,Jörgensen,Chelsea,GK,5.0,u,0,0.0,0,0,0,0.0,0.0,0.0,0.0,0.0,0.0,0,0,0.0,0.0,0,0,0,0.0,0
2026-09-03,2,143,Chalobah,Chelsea,DEF,5.5,u,0,0.0,0,0,0,0.0,0.1,0.0,0.0,0.0,0.0,0,0,0.0,0.0,0,0,0,0.0,0
2026-09-03,2,145,Fofana,Chelsea,DEF,5.0,a,100,0.0,67,1,0,0.0,0.1,0.0,0.01,0.01,1.26,0,0,0.0,-0.01,0,2,9,2.0,-2
2026-09-03,2,146,B.Badiashile,Chelsea,DEF,4.5,u,0,0.0,0,0,0,0.0,0.0,0.0,0.0,0.0,0.0,0,0,0.0,0.0,0,0,0,0.0,0
2026-09-03,2,150,M.Sarr,Chelsea,DEF,4.5,u,0,0.0,0,0,0,0.0,0.0,0.0,0.0,0.0,0.0,0,0,0.0,0.0,0,0,0,0.0,0
2026-09-03,2,152,Palestra,Chelsea,DEF,5.4,d,75,0.0,0,0,0,0.0,1.4,0.0,0.0,0.0,0.0,0,0,0.0,0.0,0,0,0,0.0,0
2026-09-03,2,158,Gittens,Chelsea,MID,5.9,a,,0.0,0,0,0,0.0,0.0,0.0,0.0,0.0,0.0,0,0,0.0,0.0,0,0,0,0.0,0
2026-09-03,2,163,D.Essugo,Chelsea,MID,4.5,u,0,0.0,0,0,0,0.0,0.2,0.0,0.0,0.0,0.0,0,0,0.0,0.0,0,0,0,0.0,0
2026-09-03,2,168,Marc Guiu,Chelsea,FWD,5.0,u,0,0.0,0,0,0,0.0,0.4,0.0,0.0,0.0,0.0,0,0,0.0,0.0,0,0,0,0.0,0
2026-09-03,2,169,Mheuka,Chelsea,FWD,4.5,a,,0.0,0,0,0,0.0,0.4,0.0,0.0,0.0,0.0,0,0,0.0,0.0,0,0,0,0.0,0
2026-09-03,2,170,Emegha,Chelsea,FWD,5.0,a,100,0.0,0,0,0,0.0,0.1,0.0,0.0,0.0,0.0,0,0,0.0,0.0,0,0,0,0.0,0
2026-09-03,2,560,Penders,Chelsea,GK,4.5,a,,0.0,0,0,0,0.0,0.1,0.0,0.0,0.0,0.0,0,0,0.0,0.0,0,0,0,0.0,0
2026-09-03,2,561,Anselmino,Chelsea,DEF,4.5,a,100,0.0,0,0,0,0.0,0.0,0.0,0.0,0.0,0.0,0,0,0.0,0.0,0,0,0,0.0,0
2026-09-03,2,171,Dovin,Coventry City,GK,4.0,u,0,0.0,0,0,0,0.0,1.4,0.0,0.0,0.0,0.0,0,0,0.0,0.0,0,0,0,0.0,0
2026-09-03,2,172,Wilson,Coventry City,GK,4.5,a,,0.0,0,0,0,0.0,0.4,0.0,0.0,0.0,0.0,0,0,0.0,0.0,0,0,0,0.0,0
2026-09-03,2,174,Kitching,Coventry City,DEF,4.0,u,0,0.0,0,0,0,0.0,0.6,0.0,0.0,0.0,0.0,0,0,0.0,0.0,0,0,0,0.0,0
2026-09-03,2,177,Kesler-Hayden,Coventry City,DEF,4.0,i,0,0.0,0,0,0,0.0,0.0,0.0,0.0,0.0,0.0,0,0,0.0,0.0,0,0,0,0.0,0
2026-09-03,2,178,Bidwell,Coventry City,DEF,4.0,a,,0.0,0,0,0,0.0,0.1,0.0,0.0,0.0,0.0,0,0,0.0,0.0,0,0,0,0.0,0
2026-09-03,2,179,Latibeaudiere,Coventry City,DEF,4.0,a,,0.0,0,0,0,0.0,0.0,0.0,0.0,0.0,0.0,0,0,0.0,0.0,0,0,0,0.0,0
2026-09-03,2,180,Woolfenden,Coventry City,DEF,4.0,i,0,0.0,0,0,0,0.0,0.1,0.0,0.0,0.0,0.0,0,0,0.0,0.0,0,0,0,0.0,0
2026-09-03,2,181,Brau,Coventry City,DEF,4.0,u,0,0.0,0,0,0,0.0,0.0,0.0,0.0,0.0,0.0,0,0,0.0,0.0,0,0,0,0.0,0
2026-09-03,2,187,Eccles,Coventry City,MID,4.9,a,,0.0,0,0,0,0.0,0.0,0.0,0.0,0.0,0.0,0,0,0.0,0.0,0,0,0,0.0,0
2026-09-03,2,189,Shepherd,Coventry City,MID,4.5,a,,0.0,0,0,0,0.0,0.3,0.0,0.0,0.0,0.0,0,0,0.0,0.0,0,0,0,0.0,0
2026-09-03,2,191,Borges Rodrigues,Coventry City,MID,4.5,u,0,0.0,0,0,0,0.0,0.2,0.0,0.0,0.0,0.0,0,0,0.0,0.0,0,0,0,0.0,0
2026-09-03,2,192,Andrews,Coventry City,MID,4.5,u,0,0.0,0,0,0,0.0,0.5,0.0,0.0,0.0,0.0,0,0,0.0,0.0,0,0,0,0.0,0
2026-09-03,2,193,Wright,Coventry City,FWD,5.4,i,0,0.0,0,0,0,0.0,0.1,0.0,0.0,0.0,0.0,0,0,0.0,0.0,0,0,0,0.0,0
2026-09-03,2,196,Markelo,Coventry City,FWD,5.0,u,0,0.0,0,0,0,0.0,0.0,0.0,0.0,0.0,0.0,0,0,0.0,0.0,0,0,0,0.0,0
2026-09-03,2,197,Bassette,Coventry City,FWD,4.5,u,0,0.0,0,0,0,0.0,0.0,0.0,0.0,0.0,0.0,0,0,0.0,0.0,0,0,0,0.0,0
2026-09-03,2,599,Cherif,Coventry City,FWD,5.0,a,,0.0,0,0,0,0.0,0.1,0.0,0.0,0.0,0.0,0,0,0.0,0.0,0,0,0,0.0,0
2026-09-03,2,623,Bentley,Coventry City,GK,4.0,a,,1.0,0,0,0,0.0,0.2,0.0,0.0,0.0,0.0,0,0,0.0,0.0,0,0,0,0.0,0
2026-09-03,2,199,Benitez,Crystal Palace,GK,4.5,a,,0.0,0,0,0,0.0,0.1,0.0,0.0,0.0,0.0,0,0,0.0,0.0,0,0,0,0.0,0
2026-09-03,2,205,Sosa,Crystal Palace,DEF,4.5,u,0,0.0,0,0,0,0.0,0.0,0.0,0.0,0.0,0.0,0,0,0.0,0.0,0,0,0,0.0,0
2026-09-03,2,208,Sarr,Crystal Palace,MID,6.3,i,0,0.0,0,0,0,0.0,1.3,0.0,0.0,0.0,0.0,0,0,0.0,0.0,0,0,0,0.0,0
2026-09-03,2,212,Hughes,Crystal Palace,MID,4.5,a,,0.0,0,0,0,0.0,9.6,0.0,0.0,0.0,0.0,0,0,0.0,0.0,0,0,0,0.0,0
2026-09-03,2,213,Lerma,Crystal Palace,MID,4.9,a,,0.0,0,0,0,0.0,0.1,0.0,0.0,0.0,0.0,0,0,0.0,0.0,0,0,0,0.0,0
2026-09-03,2,215,Devenny,Crystal Palace,MID,5.0,u,0,0.0,0,0,0,0.0,0.0,0.0,0.0,0.0,0.0,0,0,0.0,0.0,0,0,0,0.0,0
2026-09-03,2,216,Esse,Crystal Palace,MID,5.0,u,0,0.0,0,0,0,0.0,0.0,0.0,0.0,0.0,0.0,0,0,0.0,0.0,0,0,0,0.0,0
2026-09-03,2,217,M.França,Crystal Palace,MID,4.9,a,,0.0,0,0,0,0.0,0.0,0.0,0.0,0.0,0.0,0,0,0.0,0.0,0,0,0,0.0,0
2026-09-03,2,218,Doucouré,Crystal Palace,MID,4.9,a,,0.0,0,0,0,0.0,0.1,0.0,0.0,0.0,0.0,0,0,0.0,0.0,0,0,0,0.0,0
2026-09-03,2,219,J.Rak-Sakyi,Crystal Palace,MID,5.0,a,,0.0,0,0,0,0.0,0.0,0.0,0.0,0.0,0.0,0,0,0.0,0.0,0,0,0,0.0,0
2026-09-03,2,220,Cardines,Crystal Palace,DEF,4.5,u,0,0.0,0,0,0,0.0,0.0,0.0,0.0,0.0,0.0,0,0,0.0,0.0,0,0,0,0.0,0
2026-09-03,2,221,Drakes-Thomas,Crystal Palace,MID,4.5,a,,0.0,0,0,0,0.0,0.1,0.0,0.0,0.0,0.0,0,0,0.0,0.0,0,0,0,0.0,0
2026-09-03,2,225,Uche,Crystal Palace,FWD,5.0,u,0,0.0,0,0,0,0.0,0.0,0.0,0.0,0.0,0.0,0,0,0.0,0.0,0,0,0,0.0,0
2026-09-03,2,555,Matthews,Crystal Palace,GK,4.0,a,,0.0,0,0,0,0.0,1.8,0.0,0.0,0.0,0.0,0,0,0.0,0.0,0,0,0,0.0,0
2026-09-03,2,633,Ahanor,Crystal Palace,DEF,4.5,a,,1.8,0,0,0,0.0,0.0,0.0,0.0,0.0,0.0,0,0,0.0,0.0,0,0,0,0.0,0
2026-09-03,2,643,Chilwell,Crystal Palace,DEF,4.5,a,,1.8,0,0,0,0.0,0.0,0.0,0.0,0.0,0.0,0,0,0.0,0.0,0,0,0,0.0,0
2026-09-03,2,644,Timber,Crystal Palace,MID,5.0,a,,1.5,0,0,0,0.0,0.0,0.0,0.0,0.0,0.0,0,0,0.0,0.0,0,0,0,0.0,0
2026-09-03,2,647,Osorio,Crystal Palace,MID,5.5,a,,2.0,0,0,0,0.0,0.0,0.0,0.0,0.0,0.0,0,0,0.0,0.0,0,0,0,0.0,0
2026-09-03,2,21,Nørgaard,Everton,MID,4.9,i,0,0.0,0,0,0,0.0,0.1,0.0,0.0,0.0,0.0,0,0,0.0,0.0,0,0,0,0.0,0
2026-09-03,2,227,Travers,Everton,GK,5.0,a,,0.0,0,0,0,0.0,0.0,0.0,0.0,0.0,0.0,0,0,0.0,0.0,0,0,0,0.0,0
2026-09-03,2,228,King,Everton,GK,4.5,a,,0.0,0,0,0,0.0,0.0,0.0,0.0,0.0,0.0,0,0,0.0,0.0,0,0,0,0.0,0
2026-09-03,2,231,Keane,Everton,DEF,4.9,a,,0.0,0,0,0,0.0,1.1,0.0,0.0,0.0,0.0,0,0,0.0,0.0,0,0,0,0.0,0
2026-09-03,2,232,O'Brien,Everton,DEF,4.9,a,,0.0,0,0,0,0.0,0.4,0.0,0.0,0.0,0.0,0,0,0.0,0.0,0,0,0,0.0,0
2026-09-03,2,234,Patterson,Everton,DEF,4.5,u,0,0.0,0,0,0,0.0,0.0,0.0,0.0,0.0,0.0,0,0,0.0,0.0,0,0,0,0.0,0
2026-09-03,2,235,Aznou,Everton,DEF,4.0,u,0,0.0,0,0,0,0.0,0.2,0.0,0.0,0.0,0.0,0,0,0.0,0.0,0,0,0,0.0,0
2026-09-03,2,245,Dibling,Everton,MID,5.4,a,,0.0,0,0,0,0.0,0.0,0.0,0.0,0.0,0.0,0,0,0.0,0.0,0,0,0,0.0,0
2026-09-03,2,649,Maitland-Niles,Everton,DEF,4.5,a,,1.8,0,0,0,0.0,0.0,0.0,0.0,0.0,0.0,0,0,0.0,0.0,0,0,0,0.0,0
2026-09-03,2,251,Lecomte,Fulham,GK,4.0,a,,0.0,0,0,0,0.0,1.2,0.0,0.0,0.0,0.0,0,0,0.0,0.0,0,0,0,0.0,0
2026-09-03,2,252,McNally,Fulham,GK,4.0,u,0,0.0,0,0,0,0.0,0.2,0.0,0.0,0.0,0.0,0,0,0.0,0.0,0,0,0,0.0,0
2026-09-03,2,256,Tete,Fulham,DEF,4.5,a,,0.0,0,0,0,0.0,0.2,0.0,0.0,0.0,0.0,0,0,0.0,0.0,0,0,0,0.0,0
2026-09-03,2,266,Cairney,Fulham,MID,5.0,i,0,0.0,0,0,0,0.0,0.0,0.0,0.0,0.0,0.0,0,0,0.0,0.0,0,0,0,0.0,0
2026-09-03,2,270,Reed,Fulham,MID,4.5,a,,0.0,0,0,0,0.0,1.3,0.0,0.0,0.0,0.0,0,0,0.0,0.0,0,0,0,0.0,0
2026-09-03,2,272,Kusi-Asare,Fulham,FWD,4.5,a,,0.0,0,0,0,0.0,6.7,0.0,0.0,0.0,0.0,0,0,0.0,0.0,0,0,0,0.0,0
2026-09-03,2,610,De Fougerolles,Fulham,DEF,4.0,d,75,0.0,0,0,0,0.0,0.1,0.0,0.0,0.0,0.0,0,0,0.0,0.0,0,0,0,0.0,0
2026-09-03,2,626,Zepa,Fulham,MID,4.5,a,,1.0,0,0,0,0.0,0.3,0.0,0.0,0.0,0.0,0,0,0.0,0.0,0,0,0,0.0,0
2026-09-03,2,635,Larsson,Fulham,MID,5.0,a,,1.5,0,0,0,0.0,0.0,0.0,0.0,0.0,0.0,0,0,0.0,0.0,0,0,0,0.0,0
2026-09-03,2,636,Ángel,Fulham,MID,5.0,a,,1.5,0,0,0,0.0,0.0,0.0,0.0,0.0,0.0,0,0,0.0,0.0,0,0,0,0.0,0
2026-09-03,2,650,Affengruber,Fulham,DEF,4.5,a,,1.8,0,0,0,0.0,0.0,0.0,0.0,0.0,0.0,0,0,0.0,0.0,0,0,0,0.0,0
2026-09-03,2,273,Phillips,Hull City,GK,4.0,a,,0.0,0,0,0,0.0,1.5,0.0,0.0,0.0,0.0,0,0,0.0,0.0,0,0,0,0.0,0
2026-09-03,2,274,Butland,Hull City,GK,4.5,i,0,0.0,0,0,0,0.0,0.1,0.0,0.0,0.0,0.0,0,0,0.0,0.0,0,0,0,0.0,0
2026-09-03,2,275,Cartwright,Hull City,GK,4.0,u,0,0.0,0,0,0,0.0,0.0,0.0,0.0,0.0,0.0,0,0,0.0,0.0,0,0,0,0.0,0
2026-09-03,2,276,Lo-Tutala,Hull City,GK,4.0,u,0,0.0,0,0,0,0.0,0.0,0.0,0.0,0.0,0.0,0,0,0.0,0.0,0,0,0,0.0,0
2026-09-03,2,278,Hughes,Hull City,DEF,4.0,i,0,0.0,0,0,0,0.0,0.1,0.0,0.0,0.0,0.0,0,0,0.0,0.0,0,0,0,0.0,0
2026-09-03,2,283,Jacob,Hull City,DEF,4.0,u,0,0.0,0,0,0,0.0,0.0,0.0,0.0,0.0,0.0,0,0,0.0,0.0,0,0,0,0.0,0
2026-09-03,2,284,McCarthy,Hull City,DEF,4.0,a,,0.0,0,0,0,0.0,0.1,0.0,0.0,0.0,0.0,0,0,0.0,0.0,0,0,0,0.0,0
2026-09-03,2,288,Dowell,Hull City,MID,4.5,a,,0.0,0,0,0,0.0,0.4,0.0,0.0,0.0,0.0,0,0,0.0,0.0,0,0,0,0.0,0
2026-09-03,2,291,Matazo,Hull City,MID,4.5,i,0,0.0,0,0,0,0.0,0.0,0.0,0.0,0.0,0.0,0,0,0.0,0.0,0,0,0,0.0,0
2026-09-03,2,292,Ömür,Hull City,MID,5.0,a,,0.0,0,0,0,0.0,0.0,0.0,0.0,0.0,0.0,0,0,0.0,0.0,0,0,0,0.0,0
2026-09-03,2,293,Kamara,Hull City,MID,5.0,u,0,0.0,0,0,0,0.0,0.0,0.0,0.0,0.0,0.0,0,0,0.0,0.0,0,0,0,0.0,0
2026-09-03,2,294,Zambrano,Hull City,MID,4.5,i,0,0.0,0,0,0,0.0,0.1,0.0,0.0,0.0,0.0,0,0,0.0,0.0,0,0,0,0.0,0
2026-09-03,2,296,Akintola,Hull City,MID,5.0,a,,0.0,0,0,0,0.0,0.0,0.0,0.0,0.0,0.0,0,0,0.0,0.0,0,0,0,0.0,0
2026-09-03,2,297,Gyabi,Hull City,MID,4.5,i,0,0.0,0,0,0,0.0,0.0,0.0,0.0,0.0,0.0,0,0,0.0,0.0,0,0,0,0.0,0
2026-09-03,2,298,Destan,Hull City,FWD,4.5,u,0,0.0,0,0,0,0.0,0.3,0.0,0.0,0.0,0.0,0,0,0.0,0.0,0,0,0,0.0,0
2026-09-03,2,299,Burstow,Hull City,FWD,4.5,u,0,0.0,0,0,0,0.0,0.0,0.0,0.0,0.0,0.0,0,0,0.0,0.0,0,0,0,0.0,0
2026-09-03,2,340,Gelhardt,Hull City,MID,5.0,a,100,0.0,0,0,0,0.0,0.0,0.0,0.0,0.0,0.0,0,0,0.0,0.0,0,0,0,0.0,0
2026-09-03,2,574,Hjertø-Dahl,Hull City,MID,5.0,a,,0.0,0,0,0,0.0,0.1,0.0,0.0,0.0,0.0,0,0,0.0,0.0,0,0,0,0.0,0
2026-09-03,2,632,Ansah,Hull City,FWD,5.0,a,,1.4,0,0,0,0.0,0.0,0.0,0.0,0.0,0.0,0,0,0.0,0.0,0,0,0,0.0,0
2026-09-03,2,637,Vaz,Hull City,FWD,5.0,a,,1.4,0,0,0,0.0,0.0,0.0,0.0,0.0,0.0,0,0,0.0,0.0,0,0,0,0.0,0
2026-09-03,2,638,Norton-Cuffy,Hull City,DEF,4.0,a,,1.0,0,0,0,0.0,0.1,0.0,0.0,0.0,0.0,0,0,0.0,0.0,0,0,0,0.0,0
2026-09-03,2,642,Thomas,Hull City,MID,5.5,a,,2.0,0,0,0,0.0,0.0,0.0,0.0,0.0,0.0,0,0,0.0,0.0,0,0,0,0.0,0
2026-09-03,2,645,Mouzakitis,Hull City,MID,5.0,a,,1.5,0,0,0,0.0,0.0,0.0,0.0,0.0,0.0,0,0,0.0,0.0,0,0,0,0.0,0
2026-09-03,2,300,Walton,Ipswich Town,GK,4.5,a,,0.0,0,0,0,0.0,0.4,0.0,0.0,0.0,0.0,0,0,0.0,0.0,0,0,0,0.0,0
2026-09-03,2,301,Palmer,Ipswich Town,GK,4.0,a,,0.0,0,0,0,0.0,4.3,0.0,0.0,0.0,0.0,0,0,0.0,0.0,0,0,0,0.0,0
2026-09-03,2,302,Button,Ipswich Town,GK,4.0,a,,0.0,0,0,0,0.0,0.5,0.0,0.0,0.0,0.0,0,0,0.0,0.0,0,0,0,0.0,0
2026-09-03,2,303,Kipré,Ipswich Town,DEF,4.0,a,,0.0,0,0,0,0.0,0.6,0.0,0.0,0.0,0.0,0,0,0.0,0.0,0,0,0,0.0,0
2026-09-03,2,307,Johnson,Ipswich Town,DEF,4.0,a,,0.0,0,0,0,0.0,0.1,0.0,0.0,0.0,0.0,0,0,0.0,0.0,0,0,0,0.0,0
2026-09-03,2,310,Matusiwa,Ipswich Town,MID,5.0,i,0,0.0,0,0,0,0.0,0.0,0.0,0.0,0.0,0.0,0,0,0.0,0.0,0,0,0,0.0,0
2026-09-03,2,311,Burns,Ipswich Town,MID,5.0,u,0,0.0,0,0,0,0.0,0.0,0.0,0.0,0.0,0.0,0,0,0.0,0.0,0,0,0,0.0,0
2026-09-03,2,312,Taylor,Ipswich Town,MID,4.5,i,0,0.0,0,0,0,0.0,0.0,0.0,0.0,0.0,0.0,0,0,0.0,0.0,0,0,0,0.0,0
2026-09-03,2,314,Ogbene,Ipswich Town,MID,4.9,u,0,0.0,0,0,0,0.0,0.0,0.0,0.0,0.0,0.0,0,0,0.0,0.0,0,0,0,0.0,0
2026-09-03,2,317,Hirst,Ipswich Town,FWD,5.0,u,0,0.0,0,0,0,0.0,0.1,0.0,0.0,0.0,0.0,0,0,0.0,0.0,0,0,0,0.0,0
2026-09-03,2,318,Philogene,Ipswich Town,MID,5.4,i,0,0.0,0,0,0,0.0,0.1,0.0,0.0,0.0,0.0,0,0,0.0,0.0,0,0,0,0.0,0
2026-09-03,2,319,Szmodics,Ipswich Town,MID,5.0,u,0,0.0,0,0,0,0.0,0.0,0.0,0.0,0.0,0.0,0,0,0.0,0.0,0,0,0,0.0,0
2026-09-03,2,322,Al-Hamadi,Ipswich Town,FWD,5.0,u,0,0.0,0,0,0,0.0,0.1,0.0,0.0,0.0,0.0,0,0,0.0,0.0,0,0,0,0.0,0
2026-09-03,2,324,Mehmeti,Ipswich Town,MID,4.9,a,,0.0,0,0,0,0.0,0.0,0.0,0.0,0.0,0.0,0,0,0.0,0.0,0,0,0,0.0,0
2026-09-03,2,554,Van Oevelen,Ipswich Town,GK,4.5,u,0,0.0,0,0,0,0.0,0.0,0.0,0.0,0.0,0.0,0,0,0.0,0.0,0,0,0,0.0,0
2026-09-03,2,571,Florentino,Ipswich Town,MID,5.0,d,75,0.0,0,0,0,0.0,0.1,0.0,0.0,0.0,0.0,0,0,0.0,0.0,0,0,0,0.0,0
2026-09-03,2,602,Humphreys,Ipswich Town,MID,4.5,u,0,0.0,0,0,0,0.0,0.0,0.0,0.0,0.0,0.0,0,0,0.0,0.0,0,0,0,0.0,0
2026-09-03,2,640,Flemming,Ipswich Town,FWD,5.5,a,,1.8,0,0,0,0.0,0.0,0.0,0.0,0.0,0.0,0,0,0.0,0.0,0,0,0,0.0,0
2026-09-03,2,326,Perri,Leeds,GK,4.5,u,0,0.0,0,0,0,0.0,0.5,0.0,0.0,0.0,0.0,0,0,0.0,0.0,0,0,0,0.0,0
2026-09-03,2,331,Gudmundsson,Leeds,DEF,4.5,a,100,0.0,0,0,0,0.0,0.0,0.0,0.0,0.0,0.0,0,0,0.0,0.0,0,0,0,0.0,0
2026-09-03,2,333,Bornauw,Leeds,DEF,4.5,u,0,0.0,0,0,0,0.0,0.0,0.0,0.0,0.0,0.0,0,0,0.0,0.0,0,0,0,0.0,0
2026-09-03,2,341,Gnonto,Leeds,MID,5.0,u,0,0.0,0,0,0,0.0,0.0,0.0,0.0,0.0,0.0,0,0,0.0,0.0,0,0,0,0.0,0
2026-09-03,2,342,Harrison,Leeds,MID,5.0,u,0,0.0,0,0,0,0.0,0.0,0.0,0.0,0.0,0.0,0,0,0.0,0.0,0,0,0,0.0,0
2026-09-03,2,344,Gruev,Leeds,MID,5.0,d,25,0.0,0,0,0,0.0,0.0,0.0,0.0,0.0,0.0,0,0,0.0,0.0,0,0,0,0.0,0
2026-09-03,2,348,Piroe,Leeds,FWD,5.0,u,0,0.0,0,0,0,0.0,0.1,0.0,0.0,0.0,0.0,0,0,0.0,0.0,0,0,0,0.0,0
2026-09-03,2,349,Mateo Joseph,Leeds,FWD,4.5,i,0,0.0,0,0,0,0.0,0.1,0.0,0.0,0.0,0.0,0,0,0.0,0.0,0,0,0,0.0,0
2026-09-03,2,603,Lienou,Leeds,DEF,4.0,a,,0.0,0,0,0,0.0,0.1,0.0,0.0,0.0,0.0,0,0,0.0,0.0,0,0,0,0.0,0
2026-09-03,2,604,Cresswell,Leeds,MID,4.5,a,,0.0,0,0,0,0.0,0.1,0.0,0.0,0.0,0.0,0,0,0.0,0.0,0,0,0,0.0,0
2026-09-03,2,625,Cairns,Leeds,GK,4.0,a,,1.0,0,0,0,0.0,0.2,0.0,0.0,0.0,0.0,0,0,0.0,0.0,0,0,0,0.0,0
2026-09-03,2,629,Zetterer,Leeds,GK,4.0,a,,1.0,0,0,0,0.0,0.2,0.0,0.0,0.0,0.0,0,0,0.0,0.0,0,0,0,0.0,0
2026-09-03,2,641,Bard,Leeds,DEF,4.5,a,,1.8,0,0,0,0.0,0.0,0.0,0.0,0.0,0.0,0,0,0.0,0.0,0,0,0,0.0,0
2026-09-03,2,648,Bahoya,Leeds,MID,5.0,a,,1.5,0,0,0,0.0,0.0,0.0,0.0,0.0,0.0,0,0,0.0,0.0,0,0,0,0.0,0
2026-09-03,2,351,Mamardashvili,Liverpool,GK,4.9,a,,0.0,0,0,0,0.0,0.1,0.0,0.0,0.0,0.0,0,0,0.0,0.0,0,0,0,0.0,0
2026-09-03,2,352,Woodman,Liverpool,GK,4.0,a,,0.0,0,0,0,0.0,1.1,0.0,0.0,0.0,0.0,0,0,0.0,0.0,0,0,0,0.0,0
2026-09-03,2,353,Pecsi,Liverpool,GK,4.0,u,0,0.0,0,0,0,0.0,0.0,0.0,0.0,0.0,0.0,0,0,0.0,0.0,0,0,0,0.0,0
2026-09-03,2,354,Jaros,Liverpool,GK,4.0,i,0,0.0,0,0,0,0.0,0.0,0.0,0.0,0.0,0.0,0,0,0.0,0.0,0,0,0,0.0,0
2026-09-03,2,355,Davies,Liverpool,GK,4.0,a,,0.0,0,0,0,0.0,0.2,0.0,0.0,0.0,0.0,0,0,0.0,0.0,0,0,0,0.0,0
2026-09-03,2,359,Gomez,Liverpool,DEF,5.0,i,0,0.0,0,0,0,0.0,0.0,0.0,0.0,0.0,0.0,0,0,0.0,0.0,0,0,0,0.0,0
2026-09-03,2,360,Bradley,Liverpool,DEF,5.0,i,0,0.0,0,0,0,0.0,0.0,0.0,0.0,0.0,0.0,0,0,0.0,0.0,0,0,0,0.0,0
2026-09-03,2,361,Lucky,Liverpool,DEF,4.0,a,,0.0,0,0,0,0.0,0.1,0.0,0.0,0.0,0.0,0,0,0.0,0.0,0,0,0,0.0,0
2026-09-03,2,363,Leoni,Liverpool,DEF,4.0,i,0,0.0,0,0,0,0.0,0.0,0.0,0.0,0.0,0.0,0,0,0.0,0.0,0,0,0,0.0,0
2026-09-03,2,365,Ramsay,Liverpool,DEF,4.0,u,0,0.0,0,0,0,0.0,0.1,0.0,0.0,0.0,0.0,0,0,0.0,0.0,0,0,0,0.0,0
2026-09-03,2,370,Chiesa,Liverpool,MID,5.4,i,0,0.0,0,0,0,0.0,0.1,0.0,0.0,0.0,0.0,0,0,0.0,0.0,0,0,0,0.0,0
2026-09-03,2,373,C.Jones,Liverpool,MID,5.5,u,0,0.0,0,0,0,0.0,0.0,0.0,0.0,0.0,0.0,0,0,0.0,0.0,0,0,0,0.0,0
2026-09-03,2,374,Endo,Liverpool,MID,5.0,a,100,0.0,0,0,0,0.0,0.1,0.0,0.0,0.0,0.0,0,0,0.0,0.0,0,0,0,0.0,0
2026-09-03,2,376,Bajcetic,Liverpool,MID,5.0,u,0,0.0,0,0,0,0.0,0.0,0.0,0.0,0.0,0.0,0,0,0.0,0.0,0,0,0,0.0,0
2026-09-03,2,378,McConnell,Liverpool,MID,4.5,a,,0.0,0,0,0,0.0,0.2,0.0,0.0,0.0,0.0,0,0,0.0,0.0,0,0,0,0.0,0
2026-09-03,2,380,Ekitiké,Liverpool,FWD,7.5,i,0,0.0,0,0,0,0.0,0.1,0.0,0.0,0.0,0.0,0,0,0.0,0.0,0,0,0,0.0,0
2026-09-03,2,382,Danns,Liverpool,FWD,4.5,a,100,0.0,0,0,0,0.0,0.0,0.0,0.0,0.0,0.0,0,0,0.0,0.0,0,0,0,0.0,0
2026-09-03,2,383,Elliott,Liverpool,MID,5.4,u,0,0.0,0,0,0,0.0,0.1,0.0,0.0,0.0,0.0,0,0,0.0,0.0,0,0,0,0.0,0
2026-09-03,2,627,Barcola,Liverpool,MID,8.0,a,,2.8,0,0,0,0.0,1.0,0.0,0.0,0.0,0.0,0,0,0.0,0.0,0,0,0,0.0,0
2026-09-03,2,386,Bettinelli,Man City,GK,4.5,a,,0.0,0,0,0,0.0,0.0,0.0,0.0,0.0,0.0,0,0,0.0,0.0,0,0,0,0.0,0
2026-09-03,2,392,Aït-Nouri,Man City,DEF,5.4,a,,0.0,0,0,0,0.0,0.6,0.0,0.0,0.0,0.0,0,0,0.0,0.0,0,0,0,0.0,0
2026-09-03,2,394,Alleyne,Man City,DEF,5.0,u,0,0.0,0,0,0,0.0,0.0,0.0,0.0,0.0,0.0,0,0,0.0,0.0,0,0,0,0.0,0
2026-09-03,2,400,Doku,Man City,MID,7.4,i,0,0.0,0,0,0,0.0,0.9,0.0,0.0,0.0,0.0,0,0,0.0,0.0,0,0,0,0.0,0
2026-09-03,2,402,Rodrigo,Man City,MID,6.5,u,0,0.0,0,0,0,0.0,0.0,0.0,0.0,0.0,0.0,0,0,0.0,0.0,0,0,0,0.0,0
2026-09-03,2,404,Reijnders,Man City,MID,6.0,u,0,0.0,0,0,0,0.0,0.0,0.0,0.0,0.0,0.0,0,0,0.0,0.0,0,0,0,0.0,0
2026-09-03,2,407,Echeverri,Man City,MID,4.9,u,0,0.0,0,0,0,0.0,0.0,0.0,0.0,0.0,0.0,0,0,0.0,0.0,0,0,0,0.0,0
2026-09-03,2,408,Phillips,Man City,MID,5.0,u,0,0.0,0,0,0,0.0,0.0,0.0,0.0,0.0,0.0,0,0,0.0,0.0,0,0,0,0.0,0
2026-09-03,2,409,Mukasa,Man City,MID,4.5,u,0,0.0,0,0,0,0.0,0.2,0.0,0.0,0.0,0.0,0,0,0.0,0.0,0,0,0,0.0,0
2026-09-03,2,410,Monga,Man City,MID,4.9,u,0,0.0,0,0,0,0.0,0.0,0.0,0.0,0.0,0.0,0,0,0.0,0.0,0,0,0,0.0,0
2026-09-03,2,587,Rulli,Man City,GK,5.0,a,,0.0,0,0,0,0.0,0.0,0.0,0.0,0.0,0.0,0,0,0.0,0.0,0,0,0,0.0,0
2026-09-03,2,628,Allan,Man City,MID,6.0,a,,2.2,0,0,0,0.0,0.0,0.0,0.0,0.0,0.0,0,0,0.0,0.0,0,0,0,0.0,0
2026-09-03,2,131,Baleba,Man Utd,MID,5.0,i,0,0.0,0,0,0,0.0,0.1,0.0,0.0,0.0,0.0,0,0,0.0,0.0,0,0,0,0.0,0
2026-09-03,2,325,Darlow,Man Utd,GK,4.5,a,100,0.0,0,0,0,0.0,0.0,0.0,0.0,0.0,0.0,0,0,0.0,0.0,0,0,0,0.0,0
2026-09-03,2,413,Bayindir,Man Utd,GK,4.5,u,0,0.0,0,0,0,0.0,0.0,0.0,0.0,0.0,0.0,0,0,0.0,0.0,0,0,0,0.0,0
2026-09-03,2,414,Heaton,Man Utd,GK,4.0,i,0,0.0,0,0,0,0.0,0.1,0.0,0.0,0.0,0.0,0,0,0.0,0.0,0,0,0,0.0,0
2026-09-03,2,416,De Ligt,Man Utd,DEF,5.0,i,0,0.0,0,0,0,0.0,0.0,0.0,0.0,0.0,0.0,0,0,0.0,0.0,0,0,0,0.0,0
2026-09-03,2,424,Amass,Man Utd,DEF,4.0,a,,0.0,0,0,0,0.0,0.2,0.0,0.0,0.0,0.0,0,0,0.0,0.0,0,0,0,0.0,0
2026-09-03,2,425,Fredricson,Man Utd,DEF,4.0,u,0,0.0,0,0,0,0.0,0.0,0.0,0.0,0.0,0.0,0,0,0.0,0.0,0,0,0,0.0,0
2026-09-03,2,430,Mount,Man Utd,MID,5.5,d,75,0.0,0,0,0,0.0,0.0,0.0,0.0,0.0,0.0,0,0,0.0,0.0,0,0,0,0.0,0
2026-09-03,2,431,Amad,Man Utd,MID,5.8,i,0,0.0,0,0,0,0.0,0.6,0.0,0.0,0.0,0.0,0,0,0.0,0.0,0,0,0,0.0,0
2026-09-03,2,433,Ugarte,Man Utd,MID,5.0,i,0,0.0,0,0,0,0.0,0.0,0.0,0.0,0.0,0.0,0,0,0.0,0.0,0,0,0,0.0,0
2026-09-03,2,434,J.Fletcher,Man Utd,MID,5.0,a,,0.0,0,0,0,0.0,0.0,0.0,0.0,0.0,0.0,0,0,0.0,0.0,0,0,0,0.0,0
2026-09-03,2,436,Collyer,Man Utd,MID,5.0,u,0,0.0,0,0,0,0.0,0.0,0.0,0.0,0.0,0.0,0,0,0.0,0.0,0,0,0,0.0,0
2026-09-03,2,437,Bendito Mantato,Man Utd,MID,4.5,a,,0.0,0,0,0,0.0,0.2,0.0,0.0,0.0,0.0,0,0,0.0,0.0,0,0,0,0.0,0
2026-09-03,2,438,Fletcher,Man Utd,MID,4.5,a,,0.0,0,0,0,0.0,0.3,0.0,0.0,0.0,0.0,0,0,0.0,0.0,0,0,0,0.0,0
2026-09-03,2,440,Zirkzee,Man Utd,FWD,5.4,a,,0.0,0,0,0,0.0,0.5,0.0,0.0,0.0,0.0,0,0,0.0,0.0,0,0,0,0.0,0
2026-09-03,2,441,Obi,Man Utd,FWD,4.5,a,,0.0,0,0,0,0.0,1.2,0.0,0.0,0.0,0.0,0,0,0.0,0.0,0,0,0,0.0,0
2026-09-03,2,442,Pope,Newcastle,GK,5.0,a,,0.0,0,0,0,0.0,1.1,0.0,0.0,0.0,0.0,0,0,0.0,0.0,0,0,0,0.0,0
2026-09-03,2,443,Gillespie,Newcastle,GK,4.5,a,,0.0,0,0,0,0.0,0.0,0.0,0.0,0.0,0.0,0,0,0.0,0.0,0,0,0,0.0,0
2026-09-03,2,444,Jaouen,Newcastle,GK,4.5,a,,0.0,0,0,0,0.0,0.0,0.0,0.0,0.0,0.0,0,0,0.0,0.0,0,0,0,0.0,0
2026-09-03,2,448,Burn,Newcastle,DEF,4.9,i,0,0.0,0,0,0,0.0,1.2,0.0,0.0,0.0,0.0,0,0,0.0,0.0,0,0,0,0.0,0
2026-09-03,2,450,Livramento,Newcastle,DEF,4.9,i,0,0.0,0,0,0,0.0,0.0,0.0,0.0,0.0,0.0,0,0,0.0,0.0,0,0,0,0.0,0
2026-09-03,2,451,A.Murphy,Newcastle,DEF,4.0,u,0,0.0,0,0,0,0.0,0.1,0.0,0.0,0.0,0.0,0,0,0.0,0.0,0,0,0,0.0,0
2026-09-03,2,458,Joelinton,Newcastle,MID,5.4,i,0,0.0,0,0,0,0.0,0.0,0.0,0.0,0.0,0.0,0,0,0.0,0.0,0,0,0,0.0,0
2026-09-03,2,466,Neave,Newcastle,FWD,4.5,a,,0.0,0,0,0,0.0,0.9,0.0,0.0,0.0,0.0,0,0,0.0,0.0,0,0,0,0.0,0
2026-09-03,2,609,Shahar,Newcastle,DEF,4.0,a,,0.0,0,0,0,0.0,0.3,0.0,0.0,0.0,0.0,0,0,0.0,0.0,0,0,0,0.0,0
2026-09-03,2,634,Fernandez-Pardo,Newcastle,FWD,6.0,a,,2.1,0,0,0,0.0,0.0,0.0,0.0,0.0,0.0,0,0,0.0,0.0,0,0,0,0.0,0
2026-09-03,2,201,Muñoz,Nott'm Forest,DEF,5.4,a,,0.0,54,1,0,0.0,6.7,0.23,0.01,0.24,0.84,0,0,-0.23,-0.01,0,2,4,2.4,-4
2026-09-03,2,468,John,Nott'm Forest,GK,4.5,a,,0.0,0,0,0,0.0,0.1,0.0,0.0,0.0,0.0,0,0,0.0,0.0,0,0,0,0.0,0
2026-09-03,2,470,Morato,Nott'm Forest,DEF,5.0,u,0,0.0,0,0,0,0.0,0.0,0.0,0.0,0.0,0.0,0,0,0.0,0.0,0,0,0,0.0,0
2026-09-03,2,475,Savona,Nott'm Forest,DEF,4.5,i,0,0.0,0,0,0,0.0,0.0,0.0,0.0,0.0,0.0,0,0,0.0,0.0,0,0,0,0.0,0
2026-09-03,2,476,O.Richards,Nott'm Forest,DEF,4.0,a,,0.0,0,0,0,0.0,0.2,0.0,0.0,0.0,0.0,0,0,0.0,0.0,0,0,0,0.0,0
2026-09-03,2,477,Abbott,Nott'm Forest,DEF,4.0,u,0,0.0,0,0,0,0.0,0.2,0.0,0.0,0.0,0.0,0,0,0.0,0.0,0,0,0,0.0,0
2026-09-03,2,479,Bindon,Nott'm Forest,DEF,4.0,u,0,0.0,0,0,0,0.0,0.2,0.0,0.0,0.0,0.0,0,0,0.0,0.0,0,0,0,0.0,0
2026-09-03,2,484,Hutchinson,Nott'm Forest,MID,5.4,u,0,0.0,0,0,0,0.0,0.1,0.0,0.0,0.0,0.0,0,0,0.0,0.0,0,0,0,0.0,0
2026-09-03,2,485,Bakwa,Nott'm Forest,MID,5.5,u,0,0.0,0,0,0,0.0,0.0,0.0,0.0,0.0,0.0,0,0,0.0,0.0,0,0,0,0.0,0
2026-09-03,2,489,Yates,Nott'm Forest,MID,4.5,a,100,0.0,0,0,0,0.0,1.5,0.0,0.0,0.0,0.0,0,0,0.0,0.0,0,0,0,0.0,0
2026-09-03,2,581,Diomande,Nott'm Forest,DEF,5.5,a,,0.0,0,0,0,0.0,0.6,0.0,0.0,0.0,0.0,0,0,0.0,0.0,0,0,0,0.0,0
2026-09-03,2,590,Benda,Nott'm Forest,GK,4.5,a,,0.0,0,0,0,0.0,0.1,0.0,0.0,0.0,0.0,0,0,0.0,0.0,0,0,0,0.0,0
2026-09-03,2,147,Tosin,Spurs,DEF,4.5,a,,0.0,0,0,0,0.0,0.2,0.0,0.0,0.0,0.0,0,0,0.0,0.0,0,0,0,0.0,0
2026-09-03,2,403,Sávio,Spurs,MID,6.5,d,75,0.0,0,0,0,0.0,0.7,0.0,0.0,0.0,0.0,0,0,0.0,0.0,0,0,0,0.0,0
2026-09-03,2,494,Vicario,Spurs,GK,4.5,u,0,0.0,0,0,0,0.0,0.2,0.0,0.0,0.0,0.0,0,0,0.0,0.0,0,0,0,0.0,0
2026-09-03,2,495,Austin,Spurs,GK,4.0,a,,0.0,0,0,0,0.0,1.0,0.0,0.0,0.0,0.0,0,0,0.0,0.0,0,0,0,0.0,0
2026-09-03,2,497,Dubravka,Spurs,GK,4.0,a,,0.0,0,0,0,0.0,18.2,0.0,0.0,0.0,0.0,0,0,0.0,0.0,0,0,0,0.0,0
2026-09-03,2,500,Romero,Spurs,DEF,5.0,u,0,0.0,0,0,0,0.0,0.1,0.0,0.0,0.0,0.0,0,0,0.0,0.0,0,0,0,0.0,0
2026-09-03,2,503,Van de Ven,Spurs,DEF,5.0,a,100,0.0,90,1,0,0.0,3.8,0.0,0.02,0.02,0.72,0,0,0.0,-0.02,0,2,8,1.7,5
2026-09-03,2,505,Spence,Spurs,DEF,4.5,u,0,0.0,0,0,0,0.0,0.3,0.0,0.0,0.0,0.0,0,0,0.0,0.0,0,0,0,0.0,0
2026-09-03,2,507,Phillips,Spurs,DEF,4.5,u,0,0.0,0,0,0,0.0,0.0,0.0,0.0,0.0,0.0,0,0,0.0,0.0,0,0,0,0.0,0
2026-09-03,2,508,Davies,Spurs,DEF,4.0,a,,0.0,0,0,0,0.0,1.0,0.0,0.0,0.0,0.0,0,0,0.0,0.0,0,0,0,0.0,0
2026-09-03,2,509,Byfield,Spurs,DEF,4.0,a,,0.0,0,0,0,0.0,0.1,0.0,0.0,0.0,0.0,0,0,0.0,0.0,0,0,0,0.0,0
2026-09-03,2,510,Rowswell,Spurs,DEF,4.0,a,,0.0,0,0,0,0.0,0.1,0.0,0.0,0.0,0.0,0,0,0.0,0.0,0,0,0,0.0,0
2026-09-03,2,511,Souza,Spurs,DEF,4.0,u,0,0.0,0,0,0,0.0,0.3,0.0,0.0,0.0,0.0,0,0,0.0,0.0,0,0,0,0.0,0
2026-09-03,2,513,Xavi,Spurs,MID,6.0,i,0,0.0,0,0,0,0.0,0.0,0.0,0.0,0.0,0.0,0,0,0.0,0.0,0,0,0,0.0,0
2026-09-03,2,517,Odobert,Spurs,MID,5.5,i,0,0.0,0,0,0,0.0,0.0,0.0,0.0,0.0,0.0,0,0,0.0,0.0,0,0,0,0.0,0
2026-09-03,2,518,P.M.Sarr,Spurs,MID,4.9,u,0,0.0,0,0,0,0.0,0.2,0.0,0.0,0.0,0.0,0,0,0.0,0.0,0,0,0,0.0,0
2026-09-03,2,519,Gallagher,Spurs,MID,5.4,a,,0.0,45,1,0,0.0,0.2,0.02,0.06,0.08,1.7,0,0,-0.02,-0.06,0,2,3,0.5,1
2026-09-03,2,521,Kulusevski,Spurs,MID,6.5,i,0,0.0,0,0,0,0.0,0.0,0.0,0.0,0.0,0.0,0,0,0.0,0.0,0,0,0,0.0,0
2026-09-03,2,524,Olusesi,Spurs,MID,4.5,a,,0.0,0,0,0,0.0,0.7,0.0,0.0,0.0,0.0,0,0,0.0,0.0,0,0,0,0.0,0
2026-09-03,2,528,Scarlett,Spurs,FWD,4.5,u,0,0.0,0,0,0,0.0,1.8,0.0,0.0,0.0,0.0,0,0,0.0,0.0,0,0,0,0.0,0
2026-09-03,2,578,Mudryk,Spurs,MID,5.4,a,,0.0,0,0,0,0.0,0.1,0.0,0.0,0.0,0.0,0,0,0.0,0.0,0,0,0,0.0,0
2026-09-03,2,601,Williams-Barnett,Spurs,MID,4.5,a,,0.0,0,0,0,0.0,0.1,0.0,0.0,0.0,0.0,0,0,0.0,0.0,0,0,0,0.0,0
2026-09-03,2,501,Danso,Sunderland,DEF,5.0,a,,0.0,0,0,0,0.0,0.2,0.0,0.0,0.0,0.0,0,0,0.0,0.0,0,0,0,0.0,0
2026-09-03,2,530,Patterson,Sunderland,GK,4.0,u,0,0.0,0,0,0,0.0,0.1,0.0,0.0,0.0,0.0,0,0,0.0,0.0,0,0,0,0.0,0
2026-09-03,2,531,Ellborg,Sunderland,GK,4.5,a,,0.0,0,0,0,0.0,0.1,0.0,0.0,0.0,0.0,0,0,0.0,0.0,0,0,0,0.0,0
2026-09-03,2,537,Seelt,Sunderland,DEF,4.5,u,0,0.0,0,0,0,0.0,0.0,0.0,0.0,0.0,0.0,0,0,0.0,0.0,0,0,0,0.0,0
2026-09-03,2,538,Hjelde,Sunderland,DEF,4.0,u,0,0.0,0,0,0,0.0,0.0,0.0,0.0,0.0,0.0,0,0,0.0,0.0,0,0,0,0.0,0
2026-09-03,2,540,Masuaku,Sunderland,DEF,4.0,u,0,0.0,0,0,0,0.0,0.2,0.0,0.0,0.0,0.0,0,0,0.0,0.0,0,0,0,0.0,0
2026-09-03,2,546,Adingra,Sunderland,MID,4.9,i,0,0.0,0,0,0,0.0,0.0,0.0,0.0,0.0,0.0,0,0,0.0,0.0,0,0,0,0.0,0
2026-09-03,2,550,Jocelin.T,Sunderland,MID,5.0,a,,0.0,0,0,0,0.0,0.0,0.0,0.0,0.0,0.0,0,0,0.0,0.0,0,0,0,0.0,0
2026-09-03,2,612,Methalie,Sunderland,DEF,4.5,a,100,1.8,0,0,0,0.0,0.0,0.0,0.0,0.0,0.0,0,0,0.0,0.0,0,0,0,0.0,0
2026-09-03,2,613,Ahoka,Sunderland,MID,4.5,a,,1.0,0,0,0,0.0,0.2,0.0,0.0,0.0,0.0,0,0,0.0,0.0,0,0,0,0.0,0
2026-09-03,2,646,Fofana,Sunderland,MID,5.5,a,,2.0,0,0,0,0.0,0.0,0.0,0.0,0.0,0.0,0,0,0.0,0.0,0,0,0,0.0,0
2026-09-03,2,651,J.Angulo,Sunderland,FWD,4.5,a,,1.0,0,0,0,0.0,0.1,0.0,0.0,0.0,0.0,0,0,0.0,0.0,0,0,0,0.0,0
2026-09-03,2,54,Gomes,Aston Villa,MID,5.5,s,0,0.0,39,1,-2,-1.0,0.0,0.0,0.01,0.01,2.58,0,0,0.0,-0.01,0,4,7,1.2,-2
