id,name,full_name,team,pos,price,status,chance_next,news,minutes,starts,total_points,points_per_game,form,selected_by_pct,ep_next,xG,xA,xGI,xGC,xG_per90,xA_per90,xGI_per90,xGC_per90,goals,assists,goals_minus_xG,assists_minus_xA,clean_sheets,goals_conceded,goals_conceded_per90,clean_sheets_per90,saves,saves_per90,own_goals,pens_saved,pens_missed,yellow,red,tackles,cbi,recoveries,defensive_contribution,def_contrib_per90,influence,creativity,threat,ict_index,bonus,bps
115,De Cuyper,Maxim De Cuyper,Brighton,DEF,5.0,a,,,490,6,53,8.8,10.7,32.1,10.7,1.8,0.67,2.47,9.15,0.33,0.12,0.45,1.68,2,3,0.2,2.33,4,5,0.92,0.73,0,0.0,0,0,0,2,0,9,10,23,19,3.49,108.4,171.8,57.0,33.8,8,168
124,Groß,Pascal Groß,Brighton,MID,5.9,a,,,540,6,53,8.8,12.3,36.6,12.3,2.02,1.05,3.07,9.39,0.34,0.18,0.52,1.56,3,5,0.98,3.95,4,5,0.83,0.67,0,0.0,0,0,0,2,0,12,12,12,36,6.0,211.0,216.0,84.0,50.8,9,188
165,João Pedro,João Pedro Junqueira de Jesus,Chelsea,FWD,7.7,a,100,,431,5,45,9.0,8.0,67.1,8.0,2.75,0.21,2.96,7.58,0.57,0.04,0.61,1.58,5,3,2.25,2.79,0,10,2.09,0.0,0,0.0,1,0,0,1,0,1,3,10,14,2.92,158.4,90.0,123.0,37.0,9,202
229,Tarkowski,James Tarkowski,Everton,DEF,6.2,a,,,450,5,43,8.6,7.3,18.2,7.3,0.18,0.04,0.22,6.94,0.04,0.01,0.05,1.39,1,1,0.82,0.96,3,3,0.6,0.6,0,0.0,0,0,0,0,0,11,40,18,51,10.2,149.6,25.6,30.0,20.5,7,138
330,Bogle,Jayden Bogle,Leeds,DEF,4.6,a,,,450,6,43,7.2,7.0,8.4,7.0,1.49,0.12,1.61,4.8,0.3,0.02,0.32,0.96,2,0,0.51,-0.12,4,3,0.6,0.8,0,0.0,0,0,0,2,0,5,12,16,17,3.4,108.8,34.6,119.0,26.2,6,123
94,Schade,Kevin Schade,Brentford,MID,6.2,d,75,Shoulder injury - 75% chance of playing,498,6,40,6.7,8.3,16.0,6.2,1.93,0.33,2.26,7.56,0.35,0.06,0.41,1.37,3,2,1.07,1.67,2,5,0.9,0.36,0,0.0,0,0,0,0,0,9,6,23,38,6.87,146.2,48.0,160.0,35.4,6,142
504,Vuskovic,Luka Vušković,Brighton,DEF,5.0,a,,,527,6,40,6.7,7.3,4.2,7.3,0.73,0.08,0.81,9.17,0.12,0.01,0.13,1.57,1,0,0.27,-0.08,4,5,0.85,0.68,0,0.0,0,0,0,0,0,7,51,21,58,9.91,128.2,18.0,72.0,21.8,2,119
411,Haaland,Erling Haaland,Man City,FWD,15.6,a,,,450,5,39,7.8,5.0,74.5,5.0,4.42,0.53,4.95,7.25,0.88,0.11,0.99,1.45,5,0,0.58,-0.53,2,5,1.0,0.4,0,0.0,0,0,0,0,0,0,10,10,20,4.0,184.2,22.5,258.0,46.5,9,167
8,Calafiori,Riccardo Calafiori,Arsenal,DEF,5.9,a,,,497,6,38,6.3,5.3,51.6,5.3,1.22,0.68,1.9,4.38,0.22,0.12,0.34,0.79,1,2,-0.22,1.32,3,5,0.91,0.54,0,0.0,0,0,0,0,0,8,14,14,22,3.98,71.6,52.7,66.0,19.1,3,98
40,Rogers,Morgan Rogers,Chelsea,MID,7.8,a,,,520,6,38,6.3,6.3,43.1,6.3,1.86,1.37,3.23,10.14,0.32,0.24,0.56,1.76,4,1,2.14,-0.37,0,13,2.25,0.0,0,0.0,0,0,0,1,0,8,7,29,44,7.62,159.0,140.1,140.0,43.9,2,172
391,Gvardiol,Joško Gvardiol,Man City,DEF,5.7,a,,,434,5,37,7.4,5.0,27.6,5.0,0.22,0.74,0.96,7.25,0.05,0.15,0.2,1.5,1,3,0.78,2.26,2,5,1.04,0.41,0,0.0,0,0,0,1,0,11,20,21,31,6.43,144.4,63.5,32.0,24.0,6,135
154,Palmer,Cole Palmer,Chelsea,MID,9.7,a,100,,529,6,36,6.0,5.0,24.5,5.0,1.31,0.87,2.18,10.17,0.22,0.15,0.37,1.73,2,4,0.69,3.13,0,13,2.21,0.0,0,0.0,0,0,0,1,0,9,4,26,39,6.64,151.0,145.3,144.0,44.1,3,181
428,Cunha,Matheus Santos Carneiro da Cunha,Man Utd,MID,7.9,a,,,497,6,36,6.0,7.3,6.0,7.3,0.81,0.94,1.75,7.0,0.15,0.17,0.32,1.27,1,3,0.19,2.06,1,6,1.09,0.18,0,0.0,0,0,0,0,0,7,3,17,27,4.89,73.0,111.5,114.0,30.0,7,126
12,Saka,Bukayo Saka,Arsenal,MID,9.6,a,,,506,6,34,5.7,4.0,17.1,4.0,3.63,1.04,4.67,4.2,0.65,0.18,0.83,0.75,3,0,-0.63,-1.04,3,5,0.89,0.53,0,0.0,0,0,0,0,0,7,11,21,39,6.94,155.6,125.6,240.0,52.1,4,146
572,Tzolakis,Konstantinos Tzolakis,Hull City,GK,4.7,a,,,450,5,34,6.8,2.7,13.3,2.7,0.0,0.0,0.0,7.4,0.0,0.0,0.0,1.48,0,0,0.0,0.0,3,4,0.8,0.6,17,3.4,0,1,0,1,0,1,2,69,0,0.0,150.0,0.0,0.0,15.0,6,129
399,Cherki,Rayan Cherki,Man City,MID,7.8,a,,,302,4,34,6.8,3.0,28.8,3.0,0.72,1.54,2.26,5.0,0.21,0.46,0.67,1.49,3,2,2.28,0.46,1,4,1.19,0.3,0,0.0,0,0,0,1,0,0,3,9,12,3.58,165.8,199.0,108.0,47.3,5,150
1,Raya,David Raya Martín,Arsenal,GK,6.1,a,,,540,6,33,5.5,6.0,43.7,6.0,0.0,0.01,0.01,4.65,0.0,0.0,0.0,0.78,0,0,0.0,-0.01,3,5,0.83,0.5,13,2.17,0,1,0,0,0,1,7,71,0,0.0,104.6,0.2,0.0,10.6,3,122
379,Isak,Alexander Isak,Liverpool,FWD,9.1,i,0,Thigh injury - Unknown return date,413,5,33,6.6,3.3,16.3,0.0,3.54,0.08,3.62,5.82,0.77,0.02,0.79,1.27,4,0,0.46,-0.08,3,4,0.87,0.65,0,0.0,0,0,0,1,0,1,3,3,7,1.53,146.2,47.5,207.0,40.0,8,133
397,Semenyo,Antoine Semenyo,Man City,MID,8.4,d,75,Ankle injury - 75% chance of playing,450,5,33,6.6,6.7,13.5,5.0,0.33,1.16,1.49,7.25,0.07,0.23,0.3,1.45,2,3,1.67,1.84,2,5,1.0,0.4,0,0.0,0,0,0,0,0,6,2,14,22,4.4,155.4,148.1,130.0,43.4,2,147
427,Mbeumo,Bryan Mbeumo,Man Utd,MID,7.9,a,,,540,6,33,5.5,4.0,19.9,4.0,3.28,0.9,4.18,8.36,0.55,0.15,0.7,1.39,3,1,-0.28,0.1,0,9,1.5,0.0,0,0.0,0,0,0,1,0,5,8,15,28,4.67,120.8,164.2,156.0,44.2,4,138
68,Tavernier,Marcus Tavernier,Bournemouth,MID,6.1,a,,,496,6,32,5.3,3.7,7.3,3.7,1.7,0.96,2.66,7.62,0.31,0.17,0.48,1.38,3,0,1.3,-0.96,0,13,2.36,0.0,0,0.0,0,0,0,3,0,12,6,29,47,8.53,161.8,146.1,147.0,45.5,8,158
109,Verbruggen,Bart Verbruggen,Brighton,GK,4.5,a,,,540,6,32,5.3,7.7,21.3,7.7,0.0,0.2,0.2,9.39,0.0,0.03,0.03,1.56,0,0,0.0,-0.2,4,5,0.83,0.67,15,2.5,0,0,0,0,0,0,4,44,0,0.0,113.8,3.0,0.0,11.7,2,135
332,Justin,James Justin,Leeds,DEF,4.5,a,,,528,6,32,5.3,5.3,1.5,5.3,0.41,0.42,0.83,7.67,0.07,0.07,0.14,1.31,1,0,0.59,-0.42,2,5,0.85,0.34,0,0.0,0,0,0,1,0,17,33,17,50,8.52,103.6,56.1,41.0,20.0,4,103
367,Gakpo,Cody Gakpo,Liverpool,MID,7.2,i,0,Ankle injury - Unknown return date,370,4,32,6.4,1.3,9.1,0.0,0.64,1.71,2.35,5.51,0.16,0.42,0.58,1.34,1,3,0.36,1.29,2,4,0.97,0.49,0,0.0,0,0,0,0,0,8,9,15,32,7.78,133.4,148.8,70.0,35.2,5,113
426,B.Fernandes,Bruno Borges Fernandes,Man Utd,MID,11.9,a,,,540,6,32,5.3,1.7,37.0,1.7,2.58,1.46,4.04,8.36,0.43,0.24,0.67,1.39,3,1,0.42,-0.46,0,9,1.5,0.0,0,0.0,0,0,0,1,0,6,4,25,35,5.83,187.0,241.7,117.0,54.6,3,158
98,Janelt,Vitaly Janelt,Brentford,MID,5.0,a,,,540,6,31,5.2,3.3,2.5,3.3,0.53,0.49,1.02,8.08,0.09,0.08,0.17,1.35,2,0,1.47,-0.49,2,6,1.0,0.33,0,0.0,0,0,0,4,0,18,33,28,79,13.17,164.0,97.5,47.0,30.9,3,119
286,Belloumi,Mohamed Belloumi,Hull City,MID,5.1,a,,,394,5,31,6.2,5.7,6.1,5.7,0.72,0.43,1.15,6.44,0.16,0.1,0.26,1.47,2,2,1.28,1.57,3,3,0.69,0.69,0,0.0,0,0,0,1,0,16,14,14,44,10.05,157.8,67.5,100.0,32.5,2,111
449,Hall,Lewis Hall,Newcastle,DEF,5.3,a,,,449,5,31,6.2,4.3,20.8,4.3,0.25,0.79,1.04,9.12,0.05,0.16,0.21,1.83,1,1,0.75,0.21,1,9,1.8,0.2,0,0.0,0,0,0,0,0,13,33,38,46,9.22,175.6,89.0,38.0,30.2,6,127
15,Ødegaard,Martin Ødegaard,Arsenal,MID,6.8,a,,,466,6,30,5.0,2.0,20.3,2.0,1.9,1.44,3.34,3.85,0.37,0.28,0.65,0.74,2,0,0.1,-1.44,3,5,0.97,0.58,0,0.0,0,0,0,1,0,6,6,17,29,5.6,121.8,166.9,73.0,36.2,6,149
69,Scott,Alex Scott,Bournemouth,MID,6.1,i,0,Thigh injury - Unknown return date,446,5,30,6.0,2.0,4.2,0.0,0.64,0.42,1.06,6.82,0.13,0.08,0.21,1.38,1,2,0.36,1.58,1,7,1.41,0.2,0,0.0,0,0,0,1,0,9,15,36,60,12.11,102.8,146.4,56.0,30.5,5,129
385,Trafford,James Trafford,Leeds,GK,5.0,a,,,540,6,30,5.0,5.0,5.6,5.0,0.0,0.01,0.01,8.79,0.0,0.0,0.0,1.46,0,0,0.0,-0.01,2,5,0.83,0.33,24,4.0,0,0,0,0,0,0,7,69,0,0.0,148.6,0.0,0.0,14.9,5,132
388,Guéhi,Marc Guéhi,Man City,DEF,6.0,a,,,450,5,30,6.0,3.3,17.9,3.3,0.95,0.39,1.34,7.25,0.19,0.08,0.27,1.45,1,1,0.05,0.61,2,5,1.0,0.4,0,0.0,0,0,0,0,0,3,26,19,29,5.8,146.0,56.6,41.0,24.3,4,114
127,Gomez,Diego Gómez Amarilla,Brighton,MID,5.0,a,,,520,6,29,4.8,5.3,3.6,5.3,1.02,0.79,1.81,9.21,0.18,0.14,0.32,1.59,0,3,-1.02,2.21,4,5,0.87,0.69,0,0.0,0,0,0,0,0,18,12,25,55,9.52,84.2,103.4,126.0,31.4,0,98
138,Kostoulas,Charalampos Kostoulas,Brighton,FWD,5.6,a,,,412,5,29,4.8,7.0,8.2,7.0,1.36,0.07,1.43,8.19,0.3,0.02,0.32,1.79,2,3,0.64,2.93,2,5,1.09,0.44,0,0.0,0,0,0,1,0,6,8,20,34,7.43,95.8,39.1,127.0,26.1,3,114
334,Muharemović,Tarik Muharemović,Leeds,DEF,5.0,a,,,540,6,29,4.8,5.0,4.5,5.0,0.49,0.05,0.54,8.79,0.08,0.01,0.09,1.46,0,1,-0.49,0.95,2,5,0.83,0.33,0,0.0,0,0,0,1,0,5,63,19,68,11.33,147.4,13.6,41.0,20.2,0,105
335,Stach,Anton Stach,Leeds,MID,6.0,a,,,537,6,29,4.8,3.3,2.4,3.3,1.06,0.36,1.42,8.5,0.18,0.06,0.24,1.42,1,0,-0.06,-0.36,3,4,0.67,0.5,0,0.0,0,0,0,0,0,16,28,24,68,11.4,116.4,93.3,55.0,26.5,3,102
316,Emersonn,Emersonn Correia da Silva,Ipswich Town,FWD,5.6,a,100,,387,6,28,4.7,5.3,4.0,5.3,2.05,0.13,2.18,5.89,0.48,0.03,0.51,1.37,2,1,-0.05,0.87,0,7,1.63,0.0,0,0.0,0,0,0,0,0,4,5,5,14,3.26,98.8,50.4,104.0,25.3,6,118
453,Barnes,Harvey Barnes,Newcastle,MID,6.1,a,,,450,5,28,5.6,3.7,8.2,3.7,0.62,0.48,1.1,9.14,0.12,0.1,0.22,1.83,1,3,0.38,2.52,1,9,1.8,0.2,0,0.0,0,0,0,0,0,3,14,16,33,6.6,105.2,80.9,96.0,28.2,3,105
480,Gibbs-White,Morgan Gibbs-White,Nott'm Forest,MID,8.0,a,100,,450,5,28,5.6,3.3,15.7,3.3,1.56,1.42,2.98,4.77,0.31,0.28,0.59,0.95,1,2,-0.56,0.58,1,5,1.0,0.2,0,0.0,0,0,0,0,0,5,2,14,21,4.2,123.4,204.7,78.0,40.6,6,116
4,Gabriel,Gabriel dos Santos Magalhães,Arsenal,DEF,8.0,a,,,540,6,27,4.5,4.0,22.3,4.0,0.51,0.21,0.72,4.65,0.08,0.04,0.12,0.78,0,0,-0.51,-0.21,3,5,0.83,0.5,0,0.0,0,0,0,2,0,6,40,18,46,7.67,94.8,22.0,84.0,20.0,2,97
13,Rice,Declan Rice,Arsenal,MID,7.4,a,100,,501,6,27,4.5,4.7,10.7,4.7,0.12,0.77,0.89,4.12,0.02,0.14,0.16,0.74,0,3,-0.12,2.23,3,5,0.9,0.54,0,0.0,0,0,0,1,0,9,23,20,52,9.34,120.2,108.4,5.0,23.4,2,119
87,Ajer,Kristoffer Ajer,Brentford,DEF,4.5,a,,,540,6,27,4.5,4.7,3.7,4.7,0.38,0.08,0.46,8.08,0.06,0.01,0.07,1.35,1,0,0.62,-0.08,2,6,1.0,0.33,0,0.0,0,0,0,2,0,6,52,18,58,9.67,104.2,34.0,49.0,18.8,1,93
230,Branthwaite,Jarrad Branthwaite,Everton,DEF,5.5,a,,,450,5,27,5.4,4.7,2.6,4.7,0.17,0.02,0.19,6.94,0.03,0.0,0.03,1.39,0,0,-0.17,-0.02,3,3,0.6,0.6,0,0.0,0,0,0,0,0,5,49,14,54,10.8,145.4,7.2,73.0,22.5,0,97
233,Mykolenko,Vitalii Mykolenko,Everton,DEF,4.6,d,75,Leg injury - 75% chance of playing,450,5,27,5.4,5.3,3.5,4.0,0.04,0.16,0.2,6.94,0.01,0.03,0.04,1.39,0,0,-0.04,-0.16,3,3,0.6,0.6,0,0.0,0,0,0,1,0,14,25,30,39,7.8,105.6,35.7,13.0,15.5,3,109
279,Ajayi,Semi Ajayi,Hull City,DEF,4.2,a,100,,423,5,27,5.4,0.7,14.0,0.7,0.66,0.01,0.67,6.43,0.14,0.0,0.14,1.37,1,0,0.34,-0.01,3,4,0.85,0.64,0,0.0,0,0,0,1,0,6,21,16,27,5.74,85.6,4.2,51.0,14.1,2,79
350,A.Becker,Alisson Becker,Liverpool,GK,5.5,a,,,450,5,27,5.4,5.7,4.2,5.7,0.0,0.0,0.0,6.12,0.0,0.0,0.0,1.22,0,0,0.0,0.0,3,4,0.8,0.6,14,2.8,0,0,0,1,0,0,10,47,0,0.0,99.2,0.0,0.0,9.9,5,96
10,White,Benjamin White,Arsenal,DEF,5.4,a,100,,377,5,26,5.2,2.0,4.4,2.0,0.18,0.46,0.64,1.75,0.04,0.11,0.15,0.42,0,2,-0.18,1.54,2,2,0.48,0.48,0,0.0,0,0,0,0,0,9,13,14,22,5.25,69.6,53.0,29.0,15.2,3,98
45,McGinn,John McGinn,Aston Villa,MID,5.4,a,,,524,6,26,4.3,7.0,2.2,7.0,1.44,0.32,1.76,9.54,0.25,0.05,0.3,1.64,1,2,-0.44,1.68,2,9,1.55,0.34,0,0.0,0,0,0,2,0,6,9,21,36,6.18,52.4,84.9,15.0,14.8,3,100
268,King,Josh King,Fulham,MID,5.6,a,,,500,6,26,4.3,2.3,4.7,2.3,1.54,0.74,2.28,8.92,0.28,0.13,0.41,1.61,2,0,0.46,-0.74,3,7,1.26,0.54,0,0.0,0,0,0,2,0,7,5,19,31,5.58,111.4,67.2,179.0,35.8,3,122
277,Egan,John Egan,Hull City,DEF,4.1,a,,,437,5,26,5.2,1.0,7.5,1.0,0.05,0.0,0.05,7.27,0.01,0.0,0.01,1.5,0,0,-0.05,0.0,3,4,0.82,0.62,0,0.0,0,0,0,1,0,9,50,12,59,12.15,110.8,1.3,21.0,13.4,1,71
305,Davis,Leif Davis,Ipswich Town,DEF,4.0,a,,,540,6,26,4.3,5.7,7.7,5.7,1.64,0.47,2.11,10.79,0.27,0.08,0.35,1.8,2,2,0.36,1.53,0,12,2.0,0.0,0,0.0,0,0,0,1,0,4,24,11,28,4.67,144.8,61.9,117.0,32.5,1,57
432,Mainoo,Kobbie Mainoo,Man Utd,MID,5.5,a,100,,444,5,26,4.3,4.0,1.5,4.0,0.3,0.55,0.85,6.33,0.06,0.11,0.17,1.28,0,1,-0.3,0.45,0,5,1.01,0.0,0,0.0,0,0,0,0,0,11,12,50,73,14.8,83.2,88.8,21.0,19.3,2,121
41,Buendía,Emiliano Buendía Stati,Aston Villa,MID,5.9,a,,,464,6,25,4.2,6.0,1.2,6.0,1.23,0.33,1.56,8.62,0.24,0.06,0.3,1.67,1,1,-0.23,0.67,1,9,1.75,0.19,0,0.0,0,0,0,1,0,12,5,27,44,8.53,66.0,80.5,59.0,19.6,3,94
79,Evanilson,Francisco Evanilson de Lima Barbosa,Bournemouth,FWD,6.0,a,,,514,6,25,4.2,4.7,3.3,4.7,1.5,0.64,2.14,7.53,0.26,0.11,0.37,1.32,1,3,-0.5,2.36,2,10,1.75,0.35,0,0.0,0,0,0,1,0,4,13,18,35,6.13,71.4,82.6,99.0,25.2,1,107
226,Pickford,Jordan Pickford,Everton,GK,5.5,a,,,450,5,25,5.0,4.7,9.1,4.7,0.0,0.02,0.02,6.94,0.0,0.0,0.0,1.39,0,0,0.0,-0.02,3,3,0.6,0.6,15,3.0,0,0,0,0,0,0,7,53,0,0.0,119.2,0.0,0.0,12.0,1,121
586,Mendy,Nobel Mendy,Hull City,DEF,4.1,a,100,,249,4,25,6.2,0.3,6.2,0.3,0.32,0.0,0.32,4.02,0.12,0.0,0.12,1.45,1,0,0.68,0.0,2,1,0.36,0.72,0,0.0,0,0,0,0,0,7,32,6,39,14.1,108.2,1.4,54.0,16.4,1,69
356,Virgil,Virgil van Dijk,Liverpool,DEF,6.5,a,,,450,5,25,5.0,5.3,16.0,5.3,0.25,0.08,0.33,6.12,0.05,0.02,0.07,1.22,0,0,-0.25,-0.08,3,4,0.8,0.6,0,0.0,0,0,0,1,0,5,43,18,48,9.6,125.0,22.3,26.0,17.4,0,96
112,Van Hecke,Jan Paul van Hecke,Spurs,DEF,4.9,a,100,,540,6,25,4.2,5.0,6.2,5.0,0.69,0.45,1.14,8.55,0.12,0.08,0.2,1.42,1,0,0.31,-0.45,2,9,1.5,0.33,0,0.0,0,0,0,2,0,10,42,23,52,8.67,171.8,74.9,70.0,31.6,2,92
86,Lewis-Potter,Keane Lewis-Potter,Brentford,MID,5.5,a,,,472,6,24,4.0,2.0,1.6,2.0,1.24,0.83,2.07,7.17,0.24,0.16,0.4,1.37,1,1,-0.24,0.17,2,5,0.95,0.38,0,0.0,0,0,0,0,0,6,18,19,43,8.2,113.6,109.3,73.0,29.5,3,92
114,Boscagli,Olivier Boscagli,Brighton,DEF,4.5,a,,,504,6,24,4.0,5.7,0.3,5.7,0.07,0.59,0.66,9.02,0.01,0.11,0.12,1.61,0,0,-0.07,-0.59,4,5,0.89,0.71,0,0.0,0,0,0,2,0,4,29,18,33,5.89,77.2,115.7,21.0,21.4,0,114
173,Thomas,Bobby Thomas,Coventry City,DEF,4.0,a,,,437,5,24,4.8,3.0,8.8,3.0,0.49,0.3,0.79,8.09,0.1,0.06,0.16,1.67,0,0,-0.49,-0.3,2,9,1.85,0.41,0,0.0,0,0,0,0,0,3,49,16,52,10.71,94.8,33.7,56.0,18.4,3,78
204,Mitchell,Tyrick Mitchell,Crystal Palace,DEF,4.5,a,,,419,5,24,4.8,2.7,6.0,2.7,0.77,0.26,1.03,8.34,0.17,0.06,0.23,1.79,2,0,1.23,-0.26,1,10,2.15,0.21,0,0.0,0,0,0,0,0,11,14,23,25,5.37,128.2,67.9,62.0,25.8,3,68
282,Giles,Ryan Giles,Hull City,DEF,4.0,a,,,444,5,24,4.8,1.3,3.0,1.3,0.02,0.43,0.45,7.33,0.0,0.09,0.09,1.49,0,1,-0.02,0.57,3,4,0.81,0.61,0,0.0,0,0,0,1,0,5,19,14,24,4.86,82.8,132.5,6.0,22.2,2,94
346,Calvert-Lewin,Dominic Calvert-Lewin,Leeds,FWD,6.0,a,,,509,6,24,4.0,4.7,22.8,4.7,3.0,0.08,3.08,7.18,0.53,0.01,0.54,1.27,2,1,-1.0,0.92,3,4,0.71,0.53,0,0.0,0,0,0,3,0,0,11,15,26,4.6,104.0,29.6,153.0,28.2,4,80
362,Jacquet,Jeremy Jacquet,Liverpool,DEF,5.0,a,100,,415,5,24,4.8,5.0,3.6,5.0,0.0,0.14,0.14,5.51,0.0,0.03,0.03,1.19,0,0,0.0,-0.14,3,4,0.87,0.65,0,0.0,0,0,0,1,0,11,25,21,36,7.81,106.2,44.5,4.0,15.5,3,112
552,Brobbey,Brian Brobbey,Sunderland,FWD,5.7,i,0,Hamstring injury - Expected back 25 Oct,399,5,24,4.8,6.0,5.6,0.0,2.94,0.11,3.05,8.18,0.66,0.02,0.68,1.85,3,0,0.06,-0.11,1,9,2.03,0.23,0,0.0,0,0,0,1,0,0,1,10,11,2.48,108.4,69.0,142.0,31.7,3,113
88,Kayode,Michael Kayode,Brentford,DEF,4.6,a,,,384,5,23,3.8,2.3,7.6,2.3,0.55,0.51,1.06,5.0,0.13,0.12,0.25,1.17,1,0,0.45,-0.51,2,3,0.7,0.47,0,0.0,0,0,0,1,0,4,17,17,21,4.92,63.8,32.9,56.0,15.3,1,76
565,M.Sangaré,Mamadou Sangaré,Brentford,MID,5.6,a,,,359,4,23,3.8,1.7,8.7,1.7,0.41,0.68,1.09,4.83,0.1,0.17,0.27,1.21,0,2,-0.41,1.32,1,4,1.0,0.25,0,0.0,0,0,0,2,0,16,16,26,58,14.54,76.4,57.8,40.0,17.1,3,83
116,Dunk,Lewis Dunk,Brighton,DEF,4.5,a,100,,390,4,23,4.6,4.3,1.5,4.3,0.03,0.09,0.12,7.24,0.01,0.02,0.03,1.67,1,0,0.97,-0.09,2,5,1.15,0.46,0,0.0,0,0,0,1,0,3,25,15,28,6.46,116.2,14.6,11.0,14.3,1,84
472,Murillo,Murillo Costa dos Santos,Nott'm Forest,DEF,5.5,a,100,,449,5,23,4.6,3.3,2.2,3.3,0.42,0.37,0.79,4.77,0.08,0.07,0.15,0.96,0,1,-0.42,0.63,1,5,1.0,0.2,0,0.0,0,0,0,1,0,9,44,18,53,10.62,124.2,62.6,27.0,21.4,0,76
544,Xhaka,Granit Xhaka,Sunderland,MID,5.5,a,,,540,6,23,3.8,1.7,3.4,1.7,0.15,1.37,1.52,10.07,0.02,0.23,0.25,1.68,0,1,-0.15,-0.37,1,12,2.0,0.17,0,0.0,0,0,0,2,0,11,14,37,62,10.33,93.6,191.1,3.0,28.8,5,128
82,Kelleher,Caoimhín Kelleher,Brentford,GK,5.0,a,,,540,6,22,3.7,3.7,6.1,3.7,0.0,0.01,0.01,8.08,0.0,0.0,0.0,1.35,0,0,0.0,-0.01,2,6,1.0,0.33,22,3.67,0,0,0,0,0,0,9,44,0,0.0,118.0,0.0,0.0,11.7,0,114
93,Schuster,Jannik Schuster,Brentford,DEF,4.5,d,75,Ankle injury - 75% chance of playing,298,3,22,5.5,6.0,0.6,4.5,0.1,0.54,0.64,5.43,0.03,0.16,0.19,1.64,0,1,-0.1,0.46,1,4,1.21,0.3,0,0.0,0,0,0,0,0,3,41,9,44,13.29,92.4,11.5,16.0,12.0,3,59
113,F.Kadıoğlu,Ferdi Kadıoğlu,Brighton,DEF,4.4,a,100,,422,5,22,4.4,6.7,1.5,6.7,0.12,0.14,0.26,8.27,0.03,0.03,0.06,1.76,0,0,-0.12,-0.14,3,5,1.07,0.64,0,0.0,0,0,0,1,0,2,20,14,22,4.69,31.2,58.1,32.0,12.2,1,71
338,Ampadu,Ethan Ampadu,Leeds,MID,5.4,a,,,540,6,22,3.7,4.3,0.9,4.3,0.11,0.3,0.41,8.79,0.02,0.05,0.07,1.46,0,1,-0.11,0.7,2,5,0.83,0.33,0,0.0,0,0,0,1,0,13,29,26,68,11.33,88.6,67.1,5.0,16.1,0,99
579,Araujo,Ronald Araujo,Liverpool,DEF,5.4,a,,,284,3,22,4.4,4.3,3.1,4.3,0.0,0.06,0.06,2.75,0.0,0.02,0.02,0.87,0,0,0.0,-0.06,3,0,0.0,0.95,0,0.0,0,0,0,1,0,5,19,15,24,7.61,60.8,10.5,6.0,7.7,1,81
237,Ndiaye,Iliman Ndiaye,Man City,MID,5.8,a,,,385,4,22,4.4,2.0,6.0,2.0,0.38,0.58,0.96,9.42,0.09,0.14,0.23,2.2,0,2,-0.38,1.42,2,4,0.94,0.47,0,0.0,0,0,0,0,0,8,10,26,44,10.29,77.8,102.6,80.0,26.1,1,110
460,Willock,Joe Willock,Newcastle,MID,5.0,a,,,284,3,22,4.4,3.7,0.6,3.7,0.81,0.3,1.11,5.19,0.26,0.1,0.36,1.64,2,0,1.19,-0.3,1,5,1.58,0.32,0,0.0,0,0,0,0,0,5,4,9,18,5.7,92.2,41.0,68.0,19.4,3,80
26,Havertz,Kai Havertz,Arsenal,FWD,7.6,a,100,,499,6,21,3.5,1.7,6.7,1.7,1.81,0.39,2.2,4.51,0.33,0.07,0.4,0.81,2,0,0.19,-0.39,3,5,0.9,0.54,0,0.0,0,0,0,1,0,0,6,7,13,2.34,89.4,71.3,165.0,32.6,2,85
605,Yalcouyé,Malick Yalcouyé,Brighton,MID,4.5,a,,,258,3,21,3.5,3.3,3.9,3.3,1.46,0.45,1.91,6.72,0.51,0.16,0.67,2.34,2,0,0.54,-0.45,1,4,1.4,0.35,0,0.0,0,0,0,0,0,7,10,8,25,8.72,109.2,70.3,111.0,29.1,1,103
214,Kamada,Daichi Kamada,Crystal Palace,MID,5.0,a,,,441,5,21,4.2,3.7,0.5,3.7,0.47,0.38,0.85,8.85,0.1,0.08,0.18,1.81,0,3,-0.47,2.62,1,10,2.04,0.2,0,0.0,0,0,0,1,0,11,4,23,38,7.76,95.6,81.2,42.0,21.9,0,109
649,Maitland-Niles,Ainsley Maitland-Niles,Everton,DEF,4.5,a,,,177,2,21,7.0,4.7,1.5,4.7,0.06,0.25,0.31,2.0,0.03,0.13,0.16,1.02,1,0,0.94,-0.25,2,1,0.51,1.02,0,0.0,0,0,0,0,0,5,8,7,13,6.61,67.2,38.8,8.0,11.4,2,75
304,O'Shea,Dara O'Shea,Ipswich Town,DEF,4.0,a,,,540,6,21,3.5,4.7,2.5,4.7,0.3,0.28,0.58,10.79,0.05,0.05,0.1,1.8,1,0,0.7,-0.28,0,12,2.0,0.0,0,0.0,0,0,0,0,0,8,49,25,57,9.5,130.0,71.0,21.0,22.1,3,50
455,Tonali,Sandro Tonali,Spurs,MID,5.3,a,100,,517,6,21,3.5,4.0,1.7,4.0,0.25,0.89,1.14,8.49,0.04,0.15,0.19,1.48,0,1,-0.25,0.11,2,9,1.57,0.35,0,0.0,0,0,0,0,0,12,13,26,51,8.88,63.0,89.0,28.0,18.0,2,115
496,Kinsky,Antonín Kinský,Spurs,GK,4.5,a,,,540,6,21,3.5,4.0,15.8,4.0,0.0,0.0,0.0,8.55,0.0,0.0,0.0,1.42,0,0,0.0,0.0,2,9,1.5,0.33,15,2.5,0,0,0,0,0,0,10,43,0,0.0,104.8,10.0,0.0,11.5,0,91
105,Anthony,Jaidon Anthony,Brentford,MID,5.9,a,,,351,4,20,3.3,5.3,0.2,5.3,1.39,0.55,1.94,5.17,0.36,0.14,0.5,1.33,1,1,-0.39,0.45,2,5,1.28,0.51,0,0.0,0,0,0,1,0,5,7,21,33,8.46,65.0,89.3,58.0,21.2,2,80
101,Henderson,Jordan Henderson,Chelsea,MID,4.9,a,100,,180,2,20,10.0,6.7,0.1,6.7,0.12,0.13,0.25,4.11,0.06,0.06,0.12,2.06,2,1,1.88,0.87,0,4,2.0,0.0,0,0.0,0,0,0,0,0,1,7,10,18,9.0,16.6,10.4,0.0,2.7,3,78
176,Dasilva,Jay Dasilva,Coventry City,DEF,4.0,a,,,444,5,20,4.0,5.0,0.9,5.0,0.5,0.52,1.02,8.63,0.1,0.11,0.21,1.75,1,0,0.5,-0.52,1,10,2.03,0.2,0,0.0,0,0,0,0,0,4,19,14,23,4.66,110.6,67.7,35.0,21.5,3,54
236,Dewsbury-Hall,Kiernan Dewsbury-Hall,Everton,MID,6.6,a,,,450,5,20,4.0,1.7,5.5,1.7,0.99,0.83,1.82,6.74,0.2,0.17,0.37,1.35,1,0,0.01,-0.83,3,3,0.6,0.6,0,0.0,0,0,0,1,0,11,5,26,42,8.4,102.8,160.8,125.0,38.9,3,110
249,Barry,Thierno Barry,Everton,FWD,5.7,a,,,417,5,20,4.0,2.7,8.6,2.7,3.5,0.15,3.65,5.02,0.76,0.03,0.79,1.08,2,0,-1.5,-0.15,3,3,0.65,0.65,0,0.0,0,0,0,0,0,1,5,11,17,3.67,85.8,72.0,207.0,36.5,2,83
250,Leno,Bernd Leno,Fulham,GK,4.5,a,,,540,6,20,3.3,4.7,4.0,4.7,0.0,0.0,0.0,10.26,0.0,0.0,0.0,1.71,0,0,0.0,0.0,1,10,1.67,0.17,19,3.17,0,0,0,0,0,0,7,50,0,0.0,127.6,0.0,0.0,12.8,2,88
258,Castagne,Timothy Castagne,Fulham,DEF,4.5,a,,,408,5,20,4.0,2.3,1.3,2.3,0.67,0.39,1.06,6.81,0.15,0.09,0.24,1.5,0,2,-0.67,1.61,2,7,1.54,0.44,0,0.0,0,0,0,2,0,6,23,18,29,6.4,90.4,58.6,57.0,20.6,0,64
336,Okafor,Noah Okafor,Leeds,MID,5.8,a,,,369,5,20,3.3,4.7,0.4,4.7,0.23,0.28,0.51,3.5,0.06,0.07,0.13,0.85,1,0,0.77,-0.28,3,3,0.73,0.73,0,0.0,0,0,0,0,0,7,3,10,20,4.88,67.0,41.4,40.0,14.8,1,86
368,Szoboszlai,Dominik Szoboszlai,Liverpool,MID,6.9,a,,,440,5,20,4.0,1.7,30.1,1.7,1.42,0.82,2.24,5.99,0.29,0.17,0.46,1.23,1,0,-0.42,-0.82,3,4,0.82,0.61,0,0.0,0,0,0,1,0,6,13,22,41,8.39,108.8,178.0,57.0,34.4,1,103
542,E.Le Fée,Enzo Le Fée,Sunderland,MID,5.7,a,,,518,6,20,3.3,2.3,3.2,2.3,2.08,1.59,3.67,9.73,0.36,0.28,0.64,1.69,1,1,-1.08,-0.59,1,10,1.74,0.17,0,0.0,0,0,1,0,0,7,3,15,25,4.34,88.6,137.3,82.0,31.0,1,104
47,Kamara,Boubacar Kamara,Aston Villa,MID,5.0,a,100,,533,6,19,3.2,4.0,0.3,4.0,0.18,0.24,0.42,9.69,0.03,0.04,0.07,1.64,0,1,-0.18,0.76,2,9,1.52,0.34,0,0.0,0,0,0,0,0,10,18,21,49,8.27,68.0,68.8,6.0,14.3,0,106
53,Manzambi,Johan Manzambi,Aston Villa,MID,5.9,a,100,,183,2,19,6.3,6.3,0.8,6.3,0.88,0.38,1.26,2.72,0.43,0.19,0.62,1.34,1,2,0.12,1.62,1,3,1.48,0.49,0,0.0,0,0,0,0,0,2,2,9,13,6.39,65.8,29.8,60.0,15.6,2,71
166,N.Jackson,Nicolas Jackson,Aston Villa,FWD,6.5,a,,,376,5,19,3.8,5.0,2.0,5.0,0.97,0.73,1.7,4.0,0.23,0.17,0.4,0.96,2,0,1.03,-0.73,1,4,0.96,0.24,0,0.0,0,0,0,2,0,2,1,8,11,2.63,42.8,36.8,76.0,15.4,4,88
156,Neto,Pedro Lomba Neto,Chelsea,MID,6.5,a,,,414,5,19,3.2,3.0,1.4,3.0,0.9,0.64,1.54,8.05,0.2,0.14,0.34,1.75,1,1,0.1,0.36,0,9,1.96,0.0,0,0.0,0,0,0,0,0,8,9,17,34,7.39,82.0,92.6,108.0,28.2,0,102
588,Khalaili,Anan Khalaili,Crystal Palace,DEF,5.0,a,100,,379,4,19,3.8,4.3,0.3,4.3,0.96,0.33,1.29,8.41,0.23,0.08,0.31,2.0,1,0,0.04,-0.33,1,8,1.9,0.24,0,0.0,0,0,0,1,0,21,23,26,44,10.45,128.2,48.8,48.0,22.5,0,54
242,George,Tyrique George,Everton,MID,5.5,a,,,309,4,19,3.8,1.3,0.8,1.3,0.35,0.32,0.67,3.71,0.1,0.09,0.19,1.08,1,0,0.65,-0.32,2,3,0.87,0.58,0,0.0,0,0,0,0,0,1,5,12,18,5.24,64.0,86.2,75.0,22.5,3,77
384,Donnarumma,Gianluigi Donnarumma,Man City,GK,5.5,a,,,450,5,19,3.8,3.0,7.4,3.0,0.0,0.0,0.0,7.25,0.0,0.0,0.0,1.45,0,0,0.0,0.0,2,5,1.0,0.4,14,2.8,1,0,0,0,0,0,4,32,0,0.0,112.6,0.0,0.0,11.4,0,84
469,N.Williams,Neco Williams,Nott'm Forest,DEF,5.0,d,50,Illness - 50% chance of playing,450,5,19,3.8,1.3,7.2,0.7,0.41,0.61,1.02,4.77,0.08,0.12,0.2,0.95,0,1,-0.41,0.39,1,5,1.0,0.2,0,0.0,0,0,0,0,0,14,15,28,29,5.8,90.4,123.7,42.0,25.6,1,85
452,Bruno G.,Bruno Guimarães Rodriguez Moura,Arsenal,MID,6.7,a,100,,150,1,18,4.5,5.7,1.9,5.7,0.19,0.23,0.42,2.21,0.11,0.14,0.25,1.33,2,0,1.81,-0.23,0,3,1.8,0.0,0,0.0,0,0,0,0,0,1,4,13,18,10.8,41.0,6.5,19.0,6.6,4,74
597,Suzuki,Zion Suzuki,Aston Villa,GK,5.0,a,,,450,5,18,3.6,2.0,1.9,2.0,0.0,0.01,0.01,6.7,0.0,0.0,0.0,1.34,0,0,0.0,-0.01,1,7,1.4,0.2,18,3.6,0,0,0,0,0,0,13,51,0,0.0,115.6,0.0,0.0,11.6,3,90
129,Ayari,Yasin Ayari,Brighton,MID,5.4,a,100,,420,5,18,3.6,4.7,0.4,4.7,0.82,0.19,1.01,6.36,0.18,0.04,0.22,1.36,1,0,0.18,-0.19,4,1,0.21,0.86,0,0.0,0,0,0,1,0,2,5,16,23,4.93,56.0,48.9,68.0,16.9,0,76
261,Iwobi,Alex Iwobi,Fulham,MID,5.4,a,,,494,6,18,3.0,4.0,0.7,4.0,0.39,1.41,1.8,9.05,0.07,0.26,0.33,1.65,0,0,-0.39,-1.41,3,7,1.28,0.55,0,0.0,0,0,0,0,0,7,6,27,40,7.29,60.6,167.5,49.0,27.7,3,118
331,Gudmundsson,Gabriel Gudmundsson,Leeds,DEF,4.5,a,100,,342,4,18,4.5,5.3,0.1,5.3,0.07,0.25,0.32,6.16,0.02,0.07,0.09,1.62,0,1,-0.07,0.75,2,3,0.79,0.53,0,0.0,0,0,0,0,0,10,7,15,17,4.47,38.6,29.5,8.0,7.7,0,79
366,Wirtz,Florian Wirtz,Liverpool,MID,7.3,a,,,402,5,18,3.6,3.0,5.4,3.0,1.0,0.4,1.4,4.82,0.22,0.09,0.31,1.08,0,2,-1.0,1.6,3,4,0.9,0.67,0,0.0,0,0,0,1,0,8,3,25,36,8.06,65.0,147.3,101.0,31.4,0,92
454,Elanga,Anthony Elanga,Newcastle,MID,6.1,i,0,Unspecified injury - Unknown return date,232,3,18,6.0,0.0,3.4,0.0,0.42,0.34,0.76,4.01,0.16,0.13,0.29,1.56,2,0,1.58,-0.34,1,3,1.16,0.39,0,0.0,0,0,0,1,0,4,2,3,9,3.49,82.6,50.6,61.0,19.4,2,71
551,N.Angulo,Nilson Angulo,Sunderland,MID,5.0,a,,,385,6,18,3.0,2.7,0.1,2.7,0.6,0.13,0.73,5.51,0.14,0.03,0.17,1.29,1,1,0.4,0.87,1,8,1.87,0.23,0,0.0,0,0,0,1,0,7,6,14,27,6.31,72.2,38.3,47.0,15.7,0,75
102,Yarmoliuk,Yehor Yarmoliuk,Brentford,MID,4.8,a,,,282,3,17,2.8,5.0,0.6,5.0,0.24,0.32,0.56,6.06,0.08,0.1,0.18,1.93,1,1,0.76,0.68,1,5,1.6,0.32,0,0.0,0,0,0,1,0,7,9,14,30,9.57,53.0,60.5,20.0,13.4,1,75
257,Bassey,Calvin Bassey,Fulham,DEF,4.5,a,,,540,6,17,2.8,4.7,0.9,4.7,0.13,0.1,0.23,10.26,0.02,0.02,0.04,1.71,0,1,-0.13,0.9,1,10,1.67,0.17,0,0.0,0,0,0,2,0,10,31,22,41,6.83,97.0,15.3,40.0,15.2,1,71
591,Enciso,Julio Enciso,Ipswich Town,MID,5.5,a,100,,483,6,17,2.8,2.0,0.8,2.0,1.33,1.61,2.94,10.07,0.25,0.3,0.55,1.88,0,2,-1.33,0.39,0,12,2.24,0.0,0,0.0,0,0,0,1,0,3,5,25,33,6.15,60.2,75.6,100.0,23.6,0,98
390,Rúben,Rúben dos Santos Gato Alves Dias,Man City,DEF,5.5,a,,,450,5,17,3.4,2.3,1.9,2.3,0.29,0.74,1.03,7.25,0.06,0.15,0.21,1.45,0,0,-0.29,-0.74,2,5,1.0,0.4,0,0.0,0,0,0,0,0,1,25,16,26,5.2,94.2,47.3,46.0,18.7,0,72
43,Tielemans,Youri Tielemans,Man Utd,MID,5.8,a,100,,460,6,17,2.8,3.0,1.4,3.0,0.65,0.66,1.31,7.39,0.13,0.13,0.26,1.45,0,0,-0.65,-0.66,0,8,1.57,0.0,0,0.0,0,0,0,0,0,12,11,38,61,11.93,87.2,112.6,43.0,24.4,0,109
502,Robertson,Andrew Robertson,Spurs,DEF,4.4,a,,,366,4,17,3.4,3.7,2.4,3.7,0.13,0.43,0.56,7.05,0.03,0.11,0.14,1.73,0,1,-0.13,0.57,1,7,1.72,0.25,0,0.0,0,0,0,0,0,5,15,15,20,4.92,89.6,123.9,41.0,25.4,1,68
503,Van de Ven,Micky van de Ven,Spurs,DEF,5.0,a,100,,376,4,17,3.4,2.7,3.7,2.7,0.59,0.05,0.64,4.34,0.14,0.01,0.15,1.04,0,0,-0.59,-0.05,2,5,1.2,0.48,0,0.0,0,0,0,1,0,5,24,18,29,6.94,75.8,8.7,18.0,10.3,3,72
553,Isidor,Wilson Isidor,Sunderland,FWD,5.5,a,,,207,1,17,2.8,1.3,1.3,1.3,1.67,0.01,1.68,5.19,0.73,0.0,0.73,2.26,1,1,-0.67,0.99,0,5,2.17,0.0,0,0.0,0,0,0,0,0,2,0,6,8,3.48,30.8,1.0,35.0,6.7,3,58
31,Konsa,Ezri Konsa Ngoyo,Arsenal,DEF,4.6,a,100,,371,4,16,3.2,3.7,17.3,3.7,0.23,0.02,0.25,4.12,0.06,0.0,0.06,1.0,0,0,-0.23,-0.02,1,5,1.21,0.24,0,0.0,0,0,0,0,0,8,25,12,33,8.01,45.0,14.0,14.0,7.3,0,53
557,Tzolis,Christos Tzolis,Arsenal,MID,6.3,i,0,Hamstring injury - Expected back 24 Oct,362,5,16,3.2,1.7,7.4,0.0,0.19,0.55,0.74,2.73,0.05,0.14,0.19,0.68,0,2,-0.19,1.45,2,4,0.99,0.5,0,0.0,0,0,0,2,0,4,7,12,23,5.72,56.4,115.1,46.0,21.8,1,81
96,Damsgaard,Mikkel Damsgaard,Brentford,MID,5.4,d,75,Unspecified injury - 75% chance of playing,283,3,16,3.2,1.3,0.4,1.0,0.17,0.73,0.9,3.06,0.05,0.23,0.28,0.97,0,1,-0.17,0.27,2,1,0.32,0.64,0,0.0,0,0,0,0,0,7,6,18,31,9.86,47.4,118.2,42.0,20.7,3,74
123,Hinshelwood,Jack Hinshelwood,Brighton,MID,5.9,d,50,Ankle injury - 50% chance of playing,63,1,16,16.0,0.0,0.5,0.0,1.41,0.02,1.43,0.19,2.01,0.03,2.04,0.27,2,0,0.59,-0.02,1,0,0.0,1.43,0,0.0,0,0,0,0,0,2,0,1,3,4.29,72.8,13.4,59.0,14.5,3,54
110,Rushworth,Carl Rushworth,Coventry City,GK,4.5,a,,,450,5,16,3.2,3.7,0.7,3.7,0.0,0.02,0.02,8.63,0.0,0.0,0.0,1.73,0,1,0.0,0.98,1,10,2.0,0.2,9,1.8,0,0,0,0,0,0,4,50,0,0.0,90.6,10.0,0.0,10.1,2,56
244,Armstrong,Harrison Armstrong,Everton,MID,5.0,a,100,,446,5,16,3.2,1.7,0.4,1.7,0.21,0.49,0.7,6.94,0.04,0.1,0.14,1.4,0,1,-0.21,0.51,3,3,0.61,0.61,0,0.0,0,0,0,2,0,8,13,19,40,8.07,62.6,64.5,19.0,14.7,0,61
264,Bobb,Oscar Bobb,Fulham,MID,5.5,a,,,418,6,16,2.7,3.0,0.3,3.0,1.03,1.18,2.21,6.82,0.22,0.25,0.47,1.47,0,0,-1.03,-1.18,4,6,1.29,0.86,0,0.0,0,0,0,0,0,10,5,18,33,7.11,42.0,118.7,77.0,23.8,0,64
569,Gonzalo,Gonzalo García,Fulham,FWD,6.1,a,,,511,6,16,2.7,2.0,7.3,2.0,3.0,0.59,3.59,9.18,0.53,0.1,0.63,1.62,1,0,-2.0,-0.59,3,7,1.23,0.53,0,0.0,0,0,0,0,0,2,7,10,19,3.35,53.0,46.8,125.0,22.1,0,56
580,Charles,Shea Charles,Fulham,MID,5.0,a,,,373,4,16,2.7,4.0,0.1,4.0,0.14,0.17,0.31,7.28,0.03,0.04,0.07,1.76,0,0,-0.14,-0.17,2,5,1.21,0.48,0,0.0,0,0,0,0,0,6,23,25,54,13.03,85.4,46.1,14.0,14.5,0,76
592,Ouattara,Abdoul Ouattara,Ipswich Town,DEF,4.0,a,,,221,2,16,2.7,4.3,0.8,4.3,0.04,0.08,0.12,4.94,0.02,0.03,0.05,2.01,1,0,0.96,-0.08,0,3,1.22,0.0,0,0.0,0,0,0,0,0,5,10,19,15,6.11,31.6,36.2,9.0,7.6,2,54
533,Mukiele,Nordi Mukiele,Sunderland,DEF,5.4,a,100,,450,5,16,3.2,1.0,1.8,1.0,0.81,0.32,1.13,8.27,0.16,0.06,0.22,1.65,0,0,-0.81,-0.32,1,10,2.0,0.2,0,0.0,0,0,0,1,0,16,42,26,58,11.6,115.6,48.4,59.0,22.3,1,59
70,Kluivert,Justin Kluivert,Bournemouth,MID,5.9,i,0,Unspecified injury - Unknown return date,294,4,15,3.8,2.7,0.7,0.0,0.99,0.08,1.07,4.48,0.3,0.02,0.32,1.37,1,0,0.01,-0.08,2,3,0.92,0.61,0,0.0,0,0,0,1,0,4,2,16,22,6.73,62.2,46.5,120.0,22.5,1,64
639,Andrés,José María Andrés Baixauli,Brighton,MID,5.5,a,,,199,2,15,5.0,5.0,0.1,5.0,0.52,0.13,0.65,2.42,0.24,0.06,0.3,1.09,1,1,0.48,0.87,2,0,0.0,0.9,0,0.0,0,0,0,0,0,2,6,12,20,9.05,52.2,17.9,39.0,10.9,0,46
200,Lacroix,Maxence Lacroix,Chelsea,DEF,5.9,a,,,454,5,15,2.5,2.0,6.6,2.0,0.15,0.22,0.37,9.39,0.03,0.04,0.07,1.86,0,1,-0.15,0.78,0,11,2.18,0.0,0,0.0,0,0,0,1,0,11,44,12,55,10.9,116.2,13.9,14.0,14.4,0,41
650,Affengruber,David Affengruber,Fulham,DEF,4.5,a,,,270,3,15,5.0,5.0,0.6,5.0,0.08,0.03,0.11,4.03,0.03,0.01,0.04,1.34,0,0,-0.08,-0.03,1,3,1.0,0.33,0,0.0,0,0,0,0,0,6,28,10,34,11.33,51.0,14.6,0.0,6.6,0,43
290,Slater,Regan Slater,Hull City,MID,4.5,a,,,437,5,15,3.0,1.3,5.1,1.3,0.21,0.59,0.8,7.27,0.04,0.12,0.16,1.5,0,1,-0.21,0.41,3,4,0.82,0.62,0,0.0,0,0,0,1,0,9,9,15,33,6.8,62.2,85.1,26.0,17.4,0,67
267,Lukić,Saša Lukić,Ipswich Town,MID,4.9,a,,,490,6,15,2.5,2.3,0.1,2.3,0.02,0.46,0.48,9.18,0.0,0.08,0.08,1.69,0,1,-0.02,0.54,0,11,2.02,0.0,0,0.0,0,0,0,2,0,11,20,19,50,9.18,71.0,81.2,6.0,15.8,0,84
313,Clarke,Jack Clarke,Ipswich Town,MID,5.3,a,,,197,2,15,3.0,2.3,0.2,2.3,0.3,0.4,0.7,2.18,0.14,0.18,0.32,1.0,1,1,0.7,0.6,0,2,0.91,0.0,0,0.0,0,0,0,1,0,2,4,6,12,5.48,52.0,55.4,45.0,15.2,1,65
345,Tanaka,Tanaka Ao,Leeds,MID,4.9,a,,,325,4,15,3.0,3.0,0.3,3.0,0.81,0.05,0.86,4.37,0.22,0.01,0.23,1.21,0,2,-0.81,1.95,2,3,0.83,0.55,0,0.0,0,0,0,2,0,10,12,14,36,9.97,50.0,18.3,20.0,8.6,0,54
377,Munoz,Victor Munoz,Liverpool,MID,6.5,a,,,257,3,15,3.0,0.7,0.8,0.7,0.52,0.31,0.83,4.63,0.18,0.11,0.29,1.62,1,1,0.48,0.69,1,2,0.7,0.35,0,0.0,0,0,0,1,0,3,5,8,16,5.6,56.2,42.4,86.0,18.5,0,60
481,Anderson,Elliot Anderson,Man City,MID,6.3,a,100,,413,5,15,3.0,2.3,3.8,2.3,0.11,0.67,0.78,7.15,0.02,0.15,0.17,1.56,0,0,-0.11,-0.67,2,5,1.09,0.44,0,0.0,0,0,0,1,0,13,18,23,54,11.77,87.4,77.1,19.0,18.4,0,95
447,Botman,Sven Botman,Newcastle,DEF,5.0,a,,,450,5,15,3.0,2.0,0.8,2.0,0.06,0.17,0.23,9.14,0.01,0.03,0.04,1.83,0,0,-0.06,-0.17,1,9,1.8,0.2,0,0.0,0,0,0,1,0,5,54,14,59,11.8,136.0,4.1,23.0,16.4,0,43
464,Wissa,Yoane Wissa,Newcastle,FWD,6.2,a,,,441,5,15,3.0,0.7,19.0,0.7,2.35,0.06,2.41,7.97,0.48,0.01,0.49,1.63,1,1,-1.35,0.94,1,8,1.63,0.2,0,0.0,0,0,1,2,0,6,6,15,27,5.51,66.6,60.6,106.0,23.3,2,54
483,Ndoye,Dan Ndoye,Nott'm Forest,MID,5.5,a,,,316,5,15,3.0,0.7,0.6,0.7,1.25,0.93,2.18,3.84,0.36,0.26,0.62,1.09,1,0,-0.25,-0.93,1,3,0.85,0.28,0,0.0,0,0,0,1,0,2,3,15,20,5.7,39.0,63.6,90.0,19.0,2,44
541,Meunier,Thomas Meunier,Sunderland,DEF,4.5,d,75,Groin injury - 75% chance of playing,429,6,15,2.5,2.0,0.3,1.5,0.49,0.58,1.07,6.4,0.1,0.12,0.22,1.34,0,1,-0.49,0.42,1,8,1.68,0.21,0,0.0,0,0,0,0,0,4,16,16,20,4.2,70.2,41.4,43.0,15.6,0,42
60,Hill,James Hill,Bournemouth,DEF,5.5,a,,,540,6,14,2.3,2.7,0.8,2.7,0.0,0.81,0.81,8.03,0.0,0.14,0.14,1.34,0,0,0.0,-0.81,0,13,2.17,0.0,0,0.0,0,0,0,1,0,13,48,16,61,10.17,119.6,69.3,6.0,19.5,0,37
106,Thiago,Igor Thiago Nascimento Rodrigues,Brentford,FWD,7.8,a,,,532,6,14,2.3,3.3,9.4,3.3,3.2,0.29,3.49,8.01,0.54,0.05,0.59,1.36,1,1,-2.2,0.71,2,6,1.02,0.34,0,0.0,0,0,1,3,0,4,6,16,26,4.4,48.8,43.6,146.0,23.6,0,51
91,Pinnock,Ethan Pinnock,Coventry City,DEF,4.5,a,,,282,3,14,3.5,3.3,0.1,3.3,0.12,0.0,0.12,6.57,0.04,0.0,0.04,2.1,0,0,-0.12,0.0,1,7,2.23,0.32,0,0.0,0,0,0,1,0,3,41,4,44,14.04,90.8,1.7,10.0,10.3,0,15
202,Richards,Chris Richards,Crystal Palace,DEF,4.9,a,,,450,5,14,2.8,3.3,0.6,3.3,0.08,0.07,0.15,9.46,0.02,0.01,0.03,1.89,0,0,-0.08,-0.07,1,11,2.2,0.2,0,0.0,0,0,0,1,0,8,46,16,54,10.8,131.4,7.7,24.0,16.2,0,48
211,Yeremy,Yéremy Pino Santos,Crystal Palace,MID,5.5,a,,,307,4,14,2.8,1.0,0.3,1.0,0.52,0.55,1.07,6.93,0.15,0.16,0.31,2.03,0,2,-0.52,1.45,1,6,1.76,0.29,0,0.0,0,0,0,1,0,5,5,16,26,7.62,30.2,94.1,33.0,15.8,0,70
222,Strand Larsen,Jørgen Strand Larsen,Crystal Palace,FWD,6.0,a,,,298,3,14,2.8,3.3,0.7,3.3,0.43,0.2,0.63,6.15,0.13,0.06,0.19,1.86,1,0,0.57,-0.2,1,5,1.51,0.3,0,0.0,0,0,0,0,0,2,6,5,13,3.93,62.6,32.5,65.0,16.1,2,69
280,Coyle,Lewie Coyle,Hull City,DEF,4.0,a,100,,348,5,14,2.8,0.7,0.7,0.7,0.13,0.07,0.2,6.22,0.03,0.02,0.05,1.61,0,0,-0.13,-0.07,2,4,1.03,0.52,0,0.0,0,0,0,1,0,3,8,11,11,2.84,24.0,29.9,11.0,6.5,0,49
259,Diop,Issa Diop,Ipswich Town,DEF,4.0,a,,,540,6,14,2.3,2.3,11.9,2.3,0.1,0.17,0.27,10.79,0.02,0.03,0.05,1.8,0,0,-0.1,-0.17,0,12,2.0,0.0,0,0.0,0,0,0,0,0,4,47,27,51,8.5,121.6,24.2,9.0,15.5,0,65
598,Elvedi,Nico Elvedi,Leeds,DEF,4.5,a,,,411,4,14,2.8,3.0,0.1,3.0,0.12,0.58,0.7,7.36,0.03,0.13,0.16,1.61,0,0,-0.12,-0.58,1,5,1.09,0.22,0,0.0,0,0,0,0,0,3,31,10,34,7.45,83.0,25.4,39.0,14.8,0,56
445,Thiaw,Malick Thiaw,Newcastle,DEF,5.0,a,,,450,5,14,2.8,2.0,2.2,2.0,0.0,0.08,0.08,9.14,0.0,0.02,0.02,1.83,0,0,0.0,-0.08,1,9,1.8,0.2,0,0.0,1,0,0,0,0,0,45,10,45,9.0,106.2,16.3,4.0,12.7,0,32
567,Horníček,Lukás Hornícek,Newcastle,GK,5.0,a,,,450,5,14,2.8,1.3,1.5,1.3,0.0,0.0,0.0,9.14,0.0,0.0,0.0,1.83,0,0,0.0,0.0,1,9,1.8,0.2,19,3.8,0,0,0,1,0,0,11,31,0,0.0,155.6,0.0,0.0,15.5,0,72
467,Sels,Matz Sels,Nott'm Forest,GK,5.0,a,,,450,5,14,2.8,1.7,1.5,1.7,0.0,0.01,0.01,4.77,0.0,0.0,0.0,0.95,0,0,0.0,-0.01,1,5,1.0,0.2,11,2.2,0,0,0,0,0,0,6,46,0,0.0,82.0,0.0,0.0,8.2,0,67
526,Solanke,Dominic Solanke-Mitchell,Spurs,FWD,5.8,a,,,260,3,14,2.3,3.7,0.8,3.7,1.19,0.07,1.26,3.34,0.41,0.02,0.43,1.16,1,0,-0.19,-0.07,1,2,0.69,0.35,0,0.0,0,0,0,0,0,2,4,7,13,4.5,8.4,17.5,37.0,6.1,1,49
532,Ballard,Daniel Ballard,Sunderland,DEF,4.9,i,0,Hamstring injury - Unknown return date,450,5,14,2.8,0.7,1.8,0.0,0.31,0.16,0.47,8.66,0.06,0.03,0.09,1.73,0,0,-0.31,-0.16,1,10,2.0,0.2,0,0.0,0,0,0,2,0,10,39,12,49,9.8,104.2,23.8,35.0,16.3,0,31
73,Adams,Tyler Adams,Bournemouth,MID,5.0,a,100,,369,4,13,2.2,2.3,0.3,2.3,0.03,0.08,0.11,3.82,0.01,0.02,0.03,0.93,0,0,-0.03,-0.08,0,12,2.93,0.0,0,0.0,0,0,0,1,0,7,15,25,47,11.46,45.8,32.2,7.0,8.5,0,58
566,Silva,António João Pereira de Albuquerque Tavares da Silva,Bournemouth,DEF,5.0,a,,,540,6,13,2.2,2.0,0.6,2.0,1.38,0.32,1.7,8.03,0.23,0.05,0.28,1.34,0,0,-1.38,-0.32,0,13,2.17,0.0,0,0.0,0,0,0,2,0,7,54,21,61,10.17,124.6,10.1,43.0,17.7,0,18
183,Rudoni,Jack Rudoni,Coventry City,MID,4.9,a,100,,297,4,13,2.6,2.3,0.1,2.3,0.92,1.11,2.03,4.49,0.28,0.34,0.62,1.36,0,0,-0.92,-1.11,2,4,1.21,0.61,0,0.0,0,0,0,0,0,4,9,21,34,10.3,51.2,140.8,80.0,27.2,0,51
265,Berge,Sander Berge,Fulham,MID,4.9,a,,,439,5,13,2.2,2.7,0.3,2.7,0.27,0.39,0.66,8.51,0.06,0.08,0.14,1.74,0,0,-0.27,-0.39,2,7,1.44,0.41,0,0.0,0,0,0,0,0,6,12,10,28,5.74,51.4,81.0,22.0,15.4,0,83
295,McBurnie,Oli McBurnie,Hull City,FWD,5.5,a,,,441,5,13,2.6,1.7,1.9,1.7,1.23,0.13,1.36,7.21,0.25,0.03,0.28,1.47,0,2,-1.23,1.87,3,4,0.82,0.61,0,0.0,0,0,0,3,0,3,9,9,21,4.29,47.2,69.1,114.0,23.0,0,52
327,Bijol,Jaka Bijol,Leeds,DEF,5.0,a,,,168,2,13,3.2,0.3,0.7,0.3,0.11,0.0,0.11,3.57,0.06,0.0,0.06,1.91,0,0,-0.11,0.0,1,2,1.07,0.54,0,0.0,0,0,0,0,0,3,21,7,24,12.86,38.2,0.6,15.0,5.4,2,33
358,Kerkez,Milos Kerkez,Liverpool,DEF,5.3,a,,,385,4,13,2.6,2.3,2.1,2.3,0.07,0.08,0.15,5.65,0.02,0.02,0.04,1.32,0,0,-0.07,-0.08,2,4,0.94,0.47,0,0.0,0,0,0,2,0,8,22,10,30,7.01,75.4,47.3,14.0,13.7,0,63
155,Enzo,Enzo Fernández,Man City,MID,6.9,a,,,271,3,13,3.2,3.0,3.8,3.0,0.35,0.53,0.88,5.35,0.12,0.18,0.3,1.78,1,0,0.65,-0.53,2,3,1.0,0.66,0,0.0,0,0,0,1,0,3,6,12,21,6.97,63.8,72.8,42.0,17.8,0,73
412,Lammens,Senne Lammens,Man Utd,GK,4.9,a,,,540,6,13,2.2,2.7,9.4,2.7,0.0,0.0,0.0,8.36,0.0,0.0,0.0,1.39,0,0,0.0,0.0,0,9,1.5,0.0,18,3.0,0,0,0,0,0,0,6,44,0,0.0,132.8,0.0,0.0,13.3,0,70
593,Dedić,Amar Dedic,Newcastle,DEF,4.5,d,50,Unspecified injury - 50% chance of playing,327,4,13,3.2,0.0,1.4,0.0,0.14,0.08,0.22,7.38,0.04,0.02,0.06,2.03,0,1,-0.14,0.92,1,7,1.93,0.28,0,0.0,0,0,0,0,0,8,16,15,24,6.61,70.0,40.7,15.0,12.6,2,36
558,Schlager,Xaver Schlager,Nott'm Forest,MID,5.0,a,,,376,4,13,2.6,1.7,0.1,1.7,0.19,0.18,0.37,4.43,0.05,0.04,0.09,1.06,0,0,-0.19,-0.18,1,5,1.2,0.24,0,0.0,0,0,0,1,0,17,11,21,49,11.73,68.4,25.0,31.0,12.5,0,70
516,Bentancur,Rodrigo Bentancur,Spurs,MID,5.5,s,0,Suspended until 7 Nov,381,4,13,2.2,1.7,0.2,0.0,0.02,0.12,0.14,5.7,0.0,0.03,0.03,1.35,0,0,-0.02,-0.12,2,7,1.65,0.47,0,0.0,0,0,0,0,1,15,23,24,62,14.65,77.4,39.3,8.0,12.6,0,63
545,Sadiki,Noah Sadiki,Sunderland,MID,4.9,a,,,500,6,13,2.2,2.3,0.2,2.3,0.44,0.28,0.72,7.88,0.08,0.05,0.13,1.42,0,0,-0.44,-0.28,1,11,1.98,0.18,0,0.0,0,0,0,1,0,8,12,17,37,6.66,52.8,59.5,81.0,19.2,1,100
11,Mosquera,Cristhian Mosquera,Arsenal,DEF,5.3,a,100,,168,2,12,6.0,0.0,1.5,0.0,0.0,0.01,0.01,0.53,0.0,0.01,0.01,0.28,0,0,0.0,-0.01,2,0,0.0,1.07,0,0.0,0,0,0,0,0,0,10,3,10,5.36,24.6,2.0,0.0,2.7,0,52
67,Rayan,Rayan Vitor Simplício Rocha,Bournemouth,MID,6.3,a,,,524,6,12,2.0,2.0,1.5,2.0,1.14,0.46,1.6,7.43,0.2,0.08,0.28,1.28,0,0,-1.14,-0.46,0,12,2.06,0.0,0,0.0,0,0,0,0,0,6,8,4,18,3.09,30.4,50.4,99.0,18.0,0,53
28,Martinez,Emiliano Martínez Romero,Chelsea,GK,5.0,a,,,450,5,12,2.4,2.3,4.7,2.3,0.0,0.01,0.01,8.95,0.0,0.0,0.0,1.79,0,0,0.0,-0.01,0,11,2.2,0.0,21,4.2,0,0,0,0,0,0,1,52,0,0.0,145.0,30.0,0.0,17.5,0,77
161,Lavia,Roméo Lavia,Chelsea,MID,5.0,a,,,276,4,12,2.4,1.0,0.2,1.0,0.75,0.11,0.86,5.11,0.24,0.04,0.28,1.67,1,0,0.25,-0.11,0,8,2.61,0.0,0,0.0,0,0,0,1,0,7,12,15,34,11.09,65.8,29.1,66.0,16.1,0,67
210,Wharton,Adam Wharton,Crystal Palace,MID,5.4,a,100,,436,5,12,2.4,1.3,0.7,1.3,0.15,0.58,0.73,8.91,0.03,0.12,0.15,1.84,0,0,-0.15,-0.58,1,10,2.06,0.21,0,0.0,0,0,0,1,0,10,16,15,41,8.46,73.0,97.0,18.0,18.9,0,77
254,Robinson,Antonee Robinson,Fulham,DEF,4.5,d,75,Ankle injury - 75% chance of playing,429,5,12,2.4,2.7,1.4,2.0,0.26,0.3,0.56,9.08,0.05,0.06,0.11,1.9,0,0,-0.26,-0.3,1,8,1.68,0.21,0,0.0,0,0,0,0,0,13,18,20,31,6.5,93.6,106.7,18.0,21.8,0,65
570,Palacios,César Palacios,Fulham,MID,5.4,a,,,226,3,12,3.0,0.3,0.2,0.3,0.98,0.03,1.01,5.46,0.39,0.01,0.4,2.17,1,0,0.02,-0.03,0,7,2.79,0.0,0,0.0,0,0,0,1,0,3,4,10,17,6.77,45.4,32.6,62.0,14.0,1,48
619,Palacios,Exequiel Palacios,Ipswich Town,MID,5.0,a,,,302,3,12,2.4,2.3,0.1,2.3,0.0,0.11,0.11,5.51,0.0,0.03,0.03,1.64,0,0,0.0,-0.11,0,7,2.09,0.0,0,0.0,0,0,0,0,0,11,15,25,51,15.2,55.4,46.6,4.0,10.6,0,72
418,Maguire,Harry Maguire,Man Utd,DEF,4.8,a,,,540,6,12,2.0,1.7,7.8,1.7,0.31,0.46,0.77,8.36,0.05,0.08,0.13,1.39,0,1,-0.31,0.54,0,9,1.5,0.0,0,0.0,0,0,0,2,0,4,36,25,40,6.67,86.0,50.1,50.0,18.6,0,62
423,Shaw,Luke Shaw,Man Utd,DEF,4.3,a,100,,425,5,12,2.4,1.7,7.0,1.7,0.03,0.59,0.62,6.19,0.01,0.12,0.13,1.31,0,1,-0.03,0.41,0,6,1.27,0.0,0,0.0,0,0,0,2,0,9,27,8,36,7.62,92.6,91.6,17.0,20.1,0,58
459,L.Miley,Lewis Miley,Newcastle,MID,5.5,d,75,Unspecified injury - 75% chance of playing,396,5,12,2.4,1.3,0.1,1.0,0.05,0.14,0.19,7.95,0.01,0.03,0.04,1.81,0,0,-0.05,-0.14,1,8,1.82,0.23,0,0.0,1,0,0,1,0,6,20,26,52,11.82,58.4,57.3,5.0,12.0,0,68
471,Milenković,Nikola Milenković,Nott'm Forest,DEF,5.4,i,0,Knee injury - Unknown return date,270,3,12,4.0,0.0,0.9,0.0,0.11,0.03,0.14,3.28,0.04,0.01,0.05,1.09,0,0,-0.11,-0.03,1,3,1.0,0.33,0,0.0,0,0,0,1,0,5,26,12,31,10.33,53.2,1.4,16.0,7.0,0,34
486,McAtee,James McAtee,Nott'm Forest,MID,5.5,a,,,416,5,12,2.4,1.7,0.1,1.7,0.37,0.96,1.33,4.55,0.08,0.21,0.29,0.98,0,0,-0.37,-0.96,2,4,0.87,0.43,0,0.0,0,0,0,2,0,9,9,21,39,8.44,62.4,174.8,38.0,27.6,0,91
491,Igor Jesus,Igor Jesus Maciel da Cruz,Nott'm Forest,FWD,5.8,i,0,Calf injury - Unknown return date,257,2,12,2.4,2.7,2.1,0.0,1.25,0.08,1.33,2.61,0.44,0.03,0.47,0.91,1,0,-0.25,-0.08,0,3,1.05,0.0,0,0.0,0,0,0,1,0,2,5,8,15,5.25,54.8,40.7,100.0,19.6,2,53
519,Gallagher,Conor Gallagher,Spurs,MID,5.3,a,,,207,3,12,3.0,3.0,0.2,3.0,0.84,0.15,0.99,3.0,0.37,0.07,0.44,1.3,1,0,0.16,-0.15,1,3,1.3,0.43,0,0.0,0,0,0,2,0,10,4,17,31,13.48,48.6,12.2,36.0,9.6,0,64
522,Gray,Archie Gray,Spurs,MID,4.9,a,,,397,4,12,2.4,2.7,0.2,2.7,0.23,0.09,0.32,6.88,0.05,0.02,0.07,1.56,0,0,-0.23,-0.09,1,8,1.81,0.23,0,0.0,0,0,0,1,0,8,14,19,41,9.29,28.4,14.6,27.0,7.0,0,64
529,Roefs,Robin Roefs,Sunderland,GK,4.9,a,,,540,6,12,2.0,1.0,2.3,1.0,0.0,0.01,0.01,10.07,0.0,0.0,0.0,1.68,0,0,0.0,-0.01,1,12,2.0,0.17,8,1.33,0,0,0,0,0,0,8,44,0,0.0,73.4,0.0,0.0,7.3,0,50
7,Lewis-Skelly,Myles Lewis-Skelly,Arsenal,MID,5.4,a,,,333,5,11,2.2,1.0,0.6,1.0,0.18,0.58,0.76,1.62,0.05,0.16,0.21,0.44,0,0,-0.18,-0.58,2,2,0.54,0.54,0,0.0,0,0,0,0,0,1,8,9,18,4.86,21.6,40.2,16.0,7.0,0,52
33,Mings,Tyrone Mings,Aston Villa,DEF,4.5,a,,,351,3,11,2.2,1.3,0.4,1.3,0.2,0.02,0.22,5.68,0.05,0.01,0.06,1.46,0,0,-0.2,-0.02,1,6,1.54,0.26,0,0.0,0,0,0,1,0,4,26,10,30,7.69,59.8,5.6,17.0,8.2,0,42
37,Lindelöf,Victor Lindelöf,Aston Villa,DEF,4.5,a,,,540,6,11,1.8,1.7,0.3,1.7,0.44,0.17,0.61,10.47,0.07,0.03,0.1,1.74,0,0,-0.44,-0.17,1,11,1.83,0.17,0,0.0,1,0,0,0,0,1,35,10,36,6.0,74.4,37.3,37.0,14.9,0,35
46,Barkley,Ross Barkley,Aston Villa,MID,5.0,a,,,312,4,11,1.8,1.3,0.2,1.3,0.38,0.15,0.53,7.43,0.11,0.04,0.15,2.14,0,0,-0.38,-0.15,1,8,2.31,0.29,0,0.0,0,0,0,0,0,7,5,18,30,8.65,42.4,82.3,31.0,15.6,0,70
184,Grimes,Matt Grimes,Coventry City,MID,4.9,a,,,443,5,11,2.2,1.7,0.1,1.7,0.12,0.13,0.25,8.42,0.02,0.03,0.05,1.71,0,0,-0.12,-0.13,1,9,1.83,0.2,0,0.0,0,0,0,0,0,9,13,16,38,7.72,64.4,48.0,6.0,11.8,0,62
239,Garner,James Garner,Everton,MID,6.0,a,100,,328,4,11,2.2,2.3,0.2,2.3,0.2,0.17,0.37,3.45,0.05,0.05,0.1,0.95,0,0,-0.2,-0.17,2,2,0.55,0.55,0,0.0,0,0,0,2,0,11,9,25,45,12.35,51.4,68.3,13.0,13.4,0,71
372,Mac Allister,Alexis Mac Allister,Liverpool,MID,5.4,a,,,306,3,11,2.2,2.0,1.3,2.0,0.1,0.49,0.59,4.85,0.03,0.14,0.17,1.43,0,0,-0.1,-0.49,2,2,0.59,0.59,0,0.0,0,0,0,1,0,11,11,19,41,12.06,58.2,50.8,26.0,13.5,0,59
389,Matheus N.,Matheus Nunes,Man City,DEF,5.9,a,100,,213,2,11,3.7,3.3,1.0,3.3,0.0,0.06,0.06,4.67,0.0,0.03,0.03,1.97,0,0,0.0,-0.06,1,3,1.27,0.42,0,0.0,0,0,0,0,0,3,18,10,21,8.87,60.0,6.3,4.0,7.0,1,38
429,Rashford,Marcus Rashford,Man Utd,MID,6.9,a,100,,352,4,11,1.8,1.7,1.3,1.7,0.78,0.43,1.21,4.5,0.2,0.11,0.31,1.15,0,0,-0.78,-0.43,1,3,0.77,0.26,0,0.0,0,0,0,0,0,4,4,10,18,4.6,53.4,163.2,157.0,37.3,0,61
474,Jair Cunha,Jair Paula da Cunha Filho,Nott'm Forest,DEF,4.5,a,100,,360,4,11,2.8,0.3,0.2,0.3,0.05,0.02,0.07,3.95,0.01,0.0,0.01,0.99,0,0,-0.05,-0.02,1,4,1.0,0.25,0,0.0,0,0,0,2,0,7,29,8,36,9.0,69.6,14.2,2.0,8.6,0,40
534,Hume,Trai Hume,Sunderland,DEF,4.3,a,,,296,3,11,2.2,0.7,2.4,0.7,0.14,0.32,0.46,5.98,0.04,0.1,0.14,1.82,0,0,-0.14,-0.32,1,4,1.22,0.3,0,0.0,0,0,0,0,0,13,8,15,21,6.39,32.2,59.0,23.0,11.5,0,51
84,Collins,Nathan Collins,Brentford,DEF,5.4,i,0,Calf injury - Unknown return date,196,3,10,3.3,0.0,0.9,0.0,0.51,0.05,0.56,2.13,0.23,0.02,0.25,0.98,0,0,-0.51,-0.05,1,1,0.46,0.46,0,0.0,0,0,0,1,0,2,15,11,17,7.81,40.6,22.4,51.0,11.4,0,39
125,Georginio,Georginio Rutter,Brighton,FWD,5.3,a,100,,106,1,10,3.3,1.7,0.4,1.7,0.17,0.6,0.77,1.03,0.14,0.51,0.65,0.87,0,2,-0.17,1.4,1,0,0.0,0.85,0,0.0,0,0,0,0,0,2,1,6,9,7.64,20.2,11.7,19.0,5.1,0,39
583,Chavarria,Pep Chavarría,Chelsea,DEF,4.9,a,,,298,2,10,1.7,2.3,0.2,2.3,0.04,0.24,0.28,5.56,0.01,0.07,0.08,1.68,0,1,-0.04,0.76,0,5,1.51,0.0,0,0.0,0,0,0,0,0,5,17,8,22,6.64,30.8,31.4,12.0,7.5,0,41
203,Canvot,Jaydee Canvot,Crystal Palace,DEF,4.8,a,,,360,4,10,2.5,2.7,0.2,2.7,0.05,0.13,0.18,7.78,0.01,0.03,0.04,1.94,0,0,-0.05,-0.13,1,8,2.0,0.25,0,0.0,0,0,0,0,0,8,26,11,34,8.5,83.0,25.3,7.0,11.5,0,38
247,Hackney,Hayden Hackney,Everton,MID,5.4,a,100,,137,1,10,2.0,0.7,0.2,0.7,0.05,0.13,0.18,3.91,0.03,0.09,0.12,2.57,0,1,-0.05,0.87,1,1,0.66,0.66,0,0.0,0,0,0,0,0,3,4,5,12,7.88,40.4,50.0,21.0,11.1,0,39
269,Sessegnon,Ryan Sessegnon,Fulham,DEF,4.3,a,100,,140,1,10,2.5,2.3,0.3,2.3,0.26,0.46,0.72,2.95,0.17,0.3,0.47,1.9,1,0,0.74,-0.46,0,3,1.93,0.0,0,0.0,0,0,0,0,0,1,7,9,8,5.14,17.2,26.3,31.0,7.5,0,30
562,Maeda,Daizen Maeda,Ipswich Town,MID,5.3,a,,,339,4,10,1.7,1.3,0.2,1.3,0.71,0.04,0.75,7.65,0.19,0.01,0.2,2.03,0,0,-0.71,-0.04,0,9,2.39,0.0,0,0.0,0,0,0,0,0,10,8,6,24,6.37,31.0,5.5,47.0,8.1,0,42
415,Dorgu,Patrick Dorgu,Man Utd,MID,5.8,i,0,Hamstring injury - Expected back 25 Oct,171,2,10,2.0,2.7,0.4,0.0,0.78,0.09,0.87,3.38,0.41,0.05,0.46,1.78,0,1,-0.78,0.91,0,6,3.16,0.0,0,0.0,0,0,0,1,0,8,8,4,20,10.53,49.2,44.1,72.0,15.6,0,27
403,Sávio,Sávio Moreira de Oliveira,Spurs,MID,6.5,a,100,,330,4,10,2.5,2.3,0.6,2.3,0.54,0.95,1.49,3.53,0.15,0.26,0.41,0.96,0,0,-0.54,-0.95,2,4,1.09,0.55,0,0.0,0,0,0,0,0,0,3,13,16,4.36,51.4,130.0,96.0,27.8,0,84
512,Kudus,Mohammed Kudus,Spurs,MID,6.5,a,100,,188,1,10,2.0,2.7,0.2,2.7,0.37,0.43,0.8,1.69,0.18,0.21,0.39,0.81,0,1,-0.37,0.57,1,3,1.44,0.48,0,0.0,0,0,0,0,0,4,0,15,19,9.1,37.2,48.7,26.0,11.2,0,58
36,Maatsen,Ian Maatsen,Aston Villa,DEF,4.4,i,0,Ankle injury - Unknown return date,335,4,9,2.2,0.3,0.4,0.0,0.28,0.45,0.73,6.54,0.08,0.12,0.2,1.76,0,0,-0.28,-0.45,1,7,1.88,0.27,0,0.0,0,0,0,1,0,7,17,10,24,6.45,34.8,24.5,43.0,10.2,1,22
51,George Hemmings,George Hemmings,Aston Villa,MID,4.5,d,75,Knee injury - 75% chance of playing,297,4,9,1.8,0.7,1.1,0.5,0.07,0.16,0.23,6.26,0.02,0.05,0.07,1.9,0,0,-0.07,-0.16,1,7,2.12,0.3,0,0.0,0,0,0,0,0,6,3,10,19,5.76,25.2,42.1,25.0,9.1,0,34
52,Alysson,Alysson Edward Franco da Rocha dos Santos,Aston Villa,MID,5.0,a,100,,91,0,9,1.8,2.3,0.0,2.3,0.06,0.0,0.06,2.47,0.06,0.0,0.06,2.44,1,0,0.94,0.0,0,2,1.98,0.0,0,0.0,0,0,0,1,0,2,2,4,8,7.91,39.8,4.9,25.0,7.0,0,37
57,Petrović,Đorđe Petrović,Bournemouth,GK,4.5,a,,,540,6,9,1.5,1.0,2.9,1.0,0.0,0.0,0.0,8.03,0.0,0.0,0.0,1.34,0,0,0.0,0.0,0,13,2.17,0.0,12,2.0,0,0,0,0,0,0,7,50,0,0.0,92.2,0.0,0.0,9.2,0,36
61,Truffert,Adrien Truffert,Bournemouth,DEF,5.4,a,,,533,6,9,1.5,1.3,2.9,1.3,0.11,0.59,0.7,8.03,0.02,0.1,0.12,1.36,0,0,-0.11,-0.59,0,13,2.2,0.0,0,0.0,0,0,0,2,0,21,32,26,53,8.95,104.6,70.5,39.0,21.5,2,52
71,Cook,Lewis Cook,Bournemouth,MID,5.0,a,,,197,2,9,1.5,0.7,0.2,0.7,0.0,0.01,0.01,4.2,0.0,0.0,0.0,1.92,0,0,0.0,-0.01,2,1,0.46,0.91,0,0.0,0,0,0,1,0,1,9,8,18,8.22,11.8,15.8,0.0,2.8,0,28
104,Onyeka,Frank Onyeka,Coventry City,MID,4.9,a,100,,314,4,9,2.2,1.7,0.1,1.7,0.03,0.02,0.05,6.31,0.01,0.01,0.02,1.81,0,0,-0.03,-0.02,1,7,2.01,0.29,0,0.0,0,0,0,0,0,5,9,14,28,8.03,19.4,4.7,21.0,4.5,0,34
194,Thomas-Asante,Brandon Thomas-Asante,Coventry City,FWD,5.0,a,,,227,2,9,1.8,1.7,0.8,1.7,0.34,0.06,0.39,4.98,0.13,0.02,0.15,1.97,0,0,-0.34,-0.06,1,6,2.38,0.4,0,0.0,0,0,0,0,0,3,12,12,27,10.7,29.8,4.5,49.0,8.4,0,43
575,Yirenkyi,Caleb Yirenkyi,Coventry City,MID,4.8,a,,,265,3,9,1.8,1.3,0.1,1.3,0.03,0.15,0.18,4.25,0.01,0.05,0.06,1.44,0,0,-0.03,-0.15,2,5,1.7,0.68,0,0.0,0,0,0,1,0,1,7,13,21,7.13,15.4,41.6,7.0,6.0,0,36
644,Timber,Quinten Timber,Crystal Palace,MID,5.0,a,,,253,3,9,3.0,2.3,0.0,2.3,0.24,0.06,0.3,5.56,0.09,0.02,0.11,1.98,0,0,-0.24,-0.06,1,5,1.78,0.36,0,0.0,0,0,0,0,0,11,6,10,27,9.6,37.8,29.1,34.0,10.0,0,45
209,Johnson,Brennan Johnson,Everton,MID,5.9,a,,,238,3,9,1.8,2.0,0.1,2.0,1.03,0.22,1.25,3.73,0.39,0.08,0.47,1.41,0,0,-1.03,-0.22,2,1,0.38,0.76,0,0.0,0,0,0,1,0,7,8,11,26,9.83,23.0,52.8,25.0,10.0,0,26
617,Cho,Mohamed-Ali Cho,Hull City,MID,5.0,a,,,72,0,9,2.2,2.3,0.0,2.3,0.79,0.36,1.15,0.98,0.99,0.45,1.44,1.22,1,0,0.21,-0.36,0,1,1.25,0.0,0,0.0,0,0,0,0,0,0,1,1,2,2.5,49.8,43.9,55.0,14.9,0,36
371,Gravenberch,Ryan Gravenberch,Liverpool,MID,5.8,a,,,190,2,9,1.8,0.7,1.0,0.7,0.1,0.08,0.18,2.02,0.05,0.04,0.09,0.96,0,1,-0.1,0.92,0,2,0.95,0.0,0,0.0,0,0,0,0,0,4,10,11,25,11.84,50.6,42.7,6.0,9.9,0,51
393,Khusanov,Abdukodir Khusanov,Man City,DEF,5.4,a,,,268,3,9,3.0,0.0,1.3,0.0,0.0,0.06,0.06,2.68,0.0,0.02,0.02,0.9,0,0,0.0,-0.06,1,2,0.67,0.34,0,0.0,0,0,0,1,0,8,9,13,17,5.71,51.6,12.6,4.0,6.8,0,53
398,Foden,Phil Foden,Man City,MID,6.9,s,0,Suspended until 17 Oct,217,3,9,2.2,-0.7,1.5,0.0,1.61,0.88,2.49,1.91,0.67,0.36,1.03,0.79,0,2,-1.61,1.12,0,2,0.83,0.0,0,0.0,0,0,0,1,1,4,2,8,14,5.81,57.6,122.3,45.0,22.3,1,52
419,Martinez,Lisandro Martínez,Man Utd,DEF,4.9,a,100,,450,5,9,1.8,1.7,1.3,1.7,0.21,0.18,0.39,7.35,0.04,0.04,0.08,1.47,0,0,-0.21,-0.18,0,7,1.4,0.0,0,0.0,1,0,0,1,0,5,26,15,31,6.2,66.4,18.8,32.0,11.8,0,37
167,Delap,Liam Delap,Nott'm Forest,FWD,5.6,a,,,277,3,9,2.2,2.0,2.4,2.0,0.89,0.35,1.24,2.62,0.29,0.11,0.4,0.85,1,0,0.11,-0.35,1,3,0.97,0.32,0,0.0,0,0,0,2,0,2,5,10,17,5.52,40.0,68.6,71.0,17.9,0,49
401,Marmoush,Omar Marmoush,Spurs,FWD,7.0,a,,,363,4,9,1.8,1.7,2.2,1.7,0.38,0.15,0.53,4.38,0.09,0.04,0.13,1.09,0,0,-0.38,-0.15,2,6,1.49,0.5,0,0.0,0,0,0,0,0,4,0,13,17,4.21,18.0,55.5,58.0,12.9,0,41
499,Pedro Porro,Pedro Porro Sauceda,Spurs,DEF,5.4,i,0,Hamstring injury - Unknown return date,198,3,9,3.0,0.3,6.3,0.0,0.37,0.16,0.53,1.68,0.17,0.07,0.24,0.76,0,0,-0.37,-0.16,1,2,0.91,0.45,0,0.0,0,0,0,0,0,3,6,5,9,4.09,22.6,47.6,28.0,9.8,1,33
506,Udogie,Destiny Udogie,Spurs,DEF,4.4,a,100,,159,2,9,2.2,0.7,0.3,0.7,0.0,0.28,0.28,1.52,0.0,0.16,0.16,0.86,0,0,0.0,-0.28,1,2,1.13,0.57,0,0.0,0,0,0,1,0,2,8,7,10,5.66,9.8,13.5,4.0,2.7,0,26
536,Reinildo,Reinildo Mandava,Sunderland,DEF,4.4,a,100,,432,5,9,1.8,0.0,0.2,0.0,0.0,0.33,0.33,6.0,0.0,0.07,0.07,1.25,0,0,0.0,-0.33,1,6,1.25,0.21,0,0.0,0,0,0,0,1,10,26,21,36,7.5,53.8,36.4,6.0,9.5,0,51
75,Christie,Ryan Christie,Bournemouth,MID,5.0,a,100,,174,2,8,1.6,2.0,0.0,2.0,0.52,0.53,1.05,2.72,0.27,0.27,0.54,1.41,0,0,-0.52,-0.53,0,7,3.62,0.0,0,0.0,0,0,0,1,0,2,5,20,27,13.97,9.4,17.1,31.0,5.2,0,36
95,O.Dango,Dango Ouattara,Brentford,MID,6.3,a,,,202,2,8,1.3,1.0,0.4,1.0,0.12,0.39,0.51,3.1,0.05,0.17,0.22,1.38,0,0,-0.12,-0.39,1,2,0.89,0.45,0,0.0,0,0,0,0,0,5,10,19,34,15.15,25.4,59.3,23.0,10.8,0,41
145,Fofana,Wesley Fofana,Chelsea,DEF,5.0,a,100,,312,4,8,2.0,1.7,0.2,1.7,0.0,0.08,0.08,5.65,0.0,0.02,0.02,1.63,0,0,0.0,-0.08,0,7,2.02,0.0,0,0.0,0,0,0,1,0,7,40,11,47,13.56,100.4,29.2,4.0,13.4,0,35
148,Hato,Jorrel Hato,Chelsea,DEF,4.5,a,,,258,4,8,2.0,0.0,0.7,0.0,0.01,0.21,0.22,4.81,0.0,0.07,0.07,1.68,0,2,-0.01,1.79,0,9,3.14,0.0,0,0.0,0,0,0,0,0,7,11,9,18,6.28,77.0,47.1,15.0,14.0,0,14
199,Benitez,Walter Benítez,Crystal Palace,GK,4.5,a,,,180,2,8,4.0,2.7,0.1,2.7,0.0,0.0,0.0,2.99,0.0,0.0,0.0,1.5,0,0,0.0,0.0,1,3,1.5,0.5,5,2.5,0,0,0,0,0,0,2,11,0,0.0,37.4,0.0,0.0,3.8,0,29
224,Nketiah,Eddie Nketiah,Crystal Palace,FWD,5.5,a,100,,175,3,8,2.0,0.3,0.5,0.3,1.1,0.6,1.7,4.51,0.57,0.31,0.88,2.32,0,1,-1.1,0.4,0,7,3.6,0.0,0,0.0,0,0,0,0,0,4,2,6,12,6.17,34.2,46.4,50.0,13.0,0,38
643,Chilwell,Ben Chilwell,Crystal Palace,DEF,4.5,a,,,29,0,8,4.0,0.3,0.4,0.3,0.27,0.01,0.28,1.12,0.84,0.03,0.87,3.48,1,0,0.73,-0.01,0,1,3.1,0.0,0,0.0,0,0,0,0,0,0,1,0,1,3.1,33.4,4.2,21.0,5.9,0,21
315,Fatawu,Abdul Fatawu,Ipswich Town,MID,5.4,a,100,,352,5,8,1.6,0.0,0.1,0.0,0.17,1.11,1.28,7.79,0.04,0.28,0.32,1.99,0,1,-0.17,-0.11,0,10,2.56,0.0,0,0.0,0,0,0,2,1,9,8,11,28,7.16,64.8,133.7,41.0,24.0,0,71
320,Akpom,Chuba Akpom,Ipswich Town,FWD,5.0,a,,,97,0,8,2.0,0.7,1.1,0.7,1.3,0.0,1.3,4.41,1.21,0.0,1.21,4.09,1,0,-0.3,0.0,0,4,3.71,0.0,0,0.0,0,0,0,0,0,1,0,3,4,3.71,34.6,2.5,24.0,6.1,0,42
337,Aaronson,Brenden Aaronson,Leeds,MID,5.3,a,,,213,2,8,1.3,1.0,0.4,1.0,0.01,0.02,0.03,4.98,0.0,0.01,0.01,2.1,0,0,-0.01,-0.02,1,3,1.27,0.42,0,0.0,0,0,0,0,0,4,2,12,18,7.61,11.8,3.7,9.0,2.5,0,37
347,Nmecha,Lukas Nmecha,Leeds,FWD,5.4,a,,,75,0,8,1.6,1.0,0.4,1.0,0.27,0.15,0.42,4.02,0.32,0.18,0.5,4.82,0,1,-0.27,0.85,0,1,1.2,0.0,0,0.0,0,0,0,0,0,1,0,5,6,7.2,20.4,22.4,15.0,5.7,0,31
417,Dalot,Diogo Dalot Teixeira,Man Utd,DEF,4.9,a,,,377,4,8,1.3,1.3,1.6,1.3,0.24,0.3,0.54,5.03,0.06,0.07,0.13,1.2,0,0,-0.24,-0.3,0,5,1.19,0.0,0,0.0,0,0,0,2,0,7,14,21,21,5.01,43.6,107.7,49.0,20.2,0,47
439,Šeško,Benjamin Sesko,Man Utd,FWD,7.0,i,0,Shin injury - Expected back 18 Oct,76,0,8,2.0,0.3,1.4,0.0,0.39,0.01,0.4,2.0,0.46,0.01,0.47,2.37,1,0,0.61,-0.01,0,3,3.55,0.0,0,0.0,0,0,0,0,0,0,0,5,5,5.92,34.6,11.9,36.0,8.2,0,39
461,Touré,Bazoumana Touré,Newcastle,MID,5.8,a,,,50,0,8,2.7,2.3,0.1,2.3,0.28,0.01,0.29,0.76,0.5,0.02,0.52,1.37,1,0,0.72,-0.01,0,1,1.8,0.0,0,0.0,0,0,0,0,0,0,1,3,4,7.2,37.6,5.3,21.0,6.4,0,29
462,Steur,Sean Steur,Newcastle,MID,4.9,a,,,223,2,8,1.6,1.7,0.1,1.7,0.0,0.06,0.06,4.23,0.0,0.02,0.02,1.71,0,0,0.0,-0.06,1,5,2.02,0.4,0,0.0,0,0,0,0,0,4,9,8,21,8.48,35.4,52.2,0.0,8.8,0,42
473,Aina,Ola Aina,Nott'm Forest,DEF,4.4,a,,,306,4,8,2.0,0.7,2.1,0.7,0.04,0.53,0.57,3.72,0.01,0.16,0.17,1.09,0,0,-0.04,-0.53,1,3,0.88,0.29,0,0.0,0,0,0,2,0,10,12,14,22,6.47,58.2,53.3,15.0,12.7,0,45
514,Tel,Mathys Tel,Spurs,MID,5.7,a,,,257,3,8,2.0,0.3,0.2,0.3,0.21,0.23,0.44,5.55,0.07,0.08,0.15,1.94,0,0,-0.21,-0.23,1,4,1.4,0.35,0,0.0,0,0,0,0,0,1,1,11,13,4.55,21.6,52.7,72.0,14.6,0,41
525,Fernandes,Mateus Fernandes,Spurs,MID,5.7,a,,,250,3,8,1.3,1.7,0.7,1.7,0.19,0.28,0.47,4.67,0.07,0.1,0.17,1.68,0,0,-0.19,-0.28,1,4,1.44,0.36,0,0.0,0,0,0,1,0,7,3,12,22,7.92,24.2,92.6,34.0,14.6,0,53
611,Wan-Bissaka,Aaron Wan-Bissaka,Aston Villa,DEF,4.5,a,,,197,2,7,1.4,1.7,0.2,1.7,0.0,0.08,0.08,3.99,0.0,0.04,0.04,1.82,0,0,0.0,-0.08,0,3,1.37,0.0,0,0.0,0,0,0,0,0,11,15,2,26,11.88,42.8,16.4,0.0,5.9,0,27
97,Jensen,Mathias Jensen,Brentford,MID,5.4,a,100,,89,1,7,3.5,0.3,0.1,0.3,0.08,0.47,0.55,0.76,0.08,0.48,0.56,0.77,0,1,-0.08,0.53,1,1,1.01,1.01,0,0.0,0,0,0,0,0,2,1,3,6,6.07,12.6,46.2,13.0,7.2,0,28
130,Wieffer,Mats Wieffer,Brighton,DEF,4.9,i,0,Knee injury - Unknown return date,156,2,7,3.5,0.0,0.2,0.0,0.12,0.13,0.25,3.18,0.07,0.08,0.15,1.83,0,0,-0.12,-0.13,1,4,2.31,0.58,0,0.0,0,0,0,0,0,4,11,9,15,8.65,37.0,35.5,10.0,8.3,1,38
614,Hadjam,Jaouen Hadjam,Brighton,DEF,4.5,a,,,2,0,7,7.0,2.3,0.0,2.3,0.15,0.0,0.15,0.0,6.75,0.0,6.75,0.0,1,0,0.85,0.0,0,0,0.0,0.0,0,0.0,0,0,0,0,0,1,0,1,1,45.0,0.0,0.0,0.0,0.0,0,19
151,Acheampong,Josh Acheampong,Chelsea,DEF,4.5,a,,,311,3,7,1.4,0.7,0.3,0.7,0.0,0.05,0.05,6.18,0.0,0.01,0.01,1.79,0,0,0.0,-0.05,0,8,2.32,0.0,0,0.0,0,0,0,0,0,11,15,14,26,7.52,43.0,5.5,6.0,5.4,0,17
576,Stroud,Elliot Stroud,Hull City,MID,5.0,a,,,249,4,7,1.8,0.3,0.1,0.3,0.06,0.05,0.11,4.32,0.02,0.02,0.04,1.56,0,0,-0.06,-0.05,2,1,0.36,0.72,0,0.0,0,0,0,1,0,5,3,12,20,7.23,8.4,22.7,12.0,3.8,0,17
564,Scherpen,Kjell Scherpen,Ipswich Town,GK,4.5,a,,,360,4,7,1.8,0.3,0.5,0.3,0.0,0.01,0.01,6.74,0.0,0.0,0.0,1.68,0,0,0.0,-0.01,0,10,2.5,0.0,15,3.75,0,0,0,0,0,0,8,39,0,0.0,103.6,0.0,0.0,10.3,0,40
640,Flemming,Zian Flemming,Ipswich Town,FWD,5.5,a,,,79,0,7,1.8,2.0,0.1,2.0,0.64,0.01,0.65,0.84,0.73,0.01,0.74,0.96,1,0,0.36,-0.01,0,1,1.14,0.0,0,0.0,0,0,0,1,0,1,1,4,6,6.84,38.2,12.1,55.0,10.5,0,37
329,Rodon,Joe Rodon,Leeds,DEF,4.3,i,0,Hamstring injury - Expected back 21 Nov,123,2,7,3.5,0.0,0.6,0.0,0.03,0.06,0.09,1.01,0.02,0.04,0.06,0.74,0,0,-0.03,-0.06,1,0,0.0,0.73,0,0.0,0,0,0,0,0,1,10,2,11,8.05,23.0,14.7,7.0,4.5,0,25
627,Barcola,Bradley Barcola,Liverpool,MID,8.0,a,,,168,2,7,2.3,2.0,2.0,2.0,0.26,0.13,0.39,1.43,0.14,0.07,0.21,0.77,0,0,-0.26,-0.13,2,0,0.0,1.07,0,0.0,0,0,0,0,0,3,0,5,8,4.29,10.8,27.4,31.0,7.0,0,22
456,J.Ramsey,Jacob Ramsey,Newcastle,MID,4.8,i,0,Thigh injury - Unknown return date,69,0,7,2.3,0.0,0.2,0.0,0.17,0.16,0.33,1.92,0.22,0.21,0.43,2.5,1,0,0.83,-0.16,0,1,1.3,0.0,0,0.0,0,0,0,1,0,2,3,6,11,14.35,40.4,6.3,21.0,6.7,0,26
581,Diomande,Ousmane Diomande,Nott'm Forest,DEF,5.4,a,,,163,2,7,2.3,2.0,0.5,2.0,0.16,0.01,0.17,1.45,0.09,0.01,0.1,0.8,0,0,-0.16,-0.01,0,2,1.1,0.0,0,0.0,0,0,0,0,0,1,18,10,19,10.49,32.4,1.0,19.0,5.2,0,17
32,Cash,Matty Cash,Aston Villa,DEF,4.4,a,100,,386,4,6,1.2,-0.3,4.5,-0.3,0.15,0.05,0.2,7.2,0.03,0.01,0.04,1.68,0,0,-0.15,-0.05,1,9,2.1,0.23,0,0.0,0,0,0,3,0,11,14,4,25,5.83,36.4,22.3,13.0,7.2,0,18
596,Ruggeri,Matteo Ruggeri,Aston Villa,DEF,4.5,d,75,Hamstring injury - 75% chance of playing,158,2,6,1.5,1.3,0.1,1.0,0.03,0.02,0.05,2.58,0.02,0.01,0.03,1.47,0,0,-0.03,-0.02,0,3,1.71,0.0,0,0.0,0,0,0,0,0,2,19,12,21,11.96,26.0,14.1,1.0,4.1,0,17
90,Hickey,Aaron Hickey,Brentford,DEF,4.5,a,,,197,1,6,1.0,1.0,0.1,1.0,0.03,0.06,0.09,3.59,0.01,0.03,0.04,1.64,0,0,-0.03,-0.06,0,4,1.83,0.0,0,0.0,0,0,0,0,0,4,18,10,22,10.05,32.8,7.8,6.0,4.7,0,16
100,Carvalho,Fábio Freitas Gouveia Carvalho,Brentford,MID,5.0,a,100,,3,0,6,6.0,2.0,0.0,2.0,0.43,0.0,0.43,0.13,12.9,0.0,12.9,3.9,1,0,0.57,0.0,0,0,0.0,0.0,0,0.0,0,0,0,0,0,0,0,0,0,0.0,33.2,0.3,33.0,6.7,0,23
175,van Ewijk,Milan van Ewijk,Coventry City,DEF,4.0,d,75,Hamstring injury - 75% chance of playing,360,4,6,1.5,0.0,7.6,0.0,0.0,0.3,0.3,7.53,0.0,0.08,0.08,1.88,0,0,0.0,-0.3,0,10,2.5,0.0,0,0.0,0,0,0,1,0,6,21,13,27,6.75,61.6,52.7,14.0,12.8,0,7
656,Mfuni,Stephen Mfuni,Coventry City,DEF,4.0,a,,,90,1,6,6.0,2.0,0.1,2.0,0.0,0.01,0.01,1.1,0.0,0.01,0.01,1.1,0,0,0.0,-0.01,1,0,0.0,1.0,0,0.0,0,0,0,0,0,1,7,3,8,8.0,17.6,0.7,4.0,2.2,0,27
238,Grealish,Jack Grealish,Everton,MID,6.5,a,100,,135,1,6,1.5,1.3,0.5,1.3,0.02,0.44,0.46,1.67,0.01,0.29,0.3,1.11,0,0,-0.02,-0.44,1,1,0.67,0.67,0,0.0,0,0,0,0,0,3,2,8,13,8.67,21.6,71.7,20.0,11.4,0,36
246,Röhl,Merlin Röhl,Everton,MID,4.9,d,50,Unspecified injury - 50% chance of playing,249,3,6,2.0,0.0,0.0,0.0,0.0,0.2,0.2,4.52,0.0,0.07,0.07,1.63,0,0,0.0,-0.2,1,2,0.72,0.36,0,0.0,0,0,0,1,0,5,6,13,24,8.67,26.6,32.1,2.0,6.1,0,35
287,Millar,Liam Millar,Hull City,MID,5.0,u,0,Has joined Birmingham on loan for the rest of the season,50,0,6,3.0,0.0,0.0,0.0,0.58,0.0,0.58,0.87,1.04,0.0,1.04,1.57,1,0,0.42,0.0,0,0,0.0,0.0,0,0.0,0,0,0,1,0,1,2,1,4,7.2,36.0,1.1,15.0,5.2,0,26
309,Núñez,Marcelino Núñez,Ipswich Town,MID,4.9,a,,,140,2,6,3.0,0.0,0.1,0.0,0.03,0.05,0.08,3.48,0.02,0.03,0.05,2.24,0,0,-0.03,-0.05,0,4,2.57,0.0,0,0.0,0,0,0,0,0,3,8,10,21,13.5,24.6,19.4,6.0,5.0,0,32
260,Wilson,Harry Wilson,Leeds,MID,6.2,a,100,,164,1,6,1.2,0.7,1.4,0.7,0.01,0.09,0.1,4.48,0.01,0.05,0.06,2.46,0,0,-0.01,-0.09,1,1,0.55,0.55,0,0.0,0,0,0,1,0,4,3,4,11,6.04,19.2,52.4,12.0,8.5,0,22
387,O'Reilly,Nico O'Reilly,Man City,DEF,6.3,d,75,Unspecified injury - 75% chance of playing,163,2,6,1.5,0.7,9.6,0.5,0.87,0.43,1.3,2.1,0.48,0.24,0.72,1.16,0,0,-0.87,-0.43,0,2,1.1,0.0,0,0.0,0,0,0,0,0,3,2,9,5,2.76,17.8,39.5,33.0,9.0,0,22
520,Bergvall,Lucas Bergvall,Spurs,MID,5.3,a,,,143,2,6,1.5,1.7,0.1,1.7,0.12,0.29,0.41,2.44,0.08,0.18,0.26,1.54,0,0,-0.12,-0.29,1,2,1.26,0.63,0,0.0,0,0,0,0,0,5,4,10,19,11.96,11.0,10.8,11.0,2.9,0,17
17,Merino,Mikel Merino Zazón,Arsenal,MID,5.7,a,,,82,0,5,0.8,1.0,0.4,1.0,0.14,0.15,0.29,0.96,0.15,0.16,0.31,1.05,0,0,-0.14,-0.15,0,0,0.0,0.0,0,0.0,0,0,0,1,0,0,1,9,10,10.98,10.0,4.2,16.0,3.0,0,22
19,Zubimendi,Martín Zubimendi Ibáñez,Arsenal,MID,5.3,a,,,89,0,5,1.0,0.7,0.5,0.7,0.21,0.04,0.25,1.38,0.21,0.04,0.25,1.4,0,0,-0.21,-0.04,0,0,0.0,0.0,0,0.0,0,0,0,0,0,4,5,3,12,12.13,13.4,5.0,29.0,4.8,0,16
72,Gannon-Doak,Ben Gannon-Doak,Bournemouth,MID,4.9,a,,,57,0,5,1.0,1.0,0.1,1.0,0.12,0.1,0.22,1.22,0.19,0.16,0.35,1.93,0,0,-0.12,-0.1,0,4,6.32,0.0,0,0.0,0,0,0,0,0,3,0,9,12,18.95,4.0,2.9,16.0,2.3,0,24
119,Costinha,João Pedro Loureiro da Costa,Brighton,DEF,4.5,a,,,90,0,5,0.8,1.0,0.0,1.0,0.12,0.3,0.42,1.17,0.12,0.3,0.42,1.17,0,0,-0.12,-0.3,0,0,0.0,0.0,0,0.0,0,0,0,1,0,1,6,1,7,7.0,16.4,20.0,18.0,5.4,0,20
328,Struijk,Pascal Struijk,Brighton,DEF,4.9,s,0,Suspended until 25 Oct,154,2,5,1.2,1.3,0.2,0.0,0.31,0.01,0.32,2.18,0.18,0.01,0.19,1.27,0,0,-0.31,-0.01,1,0,0.0,0.58,0,0.0,0,0,0,1,1,2,12,8,14,8.18,32.2,1.5,7.0,4.0,0,29
136,Welbeck,Danny Welbeck,Chelsea,FWD,5.9,a,100,,92,1,5,1.2,1.3,0.9,1.3,0.0,0.14,0.14,2.04,0.0,0.14,0.14,2.0,0,0,0.0,-0.14,0,1,0.98,0.0,0,0.0,0,0,0,0,0,1,2,2,5,4.89,14.4,32.7,14.0,6.1,0,18
144,Gusto,Malo Gusto,Chelsea,DEF,4.9,a,,,274,3,5,1.0,0.7,0.9,0.7,0.08,0.12,0.2,3.52,0.03,0.04,0.07,1.16,0,0,-0.08,-0.12,0,7,2.3,0.0,0,0.0,0,0,0,0,0,4,11,13,15,4.93,32.0,37.2,13.0,8.2,0,16
149,Colwill,Levi Samuels Colwill,Chelsea,DEF,4.8,a,,,431,5,5,1.0,1.3,0.8,1.3,0.01,0.06,0.07,8.13,0.0,0.01,0.01,1.7,0,0,-0.01,-0.06,0,10,2.09,0.0,0,0.0,0,0,0,1,0,4,27,17,31,6.47,61.6,16.6,13.0,9.2,0,27
157,Estêvão,Estêvão Almeida de Oliveira Gonçalves,Chelsea,MID,6.3,a,,,29,0,5,1.0,1.0,0.7,1.0,0.07,0.07,0.14,1.06,0.22,0.22,0.44,3.29,0,0,-0.07,-0.07,0,1,3.1,0.0,0,0.0,0,0,0,0,0,1,0,1,2,6.21,8.6,1.6,38.0,5.0,0,20
186,Mason-Clark,Ephron Mason-Clark,Coventry City,MID,5.3,a,100,,231,4,5,1.2,0.7,0.1,0.7,0.51,0.12,0.63,3.16,0.2,0.05,0.25,1.23,0,0,-0.51,-0.12,0,3,1.17,0.0,0,0.0,0,0,0,0,0,0,6,9,15,5.84,15.4,51.6,52.0,11.7,0,19
190,Tchaouna,Loum Tchaouna,Coventry City,MID,5.3,a,,,211,2,5,1.2,0.3,0.1,0.3,0.23,0.18,0.41,3.23,0.1,0.08,0.18,1.38,0,0,-0.23,-0.18,0,3,1.28,0.0,0,0.0,0,0,0,0,0,1,6,11,18,7.68,25.4,50.5,46.0,12.3,0,32
198,Henderson,Dean Henderson,Crystal Palace,GK,4.9,i,0,Foot injury - Expected back 18 Oct,270,3,5,1.7,0.0,1.2,0.0,0.0,0.0,0.0,6.47,0.0,0.0,0.0,2.16,0,0,0.0,0.0,0,8,2.67,0.0,12,4.0,0,0,0,0,0,0,6,31,0,0.0,96.8,0.0,0.0,9.6,0,37
263,Kevin,Kevin Santos Lopes de Macedo,Fulham,MID,5.3,a,,,75,0,5,1.0,1.0,0.0,1.0,0.22,0.12,0.34,1.75,0.26,0.14,0.4,2.1,0,0,-0.22,-0.12,0,3,3.6,0.0,0,0.0,0,0,0,0,0,4,1,5,10,12.0,10.6,6.8,18.0,3.5,0,20
585,Herrington,Lucas Herrington,Hull City,DEF,4.0,a,,,197,1,5,1.0,0.7,0.6,0.7,0.02,0.04,0.06,3.36,0.01,0.02,0.03,1.54,0,0,-0.02,-0.04,0,3,1.37,0.0,0,0.0,0,0,0,0,0,2,14,6,16,7.31,42.8,23.1,11.0,7.7,0,19
420,Yoro,Leny Yoro,Man Utd,DEF,4.8,a,,,80,1,5,1.7,1.0,0.5,1.0,0.0,0.03,0.03,2.32,0.0,0.03,0.03,2.61,0,0,0.0,-0.03,0,2,2.25,0.0,0,0.0,0,0,0,0,0,5,12,7,17,19.12,7.8,2.4,2.0,1.3,0,10
405,N.Gonzalez,Nico González Iglesias,Newcastle,MID,5.5,a,100,,164,3,5,1.7,0.3,0.2,0.3,0.0,0.21,0.21,2.34,0.0,0.12,0.12,1.28,0,0,0.0,-0.21,1,2,1.1,0.55,0,0.0,0,0,0,1,0,0,3,9,12,6.59,13.4,42.0,2.0,5.8,0,23
201,Muñoz,Daniel Muñoz Mejía,Nott'm Forest,DEF,5.4,a,,,257,3,5,1.2,1.3,5.4,1.3,0.6,0.21,0.81,2.59,0.21,0.07,0.28,0.91,0,0,-0.6,-0.21,0,4,1.4,0.0,0,0.0,0,0,0,0,0,7,8,8,15,5.25,39.2,62.3,79.0,18.1,0,29
498,Senesi,Marcos Senesi Barón,Spurs,DEF,5.8,a,,,178,2,5,2.5,0.7,3.4,0.7,0.0,0.07,0.07,4.4,0.0,0.04,0.04,2.22,0,0,0.0,-0.07,0,4,2.02,0.0,0,0.0,0,0,0,0,0,6,13,10,19,9.61,36.6,2.2,0.0,3.9,0,22
543,Diarra,Habib Diarra,Sunderland,MID,5.3,i,0,Hamstring injury - Expected back 18 Oct,28,0,5,2.5,0.0,0.0,0.0,0.03,0.16,0.19,0.12,0.1,0.51,0.61,0.39,0,1,-0.03,0.84,0,1,3.21,0.0,0,0.0,0,0,0,0,0,0,0,0,0,0.0,15.6,10.9,2.0,2.9,0,18
14,Eze,Eberechi Eze,Arsenal,MID,6.2,a,,,85,0,4,1.0,0.7,1.1,0.7,0.04,0.09,0.13,1.33,0.04,0.1,0.14,1.41,0,0,-0.04,-0.09,0,0,0.0,0.0,0,0.0,0,0,0,0,0,0,0,5,5,5.29,3.0,5.9,9.0,1.6,0,18
16,Madueke,Noni Madueke,Arsenal,MID,6.2,a,,,113,1,4,1.3,0.7,0.2,0.7,0.28,0.52,0.8,0.77,0.22,0.41,0.63,0.61,0,0,-0.28,-0.52,0,1,0.8,0.0,0,0.0,0,0,0,0,0,1,1,6,8,6.37,11.6,43.9,0.0,5.6,0,31
54,Gomes,Joao Gomes,Aston Villa,MID,5.5,a,100,,214,3,4,1.3,2.0,0.0,2.0,0.0,0.04,0.04,5.32,0.0,0.02,0.02,2.24,0,0,0.0,-0.04,0,8,3.36,0.0,0,0.0,0,0,0,0,1,10,9,6,25,10.51,23.6,24.8,0.0,4.8,0,29
56,Abraham,Tammy Abraham,Aston Villa,FWD,5.5,a,100,,71,0,4,1.0,0.7,0.2,0.7,0.0,0.0,0.0,2.69,0.0,0.0,0.0,3.41,0,0,0.0,0.0,0,3,3.8,0.0,0,0.0,0,0,0,0,0,1,0,1,2,2.54,3.2,6.2,2.0,1.1,0,13
64,Smith,Adam Smith,Bournemouth,DEF,4.5,a,,,505,6,4,0.7,0.7,0.1,0.7,0.01,0.14,0.15,7.78,0.0,0.02,0.02,1.39,0,0,-0.01,-0.14,0,13,2.32,0.0,0,0.0,0,0,0,3,0,5,18,16,23,4.1,43.6,44.4,4.0,9.1,0,0
74,Brooks,David Brooks,Bournemouth,MID,5.0,a,100,,90,1,4,0.8,0.7,0.1,0.7,0.0,0.08,0.08,1.21,0.0,0.08,0.08,1.21,0,0,0.0,-0.08,0,4,4.0,0.0,0,0.0,0,0,0,1,0,1,2,5,8,8.0,9.2,23.6,2.0,3.5,0,13
182,Amenda,Aurèle Amenda,Coventry City,DEF,4.0,i,0,Calf injury - Unknown return date,360,4,4,1.0,0.0,0.5,0.0,0.02,0.39,0.41,7.53,0.0,0.1,0.1,1.88,0,0,-0.02,-0.39,0,10,2.5,0.0,0,0.0,0,0,0,1,0,1,23,11,24,6.0,62.8,14.5,15.0,9.4,0,-3
195,Simms,Ellis Simms,Coventry City,FWD,4.9,a,,,104,1,4,1.3,0.3,0.6,0.3,0.3,0.01,0.31,2.79,0.26,0.01,0.27,2.41,0,0,-0.3,-0.01,0,3,2.6,0.0,0,0.0,0,0,0,0,0,0,1,2,3,2.6,7.8,22.6,37.0,6.8,0,13
271,Muniz,Rodrigo Muniz Carvalho,Fulham,FWD,5.4,a,,,52,0,4,0.8,0.7,0.4,0.7,0.4,0.0,0.4,1.37,0.69,0.0,0.69,2.37,0,0,-0.4,0.0,0,3,5.19,0.0,0,0.0,0,0,0,1,0,0,3,0,3,5.19,11.4,22.2,36.0,7.0,0,17
635,Larsson,Hugo Larsson,Fulham,MID,5.0,a,,,40,0,4,1.0,1.0,0.0,1.0,0.19,0.23,0.42,1.13,0.43,0.52,0.95,2.54,0,0,-0.19,-0.23,0,3,6.75,0.0,0,0.0,0,0,0,0,0,1,2,3,6,13.5,6.8,1.9,9.0,1.8,0,12
589,Gourna-Douath,Lucas Gourna-Douath,Hull City,MID,5.0,a,,,138,1,4,1.3,0.3,0.0,0.3,0.03,0.03,0.06,2.26,0.02,0.02,0.04,1.47,0,0,-0.03,-0.03,1,0,0.0,0.65,0,0.0,0,0,0,1,0,5,5,7,17,11.09,29.4,33.5,2.0,6.5,0,18
642,Thomas,Sorba Thomas,Hull City,MID,5.5,a,,,119,1,4,1.3,1.0,0.0,1.0,0.21,0.11,0.32,2.04,0.16,0.08,0.24,1.54,0,0,-0.21,-0.11,0,3,2.27,0.0,0,0.0,0,0,0,0,0,1,0,7,8,6.05,8.8,40.9,12.0,5.8,0,13
300,Walton,Christian Walton,Ipswich Town,GK,4.4,a,,,180,2,4,2.0,1.3,0.4,1.3,0.0,0.02,0.02,4.05,0.0,0.01,0.01,2.02,0,0,0.0,-0.02,0,2,1.0,0.0,4,2.0,0,0,0,1,0,0,3,23,0,0.0,12.0,0.0,0.0,1.2,0,21
318,Philogene,Jaden Philogene,Ipswich Town,MID,5.4,a,100,,114,1,4,1.3,1.3,0.1,1.3,0.11,0.03,0.13,2.57,0.09,0.02,0.11,2.03,0,0,-0.11,-0.03,0,2,1.58,0.0,0,0.0,0,0,0,0,0,1,1,5,7,5.53,4.8,4.6,13.0,2.2,0,20
571,Florentino,Florentino Ibrain Morris Luís,Ipswich Town,MID,4.8,a,100,,92,1,4,1.3,1.3,0.1,1.3,0.0,0.14,0.14,2.35,0.0,0.14,0.14,2.3,0,0,0.0,-0.14,0,1,0.98,0.0,0,0.0,0,0,0,0,0,4,4,3,11,10.76,9.0,22.3,2.0,3.2,0,29
369,Ngumoha,Rio Ngumoha,Liverpool,MID,5.7,a,,,99,1,4,1.3,0.3,0.4,0.3,0.15,0.05,0.2,0.68,0.14,0.05,0.19,0.62,0,0,-0.15,-0.05,0,2,1.82,0.0,0,0.0,0,0,0,0,0,1,1,2,4,3.64,4.4,8.1,11.0,2.1,0,13
162,Andrey Santos,Andrey Nascimento dos Santos,Man Utd,MID,4.8,a,,,82,1,4,1.3,0.0,0.5,0.0,0.0,0.24,0.24,2.03,0.0,0.26,0.26,2.23,0,0,0.0,-0.24,0,4,4.39,0.0,0,0.0,0,0,0,0,0,4,7,7,18,19.76,24.8,5.5,8.0,3.9,0,23
450,Livramento,Tino Livramento,Newcastle,DEF,4.9,d,50,Unspecified injury - 50% chance of playing,33,0,4,2.0,1.0,0.1,0.5,0.0,0.01,0.01,0.18,0.0,0.03,0.03,0.49,0,1,0.0,0.99,0,1,2.73,0.0,0,0.0,0,0,0,1,0,2,1,4,3,8.18,5.0,3.8,4.0,1.3,0,12
463,Woltemade,Nick Woltemade,Newcastle,FWD,5.9,u,0,Has joined Juventus on loan for the rest of the season,19,0,4,4.0,0.0,0.5,0.0,0.02,0.01,0.03,0.38,0.09,0.05,0.14,1.8,0,1,-0.02,0.99,0,0,0.0,0.0,0,0.0,0,0,0,0,0,0,0,0,0,0.0,18.2,10.5,11.0,4.0,0,18
465,Osula,William Osula,Newcastle,FWD,5.8,d,50,Foot injury - 50% chance of playing,55,1,4,4.0,0.0,0.3,0.0,0.06,0.14,0.2,1.48,0.1,0.23,0.33,2.42,0,1,-0.06,0.86,0,1,1.64,0.0,0,0.0,0,0,0,0,0,1,2,2,5,8.18,28.2,13.7,8.0,5.0,0,18
634,Fernandez-Pardo,Matias Fernandez-Pardo,Newcastle,FWD,6.0,a,,,157,2,4,1.3,1.0,0.1,1.0,0.05,0.01,0.06,2.94,0.03,0.01,0.04,1.69,0,0,-0.05,-0.01,0,4,2.29,0.0,0,0.0,0,0,0,0,0,2,0,3,5,2.87,3.4,12.5,15.0,3.1,0,16
488,I.Sangaré,Ibrahim Sangaré,Nott'm Forest,MID,4.8,a,100,,105,1,4,1.3,0.7,0.4,0.7,0.09,0.02,0.11,0.56,0.08,0.02,0.1,0.48,0,0,-0.09,-0.02,0,1,0.86,0.0,0,0.0,0,0,0,0,0,1,4,3,8,6.86,21.6,13.7,5.0,4.1,0,15
490,Wood,Chris Wood,Nott'm Forest,FWD,5.8,a,,,62,0,4,1.0,0.7,0.9,0.7,0.12,0.01,0.13,0.53,0.17,0.01,0.18,0.77,0,0,-0.12,-0.01,0,1,1.45,0.0,0,0.0,0,0,0,0,0,0,0,1,1,1.45,1.2,4.8,3.0,0.7,0,13
515,Maddison,James Maddison,Spurs,MID,6.3,a,100,,75,0,4,1.0,1.0,0.4,1.0,0.06,0.05,0.11,1.46,0.07,0.06,0.13,1.75,0,0,-0.06,-0.05,0,2,2.4,0.0,0,0.0,0,0,0,0,0,7,3,5,15,18.0,21.8,14.5,19.0,5.6,0,28
501,Danso,Kevin Danso,Sunderland,DEF,5.0,a,,,360,4,4,1.0,0.7,0.2,0.7,0.26,0.2,0.46,7.32,0.06,0.05,0.11,1.83,0,0,-0.26,-0.2,0,10,2.5,0.0,0,0.0,0,0,0,0,0,2,23,15,25,6.25,55.2,32.9,21.0,11.0,0,10
646,Fofana,Malick Fofana,Sunderland,MID,5.5,a,,,116,0,4,1.0,1.0,0.0,1.0,0.42,0.02,0.44,4.2,0.33,0.02,0.35,3.26,0,0,-0.42,-0.02,0,4,3.1,0.0,0,0.0,0,0,0,0,0,2,2,5,9,6.98,12.4,2.1,44.0,5.8,0,21
9,Hincapie,Piero Hincapié,Arsenal,DEF,5.2,a,,,40,0,3,1.0,0.3,0.9,0.3,0.0,0.0,0.0,0.28,0.0,0.0,0.0,0.63,0,0,0.0,0.0,0,0,0.0,0.0,0,0.0,0,0,0,0,0,1,5,0,6,13.5,6.4,1.0,2.0,1.0,0,10
25,Gyökeres,Viktor Gyökeres,Arsenal,FWD,7.1,a,,,56,0,3,1.0,0.7,3.8,0.7,0.0,0.39,0.39,0.68,0.0,0.63,0.63,1.09,0,0,0.0,-0.39,0,0,0.0,0.0,0,0.0,0,0,0,0,0,1,0,4,5,8.04,0.0,14.7,0.0,1.4,0,17
34,Pau,Pau Torres,Aston Villa,DEF,4.4,a,100,,187,3,3,1.0,0.3,0.3,0.3,0.0,0.01,0.01,4.79,0.0,0.0,0.0,2.31,0,0,0.0,-0.01,0,5,2.41,0.0,0,0.0,0,0,0,0,0,1,8,9,9,4.33,11.2,1.9,2.0,1.5,0,-4
160,Garnacho,Alejandro Garnacho Ferreyra,Aston Villa,MID,5.8,a,,,31,0,3,1.0,0.0,0.3,0.0,0.0,0.0,0.0,0.49,0.0,0.0,0.0,1.42,0,0,0.0,0.0,0,0,0.0,0.0,0,0.0,0,0,0,0,0,0,0,2,2,5.81,1.2,3.6,0.0,0.5,0,9
631,Mbaye,Ibrahim Mbaye,Aston Villa,MID,6.0,a,,,59,0,3,1.0,1.0,0.1,1.0,0.05,0.18,0.23,2.13,0.08,0.27,0.35,3.25,0,0,-0.05,-0.18,0,4,6.1,0.0,0,0.0,0,0,0,0,0,2,1,2,5,7.63,9.0,15.2,19.0,4.3,0,14
81,Rodríguez,Álvaro Rodríguez,Bournemouth,FWD,6.0,a,100,,28,0,3,1.0,0.7,0.1,0.7,0.02,0.03,0.05,0.18,0.06,0.1,0.16,0.58,0,0,-0.02,-0.03,0,1,3.21,0.0,0,0.0,0,0,0,0,0,0,1,3,4,12.86,0.0,0.5,0.0,0.1,0,10
608,Jebbison,Daniel Jebbison,Bournemouth,FWD,5.0,a,,,31,0,3,1.0,0.3,0.1,0.3,0.1,0.0,0.1,0.61,0.29,0.0,0.29,1.77,0,0,-0.1,0.0,0,2,5.81,0.0,0,0.0,0,0,0,0,0,0,0,1,1,2.9,3.6,1.6,21.0,2.6,0,13
108,Wilson,Callum Wilson,Brentford,FWD,5.4,a,,,18,0,3,0.8,0.0,0.3,0.0,0.07,0.04,0.11,0.24,0.35,0.2,0.55,1.2,0,0,-0.07,-0.04,0,0,0.0,0.0,0,0.0,0,0,0,1,0,0,1,2,3,15.0,3.2,10.4,12.0,2.6,0,8
620,Diouf,El Hadji Malick Diouf,Brentford,DEF,4.5,a,,,129,1,3,1.0,1.0,0.1,1.0,0.07,0.02,0.09,2.39,0.05,0.01,0.06,1.67,0,0,-0.07,-0.02,0,2,1.4,0.0,0,0.0,0,0,0,0,0,4,4,5,8,5.58,5.6,1.3,0.0,0.7,0,11
600,Osman,Ibrahim Osman,Brighton,MID,5.0,a,,,40,0,3,1.0,0.3,0.0,0.3,0.05,0.07,0.12,0.32,0.11,0.16,0.27,0.72,0,0,-0.05,-0.07,0,1,2.25,0.0,0,0.0,0,0,0,0,0,1,0,3,4,9.0,7.2,17.8,19.0,4.2,0,15
142,James,Reece James,Chelsea,DEF,5.3,d,75,Unspecified injury - 75% chance of playing,292,3,3,0.8,0.3,5.4,0.2,0.33,0.26,0.59,4.9,0.1,0.08,0.18,1.51,0,0,-0.33,-0.26,0,7,2.16,0.0,0,0.0,0,0,0,1,0,2,11,15,13,4.01,56.2,42.6,49.0,14.8,0,24
159,Caicedo,Moisés Caicedo Corozo,Chelsea,MID,5.3,a,100,,84,1,3,1.5,0.7,1.0,0.7,0.01,0.01,0.02,1.48,0.01,0.01,0.02,1.59,0,0,-0.01,-0.01,0,1,1.07,0.0,0,0.0,0,0,0,0,0,4,5,2,11,11.79,0.0,0.1,0.0,0.0,0,23
568,Barco,Valentín Barco,Chelsea,MID,5.4,a,,,115,1,3,1.0,0.7,0.1,0.7,0.07,0.11,0.18,2.83,0.05,0.09,0.14,2.21,0,0,-0.07,-0.11,0,3,2.35,0.0,0,0.0,0,0,0,1,0,3,4,5,12,9.39,12.8,7.2,11.0,3.0,0,29
188,Torp,Victor Torp,Coventry City,MID,5.3,a,,,53,0,3,1.0,0.3,0.1,0.3,0.0,0.12,0.12,1.22,0.0,0.2,0.2,2.07,0,0,0.0,-0.12,0,2,3.4,0.0,0,0.0,0,0,0,0,0,0,1,2,3,5.09,7.2,20.4,0.0,2.7,0,13
492,Awoniyi,Taiwo Awoniyi,Coventry City,FWD,5.4,s,0,Suspended until 19 Oct,232,3,3,0.8,-0.7,0.3,0.0,1.3,0.04,1.34,3.55,0.5,0.02,0.52,1.38,0,0,-1.3,-0.04,0,7,2.72,0.0,0,0.0,0,0,0,0,1,1,3,7,11,4.27,13.6,46.2,78.0,13.6,0,11
584,Hamer,Gustavo Hamer,Coventry City,MID,5.3,a,,,32,0,3,1.0,0.0,0.1,0.0,0.0,0.02,0.02,0.82,0.0,0.06,0.06,2.31,0,0,0.0,-0.02,0,1,2.81,0.0,0,0.0,0,0,0,0,0,1,0,2,3,8.44,0.6,1.8,0.0,0.3,0,6
241,McNeil,Dwight McNeil,Crystal Palace,MID,5.3,a,,,84,1,3,1.5,0.0,0.1,0.0,0.05,0.02,0.07,1.18,0.05,0.02,0.07,1.26,0,0,-0.05,-0.02,0,3,3.21,0.0,0,0.0,0,0,0,0,0,0,4,3,7,7.5,10.0,5.0,2.0,1.7,0,13
577,Tomiyasu,Takehiro Tomiyasu,Crystal Palace,DEF,4.4,i,0,Calf injury - Expected back 18 Oct,189,2,3,0.8,0.3,0.2,0.0,0.0,0.03,0.03,3.98,0.0,0.01,0.01,1.9,0,0,0.0,-0.03,0,5,2.38,0.0,0,0.0,0,0,0,0,0,2,15,7,17,8.1,35.8,15.6,8.0,6.0,0,10
633,Ahanor,Honest Ahanor,Crystal Palace,DEF,4.5,a,,,90,1,3,3.0,1.0,0.0,1.0,0.0,0.01,0.01,1.68,0.0,0.01,0.01,1.68,0,0,0.0,-0.01,0,3,3.0,0.0,0,0.0,0,0,0,0,0,2,9,4,11,11.0,24.6,11.9,4.0,4.1,0,10
253,Andersen,Joachim Andersen,Fulham,DEF,5.0,a,100,,190,2,3,1.0,0.3,0.2,0.3,0.0,0.1,0.1,4.35,0.0,0.05,0.05,2.06,0,0,0.0,-0.1,0,5,2.37,0.0,0,0.0,0,0,0,1,0,2,18,9,20,9.47,52.2,35.8,8.0,9.6,0,12
255,J.Cuenca,Jorge Cuenca Barreno,Fulham,DEF,4.5,a,,,90,1,3,3.0,0.0,0.0,0.0,0.0,0.03,0.03,2.24,0.0,0.03,0.03,2.24,0,0,0.0,-0.03,0,3,3.0,0.0,0,0.0,0,0,0,0,0,1,9,3,10,10.0,32.8,21.3,0.0,5.4,0,7
262,Smith Rowe,Emile Smith Rowe,Fulham,MID,5.3,a,,,41,0,3,0.8,0.3,0.2,0.3,0.06,0.02,0.08,1.12,0.13,0.04,0.17,2.46,0,0,-0.06,-0.02,0,2,4.39,0.0,0,0.0,0,0,0,1,0,0,1,2,3,6.59,6.6,23.8,9.0,4.0,0,10
289,Crooks,Matt Crooks,Hull City,MID,4.4,a,100,,203,3,3,1.0,0.3,0.5,0.3,0.0,0.12,0.12,3.57,0.0,0.05,0.05,1.58,0,0,0.0,-0.12,1,4,1.77,0.44,0,0.0,0,0,0,3,0,8,9,4,21,9.31,37.8,17.3,0.0,5.4,0,17
306,Greaves,Jacob Greaves,Ipswich Town,DEF,3.9,a,,,357,4,3,0.8,0.3,1.1,0.3,0.0,0.06,0.06,6.74,0.0,0.02,0.02,1.7,0,0,0.0,-0.06,0,10,2.52,0.0,0,0.0,1,0,0,1,0,5,25,12,30,7.56,68.6,16.9,4.0,9.0,0,12
323,McAteer,Kasey McAteer,Ipswich Town,MID,4.4,a,,,42,0,3,1.0,0.0,1.0,0.0,0.05,0.0,0.05,0.21,0.11,0.0,0.11,0.45,0,0,-0.05,0.0,0,0,0.0,0.0,0,0.0,0,0,0,0,0,1,0,4,5,10.71,4.6,1.8,7.0,1.4,0,12
343,James,Daniel James,Leeds,MID,4.9,i,0,Back injury - Expected back 18 Oct,52,0,3,1.0,0.7,0.1,0.0,0.35,0.01,0.36,1.61,0.61,0.02,0.63,2.79,0,0,-0.35,-0.01,0,1,1.73,0.0,0,0.0,0,0,0,0,0,0,1,4,5,8.65,1.2,1.3,19.0,1.9,0,9
375,Nyoni,Trey Nyoni,Liverpool,MID,4.8,a,,,38,0,3,1.0,0.3,0.0,0.3,0.0,0.0,0.0,0.36,0.0,0.0,0.0,0.85,0,0,0.0,0.0,0,0,0.0,0.0,0,0.0,0,0,0,0,0,2,6,2,10,23.68,16.2,2.9,0.0,1.9,0,9
381,Koumas,Lewis Koumas,Liverpool,MID,5.0,a,,,22,0,3,1.0,0.3,0.0,0.3,0.28,0.0,0.28,0.72,1.15,0.0,1.15,2.95,0,0,-0.28,0.0,0,0,0.0,0.0,0,0.0,0,0,0,0,0,0,0,1,1,4.09,4.2,0.5,24.0,2.9,0,14
131,Baleba,Carlos Baleba,Man Utd,MID,4.9,a,100,,31,0,3,3.0,1.0,0.1,1.0,0.06,0.01,0.07,0.33,0.17,0.03,0.2,0.96,0,0,-0.06,-0.01,0,1,2.9,0.0,0,0.0,0,0,0,0,0,2,4,6,12,34.84,0.0,0.0,0.0,0.0,0,9
422,Mazraoui,Noussair Mazraoui,Man Utd,DEF,4.4,d,75,Back injury - 75% chance of playing,97,1,3,1.0,0.0,0.5,0.0,0.22,0.06,0.28,2.08,0.2,0.06,0.26,1.93,0,0,-0.22,-0.06,0,4,3.71,0.0,0,0.0,0,0,0,0,0,2,4,3,6,5.57,21.0,31.2,11.0,6.4,0,6
440,Zirkzee,Joshua Zirkzee,Man Utd,FWD,5.3,a,,,51,0,3,1.0,1.0,0.4,1.0,0.12,0.07,0.19,0.35,0.21,0.12,0.33,0.62,0,0,-0.12,-0.07,0,1,1.76,0.0,0,0.0,0,0,0,0,0,0,2,4,6,10.59,7.6,14.9,0.0,2.2,0,15
457,J.Murphy,Jacob Murphy,Newcastle,MID,5.9,a,,,181,2,3,0.6,0.3,0.1,0.3,0.03,0.41,0.44,4.96,0.01,0.2,0.21,2.47,0,0,-0.03,-0.41,0,5,2.49,0.0,0,0.0,0,0,0,3,0,4,4,10,18,8.95,13.0,26.9,10.0,4.9,0,21
559,Bamba,Aladji Bamba,Newcastle,MID,4.9,a,,,27,0,3,1.0,0.7,0.1,0.7,0.0,0.0,0.0,1.29,0.0,0.0,0.0,4.3,0,0,0.0,0.0,0,1,3.33,0.0,0,0.0,0,0,0,0,0,3,3,2,8,26.67,11.6,0.4,0.0,1.2,0,12
478,Netz,Luca Netz,Nott'm Forest,DEF,4.4,a,,,27,0,3,1.0,0.3,0.0,0.3,0.0,0.02,0.02,0.13,0.0,0.07,0.07,0.43,0,0,0.0,-0.02,0,1,3.33,0.0,0,0.0,0,0,0,0,0,1,0,1,1,3.33,6.0,17.5,2.0,2.6,0,8
523,Moore,Mikey Moore,Spurs,MID,5.0,u,0,Has joined FC Köln on loan for the rest of the season,89,1,3,1.5,0.0,0.0,0.0,0.4,0.02,0.42,3.26,0.4,0.02,0.42,3.3,0,0,-0.4,-0.02,0,4,4.04,0.0,0,0.0,0,0,0,0,0,1,0,2,3,3.03,14.2,6.3,56.0,7.5,0,11
5,J.Timber,Jurriën Timber,Arsenal,DEF,6.5,a,100,,131,1,2,0.7,0.7,0.6,0.7,0.0,0.08,0.08,2.21,0.0,0.05,0.05,1.52,0,0,0.0,-0.08,0,3,2.06,0.0,0,0.0,0,0,0,0,0,3,3,8,6,4.12,10.2,4.2,0.0,1.5,0,0
76,Tóth.A,Alex Tóth,Bournemouth,MID,4.9,a,,,17,0,2,1.0,0.3,0.0,0.3,0.0,0.0,0.0,0.56,0.0,0.0,0.0,2.96,0,0,0.0,0.0,0,2,10.59,0.0,0,0.0,0,0,0,0,0,1,0,1,2,10.59,3.0,0.7,0.0,0.3,0,8
126,O'Riley,Matt O'Riley,Brighton,MID,5.4,a,,,10,0,2,1.0,0.7,0.1,0.7,0.28,0.01,0.29,0.18,2.52,0.09,2.61,1.62,0,0,-0.28,-0.01,0,0,0.0,0.0,0,0.0,0,0,0,0,0,0,2,1,3,27.0,8.2,10.5,19.0,3.8,0,6
140,Sánchez,Robert Lynch Sánchez,Chelsea,GK,4.9,u,0,Has joined Como on loan for the rest of the season,90,1,2,2.0,0.0,0.6,0.0,0.0,0.01,0.01,1.33,0.0,0.01,0.01,1.33,0,0,0.0,-0.01,0,2,2.0,0.0,4,4.0,0,0,0,0,0,0,1,5,0,0.0,21.4,0.0,0.0,2.1,0,6
164,Quenda,Geovany Quenda,Chelsea,MID,5.3,a,100,,27,0,2,1.0,0.3,0.0,0.3,0.03,0.01,0.04,1.29,0.1,0.03,0.13,4.3,0,0,-0.03,-0.01,0,2,6.67,0.0,0,0.0,0,0,0,0,0,0,1,0,1,3.33,1.6,2.1,8.0,1.2,0,5
42,Guessand,Evann Guessand,Crystal Palace,MID,5.4,a,,,54,0,2,1.0,0.0,0.0,0.0,0.03,0.03,0.06,0.34,0.05,0.05,0.1,0.57,0,0,-0.03,-0.03,0,1,1.67,0.0,0,0.0,0,0,0,0,0,1,1,0,2,3.33,5.4,2.1,7.0,1.5,0,6
207,Mingueza,Oscar Mingueza,Crystal Palace,DEF,4.3,a,,,16,0,2,1.0,0.0,0.1,0.0,0.0,0.0,0.0,0.33,0.0,0.0,0.0,1.86,0,0,0.0,0.0,0,1,5.62,0.0,0,0.0,0,0,0,0,0,2,0,1,2,11.25,3.2,0.4,0.0,0.3,0,5
212,Hughes,Will Hughes,Crystal Palace,MID,4.4,a,,,29,0,2,1.0,0.3,6.7,0.3,0.0,0.04,0.04,1.12,0.0,0.12,0.12,3.48,0,0,0.0,-0.04,0,1,3.1,0.0,0,0.0,0,0,0,0,0,1,3,3,7,21.72,8.0,15.3,0.0,2.4,0,9
223,Mateta,Jean-Philippe Mateta,Crystal Palace,FWD,6.3,i,0,Hamstring injury - Expected back 18 Oct,62,1,2,2.0,0.0,1.2,0.0,0.7,0.02,0.72,0.98,1.02,0.03,1.05,1.42,0,0,-0.7,-0.02,0,2,2.9,0.0,0,0.0,0,0,0,0,0,2,1,2,5,7.26,1.4,12.3,11.0,2.5,0,-3
595,Gozo,Zavier Gozo,Crystal Palace,MID,4.9,a,,,28,0,2,1.0,0.3,0.0,0.3,0.0,0.0,0.0,0.68,0.0,0.0,0.0,2.19,0,0,0.0,0.0,0,2,6.43,0.0,0,0.0,0,0,0,0,0,1,0,0,1,3.21,1.4,1.6,0.0,0.3,0,6
232,O'Brien,Jake O'Brien,Everton,DEF,4.8,a,,,16,0,2,1.0,0.7,0.3,0.7,0.0,0.0,0.0,0.42,0.0,0.0,0.0,2.36,0,0,0.0,0.0,0,0,0.0,0.0,0,0.0,0,0,0,0,0,0,2,2,2,11.25,3.0,0.0,0.0,0.3,0,5
248,Beto,Norberto Bercique Gomes Betuncal,Everton,FWD,5.4,u,0,Has joined Fiorentina permanently,31,0,2,1.0,0.0,0.5,0.0,0.09,0.0,0.09,1.92,0.26,0.0,0.26,5.57,0,0,-0.09,0.0,0,0,0.0,0.0,0,0.0,0,0,0,0,0,0,1,0,1,2.9,3.0,0.3,5.0,0.8,0,5
240,Iroegbunam,Tim Iroegbunam,Hull City,MID,5.0,a,100,,70,0,2,0.7,0.3,0.0,0.3,0.12,0.01,0.13,0.6,0.15,0.01,0.16,0.77,0,0,-0.12,-0.01,0,0,0.0,0.0,0,0.0,0,0,0,1,0,3,1,5,9,11.57,9.2,11.5,10.0,3.1,0,10
281,Drameh,Cody Drameh,Hull City,DEF,4.0,u,0,Has joined Genoa permanently,65,0,2,1.0,0.0,0.0,0.0,0.05,0.0,0.05,0.87,0.07,0.0,0.07,1.2,0,0,-0.05,0.0,0,0,0.0,0.0,0,0.0,0,0,0,0,0,1,5,4,6,8.31,6.4,0.4,1.0,0.8,0,8
637,Vaz,Robinio Vaz,Hull City,FWD,5.0,a,,,20,0,2,1.0,0.7,0.1,0.7,0.0,0.01,0.01,0.31,0.0,0.04,0.04,1.4,0,0,0.0,-0.01,0,0,0.0,0.0,0,0.0,0,0,0,0,0,0,0,2,2,9.0,2.4,11.7,2.0,1.6,0,8
321,Walle Egeli,Sindre Walle Egeli,Ipswich Town,FWD,4.5,a,,,19,0,2,1.0,0.3,3.5,0.3,0.1,0.0,0.1,0.24,0.47,0.0,0.47,1.14,0,0,-0.1,0.0,0,0,0.0,0.0,0,0.0,0,0,0,0,0,0,0,1,1,4.74,0.0,0.1,0.0,0.0,0,8
339,Longstaff,Sean Longstaff,Leeds,MID,4.8,a,,,10,0,2,1.0,0.3,0.1,0.3,0.0,0.0,0.0,0.35,0.0,0.0,0.0,3.15,0,0,0.0,0.0,0,1,9.0,0.0,0,0.0,0,0,0,0,0,0,0,0,0,0.0,0.0,0.2,0.0,0.0,0,7
648,Bahoya,Jean-Mattéo Bahoya,Leeds,MID,5.0,a,100,,5,0,2,1.0,0.7,0.0,0.7,0.0,0.0,0.0,0.41,0.0,0.0,0.0,7.38,0,0,0.0,0.0,0,0,0.0,0.0,0,0.0,0,0,0,0,0,0,0,0,0,0.0,1.0,0.3,0.0,0.1,0,8
357,Frimpong,Jeremie Frimpong,Liverpool,DEF,5.3,a,,,178,2,2,0.7,0.3,1.7,0.3,0.01,0.23,0.24,3.91,0.01,0.12,0.13,1.98,0,0,-0.01,-0.23,0,4,2.02,0.0,0,0.0,0,0,0,1,0,4,8,7,12,6.07,39.4,76.5,16.0,13.2,0,24
364,Tsimikas,Kostas Tsimikas,Liverpool,DEF,4.9,a,,,64,1,2,1.0,0.3,0.1,0.3,0.04,0.02,0.06,0.47,0.06,0.03,0.09,0.66,0,0,-0.04,-0.02,0,0,0.0,0.0,0,0.0,0,0,0,0,0,1,2,3,3,4.22,6.4,2.9,9.0,1.8,0,6
406,Kovačić,Mateo Kovačić,Man City,MID,5.3,a,,,42,0,2,1.0,0.0,0.1,0.0,0.0,0.02,0.02,0.1,0.0,0.04,0.04,0.21,0,0,0.0,-0.02,0,0,0.0,0.0,0,0.0,0,0,0,0,0,0,0,2,2,4.29,4.2,5.2,0.0,0.9,0,12
616,Bouaddi,Ayyoub Bouaddi,Man City,MID,5.5,a,,,22,0,2,1.0,0.0,0.2,0.0,0.0,0.12,0.12,0.37,0.0,0.49,0.49,1.51,0,0,0.0,-0.12,0,0,0.0,0.0,0,0.0,0,0,0,0,0,0,3,3,6,24.55,13.0,4.8,0.0,1.8,0,8
621,McAidoo,Ryan McAidoo,Man City,MID,4.4,a,,,11,0,2,1.0,0.0,0.1,0.0,0.1,0.0,0.1,0.02,0.82,0.0,0.82,0.16,0,0,-0.1,0.0,0,0,0.0,0.0,0,0.0,0,0,0,0,0,2,0,2,4,32.73,5.2,0.5,3.0,0.8,0,8
421,Heaven,Ayden Heaven,Man Utd,DEF,4.3,a,,,91,1,2,1.0,0.3,0.3,0.3,0.12,0.04,0.16,1.01,0.12,0.04,0.16,1.0,0,0,-0.12,-0.04,0,2,1.98,0.0,0,0.0,0,0,0,0,0,2,1,4,3,2.97,6.8,2.6,11.0,2.0,0,9
446,Schär,Fabian Schär,Newcastle,DEF,4.9,a,100,,25,0,2,1.0,0.3,0.2,0.3,0.0,0.01,0.01,1.87,0.0,0.04,0.04,6.73,0,0,0.0,-0.01,0,2,7.2,0.0,0,0.0,0,0,0,0,0,0,7,0,7,25.2,25.0,10.5,0.0,3.6,0,0
527,Richarlison,Richarlison de Andrade,Spurs,FWD,5.9,u,0,not included in squad.,67,1,2,2.0,0.0,0.6,0.0,0.0,0.0,0.0,3.02,0.0,0.0,0.0,4.06,0,0,0.0,0.0,0,3,4.03,0.0,0,0.0,0,0,0,0,0,0,1,0,1,1.34,0.0,2.2,0.0,0.2,0,6
548,Rigg,Chris Rigg,Sunderland,MID,4.9,a,,,17,0,2,1.0,0.0,0.0,0.0,0.0,0.0,0.0,0.44,0.0,0.0,0.0,2.33,0,0,0.0,0.0,0,1,5.29,0.0,0,0.0,0,0,0,0,0,0,0,1,1,5.29,0.0,0.3,0.0,0.0,0,6
20,Dowman,Max Dowman,Arsenal,MID,5.3,a,100,,9,0,1,1.0,0.3,0.1,0.3,0.0,0.08,0.08,0.31,0.0,0.8,0.8,3.1,0,0,0.0,-0.08,0,0,0.0,0.0,0,0.0,0,0,0,0,0,0,0,0,0,0.0,2.0,14.8,0.0,1.7,0,4
29,M.Bizot,Marco Bizot,Aston Villa,GK,4.5,a,100,,90,1,1,1.0,0.0,0.1,0.0,0.0,0.0,0.0,3.77,0.0,0.0,0.0,3.77,0,0,0.0,0.0,0,4,4.0,0.0,3,3.0,0,0,0,0,0,0,2,6,0,0.0,28.2,0.0,0.0,2.8,0,1
35,Bogarde,Lamare Bogarde,Aston Villa,MID,4.9,a,,,16,0,1,1.0,0.0,0.1,0.0,0.0,0.0,0.0,0.22,0.0,0.0,0.0,1.24,0,0,0.0,0.0,0,0,0.0,0.0,0,0.0,0,0,0,0,0,0,1,0,1,5.62,2.2,0.5,0.0,0.3,0,3
66,Soler,Julio Soler Barreto,Bournemouth,DEF,4.0,a,100,,6,0,1,1.0,0.3,0.3,0.3,0.0,0.0,0.0,0.0,0.0,0.0,0.0,0.0,0,0,0.0,0.0,0,0,0.0,0.0,0,0.0,0,0,0,0,0,1,0,2,1,15.0,0.0,0.0,0.0,0.0,0,4
573,Sanchez,Juanlu Sánchez,Bournemouth,DEF,4.4,a,,,18,0,1,1.0,0.3,0.2,0.3,0.0,0.0,0.0,0.0,0.0,0.0,0.0,0.0,0,0,0.0,0.0,0,0,0.0,0.0,0,0.0,0,0,0,0,0,1,0,1,1,5.0,0.0,0.0,0.0,0.0,0,4
89,Henry,Rico Henry,Brentford,DEF,4.4,a,,,2,0,1,1.0,0.0,0.2,0.0,0.0,0.0,0.0,0.0,0.0,0.0,0.0,0.0,0,0,0.0,0.0,0,0,0.0,0.0,0,0.0,0,0,0,0,0,0,0,0,0,0.0,0.0,0.0,0.0,0.0,0,3
120,Svoboda,Michael Svoboda,Brighton,DEF,5.0,a,,,4,0,1,1.0,0.3,0.1,0.3,0.0,0.0,0.0,0.14,0.0,0.0,0.0,3.15,0,0,0.0,0.0,0,0,0.0,0.0,0,0.0,0,0,0,0,0,1,0,1,1,22.5,2.4,0.0,0.0,0.2,0,5
135,Yohanna,Zadok Yohanna,Brighton,MID,4.8,i,0,Unspecified injury - Expected back 18 Oct,12,0,1,1.0,0.0,0.0,0.0,0.0,0.03,0.03,0.0,0.0,0.22,0.22,0.0,0,0,0.0,-0.03,0,0,0.0,0.0,0,0.0,0,0,0,0,0,0,0,0,0,0.0,0.2,1.3,0.0,0.2,0,3
594,David,Promise David,Brighton,FWD,5.9,a,,,23,0,1,0.5,0.0,0.2,0.0,0.42,0.0,0.42,0.14,1.64,0.0,1.64,0.55,0,0,-0.42,0.0,0,0,0.0,0.0,0,0.0,0,0,0,1,0,0,0,0,0,0.0,0.0,3.7,4.0,0.4,0,-4
152,Palestra,Marco Palestra,Chelsea,DEF,5.3,a,100,,18,0,1,1.0,0.3,0.6,0.3,0.0,0.0,0.0,0.05,0.0,0.0,0.0,0.25,0,0,0.0,0.0,0,0,0.0,0.0,0,0.0,0,0,0,0,0,0,0,1,0,0.0,0.0,0.0,0.0,0.0,0,3
662,Nicoll-Jazuli,Mahdi Nicoll-Jazuli,Chelsea,MID,4.5,a,,,3,0,1,1.0,0.5,0.0,0.5,0.0,0.0,0.0,0.43,0.0,0.0,0.0,12.9,0,0,0.0,0.0,0,1,30.0,0.0,0,0.0,0,0,0,0,0,2,0,0,2,60.0,4.6,1.7,0.0,0.6,0,5
179,Latibeaudiere,Joel Latibeaudiere,Coventry City,DEF,4.0,a,,,1,0,1,1.0,0.3,0.0,0.3,0.0,0.0,0.0,0.02,0.0,0.0,0.0,1.8,0,0,0.0,0.0,0,0,0.0,0.0,0,0.0,0,0,0,0,0,0,2,0,2,180.0,7.0,0.0,0.0,0.7,0,3
185,Sakamoto,Tatsuhiro Sakamoto,Coventry City,MID,4.8,a,,,31,0,1,1.0,0.0,0.1,0.0,0.02,0.02,0.04,0.69,0.06,0.06,0.12,2.0,0,0,-0.02,-0.02,0,1,2.9,0.0,0,0.0,0,0,0,0,0,2,0,2,4,11.61,6.2,5.9,7.0,1.9,0,8
599,Cherif,Sidiki Cherif,Coventry City,FWD,5.0,a,,,30,0,1,1.0,0.3,0.1,0.3,0.0,0.0,0.0,1.43,0.0,0.0,0.0,4.29,0,0,0.0,0.0,0,3,9.0,0.0,0,0.0,0,0,0,0,0,0,1,0,1,3.0,1.0,0.2,0.0,0.1,0,3
153,Disasi,Axel Disasi,Crystal Palace,DEF,4.5,s,0,Suspended until 25 Oct,139,2,1,0.3,-1.0,0.1,0.0,0.0,0.04,0.04,3.72,0.0,0.03,0.03,2.41,0,0,0.0,-0.04,0,6,3.88,0.0,0,0.0,0,0,0,0,1,5,15,11,20,12.95,34.8,13.4,2.0,5.0,0,-6
206,Chadi Riad,Chadi Riad Dnanou,Crystal Palace,DEF,4.3,i,0,Knee injury - Unknown return date,72,1,1,1.0,0.0,0.0,0.0,0.0,0.01,0.01,0.98,0.0,0.01,0.01,1.22,0,0,0.0,-0.01,0,2,2.5,0.0,0,0.0,0,0,0,0,0,1,6,3,7,8.75,12.6,1.3,0.0,1.4,0,7
208,Sarr,Ismaïla Sarr,Crystal Palace,MID,6.2,a,100,,8,0,1,1.0,0.3,0.7,0.3,0.0,0.01,0.01,0.06,0.0,0.11,0.11,0.68,0,0,0.0,-0.01,0,0,0.0,0.0,0,0.0,0,0,0,0,0,0,0,0,0,0.0,0.0,0.5,0.0,0.1,0,3
213,Lerma,Jefferson Lerma Solís,Crystal Palace,MID,4.8,a,,,51,0,1,0.5,0.3,0.1,0.3,0.26,0.0,0.26,1.25,0.46,0.0,0.46,2.21,0,0,-0.26,0.0,0,1,1.76,0.0,0,0.0,0,0,0,1,0,2,7,3,12,21.18,17.6,0.8,11.0,3.0,0,6
647,Osorio,Darío Osorio,Crystal Palace,MID,5.5,a,,,1,0,1,1.0,0.0,0.0,0.0,0.0,0.0,0.0,0.13,0.0,0.0,0.0,11.7,0,0,0.0,0.0,0,0,0.0,0.0,0,0.0,0,0,0,0,0,1,0,0,1,90.0,2.0,0.3,0.0,0.2,0,2
243,Alcaraz,Carlos Alcaraz Durán,Everton,MID,4.9,a,,,5,0,1,0.5,0.0,0.1,0.0,0.05,0.02,0.07,0.04,0.9,0.36,1.26,0.72,0,0,-0.05,-0.02,0,0,0.0,0.0,0,0.0,0,0,0,1,0,1,0,2,3,54.0,5.0,0.8,25.0,2.7,0,5
245,Dibling,Tyler Dibling,Everton,MID,5.3,a,,,24,0,1,1.0,0.3,0.0,0.3,0.17,0.16,0.33,0.38,0.64,0.6,1.24,1.42,0,0,-0.17,-0.16,0,0,0.0,0.0,0,0.0,0,0,0,0,0,0,0,0,0,0.0,7.2,24.4,26.0,5.8,0,10
256,Tete,Kenny Tete,Fulham,DEF,4.4,a,100,,117,1,1,0.5,0.3,0.2,0.3,0.0,0.22,0.22,1.8,0.0,0.17,0.17,1.38,0,0,0.0,-0.22,0,2,1.54,0.0,0,0.0,0,0,0,1,0,1,9,3,10,7.69,1.6,0.3,2.0,0.4,0,6
285,McNair,Paddy McNair,Hull City,DEF,4.0,a,100,,26,0,1,1.0,0.0,0.1,0.0,0.0,0.0,0.0,0.96,0.0,0.0,0.0,3.32,0,0,0.0,0.0,0,0,0.0,0.0,0,0.0,0,0,0,0,0,0,2,1,2,6.92,4.2,0.0,0.0,0.4,0,3
340,Gelhardt,Joe Gelhardt,Hull City,MID,5.0,a,100,,7,0,1,1.0,0.3,0.0,0.3,0.1,0.02,0.12,0.13,1.29,0.26,1.55,1.67,0,0,-0.1,-0.02,0,0,0.0,0.0,0,0.0,0,0,0,0,0,0,0,1,1,12.86,1.6,1.3,12.0,1.5,0,5
556,Targett,Matt Targett,Hull City,DEF,4.0,i,0,Ankle injury - Unknown return date,5,0,1,1.0,0.0,1.5,0.0,0.0,0.0,0.0,0.07,0.0,0.0,0.0,1.26,0,0,0.0,0.0,0,0,0.0,0.0,0,0.0,0,0,0,0,0,0,0,1,0,0.0,0.4,0.0,0.0,0.0,0,3
563,Morita,Hidemasa Morita,Hull City,MID,4.9,a,100,,45,1,1,1.0,0.0,0.0,0.0,0.0,0.0,0.0,1.09,0.0,0.0,0.0,2.18,0,0,0.0,0.0,0,0,0.0,0.0,0,0.0,0,0,0,0,0,0,2,1,3,6.0,11.0,13.4,0.0,2.4,0,6
574,Hjertø-Dahl,Jens Hjertø-Dahl,Hull City,MID,4.9,a,,,8,0,1,1.0,0.0,0.1,0.0,0.0,0.0,0.0,0.0,0.0,0.0,0.0,0.0,0,0,0.0,0.0,0,0,0.0,0.0,0,0.0,0,0,0,0,0,0,0,1,1,11.25,0.0,0.0,0.0,0.0,0,4
638,Norton-Cuffy,Brooke Norton-Cuffy,Hull City,DEF,4.0,a,100,,34,0,1,0.5,0.0,0.2,0.0,0.05,0.0,0.05,0.3,0.13,0.0,0.13,0.79,0,0,-0.05,0.0,0,0,0.0,0.0,0,0.0,0,0,0,1,0,0,1,4,1,2.65,2.2,0.6,9.0,1.2,0,3
308,Furlong,Darnell Furlong,Ipswich Town,DEF,3.9,a,,,17,0,1,1.0,0.0,0.6,0.0,0.0,0.0,0.0,0.86,0.0,0.0,0.0,4.55,0,0,0.0,0.0,0,1,5.29,0.0,0,0.0,0,0,0,0,0,1,2,0,3,15.88,5.0,0.5,0.0,0.6,0,-1
641,Bard,Melvin Bard,Leeds,DEF,4.5,a,,,18,0,1,1.0,0.3,0.0,0.3,0.0,0.0,0.0,0.3,0.0,0.0,0.0,1.5,0,0,0.0,0.0,0,1,5.0,0.0,0,0.0,0,0,0,0,0,1,1,2,2,10.0,4.4,10.3,0.0,1.5,0,1
395,Lewis,Rico Lewis,Man City,DEF,4.4,a,,,56,1,1,1.0,0.0,0.2,0.0,0.17,0.02,0.19,0.55,0.27,0.03,0.3,0.88,0,0,-0.17,-0.02,0,1,1.61,0.0,0,0.0,0,0,0,0,0,0,2,0,2,3.21,3.8,3.8,39.0,4.7,0,-1
396,Vitor Reis,Vitor de Oliveira Nunes dos Reis,Man City,DEF,4.5,a,,,1,0,1,1.0,0.0,0.0,0.0,0.0,0.0,0.0,0.0,0.0,0.0,0.0,0.0,0,0,0.0,0.0,0,0,0.0,0.0,0,0.0,0,0,0,0,0,0,0,0,0,0.0,1.2,0.9,0.0,0.2,0,3
400,Doku,Jérémy Doku,Man City,MID,7.4,a,100,,15,0,1,1.0,0.3,0.7,0.3,0.23,0.32,0.55,0.42,1.38,1.92,3.3,2.52,0,0,-0.23,-0.32,0,0,0.0,0.0,0,0.0,0,0,0,0,0,0,1,1,2,12.0,3.6,13.8,5.0,2.2,0,7
622,Braithwaite,Kaden Braithwaite,Man City,DEF,4.0,a,,,1,0,1,1.0,0.0,0.2,0.0,0.0,0.0,0.0,0.0,0.0,0.0,0.0,0.0,0,0,0.0,0.0,0,0,0.0,0.0,0,0.0,0,0,0,0,0,0,0,1,0,0.0,0.6,0.8,0.0,0.1,0,3
430,Mount,Mason Mount,Man Utd,MID,5.4,a,100,,10,0,1,1.0,0.3,0.0,0.3,0.09,0.01,0.1,0.0,0.81,0.09,0.9,0.0,0,0,-0.09,-0.01,0,0,0.0,0.0,0,0.0,0,0,0,0,0,0,0,1,1,9.0,0.6,1.1,5.0,0.7,0,3
431,Amad,Amad Diallo,Man Utd,MID,5.7,a,100,,58,1,1,1.0,0.3,0.3,0.3,0.06,0.03,0.09,1.23,0.09,0.05,0.14,1.91,0,0,-0.06,-0.03,0,0,0.0,0.0,0,0.0,0,0,0,0,0,1,1,2,4,6.21,0.0,0.0,0.0,0.0,0,7
435,Lacey,Shea Lacey,Man Utd,MID,4.9,a,,,10,0,1,1.0,0.0,0.1,0.0,0.0,0.0,0.0,0.0,0.0,0.0,0.0,0.0,0,0,0.0,0.0,0,0,0.0,0.0,0,0.0,0,0,0,0,0,0,0,1,1,9.0,0.2,0.6,0.0,0.1,0,3
482,Hudson-Odoi,Callum Hudson-Odoi,Nott'm Forest,MID,5.8,a,100,,1,0,1,1.0,0.0,0.1,0.0,0.0,0.0,0.0,0.0,0.0,0.0,0.0,0.0,0,0,0.0,0.0,0,0,0.0,0.0,0,0.0,0,0,0,0,0,0,0,0,0,0.0,0.0,0.3,0.0,0.0,0,2
487,Dominguez,Nicolás Domínguez,Nott'm Forest,MID,4.9,a,,,1,0,1,1.0,0.0,0.1,0.0,0.0,0.0,0.0,0.0,0.0,0.0,0.0,0.0,0,0,0.0,0.0,0,0,0.0,0.0,0,0.0,0,0,0,0,0,0,0,0,0,0.0,0.2,0.0,0.0,0.0,0,3
493,Kalimuendo,Arnaud Kalimuendo,Nott'm Forest,FWD,5.4,a,,,1,0,1,1.0,0.0,0.0,0.0,0.0,0.0,0.0,0.0,0.0,0.0,0.0,0.0,0,0,0.0,0.0,0,0,0.0,0.0,0,0.0,0,0,0,0,0,0,0,0,0,0.0,0.0,0.0,0.0,0.0,0,3
147,Tosin,Tosin Adarabioyo,Spurs,DEF,4.4,a,,,5,0,1,1.0,0.3,0.1,0.3,0.0,0.0,0.0,0.03,0.0,0.0,0.0,0.54,0,0,0.0,0.0,0,0,0.0,0.0,0,0.0,0,0,0,0,0,2,2,1,4,72.0,9.0,0.2,0.0,0.9,0,5
578,Mudryk,Mykhailo Mudryk,Spurs,MID,5.3,i,0,Ankle injury - Unknown return date,16,0,1,1.0,0.0,0.0,0.0,0.0,0.0,0.0,0.16,0.0,0.0,0.0,0.9,0,0,0.0,0.0,0,0,0.0,0.0,0,0.0,0,0,0,0,0,0,0,0,0,0.0,0.0,0.1,2.0,0.1,0,3
535,Alderete,Omar Alderete,Sunderland,DEF,4.8,a,100,,23,0,1,1.0,0.0,0.2,0.0,0.0,0.01,0.01,0.1,0.0,0.04,0.04,0.39,0,0,0.0,-0.01,0,1,3.91,0.0,0,0.0,0,0,0,0,0,0,0,2,0,0.0,0.0,0.6,0.0,0.0,0,2
539,O'Nien,Luke O'Nien,Sunderland,DEF,3.9,a,,,66,1,1,1.0,0.0,2.5,0.0,0.01,0.01,0.02,1.69,0.01,0.01,0.02,2.3,0,0,-0.01,-0.01,0,1,1.36,0.0,0,0.0,0,0,0,1,0,1,4,4,5,6.82,11.4,1.4,4.0,1.7,0,1
547,Mundle,Romaine Mundle,Sunderland,MID,4.8,i,0,Knee injury - Unknown return date,1,0,1,1.0,0.0,0.0,0.0,0.17,0.0,0.17,0.09,15.3,0.0,15.3,8.1,0,0,-0.17,0.0,0,0,0.0,0.0,0,0.0,0,0,0,0,0,0,1,0,1,90.0,8.0,0.1,17.0,2.5,0,2
549,Talbi,Chemsdine Talbi,Sunderland,MID,5.3,a,,,31,0,1,1.0,0.0,0.1,0.0,0.0,0.0,0.0,0.14,0.0,0.0,0.0,0.41,0,0,0.0,0.0,0,1,2.9,0.0,0,0.0,0,0,0,0,0,0,0,2,2,5.81,0.0,0.9,0.0,0.0,0,1
550,Jocelin.T,Djiamgone Jocelin Ta Bi,Sunderland,MID,4.9,a,,,17,0,1,1.0,0.3,0.0,0.3,0.0,0.03,0.03,0.47,0.0,0.16,0.16,2.49,0,0,0.0,-0.03,0,1,5.29,0.0,0,0.0,0,0,0,0,0,0,0,0,0,0.0,0.0,0.0,0.0,0.0,0,4
651,J.Angulo,Juan Angulo,Sunderland,FWD,4.5,a,,,9,0,1,1.0,0.3,0.8,0.3,0.0,0.0,0.0,0.15,0.0,0.0,0.0,1.5,0,0,0.0,0.0,0,1,10.0,0.0,0,0.0,0,0,0,0,0,0,0,0,0,0.0,0.0,0.0,0.0,0.0,0,3
2,Arrizabalaga,Kepa Arrizabalaga Revuelta,Arsenal,GK,4.9,a,,,0,0,0,0.0,0.0,0.1,0.0,0.0,0.0,0.0,0.0,0.0,0.0,0.0,0.0,0,0,0.0,0.0,0,0,0.0,0.0,0,0.0,0,0,0,0,0,0,0,0,0,0.0,0.0,0.0,0.0,0.0,0,0
3,Meslier,Illan Meslier,Arsenal,GK,4.9,a,,,0,0,0,0.0,0.0,0.0,0.0,0.0,0.0,0.0,0.0,0.0,0.0,0.0,0.0,0,0,0.0,0.0,0,0,0.0,0.0,0,0.0,0,0,0,0,0,0,0,0,0,0.0,0.0,0.0,0.0,0.0,0,0
6,Saliba,William Saliba,Arsenal,DEF,5.9,i,0,Back injury - Unknown return date,0,0,0,0.0,0.0,0.2,0.0,0.0,0.0,0.0,0.0,0.0,0.0,0.0,0.0,0,0,0.0,0.0,0,0,0.0,0.0,0,0.0,0,0,0,0,0,0,0,0,0,0.0,0.0,0.0,0.0,0.0,0,0
18,Martinelli,Gabriel Martinelli Silva,Arsenal,MID,6.3,u,0,Has joined Al Hilal permanently,0,0,0,0.0,0.0,0.1,0.0,0.0,0.0,0.0,0.0,0.0,0.0,0.0,0.0,0,0,0.0,0.0,0,0,0.0,0.0,0,0.0,0,0,0,0,0,0,0,0,0,0.0,0.0,0.0,0.0,0.0,0,0
22,Nwaneri,Ethan Nwaneri,Arsenal,MID,5.4,u,0,Has joined Borussia Dortmund on loan for the rest of the season,0,0,0,0.0,0.0,0.0,0.0,0.0,0.0,0.0,0.0,0.0,0.0,0.0,0.0,0,0,0.0,0.0,0,0,0.0,0.0,0,0.0,0,0,0,0,0,0,0,0,0,0.0,0.0,0.0,0.0,0.0,0,0
23,Fábio Vieira,Fábio Ferreira Vieira,Arsenal,MID,5.5,u,0,Has joined Hamburger SV permanently,0,0,0,0.0,0.0,0.0,0.0,0.0,0.0,0.0,0.0,0.0,0.0,0.0,0.0,0,0,0.0,0.0,0,0,0.0,0.0,0,0.0,0,0,0,0,0,0,0,0,0,0.0,0.0,0.0,0.0,0.0,0,0
24,Nelson,Reiss Nelson,Arsenal,MID,5.5,u,0,has departed the club as a free agent.,0,0,0,0.0,0.0,0.0,0.0,0.0,0.0,0.0,0.0,0.0,0.0,0.0,0.0,0,0,0.0,0.0,0,0,0.0,0.0,0,0.0,0,0,0,0,0,0,0,0,0,0.0,0.0,0.0,0.0,0.0,0,0
27,G.Jesus,Gabriel Fernando de Jesus,Arsenal,FWD,5.9,u,0,Has joined FC Barcelona permanently,0,0,0,0.0,0.0,0.1,0.0,0.0,0.0,0.0,0.0,0.0,0.0,0.0,0.0,0,0,0.0,0.0,0,0,0.0,0.0,0,0.0,0,0,0,0,0,0,0,0,0,0.0,0.0,0.0,0.0,0.0,0,0
30,Digne,Lucas Digne,Aston Villa,DEF,4.5,u,0,Has joined Paris Saint-Germain permanently,0,0,0,0.0,0.0,0.0,0.0,0.0,0.0,0.0,0.0,0.0,0.0,0.0,0.0,0,0,0.0,0.0,0,0,0.0,0.0,0,0.0,0,0,0,0,0,0,0,0,0,0.0,0.0,0.0,0.0,0.0,0,0
38,A.García,Andrés García,Aston Villa,DEF,4.0,a,,,0,0,0,0.0,0.0,1.5,0.0,0.0,0.0,0.0,0.0,0.0,0.0,0.0,0.0,0,0,0.0,0.0,0,0,0.0,0.0,0,0.0,0,0,0,0,0,0,0,0,0,0.0,0.0,0.0,0.0,0.0,0,0
39,Nedeljkovic,Kosta Nedeljkovic,Aston Villa,DEF,4.0,u,0,Has joined Rangers on loan for the rest of the season,0,0,0,0.0,0.0,0.1,0.0,0.0,0.0,0.0,0.0,0.0,0.0,0.0,0.0,0,0,0.0,0.0,0,0,0.0,0.0,0,0.0,0,0,0,0,0,0,0,0,0,0.0,0.0,0.0,0.0,0.0,0,0
44,Bailey,Leon Bailey,Aston Villa,MID,5.4,u,0,Has joined Olympiakos permanently,0,0,0,0.0,0.0,0.0,0.0,0.0,0.0,0.0,0.0,0.0,0.0,0.0,0.0,0,0,0.0,0.0,0,0,0.0,0.0,0,0.0,0,0,0,0,0,0,0,0,0,0.0,0.0,0.0,0.0,0.0,0,0
48,Onana,Amadou Onana,Aston Villa,MID,4.9,i,0,Knee injury - Unknown return date,0,0,0,0.0,0.0,0.0,0.0,0.0,0.0,0.0,0.0,0.0,0.0,0.0,0.0,0,0,0.0,0.0,0,0,0.0,0.0,0,0.0,0,0,0,0,0,0,0,0,0,0.0,0.0,0.0,0.0,0.0,0,0
49,Iling Jr,Samuel Iling-Junior,Aston Villa,MID,5.0,u,0,Has joined Bolton Wanderers on loan for the rest of the season,0,0,0,0.0,0.0,0.0,0.0,0.0,0.0,0.0,0.0,0.0,0.0,0.0,0.0,0,0,0.0,0.0,0,0,0.0,0.0,0,0.0,0,0,0,0,0,0,0,0,0,0.0,0.0,0.0,0.0,0.0,0,0
50,Burrowes,Bradley Burrowes,Aston Villa,MID,4.5,a,,,0,0,0,0.0,0.0,0.5,0.0,0.0,0.0,0.0,0.0,0.0,0.0,0.0,0.0,0,0,0.0,0.0,0,0,0.0,0.0,0,0.0,0,0,0,0,0,0,0,0,0,0.0,0.0,0.0,0.0,0.0,0,0
55,Watkins,Ollie Watkins,Aston Villa,FWD,7.8,u,0,Has joined Al Hilal permanently,0,0,0,0.0,0.0,2.4,0.0,0.0,0.0,0.0,0.0,0.0,0.0,0.0,0.0,0,0,0.0,0.0,0,0,0.0,0.0,0,0.0,0,0,0,0,0,0,0,0,0,0.0,0.0,0.0,0.0,0.0,0,0
582,Madjo,Brian Madjo,Aston Villa,FWD,5.4,d,75,Unspecified injury - 75% chance of playing,0,0,0,0.0,0.0,0.2,0.0,0.0,0.0,0.0,0.0,0.0,0.0,0.0,0.0,0,0,0.0,0.0,0,0,0.0,0.0,0,0.0,0,0,0,0,0,0,0,0,0,0.0,0.0,0.0,0.0,0.0,0,0
606,Rowe,Triston Rowe,Aston Villa,DEF,4.0,a,,,0,0,0,0.0,0.0,0.2,0.0,0.0,0.0,0.0,0.0,0.0,0.0,0.0,0.0,0,0,0.0,0.0,0,0,0.0,0.0,0,0.0,0,0,0,0,0,0,0,0,0,0.0,0.0,0.0,0.0,0.0,0,0
607,Lynch,Luka Lynch,Aston Villa,MID,4.5,u,0,Has joined Oxford United on loan until January,0,0,0,0.0,0.0,0.1,0.0,0.0,0.0,0.0,0.0,0.0,0.0,0.0,0.0,0,0,0.0,0.0,0,0,0.0,0.0,0,0.0,0,0,0,0,0,0,0,0,0,0.0,0.0,0.0,0.0,0.0,0,0
618,Goretzka,Leon Goretzka,Aston Villa,MID,5.9,i,0,Knee injury - Expected back 17 Oct,0,0,0,0.0,0.0,0.0,0.0,0.0,0.0,0.0,0.0,0.0,0.0,0.0,0.0,0,0,0.0,0.0,0,0,0.0,0.0,0,0.0,0,0,0,0,0,0,0,0,0,0.0,0.0,0.0,0.0,0.0,0,0
630,Harwood-Bellis,Taylor Harwood-Bellis,Aston Villa,DEF,4.5,a,,,0,0,0,0.0,0.0,0.0,0.0,0.0,0.0,0.0,0.0,0.0,0.0,0.0,0.0,0,0,0.0,0.0,0,0,0.0,0.0,0,0.0,0,0,0,0,0,0,0,0,0,0.0,0.0,0.0,0.0,0.0,0,0
667,Wright,James Wright,Aston Villa,GK,4.0,a,,,0,0,0,0.0,0.0,0.2,0.0,0.0,0.0,0.0,0.0,0.0,0.0,0.0,0.0,0,0,0.0,0.0,0,0,0.0,0.0,0,0.0,0,0,0,0,0,0,0,0,0,0.0,0.0,0.0,0.0,0.0,0,0
58,Forster,Fraser Forster,Bournemouth,GK,4.0,a,,,0,0,0,0.0,0.0,3.5,0.0,0.0,0.0,0.0,0.0,0.0,0.0,0.0,0.0,0,0,0.0,0.0,0,0,0.0,0.0,0,0.0,0,0,0,0,0,0,0,0,0,0.0,0.0,0.0,0.0,0.0,0,0
59,Dennis,Will Dennis,Bournemouth,GK,4.0,u,0,Has joined MK Dons permanently,0,0,0,0.0,0.0,0.1,0.0,0.0,0.0,0.0,0.0,0.0,0.0,0.0,0.0,0,0,0.0,0.0,0,0,0.0,0.0,0,0.0,0,0,0,0,0,0,0,0,0,0.0,0.0,0.0,0.0,0.0,0,0
62,Diakité,Bafodé Diakité,Bournemouth,DEF,4.9,a,,,0,0,0,0.0,0.0,0.2,0.0,0.0,0.0,0.0,0.0,0.0,0.0,0.0,0.0,0,0,0.0,0.0,0,0,0.0,0.0,0,0.0,0,0,0,0,0,0,0,0,0,0.0,0.0,0.0,0.0,0.0,0,0
63,Milosavljević,Veljko Milosavljevic,Bournemouth,DEF,4.9,i,0,Thigh injury - Unknown return date,0,0,0,0.0,0.0,0.0,0.0,0.0,0.0,0.0,0.0,0.0,0.0,0.0,0.0,0,0,0.0,0.0,0,0,0.0,0.0,0,0.0,0,0,0,0,0,0,0,0,0,0.0,0.0,0.0,0.0,0.0,0,0
65,J.Araujo,Julián Araujo Zúñiga,Bournemouth,DEF,4.4,i,0,Thigh injury - Unknown return date,0,0,0,0.0,0.0,0.0,0.0,0.0,0.0,0.0,0.0,0.0,0.0,0.0,0.0,0,0,0.0,0.0,0,0,0.0,0.0,0,0.0,0,0,0,0,0,0,0,0,0,0.0,0.0,0.0,0.0,0.0,0,0
77,Adli,Amine Adli,Bournemouth,MID,4.9,i,0,Calf injury - Unknown return date,0,0,0,0.0,0.0,0.0,0.0,0.0,0.0,0.0,0.0,0.0,0.0,0.0,0.0,0,0,0.0,0.0,0,0,0.0,0.0,0,0.0,0,0,0,0,0,0,0,0,0,0.0,0.0,0.0,0.0,0.0,0,0
78,Kroupi.Jr,Junior Kroupi,Bournemouth,MID,7.4,i,0,Foot injury - Expected back 7 Nov,0,0,0,0.0,0.0,0.2,0.0,0.0,0.0,0.0,0.0,0.0,0.0,0.0,0.0,0,0,0.0,0.0,0,0,0.0,0.0,0,0.0,0,0,0,0,0,0,0,0,0,0.0,0.0,0.0,0.0,0.0,0,0
80,Enes Ünal,Enes Ünal,Bournemouth,FWD,5.5,u,0,Has joined Getafe permanently,0,0,0,0.0,0.0,0.0,0.0,0.0,0.0,0.0,0.0,0.0,0.0,0.0,0.0,0,0,0.0,0.0,0,0,0.0,0.0,0,0.0,0,0,0,0,0,0,0,0,0,0.0,0.0,0.0,0.0,0.0,0,0
615,Di Gregorio,Michele Di Gregorio,Bournemouth,GK,4.5,a,,,0,0,0,0.0,0.0,0.0,0.0,0.0,0.0,0.0,0.0,0.0,0.0,0.0,0.0,0,0,0.0,0.0,0,0,0.0,0.0,0,0.0,0,0,0,0,0,0,0,0,0,0.0,0.0,0.0,0.0,0.0,0,0
83,Valdimarsson,Hákon Rafn Valdimarsson,Brentford,GK,4.5,a,,,0,0,0,0.0,0.0,0.1,0.0,0.0,0.0,0.0,0.0,0.0,0.0,0.0,0.0,0,0,0.0,0.0,0,0,0.0,0.0,0,0.0,0,0,0,0,0,0,0,0,0,0.0,0.0,0.0,0.0,0.0,0,0
85,Van den Berg,Sepp van den Berg,Brentford,DEF,4.9,a,100,,0,0,0,0.0,0.0,0.1,0.0,0.0,0.0,0.0,0.0,0.0,0.0,0.0,0.0,0,0,0.0,0.0,0,0,0.0,0.0,0,0.0,0,0,0,0,0,0,0,0,0,0.0,0.0,0.0,0.0,0.0,0,0
92,Ji-soo,Kim Ji-soo,Brentford,DEF,4.4,a,,,0,0,0,0.0,0.0,0.0,0.0,0.0,0.0,0.0,0.0,0.0,0.0,0.0,0.0,0,0,0.0,0.0,0,0,0.0,0.0,0,0.0,0,0,0,0,0,0,0,0,0,0.0,0.0,0.0,0.0,0.0,0,0
99,Milambo,Antoni Milambo,Brentford,MID,5.0,i,0,Knee injury - Unknown return date,0,0,0,0.0,0.0,0.0,0.0,0.0,0.0,0.0,0.0,0.0,0.0,0.0,0.0,0,0,0.0,0.0,0,0,0.0,0.0,0,0.0,0,0,0,0,0,0,0,0,0,0.0,0.0,0.0,0.0,0.0,0,0
103,Dasilva,Josh Dasilva,Brentford,MID,4.9,i,0,Hamstring injury - Expected back 10 Oct,0,0,0,0.0,0.0,0.0,0.0,0.0,0.0,0.0,0.0,0.0,0.0,0.0,0.0,0,0,0.0,0.0,0,0,0.0,0.0,0,0.0,0,0,0,0,0,0,0,0,0,0.0,0.0,0.0,0.0,0.0,0,0
107,Furo,Kaye Furo,Brentford,FWD,4.5,i,0,Unspecified injury - Unknown return date,0,0,0,0.0,0.0,0.8,0.0,0.0,0.0,0.0,0.0,0.0,0.0,0.0,0.0,0,0,0.0,0.0,0,0,0.0,0.0,0,0.0,0,0,0,0,0,0,0,0,0,0.0,0.0,0.0,0.0,0.0,0,0
657,Nunes,Gustavo Nunes Fernandes Gomes,Brentford,MID,4.5,a,,,0,0,0,0.0,0.0,0.0,0.0,0.0,0.0,0.0,0.0,0.0,0.0,0.0,0.0,0,0,0.0,0.0,0,0,0.0,0.0,0,0.0,0,0,0,0,0,0,0,0,0,0.0,0.0,0.0,0.0,0.0,0,0
660,Fredrick,Benjamin Fredrick,Brentford,DEF,4.0,a,,,0,0,0,0.0,0.0,0.0,0.0,0.0,0.0,0.0,0.0,0.0,0.0,0.0,0.0,0,0,0.0,0.0,0,0,0.0,0.0,0,0.0,0,0,0,0,0,0,0,0,0,0.0,0.0,0.0,0.0,0.0,0,0
661,Balcombe,Ellery Balcombe,Brentford,GK,4.0,a,,,0,0,0,0.0,0.0,0.1,0.0,0.0,0.0,0.0,0.0,0.0,0.0,0.0,0.0,0,0,0.0,0.0,0,0,0.0,0.0,0,0.0,0,0,0,0,0,0,0,0,0,0.0,0.0,0.0,0.0,0.0,0,0
111,Steele,Jason Steele,Brighton,GK,4.0,a,,,0,0,0,0.0,0.0,4.0,0.0,0.0,0.0,0.0,0.0,0.0,0.0,0.0,0.0,0,0,0.0,0.0,0,0,0.0,0.0,0,0.0,0,0,0,0,0,0,0,0,0,0.0,0.0,0.0,0.0,0.0,0,0
117,Coppola,Diego Coppola,Brighton,DEF,4.5,a,,,0,0,0,0.0,0.0,0.0,0.0,0.0,0.0,0.0,0.0,0.0,0.0,0.0,0.0,0,0,0.0,0.0,0,0,0.0,0.0,0,0.0,0,0,0,0,0,0,0,0,0,0.0,0.0,0.0,0.0,0.0,0,0
118,Igor,Igor Julio dos Santos de Paulo,Brighton,DEF,4.5,u,0,Has joined Burnley permanently,0,0,0,0.0,0.0,0.0,0.0,0.0,0.0,0.0,0.0,0.0,0.0,0.0,0.0,0,0,0.0,0.0,0,0,0.0,0.0,0,0.0,0,0,0,0,0,0,0,0,0,0.0,0.0,0.0,0.0,0.0,0,0
121,Mitoma,Mitoma Kaoru,Brighton,MID,5.9,i,0,Hamstring injury - Expected back 18 Oct,0,0,0,0.0,0.0,0.0,0.0,0.0,0.0,0.0,0.0,0.0,0.0,0.0,0.0,0,0,0.0,0.0,0,0,0.0,0.0,0,0.0,0,0,0,0,0,0,0,0,0,0.0,0.0,0.0,0.0,0.0,0,0
122,Minteh,Yankuba Minteh,Brighton,MID,5.8,i,0,Leg injury - Expected back 28 Nov,0,0,0,0.0,0.0,0.0,0.0,0.0,0.0,0.0,0.0,0.0,0.0,0.0,0.0,0,0,0.0,0.0,0,0,0.0,0.0,0,0.0,0,0,0,0,0,0,0,0,0,0.0,0.0,0.0,0.0,0.0,0,0
128,Buonanotte,Facundo Buonanotte,Brighton,MID,5.0,u,0,Has joined Elche on loan for the rest of the season,0,0,0,0.0,0.0,0.0,0.0,0.0,0.0,0.0,0.0,0.0,0.0,0.0,0.0,0,0,0.0,0.0,0,0,0.0,0.0,0,0.0,0,0,0,0,0,0,0,0,0,0.0,0.0,0.0,0.0,0.0,0,0
132,Howell,Harry Howell,Brighton,MID,4.5,u,0,Has joined Leicester City on loan for the rest of the season,0,0,0,0.0,0.0,0.0,0.0,0.0,0.0,0.0,0.0,0.0,0.0,0.0,0.0,0,0,0.0,0.0,0,0,0.0,0.0,0,0.0,0,0,0,0,0,0,0,0,0,0.0,0.0,0.0,0.0,0.0,0,0
133,Watson,Tom Watson,Brighton,MID,5.0,u,0,Has joined Leicester City on loan for the rest of the season,0,0,0,0.0,0.0,0.0,0.0,0.0,0.0,0.0,0.0,0.0,0.0,0.0,0.0,0,0,0.0,0.0,0,0,0.0,0.0,0,0.0,0,0,0,0,0,0,0,0,0,0.0,0.0,0.0,0.0,0.0,0,0
134,Oriola,Nehemiah Oriola,Brighton,MID,4.4,a,,,0,0,0,0.0,0.0,0.2,0.0,0.0,0.0,0.0,0.0,0.0,0.0,0.0,0.0,0,0,0.0,0.0,0,0,0.0,0.0,0,0.0,0,0,0,0,0,0,0,0,0,0.0,0.0,0.0,0.0,0.0,0,0
137,Tzimas,Stefanos Tzimas,Brighton,FWD,5.4,i,0,Knee injury - Unknown return date,0,0,0,0.0,0.0,0.0,0.0,0.0,0.0,0.0,0.0,0.0,0.0,0.0,0.0,0,0,0.0,0.0,0,0,0.0,0.0,0,0.0,0,0,0,0,0,0,0,0,0,0.0,0.0,0.0,0.0,0.0,0,0
139,Ferguson,Evan Ferguson,Brighton,FWD,5.0,i,0,Ankle injury - Expected back 18 Oct,0,0,0,0.0,0.0,0.0,0.0,0.0,0.0,0.0,0.0,0.0,0.0,0.0,0.0,0,0,0.0,0.0,0,0,0.0,0.0,0,0.0,0,0,0,0,0,0,0,0,0,0.0,0.0,0.0,0.0,0.0,0,0
624,Cozier-Duberry,Amario Cozier-Duberry,Brighton,MID,5.0,u,0,Has joined Middlesbrough on loan for the rest of the season,0,0,0,0.0,0.0,0.0,0.0,0.0,0.0,0.0,0.0,0.0,0.0,0.0,0.0,0,0,0.0,0.0,0,0,0.0,0.0,0,0.0,0,0,0,0,0,0,0,0,0,0.0,0.0,0.0,0.0,0.0,0,0
652,Azeez,Femi Azeez,Brighton,MID,5.5,i,0,Hamstring injury - Expected back 18 Oct,0,0,0,0.0,0.0,0.0,0.0,0.0,0.0,0.0,0.0,0.0,0.0,0.0,0.0,0,0,0.0,0.0,0,0,0.0,0.0,0,0.0,0,0,0,0,0,0,0,0,0,0.0,0.0,0.0,0.0,0.0,0,0
658,Ibrahim,Younes Ibrahim,Brighton,MID,4.5,a,,,0,0,0,0.0,0.0,0.0,0.0,0.0,0.0,0.0,0.0,0.0,0.0,0.0,0.0,0,0,0.0,0.0,0,0,0.0,0.0,0,0.0,0,0,0,0,0,0,0,0,0,0.0,0.0,0.0,0.0,0.0,0,0
141,Jörgensen,Filip Jörgensen,Chelsea,GK,5.0,u,0,Has joined RC Strasbourg on loan for the rest of the season,0,0,0,0.0,0.0,0.0,0.0,0.0,0.0,0.0,0.0,0.0,0.0,0.0,0.0,0,0,0.0,0.0,0,0,0.0,0.0,0,0.0,0,0,0,0,0,0,0,0,0,0.0,0.0,0.0,0.0,0.0,0,0
143,Chalobah,Trevoh Chalobah,Chelsea,DEF,5.5,u,0,Has joined Como permanently,0,0,0,0.0,0.0,0.1,0.0,0.0,0.0,0.0,0.0,0.0,0.0,0.0,0.0,0,0,0.0,0.0,0,0,0.0,0.0,0,0.0,0,0,0,0,0,0,0,0,0,0.0,0.0,0.0,0.0,0.0,0,0
146,B.Badiashile,Benoît Badiashile Mukinayi,Chelsea,DEF,4.5,u,0,Has joined Napoli on loan for the rest of the season,0,0,0,0.0,0.0,0.0,0.0,0.0,0.0,0.0,0.0,0.0,0.0,0.0,0.0,0,0,0.0,0.0,0,0,0.0,0.0,0,0.0,0,0,0,0,0,0,0,0,0,0.0,0.0,0.0,0.0,0.0,0,0
150,M.Sarr,Mamadou Sarr,Chelsea,DEF,4.5,u,0,Has joined Real Sociedad on loan for the rest of the season,0,0,0,0.0,0.0,0.0,0.0,0.0,0.0,0.0,0.0,0.0,0.0,0.0,0.0,0,0,0.0,0.0,0,0,0.0,0.0,0,0.0,0,0,0,0,0,0,0,0,0,0.0,0.0,0.0,0.0,0.0,0,0
158,Gittens,Jamie Bynoe-Gittens,Chelsea,MID,5.8,i,0,Ankle injury - Unknown return date,0,0,0,0.0,0.0,0.0,0.0,0.0,0.0,0.0,0.0,0.0,0.0,0.0,0.0,0,0,0.0,0.0,0,0,0.0,0.0,0,0.0,0,0,0,0,0,0,0,0,0,0.0,0.0,0.0,0.0,0.0,0,0
163,D.Essugo,Dário Luís Essugo,Chelsea,MID,4.5,u,0,Has joined RC Strasbourg on loan for the rest of the season,0,0,0,0.0,0.0,0.1,0.0,0.0,0.0,0.0,0.0,0.0,0.0,0.0,0.0,0,0,0.0,0.0,0,0,0.0,0.0,0,0.0,0,0,0,0,0,0,0,0,0,0.0,0.0,0.0,0.0,0.0,0,0
168,Marc Guiu,Marc Guiu Paz,Chelsea,FWD,5.0,u,0,Has joined RB Leipzig permanently,0,0,0,0.0,0.0,0.2,0.0,0.0,0.0,0.0,0.0,0.0,0.0,0.0,0.0,0,0,0.0,0.0,0,0,0.0,0.0,0,0.0,0,0,0,0,0,0,0,0,0,0.0,0.0,0.0,0.0,0.0,0,0
169,Mheuka,Shumaira Mheuka,Chelsea,FWD,4.5,a,,,0,0,0,0.0,0.0,0.5,0.0,0.0,0.0,0.0,0.0,0.0,0.0,0.0,0.0,0,0,0.0,0.0,0,0,0.0,0.0,0,0.0,0,0,0,0,0,0,0,0,0,0.0,0.0,0.0,0.0,0.0,0,0
170,Emegha,Emmanuel Emegha,Chelsea,FWD,4.9,i,0,Hamstring injury - Expected back 17 Oct,0,0,0,0.0,0.0,0.1,0.0,0.0,0.0,0.0,0.0,0.0,0.0,0.0,0.0,0,0,0.0,0.0,0,0,0.0,0.0,0,0.0,0,0,0,0,0,0,0,0,0,0.0,0.0,0.0,0.0,0.0,0,0
560,Penders,Mike Penders,Chelsea,GK,4.4,a,,,0,0,0,0.0,0.0,0.1,0.0,0.0,0.0,0.0,0.0,0.0,0.0,0.0,0.0,0,0,0.0,0.0,0,0,0.0,0.0,0,0.0,0,0,0,0,0,0,0,0,0,0.0,0.0,0.0,0.0,0.0,0,0
561,Anselmino,Aaron Anselmino,Chelsea,DEF,4.5,a,100,,0,0,0,0.0,0.0,0.0,0.0,0.0,0.0,0.0,0.0,0.0,0.0,0.0,0.0,0,0,0.0,0.0,0,0,0.0,0.0,0,0.0,0,0,0,0,0,0,0,0,0,0.0,0.0,0.0,0.0,0.0,0,0
171,Dovin,Oliver Dovin,Coventry City,GK,4.0,u,0,Has joined Leyton Orient on loan for the rest of the season,0,0,0,0.0,0.0,0.9,0.0,0.0,0.0,0.0,0.0,0.0,0.0,0.0,0.0,0,0,0.0,0.0,0,0,0.0,0.0,0,0.0,0,0,0,0,0,0,0,0,0,0.0,0.0,0.0,0.0,0.0,0,0
172,Wilson,Ben Wilson,Coventry City,GK,4.4,a,,,0,0,0,0.0,0.0,0.3,0.0,0.0,0.0,0.0,0.0,0.0,0.0,0.0,0.0,0,0,0.0,0.0,0,0,0.0,0.0,0,0.0,0,0,0,0,0,0,0,0,0,0.0,0.0,0.0,0.0,0.0,0,0
174,Kitching,Liam Kitching,Coventry City,DEF,4.0,u,0,Has joined Sheffield United on loan for the rest of the season,0,0,0,0.0,0.0,0.3,0.0,0.0,0.0,0.0,0.0,0.0,0.0,0.0,0.0,0,0,0.0,0.0,0,0,0.0,0.0,0,0.0,0,0,0,0,0,0,0,0,0,0.0,0.0,0.0,0.0,0.0,0,0
177,Kesler-Hayden,Kaine Kesler-Hayden,Coventry City,DEF,3.9,d,50,Hamstring injury - 50% chance of playing,0,0,0,0.0,0.0,0.0,0.0,0.0,0.0,0.0,0.0,0.0,0.0,0.0,0.0,0,0,0.0,0.0,0,0,0.0,0.0,0,0.0,0,0,0,0,0,0,0,0,0,0.0,0.0,0.0,0.0,0.0,0,0
178,Bidwell,Jake Bidwell,Coventry City,DEF,4.0,a,,,0,0,0,0.0,0.0,0.1,0.0,0.0,0.0,0.0,0.0,0.0,0.0,0.0,0.0,0,0,0.0,0.0,0,0,0.0,0.0,0,0.0,0,0,0,0,0,0,0,0,0,0.0,0.0,0.0,0.0,0.0,0,0
180,Woolfenden,Luke Woolfenden,Coventry City,DEF,3.9,i,0,Knee injury - Unknown return date,0,0,0,0.0,0.0,0.1,0.0,0.0,0.0,0.0,0.0,0.0,0.0,0.0,0.0,0,0,0.0,0.0,0,0,0.0,0.0,0,0.0,0,0,0,0,0,0,0,0,0,0.0,0.0,0.0,0.0,0.0,0,0
181,Brau,Miguel Brau,Coventry City,DEF,4.0,u,0,Has joined Academico de Viseu on loan for the rest of the season,0,0,0,0.0,0.0,0.0,0.0,0.0,0.0,0.0,0.0,0.0,0.0,0.0,0.0,0,0,0.0,0.0,0,0,0.0,0.0,0,0.0,0,0,0,0,0,0,0,0,0,0.0,0.0,0.0,0.0,0.0,0,0
187,Eccles,Josh Eccles,Coventry City,MID,4.8,i,0,Unspecified injury - Expected back 12 Oct,0,0,0,0.0,0.0,0.0,0.0,0.0,0.0,0.0,0.0,0.0,0.0,0.0,0.0,0,0,0.0,0.0,0,0,0.0,0.0,0,0.0,0,0,0,0,0,0,0,0,0,0.0,0.0,0.0,0.0,0.0,0,0
189,Shepherd,George Shepherd,Coventry City,MID,4.4,a,,,0,0,0,0.0,0.0,0.3,0.0,0.0,0.0,0.0,0.0,0.0,0.0,0.0,0.0,0,0,0.0,0.0,0,0,0.0,0.0,0,0.0,0,0,0,0,0,0,0,0,0,0.0,0.0,0.0,0.0,0.0,0,0
191,Borges Rodrigues,Raphael Borges Rodrigues,Coventry City,MID,4.5,u,0,Has joined Burton Albion on loan for the rest of the season,0,0,0,0.0,0.0,0.1,0.0,0.0,0.0,0.0,0.0,0.0,0.0,0.0,0.0,0,0,0.0,0.0,0,0,0.0,0.0,0,0.0,0,0,0,0,0,0,0,0,0,0.0,0.0,0.0,0.0,0.0,0,0
192,Andrews,Kai Andrews,Coventry City,MID,4.5,u,0,Has joined Oxford United on loan for the rest of the season,0,0,0,0.0,0.0,0.2,0.0,0.0,0.0,0.0,0.0,0.0,0.0,0.0,0.0,0,0,0.0,0.0,0,0,0.0,0.0,0,0.0,0,0,0,0,0,0,0,0,0,0.0,0.0,0.0,0.0,0.0,0,0
193,Wright,Haji Wright,Coventry City,FWD,5.3,i,0,Thigh injury - Unknown return date,0,0,0,0.0,0.0,0.1,0.0,0.0,0.0,0.0,0.0,0.0,0.0,0.0,0.0,0,0,0.0,0.0,0,0,0.0,0.0,0,0.0,0,0,0,0,0,0,0,0,0,0.0,0.0,0.0,0.0,0.0,0,0
196,Markelo,Jahnoah Markelo,Coventry City,FWD,5.0,u,0,Has joined Shabab Al-Ahli Dubai permanently,0,0,0,0.0,0.0,0.0,0.0,0.0,0.0,0.0,0.0,0.0,0.0,0.0,0.0,0,0,0.0,0.0,0,0,0.0,0.0,0,0.0,0,0,0,0,0,0,0,0,0,0.0,0.0,0.0,0.0,0.0,0,0
197,Bassette,Norman Bassette,Coventry City,FWD,4.5,u,0,Has joined KVC Westerlo on loan for the rest of the season,0,0,0,0.0,0.0,0.0,0.0,0.0,0.0,0.0,0.0,0.0,0.0,0.0,0.0,0,0,0.0,0.0,0,0,0.0,0.0,0,0.0,0,0,0,0,0,0,0,0,0,0.0,0.0,0.0,0.0,0.0,0,0
623,Bentley,Dan Bentley,Coventry City,GK,4.0,a,,,0,0,0,0.0,0.0,0.9,0.0,0.0,0.0,0.0,0.0,0.0,0.0,0.0,0.0,0,0,0.0,0.0,0,0,0.0,0.0,0,0.0,0,0,0,0,0,0,0,0,0,0.0,0.0,0.0,0.0,0.0,0,0
655,Gboho,Yann Gboho,Coventry City,MID,5.5,a,,,0,0,0,0.0,0.0,0.0,0.0,0.0,0.0,0.0,0.0,0.0,0.0,0.0,0.0,0,0,0.0,0.0,0,0,0.0,0.0,0,0.0,0,0,0,0,0,0,0,0,0,0.0,0.0,0.0,0.0,0.0,0,0
205,Sosa,Borna Sosa,Crystal Palace,DEF,4.5,u,0,Has joined FC Cologne on loan for the rest of the season,0,0,0,0.0,0.0,0.0,0.0,0.0,0.0,0.0,0.0,0.0,0.0,0.0,0.0,0,0,0.0,0.0,0,0,0.0,0.0,0,0.0,0,0,0,0,0,0,0,0,0,0.0,0.0,0.0,0.0,0.0,0,0
215,Devenny,Justin Devenny,Crystal Palace,MID,5.0,u,0,Has joined Stoke City permanently,0,0,0,0.0,0.0,0.0,0.0,0.0,0.0,0.0,0.0,0.0,0.0,0.0,0.0,0,0,0.0,0.0,0,0,0.0,0.0,0,0.0,0,0,0,0,0,0,0,0,0,0.0,0.0,0.0,0.0,0.0,0,0
216,Esse,Romain Esse,Crystal Palace,MID,5.0,u,0,Has joined Millwall on loan for the rest of the season,0,0,0,0.0,0.0,0.0,0.0,0.0,0.0,0.0,0.0,0.0,0.0,0.0,0.0,0,0,0.0,0.0,0,0,0.0,0.0,0,0.0,0,0,0,0,0,0,0,0,0,0.0,0.0,0.0,0.0,0.0,0,0
217,M.França,Matheus França de Oliveira,Crystal Palace,MID,4.9,u,0,Has joined Alverca on loan for the rest of the season,0,0,0,0.0,0.0,0.0,0.0,0.0,0.0,0.0,0.0,0.0,0.0,0.0,0.0,0,0,0.0,0.0,0,0,0.0,0.0,0,0.0,0,0,0,0,0,0,0,0,0,0.0,0.0,0.0,0.0,0.0,0,0
218,Doucouré,Cheick Doucouré,Crystal Palace,MID,4.8,a,,,0,0,0,0.0,0.0,0.0,0.0,0.0,0.0,0.0,0.0,0.0,0.0,0.0,0.0,0,0,0.0,0.0,0,0,0.0,0.0,0,0.0,0,0,0,0,0,0,0,0,0,0.0,0.0,0.0,0.0,0.0,0,0
219,J.Rak-Sakyi,Jesurun Rak-Sakyi,Crystal Palace,MID,4.9,u,0,has joined  Kasimpasa on loan for the rest of the seaon.,0,0,0,0.0,0.0,0.0,0.0,0.0,0.0,0.0,0.0,0.0,0.0,0.0,0.0,0,0,0.0,0.0,0,0,0.0,0.0,0,0.0,0,0,0,0,0,0,0,0,0,0.0,0.0,0.0,0.0,0.0,0,0
220,Cardines,Rio Cardines,Crystal Palace,DEF,4.5,u,0,Has joined Bristol City on loan for the rest of the season,0,0,0,0.0,0.0,0.0,0.0,0.0,0.0,0.0,0.0,0.0,0.0,0.0,0.0,0,0,0.0,0.0,0,0,0.0,0.0,0,0.0,0,0,0,0,0,0,0,0,0,0.0,0.0,0.0,0.0,0.0,0,0
221,Drakes-Thomas,Joél Drakes-Thomas,Crystal Palace,MID,4.4,a,,,0,0,0,0.0,0.0,0.1,0.0,0.0,0.0,0.0,0.0,0.0,0.0,0.0,0.0,0,0,0.0,0.0,0,0,0.0,0.0,0,0.0,0,0,0,0,0,0,0,0,0,0.0,0.0,0.0,0.0,0.0,0,0
225,Uche,Christantus Uche,Crystal Palace,FWD,5.0,u,0,has returned to Getafe CF,0,0,0,0.0,0.0,0.0,0.0,0.0,0.0,0.0,0.0,0.0,0.0,0.0,0.0,0,0,0.0,0.0,0,0,0.0,0.0,0,0.0,0,0,0,0,0,0,0,0,0,0.0,0.0,0.0,0.0,0.0,0,0
555,Matthews,Remi Matthews,Crystal Palace,GK,4.0,a,,,0,0,0,0.0,0.0,1.7,0.0,0.0,0.0,0.0,0.0,0.0,0.0,0.0,0.0,0,0,0.0,0.0,0,0,0.0,0.0,0,0.0,0,0,0,0,0,0,0,0,0,0.0,0.0,0.0,0.0,0.0,0,0
21,Nørgaard,Christian Nørgaard,Everton,MID,4.8,d,50,Groin injury - 50% chance of playing,0,0,0,0.0,0.0,0.0,0.0,0.0,0.0,0.0,0.0,0.0,0.0,0.0,0.0,0,0,0.0,0.0,0,0,0.0,0.0,0,0.0,0,0,0,0,0,0,0,0,0,0.0,0.0,0.0,0.0,0.0,0,0
227,Travers,Mark Travers,Everton,GK,5.0,a,,,0,0,0,0.0,0.0,0.0,0.0,0.0,0.0,0.0,0.0,0.0,0.0,0.0,0.0,0,0,0.0,0.0,0,0,0.0,0.0,0,0.0,0,0,0,0,0,0,0,0,0,0.0,0.0,0.0,0.0,0.0,0,0
228,King,Tom King,Everton,GK,4.5,a,,,0,0,0,0.0,0.0,0.0,0.0,0.0,0.0,0.0,0.0,0.0,0.0,0.0,0.0,0,0,0.0,0.0,0,0,0.0,0.0,0,0.0,0,0,0,0,0,0,0,0,0,0.0,0.0,0.0,0.0,0.0,0,0
231,Keane,Michael Keane,Everton,DEF,4.8,a,,,0,0,0,0.0,0.0,0.7,0.0,0.0,0.0,0.0,0.0,0.0,0.0,0.0,0.0,0,0,0.0,0.0,0,0,0.0,0.0,0,0.0,0,0,0,0,0,0,0,0,0,0.0,0.0,0.0,0.0,0.0,0,0
234,Patterson,Nathan Patterson,Everton,DEF,4.5,u,0,Has joined Torino permanently,0,0,0,0.0,0.0,0.0,0.0,0.0,0.0,0.0,0.0,0.0,0.0,0.0,0.0,0,0,0.0,0.0,0,0,0.0,0.0,0,0.0,0,0,0,0,0,0,0,0,0,0.0,0.0,0.0,0.0,0.0,0,0
235,Aznou,Adam Aznou,Everton,DEF,4.0,u,0,Has joined Malaga on loan for the rest of the season,0,0,0,0.0,0.0,0.1,0.0,0.0,0.0,0.0,0.0,0.0,0.0,0.0,0.0,0,0,0.0,0.0,0,0,0.0,0.0,0,0.0,0,0,0,0,0,0,0,0,0,0.0,0.0,0.0,0.0,0.0,0,0
654,Graham,Braiden Graham,Everton,MID,4.5,a,,,0,0,0,0.0,0.0,0.1,0.0,0.0,0.0,0.0,0.0,0.0,0.0,0.0,0.0,0,0,0.0,0.0,0,0,0.0,0.0,0,0.0,0,0,0,0,0,0,0,0,0,0.0,0.0,0.0,0.0,0.0,0,0
251,Lecomte,Benjamin Lecomte,Fulham,GK,4.0,a,,,0,0,0,0.0,0.0,1.1,0.0,0.0,0.0,0.0,0.0,0.0,0.0,0.0,0.0,0,0,0.0,0.0,0,0,0.0,0.0,0,0.0,0,0,0,0,0,0,0,0,0,0.0,0.0,0.0,0.0,0.0,0,0
252,McNally,Alfie McNally,Fulham,GK,4.0,u,0,Has joined York City on loan for the rest of the season,0,0,0,0.0,0.0,0.1,0.0,0.0,0.0,0.0,0.0,0.0,0.0,0.0,0.0,0,0,0.0,0.0,0,0,0.0,0.0,0,0.0,0,0,0,0,0,0,0,0,0,0.0,0.0,0.0,0.0,0.0,0,0
266,Cairney,Tom Cairney,Fulham,MID,4.9,i,0,Knee injury - Expected back 17 Oct,0,0,0,0.0,0.0,0.0,0.0,0.0,0.0,0.0,0.0,0.0,0.0,0.0,0.0,0,0,0.0,0.0,0,0,0.0,0.0,0,0.0,0,0,0,0,0,0,0,0,0,0.0,0.0,0.0,0.0,0.0,0,0
270,Reed,Harrison Reed,Fulham,MID,4.4,a,,,0,0,0,0.0,0.0,1.1,0.0,0.0,0.0,0.0,0.0,0.0,0.0,0.0,0.0,0,0,0.0,0.0,0,0,0.0,0.0,0,0.0,0,0,0,0,0,0,0,0,0,0.0,0.0,0.0,0.0,0.0,0,0
272,Kusi-Asare,Jonah Kusi-Asare,Fulham,FWD,4.5,a,,,0,0,0,0.0,0.0,5.1,0.0,0.0,0.0,0.0,0.0,0.0,0.0,0.0,0.0,0,0,0.0,0.0,0,0,0.0,0.0,0,0.0,0,0,0,0,0,0,0,0,0,0.0,0.0,0.0,0.0,0.0,0,0
610,De Fougerolles,Luc De Fougerolles,Fulham,DEF,4.0,u,0,has joined  Real Salt Lake on loan for the rest of the seaon.,0,0,0,0.0,0.0,0.1,0.0,0.0,0.0,0.0,0.0,0.0,0.0,0.0,0.0,0,0,0.0,0.0,0,0,0.0,0.0,0,0.0,0,0,0,0,0,0,0,0,0,0.0,0.0,0.0,0.0,0.0,0,0
626,Zepa,Macaulay Zepa,Fulham,MID,4.4,a,,,0,0,0,0.0,0.0,0.3,0.0,0.0,0.0,0.0,0.0,0.0,0.0,0.0,0.0,0,0,0.0,0.0,0,0,0.0,0.0,0,0.0,0,0,0,0,0,0,0,0,0,0.0,0.0,0.0,0.0,0.0,0,0
636,Ángel,Manuel Ángel Morán Ibáñez,Fulham,MID,5.0,a,,,19,0,0,0.0,0.0,0.0,0.0,0.0,0.0,0.0,0.52,0.0,0.0,0.0,2.46,0,0,0.0,0.0,0,2,9.47,0.0,0,0.0,0,0,0,1,0,0,1,1,2,9.47,0.0,0.0,0.0,0.0,0,-1
273,Phillips,Dillon Phillips,Hull City,GK,4.0,a,,,0,0,0,0.0,0.0,1.4,0.0,0.0,0.0,0.0,0.0,0.0,0.0,0.0,0.0,0,0,0.0,0.0,0,0,0.0,0.0,0,0.0,0,0,0,0,0,0,0,0,0,0.0,0.0,0.0,0.0,0.0,0,0
274,Butland,Jack Butland,Hull City,GK,4.4,i,0,Arm injury - Unknown return date,0,0,0,0.0,0.0,0.1,0.0,0.0,0.0,0.0,0.0,0.0,0.0,0.0,0.0,0,0,0.0,0.0,0,0,0.0,0.0,0,0.0,0,0,0,0,0,0,0,0,0,0.0,0.0,0.0,0.0,0.0,0,0
275,Cartwright,Harvey Cartwright,Hull City,GK,4.0,u,0,Has joined Grimsby Town on loan for the rest of the season,0,0,0,0.0,0.0,0.0,0.0,0.0,0.0,0.0,0.0,0.0,0.0,0.0,0.0,0,0,0.0,0.0,0,0,0.0,0.0,0,0.0,0,0,0,0,0,0,0,0,0,0.0,0.0,0.0,0.0,0.0,0,0
276,Lo-Tutala,Thimothée Lo-Tutala,Hull City,GK,4.0,u,0,Has joined Colchester United on loan for the rest of the season,0,0,0,0.0,0.0,0.0,0.0,0.0,0.0,0.0,0.0,0.0,0.0,0.0,0.0,0,0,0.0,0.0,0,0,0.0,0.0,0,0.0,0,0,0,0,0,0,0,0,0,0.0,0.0,0.0,0.0,0.0,0,0
278,Hughes,Charlie Hughes,Hull City,DEF,3.9,i,0,Groin injury - Unknown return date,0,0,0,0.0,0.0,0.2,0.0,0.0,0.0,0.0,0.0,0.0,0.0,0.0,0.0,0,0,0.0,0.0,0,0,0.0,0.0,0,0.0,0,0,0,0,0,0,0,0,0,0.0,0.0,0.0,0.0,0.0,0,0
283,Jacob,Matty Jacob,Hull City,DEF,4.0,u,0,Has joined Newport County on loan until January,0,0,0,0.0,0.0,0.0,0.0,0.0,0.0,0.0,0.0,0.0,0.0,0.0,0.0,0,0,0.0,0.0,0,0,0.0,0.0,0,0.0,0,0,0,0,0,0,0,0,0,0.0,0.0,0.0,0.0,0.0,0,0
284,McCarthy,Cathal McCarthy,Hull City,DEF,4.0,a,,,0,0,0,0.0,0.0,0.1,0.0,0.0,0.0,0.0,0.0,0.0,0.0,0.0,0.0,0,0,0.0,0.0,0,0,0.0,0.0,0,0.0,0,0,0,0,0,0,0,0,0,0.0,0.0,0.0,0.0,0.0,0,0
288,Dowell,Kieran Dowell,Hull City,MID,4.4,a,,,0,0,0,0.0,0.0,0.3,0.0,0.0,0.0,0.0,0.0,0.0,0.0,0.0,0.0,0,0,0.0,0.0,0,0,0.0,0.0,0,0.0,0,0,0,0,0,0,0,0,0,0.0,0.0,0.0,0.0,0.0,0,0
291,Matazo,Eliot Matazo,Hull City,MID,4.5,i,0,Knee injury - Unknown return date,0,0,0,0.0,0.0,0.0,0.0,0.0,0.0,0.0,0.0,0.0,0.0,0.0,0.0,0,0,0.0,0.0,0,0,0.0,0.0,0,0.0,0,0,0,0,0,0,0,0,0,0.0,0.0,0.0,0.0,0.0,0,0
292,Ömür,Abdülkadir Ömür,Hull City,MID,4.9,a,,,0,0,0,0.0,0.0,0.0,0.0,0.0,0.0,0.0,0.0,0.0,0.0,0.0,0.0,0,0,0.0,0.0,0,0,0.0,0.0,0,0.0,0,0,0,0,0,0,0,0,0,0.0,0.0,0.0,0.0,0.0,0,0
293,Kamara,Abu Kamara,Hull City,MID,5.0,u,0,Has joined Portsmouth permanently,0,0,0,0.0,0.0,0.0,0.0,0.0,0.0,0.0,0.0,0.0,0.0,0.0,0.0,0,0,0.0,0.0,0,0,0.0,0.0,0,0.0,0,0,0,0,0,0,0,0,0,0.0,0.0,0.0,0.0,0.0,0,0
294,Zambrano,Óscar Zambrano,Hull City,MID,4.5,a,100,,0,0,0,0.0,0.0,0.1,0.0,0.0,0.0,0.0,0.0,0.0,0.0,0.0,0.0,0,0,0.0,0.0,0,0,0.0,0.0,0,0.0,0,0,0,0,0,0,0,0,0,0.0,0.0,0.0,0.0,0.0,0,0
296,Akintola,David Akintola,Hull City,MID,5.0,u,0,Has joined Omonoia FC permanently,0,0,0,0.0,0.0,0.0,0.0,0.0,0.0,0.0,0.0,0.0,0.0,0.0,0.0,0,0,0.0,0.0,0,0,0.0,0.0,0,0.0,0,0,0,0,0,0,0,0,0,0.0,0.0,0.0,0.0,0.0,0,0
297,Gyabi,Darko Gyabi,Hull City,MID,4.4,i,0,Thigh injury - Unknown return date,0,0,0,0.0,0.0,0.0,0.0,0.0,0.0,0.0,0.0,0.0,0.0,0.0,0.0,0,0,0.0,0.0,0,0,0.0,0.0,0,0.0,0,0,0,0,0,0,0,0,0,0.0,0.0,0.0,0.0,0.0,0,0
298,Destan,Enis Destan,Hull City,FWD,4.5,u,0,Has joined Konyaspor permanently,0,0,0,0.0,0.0,0.2,0.0,0.0,0.0,0.0,0.0,0.0,0.0,0.0,0.0,0,0,0.0,0.0,0,0,0.0,0.0,0,0.0,0,0,0,0,0,0,0,0,0,0.0,0.0,0.0,0.0,0.0,0,0
299,Burstow,Mason Burstow,Hull City,FWD,4.5,u,0,Has joined Sheffield Wednesday on loan for the rest of the season,0,0,0,0.0,0.0,0.0,0.0,0.0,0.0,0.0,0.0,0.0,0.0,0.0,0.0,0,0,0.0,0.0,0,0,0.0,0.0,0,0.0,0,0,0,0,0,0,0,0,0,0.0,0.0,0.0,0.0,0.0,0,0
632,Ansah,Ilyas Ansah,Hull City,FWD,5.0,i,0,Back injury - Unknown return date,0,0,0,0.0,0.0,0.0,0.0,0.0,0.0,0.0,0.0,0.0,0.0,0.0,0.0,0,0,0.0,0.0,0,0,0.0,0.0,0,0.0,0,0,0,0,0,0,0,0,0,0.0,0.0,0.0,0.0,0.0,0,0
645,Mouzakitis,Christos Mouzakitis,Hull City,MID,5.0,a,,,0,0,0,0.0,0.0,0.0,0.0,0.0,0.0,0.0,0.0,0.0,0.0,0.0,0.0,0,0,0.0,0.0,0,0,0.0,0.0,0,0.0,0,0,0,0,0,0,0,0,0,0.0,0.0,0.0,0.0,0.0,0,0
301,Palmer,Alex Palmer,Ipswich Town,GK,4.0,a,,,0,0,0,0.0,0.0,3.8,0.0,0.0,0.0,0.0,0.0,0.0,0.0,0.0,0.0,0,0,0.0,0.0,0,0,0.0,0.0,0,0.0,0,0,0,0,0,0,0,0,0,0.0,0.0,0.0,0.0,0.0,0,0
302,Button,David Button,Ipswich Town,GK,4.0,a,,,0,0,0,0.0,0.0,0.6,0.0,0.0,0.0,0.0,0.0,0.0,0.0,0.0,0.0,0,0,0.0,0.0,0,0,0.0,0.0,0,0.0,0,0,0,0,0,0,0,0,0,0.0,0.0,0.0,0.0,0.0,0,0
303,Kipré,Cédric Kipré,Ipswich Town,DEF,3.9,a,,,0,0,0,0.0,0.0,0.9,0.0,0.0,0.0,0.0,0.0,0.0,0.0,0.0,0.0,0,0,0.0,0.0,0,0,0.0,0.0,0,0.0,0,0,0,0,0,0,0,0,0,0.0,0.0,0.0,0.0,0.0,0,0
307,Johnson,Ben Johnson,Ipswich Town,DEF,4.0,u,0,Has joined Stoke City on loan for the rest of the season,0,0,0,0.0,0.0,0.1,0.0,0.0,0.0,0.0,0.0,0.0,0.0,0.0,0.0,0,0,0.0,0.0,0,0,0.0,0.0,0,0.0,0,0,0,0,0,0,0,0,0,0.0,0.0,0.0,0.0,0.0,0,0
310,Matusiwa,Azor Matusiwa,Ipswich Town,MID,4.9,a,100,,0,0,0,0.0,0.0,0.0,0.0,0.0,0.0,0.0,0.0,0.0,0.0,0.0,0.0,0,0,0.0,0.0,0,0,0.0,0.0,0,0.0,0,0,0,0,0,0,0,0,0,0.0,0.0,0.0,0.0,0.0,0,0
311,Burns,Wes Burns,Ipswich Town,MID,5.0,u,0,Has joined Leicester City permanently,0,0,0,0.0,0.0,0.0,0.0,0.0,0.0,0.0,0.0,0.0,0.0,0.0,0.0,0,0,0.0,0.0,0,0,0.0,0.0,0,0.0,0,0,0,0,0,0,0,0,0,0.0,0.0,0.0,0.0,0.0,0,0
312,Taylor,Jack Taylor,Ipswich Town,MID,4.4,a,100,,0,0,0,0.0,0.0,0.0,0.0,0.0,0.0,0.0,0.0,0.0,0.0,0.0,0.0,0,0,0.0,0.0,0,0,0.0,0.0,0,0.0,0,0,0,0,0,0,0,0,0,0.0,0.0,0.0,0.0,0.0,0,0
314,Ogbene,Chiedozie Ogbene,Ipswich Town,MID,4.9,u,0,Has joined Lincoln City on loan until January,0,0,0,0.0,0.0,0.0,0.0,0.0,0.0,0.0,0.0,0.0,0.0,0.0,0.0,0,0,0.0,0.0,0,0,0.0,0.0,0,0.0,0,0,0,0,0,0,0,0,0,0.0,0.0,0.0,0.0,0.0,0,0
317,Hirst,George Hirst,Ipswich Town,FWD,5.0,u,0,Has joined Stoke City permanently,0,0,0,0.0,0.0,0.1,0.0,0.0,0.0,0.0,0.0,0.0,0.0,0.0,0.0,0,0,0.0,0.0,0,0,0.0,0.0,0,0.0,0,0,0,0,0,0,0,0,0,0.0,0.0,0.0,0.0,0.0,0,0
319,Szmodics,Sam Szmodics,Ipswich Town,MID,5.0,u,0,Has joined Derby County on loan for the rest of the season,0,0,0,0.0,0.0,0.0,0.0,0.0,0.0,0.0,0.0,0.0,0.0,0.0,0.0,0,0,0.0,0.0,0,0,0.0,0.0,0,0.0,0,0,0,0,0,0,0,0,0,0.0,0.0,0.0,0.0,0.0,0,0
322,Al-Hamadi,Ali Al-Hamadi,Ipswich Town,FWD,5.0,u,0,Has joined Sheffield Wednesday on loan for the rest of the season,0,0,0,0.0,0.0,0.0,0.0,0.0,0.0,0.0,0.0,0.0,0.0,0.0,0.0,0,0,0.0,0.0,0,0,0.0,0.0,0,0.0,0,0,0,0,0,0,0,0,0,0.0,0.0,0.0,0.0,0.0,0,0
324,Mehmeti,Anis Mehmeti,Ipswich Town,MID,4.8,a,,,0,0,0,0.0,0.0,0.0,0.0,0.0,0.0,0.0,0.0,0.0,0.0,0.0,0.0,0,0,0.0,0.0,0,0,0.0,0.0,0,0.0,0,0,0,0,0,0,0,0,0,0.0,0.0,0.0,0.0,0.0,0,0
554,Van Oevelen,Kayne van Oevelen,Ipswich Town,GK,4.5,u,0,Has joined Valencia on loan for the rest of the season,0,0,0,0.0,0.0,0.0,0.0,0.0,0.0,0.0,0.0,0.0,0.0,0.0,0.0,0,0,0.0,0.0,0,0,0.0,0.0,0,0.0,0,0,0,0,0,0,0,0,0,0.0,0.0,0.0,0.0,0.0,0,0
602,Humphreys,Cameron Humphreys,Ipswich Town,MID,4.5,u,0,Has joined Huddersfield Town on loan for the rest of the season,0,0,0,0.0,0.0,0.0,0.0,0.0,0.0,0.0,0.0,0.0,0.0,0.0,0.0,0,0,0.0,0.0,0,0,0.0,0.0,0,0.0,0,0,0,0,0,0,0,0,0,0.0,0.0,0.0,0.0,0.0,0,0
326,Perri,Lucas Estella Perri,Leeds,GK,4.5,u,0,Has joined Torino on loan for the rest of the season,0,0,0,0.0,0.0,0.3,0.0,0.0,0.0,0.0,0.0,0.0,0.0,0.0,0.0,0,0,0.0,0.0,0,0,0.0,0.0,0,0.0,0,0,0,0,0,0,0,0,0,0.0,0.0,0.0,0.0,0.0,0,0
333,Bornauw,Sebastiaan Bornauw,Leeds,DEF,4.5,u,0,Has joined Hamburg SV on loan for the rest of the season,0,0,0,0.0,0.0,0.0,0.0,0.0,0.0,0.0,0.0,0.0,0.0,0.0,0.0,0,0,0.0,0.0,0,0,0.0,0.0,0,0.0,0,0,0,0,0,0,0,0,0,0.0,0.0,0.0,0.0,0.0,0,0
341,Gnonto,Wilfried Gnonto,Leeds,MID,5.0,u,0,Has joined ACF Fiorentina on loan for the rest of the season,0,0,0,0.0,0.0,0.0,0.0,0.0,0.0,0.0,0.0,0.0,0.0,0.0,0.0,0,0,0.0,0.0,0,0,0.0,0.0,0,0.0,0,0,0,0,0,0,0,0,0,0.0,0.0,0.0,0.0,0.0,0,0
342,Harrison,Jack Harrison,Leeds,MID,5.0,u,0,Has joined New England Revolution permanently,0,0,0,0.0,0.0,0.0,0.0,0.0,0.0,0.0,0.0,0.0,0.0,0.0,0.0,0,0,0.0,0.0,0,0,0.0,0.0,0,0.0,0,0,0,0,0,0,0,0,0,0.0,0.0,0.0,0.0,0.0,0,0
344,Gruev,Ilia Gruev,Leeds,MID,5.0,a,100,,0,0,0,0.0,0.0,0.0,0.0,0.0,0.0,0.0,0.0,0.0,0.0,0.0,0.0,0,0,0.0,0.0,0,0,0.0,0.0,0,0.0,0,0,0,0,0,0,0,0,0,0.0,0.0,0.0,0.0,0.0,0,0
348,Piroe,Joël Piroe,Leeds,FWD,5.0,u,0,Has joined West Ham United on loan for the rest of the season,0,0,0,0.0,0.0,0.1,0.0,0.0,0.0,0.0,0.0,0.0,0.0,0.0,0.0,0,0,0.0,0.0,0,0,0.0,0.0,0,0.0,0,0,0,0,0,0,0,0,0,0.0,0.0,0.0,0.0,0.0,0,0
349,Mateo Joseph,Mateo Joseph Fernández-Regatillo,Leeds,FWD,4.5,i,0,Knee injury - Unknown return date,0,0,0,0.0,0.0,0.1,0.0,0.0,0.0,0.0,0.0,0.0,0.0,0.0,0.0,0,0,0.0,0.0,0,0,0.0,0.0,0,0.0,0,0,0,0,0,0,0,0,0,0.0,0.0,0.0,0.0,0.0,0,0
603,Lienou,Jayden Lienou,Leeds,DEF,4.0,a,,,0,0,0,0.0,0.0,0.1,0.0,0.0,0.0,0.0,0.0,0.0,0.0,0.0,0.0,0,0,0.0,0.0,0,0,0.0,0.0,0,0.0,0,0,0,0,0,0,0,0,0,0.0,0.0,0.0,0.0,0.0,0,0
604,Cresswell,Alfie Cresswell,Leeds,MID,4.5,a,,,0,0,0,0.0,0.0,0.1,0.0,0.0,0.0,0.0,0.0,0.0,0.0,0.0,0.0,0,0,0.0,0.0,0,0,0.0,0.0,0,0.0,0,0,0,0,0,0,0,0,0,0.0,0.0,0.0,0.0,0.0,0,0
625,Cairns,Alex Cairns,Leeds,GK,4.0,a,,,0,0,0,0.0,0.0,0.2,0.0,0.0,0.0,0.0,0.0,0.0,0.0,0.0,0.0,0,0,0.0,0.0,0,0,0.0,0.0,0,0.0,0,0,0,0,0,0,0,0,0,0.0,0.0,0.0,0.0,0.0,0,0
629,Zetterer,Michael Zetterer,Leeds,GK,4.0,a,,,0,0,0,0.0,0.0,0.7,0.0,0.0,0.0,0.0,0.0,0.0,0.0,0.0,0.0,0,0,0.0,0.0,0,0,0.0,0.0,0,0.0,0,0,0,0,0,0,0,0,0,0.0,0.0,0.0,0.0,0.0,0,0
351,Mamardashvili,Giorgi Mamardashvili,Liverpool,GK,4.8,a,,,0,0,0,0.0,0.0,0.1,0.0,0.0,0.0,0.0,0.0,0.0,0.0,0.0,0.0,0,0,0.0,0.0,0,0,0.0,0.0,0,0.0,0,0,0,0,0,0,0,0,0,0.0,0.0,0.0,0.0,0.0,0,0
352,Woodman,Freddie Woodman,Liverpool,GK,4.0,a,,,0,0,0,0.0,0.0,1.0,0.0,0.0,0.0,0.0,0.0,0.0,0.0,0.0,0.0,0,0,0.0,0.0,0,0,0.0,0.0,0,0.0,0,0,0,0,0,0,0,0,0,0.0,0.0,0.0,0.0,0.0,0,0
353,Pecsi,Armin Pecsi,Liverpool,GK,4.0,u,0,Has joined TSV Hartberg on loan for the rest of the season,0,0,0,0.0,0.0,0.0,0.0,0.0,0.0,0.0,0.0,0.0,0.0,0.0,0.0,0,0,0.0,0.0,0,0,0.0,0.0,0,0.0,0,0,0,0,0,0,0,0,0,0.0,0.0,0.0,0.0,0.0,0,0
354,Jaros,Vitezslav Jaros,Liverpool,GK,4.0,i,0,Knee injury - Unknown return date,0,0,0,0.0,0.0,0.0,0.0,0.0,0.0,0.0,0.0,0.0,0.0,0.0,0.0,0,0,0.0,0.0,0,0,0.0,0.0,0,0.0,0,0,0,0,0,0,0,0,0,0.0,0.0,0.0,0.0,0.0,0,0
355,Davies,Harvey Davies,Liverpool,GK,4.0,a,,,0,0,0,0.0,0.0,0.2,0.0,0.0,0.0,0.0,0.0,0.0,0.0,0.0,0.0,0,0,0.0,0.0,0,0,0.0,0.0,0,0.0,0,0,0,0,0,0,0,0,0,0.0,0.0,0.0,0.0,0.0,0,0
359,Gomez,Joe Gomez,Liverpool,DEF,4.9,a,100,,0,0,0,0.0,0.0,0.0,0.0,0.0,0.0,0.0,0.0,0.0,0.0,0.0,0.0,0,0,0.0,0.0,0,0,0.0,0.0,0,0.0,0,0,0,0,0,0,0,0,0,0.0,0.0,0.0,0.0,0.0,0,0
360,Bradley,Conor Bradley,Liverpool,DEF,5.0,i,0,Knee injury - Unknown return date,0,0,0,0.0,0.0,0.0,0.0,0.0,0.0,0.0,0.0,0.0,0.0,0.0,0.0,0,0,0.0,0.0,0,0,0.0,0.0,0,0.0,0,0,0,0,0,0,0,0,0,0.0,0.0,0.0,0.0,0.0,0,0
361,Lucky,Wellity Lucky,Liverpool,DEF,4.0,a,,,0,0,0,0.0,0.0,0.1,0.0,0.0,0.0,0.0,0.0,0.0,0.0,0.0,0.0,0,0,0.0,0.0,0,0,0.0,0.0,0,0.0,0,0,0,0,0,0,0,0,0,0.0,0.0,0.0,0.0,0.0,0,0
363,Leoni,Giovanni Leoni,Liverpool,DEF,4.0,i,0,Knee injury - Unknown return date,0,0,0,0.0,0.0,0.0,0.0,0.0,0.0,0.0,0.0,0.0,0.0,0.0,0.0,0,0,0.0,0.0,0,0,0.0,0.0,0,0.0,0,0,0,0,0,0,0,0,0,0.0,0.0,0.0,0.0,0.0,0,0
365,Ramsay,Calvin Ramsay,Liverpool,DEF,4.0,u,0,Has joined St Mirren on loan for the rest of the season,0,0,0,0.0,0.0,0.1,0.0,0.0,0.0,0.0,0.0,0.0,0.0,0.0,0.0,0,0,0.0,0.0,0,0,0.0,0.0,0,0.0,0,0,0,0,0,0,0,0,0,0.0,0.0,0.0,0.0,0.0,0,0
370,Chiesa,Federico Chiesa,Liverpool,MID,5.3,d,25,Back injury - 25% chance of playing,0,0,0,0.0,0.0,0.0,0.0,0.0,0.0,0.0,0.0,0.0,0.0,0.0,0.0,0,0,0.0,0.0,0,0,0.0,0.0,0,0.0,0,0,0,0,0,0,0,0,0,0.0,0.0,0.0,0.0,0.0,0,0
373,C.Jones,Curtis Jones,Liverpool,MID,5.5,u,0,Has joined Internazionale permanently,0,0,0,0.0,0.0,0.0,0.0,0.0,0.0,0.0,0.0,0.0,0.0,0.0,0.0,0,0,0.0,0.0,0,0,0.0,0.0,0,0.0,0,0,0,0,0,0,0,0,0,0.0,0.0,0.0,0.0,0.0,0,0
374,Endo,Endo Wataru,Liverpool,MID,4.9,a,100,,0,0,0,0.0,0.0,0.1,0.0,0.0,0.0,0.0,0.0,0.0,0.0,0.0,0.0,0,0,0.0,0.0,0,0,0.0,0.0,0,0.0,0,0,0,0,0,0,0,0,0,0.0,0.0,0.0,0.0,0.0,0,0
376,Bajcetic,Stefan Bajčetić Maquieira,Liverpool,MID,5.0,u,0,Has joined Celta Vigo permanently,0,0,0,0.0,0.0,0.0,0.0,0.0,0.0,0.0,0.0,0.0,0.0,0.0,0.0,0,0,0.0,0.0,0,0,0.0,0.0,0,0.0,0,0,0,0,0,0,0,0,0,0.0,0.0,0.0,0.0,0.0,0,0
378,McConnell,James McConnell,Liverpool,MID,4.4,a,,,0,0,0,0.0,0.0,0.2,0.0,0.0,0.0,0.0,0.0,0.0,0.0,0.0,0.0,0,0,0.0,0.0,0,0,0.0,0.0,0,0.0,0,0,0,0,0,0,0,0,0,0.0,0.0,0.0,0.0,0.0,0,0
380,Ekitiké,Hugo Ekitiké,Liverpool,FWD,7.4,i,0,Achilles injury - Unknown return date,0,0,0,0.0,0.0,0.1,0.0,0.0,0.0,0.0,0.0,0.0,0.0,0.0,0.0,0,0,0.0,0.0,0,0,0.0,0.0,0,0.0,0,0,0,0,0,0,0,0,0,0.0,0.0,0.0,0.0,0.0,0,0
382,Danns,Jayden Danns,Liverpool,FWD,4.5,a,100,,0,0,0,0.0,0.0,0.2,0.0,0.0,0.0,0.0,0.0,0.0,0.0,0.0,0.0,0,0,0.0,0.0,0,0,0.0,0.0,0,0.0,0,0,0,0,0,0,0,0,0,0.0,0.0,0.0,0.0,0.0,0,0
383,Elliott,Harvey Elliott,Liverpool,MID,5.4,u,0,Has joined Valencia on loan for the rest of the season,0,0,0,0.0,0.0,0.0,0.0,0.0,0.0,0.0,0.0,0.0,0.0,0.0,0.0,0,0,0.0,0.0,0,0,0.0,0.0,0,0.0,0,0,0,0,0,0,0,0,0,0.0,0.0,0.0,0.0,0.0,0,0
386,Bettinelli,Marcus Bettinelli,Man City,GK,4.5,a,,,0,0,0,0.0,0.0,0.0,0.0,0.0,0.0,0.0,0.0,0.0,0.0,0.0,0.0,0,0,0.0,0.0,0,0,0.0,0.0,0,0.0,0,0,0,0,0,0,0,0,0,0.0,0.0,0.0,0.0,0.0,0,0
392,Aït-Nouri,Rayan Aït-Nouri,Man City,DEF,5.2,a,,,0,0,0,0.0,0.0,0.4,0.0,0.0,0.0,0.0,0.0,0.0,0.0,0.0,0.0,0,0,0.0,0.0,0,0,0.0,0.0,0,0.0,0,0,0,0,0,0,0,0,0,0.0,0.0,0.0,0.0,0.0,0,0
394,Alleyne,Max Alleyne,Man City,DEF,5.0,u,0,Has joined Burnley on loan for the rest of the season,0,0,0,0.0,0.0,0.0,0.0,0.0,0.0,0.0,0.0,0.0,0.0,0.0,0.0,0,0,0.0,0.0,0,0,0.0,0.0,0,0.0,0,0,0,0,0,0,0,0,0,0.0,0.0,0.0,0.0,0.0,0,0
402,Rodrigo,Rodrigo 'Rodri' Hernandez Cascante,Man City,MID,6.5,u,0,Has joined Barcelona permanently,0,0,0,0.0,0.0,0.0,0.0,0.0,0.0,0.0,0.0,0.0,0.0,0.0,0.0,0,0,0.0,0.0,0,0,0.0,0.0,0,0.0,0,0,0,0,0,0,0,0,0,0.0,0.0,0.0,0.0,0.0,0,0
404,Reijnders,Tijjani Reijnders,Man City,MID,6.0,u,0,Has joined Al Qadsiah permanently,0,0,0,0.0,0.0,0.0,0.0,0.0,0.0,0.0,0.0,0.0,0.0,0.0,0.0,0,0,0.0,0.0,0,0,0.0,0.0,0,0.0,0,0,0,0,0,0,0,0,0,0.0,0.0,0.0,0.0,0.0,0,0
407,Echeverri,Claudio Echeverri,Man City,MID,4.9,u,0,Has joined Benfica on loan for the rest of the season,0,0,0,0.0,0.0,0.0,0.0,0.0,0.0,0.0,0.0,0.0,0.0,0.0,0.0,0,0,0.0,0.0,0,0,0.0,0.0,0,0.0,0,0,0,0,0,0,0,0,0,0.0,0.0,0.0,0.0,0.0,0,0
408,Phillips,Kalvin Phillips,Man City,MID,5.0,u,0,Has joined Sheffield United on loan for the rest of the season,0,0,0,0.0,0.0,0.0,0.0,0.0,0.0,0.0,0.0,0.0,0.0,0.0,0.0,0,0,0.0,0.0,0,0,0.0,0.0,0,0.0,0,0,0,0,0,0,0,0,0,0.0,0.0,0.0,0.0,0.0,0,0
409,Mukasa,Divine Mukasa,Man City,MID,4.5,u,0,has joined West Ham on loan for the rest of the seaon.,0,0,0,0.0,0.0,0.1,0.0,0.0,0.0,0.0,0.0,0.0,0.0,0.0,0.0,0,0,0.0,0.0,0,0,0.0,0.0,0,0.0,0,0,0,0,0,0,0,0,0,0.0,0.0,0.0,0.0,0.0,0,0
410,Monga,Jeremy Monga,Man City,MID,4.9,u,0,Has joined Swansea City on loan for the rest of the season,0,0,0,0.0,0.0,0.0,0.0,0.0,0.0,0.0,0.0,0.0,0.0,0.0,0.0,0,0,0.0,0.0,0,0,0.0,0.0,0,0.0,0,0,0,0,0,0,0,0,0,0.0,0.0,0.0,0.0,0.0,0,0
587,Rulli,Gerónimo Rulli,Man City,GK,5.0,a,,,0,0,0,0.0,0.0,0.0,0.0,0.0,0.0,0.0,0.0,0.0,0.0,0.0,0.0,0,0,0.0,0.0,0,0,0.0,0.0,0,0.0,0,0,0,0,0,0,0,0,0,0.0,0.0,0.0,0.0,0.0,0,0
628,Allan,Allan Andrade Elias,Man City,MID,6.0,a,,,0,0,0,0.0,0.0,0.0,0.0,0.0,0.0,0.0,0.0,0.0,0.0,0.0,0.0,0,0,0.0,0.0,0,0,0.0,0.0,0,0.0,0,0,0,0,0,0,0,0,0,0.0,0.0,0.0,0.0,0.0,0,0
653,Samba,Floyd Samba,Man City,MID,4.5,a,,,0,0,0,0.0,0.0,0.0,0.0,0.0,0.0,0.0,0.0,0.0,0.0,0.0,0.0,0,0,0.0,0.0,0,0,0.0,0.0,0,0.0,0,0,0,0,0,0,0,0,0,0.0,0.0,0.0,0.0,0.0,0,0
325,Darlow,Karl Darlow,Man Utd,GK,4.5,a,100,,0,0,0,0.0,0.0,0.0,0.0,0.0,0.0,0.0,0.0,0.0,0.0,0.0,0.0,0,0,0.0,0.0,0,0,0.0,0.0,0,0.0,0,0,0,0,0,0,0,0,0,0.0,0.0,0.0,0.0,0.0,0,0
413,Bayindir,Altay Bayındır,Man Utd,GK,4.5,u,0,Has joined Celta Vigo on loan for the rest of the season,0,0,0,0.0,0.0,0.0,0.0,0.0,0.0,0.0,0.0,0.0,0.0,0.0,0.0,0,0,0.0,0.0,0,0,0.0,0.0,0,0.0,0,0,0,0,0,0,0,0,0,0.0,0.0,0.0,0.0,0.0,0,0
414,Heaton,Tom Heaton,Man Utd,GK,4.0,i,0,Hamstring injury - Unknown return date,0,0,0,0.0,0.0,0.1,0.0,0.0,0.0,0.0,0.0,0.0,0.0,0.0,0.0,0,0,0.0,0.0,0,0,0.0,0.0,0,0.0,0,0,0,0,0,0,0,0,0,0.0,0.0,0.0,0.0,0.0,0,0
416,De Ligt,Matthijs de Ligt,Man Utd,DEF,4.9,i,0,Back injury - Unknown return date,0,0,0,0.0,0.0,0.0,0.0,0.0,0.0,0.0,0.0,0.0,0.0,0.0,0.0,0,0,0.0,0.0,0,0,0.0,0.0,0,0.0,0,0,0,0,0,0,0,0,0,0.0,0.0,0.0,0.0,0.0,0,0
424,Amass,Harry Amass,Man Utd,DEF,4.0,a,,,0,0,0,0.0,0.0,0.2,0.0,0.0,0.0,0.0,0.0,0.0,0.0,0.0,0.0,0,0,0.0,0.0,0,0,0.0,0.0,0,0.0,0,0,0,0,0,0,0,0,0,0.0,0.0,0.0,0.0,0.0,0,0
425,Fredricson,Tyler Fredricson,Man Utd,DEF,4.0,u,0,Has joined Lausanne-Sport permanently,0,0,0,0.0,0.0,0.0,0.0,0.0,0.0,0.0,0.0,0.0,0.0,0.0,0.0,0,0,0.0,0.0,0,0,0.0,0.0,0,0.0,0,0,0,0,0,0,0,0,0,0.0,0.0,0.0,0.0,0.0,0,0
433,Ugarte,Manuel Ugarte Ribeiro,Man Utd,MID,5.0,i,0,Knee injury - Unknown return date,0,0,0,0.0,0.0,0.0,0.0,0.0,0.0,0.0,0.0,0.0,0.0,0.0,0.0,0,0,0.0,0.0,0,0,0.0,0.0,0,0.0,0,0,0,0,0,0,0,0,0,0.0,0.0,0.0,0.0,0.0,0,0
434,J.Fletcher,Jack Fletcher,Man Utd,MID,4.9,a,,,0,0,0,0.0,0.0,0.0,0.0,0.0,0.0,0.0,0.0,0.0,0.0,0.0,0.0,0,0,0.0,0.0,0,0,0.0,0.0,0,0.0,0,0,0,0,0,0,0,0,0,0.0,0.0,0.0,0.0,0.0,0,0
436,Collyer,Toby Collyer,Man Utd,MID,5.0,u,0,Has joined West Brom permanently,0,0,0,0.0,0.0,0.0,0.0,0.0,0.0,0.0,0.0,0.0,0.0,0.0,0.0,0,0,0.0,0.0,0,0,0.0,0.0,0,0.0,0,0,0,0,0,0,0,0,0,0.0,0.0,0.0,0.0,0.0,0,0
437,Bendito Mantato,Bendito Mantato,Man Utd,MID,4.4,a,,,0,0,0,0.0,0.0,0.2,0.0,0.0,0.0,0.0,0.0,0.0,0.0,0.0,0.0,0,0,0.0,0.0,0,0,0.0,0.0,0,0.0,0,0,0,0,0,0,0,0,0,0.0,0.0,0.0,0.0,0.0,0,0
438,Fletcher,Tyler Fletcher,Man Utd,MID,4.4,a,,,0,0,0,0.0,0.0,0.3,0.0,0.0,0.0,0.0,0.0,0.0,0.0,0.0,0.0,0,0,0.0,0.0,0,0,0.0,0.0,0,0.0,0,0,0,0,0,0,0,0,0,0.0,0.0,0.0,0.0,0.0,0,0
441,Obi,Chido Obi,Man Utd,FWD,4.5,u,0,Has joined Willem II on loan for the rest of the season,0,0,0,0.0,0.0,0.9,0.0,0.0,0.0,0.0,0.0,0.0,0.0,0.0,0.0,0,0,0.0,0.0,0,0,0.0,0.0,0,0.0,0,0,0,0,0,0,0,0,0,0.0,0.0,0.0,0.0,0.0,0,0
442,Pope,Nick Pope,Newcastle,GK,4.9,a,,,0,0,0,0.0,0.0,0.9,0.0,0.0,0.0,0.0,0.0,0.0,0.0,0.0,0.0,0,0,0.0,0.0,0,0,0.0,0.0,0,0.0,0,0,0,0,0,0,0,0,0,0.0,0.0,0.0,0.0,0.0,0,0
443,Gillespie,Mark Gillespie,Newcastle,GK,4.5,a,,,0,0,0,0.0,0.0,0.0,0.0,0.0,0.0,0.0,0.0,0.0,0.0,0.0,0.0,0,0,0.0,0.0,0,0,0.0,0.0,0,0.0,0,0,0,0,0,0,0,0,0,0.0,0.0,0.0,0.0,0.0,0,0
444,Jaouen,Ewen Jaouen,Newcastle,GK,4.4,i,0,Hamstring injury - Unknown return date,0,0,0,0.0,0.0,0.0,0.0,0.0,0.0,0.0,0.0,0.0,0.0,0.0,0.0,0,0,0.0,0.0,0,0,0.0,0.0,0,0.0,0,0,0,0,0,0,0,0,0,0.0,0.0,0.0,0.0,0.0,0,0
448,Burn,Dan Burn,Newcastle,DEF,4.8,i,0,Ankle injury - Expected back 12 Oct,0,0,0,0.0,0.0,0.7,0.0,0.0,0.0,0.0,0.0,0.0,0.0,0.0,0.0,0,0,0.0,0.0,0,0,0.0,0.0,0,0.0,0,0,0,0,0,0,0,0,0,0.0,0.0,0.0,0.0,0.0,0,0
451,A.Murphy,Alex Murphy,Newcastle,DEF,4.0,u,0,Has joined FC Kaiserslautern on loan for the rest of the season,0,0,0,0.0,0.0,0.1,0.0,0.0,0.0,0.0,0.0,0.0,0.0,0.0,0.0,0,0,0.0,0.0,0,0,0.0,0.0,0,0.0,0,0,0,0,0,0,0,0,0,0.0,0.0,0.0,0.0,0.0,0,0
458,Joelinton,Joelinton Cássio Apolinário de Lira,Newcastle,MID,5.4,d,75,Unspecified injury - 75% chance of playing,0,0,0,0.0,0.0,0.0,0.0,0.0,0.0,0.0,0.0,0.0,0.0,0.0,0.0,0,0,0.0,0.0,0,0,0.0,0.0,0,0.0,0,0,0,0,0,0,0,0,0,0.0,0.0,0.0,0.0,0.0,0,0
466,Neave,Sean Neave,Newcastle,FWD,4.5,u,0,Has joined Wolves on loan for the rest of the season,0,0,0,0.0,0.0,0.5,0.0,0.0,0.0,0.0,0.0,0.0,0.0,0.0,0.0,0,0,0.0,0.0,0,0,0.0,0.0,0,0.0,0,0,0,0,0,0,0,0,0,0.0,0.0,0.0,0.0,0.0,0,0
609,Shahar,Leo Shahar,Newcastle,DEF,4.0,u,0,has joined Arouca on loan for the rest of the seaon.,0,0,0,0.0,0.0,0.2,0.0,0.0,0.0,0.0,0.0,0.0,0.0,0.0,0.0,0,0,0.0,0.0,0,0,0.0,0.0,0,0.0,0,0,0,0,0,0,0,0,0,0.0,0.0,0.0,0.0,0.0,0,0
659,Miley,Mason Miley,Newcastle,MID,4.5,a,,,0,0,0,0.0,0.0,0.0,0.0,0.0,0.0,0.0,0.0,0.0,0.0,0.0,0.0,0,0,0.0,0.0,0,0,0.0,0.0,0,0.0,0,0,0,0,0,0,0,0,0,0.0,0.0,0.0,0.0,0.0,0,0
663,Pivas,Miodrag Pivas,Newcastle,DEF,4.0,a,,,0,0,0,0.0,0.0,0.0,0.0,0.0,0.0,0.0,0.0,0.0,0.0,0.0,0.0,0,0,0.0,0.0,0,0,0.0,0.0,0,0.0,0,0,0,0,0,0,0,0,0,0.0,0.0,0.0,0.0,0.0,0,0
664,Salia,Vakhtang Salia,Newcastle,FWD,4.5,a,,,0,0,0,0.0,0.0,0.2,0.0,0.0,0.0,0.0,0.0,0.0,0.0,0.0,0.0,0,0,0.0,0.0,0,0,0.0,0.0,0,0.0,0,0,0,0,0,0,0,0,0,0.0,0.0,0.0,0.0,0.0,0,0
665,Mills,Michael Mills,Newcastle,MID,4.5,a,,,0,0,0,0.0,0.0,0.0,0.0,0.0,0.0,0.0,0.0,0.0,0.0,0.0,0.0,0,0,0.0,0.0,0,0,0.0,0.0,0,0.0,0,0,0,0,0,0,0,0,0,0.0,0.0,0.0,0.0,0.0,0,0
666,Thompson,Kyran Thompson,Newcastle,MID,4.5,a,,,0,0,0,0.0,0.0,0.0,0.0,0.0,0.0,0.0,0.0,0.0,0.0,0.0,0.0,0,0,0.0,0.0,0,0,0.0,0.0,0,0.0,0,0,0,0,0,0,0,0,0,0.0,0.0,0.0,0.0,0.0,0,0
468,John,John Victor Maciel Furtado,Nott'm Forest,GK,4.5,a,,,0,0,0,0.0,0.0,0.1,0.0,0.0,0.0,0.0,0.0,0.0,0.0,0.0,0.0,0,0,0.0,0.0,0,0,0.0,0.0,0,0.0,0,0,0,0,0,0,0,0,0,0.0,0.0,0.0,0.0,0.0,0,0
470,Morato,Felipe Rodrigues da Silva,Nott'm Forest,DEF,5.0,u,0,Has joined West Ham on loan for the rest of the season,0,0,0,0.0,0.0,0.0,0.0,0.0,0.0,0.0,0.0,0.0,0.0,0.0,0.0,0,0,0.0,0.0,0,0,0.0,0.0,0,0.0,0,0,0,0,0,0,0,0,0,0.0,0.0,0.0,0.0,0.0,0,0
475,Savona,Nicolò Savona,Nott'm Forest,DEF,4.5,i,0,Knee injury - Unknown return date,0,0,0,0.0,0.0,0.0,0.0,0.0,0.0,0.0,0.0,0.0,0.0,0.0,0.0,0,0,0.0,0.0,0,0,0.0,0.0,0,0.0,0,0,0,0,0,0,0,0,0,0.0,0.0,0.0,0.0,0.0,0,0
476,O.Richards,Omar Richards,Nott'm Forest,DEF,4.0,a,,,0,0,0,0.0,0.0,0.2,0.0,0.0,0.0,0.0,0.0,0.0,0.0,0.0,0.0,0,0,0.0,0.0,0,0,0.0,0.0,0,0.0,0,0,0,0,0,0,0,0,0,0.0,0.0,0.0,0.0,0.0,0,0
477,Abbott,Zach Abbott,Nott'm Forest,DEF,4.0,u,0,Has joined Southampton on loan for the rest of the season,0,0,0,0.0,0.0,0.1,0.0,0.0,0.0,0.0,0.0,0.0,0.0,0.0,0.0,0,0,0.0,0.0,0,0,0.0,0.0,0,0.0,0,0,0,0,0,0,0,0,0,0.0,0.0,0.0,0.0,0.0,0,0
479,Bindon,Tyler Bindon,Nott'm Forest,DEF,4.0,u,0,Has joined Charlton Athletic on loan for the rest of the season,0,0,0,0.0,0.0,0.1,0.0,0.0,0.0,0.0,0.0,0.0,0.0,0.0,0.0,0,0,0.0,0.0,0,0,0.0,0.0,0,0.0,0,0,0,0,0,0,0,0,0,0.0,0.0,0.0,0.0,0.0,0,0
484,Hutchinson,Omari Hutchinson,Nott'm Forest,MID,5.4,u,0,Has joined AC Milan on loan for the rest of the season,0,0,0,0.0,0.0,0.1,0.0,0.0,0.0,0.0,0.0,0.0,0.0,0.0,0.0,0,0,0.0,0.0,0,0,0.0,0.0,0,0.0,0,0,0,0,0,0,0,0,0,0.0,0.0,0.0,0.0,0.0,0,0
485,Bakwa,Dilane Bakwa,Nott'm Forest,MID,5.5,u,0,Has joined Lille on loan for the rest of the season,0,0,0,0.0,0.0,0.0,0.0,0.0,0.0,0.0,0.0,0.0,0.0,0.0,0.0,0,0,0.0,0.0,0,0,0.0,0.0,0,0.0,0,0,0,0,0,0,0,0,0,0.0,0.0,0.0,0.0,0.0,0,0
489,Yates,Ryan Yates,Nott'm Forest,MID,4.4,a,100,,0,0,0,0.0,0.0,1.1,0.0,0.0,0.0,0.0,0.0,0.0,0.0,0.0,0.0,0,0,0.0,0.0,0,0,0.0,0.0,0,0.0,0,0,0,0,0,0,0,0,0,0.0,0.0,0.0,0.0,0.0,0,0
590,Benda,Steven Benda,Nott'm Forest,GK,4.5,a,,,0,0,0,0.0,0.0,0.1,0.0,0.0,0.0,0.0,0.0,0.0,0.0,0.0,0.0,0,0,0.0,0.0,0,0,0.0,0.0,0,0.0,0,0,0,0,0,0,0,0,0,0.0,0.0,0.0,0.0,0.0,0,0
494,Vicario,Guglielmo Vicario,Spurs,GK,4.5,u,0,Has joined Juventus on loan for the rest of the season,0,0,0,0.0,0.0,0.1,0.0,0.0,0.0,0.0,0.0,0.0,0.0,0.0,0.0,0,0,0.0,0.0,0,0,0.0,0.0,0,0.0,0,0,0,0,0,0,0,0,0,0.0,0.0,0.0,0.0,0.0,0,0
495,Austin,Brandon Austin,Spurs,GK,4.0,a,,,0,0,0,0.0,0.0,1.0,0.0,0.0,0.0,0.0,0.0,0.0,0.0,0.0,0.0,0,0,0.0,0.0,0,0,0.0,0.0,0,0.0,0,0,0,0,0,0,0,0,0,0.0,0.0,0.0,0.0,0.0,0,0
497,Dubravka,Martin Dubravka,Spurs,GK,4.0,a,,,0,0,0,0.0,0.0,17.0,0.0,0.0,0.0,0.0,0.0,0.0,0.0,0.0,0.0,0,0,0.0,0.0,0,0,0.0,0.0,0,0.0,0,0,0,0,0,0,0,0,0,0.0,0.0,0.0,0.0,0.0,0,0
500,Romero,Cristian Romero,Spurs,DEF,5.0,u,0,Has joined Atletico Madrid permanently,0,0,0,0.0,0.0,0.1,0.0,0.0,0.0,0.0,0.0,0.0,0.0,0.0,0.0,0,0,0.0,0.0,0,0,0.0,0.0,0,0.0,0,0,0,0,0,0,0,0,0,0.0,0.0,0.0,0.0,0.0,0,0
505,Spence,Djed Spence,Spurs,DEF,4.5,u,0,Has joined Internazionale permanently,0,0,0,0.0,0.0,0.2,0.0,0.0,0.0,0.0,0.0,0.0,0.0,0.0,0.0,0,0,0.0,0.0,0,0,0.0,0.0,0,0.0,0,0,0,0,0,0,0,0,0,0.0,0.0,0.0,0.0,0.0,0,0
507,Phillips,Ashley Phillips,Spurs,DEF,4.5,u,0,Has joined Middlesbrough permanently,0,0,0,0.0,0.0,0.0,0.0,0.0,0.0,0.0,0.0,0.0,0.0,0.0,0.0,0,0,0.0,0.0,0,0,0.0,0.0,0,0.0,0,0,0,0,0,0,0,0,0,0.0,0.0,0.0,0.0,0.0,0,0
508,Davies,Ben Davies,Spurs,DEF,3.9,a,,,0,0,0,0.0,0.0,0.9,0.0,0.0,0.0,0.0,0.0,0.0,0.0,0.0,0.0,0,0,0.0,0.0,0,0,0.0,0.0,0,0.0,0,0,0,0,0,0,0,0,0,0.0,0.0,0.0,0.0,0.0,0,0
509,Byfield,Jun'ai Byfield,Spurs,DEF,4.0,a,,,0,0,0,0.0,0.0,0.1,0.0,0.0,0.0,0.0,0.0,0.0,0.0,0.0,0.0,0,0,0.0,0.0,0,0,0.0,0.0,0,0.0,0,0,0,0,0,0,0,0,0,0.0,0.0,0.0,0.0,0.0,0,0
510,Rowswell,James Rowswell,Spurs,DEF,4.0,a,,,0,0,0,0.0,0.0,0.1,0.0,0.0,0.0,0.0,0.0,0.0,0.0,0.0,0.0,0,0,0.0,0.0,0,0,0.0,0.0,0,0.0,0,0,0,0,0,0,0,0,0,0.0,0.0,0.0,0.0,0.0,0,0
511,Souza,João Victor de Souza Menezes,Spurs,DEF,4.0,u,0,Has joined FC Porto on loan for the rest of the season,0,0,0,0.0,0.0,0.2,0.0,0.0,0.0,0.0,0.0,0.0,0.0,0.0,0.0,0,0,0.0,0.0,0,0,0.0,0.0,0,0.0,0,0,0,0,0,0,0,0,0,0.0,0.0,0.0,0.0,0.0,0,0
513,Xavi,Xavi Simons,Spurs,MID,5.9,i,0,Knee injury - Unknown return date,0,0,0,0.0,0.0,0.0,0.0,0.0,0.0,0.0,0.0,0.0,0.0,0.0,0.0,0,0,0.0,0.0,0,0,0.0,0.0,0,0.0,0,0,0,0,0,0,0,0,0,0.0,0.0,0.0,0.0,0.0,0,0
517,Odobert,Wilson Odobert,Spurs,MID,5.5,i,0,Knee injury - Unknown return date,0,0,0,0.0,0.0,0.0,0.0,0.0,0.0,0.0,0.0,0.0,0.0,0.0,0.0,0,0,0.0,0.0,0,0,0.0,0.0,0,0.0,0,0,0,0,0,0,0,0,0,0.0,0.0,0.0,0.0,0.0,0,0
518,P.M.Sarr,Pape Matar Sarr,Spurs,MID,4.9,u,0,Has joined Juventus on loan for the rest of the season,0,0,0,0.0,0.0,0.1,0.0,0.0,0.0,0.0,0.0,0.0,0.0,0.0,0.0,0,0,0.0,0.0,0,0,0.0,0.0,0,0.0,0,0,0,0,0,0,0,0,0,0.0,0.0,0.0,0.0,0.0,0,0
521,Kulusevski,Dejan Kulusevski,Spurs,MID,6.5,i,0,Knee injury - Unknown return date,0,0,0,0.0,0.0,0.0,0.0,0.0,0.0,0.0,0.0,0.0,0.0,0.0,0.0,0,0,0.0,0.0,0,0,0.0,0.0,0,0.0,0,0,0,0,0,0,0,0,0,0.0,0.0,0.0,0.0,0.0,0,0
524,Olusesi,Callum Olusesi,Spurs,MID,4.4,a,,,0,0,0,0.0,0.0,0.9,0.0,0.0,0.0,0.0,0.0,0.0,0.0,0.0,0.0,0,0,0.0,0.0,0,0,0.0,0.0,0,0.0,0,0,0,0,0,0,0,0,0,0.0,0.0,0.0,0.0,0.0,0,0
528,Scarlett,Dane Scarlett,Spurs,FWD,4.5,u,0,Has joined Leyton Orient permanently,0,0,0,0.0,0.0,1.0,0.0,0.0,0.0,0.0,0.0,0.0,0.0,0.0,0.0,0,0,0.0,0.0,0,0,0.0,0.0,0,0.0,0,0,0,0,0,0,0,0,0,0.0,0.0,0.0,0.0,0.0,0,0
601,Williams-Barnett,Luca Williams-Barnett,Spurs,MID,4.5,a,,,0,0,0,0.0,0.0,0.1,0.0,0.0,0.0,0.0,0.0,0.0,0.0,0.0,0.0,0,0,0.0,0.0,0,0,0.0,0.0,0,0.0,0,0,0,0,0,0,0,0,0,0.0,0.0,0.0,0.0,0.0,0,0
530,Patterson,Anthony Patterson,Sunderland,GK,4.0,u,0,Has joined Wrexham permanently,0,0,0,0.0,0.0,0.1,0.0,0.0,0.0,0.0,0.0,0.0,0.0,0.0,0.0,0,0,0.0,0.0,0,0,0.0,0.0,0,0.0,0,0,0,0,0,0,0,0,0,0.0,0.0,0.0,0.0,0.0,0,0
531,Ellborg,Melker Ellborg,Sunderland,GK,4.4,a,,,0,0,0,0.0,0.0,0.1,0.0,0.0,0.0,0.0,0.0,0.0,0.0,0.0,0.0,0,0,0.0,0.0,0,0,0.0,0.0,0,0.0,0,0,0,0,0,0,0,0,0,0.0,0.0,0.0,0.0,0.0,0,0
537,Seelt,Jenson Seelt,Sunderland,DEF,4.5,u,0,Has joined Swansea City on loan for the rest of the season,0,0,0,0.0,0.0,0.0,0.0,0.0,0.0,0.0,0.0,0.0,0.0,0.0,0.0,0,0,0.0,0.0,0,0,0.0,0.0,0,0.0,0,0,0,0,0,0,0,0,0,0.0,0.0,0.0,0.0,0.0,0,0
538,Hjelde,Leo Fuhr Hjelde,Sunderland,DEF,4.0,u,0,Has joined KV Mechelen on loan for the rest of the season,0,0,0,0.0,0.0,0.0,0.0,0.0,0.0,0.0,0.0,0.0,0.0,0.0,0.0,0,0,0.0,0.0,0,0,0.0,0.0,0,0.0,0,0,0,0,0,0,0,0,0,0.0,0.0,0.0,0.0,0.0,0,0
540,Masuaku,Arthur Masuaku,Sunderland,DEF,4.0,u,0,Has joined Konyaspor permanently,0,0,0,0.0,0.0,0.1,0.0,0.0,0.0,0.0,0.0,0.0,0.0,0.0,0.0,0,0,0.0,0.0,0,0,0.0,0.0,0,0.0,0,0,0,0,0,0,0,0,0,0.0,0.0,0.0,0.0,0.0,0,0
546,Adingra,Simon Adingra,Sunderland,MID,4.9,u,0,Has joined Ajax on loan for the rest of the season,0,0,0,0.0,0.0,0.0,0.0,0.0,0.0,0.0,0.0,0.0,0.0,0.0,0.0,0,0,0.0,0.0,0,0,0.0,0.0,0,0.0,0,0,0,0,0,0,0,0,0,0.0,0.0,0.0,0.0,0.0,0,0
612,Methalie,Dayann Méthalie,Sunderland,DEF,4.5,a,100,,107,1,0,0.0,0.0,0.0,0.0,0.03,0.01,0.04,3.29,0.03,0.01,0.04,2.77,0,0,-0.03,-0.01,0,6,5.05,0.0,0,0.0,0,0,0,1,0,1,4,6,5,4.21,8.0,2.0,2.0,1.2,0,-7
613,Ahoka,Jules Ahoka,Sunderland,MID,4.5,a,,,0,0,0,0.0,0.0,0.2,0.0,0.0,0.0,0.0,0.0,0.0,0.0,0.0,0.0,0,0,0.0,0.0,0,0,0.0,0.0,0,0.0,0,0,0,0,0,0,0,0,0,0.0,0.0,0.0,0.0,0.0,0,0
