gw,provisional,id,assists,bonus,bps,clean_sheets,clearances_blocks_interceptions,creativity,defensive_contribution,expected_assists,expected_goal_involvements,expected_goals,expected_goals_conceded,goals_conceded,goals_scored,ict_index,in_dreamteam,influence,minutes,own_goals,penalties_missed,penalties_saved,played,recoveries,red_cards,saves,starts,tackles,threat,total_points,yellow_cards
1,False,1,0,0,24,1,1,0.0,0,0.00,0.00,0.00,0.20,0,0,1.2,False,11.8,90,0,0,0,True,8,0,1,1,0,0.0,6,0
1,False,4,0,0,21,1,4,1.8,4,0.01,0.06,0.05,0.20,0,0,0.9,False,6.6,90,0,0,0,True,2,0,0,1,0,1.0,5,1
1,False,7,0,0,15,1,1,22.9,7,0.11,0.17,0.06,0.20,0,0,4.1,False,11.0,90,0,0,0,True,5,0,0,1,1,7.0,3,0
1,False,8,1,0,31,1,4,12.2,5,0.09,0.13,0.04,0.06,0,0,4.2,False,26.0,80,0,0,0,True,1,0,0,1,1,4.0,9,0
1,False,9,0,0,3,0,0,0.5,0,0.00,0.00,0.00,0.15,0,0,0.1,False,0.4,9,0,0,0,True,0,0,0,0,0,0.0,1,0
1,False,10,1,2,37,1,4,26.8,5,0.21,0.39,0.18,0.20,0,0,7.3,False,33.2,90,0,0,0,True,3,0,0,1,1,13.0,11,0
1,False,11,0,0,27,1,6,0.6,6,0.00,0.00,0.00,0.20,0,0,1.5,False,14.4,90,0,0,0,True,3,0,0,1,0,0.0,6,0
1,False,12,0,1,36,1,2,26.1,7,0.08,0.72,0.64,0.06,0,1,10.2,False,42.8,67,0,0,0,True,4,0,0,1,1,33.0,9,0
1,False,13,0,0,10,1,3,6.4,6,0.08,0.15,0.07,0.06,0,0,1.5,False,6.8,67,0,0,0,True,3,0,0,1,0,2.0,3,0
1,False,14,0,0,4,0,0,1.8,2,0.00,0.04,0.04,0.15,0,0,0.1,False,0.0,14,0,0,0,True,2,0,0,0,0,1.0,1,0
1,False,15,0,3,41,1,1,41.5,8,0.10,0.31,0.21,0.06,0,1,12.3,False,50.6,75,0,0,0,True,4,0,0,1,3,31.0,11,0
1,False,16,0,0,8,0,0,43.1,2,0.04,0.04,0.00,0.15,0,0,5.3,False,9.4,22,0,0,0,True,2,0,0,0,0,0.0,1,0
1,False,17,0,0,5,0,0,1.2,2,0.02,0.16,0.14,0.15,0,0,1.9,False,3.6,14,0,0,0,True,2,0,0,0,0,14.0,1,0
1,False,19,0,0,3,0,0,2.3,3,0.02,0.02,0.00,0.15,0,0,0.6,False,3.8,22,0,0,0,True,2,0,0,0,1,0.0,1,0
1,False,26,0,0,34,1,2,13.2,2,0.03,0.29,0.26,0.20,0,1,7.5,False,37.2,90,0,0,0,True,0,0,0,1,0,25.0,6,0
1,False,29,0,0,1,0,2,0.0,0,0.00,0.00,0.00,3.77,4,0,2.8,False,28.2,90,0,0,0,True,6,0,3,1,0,0.0,1,0
1,False,32,0,0,-8,0,5,1.1,7,0.00,0.00,0.00,3.77,4,0,1.3,False,12.0,90,0,0,0,True,0,0,0,1,2,0.0,-1,1
1,False,33,0,0,5,0,0,0.0,1,0.00,0.00,0.00,0.22,0,0,0.2,False,2.0,16,0,0,0,True,0,0,0,0,1,0.0,1,0
1,False,34,0,0,-14,0,5,0.7,5,0.00,0.00,0.00,3.55,4,0,0.0,False,0.0,73,0,0,0,True,1,0,0,1,0,0.0,0,0
1,False,35,0,0,3,0,1,0.5,1,0.00,0.00,0.00,0.22,0,0,0.3,False,2.2,16,0,0,0,True,0,0,0,0,0,0.0,1,0
1,False,36,0,0,-9,0,7,0.8,9,0.00,0.03,0.03,3.62,4,0,1.3,False,9.2,81,0,0,0,True,2,0,0,1,2,3.0,0,0
1,False,37,0,0,-13,0,3,0.1,3,0.00,0.00,0.00,3.77,4,0,0.2,False,1.8,90,1,0,0,True,1,0,0,1,0,0.0,-2,0
1,False,40,0,1,37,0,0,53.5,7,0.10,1.06,0.96,1.24,2,1,13.1,False,48.8,81,0,0,0,True,5,0,0,1,2,29.0,8,0
1,False,41,0,0,4,0,3,16.3,7,0.09,0.22,0.13,3.62,4,0,2.2,False,0.0,85,0,0,0,True,3,0,0,1,1,8.0,2,0
1,False,42,0,0,3,0,0,1.8,1,0.02,0.05,0.03,0.14,0,0,1.2,False,3.2,27,0,0,0,True,0,0,0,0,1,7.0,1,0
1,False,43,0,0,13,0,0,11.3,5,0.11,0.15,0.04,0.94,2,0,2.0,False,5.0,66,0,0,0,True,5,0,0,1,0,4.0,2,0
1,False,45,0,0,8,0,2,2.4,6,0.01,0.05,0.04,3.62,4,0,0.5,False,1.6,81,0,0,0,True,3,0,0,1,1,1.0,1,1
1,False,46,0,0,11,0,1,21.4,1,0.02,0.12,0.10,3.55,4,0,3.8,False,9.4,73,0,0,0,True,0,0,0,1,0,7.0,2,0
1,False,47,0,0,9,0,3,2.8,7,0.00,0.00,0.00,3.77,4,0,1.4,False,11.2,90,0,0,0,True,2,0,0,1,2,0.0,2,0
1,False,51,0,0,12,0,0,11.6,5,0.00,0.00,0.00,3.77,4,0,2.4,False,10.6,90,0,0,0,True,2,0,0,1,3,2.0,2,0
1,False,52,0,0,5,0,1,0.0,3,0.00,0.00,0.00,0.14,0,0,0.4,False,4.0,8,0,0,0,True,1,0,0,0,1,0.0,1,0
1,False,54,0,0,-2,0,1,11.0,7,0.01,0.01,0.00,2.58,4,0,1.2,False,1.0,39,0,0,0,True,2,1,0,1,4,0.0,-2,0
1,False,57,0,0,13,0,2,0.0,0,0.00,0.00,0.00,2.25,2,0,3.7,False,36.8,90,0,0,0,True,5,0,4,1,0,0.0,2,0
1,False,60,0,0,0,0,5,0.3,6,0.00,0.00,0.00,2.25,2,0,1.2,False,11.6,90,0,0,0,True,1,0,0,1,1,0.0,1,0
1,False,61,0,0,0,0,5,1.3,7,0.00,0.00,0.00,2.25,2,0,1.7,False,15.4,90,0,0,0,True,7,0,0,1,2,0.0,1,0
1,False,64,0,0,4,0,4,0.6,5,0.00,0.00,0.00,2.25,2,0,0.8,False,7.0,90,0,0,0,True,3,0,0,1,1,0.0,1,0
1,False,67,0,0,9,0,1,11.3,1,0.03,0.07,0.04,2.06,1,0,3.5,False,6.2,88,0,0,0,True,0,0,0,1,0,17.0,2,0
1,False,68,0,3,32,0,2,17.2,8,0.08,0.48,0.40,2.25,2,1,7.5,False,40.0,90,0,0,0,True,4,0,0,1,2,18.0,10,0
1,False,69,0,0,17,0,1,4.8,11,0.01,0.01,0.00,2.25,2,0,1.6,False,11.4,90,0,0,0,True,6,0,0,1,4,0.0,2,0
1,False,70,0,0,15,1,1,14.3,9,0.00,0.11,0.11,1.94,0,0,4.2,False,11.0,74,0,0,0,True,5,0,0,1,3,17.0,3,0
1,False,71,0,0,8,1,3,2.1,7,0.00,0.00,0.00,1.94,0,0,0.7,False,4.6,75,0,0,0,True,3,0,0,1,1,0.0,3,0
1,False,72,0,0,3,0,0,0.1,1,0.00,0.00,0.00,0.19,1,0,0.2,False,0.2,1,0,0,0,True,1,0,0,0,0,2.0,1,0
1,False,73,0,0,4,0,3,0.6,3,0.00,0.00,0.00,0.31,2,0,0.4,False,3.6,15,0,0,0,True,0,0,0,0,0,0.0,1,0
1,False,76,0,0,5,0,0,0.6,2,0.00,0.00,0.00,0.31,2,0,0.3,False,2.8,15,0,0,0,True,1,0,0,0,1,0.0,1,0
1,False,79,1,0,17,1,4,11.9,8,0.21,0.21,0.00,1.94,0,0,3.3,False,19.4,74,0,0,0,True,3,0,0,1,1,2.0,4,1
1,False,82,0,0,34,1,0,0.0,0,0.01,0.01,0.00,0.57,0,0,3.1,False,31.4,90,0,0,0,True,5,0,4,1,0,0.0,7,0
1,False,84,0,0,21,1,3,21.5,3,0.04,0.38,0.34,0.57,0,0,5.0,False,11.6,90,0,0,0,True,3,0,0,1,0,17.0,6,0
1,False,86,0,2,37,1,4,15.9,10,0.12,0.89,0.77,0.57,0,1,8.2,False,47.2,90,0,0,0,True,5,0,0,1,1,19.0,10,0
1,False,87,0,0,29,1,8,0.9,10,0.02,0.13,0.11,0.57,0,0,5.6,False,20.0,90,0,0,0,True,3,0,0,1,2,35.0,8,0
1,False,88,0,1,36,1,4,1.5,4,0.00,0.50,0.50,0.47,0,1,8.1,True,33.8,75,0,0,0,True,5,0,0,1,0,46.0,13,0
1,False,90,0,0,2,0,0,0.3,0,0.00,0.00,0.00,0.10,0,0,0.0,False,0.0,14,0,0,0,True,2,0,0,0,0,0.0,1,0
1,False,94,0,0,17,1,1,11.8,9,0.01,0.53,0.52,0.57,0,0,8.5,False,14.4,90,0,0,0,True,5,0,0,1,3,59.0,3,0
1,False,95,0,0,6,1,2,30.8,6,0.29,0.34,0.05,0.47,0,0,4.7,False,1.0,66,0,0,0,True,4,0,0,1,0,15.0,3,0
1,False,96,0,0,6,0,0,26.3,4,0.11,0.11,0.00,0.10,0,0,3.4,False,7.6,14,0,0,0,True,3,0,0,0,1,0.0,1,0
1,False,97,1,0,22,1,0,46.2,5,0.34,0.42,0.08,0.47,0,0,7.2,False,12.6,66,0,0,0,True,3,0,0,1,2,13.0,6,0
1,False,98,0,0,35,1,6,38.8,13,0.17,0.56,0.39,0.57,0,1,11.6,False,53.2,90,0,0,0,True,3,0,0,1,4,24.0,9,1
1,False,102,0,0,7,0,1,0.8,6,0.00,0.04,0.04,0.10,0,0,0.6,False,2.2,23,0,0,0,True,3,0,0,0,2,3.0,1,0
1,False,104,0,0,8,0,3,1.6,9,0.01,0.01,0.00,1.88,3,0,0.5,False,3.6,90,0,0,0,True,5,0,0,1,1,0.0,2,0
1,False,105,0,0,9,0,0,34.9,8,0.35,0.38,0.03,0.10,0,0,4.7,False,10.6,23,0,0,0,True,6,0,0,0,2,1.0,1,0
1,False,106,0,0,-3,1,1,4.0,5,0.08,1.08,1.00,0.50,0,0,1.4,False,2.2,82,0,1,0,True,4,0,0,1,0,8.0,0,0
1,False,108,0,0,4,0,0,10.3,0,0.04,0.07,0.03,0.07,0,0,1.8,False,2.2,7,0,0,0,True,0,0,0,0,0,5.0,1,0
1,False,109,0,0,25,1,0,0.0,0,0.00,0.00,0.00,0.29,0,0,0.7,False,6.6,90,0,0,0,True,4,0,0,1,0,0.0,6,0
1,False,110,0,0,0,0,1,0.0,0,0.01,0.01,0.00,1.88,3,0,1.4,False,14.2,90,0,0,0,True,7,0,2,1,0,0.0,1,0
1,False,112,0,0,3,0,7,2.8,9,0.03,0.03,0.00,3.87,3,0,3.3,False,28.2,90,0,0,0,True,3,0,0,1,2,2.0,1,0
1,False,114,0,0,29,1,5,7.3,6,0.04,0.04,0.00,0.29,0,0,2.9,False,15.2,90,0,0,0,True,4,0,0,1,1,6.0,6,0
1,False,115,1,2,46,1,1,45.3,4,0.21,1.68,1.47,0.29,0,1,12.9,True,40.6,77,0,0,0,True,3,0,0,1,3,43.0,17,0
1,False,116,0,0,24,1,1,6.4,2,0.04,0.04,0.00,0.29,0,0,2.0,False,13.4,90,0,0,0,True,2,0,0,1,1,0.0,6,0
1,False,119,0,0,7,0,3,1.9,4,0.00,0.12,0.12,0.10,0,0,2.8,False,8.2,26,0,0,0,True,0,0,0,0,1,18.0,1,0
1,False,123,0,3,54,1,0,13.4,3,0.02,1.43,1.41,0.19,0,2,14.5,True,72.8,63,0,0,0,True,1,0,0,1,2,59.0,16,0
1,False,124,0,0,18,1,0,56.9,5,0.27,0.27,0.00,0.29,0,0,8.6,False,21.0,90,0,0,0,True,2,0,0,1,3,8.0,2,1
1,False,125,1,0,22,1,1,11.4,7,0.44,0.52,0.08,0.29,0,0,4.6,False,19.8,90,0,0,0,True,4,0,0,1,2,15.0,5,0
1,False,127,1,0,27,1,2,25.1,6,0.48,0.66,0.18,0.29,0,0,9.9,False,33.0,85,0,0,0,True,1,0,0,1,3,41.0,6,0
1,False,129,0,0,8,1,1,15.0,4,0.03,0.14,0.11,0.19,0,0,1.7,False,0.0,63,0,0,0,True,3,0,0,1,0,6.0,2,1
1,False,130,0,1,32,1,4,26.3,8,0.05,0.14,0.09,0.29,0,0,4.9,False,16.6,77,0,0,0,True,5,0,0,1,4,6.0,7,0
1,False,135,0,0,3,0,0,1.3,0,0.03,0.03,0.00,0.00,0,0,0.2,False,0.2,12,0,0,0,True,0,0,0,0,0,0.0,1,0
1,False,138,0,0,-1,0,0,0.4,2,0.00,0.18,0.18,0.10,0,0,0.9,False,0.0,26,0,0,0,True,1,0,0,0,1,10.0,1,0
1,False,140,0,0,6,0,1,0.0,0,0.01,0.01,0.00,1.33,2,0,2.1,False,21.4,90,0,0,0,True,5,0,4,1,0,0.0,2,0
1,False,142,0,0,5,0,6,16.8,6,0.07,0.17,0.10,1.33,2,0,5.9,False,23.4,90,0,0,0,True,4,0,0,1,0,19.0,0,1
1,False,144,0,0,2,0,2,9.8,3,0.03,0.03,0.00,1.11,2,0,2.3,False,7.2,75,0,0,0,True,4,0,0,1,1,6.0,1,0
1,False,148,0,0,5,0,1,12.3,3,0.03,0.04,0.01,1.05,2,0,3.2,False,8.4,64,0,0,0,True,2,0,0,1,2,11.0,1,0
1,False,149,0,0,6,0,2,1.6,4,0.03,0.04,0.01,1.33,2,0,1.5,False,6.0,90,0,0,0,True,3,0,0,1,2,7.0,0,1
1,False,151,0,0,13,0,10,2.2,15,0.01,0.01,0.00,1.33,2,0,3.7,False,33.2,90,0,0,0,True,6,0,0,1,5,2.0,3,0
1,False,154,1,3,60,0,0,41.3,9,0.19,0.47,0.28,1.24,2,1,16.1,True,65.2,82,0,0,0,True,7,0,0,1,2,54.0,13,0
1,False,155,0,0,6,0,0,12.0,3,0.02,0.02,0.00,0.28,0,0,1.5,False,3.4,25,0,0,0,True,3,0,0,0,0,0.0,1,0
1,False,156,0,0,9,0,0,4.1,4,0.07,0.10,0.03,0.22,0,0,1.3,False,5.2,14,0,0,0,True,3,0,0,0,1,4.0,1,0
1,False,157,0,0,3,0,0,0.4,1,0.00,0.00,0.00,0.09,0,0,0.1,False,0.2,7,0,0,0,True,1,0,0,0,0,0.0,1,0
1,False,160,0,0,2,0,0,0.0,0,0.00,0.00,0.00,0.14,0,0,0.0,False,0.0,4,0,0,0,True,0,0,0,0,0,0.0,1,0
1,False,161,0,0,8,0,2,21.9,9,0.03,0.24,0.21,1.05,2,0,6.9,False,13.6,64,0,0,0,True,4,0,0,1,3,33.0,1,1
1,False,162,0,0,17,0,3,4.2,9,0.23,0.23,0.00,0.94,2,0,1.8,False,11.4,66,0,0,0,True,5,0,0,1,1,2.0,2,0
1,False,164,0,0,2,0,1,0.3,1,0.00,0.00,0.00,0.09,0,0,0.4,False,1.2,8,0,0,0,True,0,0,0,0,0,2.0,1,0
1,False,165,1,2,45,0,1,23.0,3,0.06,0.69,0.63,1.33,2,1,11.1,True,51.2,90,0,0,0,True,2,0,0,1,0,37.0,11,0
1,False,173,0,0,11,0,9,11.2,10,0.01,0.03,0.02,1.88,3,0,3.5,False,23.2,90,0,0,0,True,2,0,0,1,1,1.0,3,0
1,False,175,0,0,-8,0,6,2.0,7,0.01,0.01,0.00,1.88,3,0,1.5,False,10.6,90,0,0,0,True,3,0,0,1,1,2.0,1,0
1,False,176,0,0,-4,0,6,3.8,6,0.02,0.02,0.00,1.88,3,0,1.8,False,13.8,90,0,0,0,True,1,0,0,1,0,0.0,1,0
1,False,182,0,0,1,0,9,0.8,9,0.01,0.01,0.00,1.88,3,0,3.0,False,28.8,90,0,0,0,True,4,0,0,1,0,0.0,1,0
1,False,183,0,0,3,0,0,3.8,5,0.00,0.15,0.15,0.29,0,0,2.6,False,5.6,20,0,0,0,True,4,0,0,0,1,17.0,1,0
1,False,184,0,0,14,0,4,3.7,7,0.01,0.01,0.00,1.88,3,0,1.7,False,13.4,90,0,0,0,True,3,0,0,1,0,0.0,2,0
1,False,188,0,0,8,0,1,16.4,1,0.11,0.11,0.00,0.32,0,0,2.3,False,6.8,28,0,0,0,True,0,0,0,0,0,0.0,1,0
1,False,190,0,0,11,0,3,6.0,8,0.02,0.06,0.04,1.76,3,0,1.1,False,1.8,81,0,0,0,True,5,0,0,1,0,3.0,2,0
1,False,194,0,0,9,0,5,1.1,6,0.02,0.02,0.00,1.60,3,0,0.6,False,4.6,69,0,0,0,True,1,0,0,1,0,0.0,2,0
1,False,195,0,0,7,0,1,12.3,3,0.01,0.01,0.00,1.60,3,0,1.7,False,2.6,69,0,0,0,True,2,0,0,1,0,2.0,2,0
1,False,198,0,0,14,0,3,0.0,0,0.00,0.00,0.00,1.12,2,0,2.8,False,28.2,90,0,0,0,True,13,0,3,1,0,0.0,2,0
1,False,200,1,0,25,0,7,11.2,12,0.20,0.20,0.00,1.33,2,0,5.7,False,44.2,90,0,0,0,True,2,0,0,1,5,2.0,6,0
1,False,201,0,0,-4,0,3,1.8,4,0.01,0.24,0.23,0.84,2,0,2.4,False,1.2,54,0,0,0,True,1,0,0,1,1,21.0,0,0
1,False,202,0,0,13,0,14,0.7,16,0.00,0.00,0.00,1.12,2,0,4.3,False,42.6,90,0,0,0,True,1,0,0,1,2,0.0,3,0
1,False,203,0,0,9,0,4,5.7,8,0.01,0.06,0.05,1.12,2,0,3.8,False,27.4,90,0,0,0,True,3,0,0,1,4,5.0,1,0
1,False,204,0,0,9,0,3,13.8,5,0.01,0.01,0.00,1.12,2,0,2.7,False,11.6,90,0,0,0,True,4,0,0,1,2,2.0,1,0
1,False,206,0,0,7,0,6,1.3,7,0.01,0.01,0.00,0.98,2,0,1.4,False,12.6,72,0,0,0,True,3,0,0,1,1,0.0,1,0
1,False,209,0,0,3,0,2,0.3,2,0.00,0.00,0.00,0.29,0,0,0.4,False,4.0,6,0,0,0,True,0,0,0,0,0,0.0,1,0
1,False,210,0,0,20,0,4,30.9,14,0.24,0.24,0.00,1.12,2,0,4.8,False,16.8,90,0,0,0,True,8,0,0,1,2,0.0,4,0
1,False,211,0,0,4,0,0,6.3,5,0.02,0.08,0.06,0.27,0,0,1.4,False,2.0,35,0,0,0,True,3,0,0,0,2,6.0,1,0
1,False,214,0,0,25,0,3,29.3,14,0.27,0.27,0.00,1.12,2,0,5.0,False,20.4,90,0,0,0,True,8,0,0,1,3,0.0,3,1
1,False,222,0,0,3,0,0,3.5,0,0.01,0.26,0.25,0.14,0,0,2.2,False,1.0,27,0,0,0,True,0,0,0,0,0,17.0,1,0
1,False,223,0,0,-3,0,1,12.3,5,0.02,0.72,0.70,0.98,2,0,2.5,False,1.4,62,0,0,0,True,2,0,0,1,2,11.0,2,0
1,False,224,0,0,12,0,1,24.5,3,0.58,1.18,0.60,0.84,2,0,5.8,False,10.4,55,0,0,0,True,1,0,0,1,1,23.0,1,0
1,False,226,0,0,34,1,0,0.0,0,0.02,0.02,0.00,1.96,0,0,3.2,False,31.8,90,0,0,0,True,12,0,4,1,0,0.0,7,0
1,False,229,0,0,25,1,8,0.8,9,0.00,0.05,0.05,1.96,0,0,2.0,False,15.2,90,0,0,0,True,4,0,0,1,1,4.0,6,0
1,False,230,0,0,27,1,6,0.8,8,0.01,0.01,0.00,1.96,0,0,2.5,False,18.6,90,0,0,0,True,2,0,0,1,2,6.0,6,0
1,False,233,0,0,27,1,4,13.8,4,0.05,0.05,0.00,1.96,0,0,2.9,False,12.8,90,0,0,0,True,4,0,0,1,0,2.0,6,0
1,False,236,0,3,40,1,1,28.3,8,0.17,0.29,0.12,1.92,0,1,9.8,False,42.8,90,0,0,0,True,5,0,0,1,2,27.0,11,0
1,False,237,1,1,36,1,0,39.8,12,0.32,0.56,0.24,1.96,0,0,12.9,False,40.8,90,0,0,0,True,8,0,0,1,4,48.0,9,0
1,False,238,0,0,2,0,0,0.6,1,0.00,0.00,0.00,0.00,0,0,0.2,False,1.0,8,0,0,0,True,0,0,0,0,1,0.0,1,0
1,False,239,0,0,6,0,0,11.8,1,0.03,0.03,0.00,0.34,0,0,1.9,False,4.8,11,0,0,0,True,0,0,0,0,1,2.0,1,0
1,False,241,0,0,11,0,3,4.7,5,0.02,0.07,0.05,0.98,2,0,1.6,False,9.6,62,0,0,0,True,2,0,0,1,0,2.0,2,0
1,False,242,0,0,13,1,3,23.4,7,0.08,0.26,0.18,1.67,0,0,5.5,False,7.0,83,0,0,0,True,4,0,0,1,0,25.0,3,0
1,False,243,0,0,7,0,0,0.3,3,0.00,0.02,0.02,0.04,0,0,2.2,False,5.0,1,0,0,0,True,2,0,0,0,1,17.0,1,0
1,False,244,1,0,25,1,3,14.7,16,0.04,0.04,0.00,1.96,0,0,4.8,False,28.8,90,0,0,0,True,11,0,0,1,2,4.0,8,0
1,False,246,0,0,12,1,2,13.0,9,0.06,0.06,0.00,1.96,0,0,2.9,False,13.8,90,0,0,0,True,5,0,0,1,2,2.0,3,0
1,False,247,0,0,16,1,1,12.2,7,0.01,0.02,0.01,1.62,0,0,2.6,False,8.6,78,0,0,0,True,4,0,0,1,2,5.0,3,0
1,False,248,0,0,3,0,0,0.0,0,0.00,0.05,0.05,0.34,0,0,0.2,False,0.0,11,0,0,0,True,0,0,0,0,0,2.0,1,0
1,False,249,0,2,37,1,0,19.0,3,0.09,0.54,0.45,1.62,0,1,9.8,False,38.0,78,0,0,0,True,2,0,0,1,1,41.0,8,0
1,False,250,0,0,11,0,1,0.0,0,0.00,0.00,0.00,2.24,3,0,3.0,False,29.6,90,0,0,0,True,9,0,3,1,0,0.0,2,0
1,False,254,0,0,4,0,4,25.2,7,0.04,0.17,0.13,2.21,3,0,5.0,False,21.6,81,0,0,0,True,5,0,0,1,3,3.0,1,0
1,False,255,0,0,7,0,9,21.3,10,0.03,0.03,0.00,2.24,3,0,5.4,False,32.8,90,0,0,0,True,3,0,0,1,1,0.0,3,0
1,False,257,0,0,1,0,3,3.8,4,0.02,0.04,0.02,2.24,3,0,2.0,False,13.8,90,0,0,0,True,4,0,0,1,1,2.0,0,1
1,False,258,2,0,21,0,5,27.8,6,0.18,0.27,0.09,2.24,3,0,8.9,False,38.0,90,0,0,0,True,4,0,0,1,1,23.0,6,1
1,False,259,0,0,7,0,4,0.8,5,0.01,0.01,0.00,0.66,1,0,1.0,False,7.2,90,0,0,0,True,6,0,0,1,1,2.0,2,0
1,False,260,0,0,8,1,0,15.3,2,0.02,0.02,0.00,0.53,0,0,2.6,False,6.2,65,0,0,0,True,0,0,0,1,2,4.0,3,0
1,False,261,0,0,17,0,3,11.3,10,0.04,0.04,0.00,2.24,3,0,2.4,False,12.4,90,0,0,0,True,6,0,0,1,1,0.0,2,0
1,False,263,0,0,2,0,0,1.9,3,0.01,0.01,0.00,0.03,0,0,0.7,False,5.2,17,0,0,0,True,1,0,0,0,2,0.0,1,0
1,False,264,0,0,10,0,1,13.8,6,0.26,0.26,0.00,2.21,3,0,3.0,False,9.8,66,0,0,0,True,2,0,0,1,3,6.0,2,0
1,False,265,0,0,14,0,1,23.1,4,0.03,0.06,0.03,2.21,3,0,4.4,False,13.6,72,0,0,0,True,2,0,0,1,1,7.0,2,0
1,False,267,1,0,22,0,2,14.8,6,0.02,0.02,0.00,0.66,1,0,4.0,False,23.4,90,0,0,0,True,3,0,0,1,1,2.0,5,0
1,False,268,0,0,34,0,2,15.6,8,0.04,0.21,0.17,2.24,3,1,9.8,False,41.6,90,0,0,0,True,4,0,0,1,2,41.0,7,0
1,False,269,0,0,7,0,1,0.5,1,0.00,0.03,0.03,0.03,0,0,2.6,False,6.6,17,0,0,0,True,1,0,0,0,0,19.0,1,0
1,False,271,0,0,6,0,1,11.5,1,0.00,0.02,0.02,0.03,0,0,2.5,False,6.0,8,0,0,0,True,0,0,0,0,0,7.0,1,0
1,False,277,0,0,27,1,20,0.1,21,0.00,0.00,0.00,1.83,0,0,4.6,False,43.4,90,0,0,0,True,3,0,0,1,1,2.0,8,0
1,False,279,0,2,39,1,7,0.2,7,0.00,0.52,0.52,0.86,0,1,7.9,True,44.2,63,0,0,0,True,3,0,0,1,0,35.0,14,0
1,False,280,0,0,23,1,1,11.3,2,0.01,0.01,0.00,1.16,0,0,1.7,False,5.8,69,0,0,0,True,3,0,0,1,1,0.0,6,0
1,False,281,0,0,4,0,2,0.0,3,0.00,0.05,0.05,0.67,0,0,0.3,False,2.2,20,0,0,0,True,2,0,0,0,1,1.0,1,0
1,False,282,0,0,24,1,5,18.8,6,0.07,0.09,0.02,1.76,0,0,3.7,False,13.8,84,0,0,0,True,1,0,0,1,1,4.0,6,0
1,False,285,0,0,3,0,2,0.0,2,0.00,0.00,0.00,0.96,0,0,0.4,False,4.2,26,0,0,0,True,1,0,0,0,0,0.0,1,0
1,False,286,0,0,8,1,3,2.2,10,0.03,0.08,0.05,1.83,0,0,2.0,False,10.6,90,0,0,0,True,3,0,0,1,4,7.0,3,0
1,False,287,0,0,2,0,1,0.3,3,0.00,0.00,0.00,0.67,0,0,0.4,False,2.0,19,0,0,0,True,1,0,0,0,1,2.0,0,1
1,False,289,0,0,9,1,4,2.4,9,0.00,0.00,0.00,1.83,0,0,2.1,False,19.0,90,0,0,0,True,1,0,0,1,4,0.0,2,1
1,False,290,1,0,20,1,0,19.3,3,0.44,0.44,0.00,1.83,0,0,3.8,False,18.4,90,0,0,0,True,2,0,0,1,1,0.0,6,0
1,False,295,1,0,21,1,3,21.1,5,0.01,0.17,0.16,1.83,0,0,9.0,False,17.2,90,0,0,0,True,2,0,0,1,0,52.0,5,0
1,False,304,0,0,16,0,16,24.5,18,0.16,0.16,0.00,0.66,1,0,7.5,False,48.0,90,0,0,0,True,6,0,0,1,2,2.0,4,0
1,False,305,0,0,10,0,7,2.3,7,0.01,0.01,0.00,0.66,1,0,1.8,False,15.2,90,0,0,0,True,4,0,0,1,0,0.0,2,0
1,False,306,0,0,12,0,4,1.3,7,0.00,0.00,0.00,0.66,1,0,1.8,False,16.4,90,0,0,0,True,1,0,0,1,3,0.0,2,0
1,False,309,0,0,26,0,4,7.3,12,0.03,0.06,0.03,0.63,1,0,2.4,False,13.0,79,0,0,0,True,6,0,0,1,2,4.0,4,0
1,False,313,0,1,27,0,0,0.6,2,0.00,0.10,0.10,0.03,0,1,5.2,False,33.6,19,0,0,0,True,1,0,0,0,1,18.0,7,0
1,False,315,0,0,22,0,1,28.4,7,0.41,0.41,0.00,0.63,1,0,5.5,False,18.6,65,0,0,0,True,2,0,0,1,4,8.0,2,0
1,False,316,0,3,41,0,1,26.3,3,0.06,0.88,0.82,0.63,1,1,11.2,False,45.6,65,0,0,0,True,1,0,0,1,1,40.0,9,0
1,False,320,0,0,3,0,0,0.0,3,0.00,0.00,0.00,0.03,0,0,0.3,False,1.4,24,0,0,0,True,2,0,0,0,1,2.0,1,0
1,False,321,0,0,3,0,0,0.1,0,0.00,0.00,0.00,0.03,0,0,0.0,False,0.0,10,0,0,0,True,0,0,0,0,0,0.0,1,0
1,False,323,0,0,4,0,0,1.3,3,0.00,0.00,0.00,0.03,0,0,0.3,False,1.2,24,0,0,0,True,2,0,0,0,1,0.0,1,0
1,False,327,0,2,28,1,11,0.4,12,0.00,0.11,0.11,0.66,0,0,3.9,False,23.6,90,0,0,0,True,5,0,0,1,1,15.0,10,0
1,False,329,0,0,21,1,6,14.4,7,0.06,0.09,0.03,0.66,0,0,3.4,False,14.4,90,0,0,0,True,1,0,0,1,1,5.0,6,0
1,False,330,0,0,24,1,2,1.1,3,0.00,0.00,0.00,0.66,0,0,0.8,False,7.0,90,0,0,0,True,3,0,0,1,1,0.0,6,0
1,False,332,0,2,28,1,6,2.3,12,0.01,0.01,0.00,0.66,0,0,2.9,False,24.6,90,0,0,0,True,4,0,0,1,6,2.0,10,0
1,False,334,0,0,25,1,7,0.6,7,0.00,0.09,0.09,0.66,0,0,3.3,False,15.6,90,0,0,0,True,1,0,0,1,0,17.0,6,0
1,False,335,0,3,37,1,8,2.3,16,0.05,0.15,0.10,0.66,0,1,6.6,True,47.8,90,0,0,0,True,5,0,0,1,3,16.0,13,0
1,False,336,0,0,10,0,1,14.0,5,0.16,0.16,0.00,0.13,0,0,2.8,False,10.0,24,0,0,0,True,2,0,0,0,2,4.0,1,0
1,False,337,0,0,16,1,0,1.1,7,0.01,0.02,0.01,0.58,0,0,1.6,False,8.0,81,0,0,0,True,6,0,0,1,1,7.0,3,0
1,False,338,0,0,18,1,6,23.3,13,0.04,0.04,0.00,0.66,0,0,4.2,False,18.6,90,0,0,0,True,5,0,0,1,2,0.0,5,0
1,False,339,0,0,3,0,0,0.2,0,0.00,0.00,0.00,0.07,0,0,0.0,False,0.0,8,0,0,0,True,0,0,0,0,0,0.0,1,0
1,False,346,0,0,-2,1,0,0.8,2,0.00,0.13,0.13,0.66,0,0,0.7,False,0.0,90,0,0,0,True,2,0,0,1,0,11.0,1,1
1,False,350,0,0,7,0,2,0.0,0,0.00,0.00,0.00,1.58,2,0,1.8,False,17.8,90,0,0,0,True,6,0,3,1,0,0.0,2,0
1,False,356,0,0,8,0,9,1.6,11,0.01,0.26,0.25,1.58,2,0,5.1,False,25.6,90,0,0,0,True,6,0,0,1,2,24.0,2,1
1,False,357,0,0,3,0,1,37.8,2,0.09,0.10,0.01,1.58,2,0,6.1,False,13.6,90,0,0,0,True,3,0,0,1,1,10.0,0,1
1,False,358,0,0,3,0,4,13.8,7,0.02,0.04,0.02,1.58,2,0,4.4,False,18.0,90,0,0,0,True,3,0,0,1,3,12.0,0,1
1,False,362,0,0,9,0,2,11.9,3,0.02,0.02,0.00,1.04,2,0,2.4,False,12.4,69,0,0,0,True,3,0,0,1,1,0.0,1,0
1,False,366,0,0,16,0,0,17.9,5,0.04,0.30,0.26,0.51,2,0,5.7,False,9.8,62,0,0,0,True,4,0,0,1,1,29.0,2,0
1,False,367,0,3,33,0,4,34.0,12,0.15,0.45,0.30,1.58,2,1,11.5,True,44.0,90,0,0,0,True,5,0,0,1,3,37.0,12,0
1,False,368,0,1,29,0,2,47.1,7,0.27,1.12,0.85,1.58,2,1,11.9,False,50.4,90,0,0,0,True,4,0,0,1,1,21.0,8,0
1,False,369,0,0,9,0,0,6.0,3,0.02,0.06,0.04,0.51,2,0,1.3,False,2.4,62,0,0,0,True,2,0,0,1,1,5.0,2,0
1,False,371,1,0,26,0,2,16.0,11,0.05,0.11,0.06,1.10,2,0,4.4,False,24.4,77,0,0,0,True,8,0,0,1,1,4.0,5,0
1,False,372,0,0,9,0,0,1.4,3,0.01,0.01,0.00,1.07,0,0,0.7,False,5.8,27,0,0,0,True,1,0,0,0,2,0.0,1,0
1,False,377,1,0,15,0,0,8.9,0,0.04,0.14,0.10,1.07,0,0,2.7,False,4.0,27,0,0,0,True,0,0,0,0,0,14.0,4,0
1,False,379,0,0,6,0,1,14.6,1,0.01,1.10,1.09,1.58,2,0,9.2,False,11.4,90,0,0,0,True,0,0,0,1,0,66.0,2,0
1,False,381,0,0,4,0,0,0.5,1,0.00,0.03,0.03,0.48,0,0,0.9,False,1.2,12,0,0,0,True,1,0,0,0,0,7.0,1,0
1,False,384,0,0,12,0,1,0.0,0,0.00,0.00,0.00,0.65,1,0,2.7,False,26.8,90,0,0,0,True,4,0,3,1,0,0.0,3,0
1,False,385,0,2,28,1,0,0.0,0,0.00,0.00,0.00,0.66,0,0,1.9,False,19.4,90,0,0,0,True,9,0,3,1,0,0.0,9,0
1,False,387,0,0,5,0,1,30.4,2,0.41,0.48,0.07,0.55,1,0,5.0,False,8.8,62,0,0,0,True,5,0,0,1,1,11.0,2,0
1,False,388,0,2,31,0,1,17.5,4,0.32,1.21,0.89,0.65,1,1,8.9,False,43.6,90,0,0,0,True,4,0,0,1,3,28.0,10,0
1,False,389,0,0,4,0,1,1.5,1,0.04,0.04,0.00,0.10,0,0,0.9,False,3.8,33,0,0,0,True,2,0,0,0,0,4.0,1,0
1,False,390,0,0,11,0,6,17.9,6,0.14,0.14,0.00,0.65,1,0,4.4,False,24.4,90,0,0,0,True,8,0,0,1,0,2.0,2,0
1,False,391,0,1,28,0,5,13.3,7,0.05,0.24,0.19,0.65,1,1,7.8,False,47.6,90,0,0,0,True,5,0,0,1,2,17.0,9,0
1,False,393,0,0,14,0,2,3.4,4,0.02,0.02,0.00,0.65,1,0,2.0,False,17.0,90,0,0,0,True,6,0,0,1,2,0.0,2,0
1,False,395,0,0,-1,0,2,3.8,2,0.02,0.19,0.17,0.55,1,0,4.7,False,3.8,56,0,0,0,True,0,0,0,1,0,39.0,1,0
1,False,397,0,0,16,0,0,8.9,5,0.02,0.08,0.06,0.65,1,0,4.6,False,5.8,90,0,0,0,True,4,0,0,1,1,31.0,2,0
1,False,398,0,0,15,0,0,49.6,6,0.40,0.52,0.12,0.65,1,0,7.5,False,10.4,81,0,0,0,True,3,0,0,1,3,15.0,1,1
1,False,399,2,1,28,0,0,48.8,0,0.50,0.50,0.00,0.10,0,0,9.2,False,39.2,27,0,0,0,True,0,0,0,0,0,4.0,8,0
1,False,406,0,0,3,0,0,2.1,2,0.01,0.01,0.00,0.10,0,0,0.4,False,2.2,27,0,0,0,True,2,0,0,0,0,0.0,1,0
1,False,411,0,0,6,0,0,5.2,3,0.02,0.76,0.74,0.65,1,0,5.9,False,3.8,90,0,0,0,True,3,0,0,1,0,50.0,2,0
1,False,412,0,0,7,0,2,0.0,0,0.00,0.00,0.00,1.01,2,0,2.0,False,20.2,90,0,0,0,True,8,0,2,1,0,0.0,1,0
1,False,415,0,0,-11,0,1,1.2,1,0.03,0.50,0.47,0.92,2,0,0.7,False,0.0,45,0,0,0,True,0,0,0,1,0,16.0,0,1
1,False,417,0,0,6,0,1,11.3,3,0.00,0.00,0.00,0.00,0,0,1.9,False,7.6,10,0,0,0,True,1,0,0,0,2,0.0,1,0
1,False,418,0,0,15,0,4,28.6,4,0.40,0.44,0.04,1.01,2,0,7.3,False,25.4,90,0,0,0,True,5,0,0,1,0,19.0,1,0
1,False,421,0,0,5,0,1,2.6,2,0.04,0.16,0.12,1.01,2,0,2.0,False,6.8,90,0,0,0,True,4,0,0,1,1,11.0,1,0
1,False,422,0,0,8,0,4,29.4,5,0.05,0.27,0.22,1.01,2,0,5.6,False,17.4,79,0,0,0,True,3,0,0,1,1,9.0,1,0
1,False,423,0,0,13,0,3,59.2,4,0.26,0.26,0.00,1.01,2,0,9.0,False,25.2,90,0,0,0,True,3,0,0,1,1,6.0,1,0
1,False,426,0,0,18,0,1,55.4,6,0.26,0.34,0.08,1.01,2,0,9.3,False,20.2,90,0,0,0,True,5,0,0,1,0,17.0,2,0
1,False,427,0,0,12,0,0,28.1,4,0.23,0.73,0.50,1.01,2,0,8.7,False,9.6,90,0,0,0,True,4,0,0,1,0,49.0,2,0
1,False,428,0,0,14,0,0,28.2,3,0.21,0.45,0.24,1.01,2,0,6.9,False,5.4,79,0,0,0,True,3,0,0,1,0,35.0,2,0
1,False,429,0,0,9,0,0,48.6,1,0.10,0.10,0.00,0.09,0,0,6.4,False,11.6,45,0,0,0,True,1,0,0,0,0,4.0,1,0
1,False,432,0,0,7,0,0,2.5,1,0.01,0.08,0.07,0.07,0,0,0.7,False,2.8,23,0,0,0,True,1,0,0,0,0,2.0,1,0
1,False,435,0,0,3,0,0,0.6,1,0.00,0.00,0.00,0.00,0,0,0.1,False,0.2,10,0,0,0,True,1,0,0,0,0,0.0,1,0
1,False,439,0,0,2,0,0,0.5,0,0.00,0.04,0.04,0.07,0,0,0.9,False,0.0,23,0,0,0,True,0,0,0,0,0,9.0,1,0
1,False,445,0,0,0,0,15,0.2,15,0.00,0.00,0.00,2.98,2,0,3.8,False,37.8,90,0,0,0,True,2,0,0,1,0,0.0,3,0
1,False,446,0,0,-1,0,0,0.0,0,0.00,0.00,0.00,0.79,1,0,0.0,False,0.0,1,0,0,0,True,0,0,0,0,0,0.0,1,0
1,False,447,0,0,4,0,10,0.3,10,0.01,0.01,0.00,2.98,2,0,3.3,False,32.4,90,0,0,0,True,2,0,0,1,0,0.0,3,0
1,False,449,0,0,8,0,6,15.2,11,0.35,0.35,0.00,2.98,2,0,3.7,False,22.0,90,0,0,0,True,8,0,0,1,5,0.0,3,0
1,False,453,0,0,12,0,3,2.4,8,0.02,0.09,0.07,2.98,2,0,1.7,False,5.2,90,0,0,0,True,4,0,0,1,1,9.0,2,0
1,False,454,0,2,31,0,1,3.5,2,0.01,0.23,0.22,1.94,1,1,6.9,False,37.4,75,0,0,0,True,1,0,0,1,0,28.0,9,0
1,False,455,0,0,14,0,0,6.4,4,0.06,0.10,0.04,3.87,3,0,2.1,False,6.2,90,0,0,0,True,3,0,0,1,1,8.0,2,0
1,False,456,0,0,1,0,3,1.3,6,0.01,0.07,0.06,1.50,1,0,1.3,False,7.8,34,0,0,0,True,1,0,0,0,2,4.0,0,1
1,False,457,0,0,-1,0,1,0.1,2,0.00,0.00,0.00,1.04,1,0,0.1,False,0.0,14,0,0,0,True,1,0,0,0,0,2.0,0,1
1,False,459,0,0,13,0,6,21.4,13,0.01,0.06,0.05,1.94,1,0,4.0,False,15.6,75,0,0,0,True,6,0,0,1,1,3.0,3,1
1,False,460,0,0,28,0,0,13.9,3,0.17,0.26,0.09,1.50,1,1,6.1,False,38.4,34,0,0,0,True,1,0,0,0,2,9.0,6,0
1,False,462,0,0,3,0,0,1.2,2,0.00,0.00,0.00,1.48,1,0,0.2,False,0.4,55,0,0,0,True,2,0,0,1,0,0.0,1,0
1,False,464,1,0,7,0,1,16.3,8,0.02,1.02,1.00,2.19,1,0,6.4,False,20.0,90,0,0,0,True,3,0,0,1,4,28.0,4,1
1,False,465,1,0,18,0,2,13.7,5,0.14,0.20,0.06,1.48,1,0,5.0,False,28.2,55,0,0,0,True,2,0,0,1,1,8.0,4,0
1,False,467,0,0,11,0,0,0.0,0,0.00,0.00,0.00,0.47,1,0,1.4,False,14.2,90,0,0,0,True,9,0,2,1,0,0.0,2,0
1,False,469,0,0,13,0,3,5.8,6,0.02,0.02,0.00,0.47,1,0,2.7,False,15.2,90,0,0,0,True,10,0,0,1,3,6.0,2,0
1,False,471,0,0,4,0,7,0.6,7,0.02,0.13,0.11,0.47,1,0,2.2,False,7.6,90,0,0,0,True,6,0,0,1,0,14.0,2,0
1,False,472,0,0,15,0,12,25.9,14,0.28,0.28,0.00,0.47,1,0,5.8,False,32.2,90,0,0,0,True,3,0,0,1,2,0.0,4,0
1,False,473,0,0,24,1,2,35.6,2,0.17,0.21,0.04,0.34,0,0,6.3,False,16.0,73,0,0,0,True,4,0,0,1,0,11.0,5,1
1,False,474,0,0,5,0,7,1.3,8,0.00,0.00,0.00,0.47,1,0,2.2,False,20.8,90,0,0,0,True,0,0,0,1,1,0.0,1,1
1,False,478,0,0,-2,0,0,0.9,0,0.00,0.00,0.00,0.13,1,0,0.1,False,0.0,16,0,0,0,True,1,0,0,0,0,0.0,1,0
1,False,480,0,0,10,0,1,9.3,3,0.06,0.19,0.13,0.47,1,0,2.4,False,0.0,90,0,0,0,True,2,0,0,1,0,16.0,2,0
1,False,481,0,0,14,0,1,20.8,6,0.25,0.25,0.00,0.55,1,0,2.8,False,7.2,62,0,0,0,True,3,0,0,1,2,0.0,2,0
1,False,483,0,0,5,1,1,2.5,3,0.00,0.00,0.00,0.25,0,0,0.4,False,1.4,61,0,0,0,True,1,0,0,1,1,0.0,3,0
1,False,486,0,0,18,1,2,42.5,8,0.16,0.16,0.00,0.34,0,0,5.4,False,11.6,73,0,0,0,True,5,0,0,1,1,0.0,3,0
1,False,488,0,0,10,0,3,13.0,6,0.01,0.04,0.03,0.47,1,0,3.4,False,17.8,90,0,0,0,True,3,0,0,1,0,3.0,2,0
1,False,490,0,0,3,0,0,2.4,1,0.01,0.13,0.12,0.22,1,0,0.4,False,0.0,28,0,0,0,True,1,0,0,0,0,3.0,1,0
1,False,491,0,0,8,0,2,6.8,3,0.02,0.24,0.22,0.47,1,0,4.3,False,5.2,90,0,0,0,True,1,0,0,1,0,31.0,2,0
1,False,492,0,0,4,0,0,1.4,1,0.00,0.00,0.00,0.29,0,0,0.1,False,0.0,20,0,0,0,True,1,0,0,0,0,0.0,1,0
1,False,493,0,0,3,0,0,0.0,0,0.00,0.00,0.00,0.00,0,0,0.0,False,0.0,1,0,0,0,True,0,0,0,0,0,0.0,1,0
1,False,496,0,0,15,0,4,0.0,0,0.00,0.00,0.00,3.87,3,0,4.4,False,43.6,90,0,0,0,True,12,0,5,1,0,0.0,2,0
1,False,498,0,0,10,0,11,2.2,16,0.02,0.02,0.00,3.87,3,0,3.9,False,36.6,90,0,0,0,True,2,0,0,1,5,0.0,3,0
1,False,502,0,0,13,0,9,19.2,11,0.06,0.06,0.00,3.87,3,0,5.3,False,31.8,90,0,0,0,True,3,0,0,1,2,2.0,3,0
1,False,504,0,0,19,1,4,4.5,4,0.03,0.16,0.13,0.29,0,0,2.9,False,12.4,90,0,0,0,True,2,0,0,1,0,12.0,6,0
1,False,506,0,0,3,0,0,0.7,0,0.02,0.02,0.00,0.44,0,0,0.0,False,0.0,4,0,0,0,True,2,0,0,0,0,0.0,1,0
1,False,514,0,0,17,0,1,26.0,8,0.06,0.12,0.06,3.87,3,0,4.5,False,10.4,90,0,0,0,True,7,0,0,1,0,9.0,2,0
1,False,515,0,0,6,0,1,8.3,2,0.01,0.01,0.00,0.85,0,0,2.1,False,4.4,22,0,0,0,True,1,0,0,0,0,8.0,1,0
1,False,516,0,0,8,0,0,14.7,5,0.01,0.01,0.00,2.18,1,0,1.7,False,2.0,45,0,0,0,True,2,0,0,0,3,0.0,1,0
1,False,519,0,0,1,0,0,5.5,3,0.06,0.08,0.02,1.70,2,0,0.5,False,0.0,45,0,0,0,True,2,0,0,1,1,1.0,0,1
1,False,520,0,0,2,0,0,2.0,8,0.01,0.01,0.00,1.70,2,0,0.0,False,0.0,45,0,0,0,True,7,0,0,1,1,2.0,1,0
1,False,522,0,0,15,0,2,3.3,5,0.01,0.01,0.00,3.43,3,0,1.0,False,6.2,85,0,0,0,True,2,0,0,1,1,0.0,2,0
1,False,523,0,0,10,0,0,5.9,2,0.02,0.40,0.38,3.02,3,0,7.5,False,14.2,67,0,0,0,True,1,0,0,1,1,55.0,2,0
1,False,525,0,0,16,0,0,27.2,2,0.06,0.06,0.00,2.18,1,0,3.6,False,7.2,45,0,0,0,True,1,0,0,0,1,2.0,1,0
1,False,526,0,0,3,0,0,0.0,0,0.00,0.07,0.07,0.85,0,0,0.5,False,0.0,22,0,0,0,True,0,0,0,0,0,5.0,1,0
1,False,527,0,0,6,0,1,2.2,1,0.00,0.00,0.00,3.02,3,0,0.2,False,0.0,67,0,0,0,True,0,0,0,1,0,0.0,2,0
1,False,529,0,0,7,0,1,0.0,0,0.00,0.00,0.00,1.80,2,0,1.5,False,15.2,90,0,0,0,True,8,0,1,1,0,0.0,1,0
1,False,532,0,0,4,0,7,1.2,9,0.01,0.01,0.00,1.80,2,0,1.9,False,18.2,90,0,0,0,True,0,0,0,1,2,0.0,0,1
1,False,534,0,0,14,0,1,39.4,4,0.27,0.31,0.04,1.69,1,0,6.2,False,9.4,79,0,0,0,True,6,0,0,1,3,13.0,2,0
1,False,535,0,0,2,0,0,0.6,0,0.01,0.01,0.00,0.10,1,0,0.0,False,0.0,23,0,0,0,True,2,0,0,0,0,0.0,1,0
1,False,536,0,0,9,0,5,27.5,8,0.29,0.29,0.00,1.80,2,0,5.5,False,23.0,90,0,0,0,True,5,0,0,1,3,4.0,1,0
1,False,539,0,0,1,0,4,1.4,5,0.01,0.02,0.01,1.69,1,0,1.7,False,11.4,66,0,0,0,True,4,0,0,1,1,4.0,1,1
1,False,541,0,0,5,0,2,5.3,4,0.08,0.16,0.08,1.80,2,0,3.0,False,13.8,90,0,0,0,True,3,0,0,1,2,11.0,1,0
1,False,542,0,0,13,0,0,9.9,2,0.03,0.03,0.00,1.69,1,0,1.5,False,4.6,79,0,0,0,True,1,0,0,1,1,0.0,2,0
1,False,543,0,0,3,0,0,0.6,0,0.00,0.03,0.03,0.10,1,0,0.3,False,0.4,10,0,0,0,True,0,0,0,0,0,2.0,1,0
1,False,544,1,2,31,0,2,31.4,13,0.09,0.09,0.00,1.80,2,0,5.0,False,18.8,90,0,0,0,True,8,0,0,1,3,0.0,9,0
1,False,545,0,0,18,0,0,32.1,2,0.03,0.09,0.06,1.80,2,0,7.2,False,14.6,90,0,0,0,True,2,0,0,1,0,25.0,2,0
1,False,548,0,0,3,0,0,0.3,1,0.00,0.00,0.00,0.10,1,0,0.0,False,0.0,10,0,0,0,True,1,0,0,0,0,0.0,1,0
1,False,549,0,0,1,0,0,0.9,2,0.00,0.00,0.00,0.14,1,0,0.0,False,0.0,31,0,0,0,True,2,0,0,0,0,0.0,1,0
1,False,551,0,0,23,0,1,3.3,7,0.01,0.16,0.15,1.66,1,1,5.2,False,32.8,58,0,0,0,True,5,0,0,1,1,16.0,5,1
1,False,552,0,0,1,0,0,1.5,0,0.00,0.30,0.30,1.69,1,0,1.1,False,0.0,66,0,0,0,True,0,0,0,1,0,9.0,2,0
1,False,553,0,0,3,0,0,0.2,0,0.00,0.00,0.00,0.10,1,0,0.0,False,0.0,23,0,0,0,True,0,0,0,0,0,0.0,1,0
1,False,556,0,0,3,0,0,0.0,0,0.00,0.00,0.00,0.07,0,0,0.0,False,0.4,5,0,0,0,True,1,0,0,0,0,0.0,1,0
1,False,557,1,0,30,1,2,39.8,6,0.14,0.33,0.19,0.06,0,0,8.7,False,17.0,75,0,0,0,True,3,0,0,1,1,30.0,6,0
1,False,558,0,0,3,0,0,1.0,1,0.00,0.00,0.00,0.13,1,0,0.4,False,0.6,16,0,0,0,True,1,0,0,0,0,2.0,1,0
1,False,559,0,0,5,0,1,0.0,2,0.00,0.00,0.00,1.04,1,0,0.4,False,4.0,14,0,0,0,True,0,0,0,0,1,0.0,1,0
1,False,562,0,0,7,0,3,1.4,9,0.00,0.61,0.61,0.63,1,0,2.1,False,12.6,79,0,0,0,True,2,0,0,1,4,7.0,2,0
1,False,564,0,0,12,0,1,0.0,0,0.00,0.00,0.00,0.66,1,0,1.4,False,14.4,90,0,0,0,True,10,0,2,1,0,0.0,2,0
1,False,565,2,3,41,1,4,21.8,13,0.33,0.38,0.05,0.47,0,0,7.4,True,31.6,75,0,0,0,True,7,0,0,1,2,21.0,14,0
1,False,566,0,0,5,0,13,0.3,13,0.00,0.00,0.00,2.25,2,0,3.2,False,31.4,90,0,0,0,True,1,0,0,1,0,0.0,2,1
1,False,567,0,0,12,0,3,0.0,0,0.00,0.00,0.00,2.98,2,0,4.1,False,41.2,90,0,0,0,True,5,0,5,1,0,0.0,1,1
1,False,569,0,0,33,0,0,4.3,2,0.01,0.74,0.73,2.24,3,1,8.2,False,37.2,90,0,0,0,True,1,0,0,1,1,40.0,6,0
1,False,570,0,0,10,0,0,7.3,4,0.01,0.17,0.16,2.21,3,0,1.8,False,2.8,72,0,0,0,True,2,0,0,1,2,8.0,2,0
1,False,572,0,3,41,1,0,0.0,0,0.00,0.00,0.00,1.83,0,0,3.5,True,34.6,90,0,0,0,True,22,0,5,1,0,0.0,10,0
1,False,575,0,0,2,0,0,3.1,3,0.00,0.00,0.00,1.56,3,0,0.0,False,0.0,61,0,0,0,True,3,0,0,1,0,0.0,1,1
1,False,576,0,0,11,1,1,4.8,6,0.03,0.03,0.00,1.16,0,0,1.3,False,8.4,70,0,0,0,True,2,0,0,1,3,0.0,3,0
1,False,577,0,0,3,0,1,2.4,1,0.01,0.01,0.00,0.14,0,0,0.5,False,2.4,18,0,0,0,True,1,0,0,0,0,0.0,1,0
1,False,579,0,0,3,0,3,1.2,4,0.03,0.03,0.00,0.54,0,0,1.4,False,13.2,20,0,0,0,True,1,0,0,0,1,0.0,1,0
1,False,580,0,0,5,0,0,1.3,3,0.00,0.00,0.00,0.03,0,0,0.5,False,3.4,23,0,0,0,True,2,0,0,0,1,0.0,1,0
1,False,583,0,0,3,0,1,0.2,1,0.00,0.00,0.00,0.28,0,0,0.5,False,2.4,25,0,0,0,True,1,0,0,0,0,2.0,1,0
1,False,584,0,0,3,0,0,0.3,1,0.00,0.00,0.00,0.13,0,0,0.1,False,0.4,8,0,0,0,True,1,0,0,0,0,0.0,1,0
1,False,585,0,0,4,0,4,0.0,4,0.00,0.00,0.00,0.96,0,0,0.8,False,8.0,26,0,0,0,True,0,0,0,0,0,0.0,1,0
1,False,586,0,1,35,1,13,0.6,13,0.00,0.28,0.28,0.86,0,1,8.5,True,51.8,63,0,0,0,True,2,0,0,1,0,33.0,15,0
1,False,588,0,0,12,0,5,26.5,9,0.16,0.16,0.00,0.27,0,0,5.5,False,24.0,35,0,0,0,True,3,0,0,0,4,4.0,1,0
1,False,591,1,0,24,0,2,14.0,8,0.31,0.54,0.23,0.63,1,0,5.4,False,21.6,70,0,0,0,True,5,0,0,1,1,18.0,5,0
1,False,592,0,0,4,0,2,10.0,2,0.00,0.00,0.00,0.03,0,0,1.5,False,5.2,10,0,0,0,True,0,0,0,0,0,0.0,1,0
1,False,593,0,0,-1,0,7,1.2,9,0.00,0.03,0.03,2.98,2,0,2.3,False,16.4,90,0,0,0,True,2,0,0,1,2,5.0,1,0
1,False,596,0,0,3,0,0,0.0,2,0.00,0.00,0.00,0.14,0,0,0.4,False,4.0,8,0,0,0,True,0,0,0,0,2,0.0,1,0
1,False,600,0,0,7,0,0,15.4,2,0.05,0.05,0.00,0.00,0,0,2.4,False,4.2,12,0,0,0,True,2,0,0,0,0,4.0,1,0
1,False,605,0,0,3,0,0,2.7,0,0.01,0.01,0.00,0.00,0,0,0.3,False,0.6,4,0,0,0,True,0,0,0,0,0,0.0,1,0
1,False,608,0,0,6,0,0,0.8,1,0.00,0.10,0.10,0.31,2,0,2.1,False,3.4,15,0,0,0,True,1,0,0,0,0,17.0,1,0
2,False,1,0,0,21,1,1,0.0,0,0.00,0.00,0.00,0.33,0,0,0.6,False,5.6,90,0,0,0,True,11,0,0,1,0,0.0,6,0
2,False,4,0,0,23,1,8,3.2,10,0.02,0.15,0.13,0.33,0,0,2.7,False,18.2,90,0,0,0,True,5,0,0,1,2,6.0,8,0
2,False,7,0,0,15,1,4,3.2,5,0.02,0.09,0.07,0.33,0,0,1.9,False,10.6,70,0,0,0,True,1,0,0,1,0,5.0,3,0
2,False,8,1,2,30,1,2,11.9,3,0.46,0.57,0.11,0.33,0,0,4.2,True,21.2,90,0,0,0,True,4,0,0,1,1,9.0,11,0
2,False,10,0,1,26,1,3,20.3,4,0.05,0.05,0.00,0.33,0,0,3.7,False,16.4,90,0,0,0,True,2,0,0,1,1,0.0,7,0
2,False,11,0,0,25,1,4,1.4,4,0.01,0.01,0.00,0.33,0,0,1.2,False,10.2,78,0,0,0,True,0,0,0,1,0,0.0,6,0
2,False,12,0,3,46,1,3,8.0,11,0.04,0.67,0.63,0.33,0,1,9.3,False,41.0,90,0,0,0,True,6,0,0,1,2,44.0,11,0
2,False,13,0,0,19,1,2,27.6,12,0.10,0.10,0.00,0.33,0,0,5.2,False,24.0,84,0,0,0,True,7,0,0,1,3,0.0,5,0
2,False,14,0,0,6,0,0,2.0,3,0.07,0.07,0.00,0.24,0,0,0.6,False,1.6,45,0,0,0,True,3,0,0,0,0,2.0,1,0
2,False,15,0,0,13,1,2,6.8,5,0.07,0.15,0.08,0.33,0,0,1.9,False,6.8,70,0,0,0,True,1,0,0,1,2,5.0,3,0
2,False,17,0,0,7,0,0,1.0,4,0.00,0.00,0.00,0.00,0,0,0.4,False,2.8,19,0,0,0,True,4,0,0,0,0,0.0,1,0
2,False,19,0,0,5,0,0,0.9,2,0.00,0.00,0.00,0.00,0,0,0.6,False,4.8,5,0,0,0,True,0,0,0,0,2,0.0,1,0
2,False,26,0,0,5,1,0,3.4,5,0.03,0.05,0.02,0.33,0,0,2.9,False,2.4,90,0,0,0,True,5,0,0,1,0,23.0,2,0
2,False,28,0,0,18,0,1,20.0,0,0.01,0.01,0.00,1.41,3,0,5.6,False,36.2,90,0,0,0,True,13,0,4,1,0,0.0,2,0
2,False,31,0,0,3,0,1,0.1,1,0.00,0.00,0.00,0.00,0,0,0.3,False,3.2,11,0,0,0,True,0,0,0,0,0,0.0,1,0
2,False,32,0,0,8,0,2,1.8,6,0.01,0.16,0.15,1.04,1,0,2.3,False,14.0,77,0,0,0,True,1,0,0,1,4,7.0,2,0
2,False,34,0,0,6,0,3,0.8,4,0.01,0.01,0.00,1.04,1,0,1.2,False,11.0,90,0,0,0,True,8,0,0,1,1,0.0,2,0
2,False,36,0,0,-5,0,5,0.5,8,0.00,0.07,0.07,1.04,1,0,1.7,False,4.8,90,0,0,0,True,2,0,0,1,3,12.0,1,1
2,False,37,0,0,10,0,6,1.2,7,0.08,0.08,0.00,1.04,1,0,1.6,False,15.0,90,0,0,0,True,1,0,0,1,1,0.0,2,0
2,False,40,1,0,28,0,1,46.5,5,1.01,1.15,0.14,1.41,3,0,9.6,False,26.8,90,0,0,0,True,3,0,0,1,1,23.0,5,0
2,False,41,0,0,9,0,0,13.2,5,0.02,0.06,0.04,1.04,1,0,2.7,False,5.0,90,0,0,0,True,4,0,0,1,1,9.0,2,0
2,False,42,0,0,3,0,1,0.3,1,0.01,0.01,0.00,0.20,1,0,0.3,False,2.2,27,0,0,0,True,0,0,0,0,0,0.0,1,0
2,False,43,0,0,26,0,4,46.3,13,0.11,0.58,0.47,2.06,2,0,10.0,False,33.2,90,0,0,0,True,7,0,0,1,2,20.0,4,0
2,False,45,0,0,2,0,1,12.0,4,0.05,0.10,0.05,1.04,1,0,1.7,False,0.0,90,0,0,0,True,2,0,0,1,1,10.0,1,1
2,False,46,0,0,23,0,1,23.3,10,0.02,0.05,0.03,1.04,1,0,3.8,False,12.8,77,0,0,0,True,6,0,0,1,3,2.0,2,0
2,False,47,0,0,13,0,3,14.2,8,0.03,0.03,0.00,1.04,1,0,2.5,False,10.6,90,0,0,0,True,4,0,0,1,1,0.0,2,0
2,False,51,0,0,5,0,0,4.3,6,0.01,0.01,0.00,1.01,1,0,0.6,False,1.8,70,0,0,0,True,4,0,0,1,2,0.0,2,0
2,False,52,0,0,2,0,0,0.8,2,0.00,0.00,0.00,0.02,0,0,0.4,False,1.2,19,0,0,0,True,1,0,0,0,1,2.0,0,1
2,False,56,0,0,3,0,0,1.3,0,0.00,0.00,0.00,0.02,0,0,0.1,False,0.0,19,0,0,0,True,0,0,0,0,0,0.0,1,0
2,False,57,0,0,20,0,3,0.0,0,0.00,0.00,0.00,1.84,1,0,3.4,False,33.8,90,0,0,0,True,8,0,5,1,0,0.0,3,0
2,False,60,0,0,19,0,9,21.0,12,0.74,0.74,0.00,1.84,1,0,5.1,False,25.6,90,0,0,0,True,3,0,0,1,3,4.0,4,0
2,False,61,0,2,27,0,7,23.7,9,0.07,0.07,0.00,1.84,1,0,5.6,False,27.8,90,0,0,0,True,6,0,0,1,2,4.0,4,0
2,False,64,0,0,5,0,4,15.7,6,0.02,0.02,0.00,1.84,1,0,3.1,False,15.6,90,0,0,0,True,0,0,0,1,2,0.0,1,1
2,False,67,0,0,4,0,1,3.5,5,0.02,0.42,0.40,1.84,1,0,5.6,False,8.6,90,0,0,0,True,3,0,0,1,1,44.0,2,0
2,False,68,0,0,20,0,1,38.3,11,0.21,0.30,0.09,1.84,1,0,6.4,False,15.0,90,0,0,0,True,6,0,0,1,4,11.0,1,1
2,False,69,0,3,39,1,3,32.1,15,0.27,0.53,0.26,1.71,0,1,10.1,True,47.6,86,0,0,0,True,9,0,0,1,3,21.0,12,1
2,False,70,0,0,12,1,0,26.9,5,0.05,0.66,0.61,1.67,0,0,9.5,False,11.2,80,0,0,0,True,5,0,0,1,0,57.0,3,0
2,False,71,0,0,13,1,0,12.8,2,0.01,0.01,0.00,1.67,0,0,1.7,False,3.8,68,0,0,0,True,2,0,0,1,0,0.0,3,0
2,False,73,0,0,4,0,0,1.3,3,0.00,0.00,0.00,0.16,1,0,0.3,False,1.6,21,0,0,0,True,3,0,0,0,0,0.0,1,0
2,False,74,0,0,3,0,0,1.6,0,0.01,0.01,0.00,0.16,1,0,0.1,False,0.0,9,0,0,0,True,0,0,0,0,0,0.0,1,0
2,False,75,0,0,5,0,0,0.3,2,0.00,0.00,0.00,0.13,1,0,0.3,False,2.8,3,0,0,0,True,1,0,0,0,1,0.0,1,0
2,False,79,1,0,11,1,1,22.2,3,0.04,0.62,0.58,1.67,0,0,5.9,False,15.0,80,0,0,0,True,2,0,0,1,0,22.0,5,0
2,False,81,0,0,4,0,0,0.0,1,0.00,0.00,0.00,0.16,1,0,0.0,False,0.0,9,0,0,0,True,1,0,0,0,0,0.0,1,0
2,False,82,0,0,7,0,2,0.0,0,0.00,0.00,0.00,1.46,1,0,0.9,False,9.4,90,0,0,0,True,4,0,1,1,0,0.0,2,0
2,False,84,0,0,14,0,11,0.9,13,0.01,0.18,0.17,1.46,1,0,6.3,False,28.0,90,0,0,0,True,8,0,0,1,2,34.0,3,1
2,False,86,1,1,29,0,3,31.6,11,0.13,0.15,0.02,1.46,1,0,7.2,False,38.4,87,0,0,0,True,6,0,0,1,2,2.0,6,0
2,False,87,0,0,7,0,17,21.0,17,0.01,0.01,0.00,1.46,1,0,6.1,False,37.8,90,0,0,0,True,2,0,0,1,0,2.0,3,1
2,False,88,0,0,9,0,3,16.0,4,0.21,0.23,0.02,1.46,1,0,3.8,False,14.4,87,0,0,0,True,4,0,0,1,1,8.0,2,0
2,False,89,0,0,3,0,0,0.0,0,0.00,0.00,0.00,0.00,0,0,0.0,False,0.0,2,0,0,0,True,0,0,0,0,0,0.0,1,0
2,False,90,0,0,6,0,0,4.1,1,0.02,0.02,0.00,0.00,0,0,0.8,False,4.0,2,0,0,0,True,0,0,0,0,1,0.0,1,0
2,False,91,0,0,-1,0,2,0.7,2,0.00,0.00,0.00,0.54,1,0,0.5,False,3.8,12,0,0,0,True,0,0,0,0,0,0.0,1,0
2,False,94,0,3,34,0,3,11.1,9,0.02,0.27,0.25,1.46,1,1,9.1,False,45.6,87,0,0,0,True,4,0,0,1,2,34.0,10,0
2,False,95,0,0,16,0,3,15.5,7,0.08,0.10,0.02,1.36,1,0,3.3,False,15.4,29,0,0,0,True,3,0,0,0,1,2.0,1,0
2,False,96,0,0,20,1,2,32.4,9,0.13,0.16,0.03,0.13,0,0,7.4,False,16.6,68,0,0,0,True,5,0,0,1,2,25.0,3,0
2,False,98,0,0,11,0,5,35.4,10,0.14,0.14,0.00,1.46,1,0,5.6,False,16.4,90,0,0,0,True,2,0,0,1,3,4.0,1,1
2,False,102,0,0,4,0,0,12.5,0,0.01,0.01,0.00,1.32,1,0,2.0,False,3.0,21,0,0,0,True,0,0,0,0,0,4.0,1,0
2,False,105,0,0,4,1,0,25.9,1,0.06,0.17,0.11,0.09,0,0,4.4,False,3.2,60,0,0,0,True,1,0,0,1,0,15.0,2,1
2,False,106,0,0,2,0,0,6.2,4,0.01,0.81,0.80,1.46,1,0,6.4,False,2.4,90,0,0,0,True,3,0,0,1,1,55.0,2,0
2,False,108,0,0,3,0,0,0.1,1,0.00,0.04,0.04,0.00,0,0,0.7,False,0.0,2,0,0,0,True,1,0,0,0,0,7.0,1,0
2,False,109,0,0,-1,0,0,0.0,0,0.00,0.00,0.00,2.93,4,0,1.0,False,10.2,90,0,0,0,True,14,0,1,1,0,0.0,0,0
2,False,110,0,0,10,0,1,0.0,0,0.00,0.00,0.00,0.72,1,0,1.1,False,10.6,90,0,0,0,True,13,0,1,1,0,0.0,2,0
2,False,112,0,0,9,0,6,13.7,8,0.03,0.14,0.11,0.72,2,0,7.3,False,26.6,90,0,0,0,True,4,0,0,1,2,33.0,1,0
2,False,113,0,0,-4,0,0,16.7,0,0.01,0.03,0.02,2.93,4,0,2.8,False,2.8,90,0,0,0,True,2,0,0,1,0,8.0,0,0
2,False,114,0,0,-2,0,3,26.6,3,0.11,0.16,0.05,2.93,4,0,5.4,False,16.8,90,0,0,0,True,2,0,0,1,0,11.0,-1,1
2,False,115,0,0,-2,0,2,23.7,2,0.05,0.08,0.03,2.93,4,0,3.8,False,8.8,90,0,0,0,True,3,0,0,1,0,5.0,0,0
2,False,116,0,0,-4,0,2,2.0,3,0.01,0.01,0.00,2.93,4,0,1.7,False,14.8,90,0,0,0,True,4,0,0,1,1,0.0,-1,1
2,False,119,0,0,-1,0,0,0.3,0,0.00,0.00,0.00,0.04,0,0,0.0,False,0.0,10,0,0,0,True,0,0,0,0,0,0.0,0,1
2,False,124,1,3,46,0,2,33.2,6,0.11,0.16,0.05,2.93,4,1,10.4,True,47.8,90,0,0,0,True,3,0,0,1,1,23.0,13,0
2,False,127,1,0,15,0,1,20.3,5,0.17,0.55,0.38,2.93,4,0,6.7,False,4.6,90,0,0,0,True,2,0,0,1,2,42.0,5,0
2,False,130,0,0,6,0,7,9.2,7,0.08,0.11,0.03,2.89,4,0,3.4,False,20.4,79,0,0,0,True,4,0,0,1,0,4.0,0,0
2,False,138,1,0,17,0,0,15.1,6,0.02,0.19,0.17,2.89,4,0,3.7,False,5.0,79,0,0,0,True,6,0,0,1,0,17.0,5,0
2,False,142,0,0,-1,0,0,0.4,0,0.00,0.00,0.00,0.14,1,0,0.3,False,0.4,22,0,0,0,True,1,0,0,0,0,2.0,1,0
2,False,144,0,0,-1,0,4,0.7,5,0.01,0.01,0.00,1.41,3,0,0.9,False,7.8,90,0,0,0,True,3,0,0,1,1,0.0,1,0
2,False,145,0,0,-2,0,9,0.9,9,0.01,0.01,0.00,1.26,2,0,2.0,False,19.4,67,0,0,0,True,0,0,0,1,0,0.0,0,1
2,False,148,1,0,12,0,4,20.7,6,0.06,0.06,0.00,1.41,3,0,5.1,False,30.0,90,0,0,0,True,3,0,0,1,2,0.0,4,0
2,False,149,0,0,2,0,8,0.4,9,0.00,0.00,0.00,1.31,2,0,1.4,False,13.2,71,0,0,0,True,2,0,0,1,1,0.0,1,0
2,False,151,0,0,-1,0,2,0.1,3,0.00,0.00,0.00,0.14,1,0,0.6,False,6.2,22,0,0,0,True,0,0,0,0,1,0.0,1,0
2,False,153,0,0,-2,0,0,0.0,1,0.00,0.00,0.00,0.20,1,0,0.1,False,1.2,16,0,0,0,True,1,0,0,0,1,0.0,1,0
2,False,154,0,0,28,0,2,25.3,8,0.13,0.79,0.66,1.41,3,1,9.2,False,40.8,90,0,0,0,True,4,0,0,1,2,26.0,7,0
2,False,156,0,0,32,0,3,25.6,4,0.33,0.74,0.41,1.26,2,1,10.9,False,45.2,67,0,0,0,True,1,0,0,1,0,38.0,7,0
2,False,159,0,0,3,0,0,0.1,0,0.00,0.00,0.00,0.07,0,0,0.0,False,0.0,13,0,0,0,True,0,0,0,0,0,0.0,1,0
2,False,160,0,0,3,0,0,2.0,2,0.00,0.00,0.00,0.00,0,0,0.2,False,0.2,12,0,0,0,True,2,0,0,0,0,0.0,1,0
2,False,161,0,0,32,0,3,0.8,7,0.00,0.54,0.54,1.26,2,1,7.3,False,39.0,67,0,0,0,True,3,0,0,1,1,33.0,7,0
2,False,162,0,0,2,0,0,0.7,5,0.00,0.00,0.00,1.00,1,0,0.7,False,6.2,10,0,0,0,True,2,0,0,0,3,0.0,1,0
2,False,165,1,2,44,0,0,22.5,3,0.04,1.27,1.23,1.41,3,1,12.1,False,52.8,90,1,0,0,True,2,0,0,1,1,46.0,9,0
2,False,166,0,0,11,0,0,5.9,3,0.10,0.10,0.00,1.01,1,0,1.2,False,4.2,70,0,0,0,True,3,0,0,1,0,2.0,2,0
2,False,167,0,0,9,0,0,10.1,0,0.00,0.07,0.07,0.33,1,0,2.1,False,4.0,24,0,0,0,True,0,0,0,0,0,7.0,1,0
2,False,173,0,2,28,1,9,0.7,9,0.01,0.01,0.00,0.18,0,0,1.8,False,17.0,77,0,0,0,True,6,0,0,1,0,0.0,8,0
2,False,175,0,0,15,0,1,33.9,2,0.19,0.19,0.00,0.72,1,0,5.5,False,15.4,90,0,0,0,True,3,0,0,1,1,6.0,2,0
2,False,176,0,0,15,0,1,7.3,3,0.05,0.23,0.18,0.72,1,0,4.0,False,15.2,90,0,0,0,True,3,0,0,1,2,17.0,2,0
2,False,182,0,0,4,0,4,2.1,4,0.04,0.06,0.02,0.72,1,0,1.9,False,11.4,90,0,0,0,True,1,0,0,1,0,5.0,1,1
2,False,183,0,0,12,1,1,27.7,6,0.09,0.15,0.06,0.02,0,0,3.9,False,6.8,70,0,0,0,True,4,0,0,1,1,4.0,3,0
2,False,184,0,0,14,0,1,20.9,10,0.04,0.05,0.01,0.72,1,0,3.7,False,14.2,90,0,0,0,True,9,0,0,1,0,2.0,2,0
2,False,185,0,0,8,0,0,5.9,4,0.02,0.04,0.02,0.69,1,0,1.9,False,6.2,31,0,0,0,True,2,0,0,0,2,7.0,1,0
2,False,186,0,0,4,0,2,16.0,4,0.06,0.06,0.00,0.02,0,0,2.0,False,4.2,57,0,0,0,True,2,0,0,1,0,0.0,1,0
2,False,188,0,0,2,0,0,3.6,2,0.01,0.01,0.00,0.69,1,0,0.3,False,0.0,19,0,0,0,True,2,0,0,0,0,0.0,1,0
2,False,190,0,0,7,0,2,18.5,6,0.13,0.18,0.05,0.02,0,0,3.1,False,7.0,58,0,0,0,True,3,0,0,1,1,5.0,1,0
2,False,194,0,0,5,0,0,2.0,2,0.00,0.00,0.00,0.69,1,0,0.5,False,1.2,32,0,0,0,True,2,0,0,0,0,2.0,1,0
2,False,198,0,0,4,0,2,0.0,0,0.00,0.00,0.00,2.21,4,0,3.0,False,30.2,90,0,0,0,True,11,0,4,1,0,0.0,1,0
2,False,200,0,0,-3,0,8,0.1,9,0.00,0.02,0.02,1.41,3,0,1.9,False,13.0,90,0,0,0,True,1,0,0,1,1,6.0,1,0
2,False,202,0,0,-4,0,4,0.1,6,0.00,0.04,0.04,2.21,4,0,3.2,False,15.0,90,0,0,0,True,2,0,0,1,2,17.0,0,0
2,False,203,0,0,-1,0,6,0.5,7,0.00,0.00,0.00,2.21,4,0,2.3,False,22.8,90,0,0,0,True,1,0,0,1,1,0.0,0,0
2,False,204,0,0,-8,0,3,21.6,5,0.16,0.27,0.11,2.21,4,0,4.0,False,11.6,90,0,0,0,True,1,0,0,1,2,7.0,0,0
2,False,207,0,0,1,0,0,0.1,1,0.00,0.00,0.00,0.20,1,0,0.2,False,2.2,15,0,0,0,True,0,0,0,0,1,0.0,1,0
2,False,209,0,0,1,0,0,0.0,2,0.00,0.00,0.00,1.58,0,0,0.1,False,1.2,28,0,0,0,True,1,0,0,0,1,0.0,1,0
2,False,210,0,0,21,0,0,24.7,7,0.07,0.07,0.00,2.21,4,0,4.1,False,16.2,90,0,0,0,True,3,0,0,1,4,0.0,2,0
2,False,211,1,0,27,0,2,34.2,10,0.07,0.12,0.05,2.01,3,0,5.4,False,10.8,67,0,0,0,True,6,0,0,1,2,9.0,5,0
2,False,214,0,0,21,0,1,2.8,9,0.02,0.07,0.05,2.21,4,0,2.7,False,17.6,90,0,0,0,True,2,0,0,1,6,7.0,2,0
2,False,222,0,0,13,0,2,0.3,4,0.00,0.05,0.05,2.01,3,0,1.0,False,5.2,62,0,0,0,True,1,0,0,1,1,4.0,2,0
2,False,224,0,0,8,0,1,10.6,6,0.00,0.36,0.36,2.01,3,0,2.1,False,2.6,67,0,0,0,True,3,0,0,1,2,8.0,2,0
2,False,226,0,0,22,0,4,0.0,0,0.00,0.00,0.00,2.16,1,0,3.2,False,31.6,90,0,0,0,True,11,0,4,1,0,0.0,3,0
2,False,229,0,2,27,0,9,11.3,10,0.01,0.11,0.10,2.16,1,1,8.5,True,54.8,90,0,0,0,True,3,0,0,1,1,19.0,12,0
2,False,230,0,0,6,0,11,1.5,12,0.01,0.10,0.09,2.16,1,0,5.7,False,22.6,90,0,0,0,True,3,0,0,1,1,33.0,4,0
2,False,233,0,0,7,0,11,1.0,12,0.01,0.01,0.00,2.16,1,0,3.8,False,36.8,90,0,0,0,True,7,0,0,1,1,0.0,4,0
2,False,236,0,0,24,0,0,52.3,10,0.16,0.22,0.06,2.16,1,0,8.1,False,19.4,90,0,0,0,True,7,0,0,1,3,9.0,2,0
2,False,237,0,0,16,0,5,14.5,13,0.07,0.09,0.02,2.16,1,0,3.7,False,12.6,90,0,0,0,True,7,0,0,1,1,10.0,4,0
2,False,239,0,0,9,0,0,1.1,10,0.00,0.00,0.00,0.58,1,0,0.5,False,3.4,61,0,0,0,True,7,0,0,1,3,0.0,1,1
2,False,240,0,0,2,0,0,0.0,0,0.00,0.00,0.00,0.00,0,0,0.0,False,0.0,4,0,0,0,True,0,0,0,0,0,0.0,1,0
2,False,241,0,0,2,0,1,0.3,2,0.00,0.00,0.00,0.20,1,0,0.1,False,0.4,22,0,0,0,True,1,0,0,0,0,0.0,1,0
2,False,242,0,0,12,0,0,12.2,2,0.01,0.06,0.05,0.58,1,0,3.4,False,6.0,61,0,0,0,True,1,0,0,1,1,16.0,2,0
2,False,243,0,0,-2,0,0,0.5,0,0.02,0.05,0.03,0.00,0,0,0.5,False,0.0,4,0,0,0,True,0,0,0,0,0,8.0,0,1
2,False,244,0,0,12,0,3,12.3,9,0.03,0.03,0.00,2.16,1,0,2.4,False,11.2,86,0,0,0,True,3,0,0,1,3,0.0,2,0
2,False,246,0,0,13,0,2,2.3,9,0.01,0.01,0.00,2.16,1,0,1.1,False,8.4,85,0,0,0,True,4,0,0,1,3,0.0,2,0
2,False,247,0,0,3,0,2,1.4,3,0.01,0.01,0.00,1.58,0,0,1.1,False,7.8,28,0,0,0,True,1,0,0,0,0,2.0,1,0
2,False,248,0,0,2,0,1,0.3,1,0.00,0.04,0.04,1.58,0,0,0.6,False,3.0,20,0,0,0,True,0,0,0,0,0,3.0,1,0
2,False,249,0,0,6,0,2,11.7,3,0.00,1.48,1.48,0.58,1,0,8.0,False,10.0,69,0,0,0,True,1,0,0,1,0,58.0,2,0
2,False,250,0,0,11,0,2,0.0,0,0.00,0.00,0.00,2.02,1,0,1.9,False,19.2,90,0,0,0,True,8,0,3,1,0,0.0,3,0
2,False,253,0,0,4,0,8,12.9,8,0.04,0.04,0.00,2.02,1,0,3.3,False,17.8,90,0,0,0,True,2,0,0,1,0,2.0,1,1
2,False,254,0,0,10,0,0,4.6,3,0.02,0.02,0.00,2.02,1,0,1.4,False,9.8,90,0,0,0,True,2,0,0,1,3,0.0,2,0
2,False,257,0,0,13,0,6,2.6,7,0.01,0.01,0.00,2.02,1,0,2.2,False,19.4,90,0,0,0,True,6,0,0,1,1,0.0,2,0
2,False,258,0,0,18,1,1,0.7,2,0.00,0.00,0.00,0.26,0,0,0.0,False,0.0,67,0,0,0,True,2,0,0,1,1,0.0,6,0
2,False,259,0,0,7,0,12,0.3,12,0.00,0.00,0.00,4.77,5,0,4.1,False,40.8,90,0,0,0,True,4,0,0,1,0,0.0,2,0
2,False,260,0,0,7,0,2,12.1,6,0.04,0.05,0.01,1.13,0,0,2.7,False,8.4,45,0,0,0,True,3,0,0,0,1,6.0,1,0
2,False,261,0,0,20,0,1,35.5,4,0.40,0.41,0.01,2.02,1,0,5.0,False,12.0,90,0,0,0,True,2,0,0,1,1,2.0,2,0
2,False,262,0,0,5,0,0,22.8,1,0.02,0.08,0.06,0.41,0,0,3.5,False,5.2,14,0,0,0,True,1,0,0,0,0,7.0,1,0
2,False,263,0,0,2,0,0,1.5,0,0.04,0.04,0.00,0.17,0,0,0.1,False,0.0,7,0,0,0,True,0,0,0,0,0,0.0,1,0
2,False,264,0,0,8,1,1,12.4,5,0.01,0.01,0.00,0.26,0,0,2.5,False,7.0,67,0,0,0,True,2,0,0,1,2,6.0,3,0
2,False,265,0,0,14,0,0,27.9,2,0.20,0.20,0.00,1.85,1,0,3.6,False,6.0,82,0,0,0,True,2,0,0,1,0,2.0,2,0
2,False,267,0,0,11,0,7,11.9,11,0.02,0.04,0.02,3.91,4,0,3.1,False,17.4,72,0,0,0,True,1,0,0,1,3,2.0,1,1
2,False,268,0,0,8,0,1,4.5,4,0.03,0.50,0.47,2.02,1,0,3.6,False,10.6,90,0,0,0,True,1,0,0,1,2,21.0,2,0
2,False,269,0,0,3,0,0,11.0,1,0.12,0.14,0.02,1.77,1,0,2.8,False,8.6,22,0,0,0,True,1,0,0,0,1,8.0,1,0
2,False,277,0,1,25,1,12,0.4,13,0.00,0.00,0.00,1.29,0,0,2.4,False,23.8,90,0,0,0,True,1,0,0,1,1,0.0,9,0
2,False,279,0,0,24,1,5,0.8,7,0.00,0.00,0.00,1.29,0,0,1.6,False,15.6,90,0,0,0,True,5,0,0,1,2,0.0,6,0
2,False,280,0,0,2,0,4,0.3,4,0.00,0.00,0.00,1.09,0,0,0.5,False,4.6,45,0,0,0,True,1,0,0,1,0,0.0,0,1
2,False,281,0,0,4,0,3,0.4,3,0.00,0.00,0.00,0.20,0,0,0.5,False,4.2,45,0,0,0,True,2,0,0,0,0,0.0,1,0
2,False,282,0,0,21,1,1,15.0,2,0.07,0.07,0.00,1.29,0,0,2.7,False,9.6,90,0,0,0,True,4,0,0,1,1,2.0,6,0
2,False,286,1,0,23,1,3,12.1,10,0.02,0.14,0.12,1.11,0,0,4.6,False,23.2,82,0,0,0,True,5,0,0,1,2,11.0,6,0
2,False,287,0,0,24,0,1,0.8,1,0.00,0.58,0.58,0.20,0,1,4.8,False,34.0,31,0,0,0,True,0,0,0,0,0,13.0,6,0
2,False,290,0,0,6,1,2,2.8,10,0.01,0.01,0.00,1.29,0,0,1.5,False,9.8,90,0,0,0,True,4,0,0,1,4,2.0,2,1
2,False,295,0,0,7,1,0,13.3,4,0.01,0.01,0.00,1.29,0,0,2.2,False,0.8,90,0,0,0,True,4,0,0,1,0,8.0,1,1
2,False,304,0,0,-14,0,1,0.8,1,0.01,0.08,0.07,4.77,5,0,0.9,False,0.0,90,0,0,0,True,2,0,0,1,0,9.0,0,0
2,False,305,0,0,1,0,4,14.7,4,0.12,0.66,0.54,4.77,5,1,11.2,False,47.0,90,0,0,0,True,1,0,0,1,0,50.0,6,0
2,False,306,0,0,-13,0,9,1.3,10,0.01,0.01,0.00,4.77,5,0,2.0,False,18.4,90,1,0,0,True,4,0,0,1,1,0.0,-1,1
2,False,308,0,0,-1,0,2,0.5,3,0.00,0.00,0.00,0.86,1,0,0.6,False,5.0,17,0,0,0,True,0,0,0,0,1,0.0,1,0
2,False,309,0,0,6,0,4,12.1,9,0.02,0.02,0.00,2.85,3,0,2.6,False,11.6,61,0,0,0,True,4,0,0,1,1,2.0,2,0
2,False,315,1,0,25,0,1,42.3,4,0.22,0.22,0.00,4.59,5,0,7.1,False,26.6,82,0,0,0,True,2,0,0,1,1,2.0,4,1
2,False,316,0,0,7,0,1,11.1,1,0.00,0.00,0.00,0.77,1,0,1.4,False,1.0,45,0,0,0,True,0,0,0,1,0,2.0,1,0
2,False,320,0,0,30,0,0,1.7,0,0.00,0.97,0.97,4.01,4,1,5.2,False,33.2,45,0,0,0,True,0,0,0,0,0,17.0,5,0
2,False,323,0,0,3,0,0,0.0,1,0.00,0.00,0.00,0.18,0,0,0.0,False,0.2,7,0,0,0,True,1,0,0,0,0,0.0,1,0
2,False,327,0,0,0,0,5,0.2,5,0.00,0.00,0.00,0.55,1,0,0.9,False,8.4,45,0,0,0,True,2,0,0,1,0,0.0,1,0
2,False,329,0,0,4,0,4,0.3,4,0.00,0.00,0.00,0.35,0,0,1.1,False,8.6,33,0,0,0,True,1,0,0,1,0,2.0,1,0
2,False,330,0,0,9,0,5,11.3,7,0.01,0.01,0.00,0.74,1,0,3.4,False,18.6,67,0,0,0,True,5,0,0,1,2,4.0,2,0
2,False,332,0,0,12,0,6,11.8,8,0.01,0.04,0.03,1.67,1,0,4.5,False,24.6,90,0,0,0,True,3,0,0,1,2,9.0,2,0
2,False,334,0,0,17,0,17,0.8,19,0.01,0.01,0.00,1.67,1,0,5.4,False,51.6,90,0,0,0,True,3,0,0,1,2,2.0,4,0
2,False,335,0,0,13,0,8,17.0,16,0.01,0.08,0.07,1.67,1,0,4.6,False,24.6,90,0,0,0,True,4,0,0,1,4,4.0,4,0
2,False,336,0,0,11,0,1,7.5,2,0.01,0.09,0.08,0.74,1,0,2.4,False,6.4,68,0,0,0,True,0,0,0,1,1,10.0,2,0
2,False,337,0,0,6,0,1,0.6,3,0.01,0.01,0.00,0.55,1,0,0.3,False,2.2,45,0,0,0,True,1,0,0,1,1,0.0,1,0
2,False,338,0,0,12,0,5,16.6,10,0.09,0.10,0.01,1.67,1,0,3.7,False,19.6,90,0,0,0,True,3,0,0,1,2,1.0,2,0
2,False,343,0,0,2,0,0,1.1,2,0.01,0.25,0.24,0.93,0,0,1.1,False,0.0,22,0,0,0,True,2,0,0,0,0,12.0,1,0
2,False,345,0,0,6,0,5,1.8,11,0.01,0.01,0.00,1.13,0,0,2.2,False,20.0,45,0,0,0,True,3,0,0,0,3,0.0,1,0
2,False,346,0,2,31,0,3,4.0,4,0.02,0.94,0.92,1.67,1,1,7.7,False,38.4,90,0,0,0,True,1,0,0,1,0,35.0,8,0
2,False,347,1,0,18,0,0,20.3,1,0.00,0.10,0.10,0.93,0,0,4.5,False,18.2,21,0,0,0,True,1,0,0,0,0,6.0,4,0
2,False,350,0,0,-5,0,2,0.0,0,0.00,0.00,0.00,2.30,2,0,0.8,False,7.6,90,0,0,0,True,4,0,1,1,0,0.0,0,1
2,False,356,0,0,5,0,7,4.3,7,0.03,0.03,0.00,2.30,2,0,3.1,False,24.6,90,0,0,0,True,5,0,0,1,0,2.0,1,0
2,False,357,0,0,9,0,4,13.8,6,0.02,0.02,0.00,2.23,2,0,3.1,False,12.8,70,0,0,0,True,3,0,0,1,2,4.0,1,0
2,False,358,0,0,9,0,7,12.8,8,0.01,0.01,0.00,2.23,2,0,3.7,False,24.0,70,0,0,0,True,4,0,0,1,1,0.0,1,0
2,False,362,0,0,13,0,8,15.1,11,0.05,0.05,0.00,2.23,2,0,4.8,False,30.8,76,0,0,0,True,4,0,0,1,3,2.0,3,0
2,False,364,0,0,4,0,0,1.3,0,0.01,0.05,0.04,0.07,0,0,1.4,False,3.6,19,0,0,0,True,0,0,0,0,0,9.0,1,0
2,False,366,1,0,23,0,0,24.3,10,0.20,0.43,0.23,2.30,2,0,7.4,False,27.8,90,0,0,0,True,7,0,0,1,3,22.0,4,1
2,False,367,1,0,21,0,1,27.8,3,0.65,0.65,0.00,2.23,2,0,5.7,False,23.2,70,0,0,0,True,2,0,0,1,0,6.0,5,0
2,False,368,0,0,24,0,3,40.7,13,0.17,0.33,0.16,2.30,2,0,6.6,False,21.4,90,0,0,0,True,7,0,0,1,3,4.0,4,0
2,False,369,0,0,5,0,0,1.3,0,0.03,0.03,0.00,0.07,0,0,0.5,False,2.0,19,0,0,0,True,0,0,0,0,0,2.0,1,0
2,False,371,0,0,7,0,0,12.1,1,0.01,0.01,0.00,0.07,0,0,1.7,False,4.4,19,0,0,0,True,0,0,0,0,1,0.0,1,0
2,False,372,0,0,10,0,2,7.7,10,0.39,0.39,0.00,2.23,2,0,2.0,False,12.6,76,0,0,0,True,5,0,0,1,3,0.0,2,0
2,False,375,0,0,3,0,1,2.2,5,0.00,0.00,0.00,0.07,0,0,0.9,False,6.4,13,0,0,0,True,2,0,0,0,2,0.0,1,0
2,False,377,0,0,24,0,4,16.8,7,0.19,0.51,0.32,2.30,2,1,8.8,False,42.2,90,0,0,0,True,1,0,0,1,2,29.0,6,1
2,False,379,0,2,30,0,0,10.3,1,0.00,0.99,0.99,2.30,2,1,9.2,False,34.0,90,0,0,0,True,0,0,0,1,1,48.0,8,0
2,False,384,0,0,5,0,0,0.0,0,0.00,0.00,0.00,0.66,1,0,0.7,False,6.8,90,1,0,0,True,8,0,1,1,0,0.0,0,0
2,False,385,0,0,20,0,0,0.0,0,0.00,0.00,0.00,1.67,1,0,3.8,False,37.6,90,0,0,0,True,11,0,4,1,0,0.0,3,0
2,False,387,0,0,11,0,0,7.8,1,0.02,0.04,0.02,0.66,1,0,1.6,False,3.6,88,0,0,0,True,2,0,0,1,1,5.0,2,0
2,False,388,0,0,12,0,5,15.8,5,0.04,0.04,0.00,0.66,1,0,4.0,False,24.2,90,0,0,0,True,4,0,0,1,0,0.0,2,0
2,False,390,0,0,19,0,5,22.3,6,0.57,0.66,0.09,0.66,1,0,8.4,False,27.0,90,0,0,0,True,6,0,0,1,1,35.0,2,0
2,False,391,1,0,18,0,1,30.8,2,0.04,0.04,0.00,0.66,1,0,6.0,False,27.6,74,0,0,0,True,0,0,0,1,1,2.0,5,0
2,False,393,0,0,17,0,3,5.3,7,0.02,0.02,0.00,0.66,1,0,3.0,False,21.0,88,0,0,0,True,3,0,0,1,4,4.0,2,0
2,False,396,0,0,3,0,0,0.9,0,0.00,0.00,0.00,0.00,0,0,0.2,False,1.2,1,0,0,0,True,0,0,0,0,0,0.0,1,0
2,False,397,1,0,33,0,0,43.0,3,0.57,0.63,0.06,0.66,1,0,11.2,False,29.2,90,0,0,0,True,2,0,0,1,1,40.0,5,0
2,False,398,2,1,38,0,2,45.8,7,0.45,1.32,0.87,0.66,1,0,10.6,False,42.8,90,0,0,0,True,4,0,0,1,1,17.0,9,0
2,False,399,0,3,60,0,0,47.8,3,0.55,0.90,0.35,0.66,1,2,17.2,True,74.8,81,0,0,0,True,3,0,0,1,0,49.0,14,1
2,False,401,0,0,14,0,0,35.1,4,0.07,0.24,0.17,0.72,2,0,7.2,False,9.2,90,0,0,0,True,3,0,0,1,1,28.0,2,0
2,False,405,0,0,9,1,2,29.5,4,0.20,0.20,0.00,0.74,0,0,3.7,False,7.2,70,0,0,0,True,2,0,0,1,0,0.0,2,1
2,False,406,0,0,9,0,0,3.1,0,0.01,0.01,0.00,0.00,0,0,0.5,False,2.0,15,0,0,0,True,0,0,0,0,0,0.0,1,0
2,False,411,0,3,60,0,3,0.1,5,0.00,0.66,0.66,0.66,1,2,12.0,True,69.0,90,0,0,0,True,2,0,0,1,0,51.0,13,0
2,False,412,0,0,11,0,1,0.0,0,0.00,0.00,0.00,2.06,2,0,2.7,False,27.0,90,0,0,0,True,6,0,3,1,0,0.0,2,0
2,False,415,0,0,4,0,1,11.7,2,0.01,0.19,0.18,1.00,1,0,5.8,False,7.0,10,0,0,0,True,0,0,0,0,1,39.0,1,0
2,False,417,0,0,12,0,4,42.2,4,0.12,0.27,0.15,1.06,1,0,9.2,False,16.4,73,0,0,0,True,1,0,0,1,0,33.0,2,0
2,False,418,1,0,13,0,4,1.5,5,0.01,0.04,0.03,2.06,2,0,1.5,False,7.2,90,0,0,0,True,4,0,0,1,1,6.0,4,0
2,False,419,0,0,2,0,0,1.8,0,0.06,0.09,0.03,2.06,2,0,1.0,False,4.8,90,0,0,0,True,6,0,0,1,0,3.0,1,0
2,False,420,0,0,-2,0,2,1.8,2,0.01,0.01,0.00,1.00,1,0,0.4,False,1.8,16,0,0,0,True,1,0,0,0,0,0.0,1,0
2,False,422,0,0,-1,0,0,1.3,0,0.00,0.00,0.00,1.00,1,0,0.3,False,1.4,17,0,0,0,True,0,0,0,0,0,0.0,1,0
2,False,423,0,0,12,0,4,1.6,8,0.02,0.02,0.00,1.06,1,0,2.4,False,18.4,72,0,0,0,True,2,0,0,1,4,4.0,2,0
2,False,426,1,3,87,0,1,62.5,8,0.48,2.50,2.02,2.06,2,3,26.1,True,132.4,90,0,0,0,True,5,0,0,1,2,66.0,23,0
2,False,427,1,2,37,0,0,43.3,5,0.21,1.97,1.76,2.06,2,1,12.4,False,45.6,90,0,0,0,True,2,0,0,1,3,35.0,11,1
2,False,428,2,1,31,0,0,27.6,2,0.15,0.26,0.11,1.06,1,0,7.6,False,20.0,79,0,0,0,True,2,0,0,1,0,28.0,9,0
2,False,429,0,0,17,0,0,34.3,6,0.05,0.31,0.26,1.06,1,0,10.8,False,16.0,79,0,0,0,True,3,0,0,1,3,58.0,2,0
2,False,432,0,0,25,0,2,7.2,15,0.27,0.41,0.14,1.06,1,0,3.1,False,15.2,79,0,0,0,True,10,0,0,1,3,9.0,4,0
2,False,439,0,0,5,0,0,10.5,3,0.01,0.01,0.00,1.00,1,0,1.5,False,2.2,10,0,0,0,True,3,0,0,0,0,2.0,1,0
2,False,445,0,0,25,1,3,1.5,3,0.02,0.02,0.00,1.12,0,0,0.8,False,6.8,90,0,0,0,True,1,0,0,1,0,0.0,6,0
2,False,447,0,0,22,1,4,1.8,5,0.00,0.01,0.01,1.12,0,0,1.5,False,11.2,90,0,0,0,True,4,0,0,1,1,2.0,5,1
2,False,449,0,3,52,1,11,27.3,13,0.31,0.34,0.03,1.12,0,0,7.0,True,39.0,90,0,0,0,True,6,0,0,1,2,4.0,11,0
2,False,452,0,0,4,0,0,0.8,3,0.01,0.01,0.00,0.00,0,0,0.4,False,1.4,19,0,0,0,True,3,0,0,0,0,2.0,1,0
2,False,453,0,0,9,1,2,22.1,4,0.01,0.05,0.04,1.12,0,0,3.6,False,7.2,90,0,0,0,True,0,0,0,1,2,7.0,3,0
2,False,454,0,0,32,1,0,15.3,3,0.10,0.30,0.20,0.74,0,1,8.1,False,36.8,81,0,0,0,True,1,0,0,1,2,29.0,8,0
2,False,455,0,0,16,0,1,26.3,4,0.02,0.07,0.05,0.72,2,0,3.5,False,5.0,74,0,0,0,True,3,0,0,1,0,4.0,2,0
2,False,456,0,0,3,0,0,4.2,1,0.13,0.13,0.00,0.38,0,0,0.4,False,0.2,8,0,0,0,True,1,0,0,0,0,0.0,1,0
2,False,457,0,0,3,0,0,3.1,3,0.20,0.20,0.00,0.38,0,0,0.7,False,2.2,8,0,0,0,True,2,0,0,0,1,2.0,1,0
2,False,459,0,0,16,1,3,14.7,9,0.04,0.04,0.00,1.12,0,0,2.6,False,11.2,90,0,0,0,True,6,0,0,1,0,0.0,3,0
2,False,460,0,0,0,1,1,4.3,2,0.02,0.09,0.07,0.74,0,0,0.5,False,0.0,70,0,0,0,True,1,0,0,1,0,8.0,3,0
2,False,461,0,0,3,0,0,0.0,0,0.00,0.00,0.00,0.00,0,0,0.0,False,0.0,1,0,0,0,True,0,0,0,0,0,0.0,1,0
2,False,462,0,0,4,0,3,0.0,3,0.00,0.00,0.00,0.38,0,0,0.5,False,5.0,19,0,0,0,True,0,0,0,0,0,0.0,1,0
2,False,463,1,0,18,0,0,10.5,0,0.01,0.03,0.02,0.38,0,0,4.0,False,18.2,19,0,0,0,True,0,0,0,0,0,11.0,4,0
2,False,464,0,2,37,1,1,10.3,6,0.00,0.35,0.35,0.74,0,1,9.2,False,35.6,81,0,0,0,True,4,0,0,1,1,46.0,8,0
2,False,467,0,0,6,0,3,0.0,0,0.01,0.01,0.00,1.75,2,0,1.7,False,16.6,90,0,0,0,True,6,0,2,1,0,0.0,1,0
2,False,469,1,0,16,0,6,25.3,12,0.15,0.27,0.12,1.75,2,0,6.6,False,34.4,90,0,0,0,True,1,0,0,1,6,6.0,6,0
2,False,471,0,0,3,0,10,0.0,13,0.00,0.00,0.00,1.75,2,0,1.7,False,17.0,90,0,0,0,True,3,0,0,1,3,0.0,3,0
2,False,472,0,0,2,0,6,0.3,6,0.00,0.18,0.18,1.75,2,0,2.0,False,11.2,90,0,0,0,True,3,0,0,1,0,8.0,1,0
2,False,473,0,0,2,0,3,15.5,5,0.35,0.35,0.00,1.75,2,0,3.1,False,11.8,85,0,0,0,True,4,0,0,1,2,4.0,0,1
2,False,474,0,0,6,0,6,0.4,8,0.00,0.00,0.00,1.75,2,0,1.5,False,14.6,90,0,0,0,True,3,0,0,1,2,0.0,1,0
2,False,478,0,0,5,0,0,0.0,1,0.00,0.00,0.00,0.00,0,0,0.2,False,2.0,4,0,0,0,True,0,0,0,0,1,0.0,1,0
2,False,480,1,3,36,0,1,12.5,5,0.04,0.83,0.79,1.75,2,1,8.6,True,56.4,90,0,0,0,True,2,0,0,1,2,17.0,13,0
2,False,481,0,0,25,0,4,20.2,14,0.22,0.29,0.07,0.66,1,0,5.8,False,25.0,81,0,0,0,True,5,0,0,1,5,13.0,3,1
2,False,482,0,0,2,0,0,0.3,0,0.00,0.00,0.00,0.00,0,0,0.0,False,0.0,1,0,0,0,True,0,0,0,0,0,0.0,1,0
2,False,483,0,2,30,0,1,23.0,9,0.63,0.98,0.35,1.42,1,1,9.5,False,35.8,65,0,0,0,True,8,0,0,1,0,36.0,9,0
2,False,486,0,0,16,0,2,18.5,8,0.16,0.16,0.00,1.75,2,0,2.7,False,8.2,90,0,0,0,True,5,0,0,1,1,0.0,2,0
2,False,487,0,0,3,0,0,0.0,0,0.00,0.00,0.00,0.00,0,0,0.0,False,0.2,1,0,0,0,True,0,0,0,0,0,0.0,1,0
2,False,491,0,0,4,0,3,13.3,5,0.04,0.78,0.74,1.75,2,0,6.0,False,8.6,90,0,0,0,True,1,0,0,1,1,38.0,1,1
2,False,492,0,0,6,0,1,23.6,3,0.03,0.96,0.93,0.72,1,0,9.9,False,10.0,90,0,0,0,True,2,0,0,1,0,65.0,2,0
2,False,496,0,0,4,0,0,0.0,0,0.00,0.00,0.00,0.72,2,0,0.4,False,3.8,90,0,0,0,True,6,0,0,1,0,0.0,1,0
2,False,499,0,0,1,0,3,7.9,4,0.10,0.43,0.33,0.72,2,0,3.8,False,9.4,90,0,0,0,True,2,0,0,1,1,21.0,1,0
2,False,502,0,0,7,0,2,16.8,3,0.02,0.08,0.06,0.48,1,0,5.3,False,11.2,67,0,0,0,True,1,0,0,1,1,25.0,2,0
2,False,503,0,0,5,0,7,2.1,8,0.02,0.02,0.00,0.72,2,0,1.7,False,15.2,90,0,0,0,True,4,0,0,1,1,0.0,0,1
2,False,504,0,0,-2,0,7,8.3,8,0.02,0.05,0.03,2.93,4,0,3.6,False,22.8,90,0,0,0,True,3,0,0,1,1,5.0,0,0
2,False,506,0,0,2,0,0,11.5,1,0.19,0.19,0.00,0.24,1,0,1.9,False,5.2,22,0,0,0,True,1,0,0,0,1,2.0,1,0
2,False,512,0,0,4,0,0,3.3,2,0.01,0.05,0.04,0.24,1,0,1.6,False,1.2,22,0,0,0,True,2,0,0,0,0,11.0,1,0
2,False,514,0,0,10,0,0,3.3,3,0.03,0.17,0.14,0.48,1,0,4.1,False,3.8,67,0,0,0,True,2,0,0,1,1,34.0,2,0
2,False,516,0,0,17,0,3,7.1,11,0.02,0.02,0.00,0.72,2,0,2.3,False,15.4,90,0,0,0,True,6,0,0,1,2,0.0,2,0
2,False,522,0,0,9,0,3,1.5,6,0.00,0.00,0.00,0.48,1,0,0.3,False,1.8,67,0,0,0,True,3,0,0,1,0,0.0,2,0
2,False,523,0,0,1,0,0,0.4,1,0.00,0.02,0.02,0.24,1,0,0.0,False,0.0,22,0,0,0,True,1,0,0,0,0,1.0,1,0
2,False,525,0,0,18,0,0,46.3,8,0.17,0.18,0.01,0.72,2,0,6.1,False,14.0,90,0,0,0,True,5,0,0,1,3,1.0,2,0
2,False,526,0,0,6,0,0,0.3,0,0.00,0.20,0.20,0.00,0,0,1.0,False,3.2,15,0,0,0,True,0,0,0,0,0,6.0,1,0
2,False,529,0,0,22,1,2,0.0,0,0.00,0.00,0.00,0.95,0,0,0.4,False,4.0,90,0,0,0,True,7,0,0,1,0,0.0,6,0
2,False,532,0,0,27,1,9,1.2,10,0.00,0.03,0.03,0.95,0,0,3.2,False,23.6,90,0,0,0,True,1,0,0,1,1,7.0,8,0
2,False,533,0,1,28,1,17,8.0,19,0.01,0.01,0.00,0.95,0,0,5.3,False,42.6,90,0,0,0,True,4,0,0,1,2,2.0,9,0
2,False,534,0,0,24,1,2,19.1,6,0.01,0.01,0.00,0.95,0,0,4.0,False,18.6,90,0,0,0,True,4,0,0,1,4,2.0,6,0
2,False,536,0,0,26,1,6,6.0,7,0.01,0.01,0.00,0.95,0,0,2.4,False,16.4,90,0,0,0,True,3,0,0,1,1,2.0,6,0
2,False,541,0,0,27,1,8,20.0,8,0.05,0.07,0.02,0.95,0,0,5.2,False,22.6,90,0,0,0,True,5,0,0,1,0,9.0,6,0
2,False,542,0,0,13,1,1,21.2,6,0.17,0.54,0.37,0.86,0,0,5.5,False,3.4,89,0,0,0,True,4,0,0,1,1,30.0,3,0
2,False,543,1,0,15,0,0,10.3,0,0.16,0.16,0.00,0.02,0,0,2.6,False,15.2,18,0,0,0,True,0,0,0,0,0,0.0,4,0
2,False,544,0,3,29,1,1,57.9,7,0.36,0.36,0.00,0.95,0,0,7.8,False,20.4,90,0,0,0,True,6,0,0,1,0,0.0,6,0
2,False,545,0,0,21,1,6,7.8,11,0.02,0.04,0.02,0.95,0,0,3.2,False,18.4,90,0,0,0,True,2,0,0,1,3,6.0,3,0
2,False,547,0,0,2,0,1,0.1,1,0.00,0.17,0.17,0.09,0,0,2.5,False,8.0,1,0,0,0,True,0,0,0,0,0,17.0,1,0
2,False,548,0,0,3,0,0,0.0,0,0.00,0.00,0.00,0.34,0,0,0.0,False,0.0,7,0,0,0,True,0,0,0,0,0,0.0,1,0
2,False,551,0,0,13,1,0,16.7,5,0.04,0.04,0.00,0.58,0,0,2.4,False,7.2,64,0,0,0,True,4,0,0,1,1,0.0,3,0
2,False,552,0,0,5,1,1,2.8,4,0.00,0.03,0.03,0.58,0,0,0.7,False,0.0,63,0,0,0,True,3,0,0,1,0,6.0,2,0
2,False,553,0,3,29,0,0,0.1,0,0.00,1.39,1.39,0.37,0,1,5.4,False,29.2,26,0,0,0,True,0,0,0,0,0,25.0,8,0
2,False,557,0,0,1,0,1,11.8,3,0.01,0.01,0.00,0.10,0,0,1.6,False,0.0,45,0,0,0,True,2,0,0,1,0,4.0,0,1
2,False,558,0,0,15,0,3,0.7,15,0.00,0.05,0.05,1.75,2,0,2.9,False,21.2,90,0,0,0,True,7,0,0,1,5,7.0,4,0
2,False,562,0,0,10,0,3,1.4,5,0.01,0.07,0.06,3.91,4,0,2.8,False,8.0,72,0,0,0,True,1,0,0,1,1,19.0,2,0
2,False,563,0,0,6,0,2,13.4,3,0.00,0.00,0.00,1.09,0,0,2.4,False,11.0,45,0,0,0,True,1,0,0,1,0,0.0,1,0
2,False,564,0,0,9,0,4,0.0,0,0.01,0.01,0.00,4.77,5,0,4.6,False,46.4,90,0,0,0,True,13,0,6,1,0,0.0,2,0
2,False,565,0,0,16,0,5,25.3,14,0.03,0.24,0.21,1.46,1,0,6.1,False,24.4,90,0,0,0,True,5,0,0,1,4,11.0,4,0
2,False,566,0,0,11,0,8,1.8,10,0.03,0.28,0.25,1.84,1,0,3.3,False,18.6,90,0,0,0,True,4,0,0,1,2,13.0,4,0
2,False,567,0,0,32,1,2,0.0,0,0.00,0.00,0.00,1.12,0,0,3.5,False,34.6,90,0,0,0,True,4,0,4,1,0,0.0,7,0
2,False,568,0,0,1,0,1,0.0,1,0.00,0.04,0.04,0.07,1,0,0.2,False,0.0,8,0,0,0,True,0,0,0,0,0,4.0,1,0
2,False,569,0,0,2,0,2,2.8,4,0.01,0.28,0.27,2.02,1,0,3.2,False,5.6,90,0,0,0,True,2,0,0,1,0,24.0,2,0
2,False,570,0,0,6,0,3,1.3,9,0.00,0.02,0.02,1.62,1,0,0.7,False,3.0,75,0,0,0,True,6,0,0,1,0,3.0,1,1
2,False,572,0,3,32,1,0,0.0,0,0.00,0.00,0.00,1.29,0,0,2.6,True,26.2,90,0,0,0,True,11,0,3,1,0,0.0,10,0
2,False,575,0,0,17,1,3,16.0,7,0.13,0.16,0.03,0.02,0,0,3.2,False,9.4,70,0,0,0,True,4,0,0,1,0,7.0,3,0
2,False,576,0,0,-2,0,2,4.3,7,0.01,0.02,0.01,1.09,0,0,0.9,False,0.0,58,0,0,0,True,5,0,0,1,0,7.0,0,1
2,False,577,0,0,-3,0,7,1.3,8,0.00,0.00,0.00,2.01,3,0,1.6,False,12.6,73,0,0,0,True,3,0,0,1,1,2.0,1,0
2,False,579,0,0,-1,0,1,2.3,1,0.01,0.01,0.00,0.07,0,0,0.8,False,5.8,13,0,0,0,True,2,0,0,0,0,0.0,0,1
2,False,580,0,0,2,0,1,2.8,2,0.03,0.12,0.09,1.77,1,0,0.9,False,0.6,22,0,0,0,True,1,0,0,0,0,6.0,1,0
2,False,583,0,0,1,0,2,0.3,3,0.02,0.02,0.00,0.09,1,0,0.7,False,6.4,18,0,0,0,True,1,0,0,0,1,0.0,1,0
2,False,584,0,0,2,0,0,1.5,0,0.02,0.02,0.00,0.69,1,0,0.2,False,0.2,19,0,0,0,True,0,0,0,0,0,0.0,1,0
2,False,585,0,0,3,0,1,0.2,1,0.00,0.00,0.00,0.20,0,0,0.3,False,3.0,31,0,0,0,True,0,0,0,0,0,0.0,1,0
2,False,586,0,0,9,0,7,0.0,9,0.00,0.01,0.01,1.09,0,0,3.5,False,27.6,58,0,0,0,True,2,0,0,1,2,7.0,1,0
2,False,588,0,0,9,0,4,1.5,14,0.00,0.02,0.02,2.01,3,0,3.1,False,26.4,74,0,0,0,True,5,0,0,1,10,3.0,2,1
2,False,589,0,0,6,0,1,0.9,6,0.01,0.01,0.00,0.20,0,0,1.4,False,12.8,45,0,0,0,True,2,0,0,0,3,0.0,1,0
2,False,591,1,0,25,0,0,12.4,8,0.31,0.71,0.40,4.77,5,0,5.5,False,21.8,90,0,0,0,True,7,0,0,1,1,21.0,5,0
2,False,592,0,0,-1,0,0,0.6,0,0.00,0.00,0.00,0.86,1,0,0.1,False,0.6,17,0,0,0,True,1,0,0,0,0,0.0,1,0
2,False,593,1,2,37,1,5,30.4,8,0.06,0.06,0.00,1.12,0,0,7.3,True,42.6,90,0,0,0,True,5,0,0,1,3,0.0,11,0
2,False,594,0,0,3,0,0,3.7,0,0.00,0.00,0.00,0.04,0,0,0.4,False,0.0,10,0,0,0,True,0,0,0,0,0,0.0,1,0
2,False,595,0,0,3,0,0,1.3,1,0.00,0.00,0.00,0.20,1,0,0.3,False,1.4,22,0,0,0,True,0,0,0,0,1,0.0,1,0
2,False,597,0,0,8,0,2,0.0,0,0.00,0.00,0.00,1.04,1,0,1.4,False,13.6,90,0,0,0,True,9,0,1,1,0,0.0,2,0
2,False,598,0,0,9,0,5,1.1,6,0.00,0.00,0.00,1.32,1,0,2.3,False,16.0,56,0,0,0,True,4,0,0,0,1,6.0,1,0
2,False,600,0,0,6,0,0,1.3,1,0.01,0.01,0.00,0.10,1,0,0.6,False,3.0,16,0,0,0,True,0,0,0,0,1,2.0,1,0
2,False,605,0,1,39,0,2,20.1,7,0.16,0.86,0.70,2.83,3,1,11.3,False,50.8,73,0,0,0,True,2,0,0,1,3,42.0,8,0
2,False,611,0,0,4,0,0,0.8,2,0.00,0.00,0.00,0.00,0,0,0.4,False,3.6,12,0,0,0,True,0,0,0,0,2,0.0,1,0
2,False,616,0,0,3,0,1,4.3,1,0.12,0.12,0.00,0.00,0,0,0.6,False,1.8,8,0,0,0,True,0,0,0,0,0,0.0,1,0
2,False,617,0,0,3,0,0,0.3,0,0.00,0.00,0.00,0.18,0,0,0.1,False,0.4,7,0,0,0,True,0,0,0,0,0,0.0,1,0
2,False,619,0,0,11,0,2,12.0,6,0.01,0.01,0.00,1.92,2,0,2.1,False,7.2,28,0,0,0,True,3,0,0,0,1,2.0,1,0
2,False,621,0,0,3,0,0,0.5,0,0.00,0.10,0.10,0.00,0,0,0.1,False,0.0,8,0,0,0,True,0,0,0,0,0,1.0,1,0
2,False,622,0,0,3,0,0,0.8,0,0.00,0.00,0.00,0.00,0,0,0.1,False,0.6,1,0,0,0,True,1,0,0,0,0,0.0,1,0
3,False,1,0,0,15,0,2,0.0,0,0.01,0.01,0.00,0.39,1,0,2.9,False,28.8,90,0,0,0,True,11,0,4,1,0,0.0,3,0
3,False,4,0,0,10,0,7,2.4,7,0.02,0.33,0.31,0.39,1,0,10.2,False,23.6,90,0,0,0,True,4,0,0,1,0,76.0,2,0
3,False,7,0,0,5,0,0,12.7,2,0.10,0.13,0.03,0.26,1,0,1.0,False,0.0,66,0,0,0,True,2,0,0,1,0,4.0,2,0
3,False,8,0,0,0,0,0,3.2,1,0.03,0.42,0.39,0.26,1,0,3.4,False,4.4,66,0,0,0,True,1,0,0,1,1,26.0,2,0
3,False,9,0,0,3,0,2,0.5,3,0.00,0.00,0.00,0.13,0,0,0.9,False,6.0,23,0,0,0,True,0,0,0,0,1,2.0,1,0
3,False,10,0,0,11,0,4,5.1,6,0.03,0.03,0.00,0.39,1,0,3.1,False,15.8,90,0,0,0,True,4,0,0,1,2,10.0,2,0
3,False,12,0,0,13,0,1,27.8,4,0.23,0.46,0.23,0.39,1,0,10.8,False,10.6,89,0,0,0,True,2,0,0,1,1,70.0,2,0
3,False,13,1,0,22,0,5,19.9,6,0.08,0.11,0.03,0.39,1,0,5.6,False,33.8,90,0,0,0,True,1,0,0,1,0,2.0,5,0
3,False,15,0,3,47,0,0,54.2,3,0.88,1.60,0.72,0.27,1,1,12.9,True,45.0,76,0,0,0,True,3,0,0,1,0,30.0,10,0
3,False,16,0,0,3,0,0,0.8,1,0.01,0.01,0.00,0.00,0,0,0.3,False,2.2,1,0,0,0,True,0,0,0,0,1,0.0,1,0
3,False,17,0,0,0,0,0,1.1,0,0.00,0.00,0.00,0.11,0,0,0.1,False,0.0,13,0,0,0,True,0,0,0,0,0,0.0,0,1
3,False,19,0,0,1,0,4,0.8,4,0.02,0.10,0.08,0.13,0,0,1.3,False,1.4,23,0,0,0,True,0,0,0,0,0,11.0,1,0
3,False,25,0,0,2,0,0,0.1,1,0.00,0.00,0.00,0.11,0,0,0.0,False,0.0,12,0,0,0,True,1,0,0,0,0,0.0,1,0
3,False,26,0,2,38,0,1,37.0,1,0.27,0.54,0.27,0.27,1,1,13.7,False,43.0,77,0,0,0,True,0,0,0,1,0,57.0,8,0
3,False,28,0,0,26,0,0,0.0,0,0.00,0.00,0.00,2.05,2,0,6.3,False,63.2,90,0,0,0,True,8,0,8,1,0,0.0,3,0
3,False,31,0,0,15,0,7,1.4,10,0.01,0.01,0.00,0.39,1,0,2.5,False,19.4,90,0,0,0,True,5,0,0,1,3,4.0,4,0
3,False,32,0,0,23,1,1,16.3,1,0.03,0.03,0.00,0.22,0,0,2.9,False,6.4,84,0,0,0,True,1,0,0,1,0,6.0,6,0
3,False,33,0,0,28,1,4,4.4,5,0.02,0.13,0.11,0.57,0,0,3.2,False,14.8,90,0,0,0,True,2,0,0,1,1,13.0,6,0
3,False,36,0,1,29,1,2,19.8,3,0.42,0.42,0.00,0.22,0,0,3.4,False,10.6,74,0,0,0,True,0,0,0,1,1,4.0,7,0
3,False,37,0,0,28,1,4,24.9,4,0.08,0.08,0.00,0.57,0,0,4.9,False,22.4,90,0,0,0,True,3,0,0,1,0,2.0,6,0
3,False,40,0,0,22,0,0,13.6,5,0.03,0.11,0.08,2.05,2,1,6.0,False,30.2,86,0,0,0,True,5,0,0,1,0,16.0,6,1
3,False,41,0,0,2,1,0,10.8,2,0.05,0.66,0.61,0.22,0,0,1.4,False,0.0,74,0,0,0,True,2,0,0,1,0,7.0,3,0
3,False,43,0,0,17,0,2,18.9,7,0.06,0.11,0.05,1.01,2,0,4.7,False,18.6,90,0,0,0,True,5,0,0,1,0,9.0,2,0
3,False,45,0,0,6,1,1,5.6,5,0.03,0.71,0.68,0.57,0,0,1.1,False,1.4,90,0,0,0,True,2,0,0,1,2,4.0,3,0
3,False,46,0,0,15,1,2,34.1,6,0.09,0.31,0.22,0.57,0,0,6.3,False,13.6,90,0,0,0,True,4,0,0,1,0,15.0,3,0
3,False,47,0,0,20,1,3,26.2,10,0.07,0.07,0.00,0.57,0,0,4.0,False,13.6,90,0,0,0,True,6,0,0,1,1,0.0,3,0
3,False,51,0,0,12,1,2,13.5,7,0.14,0.21,0.07,0.22,0,0,4.5,False,10.8,74,0,0,0,True,4,0,0,1,1,21.0,3,0
3,False,52,0,0,3,0,0,1.8,1,0.00,0.00,0.00,0.35,0,0,0.2,False,0.2,15,0,0,0,True,1,0,0,0,0,0.0,1,0
3,False,56,0,0,3,0,0,1.0,1,0.00,0.00,0.00,0.35,0,0,0.3,False,2.0,5,0,0,0,True,0,0,0,0,1,0.0,1,0
3,False,57,0,0,0,0,1,0.0,0,0.00,0.00,0.00,0.71,2,0,0.3,False,3.4,90,0,0,0,True,8,0,0,1,0,0.0,1,0
3,False,60,0,0,4,0,6,31.5,6,0.02,0.02,0.00,0.71,2,0,5.0,False,16.8,90,0,0,0,True,1,0,0,1,0,2.0,1,0
3,False,61,0,0,-3,0,3,15.7,6,0.06,0.07,0.01,0.71,2,0,2.8,False,10.2,90,0,0,0,True,5,0,0,1,3,2.0,0,1
3,False,64,0,0,3,0,3,25.3,4,0.04,0.05,0.01,0.71,2,0,3.9,False,9.6,90,0,0,0,True,6,0,0,1,1,4.0,0,1
3,False,67,0,0,8,0,1,0.9,2,0.01,0.05,0.04,0.66,2,0,1.3,False,1.6,88,0,0,0,True,0,0,0,1,1,10.0,2,0
3,False,68,0,3,43,0,0,13.2,9,0.05,1.06,1.01,0.66,2,1,13.7,True,46.6,88,0,0,0,True,8,0,0,1,1,77.0,10,0
3,False,69,2,2,37,0,5,22.9,11,0.02,0.09,0.07,0.71,2,0,4.8,False,13.4,90,0,0,0,True,6,0,0,1,0,12.0,10,0
3,False,70,0,0,6,0,0,2.0,4,0.01,0.07,0.06,0.48,1,0,0.2,False,0.0,75,0,0,0,True,3,0,0,1,1,3.0,1,1
3,False,71,0,0,2,0,1,0.3,1,0.00,0.00,0.00,0.23,1,0,0.0,False,0.0,14,0,0,0,True,0,0,0,0,0,0.0,1,0
3,False,72,0,0,3,0,0,0.5,2,0.00,0.02,0.02,0.05,0,0,0.8,False,2.0,1,0,0,0,True,1,0,0,0,1,5.0,1,0
3,False,73,0,0,15,0,1,11.5,12,0.01,0.01,0.00,0.48,1,0,2.4,False,12.2,75,0,0,0,True,8,0,0,1,3,0.0,4,0
3,False,74,0,0,2,0,0,0.0,0,0.00,0.00,0.00,0.23,1,0,0.0,False,0.0,14,0,0,0,True,0,0,0,0,0,0.0,1,0
3,False,75,0,0,3,0,0,0.0,0,0.00,0.00,0.00,0.00,0,0,0.0,False,0.0,1,0,0,0,True,0,0,0,0,0,0.0,1,0
3,False,79,0,0,4,0,4,5.1,7,0.01,0.14,0.13,0.71,2,0,2.9,False,3.2,90,0,0,0,True,3,0,0,1,0,21.0,2,0
3,False,82,0,0,10,0,2,0.0,0,0.00,0.00,0.00,1.71,1,0,1.7,False,16.8,90,0,0,0,True,6,0,2,1,0,0.0,2,0
3,False,84,0,0,4,0,1,0.0,1,0.00,0.00,0.00,0.10,0,0,0.1,False,1.0,16,0,0,0,True,0,0,0,1,0,0.0,1,0
3,False,86,0,0,4,0,4,45.1,6,0.40,0.64,0.24,1.71,1,0,7.5,False,8.2,90,0,0,0,True,1,0,0,1,1,22.0,2,0
3,False,87,0,0,8,0,5,0.3,5,0.00,0.00,0.00,1.71,1,0,1.2,False,11.8,90,0,0,0,True,2,0,0,1,0,0.0,2,0
3,False,88,0,0,2,0,5,0.3,5,0.00,0.03,0.03,0.35,0,0,1.0,False,7.6,45,0,0,0,True,2,0,0,1,0,2.0,1,0
3,False,90,0,0,0,0,4,1.0,5,0.00,0.00,0.00,1.36,1,0,0.9,False,7.6,45,0,0,0,True,2,0,0,0,1,0.0,1,0
3,False,91,0,0,3,0,12,0.0,13,0.00,0.11,0.11,2.12,1,0,2.4,False,18.2,90,0,0,0,True,2,0,0,1,1,6.0,3,1
3,False,93,0,0,11,0,10,0.2,10,0.01,0.11,0.10,1.61,1,0,2.1,False,17.2,73,0,0,0,True,0,0,0,0,0,4.0,4,0
3,False,94,0,0,11,0,0,13.3,5,0.17,0.17,0.00,1.71,1,0,2.5,False,4.0,90,0,0,0,True,5,0,0,1,0,8.0,2,0
3,False,95,0,0,6,0,3,11.3,11,0.01,0.01,0.00,0.35,0,0,1.8,False,6.8,45,0,0,0,True,7,0,0,1,1,0.0,1,0
3,False,96,1,3,30,0,1,28.5,4,0.21,0.21,0.00,1.63,1,0,4.5,False,10.0,85,0,0,0,True,3,0,0,1,0,6.0,8,0
3,False,98,0,3,30,0,3,3.1,12,0.01,0.12,0.11,1.71,1,1,6.8,True,48.0,90,0,0,0,True,5,0,0,1,4,17.0,11,1
3,False,102,0,0,1,0,1,3.4,5,0.02,0.05,0.03,1.36,1,0,0.8,False,2.4,45,0,0,0,True,3,0,0,0,1,2.0,0,1
3,False,104,0,0,5,0,0,0.4,3,0.00,0.00,0.00,1.17,1,0,0.1,False,0.4,62,0,0,0,True,2,0,0,1,1,0.0,2,0
3,False,105,0,0,3,0,0,2.2,4,0.01,0.06,0.05,1.36,1,0,0.4,False,0.0,45,0,0,0,True,4,0,0,0,0,3.0,1,0
3,False,106,0,0,9,0,3,1.4,6,0.01,0.51,0.50,1.71,1,0,6.0,False,16.0,90,0,0,0,True,2,0,0,1,1,43.0,2,0
3,False,108,0,0,2,0,1,0.0,1,0.00,0.00,0.00,0.08,0,0,0.1,False,1.0,4,0,0,0,True,0,0,0,0,0,0.0,1,0
3,False,109,0,0,17,0,0,3.0,0,0.20,0.20,0.00,2.49,1,0,3.2,False,29.2,90,0,0,0,True,5,0,3,1,0,0.0,3,0
3,False,110,0,0,13,0,1,0.0,0,0.00,0.00,0.00,2.12,1,0,1.9,False,18.8,90,0,0,0,True,9,0,2,1,0,0.0,2,0
3,False,112,0,2,29,1,3,12.8,4,0.01,0.10,0.09,0.92,0,0,4.0,False,16.6,90,0,0,0,True,4,0,0,1,1,11.0,8,0
3,False,113,0,0,8,0,4,12.5,5,0.01,0.07,0.06,2.40,1,0,4.4,False,12.6,77,0,0,0,True,2,0,0,1,1,19.0,2,0
3,False,114,0,0,17,0,4,62.3,4,0.33,0.33,0.00,2.49,1,0,8.3,False,20.6,90,0,0,0,True,4,0,0,1,0,0.0,2,0
3,False,115,1,0,17,0,1,22.1,2,0.14,0.14,0.00,2.40,1,0,4.4,False,19.6,76,0,0,0,True,4,0,0,1,1,2.0,4,1
3,False,116,0,1,20,0,12,1.9,12,0.01,0.01,0.00,2.49,1,0,3.7,False,30.8,90,0,0,0,True,5,0,0,1,0,4.0,5,0
3,False,119,0,0,7,0,1,14.5,1,0.16,0.16,0.00,0.10,0,0,2.0,False,5.8,12,0,0,0,True,0,0,0,0,0,0.0,1,0
3,False,124,0,0,-1,0,2,16.5,4,0.04,0.83,0.79,2.49,1,0,3.2,False,0.0,90,0,0,0,True,2,0,0,1,0,19.0,1,1
3,False,127,0,0,13,0,2,26.4,9,0.05,0.14,0.09,2.49,1,0,7.2,False,15.2,90,0,0,0,True,4,0,0,1,3,30.0,2,0
3,False,129,0,0,18,0,1,14.8,3,0.04,0.21,0.17,2.49,1,0,4.4,False,11.4,90,0,0,0,True,2,0,0,1,0,18.0,2,0
3,False,136,0,0,3,0,0,0.3,0,0.00,0.00,0.00,0.00,0,0,0.2,False,0.0,3,0,0,0,True,0,0,0,0,0,2.0,1,0
3,False,138,0,0,9,0,3,5.3,8,0.02,0.45,0.43,2.49,1,0,3.9,False,9.6,90,0,0,0,True,4,0,0,1,1,24.0,2,0
3,False,142,0,0,9,0,3,15.0,3,0.05,0.12,0.07,2.05,2,0,4.1,False,12.6,90,0,0,0,True,6,0,0,1,0,13.0,1,0
3,False,144,0,0,4,0,0,3.4,2,0.01,0.05,0.04,0.14,0,0,0.7,False,3.0,30,0,0,0,True,2,0,0,0,2,1.0,1,0
3,False,145,0,0,16,0,14,22.8,17,0.04,0.04,0.00,2.05,2,0,6.3,False,39.8,90,0,0,0,True,3,0,0,1,3,0.0,3,0
3,False,148,1,0,5,0,4,11.2,6,0.02,0.02,0.00,1.91,2,0,4.8,False,34.8,59,0,0,0,True,2,0,0,1,2,2.0,3,0
3,False,151,0,0,-3,0,1,1.8,1,0.01,0.01,0.00,2.05,2,0,0.8,False,2.2,90,0,0,0,True,1,0,0,1,0,4.0,1,0
3,False,153,0,0,14,0,9,13.3,13,0.04,0.04,0.00,3.14,2,0,4.7,False,31.4,90,0,0,0,True,8,0,0,1,4,2.0,3,0
3,False,154,0,0,11,0,0,15.8,3,0.04,0.15,0.11,2.05,2,0,5.5,False,7.0,90,0,0,0,True,3,0,0,1,0,32.0,1,1
3,False,155,0,0,17,1,1,18.9,3,0.12,0.25,0.13,1.00,0,0,4.7,False,10.2,75,0,0,0,True,1,0,0,1,1,18.0,3,0
3,False,156,0,0,10,0,2,23.8,7,0.03,0.06,0.03,2.05,2,0,4.4,False,6.2,80,0,0,0,True,4,0,0,1,1,14.0,2,0
3,False,157,0,0,5,0,0,0.4,0,0.00,0.04,0.04,0.00,0,0,2.1,False,3.2,9,0,0,0,True,0,0,0,0,0,17.0,1,0
3,False,160,0,0,4,0,0,1.6,0,0.00,0.00,0.00,0.35,0,0,0.3,False,1.0,15,0,0,0,True,0,0,0,0,0,0.0,1,0
3,False,161,0,0,7,0,2,1.5,6,0.01,0.01,0.00,1.91,2,0,0.7,False,5.8,59,0,0,0,True,3,0,0,1,1,0.0,1,0
3,False,162,0,0,4,0,4,0.6,4,0.01,0.01,0.00,0.09,1,0,1.4,False,7.2,6,0,0,0,True,0,0,0,0,0,6.0,1,0
3,False,165,0,0,8,0,0,28.8,1,0.05,0.07,0.02,2.05,2,0,3.7,False,0.0,90,0,0,0,True,1,0,0,1,0,9.0,1,1
3,False,166,0,0,10,1,0,17.5,2,0.44,0.68,0.24,0.22,0,0,3.9,False,1.2,84,0,0,0,True,2,0,0,1,0,20.0,2,0
3,False,167,0,0,6,1,2,20.8,5,0.06,0.12,0.06,0.89,0,0,2.8,False,2.4,73,0,0,0,True,3,0,0,1,0,5.0,2,0
3,False,173,0,0,19,0,11,20.8,12,0.17,0.39,0.22,2.12,1,0,6.5,False,20.6,90,0,0,0,True,3,0,0,1,1,24.0,4,0
3,False,175,0,0,5,0,8,5.2,11,0.06,0.06,0.00,2.12,1,0,2.4,False,16.8,90,0,0,0,True,4,0,0,1,3,2.0,3,1
3,False,176,0,0,10,0,5,14.9,7,0.08,0.08,0.00,2.12,1,0,3.7,False,21.8,84,0,0,0,True,3,0,0,1,2,0.0,2,0
3,False,182,0,0,4,0,2,1.3,3,0.34,0.34,0.00,2.12,1,0,1.2,False,4.4,90,0,0,0,True,6,0,0,1,1,6.0,2,0
3,False,183,0,0,9,0,2,28.5,5,0.09,0.38,0.29,1.17,1,0,7.6,False,14.4,62,0,0,0,True,2,0,0,1,1,33.0,2,0
3,False,184,0,0,8,0,3,2.3,8,0.00,0.04,0.04,2.12,1,0,2.2,False,18.6,90,0,0,0,True,0,0,0,1,5,1.0,2,0
3,False,186,0,0,4,0,2,0.8,5,0.00,0.00,0.00,1.17,1,0,0.1,False,0.0,70,0,0,0,True,3,0,0,1,0,2.0,2,0
3,False,190,0,0,9,0,0,24.8,1,0.03,0.13,0.10,0.95,0,0,5.4,False,8.2,27,0,0,0,True,1,0,0,0,0,21.0,1,0
3,False,194,0,0,6,0,1,0.3,3,0.00,0.00,0.00,0.95,0,0,0.5,False,2.2,19,0,0,0,True,2,0,0,0,0,2.0,1,0
3,False,195,0,0,3,0,0,10.0,0,0.00,0.30,0.30,0.95,0,0,5.0,False,5.0,19,0,0,0,True,0,0,0,0,0,35.0,1,0
3,False,198,0,0,19,0,1,0.0,0,0.00,0.00,0.00,3.14,2,0,3.8,False,38.4,90,0,0,0,True,7,0,5,1,0,0.0,2,0
3,False,200,0,0,3,0,9,1.3,11,0.01,0.01,0.00,2.05,2,0,2.9,False,26.0,90,0,0,0,True,2,0,0,1,2,2.0,2,1
3,False,201,0,0,5,0,0,0.8,1,0.00,0.03,0.03,0.26,0,0,0.7,False,2.4,31,0,0,0,True,0,0,0,0,1,4.0,1,0
3,False,202,0,0,8,0,8,0.5,9,0.00,0.04,0.04,3.14,2,0,3.6,False,28.8,90,0,0,0,True,4,0,0,1,1,7.0,1,0
3,False,203,0,0,4,0,7,1.9,9,0.00,0.00,0.00,3.14,2,0,1.5,False,13.0,90,0,0,0,True,2,0,0,1,2,0.0,1,0
3,False,204,0,2,31,0,4,10.7,6,0.01,0.67,0.66,2.57,2,2,13.6,True,78.0,73,0,0,0,True,2,0,0,1,2,47.0,15,0
3,False,207,0,0,4,0,0,0.3,1,0.00,0.00,0.00,0.13,0,0,0.1,False,1.0,1,0,0,0,True,1,0,0,0,1,0.0,1,0
3,False,209,0,0,3,0,3,22.9,8,0.04,0.09,0.05,0.37,1,0,3.9,False,6.6,65,0,0,0,True,4,0,0,1,1,9.0,1,1
3,False,210,0,0,10,0,7,2.8,8,0.01,0.01,0.00,3.14,2,0,2.0,False,14.8,90,0,0,0,True,0,0,0,1,1,2.0,2,0
3,False,211,1,0,25,0,1,42.6,5,0.30,0.55,0.25,3.01,2,0,5.7,False,8.0,88,0,0,0,True,3,0,0,1,1,6.0,5,0
3,False,212,0,0,3,0,2,0.3,3,0.00,0.00,0.00,0.57,0,0,0.3,False,2.4,16,0,0,0,True,1,0,0,0,0,0.0,1,0
3,False,214,1,0,21,0,0,23.2,4,0.01,0.01,0.00,3.01,2,0,4.9,False,19.6,88,0,0,0,True,4,0,0,1,0,6.0,5,0
3,False,222,0,0,4,0,1,0.8,4,0.00,0.00,0.00,1.54,0,0,0.3,False,2.4,45,0,0,0,True,3,0,0,0,0,0.0,1,0
3,False,224,1,0,16,0,0,10.7,2,0.00,0.14,0.14,1.60,2,0,5.1,False,21.2,45,0,0,0,True,1,0,0,1,1,19.0,4,0
3,False,226,0,0,6,0,0,0.0,0,0.00,0.00,0.00,0.69,2,0,0.9,False,9.2,90,0,0,0,True,12,0,1,1,0,0.0,1,0
3,False,229,0,0,11,0,9,1.0,12,0.01,0.03,0.02,0.69,2,0,3.1,False,24.4,90,0,0,0,True,3,0,0,1,3,6.0,3,0
3,False,230,0,0,10,0,10,0.6,11,0.00,0.08,0.08,0.69,2,0,7.6,False,41.6,90,0,0,0,True,4,0,0,1,1,34.0,3,0
3,False,233,0,0,8,0,3,2.5,6,0.01,0.01,0.00,0.69,2,0,1.5,False,12.8,90,0,0,0,True,4,0,0,1,3,0.0,1,0
3,False,236,0,0,20,0,2,30.0,11,0.07,0.34,0.27,0.69,2,0,8.7,False,24.0,90,0,0,0,True,5,0,0,1,4,33.0,2,0
3,False,237,0,0,12,1,1,17.9,5,0.04,0.06,0.02,1.35,0,0,3.5,False,7.0,86,0,0,0,True,2,0,0,1,2,10.0,3,0
3,False,238,0,0,8,0,0,12.3,1,0.13,0.15,0.02,0.31,1,0,2.8,False,6.0,24,0,0,0,True,0,0,0,0,1,10.0,1,0
3,False,239,0,0,19,0,2,31.1,8,0.08,0.08,0.00,0.40,1,0,4.1,False,9.6,76,0,0,0,True,5,0,0,1,1,0.0,2,0
3,False,242,0,3,35,0,1,34.4,4,0.07,0.11,0.04,0.69,2,1,10.4,False,44.2,90,0,0,0,True,3,0,0,1,0,25.0,10,0
3,False,244,0,0,5,0,3,6.7,5,0.03,0.12,0.09,0.69,2,0,2.1,False,5.2,90,0,0,0,True,1,0,0,1,1,9.0,1,1
3,False,246,0,0,10,0,2,16.8,6,0.13,0.13,0.00,0.40,1,0,2.1,False,4.4,74,0,0,0,True,4,0,0,1,0,0.0,1,1
3,False,247,1,0,14,0,0,25.5,1,0.09,0.13,0.04,0.29,1,0,5.6,False,20.6,15,0,0,0,True,0,0,0,0,1,10.0,4,0
3,False,249,0,0,7,0,0,15.0,4,0.02,0.40,0.38,0.69,2,0,3.9,False,0.2,90,0,0,0,True,4,0,0,1,0,24.0,2,0
3,False,250,0,0,8,0,0,0.0,0,0.00,0.00,0.00,1.97,3,0,1.9,False,18.8,90,0,0,0,True,8,0,2,1,0,0.0,1,0
3,False,253,0,0,8,0,5,22.9,7,0.06,0.06,0.00,1.97,3,0,5.3,False,24.4,90,0,0,0,True,7,0,0,1,2,6.0,1,0
3,False,254,0,0,7,0,3,24.8,5,0.10,0.18,0.08,1.97,3,0,4.8,False,14.6,78,0,0,0,True,5,0,0,1,2,9.0,1,0
3,False,257,0,0,2,0,1,6.4,2,0.04,0.04,0.00,1.97,3,0,2.0,False,13.8,90,0,0,0,True,2,0,0,1,1,0.0,1,0
3,False,258,0,0,-1,0,5,24.1,7,0.19,0.77,0.58,1.97,3,0,7.5,False,20.6,90,0,0,0,True,5,0,0,1,2,30.0,1,0
3,False,259,0,0,10,0,9,10.8,11,0.01,0.01,0.00,0.69,2,0,3.8,False,27.2,90,0,0,0,True,2,0,0,1,2,0.0,3,0
3,False,260,0,0,0,0,0,20.3,1,0.00,0.00,0.00,1.32,0,0,2.4,False,1.4,17,0,0,0,True,1,0,0,0,0,2.0,0,1
3,False,261,0,0,15,0,0,23.7,4,0.26,0.30,0.04,1.97,3,0,4.2,False,7.6,82,0,0,0,True,3,0,0,1,1,11.0,2,0
3,False,262,0,0,3,0,0,0.5,0,0.00,0.00,0.00,0.00,0,0,0.3,False,0.2,11,0,0,0,True,0,0,0,0,0,2.0,1,0
3,False,264,0,0,17,0,0,58.8,4,0.65,0.97,0.32,1.97,3,0,12.3,False,11.2,78,0,0,0,True,4,0,0,1,0,53.0,2,0
3,False,265,0,0,9,0,0,2.9,2,0.10,0.10,0.00,0.84,1,0,0.6,False,3.2,29,0,0,0,True,2,0,0,0,0,0.0,1,0
3,False,267,0,0,13,0,1,14.2,4,0.02,0.02,0.00,0.69,2,0,2.5,False,10.4,90,0,0,0,True,2,0,0,1,1,0.0,2,0
3,False,268,0,3,38,0,1,26.0,7,0.27,0.58,0.31,1.97,3,1,10.5,False,44.6,90,0,0,0,True,5,0,0,1,1,34.0,10,0
3,False,269,0,0,3,0,1,14.8,1,0.32,0.40,0.08,0.00,0,0,2.1,False,2.0,11,0,0,0,True,1,0,0,0,0,4.0,1,0
3,False,271,0,0,5,0,0,10.1,0,0.00,0.38,0.38,0.00,0,0,4.0,False,3.2,7,0,0,0,True,0,0,0,0,0,27.0,1,0
3,False,277,0,0,18,1,4,0.1,7,0.00,0.00,0.00,1.93,0,0,1.6,False,15.4,90,0,0,0,True,1,0,0,1,3,0.0,6,0
3,False,279,0,0,17,1,5,0.7,6,0.00,0.00,0.00,1.93,0,0,1.2,False,11.0,90,0,0,0,True,1,0,0,1,1,0.0,5,1
3,False,280,0,0,19,1,0,4.6,0,0.01,0.01,0.00,1.81,0,0,0.6,False,1.4,63,0,0,0,True,0,0,0,1,0,0.0,6,0
3,False,282,0,2,30,1,3,26.4,4,0.04,0.04,0.00,1.93,0,0,4.1,False,14.8,90,0,0,0,True,5,0,0,1,1,0.0,8,0
3,False,286,0,0,15,1,8,12.4,12,0.01,0.04,0.03,1.93,0,0,4.5,False,22.8,81,0,0,0,True,1,0,0,1,3,10.0,5,0
3,False,290,0,0,10,1,3,12.3,6,0.01,0.05,0.04,1.93,0,0,3.1,False,10.6,90,0,0,0,True,2,0,0,1,1,8.0,3,0
3,False,295,0,0,2,1,1,11.3,3,0.05,0.43,0.38,1.93,0,0,2.9,False,2.6,90,0,0,0,True,0,0,0,1,2,15.0,2,0
3,False,304,0,0,5,0,8,4.4,11,0.01,0.01,0.00,0.69,2,0,3.2,False,23.8,90,0,0,0,True,3,0,0,1,3,4.0,3,0
3,False,305,0,0,4,0,4,21.5,6,0.12,0.23,0.11,0.69,2,0,5.8,False,17.4,90,0,0,0,True,3,0,0,1,2,19.0,1,0
3,False,306,0,0,6,0,6,12.3,7,0.04,0.04,0.00,0.69,2,0,3.1,False,15.0,90,0,0,0,True,3,0,0,1,1,4.0,1,0
3,False,313,0,0,3,0,1,11.7,2,0.02,0.07,0.05,0.06,0,0,1.9,False,3.4,24,0,0,0,True,1,0,0,0,0,4.0,1,0
3,False,315,0,0,14,0,2,32.9,6,0.15,0.18,0.03,0.69,2,0,4.7,False,10.2,78,0,0,0,True,2,0,0,1,2,4.0,2,0
3,False,316,0,0,8,0,1,0.0,3,0.00,0.22,0.22,0.62,2,0,1.1,False,3.2,65,0,0,0,True,1,0,0,1,1,8.0,2,0
3,False,323,0,0,5,0,0,0.5,1,0.00,0.05,0.05,0.00,0,0,1.1,False,3.2,11,0,0,0,True,1,0,0,0,0,7.0,1,0
3,False,327,0,0,1,0,2,0.0,4,0.00,0.00,0.00,1.95,1,0,0.6,False,6.2,29,0,0,0,True,0,0,0,0,2,0.0,1,0
3,False,328,0,0,3,0,0,0.1,0,0.00,0.00,0.00,0.00,0,0,0.0,False,0.2,1,0,0,0,True,0,0,0,0,0,0.0,1,0
3,False,330,0,3,30,1,2,1.7,2,0.02,0.92,0.90,0.24,0,1,7.0,True,35.4,60,0,0,0,True,0,0,0,1,0,33.0,14,1
3,False,331,0,0,9,0,2,1.2,5,0.00,0.00,0.00,2.19,1,0,1.6,False,12.6,90,0,0,0,True,9,0,0,1,3,2.0,2,0
3,False,332,0,0,9,0,7,1.5,10,0.00,0.14,0.14,2.19,1,0,3.9,False,16.8,90,0,0,0,True,4,0,0,1,3,21.0,4,0
3,False,334,0,0,10,0,12,0.8,13,0.01,0.01,0.00,2.19,1,0,3.2,False,29.2,90,0,0,0,True,2,0,0,1,1,2.0,4,0
3,False,335,0,0,7,0,2,16.5,6,0.10,0.42,0.32,2.19,1,0,5.1,False,15.4,90,0,0,0,True,2,0,0,1,2,19.0,2,0
3,False,336,0,0,9,1,0,0.6,0,0.01,0.01,0.00,0.24,0,0,0.4,False,1.4,61,0,0,0,True,0,0,0,1,0,2.0,3,0
3,False,337,0,0,5,0,0,1.0,0,0.00,0.00,0.00,1.95,1,0,0.1,False,0.0,28,0,0,0,True,0,0,0,0,0,0.0,1,0
3,False,338,0,0,13,0,6,1.3,11,0.01,0.01,0.00,2.19,1,0,2.5,False,23.6,90,0,0,0,True,1,0,0,1,4,0.0,2,0
3,False,345,1,0,18,0,3,12.2,8,0.01,0.54,0.53,0.87,1,0,4.6,False,20.8,72,0,0,0,True,3,0,0,1,2,13.0,5,0
3,False,346,0,0,0,0,1,11.3,3,0.06,0.62,0.56,0.87,1,0,3.7,False,4.4,72,0,0,0,True,2,0,0,1,0,21.0,1,1
3,False,347,0,0,2,0,0,1.8,0,0.14,0.31,0.17,1.32,0,0,0.9,False,0.0,17,0,0,0,True,0,0,0,0,0,9.0,1,0
3,False,350,0,1,35,1,2,0.0,0,0.00,0.00,0.00,0.75,0,0,3.0,False,30.4,90,0,0,0,True,14,0,5,1,0,0.0,8,0
3,False,356,0,0,32,1,4,1.8,7,0.02,0.02,0.00,0.75,0,0,2.5,False,23.2,90,0,0,0,True,4,0,0,1,3,0.0,6,0
3,False,358,0,0,23,1,3,11.3,5,0.03,0.03,0.00,0.75,0,0,2.5,False,13.8,90,0,0,0,True,1,0,0,1,2,0.0,5,1
3,False,362,0,0,28,1,6,12.5,9,0.03,0.03,0.00,0.75,0,0,3.7,False,22.8,90,0,0,0,True,3,0,0,1,3,2.0,5,1
3,False,366,0,0,14,1,0,34.0,4,0.05,0.23,0.18,0.65,0,0,6.3,False,6.6,90,0,0,0,True,4,0,0,1,0,22.0,3,0
3,False,367,2,2,43,1,2,42.7,10,0.40,0.46,0.06,0.75,0,0,10.5,True,49.6,90,0,0,0,True,5,0,0,1,3,13.0,11,0
3,False,368,0,0,20,1,3,29.9,9,0.08,0.24,0.16,0.75,0,0,7.0,False,19.4,90,0,0,0,True,6,0,0,1,0,21.0,3,0
3,False,371,0,0,2,0,1,1.7,2,0.00,0.00,0.00,0.17,0,0,0.4,False,2.2,26,0,0,0,True,1,0,0,0,0,0.0,1,0
3,False,372,0,0,14,1,3,12.8,11,0.02,0.10,0.08,0.60,0,0,4.7,False,16.6,83,0,0,0,True,5,0,0,1,3,18.0,2,1
3,False,375,0,0,3,0,0,0.1,0,0.00,0.00,0.00,0.15,0,0,0.0,False,0.2,6,0,0,0,True,0,0,0,0,0,0.0,1,0
3,False,377,0,0,9,1,0,4.3,4,0.02,0.02,0.00,0.58,0,0,1.1,False,0.8,63,0,0,0,True,4,0,0,1,0,6.0,3,0
3,False,379,0,3,61,1,1,6.4,3,0.05,0.26,0.21,0.58,0,2,10.7,True,67.0,63,0,0,0,True,2,0,0,1,0,34.0,13,0
3,False,381,0,0,3,0,0,0.0,0,0.00,0.00,0.00,0.10,0,0,0.0,False,0.0,1,0,0,0,True,0,0,0,0,0,0.0,1,0
3,False,384,0,0,29,1,1,0.0,0,0.00,0.00,0.00,1.37,0,0,2.7,False,26.8,90,0,0,0,True,2,0,3,1,0,0.0,7,0
3,False,385,0,0,18,0,2,0.0,0,0.00,0.00,0.00,2.19,1,0,3.5,False,34.8,90,0,0,0,True,11,0,4,1,0,0.0,3,0
3,False,388,0,2,31,1,9,9.6,9,0.02,0.02,0.00,1.37,0,0,4.0,False,28.8,90,0,0,0,True,6,0,0,1,0,2.0,8,0
3,False,390,0,0,25,1,3,6.6,3,0.03,0.03,0.00,1.37,0,0,2.7,False,20.6,90,0,0,0,True,0,0,0,1,0,0.0,6,0
3,False,391,0,2,31,1,4,6.9,8,0.02,0.03,0.01,1.37,0,0,3.3,False,18.8,90,0,0,0,True,7,0,0,1,4,7.0,8,0
3,False,393,0,0,22,1,4,3.9,6,0.02,0.02,0.00,1.37,0,0,1.8,False,13.6,90,0,0,0,True,4,0,0,1,2,0.0,5,1
3,False,397,1,0,26,1,0,45.9,4,0.34,0.39,0.05,1.37,0,0,8.0,False,22.6,90,0,0,0,True,3,0,0,1,1,11.0,6,0
3,False,398,0,0,3,0,0,14.8,1,0.01,0.63,0.62,0.50,0,0,2.6,False,4.4,24,0,0,0,True,1,0,0,0,0,7.0,1,0
3,False,399,0,0,23,1,0,52.2,3,0.30,0.51,0.21,0.86,0,0,8.4,False,7.4,65,0,0,0,True,3,0,0,1,0,24.0,3,0
3,False,401,0,0,6,1,0,2.4,0,0.01,0.18,0.17,0.88,0,0,1.0,False,0.0,83,0,0,0,True,0,0,0,1,0,10.0,2,0
3,False,403,0,0,15,1,0,17.3,0,0.27,0.29,0.02,0.49,0,0,3.9,False,6.2,60,0,0,0,True,0,0,0,1,0,15.0,3,0
3,False,405,0,0,11,0,1,12.4,7,0.01,0.01,0.00,1.33,2,0,2.1,False,6.2,76,0,0,0,True,6,0,0,1,0,2.0,2,0
3,False,411,0,3,40,1,5,13.6,7,0.48,1.54,1.06,1.37,0,1,12.5,True,48.8,90,0,0,0,True,2,0,0,1,0,63.0,9,0
3,False,412,0,0,13,0,1,0.0,0,0.00,0.00,0.00,1.01,2,0,3.2,False,31.8,90,0,0,0,True,14,0,4,1,0,0.0,2,0
3,False,415,0,0,3,0,1,1.3,3,0.01,0.01,0.00,0.36,2,0,0.8,False,4.2,20,0,0,0,True,1,0,0,0,1,2.0,1,0
3,False,417,0,0,8,0,2,22.7,4,0.01,0.02,0.01,0.92,1,0,3.4,False,4.8,83,0,0,0,True,3,0,0,1,2,6.0,1,1
3,False,418,0,0,1,0,12,1.3,12,0.01,0.01,0.00,1.01,2,0,3.0,False,26.8,90,0,0,0,True,2,0,0,1,0,2.0,2,1
3,False,419,0,0,7,0,10,0.3,10,0.00,0.00,0.00,1.01,2,0,2.9,False,29.0,90,0,0,0,True,2,0,0,1,0,0.0,3,0
3,False,420,0,0,1,0,1,0.6,3,0.01,0.01,0.00,0.09,1,0,0.9,False,6.0,6,0,0,0,True,0,0,0,0,2,2.0,1,0
3,False,422,0,0,-1,0,0,0.5,1,0.01,0.01,0.00,0.07,1,0,0.5,False,2.2,1,0,0,0,True,0,0,0,0,1,2.0,1,0
3,False,423,1,0,22,0,7,24.8,8,0.23,0.25,0.02,0.94,1,0,7.0,False,42.4,90,0,0,0,True,1,0,0,1,1,3.0,4,1
3,False,426,0,0,11,0,0,33.6,2,0.06,0.21,0.15,1.01,2,0,5.1,False,3.4,90,0,0,0,True,2,0,0,1,0,14.0,2,0
3,False,427,0,1,29,0,4,13.7,8,0.03,0.08,0.05,1.01,2,1,7.2,False,39.8,90,0,0,0,True,4,0,0,1,0,18.0,8,0
3,False,428,0,0,10,1,0,6.2,3,0.05,0.17,0.12,0.65,0,0,1.9,False,2.8,69,0,0,0,True,1,0,0,1,2,10.0,3,0
3,False,429,0,0,11,1,0,12.5,4,0.06,0.06,0.00,0.65,0,0,2.4,False,3.8,69,0,0,0,True,4,0,0,1,0,8.0,3,0
3,False,432,1,2,32,0,3,24.5,15,0.07,0.07,0.00,0.92,1,0,5.9,False,34.2,83,0,0,0,True,10,0,0,1,2,0.0,9,0
3,False,439,0,0,28,0,0,0.2,0,0.00,0.29,0.29,0.36,2,1,5.2,False,31.2,20,0,0,0,True,0,0,0,0,0,21.0,5,0
3,False,445,0,0,0,0,3,12.3,3,0.05,0.05,0.00,1.37,2,0,2.2,False,7.6,90,1,0,0,True,3,0,0,1,0,2.0,-1,0
3,False,447,0,0,3,0,8,0.9,9,0.16,0.16,0.00,1.37,2,0,3.1,False,26.0,90,0,0,0,True,3,0,0,1,1,4.0,1,0
3,False,449,1,0,20,0,5,13.4,6,0.01,0.02,0.01,1.35,2,0,4.4,False,28.0,89,0,0,0,True,13,0,0,1,1,3.0,4,0
3,False,450,0,0,3,0,0,0.0,0,0.00,0.00,0.00,0.02,0,0,0.0,False,0.2,1,0,0,0,True,0,0,0,0,0,0.0,1,0
3,False,453,1,2,37,0,2,2.8,6,0.03,0.14,0.11,1.37,2,1,5.9,True,33.0,90,0,0,0,True,4,0,0,1,0,23.0,12,0
3,False,454,0,0,8,0,1,31.8,4,0.23,0.23,0.00,1.33,2,0,4.4,False,8.4,76,0,0,0,True,1,0,0,1,2,4.0,1,1
3,False,455,0,0,22,1,4,8.0,12,0.01,0.01,0.00,0.92,0,0,3.1,False,22.8,90,0,0,0,True,4,0,0,1,4,0.0,5,0
3,False,456,0,0,22,0,0,0.8,4,0.02,0.13,0.11,0.04,0,1,5.0,False,32.4,27,0,0,0,True,4,0,0,0,0,17.0,6,0
3,False,457,0,0,5,0,0,0.3,1,0.00,0.00,0.00,0.04,0,0,0.1,False,0.2,13,0,0,0,True,1,0,0,0,0,0.0,1,0
3,False,459,0,0,11,0,1,1.1,4,0.02,0.02,0.00,1.33,2,0,0.6,False,3.2,62,0,0,0,True,3,0,0,1,0,2.0,2,0
3,False,460,0,0,6,0,1,2.2,3,0.01,0.37,0.36,1.33,2,0,1.9,False,6.0,62,0,0,0,True,1,0,0,1,1,11.0,2,0
3,False,462,0,0,3,0,1,0.5,2,0.00,0.00,0.00,0.04,0,0,0.3,False,2.0,13,0,0,0,True,1,0,0,0,0,0.0,1,0
3,False,464,0,0,7,0,0,7.3,3,0.03,0.03,0.00,1.37,2,0,0.7,False,0.0,90,0,0,0,True,3,0,0,1,0,0.0,1,1
3,False,467,0,0,21,1,1,0.0,0,0.00,0.00,0.00,1.06,0,0,0.2,False,2.4,90,0,0,0,True,11,0,0,1,0,0.0,6,0
3,False,469,0,1,28,1,3,10.9,6,0.07,0.07,0.00,1.06,0,0,2.6,False,11.4,90,0,0,0,True,8,0,0,1,3,4.0,7,0
3,False,471,0,0,27,1,9,0.8,11,0.01,0.01,0.00,1.06,0,0,3.1,False,28.6,90,0,0,0,True,3,0,0,1,2,2.0,7,1
3,False,472,0,0,25,1,6,1.2,10,0.00,0.17,0.17,1.06,0,0,2.9,False,17.8,89,0,0,0,True,4,0,0,1,4,10.0,8,0
3,False,473,0,0,8,0,2,0.5,7,0.00,0.00,0.00,0.81,0,0,1.4,False,13.0,58,0,0,0,True,4,0,0,1,5,0.0,1,0
3,False,474,0,0,24,1,10,0.7,12,0.01,0.04,0.03,1.06,0,0,2.2,False,20.0,90,0,0,0,True,2,0,0,1,2,1.0,8,0
3,False,480,0,0,3,1,0,3.0,7,0.01,0.49,0.48,1.06,0,0,2.2,False,5.6,90,0,0,0,True,5,0,0,1,2,13.0,3,0
3,False,481,0,0,23,1,4,28.1,11,0.17,0.19,0.02,1.37,0,0,6.0,False,26.6,90,0,0,0,True,6,0,0,1,1,5.0,3,0
3,False,483,0,0,5,0,0,0.3,5,0.00,0.00,0.00,0.81,0,0,0.1,False,0.4,58,0,0,0,True,4,0,0,1,1,0.0,1,0
3,False,486,0,0,22,1,0,59.5,7,0.22,0.35,0.13,1.06,0,0,8.4,False,14.2,90,0,0,0,True,4,0,0,1,3,10.0,2,1
3,False,490,0,0,3,0,0,0.1,0,0.00,0.00,0.00,0.18,0,0,0.0,False,0.2,16,0,0,0,True,0,0,0,0,0,0.0,1,0
3,False,491,0,0,3,0,0,0.4,1,0.00,0.00,0.00,0.26,0,0,0.2,False,1.2,31,0,0,0,True,0,0,0,0,1,0.0,1,0
3,False,492,0,0,6,0,2,10.3,5,0.00,0.31,0.31,1.17,1,0,1.7,False,3.6,70,0,0,0,True,3,0,0,1,0,3.0,2,0
3,False,496,0,0,24,1,2,10.0,0,0.00,0.00,0.00,0.92,0,0,2.0,False,10.4,90,0,0,0,True,8,0,1,1,0,0.0,6,0
3,False,499,0,1,28,1,3,35.8,4,0.06,0.09,0.03,0.92,0,0,5.5,False,13.2,90,0,0,0,True,3,0,0,1,1,6.0,7,0
3,False,501,0,0,9,0,7,10.9,8,0.08,0.08,0.00,1.21,1,0,3.2,False,20.8,90,0,0,0,True,3,0,0,1,1,0.0,2,0
3,False,502,0,0,3,0,1,0.3,1,0.00,0.00,0.00,0.43,0,0,0.6,False,6.0,29,0,0,0,True,1,0,0,0,0,0.0,1,0
3,False,503,0,3,30,1,6,1.2,9,0.00,0.57,0.57,0.92,0,0,3.7,False,21.4,90,0,0,0,True,4,0,0,1,3,14.0,9,0
3,False,504,0,2,27,0,8,1.8,10,0.01,0.20,0.19,2.49,1,1,9.8,True,56.2,90,0,0,0,True,4,0,0,1,2,40.0,12,0
3,False,506,0,0,16,1,3,1.3,3,0.02,0.02,0.00,0.49,0,0,0.8,False,4.6,60,0,0,0,True,1,0,0,1,0,2.0,5,1
3,False,512,0,0,13,0,0,15.1,3,0.16,0.16,0.00,0.43,0,0,2.2,False,5.2,29,0,0,0,True,3,0,0,0,0,2.0,1,0
3,False,514,0,0,11,1,0,20.2,2,0.05,0.05,0.00,0.76,0,0,4.7,False,6.8,73,0,0,0,True,2,0,0,1,0,20.0,3,0
3,False,516,0,0,14,1,11,3.3,17,0.01,0.03,0.02,0.92,0,0,2.8,False,18.4,90,0,0,0,True,5,0,0,1,1,6.0,5,0
3,False,519,0,0,23,1,1,4.4,11,0.06,0.06,0.00,0.88,0,0,1.7,False,10.2,83,0,0,0,True,6,0,0,1,4,2.0,3,0
3,False,525,0,0,-1,0,0,0.4,0,0.00,0.00,0.00,0.04,0,0,0.0,False,0.0,7,0,0,0,True,0,0,0,0,0,0.0,0,1
3,False,526,0,0,-1,0,1,0.3,1,0.00,0.17,0.17,0.04,0,0,0.4,False,0.0,6,0,0,0,True,0,0,0,0,0,4.0,1,0
3,False,529,0,0,11,0,1,0.0,0,0.00,0.00,0.00,1.21,1,0,1.3,False,12.6,90,0,0,0,True,13,0,1,1,0,0.0,2,0
3,False,532,0,0,12,0,8,10.3,10,0.14,0.20,0.06,1.21,1,0,4.3,False,25.0,90,0,0,0,True,5,0,0,1,2,8.0,4,0
3,False,533,0,0,16,0,10,5.0,14,0.02,0.02,0.00,1.21,1,0,3.7,False,32.4,90,0,0,0,True,6,0,0,1,4,0.0,4,0
3,False,534,0,0,8,0,0,0.1,2,0.00,0.00,0.00,0.45,0,0,0.4,False,3.8,26,0,0,0,True,2,0,0,0,2,0.0,1,0
3,False,536,0,0,14,0,4,1.5,7,0.01,0.01,0.00,1.21,1,0,1.6,False,14.4,90,0,0,0,True,7,0,0,1,3,0.0,2,0
3,False,541,0,0,0,0,2,1.5,2,0.00,0.11,0.11,0.76,1,0,1.3,False,5.2,63,0,0,0,True,0,0,0,1,0,6.0,2,0
3,False,542,0,1,25,0,0,3.7,6,0.03,0.87,0.84,1.21,1,1,6.8,False,40.0,90,0,0,0,True,2,0,0,1,4,24.0,8,0
3,False,544,0,0,12,0,4,20.5,15,0.12,0.18,0.06,1.21,1,0,3.9,False,15.2,90,0,0,0,True,9,0,0,1,2,3.0,3,1
3,False,545,0,0,16,0,0,15.0,3,0.18,0.46,0.28,0.82,1,0,7.2,False,8.8,73,0,0,0,True,3,0,0,1,0,48.0,1,1
3,False,551,0,0,11,0,1,5.7,5,0.07,0.07,0.00,0.76,1,0,3.0,False,8.6,63,0,0,0,True,3,0,0,1,1,16.0,2,0
3,False,552,0,0,11,0,0,37.1,3,0.06,0.32,0.26,1.21,1,0,7.1,False,4.4,90,0,0,0,True,3,0,0,1,0,29.0,2,0
3,False,553,1,0,15,0,0,0.3,2,0.01,0.11,0.10,0.45,0,0,1.1,False,0.2,26,0,0,0,True,2,0,0,0,0,10.0,4,0
3,False,557,1,1,31,0,2,50.0,8,0.20,0.20,0.00,0.39,1,0,8.5,False,30.6,90,0,0,0,True,5,0,0,1,1,4.0,5,1
3,False,558,0,0,18,1,3,2.3,10,0.06,0.09,0.03,1.06,0,0,1.5,False,11.2,90,0,0,0,True,3,0,0,1,4,1.0,3,0
3,False,562,0,0,9,0,2,0.1,5,0.00,0.04,0.04,0.62,2,0,2.5,False,8.2,65,0,0,0,True,1,0,0,1,2,17.0,2,0
3,False,564,0,0,13,0,0,0.0,0,0.00,0.00,0.00,0.69,2,0,2.8,False,27.8,90,0,0,0,True,7,0,5,1,0,0.0,2,0
3,False,565,0,0,0,0,1,1.3,5,0.01,0.16,0.15,0.35,0,0,0.6,False,0.0,45,0,0,0,True,3,0,0,1,1,8.0,0,1
3,False,566,0,0,8,0,7,1.2,8,0.01,0.03,0.02,0.71,2,0,4.2,False,23.8,90,0,0,0,True,2,0,0,1,1,17.0,1,0
3,False,567,0,0,12,0,0,0.0,0,0.00,0.00,0.00,1.37,2,0,3.3,False,33.4,90,0,0,0,True,6,0,4,1,0,0.0,2,0
3,False,569,0,0,10,0,3,14.0,7,0.20,0.64,0.44,1.97,3,0,5.9,False,5.8,90,0,0,0,True,3,0,0,1,1,39.0,2,0
3,False,570,0,1,27,0,0,13.7,0,0.02,0.82,0.80,1.14,2,1,9.9,False,33.8,60,0,0,0,True,0,0,0,1,0,51.0,8,0
3,False,572,0,0,25,1,0,0.0,0,0.00,0.00,0.00,1.93,0,0,1.2,False,11.6,90,0,0,0,True,10,0,1,1,0,0.0,6,0
3,False,574,0,0,4,0,0,0.0,1,0.00,0.00,0.00,0.00,0,0,0.0,False,0.0,8,0,0,0,True,1,0,0,0,0,0.0,1,0
3,False,575,0,0,4,0,2,0.3,6,0.00,0.00,0.00,0.95,0,0,0.1,False,1.0,27,0,0,0,True,4,0,0,0,0,0.0,1,0
3,False,576,0,0,5,1,0,11.8,2,0.01,0.05,0.04,1.81,0,0,1.4,False,0.0,62,0,0,0,True,2,0,0,1,0,4.0,3,0
3,False,578,0,0,3,0,0,0.1,0,0.00,0.00,0.00,0.16,0,0,0.1,False,0.0,16,0,0,0,True,0,0,0,0,0,2.0,1,0
3,False,579,0,0,27,1,9,2.4,10,0.01,0.01,0.00,0.75,0,0,2.4,False,20.0,90,0,0,0,True,1,0,0,1,1,2.0,8,0
3,False,580,0,0,18,0,3,35.2,11,0.09,0.09,0.00,1.97,3,0,5.6,False,12.4,78,0,0,0,True,8,0,0,1,0,8.0,2,0
3,False,581,0,0,3,0,0,0.0,0,0.00,0.00,0.00,0.00,0,0,0.0,False,0.0,1,0,0,0,True,0,0,0,0,0,0.0,1,0
3,False,583,0,0,2,0,1,2.0,2,0.00,0.00,0.00,0.14,0,0,0.8,False,2.4,30,0,0,0,True,1,0,0,0,1,4.0,1,0
3,False,584,0,0,1,0,0,0.0,2,0.00,0.00,0.00,0.00,0,0,0.0,False,0.0,5,0,0,0,True,1,0,0,0,1,0.0,1,0
3,False,585,0,0,2,0,1,0.1,2,0.00,0.00,0.00,0.12,0,0,0.7,False,6.6,19,0,0,0,True,1,0,0,0,1,0.0,1,0
3,False,586,0,0,22,1,7,0.6,10,0.00,0.03,0.03,1.81,0,0,3.1,False,16.2,70,0,0,0,True,2,0,0,1,3,14.0,8,0
3,False,588,0,0,6,0,7,2.3,10,0.01,0.73,0.72,3.14,2,0,3.2,False,21.6,90,0,0,0,True,3,0,0,1,3,8.0,3,0
3,False,589,0,0,7,1,4,21.6,10,0.01,0.01,0.00,1.93,0,0,3.5,False,13.4,81,0,0,0,True,5,0,0,1,1,0.0,2,1
3,False,591,0,0,16,0,2,22.5,5,0.02,0.26,0.24,0.69,2,0,5.6,False,10.2,90,0,0,0,True,3,0,0,1,0,23.0,1,1
3,False,592,0,0,4,0,0,14.0,0,0.02,0.02,0.00,0.00,0,0,1.8,False,3.6,12,0,0,0,True,2,0,0,0,0,0.0,1,0
3,False,593,0,0,3,0,1,6.4,1,0.02,0.13,0.11,1.37,2,0,1.7,False,0.6,90,0,0,0,True,4,0,0,1,0,10.0,1,0
3,False,594,0,0,-7,0,0,0.0,0,0.00,0.42,0.42,0.10,0,0,0.0,False,0.0,13,0,0,0,True,0,0,0,0,0,4.0,0,1
3,False,596,0,0,3,0,1,2.6,1,0.01,0.01,0.00,0.35,0,0,0.5,False,2.6,15,0,0,0,True,2,0,0,0,0,0.0,1,0
3,False,597,0,3,38,1,1,0.0,0,0.00,0.00,0.00,0.57,0,0,2.7,True,27.2,90,0,0,0,True,13,0,4,1,0,0.0,10,0
3,False,598,0,0,12,0,10,21.1,10,0.57,0.57,0.00,2.19,1,0,5.5,False,27.6,90,0,0,0,True,0,0,0,1,0,6.0,4,0
3,False,605,0,0,16,0,2,24.4,5,0.09,0.14,0.05,2.49,1,0,5.3,False,8.2,90,0,0,0,True,3,0,0,1,0,20.0,2,0
3,False,608,0,0,4,0,0,0.0,0,0.00,0.00,0.00,0.05,0,0,0.0,False,0.0,1,0,0,0,True,0,0,0,0,0,0.0,1,0
3,False,611,0,0,3,0,1,0.9,1,0.00,0.00,0.00,0.35,0,0,0.4,False,2.8,5,0,0,0,True,0,0,0,0,0,0.0,1,0
3,False,616,0,0,5,0,2,0.5,5,0.00,0.00,0.00,0.37,0,0,1.2,False,11.2,14,0,0,0,True,3,0,0,0,0,0.0,1,0
3,False,617,0,0,5,0,0,0.0,0,0.00,0.05,0.05,0.00,0,0,2.0,False,3.0,8,0,0,0,True,0,0,0,0,0,17.0,1,0
3,False,619,0,0,24,0,3,22.5,19,0.02,0.02,0.00,0.69,2,0,4.3,False,20.2,77,0,0,0,True,12,0,0,1,4,0.0,4,0
3,False,621,0,0,5,0,0,0.0,4,0.00,0.00,0.00,0.02,0,0,0.7,False,5.2,3,0,0,0,True,2,0,0,0,2,2.0,1,0
3,False,627,0,0,5,0,0,10.5,0,0.07,0.07,0.00,0.17,0,0,1.6,False,3.0,26,0,0,0,True,0,0,0,0,0,2.0,1,0
3,False,634,0,0,4,0,0,0.8,1,0.00,0.00,0.00,0.04,0,0,0.7,False,0.0,27,0,0,0,True,1,0,0,0,0,6.0,1,0
3,False,635,0,0,3,0,0,1.3,1,0.22,0.35,0.13,0.00,0,0,1.4,False,3.6,11,0,0,0,True,0,0,0,0,1,9.0,1,0
3,False,638,0,0,3,0,1,0.3,1,0.00,0.00,0.00,0.12,0,0,0.5,False,2.2,26,0,0,0,True,2,0,0,0,0,2.0,1,0
3,False,640,0,0,4,0,0,0.5,0,0.01,0.03,0.02,0.06,0,0,1.1,False,3.2,24,0,0,0,True,0,0,0,0,0,7.0,1,0
3,False,642,0,0,5,0,0,10.8,1,0.04,0.04,0.00,0.12,0,0,1.4,False,3.2,27,0,0,0,True,1,0,0,0,0,0.0,1,0
3,False,643,0,0,20,0,0,0.7,0,0.00,0.15,0.15,0.57,0,1,5.1,False,33.2,16,0,0,0,True,0,0,0,0,0,17.0,7,0
3,False,644,0,0,8,0,2,0.2,6,0.00,0.02,0.02,2.57,2,0,0.5,False,4.2,73,0,0,0,True,3,0,0,1,1,1.0,2,0
3,False,646,0,0,3,0,0,0.5,0,0.00,0.00,0.00,0.39,0,0,0.1,False,0.0,16,0,0,0,True,0,0,0,0,0,0.0,1,0
3,False,647,0,0,2,0,0,0.3,1,0.00,0.00,0.00,0.13,0,0,0.2,False,2.0,1,0,0,0,True,0,0,0,0,1,0.0,1,0
3,False,649,0,0,13,0,0,0.8,0,0.00,0.03,0.03,0.29,1,1,4.1,False,33.4,13,0,0,0,True,0,0,0,0,0,7.0,7,0
4,True,1,0,3,38,1,2,0.0,0,0.00,0.00,0.00,1.80,0,0,0.0,True,0.0,90,0,0,1,True,14,0,2,1,0,0.0,14,0
4,True,4,0,2,30,1,10,0.0,11,0.01,0.03,0.02,1.80,0,0,0.0,False,0.0,90,0,0,0,True,2,0,0,1,1,0.0,9,1
4,True,5,0,0,3,0,2,0.0,3,0.01,0.01,0.00,1.57,0,0,0.0,False,0.0,45,0,0,0,True,5,0,0,0,1,0.0,1,0
4,True,7,0,0,2,0,0,0.0,0,0.00,0.00,0.00,0.23,0,0,0.0,False,0.0,45,0,0,0,True,0,0,0,1,0,0.0,1,0
4,True,8,0,0,18,1,4,0.0,4,0.01,0.07,0.06,1.80,0,0,0.0,False,0.0,90,0,0,0,True,2,0,0,1,0,0.0,6,0
4,True,10,0,0,4,0,1,0.0,3,0.00,0.00,0.00,0.23,0,0,0.0,False,0.0,45,0,0,0,True,0,0,0,1,2,0.0,1,0
4,True,12,0,0,28,1,2,0.0,7,0.08,1.46,1.38,1.80,0,1,0.0,False,0.0,90,0,0,0,True,4,0,0,1,1,0.0,8,0
4,True,13,1,0,27,1,6,0.0,10,0.37,0.37,0.00,1.41,0,0,0.0,False,0.0,80,0,0,0,True,2,0,0,1,2,0.0,6,0
4,True,14,0,0,3,0,0,0.0,0,0.00,0.00,0.00,0.40,0,0,0.0,False,0.0,9,0,0,0,True,0,0,0,0,0,0.0,1,0
4,True,15,0,0,26,1,1,0.0,5,0.25,0.25,0.00,1.80,0,0,0.0,False,0.0,84,0,0,0,True,3,0,0,1,1,0.0,3,0
4,True,17,0,0,3,0,0,0.0,0,0.00,0.00,0.00,0.00,0,0,0.0,False,0.0,5,0,0,0,True,0,0,0,0,0,0.0,1,0
4,True,19,0,0,5,0,0,0.0,2,0.00,0.00,0.00,0.40,0,0,0.0,False,0.0,9,0,0,0,True,1,0,0,0,1,0.0,1,0
4,True,26,0,0,0,1,1,0.0,2,0.02,0.36,0.34,1.80,0,0,0.0,False,0.0,90,0,0,0,True,1,0,0,1,0,0.0,1,1
4,True,28,0,0,10,0,0,0.0,0,0.00,0.00,0.00,1.38,2,0,0.0,False,0.0,90,0,0,0,True,10,0,3,1,0,0.0,2,0
4,True,31,0,0,16,1,6,0.0,8,0.00,0.00,0.00,1.80,0,0,0.0,False,0.0,90,0,0,0,True,1,0,0,1,2,0.0,6,0
4,True,33,0,0,0,0,4,0.0,5,0.00,0.09,0.09,2.08,2,0,0.0,False,0.0,65,0,0,0,True,2,0,0,0,1,0.0,0,1
4,True,34,0,0,4,0,0,0.0,0,0.00,0.00,0.00,0.20,0,0,0.0,False,0.0,24,0,0,0,True,0,0,0,1,0,0.0,1,0
4,True,36,0,0,7,0,3,0.0,4,0.03,0.21,0.18,1.66,2,0,0.0,False,0.0,90,0,0,0,True,6,0,0,1,1,0.0,1,0
4,True,37,0,0,2,0,2,0.0,2,0.01,0.45,0.44,2.28,2,0,0.0,False,0.0,90,0,0,0,True,0,0,0,1,0,0.0,1,0
4,True,40,0,1,31,0,0,0.0,6,0.02,0.23,0.21,1.38,2,1,0.0,False,0.0,90,0,0,0,True,4,0,0,1,2,0.0,8,0
4,True,41,0,0,8,0,0,0.0,5,0.01,0.01,0.00,1.42,1,0,0.0,False,0.0,62,0,0,0,True,5,0,0,1,0,0.0,2,0
4,True,43,0,0,15,0,3,0.0,5,0.04,0.04,0.00,0.53,1,0,0.0,False,0.0,66,0,0,0,True,0,0,0,1,2,0.0,2,0
4,True,45,1,1,30,0,2,0.0,9,0.11,0.11,0.00,2.28,2,0,0.0,False,0.0,90,0,0,0,True,6,0,0,1,1,0.0,6,0
4,True,46,0,0,14,0,0,0.0,7,0.01,0.04,0.03,1.42,1,0,0.0,False,0.0,62,0,0,0,True,3,0,0,1,4,0.0,2,0
4,True,47,0,0,17,0,1,0.0,5,0.05,0.05,0.00,2.28,2,0,0.0,False,0.0,90,0,0,0,True,1,0,0,1,3,0.0,2,0
4,True,51,0,0,3,0,1,0.0,1,0.01,0.01,0.00,0.39,0,0,0.0,False,0.0,45,0,0,0,True,0,0,0,1,0,0.0,1,0
4,True,52,0,0,24,0,1,0.0,2,0.00,0.06,0.06,1.89,2,1,0.0,False,0.0,45,0,0,0,True,1,0,0,0,0,0.0,6,0
4,True,53,0,0,3,0,0,0.0,2,0.08,0.08,0.00,0.86,1,0,0.0,False,0.0,27,0,0,0,True,1,0,0,0,1,0.0,1,0
4,True,56,0,0,4,0,0,0.0,1,0.00,0.00,0.00,1.89,2,0,0.0,False,0.0,45,0,0,0,True,1,0,0,0,0,0.0,1,0
4,True,57,0,0,0,0,0,0.0,0,0.00,0.00,0.00,0.50,2,0,0.0,False,0.0,90,0,0,0,True,10,0,0,1,0,0.0,1,0
4,True,60,0,0,5,0,10,0.0,11,0.01,0.01,0.00,0.50,2,0,0.0,False,0.0,90,0,0,0,True,3,0,0,1,1,0.0,2,1
4,True,61,0,0,23,0,8,0.0,16,0.10,0.18,0.08,0.50,2,0,0.0,False,0.0,90,0,0,0,True,3,0,0,1,8,0.0,3,0
4,True,64,0,0,-1,0,5,0.0,6,0.01,0.01,0.00,0.50,2,0,0.0,False,0.0,90,0,0,0,True,4,0,0,1,1,0.0,0,1
4,True,67,0,0,7,0,2,0.0,3,0.02,0.41,0.39,0.39,2,0,0.0,False,0.0,81,0,0,0,True,0,0,0,1,1,0.0,2,0
4,True,68,0,2,44,0,2,0.0,8,0.47,0.67,0.20,0.39,2,1,0.0,False,0.0,82,0,0,0,True,5,0,0,1,1,0.0,8,1
4,True,69,0,0,19,0,6,0.0,15,0.05,0.24,0.19,0.50,2,0,0.0,False,0.0,90,0,0,0,True,7,0,0,1,2,0.0,4,0
4,True,70,0,1,31,0,1,0.0,4,0.02,0.23,0.21,0.39,2,1,0.0,False,0.0,65,0,0,0,True,3,0,0,1,0,0.0,8,0
4,True,71,0,0,-1,0,2,0.0,2,0.00,0.00,0.00,0.11,0,0,0.0,False,0.0,8,0,0,0,True,0,0,0,0,0,0.0,0,1
4,True,72,0,0,6,0,0,0.0,4,0.03,0.13,0.10,0.11,0,0,0.0,False,0.0,8,0,0,0,True,3,0,0,0,1,0.0,1,0
4,True,73,0,0,16,0,3,0.0,10,0.02,0.05,0.03,0.39,2,0,0.0,False,0.0,81,0,0,0,True,5,0,0,1,2,0.0,2,0
4,True,74,0,0,-1,0,2,0.0,3,0.00,0.00,0.00,0.11,0,0,0.0,False,0.0,7,0,0,0,True,1,0,0,0,0,0.0,0,1
4,True,75,0,0,7,0,3,0.0,7,0.12,0.12,0.00,0.11,0,0,0.0,False,0.0,24,0,0,0,True,4,0,0,0,0,0.0,1,0
4,True,79,1,0,22,0,1,0.0,4,0.25,0.25,0.00,0.48,2,0,0.0,False,0.0,90,0,0,0,True,3,0,0,1,0,0.0,5,0
4,True,81,0,0,3,0,0,0.0,0,0.00,0.00,0.00,0.02,0,0,0.0,False,0.0,1,0,0,0,True,0,0,0,0,0,0.0,1,0
4,True,82,0,0,19,0,1,0.0,0,0.00,0.00,0.00,1.75,2,0,0.0,False,0.0,90,0,0,0,True,11,0,8,1,0,0.0,3,0
4,True,86,0,0,0,0,1,0.0,2,0.13,0.16,0.03,1.25,2,0,0.0,False,0.0,59,0,0,0,True,0,0,0,1,1,0.0,1,0
4,True,87,0,0,0,0,7,0.0,9,0.00,0.02,0.02,1.75,2,0,0.0,False,0.0,90,0,0,0,True,1,0,0,1,2,0.0,1,0
4,True,88,0,0,5,0,1,0.0,1,0.15,0.15,0.00,0.41,0,0,0.0,False,0.0,19,0,0,0,True,1,0,0,0,0,0.0,1,0
4,True,90,0,0,4,0,5,0.0,7,0.03,0.06,0.03,1.33,2,0,0.0,False,0.0,70,0,0,0,True,4,0,0,1,2,0.0,1,0
4,True,91,0,0,-11,0,8,0.0,10,0.00,0.01,0.01,2.81,5,0,0.0,False,0.0,90,0,0,0,True,1,0,0,1,2,0.0,2,0
4,True,93,0,0,5,0,10,0.0,12,0.01,0.01,0.00,1.75,2,0,0.0,False,0.0,90,0,0,0,True,3,0,0,1,2,0.0,3,0
4,True,94,0,3,49,0,0,0.0,4,0.10,0.31,0.21,1.75,2,2,0.0,True,0.0,90,0,0,0,True,3,0,0,1,1,0.0,15,0
4,True,95,0,0,4,0,1,0.0,4,0.01,0.03,0.02,0.50,0,0,0.0,False,0.0,30,0,0,0,True,3,0,0,0,0,0.0,1,0
4,True,96,0,0,3,0,1,0.0,4,0.00,0.10,0.10,0.50,0,0,0.0,False,0.0,30,0,0,0,True,3,0,0,0,0,0.0,1,0
4,True,98,0,0,20,0,11,0.0,20,0.08,0.08,0.00,1.75,2,0,0.0,False,0.0,90,0,0,0,True,6,0,0,1,3,0.0,4,0
4,True,102,1,0,19,0,2,0.0,5,0.21,0.21,0.00,1.25,2,0,0.0,False,0.0,59,0,0,0,True,3,0,0,1,0,0.0,4,0
4,True,104,0,0,11,0,2,0.0,7,0.01,0.04,0.03,2.16,3,0,0.0,False,0.0,72,0,0,0,True,4,0,0,1,1,0.0,2,0
4,True,105,0,0,12,0,5,0.0,11,0.10,0.10,0.00,1.25,2,0,0.0,False,0.0,59,0,0,0,True,4,0,0,1,2,0.0,1,0
4,True,106,0,0,3,0,0,0.0,1,0.03,0.14,0.11,1.75,2,0,0.0,False,0.0,90,0,0,0,True,1,0,0,1,0,0.0,1,1
4,True,109,0,0,39,1,3,0.0,0,0.00,0.00,0.00,1.33,0,0,0.0,False,0.0,90,0,0,0,True,7,0,6,1,0,0.0,8,0
4,True,110,0,0,-5,0,1,0.0,0,0.01,0.01,0.00,2.81,5,0,0.0,False,0.0,90,0,0,0,True,11,0,2,1,0,0.0,0,0
4,True,112,0,0,27,1,11,0.0,13,0.05,0.19,0.14,1.11,0,0,0.0,False,0.0,90,0,0,0,True,2,0,0,1,2,0.0,8,0
4,True,113,0,0,24,1,2,0.0,2,0.09,0.09,0.00,1.33,0,0,0.0,False,0.0,90,0,0,0,True,1,0,0,1,0,0.0,6,0
4,True,114,0,0,25,1,8,0.0,9,0.03,0.04,0.01,1.11,0,0,0.0,False,0.0,77,0,0,0,True,5,0,0,1,1,0.0,6,0
4,True,115,1,2,41,1,1,0.0,1,0.04,0.07,0.03,1.33,0,0,0.0,True,0.0,90,0,0,0,True,4,0,0,1,0,0.0,11,0
4,True,116,0,0,39,1,5,0.0,6,0.03,0.06,0.03,1.33,0,1,0.0,True,0.0,90,0,0,0,True,2,0,0,1,1,0.0,12,0
4,True,119,0,0,3,0,1,0.0,1,0.00,0.00,0.00,0.04,0,0,0.0,False,0.0,6,0,0,0,True,1,0,0,0,0,0.0,1,0
4,True,124,2,3,56,1,2,0.0,6,0.19,1.01,0.82,1.33,0,1,0.0,True,0.0,90,0,0,0,True,2,0,0,1,2,0.0,17,0
4,True,126,0,0,4,0,0,0.0,1,0.01,0.01,0.00,0.04,0,0,0.0,False,0.0,6,0,0,0,True,1,0,0,0,0,0.0,1,0
4,True,127,0,0,6,1,1,0.0,3,0.06,0.20,0.14,1.30,0,0,0.0,False,0.0,83,0,0,0,True,2,0,0,1,0,0.0,3,0
4,True,129,0,0,38,1,0,0.0,7,0.03,0.34,0.31,1.33,0,1,0.0,False,0.0,90,0,0,0,True,6,0,0,1,1,0.0,8,0
4,True,136,0,0,4,0,1,0.0,1,0.06,0.06,0.00,0.54,0,0,0.0,False,0.0,12,0,0,0,True,0,0,0,0,0,0.0,1,0
4,True,138,1,1,40,1,2,0.0,7,0.01,0.40,0.39,1.30,0,1,0.0,False,0.0,83,0,0,0,True,4,0,0,1,1,0.0,10,0
4,True,142,0,0,11,0,2,0.0,4,0.14,0.30,0.16,1.38,2,0,0.0,False,0.0,90,0,0,0,True,4,0,0,1,2,0.0,1,0
4,True,144,0,0,7,0,5,0.0,5,0.07,0.11,0.04,0.84,2,0,0.0,False,0.0,77,0,0,0,True,4,0,0,1,0,0.0,1,0
4,True,145,0,0,10,0,4,0.0,6,0.03,0.03,0.00,0.89,2,0,0.0,False,0.0,85,0,0,0,True,4,0,0,1,2,0.0,1,0
4,True,147,0,0,5,0,2,0.0,4,0.00,0.00,0.00,0.03,0,0,0.0,False,0.0,5,0,0,0,True,1,0,0,0,2,0.0,1,0
4,True,148,0,0,-8,0,2,0.0,3,0.10,0.10,0.00,0.44,2,0,0.0,False,0.0,45,0,0,0,True,2,0,0,1,1,0.0,0,0
4,True,149,0,0,8,0,6,0.0,6,0.01,0.01,0.00,1.38,2,0,0.0,False,0.0,90,0,0,0,True,6,0,0,1,0,0.0,1,0
4,True,153,0,0,-18,0,6,0.0,6,0.00,0.00,0.00,0.38,3,0,0.0,False,0.0,33,0,0,0,True,2,1,0,1,0,0.0,-3,0
4,True,154,1,0,28,0,0,0.0,3,0.25,0.38,0.13,1.38,2,0,0.0,False,0.0,90,0,0,0,True,3,0,0,1,0,0.0,5,0
4,True,155,0,0,17,1,4,0.0,10,0.13,0.31,0.18,0.50,0,0,0.0,False,0.0,81,0,0,0,True,4,0,0,1,2,0.0,2,1
4,True,156,0,0,17,0,3,0.0,7,0.10,0.15,0.05,0.89,2,0,0.0,False,0.0,85,0,0,0,True,3,0,0,1,1,0.0,2,0
4,True,157,0,0,6,0,0,0.0,1,0.07,0.10,0.03,0.49,0,0,0.0,False,0.0,4,0,0,0,True,0,0,0,0,1,0.0,1,0
4,True,161,0,0,14,0,3,0.0,9,0.07,0.07,0.00,0.84,2,0,0.0,False,0.0,68,0,0,0,True,5,0,0,1,1,0.0,2,0
4,True,165,1,3,44,0,2,0.0,2,0.04,0.33,0.29,1.38,2,1,0.0,True,0.0,90,0,0,0,True,0,0,0,1,0,0.0,12,0
4,True,166,0,0,0,0,0,0.0,0,0.04,0.04,0.00,0.39,0,0,0.0,False,0.0,45,0,0,0,True,0,0,0,1,0,0.0,0,1
4,True,167,0,0,25,0,1,0.0,4,0.08,0.71,0.63,0.73,1,1,0.0,False,0.0,90,0,0,0,True,2,0,0,1,1,0.0,5,1
4,True,173,0,0,-17,0,8,0.0,8,0.07,0.26,0.19,2.81,5,0,0.0,False,0.0,90,0,0,0,True,2,0,0,1,0,0.0,0,0
4,True,175,0,0,-5,0,6,0.0,7,0.04,0.04,0.00,2.81,5,0,0.0,False,0.0,90,0,0,0,True,3,0,0,1,1,0.0,0,0
4,True,176,0,0,-7,0,3,0.0,3,0.33,0.33,0.00,2.81,5,0,0.0,False,0.0,90,0,0,0,True,3,0,0,1,0,0.0,0,0
4,True,182,0,0,-12,0,8,0.0,8,0.00,0.00,0.00,2.81,5,0,0.0,False,0.0,90,0,0,0,True,0,0,0,1,0,0.0,0,0
4,True,183,0,0,11,0,2,0.0,5,0.73,1.06,0.33,2.16,3,0,0.0,False,0.0,72,0,0,0,True,3,0,0,1,0,0.0,2,0
4,True,184,0,0,9,0,1,0.0,3,0.02,0.07,0.05,2.60,4,0,0.0,False,0.0,83,0,0,0,True,1,0,0,1,1,0.0,2,0
4,True,186,0,0,5,0,2,0.0,4,0.01,0.50,0.49,1.37,2,0,0.0,False,0.0,59,0,0,0,True,2,0,0,1,0,0.0,1,0
4,True,188,0,0,3,0,0,0.0,0,0.00,0.00,0.00,0.21,1,0,0.0,False,0.0,6,0,0,0,True,0,0,0,0,0,0.0,1,0
4,True,194,0,0,7,0,0,0.0,0,0.03,0.24,0.21,0.64,2,0,0.0,False,0.0,17,0,0,0,True,0,0,0,0,0,0.0,1,0
4,True,199,0,0,3,0,1,0.0,0,0.00,0.00,0.00,1.68,3,0,0.0,False,0.0,90,0,0,0,True,7,0,3,1,0,0.0,2,0
4,True,200,0,0,4,0,2,0.0,3,0.00,0.00,0.00,0.49,0,0,0.0,False,0.0,4,0,0,0,True,0,0,0,0,1,0.0,1,0
4,True,201,0,0,23,0,3,0.0,7,0.18,0.40,0.22,0.82,1,0,0.0,False,0.0,90,0,0,0,True,4,0,0,1,4,0.0,2,0
4,True,202,0,0,2,0,12,0.0,13,0.06,0.06,0.00,1.68,3,0,0.0,False,0.0,90,0,0,0,True,6,0,0,1,1,0.0,2,1
4,True,204,0,0,6,0,1,0.0,1,0.06,0.06,0.00,1.13,2,0,0.0,False,0.0,76,0,0,0,True,8,0,0,1,0,0.0,1,0
4,True,209,0,0,13,1,2,0.0,6,0.18,0.34,0.16,0.43,0,0,0.0,False,0.0,74,0,0,0,True,2,0,0,1,2,0.0,3,0
4,True,210,0,0,13,0,1,0.0,5,0.04,0.12,0.08,1.13,2,0,0.0,False,0.0,76,0,0,0,True,3,0,0,1,1,0.0,2,0
4,True,211,0,0,4,0,0,0.0,1,0.01,0.01,0.00,0.38,1,0,0.0,False,0.0,36,0,0,0,True,1,0,0,1,0,0.0,1,0
4,True,212,0,0,6,0,1,0.0,4,0.04,0.04,0.00,0.55,1,0,0.0,False,0.0,13,0,0,0,True,2,0,0,0,1,0.0,1,0
4,True,213,0,0,3,0,1,0.0,1,0.00,0.00,0.00,0.48,1,0,0.0,False,0.0,6,0,0,0,True,0,0,0,0,0,0.0,1,0
4,True,214,2,0,30,0,0,0.0,1,0.05,0.05,0.00,1.20,2,0,0.0,False,0.0,83,0,0,0,True,0,0,0,1,1,0.0,8,0
4,True,222,0,2,39,0,0,0.0,2,0.02,0.11,0.09,1.20,2,1,0.0,False,0.0,83,0,0,0,True,1,0,0,1,1,0.0,8,0
4,True,226,0,0,25,1,2,0.0,0,0.00,0.00,0.00,0.69,0,0,0.0,False,0.0,90,0,0,0,True,11,0,2,1,0,0.0,6,0
4,True,229,0,2,32,1,3,0.0,8,0.01,0.01,0.00,0.69,0,0,0.0,False,0.0,90,0,0,0,True,3,0,0,1,5,0.0,8,0
4,True,230,0,0,27,1,8,0.0,9,0.00,0.00,0.00,0.69,0,0,0.0,False,0.0,90,0,0,0,True,2,0,0,1,1,0.0,6,0
4,True,232,0,0,2,0,1,0.0,1,0.00,0.00,0.00,0.26,0,0,0.0,False,0.0,15,0,0,0,True,1,0,0,0,0,0.0,1,0
4,True,233,0,3,38,1,4,0.0,11,0.07,0.07,0.00,0.69,0,0,0.0,True,0.0,90,0,0,0,True,4,0,0,1,7,0.0,11,0
4,True,236,0,0,16,1,2,0.0,6,0.09,0.26,0.17,0.69,0,0,0.0,False,0.0,90,0,0,0,True,4,0,0,1,0,0.0,2,1
4,True,237,0,0,15,0,3,0.0,10,0.01,0.01,0.00,0.80,0,0,0.0,False,0.0,45,0,0,0,True,6,0,0,0,1,0.0,1,0
4,True,238,0,0,4,0,2,0.0,4,0.01,0.01,0.00,0.30,0,0,0.0,False,0.0,25,0,0,0,True,1,0,0,0,1,0.0,1,0
4,True,239,0,0,23,1,3,0.0,17,0.02,0.06,0.04,0.69,0,0,0.0,False,0.0,90,0,0,0,True,8,0,0,1,6,0.0,4,1
4,True,240,0,0,2,0,1,0.0,2,0.00,0.00,0.00,0.35,0,0,0.0,False,0.0,21,0,0,0,True,0,0,0,0,1,0.0,0,1
4,True,242,0,0,13,1,1,0.0,3,0.15,0.20,0.05,0.39,0,0,0.0,False,0.0,64,0,0,0,True,2,0,0,1,0,0.0,3,0
4,True,244,0,0,6,1,3,0.0,5,0.02,0.02,0.00,0.69,0,0,0.0,False,0.0,90,0,0,0,True,2,0,0,1,0,0.0,3,0
4,True,247,0,0,3,0,1,0.0,1,0.02,0.02,0.00,0.26,0,0,0.0,False,0.0,15,0,0,0,True,0,0,0,0,0,0.0,1,0
4,True,249,0,0,5,1,1,0.0,2,0.03,0.70,0.67,0.69,0,0,0.0,False,0.0,90,0,0,0,True,1,0,0,1,0,0.0,2,0
4,True,250,0,2,29,1,1,0.0,0,0.00,0.00,0.00,1.28,0,0,0.0,False,0.0,90,0,0,0,True,8,0,3,1,0,0.0,9,0
4,True,254,0,0,25,1,7,0.0,9,0.05,0.10,0.05,1.28,0,0,0.0,False,0.0,90,0,0,0,True,4,0,0,1,2,0.0,6,0
4,True,256,0,0,-1,0,3,0.0,3,0.00,0.00,0.00,0.65,0,0,0.0,False,0.0,27,0,0,0,True,0,0,0,0,0,0.0,0,1
4,True,257,0,0,27,1,7,0.0,8,0.00,0.05,0.05,1.28,0,0,0.0,False,0.0,90,0,0,0,True,3,0,0,1,1,0.0,6,0
4,True,258,0,0,23,1,3,0.0,5,0.01,0.01,0.00,0.74,0,0,0.0,False,0.0,71,0,0,0,True,3,0,0,1,2,0.0,6,0
4,True,259,0,0,8,0,6,0.0,7,0.13,0.13,0.00,0.62,2,0,0.0,False,0.0,90,0,0,0,True,5,0,0,1,1,0.0,1,0
4,True,260,0,0,4,0,1,0.0,2,0.03,0.03,0.00,0.30,1,0,0.0,False,0.0,18,0,0,0,True,0,0,0,0,1,0.0,1,0
4,True,261,0,0,15,1,0,0.0,4,0.11,0.26,0.15,0.81,0,0,0.0,False,0.0,76,0,0,0,True,3,0,0,1,1,0.0,3,0
4,True,262,0,0,3,0,1,0.0,2,0.00,0.00,0.00,0.46,0,0,0.0,False,0.0,13,0,0,0,True,1,0,0,0,0,0.0,1,0
4,True,263,0,0,4,0,0,0.0,3,0.07,0.10,0.03,0.54,0,0,0.0,False,0.0,18,0,0,0,True,2,0,0,0,1,0.0,1,0
4,True,264,0,0,12,1,2,0.0,7,0.13,0.13,0.00,0.63,0,0,0.0,False,0.0,62,0,0,0,True,4,0,0,1,1,0.0,3,0
4,True,265,0,0,14,1,4,0.0,9,0.01,0.01,0.00,1.28,0,0,0.0,False,0.0,90,0,0,0,True,2,0,0,1,3,0.0,3,0
4,True,267,0,0,8,0,5,0.0,10,0.10,0.10,0.00,0.35,2,0,0.0,False,0.0,76,0,0,0,True,4,0,0,1,1,0.0,1,1
4,True,268,0,0,19,1,0,0.0,4,0.09,0.30,0.21,0.81,0,0,0.0,False,0.0,76,0,0,0,True,2,0,0,1,2,0.0,3,0
4,True,271,0,0,4,0,1,0.0,1,0.00,0.00,0.00,0.46,0,0,0.0,False,0.0,13,0,0,0,True,0,0,0,0,0,0.0,1,0
4,True,277,0,0,-1,0,12,0.0,14,0.00,0.04,0.04,0.91,2,0,0.0,False,0.0,90,0,0,0,True,6,0,0,1,2,0.0,2,1
4,True,279,0,0,-6,0,2,0.0,3,0.00,0.13,0.13,0.91,2,0,0.0,False,0.0,90,0,0,0,True,2,0,0,1,1,0.0,1,0
4,True,280,0,0,2,0,2,0.0,3,0.01,0.14,0.13,0.72,2,0,0.0,False,0.0,81,0,0,0,True,4,0,0,1,1,0.0,1,0
4,True,282,1,0,20,0,6,0.0,7,0.17,0.17,0.00,0.91,2,0,0.0,False,0.0,90,0,0,0,True,2,0,0,1,1,0.0,4,0
4,True,286,0,2,43,0,0,0.0,1,0.06,0.23,0.17,0.26,1,2,0.0,True,0.0,59,0,0,0,True,0,0,0,1,1,0.0,13,0
4,True,289,0,0,2,0,5,0.0,10,0.00,0.00,0.00,0.55,2,0,0.0,False,0.0,68,0,0,0,True,3,0,0,1,2,0.0,1,1
4,True,290,0,0,22,0,3,0.0,11,0.10,0.14,0.04,0.91,2,0,0.0,False,0.0,90,0,0,0,True,5,0,0,1,3,0.0,2,0
4,True,295,1,0,17,0,2,0.0,3,0.04,0.37,0.33,0.72,2,0,0.0,False,0.0,81,0,0,0,True,0,0,0,1,1,0.0,4,1
4,True,304,0,0,5,0,7,0.0,9,0.08,0.08,0.00,0.62,2,0,0.0,False,0.0,90,0,0,0,True,2,0,0,1,2,0.0,1,0
4,True,305,2,1,35,0,2,0.0,2,0.19,0.71,0.52,0.62,2,1,0.0,True,0.0,90,0,0,0,True,0,0,0,1,0,0.0,14,0
4,True,306,0,0,7,0,6,0.0,6,0.01,0.01,0.00,0.62,2,0,0.0,False,0.0,87,0,0,0,True,4,0,0,1,0,0.0,1,0
4,True,313,0,0,8,0,0,0.0,2,0.02,0.17,0.15,0.20,1,0,0.0,False,0.0,62,0,0,0,True,1,0,0,1,1,0.0,1,1
4,True,315,0,0,6,0,2,0.0,7,0.05,0.05,0.00,0.20,1,0,0.0,False,0.0,61,0,0,0,True,3,0,0,1,2,0.0,1,1
4,True,316,1,3,45,0,0,0.0,2,0.05,0.49,0.44,0.20,1,1,0.0,True,0.0,62,0,0,0,True,2,0,0,1,0,0.0,12,0
4,True,318,0,0,6,0,0,0.0,3,0.00,0.01,0.02,0.41,1,0,0.0,False,0.0,28,0,0,0,True,3,0,0,0,0,0.0,1,0
4,True,328,0,0,4,0,4,0.0,4,0.01,0.01,0.00,0.22,0,0,0.0,False,0.0,12,0,0,0,True,0,0,0,0,0,0.0,1,0
4,True,330,0,3,45,1,1,0.0,3,0.05,0.46,0.41,0.59,0,1,0.0,True,0.0,82,0,0,0,True,1,0,0,1,2,0.0,15,0
4,True,331,0,0,26,1,1,0.0,4,0.18,0.18,0.00,0.58,0,0,0.0,False,0.0,72,0,0,0,True,2,0,0,1,3,0.0,6,0
4,True,332,0,0,11,0,3,0.0,5,0.28,0.28,0.00,0.88,1,0,0.0,False,0.0,90,0,0,0,True,1,0,0,1,2,0.0,2,0
4,True,334,1,0,27,0,10,0.0,11,0.02,0.02,0.00,0.88,1,0,0.0,False,0.0,90,0,0,0,True,5,0,0,1,1,0.0,7,0
4,True,335,0,0,16,1,3,0.0,10,0.07,0.50,0.43,0.59,0,0,0.0,False,0.0,87,0,0,0,True,5,0,0,1,2,0.0,3,0
4,True,336,0,1,35,1,1,0.0,6,0.08,0.15,0.07,0.58,0,1,0.0,False,0.0,71,0,0,0,True,3,0,0,1,2,0.0,9,0
4,True,337,0,0,4,0,0,0.0,1,0.00,0.00,0.00,0.30,1,0,0.0,False,0.0,18,0,0,0,True,1,0,0,0,0,0.0,1,0
4,True,338,1,0,25,0,2,0.0,12,0.02,0.09,0.07,0.88,1,0,0.0,False,0.0,90,0,0,0,True,9,0,0,1,1,0.0,7,0
4,True,339,0,0,4,0,0,0.0,0,0.00,0.00,0.00,0.28,1,0,0.0,False,0.0,2,0,0,0,True,0,0,0,0,0,0.0,1,0
4,True,343,0,0,4,0,0,0.0,2,0.00,0.11,0.11,0.28,1,0,0.0,False,0.0,7,0,0,0,True,2,0,0,0,0,0.0,1,0
4,True,345,1,0,24,1,1,0.0,5,0.03,0.09,0.06,0.58,0,0,0.0,False,0.0,71,0,0,0,True,2,0,0,1,2,0.0,6,0
4,True,346,1,2,37,1,1,0.0,5,0.00,0.87,0.87,0.59,0,1,0.0,False,0.0,77,0,0,0,True,4,0,0,1,0,0.0,10,1
4,True,347,0,0,4,0,0,0.0,1,0.01,0.01,0.00,0.28,1,0,0.0,False,0.0,12,0,0,0,True,1,0,0,0,0,0.0,1,0
4,True,350,0,2,29,1,0,0.0,0,0.00,0.00,0.00,0.70,0,0,0.0,False,0.0,90,0,0,0,True,14,0,3,1,0,0.0,9,0
4,True,356,0,0,25,1,10,0.0,10,0.01,0.01,0.00,0.70,0,0,0.0,False,0.0,90,0,0,0,True,1,0,0,1,0,0.0,8,0
4,True,357,0,0,12,0,3,0.0,4,0.12,0.12,0.00,0.10,0,0,0.0,False,0.0,18,0,0,0,True,1,0,0,0,1,0.0,1,0
4,True,358,0,0,6,0,2,0.0,3,0.01,0.01,0.00,0.30,0,0,0.0,False,0.0,45,0,0,0,True,0,0,0,0,1,0.0,1,0
4,True,362,0,3,36,1,4,0.0,5,0.02,0.02,0.00,0.70,0,0,0.0,False,0.0,90,0,0,0,True,5,0,0,1,1,0.0,9,0
4,True,364,0,0,2,0,2,0.0,3,0.01,0.01,0.00,0.40,0,0,0.0,False,0.0,45,0,0,0,True,3,0,0,1,1,0.0,1,0
4,True,366,0,0,14,1,2,0.0,9,0.06,0.17,0.11,0.70,0,0,0.0,False,0.0,90,0,0,0,True,6,0,0,1,1,0.0,3,0
4,True,367,0,0,3,0,0,0.0,2,0.02,0.10,0.08,0.16,0,0,0.0,False,0.0,30,0,0,0,True,2,0,0,0,0,0.0,1,0
4,True,368,0,0,25,1,3,0.0,6,0.28,0.40,0.12,0.70,0,0,0.0,False,0.0,90,0,0,0,True,3,0,0,1,0,0.0,3,0
4,True,369,0,0,-1,0,1,0.0,1,0.00,0.11,0.11,0.10,0,0,0.0,False,0.0,18,0,0,0,True,0,0,0,0,0,0.0,1,0
4,True,371,0,0,13,0,7,0.0,10,0.01,0.05,0.04,0.54,0,0,0.0,False,0.0,59,0,0,0,True,1,0,0,1,2,0.0,1,0
4,True,372,0,0,7,0,2,0.0,4,0.02,0.04,0.02,0.16,0,0,0.0,False,0.0,30,0,0,0,True,1,0,0,0,1,0.0,1,0
4,True,377,0,0,5,0,0,0.0,2,0.00,0.10,0.10,0.54,0,0,0.0,False,0.0,59,0,0,0,True,2,0,0,1,0,0.0,1,0
4,True,379,0,0,5,1,0,0.0,1,0.00,0.50,0.50,0.70,0,0,0.0,False,0.0,90,0,0,0,True,1,0,0,1,0,0.0,2,0
4,True,384,0,0,29,1,0,0.0,0,0.00,0.00,0.00,1.00,0,0,0.0,False,0.0,90,0,0,0,True,10,0,3,1,0,0.0,7,0
4,True,385,0,0,17,0,4,0.0,0,0.00,0.00,0.00,0.88,1,0,0.0,False,0.0,90,0,0,0,True,8,0,4,1,0,0.0,3,0
4,True,387,0,0,3,0,0,0.0,0,0.00,0.00,0.00,0.50,0,0,0.0,False,0.0,8,0,0,0,True,1,0,0,0,0,0.0,1,0
4,True,388,0,0,27,1,7,0.0,7,0.00,0.00,0.00,1.00,0,0,0.0,False,0.0,90,0,0,0,True,3,0,0,1,0,0.0,6,0
4,True,389,0,1,34,1,9,0.0,11,0.01,0.01,0.00,1.00,0,0,0.0,False,0.0,90,0,0,0,True,8,0,0,1,2,0.0,9,0
4,True,390,0,0,24,1,7,0.0,7,0.00,0.00,0.00,1.00,0,0,0.0,False,0.0,90,0,0,0,True,2,0,0,1,0,0.0,6,0
4,True,391,1,3,36,1,3,0.0,7,0.00,0.02,0.02,1.00,0,0,0.0,False,0.0,90,0,0,0,True,3,0,0,1,4,0.0,11,1
4,True,397,0,0,7,1,0,0.0,3,0.06,0.06,0.00,1.00,0,0,0.0,False,0.0,90,0,0,0,True,2,0,0,1,1,0.0,3,0
4,True,398,0,0,-4,0,0,0.0,0,0.02,0.02,0.00,0.10,0,0,0.0,False,0.0,22,0,0,0,True,0,1,0,1,0,0.0,-2,0
4,True,399,0,0,4,0,1,0.0,1,0.06,0.09,0.03,0.20,0,0,0.0,False,0.0,45,0,0,0,True,0,0,0,1,0,0.0,1,0
4,True,401,0,0,9,1,0,0.0,5,0.03,0.05,0.02,1.08,0,0,0.0,False,0.0,76,0,0,0,True,5,0,0,1,0,0.0,2,0
4,True,403,0,0,22,1,1,0.0,6,0.26,0.36,0.10,1.11,0,0,0.0,False,0.0,90,0,0,0,True,5,0,0,1,0,0.0,3,0
4,True,405,0,0,3,0,0,0.0,1,0.00,0.00,0.00,0.27,0,0,0.0,False,0.0,18,0,0,0,True,1,0,0,1,0,0.0,1,0
4,True,411,0,3,36,1,0,0.0,3,0.01,0.88,0.87,1.00,0,1,0.0,False,0.0,90,0,0,0,True,3,0,0,1,0,0.0,9,0
4,True,412,0,0,5,0,1,0.0,0,0.00,0.00,0.00,1.10,1,0,0.0,False,0.0,90,0,0,0,True,5,0,1,1,0,0.0,2,0
4,True,415,0,0,19,0,3,0.0,12,0.03,0.03,0.00,1.10,1,0,0.0,False,0.0,90,0,0,0,True,3,0,0,1,6,0.0,4,0
4,True,417,0,0,9,0,2,0.0,3,0.05,0.07,0.02,1.10,1,0,0.0,False,0.0,90,0,0,0,True,9,0,0,1,1,0.0,2,0
4,True,418,0,0,4,0,4,0.0,5,0.01,0.13,0.12,1.10,1,0,0.0,False,0.0,90,0,0,0,True,6,0,0,1,1,0.0,1,1
4,True,419,0,0,14,0,3,0.0,6,0.08,0.11,0.03,1.10,1,0,0.0,False,0.0,90,0,0,0,True,5,0,0,1,3,0.0,2,0
4,True,426,0,0,17,0,1,0.0,7,0.33,0.36,0.03,1.10,1,0,0.0,False,0.0,90,0,0,0,True,4,0,0,1,2,0.0,2,0
4,True,427,0,0,9,0,1,0.0,5,0.08,0.57,0.49,1.10,1,0,0.0,False,0.0,90,0,0,0,True,3,0,0,1,1,0.0,2,0
4,True,428,0,0,8,0,0,0.0,2,0.03,0.14,0.11,1.10,1,0,0.0,False,0.0,90,0,0,0,True,1,0,0,1,1,0.0,2,0
4,True,429,0,0,6,0,2,0.0,5,0.08,0.20,0.12,1.08,1,0,0.0,False,0.0,82,0,0,0,True,2,0,0,1,1,0.0,2,0
4,True,432,0,0,20,0,4,0.0,13,0.07,0.10,0.03,1.10,1,0,0.0,False,0.0,90,0,0,0,True,9,0,0,1,0,0.0,4,0
4,True,439,0,0,4,0,0,0.0,2,0.00,0.06,0.06,0.57,0,0,0.0,False,0.0,23,0,0,0,True,2,0,0,0,0,0.0,1,0
4,True,440,0,0,4,0,1,0.0,3,0.01,0.01,0.00,0.02,0,0,0.0,False,0.0,7,0,0,0,True,2,0,0,0,0,0.0,1,0
4,True,445,0,0,-6,0,11,0.0,11,0.00,0.00,0.00,2.08,4,0,0.0,False,0.0,90,0,0,0,True,1,0,0,1,0,0.0,2,0
4,True,447,0,0,2,0,15,0.0,17,0.00,0.00,0.00,2.08,4,0,0.0,False,0.0,90,0,0,0,True,4,0,0,1,2,0.0,2,0
4,True,449,0,0,9,0,2,0.0,6,0.01,0.03,0.02,2.08,4,0,0.0,False,0.0,90,0,0,0,True,4,0,0,1,4,0.0,0,0
4,True,450,1,0,9,0,1,0.0,3,0.01,0.01,0.00,0.16,1,0,0.0,False,0.0,32,0,0,0,True,4,0,0,0,2,0.0,3,1
4,True,452,0,1,29,0,1,0.0,3,0.14,0.23,0.09,1.57,0,1,0.0,False,0.0,45,0,0,0,True,1,0,0,0,1,0.0,7,0
4,True,453,0,0,13,0,3,0.0,6,0.31,0.60,0.29,2.08,4,0,0.0,False,0.0,90,0,0,0,True,3,0,0,1,0,0.0,2,0
4,True,455,0,0,16,1,5,0.0,11,0.31,0.40,0.09,1.11,0,0,0.0,False,0.0,90,0,0,0,True,6,0,0,1,0,0.0,3,0
4,True,457,0,0,2,0,0,0.0,4,0.14,0.14,0.00,1.91,3,0,0.0,False,0.0,56,0,0,0,True,3,0,0,1,1,0.0,0,1
4,True,459,0,0,9,0,3,0.0,10,0.03,0.03,0.00,1.97,4,0,0.0,False,0.0,79,1,0,0,True,6,0,0,1,1,0.0,0,0
4,True,460,0,0,8,0,1,0.0,4,0.06,0.18,0.12,0.16,1,0,0.0,False,0.0,32,0,0,0,True,2,0,0,0,1,0.0,1,0
4,True,461,0,0,24,0,0,0.0,2,0.01,0.29,0.28,0.16,1,1,0.0,False,0.0,33,0,0,0,True,2,0,0,0,0,0.0,6,0
4,True,462,0,0,14,0,3,0.0,7,0.03,0.03,0.00,1.81,4,0,0.0,False,0.0,71,0,0,0,True,2,0,0,0,2,0.0,2,0
4,True,464,0,0,3,0,2,0.0,5,0.00,0.16,0.16,2.08,4,0,0.0,False,0.0,90,0,0,0,True,2,0,0,1,1,0.0,2,0
4,True,467,0,0,19,0,2,0.0,0,0.00,0.00,0.00,0.82,1,0,0.0,False,0.0,90,0,0,0,True,11,0,5,1,0,0.0,3,0
4,True,469,0,0,9,0,2,0.0,3,0.16,0.36,0.20,0.82,1,0,0.0,False,0.0,90,0,0,0,True,1,0,0,1,1,0.0,2,0
4,True,472,1,0,18,0,10,0.0,12,0.01,0.01,0.00,0.82,1,0,0.0,False,0.0,90,0,0,0,True,6,0,0,1,2,0.0,6,1
4,True,473,0,0,11,0,5,0.0,8,0.01,0.01,0.00,0.82,1,0,0.0,False,0.0,90,0,0,0,True,2,0,0,1,3,0.0,2,0
4,True,480,1,3,42,0,0,0.0,4,0.91,1.07,0.16,0.82,1,0,0.0,False,0.0,90,0,0,0,True,3,0,0,1,1,0.0,8,0
4,True,481,0,0,18,1,5,0.0,14,0.01,0.01,0.00,1.00,0,0,0.0,False,0.0,90,0,0,0,True,6,0,0,1,3,0.0,5,0
4,True,483,0,0,1,0,0,0.0,2,0.25,0.95,0.70,0.73,1,0,0.0,False,0.0,74,0,0,0,True,2,0,0,1,0,0.0,1,1
4,True,486,0,0,18,0,4,0.0,12,0.38,0.41,0.03,0.73,1,0,0.0,False,0.0,81,0,0,0,True,5,0,0,1,3,0.0,3,1
4,True,488,0,0,2,0,1,0.0,2,0.01,0.07,0.06,0.09,0,0,0.0,False,0.0,8,0,0,0,True,0,0,0,0,1,0.0,1,0
4,True,490,0,0,3,0,0,0.0,0,0.00,0.00,0.00,0.09,0,0,0.0,False,0.0,1,0,0,0,True,0,0,0,0,0,0.0,1,0
4,True,491,0,2,34,0,0,0.0,3,0.01,0.14,0.13,0.09,0,1,0.0,False,0.0,15,0,0,0,True,3,0,0,0,0,0.0,7,0
4,True,492,0,0,-5,0,0,0.0,2,0.01,0.07,0.06,1.37,5,0,0.0,False,0.0,52,0,0,0,True,1,1,0,1,1,0.0,-2,0
4,True,496,0,0,29,1,4,0.0,0,0.00,0.00,0.00,1.11,0,0,0.0,False,0.0,90,0,0,0,True,3,0,3,1,0,0.0,7,0
4,True,501,0,0,6,0,4,0.0,4,0.08,0.08,0.00,1.88,2,0,0.0,False,0.0,90,0,0,0,True,3,0,0,1,0,0.0,1,0
4,True,502,0,1,30,1,2,0.0,2,0.09,0.16,0.07,1.11,0,0,0.0,False,0.0,90,0,0,0,True,3,0,0,1,0,0.0,7,0
4,True,503,0,0,27,1,6,0.0,6,0.02,0.02,0.00,1.11,0,0,0.0,False,0.0,90,0,0,0,True,4,0,0,1,0,0.0,6,0
4,True,504,0,0,27,1,8,0.0,9,0.01,0.12,0.11,1.11,0,0,0.0,False,0.0,77,0,0,0,True,4,0,0,1,1,0.0,6,0
4,True,512,0,0,8,0,0,0.0,2,0.05,0.05,0.00,0.44,0,0,0.0,False,0.0,27,0,0,0,True,1,0,0,0,1,0.0,1,0
4,True,514,0,0,3,0,0,0.0,0,0.09,0.10,0.01,0.44,0,0,0.0,False,0.0,27,0,0,0,True,0,0,0,0,0,0.0,1,0
4,True,515,0,0,3,0,2,0.0,3,0.01,0.01,0.00,0.03,0,0,0.0,False,0.0,13,0,0,0,True,1,0,0,0,0,0.0,1,0
4,True,516,0,0,15,1,5,0.0,10,0.04,0.04,0.00,0.67,0,0,0.0,False,0.0,62,0,0,0,True,2,0,0,1,3,0.0,3,0
4,True,520,0,0,8,0,1,0.0,4,0.25,0.31,0.06,0.44,0,0,0.0,False,0.0,27,0,0,0,True,2,0,0,0,1,0.0,1,0
4,True,522,0,0,13,1,4,0.0,11,0.03,0.12,0.09,1.08,0,0,0.0,False,0.0,84,0,0,0,True,5,0,0,1,2,0.0,3,0
4,True,525,0,0,15,1,0,0.0,4,0.03,0.14,0.11,0.67,0,0,0.0,False,0.0,62,0,0,0,True,2,0,0,1,2,0.0,3,0
4,True,526,0,0,4,1,0,0.0,2,0.01,0.01,0.00,0.67,0,0,0.0,False,0.0,62,0,0,0,True,2,0,0,1,0,0.0,2,0
4,True,529,0,0,9,0,1,0.0,0,0.00,0.00,0.00,1.88,2,0,0.0,False,0.0,90,0,0,0,True,3,0,3,1,0,0.0,2,0
4,True,532,0,0,0,0,5,0.0,6,0.01,0.09,0.08,1.88,2,0,0.0,False,0.0,90,0,0,0,True,3,0,0,1,1,0.0,0,1
4,True,533,0,0,-5,0,3,0.0,6,0.02,0.72,0.70,1.88,2,0,0.0,False,0.0,90,0,0,0,True,3,0,0,1,3,0.0,0,1
4,True,536,0,0,-12,0,6,0.0,7,0.01,0.01,0.00,1.09,2,0,0.0,False,0.0,90,0,0,0,True,3,1,0,1,1,0.0,-2,0
4,True,541,0,0,5,0,2,0.0,2,0.00,0.13,0.13,1.09,1,0,0.0,False,0.0,75,0,0,0,True,4,0,0,1,0,0.0,2,0
4,True,542,0,0,6,0,0,0.0,4,0.59,1.44,0.85,1.88,2,0,0.0,False,0.0,90,0,1,0,True,4,0,0,1,0,0.0,0,0
4,True,544,0,0,19,0,2,0.0,11,0.37,0.37,0.00,1.88,2,0,0.0,False,0.0,90,0,0,0,True,8,0,0,1,1,0.0,1,1
4,True,545,0,0,11,0,4,0.0,10,0.00,0.04,0.04,1.88,2,0,0.0,False,0.0,90,0,0,0,True,3,0,0,1,3,0.0,2,0
4,True,551,0,0,7,0,0,0.0,3,0.00,0.00,0.00,0.81,1,0,0.0,False,0.0,69,0,0,0,True,1,0,0,1,2,0.0,2,0
4,True,552,0,0,4,0,0,0.0,4,0.01,0.01,0.00,1.88,2,0,0.0,False,0.0,90,0,0,0,True,4,0,0,1,0,0.0,1,1
4,True,553,0,0,1,0,0,0.0,1,0.00,0.00,0.00,1.07,1,0,0.0,False,0.0,20,0,0,0,True,0,0,0,0,1,0.0,1,0
4,True,557,0,0,10,1,1,0.0,3,0.13,0.13,0.00,1.41,0,0,0.0,False,0.0,80,0,0,0,True,1,0,0,1,1,0.0,3,0
4,True,558,0,0,18,0,3,0.0,16,0.02,0.08,0.06,0.82,1,0,0.0,False,0.0,90,0,0,0,True,7,0,0,1,6,0.0,3,1
4,True,559,0,0,4,0,0,0.0,2,0.00,0.00,0.00,0.11,0,0,0.0,False,0.0,10,0,0,0,True,1,0,0,0,1,0.0,1,0
4,True,562,0,0,1,0,0,0.0,0,0.00,0.00,0.00,0.41,1,0,0.0,False,0.0,27,0,0,0,True,0,0,0,0,0,0.0,1,0
4,True,564,0,0,6,0,3,0.0,0,0.00,0.00,0.00,0.62,2,0,0.0,False,0.0,90,0,0,0,True,9,0,2,1,0,0.0,1,0
4,True,565,0,0,19,0,1,0.0,13,0.28,0.28,0.00,1.75,2,0,0.0,False,0.0,90,0,0,0,True,6,0,0,1,6,0.0,4,0
4,True,566,0,0,-2,0,10,0.0,10,0.23,0.81,0.58,0.50,2,0,0.0,False,0.0,90,0,0,0,True,5,0,0,1,0,0.0,3,0
4,True,567,0,0,2,0,3,0.0,0,0.00,0.00,0.00,2.08,4,0,0.0,False,0.0,90,0,0,0,True,4,0,3,1,0,0.0,1,0
4,True,568,0,0,7,0,1,0.0,2,0.09,0.09,0.00,0.54,0,0,0.0,False,0.0,21,0,0,0,True,1,0,0,0,0,0.0,0,1
4,True,569,0,0,5,1,1,0.0,3,0.03,0.23,0.20,0.81,0,0,0.0,False,0.0,76,0,0,0,True,2,0,0,1,0,0.0,2,0
4,True,571,0,0,8,0,1,0.0,2,0.01,0.01,0.00,0.27,0,0,0.0,False,0.0,13,0,0,0,True,0,0,0,0,1,0.0,1,0
4,True,572,0,0,15,0,2,0.0,0,0.00,0.00,0.00,0.91,2,0,0.0,False,0.0,90,0,0,0,True,15,0,5,1,0,0.0,2,0
4,True,575,0,0,3,0,0,0.0,0,0.01,0.01,0.00,0.64,2,0,0.0,False,0.0,17,0,0,0,True,0,0,0,0,0,0.0,1,0
4,True,576,0,0,3,0,0,0.0,5,0.00,0.01,0.01,0.26,1,0,0.0,False,0.0,59,0,0,0,True,3,0,0,1,2,0.0,1,0
4,True,577,0,0,6,0,4,0.0,5,0.01,0.01,0.00,1.29,2,0,0.0,False,0.0,53,0,0,0,True,3,0,0,0,1,0.0,0,0
4,True,579,0,0,24,1,3,0.0,4,0.00,0.00,0.00,0.60,0,0,0.0,False,0.0,71,0,0,0,True,5,0,0,1,1,0.0,6,0
4,True,580,0,0,19,1,8,0.0,17,0.02,0.02,0.00,1.28,0,0,0.0,False,0.0,90,0,0,0,True,8,0,0,1,1,0.0,5,0
4,True,581,0,0,10,0,13,0.0,14,0.00,0.11,0.11,0.82,1,0,0.0,False,0.0,90,0,0,0,True,3,0,0,1,1,0.0,4,0
4,True,583,0,0,4,0,1,0.0,1,0.01,0.01,0.00,0.94,0,0,0.0,False,0.0,45,0,0,0,True,1,0,0,0,0,0.0,1,0
4,True,585,0,0,-1,0,1,0.0,1,0.01,0.01,0.00,0.64,1,0,0.0,False,0.0,31,0,0,0,True,0,0,0,0,0,0.0,1,0
4,True,586,0,0,3,0,5,0.0,7,0.00,0.00,0.00,0.26,1,0,0.0,False,0.0,58,0,0,0,True,0,0,0,1,2,0.0,1,0
4,True,588,0,0,4,0,3,0.0,5,0.14,0.36,0.22,1.68,3,1,0.0,False,0.0,90,0,0,0,True,4,0,0,1,2,0.0,7,0
4,True,591,0,0,7,0,1,0.0,5,0.20,0.25,0.05,0.62,2,0,0.0,False,0.0,90,0,0,0,True,4,0,0,1,0,0.0,2,0
4,True,592,0,0,5,0,0,0.0,1,0.00,0.00,0.00,0.00,0,0,0.0,False,0.0,2,0,0,0,True,1,0,0,0,1,0.0,1,0
4,True,593,0,0,-3,0,3,0.0,6,0.00,0.00,0.00,1.91,3,0,0.0,False,0.0,57,0,0,0,True,4,0,0,1,3,0.0,0,0
4,True,595,0,0,3,0,0,0.0,0,0.00,0.00,0.00,0.48,1,0,0.0,False,0.0,6,0,0,0,True,0,0,0,0,0,0.0,1,0
4,True,597,0,0,17,0,2,0.0,0,0.01,0.01,0.00,2.28,2,0,0.0,False,0.0,90,0,0,0,True,9,0,5,1,0,0.0,2,0
4,True,598,0,0,8,0,8,0.0,9,0.00,0.05,0.05,0.88,1,0,0.0,False,0.0,90,0,0,0,True,3,0,0,1,1,0.0,2,0
4,True,599,0,0,3,0,1,0.0,1,0.00,0.00,0.00,1.43,3,0,0.0,False,0.0,30,0,0,0,True,0,0,0,0,0,0.0,1,0
4,True,600,0,0,2,0,0,0.0,1,0.01,0.06,0.05,0.22,0,0,0.0,False,0.0,12,0,0,0,True,1,0,0,0,0,0.0,1,0
4,True,605,0,0,29,1,2,0.0,6,0.01,0.68,0.67,1.11,0,1,0.0,False,0.0,64,0,0,0,True,2,0,0,1,2,0.0,8,0
4,True,611,0,0,11,0,7,0.0,12,0.06,0.06,0.00,2.28,2,0,0.0,False,0.0,90,0,0,0,True,1,0,0,1,5,0.0,3,0
4,True,617,0,0,3,0,1,0.0,2,0.16,0.63,0.47,0.64,1,0,0.0,False,0.0,30,0,0,0,True,1,0,0,0,0,0.0,1,0
4,True,619,0,0,14,0,5,0.0,13,0.04,0.04,0.00,0.62,2,0,0.0,False,0.0,90,0,0,0,True,5,0,0,1,3,0.0,4,0
4,True,620,0,0,4,0,1,0.0,1,0.01,0.01,0.00,0.50,0,0,0.0,False,0.0,30,0,0,0,True,1,0,0,0,0,0.0,1,0
4,True,627,0,0,9,1,0,0.0,5,0.03,0.24,0.21,0.60,0,0,0.0,False,0.0,71,0,0,0,True,2,0,0,1,3,0.0,3,0
4,True,631,0,0,6,0,0,0.0,2,0.13,0.15,0.02,0.86,1,0,0.0,False,0.0,27,0,0,0,True,1,0,0,0,1,0.0,1,0
4,True,633,0,0,10,0,9,0.0,11,0.01,0.01,0.00,1.68,3,0,0.0,False,0.0,90,0,0,0,True,4,0,0,1,2,0.0,3,0
4,True,634,0,0,5,0,0,0.0,2,0.01,0.01,0.00,1.91,3,0,0.0,False,0.0,57,0,0,0,True,1,0,0,1,1,0.0,1,0
4,True,635,0,0,3,0,0,0.0,1,0.01,0.01,0.00,0.46,0,0,0.0,False,0.0,13,0,0,0,True,1,0,0,0,0,0.0,1,0
4,True,637,0,0,3,0,0,0.0,1,0.00,0.00,0.00,0.18,0,0,0.0,False,0.0,8,0,0,0,True,1,0,0,0,0,0.0,1,0
4,True,638,0,0,0,0,0,0.0,0,0.00,0.05,0.05,0.18,0,0,0.0,False,0.0,8,0,0,0,True,2,0,0,0,0,0.0,0,1
4,True,639,1,0,10,0,2,0.0,4,0.01,0.25,0.24,0.22,0,0,0.0,False,0.0,25,0,0,0,True,1,0,0,0,1,0.0,4,0
4,True,640,0,0,32,0,1,0.0,2,0.00,0.52,0.52,0.41,1,1,0.0,False,0.0,27,0,0,0,True,1,0,0,0,0,0.0,5,0
4,True,641,0,0,1,0,1,0.0,2,0.00,0.00,0.00,0.30,1,0,0.0,False,0.0,18,0,0,0,True,2,0,0,0,1,0.0,1,0
4,True,642,0,0,6,0,0,0.0,4,0.03,0.05,0.02,0.64,1,0,0.0,False,0.0,30,0,0,0,True,4,0,0,0,0,0.0,1,0
4,True,643,0,0,1,0,1,0.0,1,0.01,0.13,0.12,0.55,1,0,0.0,False,0.0,13,0,0,0,True,0,0,0,0,0,0.0,1,0
4,True,644,0,0,24,0,2,0.0,16,0.03,0.13,0.10,1.68,3,0,0.0,False,0.0,90,0,0,0,True,6,0,0,1,8,0.0,4,0
4,True,646,0,0,2,0,0,0.0,0,0.00,0.00,0.00,0.79,1,0,0.0,False,0.0,14,0,0,0,True,0,0,0,0,0,0.0,1,0
4,True,649,0,0,23,1,3,0.0,5,0.14,0.17,0.03,0.43,0,0,0.0,False,0.0,74,0,0,0,True,4,0,0,1,2,0.0,6,0
4,True,650,0,0,23,1,11,0.0,12,0.00,0.00,0.00,1.28,0,0,0.0,False,0.0,90,0,0,0,True,3,0,0,1,1,0.0,8,0
