rank,first_name,second_name,w_points,w_goals,w_assists,w_goal_involvements,w_xgi,w_bonus,w_minutes,seasons,player,position,latest_team,latest_season,gi_per90,rating,ranking_method
2,Mohamed,Salah,204.13,15.55,10.99,26.54,20.56,25.25,2612.64,9,M.Salah,MID,Liverpool,2025-26,0.91,204.13,"recency-weighted FPL points, decay 8**(-age/3)"
4,Jarrod,Bowen,182.55,10.63,11.22,21.85,13.05,22.46,3166.61,8,Bowen,FWD,West Ham,2025-26,0.62,182.55,"recency-weighted FPL points, decay 8**(-age/3)"
20,Leandro,Trossard,131.66,7.37,6.32,13.69,9.49,12.68,2122.84,7,Trossard,MID,Arsenal,2025-26,0.58,131.66,"recency-weighted FPL points, decay 8**(-age/3)"
35,Anthony,Gordon,111.93,6.25,5.6,11.85,11.63,9.6,2042.3,7,Gordon,MID,Newcastle,2025-26,0.52,111.93,"recency-weighted FPL points, decay 8**(-age/3)"
52,Ibrahima,Konaté,102.09,0.75,0.5,1.25,2.02,5.25,2509.38,5,Konaté,DEF,Liverpool,2025-26,0.04,102.09,"recency-weighted FPL points, decay 8**(-age/3)"
63,Tomáš,Souček,97.5,5.62,1.75,7.38,6.07,9.38,2094.12,3,Souček,MID,West Ham,2025-26,0.32,97.5,"recency-weighted FPL points, decay 8**(-age/3)"
72,Marc,Cucurella Saseta,94.81,1.75,3.0,4.75,4.44,6.44,2427.19,4,Cucurella,DEF,Chelsea,2025-26,0.18,94.81,"recency-weighted FPL points, decay 8**(-age/3)"
78,Mateus Gonçalo,Espanha Fernandes,91.25,2.0,3.0,5.0,4.41,5.5,2236.25,2,M.Fernandes,MID,West Ham,2025-26,0.2,91.25,"recency-weighted FPL points, decay 8**(-age/3)"
92,João Victor,Gomes da Silva,85.94,1.56,1.5,3.06,3.55,5.25,2529.56,4,J.Gomes,MID,Wolves,2025-26,0.11,85.94,"recency-weighted FPL points, decay 8**(-age/3)"
95,José,Malheiro de Sá,84.44,0.0,0.16,0.16,0.02,7.47,2372.28,5,José Sá,GKP,Wolves,2025-26,0.01,84.44,"recency-weighted FPL points, decay 8**(-age/3)"
113,Aaron,Wan-Bissaka,78.08,0.53,3.37,3.9,1.81,5.02,2281.54,10,Wan-Bissaka,DEF,West Ham,2025-26,0.15,78.08,"recency-weighted FPL points, decay 8**(-age/3)"
115,Konstantinos,Mavropanos,77.27,1.62,0.0,1.62,2.24,3.88,1963.2,7,Mavropanos,DEF,West Ham,2025-26,0.07,77.27,"recency-weighted FPL points, decay 8**(-age/3)"
130,Trent,Alexander-Arnold,73.53,1.38,3.73,5.12,4.06,8.65,1216.37,9,Alexander-Arnold,DEF,Liverpool,2024-25,0.38,73.53,"recency-weighted FPL points, decay 8**(-age/3)"
133,Lucas,Tolentino Coelho de Lima,73.12,3.75,2.31,6.06,6.31,6.62,1813.0,4,L.Paquetá,MID,West Ham,2025-26,0.3,73.12,"recency-weighted FPL points, decay 8**(-age/3)"
135,Kieran,Trippier,72.86,0.25,3.1,3.35,3.22,8.14,1632.58,9,Trippier,DEF,Newcastle,2025-26,0.18,72.86,"recency-weighted FPL points, decay 8**(-age/3)"
147,Luis,Díaz,69.38,4.62,2.84,7.47,6.4,7.0,1018.22,4,Luis Díaz,MID,Liverpool,2024-25,0.66,69.38,"recency-weighted FPL points, decay 8**(-age/3)"
149,James,Ward-Prowse,68.82,2.2,2.44,4.64,4.39,5.06,1683.32,10,Ward-Prowse,MID,Burnley,2025-26,0.25,68.82,"recency-weighted FPL points, decay 8**(-age/3)"
153,Son,Heung-min,68.38,4.5,4.12,8.62,6.37,6.62,1073.62,4,Son,MID,Spurs,2025-26,0.72,68.38,"recency-weighted FPL points, decay 8**(-age/3)"
156,Crysencio,Summerville,68.06,3.0,2.5,5.5,5.47,5.75,1521.12,5,Summerville,MID,West Ham,2025-26,0.33,68.06,"recency-weighted FPL points, decay 8**(-age/3)"
166,Mitoma,Kaoru,67.25,4.0,1.75,5.75,6.7,4.0,1506.25,2,Mitoma,MID,Brighton,2025-26,0.34,67.25,"recency-weighted FPL points, decay 8**(-age/3)"
172,David,Raya Martin,65.72,0.0,0.0,0.0,0.03,4.66,1496.25,4,Raya,GKP,Arsenal,2024-25,0.0,65.72,"recency-weighted FPL points, decay 8**(-age/3)"
179,Kyle,Walker,63.9,0.03,1.76,1.78,1.64,3.52,2379.64,10,Walker,DEF,Burnley,2025-26,0.07,63.9,"recency-weighted FPL points, decay 8**(-age/3)"
180,Matheus,Santos Carneiro Da Cunha,63.81,5.38,2.62,8.0,5.18,12.5,1013.81,3,Cunha,FWD,Wolves,2024-25,0.71,63.81,"recency-weighted FPL points, decay 8**(-age/3)"
184,Kevin,De Bruyne,63.31,2.63,5.31,7.94,5.33,7.71,860.87,9,De Bruyne,MID,Man City,2024-25,0.83,63.31,"recency-weighted FPL points, decay 8**(-age/3)"
185,André,Trindade da Costa Neto,63.25,0.5,0.0,0.5,0.99,2.25,1998.0,2,André,MID,Wolves,2025-26,0.02,63.25,"recency-weighted FPL points, decay 8**(-age/3)"
187,João Maria,Lobo Alves Palhares Costa Palhinha Gonçalves,63.0,2.5,1.5,4.0,1.68,8.5,1096.0,1,J.Palhinha,MID,Spurs,2025-26,0.33,63.0,"recency-weighted FPL points, decay 8**(-age/3)"
194,Lesley,Ugochukwu,61.88,1.75,1.75,3.5,1.84,3.25,1615.0,3,Ugochukwu,MID,Burnley,2025-26,0.2,61.88,"recency-weighted FPL points, decay 8**(-age/3)"
195,Alisson,Ramses Becker,60.83,0.02,0.1,0.12,0.05,5.11,1331.01,7,A.Becker,GKP,Liverpool,2024-25,0.01,60.83,"recency-weighted FPL points, decay 8**(-age/3)"
200,Alphonse,Areola,59.69,0.0,0.5,0.5,0.0,2.77,1874.88,6,Areola,GKP,West Ham,2025-26,0.02,59.69,"recency-weighted FPL points, decay 8**(-age/3)"
201,Ferdi,Kadıoğlu,59.0,0.5,1.0,1.5,2.68,3.5,1565.0,1,F.Kadıoğlu,DEF,Brighton,2025-26,0.09,59.0,"recency-weighted FPL points, decay 8**(-age/3)"
204,Ederson,Santana de Moraes,58.66,0.0,1.08,1.08,0.06,3.61,1323.28,9,Ederson M.,GKP,Man City,2025-26,0.07,58.66,"recency-weighted FPL points, decay 8**(-age/3)"
219,Hwang,Hee-chan,55.62,3.19,1.75,4.94,3.78,1.44,1215.31,4,Hee Chan,MID,Wolves,2025-26,0.37,55.62,"recency-weighted FPL points, decay 8**(-age/3)"
222,Aaron,Ramsdale,55.31,0.0,0.01,0.01,0.01,4.54,1632.83,9,Ramsdale,GKP,Newcastle,2025-26,0.0,55.31,"recency-weighted FPL points, decay 8**(-age/3)"
228,Joël,Veltman,54.28,0.73,0.23,0.97,1.42,2.94,1406.25,6,Veltman,DEF,Brighton,2025-26,0.06,54.28,"recency-weighted FPL points, decay 8**(-age/3)"
234,Mads,Hermansen,53.75,0.0,0.5,0.5,0.01,4.25,1406.25,2,Hermansen,GKP,West Ham,2025-26,0.03,53.75,"recency-weighted FPL points, decay 8**(-age/3)"
235,Raúl,Jiménez,53.61,4.31,1.14,5.45,4.5,8.96,980.23,7,Raúl,FWD,Fulham,2024-25,0.5,53.61,"recency-weighted FPL points, decay 8**(-age/3)"
241,El Hadji Malick,Diouf,52.0,0.0,3.0,3.0,1.54,1.5,1353.0,1,Diouf,DEF,West Ham,2025-26,0.2,52.0,"recency-weighted FPL points, decay 8**(-age/3)"
244,Bernardo,Veiga de Carvalho e Silva,51.75,2.0,2.5,4.5,3.92,6.31,1126.0,3,Bernardo,MID,Man City,2024-25,0.36,51.75,"recency-weighted FPL points, decay 8**(-age/3)"
248,Bernardo,Mota Veiga de Carvalho e Silva,51.0,1.0,2.0,3.0,3.41,2.0,1434.5,1,Bernardo,MID,Man City,2025-26,0.19,51.0,"recency-weighted FPL points, decay 8**(-age/3)"
249,Jean-Ricner,Bellegarde,50.12,1.25,2.5,3.75,2.36,1.38,1154.5,3,Bellegarde,MID,Wolves,2025-26,0.29,50.12,"recency-weighted FPL points, decay 8**(-age/3)"
250,Jadon,Sancho,49.78,1.22,2.56,3.78,3.07,1.53,1043.88,5,Sancho,MID,Aston Villa,2025-26,0.33,49.78,"recency-weighted FPL points, decay 8**(-age/3)"
251,Robert,Sánchez,49.52,0.0,0.0,0.0,0.01,4.62,1170.53,5,Sánchez,GKP,Chelsea,2024-25,0.0,49.52,"recency-weighted FPL points, decay 8**(-age/3)"
254,Zian,Flemming,49.5,5.5,0.0,5.5,4.18,5.5,882.0,1,Flemming,FWD,Burnley,2025-26,0.56,49.5,"recency-weighted FPL points, decay 8**(-age/3)"
255,Douglas Luiz,Soares de Paulo,49.48,2.09,1.7,3.79,2.78,4.32,1162.02,6,Douglas Luiz,MID,Aston Villa,2025-26,0.29,49.48,"recency-weighted FPL points, decay 8**(-age/3)"
257,Mark,Flekken,49.38,0.0,0.62,0.62,0.04,4.5,1229.38,2,Flekken,GKP,Brentford,2024-25,0.05,49.38,"recency-weighted FPL points, decay 8**(-age/3)"
260,Abdoulaye,Doucouré,48.48,2.1,1.27,3.37,2.92,3.19,1227.04,9,A.Doucoure,MID,Everton,2024-25,0.25,48.48,"recency-weighted FPL points, decay 8**(-age/3)"
264,Kyle,Walker-Peters,47.9,0.59,0.91,1.51,1.76,1.23,1716.86,8,Walker-Peters,DEF,West Ham,2025-26,0.08,47.9,"recency-weighted FPL points, decay 8**(-age/3)"
266,Hugo,Bueno López,47.69,0.5,1.56,2.06,2.37,2.19,1352.06,4,H.Bueno,DEF,Wolves,2025-26,0.14,47.69,"recency-weighted FPL points, decay 8**(-age/3)"
270,Jamie,Vardy,47.04,3.44,1.96,5.4,3.91,6.32,965.35,8,Vardy,FWD,Leicester,2024-25,0.5,47.04,"recency-weighted FPL points, decay 8**(-age/3)"
276,Santiago,Ignacio Bueno,46.0,1.5,1.0,2.5,1.86,2.0,1276.0,1,S.Bueno,DEF,Wolves,2025-26,0.18,46.0,"recency-weighted FPL points, decay 8**(-age/3)"
281,Nathan,Aké,45.85,0.43,0.4,0.83,1.35,1.93,965.47,10,Aké,DEF,Man City,2025-26,0.08,45.85,"recency-weighted FPL points, decay 8**(-age/3)"
283,Alejandro,Garnacho,45.31,2.56,2.0,4.56,4.16,2.62,902.31,3,Garnacho,MID,Man Utd,2024-25,0.46,45.31,"recency-weighted FPL points, decay 8**(-age/3)"
284,Pedro,Porro,45.19,1.06,2.69,3.75,2.98,4.31,1108.5,3,Pedro Porro,DEF,Spurs,2024-25,0.3,45.19,"recency-weighted FPL points, decay 8**(-age/3)"
288,Jordan,Ayew,43.83,2.2,1.29,3.49,2.47,1.68,1030.07,9,J.Ayew,MID,Leicester,2024-25,0.31,43.83,"recency-weighted FPL points, decay 8**(-age/3)"
289,Andreas,Hoelgebaum Pereira,43.81,1.12,3.25,4.38,4.21,1.94,995.88,4,Andreas,MID,Fulham,2025-26,0.4,43.81,"recency-weighted FPL points, decay 8**(-age/3)"
291,Josh,Cullen,43.13,1.25,1.5,2.75,1.51,4.62,1013.39,4,Cullen,MID,Burnley,2025-26,0.24,43.13,"recency-weighted FPL points, decay 8**(-age/3)"
294,Maxime,Estève,42.5,0.0,0.0,0.0,0.66,0.0,1466.5,1,Estève,DEF,Burnley,2025-26,0.0,42.5,"recency-weighted FPL points, decay 8**(-age/3)"
295,Daniel,Muñoz,42.5,1.0,2.0,3.0,2.41,2.62,987.25,2,Muñoz,DEF,Crystal Palace,2024-25,0.27,42.5,"recency-weighted FPL points, decay 8**(-age/3)"
298,Florentino Ibrain,Morris Luís,42.0,0.0,1.0,1.0,0.58,0.0,1050.0,1,Florentino,MID,Burnley,2025-26,0.09,42.0,"recency-weighted FPL points, decay 8**(-age/3)"
299,Max,Kilman,41.82,0.28,0.36,0.64,1.16,2.66,1577.05,7,Kilman,DEF,West Ham,2024-25,0.04,41.82,"recency-weighted FPL points, decay 8**(-age/3)"
302,Ashley,Young,41.69,0.32,1.21,1.54,1.14,3.16,939.12,8,Young,DEF,Everton,2024-25,0.15,41.69,"recency-weighted FPL points, decay 8**(-age/3)"
311,Diogo,Teixeira da Silva,40.5,3.19,2.12,5.31,3.65,2.44,508.44,3,Diogo J.,MID,Liverpool,2024-25,0.94,40.5,"recency-weighted FPL points, decay 8**(-age/3)"
315,Ilkay,Gündogan,39.98,1.25,2.37,3.62,2.67,2.56,818.58,8,Gündogan,MID,Man City,2024-25,0.4,39.98,"recency-weighted FPL points, decay 8**(-age/3)"
316,Murillo,Santiago Costa dos Santos,39.75,0.5,0.25,0.75,0.96,4.62,1145.75,2,Murillo,DEF,Nott'm Forest,2024-25,0.06,39.75,"recency-weighted FPL points, decay 8**(-age/3)"
320,Raheem,Sterling,38.79,2.2,2.26,4.46,2.41,2.49,631.78,9,Sterling,MID,Arsenal,2024-25,0.64,38.79,"recency-weighted FPL points, decay 8**(-age/3)"
321,Rúben,Gato Alves Dias,38.5,0.0,0.0,0.0,1.2,2.19,1011.69,3,Rúben,DEF,Man City,2024-25,0.0,38.5,"recency-weighted FPL points, decay 8**(-age/3)"
324,Lyle,Foster,38.38,2.12,1.38,3.5,2.5,2.5,917.75,2,Foster,FWD,Burnley,2025-26,0.34,38.38,"recency-weighted FPL points, decay 8**(-age/3)"
325,Thomas,Partey,38.33,1.25,0.84,2.09,1.65,2.5,1038.61,5,Thomas,MID,Arsenal,2024-25,0.18,38.33,"recency-weighted FPL points, decay 8**(-age/3)"
326,Levi,Colwill,38.25,0.62,0.5,1.12,1.14,2.38,1087.88,3,Colwill,DEF,Chelsea,2024-25,0.09,38.25,"recency-weighted FPL points, decay 8**(-age/3)"
327,Nélson,Cabral Semedo,38.2,0.02,1.39,1.41,1.11,0.77,1385.52,5,N.Semedo,DEF,Wolves,2024-25,0.09,38.2,"recency-weighted FPL points, decay 8**(-age/3)"
329,Matt,Doherty,37.76,0.8,0.53,1.32,1.01,1.73,1183.68,8,Doherty,DEF,Wolves,2025-26,0.1,37.76,"recency-weighted FPL points, decay 8**(-age/3)"
334,Mateus,Mané,37.25,1.5,1.0,2.5,2.85,4.5,893.75,2,Mané,FWD,Wolves,2025-26,0.25,37.25,"recency-weighted FPL points, decay 8**(-age/3)"
335,Álex,Jiménez Sánchez,37.0,0.5,1.0,1.5,1.41,1.0,1157.5,1,A.Jimenez,DEF,Bournemouth,2025-26,0.12,37.0,"recency-weighted FPL points, decay 8**(-age/3)"
340,Jean-Clair,Todibo,36.5,0.0,0.5,0.5,0.39,0.75,1364.5,2,Todibo,DEF,West Ham,2025-26,0.03,36.5,"recency-weighted FPL points, decay 8**(-age/3)"
342,Oleksandr,Zinchenko,36.2,0.19,0.76,0.95,1.15,3.21,723.85,10,Zinchenko,DEF,Nott'm Forest,2025-26,0.12,36.2,"recency-weighted FPL points, decay 8**(-age/3)"
343,Kepa,Arrizabalaga,36.13,0.0,0.0,0.0,0.02,2.82,914.06,7,Arrizabalaga,GKP,Bournemouth,2024-25,0.0,36.13,"recency-weighted FPL points, decay 8**(-age/3)"
345,Idrissa,Gueye,36.05,0.5,0.83,1.33,1.14,2.58,1181.44,7,Gana,MID,Everton,2024-25,0.1,36.05,"recency-weighted FPL points, decay 8**(-age/3)"
346,Donyell,Malen,36.0,2.75,1.0,3.75,2.76,2.25,394.0,2,Malen,MID,Aston Villa,2025-26,0.86,36.0,"recency-weighted FPL points, decay 8**(-age/3)"
348,Adam,Armstrong,35.91,1.69,1.91,3.59,2.96,1.28,1008.59,4,Armstrong,FWD,Wolves,2025-26,0.32,35.91,"recency-weighted FPL points, decay 8**(-age/3)"
354,Rodrigo,Martins Gomes,34.5,2.0,0.0,2.0,1.66,0.0,675.5,2,R.Gomes,DEF,Wolves,2025-26,0.27,34.5,"recency-weighted FPL points, decay 8**(-age/3)"
355,Illia,Zabarnyi,34.44,0.12,0.25,0.38,0.7,2.38,1212.06,4,Zabarnyi,DEF,Bournemouth,2025-26,0.03,34.44,"recency-weighted FPL points, decay 8**(-age/3)"
356,Manuel,Akanji,34.38,0.25,0.06,0.31,1.3,1.56,959.75,4,Akanji,DEF,Man City,2025-26,0.03,34.38,"recency-weighted FPL points, decay 8**(-age/3)"
358,David,Moyes,34.25,0.0,0.0,0.0,0.0,0.0,0.0,1,Moyes,5,Everton,2024-25,0.0,34.25,"recency-weighted FPL points, decay 8**(-age/3)"
361,Ladislav,Krejcí,34.0,1.0,1.0,2.0,1.86,0.5,1178.0,1,Krejčí,DEF,Wolves,2025-26,0.15,34.0,"recency-weighted FPL points, decay 8**(-age/3)"
365,Rasmus,Højlund,33.5,2.25,0.5,2.75,2.55,3.75,769.0,3,Højlund,FWD,Man Utd,2025-26,0.32,33.5,"recency-weighted FPL points, decay 8**(-age/3)"
368,Michail,Antonio,33.3,1.9,1.9,3.8,2.07,2.83,684.65,9,Antonio,FWD,West Ham,2024-25,0.5,33.3,"recency-weighted FPL points, decay 8**(-age/3)"
369,Armando,Broja,33.07,0.88,0.88,1.75,1.6,1.34,648.75,6,Broja,FWD,Burnley,2025-26,0.24,33.07,"recency-weighted FPL points, decay 8**(-age/3)"
370,Tolu,Arokodare,33.0,1.5,1.0,2.5,2.94,2.0,701.0,1,Tolu,FWD,Wolves,2025-26,0.32,33.0,"recency-weighted FPL points, decay 8**(-age/3)"
371,Toti António,Gomes,32.88,0.19,0.75,0.94,0.65,3.0,1072.0,4,Toti,DEF,Wolves,2024-25,0.08,32.88,"recency-weighted FPL points, decay 8**(-age/3)"
372,Rodrigo,Hernandez,32.73,1.4,1.73,3.13,1.77,3.21,700.73,5,Rodrigo,MID,Man City,2023-24,0.4,32.73,"recency-weighted FPL points, decay 8**(-age/3)"
375,Adama,Traoré,32.33,0.85,2.54,3.39,2.48,2.32,584.3,7,Adama,MID,Fulham,2024-25,0.52,32.33,"recency-weighted FPL points, decay 8**(-age/3)"
376,Emerson,Palmieri dos Santos,32.09,0.69,0.75,1.44,1.6,2.13,1014.17,9,Emerson,DEF,West Ham,2025-26,0.13,32.09,"recency-weighted FPL points, decay 8**(-age/3)"
377,Oliver,Glasner,32.0,0.0,0.0,0.0,0.0,0.0,0.0,1,Glasner,5,Crystal Palace,2024-25,0.0,32.0,"recency-weighted FPL points, decay 8**(-age/3)"
378,Yves,Bissouma,31.93,0.55,0.06,0.62,0.9,1.31,1101.37,8,Bissouma,MID,Spurs,2025-26,0.05,31.93,"recency-weighted FPL points, decay 8**(-age/3)"
379,Quilindschy,Hartman,31.5,0.0,3.0,3.0,1.15,0.0,912.5,1,Hartman,DEF,Burnley,2025-26,0.3,31.5,"recency-weighted FPL points, decay 8**(-age/3)"
382,Marshall,Munetsi,31.5,1.0,1.5,2.5,2.11,1.5,705.25,2,Munetsi,MID,Wolves,2025-26,0.32,31.5,"recency-weighted FPL points, decay 8**(-age/3)"
383,Samuel,Chukwueze,31.0,1.5,2.0,3.5,2.73,0.5,533.5,1,Chukwueze,MID,Fulham,2025-26,0.59,31.0,"recency-weighted FPL points, decay 8**(-age/3)"
384,Hannibal,Mejbri,30.92,0.62,2.5,3.12,1.56,2.0,628.09,5,Hannibal,MID,Burnley,2025-26,0.45,30.92,"recency-weighted FPL points, decay 8**(-age/3)"
385,Pervis,Estupiñán,30.88,0.56,1.06,1.62,1.64,3.56,922.12,3,Estupiñan,DEF,Brighton,2024-25,0.16,30.88,"recency-weighted FPL points, decay 8**(-age/3)"
386,Jacob,Bruun Larsen,30.75,0.75,0.5,1.25,2.03,0.88,661.38,2,Bruun Larsen,MID,Burnley,2025-26,0.17,30.75,"recency-weighted FPL points, decay 8**(-age/3)"
387,Dominic,Solanke,30.67,2.78,1.02,3.8,3.43,3.4,609.94,6,Solanke,FWD,Bournemouth,2023-24,0.56,30.67,"recency-weighted FPL points, decay 8**(-age/3)"
388,Yerson,Mosquera Valdelamar,30.5,0.0,0.0,0.0,1.56,1.5,1068.5,3,Mosquera,DEF,Wolves,2025-26,0.0,30.5,"recency-weighted FPL points, decay 8**(-age/3)"
389,Valentín,Castellanos,30.5,3.0,0.5,3.5,3.28,2.5,692.0,1,Taty,FWD,West Ham,2025-26,0.46,30.5,"recency-weighted FPL points, decay 8**(-age/3)"
390,Fabian,Hürzeler,29.75,0.0,0.0,0.0,0.0,0.0,0.0,1,Hürzeler,5,Brighton,2024-25,0.0,29.75,"recency-weighted FPL points, decay 8**(-age/3)"
392,Arne,Slot,29.5,0.0,0.0,0.0,0.0,0.0,0.0,1,Slot,5,Liverpool,2024-25,0.0,29.5,"recency-weighted FPL points, decay 8**(-age/3)"
394,Matheus Luiz,Nunes,29.25,0.31,2.06,2.38,1.67,1.94,675.56,3,Matheus N.,MID,Man City,2024-25,0.32,29.25,"recency-weighted FPL points, decay 8**(-age/3)"
395,Bobby,De Cordova-Reid,29.12,1.25,1.44,2.69,1.28,1.56,514.31,3,De Cordova-Reid,MID,Leicester,2024-25,0.47,29.12,"recency-weighted FPL points, decay 8**(-age/3)"
396,Thomas,Frank,29.0,0.0,0.0,0.0,0.0,0.0,0.0,1,Frank,5,Brentford,2024-25,0.0,29.0,"recency-weighted FPL points, decay 8**(-age/3)"
399,Brajan,Gruda,28.75,0.75,1.5,2.25,2.14,1.25,523.0,2,Gruda,MID,Brighton,2025-26,0.39,28.75,"recency-weighted FPL points, decay 8**(-age/3)"
400,Harry,Kane,28.72,3.06,1.17,4.23,1.56,4.73,400.17,8,Kane,FWD,Spurs,2023-24,0.95,28.72,"recency-weighted FPL points, decay 8**(-age/3)"
401,Pep,Guardiola,28.25,0.0,0.0,0.0,0.0,0.0,0.0,1,Guardiola,5,Man City,2024-25,0.0,28.25,"recency-weighted FPL points, decay 8**(-age/3)"
402,James,Milner,28.06,0.54,0.92,1.46,1.36,0.16,643.87,10,Milner,MID,Brighton,2025-26,0.2,28.06,"recency-weighted FPL points, decay 8**(-age/3)"
405,Josh,Laurent,28.0,0.5,0.0,0.5,0.68,0.5,876.0,1,Laurent,MID,Burnley,2025-26,0.05,28.0,"recency-weighted FPL points, decay 8**(-age/3)"
406,Hjalmar,Ekdal,27.88,0.0,0.0,0.0,0.29,1.38,824.0,2,Ekdal,DEF,Burnley,2025-26,0.0,27.88,"recency-weighted FPL points, decay 8**(-age/3)"
407,Vítor Manuel,de Oliveira Lopes Pereira,27.75,0.0,0.0,0.0,0.0,0.0,0.0,1,Pereira,5,Wolves,2024-25,0.0,27.75,"recency-weighted FPL points, decay 8**(-age/3)"
408,Lutsharel,Geertruida,27.5,0.0,0.0,0.0,0.82,0.0,840.5,1,Geertruida,DEF,Sunderland,2025-26,0.0,27.5,"recency-weighted FPL points, decay 8**(-age/3)"
411,Mario,Lemina,26.98,0.77,0.96,1.73,1.32,2.94,829.08,7,Mario Jr.,MID,Wolves,2024-25,0.19,26.98,"recency-weighted FPL points, decay 8**(-age/3)"
412,Christian,Eriksen,26.64,0.54,1.54,2.08,1.92,1.24,590.64,8,Eriksen,MID,Man Utd,2024-25,0.32,26.64,"recency-weighted FPL points, decay 8**(-age/3)"
413,Pablo,Sarabia,26.56,1.31,1.38,2.69,2.75,1.94,464.88,3,Sarabia,MID,Wolves,2024-25,0.52,26.56,"recency-weighted FPL points, decay 8**(-age/3)"
415,Sávio 'Savinho',Moreira de Oliveira,26.5,0.25,2.75,3.0,2.78,3.75,440.0,1,Savinho,MID,Man City,2024-25,0.61,26.5,"recency-weighted FPL points, decay 8**(-age/3)"
417,Sam,Johnstone,26.44,0.0,0.02,0.02,0.01,1.48,1024.66,5,Johnstone,GKP,Wolves,2025-26,0.0,26.44,"recency-weighted FPL points, decay 8**(-age/3)"
418,Unai,Emery,26.25,0.0,0.0,0.0,0.0,0.0,0.0,1,Emery,5,Aston Villa,2024-25,0.0,26.25,"recency-weighted FPL points, decay 8**(-age/3)"
419,Julián,Álvarez,26.19,1.94,1.56,3.5,2.94,3.0,421.0,3,J.Alvarez,FWD,Man City,2024-25,0.75,26.19,"recency-weighted FPL points, decay 8**(-age/3)"
420,Michael,Olise,26.16,1.44,1.62,3.06,1.87,3.81,365.66,3,Olise,MID,Crystal Palace,2023-24,0.75,26.16,"recency-weighted FPL points, decay 8**(-age/3)"
421,Jackson,Tchatchoua,26.0,0.0,0.5,0.5,0.97,0.0,917.0,1,Tchatchoua,DEF,Wolves,2025-26,0.05,26.0,"recency-weighted FPL points, decay 8**(-age/3)"
422,Randal,Kolo Muani,26.0,0.5,0.5,1.0,1.85,0.5,827.5,1,Kolo Muani,FWD,Spurs,2025-26,0.11,26.0,"recency-weighted FPL points, decay 8**(-age/3)"
423,Mikel,Arteta,26.0,0.0,0.0,0.0,0.0,0.0,0.0,1,Arteta,5,Arsenal,2024-25,0.0,26.0,"recency-weighted FPL points, decay 8**(-age/3)"
425,Dean,Huijsen,26.0,0.75,0.5,1.25,0.85,3.5,605.5,1,Huijsen,DEF,Bournemouth,2024-25,0.19,26.0,"recency-weighted FPL points, decay 8**(-age/3)"
427,Danny,Ings,25.86,1.48,1.4,2.89,1.36,3.37,336.68,9,Ings,FWD,West Ham,2024-25,0.77,25.86,"recency-weighted FPL points, decay 8**(-age/3)"
429,Marcus,Edwards,25.5,0.5,1.5,2.0,1.66,1.0,529.0,1,Edwards,MID,Burnley,2025-26,0.34,25.5,"recency-weighted FPL points, decay 8**(-age/3)"
432,Cameron,Archer,24.97,1.0,0.38,1.38,2.44,2.12,587.31,4,Archer,FWD,Southampton,2024-25,0.21,24.97,"recency-weighted FPL points, decay 8**(-age/3)"
433,Marcos,Senesi,24.81,0.62,0.62,1.25,0.99,2.69,711.19,3,Senesi,DEF,Bournemouth,2024-25,0.16,24.81,"recency-weighted FPL points, decay 8**(-age/3)"
437,Axel,Tuanzebe,24.37,0.5,0.25,0.75,0.48,0.0,1051.82,7,Tuanzebe,DEF,Burnley,2025-26,0.06,24.37,"recency-weighted FPL points, decay 8**(-age/3)"
438,Eddie,Howe,24.25,0.0,0.0,0.0,0.0,0.0,0.0,1,Howe,5,Newcastle,2024-25,0.0,24.25,"recency-weighted FPL points, decay 8**(-age/3)"
441,Andrey,Nascimento dos Santos,23.62,0.5,0.0,0.5,1.45,1.5,624.38,4,Andrey Santos,MID,Chelsea,2025-26,0.07,23.62,"recency-weighted FPL points, decay 8**(-age/3)"
442,Marco Alexandre,Saraiva da Silva,23.5,0.0,0.0,0.0,0.0,0.0,0.0,1,Silva,5,Fulham,2024-25,0.0,23.5,"recency-weighted FPL points, decay 8**(-age/3)"
443,Enzo,Maresca,23.5,0.0,0.0,0.0,0.0,0.0,0.0,1,Maresca,5,Chelsea,2024-25,0.0,23.5,"recency-weighted FPL points, decay 8**(-age/3)"
444,Bashir,Humphreys,23.5,0.0,1.0,1.0,0.55,0.5,787.0,3,Humphreys,DEF,Burnley,2025-26,0.11,23.5,"recency-weighted FPL points, decay 8**(-age/3)"
446,Mikel,Merino,23.1,1.75,0.5,2.25,1.73,2.01,396.36,3,Merino,MID,Arsenal,2024-25,0.51,23.1,"recency-weighted FPL points, decay 8**(-age/3)"
448,Ivan,Toney,22.84,2.12,0.78,2.91,2.31,3.28,456.56,4,Toney,FWD,Brentford,2024-25,0.57,22.84,"recency-weighted FPL points, decay 8**(-age/3)"
449,Emmanuel,Agbadou,22.75,0.25,0.0,0.25,0.79,0.25,902.5,2,Agbadou,DEF,Wolves,2025-26,0.02,22.75,"recency-weighted FPL points, decay 8**(-age/3)"
450,Mads,Roerslev Rasmussen,22.66,0.16,0.78,0.94,0.94,0.5,629.19,5,Roerslev,DEF,Brentford,2025-26,0.13,22.66,"recency-weighted FPL points, decay 8**(-age/3)"
451,Jhon,Arias,22.5,0.5,0.0,0.5,2.0,1.0,558.5,1,J.Arias,MID,Wolves,2025-26,0.08,22.5,"recency-weighted FPL points, decay 8**(-age/3)"
452,Jan,Bednarek,22.3,0.65,0.03,0.68,0.42,1.57,907.08,7,Bednarek,DEF,Southampton,2024-25,0.07,22.3,"recency-weighted FPL points, decay 8**(-age/3)"
453,Wilfred,Ndidi,22.3,0.04,1.36,1.4,0.94,0.49,811.15,8,Ndidi,MID,Leicester,2024-25,0.16,22.3,"recency-weighted FPL points, decay 8**(-age/3)"
454,Craig,Dawson,22.29,0.32,0.53,0.85,0.51,1.54,794.36,8,Dawson,DEF,Wolves,2024-25,0.1,22.29,"recency-weighted FPL points, decay 8**(-age/3)"
455,Willian,Borges da Silva,22.25,0.81,0.81,1.63,1.87,1.44,451.69,3,Willian,MID,Fulham,2024-25,0.32,22.25,"recency-weighted FPL points, decay 8**(-age/3)"
456,Omari,Giraud-Hutchinson,22.0,0.75,0.75,1.5,1.35,1.5,646.25,1,Hutchinson,MID,Ipswich,2024-25,0.21,22.0,"recency-weighted FPL points, decay 8**(-age/3)"
457,Miguel,Almirón Rejala,22.0,1.06,0.38,1.44,1.74,1.44,434.19,3,Almirón,MID,Newcastle,2024-25,0.3,22.0,"recency-weighted FPL points, decay 8**(-age/3)"
459,Aaron,Cresswell,21.9,0.09,0.38,0.47,0.79,2.17,568.35,9,Cresswell,DEF,West Ham,2024-25,0.07,21.9,"recency-weighted FPL points, decay 8**(-age/3)"
460,Conor,Coady,21.82,0.45,0.06,0.52,0.33,1.56,755.59,6,Coady,DEF,Leicester,2024-25,0.06,21.82,"recency-weighted FPL points, decay 8**(-age/3)"
462,Jorge Luiz,Frello Filho,21.62,0.46,0.49,0.95,0.57,1.1,555.52,7,Jorginho,MID,Arsenal,2024-25,0.15,21.62,"recency-weighted FPL points, decay 8**(-age/3)"
463,Adam,Webster,21.55,0.1,0.26,0.36,0.37,1.18,593.97,7,Webster,DEF,Brighton,2025-26,0.05,21.55,"recency-weighted FPL points, decay 8**(-age/3)"
468,Ruben Filipe,Marques Diogo Amorim,21.5,0.0,0.0,0.0,0.0,0.0,0.0,1,Amorim,5,Man Utd,2024-25,0.0,21.5,"recency-weighted FPL points, decay 8**(-age/3)"
470,Ben,Mee,21.41,0.57,0.28,0.85,0.54,1.35,551.76,9,Mee,DEF,Brentford,2024-25,0.14,21.41,"recency-weighted FPL points, decay 8**(-age/3)"
471,Jeffrey,Schlupp,21.41,0.63,0.51,1.14,0.72,0.78,447.91,9,Schlupp,MID,Crystal Palace,2024-25,0.23,21.41,"recency-weighted FPL points, decay 8**(-age/3)"
472,Thiago,Emiliano da Silva,21.31,0.47,0.28,0.75,0.33,2.44,545.34,3,T.Silva,DEF,Chelsea,2023-24,0.12,21.31,"recency-weighted FPL points, decay 8**(-age/3)"
473,Norberto,Murara Neto,21.31,0.0,0.0,0.0,0.0,2.31,554.06,4,Neto,GKP,Bournemouth,2025-26,0.0,21.31,"recency-weighted FPL points, decay 8**(-age/3)"
475,Soungoutou,Magassa,21.0,0.5,0.0,0.5,0.38,1.0,485.5,1,S.Magassa,MID,West Ham,2025-26,0.09,21.0,"recency-weighted FPL points, decay 8**(-age/3)"
476,Graham,Potter,21.0,0.0,0.0,0.0,0.0,0.0,0.0,1,Potter,5,West Ham,2024-25,0.0,21.0,"recency-weighted FPL points, decay 8**(-age/3)"
477,Julio,Enciso,20.81,0.75,1.19,1.94,1.69,1.69,396.88,3,Enciso,MID,Ipswich,2024-25,0.44,20.81,"recency-weighted FPL points, decay 8**(-age/3)"
478,Bilal,El Khannouss,20.75,0.5,1.0,1.5,1.04,1.5,544.75,1,El Khannouss,MID,Leicester,2024-25,0.25,20.75,"recency-weighted FPL points, decay 8**(-age/3)"
479,Jakub,Kiwior,20.75,0.44,0.38,0.81,0.29,0.69,423.56,4,Kiwior,DEF,Arsenal,2025-26,0.17,20.75,"recency-weighted FPL points, decay 8**(-age/3)"
484,Toti,Gomes,20.5,0.0,0.0,0.0,0.41,0.0,711.5,1,Toti,DEF,Wolves,2025-26,0.0,20.5,"recency-weighted FPL points, decay 8**(-age/3)"
485,Andoni,Iraola,20.5,0.0,0.0,0.0,0.0,0.0,0.0,1,Iraola,5,Bournemouth,2024-25,0.0,20.5,"recency-weighted FPL points, decay 8**(-age/3)"
487,Jhon,Durán,20.19,2.38,0.12,2.5,1.65,3.12,221.0,3,Duran,FWD,Aston Villa,2024-25,1.02,20.19,"recency-weighted FPL points, decay 8**(-age/3)"
488,Cristhian,Mosquera,20.0,0.0,0.0,0.0,0.36,0.5,493.0,1,Mosquera,DEF,Arsenal,2025-26,0.0,20.0,"recency-weighted FPL points, decay 8**(-age/3)"
489,Eliezer,Mayenda Dossou,20.0,1.0,0.0,1.0,1.18,2.5,375.5,1,Mayenda,FWD,Sunderland,2025-26,0.24,20.0,"recency-weighted FPL points, decay 8**(-age/3)"
490,Kurt,Zouma,19.86,0.62,0.07,0.69,0.38,1.58,610.0,9,Zouma,DEF,West Ham,2024-25,0.1,19.86,"recency-weighted FPL points, decay 8**(-age/3)"
492,Nuno Herlander,Simões Espírito Santo,19.5,0.0,0.0,0.0,0.0,0.0,0.0,1,Nuno,5,Nott'm Forest,2024-25,0.0,19.5,"recency-weighted FPL points, decay 8**(-age/3)"
495,Odsonne,Edouard,19.47,1.38,0.25,1.62,1.32,1.72,388.69,4,Edouard,FWD,Leicester,2024-25,0.38,19.47,"recency-weighted FPL points, decay 8**(-age/3)"
497,Scott,McTominay,19.32,1.06,0.23,1.3,1.0,0.94,438.67,9,McTominay,MID,Man Utd,2024-25,0.27,19.32,"recency-weighted FPL points, decay 8**(-age/3)"
498,Bertrand,Traoré,19.02,0.73,0.64,1.38,0.42,0.67,375.17,5,Traoré,MID,Sunderland,2025-26,0.33,19.02,"recency-weighted FPL points, decay 8**(-age/3)"
500,Lukasz,Fabianski,18.89,0.0,0.0,0.0,0.0,1.34,477.67,9,Fabianski,GKP,West Ham,2025-26,0.0,18.89,"recency-weighted FPL points, decay 8**(-age/3)"
501,Tariq,Lamptey,18.88,0.52,0.99,1.51,0.5,0.5,421.98,7,Lamptey,DEF,Brighton,2025-26,0.32,18.88,"recency-weighted FPL points, decay 8**(-age/3)"
502,Philip,Billing,18.7,0.7,0.51,1.21,1.41,1.3,419.75,7,Philip,MID,Bournemouth,2025-26,0.26,18.7,"recency-weighted FPL points, decay 8**(-age/3)"
503,Wout,Faes,18.62,0.31,0.13,0.44,0.59,0.81,877.12,2,Faes,DEF,Leicester,2024-25,0.04,18.62,"recency-weighted FPL points, decay 8**(-age/3)"
504,Christopher,Nkunku,18.62,1.12,0.5,1.62,1.88,1.75,280.62,3,Nkunku,MID,Chelsea,2025-26,0.52,18.62,"recency-weighted FPL points, decay 8**(-age/3)"
506,Pierre-Emile,Højbjerg,18.5,0.36,0.5,0.86,0.6,0.95,546.91,9,Højbjerg,MID,Spurs,2024-25,0.14,18.5,"recency-weighted FPL points, decay 8**(-age/3)"
507,Freddie,Potts,18.5,0.0,0.5,0.5,0.64,0.0,581.0,1,Potts,MID,West Ham,2025-26,0.08,18.5,"recency-weighted FPL points, decay 8**(-age/3)"
508,Stefan,Ortega Moreno,18.44,0.0,0.0,0.0,0.0,0.56,505.62,4,Ortega Moreno,GKP,Nott'm Forest,2025-26,0.0,18.44,"recency-weighted FPL points, decay 8**(-age/3)"
509,Carlton,Morris,18.25,1.38,0.75,2.12,1.63,2.25,357.38,1,Morris,FWD,Luton,2023-24,0.54,18.25,"recency-weighted FPL points, decay 8**(-age/3)"
510,Timo,Werner,18.19,0.47,1.5,1.97,1.49,1.39,307.53,5,Werner,MID,Spurs,2024-25,0.58,18.19,"recency-weighted FPL points, decay 8**(-age/3)"
512,Arijanet,Muric,18.12,0.0,0.0,0.0,0.01,2.75,517.5,3,Muric,GKP,Ipswich,2024-25,0.0,18.12,"recency-weighted FPL points, decay 8**(-age/3)"
515,Stephy,Mavididi,18.0,1.0,0.25,1.25,1.27,1.25,401.5,1,Mavididi,MID,Leicester,2024-25,0.28,18.0,"recency-weighted FPL points, decay 8**(-age/3)"
516,Maximilian,Kilman,18.0,0.0,0.0,0.0,0.4,0.0,779.5,1,Kilman,DEF,West Ham,2025-26,0.0,18.0,"recency-weighted FPL points, decay 8**(-age/3)"
517,Joe,Aribo,18.0,0.75,0.0,0.75,0.98,1.75,501.75,1,Aribo,MID,Southampton,2024-25,0.13,18.0,"recency-weighted FPL points, decay 8**(-age/3)"
519,Orel,Mangala,17.88,0.44,0.06,0.5,0.64,0.0,605.94,3,Mangala,MID,Everton,2024-25,0.07,17.88,"recency-weighted FPL points, decay 8**(-age/3)"
520,Solly,March,17.81,0.75,0.75,1.5,1.32,1.75,298.56,4,March,MID,Brighton,2025-26,0.45,17.81,"recency-weighted FPL points, decay 8**(-age/3)"
521,Neal,Maupay,17.79,1.27,0.52,1.79,1.43,1.63,377.8,6,Maupay,FWD,Everton,2024-25,0.43,17.79,"recency-weighted FPL points, decay 8**(-age/3)"
522,Edson,Álvarez Velázquez,17.75,0.12,0.38,0.5,0.59,0.38,739.12,3,Álvarez,MID,West Ham,2025-26,0.06,17.75,"recency-weighted FPL points, decay 8**(-age/3)"
523,Ollie,Scarles,17.75,0.0,0.5,0.5,0.32,0.5,492.75,2,Scarles,DEF,West Ham,2025-26,0.09,17.75,"recency-weighted FPL points, decay 8**(-age/3)"
524,Moussa,Diaby,17.75,0.75,1.38,2.12,1.46,1.25,271.0,2,Diaby,MID,Aston Villa,2024-25,0.71,17.75,"recency-weighted FPL points, decay 8**(-age/3)"
526,David,Møller Wolfe,17.5,0.0,1.0,1.0,0.61,0.0,521.0,1,Møller Wolfe,DEF,Wolves,2025-26,0.17,17.5,"recency-weighted FPL points, decay 8**(-age/3)"
527,Vladimír,Coufal,17.38,0.0,0.88,0.88,0.74,1.38,655.88,2,Coufal,DEF,West Ham,2024-25,0.12,17.38,"recency-weighted FPL points, decay 8**(-age/3)"
528,Gonçalo Manuel,Ganchinho Guedes,17.31,0.56,1.06,1.62,1.15,0.56,288.69,4,Guedes,MID,Wolves,2025-26,0.51,17.31,"recency-weighted FPL points, decay 8**(-age/3)"
531,Sam,Morsy,16.75,0.25,0.25,0.5,0.49,1.25,687.25,1,Morsy,MID,Ipswich,2024-25,0.07,16.75,"recency-weighted FPL points, decay 8**(-age/3)"
533,Riyad,Mahrez,16.62,0.94,1.25,2.19,0.66,1.53,225.19,8,Mahrez,MID,Man City,2023-24,0.87,16.62,"recency-weighted FPL points, decay 8**(-age/3)"
534,Adama,Traoré Diarra,16.62,0.13,0.25,0.38,0.92,0.0,280.31,2,Adama,MID,West Ham,2025-26,0.12,16.62,"recency-weighted FPL points, decay 8**(-age/3)"
535,João,Palhinha Gonçalves,16.56,0.69,0.12,0.81,0.76,1.31,531.5,2,J.Palhinha,MID,Fulham,2023-24,0.14,16.56,"recency-weighted FPL points, decay 8**(-age/3)"
536,Niclas,Füllkrug,16.5,0.75,0.5,1.25,1.22,0.75,399.25,2,Füllkrug,FWD,West Ham,2025-26,0.28,16.5,"recency-weighted FPL points, decay 8**(-age/3)"
537,Kamaldeen,Sulemana,16.06,0.38,0.56,0.94,0.73,0.69,408.44,2,Kamaldeen,MID,Southampton,2024-25,0.21,16.06,"recency-weighted FPL points, decay 8**(-age/3)"
538,Caoimhin,Kelleher,16.03,0.0,0.0,0.0,0.0,0.62,351.56,6,Kelleher,GKP,Liverpool,2024-25,0.0,16.03,"recency-weighted FPL points, decay 8**(-age/3)"
539,Joel,Ward,16.0,0.07,0.15,0.22,0.27,0.54,545.97,9,Ward,DEF,Crystal Palace,2024-25,0.04,16.0,"recency-weighted FPL points, decay 8**(-age/3)"
540,Jens,Cajuste,15.75,0.25,0.25,0.5,0.35,0.5,490.0,1,Cajuste,MID,Ipswich,2024-25,0.09,15.75,"recency-weighted FPL points, decay 8**(-age/3)"
541,Boubakary,Soumaré,15.69,0.0,0.03,0.03,0.34,0.03,676.97,3,B.Soumaré,MID,Leicester,2024-25,0.0,15.69,"recency-weighted FPL points, decay 8**(-age/3)"
542,Jonny,Evans,15.58,0.08,0.21,0.29,0.1,1.43,439.25,9,Evans,DEF,Man Utd,2024-25,0.06,15.58,"recency-weighted FPL points, decay 8**(-age/3)"
543,Martin,Dubravka,15.54,0.0,0.0,0.0,0.0,0.92,391.34,7,Dubravka,GKP,Newcastle,2023-24,0.0,15.54,"recency-weighted FPL points, decay 8**(-age/3)"
544,Joe,Worrall,15.44,0.06,0.0,0.06,0.19,0.5,441.19,4,Worrall,DEF,Burnley,2025-26,0.01,15.44,"recency-weighted FPL points, decay 8**(-age/3)"
547,Patson,Daka,15.06,0.66,0.34,1.0,0.66,0.94,288.31,3,Daka,FWD,Leicester,2024-25,0.31,15.06,"recency-weighted FPL points, decay 8**(-age/3)"
549,Wilfried,Zaha,14.66,1.14,0.36,1.51,0.58,1.0,315.5,7,Zaha,MID,Crystal Palace,2022-23,0.43,14.66,"recency-weighted FPL points, decay 8**(-age/3)"
550,Santiago,Bueno,14.62,0.0,0.0,0.0,0.14,0.5,521.88,2,S.Bueno,DEF,Wolves,2024-25,0.0,14.62,"recency-weighted FPL points, decay 8**(-age/3)"
551,Saïd,Benrahma,14.58,0.64,0.59,1.23,0.98,0.84,294.12,4,Benrahma,MID,West Ham,2023-24,0.38,14.58,"recency-weighted FPL points, decay 8**(-age/3)"
552,Hugo,Lloris,14.58,0.0,0.0,0.0,0.0,1.46,333.11,8,Lloris,GKP,Spurs,2023-24,0.0,14.58,"recency-weighted FPL points, decay 8**(-age/3)"
553,Radu,Drăgușin,14.5,0.0,0.0,0.0,0.23,0.0,570.0,2,Dragusin,DEF,Spurs,2025-26,0.0,14.5,"recency-weighted FPL points, decay 8**(-age/3)"
554,Ange,Postecoglou,14.5,0.0,0.0,0.0,0.0,0.0,0.0,1,Postecoglou,5,Spurs,2024-25,0.0,14.5,"recency-weighted FPL points, decay 8**(-age/3)"
555,Sergio,Reguilón,14.39,0.06,0.97,1.03,0.56,2.09,333.88,5,Reguilón,DEF,Spurs,2024-25,0.28,14.39,"recency-weighted FPL points, decay 8**(-age/3)"
556,Kieran,Tierney,14.2,0.3,0.23,0.54,0.28,0.94,214.38,6,Tierney,DEF,Arsenal,2024-25,0.23,14.2,"recency-weighted FPL points, decay 8**(-age/3)"
557,Heung-Min,Son,14.08,1.15,0.64,1.8,0.0,1.5,176.56,6,Son,MID,Spurs,2021-22,0.92,14.08,"recency-weighted FPL points, decay 8**(-age/3)"
558,Josh,Brownhill,13.95,0.56,0.36,0.92,0.48,0.5,423.48,4,Brownhill,MID,Burnley,2023-24,0.2,13.95,"recency-weighted FPL points, decay 8**(-age/3)"
560,Danilo,dos Santos de Oliveira,13.88,0.44,0.38,0.81,0.48,0.81,351.88,3,Danilo,MID,Nott'm Forest,2024-25,0.21,13.88,"recency-weighted FPL points, decay 8**(-age/3)"
561,Willy,Boly,13.88,0.28,0.21,0.49,0.33,1.49,344.2,8,Boly,DEF,Nott'm Forest,2025-26,0.13,13.88,"recency-weighted FPL points, decay 8**(-age/3)"
562,Taylor,Harwood-Bellis,13.75,0.25,0.0,0.25,0.62,0.5,706.0,3,Harwood-Bellis,DEF,Southampton,2024-25,0.03,13.75,"recency-weighted FPL points, decay 8**(-age/3)"
563,Flynn,Downes,13.69,0.25,0.0,0.25,0.55,0.0,584.25,3,Downes,MID,Southampton,2024-25,0.04,13.69,"recency-weighted FPL points, decay 8**(-age/3)"
564,Adam,Lallana,13.68,0.16,0.75,0.91,0.59,0.55,318.59,9,Lallana,MID,Southampton,2024-25,0.26,13.68,"recency-weighted FPL points, decay 8**(-age/3)"
565,Paul,Onuachu,13.62,1.0,0.25,1.25,1.05,1.0,284.56,2,Onuachu,FWD,Southampton,2024-25,0.4,13.62,"recency-weighted FPL points, decay 8**(-age/3)"
566,Gustavo,Hamer,13.5,0.5,0.88,1.38,0.95,0.62,363.5,1,Hamer,MID,Sheffield Utd,2023-24,0.34,13.5,"recency-weighted FPL points, decay 8**(-age/3)"
569,Oliver,Skipp,13.35,0.06,0.0,0.06,0.38,0.06,502.41,7,Skipp,MID,Leicester,2024-25,0.01,13.35,"recency-weighted FPL points, decay 8**(-age/3)"
571,Vicente,Guaita,13.23,0.0,0.0,0.0,0.0,1.36,318.34,6,Guaita,GKP,Crystal Palace,2023-24,0.0,13.23,"recency-weighted FPL points, decay 8**(-age/3)"
572,Takehiro,Tomiyasu,13.09,0.25,0.22,0.47,0.33,0.66,235.69,3,Tomiyasu,DEF,Arsenal,2023-24,0.18,13.09,"recency-weighted FPL points, decay 8**(-age/3)"
574,Roberto,Firmino,13.01,1.14,0.63,1.77,0.48,1.46,191.96,7,Firmino,FWD,Liverpool,2022-23,0.83,13.01,"recency-weighted FPL points, decay 8**(-age/3)"
577,João Pedro,Ferreira Silva,13.0,0.75,0.5,1.25,1.0,0.0,208.75,1,Jota Silva,MID,Nott'm Forest,2024-25,0.54,13.0,"recency-weighted FPL points, decay 8**(-age/3)"
578,Pablo Felipe,Pereira de Jesus,13.0,0.0,0.5,0.5,1.08,0.0,409.5,1,Pablo,FWD,West Ham,2025-26,0.11,13.0,"recency-weighted FPL points, decay 8**(-age/3)"
579,Guido,Rodríguez,13.0,0.0,0.25,0.25,0.13,0.0,374.25,2,G.Rodriguez,MID,West Ham,2025-26,0.06,13.0,"recency-weighted FPL points, decay 8**(-age/3)"
580,Antony Matheus,dos Santos,13.0,0.38,0.25,0.63,1.42,0.25,310.31,3,Antony,MID,Man Utd,2024-25,0.18,13.0,"recency-weighted FPL points, decay 8**(-age/3)"
581,Lloyd,Kelly,12.84,0.0,0.5,0.5,0.32,0.94,401.36,4,Kelly,DEF,Newcastle,2024-25,0.11,12.84,"recency-weighted FPL points, decay 8**(-age/3)"
582,Kieran,McKenna,12.75,0.0,0.0,0.0,0.0,0.0,0.0,1,McKenna,5,Ipswich,2024-25,0.0,12.75,"recency-weighted FPL points, decay 8**(-age/3)"
583,Raphaël,Varane,12.66,0.16,0.03,0.19,0.22,0.66,347.91,3,R.Varane,DEF,Man Utd,2023-24,0.05,12.66,"recency-weighted FPL points, decay 8**(-age/3)"
584,Alfie,Doughty,12.62,0.25,1.25,1.5,0.87,1.38,365.38,1,Doughty,DEF,Luton,2023-24,0.37,12.62,"recency-weighted FPL points, decay 8**(-age/3)"
585,Zeki,Amdouni,12.62,0.62,0.12,0.75,0.98,1.38,278.62,2,Amdouni,FWD,Burnley,2025-26,0.24,12.62,"recency-weighted FPL points, decay 8**(-age/3)"
586,Seamus,Coleman,12.55,0.11,0.1,0.21,0.16,1.01,322.71,8,Coleman,DEF,Everton,2023-24,0.06,12.55,"recency-weighted FPL points, decay 8**(-age/3)"
587,Lucas,Pires Silva,12.5,0.0,0.0,0.0,1.03,0.0,702.5,1,Lucas Pires,DEF,Burnley,2025-26,0.0,12.5,"recency-weighted FPL points, decay 8**(-age/3)"
590,Tomas,Soucek,12.43,0.46,0.31,0.77,0.32,1.09,332.9,4,Soucek,MID,West Ham,2022-23,0.21,12.43,"recency-weighted FPL points, decay 8**(-age/3)"
591,Andros,Townsend,12.41,0.27,0.69,0.96,0.41,0.81,260.49,8,Townsend,MID,Luton,2023-24,0.33,12.41,"recency-weighted FPL points, decay 8**(-age/3)"
592,Diego Carlos,Santos Silva,12.38,0.0,0.0,0.0,0.5,0.38,445.94,3,Diego Carlos,DEF,Aston Villa,2024-25,0.0,12.38,"recency-weighted FPL points, decay 8**(-age/3)"
593,Eric,Dier,12.33,0.14,0.11,0.25,0.15,0.58,361.05,8,Dier,DEF,Spurs,2023-24,0.06,12.33,"recency-weighted FPL points, decay 8**(-age/3)"
595,Manuel,Ugarte,12.25,0.25,0.5,0.75,0.42,0.25,444.25,1,Ugarte,MID,Man Utd,2024-25,0.15,12.25,"recency-weighted FPL points, decay 8**(-age/3)"
597,Charlie,Taylor,12.13,0.12,0.26,0.39,0.27,0.5,532.28,7,Taylor,DEF,Southampton,2024-25,0.07,12.13,"recency-weighted FPL points, decay 8**(-age/3)"
598,Igor Julio,dos Santos de Paulo,12.12,0.0,0.0,0.0,0.17,0.12,495.12,3,Igor,DEF,Brighton,2025-26,0.0,12.12,"recency-weighted FPL points, decay 8**(-age/3)"
599,Harry,Winks,12.03,0.0,0.57,0.57,0.44,0.04,451.18,8,Winks,MID,Leicester,2024-25,0.11,12.03,"recency-weighted FPL points, decay 8**(-age/3)"
600,Ruud,van Nistelrooij,12.0,0.0,0.0,0.0,0.0,0.0,0.0,1,Van Nistelrooy,5,Leicester,2024-25,0.0,12.0,"recency-weighted FPL points, decay 8**(-age/3)"
601,Cheick,Doucouré,12.0,0.0,0.44,0.44,0.42,0.19,398.88,4,Doucouré,MID,Crystal Palace,2025-26,0.1,12.0,"recency-weighted FPL points, decay 8**(-age/3)"
602,Rodrigo,Moreno,11.98,1.11,0.25,1.36,0.58,0.97,211.2,3,Rodrigo,MID,Leeds,2022-23,0.58,11.98,"recency-weighted FPL points, decay 8**(-age/3)"
603,Jack,Stephens,11.97,0.27,0.02,0.29,0.25,0.75,503.78,8,Stephens,DEF,Southampton,2024-25,0.05,11.97,"recency-weighted FPL points, decay 8**(-age/3)"
604,Che,Adams,11.84,0.7,0.58,1.28,0.54,1.22,237.9,4,Adams,FWD,Southampton,2022-23,0.48,11.84,"recency-weighted FPL points, decay 8**(-age/3)"
605,Tommy,Doyle,11.76,0.0,0.25,0.25,0.39,0.0,269.74,5,Doyle,MID,Wolves,2024-25,0.08,11.76,"recency-weighted FPL points, decay 8**(-age/3)"
606,Carlos,Soler,11.75,0.25,0.25,0.5,0.94,0.5,348.5,1,C.Soler,MID,West Ham,2024-25,0.13,11.75,"recency-weighted FPL points, decay 8**(-age/3)"
607,Elijah,Adebayo,11.75,1.25,0.12,1.38,0.74,1.12,175.62,1,Adebayo,FWD,Luton,2023-24,0.7,11.75,"recency-weighted FPL points, decay 8**(-age/3)"
608,Joel,Matip,11.73,0.19,0.12,0.31,0.19,1.02,281.32,8,Matip,DEF,Liverpool,2023-24,0.1,11.73,"recency-weighted FPL points, decay 8**(-age/3)"
610,Sadio,Mané,11.54,0.93,0.44,1.37,0.0,0.87,171.86,6,Mané,MID,Liverpool,2021-22,0.72,11.54,"recency-weighted FPL points, decay 8**(-age/3)"
612,Tim,Ream,11.48,0.19,0.0,0.19,0.17,1.27,386.84,5,Ream,DEF,Fulham,2024-25,0.04,11.48,"recency-weighted FPL points, decay 8**(-age/3)"
613,Luke,Thomas,11.46,0.02,0.1,0.12,0.34,0.05,535.43,6,Thomas,DEF,Leicester,2024-25,0.02,11.46,"recency-weighted FPL points, decay 8**(-age/3)"
614,Billy,Gilmour,11.41,0.0,0.47,0.47,0.55,0.53,383.54,6,Gilmour,MID,Brighton,2024-25,0.11,11.41,"recency-weighted FPL points, decay 8**(-age/3)"
616,Endo,Wataru,11.25,0.0,0.5,0.5,0.07,0.0,149.75,2,Endo,MID,Liverpool,2025-26,0.3,11.25,"recency-weighted FPL points, decay 8**(-age/3)"
617,Emil,Krafth,11.24,0.02,0.05,0.07,0.14,0.23,298.84,7,Krafth,DEF,Newcastle,2025-26,0.02,11.24,"recency-weighted FPL points, decay 8**(-age/3)"
618,Anthony,Martial,11.24,0.79,0.53,1.31,0.64,0.79,176.44,8,Martial,FWD,Man Utd,2023-24,0.67,11.24,"recency-weighted FPL points, decay 8**(-age/3)"
620,Luis,Sinisterra,11.12,0.5,0.5,1.0,1.07,0.75,142.88,2,Sinisterra,MID,Bournemouth,2024-25,0.63,11.12,"recency-weighted FPL points, decay 8**(-age/3)"
621,Jesper,Lindstrøm,11.0,0.0,0.25,0.25,1.03,0.0,307.25,1,Lindstrøm,MID,Everton,2024-25,0.07,11.0,"recency-weighted FPL points, decay 8**(-age/3)"
622,Marco,Asensio,11.0,0.75,0.5,1.25,1.4,1.5,185.0,1,M.Asensio,MID,Aston Villa,2024-25,0.61,11.0,"recency-weighted FPL points, decay 8**(-age/3)"
624,Sugawara,Yukinari,10.75,0.25,0.25,0.5,0.74,0.0,387.0,1,Sugawara,DEF,Southampton,2024-25,0.12,10.75,"recency-weighted FPL points, decay 8**(-age/3)"
625,Thomas,Kaminski,10.75,0.0,0.0,0.0,0.0,0.38,425.62,1,Kaminski,GKP,Luton,2023-24,0.0,10.75,"recency-weighted FPL points, decay 8**(-age/3)"
626,Alexandre,Moreno Lopera,10.62,0.25,0.19,0.44,0.46,0.94,210.81,2,Alex Moreno,DEF,Aston Villa,2023-24,0.19,10.62,"recency-weighted FPL points, decay 8**(-age/3)"
627,Ben,Chilwell,10.62,0.38,0.44,0.81,0.88,0.5,245.12,3,Chilwell,DEF,Crystal Palace,2024-25,0.3,10.62,"recency-weighted FPL points, decay 8**(-age/3)"
628,Conor,Chaplin,10.25,0.25,0.5,0.75,0.53,0.0,211.25,1,Chaplin,MID,Ipswich,2024-25,0.32,10.25,"recency-weighted FPL points, decay 8**(-age/3)"
629,Chadi,Riad Dnanou,10.25,0.0,0.5,0.5,0.24,0.0,297.5,2,Chadi Riad,DEF,Crystal Palace,2025-26,0.15,10.25,"recency-weighted FPL points, decay 8**(-age/3)"
630,Kelechi,Iheanacho,10.23,0.68,0.59,1.27,0.53,1.24,144.52,7,Iheanacho,FWD,Leicester,2022-23,0.79,10.23,"recency-weighted FPL points, decay 8**(-age/3)"
631,Serge,Aurier,10.21,0.11,0.36,0.47,0.18,1.07,276.46,7,Aurier,DEF,Nott'm Forest,2023-24,0.15,10.21,"recency-weighted FPL points, decay 8**(-age/3)"
632,David,De Gea Quintana,10.06,0.0,0.0,0.0,0.01,0.31,213.75,1,De Gea,GKP,Man Utd,2022-23,0.0,10.06,"recency-weighted FPL points, decay 8**(-age/3)"
634,Demarai,Gray,9.9,0.44,0.26,0.71,0.62,0.36,246.36,8,Gray,MID,Everton,2023-24,0.26,9.9,"recency-weighted FPL points, decay 8**(-age/3)"
635,Daniel,Castelo Podence,9.8,0.49,0.2,0.69,0.39,0.78,195.77,6,Podence,MID,Wolves,2024-25,0.32,9.8,"recency-weighted FPL points, decay 8**(-age/3)"
636,Allan,Saint-Maximin,9.8,0.29,0.71,1.0,0.26,0.85,195.75,5,Saint-Maximin,MID,Newcastle,2023-24,0.46,9.8,"recency-weighted FPL points, decay 8**(-age/3)"
637,Tahith,Chong,9.78,0.5,0.25,0.75,0.5,0.38,246.91,4,Chong,MID,Luton,2023-24,0.27,9.78,"recency-weighted FPL points, decay 8**(-age/3)"
638,Aymeric,Laporte,9.78,0.14,0.07,0.22,0.07,0.57,194.87,7,Laporte,DEF,Man City,2023-24,0.1,9.78,"recency-weighted FPL points, decay 8**(-age/3)"
640,Jamaal,Lascelles,9.76,0.2,0.04,0.24,0.14,0.56,279.77,9,Lascelles,DEF,Newcastle,2025-26,0.08,9.76,"recency-weighted FPL points, decay 8**(-age/3)"
641,Łukasz,Fabiański,9.75,0.0,0.0,0.0,0.0,0.5,290.0,1,Fabianski,GKP,West Ham,2024-25,0.0,9.75,"recency-weighted FPL points, decay 8**(-age/3)"
643,Nayef,Aguerd,9.62,0.25,0.0,0.25,0.44,0.31,421.75,4,N.Aguerd,DEF,West Ham,2025-26,0.05,9.62,"recency-weighted FPL points, decay 8**(-age/3)"
646,Simon,Rusk,9.5,0.0,0.0,0.0,0.0,0.0,0.0,1,Rusk,5,Southampton,2024-25,0.0,9.5,"recency-weighted FPL points, decay 8**(-age/3)"
648,Victor,Kristiansen,9.5,0.0,0.31,0.31,0.51,0.0,675.94,2,Kristiansen,DEF,Leicester,2024-25,0.04,9.5,"recency-weighted FPL points, decay 8**(-age/3)"
649,Bruno Miguel,Borges Fernandes,9.45,0.66,0.5,1.16,0.0,1.17,154.91,3,Fernandes,MID,Man Utd,2021-22,0.67,9.45,"recency-weighted FPL points, decay 8**(-age/3)"
650,César,Azpilicueta,9.44,0.07,0.21,0.28,0.1,0.74,242.19,8,Azpilicueta,DEF,Chelsea,2023-24,0.11,9.44,"recency-weighted FPL points, decay 8**(-age/3)"
651,Harry,Toffolo,9.38,0.12,0.38,0.5,0.36,0.44,273.56,3,Toffolo,DEF,Nott'm Forest,2024-25,0.16,9.38,"recency-weighted FPL points, decay 8**(-age/3)"
652,Fabio Henrique,Tavares,9.37,0.18,0.22,0.39,0.16,0.31,302.99,6,Fabinho,MID,Liverpool,2023-24,0.12,9.37,"recency-weighted FPL points, decay 8**(-age/3)"
653,Leander,Dendoncker,9.36,0.24,0.25,0.49,0.15,0.64,198.14,8,Dendoncker,MID,Aston Villa,2025-26,0.22,9.36,"recency-weighted FPL points, decay 8**(-age/3)"
654,Nathan,Broadhead,9.27,0.5,0.0,0.5,0.7,0.25,172.53,3,Broadhead,MID,Ipswich,2024-25,0.26,9.27,"recency-weighted FPL points, decay 8**(-age/3)"
657,Vini,de Souza Costa,9.12,0.12,0.12,0.25,0.13,0.5,333.0,1,Vini Souza,MID,Sheffield Utd,2023-24,0.07,9.12,"recency-weighted FPL points, decay 8**(-age/3)"
658,Matt,Targett,9.03,0.04,0.16,0.2,0.06,0.57,218.25,10,Targett,DEF,Newcastle,2025-26,0.08,9.03,"recency-weighted FPL points, decay 8**(-age/3)"
659,João Filipe Iria,Santos Moutinho,8.99,0.09,0.26,0.35,0.2,0.46,279.19,5,Moutinho,MID,Wolves,2022-23,0.11,8.99,"recency-weighted FPL points, decay 8**(-age/3)"
660,Angelo,Ogbonna,8.95,0.1,0.0,0.1,0.03,0.53,260.51,8,Ogbonna,DEF,West Ham,2023-24,0.04,8.95,"recency-weighted FPL points, decay 8**(-age/3)"
662,Jay,Rodriguez,8.91,0.41,0.29,0.69,0.49,0.63,185.53,6,Rodriguez,FWD,Burnley,2023-24,0.34,8.91,"recency-weighted FPL points, decay 8**(-age/3)"
663,João Pedro Cavaco,Cancelo,8.79,0.06,0.41,0.47,0.0,1.15,146.16,3,Cancelo,DEF,Man City,2021-22,0.29,8.79,"recency-weighted FPL points, decay 8**(-age/3)"
665,Ben,Godfrey,8.77,0.0,0.09,0.09,0.38,0.14,355.55,6,Godfrey,DEF,Ipswich,2024-25,0.02,8.77,"recency-weighted FPL points, decay 8**(-age/3)"
666,Emerson,Leite de Souza Junior,8.75,0.25,0.13,0.38,0.3,1.06,252.06,3,E.Royal,DEF,Spurs,2024-25,0.13,8.75,"recency-weighted FPL points, decay 8**(-age/3)"
667,Wes,Foderingham,8.75,0.0,0.0,0.0,0.01,0.88,331.0,4,Foderingham,GKP,West Ham,2025-26,0.0,8.75,"recency-weighted FPL points, decay 8**(-age/3)"
668,João,Félix Sequeira,8.75,0.5,0.5,1.0,1.04,0.44,149.0,2,João Félix,MID,Chelsea,2024-25,0.6,8.75,"recency-weighted FPL points, decay 8**(-age/3)"
669,Benoît,Badiashile,8.62,0.06,0.12,0.19,0.26,0.62,306.62,3,B.Badiashile,DEF,Chelsea,2024-25,0.06,8.62,"recency-weighted FPL points, decay 8**(-age/3)"
670,Cheikhou,Kouyaté,8.55,0.09,0.07,0.16,0.08,0.35,225.74,8,Kouyaté,MID,Nott'm Forest,2023-24,0.06,8.55,"recency-weighted FPL points, decay 8**(-age/3)"
671,Ryan,Manning,8.5,0.0,0.5,0.5,0.78,0.0,364.5,1,Manning,DEF,Southampton,2024-25,0.12,8.5,"recency-weighted FPL points, decay 8**(-age/3)"
672,Álex,Moreno Lopera,8.5,0.0,0.25,0.25,0.32,0.25,238.0,2,Alex Moreno,DEF,Aston Villa,2025-26,0.09,8.5,"recency-weighted FPL points, decay 8**(-age/3)"
674,Christantus,Uche,8.5,0.0,0.5,0.5,0.25,0.0,79.5,1,Uche,FWD,Crystal Palace,2025-26,0.57,8.5,"recency-weighted FPL points, decay 8**(-age/3)"
675,Frederico,Rodrigues de Paula Santos,8.41,0.27,0.35,0.62,0.24,0.4,198.3,6,Fred,MID,Man Utd,2023-24,0.28,8.41,"recency-weighted FPL points, decay 8**(-age/3)"
676,Jarell,Quansah,8.38,0.25,0.0,0.25,0.22,0.62,270.5,3,Quansah,DEF,Liverpool,2024-25,0.08,8.38,"recency-weighted FPL points, decay 8**(-age/3)"
677,Albert,Sambi Lokonga,8.31,0.12,0.38,0.5,0.19,0.5,243.78,4,Sambi,MID,Arsenal,2025-26,0.18,8.31,"recency-weighted FPL points, decay 8**(-age/3)"
678,Patrick,Bamford,8.3,0.58,0.55,1.13,0.59,0.66,159.79,5,Bamford,FWD,Leeds,2025-26,0.63,8.3,"recency-weighted FPL points, decay 8**(-age/3)"
679,Stuart,Armstrong,8.2,0.3,0.31,0.61,0.32,0.37,194.79,5,S.Armstrong,MID,Southampton,2022-23,0.28,8.2,"recency-weighted FPL points, decay 8**(-age/3)"
680,Diogo,Jota,8.18,0.7,0.27,0.97,0.0,0.54,117.92,4,Jota,MID,Liverpool,2021-22,0.74,8.18,"recency-weighted FPL points, decay 8**(-age/3)"
681,Kasper,Schmeichel,8.13,0.0,0.0,0.0,0.0,0.61,205.97,7,Schmeichel,GKP,Leicester,2022-23,0.0,8.13,"recency-weighted FPL points, decay 8**(-age/3)"
682,Bernardo Mota,Veiga de Carvalho e Silva,8.04,0.37,0.46,0.82,0.0,0.75,151.36,5,Bernardo,MID,Man City,2021-22,0.49,8.04,"recency-weighted FPL points, decay 8**(-age/3)"
683,Angel,Gomes,8.02,0.0,0.0,0.0,0.26,0.0,228.75,4,Angel,MID,Wolves,2025-26,0.0,8.02,"recency-weighted FPL points, decay 8**(-age/3)"
685,Max,Dowman,8.0,0.5,0.5,1.0,0.74,0.0,76.0,1,Dowman,MID,Arsenal,2025-26,1.18,8.0,"recency-weighted FPL points, decay 8**(-age/3)"
687,Carlos Vinícius,Alves Morais,8.0,0.56,0.13,0.69,0.46,0.88,110.13,3,Vinicius,FWD,Fulham,2024-25,0.56,8.0,"recency-weighted FPL points, decay 8**(-age/3)"
689,Alex,McCarthy,7.89,0.0,0.0,0.0,0.0,0.31,267.89,8,McCarthy,GKP,Southampton,2024-25,0.0,7.89,"recency-weighted FPL points, decay 8**(-age/3)"
690,Daniel,Bentley,7.88,0.0,0.0,0.0,0.0,0.38,239.0,4,Bentley,GKP,Wolves,2025-26,0.0,7.88,"recency-weighted FPL points, decay 8**(-age/3)"
691,Vladimir,Coufal,7.81,0.0,0.39,0.39,0.12,0.41,250.12,3,Coufal,DEF,West Ham,2022-23,0.14,7.81,"recency-weighted FPL points, decay 8**(-age/3)"
692,Aleksandar,Mitrović,7.8,0.92,0.17,1.09,1.06,0.98,151.33,3,Mitrović,FWD,Fulham,2023-24,0.65,7.8,"recency-weighted FPL points, decay 8**(-age/3)"
693,Ben,Brereton,7.75,0.75,0.12,0.88,0.82,0.62,138.12,1,Brereton Díaz,MID,Sheffield Utd,2023-24,0.57,7.75,"recency-weighted FPL points, decay 8**(-age/3)"
694,Nico,González,7.75,0.25,0.25,0.5,0.23,0.0,190.0,1,N.Gonzalez,MID,Man City,2024-25,0.24,7.75,"recency-weighted FPL points, decay 8**(-age/3)"
695,Edouard,Mendy,7.75,0.0,0.0,0.0,0.0,0.22,191.95,3,Mendy,GKP,Chelsea,2022-23,0.0,7.75,"recency-weighted FPL points, decay 8**(-age/3)"
696,Pierre-Emerick,Aubameyang,7.56,0.62,0.15,0.77,0.11,1.02,140.1,7,Aubameyang,FWD,Chelsea,2023-24,0.5,7.56,"recency-weighted FPL points, decay 8**(-age/3)"
698,Diego,Gómez,7.5,0.25,0.25,0.5,0.5,0.5,126.75,1,Gómez,MID,Brighton,2024-25,0.36,7.5,"recency-weighted FPL points, decay 8**(-age/3)"
699,Victor,da Silva,7.5,0.0,0.38,0.38,0.35,0.25,288.88,1,Vitinho,DEF,Burnley,2023-24,0.12,7.5,"recency-weighted FPL points, decay 8**(-age/3)"
701,Mathias,Jorgensen,7.47,0.17,0.07,0.24,0.25,0.66,235.5,6,Zanka,DEF,Brentford,2024-25,0.09,7.47,"recency-weighted FPL points, decay 8**(-age/3)"
702,Rúben,da Silva Neves,7.38,0.38,0.13,0.5,0.42,1.0,188.75,1,Neves,MID,Wolves,2022-23,0.24,7.38,"recency-weighted FPL points, decay 8**(-age/3)"
703,Gabriel Fernando,de Jesus,7.31,0.56,0.42,0.98,0.0,0.96,114.21,6,Jesus,FWD,Man City,2021-22,0.77,7.31,"recency-weighted FPL points, decay 8**(-age/3)"
704,Antonio,Rüdiger,7.31,0.13,0.1,0.24,0.0,0.54,150.7,5,Rüdiger,DEF,Chelsea,2021-22,0.14,7.31,"recency-weighted FPL points, decay 8**(-age/3)"
705,Mateo,Kovacic,7.31,0.13,0.33,0.46,0.24,0.4,205.82,5,Kovacic,MID,Chelsea,2022-23,0.2,7.31,"recency-weighted FPL points, decay 8**(-age/3)"
706,David,de Gea,7.27,0.0,0.0,0.0,0.0,0.38,185.89,5,de Gea,GKP,Man Utd,2021-22,0.0,7.27,"recency-weighted FPL points, decay 8**(-age/3)"
708,Max,Aarons,7.22,0.0,0.19,0.19,0.12,0.06,265.09,3,Aarons,DEF,Bournemouth,2024-25,0.06,7.22,"recency-weighted FPL points, decay 8**(-age/3)"
709,Emiliano,Martínez,7.2,0.0,0.0,0.0,0.0,0.65,160.7,4,Martínez,GKP,Aston Villa,2021-22,0.0,7.2,"recency-weighted FPL points, decay 8**(-age/3)"
710,Giovani,Lo Celso,7.19,0.27,0.29,0.55,0.29,0.77,94.84,5,Lo Celso,MID,Spurs,2024-25,0.53,7.19,"recency-weighted FPL points, decay 8**(-age/3)"
711,Christian,Pulisic,7.12,0.38,0.23,0.62,0.13,0.17,130.84,5,Pulisic,MID,Chelsea,2023-24,0.42,7.12,"recency-weighted FPL points, decay 8**(-age/3)"
712,Ryan,Fraser,7.05,0.11,0.33,0.44,0.07,0.39,189.1,9,Fraser,MID,Southampton,2024-25,0.21,7.05,"recency-weighted FPL points, decay 8**(-age/3)"
714,Dennis,Cirkin,7.0,0.0,0.0,0.0,0.05,0.0,159.5,2,Cirkin,DEF,Sunderland,2025-26,0.0,7.0,"recency-weighted FPL points, decay 8**(-age/3)"
715,Luke,Ayling,6.97,0.19,0.16,0.34,0.32,0.53,252.11,3,Ayling,DEF,Leeds,2022-23,0.12,6.97,"recency-weighted FPL points, decay 8**(-age/3)"
716,Clément,Lenglet,6.94,0.0,0.25,0.25,0.28,0.38,270.25,2,Lenglet,DEF,Aston Villa,2023-24,0.08,6.94,"recency-weighted FPL points, decay 8**(-age/3)"
717,Oliver,Norwood,6.86,0.13,0.02,0.16,0.29,0.42,237.35,4,Norwood,MID,Sheffield Utd,2023-24,0.06,6.86,"recency-weighted FPL points, decay 8**(-age/3)"
718,Pablo,Fornals Malla,6.81,0.19,0.06,0.25,0.34,0.38,145.56,2,P.Fornals,MID,West Ham,2023-24,0.15,6.81,"recency-weighted FPL points, decay 8**(-age/3)"
719,Mohamed,Elyounoussi,6.8,0.19,0.16,0.34,0.32,0.19,201.91,4,Elyounoussi,MID,Southampton,2022-23,0.15,6.8,"recency-weighted FPL points, decay 8**(-age/3)"
720,Marcos,Alonso,6.8,0.21,0.24,0.46,0.0,0.72,112.74,7,Alonso,DEF,Chelsea,2022-23,0.37,6.8,"recency-weighted FPL points, decay 8**(-age/3)"
721,Andy,Irving,6.75,0.0,0.0,0.0,0.15,0.0,118.25,2,Irving,MID,West Ham,2025-26,0.0,6.75,"recency-weighted FPL points, decay 8**(-age/3)"
722,Caleb,Okoli,6.75,0.25,0.0,0.25,0.2,0.25,280.5,1,Okoli,DEF,Leicester,2024-25,0.08,6.75,"recency-weighted FPL points, decay 8**(-age/3)"
723,Alexandre,Lacazette,6.67,0.48,0.41,0.89,0.0,0.65,113.97,5,Lacazette,FWD,Arsenal,2021-22,0.7,6.67,"recency-weighted FPL points, decay 8**(-age/3)"
724,Ivan,Perišić,6.63,0.06,0.63,0.69,0.6,0.38,143.44,2,Perišić,DEF,Spurs,2023-24,0.43,6.63,"recency-weighted FPL points, decay 8**(-age/3)"
725,Emmanuel,Dennis,6.62,0.44,0.34,0.78,0.13,0.84,124.91,4,Dennis,FWD,Nott'm Forest,2024-25,0.56,6.62,"recency-weighted FPL points, decay 8**(-age/3)"
726,Rúben Santos,Gato Alves Dias,6.62,0.08,0.17,0.25,0.0,0.56,119.45,2,Dias,DEF,Man City,2021-22,0.19,6.62,"recency-weighted FPL points, decay 8**(-age/3)"
727,Raphael,Dias Belloli,6.61,0.44,0.28,0.72,0.0,0.61,127.97,3,Raphinha,MID,Leeds,2022-23,0.51,6.61,"recency-weighted FPL points, decay 8**(-age/3)"
728,Nathan,Redmond,6.59,0.13,0.29,0.42,0.05,0.36,141.62,8,Redmond,MID,Burnley,2023-24,0.27,6.59,"recency-weighted FPL points, decay 8**(-age/3)"
730,Will,Smallbone,6.5,0.25,0.0,0.25,0.36,0.0,169.75,2,Smallbone,MID,Southampton,2024-25,0.13,6.5,"recency-weighted FPL points, decay 8**(-age/3)"
732,Abdul,Fatawu,6.5,0.0,0.5,0.5,0.46,0.75,144.0,1,A.Fatawu,MID,Leicester,2024-25,0.31,6.5,"recency-weighted FPL points, decay 8**(-age/3)"
733,Cameron,Burgess,6.5,0.0,0.5,0.5,0.36,0.0,385.0,1,Burgess,DEF,Ipswich,2024-25,0.12,6.5,"recency-weighted FPL points, decay 8**(-age/3)"
734,Oliver,Sonne,6.5,0.5,0.0,0.5,0.32,0.0,82.0,1,Sonne,DEF,Burnley,2025-26,0.55,6.5,"recency-weighted FPL points, decay 8**(-age/3)"
737,Danny,Ward,6.37,0.0,0.0,0.0,0.0,0.75,184.51,8,Ward,GKP,Leicester,2024-25,0.0,6.37,"recency-weighted FPL points, decay 8**(-age/3)"
738,Lucas,Rodrigues Moura da Silva,6.35,0.24,0.31,0.56,0.06,0.26,112.11,6,Lucas Moura,MID,Spurs,2022-23,0.45,6.35,"recency-weighted FPL points, decay 8**(-age/3)"
739,Pablo,Fornals,6.34,0.28,0.28,0.56,0.0,0.34,144.45,3,Fornals,MID,West Ham,2021-22,0.35,6.34,"recency-weighted FPL points, decay 8**(-age/3)"
740,Davinson,Sánchez,6.34,0.07,0.05,0.12,0.07,0.42,168.05,7,Sánchez,DEF,Spurs,2023-24,0.06,6.34,"recency-weighted FPL points, decay 8**(-age/3)"
741,Jakub,Stolarczyk,6.25,0.0,0.0,0.0,0.0,0.0,225.0,1,Stolarczyk,GKP,Leicester,2024-25,0.0,6.25,"recency-weighted FPL points, decay 8**(-age/3)"
742,Ramón,Sosa,6.25,0.25,0.0,0.25,0.37,0.0,70.0,1,Sosa,MID,Nott'm Forest,2024-25,0.32,6.25,"recency-weighted FPL points, decay 8**(-age/3)"
743,Cristiano Ronaldo,dos Santos Aveiro,6.22,0.62,0.09,0.72,0.13,1.09,109.12,2,Ronaldo,FWD,Man Utd,2022-23,0.59,6.22,"recency-weighted FPL points, decay 8**(-age/3)"
744,Joseph,Gomez,6.2,0.0,0.04,0.04,0.05,0.64,134.29,7,Gomez,DEF,Liverpool,2022-23,0.02,6.2,"recency-weighted FPL points, decay 8**(-age/3)"
745,Ruben,Loftus-Cheek,6.09,0.04,0.18,0.22,0.16,0.12,178.63,7,Loftus-Cheek,MID,Chelsea,2022-23,0.11,6.09,"recency-weighted FPL points, decay 8**(-age/3)"
746,James,Bree,6.0,0.0,0.25,0.25,0.23,0.0,290.38,3,Bree,DEF,Southampton,2024-25,0.08,6.0,"recency-weighted FPL points, decay 8**(-age/3)"
747,Maxwel,Cornet,6.0,0.41,0.06,0.47,0.18,0.28,101.0,5,Cornet,MID,West Ham,2025-26,0.42,6.0,"recency-weighted FPL points, decay 8**(-age/3)"
748,Fer,López González,6.0,0.0,0.5,0.5,0.38,0.0,114.0,1,Fer López,MID,Wolves,2025-26,0.39,6.0,"recency-weighted FPL points, decay 8**(-age/3)"
749,Jóhann Berg,Gudmundsson,6.0,0.12,0.38,0.5,0.54,0.0,148.12,1,Gudmundsson,MID,Burnley,2023-24,0.3,6.0,"recency-weighted FPL points, decay 8**(-age/3)"
750,Matthew,Cash,5.98,0.12,0.12,0.25,0.0,0.47,142.61,2,Cash,DEF,Aston Villa,2021-22,0.16,5.98,"recency-weighted FPL points, decay 8**(-age/3)"
751,Romain,Saïss,5.94,0.13,0.02,0.15,0.0,0.44,147.75,4,Saïss,DEF,Wolves,2021-22,0.09,5.94,"recency-weighted FPL points, decay 8**(-age/3)"
753,Tyrell,Malacia,5.88,0.0,0.0,0.0,0.06,0.5,119.19,4,Malacia,DEF,Man Utd,2025-26,0.0,5.88,"recency-weighted FPL points, decay 8**(-age/3)"
754,Gabriel,Magalhães,5.78,0.19,0.0,0.19,0.0,0.61,126.91,2,Gabriel,DEF,Arsenal,2021-22,0.13,5.78,"recency-weighted FPL points, decay 8**(-age/3)"
755,Jakub,Moder,5.77,0.0,0.09,0.09,0.31,0.0,141.23,5,Moder,MID,Brighton,2024-25,0.06,5.77,"recency-weighted FPL points, decay 8**(-age/3)"
756,Rúben Diogo,da Silva Neves,5.76,0.23,0.11,0.34,0.0,0.46,160.41,4,Neves,MID,Wolves,2021-22,0.19,5.76,"recency-weighted FPL points, decay 8**(-age/3)"
757,Theo,Walcott,5.75,0.22,0.24,0.46,0.24,0.13,129.88,7,Walcott,MID,Southampton,2022-23,0.32,5.75,"recency-weighted FPL points, decay 8**(-age/3)"
758,N'Golo,Kanté,5.74,0.1,0.27,0.38,0.07,0.17,155.54,7,Kanté,MID,Chelsea,2022-23,0.22,5.74,"recency-weighted FPL points, decay 8**(-age/3)"
759,Jonathan,Castro Otto,5.74,0.14,0.04,0.18,0.07,0.16,152.12,6,J.Otto,DEF,Wolves,2023-24,0.11,5.74,"recency-weighted FPL points, decay 8**(-age/3)"
760,Ben,Osborn,5.7,0.02,0.25,0.27,0.14,0.05,199.47,3,Osborn,MID,Sheffield Utd,2023-24,0.12,5.7,"recency-weighted FPL points, decay 8**(-age/3)"
761,Ki-Jana,Hoever,5.64,0.0,0.0,0.0,0.19,0.0,230.02,6,Hoever,DEF,Wolves,2025-26,0.0,5.64,"recency-weighted FPL points, decay 8**(-age/3)"
762,Romain,Perraud,5.63,0.13,0.16,0.28,0.2,0.34,164.91,2,Perraud,DEF,Southampton,2022-23,0.15,5.63,"recency-weighted FPL points, decay 8**(-age/3)"
763,Olu,Aina,5.62,0.12,0.12,0.25,0.17,0.25,211.25,1,Aina,DEF,Nott'm Forest,2023-24,0.11,5.62,"recency-weighted FPL points, decay 8**(-age/3)"
764,Pontus,Jansson,5.62,0.16,0.12,0.28,0.03,0.41,148.91,2,Jansson,DEF,Brentford,2022-23,0.17,5.62,"recency-weighted FPL points, decay 8**(-age/3)"
765,Hakim,Ziyech,5.62,0.16,0.33,0.48,0.14,0.41,99.72,4,Ziyech,MID,Chelsea,2023-24,0.44,5.62,"recency-weighted FPL points, decay 8**(-age/3)"
766,Teemu,Pukki,5.52,0.43,0.12,0.55,0.0,0.76,124.19,2,Pukki,FWD,Norwich,2021-22,0.4,5.52,"recency-weighted FPL points, decay 8**(-age/3)"
767,Ashley,Barnes,5.52,0.2,0.01,0.21,0.14,0.3,91.24,7,Barnes,FWD,Burnley,2025-26,0.21,5.52,"recency-weighted FPL points, decay 8**(-age/3)"
768,John Victor,Maciel Furtado,5.5,0.0,0.0,0.0,0.0,0.0,218.5,1,John,GKP,Nott'm Forest,2025-26,0.0,5.5,"recency-weighted FPL points, decay 8**(-age/3)"
769,Luis Guilherme,Lira dos Santos,5.5,0.0,0.0,0.0,0.19,0.0,95.25,2,L.Guilherme,MID,West Ham,2025-26,0.0,5.5,"recency-weighted FPL points, decay 8**(-age/3)"
770,Pedro,Cardoso de Lima,5.5,0.0,0.0,0.0,0.4,0.0,145.75,2,Pedro Lima,DEF,Wolves,2025-26,0.0,5.5,"recency-weighted FPL points, decay 8**(-age/3)"
771,Jordan,Clark,5.5,0.12,0.12,0.25,0.29,0.38,162.12,1,Clark,MID,Luton,2023-24,0.14,5.5,"recency-weighted FPL points, decay 8**(-age/3)"
777,Jesse,Lingard,5.49,0.24,0.17,0.41,0.09,0.31,109.21,7,Lingard,MID,Nott'm Forest,2022-23,0.34,5.49,"recency-weighted FPL points, decay 8**(-age/3)"
778,Robin,Olsen,5.42,0.0,0.0,0.0,0.0,0.48,137.03,5,Olsen,GKP,Aston Villa,2024-25,0.0,5.42,"recency-weighted FPL points, decay 8**(-age/3)"
779,Benjamin,Chilwell,5.39,0.17,0.17,0.34,0.0,0.43,88.12,6,Chilwell,DEF,Chelsea,2021-22,0.34,5.39,"recency-weighted FPL points, decay 8**(-age/3)"
780,Daniel,Amartey,5.34,0.02,0.0,0.02,0.09,0.41,182.99,7,Amartey,DEF,Leicester,2022-23,0.01,5.34,"recency-weighted FPL points, decay 8**(-age/3)"
781,Kieffer,Moore,5.31,0.38,0.0,0.38,0.51,0.44,91.81,2,Moore,FWD,Bournemouth,2023-24,0.37,5.31,"recency-weighted FPL points, decay 8**(-age/3)"
783,Shandon,Baptiste,5.28,0.16,0.25,0.41,0.21,0.06,93.31,3,Baptiste,MID,Brentford,2023-24,0.39,5.28,"recency-weighted FPL points, decay 8**(-age/3)"
784,Mason,Holgate,5.26,0.08,0.09,0.17,0.17,0.3,245.4,9,Holgate,DEF,Everton,2024-25,0.06,5.26,"recency-weighted FPL points, decay 8**(-age/3)"
785,Teden,Mengi,5.25,0.12,0.0,0.12,0.14,0.12,308.38,2,Mengi,DEF,Luton,2023-24,0.04,5.25,"recency-weighted FPL points, decay 8**(-age/3)"
786,Gavin,Bazunu,5.25,0.0,0.0,0.0,0.0,0.19,180.0,2,Bazunu,GKP,Southampton,2024-25,0.0,5.25,"recency-weighted FPL points, decay 8**(-age/3)"
787,Jonjo,Shelvey,5.24,0.13,0.11,0.24,0.05,0.35,163.25,7,J.Shelvey,MID,Nott'm Forest,2023-24,0.13,5.24,"recency-weighted FPL points, decay 8**(-age/3)"
788,Matt,Ritchie,5.23,0.15,0.19,0.35,0.13,0.18,107.05,7,Ritchie,MID,Newcastle,2023-24,0.29,5.23,"recency-weighted FPL points, decay 8**(-age/3)"
789,Manuel,Lanzini,5.22,0.26,0.16,0.41,0.05,0.39,99.41,7,Lanzini,MID,West Ham,2022-23,0.37,5.22,"recency-weighted FPL points, decay 8**(-age/3)"
790,Moussa,Niakhaté,5.19,0.12,0.0,0.12,0.24,0.12,254.69,2,Niakhaté,DEF,Nott'm Forest,2023-24,0.04,5.19,"recency-weighted FPL points, decay 8**(-age/3)"
791,Stuart,Dallas,5.17,0.16,0.08,0.23,0.0,0.42,144.53,3,Dallas,DEF,Leeds,2022-23,0.15,5.17,"recency-weighted FPL points, decay 8**(-age/3)"
792,Ashley,Westwood,5.16,0.07,0.28,0.35,0.0,0.27,163.04,6,Westwood,MID,Burnley,2021-22,0.19,5.16,"recency-weighted FPL points, decay 8**(-age/3)"
793,Saman,Ghoddos,5.12,0.16,0.06,0.22,0.19,0.0,115.12,3,Ghoddos,MID,Brentford,2023-24,0.17,5.12,"recency-weighted FPL points, decay 8**(-age/3)"
794,Matt,Turner,5.12,0.0,0.0,0.0,0.0,0.0,191.25,4,Turner,GKP,Nott'm Forest,2025-26,0.0,5.12,"recency-weighted FPL points, decay 8**(-age/3)"
795,Gabriel,Osho,5.12,0.25,0.0,0.25,0.16,0.12,230.75,1,Osho,DEF,Luton,2023-24,0.1,5.12,"recency-weighted FPL points, decay 8**(-age/3)"
796,Jannik,Vestergaard,5.03,0.05,0.02,0.07,0.05,0.11,424.92,6,Vestergaard,DEF,Leicester,2024-25,0.01,5.03,"recency-weighted FPL points, decay 8**(-age/3)"
797,Thiago,Alcántara do Nascimento,5.02,0.05,0.12,0.17,0.1,0.11,155.52,4,Thiago,MID,Liverpool,2023-24,0.1,5.02,"recency-weighted FPL points, decay 8**(-age/3)"
798,Luca,Koleosho,5.0,0.12,0.25,0.38,0.38,0.0,121.5,2,Koleosho,MID,Burnley,2025-26,0.28,5.0,"recency-weighted FPL points, decay 8**(-age/3)"
799,Ross,Stewart,5.0,0.25,0.0,0.25,0.3,0.75,95.5,1,Stewart,FWD,Southampton,2024-25,0.24,5.0,"recency-weighted FPL points, decay 8**(-age/3)"
800,Chris,Mepham,5.0,0.01,0.13,0.14,0.13,0.39,224.37,6,Mepham,DEF,Bournemouth,2025-26,0.05,5.0,"recency-weighted FPL points, decay 8**(-age/3)"
801,Reece,Burke,5.0,0.0,0.5,0.5,0.35,0.25,207.38,3,Burke,DEF,Luton,2023-24,0.22,5.0,"recency-weighted FPL points, decay 8**(-age/3)"
802,Diego,Coppola,5.0,0.0,0.0,0.0,0.0,0.0,96.5,1,Coppola,DEF,Brighton,2025-26,0.0,5.0,"recency-weighted FPL points, decay 8**(-age/3)"
804,Ayoze,Pérez,4.99,0.22,0.29,0.51,0.1,0.27,89.82,6,Pérez,MID,Leicester,2022-23,0.51,4.99,"recency-weighted FPL points, decay 8**(-age/3)"
805,Ben,White,4.97,0.0,0.0,0.0,0.0,0.36,139.88,3,White,DEF,Arsenal,2021-22,0.0,4.97,"recency-weighted FPL points, decay 8**(-age/3)"
806,Çaglar,Söyüncü,4.96,0.12,0.01,0.12,0.03,0.52,164.57,5,Söyüncü,DEF,Leicester,2022-23,0.07,4.96,"recency-weighted FPL points, decay 8**(-age/3)"
807,Paul,Pogba,4.95,0.15,0.47,0.63,0.0,0.49,99.53,6,Pogba,MID,Man Utd,2021-22,0.57,4.95,"recency-weighted FPL points, decay 8**(-age/3)"
808,Jacob,Brown,4.88,0.25,0.12,0.38,0.41,0.38,126.62,1,Brown,FWD,Luton,2023-24,0.27,4.88,"recency-weighted FPL points, decay 8**(-age/3)"
809,Philippe,Coutinho Correia,4.84,0.22,0.09,0.31,0.15,0.28,93.03,3,Coutinho,MID,Aston Villa,2023-24,0.3,4.84,"recency-weighted FPL points, decay 8**(-age/3)"
810,Yerry,Mina,4.8,0.18,0.01,0.18,0.1,0.62,115.05,5,Mina,DEF,Everton,2022-23,0.14,4.8,"recency-weighted FPL points, decay 8**(-age/3)"
812,Robin,Koch,4.75,0.0,0.0,0.0,0.13,0.16,265.22,3,Koch,DEF,Leeds,2022-23,0.0,4.75,"recency-weighted FPL points, decay 8**(-age/3)"
813,Jack,Robinson,4.73,0.12,0.16,0.28,0.26,0.19,377.98,3,Robinson,DEF,Sheffield Utd,2023-24,0.07,4.73,"recency-weighted FPL points, decay 8**(-age/3)"
814,Liam,Cooper,4.73,0.08,0.06,0.14,0.08,0.25,179.91,3,Cooper,DEF,Leeds,2022-23,0.07,4.73,"recency-weighted FPL points, decay 8**(-age/3)"
815,George,Baldock,4.72,0.02,0.31,0.33,0.08,0.34,191.27,3,Baldock,DEF,Sheffield Utd,2023-24,0.15,4.72,"recency-weighted FPL points, decay 8**(-age/3)"
816,Divock,Origi,4.7,0.14,0.16,0.3,0.26,0.17,89.33,7,Origi,FWD,Nott'm Forest,2023-24,0.3,4.7,"recency-weighted FPL points, decay 8**(-age/3)"
817,Mason,Greenwood,4.7,0.34,0.1,0.45,0.0,0.49,78.61,4,Greenwood,MID,Man Utd,2021-22,0.51,4.7,"recency-weighted FPL points, decay 8**(-age/3)"
818,Kalidou,Koulibaly,4.63,0.13,0.06,0.19,0.08,0.5,112.38,1,Koulibaly,DEF,Chelsea,2022-23,0.15,4.63,"recency-weighted FPL points, decay 8**(-age/3)"
819,Luka,Milivojevic,4.62,0.11,0.04,0.14,0.03,0.25,132.22,7,Milivojevic,MID,Crystal Palace,2022-23,0.1,4.62,"recency-weighted FPL points, decay 8**(-age/3)"
820,Joshua,King,4.6,0.28,0.19,0.47,0.0,0.36,106.99,7,King,MID,Fulham,2023-24,0.39,4.6,"recency-weighted FPL points, decay 8**(-age/3)"
821,João,Cancelo,4.56,0.13,0.13,0.25,0.15,0.63,79.56,2,Cancelo,DEF,Man City,2023-24,0.28,4.56,"recency-weighted FPL points, decay 8**(-age/3)"
822,Oriol,Romeu Vidal,4.51,0.08,0.08,0.16,0.01,0.27,153.94,7,Romeu,MID,Southampton,2022-23,0.1,4.51,"recency-weighted FPL points, decay 8**(-age/3)"
824,Filip,Jørgensen,4.5,0.0,0.0,0.0,0.0,0.0,135.0,1,Jørgensen,GKP,Chelsea,2024-25,0.0,4.5,"recency-weighted FPL points, decay 8**(-age/3)"
825,Mohamadou,Kanté,4.5,0.0,0.0,0.0,0.06,0.0,33.5,1,Mohamadou Kanté,MID,West Ham,2025-26,0.0,4.5,"recency-weighted FPL points, decay 8**(-age/3)"
826,Andrés,García,4.5,0.0,0.0,0.0,0.14,0.0,120.5,2,A.García,DEF,Aston Villa,2025-26,0.0,4.5,"recency-weighted FPL points, decay 8**(-age/3)"
830,Lorenzo,Lucca,4.5,0.5,0.0,0.5,0.4,0.0,63.0,1,Lucca,FWD,Nott'm Forest,2025-26,0.71,4.5,"recency-weighted FPL points, decay 8**(-age/3)"
831,Ben,Foster,4.46,0.0,0.03,0.03,0.0,0.48,123.05,5,Foster,GKP,Watford,2021-22,0.02,4.46,"recency-weighted FPL points, decay 8**(-age/3)"
832,Thilo,Kehrer,4.44,0.0,0.19,0.19,0.07,0.25,141.69,2,Kehrer,DEF,West Ham,2023-24,0.12,4.44,"recency-weighted FPL points, decay 8**(-age/3)"
833,Matthew,Lowton,4.41,0.05,0.12,0.17,0.0,0.27,129.58,6,Lowton,DEF,Burnley,2021-22,0.12,4.41,"recency-weighted FPL points, decay 8**(-age/3)"
834,Amari'i,Bell,4.38,0.0,0.0,0.0,0.1,0.38,215.0,1,Bell,DEF,Luton,2023-24,0.0,4.38,"recency-weighted FPL points, decay 8**(-age/3)"
835,Pelly Ruddock,Mpanzu,4.38,0.0,0.0,0.0,0.25,0.0,135.62,1,Mpanzu,MID,Luton,2023-24,0.0,4.38,"recency-weighted FPL points, decay 8**(-age/3)"
836,Moussa,Sissoko,4.33,0.08,0.06,0.14,0.0,0.07,157.09,6,Sissoko,MID,Watford,2021-22,0.08,4.33,"recency-weighted FPL points, decay 8**(-age/3)"
837,Ainsley,Maitland-Niles,4.32,0.0,0.11,0.12,0.05,0.05,138.91,7,Maitland-Niles,MID,Southampton,2022-23,0.08,4.32,"recency-weighted FPL points, decay 8**(-age/3)"
838,Miguel,Almirón,4.32,0.12,0.05,0.18,0.0,0.16,117.77,4,Almirón,MID,Newcastle,2021-22,0.14,4.32,"recency-weighted FPL points, decay 8**(-age/3)"
839,Gabriel Teodoro,Martinelli Silva,4.3,0.24,0.24,0.48,0.0,0.23,72.19,3,Martinelli,MID,Arsenal,2021-22,0.6,4.3,"recency-weighted FPL points, decay 8**(-age/3)"
840,Antonín,Kinsky,4.25,0.0,0.0,0.0,0.0,0.0,135.0,1,Kinsky,GKP,Spurs,2024-25,0.0,4.25,"recency-weighted FPL points, decay 8**(-age/3)"
841,Boubacar,Traoré,4.25,0.0,0.06,0.06,0.08,0.0,125.81,4,B.Traore,MID,Wolves,2025-26,0.04,4.25,"recency-weighted FPL points, decay 8**(-age/3)"
842,Nicolò,Zaniolo,4.25,0.25,0.0,0.25,0.42,0.0,103.0,1,Zaniolo,MID,Aston Villa,2023-24,0.22,4.25,"recency-weighted FPL points, decay 8**(-age/3)"
845,Christian,Benteke,4.22,0.32,0.09,0.41,0.0,0.45,83.98,7,Benteke,FWD,Crystal Palace,2022-23,0.44,4.22,"recency-weighted FPL points, decay 8**(-age/3)"
846,Ademola,Lookman,4.21,0.25,0.08,0.33,0.0,0.31,91.02,6,Lookman,MID,Leicester,2021-22,0.32,4.21,"recency-weighted FPL points, decay 8**(-age/3)"
847,Mateusz,Klich,4.2,0.09,0.14,0.23,0.02,0.17,118.62,3,Klich,MID,Leeds,2022-23,0.18,4.2,"recency-weighted FPL points, decay 8**(-age/3)"
848,Diego,Llorente,4.19,0.11,0.0,0.11,0.05,0.36,132.45,3,Llorente,DEF,Leeds,2022-23,0.07,4.19,"recency-weighted FPL points, decay 8**(-age/3)"
849,Marc,Roca Junqué,4.19,0.06,0.19,0.25,0.29,0.19,144.75,1,Roca,MID,Leeds,2022-23,0.16,4.19,"recency-weighted FPL points, decay 8**(-age/3)"
850,Rob,Holding,4.16,0.09,0.02,0.11,0.03,0.26,111.4,10,Holding,DEF,Crystal Palace,2025-26,0.09,4.16,"recency-weighted FPL points, decay 8**(-age/3)"
851,Marc,Albrighton,4.13,0.12,0.22,0.35,0.05,0.16,97.14,7,Albrighton,MID,Leicester,2022-23,0.32,4.13,"recency-weighted FPL points, decay 8**(-age/3)"
852,Calum,Chambers,4.13,0.05,0.18,0.23,0.02,0.16,105.74,8,Chambers,DEF,Aston Villa,2023-24,0.2,4.13,"recency-weighted FPL points, decay 8**(-age/3)"
853,Anssumane,Fati Vieira,4.12,0.25,0.12,0.38,0.52,0.12,63.62,1,Ansu Fati,MID,Brighton,2023-24,0.53,4.12,"recency-weighted FPL points, decay 8**(-age/3)"
854,Yegor,Yarmoliuk,4.12,0.0,0.0,0.0,0.24,0.0,83.75,1,Yarmoliuk,MID,Brentford,2023-24,0.0,4.12,"recency-weighted FPL points, decay 8**(-age/3)"
855,James,McArthur,4.12,0.03,0.22,0.25,0.0,0.27,113.61,7,McArthur,MID,Crystal Palace,2022-23,0.2,4.12,"recency-weighted FPL points, decay 8**(-age/3)"
856,Cauley,Woodrow,4.12,0.12,0.12,0.25,0.27,0.38,50.75,1,Woodrow,FWD,Luton,2023-24,0.44,4.12,"recency-weighted FPL points, decay 8**(-age/3)"
857,Mohammed,Salisu,4.09,0.0,0.06,0.06,0.12,0.25,229.17,3,Salisu,DEF,Southampton,2022-23,0.02,4.09,"recency-weighted FPL points, decay 8**(-age/3)"
858,Marvelous,Nakamba,4.07,0.0,0.02,0.02,0.08,0.02,195.41,5,Nakamba,MID,Luton,2023-24,0.01,4.07,"recency-weighted FPL points, decay 8**(-age/3)"
859,Joseph,Willock,4.04,0.2,0.1,0.3,0.0,0.17,89.51,5,Willock,MID,Newcastle,2021-22,0.3,4.04,"recency-weighted FPL points, decay 8**(-age/3)"
860,Nicolas,Pépé,4.02,0.23,0.22,0.45,0.0,0.27,62.03,5,Pepe,MID,Arsenal,2023-24,0.65,4.02,"recency-weighted FPL points, decay 8**(-age/3)"
863,Tom,Edozie,4.0,0.5,0.0,0.5,0.12,0.0,6.0,2,Edozie,MID,Wolves,2025-26,7.5,4.0,"recency-weighted FPL points, decay 8**(-age/3)"
864,Scott,McKenna,4.0,0.0,0.0,0.0,0.08,0.12,150.13,2,McKenna,DEF,Nott'm Forest,2023-24,0.0,4.0,"recency-weighted FPL points, decay 8**(-age/3)"
866,Marc,Cucurella,3.94,0.03,0.03,0.06,0.0,0.66,96.53,1,Cucurella,DEF,Brighton,2021-22,0.06,3.94,"recency-weighted FPL points, decay 8**(-age/3)"
867,Conor,Townsend,3.94,0.0,0.28,0.28,0.07,0.12,118.41,2,Townsend,DEF,Ipswich,2024-25,0.21,3.94,"recency-weighted FPL points, decay 8**(-age/3)"
868,Tom,Davies,3.92,0.04,0.03,0.08,0.15,0.04,113.62,8,T.Davies,MID,Sheffield Utd,2023-24,0.06,3.92,"recency-weighted FPL points, decay 8**(-age/3)"
869,Anel,Ahmedhodžić,3.88,0.25,0.0,0.25,0.45,0.5,331.12,1,Ahmedhodžić,DEF,Sheffield Utd,2023-24,0.07,3.88,"recency-weighted FPL points, decay 8**(-age/3)"
870,Luke,Berry,3.88,0.25,0.12,0.38,0.14,0.0,38.62,1,Berry,MID,Luton,2023-24,0.87,3.88,"recency-weighted FPL points, decay 8**(-age/3)"
871,Solomon,March,3.79,0.04,0.13,0.17,0.0,0.14,102.34,5,March,MID,Brighton,2021-22,0.15,3.79,"recency-weighted FPL points, decay 8**(-age/3)"
872,Alex,Oxlade-Chamberlain,3.76,0.18,0.08,0.25,0.09,0.22,65.31,7,Chamberlain,MID,Liverpool,2022-23,0.35,3.76,"recency-weighted FPL points, decay 8**(-age/3)"
873,Ricardo,Barbosa Pereira,3.75,0.06,0.06,0.13,0.09,0.13,123.69,2,Ricardo,DEF,Leicester,2024-25,0.09,3.75,"recency-weighted FPL points, decay 8**(-age/3)"
874,Séamus,Coleman,3.75,0.0,0.0,0.0,0.25,0.0,63.0,2,Coleman,DEF,Everton,2025-26,0.0,3.75,"recency-weighted FPL points, decay 8**(-age/3)"
875,Jordan,Beyer,3.75,0.0,0.12,0.12,0.09,0.5,154.25,2,Jordan,DEF,Burnley,2025-26,0.07,3.75,"recency-weighted FPL points, decay 8**(-age/3)"
876,Gylfi,Sigurdsson,3.72,0.18,0.15,0.33,0.0,0.37,74.88,6,Sigurdsson,MID,Everton,2021-22,0.4,3.72,"recency-weighted FPL points, decay 8**(-age/3)"
877,Rui Pedro,dos Santos Patrício,3.72,0.0,0.0,0.0,0.0,0.27,91.76,4,Patrício,GKP,Wolves,2021-22,0.0,3.72,"recency-weighted FPL points, decay 8**(-age/3)"
878,Romelu,Lukaku,3.7,0.35,0.05,0.41,0.0,0.5,66.56,5,Lukaku,FWD,Chelsea,2021-22,0.55,3.7,"recency-weighted FPL points, decay 8**(-age/3)"
879,Joe,Rothwell,3.69,0.0,0.06,0.06,0.14,0.0,110.63,2,Rothwell,MID,Bournemouth,2023-24,0.05,3.69,"recency-weighted FPL points, decay 8**(-age/3)"
880,Connor,Roberts,3.67,0.03,0.16,0.19,0.04,0.19,155.43,5,Roberts,DEF,Burnley,2025-26,0.11,3.67,"recency-weighted FPL points, decay 8**(-age/3)"
881,Carney,Chukwuemeka,3.66,0.12,0.16,0.28,0.11,0.0,58.5,5,Chukwuemeka,MID,Chelsea,2024-25,0.43,3.66,"recency-weighted FPL points, decay 8**(-age/3)"
882,Tim,Krul,3.66,0.0,0.0,0.0,0.0,0.42,106.87,4,Krul,GKP,Luton,2023-24,0.0,3.66,"recency-weighted FPL points, decay 8**(-age/3)"
883,Jack,Cork,3.65,0.04,0.01,0.05,0.0,0.11,118.62,7,Cork,MID,Burnley,2023-24,0.04,3.65,"recency-weighted FPL points, decay 8**(-age/3)"
884,Andreas,Christensen,3.62,0.0,0.0,0.0,0.0,0.24,88.23,5,Christensen,DEF,Chelsea,2021-22,0.0,3.62,"recency-weighted FPL points, decay 8**(-age/3)"
885,Nampalys,Mendy,3.58,0.06,0.02,0.08,0.02,0.06,112.22,7,Mendy,MID,Leicester,2022-23,0.07,3.58,"recency-weighted FPL points, decay 8**(-age/3)"
886,Naby,Keita,3.56,0.12,0.09,0.21,0.05,0.16,74.44,5,Keita,MID,Liverpool,2022-23,0.25,3.56,"recency-weighted FPL points, decay 8**(-age/3)"
887,Rayan,Ait Nouri,3.56,0.05,0.14,0.19,0.0,0.41,78.94,2,Ait Nouri,DEF,Wolves,2021-22,0.21,3.56,"recency-weighted FPL points, decay 8**(-age/3)"
888,Armel,Bella-Kotchap,3.56,0.0,0.13,0.13,0.18,0.31,199.81,2,Bella-Kotchap,DEF,Southampton,2024-25,0.06,3.56,"recency-weighted FPL points, decay 8**(-age/3)"
889,Renan Augusto,Lodi dos Santos,3.5,0.0,0.13,0.13,0.14,0.19,138.19,1,Renan Lodi,DEF,Nott'm Forest,2022-23,0.08,3.5,"recency-weighted FPL points, decay 8**(-age/3)"
890,Welington Damascena,Santos,3.5,0.0,0.0,0.0,0.05,0.0,119.5,1,Welington,DEF,Southampton,2024-25,0.0,3.5,"recency-weighted FPL points, decay 8**(-age/3)"
891,Nathan,Wood-Gordon,3.5,0.0,0.0,0.0,0.07,0.5,192.75,1,Wood,DEF,Southampton,2024-25,0.0,3.5,"recency-weighted FPL points, decay 8**(-age/3)"
893,Auston,Trusty,3.5,0.0,0.0,0.0,0.14,0.0,321.0,1,Trusty,DEF,Sheffield Utd,2023-24,0.0,3.5,"recency-weighted FPL points, decay 8**(-age/3)"
894,Gonzalo,Montiel,3.5,0.0,0.25,0.25,0.11,0.5,99.5,1,G.Montiel,DEF,Nott'm Forest,2023-24,0.23,3.5,"recency-weighted FPL points, decay 8**(-age/3)"
896,Max,Weiß,3.5,0.0,0.0,0.0,0.0,0.0,135.0,1,Weiss,GKP,Burnley,2025-26,0.0,3.5,"recency-weighted FPL points, decay 8**(-age/3)"
897,Fernando,Luiz Rosa,3.47,0.08,0.09,0.17,0.0,0.23,84.64,6,Fernandinho,MID,Man City,2021-22,0.18,3.47,"recency-weighted FPL points, decay 8**(-age/3)"
898,Carlos,Alcaraz,3.44,0.25,0.13,0.38,0.15,0.25,64.0,1,Alcaraz,MID,Southampton,2022-23,0.53,3.44,"recency-weighted FPL points, decay 8**(-age/3)"
899,Arnaut,Danjuma Groeneveld,3.44,0.12,0.01,0.13,0.38,0.0,78.26,2,Danjuma,MID,Everton,2023-24,0.15,3.44,"recency-weighted FPL points, decay 8**(-age/3)"
900,Bamidele,Alli,3.41,0.15,0.13,0.28,0.0,0.2,70.63,6,Dele,MID,Everton,2021-22,0.35,3.41,"recency-weighted FPL points, decay 8**(-age/3)"
901,Remo,Freuler,3.38,0.0,0.0,0.0,0.08,0.0,134.81,2,Freuler,MID,Nott'm Forest,2023-24,0.0,3.38,"recency-weighted FPL points, decay 8**(-age/3)"
902,Willian,Borges Da Silva,3.32,0.12,0.23,0.34,0.0,0.41,55.44,6,Willian,MID,Arsenal,2021-22,0.56,3.32,"recency-weighted FPL points, decay 8**(-age/3)"
905,Andre,Brooks,3.25,0.0,0.0,0.0,0.09,0.0,116.5,1,Brooks,MID,Sheffield Utd,2023-24,0.0,3.25,"recency-weighted FPL points, decay 8**(-age/3)"
906,Deniz,Undav,3.25,0.31,0.13,0.44,0.38,0.25,38.38,3,Undav,FWD,Brighton,2024-25,1.03,3.25,"recency-weighted FPL points, decay 8**(-age/3)"
907,Hamed,Traorè,3.25,0.0,0.5,0.5,0.16,0.0,40.06,4,H.Traorè,MID,Bournemouth,2025-26,1.12,3.25,"recency-weighted FPL points, decay 8**(-age/3)"
908,Massimo,Luongo,3.25,0.0,0.0,0.0,0.0,0.0,48.75,1,Luongo,MID,Ipswich,2024-25,0.0,3.25,"recency-weighted FPL points, decay 8**(-age/3)"
909,Sofyan,Amrabat,3.25,0.0,0.0,0.0,0.05,0.0,116.12,1,Amrabat,MID,Man Utd,2023-24,0.0,3.25,"recency-weighted FPL points, decay 8**(-age/3)"
910,Ben,Brereton Díaz,3.25,0.0,0.0,0.0,0.26,0.0,111.5,1,Brereton Díaz,MID,Southampton,2024-25,0.0,3.25,"recency-weighted FPL points, decay 8**(-age/3)"
911,Wout,Weghorst,3.22,0.06,0.16,0.22,0.2,0.19,94.62,3,Weghorst,FWD,Burnley,2023-24,0.21,3.22,"recency-weighted FPL points, decay 8**(-age/3)"
912,Jairo,Riedewald,3.22,0.03,0.0,0.03,0.02,0.06,70.95,7,Riedewald,MID,Crystal Palace,2023-24,0.04,3.22,"recency-weighted FPL points, decay 8**(-age/3)"
913,Emerson Aparecido,Leite de Souza Junior,3.19,0.03,0.03,0.06,0.0,0.25,71.31,1,Emerson Royal,DEF,Spurs,2021-22,0.08,3.19,"recency-weighted FPL points, decay 8**(-age/3)"
914,Rasmus,Kristensen,3.19,0.19,0.06,0.25,0.11,0.06,122.31,1,Kristensen,DEF,Leeds,2022-23,0.18,3.19,"recency-weighted FPL points, decay 8**(-age/3)"
915,Anwar,El Ghazi,3.15,0.22,0.07,0.29,0.0,0.23,53.3,4,El Ghazi,MID,Aston Villa,2022-23,0.49,3.15,"recency-weighted FPL points, decay 8**(-age/3)"
916,Nemanja,Matic,3.13,0.01,0.17,0.17,0.0,0.12,90.74,6,Matic,MID,Man Utd,2021-22,0.17,3.13,"recency-weighted FPL points, decay 8**(-age/3)"
917,Moussa,Djenepo,3.12,0.03,0.17,0.2,0.04,0.02,84.39,4,Djenepo,MID,Southampton,2022-23,0.22,3.12,"recency-weighted FPL points, decay 8**(-age/3)"
918,Dennis,Praet,3.12,0.09,0.12,0.2,0.09,0.04,59.61,4,Praet,MID,Leicester,2022-23,0.31,3.12,"recency-weighted FPL points, decay 8**(-age/3)"
919,Lorenz,Assignon,3.12,0.12,0.25,0.38,0.25,0.38,154.38,1,Assignon,DEF,Burnley,2023-24,0.22,3.12,"recency-weighted FPL points, decay 8**(-age/3)"
920,Georginio,Wijnaldum,3.08,0.08,0.03,0.11,0.0,0.14,87.01,5,Wijnaldum,MID,Liverpool,2020-21,0.12,3.08,"recency-weighted FPL points, decay 8**(-age/3)"
921,Sasa,Kalajdzic,3.06,0.25,0.0,0.25,0.18,0.5,22.56,2,Kalajdžić,FWD,Wolves,2023-24,1.0,3.06,"recency-weighted FPL points, decay 8**(-age/3)"
922,Ricardo Domingos,Barbosa Pereira,3.05,0.06,0.16,0.22,0.0,0.27,77.73,4,Pereira,DEF,Leicester,2021-22,0.25,3.05,"recency-weighted FPL points, decay 8**(-age/3)"
923,Ibrahima,Diallo,3.05,0.0,0.09,0.09,0.02,0.09,98.34,3,Diallo,MID,Southampton,2022-23,0.09,3.05,"recency-weighted FPL points, decay 8**(-age/3)"
928,Mike,Trésor Ndayishimiye,3.0,0.0,0.0,0.0,0.0,0.0,18.5,1,Trésor,MID,Burnley,2025-26,0.0,3.0,"recency-weighted FPL points, decay 8**(-age/3)"
930,Ezra,Mayers,3.0,0.0,0.0,0.0,0.3,0.0,56.5,2,Mayers,DEF,West Ham,2025-26,0.0,3.0,"recency-weighted FPL points, decay 8**(-age/3)"
931,Jordan,Zemura,2.94,0.0,0.06,0.06,0.14,0.06,90.75,1,Zemura,DEF,Bournemouth,2022-23,0.06,2.94,"recency-weighted FPL points, decay 8**(-age/3)"
932,Sergio,Agüero,2.91,0.33,0.12,0.45,0.0,0.33,35.75,5,Agüero,FWD,Man City,2020-21,1.14,2.91,"recency-weighted FPL points, decay 8**(-age/3)"
933,Steven,Bergwijn,2.91,0.13,0.13,0.27,0.0,0.16,41.37,4,Bergwijn,MID,Spurs,2022-23,0.58,2.91,"recency-weighted FPL points, decay 8**(-age/3)"
934,Aaron,Ramsey,2.91,0.03,0.05,0.08,0.1,0.04,75.21,6,A.Ramsey,MID,Burnley,2025-26,0.09,2.91,"recency-weighted FPL points, decay 8**(-age/3)"
935,Nuno,Varela Tavares,2.91,0.03,0.03,0.06,0.07,0.06,93.28,3,Tavares,DEF,Nott'm Forest,2023-24,0.06,2.91,"recency-weighted FPL points, decay 8**(-age/3)"
936,Tom,Lockyer,2.88,0.12,0.12,0.25,0.16,0.12,146.12,1,Lockyer,DEF,Luton,2023-24,0.15,2.88,"recency-weighted FPL points, decay 8**(-age/3)"
937,Cédric,Soares,2.88,0.04,0.07,0.11,0.0,0.21,83.78,6,Cédric,DEF,Arsenal,2021-22,0.12,2.88,"recency-weighted FPL points, decay 8**(-age/3)"
938,Joe,Ayodele-Aribo,2.88,0.13,0.0,0.13,0.12,0.19,76.19,1,Aribo,MID,Southampton,2022-23,0.15,2.88,"recency-weighted FPL points, decay 8**(-age/3)"
939,Matej,Vydra,2.79,0.13,0.14,0.27,0.0,0.18,49.53,5,Vydra,FWD,Burnley,2021-22,0.48,2.79,"recency-weighted FPL points, decay 8**(-age/3)"
940,Erik,Pieters,2.78,0.0,0.12,0.12,0.0,0.2,65.42,5,Pieters,DEF,Burnley,2021-22,0.17,2.78,"recency-weighted FPL points, decay 8**(-age/3)"
941,Kenny,McLean,2.76,0.04,0.01,0.05,0.0,0.0,107.76,2,McLean,MID,Norwich,2021-22,0.04,2.76,"recency-weighted FPL points, decay 8**(-age/3)"
942,Chris,Basham,2.76,0.0,0.02,0.02,0.02,0.08,105.08,3,Basham,DEF,Sheffield Utd,2023-24,0.02,2.76,"recency-weighted FPL points, decay 8**(-age/3)"
943,Toby,Alderweireld,2.75,0.03,0.02,0.05,0.0,0.15,74.35,6,Alderweireld,DEF,Spurs,2021-22,0.06,2.75,"recency-weighted FPL points, decay 8**(-age/3)"
944,Youssef,Ramalho Chermiti,2.75,0.0,0.0,0.0,0.16,0.0,35.0,3,Y.Chermiti,FWD,Everton,2025-26,0.0,2.75,"recency-weighted FPL points, decay 8**(-age/3)"
945,Shane,Duffy,2.74,0.06,0.04,0.1,0.01,0.15,73.99,6,Duffy,DEF,Fulham,2022-23,0.12,2.74,"recency-weighted FPL points, decay 8**(-age/3)"
946,Keylor,Navas,2.69,0.0,0.0,0.0,0.0,0.31,95.63,1,Navas,GKP,Nott'm Forest,2022-23,0.0,2.69,"recency-weighted FPL points, decay 8**(-age/3)"
947,Johann Berg,Gudmundsson,2.68,0.06,0.09,0.14,0.0,0.09,73.63,6,Gudmundsson,MID,Burnley,2021-22,0.17,2.68,"recency-weighted FPL points, decay 8**(-age/3)"
948,James,Tomkins,2.67,0.11,0.01,0.13,0.05,0.21,76.53,8,Tomkins,DEF,Crystal Palace,2023-24,0.15,2.67,"recency-weighted FPL points, decay 8**(-age/3)"
949,Neeskens,Kebano,2.62,0.0,0.25,0.25,0.08,0.0,49.58,3,Kebano,MID,Fulham,2022-23,0.45,2.62,"recency-weighted FPL points, decay 8**(-age/3)"
951,Edinson,Cavani,2.61,0.22,0.09,0.31,0.0,0.28,45.06,2,Cavani,FWD,Man Utd,2021-22,0.62,2.61,"recency-weighted FPL points, decay 8**(-age/3)"
952,Tanguy,Ndombele,2.59,0.09,0.09,0.19,0.0,0.12,55.45,3,Ndombele,MID,Spurs,2021-22,0.3,2.59,"recency-weighted FPL points, decay 8**(-age/3)"
954,Craig,Cathcart,2.58,0.01,0.03,0.04,0.0,0.08,108.44,5,Cathcart,DEF,Watford,2021-22,0.04,2.58,"recency-weighted FPL points, decay 8**(-age/3)"
955,Gianluca,Scamacca,2.56,0.19,0.0,0.19,0.18,0.44,57.56,2,Scamacca,FWD,West Ham,2023-24,0.29,2.56,"recency-weighted FPL points, decay 8**(-age/3)"
956,Allan,Marques Loureiro,2.55,0.0,0.09,0.09,0.0,0.06,100.19,3,Allan,MID,Everton,2022-23,0.08,2.55,"recency-weighted FPL points, decay 8**(-age/3)"
957,Hee-Chan,Hwang,2.53,0.16,0.03,0.19,0.0,0.34,56.59,1,Hwang,FWD,Wolves,2021-22,0.3,2.53,"recency-weighted FPL points, decay 8**(-age/3)"
958,Sergi,Canós,2.53,0.09,0.09,0.19,0.0,0.16,64.91,1,Canós,MID,Brentford,2021-22,0.26,2.53,"recency-weighted FPL points, decay 8**(-age/3)"
959,Ismaila,Sarr,2.53,0.16,0.06,0.22,0.0,0.28,58.19,1,Sarr,MID,Watford,2021-22,0.34,2.53,"recency-weighted FPL points, decay 8**(-age/3)"
960,Edward,Nketiah,2.52,0.21,0.05,0.25,0.0,0.28,37.33,5,Nketiah,FWD,Arsenal,2021-22,0.61,2.52,"recency-weighted FPL points, decay 8**(-age/3)"
961,Patrick,van Aanholt,2.52,0.05,0.06,0.11,0.0,0.26,66.51,5,van Aanholt,DEF,Crystal Palace,2020-21,0.15,2.52,"recency-weighted FPL points, decay 8**(-age/3)"
962,André,Tavares Gomes,2.5,0.12,0.0,0.12,0.09,0.0,63.12,2,André Gomes,MID,Everton,2023-24,0.18,2.5,"recency-weighted FPL points, decay 8**(-age/3)"
964,Alfie,Gilchrist,2.5,0.12,0.0,0.12,0.05,0.0,25.0,3,Gilchrist,DEF,Chelsea,2024-25,0.45,2.5,"recency-weighted FPL points, decay 8**(-age/3)"
966,Mike,Trésor,2.5,0.0,0.0,0.0,0.11,0.0,51.25,1,M.Trésor,MID,Burnley,2023-24,0.0,2.5,"recency-weighted FPL points, decay 8**(-age/3)"
968,Enock,Mwepu,2.5,0.06,0.22,0.28,0.03,0.16,44.0,2,Mwepu,MID,Brighton,2022-23,0.58,2.5,"recency-weighted FPL points, decay 8**(-age/3)"
969,Alex Nicolao,Telles,2.48,0.0,0.16,0.16,0.0,0.23,62.58,2,Telles,DEF,Man Utd,2021-22,0.22,2.48,"recency-weighted FPL points, decay 8**(-age/3)"
970,Ryan,Bertrand,2.47,0.01,0.05,0.07,0.0,0.08,89.56,7,Bertrand,DEF,Leicester,2022-23,0.07,2.47,"recency-weighted FPL points, decay 8**(-age/3)"
971,Javier,Manquillo,2.47,0.03,0.12,0.15,0.0,0.05,73.75,6,Manquillo,DEF,Newcastle,2021-22,0.18,2.47,"recency-weighted FPL points, decay 8**(-age/3)"
972,Francisco,Femenía Far,2.46,0.01,0.17,0.18,0.0,0.07,95.76,4,Femenía,DEF,Watford,2021-22,0.17,2.46,"recency-weighted FPL points, decay 8**(-age/3)"
973,Mark,Noble,2.46,0.09,0.05,0.14,0.0,0.13,57.97,6,Noble,MID,West Ham,2021-22,0.22,2.46,"recency-weighted FPL points, decay 8**(-age/3)"
974,Naouirou,Ahamada,2.44,0.0,0.0,0.0,0.08,0.0,46.94,4,Ahamada,MID,Crystal Palace,2025-26,0.0,2.44,"recency-weighted FPL points, decay 8**(-age/3)"
975,Felipe Augusto,de Almeida Monteiro,2.44,0.0,0.06,0.06,0.17,0.19,135.06,2,Felipe,DEF,Nott'm Forest,2023-24,0.04,2.44,"recency-weighted FPL points, decay 8**(-age/3)"
976,Sergio,Gómez,2.44,0.0,0.19,0.19,0.15,0.06,27.25,2,Sergio Gómez,DEF,Man City,2023-24,0.62,2.44,"recency-weighted FPL points, decay 8**(-age/3)"
977,Héctor,Bellerín,2.42,0.03,0.08,0.11,0.0,0.35,56.06,6,Bellerín,DEF,Arsenal,2021-22,0.17,2.42,"recency-weighted FPL points, decay 8**(-age/3)"
978,Isaac,Hayden,2.42,0.04,0.05,0.09,0.0,0.14,88.86,8,Hayden,MID,Newcastle,2025-26,0.09,2.42,"recency-weighted FPL points, decay 8**(-age/3)"
979,Grant,Hanley,2.4,0.03,0.0,0.03,0.0,0.13,100.38,3,Hanley,DEF,Norwich,2021-22,0.03,2.4,"recency-weighted FPL points, decay 8**(-age/3)"
980,Fernando,Marçal,2.39,0.0,0.09,0.09,0.0,0.16,54.91,2,Marçal,DEF,Wolves,2021-22,0.15,2.39,"recency-weighted FPL points, decay 8**(-age/3)"
981,Matheus,Pereira,2.39,0.17,0.11,0.28,0.0,0.23,40.22,1,Pereira,MID,West Brom,2020-21,0.63,2.39,"recency-weighted FPL points, decay 8**(-age/3)"
982,Federico,Fernández,2.38,0.02,0.07,0.08,0.0,0.24,82.62,7,Fernández,DEF,Newcastle,2022-23,0.09,2.38,"recency-weighted FPL points, decay 8**(-age/3)"
983,Ameen,Al-Dakhil,2.38,0.12,0.0,0.12,0.23,0.0,131.88,1,Al-Dakhil,DEF,Burnley,2023-24,0.09,2.38,"recency-weighted FPL points, decay 8**(-age/3)"
984,Oliver,Arblaster,2.38,0.0,0.0,0.0,0.1,0.0,117.75,1,Arblaster,MID,Sheffield Utd,2023-24,0.0,2.38,"recency-weighted FPL points, decay 8**(-age/3)"
985,Bryan,Gil Salvatierra,2.34,0.0,0.06,0.06,0.12,0.0,36.81,5,Bryan,MID,Spurs,2025-26,0.15,2.34,"recency-weighted FPL points, decay 8**(-age/3)"
986,Sam,Greenwood,2.34,0.06,0.19,0.25,0.11,0.06,32.84,4,Greenwood,MID,Leeds,2025-26,0.69,2.34,"recency-weighted FPL points, decay 8**(-age/3)"
987,Mathew,Ryan,2.32,0.0,0.0,0.0,0.0,0.18,65.04,5,Ryan,GKP,Brighton,2021-22,0.0,2.32,"recency-weighted FPL points, decay 8**(-age/3)"
988,Lewis,Dobbin,2.31,0.12,0.0,0.12,0.06,0.0,29.19,4,Dobbin,MID,Aston Villa,2025-26,0.39,2.31,"recency-weighted FPL points, decay 8**(-age/3)"
989,Aaron,Lennon,2.3,0.07,0.04,0.11,0.0,0.04,60.91,5,Lennon,MID,Burnley,2021-22,0.16,2.3,"recency-weighted FPL points, decay 8**(-age/3)"
990,Ferran,Torres,2.3,0.17,0.09,0.27,0.0,0.12,29.73,2,Torres,MID,Man City,2021-22,0.8,2.3,"recency-weighted FPL points, decay 8**(-age/3)"
991,Salomón,Rondón,2.27,0.1,0.07,0.17,0.06,0.16,49.17,5,Rondón,FWD,Everton,2022-23,0.31,2.27,"recency-weighted FPL points, decay 8**(-age/3)"
992,Adam,Forshaw,2.26,0.0,0.03,0.03,0.04,0.0,79.88,4,Forshaw,MID,Leeds,2022-23,0.04,2.26,"recency-weighted FPL points, decay 8**(-age/3)"
993,John,Fleck,2.26,0.04,0.06,0.1,0.04,0.12,70.98,3,Fleck,MID,Sheffield Utd,2023-24,0.13,2.26,"recency-weighted FPL points, decay 8**(-age/3)"
994,Steve,Cook,2.26,0.02,0.01,0.02,0.05,0.1,98.33,6,Cook,DEF,Nott'm Forest,2023-24,0.02,2.26,"recency-weighted FPL points, decay 8**(-age/3)"
995,Diego,Da Silva Costa,2.25,0.08,0.01,0.09,0.24,0.21,80.2,3,Diego Costa,FWD,Wolves,2022-23,0.1,2.25,"recency-weighted FPL points, decay 8**(-age/3)"
996,Harry,Howell,2.25,0.0,0.0,0.0,0.03,0.0,47.5,2,Howell,MID,Brighton,2025-26,0.0,2.25,"recency-weighted FPL points, decay 8**(-age/3)"
997,Carlos Roberto,Forbs Borges,2.25,0.0,0.0,0.0,0.06,0.0,59.0,1,Forbs,MID,Wolves,2024-25,0.0,2.25,"recency-weighted FPL points, decay 8**(-age/3)"
998,David,Luiz Moreira Marinho,2.21,0.05,0.02,0.07,0.0,0.16,60.93,5,David Luiz,DEF,Arsenal,2020-21,0.1,2.21,"recency-weighted FPL points, decay 8**(-age/3)"
999,Milot,Rashica,2.19,0.03,0.06,0.09,0.0,0.0,69.62,1,Rashica,MID,Norwich,2021-22,0.12,2.19,"recency-weighted FPL points, decay 8**(-age/3)"
1000,Pierre,Lees-Melou,2.19,0.03,0.06,0.09,0.0,0.03,70.66,1,Lees-Melou,MID,Norwich,2021-22,0.12,2.19,"recency-weighted FPL points, decay 8**(-age/3)"
1001,Paul,Dummett,2.18,0.02,0.0,0.02,0.0,0.07,48.47,7,Dummett,DEF,Newcastle,2023-24,0.03,2.18,"recency-weighted FPL points, decay 8**(-age/3)"
1002,Ryan,Fredericks,2.13,0.02,0.04,0.06,0.02,0.07,72.91,6,Fredericks,DEF,Bournemouth,2023-24,0.07,2.13,"recency-weighted FPL points, decay 8**(-age/3)"
1003,Jeff,Hendrick,2.11,0.09,0.04,0.14,0.0,0.09,54.6,8,Hendrick,MID,Newcastle,2023-24,0.22,2.11,"recency-weighted FPL points, decay 8**(-age/3)"
1004,David,Silva,2.1,0.09,0.16,0.25,0.0,0.23,31.04,4,David Silva,MID,Man City,2019-20,0.72,2.1,"recency-weighted FPL points, decay 8**(-age/3)"
1005,Donny,van de Beek,2.09,0.08,0.03,0.11,0.02,0.03,35.55,4,Van de Beek,MID,Man Utd,2023-24,0.28,2.09,"recency-weighted FPL points, decay 8**(-age/3)"
1006,David,McGoldrick,2.07,0.14,0.03,0.17,0.0,0.23,51.5,2,McGoldrick,FWD,Sheffield Utd,2020-21,0.3,2.07,"recency-weighted FPL points, decay 8**(-age/3)"
1007,Fabio,Silva,2.06,0.06,0.08,0.14,0.0,0.08,38.69,3,Fabio Silva,FWD,Wolves,2022-23,0.33,2.06,"recency-weighted FPL points, decay 8**(-age/3)"
1008,Francisco,Machado Mota de Castro Trincão,2.06,0.06,0.03,0.09,0.0,0.06,41.5,1,Trincão,MID,Wolves,2021-22,0.2,2.06,"recency-weighted FPL points, decay 8**(-age/3)"
1010,Tom,Cleverley,2.02,0.01,0.07,0.08,0.0,0.03,65.23,5,Cleverley,MID,Watford,2021-22,0.11,2.02,"recency-weighted FPL points, decay 8**(-age/3)"
1011,Tawanda,Chirewa,2.0,0.0,0.0,0.0,0.03,0.0,29.75,3,Chirewa,MID,Wolves,2025-26,0.0,2.0,"recency-weighted FPL points, decay 8**(-age/3)"
1012,Paris,Maghoma,2.0,0.0,0.0,0.0,0.04,0.0,28.0,3,Maghoma,MID,Brentford,2025-26,0.0,2.0,"recency-weighted FPL points, decay 8**(-age/3)"
1013,Altay,Bayindir,2.0,0.0,0.0,0.0,0.0,0.0,90.0,2,Bayindir,GKP,Man Utd,2024-25,0.0,2.0,"recency-weighted FPL points, decay 8**(-age/3)"
1014,Sékou,Mara,2.0,0.06,0.13,0.19,0.08,0.0,33.63,2,Mara,FWD,Southampton,2024-25,0.5,2.0,"recency-weighted FPL points, decay 8**(-age/3)"
1016,Romelle,Donovan,2.0,0.0,0.0,0.0,0.05,0.0,19.0,1,Donovan,MID,Brentford,2025-26,0.0,2.0,"recency-weighted FPL points, decay 8**(-age/3)"
1017,Joe,Lumley,2.0,0.0,0.0,0.0,0.0,0.0,67.5,1,Lumley,GKP,Southampton,2024-25,0.0,2.0,"recency-weighted FPL points, decay 8**(-age/3)"
1018,Enda,Stevens,1.98,0.02,0.05,0.06,0.0,0.09,68.32,2,Stevens,DEF,Sheffield Utd,2020-21,0.08,1.98,"recency-weighted FPL points, decay 8**(-age/3)"
1019,Juan Camilo,Hernández Suárez,1.94,0.16,0.06,0.22,0.0,0.25,35.56,1,Cucho,FWD,Watford,2021-22,0.55,1.94,"recency-weighted FPL points, decay 8**(-age/3)"
1020,Weston,McKennie,1.94,0.0,0.06,0.06,0.08,0.0,89.63,1,McKennie,MID,Leeds,2022-23,0.06,1.94,"recency-weighted FPL points, decay 8**(-age/3)"
1021,Benjamin,Mendy,1.93,0.03,0.06,0.09,0.0,0.21,33.16,5,Mendy,DEF,Man City,2021-22,0.24,1.93,"recency-weighted FPL points, decay 8**(-age/3)"
1022,Rhian,Brewster,1.91,0.0,0.0,0.0,0.05,0.0,59.64,4,Brewster,FWD,Sheffield Utd,2023-24,0.0,1.91,"recency-weighted FPL points, decay 8**(-age/3)"
1024,Mads Juel,Andersen,1.88,0.12,0.0,0.12,0.03,0.12,49.62,1,Andersen,DEF,Luton,2023-24,0.23,1.88,"recency-weighted FPL points, decay 8**(-age/3)"
1025,Junior,Firpo Adames,1.88,0.06,0.13,0.19,0.05,0.19,85.25,1,Firpo,DEF,Leeds,2022-23,0.2,1.88,"recency-weighted FPL points, decay 8**(-age/3)"
1026,Ivo,Grbic,1.88,0.0,0.0,0.0,0.0,0.0,96.38,1,Grbić,GKP,Sheffield Utd,2023-24,0.0,1.88,"recency-weighted FPL points, decay 8**(-age/3)"
1027,Maxime,Esteve,1.88,0.0,0.0,0.0,0.05,0.0,163.75,1,Estève,DEF,Burnley,2023-24,0.0,1.88,"recency-weighted FPL points, decay 8**(-age/3)"
1028,Angus,Gunn,1.88,0.0,0.0,0.0,0.0,0.13,59.06,6,Gunn,GKP,Nott'm Forest,2025-26,0.0,1.88,"recency-weighted FPL points, decay 8**(-age/3)"
1029,Facundo,Pellistri Rebollo,1.88,0.0,0.12,0.12,0.11,0.0,24.25,3,Pellistri,MID,Man Utd,2024-25,0.46,1.88,"recency-weighted FPL points, decay 8**(-age/3)"
1030,Joshua,Sargent,1.87,0.06,0.06,0.12,0.0,0.09,48.94,1,Sargent,FWD,Norwich,2021-22,0.23,1.87,"recency-weighted FPL points, decay 8**(-age/3)"
1031,John,Lundstram,1.87,0.04,0.06,0.1,0.0,0.15,50.83,2,Lundstram,MID,Sheffield Utd,2020-21,0.18,1.87,"recency-weighted FPL points, decay 8**(-age/3)"
1032,André Filipe,Tavares Gomes,1.87,0.0,0.06,0.07,0.0,0.03,62.65,4,André Gomes,MID,Everton,2021-22,0.1,1.87,"recency-weighted FPL points, decay 8**(-age/3)"
1033,Hamza,Choudhury,1.85,0.01,0.01,0.02,0.05,0.0,55.93,7,Choudhury,MID,Leicester,2024-25,0.03,1.85,"recency-weighted FPL points, decay 8**(-age/3)"
1034,Tyler,Roberts,1.83,0.05,0.06,0.11,0.0,0.03,51.28,3,Roberts,MID,Leeds,2022-23,0.19,1.83,"recency-weighted FPL points, decay 8**(-age/3)"
1035,Ciaran,Clark,1.83,0.05,0.03,0.08,0.0,0.11,77.18,6,Clark,DEF,Newcastle,2022-23,0.09,1.83,"recency-weighted FPL points, decay 8**(-age/3)"
1036,José Diogo,Dalot Teixeira,1.82,0.0,0.01,0.01,0.0,0.16,60.61,4,Dalot,DEF,Man Utd,2021-22,0.01,1.82,"recency-weighted FPL points, decay 8**(-age/3)"
1037,Daniel,Iversen,1.81,0.0,0.0,0.0,0.0,0.13,67.5,2,Iversen,GKP,Leicester,2024-25,0.0,1.81,"recency-weighted FPL points, decay 8**(-age/3)"
1038,Andrew,Omobamidele,1.81,0.03,0.0,0.03,0.02,0.09,109.66,3,Omobamidele,DEF,Nott'm Forest,2024-25,0.03,1.81,"recency-weighted FPL points, decay 8**(-age/3)"
1039,Lyanco,Silveira Neves Vojnovic,1.81,0.06,0.06,0.13,0.04,0.0,73.31,1,Lyanco,DEF,Southampton,2022-23,0.15,1.81,"recency-weighted FPL points, decay 8**(-age/3)"
1040,Ben,Gibson,1.8,0.0,0.0,0.01,0.0,0.01,81.52,5,Gibson,DEF,Norwich,2021-22,0.01,1.8,"recency-weighted FPL points, decay 8**(-age/3)"
1041,Max,Lowe,1.77,0.0,0.12,0.12,0.08,0.0,70.83,2,Lowe,DEF,Sheffield Utd,2023-24,0.16,1.77,"recency-weighted FPL points, decay 8**(-age/3)"
1042,Gareth,Bale,1.77,0.17,0.05,0.22,0.0,0.25,14.25,1,Bale,MID,Spurs,2020-21,1.38,1.77,"recency-weighted FPL points, decay 8**(-age/3)"
1043,Renato,Palma Veiga,1.75,0.0,0.0,0.0,0.08,0.0,44.0,1,Renato Veiga,MID,Chelsea,2024-25,0.0,1.75,"recency-weighted FPL points, decay 8**(-age/3)"
1045,Matías,Viña,1.75,0.13,0.0,0.13,0.06,0.0,28.25,1,Viña,DEF,Bournemouth,2022-23,0.4,1.75,"recency-weighted FPL points, decay 8**(-age/3)"
1046,Duje,Caleta-Car,1.75,0.06,0.0,0.06,0.06,0.13,58.88,1,Caleta-Car,DEF,Southampton,2022-23,0.1,1.75,"recency-weighted FPL points, decay 8**(-age/3)"
1047,Radu,Dragusin,1.75,0.0,0.0,0.0,0.02,0.0,53.0,1,Drăgușin,DEF,Spurs,2023-24,0.0,1.75,"recency-weighted FPL points, decay 8**(-age/3)"
1048,Anis,Slimane,1.75,0.0,0.0,0.0,0.14,0.0,51.12,1,Slimane,MID,Sheffield Utd,2023-24,0.0,1.75,"recency-weighted FPL points, decay 8**(-age/3)"
1049,Chido,Obi-Martin,1.75,0.0,0.0,0.0,0.17,0.0,40.0,1,Obi,FWD,Man Utd,2024-25,0.0,1.75,"recency-weighted FPL points, decay 8**(-age/3)"
1050,Mahmoud,Dahoud,1.75,0.0,0.12,0.12,0.1,0.0,56.12,2,Dahoud,MID,Brighton,2024-25,0.2,1.75,"recency-weighted FPL points, decay 8**(-age/3)"
1051,Olivier,Giroud,1.74,0.16,0.03,0.19,0.0,0.18,25.61,6,Giroud,FWD,Chelsea,2021-22,0.66,1.74,"recency-weighted FPL points, decay 8**(-age/3)"
1052,Ezgjan,Alioski,1.72,0.03,0.05,0.08,0.0,0.11,38.38,1,Alioski,DEF,Leeds,2020-21,0.18,1.72,"recency-weighted FPL points, decay 8**(-age/3)"
1053,Takumi,Minamino,1.71,0.14,0.0,0.14,0.0,0.09,23.05,3,Minamino,MID,Liverpool,2021-22,0.55,1.71,"recency-weighted FPL points, decay 8**(-age/3)"
1054,Gary,Cahill,1.7,0.02,0.02,0.04,0.0,0.14,52.43,5,Cahill,DEF,Crystal Palace,2020-21,0.08,1.7,"recency-weighted FPL points, decay 8**(-age/3)"
1055,Andriy,Yarmolenko,1.7,0.08,0.03,0.11,0.0,0.09,24.57,4,Yarmolenko,MID,West Ham,2021-22,0.39,1.7,"recency-weighted FPL points, decay 8**(-age/3)"
1056,Juraj,Kucka,1.69,0.03,0.06,0.09,0.0,0.06,59.91,1,Kucka,MID,Watford,2021-22,0.14,1.69,"recency-weighted FPL points, decay 8**(-age/3)"
1057,Samuel,Edozie,1.69,0.0,0.0,0.0,0.12,0.0,50.63,3,Edozie,MID,Southampton,2024-25,0.0,1.69,"recency-weighted FPL points, decay 8**(-age/3)"
1058,Mateus,Cardoso Lemos Martins,1.69,0.06,0.0,0.06,0.12,0.06,45.75,1,Tetê,MID,Leicester,2022-23,0.12,1.69,"recency-weighted FPL points, decay 8**(-age/3)"
1059,Shane,Long,1.68,0.07,0.04,0.11,0.0,0.05,32.56,6,Long,FWD,Southampton,2021-22,0.3,1.68,"recency-weighted FPL points, decay 8**(-age/3)"
1060,Juan,Mata,1.68,0.04,0.09,0.13,0.0,0.12,31.29,6,Mata,MID,Man Utd,2021-22,0.37,1.68,"recency-weighted FPL points, decay 8**(-age/3)"
1061,Mahmoud Ahmed,Ibrahim Hassan,1.67,0.08,0.03,0.11,0.0,0.1,33.52,3,Trézéguet,MID,Aston Villa,2021-22,0.29,1.67,"recency-weighted FPL points, decay 8**(-age/3)"
1062,Sam,Surridge,1.66,0.06,0.0,0.06,0.11,0.19,19.36,5,Surridge,FWD,Nott'm Forest,2023-24,0.29,1.66,"recency-weighted FPL points, decay 8**(-age/3)"
1063,Troy,Deeney,1.64,0.13,0.04,0.18,0.0,0.2,34.48,5,Deeney,FWD,Watford,2021-22,0.46,1.64,"recency-weighted FPL points, decay 8**(-age/3)"
1064,Mohamed Naser,El Sayed Elneny,1.62,0.02,0.06,0.08,0.0,0.05,49.06,2,Elneny,MID,Arsenal,2021-22,0.14,1.62,"recency-weighted FPL points, decay 8**(-age/3)"
1065,Giovanni,Reyna,1.62,0.0,0.12,0.12,0.09,0.0,28.5,1,Reyna,MID,Nott'm Forest,2023-24,0.39,1.62,"recency-weighted FPL points, decay 8**(-age/3)"
1066,Mathias,Normann,1.62,0.03,0.06,0.09,0.0,0.09,51.34,1,Normann,MID,Norwich,2021-22,0.16,1.62,"recency-weighted FPL points, decay 8**(-age/3)"
1067,Brandon,Williams,1.6,0.01,0.04,0.05,0.0,0.15,76.98,5,B.Williams,DEF,Man Utd,2023-24,0.05,1.6,"recency-weighted FPL points, decay 8**(-age/3)"
1068,James,Rodríguez,1.58,0.09,0.08,0.17,0.0,0.17,27.55,2,James,MID,Everton,2021-22,0.56,1.58,"recency-weighted FPL points, decay 8**(-age/3)"
1069,Marcel,Sabitzer,1.56,0.0,0.06,0.06,0.12,0.0,38.88,1,Sabitzer,MID,Man Utd,2022-23,0.14,1.56,"recency-weighted FPL points, decay 8**(-age/3)"
1071,Christian,Kabasele,1.53,0.01,0.02,0.02,0.0,0.04,66.25,5,Kabasele,DEF,Watford,2021-22,0.03,1.53,"recency-weighted FPL points, decay 8**(-age/3)"
1072,Japhet,Tanganga,1.51,0.0,0.0,0.0,0.0,0.0,43.74,5,Tanganga,DEF,Spurs,2023-24,0.0,1.51,"recency-weighted FPL points, decay 8**(-age/3)"
1073,Stefan,Bajcetic,1.5,0.06,0.0,0.06,0.08,0.0,35.75,2,Bajcetic,MID,Liverpool,2023-24,0.16,1.5,"recency-weighted FPL points, decay 8**(-age/3)"
1076,Dan,Neil,1.5,0.0,0.0,0.0,0.0,0.0,6.5,1,Neil,MID,Sunderland,2025-26,0.0,1.5,"recency-weighted FPL points, decay 8**(-age/3)"
1077,Jamal,Lewis,1.5,0.01,0.02,0.02,0.0,0.07,55.34,6,Lewis,DEF,Newcastle,2024-25,0.04,1.5,"recency-weighted FPL points, decay 8**(-age/3)"
1081,Shea,Lacey,1.5,0.0,0.0,0.0,0.06,0.0,20.0,1,Lacey,MID,Man Utd,2025-26,0.0,1.5,"recency-weighted FPL points, decay 8**(-age/3)"
1083,Albert,Grønbæk,1.5,0.0,0.0,0.0,0.03,0.0,35.25,1,Grønbæk,MID,Southampton,2024-25,0.0,1.5,"recency-weighted FPL points, decay 8**(-age/3)"
1084,George,Earthy,1.5,0.12,0.0,0.12,0.05,0.0,8.12,3,Earthy,MID,West Ham,2025-26,1.38,1.5,"recency-weighted FPL points, decay 8**(-age/3)"
1085,Alysson Edward Franco,da Rocha dos Santos,1.5,0.0,0.0,0.0,0.05,0.0,23.5,1,Alysson,MID,Aston Villa,2025-26,0.0,1.5,"recency-weighted FPL points, decay 8**(-age/3)"
1088,Callum,Robinson,1.49,0.09,0.06,0.15,0.0,0.13,29.48,2,Callum Robinson,FWD,West Brom,2020-21,0.45,1.49,"recency-weighted FPL points, decay 8**(-age/3)"
1089,Eden,Hazard,1.49,0.1,0.08,0.18,0.0,0.22,19.03,3,Hazard,MID,Chelsea,2018-19,0.85,1.49,"recency-weighted FPL points, decay 8**(-age/3)"
1090,Nathan,Tella,1.48,0.02,0.09,0.11,0.0,0.03,36.56,4,Tella,MID,Southampton,2022-23,0.27,1.48,"recency-weighted FPL points, decay 8**(-age/3)"
1091,Thiago,Thiago,1.44,0.03,0.0,0.03,0.0,0.16,30.23,1,Thiago Silva,DEF,Chelsea,2020-21,0.09,1.44,"recency-weighted FPL points, decay 8**(-age/3)"
1092,Sébastien,Haller,1.44,0.1,0.02,0.12,0.0,0.15,32.21,2,Haller,FWD,West Ham,2020-21,0.35,1.44,"recency-weighted FPL points, decay 8**(-age/3)"
1093,Daniel,Ceballos Fernández,1.41,0.0,0.08,0.08,0.0,0.13,38.32,2,Ceballos,MID,Arsenal,2020-21,0.18,1.41,"recency-weighted FPL points, decay 8**(-age/3)"
1094,Adam,Masina,1.4,0.01,0.04,0.04,0.0,0.1,51.69,3,Masina,DEF,Watford,2021-22,0.07,1.4,"recency-weighted FPL points, decay 8**(-age/3)"
1095,Kortney,Hause,1.39,0.05,0.0,0.05,0.0,0.14,34.31,7,Hause,DEF,Aston Villa,2024-25,0.14,1.39,"recency-weighted FPL points, decay 8**(-age/3)"
1096,Cesare,Casadei,1.38,0.0,0.0,0.0,0.01,0.0,8.88,2,Casadei,MID,Chelsea,2024-25,0.0,1.38,"recency-weighted FPL points, decay 8**(-age/3)"
1098,Bénie,Traoré,1.38,0.0,0.0,0.0,0.09,0.0,47.88,1,T.Bénie,FWD,Sheffield Utd,2023-24,0.0,1.38,"recency-weighted FPL points, decay 8**(-age/3)"
1099,Fred,Onyedinma,1.38,0.0,0.0,0.0,0.07,0.0,50.38,1,Onyedinma,MID,Luton,2023-24,0.0,1.38,"recency-weighted FPL points, decay 8**(-age/3)"
1100,Bobby,Decordova-Reid,1.38,0.08,0.05,0.12,0.0,0.09,36.98,1,Decordova-Reid,FWD,Fulham,2020-21,0.3,1.38,"recency-weighted FPL points, decay 8**(-age/3)"
1101,Lewis,O'Brien,1.38,0.06,0.0,0.06,0.03,0.0,36.13,4,O'Brien,MID,Nott'm Forest,2025-26,0.16,1.38,"recency-weighted FPL points, decay 8**(-age/3)"
1103,Robert,Snodgrass,1.36,0.05,0.06,0.12,0.0,0.11,31.14,5,Snodgrass,MID,West Brom,2020-21,0.34,1.36,"recency-weighted FPL points, decay 8**(-age/3)"
1104,Matt,Phillips,1.35,0.04,0.03,0.07,0.0,0.06,34.57,3,Phillips,MID,West Brom,2020-21,0.18,1.35,"recency-weighted FPL points, decay 8**(-age/3)"
1105,Dwight,Gayle,1.34,0.06,0.04,0.1,0.0,0.14,19.27,6,Gayle,FWD,Newcastle,2022-23,0.45,1.34,"recency-weighted FPL points, decay 8**(-age/3)"
1106,Erik,Lamela,1.34,0.05,0.08,0.13,0.0,0.04,26.3,6,Lamela,MID,Spurs,2021-22,0.45,1.34,"recency-weighted FPL points, decay 8**(-age/3)"
1107,André-Frank,Zambo Anguissa,1.33,0.0,0.05,0.05,0.0,0.06,46.23,2,Anguissa,MID,Fulham,2020-21,0.09,1.33,"recency-weighted FPL points, decay 8**(-age/3)"
1108,Ivan Ricardo,Neves Abreu Cavaleiro,1.33,0.05,0.0,0.05,0.0,0.06,38.52,1,Cavaleiro,MID,Fulham,2020-21,0.11,1.33,"recency-weighted FPL points, decay 8**(-age/3)"
1109,Nicolás,Otamendi,1.32,0.02,0.01,0.03,0.0,0.12,26.5,5,Otamendi,DEF,Man City,2020-21,0.12,1.32,"recency-weighted FPL points, decay 8**(-age/3)"
1111,Gerard,Deulofeu,1.27,0.07,0.06,0.13,0.0,0.12,25.74,4,Deulofeu,FWD,Watford,2019-20,0.46,1.27,"recency-weighted FPL points, decay 8**(-age/3)"
1112,Yasser,Larouci,1.25,0.0,0.0,0.0,0.04,0.0,65.88,1,Larouci,DEF,Sheffield Utd,2023-24,0.0,1.25,"recency-weighted FPL points, decay 8**(-age/3)"
1113,Nathaniel,Phillips,1.25,0.02,0.02,0.03,0.0,0.02,26.8,6,N.Phillips,DEF,Liverpool,2024-25,0.1,1.25,"recency-weighted FPL points, decay 8**(-age/3)"
1114,Jeremy,Sarmiento Morante,1.25,0.0,0.13,0.13,0.04,0.0,12.5,4,Sarmiento,MID,Brighton,2025-26,0.9,1.25,"recency-weighted FPL points, decay 8**(-age/3)"
1115,Harry,Souttar,1.25,0.0,0.06,0.06,0.1,0.0,61.94,3,Souttar,DEF,Leicester,2024-25,0.09,1.25,"recency-weighted FPL points, decay 8**(-age/3)"
1116,Xherdan,Shaqiri,1.25,0.05,0.07,0.12,0.0,0.08,21.68,6,Shaqiri,MID,Liverpool,2021-22,0.5,1.25,"recency-weighted FPL points, decay 8**(-age/3)"
1119,Jay,Robinson,1.25,0.0,0.0,0.0,0.15,0.0,33.5,1,Jay Robinson,FWD,Southampton,2024-25,0.0,1.25,"recency-weighted FPL points, decay 8**(-age/3)"
1120,Kyle,Bartley,1.24,0.05,0.02,0.06,0.0,0.05,40.81,2,Bartley,DEF,West Brom,2020-21,0.14,1.24,"recency-weighted FPL points, decay 8**(-age/3)"
1121,Bernard,Anício Caldeira Duarte,1.23,0.04,0.03,0.07,0.0,0.08,25.13,4,Bernard,MID,Everton,2021-22,0.27,1.23,"recency-weighted FPL points, decay 8**(-age/3)"
1122,Aaron,Connolly,1.23,0.05,0.04,0.09,0.0,0.07,26.81,4,Connolly,FWD,Brighton,2023-24,0.31,1.23,"recency-weighted FPL points, decay 8**(-age/3)"
1124,Adam,Idah,1.23,0.03,0.06,0.09,0.0,0.09,20.99,2,Idah,FWD,Norwich,2021-22,0.4,1.23,"recency-weighted FPL points, decay 8**(-age/3)"
1125,Mohamed,Elneny,1.23,0.0,0.13,0.13,0.01,0.0,13.9,6,M.Elneny,MID,Arsenal,2023-24,0.83,1.23,"recency-weighted FPL points, decay 8**(-age/3)"
1127,Scott,Dann,1.22,0.02,0.03,0.05,0.0,0.04,38.06,5,Dann,DEF,Crystal Palace,2020-21,0.12,1.22,"recency-weighted FPL points, decay 8**(-age/3)"
1128,Dimitris,Giannoulis,1.22,0.0,0.03,0.03,0.0,0.06,36.41,1,Giannoulis,DEF,Norwich,2021-22,0.08,1.22,"recency-weighted FPL points, decay 8**(-age/3)"
1129,Wayne,Hennessey,1.22,0.0,0.0,0.0,0.0,0.05,38.12,9,Hennessey,GKP,Nott'm Forest,2024-25,0.0,1.22,"recency-weighted FPL points, decay 8**(-age/3)"
1130,Steven,Alzate,1.21,0.02,0.0,0.02,0.0,0.05,35.7,5,Alzate,MID,Brighton,2023-24,0.04,1.21,"recency-weighted FPL points, decay 8**(-age/3)"
1131,Davy,Pröpper,1.2,0.01,0.03,0.04,0.0,0.03,41.38,5,Pröpper,MID,Brighton,2021-22,0.08,1.2,"recency-weighted FPL points, decay 8**(-age/3)"
1132,Hassane,Kamara,1.19,0.03,0.0,0.03,0.0,0.09,50.69,1,Kamara,DEF,Watford,2021-22,0.06,1.19,"recency-weighted FPL points, decay 8**(-age/3)"
1133,Todd,Cantwell,1.18,0.05,0.02,0.06,0.0,0.08,33.09,2,Cantwell,MID,Norwich,2021-22,0.17,1.18,"recency-weighted FPL points, decay 8**(-age/3)"
1134,Dale,Stephens,1.17,0.0,0.02,0.02,0.0,0.03,43.62,5,Stephens,MID,Burnley,2021-22,0.04,1.17,"recency-weighted FPL points, decay 8**(-age/3)"
1135,Robbie,Brady,1.16,0.03,0.05,0.07,0.0,0.06,25.82,5,Brady,MID,Burnley,2020-21,0.25,1.16,"recency-weighted FPL points, decay 8**(-age/3)"
1136,Fabián,Balbuena,1.16,0.03,0.0,0.03,0.0,0.04,35.75,3,Balbuena,DEF,West Ham,2020-21,0.07,1.16,"recency-weighted FPL points, decay 8**(-age/3)"
1137,Roberto,Pereyra,1.15,0.06,0.02,0.08,0.0,0.06,27.98,4,Pereyra,MID,Watford,2019-20,0.27,1.15,"recency-weighted FPL points, decay 8**(-age/3)"
1138,Felipe Anderson,Pereira Gomes,1.15,0.04,0.05,0.1,0.0,0.08,23.59,3,Felipe Anderson,MID,West Ham,2020-21,0.37,1.15,"recency-weighted FPL points, decay 8**(-age/3)"
1139,Mesut,Özil,1.14,0.04,0.06,0.11,0.0,0.08,25.0,5,Özil,MID,Arsenal,2020-21,0.38,1.14,"recency-weighted FPL points, decay 8**(-age/3)"
1140,Jan,Vertonghen,1.14,0.01,0.01,0.02,0.0,0.1,29.39,4,Vertonghen,DEF,Spurs,2019-20,0.07,1.14,"recency-weighted FPL points, decay 8**(-age/3)"
1141,Etienne,Capoue,1.14,0.01,0.05,0.06,0.0,0.1,38.15,4,Capoue,MID,Watford,2019-20,0.14,1.14,"recency-weighted FPL points, decay 8**(-age/3)"
1142,Michy,Batshuayi,1.14,0.07,0.05,0.12,0.0,0.07,16.81,6,Batshuayi,FWD,Chelsea,2021-22,0.65,1.14,"recency-weighted FPL points, decay 8**(-age/3)"
1143,Dan,Gosling,1.14,0.07,0.02,0.09,0.0,0.02,26.82,5,Gosling,MID,Watford,2021-22,0.29,1.14,"recency-weighted FPL points, decay 8**(-age/3)"
1144,Aaron,Mooy,1.14,0.04,0.03,0.06,0.0,0.11,31.32,4,Mooy,MID,Brighton,2020-21,0.17,1.14,"recency-weighted FPL points, decay 8**(-age/3)"
1146,Samir,Caetano de Souza Santos,1.12,0.0,0.0,0.0,0.0,0.0,52.31,1,Samir,DEF,Watford,2021-22,0.0,1.12,"recency-weighted FPL points, decay 8**(-age/3)"
1148,Fabian,Delph,1.11,0.0,0.01,0.01,0.0,0.02,40.4,6,Delph,MID,Everton,2021-22,0.02,1.11,"recency-weighted FPL points, decay 8**(-age/3)"
1149,Leroy,Sané,1.07,0.06,0.08,0.15,0.0,0.09,13.8,4,Sané,MID,Man City,2019-20,0.96,1.07,"recency-weighted FPL points, decay 8**(-age/3)"
1151,Divin,Mubama,1.06,0.0,0.0,0.0,0.03,0.0,18.38,3,Mubama,FWD,Man City,2024-25,0.0,1.06,"recency-weighted FPL points, decay 8**(-age/3)"
1152,Junior,Stanislas,1.05,0.05,0.03,0.08,0.01,0.05,17.07,5,Stanislas,MID,Bournemouth,2022-23,0.42,1.05,"recency-weighted FPL points, decay 8**(-age/3)"
1153,Billy,Sharp,1.05,0.07,0.02,0.09,0.0,0.16,19.43,2,Sharp,FWD,Sheffield Utd,2020-21,0.4,1.05,"recency-weighted FPL points, decay 8**(-age/3)"
1154,Danny,Rose,1.05,0.0,0.02,0.02,0.0,0.03,45.25,6,Rose,DEF,Watford,2021-22,0.05,1.05,"recency-weighted FPL points, decay 8**(-age/3)"
1155,Lys,Mousset,1.05,0.05,0.03,0.09,0.0,0.09,16.8,5,Mousset,FWD,Sheffield Utd,2020-21,0.47,1.05,"recency-weighted FPL points, decay 8**(-age/3)"
1156,Hélder Wander,Sousa de Azevedo e Costa,1.02,0.05,0.06,0.11,0.0,0.03,18.62,2,Costa,MID,Leeds,2021-22,0.53,1.02,"recency-weighted FPL points, decay 8**(-age/3)"
1158,Manuel Benson,Hedilazio,1.0,0.0,0.0,0.0,0.03,0.0,13.75,1,Benson,MID,Burnley,2023-24,0.0,1.0,"recency-weighted FPL points, decay 8**(-age/3)"
1159,Divine,Mukasa,1.0,0.0,0.0,0.0,0.1,0.0,12.5,1,Mukasa,MID,Man City,2025-26,0.0,1.0,"recency-weighted FPL points, decay 8**(-age/3)"
1160,Pedro,Rodríguez Ledesma,1.0,0.06,0.04,0.09,0.0,0.08,17.1,4,Pedro,MID,Chelsea,2019-20,0.49,1.0,"recency-weighted FPL points, decay 8**(-age/3)"
1161,Jake,Evans,1.0,0.0,0.0,0.0,0.0,0.0,5.25,1,Jake Evans,MID,Leicester,2024-25,0.0,1.0,"recency-weighted FPL points, decay 8**(-age/3)"
1162,Glenn,Murray,1.0,0.08,0.01,0.09,0.0,0.09,20.17,4,Murray,FWD,Brighton,2020-21,0.42,1.0,"recency-weighted FPL points, decay 8**(-age/3)"
1163,Callum,Marshall,1.0,0.0,0.0,0.0,0.06,0.0,29.0,2,Marshall,FWD,West Ham,2025-26,0.0,1.0,"recency-weighted FPL points, decay 8**(-age/3)"
1165,Cédric,Alves Soares,1.0,0.0,0.0,0.0,0.02,0.0,21.31,2,Cédric,DEF,Arsenal,2023-24,0.0,1.0,"recency-weighted FPL points, decay 8**(-age/3)"
1167,Nasser,Djiga,1.0,0.0,0.0,0.0,0.0,0.0,16.25,1,Djiga,DEF,Wolves,2024-25,0.0,1.0,"recency-weighted FPL points, decay 8**(-age/3)"
1170,George,Hemmings,1.0,0.0,0.0,0.0,0.02,0.0,12.5,1,George Hemmings,MID,Aston Villa,2025-26,0.0,1.0,"recency-weighted FPL points, decay 8**(-age/3)"
1171,Rio,Cardines,1.0,0.0,0.0,0.0,0.09,0.0,45.0,1,Cardines,MID,Crystal Palace,2025-26,0.0,1.0,"recency-weighted FPL points, decay 8**(-age/3)"
1172,Joél,Drakes-Thomas,1.0,0.0,0.0,0.0,0.0,0.0,3.5,1,Drakes-Thomas,MID,Crystal Palace,2025-26,0.0,1.0,"recency-weighted FPL points, decay 8**(-age/3)"
1173,Fábio,Silva,1.0,0.0,0.0,0.0,0.15,0.0,32.38,2,Fábio Silva,FWD,Wolves,2024-25,0.0,1.0,"recency-weighted FPL points, decay 8**(-age/3)"
1174,Michael,Olakigbe,1.0,0.0,0.0,0.0,0.02,0.0,6.38,2,Olakigbe,MID,Brentford,2023-24,0.0,1.0,"recency-weighted FPL points, decay 8**(-age/3)"
1175,Shkodran,Mustafi,1.0,0.02,0.02,0.04,0.0,0.07,26.97,5,Mustafi,DEF,Arsenal,2020-21,0.12,1.0,"recency-weighted FPL points, decay 8**(-age/3)"
1176,Sead,Kolasinac,0.99,0.0,0.05,0.05,0.0,0.06,29.04,5,Kolasinac,DEF,Arsenal,2021-22,0.17,0.99,"recency-weighted FPL points, decay 8**(-age/3)"
1177,Asmir,Begović,0.97,0.0,0.0,0.0,0.0,0.22,14.06,2,Begović,GKP,Everton,2022-23,0.0,0.97,"recency-weighted FPL points, decay 8**(-age/3)"
1178,Ozan,Kabak,0.97,0.0,0.0,0.0,0.0,0.02,41.36,2,Kabak,DEF,Norwich,2021-22,0.0,0.97,"recency-weighted FPL points, decay 8**(-age/3)"
1179,Imrân,Louza,0.97,0.0,0.0,0.0,0.0,0.0,44.22,1,Louza,MID,Watford,2021-22,0.0,0.97,"recency-weighted FPL points, decay 8**(-age/3)"
1180,Nikola,Vlasic,0.97,0.03,0.0,0.03,0.0,0.0,18.27,4,Vlasic,MID,West Ham,2022-23,0.15,0.97,"recency-weighted FPL points, decay 8**(-age/3)"
1181,Álvaro,Fernández,0.97,0.0,0.0,0.0,0.0,0.06,33.75,2,Fernández,GKP,Brentford,2021-22,0.0,0.97,"recency-weighted FPL points, decay 8**(-age/3)"
1182,Conor,Hourihane,0.96,0.04,0.05,0.09,0.0,0.12,15.44,3,Hourihane,MID,Aston Villa,2021-22,0.55,0.96,"recency-weighted FPL points, decay 8**(-age/3)"
1183,Ken,Sema,0.96,0.0,0.01,0.01,0.0,0.0,29.29,3,Sema,MID,Watford,2021-22,0.04,0.96,"recency-weighted FPL points, decay 8**(-age/3)"
1184,Arnaut,Danjuma,0.94,0.06,0.0,0.06,0.06,0.0,10.13,1,Danjuma,MID,Spurs,2022-23,0.56,0.94,"recency-weighted FPL points, decay 8**(-age/3)"
1185,Jeremy,Ngakia,0.94,0.0,0.0,0.0,0.0,0.06,31.44,2,Ngakia,DEF,Watford,2021-22,0.0,0.94,"recency-weighted FPL points, decay 8**(-age/3)"
1186,Malang,Sarr,0.94,0.0,0.0,0.0,0.0,0.12,17.0,4,M.Sarr,DEF,Chelsea,2024-25,0.0,0.94,"recency-weighted FPL points, decay 8**(-age/3)"
1187,Sasa,Lukic,0.94,0.0,0.0,0.0,0.02,0.0,25.38,1,Lukic,MID,Fulham,2022-23,0.0,0.94,"recency-weighted FPL points, decay 8**(-age/3)"
1188,Mads,Bech Sørensen,0.94,0.0,0.0,0.0,0.0,0.03,27.16,3,Bech,DEF,Brentford,2023-24,0.0,0.94,"recency-weighted FPL points, decay 8**(-age/3)"
1189,André,Ayew,0.92,0.01,0.01,0.02,0.07,0.01,24.11,3,A.Ayew,MID,Nott'm Forest,2022-23,0.09,0.92,"recency-weighted FPL points, decay 8**(-age/3)"
1190,Andy,Carroll,0.92,0.03,0.05,0.08,0.0,0.06,15.26,5,Carroll,FWD,Newcastle,2020-21,0.47,0.92,"recency-weighted FPL points, decay 8**(-age/3)"
1191,Jack,O'Connell,0.91,0.0,0.01,0.01,0.0,0.05,25.59,2,O'Connell,DEF,Sheffield Utd,2020-21,0.03,0.91,"recency-weighted FPL points, decay 8**(-age/3)"
1192,Jonjoe,Kenny,0.91,0.0,0.04,0.04,0.0,0.0,39.14,5,Kenny,DEF,Everton,2021-22,0.09,0.91,"recency-weighted FPL points, decay 8**(-age/3)"
1193,Mbaye,Diagne,0.89,0.05,0.08,0.12,0.0,0.05,18.56,1,Diagne,FWD,West Brom,2020-21,0.61,0.89,"recency-weighted FPL points, decay 8**(-age/3)"
1194,Andre,Gray,0.89,0.06,0.02,0.09,0.0,0.07,16.18,5,Gray,FWD,Watford,2021-22,0.48,0.89,"recency-weighted FPL points, decay 8**(-age/3)"
1195,Eric,Bailly,0.89,0.0,0.0,0.0,0.0,0.11,28.65,8,Bailly,DEF,Man Utd,2023-24,0.01,0.89,"recency-weighted FPL points, decay 8**(-age/3)"
1196,Jack,Colback,0.88,0.0,0.0,0.0,0.01,0.0,30.75,3,Colback,MID,Nott'm Forest,2022-23,0.0,0.88,"recency-weighted FPL points, decay 8**(-age/3)"
1197,Myles,Peart-Harris,0.88,0.0,0.0,0.0,0.0,0.0,1.88,4,Peart-Harris,MID,Brentford,2025-26,0.0,0.88,"recency-weighted FPL points, decay 8**(-age/3)"
1198,Nathan,Fraser,0.88,0.0,0.0,0.0,0.05,0.0,22.88,4,Fraser,FWD,Wolves,2025-26,0.0,0.88,"recency-weighted FPL points, decay 8**(-age/3)"
1199,Omari,Forson,0.88,0.0,0.12,0.12,0.01,0.0,8.38,1,Forson,MID,Man Utd,2023-24,1.34,0.88,"recency-weighted FPL points, decay 8**(-age/3)"
1200,Hannes,Delcroix,0.88,0.0,0.0,0.0,0.06,0.0,73.0,2,Delcroix,DEF,Burnley,2025-26,0.0,0.88,"recency-weighted FPL points, decay 8**(-age/3)"
1201,Francisco Jorge,Tomás Oliveira,0.87,0.0,0.09,0.09,0.01,0.06,7.84,4,Chiquinho,MID,Wolves,2024-25,1.08,0.87,"recency-weighted FPL points, decay 8**(-age/3)"
1202,Lukas,Rupp,0.87,0.0,0.0,0.0,0.0,0.0,29.12,2,Rupp,MID,Norwich,2021-22,0.0,0.87,"recency-weighted FPL points, decay 8**(-age/3)"
1203,Phil,Bardsley,0.86,0.0,0.02,0.02,0.0,0.05,28.89,6,Bardsley,DEF,Burnley,2021-22,0.05,0.86,"recency-weighted FPL points, decay 8**(-age/3)"
1204,Jamie,Shackleton,0.86,0.0,0.03,0.03,0.0,0.0,29.09,3,Shackleton,MID,Leeds,2022-23,0.1,0.86,"recency-weighted FPL points, decay 8**(-age/3)"
1205,Marko,Arnautovic,0.85,0.07,0.04,0.11,0.0,0.09,14.92,4,Arnautovic,FWD,West Ham,2019-20,0.64,0.85,"recency-weighted FPL points, decay 8**(-age/3)"
1207,Moisés,Caicedo,0.84,0.03,0.03,0.06,0.0,0.03,20.62,2,Caicedo,MID,Brighton,2021-22,0.27,0.84,"recency-weighted FPL points, decay 8**(-age/3)"
1208,Karlan,Grant,0.82,0.03,0.01,0.04,0.0,0.07,20.91,2,Grant,FWD,West Brom,2020-21,0.15,0.82,"recency-weighted FPL points, decay 8**(-age/3)"
1209,DeAndre,Yedlin,0.82,0.01,0.01,0.02,0.0,0.01,29.3,5,Yedlin,DEF,Newcastle,2020-21,0.07,0.82,"recency-weighted FPL points, decay 8**(-age/3)"
1210,Ahmed,El Mohamady,0.82,0.01,0.01,0.02,0.0,0.12,21.02,2,El Mohamady,DEF,Aston Villa,2020-21,0.07,0.82,"recency-weighted FPL points, decay 8**(-age/3)"
1211,Denis,Zakaria,0.81,0.0,0.0,0.0,0.02,0.0,25.56,1,Zakaria,MID,Chelsea,2022-23,0.0,0.81,"recency-weighted FPL points, decay 8**(-age/3)"
1212,Jefferson,Lerma,0.8,0.02,0.02,0.04,0.0,0.04,30.89,2,Lerma,MID,Bournemouth,2019-20,0.11,0.8,"recency-weighted FPL points, decay 8**(-age/3)"
1213,Oluwasemilogo Adesewo Ibidapo,Ajayi,0.8,0.03,0.02,0.05,0.0,0.03,43.42,1,Ajayi,DEF,West Brom,2020-21,0.1,0.8,"recency-weighted FPL points, decay 8**(-age/3)"
1214,Christian,Fuchs,0.8,0.0,0.01,0.01,0.0,0.07,24.55,5,Fuchs,DEF,Leicester,2020-21,0.03,0.8,"recency-weighted FPL points, decay 8**(-age/3)"
1215,Daniel,Bachmann,0.78,0.0,0.0,0.0,0.0,0.0,33.75,2,Bachmann,GKP,Watford,2021-22,0.0,0.78,"recency-weighted FPL points, decay 8**(-age/3)"
1216,Kevin,Long,0.78,0.0,0.01,0.01,0.0,0.03,32.16,6,Long,DEF,Burnley,2021-22,0.03,0.78,"recency-weighted FPL points, decay 8**(-age/3)"
1217,Oliver,Burke,0.76,0.02,0.04,0.05,0.0,0.0,20.38,2,Burke,MID,Sheffield Utd,2020-21,0.22,0.76,"recency-weighted FPL points, decay 8**(-age/3)"
1218,James,McCarthy,0.76,0.0,0.0,0.0,0.0,0.0,26.83,5,McCarthy,MID,Crystal Palace,2020-21,0.01,0.76,"recency-weighted FPL points, decay 8**(-age/3)"
1219,Rodrigo 'Rodri',Hernandez,0.75,0.0,0.0,0.0,0.02,0.0,18.0,1,Rodrigo,MID,Man City,2024-25,0.0,0.75,"recency-weighted FPL points, decay 8**(-age/3)"
1220,Nacho,Monreal,0.75,0.01,0.02,0.04,0.0,0.07,16.83,4,Monreal,DEF,Arsenal,2019-20,0.19,0.75,"recency-weighted FPL points, decay 8**(-age/3)"
1221,Julio,Soler,0.75,0.0,0.0,0.0,0.0,0.0,2.25,1,Soler,DEF,Bournemouth,2024-25,0.0,0.75,"recency-weighted FPL points, decay 8**(-age/3)"
1223,José,Holebas,0.75,0.01,0.05,0.06,0.0,0.06,24.82,4,Holebas,DEF,Watford,2019-20,0.22,0.75,"recency-weighted FPL points, decay 8**(-age/3)"
1225,Shumaira,Mheuka,0.75,0.0,0.0,0.0,0.02,0.0,0.75,2,Mheuka,FWD,Chelsea,2025-26,0.0,0.75,"recency-weighted FPL points, decay 8**(-age/3)"
1227,Edo,Kayembe,0.75,0.0,0.0,0.0,0.0,0.03,24.84,1,Kayembe,MID,Watford,2021-22,0.0,0.75,"recency-weighted FPL points, decay 8**(-age/3)"
1228,Yerson,Mosquera,0.75,0.0,0.0,0.0,0.09,0.0,110.25,2,Mosquera,DEF,Wolves,2024-25,0.0,0.75,"recency-weighted FPL points, decay 8**(-age/3)"
1229,Alexis,Sánchez,0.74,0.04,0.05,0.09,0.0,0.06,11.51,4,Sánchez,MID,Man Utd,2019-20,0.74,0.74,"recency-weighted FPL points, decay 8**(-age/3)"
1230,Martin,Kelly,0.73,0.0,0.01,0.01,0.0,0.04,20.84,6,Kelly,DEF,Crystal Palace,2021-22,0.04,0.73,"recency-weighted FPL points, decay 8**(-age/3)"
1231,Emiliano,Buendía,0.73,0.01,0.05,0.06,0.0,0.09,19.2,1,Buendía,MID,Norwich,2019-20,0.29,0.73,"recency-weighted FPL points, decay 8**(-age/3)"
1232,Michael,Obafemi,0.72,0.03,0.02,0.05,0.02,0.02,8.92,7,Obafemi,FWD,Burnley,2025-26,0.47,0.72,"recency-weighted FPL points, decay 8**(-age/3)"
1233,Alireza,Jahanbakhsh,0.72,0.02,0.02,0.04,0.0,0.02,14.47,4,Jahanbakhsh,MID,Brighton,2021-22,0.24,0.72,"recency-weighted FPL points, decay 8**(-age/3)"
1234,Grady,Diangana,0.71,0.02,0.0,0.02,0.0,0.0,21.56,4,Diangana,MID,West Brom,2020-21,0.08,0.71,"recency-weighted FPL points, decay 8**(-age/3)"
1235,Jonas,Lössl,0.71,0.0,0.01,0.01,0.0,0.06,23.15,5,Lössl,GKP,Brentford,2021-22,0.02,0.71,"recency-weighted FPL points, decay 8**(-age/3)"
1236,Dejan,Lovren,0.71,0.01,0.01,0.02,0.0,0.06,16.56,4,Lovren,DEF,Liverpool,2019-20,0.13,0.71,"recency-weighted FPL points, decay 8**(-age/3)"
1237,Sokratis,Papastathopoulos,0.7,0.02,0.01,0.03,0.0,0.05,21.84,3,Sokratis,DEF,Arsenal,2020-21,0.11,0.7,"recency-weighted FPL points, decay 8**(-age/3)"
1238,Henrikh,Mkhitaryan,0.69,0.03,0.03,0.07,0.0,0.07,11.91,4,Mkhitaryan,MID,Arsenal,2019-20,0.51,0.69,"recency-weighted FPL points, decay 8**(-age/3)"
1240,Morgan,Sanson,0.69,0.0,0.0,0.0,0.0,0.0,16.03,4,Sanson,MID,Aston Villa,2023-24,0.0,0.69,"recency-weighted FPL points, decay 8**(-age/3)"
1241,Jay,Stansfield,0.69,0.0,0.06,0.06,0.02,0.0,5.56,3,Stansfield,FWD,Fulham,2024-25,1.01,0.69,"recency-weighted FPL points, decay 8**(-age/3)"
1242,Héctor Junior,Firpo Adames,0.69,0.0,0.06,0.06,0.0,0.12,53.41,1,Firpo,DEF,Leeds,2021-22,0.11,0.69,"recency-weighted FPL points, decay 8**(-age/3)"
1243,Diego,Rico,0.69,0.0,0.04,0.04,0.0,0.08,20.59,2,Rico,DEF,Bournemouth,2019-20,0.17,0.69,"recency-weighted FPL points, decay 8**(-age/3)"
1244,Mamadou,Sakho,0.68,0.0,0.0,0.01,0.0,0.09,24.78,5,Sakho,DEF,Crystal Palace,2020-21,0.02,0.68,"recency-weighted FPL points, decay 8**(-age/3)"
1245,Yan,Valery,0.68,0.01,0.01,0.02,0.0,0.0,28.68,5,Valery,DEF,Southampton,2022-23,0.06,0.68,"recency-weighted FPL points, decay 8**(-age/3)"
1246,Jack,Stacey,0.68,0.0,0.02,0.02,0.01,0.03,30.4,2,Stacey,DEF,Bournemouth,2022-23,0.05,0.68,"recency-weighted FPL points, decay 8**(-age/3)"
1247,Wes,Morgan,0.67,0.01,0.0,0.01,0.0,0.04,19.0,5,Morgan,DEF,Leicester,2020-21,0.06,0.67,"recency-weighted FPL points, decay 8**(-age/3)"
1248,Christian,Atsu,0.66,0.01,0.04,0.04,0.0,0.01,15.02,4,Atsu,MID,Newcastle,2020-21,0.26,0.66,"recency-weighted FPL points, decay 8**(-age/3)"
1249,Lucas,Torreira,0.66,0.02,0.02,0.04,0.0,0.02,21.01,4,Torreira,MID,Arsenal,2021-22,0.17,0.66,"recency-weighted FPL points, decay 8**(-age/3)"
1250,Martín,Montoya,0.66,0.0,0.01,0.01,0.0,0.03,23.24,3,Montoya,DEF,Brighton,2020-21,0.05,0.66,"recency-weighted FPL points, decay 8**(-age/3)"
1251,Jake,Livermore,0.64,0.0,0.0,0.01,0.0,0.01,27.51,3,Livermore,MID,West Brom,2020-21,0.03,0.64,"recency-weighted FPL points, decay 8**(-age/3)"
1252,Daryl,Janmaat,0.64,0.01,0.02,0.03,0.0,0.08,15.8,4,Janmaat,DEF,Watford,2019-20,0.15,0.64,"recency-weighted FPL points, decay 8**(-age/3)"
1253,Leon,Chiwome,0.62,0.0,0.0,0.0,0.02,0.0,21.62,3,Chiwome,FWD,Wolves,2025-26,0.0,0.62,"recency-weighted FPL points, decay 8**(-age/3)"
1255,Valentín,Barco,0.62,0.0,0.0,0.0,0.07,0.0,38.38,2,Barco,DEF,Brighton,2024-25,0.0,0.62,"recency-weighted FPL points, decay 8**(-age/3)"
1256,Willy,Kambwala,0.62,0.0,0.0,0.0,0.0,0.0,40.62,1,Kambwala,DEF,Man Utd,2023-24,0.0,0.62,"recency-weighted FPL points, decay 8**(-age/3)"
1257,Willian José,Da Silva,0.62,0.02,0.02,0.03,0.0,0.05,17.28,1,Willian José,FWD,Wolves,2020-21,0.16,0.62,"recency-weighted FPL points, decay 8**(-age/3)"
1258,Joe,Bryan,0.62,0.02,0.02,0.04,0.0,0.05,19.52,3,Bryan,DEF,Fulham,2022-23,0.16,0.62,"recency-weighted FPL points, decay 8**(-age/3)"
1259,Pablo,Marí,0.62,0.0,0.0,0.0,0.0,0.02,20.57,3,Marí,DEF,Arsenal,2021-22,0.0,0.62,"recency-weighted FPL points, decay 8**(-age/3)"
1260,Josh,Maja,0.62,0.05,0.0,0.05,0.0,0.08,12.56,2,Maja,FWD,Fulham,2020-21,0.34,0.62,"recency-weighted FPL points, decay 8**(-age/3)"
1261,Cenk,Tosun,0.61,0.04,0.01,0.05,0.0,0.04,10.45,5,Tosun,FWD,Everton,2021-22,0.42,0.61,"recency-weighted FPL points, decay 8**(-age/3)"
1262,Ryan,Bennett,0.6,0.0,0.0,0.0,0.0,0.02,19.23,3,Bennett,DEF,Wolves,2020-21,0.02,0.6,"recency-weighted FPL points, decay 8**(-age/3)"
1263,Neil,Etheridge,0.6,0.0,0.0,0.0,0.0,0.07,13.36,1,Etheridge,GKP,Cardiff,2018-19,0.0,0.6,"recency-weighted FPL points, decay 8**(-age/3)"
1264,Wesley,Moraes,0.6,0.04,0.01,0.05,0.0,0.05,14.19,3,Wesley,FWD,Aston Villa,2021-22,0.3,0.6,"recency-weighted FPL points, decay 8**(-age/3)"
1265,Lyanco Evangelista,Silveira Neves Vojnovic,0.59,0.0,0.0,0.0,0.0,0.03,28.31,1,Lyanco,DEF,Southampton,2021-22,0.0,0.59,"recency-weighted FPL points, decay 8**(-age/3)"
1266,Keinan,Davis,0.59,0.02,0.02,0.04,0.0,0.0,8.66,5,Davis,FWD,Aston Villa,2023-24,0.41,0.59,"recency-weighted FPL points, decay 8**(-age/3)"
1267,Phil,Jones,0.59,0.0,0.0,0.0,0.0,0.05,16.41,7,Jones,DEF,Man Utd,2022-23,0.02,0.59,"recency-weighted FPL points, decay 8**(-age/3)"
1268,Javier,Hernández Balcázar,0.59,0.05,0.02,0.07,0.0,0.08,9.01,3,Chicharito,FWD,West Ham,2019-20,0.7,0.59,"recency-weighted FPL points, decay 8**(-age/3)"
1269,Adrián,San Miguel del Castillo,0.59,0.0,0.0,0.0,0.0,0.05,15.79,8,Adrián,GKP,Liverpool,2023-24,0.0,0.59,"recency-weighted FPL points, decay 8**(-age/3)"
1270,Hal,Robson-Kanu,0.58,0.04,0.0,0.04,0.0,0.05,10.78,3,Robson-Kanu,FWD,West Brom,2020-21,0.33,0.58,"recency-weighted FPL points, decay 8**(-age/3)"
1271,Djibril,Sidibé,0.58,0.0,0.03,0.03,0.0,0.08,14.2,1,Sidibé,DEF,Everton,2019-20,0.2,0.58,"recency-weighted FPL points, decay 8**(-age/3)"
1272,Andreas,Pereira,0.57,0.01,0.03,0.04,0.0,0.02,13.85,6,Pereira,MID,Man Utd,2021-22,0.25,0.57,"recency-weighted FPL points, decay 8**(-age/3)"
1273,Laurent,Koscielny,0.56,0.02,0.0,0.02,0.0,0.08,12.29,4,Koscielny,DEF,Arsenal,2019-20,0.14,0.56,"recency-weighted FPL points, decay 8**(-age/3)"
1274,Odeluga,Offiah,0.56,0.0,0.0,0.0,0.0,0.0,17.19,4,Offiah,DEF,Brighton,2024-25,0.0,0.56,"recency-weighted FPL points, decay 8**(-age/3)"
1275,Matteo,Guendouzi,0.56,0.0,0.02,0.02,0.0,0.02,21.98,3,Guendouzi,MID,Arsenal,2020-21,0.06,0.56,"recency-weighted FPL points, decay 8**(-age/3)"
1276,Przemyslaw,Placheta,0.56,0.0,0.0,0.0,0.0,0.0,15.59,1,Placheta,MID,Norwich,2021-22,0.0,0.56,"recency-weighted FPL points, decay 8**(-age/3)"
1277,Ben,Pearson,0.56,0.0,0.0,0.0,0.0,0.0,17.63,2,Pearson,MID,Bournemouth,2023-24,0.0,0.56,"recency-weighted FPL points, decay 8**(-age/3)"
1278,William,Troost-Ekong,0.56,0.0,0.0,0.0,0.0,0.0,43.37,1,Troost-Ekong,DEF,Watford,2021-22,0.0,0.56,"recency-weighted FPL points, decay 8**(-age/3)"
1279,Adrian,Mariappa,0.55,0.0,0.0,0.0,0.0,0.02,24.16,4,Mariappa,DEF,Watford,2019-20,0.0,0.55,"recency-weighted FPL points, decay 8**(-age/3)"
1280,Aleksandar,Mitrovic,0.54,0.04,0.02,0.06,0.0,0.05,12.99,2,Mitrovic,FWD,Fulham,2018-19,0.42,0.54,"recency-weighted FPL points, decay 8**(-age/3)"
1281,Okay,Yokuslu,0.53,0.0,0.02,0.02,0.0,0.0,20.56,1,Yokuslu,MID,West Brom,2020-21,0.07,0.53,"recency-weighted FPL points, decay 8**(-age/3)"
1282,Romaine,Sawyers,0.52,0.0,0.0,0.0,0.0,0.0,23.22,1,Sawyers,MID,West Brom,2020-21,0.0,0.52,"recency-weighted FPL points, decay 8**(-age/3)"
1283,Paulo,Gazzaniga,0.52,0.0,0.0,0.0,0.0,0.05,13.82,5,Gazzaniga,GKP,Spurs,2020-21,0.0,0.52,"recency-weighted FPL points, decay 8**(-age/3)"
1284,Patrick,Roberts,0.52,0.0,0.0,0.0,0.02,0.0,13.69,2,Roberts,MID,Sunderland,2025-26,0.0,0.52,"recency-weighted FPL points, decay 8**(-age/3)"
1285,Joel,Robles,0.52,0.0,0.0,0.0,0.0,0.0,24.2,3,Robles,GKP,Leeds,2022-23,0.0,0.52,"recency-weighted FPL points, decay 8**(-age/3)"
1286,Maximillian,Aarons,0.52,0.0,0.02,0.02,0.0,0.02,25.31,1,Aarons,DEF,Norwich,2019-20,0.06,0.52,"recency-weighted FPL points, decay 8**(-age/3)"
1287,Pablo,Zabaleta,0.52,0.0,0.01,0.01,0.0,0.03,20.22,4,Zabaleta,DEF,West Ham,2019-20,0.03,0.52,"recency-weighted FPL points, decay 8**(-age/3)"
1288,Alexander,Tettey,0.52,0.01,0.01,0.02,0.0,0.02,18.27,1,Tettey,MID,Norwich,2019-20,0.08,0.52,"recency-weighted FPL points, decay 8**(-age/3)"
1289,Chris,Smalling,0.51,0.01,0.0,0.01,0.0,0.03,14.45,5,Smalling,DEF,Man Utd,2020-21,0.09,0.51,"recency-weighted FPL points, decay 8**(-age/3)"
1290,Charlie,Daniels,0.51,0.01,0.01,0.02,0.0,0.03,16.02,4,Daniels,DEF,Bournemouth,2019-20,0.1,0.51,"recency-weighted FPL points, decay 8**(-age/3)"
1291,James,Rowswell,0.5,0.0,0.0,0.0,0.0,0.0,0.5,1,Rowswell,DEF,Spurs,2025-26,0.0,0.5,"recency-weighted FPL points, decay 8**(-age/3)"
1292,Jerome,Abbey,0.5,0.0,0.0,0.0,0.0,0.0,8.0,1,Abbey,MID,Wolves,2025-26,0.0,0.5,"recency-weighted FPL points, decay 8**(-age/3)"
1293,Jamaldeen,Jimoh-Aloba,0.5,0.0,0.0,0.0,0.0,0.0,4.0,1,Jimoh-Aloba,MID,Aston Villa,2025-26,0.0,0.5,"recency-weighted FPL points, decay 8**(-age/3)"
1295,Bradley,Burrowes,0.5,0.0,0.0,0.0,0.0,0.0,8.0,1,Burrowes,MID,Aston Villa,2025-26,0.0,0.5,"recency-weighted FPL points, decay 8**(-age/3)"
1296,Jaydon,Banel,0.5,0.0,0.0,0.0,0.0,0.0,4.5,1,Banel,MID,Burnley,2025-26,0.0,0.5,"recency-weighted FPL points, decay 8**(-age/3)"
1298,Nehemiah,Oriola,0.5,0.0,0.0,0.0,0.0,0.0,0.5,1,Oriola,MID,Brighton,2025-26,0.0,0.5,"recency-weighted FPL points, decay 8**(-age/3)"
1299,João Pedro,Ferreira da Silva,0.5,0.0,0.0,0.0,0.0,0.0,5.5,1,Jota,MID,Nott'm Forest,2025-26,0.0,0.5,"recency-weighted FPL points, decay 8**(-age/3)"
1300,Bendito,Mantato,0.5,0.0,0.0,0.0,0.0,0.0,7.5,1,Bendito Mantato,MID,Man Utd,2025-26,0.0,0.5,"recency-weighted FPL points, decay 8**(-age/3)"
1301,Jetro,Willems,0.5,0.02,0.02,0.03,0.0,0.05,11.66,1,Willems,DEF,Newcastle,2019-20,0.24,0.5,"recency-weighted FPL points, decay 8**(-age/3)"
1302,Odsonne,Édouard,0.5,0.0,0.0,0.0,0.0,0.0,1.0,1,Édouard,FWD,Crystal Palace,2025-26,0.0,0.5,"recency-weighted FPL points, decay 8**(-age/3)"
1304,Jesse,Derry,0.5,0.0,0.0,0.0,0.06,0.0,22.5,1,Derry,MID,Chelsea,2025-26,0.0,0.5,"recency-weighted FPL points, decay 8**(-age/3)"
1306,Saúl,Ñíguez,0.5,0.0,0.03,0.03,0.0,0.0,14.94,1,Saúl,MID,Chelsea,2021-22,0.19,0.5,"recency-weighted FPL points, decay 8**(-age/3)"
1307,Christos,Tzolis,0.5,0.0,0.0,0.0,0.0,0.0,10.19,1,Tzolis,MID,Norwich,2021-22,0.0,0.5,"recency-weighted FPL points, decay 8**(-age/3)"
1308,Jonathan,Rowe,0.5,0.0,0.03,0.03,0.0,0.0,6.5,1,Rowe,MID,Norwich,2021-22,0.43,0.5,"recency-weighted FPL points, decay 8**(-age/3)"
1309,Martial,Godo,0.5,0.0,0.0,0.0,0.02,0.0,5.25,3,Godo,MID,Fulham,2025-26,0.0,0.5,"recency-weighted FPL points, decay 8**(-age/3)"
1310,Asher,Agbinone,0.5,0.0,0.0,0.0,0.01,0.0,1.0,2,Agbinone,MID,Crystal Palace,2025-26,0.0,0.5,"recency-weighted FPL points, decay 8**(-age/3)"
1311,Callum,Olusesi,0.5,0.0,0.0,0.0,0.0,0.0,7.0,2,Olusesi,MID,Spurs,2025-26,0.0,0.5,"recency-weighted FPL points, decay 8**(-age/3)"
1312,Saša,Kalajdžić,0.5,0.0,0.0,0.0,0.0,0.0,7.0,2,Kalajdžić,FWD,Wolves,2025-26,0.0,0.5,"recency-weighted FPL points, decay 8**(-age/3)"
1313,Hákon,Valdimarsson,0.5,0.0,0.0,0.0,0.0,0.0,36.0,2,Valdimarsson,GKP,Brentford,2024-25,0.0,0.5,"recency-weighted FPL points, decay 8**(-age/3)"
1314,Rodrigo,Duarte Ribeiro,0.5,0.0,0.0,0.0,0.0,0.0,1.75,1,Ribeiro,FWD,Nott'm Forest,2023-24,0.0,0.5,"recency-weighted FPL points, decay 8**(-age/3)"
1315,Caleb,Kporha,0.5,0.0,0.0,0.0,0.0,0.0,2.75,2,Kporha,DEF,Crystal Palace,2025-26,0.0,0.5,"recency-weighted FPL points, decay 8**(-age/3)"
1318,Marcus,Myers-Harness,0.5,0.0,0.0,0.0,0.01,0.0,10.75,1,Harness,MID,Ipswich,2024-25,0.0,0.5,"recency-weighted FPL points, decay 8**(-age/3)"
1319,Joe,Knight,0.5,0.0,0.0,0.0,0.0,0.0,0.5,2,Knight,MID,Brighton,2025-26,0.0,0.5,"recency-weighted FPL points, decay 8**(-age/3)"
1320,Daiki,Hashioka,0.5,0.0,0.0,0.0,0.04,0.0,74.0,1,Hashioka,DEF,Luton,2023-24,0.0,0.5,"recency-weighted FPL points, decay 8**(-age/3)"
1321,Anass,Zaroury,0.5,0.0,0.0,0.0,0.03,0.0,18.62,1,Zaroury,MID,Burnley,2023-24,0.0,0.5,"recency-weighted FPL points, decay 8**(-age/3)"
1322,Kaden,Rodney,0.5,0.0,0.0,0.0,0.0,0.0,1.5,4,Rodney,MID,Crystal Palace,2025-26,0.0,0.5,"recency-weighted FPL points, decay 8**(-age/3)"
1323,Jun'ai,Byfield,0.5,0.0,0.0,0.0,0.0,0.0,0.5,1,Byfield,DEF,Spurs,2025-26,0.0,0.5,"recency-weighted FPL points, decay 8**(-age/3)"
1325,Joachim,Kayi-Sanda,0.5,0.0,0.0,0.0,0.0,0.0,3.0,1,Kayi Sanda,DEF,Southampton,2024-25,0.0,0.5,"recency-weighted FPL points, decay 8**(-age/3)"
1327,Lewis,Orford,0.5,0.0,0.0,0.0,0.02,0.0,11.75,3,Orford,MID,West Ham,2025-26,0.0,0.5,"recency-weighted FPL points, decay 8**(-age/3)"
1328,Benicio,Baker-Boaitey,0.5,0.0,0.0,0.0,0.02,0.0,4.62,2,Baker-Boaitey,MID,Brighton,2024-25,0.0,0.5,"recency-weighted FPL points, decay 8**(-age/3)"
1329,Christopher,Schindler,0.5,0.0,0.01,0.01,0.0,0.06,19.11,2,Schindler,DEF,Huddersfield,2018-19,0.06,0.5,"recency-weighted FPL points, decay 8**(-age/3)"
1330,Thomas,Strakosha,0.5,0.0,0.0,0.0,0.0,0.0,16.88,2,Strakosha,GKP,Brentford,2023-24,0.0,0.5,"recency-weighted FPL points, decay 8**(-age/3)"
1331,Frédéric,Guilbert,0.48,0.0,0.02,0.02,0.0,0.03,15.92,4,Guilbert,DEF,Aston Villa,2022-23,0.09,0.48,"recency-weighted FPL points, decay 8**(-age/3)"
1332,Moise,Kean,0.48,0.02,0.02,0.03,0.0,0.04,6.72,3,Kean,FWD,Everton,2021-22,0.42,0.48,"recency-weighted FPL points, decay 8**(-age/3)"
1333,Simon,Francis,0.48,0.0,0.01,0.01,0.0,0.02,20.48,4,Francis,DEF,Bournemouth,2019-20,0.05,0.48,"recency-weighted FPL points, decay 8**(-age/3)"
1334,Asmir,Begovic,0.47,0.0,0.0,0.0,0.0,0.03,15.29,5,Begovic,GKP,Everton,2024-25,0.0,0.47,"recency-weighted FPL points, decay 8**(-age/3)"
1335,Petr,Cech,0.47,0.0,0.0,0.0,0.0,0.03,11.25,3,Cech,GKP,Arsenal,2018-19,0.0,0.47,"recency-weighted FPL points, decay 8**(-age/3)"
1336,Maya,Yoshida,0.47,0.0,0.01,0.01,0.0,0.04,16.31,4,Yoshida,DEF,Southampton,2019-20,0.06,0.47,"recency-weighted FPL points, decay 8**(-age/3)"
1337,Antonio,Valencia,0.47,0.01,0.0,0.01,0.0,0.04,9.6,3,Valencia,DEF,Man Utd,2018-19,0.11,0.47,"recency-weighted FPL points, decay 8**(-age/3)"
1338,Anthony,Knockaert,0.46,0.01,0.03,0.04,0.0,0.02,11.86,6,Knockaert,MID,Fulham,2023-24,0.3,0.46,"recency-weighted FPL points, decay 8**(-age/3)"
1339,Charlie,Austin,0.46,0.03,0.01,0.04,0.0,0.03,8.81,5,Austin,FWD,West Brom,2020-21,0.39,0.46,"recency-weighted FPL points, decay 8**(-age/3)"
1340,Steve,Mounie,0.45,0.02,0.02,0.04,0.0,0.04,10.51,2,Mounie,FWD,Huddersfield,2018-19,0.35,0.45,"recency-weighted FPL points, decay 8**(-age/3)"
1341,Florian,Lejeune,0.45,0.02,0.0,0.02,0.0,0.02,11.66,4,Lejeune,DEF,Newcastle,2020-21,0.15,0.45,"recency-weighted FPL points, decay 8**(-age/3)"
1342,Kean,Bryan,0.45,0.02,0.0,0.02,0.0,0.0,15.67,1,Bryan,DEF,Sheffield Utd,2020-21,0.09,0.45,"recency-weighted FPL points, decay 8**(-age/3)"
1343,Pablo,Hernández Domínguez,0.44,0.0,0.05,0.05,0.0,0.0,6.47,2,Hernández,MID,Leeds,2021-22,0.65,0.44,"recency-weighted FPL points, decay 8**(-age/3)"
1345,Rhys,Williams,0.44,0.0,0.0,0.0,0.0,0.02,10.3,5,R.Williams,DEF,Liverpool,2025-26,0.0,0.44,"recency-weighted FPL points, decay 8**(-age/3)"
1346,Kevin,Mbabu,0.44,0.0,0.06,0.06,0.03,0.0,8.81,3,Mbabu,DEF,Fulham,2024-25,0.64,0.44,"recency-weighted FPL points, decay 8**(-age/3)"
1347,Sam,Vokes,0.43,0.03,0.01,0.04,0.0,0.05,7.47,3,Vokes,FWD,Burnley,2018-19,0.45,0.43,"recency-weighted FPL points, decay 8**(-age/3)"
1348,Leighton,Baines,0.43,0.01,0.02,0.02,0.0,0.03,11.07,4,Baines,DEF,Everton,2019-20,0.2,0.43,"recency-weighted FPL points, decay 8**(-age/3)"
1349,Phil,Jagielka,0.43,0.01,0.0,0.01,0.0,0.04,17.58,5,Jagielka,DEF,Sheffield Utd,2020-21,0.05,0.43,"recency-weighted FPL points, decay 8**(-age/3)"
1350,Álvaro,Morata,0.42,0.04,0.01,0.05,0.0,0.04,7.67,2,Morata,FWD,Chelsea,2018-19,0.62,0.42,"recency-weighted FPL points, decay 8**(-age/3)"
1351,Robert Kenedy,Nunes do Nascimento,0.42,0.01,0.04,0.05,0.0,0.01,9.12,6,Kenedy,DEF,Chelsea,2022-23,0.46,0.42,"recency-weighted FPL points, decay 8**(-age/3)"
1352,Víctor,Camarasa,0.42,0.02,0.02,0.04,0.0,0.02,10.07,2,Camarasa,MID,Crystal Palace,2019-20,0.31,0.42,"recency-weighted FPL points, decay 8**(-age/3)"
1353,Ander,Herrera,0.42,0.01,0.02,0.03,0.0,0.03,10.32,3,Herrera,MID,Man Utd,2018-19,0.26,0.42,"recency-weighted FPL points, decay 8**(-age/3)"
1354,William,Smallbone,0.42,0.0,0.02,0.02,0.0,0.01,9.84,3,Smallbone,MID,Southampton,2021-22,0.14,0.42,"recency-weighted FPL points, decay 8**(-age/3)"
1355,Nathaniel,Chalobah,0.42,0.0,0.01,0.01,0.01,0.02,9.94,6,Chalobah,MID,Fulham,2022-23,0.08,0.42,"recency-weighted FPL points, decay 8**(-age/3)"
1356,Sofiane,Boufal,0.41,0.0,0.03,0.03,0.0,0.0,9.32,5,Boufal,MID,Southampton,2020-21,0.32,0.41,"recency-weighted FPL points, decay 8**(-age/3)"
1357,Vitor,Ferreira,0.41,0.0,0.02,0.02,0.0,0.0,7.95,1,Vitinha,MID,Wolves,2020-21,0.18,0.41,"recency-weighted FPL points, decay 8**(-age/3)"
1358,Onel,Hernández,0.41,0.01,0.02,0.02,0.0,0.0,10.73,2,Hernández,MID,Norwich,2021-22,0.2,0.41,"recency-weighted FPL points, decay 8**(-age/3)"
1359,Max,Meyer,0.41,0.0,0.01,0.02,0.0,0.0,10.53,3,Meyer,MID,Crystal Palace,2020-21,0.13,0.41,"recency-weighted FPL points, decay 8**(-age/3)"
1360,Vincent,Kompany,0.4,0.01,0.0,0.01,0.0,0.03,8.29,3,Kompany,DEF,Man City,2018-19,0.12,0.4,"recency-weighted FPL points, decay 8**(-age/3)"
1361,Thibaut,Courtois,0.4,0.0,0.0,0.0,0.0,0.01,9.32,3,Courtois,GKP,Chelsea,2018-19,0.0,0.4,"recency-weighted FPL points, decay 8**(-age/3)"
1362,Bernardo,Fernandes da Silva Junior,0.39,0.0,0.0,0.0,0.0,0.02,15.31,3,Bernardo,DEF,Brighton,2020-21,0.02,0.39,"recency-weighted FPL points, decay 8**(-age/3)"
1363,Eric,Garcia,0.39,0.0,0.0,0.0,0.0,0.0,12.11,2,Garcia,DEF,Man City,2020-21,0.0,0.39,"recency-weighted FPL points, decay 8**(-age/3)"
1364,Andrew,Surman,0.39,0.0,0.01,0.01,0.0,0.02,12.82,4,Surman,MID,Bournemouth,2019-20,0.1,0.39,"recency-weighted FPL points, decay 8**(-age/3)"
1365,Morgan,Schneiderlin,0.39,0.0,0.0,0.0,0.0,0.0,16.24,4,Schneiderlin,MID,Everton,2019-20,0.03,0.39,"recency-weighted FPL points, decay 8**(-age/3)"
1366,Alfie,Mawson,0.38,0.01,0.0,0.01,0.0,0.03,13.47,4,Mawson,DEF,Fulham,2020-21,0.07,0.38,"recency-weighted FPL points, decay 8**(-age/3)"
1367,Bruno,Ecuele Manga,0.38,0.0,0.0,0.0,0.0,0.02,13.18,1,Ecuele Manga,DEF,Cardiff,2018-19,0.03,0.38,"recency-weighted FPL points, decay 8**(-age/3)"
1370,Joe,White,0.38,0.0,0.0,0.0,0.0,0.0,1.5,4,White,MID,Newcastle,2025-26,0.0,0.38,"recency-weighted FPL points, decay 8**(-age/3)"
1371,Han-Noah,Massengo,0.38,0.0,0.0,0.0,0.0,0.0,1.75,1,Massengo,MID,Burnley,2023-24,0.0,0.38,"recency-weighted FPL points, decay 8**(-age/3)"
1372,Danilo Luiz,da Silva,0.38,0.01,0.0,0.01,0.0,0.04,5.76,3,Danilo,DEF,Man City,2019-20,0.21,0.38,"recency-weighted FPL points, decay 8**(-age/3)"
1373,Kaelan,Casey,0.38,0.0,0.0,0.0,0.0,0.0,0.38,4,Casey,DEF,West Ham,2025-26,0.0,0.38,"recency-weighted FPL points, decay 8**(-age/3)"
1375,Siriki,Dembélé,0.38,0.0,0.0,0.0,0.02,0.0,6.5,2,Siriki,MID,Bournemouth,2023-24,0.0,0.38,"recency-weighted FPL points, decay 8**(-age/3)"
1376,Joe,Hart,0.38,0.0,0.0,0.0,0.0,0.03,10.02,6,Hart,GKP,Spurs,2021-22,0.02,0.38,"recency-weighted FPL points, decay 8**(-age/3)"
1377,Sean,Morrison,0.38,0.0,0.02,0.02,0.0,0.02,11.87,1,Morrison,DEF,Cardiff,2018-19,0.15,0.38,"recency-weighted FPL points, decay 8**(-age/3)"
1378,Jayden,Danns,0.38,0.0,0.0,0.0,0.0,0.0,3.38,3,Danns,FWD,Liverpool,2025-26,0.0,0.38,"recency-weighted FPL points, decay 8**(-age/3)"
1379,Matthew,Longstaff,0.37,0.02,0.0,0.02,0.0,0.02,10.34,3,M.Longstaff,MID,Newcastle,2021-22,0.14,0.37,"recency-weighted FPL points, decay 8**(-age/3)"
1380,Philippe,Coutinho,0.37,0.03,0.02,0.05,0.0,0.05,4.34,2,Coutinho,MID,Liverpool,2017-18,0.99,0.37,"recency-weighted FPL points, decay 8**(-age/3)"
1381,Victor,Moses,0.37,0.01,0.01,0.02,0.0,0.02,6.65,3,Moses,DEF,Chelsea,2018-19,0.32,0.37,"recency-weighted FPL points, decay 8**(-age/3)"
1382,Fikayo,Tomori,0.37,0.01,0.0,0.01,0.0,0.05,10.79,3,Tomori,DEF,Chelsea,2020-21,0.07,0.37,"recency-weighted FPL points, decay 8**(-age/3)"
1383,Sol,Bamba,0.37,0.02,0.0,0.02,0.0,0.04,9.67,1,Bamba,DEF,Cardiff,2018-19,0.18,0.37,"recency-weighted FPL points, decay 8**(-age/3)"
1384,Rúben Gonçalo,Silva Nascimento Vinagre,0.36,0.0,0.0,0.0,0.0,0.01,10.46,3,Vinagre,DEF,Wolves,2020-21,0.0,0.36,"recency-weighted FPL points, decay 8**(-age/3)"
1385,Sung-yueng,Ki,0.36,0.0,0.01,0.01,0.0,0.02,11.03,4,Ki Sung-yueng,MID,Newcastle,2019-20,0.1,0.36,"recency-weighted FPL points, decay 8**(-age/3)"
1386,Mohamed,Diamé,0.36,0.0,0.0,0.0,0.0,0.01,12.42,3,Diamé,MID,Newcastle,2018-19,0.03,0.36,"recency-weighted FPL points, decay 8**(-age/3)"
1387,Alex,Pritchard,0.35,0.01,0.0,0.01,0.0,0.01,10.07,3,Pritchard,MID,Huddersfield,2018-19,0.12,0.35,"recency-weighted FPL points, decay 8**(-age/3)"
1388,Jordon,Ibe,0.35,0.01,0.02,0.02,0.0,0.01,8.37,4,Ibe,MID,Bournemouth,2019-20,0.25,0.35,"recency-weighted FPL points, decay 8**(-age/3)"
1389,Fernando,Llorente,0.35,0.02,0.02,0.04,0.0,0.04,5.48,3,Llorente,FWD,Spurs,2018-19,0.64,0.35,"recency-weighted FPL points, decay 8**(-age/3)"
1390,Oumar,Niasse,0.35,0.02,0.01,0.03,0.0,0.03,7.18,4,Niasse,FWD,Everton,2019-20,0.33,0.35,"recency-weighted FPL points, decay 8**(-age/3)"
1391,David,De Gea,0.34,0.0,0.0,0.0,0.0,0.02,6.5,1,De Gea,GKP,Man Utd,2017-18,0.0,0.34,"recency-weighted FPL points, decay 8**(-age/3)"
1392,Dusan,Tadic,0.34,0.01,0.01,0.03,0.0,0.02,7.81,2,Tadic,MID,Southampton,2017-18,0.32,0.34,"recency-weighted FPL points, decay 8**(-age/3)"
1393,Marek,Rodák,0.34,0.0,0.0,0.0,0.0,0.0,14.06,3,Rodák,GKP,Fulham,2023-24,0.0,0.34,"recency-weighted FPL points, decay 8**(-age/3)"
1394,Sergio,Rico,0.34,0.0,0.0,0.0,0.0,0.03,10.2,1,Rico,GKP,Fulham,2018-19,0.0,0.34,"recency-weighted FPL points, decay 8**(-age/3)"
1395,Bruno,Saltor Grau,0.34,0.0,0.0,0.0,0.0,0.04,8.35,2,Bruno,DEF,Brighton,2018-19,0.04,0.34,"recency-weighted FPL points, decay 8**(-age/3)"
1396,Marcus,Forss,0.34,0.0,0.03,0.03,0.0,0.0,6.34,2,Forss,FWD,Brentford,2022-23,0.44,0.34,"recency-weighted FPL points, decay 8**(-age/3)"
1397,Chem,Campbell,0.34,0.0,0.0,0.0,0.01,0.0,4.63,2,Campbell,MID,Wolves,2022-23,0.0,0.34,"recency-weighted FPL points, decay 8**(-age/3)"
1398,Gaëtan,Bong,0.33,0.0,0.0,0.0,0.0,0.01,11.87,3,Bong,DEF,Brighton,2019-20,0.0,0.33,"recency-weighted FPL points, decay 8**(-age/3)"
1399,Branislav,Ivanovic,0.33,0.0,0.0,0.0,0.0,0.0,12.51,2,Ivanovic,DEF,West Brom,2020-21,0.01,0.33,"recency-weighted FPL points, decay 8**(-age/3)"
1400,Pedro,Obiang,0.33,0.0,0.01,0.01,0.0,0.02,9.13,4,Obiang,MID,West Ham,2019-20,0.14,0.33,"recency-weighted FPL points, decay 8**(-age/3)"
1401,Loris,Karius,0.33,0.0,0.0,0.0,0.0,0.01,15.47,5,Karius,GKP,Newcastle,2023-24,0.0,0.33,"recency-weighted FPL points, decay 8**(-age/3)"
1402,Joe,Allen,0.33,0.01,0.01,0.02,0.0,0.03,8.99,2,Allen,MID,Stoke,2017-18,0.24,0.33,"recency-weighted FPL points, decay 8**(-age/3)"
1403,Bjorn,Engels,0.33,0.01,0.0,0.01,0.0,0.03,11.3,2,Engels,DEF,Aston Villa,2020-21,0.06,0.33,"recency-weighted FPL points, decay 8**(-age/3)"
1404,Josh,Onomah,0.33,0.0,0.0,0.0,0.0,0.0,6.64,2,Onomah,MID,Fulham,2022-23,0.0,0.33,"recency-weighted FPL points, decay 8**(-age/3)"
1405,David Junior,Hoilett,0.32,0.01,0.01,0.02,0.0,0.02,8.34,1,Hoilett,MID,Cardiff,2018-19,0.21,0.32,"recency-weighted FPL points, decay 8**(-age/3)"
1406,Cesc,Fàbregas,0.32,0.01,0.02,0.03,0.0,0.03,6.48,3,Fàbregas,MID,Chelsea,2018-19,0.43,0.32,"recency-weighted FPL points, decay 8**(-age/3)"
1407,Harry,Arter,0.32,0.0,0.01,0.01,0.0,0.01,12.57,5,Arter,MID,Nott'm Forest,2023-24,0.08,0.32,"recency-weighted FPL points, decay 8**(-age/3)"
1408,Stephen,Ward,0.32,0.0,0.0,0.01,0.0,0.02,8.85,3,Ward,DEF,Burnley,2018-19,0.06,0.32,"recency-weighted FPL points, decay 8**(-age/3)"
1409,José Heriberto,Izquierdo Mena,0.32,0.01,0.02,0.03,0.0,0.01,6.94,3,Izquierdo,MID,Brighton,2019-20,0.35,0.32,"recency-weighted FPL points, decay 8**(-age/3)"
1410,Laurent,Depoitre,0.32,0.01,0.01,0.02,0.0,0.03,7.66,2,Depoitre,FWD,Huddersfield,2018-19,0.23,0.32,"recency-weighted FPL points, decay 8**(-age/3)"
1411,Terence,Kongolo,0.32,0.0,0.0,0.01,0.0,0.02,14.06,5,Kongolo,DEF,Fulham,2023-24,0.05,0.32,"recency-weighted FPL points, decay 8**(-age/3)"
1412,José,Reina,0.32,0.0,0.0,0.0,0.0,0.03,8.44,1,Reina,GKP,Aston Villa,2019-20,0.0,0.32,"recency-weighted FPL points, decay 8**(-age/3)"
1413,Gustavo Henrique,Furtado Scarpa,0.31,0.0,0.0,0.0,0.02,0.0,11.06,2,G.Scarpa,MID,Nott'm Forest,2023-24,0.0,0.31,"recency-weighted FPL points, decay 8**(-age/3)"
1414,Charlie,Goode,0.31,0.0,0.0,0.0,0.0,0.0,14.0,3,Goode,DEF,Brentford,2023-24,0.0,0.31,"recency-weighted FPL points, decay 8**(-age/3)"
1415,Callum,Paterson,0.31,0.02,0.01,0.02,0.0,0.02,7.79,1,Paterson,MID,Cardiff,2018-19,0.27,0.31,"recency-weighted FPL points, decay 8**(-age/3)"
1416,Sergi,Canós Tenés,0.31,0.0,0.0,0.0,0.01,0.0,4.56,2,Canós,MID,Brentford,2023-24,0.0,0.31,"recency-weighted FPL points, decay 8**(-age/3)"
1417,Jonathan,Hogg,0.31,0.0,0.0,0.0,0.0,0.01,13.93,2,Hogg,MID,Huddersfield,2018-19,0.03,0.31,"recency-weighted FPL points, decay 8**(-age/3)"
1418,Chris,Löwe,0.31,0.0,0.02,0.02,0.0,0.02,11.11,2,Löwe,DEF,Huddersfield,2018-19,0.13,0.31,"recency-weighted FPL points, decay 8**(-age/3)"
1419,Ozan,Tufan,0.31,0.0,0.0,0.0,0.0,0.0,10.44,1,Tufan,MID,Watford,2021-22,0.0,0.31,"recency-weighted FPL points, decay 8**(-age/3)"
1420,Willy,Caballero,0.31,0.0,0.0,0.0,0.0,0.0,13.2,7,Caballero,GKP,Southampton,2022-23,0.0,0.31,"recency-weighted FPL points, decay 8**(-age/3)"
1421,Shinji,Okazaki,0.31,0.01,0.01,0.03,0.0,0.02,5.15,3,Okazaki,FWD,Leicester,2018-19,0.44,0.31,"recency-weighted FPL points, decay 8**(-age/3)"
1422,Samuel,Amo-Ameyaw,0.31,0.0,0.0,0.0,0.04,0.0,6.69,2,Amo-Ameyaw,MID,Southampton,2024-25,0.0,0.31,"recency-weighted FPL points, decay 8**(-age/3)"
1423,Joseph,Hodge,0.31,0.0,0.0,0.0,0.02,0.0,10.75,1,Hodge,MID,Wolves,2022-23,0.0,0.31,"recency-weighted FPL points, decay 8**(-age/3)"
1424,Oghenekaro Peter,Etebo,0.31,0.0,0.0,0.0,0.0,0.0,12.37,1,Etebo,MID,Watford,2021-22,0.0,0.31,"recency-weighted FPL points, decay 8**(-age/3)"
1425,Bobby,Reid,0.31,0.02,0.01,0.03,0.0,0.04,5.52,1,Reid,FWD,Cardiff,2018-19,0.51,0.31,"recency-weighted FPL points, decay 8**(-age/3)"
1426,Joe,Bennett,0.3,0.0,0.0,0.0,0.0,0.02,10.31,1,Bennett,DEF,Cardiff,2018-19,0.03,0.3,"recency-weighted FPL points, decay 8**(-age/3)"
1427,Artur,Boruc,0.3,0.0,0.0,0.0,0.0,0.02,7.29,4,Boruc,GKP,Bournemouth,2019-20,0.0,0.3,"recency-weighted FPL points, decay 8**(-age/3)"
1428,Josh,Murphy,0.3,0.01,0.01,0.02,0.0,0.01,7.07,1,Murphy,MID,Cardiff,2018-19,0.25,0.3,"recency-weighted FPL points, decay 8**(-age/3)"
1429,Kieran,Gibbs,0.29,0.0,0.0,0.0,0.0,0.01,18.86,3,Gibbs,DEF,West Brom,2020-21,0.02,0.29,"recency-weighted FPL points, decay 8**(-age/3)"
1430,Ryan,Babel,0.29,0.02,0.02,0.04,0.0,0.03,4.88,1,Babel,MID,Fulham,2018-19,0.65,0.29,"recency-weighted FPL points, decay 8**(-age/3)"
1431,Jermain,Defoe,0.29,0.02,0.01,0.03,0.0,0.03,5.43,3,Defoe,FWD,Bournemouth,2018-19,0.49,0.29,"recency-weighted FPL points, decay 8**(-age/3)"
1432,Wayne,Rooney,0.29,0.02,0.01,0.04,0.0,0.05,5.93,2,Rooney,FWD,Everton,2017-18,0.53,0.29,"recency-weighted FPL points, decay 8**(-age/3)"
1433,André,Schürrle,0.29,0.02,0.0,0.02,0.0,0.01,6.4,1,Schürrle,MID,Fulham,2018-19,0.33,0.29,"recency-weighted FPL points, decay 8**(-age/3)"
1434,Florent,Hadergjonaj,0.29,0.0,0.0,0.0,0.0,0.01,10.44,2,Hadergjonaj,DEF,Huddersfield,2018-19,0.02,0.29,"recency-weighted FPL points, decay 8**(-age/3)"
1435,Jürgen,Locadia,0.29,0.01,0.0,0.01,0.0,0.03,6.57,4,Locadia,FWD,Brighton,2021-22,0.16,0.29,"recency-weighted FPL points, decay 8**(-age/3)"
1436,Emre,Can,0.28,0.01,0.01,0.02,0.0,0.03,6.4,2,Can,MID,Liverpool,2017-18,0.34,0.28,"recency-weighted FPL points, decay 8**(-age/3)"
1437,Jean Michael,Seri,0.28,0.0,0.01,0.02,0.0,0.02,8.75,1,Seri,MID,Fulham,2018-19,0.16,0.28,"recency-weighted FPL points, decay 8**(-age/3)"
1438,Kyle,Naughton,0.28,0.0,0.0,0.0,0.0,0.03,8.57,2,Naughton,DEF,Swansea,2017-18,0.05,0.28,"recency-weighted FPL points, decay 8**(-age/3)"
1439,Jack,Wilshere,0.28,0.0,0.02,0.02,0.0,0.01,7.37,5,Wilshere,MID,West Ham,2020-21,0.23,0.28,"recency-weighted FPL points, decay 8**(-age/3)"
1440,Jacob,Sørensen,0.28,0.0,0.0,0.0,0.0,0.0,18.75,1,Sørensen,DEF,Norwich,2021-22,0.0,0.28,"recency-weighted FPL points, decay 8**(-age/3)"
1441,Christoph,Zimmermann,0.27,0.0,0.01,0.01,0.0,0.01,16.05,2,Zimmermann,DEF,Norwich,2021-22,0.04,0.27,"recency-weighted FPL points, decay 8**(-age/3)"
1442,Antwoine,Hackford,0.27,0.0,0.0,0.0,0.0,0.0,1.53,2,Hackford,FWD,Sheffield Utd,2023-24,0.0,0.27,"recency-weighted FPL points, decay 8**(-age/3)"
1443,Filip,Krovinovic,0.27,0.0,0.0,0.0,0.0,0.0,8.45,1,Krovinovic,MID,West Brom,2020-21,0.0,0.27,"recency-weighted FPL points, decay 8**(-age/3)"
1444,Victor,Wanyama,0.26,0.01,0.0,0.01,0.0,0.02,6.76,4,Wanyama,MID,Spurs,2019-20,0.16,0.26,"recency-weighted FPL points, decay 8**(-age/3)"
1445,Wesley,Hoedt,0.26,0.0,0.0,0.0,0.0,0.03,9.49,3,Hoedt,DEF,Southampton,2019-20,0.04,0.26,"recency-weighted FPL points, decay 8**(-age/3)"
1446,Manolo,Gabbiadini,0.26,0.02,0.0,0.02,0.0,0.04,4.62,3,Gabbiadini,FWD,Southampton,2018-19,0.36,0.26,"recency-weighted FPL points, decay 8**(-age/3)"
1447,Darren,Randolph,0.25,0.0,0.0,0.0,0.0,0.0,7.56,7,Randolph,GKP,Bournemouth,2023-24,0.0,0.25,"recency-weighted FPL points, decay 8**(-age/3)"
1448,Cengiz,Ünder,0.25,0.0,0.03,0.03,0.0,0.0,4.3,1,Ünder,MID,Leicester,2020-21,0.65,0.25,"recency-weighted FPL points, decay 8**(-age/3)"
1449,Marco,Stiepermann,0.25,0.0,0.0,0.0,0.0,0.0,9.16,2,Stiepermann,MID,Norwich,2021-22,0.0,0.25,"recency-weighted FPL points, decay 8**(-age/3)"
1451,Aron,Gunnarsson,0.25,0.0,0.0,0.01,0.0,0.01,8.85,1,Gunnarsson,MID,Cardiff,2018-19,0.08,0.25,"recency-weighted FPL points, decay 8**(-age/3)"
1453,Alfie,Pond,0.25,0.0,0.0,0.0,0.0,0.0,0.25,2,Pond,DEF,Wolves,2025-26,0.0,0.25,"recency-weighted FPL points, decay 8**(-age/3)"
1454,Chris,Brunt,0.25,0.0,0.02,0.02,0.0,0.02,6.16,2,Brunt,MID,West Brom,2017-18,0.33,0.25,"recency-weighted FPL points, decay 8**(-age/3)"
1455,Juan,Larios López,0.25,0.0,0.0,0.0,0.0,0.0,9.38,2,Larios,DEF,Southampton,2024-25,0.0,0.25,"recency-weighted FPL points, decay 8**(-age/3)"
1456,Zack,Steffen,0.25,0.0,0.0,0.0,0.0,0.03,4.22,4,Steffen,GKP,Man City,2023-24,0.0,0.25,"recency-weighted FPL points, decay 8**(-age/3)"
1457,Ronnie,Edwards,0.25,0.0,0.0,0.0,0.0,0.0,3.0,1,Edwards,DEF,Southampton,2024-25,0.0,0.25,"recency-weighted FPL points, decay 8**(-age/3)"
1458,Ben,Doak,0.25,0.0,0.0,0.0,0.0,0.0,3.06,3,Doak,MID,Liverpool,2024-25,0.0,0.25,"recency-weighted FPL points, decay 8**(-age/3)"
1459,Olabade,Aluko,0.25,0.0,0.0,0.0,0.0,0.0,0.25,1,Olabade Aluko,DEF,Leicester,2024-25,0.0,0.25,"recency-weighted FPL points, decay 8**(-age/3)"
1460,Nathaniel,Mendez-Laing,0.25,0.02,0.0,0.02,0.0,0.02,3.82,1,Mendez-Laing,MID,Cardiff,2018-19,0.46,0.25,"recency-weighted FPL points, decay 8**(-age/3)"
1461,Will,Alves,0.25,0.0,0.0,0.0,0.0,0.0,0.25,1,Alves,MID,Leicester,2024-25,0.0,0.25,"recency-weighted FPL points, decay 8**(-age/3)"
1462,Woyo,Coulibaly,0.25,0.0,0.0,0.0,0.02,0.0,26.75,1,Coulibaly,DEF,Leicester,2024-25,0.0,0.25,"recency-weighted FPL points, decay 8**(-age/3)"
1463,Tomiyasu,Takehiro,0.25,0.0,0.0,0.0,0.04,0.0,1.5,1,Tomiyasu,DEF,Arsenal,2024-25,0.0,0.25,"recency-weighted FPL points, decay 8**(-age/3)"
1465,Ryan,Trevitt,0.25,0.0,0.0,0.0,0.0,0.0,0.75,4,Trevitt,MID,Brentford,2025-26,0.0,0.25,"recency-weighted FPL points, decay 8**(-age/3)"
1466,Deivid Washington,de Souza Eugênio,0.25,0.0,0.0,0.0,0.06,0.0,1.38,2,Deivid,FWD,Chelsea,2024-25,0.0,0.25,"recency-weighted FPL points, decay 8**(-age/3)"
1467,Thomas,Cannon,0.25,0.0,0.0,0.0,0.01,0.0,1.56,2,Cannon,FWD,Everton,2023-24,0.0,0.25,"recency-weighted FPL points, decay 8**(-age/3)"
1468,Zain,Silcott-Duberry,0.25,0.0,0.0,0.0,0.0,0.0,0.25,2,Silcott-Duberry,MID,Bournemouth,2025-26,0.0,0.25,"recency-weighted FPL points, decay 8**(-age/3)"
1469,Javier,Manquillo Gaitán,0.25,0.0,0.0,0.0,0.0,0.0,2.13,2,Manquillo,DEF,Newcastle,2023-24,0.0,0.25,"recency-weighted FPL points, decay 8**(-age/3)"
1470,Jose Luis,Mato Sanmartín,0.25,0.02,0.0,0.02,0.0,0.02,5.62,4,Joselu,FWD,Newcastle,2019-20,0.28,0.25,"recency-weighted FPL points, decay 8**(-age/3)"
1473,George,Edmundson,0.25,0.0,0.0,0.0,0.0,0.0,0.25,1,Edmundson,DEF,Ipswich,2024-25,0.0,0.25,"recency-weighted FPL points, decay 8**(-age/3)"
1474,Michael,Golding,0.25,0.0,0.0,0.0,0.0,0.0,0.25,1,Golding,MID,Leicester,2024-25,0.0,0.25,"recency-weighted FPL points, decay 8**(-age/3)"
1476,Jahmai,Simpson-Pusey,0.25,0.0,0.0,0.0,0.0,0.0,23.75,1,Simpson-Pusey,DEF,Man City,2024-25,0.0,0.25,"recency-weighted FPL points, decay 8**(-age/3)"
1478,Peter,Crouch,0.25,0.02,0.01,0.03,0.0,0.02,4.68,3,Crouch,FWD,Burnley,2018-19,0.53,0.25,"recency-weighted FPL points, decay 8**(-age/3)"
1479,Halil,Dervişoğlu,0.25,0.0,0.06,0.06,0.0,0.0,0.38,3,Dervişoğlu,FWD,Brentford,2023-24,15.0,0.25,"recency-weighted FPL points, decay 8**(-age/3)"
1481,Ionuț,Radu,0.25,0.0,0.0,0.0,0.0,0.0,22.5,1,Radu,GKP,Bournemouth,2023-24,0.0,0.25,"recency-weighted FPL points, decay 8**(-age/3)"
1482,Alfie,Dorrington,0.25,0.0,0.0,0.0,0.0,0.0,3.25,2,Dorrington,DEF,Spurs,2024-25,0.0,0.25,"recency-weighted FPL points, decay 8**(-age/3)"
1484,Omari,Kellyman,0.25,0.0,0.0,0.0,0.0,0.0,4.38,2,Kellyman,MID,Chelsea,2024-25,0.0,0.25,"recency-weighted FPL points, decay 8**(-age/3)"
1485,Steven,Davis,0.25,0.01,0.01,0.02,0.0,0.02,5.92,3,Davis,MID,Southampton,2018-19,0.25,0.25,"recency-weighted FPL points, decay 8**(-age/3)"
1486,Zack,Nelson,0.25,0.0,0.0,0.0,0.0,0.0,0.5,1,Nelson,MID,Luton,2023-24,0.0,0.25,"recency-weighted FPL points, decay 8**(-age/3)"
1487,Rhys,Norrington-Davies,0.25,0.0,0.0,0.0,0.0,0.0,13.62,1,Norrington-Davies,DEF,Sheffield Utd,2023-24,0.0,0.25,"recency-weighted FPL points, decay 8**(-age/3)"
1488,Daniel,Sturridge,0.25,0.01,0.01,0.03,0.0,0.01,3.76,3,Sturridge,FWD,Liverpool,2018-19,0.61,0.25,"recency-weighted FPL points, decay 8**(-age/3)"
1489,Nathan,Butler-Oyedeji,0.25,0.0,0.0,0.0,0.02,0.0,1.5,2,Butler-Oyedeji,FWD,Arsenal,2024-25,0.0,0.25,"recency-weighted FPL points, decay 8**(-age/3)"
1493,Mathis,Amougou,0.25,0.0,0.0,0.0,0.0,0.0,1.75,1,Amougou,MID,Chelsea,2024-25,0.0,0.25,"recency-weighted FPL points, decay 8**(-age/3)"
1494,Heurelho,Gomes,0.24,0.0,0.0,0.0,0.0,0.01,7.42,3,Gomes,GKP,Watford,2018-19,0.0,0.24,"recency-weighted FPL points, decay 8**(-age/3)"
1495,Danny,Simpson,0.24,0.0,0.0,0.0,0.0,0.0,8.55,3,Simpson,DEF,Leicester,2018-19,0.03,0.24,"recency-weighted FPL points, decay 8**(-age/3)"
1496,Marouane,Fellaini,0.24,0.01,0.01,0.02,0.0,0.01,5.67,3,Fellaini,MID,Man Utd,2018-19,0.26,0.24,"recency-weighted FPL points, decay 8**(-age/3)"
1497,Mame Biram,Diouf,0.24,0.01,0.01,0.02,0.0,0.02,6.42,2,Diouf,FWD,Stoke,2017-18,0.29,0.24,"recency-weighted FPL points, decay 8**(-age/3)"
1498,Simon,Mignolet,0.24,0.0,0.0,0.0,0.0,0.01,5.8,4,Mignolet,GKP,Liverpool,2019-20,0.0,0.24,"recency-weighted FPL points, decay 8**(-age/3)"
1499,Ashley,Williams,0.23,0.0,0.0,0.01,0.0,0.01,6.66,3,Williams,DEF,Everton,2018-19,0.08,0.23,"recency-weighted FPL points, decay 8**(-age/3)"
1500,Mbwana,Samatta,0.23,0.01,0.0,0.01,0.0,0.02,7.34,2,Samatta,FWD,Aston Villa,2020-21,0.1,0.23,"recency-weighted FPL points, decay 8**(-age/3)"
1501,Darren,Fletcher,0.23,0.0,0.0,0.01,0.0,0.01,7.49,2,Fletcher,MID,Stoke,2017-18,0.11,0.23,"recency-weighted FPL points, decay 8**(-age/3)"
1502,Aboubakar,Kamara,0.23,0.01,0.0,0.01,0.0,0.01,7.48,2,Kamara,MID,Fulham,2020-21,0.14,0.23,"recency-weighted FPL points, decay 8**(-age/3)"
1503,Yohan,Cabaye,0.23,0.0,0.01,0.02,0.0,0.01,6.71,2,Cabaye,MID,Crystal Palace,2017-18,0.21,0.23,"recency-weighted FPL points, decay 8**(-age/3)"
1504,Mario,Vrancic,0.23,0.01,0.0,0.01,0.0,0.01,4.87,1,Vrancic,MID,Norwich,2019-20,0.14,0.23,"recency-weighted FPL points, decay 8**(-age/3)"
1505,Sam,Clucas,0.23,0.01,0.0,0.01,0.0,0.01,7.09,2,Clucas,MID,Swansea,2017-18,0.15,0.23,"recency-weighted FPL points, decay 8**(-age/3)"
1506,Mousa,Dembélé,0.23,0.0,0.0,0.0,0.0,0.01,7.67,3,Dembélé,MID,Spurs,2018-19,0.03,0.23,"recency-weighted FPL points, decay 8**(-age/3)"
1507,Tyler,Onyango,0.22,0.0,0.0,0.0,0.0,0.0,0.97,4,Onyango,MID,Everton,2025-26,0.0,0.22,"recency-weighted FPL points, decay 8**(-age/3)"
1508,Luke,Cundle,0.22,0.0,0.0,0.0,0.0,0.0,5.59,6,Cundle,MID,Wolves,2024-25,0.0,0.22,"recency-weighted FPL points, decay 8**(-age/3)"
1509,Ahmed El-Sayed,Hegazi,0.22,0.0,0.0,0.0,0.0,0.02,6.61,1,Hegazi,DEF,West Brom,2017-18,0.05,0.22,"recency-weighted FPL points, decay 8**(-age/3)"
1510,Martin,Olsson,0.22,0.0,0.0,0.0,0.0,0.0,7.37,2,Olsson,DEF,Swansea,2017-18,0.05,0.22,"recency-weighted FPL points, decay 8**(-age/3)"
1511,Tom,Carroll,0.22,0.0,0.01,0.01,0.0,0.02,6.36,2,Carroll,MID,Swansea,2017-18,0.15,0.22,"recency-weighted FPL points, decay 8**(-age/3)"
1512,Pelenda Joshua,Dasilva,0.22,0.0,0.0,0.0,0.0,0.0,7.81,1,Dasilva,MID,Brentford,2021-22,0.0,0.22,"recency-weighted FPL points, decay 8**(-age/3)"
1513,Francisco,Casilla Cortés,0.22,0.0,0.0,0.0,0.0,0.03,4.22,2,Casilla,GKP,Leeds,2021-22,0.0,0.22,"recency-weighted FPL points, decay 8**(-age/3)"
1514,Ian Carlo,Poveda-Ocampo,0.22,0.0,0.0,0.0,0.0,0.0,5.38,2,Poveda,MID,Leeds,2021-22,0.0,0.22,"recency-weighted FPL points, decay 8**(-age/3)"
1515,Samuel,Kalu,0.22,0.0,0.0,0.0,0.0,0.0,6.91,1,Kalu,MID,Watford,2021-22,0.0,0.22,"recency-weighted FPL points, decay 8**(-age/3)"
1516,Tom,Trybull,0.22,0.0,0.0,0.0,0.0,0.0,8.81,1,Trybull,MID,Norwich,2019-20,0.0,0.22,"recency-weighted FPL points, decay 8**(-age/3)"
1517,Ryan,Shawcross,0.22,0.0,0.0,0.01,0.0,0.01,7.71,2,Shawcross,DEF,Stoke,2017-18,0.08,0.22,"recency-weighted FPL points, decay 8**(-age/3)"
1518,Patrick,Cutrone,0.21,0.02,0.0,0.02,0.0,0.0,2.64,3,Cutrone,FWD,Wolves,2021-22,0.53,0.21,"recency-weighted FPL points, decay 8**(-age/3)"
1519,Gonzalo,Higuaín,0.21,0.02,0.0,0.02,0.0,0.02,4.23,1,Higuaín,FWD,Chelsea,2018-19,0.42,0.21,"recency-weighted FPL points, decay 8**(-age/3)"
1520,Eric Maxim,Choupo-Moting,0.21,0.01,0.01,0.02,0.0,0.02,4.38,1,Choupo-Moting,MID,Stoke,2017-18,0.4,0.21,"recency-weighted FPL points, decay 8**(-age/3)"
1521,Steven,Defour,0.21,0.0,0.0,0.01,0.0,0.01,6.7,4,Defour,MID,Burnley,2019-20,0.1,0.21,"recency-weighted FPL points, decay 8**(-age/3)"
1522,Allan-Roméo,Nyom,0.21,0.0,0.0,0.0,0.0,0.02,7.08,2,Nyom,DEF,West Brom,2017-18,0.05,0.21,"recency-weighted FPL points, decay 8**(-age/3)"
1523,Lee,Peltier,0.2,0.0,0.0,0.0,0.0,0.0,9.59,2,Peltier,DEF,West Brom,2020-21,0.0,0.2,"recency-weighted FPL points, decay 8**(-age/3)"
1524,Hélder,Costa,0.2,0.0,0.01,0.01,0.0,0.0,5.21,2,Costa,MID,Wolves,2019-20,0.2,0.2,"recency-weighted FPL points, decay 8**(-age/3)"
1525,Elias,Kachunga,0.2,0.0,0.0,0.0,0.0,0.0,7.18,2,Kachunga,FWD,Huddersfield,2018-19,0.05,0.2,"recency-weighted FPL points, decay 8**(-age/3)"
1526,Daniel,N'Lundulu,0.2,0.0,0.0,0.0,0.0,0.0,1.59,3,Nlundulu,FWD,Southampton,2021-22,0.0,0.2,"recency-weighted FPL points, decay 8**(-age/3)"
1527,Josip,Drmic,0.2,0.01,0.0,0.01,0.0,0.0,4.97,1,Drmic,FWD,Norwich,2019-20,0.14,0.2,"recency-weighted FPL points, decay 8**(-age/3)"
1528,Carlos Vinicius,Alves Morais,0.2,0.02,0.0,0.02,0.0,0.0,4.77,1,Carlos Vinicius,FWD,Spurs,2020-21,0.3,0.2,"recency-weighted FPL points, decay 8**(-age/3)"
1529,Isaac,Success Ajayi,0.2,0.0,0.0,0.01,0.0,0.0,4.54,3,Success,FWD,Watford,2021-22,0.15,0.2,"recency-weighted FPL points, decay 8**(-age/3)"
1530,Erik,Durm,0.19,0.0,0.0,0.0,0.0,0.01,8.0,1,Durm,DEF,Huddersfield,2018-19,0.04,0.19,"recency-weighted FPL points, decay 8**(-age/3)"
1531,Beram,Kayal,0.19,0.0,0.0,0.01,0.0,0.0,5.09,3,Kayal,MID,Brighton,2019-20,0.14,0.19,"recency-weighted FPL points, decay 8**(-age/3)"
1532,Denis,Odoi,0.19,0.0,0.0,0.0,0.0,0.01,14.35,2,Odoi,DEF,Fulham,2020-21,0.02,0.19,"recency-weighted FPL points, decay 8**(-age/3)"
1533,Mateo Joseph,Fernández,0.19,0.0,0.0,0.0,0.0,0.0,1.5,1,Mateo Joseph,FWD,Leeds,2022-23,0.0,0.19,"recency-weighted FPL points, decay 8**(-age/3)"
1534,Fabio,Carvalho,0.19,0.02,0.0,0.02,0.0,0.0,3.97,1,Carvalho,MID,Fulham,2020-21,0.35,0.19,"recency-weighted FPL points, decay 8**(-age/3)"
1535,Malcolm,Ebiowei,0.19,0.0,0.0,0.0,0.0,0.0,1.94,4,Ebiowei,MID,Crystal Palace,2025-26,0.0,0.19,"recency-weighted FPL points, decay 8**(-age/3)"
1536,Florin,Andone,0.19,0.02,0.0,0.02,0.0,0.02,3.94,4,Andone,FWD,Brighton,2021-22,0.45,0.19,"recency-weighted FPL points, decay 8**(-age/3)"
1537,Ondrej,Duda,0.19,0.0,0.01,0.01,0.0,0.0,5.65,1,Duda,MID,Norwich,2019-20,0.12,0.19,"recency-weighted FPL points, decay 8**(-age/3)"
1538,Ivan,Cavaleiro,0.19,0.01,0.0,0.02,0.0,0.01,2.64,2,Cavaleiro,MID,Wolves,2019-20,0.53,0.19,"recency-weighted FPL points, decay 8**(-age/3)"
1539,Timothy,Fosu-Mensah,0.19,0.0,0.0,0.0,0.0,0.01,8.61,5,Fosu-Mensah,DEF,Man Utd,2020-21,0.0,0.19,"recency-weighted FPL points, decay 8**(-age/3)"
1540,Ragnar,Klavan,0.19,0.0,0.0,0.0,0.0,0.02,4.21,3,Klavan,DEF,Liverpool,2018-19,0.04,0.19,"recency-weighted FPL points, decay 8**(-age/3)"
1541,Joseph,Whitworth,0.19,0.0,0.0,0.0,0.0,0.0,11.25,1,Whitworth,GKP,Crystal Palace,2022-23,0.0,0.19,"recency-weighted FPL points, decay 8**(-age/3)"
1542,Neil,Taylor,0.18,0.0,0.0,0.0,0.0,0.0,9.63,3,Taylor,DEF,Aston Villa,2020-21,0.01,0.18,"recency-weighted FPL points, decay 8**(-age/3)"
1543,Joe,Ralls,0.18,0.0,0.0,0.0,0.0,0.0,7.63,1,Ralls,MID,Cardiff,2018-19,0.0,0.18,"recency-weighted FPL points, decay 8**(-age/3)"
1544,Rajiv,van La Parra,0.18,0.01,0.0,0.01,0.0,0.01,5.74,2,van La Parra,MID,Huddersfield,2018-19,0.09,0.18,"recency-weighted FPL points, decay 8**(-age/3)"
1545,Scott,Arfield,0.18,0.0,0.01,0.01,0.0,0.01,4.65,2,Arfield,MID,Burnley,2017-18,0.21,0.18,"recency-weighted FPL points, decay 8**(-age/3)"
1546,Luciano,Vietto,0.18,0.0,0.02,0.02,0.0,0.02,3.83,1,Vietto,FWD,Fulham,2018-19,0.46,0.18,"recency-weighted FPL points, decay 8**(-age/3)"
1547,Winston,Reid,0.18,0.0,0.0,0.0,0.0,0.02,5.36,5,Reid,DEF,West Ham,2021-22,0.08,0.18,"recency-weighted FPL points, decay 8**(-age/3)"
1548,John,Ruddy,0.18,0.0,0.0,0.0,0.0,0.0,5.99,6,Ruddy,GKP,Newcastle,2025-26,0.0,0.18,"recency-weighted FPL points, decay 8**(-age/3)"
1549,Gareth,Barry,0.18,0.0,0.0,0.01,0.0,0.0,5.81,2,Barry,MID,West Brom,2017-18,0.14,0.18,"recency-weighted FPL points, decay 8**(-age/3)"
1550,Matteo,Darmian,0.18,0.0,0.0,0.0,0.0,0.02,3.9,4,Darmian,DEF,Man Utd,2019-20,0.0,0.18,"recency-weighted FPL points, decay 8**(-age/3)"
1551,Claudio,Bravo,0.18,0.0,0.0,0.0,0.0,0.0,5.06,5,Bravo,GKP,Man City,2020-21,0.0,0.18,"recency-weighted FPL points, decay 8**(-age/3)"
1552,Zlatan,Ibrahimovic,0.17,0.02,0.01,0.02,0.0,0.03,2.58,2,Ibrahimovic,FWD,Man Utd,2017-18,0.82,0.17,"recency-weighted FPL points, decay 8**(-age/3)"
1553,Kamil,Grosicki,0.17,0.0,0.02,0.02,0.0,0.0,3.41,2,Grosicki,MID,West Brom,2020-21,0.54,0.17,"recency-weighted FPL points, decay 8**(-age/3)"
1554,Connor,Wickham,0.17,0.01,0.01,0.02,0.0,0.02,1.34,5,Wickham,FWD,Crystal Palace,2020-21,1.44,0.17,"recency-weighted FPL points, decay 8**(-age/3)"
1555,Jason,Puncheon,0.17,0.0,0.01,0.01,0.0,0.01,5.67,3,Puncheon,MID,Huddersfield,2018-19,0.09,0.17,"recency-weighted FPL points, decay 8**(-age/3)"
1556,Jaden,Philogene-Bidace,0.17,0.0,0.0,0.0,0.0,0.0,0.52,4,Philogene,MID,Aston Villa,2023-24,0.0,0.17,"recency-weighted FPL points, decay 8**(-age/3)"
1557,Leroy,Fer,0.17,0.01,0.0,0.01,0.0,0.0,5.07,2,Fer,MID,Swansea,2017-18,0.21,0.17,"recency-weighted FPL points, decay 8**(-age/3)"
1558,Daniel,Drinkwater,0.16,0.0,0.0,0.0,0.0,0.0,5.9,4,Drinkwater,MID,Aston Villa,2019-20,0.06,0.16,"recency-weighted FPL points, decay 8**(-age/3)"
1559,Yoshinori,Muto,0.16,0.0,0.0,0.0,0.0,0.0,3.62,3,Muto,FWD,Newcastle,2020-21,0.1,0.16,"recency-weighted FPL points, decay 8**(-age/3)"
1560,Sebastian,Prödl,0.16,0.0,0.0,0.0,0.0,0.0,6.25,4,Prödl,DEF,Watford,2019-20,0.04,0.16,"recency-weighted FPL points, decay 8**(-age/3)"
1561,David,Martin,0.16,0.0,0.0,0.0,0.0,0.02,3.4,2,Martin,GKP,West Ham,2020-21,0.0,0.16,"recency-weighted FPL points, decay 8**(-age/3)"
1562,Jeremy,Sarmiento,0.16,0.0,0.0,0.0,0.0,0.0,1.37,1,Sarmiento,MID,Brighton,2021-22,0.0,0.16,"recency-weighted FPL points, decay 8**(-age/3)"
1563,Mike,van der Hoorn,0.16,0.0,0.0,0.0,0.0,0.01,4.44,2,van der Hoorn,DEF,Swansea,2017-18,0.06,0.16,"recency-weighted FPL points, decay 8**(-age/3)"
1564,Juan,Foyth,0.16,0.0,0.0,0.0,0.0,0.02,3.98,4,Foyth,DEF,Spurs,2020-21,0.09,0.16,"recency-weighted FPL points, decay 8**(-age/3)"
1565,Kaide,Gordon,0.16,0.0,0.0,0.0,0.0,0.0,0.38,2,Gordon,MID,Liverpool,2023-24,0.0,0.16,"recency-weighted FPL points, decay 8**(-age/3)"
1566,Tom,Ince,0.16,0.0,0.0,0.01,0.0,0.01,4.79,2,Ince,MID,Huddersfield,2018-19,0.11,0.16,"recency-weighted FPL points, decay 8**(-age/3)"
1567,Francisco,Sierralta,0.16,0.0,0.0,0.0,0.0,0.0,13.34,1,Sierralta,DEF,Watford,2021-22,0.0,0.16,"recency-weighted FPL points, decay 8**(-age/3)"
1568,Maxime,Le Marchand,0.16,0.0,0.0,0.0,0.0,0.0,10.7,2,Le Marchand,DEF,Fulham,2020-21,0.03,0.16,"recency-weighted FPL points, decay 8**(-age/3)"
1569,Cyrus,Christie,0.16,0.0,0.0,0.0,0.0,0.01,7.58,2,Christie,DEF,Fulham,2020-21,0.05,0.16,"recency-weighted FPL points, decay 8**(-age/3)"
1570,Nicolas,Nkoulou,0.16,0.0,0.0,0.0,0.0,0.0,5.22,1,Nkoulou,DEF,Watford,2021-22,0.0,0.16,"recency-weighted FPL points, decay 8**(-age/3)"
1571,Jose,Fonte,0.16,0.0,0.0,0.0,0.0,0.02,4.21,2,Fonte,DEF,West Ham,2017-18,0.08,0.16,"recency-weighted FPL points, decay 8**(-age/3)"
1572,Josh,Benson,0.16,0.0,0.0,0.0,0.0,0.0,4.06,4,Benson,MID,Burnley,2021-22,0.0,0.16,"recency-weighted FPL points, decay 8**(-age/3)"
1573,Davide,Zappacosta,0.15,0.0,0.0,0.0,0.0,0.0,2.61,3,Zappacosta,DEF,Chelsea,2019-20,0.13,0.15,"recency-weighted FPL points, decay 8**(-age/3)"
1574,Nabil,Bentaleb,0.15,0.0,0.0,0.0,0.0,0.0,5.84,2,Bentaleb,MID,Newcastle,2019-20,0.0,0.15,"recency-weighted FPL points, decay 8**(-age/3)"
1575,Islam,Slimani,0.15,0.01,0.01,0.01,0.0,0.01,2.27,3,Slimani,FWD,Leicester,2020-21,0.58,0.15,"recency-weighted FPL points, decay 8**(-age/3)"
1576,Marcos,Rojo,0.15,0.0,0.0,0.0,0.0,0.01,4.63,5,Rojo,DEF,Man Utd,2020-21,0.02,0.15,"recency-weighted FPL points, decay 8**(-age/3)"
1577,Ramadan,Sobhi,0.15,0.0,0.0,0.01,0.0,0.0,3.52,3,Sobhi,MID,Huddersfield,2018-19,0.2,0.15,"recency-weighted FPL points, decay 8**(-age/3)"
1578,Vicente,Iborra,0.15,0.01,0.0,0.01,0.0,0.01,3.63,2,Iborra,MID,Leicester,2018-19,0.15,0.15,"recency-weighted FPL points, decay 8**(-age/3)"
1579,Juninho,Bacuna,0.15,0.0,0.0,0.0,0.0,0.0,5.51,1,Bacuna,MID,Huddersfield,2018-19,0.06,0.15,"recency-weighted FPL points, decay 8**(-age/3)"
1580,Valentino,Lazaro,0.15,0.01,0.0,0.01,0.0,0.0,3.69,1,Lazaro,MID,Newcastle,2019-20,0.19,0.15,"recency-weighted FPL points, decay 8**(-age/3)"
1581,Tiemoué,Bakayoko,0.15,0.0,0.0,0.01,0.0,0.01,4.14,2,Bakayoko,MID,Chelsea,2018-19,0.17,0.15,"recency-weighted FPL points, decay 8**(-age/3)"
1582,Isaac,Mbenza,0.15,0.0,0.0,0.01,0.0,0.0,3.82,1,Mbenza,MID,Huddersfield,2018-19,0.18,0.15,"recency-weighted FPL points, decay 8**(-age/3)"
1583,Daley,Blind,0.15,0.0,0.0,0.0,0.0,0.02,2.49,3,Blind,DEF,Man Utd,2018-19,0.11,0.15,"recency-weighted FPL points, decay 8**(-age/3)"
1584,Lucas,Pérez,0.15,0.01,0.0,0.01,0.0,0.02,2.08,3,Lucas,FWD,West Ham,2018-19,0.59,0.15,"recency-weighted FPL points, decay 8**(-age/3)"
1585,Bruno,Martins Indi,0.14,0.0,0.0,0.0,0.0,0.01,5.5,2,Martins Indi,DEF,Stoke,2017-18,0.02,0.14,"recency-weighted FPL points, decay 8**(-age/3)"
1586,Roberto,Jimenez Gago,0.14,0.0,0.0,0.0,0.0,0.01,5.36,2,Roberto,GKP,West Ham,2020-21,0.0,0.14,"recency-weighted FPL points, decay 8**(-age/3)"
1587,Jimmy,Dunne,0.14,0.02,0.0,0.02,0.0,0.0,4.22,2,Dunne,DEF,Burnley,2020-21,0.33,0.14,"recency-weighted FPL points, decay 8**(-age/3)"
1588,Ibrahim,Amadou,0.14,0.0,0.0,0.0,0.0,0.0,5.91,1,Amadou,MID,Norwich,2019-20,0.0,0.14,"recency-weighted FPL points, decay 8**(-age/3)"
1589,Gareth,McAuley,0.14,0.01,0.0,0.01,0.0,0.01,3.95,2,McAuley,DEF,West Brom,2017-18,0.16,0.14,"recency-weighted FPL points, decay 8**(-age/3)"
1590,James,McClean,0.14,0.0,0.0,0.01,0.0,0.0,4.16,2,McClean,MID,West Brom,2017-18,0.13,0.14,"recency-weighted FPL points, decay 8**(-age/3)"
1591,Odion,Ighalo,0.14,0.0,0.0,0.0,0.0,0.0,2.12,3,Ighalo,FWD,Man Utd,2020-21,0.08,0.14,"recency-weighted FPL points, decay 8**(-age/3)"
1592,Andi,Zeqiri,0.14,0.0,0.0,0.0,0.0,0.0,2.56,3,Zeqiri,FWD,Brighton,2023-24,0.0,0.14,"recency-weighted FPL points, decay 8**(-age/3)"
1593,Jean-Philippe,Gbamin,0.14,0.0,0.0,0.0,0.0,0.0,3.26,5,Gbamin,MID,Everton,2023-24,0.0,0.14,"recency-weighted FPL points, decay 8**(-age/3)"
1594,Nacer,Chadli,0.14,0.01,0.01,0.01,0.0,0.01,2.5,2,Chadli,MID,West Brom,2017-18,0.46,0.14,"recency-weighted FPL points, decay 8**(-age/3)"
1595,Owen,Otasowie,0.14,0.0,0.02,0.02,0.0,0.0,2.89,3,Otasowie,MID,Wolves,2021-22,0.49,0.14,"recency-weighted FPL points, decay 8**(-age/3)"
1596,Andy,King,0.14,0.01,0.0,0.01,0.0,0.0,3.85,3,King,MID,Leicester,2019-20,0.21,0.14,"recency-weighted FPL points, decay 8**(-age/3)"
1597,James,Collins,0.14,0.0,0.0,0.0,0.0,0.01,3.67,2,Collins,DEF,West Ham,2017-18,0.1,0.14,"recency-weighted FPL points, decay 8**(-age/3)"
1598,Cuco,Martina,0.14,0.0,0.0,0.0,0.0,0.0,4.15,3,Martina,DEF,Everton,2018-19,0.08,0.14,"recency-weighted FPL points, decay 8**(-age/3)"
1599,Kenneth,Zohore,0.13,0.0,0.0,0.01,0.0,0.01,2.89,2,Zohore,FWD,West Brom,2020-21,0.24,0.13,"recency-weighted FPL points, decay 8**(-age/3)"
1600,Ludwig,Augustinsson,0.13,0.0,0.0,0.0,0.01,0.0,4.75,1,Augustinsson,DEF,Aston Villa,2022-23,0.0,0.13,"recency-weighted FPL points, decay 8**(-age/3)"
1601,Álvaro,Negredo,0.13,0.01,0.0,0.01,0.0,0.02,2.8,1,Negredo,FWD,Middlesbrough,2016-17,0.44,0.13,"recency-weighted FPL points, decay 8**(-age/3)"
1602,Tommy,Smith,0.13,0.0,0.0,0.0,0.0,0.0,8.17,2,Smith,DEF,Huddersfield,2018-19,0.02,0.13,"recency-weighted FPL points, decay 8**(-age/3)"
1603,Benik,Afobe,0.13,0.01,0.01,0.01,0.0,0.01,2.47,2,Afobe,FWD,Bournemouth,2017-18,0.46,0.13,"recency-weighted FPL points, decay 8**(-age/3)"
1604,José Ignacio,Peleteiro Romallo,0.13,0.0,0.01,0.01,0.0,0.0,2.57,2,Jota,MID,Aston Villa,2020-21,0.27,0.13,"recency-weighted FPL points, decay 8**(-age/3)"
1605,Dominic,Ballard,0.13,0.0,0.0,0.0,0.0,0.0,1.5,1,Ballard,FWD,Southampton,2022-23,0.0,0.13,"recency-weighted FPL points, decay 8**(-age/3)"
1606,Jamal,Lowe,0.13,0.0,0.0,0.0,0.0,0.0,0.69,2,Lowe,MID,Bournemouth,2023-24,0.0,0.13,"recency-weighted FPL points, decay 8**(-age/3)"
1607,Rúben,Nascimento Vinagre,0.13,0.0,0.0,0.0,0.0,0.0,1.5,1,Vinagre,DEF,Everton,2022-23,0.0,0.13,"recency-weighted FPL points, decay 8**(-age/3)"
1608,Dele,Alli,0.13,0.0,0.0,0.0,0.0,0.0,2.38,2,Dele,MID,Everton,2023-24,0.0,0.13,"recency-weighted FPL points, decay 8**(-age/3)"
1609,Alberto,Moreno,0.13,0.0,0.0,0.0,0.0,0.01,3.37,3,Moreno,DEF,Liverpool,2018-19,0.08,0.13,"recency-weighted FPL points, decay 8**(-age/3)"
1610,Kevin,Mirallas,0.13,0.0,0.01,0.01,0.0,0.01,2.29,3,Mirallas,MID,Everton,2018-19,0.46,0.13,"recency-weighted FPL points, decay 8**(-age/3)"
1611,Giulian,Biancone,0.13,0.0,0.0,0.0,0.0,0.0,0.94,2,Biancone,DEF,Nott'm Forest,2023-24,0.0,0.13,"recency-weighted FPL points, decay 8**(-age/3)"
1612,Layvin,Kurzawa,0.13,0.0,0.0,0.0,0.0,0.0,8.5,1,Kurzawa,DEF,Fulham,2022-23,0.0,0.13,"recency-weighted FPL points, decay 8**(-age/3)"
1613,James,Shea,0.12,0.0,0.0,0.0,0.0,0.0,1.75,1,Shea,GKP,Luton,2023-24,0.0,0.12,"recency-weighted FPL points, decay 8**(-age/3)"
1614,Michael,Ndiweni,0.12,0.0,0.0,0.0,0.0,0.0,0.12,1,Ndiweni,FWD,Newcastle,2023-24,0.0,0.12,"recency-weighted FPL points, decay 8**(-age/3)"
1615,Geoff,Cameron,0.12,0.0,0.0,0.0,0.0,0.0,4.56,2,Cameron,DEF,Stoke,2017-18,0.02,0.12,"recency-weighted FPL points, decay 8**(-age/3)"
1616,Sam,Curtis,0.12,0.0,0.0,0.0,0.0,0.0,3.38,1,Curtis,DEF,Sheffield Utd,2023-24,0.0,0.12,"recency-weighted FPL points, decay 8**(-age/3)"
1617,Brandon,Aguilera Zamora,0.12,0.0,0.0,0.0,0.0,0.0,0.5,1,B.Aguilera,MID,Nott'm Forest,2023-24,0.0,0.12,"recency-weighted FPL points, decay 8**(-age/3)"
1618,Ben,Parkinson,0.12,0.0,0.0,0.0,0.0,0.0,3.0,1,Parkinson,FWD,Newcastle,2023-24,0.0,0.12,"recency-weighted FPL points, decay 8**(-age/3)"
1619,André,Carrillo,0.12,0.0,0.01,0.01,0.0,0.01,2.99,1,Carrillo,MID,Watford,2017-18,0.24,0.12,"recency-weighted FPL points, decay 8**(-age/3)"
1620,Miguel,Britos,0.12,0.0,0.0,0.0,0.0,0.01,4.5,3,Britos,DEF,Watford,2018-19,0.1,0.12,"recency-weighted FPL points, decay 8**(-age/3)"
1621,Ørjan,Nyland,0.12,0.0,0.0,0.0,0.0,0.0,4.2,2,Nyland,GKP,Aston Villa,2020-21,0.0,0.12,"recency-weighted FPL points, decay 8**(-age/3)"
1622,Sydie,Peck,0.12,0.0,0.0,0.0,0.0,0.0,1.12,1,Peck,MID,Sheffield Utd,2023-24,0.0,0.12,"recency-weighted FPL points, decay 8**(-age/3)"
1623,Owen,Beck,0.12,0.0,0.0,0.0,0.0,0.0,0.88,2,Beck,DEF,Liverpool,2023-24,0.0,0.12,"recency-weighted FPL points, decay 8**(-age/3)"
1624,Alex,Matos,0.12,0.0,0.0,0.0,0.0,0.0,0.12,1,Matos,MID,Chelsea,2023-24,0.0,0.12,"recency-weighted FPL points, decay 8**(-age/3)"
1625,Jimi,Tauriainen,0.12,0.0,0.0,0.0,0.0,0.0,0.12,1,Tauriainen,MID,Chelsea,2023-24,0.0,0.12,"recency-weighted FPL points, decay 8**(-age/3)"
1626,Lewis,Warrington,0.12,0.0,0.0,0.0,0.0,0.0,0.12,2,Warrington,MID,Everton,2023-24,0.0,0.12,"recency-weighted FPL points, decay 8**(-age/3)"
1627,Enso,González,0.12,0.0,0.0,0.0,0.0,0.0,0.12,2,Gonzalez,MID,Wolves,2024-25,0.0,0.12,"recency-weighted FPL points, decay 8**(-age/3)"
1628,Ryan,Oné,0.12,0.0,0.0,0.0,0.0,0.0,0.88,1,Oné,MID,Sheffield Utd,2023-24,0.0,0.12,"recency-weighted FPL points, decay 8**(-age/3)"
1629,Gaetano,Berardi,0.12,0.0,0.0,0.0,0.0,0.02,1.77,1,Berardi,DEF,Leeds,2020-21,0.0,0.12,"recency-weighted FPL points, decay 8**(-age/3)"
1630,Gnegneri Yaya,Touré,0.12,0.0,0.0,0.01,0.0,0.01,2.34,2,Yaya Touré,MID,Man City,2017-18,0.34,0.12,"recency-weighted FPL points, decay 8**(-age/3)"
1631,Mads,Bidstrup,0.12,0.0,0.0,0.0,0.0,0.0,1.12,3,Bidstrup,MID,Brentford,2023-24,0.0,0.12,"recency-weighted FPL points, decay 8**(-age/3)"
1632,Finley,Munroe,0.12,0.0,0.0,0.0,0.0,0.0,0.38,1,Munroe,DEF,Aston Villa,2023-24,0.0,0.12,"recency-weighted FPL points, decay 8**(-age/3)"
1634,Dominic,Sadi,0.12,0.0,0.0,0.0,0.0,0.0,0.12,4,Sadi,MID,Bournemouth,2025-26,0.0,0.12,"recency-weighted FPL points, decay 8**(-age/3)"
1635,Charlie,Cresswell,0.12,0.0,0.0,0.0,0.0,0.0,4.37,2,Cresswell,DEF,Leeds,2021-22,0.0,0.12,"recency-weighted FPL points, decay 8**(-age/3)"
1636,Marc,Pugh,0.12,0.0,0.0,0.0,0.0,0.01,3.2,3,Pugh,MID,Bournemouth,2018-19,0.14,0.12,"recency-weighted FPL points, decay 8**(-age/3)"
1637,Moritz,Leitner,0.12,0.0,0.0,0.0,0.0,0.0,5.34,1,Leitner,MID,Norwich,2019-20,0.0,0.12,"recency-weighted FPL points, decay 8**(-age/3)"
1638,Amadou,Diallo,0.12,0.0,0.0,0.0,0.0,0.0,0.12,1,Diallo,MID,Newcastle,2023-24,0.0,0.12,"recency-weighted FPL points, decay 8**(-age/3)"
1639,Daniel,Gore,0.12,0.0,0.0,0.0,0.0,0.0,0.12,1,Gore,MID,Man Utd,2023-24,0.0,0.12,"recency-weighted FPL points, decay 8**(-age/3)"
1640,Robert,Elliot,0.11,0.0,0.0,0.0,0.0,0.01,2.81,4,Elliot,GKP,Watford,2021-22,0.0,0.11,"recency-weighted FPL points, decay 8**(-age/3)"
1641,Yannick,Bolasie,0.11,0.0,0.01,0.01,0.0,0.0,2.68,3,Bolasie,MID,Everton,2018-19,0.3,0.11,"recency-weighted FPL points, decay 8**(-age/3)"
1642,Ezequiel,Schelotto,0.11,0.0,0.0,0.0,0.0,0.0,5.35,3,Schelotto,DEF,Brighton,2019-20,0.0,0.11,"recency-weighted FPL points, decay 8**(-age/3)"
1643,Rachid,Ghezzal,0.11,0.0,0.0,0.0,0.0,0.01,2.86,2,Ghezzal,MID,Leicester,2019-20,0.12,0.11,"recency-weighted FPL points, decay 8**(-age/3)"
1644,Lee,Grant,0.11,0.0,0.0,0.0,0.0,0.01,2.99,5,Grant,GKP,Man Utd,2020-21,0.0,0.11,"recency-weighted FPL points, decay 8**(-age/3)"
1645,Percy,Tau,0.11,0.0,0.02,0.02,0.0,0.0,1.58,1,Tau,MID,Brighton,2020-21,0.89,0.11,"recency-weighted FPL points, decay 8**(-age/3)"
1646,Scott,Carson,0.11,0.0,0.0,0.0,0.0,0.02,1.41,6,Carson,GKP,Man City,2024-25,0.0,0.11,"recency-weighted FPL points, decay 8**(-age/3)"
1647,Wayne,Routledge,0.11,0.0,0.0,0.0,0.0,0.0,2.69,2,Routledge,MID,Swansea,2017-18,0.16,0.11,"recency-weighted FPL points, decay 8**(-age/3)"
1648,Ashley,Fletcher,0.11,0.0,0.0,0.0,0.0,0.0,1.23,3,Fletcher,FWD,Watford,2021-22,0.0,0.11,"recency-weighted FPL points, decay 8**(-age/3)"
1649,Grzegorz,Krychowiak,0.11,0.0,0.01,0.01,0.0,0.01,3.19,1,Krychowiak,MID,West Brom,2017-18,0.17,0.11,"recency-weighted FPL points, decay 8**(-age/3)"
1650,James,Morrison,0.11,0.01,0.0,0.01,0.0,0.0,2.1,2,Morrison,MID,West Brom,2017-18,0.38,0.11,"recency-weighted FPL points, decay 8**(-age/3)"
1651,Claudio,Yacob,0.1,0.0,0.0,0.0,0.0,0.0,4.12,2,Yacob,MID,West Brom,2017-18,0.0,0.1,"recency-weighted FPL points, decay 8**(-age/3)"
1652,Dennis,Srbeny,0.1,0.01,0.0,0.01,0.0,0.01,0.32,1,Srbeny,FWD,Norwich,2019-20,2.2,0.1,"recency-weighted FPL points, decay 8**(-age/3)"
1653,Domingos,Quina,0.1,0.0,0.0,0.0,0.0,0.01,1.45,5,Quina,MID,Watford,2021-22,0.24,0.1,"recency-weighted FPL points, decay 8**(-age/3)"
1654,Sam,Field,0.1,0.0,0.0,0.0,0.0,0.0,2.26,3,Field,MID,West Brom,2020-21,0.08,0.1,"recency-weighted FPL points, decay 8**(-age/3)"
1655,Víctor,Valdés,0.1,0.0,0.0,0.0,0.0,0.01,2.46,1,Valdés,GKP,Middlesbrough,2016-17,0.0,0.1,"recency-weighted FPL points, decay 8**(-age/3)"
1656,Luke,Freeman,0.1,0.0,0.0,0.0,0.0,0.0,2.81,3,Freeman,MID,Luton,2023-24,0.0,0.1,"recency-weighted FPL points, decay 8**(-age/3)"
1657,Floyd,Ayité,0.09,0.0,0.0,0.0,0.0,0.0,1.82,1,Ayité,MID,Fulham,2018-19,0.19,0.09,"recency-weighted FPL points, decay 8**(-age/3)"
1658,Robert,Huth,0.09,0.0,0.0,0.0,0.0,0.0,2.86,2,Huth,DEF,Leicester,2017-18,0.12,0.09,"recency-weighted FPL points, decay 8**(-age/3)"
1659,George,Boyd,0.09,0.0,0.0,0.0,0.0,0.0,2.77,1,Boyd,MID,Burnley,2016-17,0.13,0.09,"recency-weighted FPL points, decay 8**(-age/3)"
1660,Bakary,Sako,0.09,0.01,0.0,0.01,0.0,0.0,1.15,3,Sako,MID,Crystal Palace,2018-19,0.46,0.09,"recency-weighted FPL points, decay 8**(-age/3)"
1661,Marten,de Roon,0.09,0.0,0.0,0.0,0.0,0.0,2.71,1,de Roon,MID,Middlesbrough,2016-17,0.16,0.09,"recency-weighted FPL points, decay 8**(-age/3)"
1662,Kadeem,Harris,0.09,0.0,0.0,0.01,0.0,0.0,1.43,1,Harris,MID,Cardiff,2018-19,0.49,0.09,"recency-weighted FPL points, decay 8**(-age/3)"
1663,Wilfried,Bony,0.09,0.01,0.0,0.01,0.0,0.01,2.04,2,Bony,FWD,Swansea,2017-18,0.35,0.09,"recency-weighted FPL points, decay 8**(-age/3)"
1664,Aleksandar,Kolarov,0.09,0.0,0.0,0.0,0.0,0.01,2.48,2,Kolarov,DEF,Man City,2017-18,0.07,0.09,"recency-weighted FPL points, decay 8**(-age/3)"
1665,Ahmed El-Sayed,Hegazy,0.09,0.0,0.0,0.0,0.0,0.0,1.41,1,Hegazi,DEF,West Brom,2020-21,0.0,0.09,"recency-weighted FPL points, decay 8**(-age/3)"
1666,Collin,Quaner,0.09,0.0,0.01,0.01,0.0,0.0,2.62,2,Quaner,FWD,Huddersfield,2018-19,0.27,0.09,"recency-weighted FPL points, decay 8**(-age/3)"
1667,Lewis,Brunt,0.09,0.0,0.0,0.0,0.0,0.0,2.09,2,Brunt,DEF,Leicester,2022-23,0.0,0.09,"recency-weighted FPL points, decay 8**(-age/3)"
1668,Nathan,Dyer,0.09,0.0,0.0,0.0,0.0,0.0,2.75,2,Dyer,MID,Swansea,2017-18,0.1,0.09,"recency-weighted FPL points, decay 8**(-age/3)"
1669,Carlos,Sánchez,0.09,0.0,0.0,0.0,0.0,0.0,1.81,2,Carlos Sánchez,MID,West Ham,2019-20,0.0,0.09,"recency-weighted FPL points, decay 8**(-age/3)"
1670,Jon Gorenc,Stankovic,0.09,0.0,0.0,0.0,0.0,0.01,2.79,2,Stankovic,DEF,Huddersfield,2018-19,0.13,0.09,"recency-weighted FPL points, decay 8**(-age/3)"
1671,Dominic,Thompson,0.09,0.0,0.0,0.0,0.0,0.0,4.56,2,Thompson,DEF,Brentford,2022-23,0.0,0.09,"recency-weighted FPL points, decay 8**(-age/3)"
1673,Henri,Lansbury,0.09,0.0,0.0,0.0,0.0,0.0,1.48,2,Lansbury,MID,Aston Villa,2020-21,0.0,0.09,"recency-weighted FPL points, decay 8**(-age/3)"
1674,Edimilson,Fernandes,0.09,0.0,0.0,0.0,0.0,0.0,2.62,3,Fernandes,MID,West Ham,2018-19,0.17,0.09,"recency-weighted FPL points, decay 8**(-age/3)"
1675,Orestis,Karnezis,0.09,0.0,0.0,0.0,0.0,0.01,2.52,1,Karnezis,GKP,Watford,2017-18,0.0,0.09,"recency-weighted FPL points, decay 8**(-age/3)"
1676,Tony,Springett,0.09,0.0,0.0,0.0,0.0,0.0,4.37,1,Springett,MID,Norwich,2021-22,0.0,0.09,"recency-weighted FPL points, decay 8**(-age/3)"
1677,Stefano,Okaka,0.09,0.01,0.0,0.01,0.0,0.0,1.89,3,Okaka,FWD,Watford,2018-19,0.37,0.09,"recency-weighted FPL points, decay 8**(-age/3)"
1678,João Mário,Naval Costa Eduardo,0.09,0.0,0.0,0.01,0.0,0.01,1.99,1,João Mário,MID,West Ham,2017-18,0.26,0.09,"recency-weighted FPL points, decay 8**(-age/3)"
1679,Eldin,Jakupovic,0.09,0.0,0.0,0.0,0.0,0.01,2.29,6,Jakupović,GKP,Everton,2022-23,0.0,0.09,"recency-weighted FPL points, decay 8**(-age/3)"
1680,Lewis,Bate,0.09,0.0,0.0,0.0,0.0,0.0,4.53,3,Bate,MID,Leeds,2022-23,0.0,0.09,"recency-weighted FPL points, decay 8**(-age/3)"
1681,José Ángel,Esmorís Tasende,0.09,0.0,0.01,0.01,0.0,0.01,3.3,1,Angeliño,DEF,Man City,2019-20,0.21,0.09,"recency-weighted FPL points, decay 8**(-age/3)"
1682,Michael,McGovern,0.09,0.0,0.0,0.0,0.0,0.02,1.23,2,McGovern,GKP,Norwich,2021-22,0.0,0.09,"recency-weighted FPL points, decay 8**(-age/3)"
1683,Tyrese,Francois,0.08,0.0,0.0,0.0,0.0,0.0,0.28,3,Francois,MID,Fulham,2023-24,0.0,0.08,"recency-weighted FPL points, decay 8**(-age/3)"
1684,Nordin,Amrabat,0.08,0.0,0.0,0.0,0.0,0.0,2.43,2,Amrabat,MID,Watford,2017-18,0.11,0.08,"recency-weighted FPL points, decay 8**(-age/3)"
1685,Tomer,Hemed,0.08,0.0,0.0,0.01,0.0,0.01,1.64,2,Hemed,FWD,Brighton,2018-19,0.43,0.08,"recency-weighted FPL points, decay 8**(-age/3)"
1686,Jonathan,Walters,0.08,0.0,0.0,0.01,0.0,0.0,1.34,3,Walters,MID,Burnley,2018-19,0.46,0.08,"recency-weighted FPL points, decay 8**(-age/3)"
1687,Papa Alioune,Ndiaye,0.08,0.0,0.0,0.01,0.0,0.01,2.22,1,Badou Ndiaye,MID,Stoke,2017-18,0.24,0.08,"recency-weighted FPL points, decay 8**(-age/3)"
1688,Moritz,Bauer,0.08,0.0,0.0,0.0,0.0,0.0,2.55,1,Bauer,DEF,Stoke,2017-18,0.0,0.08,"recency-weighted FPL points, decay 8**(-age/3)"
1689,Danny,Williams,0.08,0.0,0.0,0.0,0.0,0.0,2.54,2,Williams,MID,Huddersfield,2018-19,0.0,0.08,"recency-weighted FPL points, decay 8**(-age/3)"
1690,Dimitri,Payet,0.08,0.0,0.01,0.01,0.0,0.01,1.48,1,Payet,MID,West Ham,2016-17,0.59,0.08,"recency-weighted FPL points, decay 8**(-age/3)"
1691,Kyle,Edwards,0.08,0.0,0.0,0.0,0.0,0.0,1.78,1,Edwards,MID,West Brom,2020-21,0.0,0.08,"recency-weighted FPL points, decay 8**(-age/3)"
1692,Stewart,Downing,0.08,0.0,0.0,0.0,0.0,0.0,2.16,1,Downing,MID,Middlesbrough,2016-17,0.16,0.08,"recency-weighted FPL points, decay 8**(-age/3)"
1693,Charlie,Adam,0.08,0.0,0.0,0.0,0.0,0.0,2.25,2,Adam,MID,Stoke,2017-18,0.2,0.08,"recency-weighted FPL points, decay 8**(-age/3)"
1694,Gaël,Clichy,0.08,0.0,0.0,0.0,0.0,0.01,2.07,1,Clichy,DEF,Man City,2016-17,0.04,0.08,"recency-weighted FPL points, decay 8**(-age/3)"
1695,Luciano,Narsingh,0.08,0.0,0.0,0.0,0.0,0.01,1.61,2,Narsingh,MID,Swansea,2017-18,0.27,0.08,"recency-weighted FPL points, decay 8**(-age/3)"
1696,Scott,Malone,0.08,0.0,0.0,0.0,0.0,0.01,2.17,2,Malone,DEF,Huddersfield,2018-19,0.08,0.08,"recency-weighted FPL points, decay 8**(-age/3)"
1697,Muhamed,Bešić,0.07,0.0,0.0,0.0,0.0,0.0,1.9,1,Bešić,MID,Sheffield Utd,2019-20,0.0,0.07,"recency-weighted FPL points, decay 8**(-age/3)"
1698,Abel,Hernández,0.07,0.0,0.0,0.01,0.0,0.01,1.39,1,Hernández,FWD,Hull,2016-17,0.51,0.07,"recency-weighted FPL points, decay 8**(-age/3)"
1699,Kevin,McDonald,0.07,0.0,0.0,0.0,0.0,0.0,3.27,2,McDonald,MID,Fulham,2020-21,0.0,0.07,"recency-weighted FPL points, decay 8**(-age/3)"
1700,Ramiro,Funes Mori,0.07,0.0,0.0,0.0,0.0,0.0,1.74,2,Funes Mori,DEF,Everton,2017-18,0.05,0.07,"recency-weighted FPL points, decay 8**(-age/3)"
1701,Julian,Speroni,0.07,0.0,0.0,0.0,0.0,0.01,2.29,3,Speroni,GKP,Crystal Palace,2018-19,0.0,0.07,"recency-weighted FPL points, decay 8**(-age/3)"
1702,Leandro,Bacuna,0.07,0.0,0.0,0.0,0.0,0.0,2.16,1,Bacuna,DEF,Cardiff,2018-19,0.16,0.07,"recency-weighted FPL points, decay 8**(-age/3)"
1703,Lamine,Koné,0.07,0.0,0.0,0.0,0.0,0.0,2.49,1,Koné,DEF,Sunderland,2016-17,0.04,0.07,"recency-weighted FPL points, decay 8**(-age/3)"
1704,Vincent,Janssen,0.07,0.0,0.0,0.0,0.0,0.0,0.97,4,Janssen,FWD,Spurs,2019-20,0.45,0.07,"recency-weighted FPL points, decay 8**(-age/3)"
1705,Younes,Kaboul,0.07,0.0,0.0,0.0,0.0,0.0,2.16,3,Kaboul,DEF,Watford,2018-19,0.08,0.07,"recency-weighted FPL points, decay 8**(-age/3)"
1706,Didier,Ndong,0.07,0.0,0.0,0.0,0.0,0.0,2.46,2,Ndong,MID,Watford,2017-18,0.07,0.07,"recency-weighted FPL points, decay 8**(-age/3)"
1707,Jack,Simpson,0.07,0.0,0.0,0.0,0.0,0.0,3.56,3,Simpson,DEF,Bournemouth,2019-20,0.0,0.07,"recency-weighted FPL points, decay 8**(-age/3)"
1708,Joshua,Sims,0.07,0.0,0.0,0.0,0.0,0.0,1.33,3,Sims,MID,Southampton,2018-19,0.33,0.07,"recency-weighted FPL points, decay 8**(-age/3)"
1709,Antonio,Barragán,0.07,0.0,0.0,0.0,0.0,0.01,2.14,1,Barragán,DEF,Middlesbrough,2016-17,0.0,0.07,"recency-weighted FPL points, decay 8**(-age/3)"
1710,Adam,Clayton,0.07,0.0,0.0,0.0,0.0,0.0,2.74,1,Clayton,MID,Middlesbrough,2016-17,0.06,0.07,"recency-weighted FPL points, decay 8**(-age/3)"
1711,Timm,Klose,0.07,0.0,0.0,0.0,0.0,0.0,4.57,1,Klose,DEF,Norwich,2019-20,0.0,0.07,"recency-weighted FPL points, decay 8**(-age/3)"
1712,Maarten,Stekelenburg,0.07,0.0,0.0,0.0,0.0,0.0,1.64,4,Stekelenburg,GKP,Everton,2019-20,0.0,0.07,"recency-weighted FPL points, decay 8**(-age/3)"
1713,Adama,Diakhaby,0.07,0.0,0.0,0.0,0.0,0.0,2.14,1,Diakhaby,MID,Huddersfield,2018-19,0.16,0.07,"recency-weighted FPL points, decay 8**(-age/3)"
1714,Markus,Suttner,0.07,0.0,0.0,0.0,0.0,0.01,2.3,2,Suttner,DEF,Brighton,2018-19,0.0,0.07,"recency-weighted FPL points, decay 8**(-age/3)"
1715,Albian,Ajeti,0.07,0.0,0.0,0.0,0.0,0.0,1.03,2,Ajeti,FWD,West Ham,2020-21,0.0,0.07,"recency-weighted FPL points, decay 8**(-age/3)"
1716,Máximo,Perrone,0.06,0.0,0.0,0.0,0.0,0.0,1.13,2,Perrone,MID,Man City,2023-24,0.0,0.06,"recency-weighted FPL points, decay 8**(-age/3)"
1718,Matthew,Craig,0.06,0.0,0.0,0.0,0.0,0.0,0.81,2,Craig,MID,Spurs,2022-23,0.0,0.06,"recency-weighted FPL points, decay 8**(-age/3)"
1719,Kristoffer,Klaesson,0.06,0.0,0.0,0.0,0.0,0.0,1.09,2,Klaesson,GKP,Leeds,2022-23,0.0,0.06,"recency-weighted FPL points, decay 8**(-age/3)"
1720,Alexander,Sørloth,0.06,0.0,0.0,0.0,0.0,0.0,1.38,2,Sørloth,FWD,Crystal Palace,2018-19,0.0,0.06,"recency-weighted FPL points, decay 8**(-age/3)"
1721,Fabio Pereira,da Silva,0.06,0.0,0.0,0.0,0.0,0.01,1.8,1,Fabio,DEF,Middlesbrough,2016-17,0.0,0.06,"recency-weighted FPL points, decay 8**(-age/3)"
1722,Jesé,Rodríguez Ruiz,0.06,0.0,0.0,0.0,0.0,0.0,1.19,1,Jesé,MID,Stoke,2017-18,0.3,0.06,"recency-weighted FPL points, decay 8**(-age/3)"
1724,Emiliano,Marcondes,0.06,0.0,0.0,0.0,0.0,0.0,0.5,2,Marcondes,MID,Bournemouth,2023-24,0.0,0.06,"recency-weighted FPL points, decay 8**(-age/3)"
1725,Gastón,Ramírez,0.06,0.0,0.0,0.0,0.0,0.01,1.5,1,Ramírez,MID,Middlesbrough,2016-17,0.29,0.06,"recency-weighted FPL points, decay 8**(-age/3)"
1726,Carlos,Ribeiro Dias,0.06,0.0,0.0,0.0,0.0,0.0,0.38,1,Cafú,MID,Nott'm Forest,2022-23,0.0,0.06,"recency-weighted FPL points, decay 8**(-age/3)"
1727,Alex,Mighten,0.06,0.0,0.0,0.0,0.0,0.0,0.44,3,Mighten,MID,Nott'm Forest,2024-25,0.0,0.06,"recency-weighted FPL points, decay 8**(-age/3)"
1728,Mislav,Orsic,0.06,0.0,0.0,0.0,0.0,0.0,0.38,1,Orsic,MID,Southampton,2022-23,0.0,0.06,"recency-weighted FPL points, decay 8**(-age/3)"
1729,Francis,Coquelin,0.06,0.0,0.0,0.0,0.0,0.0,2.06,2,Coquelin,MID,Arsenal,2017-18,0.04,0.06,"recency-weighted FPL points, decay 8**(-age/3)"
1730,Diafra,Sakho,0.06,0.0,0.0,0.01,0.0,0.0,0.75,2,Sakho,FWD,West Ham,2017-18,0.82,0.06,"recency-weighted FPL points, decay 8**(-age/3)"
1731,Shola,Shoretire,0.06,0.0,0.0,0.0,0.0,0.0,0.61,4,Shoretire,FWD,Man Utd,2023-24,0.0,0.06,"recency-weighted FPL points, decay 8**(-age/3)"
1734,Shea,Charles,0.06,0.0,0.0,0.0,0.0,0.0,1.69,3,Charles,MID,Southampton,2024-25,0.0,0.06,"recency-weighted FPL points, decay 8**(-age/3)"
1735,Adrien Sebastian,Perruchet Silva,0.06,0.0,0.0,0.0,0.0,0.0,1.82,2,Silva,MID,Leicester,2018-19,0.19,0.06,"recency-weighted FPL points, decay 8**(-age/3)"
1736,Marcus,Oliveira Alencar,0.06,0.0,0.0,0.0,0.0,0.0,0.06,2,Marquinhos,MID,Arsenal,2023-24,0.0,0.06,"recency-weighted FPL points, decay 8**(-age/3)"
1737,Conor,Coventry,0.06,0.0,0.0,0.0,0.0,0.0,0.06,6,Coventry,MID,West Ham,2023-24,0.0,0.06,"recency-weighted FPL points, decay 8**(-age/3)"
1738,Taylor,Richards,0.06,0.0,0.0,0.0,0.0,0.0,0.72,2,Richards,MID,Brighton,2022-23,0.0,0.06,"recency-weighted FPL points, decay 8**(-age/3)"
1739,Glen,Johnson,0.06,0.0,0.0,0.0,0.0,0.0,2.98,2,Johnson,DEF,Stoke,2017-18,0.0,0.06,"recency-weighted FPL points, decay 8**(-age/3)"
1740,Leon,Balogun,0.06,0.0,0.0,0.0,0.0,0.0,2.31,2,Balogun,DEF,Brighton,2019-20,0.15,0.06,"recency-weighted FPL points, decay 8**(-age/3)"
1741,Harvey,White,0.06,0.0,0.0,0.0,0.0,0.0,0.25,3,White,MID,Spurs,2022-23,0.0,0.06,"recency-weighted FPL points, decay 8**(-age/3)"
1742,Cameron,Peupion,0.06,0.0,0.0,0.0,0.0,0.0,0.31,3,Peupion,MID,Brighton,2024-25,0.0,0.06,"recency-weighted FPL points, decay 8**(-age/3)"
1743,Andrew,Moran,0.06,0.0,0.0,0.0,0.0,0.0,0.69,3,Moran,MID,Brighton,2025-26,0.0,0.06,"recency-weighted FPL points, decay 8**(-age/3)"
1744,Owen,Bevan,0.06,0.0,0.0,0.0,0.0,0.0,0.5,2,Bevan,DEF,Bournemouth,2025-26,0.0,0.06,"recency-weighted FPL points, decay 8**(-age/3)"
1745,Håvard,Nordtveit,0.06,0.0,0.0,0.0,0.0,0.0,2.34,2,Nordtveit,DEF,Fulham,2018-19,0.19,0.06,"recency-weighted FPL points, decay 8**(-age/3)"
1746,Dexter,Lembikisa,0.06,0.0,0.0,0.0,0.0,0.0,1.38,1,Lembikisa,DEF,Wolves,2022-23,0.0,0.06,"recency-weighted FPL points, decay 8**(-age/3)"
1747,Leonardo,Ulloa,0.06,0.0,0.0,0.0,0.0,0.0,0.98,2,Ulloa,FWD,Brighton,2017-18,0.27,0.06,"recency-weighted FPL points, decay 8**(-age/3)"
1748,Connor,Ronan,0.06,0.0,0.0,0.0,0.0,0.0,0.06,1,Ronan,MID,Wolves,2022-23,0.0,0.06,"recency-weighted FPL points, decay 8**(-age/3)"
1749,Kamari,Doyle,0.06,0.0,0.0,0.0,0.0,0.0,0.38,1,Doyle,MID,Southampton,2022-23,0.0,0.06,"recency-weighted FPL points, decay 8**(-age/3)"
1750,Matty,James,0.06,0.0,0.0,0.0,0.0,0.0,1.97,4,James,MID,Leicester,2020-21,0.0,0.06,"recency-weighted FPL points, decay 8**(-age/3)"
1751,Tom,Huddlestone,0.06,0.0,0.0,0.0,0.0,0.0,1.98,1,Huddlestone,MID,Hull,2016-17,0.13,0.06,"recency-weighted FPL points, decay 8**(-age/3)"
1752,Ahmed,Elmohamady,0.06,0.0,0.0,0.0,0.0,0.0,2.46,1,Elmohamady,MID,Hull,2016-17,0.07,0.06,"recency-weighted FPL points, decay 8**(-age/3)"
1753,Saido,Berahino,0.06,0.0,0.0,0.0,0.0,0.0,1.88,2,Berahino,FWD,Stoke,2017-18,0.09,0.06,"recency-weighted FPL points, decay 8**(-age/3)"
1754,Samir,Nasri,0.06,0.0,0.01,0.01,0.0,0.0,0.96,2,Nasri,MID,West Ham,2018-19,0.73,0.06,"recency-weighted FPL points, decay 8**(-age/3)"
1755,Folarin,Balogun,0.06,0.0,0.0,0.0,0.0,0.0,2.16,2,Balogun,FWD,Arsenal,2023-24,0.0,0.06,"recency-weighted FPL points, decay 8**(-age/3)"
1756,George,Friend,0.06,0.0,0.0,0.0,0.0,0.01,1.92,1,Friend,DEF,Middlesbrough,2016-17,0.14,0.06,"recency-weighted FPL points, decay 8**(-age/3)"
1757,Glenn,Whelan,0.06,0.0,0.0,0.0,0.0,0.0,2.22,2,Whelan,MID,Stoke,2017-18,0.04,0.06,"recency-weighted FPL points, decay 8**(-age/3)"
1759,Victor,Anichebe,0.05,0.0,0.0,0.0,0.0,0.0,1.19,1,Anichebe,FWD,Sunderland,2016-17,0.3,0.05,"recency-weighted FPL points, decay 8**(-age/3)"
1760,Georges-Kévin,Nkoudou,0.05,0.0,0.0,0.0,0.0,0.0,0.52,4,Nkoudou,MID,Spurs,2019-20,0.68,0.05,"recency-weighted FPL points, decay 8**(-age/3)"
1761,Ignacio,Pussetto,0.05,0.0,0.0,0.0,0.0,0.0,0.52,1,Pussetto,MID,Watford,2019-20,0.0,0.05,"recency-weighted FPL points, decay 8**(-age/3)"
1762,Billy,Jones,0.05,0.0,0.0,0.0,0.0,0.01,2.22,1,Jones,DEF,Sunderland,2016-17,0.04,0.05,"recency-weighted FPL points, decay 8**(-age/3)"
1763,Marvin,Zeegelaar,0.05,0.0,0.0,0.0,0.0,0.01,1.94,2,Zeegelaar,DEF,Watford,2018-19,0.18,0.05,"recency-weighted FPL points, decay 8**(-age/3)"
1764,John,O'Shea,0.05,0.0,0.0,0.0,0.0,0.0,2.11,1,O'Shea,DEF,Sunderland,2016-17,0.04,0.05,"recency-weighted FPL points, decay 8**(-age/3)"
1765,Stephan,Lichtsteiner,0.05,0.0,0.0,0.0,0.0,0.0,3.65,1,Lichtsteiner,DEF,Arsenal,2018-19,0.0,0.05,"recency-weighted FPL points, decay 8**(-age/3)"
1766,Leon,Britton,0.05,0.0,0.0,0.0,0.0,0.0,1.72,2,Britton,MID,Swansea,2017-18,0.0,0.05,"recency-weighted FPL points, decay 8**(-age/3)"
1767,Fabio,Borini,0.05,0.0,0.0,0.0,0.0,0.0,1.7,1,Borini,FWD,Sunderland,2016-17,0.1,0.05,"recency-weighted FPL points, decay 8**(-age/3)"
1768,Valon,Behrami,0.05,0.0,0.0,0.0,0.0,0.0,1.98,2,Behrami,MID,Watford,2017-18,0.0,0.05,"recency-weighted FPL points, decay 8**(-age/3)"
1769,Adnan,Januzaj,0.05,0.0,0.0,0.0,0.0,0.0,1.59,1,Januzaj,MID,Sunderland,2016-17,0.17,0.05,"recency-weighted FPL points, decay 8**(-age/3)"
1770,Joel,Mumbongo,0.05,0.0,0.0,0.0,0.0,0.0,0.58,2,Mumbongo,FWD,Burnley,2020-21,0.0,0.05,"recency-weighted FPL points, decay 8**(-age/3)"
1771,Bailey,Peacock-Farrell,0.05,0.0,0.0,0.0,0.0,0.0,5.62,4,Peacock-Farrell,GKP,Burnley,2023-24,0.0,0.05,"recency-weighted FPL points, decay 8**(-age/3)"
1772,Cristhian,Stuani,0.05,0.0,0.0,0.0,0.0,0.0,1.32,1,Stuani,FWD,Middlesbrough,2016-17,0.27,0.05,"recency-weighted FPL points, decay 8**(-age/3)"
1773,Sam,McQueen,0.05,0.0,0.0,0.0,0.0,0.0,0.88,3,McQueen,DEF,Southampton,2018-19,0.1,0.05,"recency-weighted FPL points, decay 8**(-age/3)"
1774,Leiva,Lucas,0.05,0.0,0.0,0.0,0.0,0.0,1.09,2,Lucas,MID,Liverpool,2017-18,0.24,0.05,"recency-weighted FPL points, decay 8**(-age/3)"
1775,Will,Norris,0.05,0.0,0.0,0.0,0.0,0.0,2.82,4,Norris,GKP,Burnley,2021-22,0.0,0.05,"recency-weighted FPL points, decay 8**(-age/3)"
1776,Bacary,Sagna,0.05,0.0,0.0,0.0,0.0,0.0,1.31,1,Sagna,DEF,Man City,2016-17,0.07,0.05,"recency-weighted FPL points, decay 8**(-age/3)"
1777,Manuel,Agudo Durán,0.05,0.0,0.0,0.01,0.0,0.0,0.76,2,Nolito,MID,Man City,2017-18,0.81,0.05,"recency-weighted FPL points, decay 8**(-age/3)"
1778,Aleksandar,Dragovic,0.05,0.0,0.0,0.0,0.0,0.0,1.5,1,Dragovic,DEF,Leicester,2017-18,0.0,0.05,"recency-weighted FPL points, decay 8**(-age/3)"
1779,Jesús,Navas,0.05,0.0,0.0,0.0,0.0,0.01,1.04,1,Navas,MID,Man City,2016-17,0.25,0.05,"recency-weighted FPL points, decay 8**(-age/3)"
1780,Damien,Delaney,0.05,0.0,0.0,0.0,0.0,0.0,2.15,2,Delaney,DEF,Crystal Palace,2017-18,0.08,0.05,"recency-weighted FPL points, decay 8**(-age/3)"
1781,Sidnei,Tavares,0.05,0.0,0.0,0.0,0.0,0.0,1.31,1,Tavares,MID,Leicester,2020-21,0.0,0.05,"recency-weighted FPL points, decay 8**(-age/3)"
1782,Michael,Carrick,0.05,0.0,0.0,0.0,0.0,0.0,1.77,2,Carrick,MID,Man Utd,2017-18,0.0,0.05,"recency-weighted FPL points, decay 8**(-age/3)"
1783,Jason,Denayer,0.05,0.0,0.0,0.0,0.0,0.0,1.83,1,Denayer,DEF,Sunderland,2016-17,0.0,0.05,"recency-weighted FPL points, decay 8**(-age/3)"
1784,Ben,Hamer,0.05,0.0,0.0,0.0,0.0,0.0,2.69,3,Hamer,GKP,Huddersfield,2018-19,0.0,0.05,"recency-weighted FPL points, decay 8**(-age/3)"
1785,Sofiane,Feghouli,0.05,0.0,0.0,0.01,0.0,0.0,1.02,2,Feghouli,MID,West Ham,2017-18,0.52,0.05,"recency-weighted FPL points, decay 8**(-age/3)"
1786,Enner,Valencia,0.05,0.0,0.0,0.01,0.0,0.0,0.91,2,Valencia,FWD,West Ham,2017-18,0.58,0.05,"recency-weighted FPL points, decay 8**(-age/3)"
1787,Andrea,Ranocchia,0.05,0.0,0.0,0.0,0.0,0.01,1.3,1,Ranocchia,DEF,Hull,2016-17,0.27,0.05,"recency-weighted FPL points, decay 8**(-age/3)"
1788,M'Baye,Niang,0.05,0.0,0.0,0.0,0.0,0.01,1.22,1,Niang,FWD,Watford,2016-17,0.29,0.05,"recency-weighted FPL points, decay 8**(-age/3)"
1789,Dean,Marney,0.05,0.0,0.0,0.0,0.0,0.0,1.72,2,Marney,MID,Burnley,2017-18,0.15,0.05,"recency-weighted FPL points, decay 8**(-age/3)"
1790,Bradley,Guzan,0.04,0.0,0.0,0.0,0.0,0.0,0.88,1,Guzan,GKP,Middlesbrough,2016-17,0.0,0.04,"recency-weighted FPL points, decay 8**(-age/3)"
1791,Joey,Barton,0.04,0.0,0.0,0.0,0.0,0.0,1.08,1,Barton,MID,Burnley,2016-17,0.24,0.04,"recency-weighted FPL points, decay 8**(-age/3)"
1792,Gabriel Armando,de Abreu,0.04,0.0,0.0,0.0,0.0,0.0,1.48,2,Gabriel,DEF,Arsenal,2017-18,0.0,0.04,"recency-weighted FPL points, decay 8**(-age/3)"
1793,Fousseni,Diabaté,0.04,0.0,0.0,0.0,0.0,0.0,1.34,2,Diabaté,MID,Leicester,2018-19,0.13,0.04,"recency-weighted FPL points, decay 8**(-age/3)"
1794,Juan,Zuñiga,0.04,0.0,0.0,0.0,0.0,0.0,0.8,1,Zuñiga,DEF,Watford,2016-17,0.22,0.04,"recency-weighted FPL points, decay 8**(-age/3)"
1795,Renato,Sanches,0.04,0.0,0.0,0.0,0.0,0.0,1.37,1,Sanches,MID,Swansea,2017-18,0.0,0.04,"recency-weighted FPL points, decay 8**(-age/3)"
1796,Roque,Mesa,0.04,0.0,0.0,0.0,0.0,0.0,1.47,1,Mesa,MID,Swansea,2017-18,0.0,0.04,"recency-weighted FPL points, decay 8**(-age/3)"
1797,Richairo,Zivkovic,0.04,0.0,0.0,0.0,0.0,0.0,0.84,1,Zivkovic,FWD,Sheffield Utd,2019-20,0.0,0.04,"recency-weighted FPL points, decay 8**(-age/3)"
1798,Chancel,Mbemba,0.04,0.0,0.0,0.0,0.0,0.01,1.31,2,Mbemba,DEF,Newcastle,2018-19,0.0,0.04,"recency-weighted FPL points, decay 8**(-age/3)"
1799,Jonathan,Kodjia,0.04,0.0,0.0,0.0,0.0,0.0,0.87,1,Kodjia,FWD,Aston Villa,2019-20,0.0,0.04,"recency-weighted FPL points, decay 8**(-age/3)"
1800,Michel,Vorm,0.04,0.0,0.0,0.0,0.0,0.0,1.29,4,Vorm,GKP,Spurs,2019-20,0.0,0.04,"recency-weighted FPL points, decay 8**(-age/3)"
1801,Duncan,Watmore,0.04,0.0,0.0,0.0,0.0,0.0,1.0,1,Watmore,MID,Sunderland,2016-17,0.44,0.04,"recency-weighted FPL points, decay 8**(-age/3)"
1802,Bonatini Lohner Maia,Bonatini,0.04,0.0,0.0,0.0,0.0,0.0,0.51,1,Bonatini,FWD,Wolves,2018-19,0.69,0.04,"recency-weighted FPL points, decay 8**(-age/3)"
1803,Josh,Martin,0.04,0.0,0.0,0.0,0.0,0.0,0.25,2,Martin,MID,Norwich,2021-22,0.0,0.04,"recency-weighted FPL points, decay 8**(-age/3)"
1804,Kevin,Wimmer,0.04,0.0,0.0,0.0,0.0,0.0,2.93,2,Wimmer,DEF,Stoke,2017-18,0.0,0.04,"recency-weighted FPL points, decay 8**(-age/3)"
1805,Santiago,Cazorla,0.04,0.0,0.0,0.0,0.0,0.0,0.6,2,Cazorla,MID,Arsenal,2017-18,0.58,0.04,"recency-weighted FPL points, decay 8**(-age/3)"
1806,David,Ospina,0.04,0.0,0.0,0.0,0.0,0.0,0.88,2,Ospina,GKP,Arsenal,2017-18,0.0,0.04,"recency-weighted FPL points, decay 8**(-age/3)"
1807,Adama,Diomande,0.04,0.0,0.0,0.0,0.0,0.0,1.14,1,Diomande,FWD,Hull,2016-17,0.15,0.04,"recency-weighted FPL points, decay 8**(-age/3)"
1808,Michael,Dawson,0.04,0.0,0.0,0.0,0.0,0.0,1.68,1,Dawson,DEF,Hull,2016-17,0.16,0.04,"recency-weighted FPL points, decay 8**(-age/3)"
1809,Curtis,Davies,0.04,0.0,0.0,0.0,0.0,0.0,2.08,1,Davies,DEF,Hull,2016-17,0.08,0.04,"recency-weighted FPL points, decay 8**(-age/3)"
1810,Joe,Ledley,0.04,0.0,0.0,0.0,0.0,0.0,1.13,1,Ledley,MID,Crystal Palace,2016-17,0.16,0.04,"recency-weighted FPL points, decay 8**(-age/3)"
1811,Chung-yong,Lee,0.04,0.0,0.0,0.0,0.0,0.0,0.72,2,Lee Chung-yong,MID,Crystal Palace,2017-18,0.12,0.04,"recency-weighted FPL points, decay 8**(-age/3)"
1812,Molla,Wagué,0.04,0.0,0.0,0.0,0.0,0.0,0.86,2,Wagué,DEF,Watford,2017-18,0.21,0.04,"recency-weighted FPL points, decay 8**(-age/3)"
1813,Lazar,Markovic,0.04,0.0,0.0,0.0,0.0,0.0,1.16,2,Markovic,MID,Fulham,2018-19,0.15,0.04,"recency-weighted FPL points, decay 8**(-age/3)"
1814,Stefan,Johansen,0.04,0.0,0.0,0.0,0.0,0.0,1.6,2,Johansen,MID,Fulham,2020-21,0.0,0.04,"recency-weighted FPL points, decay 8**(-age/3)"
1815,Eliaquim,Mangala,0.04,0.0,0.0,0.0,0.0,0.0,1.21,2,Mangala,DEF,Everton,2017-18,0.0,0.04,"recency-weighted FPL points, decay 8**(-age/3)"
1816,Greg,Cunninghamm,0.04,0.0,0.0,0.0,0.0,0.0,2.46,1,Cunningham,DEF,Cardiff,2018-19,0.0,0.04,"recency-weighted FPL points, decay 8**(-age/3)"
1817,Sergio,Romero,0.04,0.0,0.0,0.0,0.0,0.0,0.35,5,Romero,GKP,Man Utd,2020-21,0.0,0.04,"recency-weighted FPL points, decay 8**(-age/3)"
1818,Ahmed,Musa,0.04,0.0,0.0,0.0,0.0,0.0,0.74,2,Musa,MID,Leicester,2017-18,0.24,0.04,"recency-weighted FPL points, decay 8**(-age/3)"
1819,Jed,Steer,0.04,0.0,0.0,0.0,0.0,0.0,2.87,3,Steer,GKP,Aston Villa,2021-22,0.0,0.04,"recency-weighted FPL points, decay 8**(-age/3)"
1820,Jordy,Clasie,0.04,0.0,0.0,0.0,0.0,0.0,1.0,2,Clasie,MID,Southampton,2017-18,0.18,0.04,"recency-weighted FPL points, decay 8**(-age/3)"
1821,Jack,Rodwell,0.04,0.0,0.0,0.0,0.0,0.0,1.57,2,Rodwell,MID,Sheffield Utd,2019-20,0.06,0.04,"recency-weighted FPL points, decay 8**(-age/3)"
1822,Sebastian,Larsson,0.04,0.0,0.0,0.0,0.0,0.0,1.43,1,Larsson,MID,Sunderland,2016-17,0.18,0.04,"recency-weighted FPL points, decay 8**(-age/3)"
1823,Daniel,Ayala,0.03,0.0,0.0,0.0,0.0,0.0,0.9,1,Ayala,DEF,Middlesbrough,2016-17,0.1,0.03,"recency-weighted FPL points, decay 8**(-age/3)"
1824,Dieumerci,Mbokani,0.03,0.0,0.0,0.0,0.0,0.0,0.75,1,Mbokani,FWD,Hull,2016-17,0.24,0.03,"recency-weighted FPL points, decay 8**(-age/3)"
1825,Vito,Mannone,0.03,0.0,0.0,0.0,0.0,0.01,0.79,1,Mannone,GKP,Sunderland,2016-17,0.0,0.03,"recency-weighted FPL points, decay 8**(-age/3)"
1826,Angel,Rangel,0.03,0.0,0.0,0.0,0.0,0.0,1.11,2,Rangel,DEF,Swansea,2017-18,0.08,0.03,"recency-weighted FPL points, decay 8**(-age/3)"
1827,Stephen,Kingsley,0.03,0.0,0.0,0.0,0.0,0.0,1.01,2,Kingsley,DEF,Swansea,2017-18,0.0,0.03,"recency-weighted FPL points, decay 8**(-age/3)"
1828,Marc,Muniesa,0.03,0.0,0.0,0.0,0.0,0.0,0.63,2,Muniesa,DEF,Stoke,2017-18,0.14,0.03,"recency-weighted FPL points, decay 8**(-age/3)"
1829,Conrad,Egan-Riley,0.03,0.0,0.0,0.0,0.0,0.0,0.09,1,Egan-Riley,DEF,Man City,2021-22,0.0,0.03,"recency-weighted FPL points, decay 8**(-age/3)"
1830,Kayky da Silva,Chagas,0.03,0.0,0.0,0.0,0.0,0.0,0.19,1,Kayky,FWD,Man City,2021-22,0.0,0.03,"recency-weighted FPL points, decay 8**(-age/3)"
1831,Stuart,McKinstry,0.03,0.0,0.0,0.0,0.0,0.0,0.09,1,McKinstry,MID,Leeds,2021-22,0.0,0.03,"recency-weighted FPL points, decay 8**(-age/3)"
1832,David,Marshall,0.03,0.0,0.0,0.0,0.0,0.0,1.41,1,Marshall,GKP,Hull,2016-17,0.0,0.03,"recency-weighted FPL points, decay 8**(-age/3)"
1833,Tariqe,Fosu-Henry,0.03,0.0,0.0,0.0,0.0,0.0,0.5,1,Fosu,MID,Brentford,2021-22,0.0,0.03,"recency-weighted FPL points, decay 8**(-age/3)"
1834,Ibrahim,Afellay,0.03,0.0,0.0,0.0,0.0,0.0,0.69,2,Afellay,MID,Stoke,2017-18,0.0,0.03,"recency-weighted FPL points, decay 8**(-age/3)"
1835,Caleb,Watts,0.03,0.0,0.0,0.0,0.0,0.0,0.56,1,Watts,MID,Southampton,2020-21,0.0,0.03,"recency-weighted FPL points, decay 8**(-age/3)"
1836,Liam,McCarron,0.03,0.0,0.0,0.0,0.0,0.0,0.28,1,McCarron,MID,Leeds,2021-22,0.0,0.03,"recency-weighted FPL points, decay 8**(-age/3)"
1837,Daniel,Chesters,0.03,0.0,0.0,0.0,0.0,0.0,0.03,1,Chesters,MID,West Ham,2021-22,0.0,0.03,"recency-weighted FPL points, decay 8**(-age/3)"
1838,Sonny,Perkins,0.03,0.0,0.0,0.0,0.0,0.0,0.09,2,Perkins,FWD,Leeds,2022-23,0.0,0.03,"recency-weighted FPL points, decay 8**(-age/3)"
1839,Isaac,Success,0.03,0.0,0.0,0.0,0.0,0.0,0.51,2,Success,MID,Watford,2017-18,0.35,0.03,"recency-weighted FPL points, decay 8**(-age/3)"
1840,Guido,Carrillo,0.03,0.0,0.0,0.0,0.0,0.0,0.88,2,Carrillo,FWD,Southampton,2018-19,0.2,0.03,"recency-weighted FPL points, decay 8**(-age/3)"
1841,Jake,Vokins,0.03,0.0,0.0,0.0,0.0,0.0,1.73,2,Vokins,DEF,Southampton,2020-21,0.0,0.03,"recency-weighted FPL points, decay 8**(-age/3)"
1842,Alex,Kral,0.03,0.0,0.0,0.0,0.0,0.0,0.03,1,Kral,MID,West Ham,2021-22,0.0,0.03,"recency-weighted FPL points, decay 8**(-age/3)"
1843,Abdelhamid,Sabiri,0.03,0.0,0.0,0.0,0.0,0.0,0.61,2,Sabiri,MID,Huddersfield,2018-19,0.29,0.03,"recency-weighted FPL points, decay 8**(-age/3)"
1844,Harrison,Ashby,0.03,0.0,0.0,0.0,0.0,0.0,0.19,4,Ashby,DEF,Newcastle,2025-26,0.0,0.03,"recency-weighted FPL points, decay 8**(-age/3)"
1845,Modou,Barrow,0.03,0.0,0.0,0.0,0.0,0.0,1.12,2,Barrow,MID,Swansea,2017-18,0.16,0.03,"recency-weighted FPL points, decay 8**(-age/3)"
1846,Tyler,Morton,0.03,0.0,0.0,0.0,0.0,0.0,2.03,3,Morton,MID,Liverpool,2025-26,0.0,0.03,"recency-weighted FPL points, decay 8**(-age/3)"
1847,Adlène,Guédioura,0.03,0.0,0.0,0.0,0.0,0.0,0.84,1,Guédioura,MID,Middlesbrough,2016-17,0.1,0.03,"recency-weighted FPL points, decay 8**(-age/3)"
1848,Ryan,Mason,0.03,0.0,0.0,0.0,0.0,0.0,0.91,1,Mason,MID,Hull,2016-17,0.1,0.03,"recency-weighted FPL points, decay 8**(-age/3)"
1849,Nathan,Ferguson,0.03,0.0,0.0,0.0,0.0,0.0,0.25,4,Ferguson,DEF,Crystal Palace,2022-23,0.0,0.03,"recency-weighted FPL points, decay 8**(-age/3)"
1850,Borja,Bastón,0.03,0.0,0.0,0.0,0.0,0.0,0.55,1,Bastón,FWD,Swansea,2016-17,0.48,0.03,"recency-weighted FPL points, decay 8**(-age/3)"
1851,Per,Mertesacker,0.03,0.0,0.0,0.0,0.0,0.0,0.75,2,Mertesacker,DEF,Arsenal,2017-18,0.23,0.03,"recency-weighted FPL points, decay 8**(-age/3)"
1852,Isaiah,Brown,0.03,0.0,0.0,0.0,0.0,0.0,0.59,1,Brown,MID,Brighton,2017-18,0.0,0.03,"recency-weighted FPL points, decay 8**(-age/3)"
1853,Niels,Nkounkou,0.03,0.0,0.0,0.0,0.0,0.0,1.25,3,Nkounkou,DEF,Everton,2022-23,0.0,0.03,"recency-weighted FPL points, decay 8**(-age/3)"
1854,João,Virgínia,0.03,0.0,0.0,0.0,0.0,0.0,0.73,2,Virgínia,GKP,Everton,2021-22,0.0,0.03,"recency-weighted FPL points, decay 8**(-age/3)"
1855,Fabricio,Agosto Ramírez,0.03,0.0,0.0,0.0,0.0,0.01,0.7,2,Fabri,GKP,Fulham,2020-21,0.0,0.03,"recency-weighted FPL points, decay 8**(-age/3)"
1856,Bryan,Oviedo,0.03,0.0,0.0,0.0,0.0,0.0,1.29,1,Oviedo,MID,Sunderland,2016-17,0.0,0.03,"recency-weighted FPL points, decay 8**(-age/3)"
1857,Alfred,N'Diaye,0.03,0.0,0.0,0.0,0.0,0.0,1.24,1,N'Diaye,MID,Hull,2016-17,0.07,0.03,"recency-weighted FPL points, decay 8**(-age/3)"
1858,Isaac,Price,0.03,0.0,0.0,0.0,0.0,0.0,2.41,3,Price,MID,Everton,2022-23,0.0,0.03,"recency-weighted FPL points, decay 8**(-age/3)"
1859,Yohan,Benalouane,0.03,0.0,0.0,0.0,0.0,0.0,1.07,3,Benalouane,DEF,Leicester,2018-19,0.0,0.03,"recency-weighted FPL points, decay 8**(-age/3)"
1860,David,Meyler,0.03,0.0,0.0,0.0,0.0,0.0,0.94,1,Meyler,MID,Hull,2016-17,0.09,0.03,"recency-weighted FPL points, decay 8**(-age/3)"
1861,Bernardo,Espinosa Zúñiga,0.03,0.0,0.0,0.0,0.0,0.0,0.95,1,Bernardo,DEF,Middlesbrough,2016-17,0.0,0.03,"recency-weighted FPL points, decay 8**(-age/3)"
1862,Rekeem,Harper,0.03,0.0,0.0,0.0,0.0,0.0,0.51,3,Harper,MID,West Brom,2020-21,0.0,0.03,"recency-weighted FPL points, decay 8**(-age/3)"
1863,Finley,Stevens,0.03,0.0,0.0,0.0,0.0,0.0,0.44,1,Stevens,DEF,Brentford,2021-22,0.0,0.03,"recency-weighted FPL points, decay 8**(-age/3)"
1864,Lewis,Richardson,0.03,0.0,0.0,0.0,0.0,0.0,0.05,2,Richardson,FWD,Burnley,2021-22,0.0,0.03,"recency-weighted FPL points, decay 8**(-age/3)"
1865,Grant,Leadbitter,0.03,0.0,0.0,0.0,0.0,0.0,0.69,1,Leadbitter,MID,Middlesbrough,2016-17,0.13,0.03,"recency-weighted FPL points, decay 8**(-age/3)"
1866,Bojan,Krkic,0.03,0.0,0.0,0.0,0.0,0.0,0.46,1,Bojan,MID,Stoke,2016-17,0.57,0.03,"recency-weighted FPL points, decay 8**(-age/3)"
1867,Wahbi,Khazri,0.03,0.0,0.0,0.0,0.0,0.0,0.83,1,Khazri,MID,Sunderland,2016-17,0.11,0.03,"recency-weighted FPL points, decay 8**(-age/3)"
1868,Indiana,Vassilev,0.03,0.0,0.0,0.0,0.0,0.0,0.37,2,Vassilev,FWD,Aston Villa,2020-21,0.0,0.03,"recency-weighted FPL points, decay 8**(-age/3)"
1869,Nathan,Young-Coombes,0.03,0.0,0.0,0.0,0.0,0.0,0.09,1,Young-Coombes,FWD,Brentford,2021-22,0.0,0.03,"recency-weighted FPL points, decay 8**(-age/3)"
1870,Brandon,Pierrick,0.02,0.0,0.0,0.0,0.0,0.0,0.1,2,Pierrick,MID,Crystal Palace,2020-21,0.0,0.02,"recency-weighted FPL points, decay 8**(-age/3)"
1871,Jesús,Gámez Duarte,0.02,0.0,0.0,0.0,0.0,0.0,0.19,1,Gámez,DEF,Newcastle,2017-18,0.0,0.02,"recency-weighted FPL points, decay 8**(-age/3)"
1872,Papy,Djilobodji,0.02,0.0,0.0,0.0,0.0,0.0,1.54,1,Djilobodji,DEF,Sunderland,2016-17,0.0,0.02,"recency-weighted FPL points, decay 8**(-age/3)"
1873,Henri,Saivet,0.02,0.0,0.0,0.0,0.0,0.0,0.16,1,Saivet,MID,Newcastle,2017-18,1.08,0.02,"recency-weighted FPL points, decay 8**(-age/3)"
1874,Leon,Clarke,0.02,0.0,0.0,0.0,0.0,0.0,0.26,1,Clarke,FWD,Sheffield Utd,2019-20,0.0,0.02,"recency-weighted FPL points, decay 8**(-age/3)"
1875,Donald,Love,0.02,0.0,0.0,0.0,0.0,0.0,0.6,1,Love,DEF,Sunderland,2016-17,0.15,0.02,"recency-weighted FPL points, decay 8**(-age/3)"
1876,Jérémy,Pied,0.02,0.0,0.0,0.0,0.0,0.0,0.48,2,Pied,DEF,Southampton,2017-18,0.37,0.02,"recency-weighted FPL points, decay 8**(-age/3)"
1877,Reda,Khadra,0.02,0.0,0.0,0.0,0.0,0.0,0.06,1,Khadra,MID,Brighton,2020-21,0.0,0.02,"recency-weighted FPL points, decay 8**(-age/3)"
1878,José,Izquierdo,0.02,0.0,0.0,0.0,0.0,0.0,0.12,1,Izquierdo,MID,Brighton,2020-21,0.0,0.02,"recency-weighted FPL points, decay 8**(-age/3)"
1879,Jay,Fulton,0.02,0.0,0.0,0.0,0.0,0.0,0.71,2,Fulton,MID,Swansea,2017-18,0.0,0.02,"recency-weighted FPL points, decay 8**(-age/3)"
1880,Oskar,Buur,0.02,0.0,0.0,0.0,0.0,0.0,0.34,2,Buur,DEF,Wolves,2020-21,0.0,0.02,"recency-weighted FPL points, decay 8**(-age/3)"
1881,Ben,Watson,0.02,0.0,0.0,0.0,0.0,0.0,0.94,2,Watson,MID,Watford,2017-18,0.0,0.02,"recency-weighted FPL points, decay 8**(-age/3)"
1882,Jefferson,Montero,0.02,0.0,0.0,0.0,0.0,0.0,0.37,2,Montero,MID,Swansea,2017-18,0.24,0.02,"recency-weighted FPL points, decay 8**(-age/3)"
1883,Joe,Lolley,0.02,0.0,0.0,0.0,0.0,0.0,0.42,2,Lolley,MID,Nott'm Forest,2022-23,0.41,0.02,"recency-weighted FPL points, decay 8**(-age/3)"
1884,Jonathan,Calleri,0.02,0.0,0.0,0.0,0.0,0.0,0.53,1,Calleri,FWD,West Ham,2016-17,0.17,0.02,"recency-weighted FPL points, decay 8**(-age/3)"
1885,Borja,González Tomás,0.02,0.0,0.0,0.0,0.0,0.0,0.12,1,Bastón,FWD,Aston Villa,2019-20,0.0,0.02,"recency-weighted FPL points, decay 8**(-age/3)"
1886,Rúnar Alex,Rúnarsson,0.02,0.0,0.0,0.0,0.0,0.0,0.23,3,Rúnarsson,GKP,Arsenal,2023-24,0.0,0.02,"recency-weighted FPL points, decay 8**(-age/3)"
1888,Kieron,Freeman,0.02,0.0,0.0,0.0,0.0,0.0,0.05,1,Freeman,DEF,Sheffield Utd,2019-20,0.0,0.02,"recency-weighted FPL points, decay 8**(-age/3)"
1889,Markus,Henriksen,0.02,0.0,0.0,0.0,0.0,0.0,0.62,1,Henriksen,MID,Hull,2016-17,0.0,0.02,"recency-weighted FPL points, decay 8**(-age/3)"
1890,Sandro,Ramírez,0.02,0.0,0.0,0.0,0.0,0.0,0.54,2,Sandro,FWD,Everton,2018-19,0.0,0.02,"recency-weighted FPL points, decay 8**(-age/3)"
1891,Jordi,Amat,0.02,0.0,0.0,0.0,0.0,0.0,1.38,1,Amat,DEF,Swansea,2016-17,0.0,0.02,"recency-weighted FPL points, decay 8**(-age/3)"
1892,Denis,Suárez,0.02,0.0,0.0,0.0,0.0,0.0,0.26,1,Suárez,MID,Arsenal,2018-19,0.0,0.02,"recency-weighted FPL points, decay 8**(-age/3)"
1893,Viktor,Fischer,0.02,0.0,0.0,0.0,0.0,0.0,0.43,1,Fischer,MID,Middlesbrough,2016-17,0.62,0.02,"recency-weighted FPL points, decay 8**(-age/3)"
1894,Theo,Corbeanu,0.02,0.0,0.0,0.0,0.0,0.0,0.12,1,Corbeanu,MID,Wolves,2020-21,0.0,0.02,"recency-weighted FPL points, decay 8**(-age/3)"
1895,William,Fish,0.02,0.0,0.0,0.0,0.0,0.0,0.02,1,Fish,DEF,Man Utd,2020-21,0.0,0.02,"recency-weighted FPL points, decay 8**(-age/3)"
1896,Femi,Seriki,0.02,0.0,0.0,0.0,0.0,0.0,0.02,2,Seriki,DEF,Sheffield Utd,2023-24,0.0,0.02,"recency-weighted FPL points, decay 8**(-age/3)"
1897,Fernando Francisco,Reges,0.02,0.0,0.0,0.0,0.0,0.0,0.55,2,Fernando,MID,Man City,2017-18,0.0,0.02,"recency-weighted FPL points, decay 8**(-age/3)"
1898,Gary,Madine,0.02,0.0,0.0,0.0,0.0,0.0,0.13,1,Madine,FWD,Cardiff,2018-19,0.0,0.02,"recency-weighted FPL points, decay 8**(-age/3)"
1899,Giannelli,Imbula,0.02,0.0,0.0,0.0,0.0,0.0,0.78,2,Imbula,MID,Stoke,2017-18,0.11,0.02,"recency-weighted FPL points, decay 8**(-age/3)"
1900,Troy,Parrott,0.02,0.0,0.0,0.0,0.0,0.0,0.05,2,Parrott,FWD,Spurs,2022-23,0.0,0.02,"recency-weighted FPL points, decay 8**(-age/3)"
1902,Niall,Huggins,0.02,0.0,0.0,0.0,0.0,0.0,0.58,2,Huggins,DEF,Sunderland,2025-26,0.0,0.02,"recency-weighted FPL points, decay 8**(-age/3)"
1903,Thakgalo,Leshabela,0.02,0.0,0.0,0.0,0.0,0.0,0.14,1,Leshabela,MID,Leicester,2020-21,0.0,0.02,"recency-weighted FPL points, decay 8**(-age/3)"
1904,Nahki,Wells,0.02,0.0,0.0,0.0,0.0,0.0,0.09,2,Wells,FWD,Burnley,2018-19,0.0,0.02,"recency-weighted FPL points, decay 8**(-age/3)"
1905,Jayson,Molumby,0.02,0.0,0.0,0.0,0.0,0.0,0.02,3,Molumby,MID,Brighton,2020-21,0.0,0.02,"recency-weighted FPL points, decay 8**(-age/3)"
1906,Evandro,Goebel,0.02,0.0,0.0,0.0,0.0,0.0,0.56,1,Evandro,MID,Hull,2016-17,0.0,0.02,"recency-weighted FPL points, decay 8**(-age/3)"
1907,Ron-Robert,Zieler,0.02,0.0,0.0,0.0,0.0,0.0,0.74,1,Zieler,GKP,Leicester,2016-17,0.0,0.02,"recency-weighted FPL points, decay 8**(-age/3)"
1908,Shaun,Maloney,0.02,0.0,0.0,0.0,0.0,0.0,0.28,1,Maloney,MID,Hull,2016-17,0.95,0.02,"recency-weighted FPL points, decay 8**(-age/3)"
1909,Fraizer,Campbell,0.02,0.0,0.0,0.0,0.0,0.0,0.16,1,Campbell,FWD,Crystal Palace,2016-17,0.55,0.02,"recency-weighted FPL points, decay 8**(-age/3)"
1910,Darron,Gibson,0.02,0.0,0.0,0.0,0.0,0.0,0.62,1,Gibson,MID,Sunderland,2016-17,0.0,0.02,"recency-weighted FPL points, decay 8**(-age/3)"
1911,Oscar,dos Santos Emboaba Junior,0.02,0.0,0.0,0.0,0.0,0.0,0.44,1,Oscar,MID,Chelsea,2016-17,0.2,0.02,"recency-weighted FPL points, decay 8**(-age/3)"
1912,John,Terry,0.02,0.0,0.0,0.0,0.0,0.0,0.48,1,Terry,DEF,Chelsea,2016-17,0.18,0.02,"recency-weighted FPL points, decay 8**(-age/3)"
1913,Callum,Slattery,0.02,0.0,0.0,0.0,0.0,0.0,0.43,2,Slattery,MID,Southampton,2019-20,0.0,0.02,"recency-weighted FPL points, decay 8**(-age/3)"
1914,Sam,Gallagher,0.02,0.0,0.0,0.0,0.0,0.0,0.13,2,Gallagher,FWD,Southampton,2019-20,0.0,0.02,"recency-weighted FPL points, decay 8**(-age/3)"
1915,Steve,Mandanda,0.02,0.0,0.0,0.0,0.0,0.0,0.79,1,Mandanda,GKP,Crystal Palace,2016-17,0.0,0.02,"recency-weighted FPL points, decay 8**(-age/3)"
1916,Rudy,Gestede,0.02,0.0,0.0,0.0,0.0,0.0,0.52,1,Gestede,FWD,Middlesbrough,2016-17,0.17,0.02,"recency-weighted FPL points, decay 8**(-age/3)"
1917,Nathan,Holland,0.02,0.0,0.0,0.0,0.0,0.0,0.24,3,Holland,MID,West Ham,2019-20,0.0,0.02,"recency-weighted FPL points, decay 8**(-age/3)"
1918,Carl,Jenkinson,0.02,0.0,0.0,0.0,0.0,0.0,0.72,4,Jenkinson,DEF,Arsenal,2019-20,0.0,0.02,"recency-weighted FPL points, decay 8**(-age/3)"
1919,Lasse,Sorenson,0.01,0.0,0.0,0.0,0.0,0.0,0.15,1,Sorenson,MID,Stoke,2017-18,1.2,0.01,"recency-weighted FPL points, decay 8**(-age/3)"
1920,Michael,Kightly,0.01,0.0,0.0,0.0,0.0,0.0,0.1,1,Kightly,MID,Burnley,2016-17,0.0,0.01,"recency-weighted FPL points, decay 8**(-age/3)"
1921,Loïc,Remy,0.01,0.0,0.0,0.0,0.0,0.0,0.13,1,Remy,FWD,Crystal Palace,2016-17,0.0,0.01,"recency-weighted FPL points, decay 8**(-age/3)"
1922,Beni,Baningime,0.01,0.0,0.0,0.0,0.0,0.0,0.38,3,Baningime,MID,Everton,2019-20,0.0,0.01,"recency-weighted FPL points, decay 8**(-age/3)"
1923,Joshua,Harrop,0.01,0.0,0.0,0.0,0.0,0.0,0.09,1,Harrop,MID,Man Utd,2016-17,1.0,0.01,"recency-weighted FPL points, decay 8**(-age/3)"
1924,Arouna,Koné,0.01,0.0,0.0,0.0,0.0,0.0,0.08,1,Koné,FWD,Everton,2016-17,0.0,0.01,"recency-weighted FPL points, decay 8**(-age/3)"
1925,Akin,Famewo,0.01,0.0,0.0,0.0,0.0,0.0,0.01,1,Famewo,DEF,Norwich,2019-20,0.0,0.01,"recency-weighted FPL points, decay 8**(-age/3)"
1926,Lewis,Grabban,0.01,0.0,0.0,0.0,0.0,0.0,0.06,1,Grabban,FWD,Bournemouth,2016-17,1.5,0.01,"recency-weighted FPL points, decay 8**(-age/3)"
1927,Matthew,Daly,0.01,0.0,0.0,0.0,0.0,0.0,0.29,1,Daly,MID,Huddersfield,2018-19,0.0,0.01,"recency-weighted FPL points, decay 8**(-age/3)"
1928,Joel,Coleman,0.01,0.0,0.0,0.0,0.0,0.0,0.35,2,Coleman,GKP,Huddersfield,2018-19,0.0,0.01,"recency-weighted FPL points, decay 8**(-age/3)"
1929,Gökhan,Töre,0.01,0.0,0.0,0.0,0.0,0.0,0.23,1,Töre,MID,West Ham,2016-17,0.38,0.01,"recency-weighted FPL points, decay 8**(-age/3)"
1930,Lee,Cattermole,0.01,0.0,0.0,0.0,0.0,0.0,0.62,1,Cattermole,MID,Sunderland,2016-17,0.0,0.01,"recency-weighted FPL points, decay 8**(-age/3)"
1931,Ashley Darel Jazz,Richards,0.01,0.0,0.0,0.0,0.0,0.0,0.5,1,Jazz Richards,DEF,Cardiff,2018-19,0.0,0.01,"recency-weighted FPL points, decay 8**(-age/3)"
1932,Damian Emiliano,Martinez,0.01,0.0,0.0,0.0,0.0,0.0,0.18,2,Martinez,GKP,Arsenal,2017-18,0.0,0.01,"recency-weighted FPL points, decay 8**(-age/3)"
1933,Thomas,Edwards,0.01,0.0,0.0,0.0,0.0,0.0,0.94,2,Edwards,DEF,Stoke,2017-18,0.0,0.01,"recency-weighted FPL points, decay 8**(-age/3)"
1934,Marc,Navarro,0.01,0.0,0.0,0.0,0.0,0.0,0.33,3,Navarro,DEF,Watford,2021-22,0.0,0.01,"recency-weighted FPL points, decay 8**(-age/3)"
1935,Aaron,Rowe,0.01,0.0,0.0,0.0,0.0,0.0,0.27,1,Rowe,MID,Huddersfield,2018-19,0.0,0.01,"recency-weighted FPL points, decay 8**(-age/3)"
1936,Jordan,Hugill,0.01,0.0,0.0,0.0,0.0,0.0,0.04,4,Hugill,FWD,Norwich,2021-22,0.0,0.01,"recency-weighted FPL points, decay 8**(-age/3)"
1937,Rolando,Aarons,0.01,0.0,0.0,0.0,0.0,0.0,0.27,3,Aarons,MID,Newcastle,2020-21,0.0,0.01,"recency-weighted FPL points, decay 8**(-age/3)"
1938,Craig,Gardner,0.01,0.0,0.0,0.0,0.0,0.0,0.21,1,Gardner,MID,West Brom,2016-17,0.41,0.01,"recency-weighted FPL points, decay 8**(-age/3)"
1940,George,Honeyman,0.01,0.0,0.0,0.0,0.0,0.0,0.23,1,Honeyman,MID,Sunderland,2016-17,0.0,0.01,"recency-weighted FPL points, decay 8**(-age/3)"
1941,Dimitri,Foulquier,0.01,0.0,0.0,0.0,0.0,0.0,0.45,1,Foulquier,DEF,Watford,2019-20,0.0,0.01,"recency-weighted FPL points, decay 8**(-age/3)"
1942,Jonathan,Leko,0.01,0.0,0.0,0.0,0.0,0.0,0.12,3,Leko,MID,West Brom,2020-21,0.76,0.01,"recency-weighted FPL points, decay 8**(-age/3)"
1943,Kasey,Palmer,0.01,0.0,0.0,0.0,0.0,0.0,0.33,1,Palmer,MID,Chelsea,2017-18,0.0,0.01,"recency-weighted FPL points, decay 8**(-age/3)"
1944,Charly,Musonda,0.01,0.0,0.0,0.0,0.0,0.0,0.07,1,Musonda,MID,Chelsea,2017-18,2.57,0.01,"recency-weighted FPL points, decay 8**(-age/3)"
1945,Jordan,Rhodes,0.01,0.0,0.0,0.0,0.0,0.0,0.21,1,Rhodes,FWD,Middlesbrough,2016-17,0.0,0.01,"recency-weighted FPL points, decay 8**(-age/3)"
1946,Emilio,Nsue Lopez,0.01,0.0,0.0,0.0,0.0,0.0,0.31,1,Nsue,DEF,Middlesbrough,2016-17,0.0,0.01,"recency-weighted FPL points, decay 8**(-age/3)"
1947,Joel Dinis,Castro Pereira,0.01,0.0,0.0,0.0,0.0,0.0,0.09,2,Joel Pereira,GKP,Man Utd,2017-18,0.0,0.01,"recency-weighted FPL points, decay 8**(-age/3)"
1948,Jordan,Thomas,0.01,0.0,0.0,0.0,0.0,0.0,0.01,1,Thomas,DEF,Norwich,2019-20,0.0,0.01,"recency-weighted FPL points, decay 8**(-age/3)"
1949,Mathieu,Flamini,0.01,0.0,0.0,0.0,0.0,0.0,0.27,1,Flamini,MID,Crystal Palace,2016-17,0.0,0.01,"recency-weighted FPL points, decay 8**(-age/3)"
1950,Demetri,Mitchell,0.01,0.0,0.0,0.0,0.0,0.0,0.09,1,Mitchell,DEF,Man Utd,2016-17,0.0,0.01,"recency-weighted FPL points, decay 8**(-age/3)"
1951,Mauro,Zárate,0.01,0.0,0.0,0.0,0.0,0.0,0.2,2,Zárate,FWD,Watford,2017-18,0.44,0.01,"recency-weighted FPL points, decay 8**(-age/3)"
1952,Jesús,Vallejo Lázaro,0.01,0.0,0.0,0.0,0.0,0.0,1.27,1,Vallejo,DEF,Wolves,2019-20,0.0,0.01,"recency-weighted FPL points, decay 8**(-age/3)"
1953,Omar,Elabdellaoui,0.01,0.0,0.0,0.0,0.0,0.0,0.6,1,Elabdellaoui,DEF,Hull,2016-17,0.0,0.01,"recency-weighted FPL points, decay 8**(-age/3)"
1954,Ben,Woodburn,0.01,0.0,0.0,0.0,0.0,0.0,0.1,4,Woodburn,MID,Liverpool,2021-22,0.0,0.01,"recency-weighted FPL points, decay 8**(-age/3)"
1955,Davy,Klaassen,0.01,0.0,0.0,0.0,0.0,0.0,0.48,2,Klaassen,MID,Everton,2018-19,0.0,0.01,"recency-weighted FPL points, decay 8**(-age/3)"
1956,Bruno André,Cavaco Jordao,0.01,0.0,0.0,0.0,0.0,0.0,0.05,2,Jordao,MID,Wolves,2020-21,0.0,0.01,"recency-weighted FPL points, decay 8**(-age/3)"
1957,Dean,Whitehead,0.01,0.0,0.0,0.0,0.0,0.0,0.13,1,Whitehead,MID,Huddersfield,2017-18,0.0,0.01,"recency-weighted FPL points, decay 8**(-age/3)"
1958,Faustino,Anjorin,0.01,0.0,0.0,0.0,0.0,0.0,0.15,2,Anjorin,MID,Chelsea,2020-21,0.0,0.01,"recency-weighted FPL points, decay 8**(-age/3)"
1959,Shay,Given,0.01,0.0,0.0,0.0,0.0,0.0,0.44,1,Given,GKP,Stoke,2016-17,0.0,0.01,"recency-weighted FPL points, decay 8**(-age/3)"
1960,Adam,Federici,0.01,0.0,0.0,0.0,0.0,0.0,0.18,2,Federici,GKP,Bournemouth,2017-18,0.0,0.01,"recency-weighted FPL points, decay 8**(-age/3)"
1961,Ezekiel,Fryers,0.01,0.0,0.0,0.0,0.0,0.0,0.18,1,Fryers,DEF,Crystal Palace,2016-17,0.48,0.01,"recency-weighted FPL points, decay 8**(-age/3)"
1962,Emerson,Hyndman,0.01,0.0,0.0,0.0,0.0,0.0,0.26,3,Hyndman,MID,Bournemouth,2018-19,0.0,0.01,"recency-weighted FPL points, decay 8**(-age/3)"
1963,Max,Gradel,0.01,0.0,0.0,0.0,0.0,0.0,0.13,2,Gradel,MID,Bournemouth,2017-18,0.0,0.01,"recency-weighted FPL points, decay 8**(-age/3)"
1964,Jerome,Sinclair,0.01,0.0,0.0,0.0,0.0,0.0,0.17,3,Sinclair,FWD,Watford,2018-19,0.0,0.01,"recency-weighted FPL points, decay 8**(-age/3)"
1965,Brahim,Diaz,0.01,0.0,0.0,0.0,0.0,0.0,0.1,2,Diaz,MID,Man City,2018-19,0.0,0.01,"recency-weighted FPL points, decay 8**(-age/3)"
1966,Brendan,Galloway,0.01,0.0,0.0,0.0,0.0,0.0,0.24,1,Galloway,DEF,Everton,2016-17,0.0,0.01,"recency-weighted FPL points, decay 8**(-age/3)"
1968,Josh,Tymon,0.01,0.0,0.0,0.0,0.0,0.0,0.63,2,Tymon,DEF,Stoke,2017-18,0.0,0.01,"recency-weighted FPL points, decay 8**(-age/3)"
1969,Lynden,Gooch,0.01,0.0,0.0,0.0,0.0,0.0,0.36,1,Gooch,MID,Sunderland,2016-17,0.0,0.01,"recency-weighted FPL points, decay 8**(-age/3)"
1970,Julien,Ngoy,0.01,0.0,0.0,0.0,0.0,0.0,0.08,2,Ngoy,FWD,Stoke,2017-18,0.0,0.01,"recency-weighted FPL points, decay 8**(-age/3)"
1971,Marko,Grujic,0.01,0.0,0.0,0.0,0.0,0.0,0.07,2,Grujic,MID,Liverpool,2017-18,0.0,0.01,"recency-weighted FPL points, decay 8**(-age/3)"
1972,Steven,Pienaar,0.01,0.0,0.0,0.0,0.0,0.0,0.78,1,Pienaar,MID,Sunderland,2016-17,0.0,0.01,"recency-weighted FPL points, decay 8**(-age/3)"
1973,Pape,Souaré,0.01,0.0,0.0,0.0,0.0,0.0,0.28,3,Souaré,DEF,Crystal Palace,2018-19,0.0,0.01,"recency-weighted FPL points, decay 8**(-age/3)"
1974,Matthew,Pennington,0.01,0.0,0.0,0.0,0.0,0.0,0.18,2,Pennington,DEF,Everton,2017-18,0.5,0.01,"recency-weighted FPL points, decay 8**(-age/3)"
1975,Jan,Kirchhoff,0.01,0.0,0.0,0.0,0.0,0.0,0.42,1,Kirchhoff,MID,Sunderland,2016-17,0.21,0.01,"recency-weighted FPL points, decay 8**(-age/3)"
1976,Rhys,Healey,0.01,0.0,0.0,0.0,0.0,0.0,0.19,1,Healey,FWD,Cardiff,2018-19,0.0,0.01,"recency-weighted FPL points, decay 8**(-age/3)"
1977,Konstantinos,Stafylidis,0.01,0.0,0.0,0.0,0.0,0.0,0.65,1,Stafylidis,DEF,Stoke,2017-18,0.0,0.01,"recency-weighted FPL points, decay 8**(-age/3)"
1978,Ralf,Fahrmann,0.01,0.0,0.0,0.0,0.0,0.0,0.16,1,Fahrmann,GKP,Norwich,2019-20,0.0,0.01,"recency-weighted FPL points, decay 8**(-age/3)"
1979,Jamie,Murphy,0.01,0.0,0.0,0.0,0.0,0.0,0.32,1,Murphy,MID,Brighton,2017-18,0.0,0.01,"recency-weighted FPL points, decay 8**(-age/3)"
1980,Jon,Flanagan,0.01,0.0,0.0,0.0,0.0,0.0,0.35,2,Flanagan,DEF,Liverpool,2017-18,0.0,0.01,"recency-weighted FPL points, decay 8**(-age/3)"
1981,Stephen,Ireland,0.01,0.0,0.0,0.0,0.0,0.0,0.25,2,Ireland,MID,Stoke,2017-18,0.0,0.01,"recency-weighted FPL points, decay 8**(-age/3)"
1982,Tyrese,Campbell,0.01,0.0,0.0,0.0,0.0,0.0,0.15,1,Campbell,FWD,Stoke,2017-18,0.0,0.01,"recency-weighted FPL points, decay 8**(-age/3)"
1983,Liam,Rosenior,0.01,0.0,0.0,0.0,0.0,0.0,0.32,1,Rosenior,DEF,Brighton,2017-18,0.0,0.01,"recency-weighted FPL points, decay 8**(-age/3)"
1984,Connor,Goldson,0.01,0.0,0.0,0.0,0.0,0.0,0.39,1,Goldson,DEF,Brighton,2017-18,0.0,0.01,"recency-weighted FPL points, decay 8**(-age/3)"
1985,Kelland,Watts,0.01,0.0,0.0,0.0,0.0,0.0,0.12,3,Watts,DEF,Newcastle,2020-21,0.0,0.01,"recency-weighted FPL points, decay 8**(-age/3)"
1986,Will,Keane,0.01,0.0,0.0,0.0,0.0,0.0,0.27,1,Keane,FWD,Hull,2016-17,0.0,0.01,"recency-weighted FPL points, decay 8**(-age/3)"
1987,Simone,Zaza,0.01,0.0,0.0,0.0,0.0,0.0,0.45,1,Zaza,FWD,West Ham,2016-17,0.0,0.01,"recency-weighted FPL points, decay 8**(-age/3)"
1988,Jonas,Olsson,0.01,0.0,0.0,0.0,0.0,0.0,0.58,1,Olsson,DEF,West Brom,2016-17,0.0,0.01,"recency-weighted FPL points, decay 8**(-age/3)"
1989,Loïc,Damour,0.01,0.0,0.0,0.0,0.0,0.0,0.08,1,Damour,MID,Cardiff,2018-19,0.0,0.01,"recency-weighted FPL points, decay 8**(-age/3)"
1990,Ravel,Morrison,0.01,0.0,0.0,0.0,0.0,0.0,0.09,1,Morrison,MID,Sheffield Utd,2019-20,0.0,0.01,"recency-weighted FPL points, decay 8**(-age/3)"
1991,Zak,Swanson,0.0,0.0,0.0,0.0,0.0,0.0,0.0,1,Swanson,DEF,Arsenal,2021-22,0.0,0.0,"recency-weighted FPL points, decay 8**(-age/3)"
1992,Matija,Sarkic,0.0,0.0,0.0,0.0,0.0,0.0,0.0,1,Sarkic,GKP,Wolves,2020-21,0.0,0.0,"recency-weighted FPL points, decay 8**(-age/3)"
1993,Alex,Kirk,0.0,0.0,0.0,0.0,0.0,0.0,0.0,1,Kirk,DEF,Arsenal,2021-22,0.0,0.0,"recency-weighted FPL points, decay 8**(-age/3)"
1994,Lewis,Richards,0.0,0.0,0.0,0.0,0.0,0.0,0.0,1,Richards,DEF,Wolves,2020-21,0.0,0.0,"recency-weighted FPL points, decay 8**(-age/3)"
1995,Meritan,Shabani,0.0,0.0,0.0,0.0,0.0,0.0,0.0,1,Shabani,MID,Wolves,2020-21,0.0,0.0,"recency-weighted FPL points, decay 8**(-age/3)"
1996,Marcelo,Flores,0.0,0.0,0.0,0.0,0.0,0.0,0.0,1,Flores,MID,Arsenal,2021-22,0.0,0.0,"recency-weighted FPL points, decay 8**(-age/3)"
1997,Mazeed,Ogungbo,0.0,0.0,0.0,0.0,0.0,0.0,0.0,1,Ogungbo,DEF,Arsenal,2021-22,0.0,0.0,"recency-weighted FPL points, decay 8**(-age/3)"
1999,Jayce,Fitzgerald,0.0,0.0,0.0,0.0,0.0,0.0,0.0,2,Fitzgerald,MID,Man Utd,2025-26,0.0,0.0,"recency-weighted FPL points, decay 8**(-age/3)"
2000,Marc,Wilson,0.0,0.0,0.0,0.0,0.0,0.0,0.25,1,Marc Wilson,DEF,West Brom,2016-17,0.0,0.0,"recency-weighted FPL points, decay 8**(-age/3)"
2001,Jakob,Haugaard,0.0,0.0,0.0,0.0,0.0,0.0,0.0,2,Haugaard,GKP,Stoke,2017-18,0.0,0.0,"recency-weighted FPL points, decay 8**(-age/3)"
2002,Spike,Brits,0.0,0.0,0.0,0.0,0.0,0.0,0.0,1,Brits,GKP,Man City,2024-25,0.0,0.0,"recency-weighted FPL points, decay 8**(-age/3)"
2003,João,Cavaco Cancelo,0.0,0.0,0.0,0.0,0.0,0.0,0.0,1,João Cancelo,DEF,Man City,2024-25,0.0,0.0,"recency-weighted FPL points, decay 8**(-age/3)"
2004,Dionatan do Nascimento,Teixeira,0.0,0.0,0.0,0.0,0.0,0.0,0.0,1,Teixeira,DEF,Stoke,2016-17,0.0,0.0,"recency-weighted FPL points, decay 8**(-age/3)"
2005,Philipp,Wollscheid,0.0,0.0,0.0,0.0,0.0,0.0,0.18,1,Wollscheid,DEF,Stoke,2016-17,0.0,0.0,"recency-weighted FPL points, decay 8**(-age/3)"
2006,Tommi,O'Reilly,0.0,0.0,0.0,0.0,0.0,0.0,0.0,3,O'Reilly,MID,Aston Villa,2023-24,0.0,0.0,"recency-weighted FPL points, decay 8**(-age/3)"
2007,Dimitrios,Konstantopoulos,0.0,0.0,0.0,0.0,0.0,0.0,0.0,1,Konstantopoulos,GKP,Middlesbrough,2016-17,0.0,0.0,"recency-weighted FPL points, decay 8**(-age/3)"
2008,Min-Hyeok,Yang,0.0,0.0,0.0,0.0,0.0,0.0,0.0,1,Yang,MID,Spurs,2024-25,0.0,0.0,"recency-weighted FPL points, decay 8**(-age/3)"
2009,Miodrag,Pivaš,0.0,0.0,0.0,0.0,0.0,0.0,0.0,2,Pivas,DEF,Newcastle,2025-26,0.0,0.0,"recency-weighted FPL points, decay 8**(-age/3)"
2010,Hubert,Graczyk,0.0,0.0,0.0,0.0,0.0,0.0,0.0,1,Graczyk,GKP,Man Utd,2024-25,0.0,0.0,"recency-weighted FPL points, decay 8**(-age/3)"
2011,Florin,Gardos,0.0,0.0,0.0,0.0,0.0,0.0,0.0,1,Gardos,DEF,Southampton,2016-17,0.0,0.0,"recency-weighted FPL points, decay 8**(-age/3)"
2012,David,Nugent,0.0,0.0,0.0,0.0,0.0,0.0,0.04,1,Nugent,FWD,Middlesbrough,2016-17,0.0,0.0,"recency-weighted FPL points, decay 8**(-age/3)"
2013,Matthew,Connolly,0.0,0.0,0.0,0.0,0.0,0.0,0.0,1,Connolly,DEF,Cardiff,2018-19,0.0,0.0,"recency-weighted FPL points, decay 8**(-age/3)"
2014,Alex,Smithies,0.0,0.0,0.0,0.0,0.0,0.0,0.0,2,Smithies,GKP,Leicester,2022-23,0.0,0.0,"recency-weighted FPL points, decay 8**(-age/3)"
2015,Anthony,Driscoll-Glennon,0.0,0.0,0.0,0.0,0.0,0.0,0.0,3,Driscoll-Glennon,DEF,Burnley,2020-21,0.0,0.0,"recency-weighted FPL points, decay 8**(-age/3)"
2016,Mbwana Ally,Samatta,0.0,0.0,0.0,0.0,0.0,0.0,0.0,1,Samatta,FWD,Aston Villa,2021-22,0.0,0.0,"recency-weighted FPL points, decay 8**(-age/3)"
2017,Björn,Engels,0.0,0.0,0.0,0.0,0.0,0.0,0.0,1,Engels,DEF,Aston Villa,2021-22,0.0,0.0,"recency-weighted FPL points, decay 8**(-age/3)"
2018,Carlos Miguel,dos Santos Pereira,0.0,0.0,0.0,0.0,0.0,0.0,0.0,2,C.Miguel,GKP,Nott'm Forest,2025-26,0.0,0.0,"recency-weighted FPL points, decay 8**(-age/3)"
2019,Archie,Mair,0.0,0.0,0.0,0.0,0.0,0.0,0.0,1,Mair,GKP,Norwich,2019-20,0.0,0.0,"recency-weighted FPL points, decay 8**(-age/3)"
2020,Philip,Heise,0.0,0.0,0.0,0.0,0.0,0.0,0.0,1,Heise,DEF,Norwich,2019-20,0.0,0.0,"recency-weighted FPL points, decay 8**(-age/3)"
2021,Léo,Bonatini,0.0,0.0,0.0,0.0,0.0,0.0,0.0,1,Bonatini,FWD,Wolves,2020-21,0.0,0.0,"recency-weighted FPL points, decay 8**(-age/3)"
2022,Jamal,Baptiste,0.0,0.0,0.0,0.0,0.0,0.0,0.0,2,Baptiste,DEF,West Ham,2021-22,0.0,0.0,"recency-weighted FPL points, decay 8**(-age/3)"
2023,Ademipo,Odubeko,0.0,0.0,0.0,0.0,0.0,0.0,0.0,1,Odubeko,FWD,West Ham,2020-21,0.0,0.0,"recency-weighted FPL points, decay 8**(-age/3)"
2024,Frederik,Alves,0.0,0.0,0.0,0.0,0.0,0.0,0.0,2,Alves,DEF,West Ham,2021-22,0.0,0.0,"recency-weighted FPL points, decay 8**(-age/3)"
2025,Toby,King,0.0,0.0,0.0,0.0,0.0,0.0,0.0,1,King,MID,West Brom,2020-21,0.0,0.0,"recency-weighted FPL points, decay 8**(-age/3)"
2026,Taylor,Gardner-Hickman,0.0,0.0,0.0,0.0,0.0,0.0,0.0,1,Gardner-Hickman,MID,West Brom,2020-21,0.0,0.0,"recency-weighted FPL points, decay 8**(-age/3)"
2027,Caleb,Taylor,0.0,0.0,0.0,0.0,0.0,0.0,0.0,1,Taylor,DEF,West Brom,2020-21,0.0,0.0,"recency-weighted FPL points, decay 8**(-age/3)"
2028,Cheikh,Diaby,0.0,0.0,0.0,0.0,0.0,0.0,0.0,1,Diaby,FWD,West Brom,2020-21,0.0,0.0,"recency-weighted FPL points, decay 8**(-age/3)"
2029,Brian,Murphy,0.0,0.0,0.0,0.0,0.0,0.0,0.0,1,Brian Murphy,GKP,Cardiff,2018-19,0.0,0.0,"recency-weighted FPL points, decay 8**(-age/3)"
2030,Cameron,Brannagan,0.0,0.0,0.0,0.0,0.0,0.0,0.0,1,Brannagan,MID,Liverpool,2016-17,0.0,0.0,"recency-weighted FPL points, decay 8**(-age/3)"
2032,Andre,Harriman-Annous,0.0,0.0,0.0,0.0,0.0,0.0,0.0,1,Harriman-Annous,MID,Arsenal,2025-26,0.0,0.0,"recency-weighted FPL points, decay 8**(-age/3)"
2033,Cameron,Borthwick-Jackson,0.0,0.0,0.0,0.0,0.0,0.0,0.0,1,Borthwick-Jackson,DEF,Man Utd,2016-17,0.0,0.0,"recency-weighted FPL points, decay 8**(-age/3)"
2034,Omar,Bogle,0.0,0.0,0.0,0.0,0.0,0.0,0.0,1,Bogle,FWD,Cardiff,2018-19,0.0,0.0,"recency-weighted FPL points, decay 8**(-age/3)"
2035,Anthony,Pilkington,0.0,0.0,0.0,0.0,0.0,0.0,0.0,1,Pilkington,MID,Cardiff,2018-19,0.0,0.0,"recency-weighted FPL points, decay 8**(-age/3)"
2037,Nile,John,0.0,0.0,0.0,0.0,0.0,0.0,0.0,1,John,MID,Spurs,2020-21,0.0,0.0,"recency-weighted FPL points, decay 8**(-age/3)"
2038,Alfie,Devine,0.0,0.0,0.0,0.0,0.0,0.0,0.0,4,Devine,MID,Spurs,2024-25,0.0,0.0,"recency-weighted FPL points, decay 8**(-age/3)"
2039,Ryan,Finnigan,0.0,0.0,0.0,0.0,0.0,0.0,0.0,2,Finnigan,MID,Southampton,2022-23,0.0,0.0,"recency-weighted FPL points, decay 8**(-age/3)"
2040,Allan,Tchaptchet,0.0,0.0,0.0,0.0,0.0,0.0,0.19,1,Tchaptchet,DEF,Southampton,2020-21,0.0,0.0,"recency-weighted FPL points, decay 8**(-age/3)"
2041,Guillermo,Varela,0.0,0.0,0.0,0.0,0.0,0.0,0.0,1,Varela,DEF,Man Utd,2016-17,0.0,0.0,"recency-weighted FPL points, decay 8**(-age/3)"
2042,Wes,Okoduwa,0.0,0.0,0.0,0.0,0.0,0.0,0.0,1,Okoduwa,DEF,Wolves,2024-25,0.0,0.0,"recency-weighted FPL points, decay 8**(-age/3)"
2043,Bastien,Meupiyou,0.0,0.0,0.0,0.0,0.0,0.0,0.0,1,Meupiyou,DEF,Wolves,2024-25,0.0,0.0,"recency-weighted FPL points, decay 8**(-age/3)"
2044,Marli,Salmon,0.0,0.0,0.0,0.0,0.0,0.0,0.0,1,Salmon,DEF,Arsenal,2025-26,0.0,0.0,"recency-weighted FPL points, decay 8**(-age/3)"
2045,Maeson,King,0.0,0.0,0.0,0.0,0.0,0.0,0.0,1,King,DEF,Spurs,2024-25,0.0,0.0,"recency-weighted FPL points, decay 8**(-age/3)"
2046,Luca,Williams-Barnett,0.0,0.0,0.0,0.0,0.0,0.0,0.0,1,Williams-Barnett,MID,Spurs,2024-25,0.0,0.0,"recency-weighted FPL points, decay 8**(-age/3)"
2047,Malachi,Hardy,0.0,0.0,0.0,0.0,0.0,0.0,0.0,1,Hardy,DEF,Spurs,2024-25,0.0,0.0,"recency-weighted FPL points, decay 8**(-age/3)"
2048,Jayden,Moore,0.0,0.0,0.0,0.0,0.0,0.0,0.0,1,Moore,DEF,Southampton,2024-25,0.0,0.0,"recency-weighted FPL points, decay 8**(-age/3)"
2049,Joseph,O'Brien-Whitmarsh,0.0,0.0,0.0,0.0,0.0,0.0,0.0,1,O'Brien-Whitmarsh,MID,Southampton,2024-25,0.0,0.0,"recency-weighted FPL points, decay 8**(-age/3)"
2050,Julien,de Sart,0.0,0.0,0.0,0.0,0.0,0.0,0.0,1,de Sart,MID,Middlesbrough,2016-17,0.0,0.0,"recency-weighted FPL points, decay 8**(-age/3)"
2051,Carlos,De Pena,0.0,0.0,0.0,0.0,0.0,0.0,0.0,1,De Pena,MID,Middlesbrough,2016-17,0.0,0.0,"recency-weighted FPL points, decay 8**(-age/3)"
2052,Adam,Reach,0.0,0.0,0.0,0.0,0.0,0.0,0.0,1,Reach,MID,Middlesbrough,2016-17,0.0,0.0,"recency-weighted FPL points, decay 8**(-age/3)"
2053,Albert,Adomah,0.0,0.0,0.0,0.0,0.0,0.0,0.12,1,Adomah,MID,Middlesbrough,2016-17,0.0,0.0,"recency-weighted FPL points, decay 8**(-age/3)"
2054,Dael,Fry,0.0,0.0,0.0,0.0,0.0,0.0,0.0,1,Fry,DEF,Middlesbrough,2016-17,0.0,0.0,"recency-weighted FPL points, decay 8**(-age/3)"
2055,Lukas,Jensen,0.0,0.0,0.0,0.0,0.0,0.0,0.0,1,Jensen,GKP,Burnley,2019-20,0.0,0.0,"recency-weighted FPL points, decay 8**(-age/3)"
2056,Mace,Goodridge,0.0,0.0,0.0,0.0,0.0,0.0,0.0,2,Goodridge,MID,Burnley,2020-21,0.0,0.0,"recency-weighted FPL points, decay 8**(-age/3)"
2057,Bastian,Schweinsteiger,0.0,0.0,0.0,0.0,0.0,0.0,0.0,1,Schweinsteiger,MID,Man Utd,2016-17,0.0,0.0,"recency-weighted FPL points, decay 8**(-age/3)"
2058,Dante,Cassanova,0.0,0.0,0.0,0.0,0.0,0.0,0.0,1,Cassanova,DEF,Spurs,2024-25,0.0,0.0,"recency-weighted FPL points, decay 8**(-age/3)"
2059,Mika,Biereth,0.0,0.0,0.0,0.0,0.0,0.0,0.0,1,Biereth,FWD,Arsenal,2021-22,0.0,0.0,"recency-weighted FPL points, decay 8**(-age/3)"
2060,Salah-Eddine,Oulad M'hand,0.0,0.0,0.0,0.0,0.0,0.0,0.0,2,Oulad M'hand,MID,Arsenal,2024-25,0.0,0.0,"recency-weighted FPL points, decay 8**(-age/3)"
2061,Charlie,Patino,0.0,0.0,0.0,0.0,0.0,0.0,0.0,1,Patino,MID,Arsenal,2021-22,0.0,0.0,"recency-weighted FPL points, decay 8**(-age/3)"
2062,Arthur,Okonkwo,0.0,0.0,0.0,0.0,0.0,0.0,0.0,1,Okonkwo,GKP,Arsenal,2021-22,0.0,0.0,"recency-weighted FPL points, decay 8**(-age/3)"
2063,Karl,Hein,0.0,0.0,0.0,0.0,0.0,0.0,0.0,5,Hein,GKP,Arsenal,2025-26,0.0,0.0,"recency-weighted FPL points, decay 8**(-age/3)"
2064,Mattéo,Guendouzi,0.0,0.0,0.0,0.0,0.0,0.0,0.0,1,Guendouzi,MID,Arsenal,2021-22,0.0,0.0,"recency-weighted FPL points, decay 8**(-age/3)"
2065,Hugo,Bueno,0.0,0.0,0.0,0.0,0.0,0.0,0.0,2,Bueno,DEF,Wolves,2021-22,0.0,0.0,"recency-weighted FPL points, decay 8**(-age/3)"
2066,Nigel,Lonwijk,0.0,0.0,0.0,0.0,0.0,0.0,0.0,1,Lonwijk,DEF,Wolves,2020-21,0.0,0.0,"recency-weighted FPL points, decay 8**(-age/3)"
2067,Andreas,Söndergaard,0.0,0.0,0.0,0.0,0.0,0.0,0.0,2,Söndergaard,GKP,Wolves,2021-22,0.0,0.0,"recency-weighted FPL points, decay 8**(-age/3)"
2068,Christian,Marques,0.0,0.0,0.0,0.0,0.0,0.0,0.0,2,Marques,DEF,Wolves,2021-22,0.0,0.0,"recency-weighted FPL points, decay 8**(-age/3)"
2069,James,Wilson,0.0,0.0,0.0,0.0,0.0,0.0,0.0,2,Wilson,FWD,Spurs,2025-26,0.0,0.0,"recency-weighted FPL points, decay 8**(-age/3)"
2070,Memphis,Depay,0.0,0.0,0.0,0.0,0.0,0.0,0.02,1,Depay,MID,Man Utd,2016-17,0.0,0.0,"recency-weighted FPL points, decay 8**(-age/3)"
2071,Marcelo,de Araújo Pitaluga Filho,0.0,0.0,0.0,0.0,0.0,0.0,0.0,2,Pitaluga,GKP,Liverpool,2023-24,0.0,0.0,"recency-weighted FPL points, decay 8**(-age/3)"
2072,Caleb,Wiley,0.0,0.0,0.0,0.0,0.0,0.0,0.0,1,Wiley,DEF,Chelsea,2024-25,0.0,0.0,"recency-weighted FPL points, decay 8**(-age/3)"
2073,Freddie,Simmonds,0.0,0.0,0.0,0.0,0.0,0.0,0.0,2,Simmonds,DEF,Brighton,2025-26,0.0,0.0,"recency-weighted FPL points, decay 8**(-age/3)"
2074,Isaac,Heath,0.0,0.0,0.0,0.0,0.0,0.0,0.0,2,Heath,MID,Everton,2025-26,0.0,0.0,"recency-weighted FPL points, decay 8**(-age/3)"
2075,Franck,Tabanou,0.0,0.0,0.0,0.0,0.0,0.0,0.0,1,Tabanou,DEF,Swansea,2016-17,0.0,0.0,"recency-weighted FPL points, decay 8**(-age/3)"
2076,Kristoffer,Nordfeldt,0.0,0.0,0.0,0.0,0.0,0.0,0.09,2,Nordfeldt,GKP,Swansea,2017-18,0.0,0.0,"recency-weighted FPL points, decay 8**(-age/3)"
2078,Callum,Bates,0.0,0.0,0.0,0.0,0.0,0.0,0.0,2,Bates,MID,Everton,2025-26,0.0,0.0,"recency-weighted FPL points, decay 8**(-age/3)"
2079,Roman,Dixon,0.0,0.0,0.0,0.0,0.0,0.0,22.5,2,Dixon,DEF,Everton,2025-26,0.0,0.0,"recency-weighted FPL points, decay 8**(-age/3)"
2080,Nathan,Trott,0.0,0.0,0.0,0.0,0.0,0.0,0.0,2,Trott,GKP,West Ham,2020-21,0.0,0.0,"recency-weighted FPL points, decay 8**(-age/3)"
2081,Antonio,Martinez Lopez,0.0,0.0,0.0,0.0,0.0,0.0,0.0,1,Martínez,FWD,West Ham,2017-18,0.0,0.0,"recency-weighted FPL points, decay 8**(-age/3)"
2082,Sead,Haksabanovic,0.0,0.0,0.0,0.0,0.0,0.0,0.0,1,Haksabanovic,MID,West Ham,2017-18,0.0,0.0,"recency-weighted FPL points, decay 8**(-age/3)"
2083,Greg,Halford,0.0,0.0,0.0,0.0,0.0,0.0,0.0,1,Halford,DEF,Cardiff,2018-19,0.0,0.0,"recency-weighted FPL points, decay 8**(-age/3)"
2084,Ali,Gabr,0.0,0.0,0.0,0.0,0.0,0.0,0.0,1,Gabr,DEF,West Brom,2017-18,0.0,0.0,"recency-weighted FPL points, decay 8**(-age/3)"
2085,Rayhaan,Tulloch,0.0,0.0,0.0,0.0,0.0,0.0,0.0,1,Tulloch,FWD,West Brom,2017-18,0.0,0.0,"recency-weighted FPL points, decay 8**(-age/3)"
2086,Max,Melbourne,0.0,0.0,0.0,0.0,0.0,0.0,0.0,1,Melbourne,DEF,West Brom,2017-18,0.0,0.0,"recency-weighted FPL points, decay 8**(-age/3)"
2087,Joy,Mukena,0.0,0.0,0.0,0.0,0.0,0.0,0.0,1,Mukena,DEF,Watford,2017-18,0.0,0.0,"recency-weighted FPL points, decay 8**(-age/3)"
2088,Kris,Moore,0.0,0.0,0.0,0.0,0.0,0.0,0.0,1,Moore,DEF,Leeds,2021-22,0.0,0.0,"recency-weighted FPL points, decay 8**(-age/3)"
2089,Samuel,Amissah,0.0,0.0,0.0,0.0,0.0,0.0,0.0,2,Amissah,DEF,Fulham,2025-26,0.0,0.0,"recency-weighted FPL points, decay 8**(-age/3)"
2090,Coby,Ebere,0.0,0.0,0.0,0.0,0.0,0.0,0.0,2,Ebere,MID,Everton,2025-26,0.0,0.0,"recency-weighted FPL points, decay 8**(-age/3)"
2091,Joe,Powell,0.0,0.0,0.0,0.0,0.0,0.0,0.0,1,Powell,MID,West Ham,2018-19,0.0,0.0,"recency-weighted FPL points, decay 8**(-age/3)"
2092,Rafa,Mir,0.0,0.0,0.0,0.0,0.0,0.0,0.0,1,Mir,FWD,Wolves,2018-19,0.0,0.0,"recency-weighted FPL points, decay 8**(-age/3)"
2093,Bright,Enobakhare,0.0,0.0,0.0,0.0,0.0,0.0,0.0,1,Enobakhare,MID,Wolves,2018-19,0.0,0.0,"recency-weighted FPL points, decay 8**(-age/3)"
2094,Roderick Jefferson,Gonçalves Miranda,0.0,0.0,0.0,0.0,0.0,0.0,0.0,1,Miranda,DEF,Wolves,2018-19,0.0,0.0,"recency-weighted FPL points, decay 8**(-age/3)"
2095,Ben,Nelson,0.0,0.0,0.0,0.0,0.0,0.0,0.0,2,Nelson,DEF,Leicester,2024-25,0.0,0.0,"recency-weighted FPL points, decay 8**(-age/3)"
2096,Charlie,Whitaker,0.0,0.0,0.0,0.0,0.0,0.0,0.0,1,Whitaker,MID,Everton,2021-22,0.0,0.0,"recency-weighted FPL points, decay 8**(-age/3)"
2097,Kyle,Jameson,0.0,0.0,0.0,0.0,0.0,0.0,0.0,1,Jameson,DEF,West Brom,2017-18,0.0,0.0,"recency-weighted FPL points, decay 8**(-age/3)"
2098,Charlie,Tasker,0.0,0.0,0.0,0.0,0.0,0.0,0.0,2,Tasker,DEF,Brighton,2025-26,0.0,0.0,"recency-weighted FPL points, decay 8**(-age/3)"
2100,Ruairi,McConville,0.0,0.0,0.0,0.0,0.0,0.0,0.0,1,McConville,DEF,Brighton,2024-25,0.0,0.0,"recency-weighted FPL points, decay 8**(-age/3)"
2101,Killian,Cahill,0.0,0.0,0.0,0.0,0.0,0.0,0.0,1,Cahill,GKP,Brighton,2024-25,0.0,0.0,"recency-weighted FPL points, decay 8**(-age/3)"
2103,Adrian,Mazilu,0.0,0.0,0.0,0.0,0.0,0.0,0.0,2,Mazilu,MID,Brighton,2025-26,0.0,0.0,"recency-weighted FPL points, decay 8**(-age/3)"
2105,Iwan,Morgan,0.0,0.0,0.0,0.0,0.0,0.0,0.0,2,Morgan,FWD,Brentford,2025-26,0.0,0.0,"recency-weighted FPL points, decay 8**(-age/3)"
2107,Joshua,Onomah,0.0,0.0,0.0,0.0,0.0,0.0,0.02,1,Onomah,MID,Spurs,2016-17,0.0,0.0,"recency-weighted FPL points, decay 8**(-age/3)"
2108,Tony,Yogane,0.0,0.0,0.0,0.0,0.0,0.0,0.0,1,Yogane,MID,Brentford,2024-25,0.0,0.0,"recency-weighted FPL points, decay 8**(-age/3)"
2111,Joshua,Wilson-Esbrand,0.0,0.0,0.0,0.0,0.0,0.0,0.0,1,Wilson-Esbrand,DEF,Man City,2021-22,0.0,0.0,"recency-weighted FPL points, decay 8**(-age/3)"
2112,Leonardo,Campana,0.0,0.0,0.0,0.0,0.0,0.0,0.0,2,Campana,FWD,Wolves,2020-21,0.0,0.0,"recency-weighted FPL points, decay 8**(-age/3)"
2113,Zach,Marsh,0.0,0.0,0.0,0.0,0.0,0.0,0.0,2,Marsh,FWD,Crystal Palace,2025-26,0.0,0.0,"recency-weighted FPL points, decay 8**(-age/3)"
2114,Marvin,Emnes,0.0,0.0,0.0,0.0,0.0,0.0,0.0,1,Emnes,FWD,Swansea,2016-17,0.0,0.0,"recency-weighted FPL points, decay 8**(-age/3)"
2115,Bafétimbi,Gomis,0.0,0.0,0.0,0.0,0.0,0.0,0.0,1,Gomis,FWD,Swansea,2016-17,0.0,0.0,"recency-weighted FPL points, decay 8**(-age/3)"
2116,Genesis,Antwi,0.0,0.0,0.0,0.0,0.0,0.0,0.0,1,Genesis Antwi,DEF,Chelsea,2024-25,0.0,0.0,"recency-weighted FPL points, decay 8**(-age/3)"
2117,Aaron,Anselmino,0.0,0.0,0.0,0.0,0.0,0.0,0.0,1,Anselmino,DEF,Chelsea,2024-25,0.0,0.0,"recency-weighted FPL points, decay 8**(-age/3)"
2118,Samuel,Rak-Sakyi,0.0,0.0,0.0,0.0,0.0,0.0,0.0,1,Rak-Sakyi,MID,Chelsea,2024-25,0.0,0.0,"recency-weighted FPL points, decay 8**(-age/3)"
2119,Dodi,Lukebakio,0.0,0.0,0.0,0.0,0.0,0.0,0.03,1,Lukebakio,MID,Watford,2017-18,0.0,0.0,"recency-weighted FPL points, decay 8**(-age/3)"
2120,Kazaiah,Sterling,0.0,0.0,0.0,0.0,0.0,0.0,0.0,2,Sterling,FWD,Spurs,2018-19,0.0,0.0,"recency-weighted FPL points, decay 8**(-age/3)"
2121,Alfie,Whiteman,0.0,0.0,0.0,0.0,0.0,0.0,0.0,5,Whiteman,GKP,Spurs,2024-25,0.0,0.0,"recency-weighted FPL points, decay 8**(-age/3)"
2122,Tashan,Oakley-Boothe,0.0,0.0,0.0,0.0,0.0,0.0,0.0,1,Oakley-Boothe,MID,Spurs,2017-18,0.0,0.0,"recency-weighted FPL points, decay 8**(-age/3)"
2123,Cieran,Slicker,0.0,0.0,0.0,0.0,0.0,0.0,0.0,2,Slicker,GKP,Ipswich,2024-25,0.0,0.0,"recency-weighted FPL points, decay 8**(-age/3)"
2124,Romeo,Lavia,0.0,0.0,0.0,0.0,0.0,0.0,0.0,1,Lavia,MID,Man City,2021-22,0.0,0.0,"recency-weighted FPL points, decay 8**(-age/3)"
2125,Juan Carlos,Paredes,0.0,0.0,0.0,0.0,0.0,0.0,0.0,1,Paredes,DEF,Watford,2016-17,0.0,0.0,"recency-weighted FPL points, decay 8**(-age/3)"
2126,Sam,Waller,0.0,0.0,0.0,0.0,0.0,0.0,0.0,1,Waller,GKP,Burnley,2021-22,0.0,0.0,"recency-weighted FPL points, decay 8**(-age/3)"
2127,Owen,Dodgson,0.0,0.0,0.0,0.0,0.0,0.0,0.0,3,Dodgson,DEF,Burnley,2025-26,0.0,0.0,"recency-weighted FPL points, decay 8**(-age/3)"
2128,Marc,Leonard,0.0,0.0,0.0,0.0,0.0,0.0,0.0,1,Leonard,MID,Brighton,2021-22,0.0,0.0,"recency-weighted FPL points, decay 8**(-age/3)"
2129,Ed,Turns,0.0,0.0,0.0,0.0,0.0,0.0,0.0,2,Turns,DEF,Brighton,2022-23,0.0,0.0,"recency-weighted FPL points, decay 8**(-age/3)"
2130,Haydon,Roberts,0.0,0.0,0.0,0.0,0.0,0.0,0.0,2,Roberts,DEF,Brighton,2022-23,0.0,0.0,"recency-weighted FPL points, decay 8**(-age/3)"
2131,Kjell,Scherpen,0.0,0.0,0.0,0.0,0.0,0.0,0.0,4,Scherpen,GKP,Brighton,2025-26,0.0,0.0,"recency-weighted FPL points, decay 8**(-age/3)"
2132,Bernardo,Fernandes Da Silva Junior,0.0,0.0,0.0,0.0,0.0,0.0,0.0,1,Bernardo,DEF,Brighton,2021-22,0.0,0.0,"recency-weighted FPL points, decay 8**(-age/3)"
2133,Benjamin,Chrisene,0.0,0.0,0.0,0.0,0.0,0.0,0.0,1,Chrisene,MID,Aston Villa,2021-22,0.0,0.0,"recency-weighted FPL points, decay 8**(-age/3)"
2134,Josh,Feeney,0.0,0.0,0.0,0.0,0.0,0.0,0.0,1,Feeney,DEF,Aston Villa,2021-22,0.0,0.0,"recency-weighted FPL points, decay 8**(-age/3)"
2135,Filip,Marschall,0.0,0.0,0.0,0.0,0.0,0.0,0.0,5,Marschall,GKP,Aston Villa,2025-26,0.0,0.0,"recency-weighted FPL points, decay 8**(-age/3)"
2136,Viljami,Sinisalo,0.0,0.0,0.0,0.0,0.0,0.0,0.0,4,Sinisalo,GKP,Aston Villa,2024-25,0.0,0.0,"recency-weighted FPL points, decay 8**(-age/3)"
2137,Danny,Batth,0.0,0.0,0.0,0.0,0.0,0.0,0.0,1,Batth,DEF,Wolves,2018-19,0.0,0.0,"recency-weighted FPL points, decay 8**(-age/3)"
2140,Max,Sanders,0.0,0.0,0.0,0.0,0.0,0.0,0.0,2,Sanders,MID,Brighton,2020-21,0.0,0.0,"recency-weighted FPL points, decay 8**(-age/3)"
2141,Viktor,Gyokeres,0.0,0.0,0.0,0.0,0.0,0.0,0.0,1,Gyokeres,FWD,Brighton,2018-19,0.0,0.0,"recency-weighted FPL points, decay 8**(-age/3)"
2142,Nnamdi,Ofoborh,0.0,0.0,0.0,0.0,0.0,0.0,0.0,1,Ofoborh,MID,Bournemouth,2018-19,0.0,0.0,"recency-weighted FPL points, decay 8**(-age/3)"
2143,Patrik,Gunnarsson,0.0,0.0,0.0,0.0,0.0,0.0,0.0,1,Gunnarsson,GKP,Brentford,2021-22,0.0,0.0,"recency-weighted FPL points, decay 8**(-age/3)"
2144,Jan,Zamburek,0.0,0.0,0.0,0.0,0.0,0.0,0.0,1,Zamburek,MID,Brentford,2021-22,0.0,0.0,"recency-weighted FPL points, decay 8**(-age/3)"
2146,Mark,Duffy,0.0,0.0,0.0,0.0,0.0,0.0,0.0,1,Duffy,MID,Sheffield Utd,2019-20,0.0,0.0,"recency-weighted FPL points, decay 8**(-age/3)"
2147,Zach,Awe,0.0,0.0,0.0,0.0,0.0,0.0,0.0,1,Awe,DEF,Arsenal,2021-22,0.0,0.0,"recency-weighted FPL points, decay 8**(-age/3)"
2148,Ryan,Alebiosu,0.0,0.0,0.0,0.0,0.0,0.0,0.0,1,Alebiosu,DEF,Arsenal,2021-22,0.0,0.0,"recency-weighted FPL points, decay 8**(-age/3)"
2149,Sékou,Koné,0.0,0.0,0.0,0.0,0.0,0.0,0.0,2,Kone,MID,Man Utd,2025-26,0.0,0.0,"recency-weighted FPL points, decay 8**(-age/3)"
2150,Jack,Moorhouse,0.0,0.0,0.0,0.0,0.0,0.0,0.0,2,Moorhouse,MID,Man Utd,2025-26,0.0,0.0,"recency-weighted FPL points, decay 8**(-age/3)"
2151,Elyh,Harrison,0.0,0.0,0.0,0.0,0.0,0.0,0.0,2,Harrison,GKP,Man Utd,2025-26,0.0,0.0,"recency-weighted FPL points, decay 8**(-age/3)"
2152,Godwill,Kukonki,0.0,0.0,0.0,0.0,0.0,0.0,0.0,2,Kukonki,DEF,Man Utd,2025-26,0.0,0.0,"recency-weighted FPL points, decay 8**(-age/3)"
2153,Abd-Al-Ali Morakinyo Olaposi,Koiki,0.0,0.0,0.0,0.0,0.0,0.0,0.0,2,Koiki,DEF,Burnley,2019-20,0.0,0.0,"recency-weighted FPL points, decay 8**(-age/3)"
2154,Scott,Banks,0.0,0.0,0.0,0.0,0.0,0.0,0.0,1,Banks,MID,Crystal Palace,2021-22,0.0,0.0,"recency-weighted FPL points, decay 8**(-age/3)"
2155,Robert,Street,0.0,0.0,0.0,0.0,0.0,0.0,0.0,1,Street,FWD,Crystal Palace,2021-22,0.0,0.0,"recency-weighted FPL points, decay 8**(-age/3)"
2156,Jarosław,Jach,0.0,0.0,0.0,0.0,0.0,0.0,0.0,1,Jach,DEF,Crystal Palace,2021-22,0.0,0.0,"recency-weighted FPL points, decay 8**(-age/3)"
2157,Harvey,Vale,0.0,0.0,0.0,0.0,0.0,0.0,0.0,2,Vale,MID,Chelsea,2022-23,0.0,0.0,"recency-weighted FPL points, decay 8**(-age/3)"
2158,Zech,Medley,0.0,0.0,0.0,0.0,0.0,0.0,0.0,2,Medley,DEF,Arsenal,2019-20,0.0,0.0,"recency-weighted FPL points, decay 8**(-age/3)"
2159,Emile,Smith-Rowe,0.0,0.0,0.0,0.0,0.0,0.0,0.0,1,Smith-Rowe,MID,Arsenal,2018-19,0.0,0.0,"recency-weighted FPL points, decay 8**(-age/3)"
2160,Julian,Jeanvier,0.0,0.0,0.0,0.0,0.0,0.0,0.0,1,Jeanvier,DEF,Brentford,2021-22,0.0,0.0,"recency-weighted FPL points, decay 8**(-age/3)"
2161,Maxwell,Haygarth,0.0,0.0,0.0,0.0,0.0,0.0,0.0,1,Haygarth,MID,Brentford,2021-22,0.0,0.0,"recency-weighted FPL points, decay 8**(-age/3)"
2162,Thomas,Wilson-Brown,0.0,0.0,0.0,0.0,0.0,0.0,0.0,1,Wilson-Brown,DEF,Leicester,2024-25,0.0,0.0,"recency-weighted FPL points, decay 8**(-age/3)"
2164,Wanya,Marçal-Madivádua,0.0,0.0,0.0,0.0,0.0,0.0,0.0,1,Marcal,MID,Leicester,2024-25,0.0,0.0,"recency-weighted FPL points, decay 8**(-age/3)"
2165,Jeremain,Lens,0.0,0.0,0.0,0.0,0.0,0.0,0.07,1,Lens,MID,Sunderland,2016-17,0.0,0.0,"recency-weighted FPL points, decay 8**(-age/3)"
2166,Adam,Matthews,0.0,0.0,0.0,0.0,0.0,0.0,0.0,1,Matthews,DEF,Sunderland,2016-17,0.0,0.0,"recency-weighted FPL points, decay 8**(-age/3)"
2167,Dara,Costelloe,0.0,0.0,0.0,0.0,0.0,0.0,0.0,2,Costelloe,MID,Burnley,2023-24,0.0,0.0,"recency-weighted FPL points, decay 8**(-age/3)"
2168,Tom,Taylor,0.0,0.0,0.0,0.0,0.0,0.0,0.0,1,Tom Taylor,MID,Ipswich,2024-25,0.0,0.0,"recency-weighted FPL points, decay 8**(-age/3)"
2169,Somto,Boniface,0.0,0.0,0.0,0.0,0.0,0.0,0.0,1,Boniface,DEF,Ipswich,2024-25,0.0,0.0,"recency-weighted FPL points, decay 8**(-age/3)"
2170,Corrie,Ndaba,0.0,0.0,0.0,0.0,0.0,0.0,0.0,1,Ndaba,DEF,Ipswich,2024-25,0.0,0.0,"recency-weighted FPL points, decay 8**(-age/3)"
2171,Freddie,Ladapo,0.0,0.0,0.0,0.0,0.0,0.0,0.0,1,Ladapo,FWD,Ipswich,2024-25,0.0,0.0,"recency-weighted FPL points, decay 8**(-age/3)"
2173,Elkan,Baggott,0.0,0.0,0.0,0.0,0.0,0.0,0.0,1,Baggott,DEF,Ipswich,2024-25,0.0,0.0,"recency-weighted FPL points, decay 8**(-age/3)"
2174,Jake,Eastwood,0.0,0.0,0.0,0.0,0.0,0.0,0.0,1,Eastwood,GKP,Sheffield Utd,2019-20,0.0,0.0,"recency-weighted FPL points, decay 8**(-age/3)"
2175,Richard,Stearman,0.0,0.0,0.0,0.0,0.0,0.0,0.0,1,Stearman,DEF,Sheffield Utd,2019-20,0.0,0.0,"recency-weighted FPL points, decay 8**(-age/3)"
2176,Daniel,Adshead,0.0,0.0,0.0,0.0,0.0,0.0,0.0,1,Adshead,MID,Norwich,2019-20,0.0,0.0,"recency-weighted FPL points, decay 8**(-age/3)"
2178,Josh,Pask,0.0,0.0,0.0,0.0,0.0,0.0,0.0,1,Pask,DEF,West Ham,2017-18,0.0,0.0,"recency-weighted FPL points, decay 8**(-age/3)"
2179,Patrice,Evra,0.0,0.0,0.0,0.0,0.0,0.0,0.44,1,Evra,DEF,West Ham,2017-18,0.0,0.0,"recency-weighted FPL points, decay 8**(-age/3)"
2180,Joseph,McGlynn,0.0,0.0,0.0,0.0,0.0,0.0,0.0,1,McGlynn,FWD,Burnley,2021-22,0.0,0.0,"recency-weighted FPL points, decay 8**(-age/3)"
2181,Tom,Cannon,0.0,0.0,0.0,0.0,0.0,0.0,0.0,1,Cannon,FWD,Leicester,2024-25,0.0,0.0,"recency-weighted FPL points, decay 8**(-age/3)"
2182,Mile,Jedinak,0.0,0.0,0.0,0.0,0.0,0.0,0.09,1,Jedinak,MID,Crystal Palace,2016-17,0.0,0.0,"recency-weighted FPL points, decay 8**(-age/3)"
2183,Filip,Benkovic,0.0,0.0,0.0,0.0,0.0,0.0,0.0,3,Benkovic,DEF,Leicester,2020-21,0.0,0.0,"recency-weighted FPL points, decay 8**(-age/3)"
2184,Tyreke,Johnson,0.0,0.0,0.0,0.0,0.0,0.0,0.0,2,Johnson,MID,Southampton,2019-20,0.0,0.0,"recency-weighted FPL points, decay 8**(-age/3)"
2185,Lewis,Cass,0.0,0.0,0.0,0.0,0.0,0.0,0.0,1,Cass,DEF,Newcastle,2018-19,0.0,0.0,"recency-weighted FPL points, decay 8**(-age/3)"
2186,Antonio,Barreca,0.0,0.0,0.0,0.0,0.0,0.0,0.02,1,Barreca,DEF,Newcastle,2018-19,0.0,0.0,"recency-weighted FPL points, decay 8**(-age/3)"
2187,Callum,Roberts,0.0,0.0,0.0,0.0,0.0,0.0,0.0,1,Roberts,MID,Newcastle,2018-19,0.0,0.0,"recency-weighted FPL points, decay 8**(-age/3)"
2188,Frederick,Woodman,0.0,0.0,0.0,0.0,0.0,0.0,0.0,2,Woodman,GKP,Newcastle,2019-20,0.0,0.0,"recency-weighted FPL points, decay 8**(-age/3)"
2189,Jamie,Sterry,0.0,0.0,0.0,0.0,0.0,0.0,0.0,1,Sterry,DEF,Newcastle,2018-19,0.0,0.0,"recency-weighted FPL points, decay 8**(-age/3)"
2190,Adrien,Silva,0.0,0.0,0.0,0.0,0.0,0.0,0.0,1,Silva,MID,Leicester,2020-21,0.0,0.0,"recency-weighted FPL points, decay 8**(-age/3)"
2191,Sylvester,Jasper,0.0,0.0,0.0,0.0,0.0,0.0,0.0,1,Jasper,MID,Fulham,2020-21,0.0,0.0,"recency-weighted FPL points, decay 8**(-age/3)"
2192,David,Mota Veiga Teixeira do Carmo,0.0,0.0,0.0,0.0,0.0,0.0,0.0,1,David Carmo,DEF,Nott'm Forest,2025-26,0.0,0.0,"recency-weighted FPL points, decay 8**(-age/3)"
2193,Sam,Alabi,0.0,0.0,0.0,0.0,0.0,0.0,0.0,1,Alabi,MID,Newcastle,2025-26,0.0,0.0,"recency-weighted FPL points, decay 8**(-age/3)"
2194,Bradley,Smith,0.0,0.0,0.0,0.0,0.0,0.0,0.26,2,Brad Smith,DEF,Bournemouth,2017-18,0.0,0.0,"recency-weighted FPL points, decay 8**(-age/3)"
2195,Bertrand,Traore,0.0,0.0,0.0,0.0,0.0,0.0,0.0,1,Traore,MID,Chelsea,2016-17,0.0,0.0,"recency-weighted FPL points, decay 8**(-age/3)"
2196,John Obi,Mikel,0.0,0.0,0.0,0.0,0.0,0.0,0.0,1,Mikel,MID,Chelsea,2016-17,0.0,0.0,"recency-weighted FPL points, decay 8**(-age/3)"
2197,Juan,Cuadrado,0.0,0.0,0.0,0.0,0.0,0.0,0.0,1,Cuadrado,MID,Chelsea,2016-17,0.0,0.0,"recency-weighted FPL points, decay 8**(-age/3)"
2198,Matt,Miazga,0.0,0.0,0.0,0.0,0.0,0.0,0.0,1,Miazga,DEF,Chelsea,2016-17,0.0,0.0,"recency-weighted FPL points, decay 8**(-age/3)"
2202,Jim,Thwaites,0.0,0.0,0.0,0.0,0.0,0.0,0.0,1,Thwaites,MID,Man Utd,2025-26,0.0,0.0,"recency-weighted FPL points, decay 8**(-age/3)"
2206,Reigan,Heskey,0.0,0.0,0.0,0.0,0.0,0.0,0.0,1,Heskey,MID,Man City,2025-26,0.0,0.0,"recency-weighted FPL points, decay 8**(-age/3)"
2207,Charlie,Gray,0.0,0.0,0.0,0.0,0.0,0.0,0.0,1,Gray,MID,Man City,2025-26,0.0,0.0,"recency-weighted FPL points, decay 8**(-age/3)"
2208,Marco,Van Ginkel,0.0,0.0,0.0,0.0,0.0,0.0,0.0,1,Van Ginkel,MID,Chelsea,2016-17,0.0,0.0,"recency-weighted FPL points, decay 8**(-age/3)"
2209,Rhys,Chadwick,0.0,0.0,0.0,0.0,0.0,0.0,0.0,1,Chadwick,MID,Leeds,2025-26,0.0,0.0,"recency-weighted FPL points, decay 8**(-age/3)"
2210,Jayden,Lienou,0.0,0.0,0.0,0.0,0.0,0.0,0.0,1,Lienou,DEF,Leeds,2025-26,0.0,0.0,"recency-weighted FPL points, decay 8**(-age/3)"
2212,Harry,Gray,0.0,0.0,0.0,0.0,0.0,0.0,0.0,1,Gray,FWD,Leeds,2025-26,0.0,0.0,"recency-weighted FPL points, decay 8**(-age/3)"
2214,Charlie,Crew,0.0,0.0,0.0,0.0,0.0,0.0,0.0,1,Crew,MID,Leeds,2025-26,0.0,0.0,"recency-weighted FPL points, decay 8**(-age/3)"
2216,Isaac,Schmidt,0.0,0.0,0.0,0.0,0.0,0.0,0.0,1,Schmidt,DEF,Leeds,2025-26,0.0,0.0,"recency-weighted FPL points, decay 8**(-age/3)"
2217,Muhamed,Besic,0.0,0.0,0.0,0.0,0.0,0.0,0.09,2,Besic,MID,Everton,2017-18,0.0,0.0,"recency-weighted FPL points, decay 8**(-age/3)"
2218,Jean Michaël,Seri,0.0,0.0,0.0,0.0,0.0,0.0,0.0,1,Seri,MID,Fulham,2020-21,0.0,0.0,"recency-weighted FPL points, decay 8**(-age/3)"
2219,Jonathan,Williams,0.0,0.0,0.0,0.0,0.0,0.0,0.0,1,Williams,MID,Crystal Palace,2016-17,0.0,0.0,"recency-weighted FPL points, decay 8**(-age/3)"
2220,Jordon,Mutch,0.0,0.0,0.0,0.0,0.0,0.0,0.05,2,Mutch,MID,Crystal Palace,2017-18,0.0,0.0,"recency-weighted FPL points, decay 8**(-age/3)"
2221,Talla,Ndiaye,0.0,0.0,0.0,0.0,0.0,0.0,0.0,1,Ndiaye,DEF,Liverpool,2025-26,0.0,0.0,"recency-weighted FPL points, decay 8**(-age/3)"
2222,İlkay,Gündoğan,0.0,0.0,0.0,0.0,0.0,0.0,0.0,1,Gündoğan,MID,Man City,2025-26,0.0,0.0,"recency-weighted FPL points, decay 8**(-age/3)"
2223,Wellity,Lucky,0.0,0.0,0.0,0.0,0.0,0.0,0.0,1,Lucky,DEF,Liverpool,2025-26,0.0,0.0,"recency-weighted FPL points, decay 8**(-age/3)"
2224,Kieran,Morrison,0.0,0.0,0.0,0.0,0.0,0.0,0.0,1,Morrison,MID,Liverpool,2025-26,0.0,0.0,"recency-weighted FPL points, decay 8**(-age/3)"
2225,Oliver,Casey,0.0,0.0,0.0,0.0,0.0,0.0,0.0,1,Casey,DEF,Leeds,2020-21,0.0,0.0,"recency-weighted FPL points, decay 8**(-age/3)"
2226,Jordan,Stevens,0.0,0.0,0.0,0.0,0.0,0.0,0.0,1,Stevens,MID,Leeds,2020-21,0.0,0.0,"recency-weighted FPL points, decay 8**(-age/3)"
2227,Kamil,Miazek,0.0,0.0,0.0,0.0,0.0,0.0,0.0,1,Miazek,GKP,Leeds,2020-21,0.0,0.0,"recency-weighted FPL points, decay 8**(-age/3)"
2228,Jay-Roy,Grot,0.0,0.0,0.0,0.0,0.0,0.0,0.0,1,Grot,MID,Leeds,2020-21,0.0,0.0,"recency-weighted FPL points, decay 8**(-age/3)"
2229,Tawanda,Maswanhise,0.0,0.0,0.0,0.0,0.0,0.0,0.0,1,Maswanhise,MID,Leicester,2020-21,0.0,0.0,"recency-weighted FPL points, decay 8**(-age/3)"
2230,Thanawat,Suengchitthawon,0.0,0.0,0.0,0.0,0.0,0.0,0.0,1,Suengchitthawon,MID,Leicester,2020-21,0.0,0.0,"recency-weighted FPL points, decay 8**(-age/3)"
2231,Shane,Flynn,0.0,0.0,0.0,0.0,0.0,0.0,0.0,1,Flynn,MID,Leicester,2020-21,0.0,0.0,"recency-weighted FPL points, decay 8**(-age/3)"
2232,Vontae,Daley-Campbell,0.0,0.0,0.0,0.0,0.0,0.0,0.0,2,Daley-Campbell,DEF,Leicester,2021-22,0.0,0.0,"recency-weighted FPL points, decay 8**(-age/3)"
2233,Ryan,McAidoo,0.0,0.0,0.0,0.0,0.0,0.0,0.0,1,McAidoo,MID,Man City,2025-26,0.0,0.0,"recency-weighted FPL points, decay 8**(-age/3)"
2235,Sverre,Nypan,0.0,0.0,0.0,0.0,0.0,0.0,0.0,1,Nypan,MID,Man City,2025-26,0.0,0.0,"recency-weighted FPL points, decay 8**(-age/3)"
2237,Alfie,Brooks,0.0,0.0,0.0,0.0,0.0,0.0,0.0,1,Brooks,GKP,Wolves,2025-26,0.0,0.0,"recency-weighted FPL points, decay 8**(-age/3)"
2238,Mathieu,Debuchy,0.0,0.0,0.0,0.0,0.0,0.0,0.01,2,Debuchy,DEF,Arsenal,2017-18,0.0,0.0,"recency-weighted FPL points, decay 8**(-age/3)"
2239,Ethan,Sutherland,0.0,0.0,0.0,0.0,0.0,0.0,0.0,1,Sutherland,MID,Wolves,2025-26,0.0,0.0,"recency-weighted FPL points, decay 8**(-age/3)"
2240,Luke,Rawlings,0.0,0.0,0.0,0.0,0.0,0.0,0.0,1,Rawlings,MID,Wolves,2025-26,0.0,0.0,"recency-weighted FPL points, decay 8**(-age/3)"
2241,Airidas,Golambeckis,0.0,0.0,0.0,0.0,0.0,0.0,0.0,1,Golambeckis,DEF,West Ham,2025-26,0.0,0.0,"recency-weighted FPL points, decay 8**(-age/3)"
2242,Rio,Kyerematen,0.0,0.0,0.0,0.0,0.0,0.0,0.0,1,Kyerematen,MID,Spurs,2025-26,0.0,0.0,"recency-weighted FPL points, decay 8**(-age/3)"
2243,Lucá,Williams-Barnett,0.0,0.0,0.0,0.0,0.0,0.0,0.0,1,Williams-Barnett,MID,Spurs,2025-26,0.0,0.0,"recency-weighted FPL points, decay 8**(-age/3)"
2244,Yusuf,Akhamrich,0.0,0.0,0.0,0.0,0.0,0.0,0.0,1,Akhamrich,MID,Spurs,2025-26,0.0,0.0,"recency-weighted FPL points, decay 8**(-age/3)"
2245,Rhu-endly,Martina,0.0,0.0,0.0,0.0,0.0,0.0,0.0,1,Cuco Martina,DEF,Everton,2019-20,0.0,0.0,"recency-weighted FPL points, decay 8**(-age/3)"
2246,Lewis,Gibson,0.0,0.0,0.0,0.0,0.0,0.0,0.0,1,Gibson,DEF,Everton,2019-20,0.0,0.0,"recency-weighted FPL points, decay 8**(-age/3)"
2247,John-Kymani,Gordon,0.0,0.0,0.0,0.0,0.0,0.0,0.0,3,Gordon,FWD,Crystal Palace,2023-24,0.0,0.0,"recency-weighted FPL points, decay 8**(-age/3)"
2248,Giovanni,McGregor,0.0,0.0,0.0,0.0,0.0,0.0,0.0,1,McGregor,MID,Crystal Palace,2019-20,0.0,0.0,"recency-weighted FPL points, decay 8**(-age/3)"
2249,Stephen,Henderson,0.0,0.0,0.0,0.0,0.0,0.0,0.0,2,Henderson,GKP,Crystal Palace,2020-21,0.0,0.0,"recency-weighted FPL points, decay 8**(-age/3)"
2250,Alfie,Jones,0.0,0.0,0.0,0.0,0.0,0.0,0.0,1,Jones,DEF,Southampton,2018-19,0.0,0.0,"recency-weighted FPL points, decay 8**(-age/3)"
2251,Jenson,Jones,0.0,0.0,0.0,0.0,0.0,0.0,0.0,1,Jenson Jones,DEF,Sunderland,2025-26,0.0,0.0,"recency-weighted FPL points, decay 8**(-age/3)"
2252,Shaun,MacDonald,0.0,0.0,0.0,0.0,0.0,0.0,0.0,1,MacDonald,MID,Bournemouth,2016-17,0.0,0.0,"recency-weighted FPL points, decay 8**(-age/3)"
2253,Eunan,O'Kane,0.0,0.0,0.0,0.0,0.0,0.0,0.0,1,O'Kane,MID,Bournemouth,2016-17,0.0,0.0,"recency-weighted FPL points, decay 8**(-age/3)"
2254,Nazarii,Rusyn,0.0,0.0,0.0,0.0,0.0,0.0,0.0,1,Rusyn,FWD,Sunderland,2025-26,0.0,0.0,"recency-weighted FPL points, decay 8**(-age/3)"
2257,Nectarios,Triantis,0.0,0.0,0.0,0.0,0.0,0.0,0.0,1,Triantis,MID,Sunderland,2025-26,0.0,0.0,"recency-weighted FPL points, decay 8**(-age/3)"
2258,Jay,Matete,0.0,0.0,0.0,0.0,0.0,0.0,0.0,1,Matete,MID,Sunderland,2025-26,0.0,0.0,"recency-weighted FPL points, decay 8**(-age/3)"
2261,Jaydon,Jones,0.0,0.0,0.0,0.0,0.0,0.0,0.0,1,Jones,MID,Sunderland,2025-26,0.0,0.0,"recency-weighted FPL points, decay 8**(-age/3)"
2262,Jack,Whittaker,0.0,0.0,0.0,0.0,0.0,0.0,0.0,1,Whittaker,MID,Sunderland,2025-26,0.0,0.0,"recency-weighted FPL points, decay 8**(-age/3)"
2263,Darnell,Johnson,0.0,0.0,0.0,0.0,0.0,0.0,0.0,1,Johnson,DEF,Leicester,2019-20,0.0,0.0,"recency-weighted FPL points, decay 8**(-age/3)"
2264,Harrison,Jones,0.0,0.0,0.0,0.0,0.0,0.0,0.0,1,H.Jones,MID,Sunderland,2025-26,0.0,0.0,"recency-weighted FPL points, decay 8**(-age/3)"
2265,Reece,Welch,0.0,0.0,0.0,0.0,0.0,0.0,0.0,5,Welch,DEF,Everton,2025-26,0.0,0.0,"recency-weighted FPL points, decay 8**(-age/3)"
2266,Blondy,Nna Noukeu,0.0,0.0,0.0,0.0,0.0,0.0,0.0,1,Nna Noukeu,GKP,Sunderland,2025-26,0.0,0.0,"recency-weighted FPL points, decay 8**(-age/3)"
2268,Lamin,Sillah,0.0,0.0,0.0,0.0,0.0,0.0,0.0,1,Sillah,FWD,Nott'm Forest,2025-26,0.0,0.0,"recency-weighted FPL points, decay 8**(-age/3)"
2269,Jimmy,Sinclair,0.0,0.0,0.0,0.0,0.0,0.0,0.0,1,Sinclair,MID,Nott'm Forest,2025-26,0.0,0.0,"recency-weighted FPL points, decay 8**(-age/3)"
2270,Abdul Rahman,Baba,0.0,0.0,0.0,0.0,0.0,0.0,0.0,2,Baba,DEF,Chelsea,2023-24,0.0,0.0,"recency-weighted FPL points, decay 8**(-age/3)"
2271,Chris,Long,0.0,0.0,0.0,0.0,0.0,0.0,0.0,1,Long,FWD,Burnley,2016-17,0.0,0.0,"recency-weighted FPL points, decay 8**(-age/3)"
2272,Rouwen,Hennings,0.0,0.0,0.0,0.0,0.0,0.0,0.0,1,Hennings,FWD,Burnley,2016-17,0.0,0.0,"recency-weighted FPL points, decay 8**(-age/3)"
2273,Lukas,Jutkiewicz,0.0,0.0,0.0,0.0,0.0,0.0,0.01,1,Jutkiewicz,FWD,Burnley,2016-17,0.0,0.0,"recency-weighted FPL points, decay 8**(-age/3)"
2274,Fredrik,Ulvestad,0.0,0.0,0.0,0.0,0.0,0.0,0.0,2,Ulvestad,MID,Burnley,2017-18,0.0,0.0,"recency-weighted FPL points, decay 8**(-age/3)"
2275,Archie,Whitehall,0.0,0.0,0.0,0.0,0.0,0.0,0.0,1,Whitehall,MID,Nott'm Forest,2025-26,0.0,0.0,"recency-weighted FPL points, decay 8**(-age/3)"
2276,Luis Eduardo,Soares da Silva,0.0,0.0,0.0,0.0,0.0,0.0,0.0,1,Cuiabano,DEF,Nott'm Forest,2025-26,0.0,0.0,"recency-weighted FPL points, decay 8**(-age/3)"
2277,Marko,Stamenić,0.0,0.0,0.0,0.0,0.0,0.0,0.0,1,Stamenic,MID,Nott'm Forest,2025-26,0.0,0.0,"recency-weighted FPL points, decay 8**(-age/3)"
2278,João Manuel,Neves Virgínia,0.0,0.0,0.0,0.0,0.0,0.0,0.0,1,Virgínia,GKP,Everton,2019-20,0.0,0.0,"recency-weighted FPL points, decay 8**(-age/3)"
2279,Tokelo,Rantie,0.0,0.0,0.0,0.0,0.0,0.0,0.0,1,Rantie,FWD,Bournemouth,2016-17,0.0,0.0,"recency-weighted FPL points, decay 8**(-age/3)"
2280,Milan,Aleksić,0.0,0.0,0.0,0.0,0.0,0.0,0.0,1,Aleksić,MID,Sunderland,2025-26,0.0,0.0,"recency-weighted FPL points, decay 8**(-age/3)"
2281,Timothée,Pembélé,0.0,0.0,0.0,0.0,0.0,0.0,0.0,1,Pembele,DEF,Sunderland,2025-26,0.0,0.0,"recency-weighted FPL points, decay 8**(-age/3)"
2282,Zak,Johnson,0.0,0.0,0.0,0.0,0.0,0.0,0.0,1,Johnson,DEF,Sunderland,2025-26,0.0,0.0,"recency-weighted FPL points, decay 8**(-age/3)"
2283,Joe,Anderson,0.0,0.0,0.0,0.0,0.0,0.0,0.0,1,Anderson,DEF,Sunderland,2025-26,0.0,0.0,"recency-weighted FPL points, decay 8**(-age/3)"
2285,Michael,Hector,0.0,0.0,0.0,0.0,0.0,0.0,4.09,1,Hector,DEF,Fulham,2020-21,0.0,0.0,"recency-weighted FPL points, decay 8**(-age/3)"
2286,Adalberto,Peñaranda,0.0,0.0,0.0,0.0,0.0,0.0,0.0,2,Peñaranda,FWD,Watford,2019-20,0.0,0.0,"recency-weighted FPL points, decay 8**(-age/3)"
2287,Ben,Wilmot,0.0,0.0,0.0,0.0,0.0,0.0,0.1,2,Wilmot,DEF,Watford,2021-22,0.0,0.0,"recency-weighted FPL points, decay 8**(-age/3)"
2288,Pontus,Dahlberg,0.0,0.0,0.0,0.0,0.0,0.0,0.0,2,Dahlberg,GKP,Watford,2019-20,0.0,0.0,"recency-weighted FPL points, decay 8**(-age/3)"
2289,George,Marsh,0.0,0.0,0.0,0.0,0.0,0.0,0.0,1,Marsh,MID,Spurs,2018-19,0.0,0.0,"recency-weighted FPL points, decay 8**(-age/3)"
2290,Timothy,Eyoma,0.0,0.0,0.0,0.0,0.0,0.0,0.0,1,Eyoma,DEF,Spurs,2018-19,0.0,0.0,"recency-weighted FPL points, decay 8**(-age/3)"
2291,Luke,Amos,0.0,0.0,0.0,0.0,0.0,0.0,0.01,2,Amos,MID,Spurs,2019-20,0.0,0.0,"recency-weighted FPL points, decay 8**(-age/3)"
2292,Tendayi,Darikwa,0.0,0.0,0.0,0.0,0.0,0.0,0.0,1,Darikwa,DEF,Burnley,2016-17,0.0,0.0,"recency-weighted FPL points, decay 8**(-age/3)"
2293,Jensen,Weir,0.0,0.0,0.0,0.0,0.0,0.0,0.0,1,Weir,MID,Brighton,2020-21,0.0,0.0,"recency-weighted FPL points, decay 8**(-age/3)"
2294,Teddy,Jenks,0.0,0.0,0.0,0.0,0.0,0.0,0.0,1,Jenks,MID,Brighton,2020-21,0.0,0.0,"recency-weighted FPL points, decay 8**(-age/3)"
2295,Christos,Mandas,0.0,0.0,0.0,0.0,0.0,0.0,0.0,1,Mandas,GKP,Bournemouth,2025-26,0.0,0.0,"recency-weighted FPL points, decay 8**(-age/3)"
2296,Charlie,Stevens,0.0,0.0,0.0,0.0,0.0,0.0,0.0,1,Stevens,MID,Bournemouth,2025-26,0.0,0.0,"recency-weighted FPL points, decay 8**(-age/3)"
2297,Harry,Boyes,0.0,0.0,0.0,0.0,0.0,0.0,0.0,1,Boyes,DEF,Sheffield Utd,2020-21,0.0,0.0,"recency-weighted FPL points, decay 8**(-age/3)"
2298,Frankie,Maguire,0.0,0.0,0.0,0.0,0.0,0.0,0.0,1,Maguire,MID,Sheffield Utd,2020-21,0.0,0.0,"recency-weighted FPL points, decay 8**(-age/3)"
2299,Zak,Brunt,0.0,0.0,0.0,0.0,0.0,0.0,0.0,1,Brunt,MID,Sheffield Utd,2020-21,0.0,0.0,"recency-weighted FPL points, decay 8**(-age/3)"
2300,Kyron,Gordon,0.0,0.0,0.0,0.0,0.0,0.0,0.0,1,Gordon,DEF,Sheffield Utd,2020-21,0.0,0.0,"recency-weighted FPL points, decay 8**(-age/3)"
2301,Nikola,Tavares,0.0,0.0,0.0,0.0,0.0,0.0,0.0,2,Tavares,DEF,Crystal Palace,2019-20,0.0,0.0,"recency-weighted FPL points, decay 8**(-age/3)"
2302,Sam,Woods,0.0,0.0,0.0,0.0,0.0,0.0,0.0,3,Woods,DEF,Crystal Palace,2020-21,0.0,0.0,"recency-weighted FPL points, decay 8**(-age/3)"
2303,Lucas,Perri,0.0,0.0,0.0,0.0,0.0,0.0,0.0,1,Perri,GKP,Crystal Palace,2018-19,0.0,0.0,"recency-weighted FPL points, decay 8**(-age/3)"
2304,Joe,Tupper,0.0,0.0,0.0,0.0,0.0,0.0,0.0,1,Tupper,GKP,Crystal Palace,2018-19,0.0,0.0,"recency-weighted FPL points, decay 8**(-age/3)"
2305,Alfie,Cresswell,0.0,0.0,0.0,0.0,0.0,0.0,0.0,1,Cresswell,MID,Leeds,2025-26,0.0,0.0,"recency-weighted FPL points, decay 8**(-age/3)"
2306,Daniel,Langley,0.0,0.0,0.0,0.0,0.0,0.0,0.0,1,Langley,GKP,Newcastle,2020-21,0.0,0.0,"recency-weighted FPL points, decay 8**(-age/3)"
2307,Malcom,DaCosta,0.0,0.0,0.0,0.0,0.0,0.0,0.0,1,DaCosta,MID,Bournemouth,2025-26,0.0,0.0,"recency-weighted FPL points, decay 8**(-age/3)"
2308,Oluwaseyi,Ojo,0.0,0.0,0.0,0.0,0.0,0.0,0.0,2,Sheyi Ojo,MID,Liverpool,2017-18,0.0,0.0,"recency-weighted FPL points, decay 8**(-age/3)"
2309,Kevin,Stewart,0.0,0.0,0.0,0.0,0.0,0.0,0.02,1,Stewart,DEF,Liverpool,2016-17,0.0,0.0,"recency-weighted FPL points, decay 8**(-age/3)"
2310,Liam,Gibson,0.0,0.0,0.0,0.0,0.0,0.0,0.0,1,Gibson,DEF,Newcastle,2019-20,0.0,0.0,"recency-weighted FPL points, decay 8**(-age/3)"
2311,Thomas,Allan,0.0,0.0,0.0,0.0,0.0,0.0,0.0,1,Allan,MID,Newcastle,2019-20,0.0,0.0,"recency-weighted FPL points, decay 8**(-age/3)"
2313,Abdallah,Sima,0.0,0.0,0.0,0.0,0.0,0.0,0.0,1,Sima,MID,Brighton,2025-26,0.0,0.0,"recency-weighted FPL points, decay 8**(-age/3)"
2314,Julio,Enciso Espínola,0.0,0.0,0.0,0.0,0.0,0.0,0.0,1,Enciso,MID,Brighton,2025-26,0.0,0.0,"recency-weighted FPL points, decay 8**(-age/3)"
2315,Pervis,Estupiñán Tenorio,0.0,0.0,0.0,0.0,0.0,0.0,0.0,1,Estupiñan,DEF,Brighton,2025-26,0.0,0.0,"recency-weighted FPL points, decay 8**(-age/3)"
2317,Nathan,Bishop,0.0,0.0,0.0,0.0,0.0,0.0,0.0,2,Bishop,GKP,Man Utd,2022-23,0.0,0.0,"recency-weighted FPL points, decay 8**(-age/3)"
2318,Facundo,Pellistri,0.0,0.0,0.0,0.0,0.0,0.0,0.0,1,Pellistri,MID,Man Utd,2020-21,0.0,0.0,"recency-weighted FPL points, decay 8**(-age/3)"
2319,Addji Keaninkin Marc-Israel,Guehi,0.0,0.0,0.0,0.0,0.0,0.0,0.0,2,Guehi,DEF,Chelsea,2019-20,0.0,0.0,"recency-weighted FPL points, decay 8**(-age/3)"
2320,Barry,Douglas,0.0,0.0,0.0,0.0,0.0,0.0,0.0,2,Douglas,DEF,Leeds,2020-21,0.0,0.0,"recency-weighted FPL points, decay 8**(-age/3)"
2321,Alexandre Nascimento,Costa Silva,0.0,0.0,0.0,0.0,0.0,0.0,0.07,2,Xande Silva,FWD,West Ham,2019-20,0.0,0.0,"recency-weighted FPL points, decay 8**(-age/3)"
2322,Kgaogelo,Chauke,0.0,0.0,0.0,0.0,0.0,0.0,0.0,2,Chauke,MID,Southampton,2021-22,0.0,0.0,"recency-weighted FPL points, decay 8**(-age/3)"
2323,Josh,Sims,0.0,0.0,0.0,0.0,0.0,0.0,0.0,1,Sims,MID,Southampton,2020-21,0.0,0.0,"recency-weighted FPL points, decay 8**(-age/3)"
2324,Shurandy,Sambo,0.0,0.0,0.0,0.0,0.0,0.0,0.0,1,Sambo,DEF,Burnley,2025-26,0.0,0.0,"recency-weighted FPL points, decay 8**(-age/3)"
2325,Václav,Hladký,0.0,0.0,0.0,0.0,0.0,0.0,0.0,1,Hladký,GKP,Burnley,2025-26,0.0,0.0,"recency-weighted FPL points, decay 8**(-age/3)"
2326,Etienne,Green,0.0,0.0,0.0,0.0,0.0,0.0,0.0,1,Green,GKP,Burnley,2025-26,0.0,0.0,"recency-weighted FPL points, decay 8**(-age/3)"
2327,TJ,Carroll,0.0,0.0,0.0,0.0,0.0,0.0,0.0,1,Carroll,DEF,Aston Villa,2025-26,0.0,0.0,"recency-weighted FPL points, decay 8**(-age/3)"
2328,Leon,Routh,0.0,0.0,0.0,0.0,0.0,0.0,0.0,1,Leon Routh,DEF,Aston Villa,2025-26,0.0,0.0,"recency-weighted FPL points, decay 8**(-age/3)"
2329,Ronnie,Hollingshead,0.0,0.0,0.0,0.0,0.0,0.0,0.0,1,Hollingshead,GKP,Aston Villa,2025-26,0.0,0.0,"recency-weighted FPL points, decay 8**(-age/3)"
2330,Triston,Rowe,0.0,0.0,0.0,0.0,0.0,0.0,0.0,1,Rowe,DEF,Aston Villa,2025-26,0.0,0.0,"recency-weighted FPL points, decay 8**(-age/3)"
2331,Zépiqueno,Redmond,0.0,0.0,0.0,0.0,0.0,0.0,0.0,1,Redmond,FWD,Aston Villa,2025-26,0.0,0.0,"recency-weighted FPL points, decay 8**(-age/3)"
2332,Yasin,Özcan,0.0,0.0,0.0,0.0,0.0,0.0,0.0,1,Yasin,DEF,Aston Villa,2025-26,0.0,0.0,"recency-weighted FPL points, decay 8**(-age/3)"
2333,Thomas,McGill,0.0,0.0,0.0,0.0,0.0,0.0,0.0,2,McGill,GKP,Brighton,2021-22,0.0,0.0,"recency-weighted FPL points, decay 8**(-age/3)"
2334,Pedro,Chirivella,0.0,0.0,0.0,0.0,0.0,0.0,0.0,1,Chirivella,MID,Liverpool,2016-17,0.0,0.0,"recency-weighted FPL points, decay 8**(-age/3)"
2335,Jonathan,Tomkinson,0.0,0.0,0.0,0.0,0.0,0.0,0.0,1,Tomkinson,DEF,Norwich,2021-22,0.0,0.0,"recency-weighted FPL points, decay 8**(-age/3)"
2336,Connor,Randall,0.0,0.0,0.0,0.0,0.0,0.0,0.0,1,Randall,DEF,Liverpool,2016-17,0.0,0.0,"recency-weighted FPL points, decay 8**(-age/3)"
2337,Kian,McMahon-Brown,0.0,0.0,0.0,0.0,0.0,0.0,0.0,1,McMahon-Brown,MID,Burnley,2025-26,0.0,0.0,"recency-weighted FPL points, decay 8**(-age/3)"
2338,George,Brierley,0.0,0.0,0.0,0.0,0.0,0.0,0.0,1,Brierley,MID,Burnley,2025-26,0.0,0.0,"recency-weighted FPL points, decay 8**(-age/3)"
2339,Oliver,Pimlott,0.0,0.0,0.0,0.0,0.0,0.0,0.0,1,Pimlott,MID,Burnley,2025-26,0.0,0.0,"recency-weighted FPL points, decay 8**(-age/3)"
2340,Oluwaseun,Adewumi,0.0,0.0,0.0,0.0,0.0,0.0,0.0,1,Adewumi,MID,Burnley,2025-26,0.0,0.0,"recency-weighted FPL points, decay 8**(-age/3)"
2341,Manuel,Benson Hedilazio,0.0,0.0,0.0,0.0,0.0,0.0,0.0,1,Benson,MID,Burnley,2025-26,0.0,0.0,"recency-weighted FPL points, decay 8**(-age/3)"
2342,Valentino,Livramento,0.0,0.0,0.0,0.0,0.0,0.0,0.0,1,Livramento,DEF,Chelsea,2020-21,0.0,0.0,"recency-weighted FPL points, decay 8**(-age/3)"
2343,Karlo,Ziger,0.0,0.0,0.0,0.0,0.0,0.0,0.0,1,Ziger,GKP,Chelsea,2020-21,0.0,0.0,"recency-weighted FPL points, decay 8**(-age/3)"
2344,Richard,Nartey,0.0,0.0,0.0,0.0,0.0,0.0,0.0,1,Nartey,DEF,Burnley,2020-21,0.0,0.0,"recency-weighted FPL points, decay 8**(-age/3)"
2345,Anthony,Mancini,0.0,0.0,0.0,0.0,0.0,0.0,0.0,2,Mancini,MID,Burnley,2021-22,0.0,0.0,"recency-weighted FPL points, decay 8**(-age/3)"
2346,Michal,Karbownik,0.0,0.0,0.0,0.0,0.0,0.0,0.0,2,Karbownik,DEF,Brighton,2021-22,0.0,0.0,"recency-weighted FPL points, decay 8**(-age/3)"
2347,Mario,Balotelli,0.0,0.0,0.0,0.0,0.0,0.0,0.0,1,Balotelli,FWD,Liverpool,2016-17,0.0,0.0,"recency-weighted FPL points, decay 8**(-age/3)"
2348,Mateusz,Bogusz,0.0,0.0,0.0,0.0,0.0,0.0,0.0,1,Bogusz,MID,Leeds,2020-21,0.0,0.0,"recency-weighted FPL points, decay 8**(-age/3)"
2349,Demeaco,Duhaney,0.0,0.0,0.0,0.0,0.0,0.0,0.18,1,Duhaney,DEF,Huddersfield,2018-19,0.0,0.0,"recency-weighted FPL points, decay 8**(-age/3)"
2350,Ryan,Schofield,0.0,0.0,0.0,0.0,0.0,0.0,0.0,1,Schofield,GKP,Huddersfield,2018-19,0.0,0.0,"recency-weighted FPL points, decay 8**(-age/3)"
2351,Luca,De La Torre,0.0,0.0,0.0,0.0,0.0,0.0,0.0,1,De La Torre,MID,Fulham,2018-19,0.0,0.0,"recency-weighted FPL points, decay 8**(-age/3)"
2352,Zeze Steven,Sessegnon,0.0,0.0,0.0,0.0,0.0,0.0,0.0,2,Sessegnon,DEF,Fulham,2020-21,0.0,0.0,"recency-weighted FPL points, decay 8**(-age/3)"
2353,Elia,Caprile,0.0,0.0,0.0,0.0,0.0,0.0,0.0,1,Caprile,GKP,Leeds,2020-21,0.0,0.0,"recency-weighted FPL points, decay 8**(-age/3)"
2354,Kendry,Páez Andrade,0.0,0.0,0.0,0.0,0.0,0.0,0.0,1,Paez,MID,Chelsea,2025-26,0.0,0.0,"recency-weighted FPL points, decay 8**(-age/3)"
2356,Tyias,Browning,0.0,0.0,0.0,0.0,0.0,0.0,0.0,2,Browning,DEF,Everton,2018-19,0.0,0.0,"recency-weighted FPL points, decay 8**(-age/3)"
2357,Alex,Cairns,0.0,0.0,0.0,0.0,0.0,0.0,0.0,1,Cairns,GKP,Leeds,2025-26,0.0,0.0,"recency-weighted FPL points, decay 8**(-age/3)"
2358,Alfie,McNally,0.0,0.0,0.0,0.0,0.0,0.0,0.0,1,McNally,GKP,Fulham,2025-26,0.0,0.0,"recency-weighted FPL points, decay 8**(-age/3)"
2359,Seth,Ridgeon,0.0,0.0,0.0,0.0,0.0,0.0,0.0,1,Ridgeon,MID,Fulham,2025-26,0.0,0.0,"recency-weighted FPL points, decay 8**(-age/3)"
2361,Rui Pedro,da Rocha Fonte,0.0,0.0,0.0,0.0,0.0,0.0,0.0,1,Fonte,MID,Fulham,2018-19,0.0,0.0,"recency-weighted FPL points, decay 8**(-age/3)"
2364,George,King,0.0,0.0,0.0,0.0,0.0,0.0,0.0,1,King,DEF,Crystal Palace,2025-26,0.0,0.0,"recency-weighted FPL points, decay 8**(-age/3)"
2365,Alex,Bruce,0.0,0.0,0.0,0.0,0.0,0.0,0.0,1,Bruce,DEF,Hull,2016-17,0.0,0.0,"recency-weighted FPL points, decay 8**(-age/3)"
2366,Moses,Odubajo,0.0,0.0,0.0,0.0,0.0,0.0,0.0,1,Odubajo,DEF,Hull,2016-17,0.0,0.0,"recency-weighted FPL points, decay 8**(-age/3)"
2367,Brian,Lenihan,0.0,0.0,0.0,0.0,0.0,0.0,0.0,1,Lenihan,DEF,Hull,2016-17,0.0,0.0,"recency-weighted FPL points, decay 8**(-age/3)"
2368,Allan,McGregor,0.0,0.0,0.0,0.0,0.0,0.0,0.0,1,McGregor,GKP,Hull,2016-17,0.0,0.0,"recency-weighted FPL points, decay 8**(-age/3)"
2369,Ben,Casey,0.0,0.0,0.0,0.0,0.0,0.0,0.0,1,Casey,FWD,Crystal Palace,2025-26,0.0,0.0,"recency-weighted FPL points, decay 8**(-age/3)"
2370,Philippe,Sandler,0.0,0.0,0.0,0.0,0.0,0.0,0.0,1,Sandler,DEF,Man City,2018-19,0.0,0.0,"recency-weighted FPL points, decay 8**(-age/3)"
2371,Josh,Knight,0.0,0.0,0.0,0.0,0.0,0.0,0.0,1,Knight,DEF,Leicester,2018-19,0.0,0.0,"recency-weighted FPL points, decay 8**(-age/3)"
2373,Luis,Díaz Marulanda,0.0,0.0,0.0,0.0,0.0,0.0,0.0,1,Luis Díaz,MID,Liverpool,2025-26,0.0,0.0,"recency-weighted FPL points, decay 8**(-age/3)"
2375,Braiden,Graham,0.0,0.0,0.0,0.0,0.0,0.0,0.0,1,Graham,FWD,Everton,2025-26,0.0,0.0,"recency-weighted FPL points, decay 8**(-age/3)"
2376,Riley,Owen,0.0,0.0,0.0,0.0,0.0,0.0,0.0,1,Owen,MID,Brentford,2025-26,0.0,0.0,"recency-weighted FPL points, decay 8**(-age/3)"
2381,Gökhan,Inler,0.0,0.0,0.0,0.0,0.0,0.0,0.0,1,Inler,MID,Leicester,2016-17,0.0,0.0,"recency-weighted FPL points, decay 8**(-age/3)"
2383,Luis,Hernández,0.0,0.0,0.0,0.0,0.0,0.0,0.32,1,Hernández,DEF,Leicester,2016-17,0.0,0.0,"recency-weighted FPL points, decay 8**(-age/3)"
2384,Ritchie,de Laet,0.0,0.0,0.0,0.0,0.0,0.0,0.0,1,de Laet,DEF,Leicester,2016-17,0.0,0.0,"recency-weighted FPL points, decay 8**(-age/3)"
2385,Marcin,Wasilewski,0.0,0.0,0.0,0.0,0.0,0.0,0.09,1,Wasilewski,DEF,Leicester,2016-17,0.0,0.0,"recency-weighted FPL points, decay 8**(-age/3)"
2386,Alex,Cochrane,0.0,0.0,0.0,0.0,0.0,0.0,0.0,1,Cochrane,DEF,Brighton,2019-20,0.0,0.0,"recency-weighted FPL points, decay 8**(-age/3)"
2387,Tudor,Baluta,0.0,0.0,0.0,0.0,0.0,0.0,0.0,1,Baluta,DEF,Brighton,2019-20,0.0,0.0,"recency-weighted FPL points, decay 8**(-age/3)"
2388,Claudio,Gomes,0.0,0.0,0.0,0.0,0.0,0.0,0.0,2,Gomes,MID,Man City,2022-23,0.0,0.0,"recency-weighted FPL points, decay 8**(-age/3)"
2389,Jack,Jenkins,0.0,0.0,0.0,0.0,0.0,0.0,0.0,2,Jenkins,MID,Leeds,2021-22,0.0,0.0,"recency-weighted FPL points, decay 8**(-age/3)"
2390,Felix,Nmecha,0.0,0.0,0.0,0.0,0.0,0.0,0.0,1,Nmecha,MID,Man City,2020-21,0.0,0.0,"recency-weighted FPL points, decay 8**(-age/3)"
2391,Adrián,Bernabé,0.0,0.0,0.0,0.0,0.0,0.0,0.0,1,Bernabé,MID,Man City,2020-21,0.0,0.0,"recency-weighted FPL points, decay 8**(-age/3)"
2392,Billy,Koumetio,0.0,0.0,0.0,0.0,0.0,0.0,0.0,1,Koumetio,DEF,Liverpool,2020-21,0.0,0.0,"recency-weighted FPL points, decay 8**(-age/3)"
2393,Jakub,Ojrzynski,0.0,0.0,0.0,0.0,0.0,0.0,0.0,1,Ojrzynski,GKP,Liverpool,2020-21,0.0,0.0,"recency-weighted FPL points, decay 8**(-age/3)"
2394,Liam,Hughes,0.0,0.0,0.0,0.0,0.0,0.0,0.0,1,Hughes,GKP,Liverpool,2020-21,0.0,0.0,"recency-weighted FPL points, decay 8**(-age/3)"
2395,Jake,Cain,0.0,0.0,0.0,0.0,0.0,0.0,0.0,1,Cain,MID,Liverpool,2020-21,0.0,0.0,"recency-weighted FPL points, decay 8**(-age/3)"
2396,Leighton,Clarkson,0.0,0.0,0.0,0.0,0.0,0.0,0.0,1,Clarkson,MID,Liverpool,2020-21,0.0,0.0,"recency-weighted FPL points, decay 8**(-age/3)"
2397,Jack,Young,0.0,0.0,0.0,0.0,0.0,0.0,0.0,1,Young,MID,Newcastle,2019-20,0.0,0.0,"recency-weighted FPL points, decay 8**(-age/3)"
2398,Dean,Benamar,0.0,0.0,0.0,0.0,0.0,0.0,0.0,1,Benamar,DEF,Crystal Palace,2025-26,0.0,0.0,"recency-weighted FPL points, decay 8**(-age/3)"
2399,Ryan,Kavuma-McQueen,0.0,0.0,0.0,0.0,0.0,0.0,0.0,1,Kavuma-McQueen,MID,Chelsea,2025-26,0.0,0.0,"recency-weighted FPL points, decay 8**(-age/3)"
2400,Mathis,Eboué,0.0,0.0,0.0,0.0,0.0,0.0,0.0,1,Eboué,MID,Chelsea,2025-26,0.0,0.0,"recency-weighted FPL points, decay 8**(-age/3)"
2401,Max,Merrick,0.0,0.0,0.0,0.0,0.0,0.0,0.0,1,Merrick,GKP,Chelsea,2025-26,0.0,0.0,"recency-weighted FPL points, decay 8**(-age/3)"
2402,Landon,Emenalo,0.0,0.0,0.0,0.0,0.0,0.0,0.0,1,Emenalo,MID,Chelsea,2025-26,0.0,0.0,"recency-weighted FPL points, decay 8**(-age/3)"
2403,Luke,Mbete,0.0,0.0,0.0,0.0,0.0,0.0,0.0,2,Mbete,DEF,Man City,2021-22,0.0,0.0,"recency-weighted FPL points, decay 8**(-age/3)"
2404,Oviemuno,Ejaria,0.0,0.0,0.0,0.0,0.0,0.0,0.01,1,Ejaria,MID,Liverpool,2016-17,0.0,0.0,"recency-weighted FPL points, decay 8**(-age/3)"
2405,Luke,Dreher,0.0,0.0,0.0,0.0,0.0,0.0,0.0,3,Dreher,MID,Crystal Palace,2019-20,0.0,0.0,"recency-weighted FPL points, decay 8**(-age/3)"
2406,Jonathan,Benteke,0.0,0.0,0.0,0.0,0.0,0.0,0.01,1,Jonathan Benteke,FWD,Crystal Palace,2016-17,0.0,0.0,"recency-weighted FPL points, decay 8**(-age/3)"
2407,Aleix,García Serrano,0.0,0.0,0.0,0.0,0.0,0.0,0.08,1,García,MID,Man City,2016-17,0.0,0.0,"recency-weighted FPL points, decay 8**(-age/3)"
2408,Michael,Simões Domingues,0.0,0.0,0.0,0.0,0.0,0.0,0.0,1,Mika,GKP,Sunderland,2016-17,0.0,0.0,"recency-weighted FPL points, decay 8**(-age/3)"
2409,Bradley,Ibrahim,0.0,0.0,0.0,0.0,0.0,0.0,0.0,1,Ibrahim,MID,Arsenal,2023-24,0.0,0.0,"recency-weighted FPL points, decay 8**(-age/3)"
2410,Charles,Sagoe,0.0,0.0,0.0,0.0,0.0,0.0,0.0,1,Sagoe,MID,Arsenal,2023-24,0.0,0.0,"recency-weighted FPL points, decay 8**(-age/3)"
2411,Harvey,Griffiths,0.0,0.0,0.0,0.0,0.0,0.0,0.0,2,Griffiths,MID,Wolves,2023-24,0.0,0.0,"recency-weighted FPL points, decay 8**(-age/3)"
2412,Jackson,Smith,0.0,0.0,0.0,0.0,0.0,0.0,0.0,1,Smith,GKP,Wolves,2022-23,0.0,0.0,"recency-weighted FPL points, decay 8**(-age/3)"
2413,Matija,Šarkić,0.0,0.0,0.0,0.0,0.0,0.0,0.0,2,Šarkić,GKP,Wolves,2023-24,0.0,0.0,"recency-weighted FPL points, decay 8**(-age/3)"
2414,Krisztián,Hegyi,0.0,0.0,0.0,0.0,0.0,0.0,0.0,2,Hegyi,GKP,West Ham,2025-26,0.0,0.0,"recency-weighted FPL points, decay 8**(-age/3)"
2415,Sam,Proctor,0.0,0.0,0.0,0.0,0.0,0.0,0.0,2,Proctor,GKP,Aston Villa,2025-26,0.0,0.0,"recency-weighted FPL points, decay 8**(-age/3)"
2416,Andy,Lonergan,0.0,0.0,0.0,0.0,0.0,0.0,0.0,5,Lonergan,GKP,Everton,2023-24,0.0,0.0,"recency-weighted FPL points, decay 8**(-age/3)"
2417,Luke,Plange,0.0,0.0,0.0,0.0,0.0,0.0,0.0,2,Plange,FWD,Crystal Palace,2023-24,0.0,0.0,"recency-weighted FPL points, decay 8**(-age/3)"
2418,Ethan,Wady,0.0,0.0,0.0,0.0,0.0,0.0,0.0,1,Wady,GKP,Chelsea,2022-23,0.0,0.0,"recency-weighted FPL points, decay 8**(-age/3)"
2419,Michael,Hefele,0.0,0.0,0.0,0.0,0.0,0.0,0.06,1,Hefele,DEF,Huddersfield,2017-18,0.0,0.0,"recency-weighted FPL points, decay 8**(-age/3)"
2420,Luke,Garbutt,0.0,0.0,0.0,0.0,0.0,0.0,0.0,1,Garbutt,DEF,Everton,2017-18,0.0,0.0,"recency-weighted FPL points, decay 8**(-age/3)"
2421,Cameron,John,0.0,0.0,0.0,0.0,0.0,0.0,0.0,1,John,DEF,Wolves,2018-19,0.0,0.0,"recency-weighted FPL points, decay 8**(-age/3)"
2422,Ryan John,Giles,0.0,0.0,0.0,0.0,0.0,0.0,0.0,1,Giles,MID,Wolves,2018-19,0.0,0.0,"recency-weighted FPL points, decay 8**(-age/3)"
2423,Wesley,Moraes Ferreira da Silva,0.0,0.0,0.0,0.0,0.0,0.0,0.0,1,Wesley,FWD,Aston Villa,2023-24,0.0,0.0,"recency-weighted FPL points, decay 8**(-age/3)"
2424,James,Sweet,0.0,0.0,0.0,0.0,0.0,0.0,0.0,1,Sweet,DEF,Arsenal,2023-24,0.0,0.0,"recency-weighted FPL points, decay 8**(-age/3)"
2425,Raphael,Spiegel,0.0,0.0,0.0,0.0,0.0,0.0,0.0,1,Spiegel,GKP,West Ham,2016-17,0.0,0.0,"recency-weighted FPL points, decay 8**(-age/3)"
2426,Olufela,Olomola,0.0,0.0,0.0,0.0,0.0,0.0,0.0,1,Olomola,MID,Southampton,2016-17,0.0,0.0,"recency-weighted FPL points, decay 8**(-age/3)"
2427,Jeff,Reine-Adelaide,0.0,0.0,0.0,0.0,0.0,0.0,0.0,1,Reine-Adelaide,MID,Arsenal,2016-17,0.0,0.0,"recency-weighted FPL points, decay 8**(-age/3)"
2428,Pau,López Sabata,0.0,0.0,0.0,0.0,0.0,0.0,0.0,1,Pau López,GKP,Spurs,2016-17,0.0,0.0,"recency-weighted FPL points, decay 8**(-age/3)"
2429,Yunus,Konak,0.0,0.0,0.0,0.0,0.0,0.0,0.0,1,Konak,MID,Brentford,2023-24,0.0,0.0,"recency-weighted FPL points, decay 8**(-age/3)"
2430,Kyle,Scott,0.0,0.0,0.0,0.0,0.0,0.0,0.0,1,Scott,MID,Chelsea,2017-18,0.0,0.0,"recency-weighted FPL points, decay 8**(-age/3)"
2431,Michael,Ledger,0.0,0.0,0.0,0.0,0.0,0.0,0.0,1,Ledger,DEF,Sunderland,2016-17,0.0,0.0,"recency-weighted FPL points, decay 8**(-age/3)"
2432,Harry,Lewis,0.0,0.0,0.0,0.0,0.0,0.0,0.0,4,Lewis,GKP,Southampton,2021-22,0.0,0.0,"recency-weighted FPL points, decay 8**(-age/3)"
2433,Carl,Stewart,0.0,0.0,0.0,0.0,0.0,0.0,0.0,2,Stewart,MID,Watford,2017-18,0.0,0.0,"recency-weighted FPL points, decay 8**(-age/3)"
2434,Brandon,Mason,0.0,0.0,0.0,0.0,0.0,0.0,0.11,2,Mason,DEF,Watford,2017-18,0.0,0.0,"recency-weighted FPL points, decay 8**(-age/3)"
2435,Michael,Folivi,0.0,0.0,0.0,0.0,0.0,0.0,0.01,2,Folivi,FWD,Watford,2017-18,0.0,0.0,"recency-weighted FPL points, decay 8**(-age/3)"
2436,Charlie,Rowan,0.0,0.0,0.0,0.0,0.0,0.0,0.0,1,Rowan,DEF,Watford,2016-17,0.0,0.0,"recency-weighted FPL points, decay 8**(-age/3)"
2437,Elliot,Embleton,0.0,0.0,0.0,0.0,0.0,0.0,0.0,1,Embleton,MID,Sunderland,2016-17,0.0,0.0,"recency-weighted FPL points, decay 8**(-age/3)"
2438,Ethan,Robson,0.0,0.0,0.0,0.0,0.0,0.0,0.0,1,Ethan Robson,MID,Sunderland,2016-17,0.0,0.0,"recency-weighted FPL points, decay 8**(-age/3)"
2439,Noor,Husin,0.0,0.0,0.0,0.0,0.0,0.0,0.0,1,Husin,MID,Crystal Palace,2016-17,0.0,0.0,"recency-weighted FPL points, decay 8**(-age/3)"
2440,Alex,Pike,0.0,0.0,0.0,0.0,0.0,0.0,0.0,1,Pike,DEF,West Ham,2016-17,0.0,0.0,"recency-weighted FPL points, decay 8**(-age/3)"
2441,Oluwatosin,Adarabioyo,0.0,0.0,0.0,0.0,0.0,0.0,0.0,2,Adarabioyo,DEF,Man City,2017-18,0.0,0.0,"recency-weighted FPL points, decay 8**(-age/3)"
2442,Michael,Phillips,0.0,0.0,0.0,0.0,0.0,0.0,0.0,1,Phillips,MID,Crystal Palace,2016-17,0.0,0.0,"recency-weighted FPL points, decay 8**(-age/3)"
2443,Andrew,Eleftheriou,0.0,0.0,0.0,0.0,0.0,0.0,0.05,1,Eleftheriou,DEF,Watford,2016-17,0.0,0.0,"recency-weighted FPL points, decay 8**(-age/3)"
2444,Lloyd,Isgrove,0.0,0.0,0.0,0.0,0.0,0.0,0.0,1,Isgrove,MID,Southampton,2016-17,0.0,0.0,"recency-weighted FPL points, decay 8**(-age/3)"
2445,Jack,Wells-Morrison,0.0,0.0,0.0,0.0,0.0,0.0,0.0,1,Wells-Morrison,MID,Crystal Palace,2022-23,0.0,0.0,"recency-weighted FPL points, decay 8**(-age/3)"
2447,Kofi,Balmer,0.0,0.0,0.0,0.0,0.0,0.0,0.0,1,Balmer,DEF,Crystal Palace,2022-23,0.0,0.0,"recency-weighted FPL points, decay 8**(-age/3)"
2448,Killian,Phillips,0.0,0.0,0.0,0.0,0.0,0.0,0.0,1,Phillips,MID,Crystal Palace,2022-23,0.0,0.0,"recency-weighted FPL points, decay 8**(-age/3)"
2449,Erdal,Rakip,0.0,0.0,0.0,0.0,0.0,0.0,0.0,1,Rakip,MID,Crystal Palace,2017-18,0.0,0.0,"recency-weighted FPL points, decay 8**(-age/3)"
2450,Jaroslaw,Jach,0.0,0.0,0.0,0.0,0.0,0.0,0.0,2,Jach,DEF,Crystal Palace,2018-19,0.0,0.0,"recency-weighted FPL points, decay 8**(-age/3)"
2451,Dion,Henry,0.0,0.0,0.0,0.0,0.0,0.0,0.0,1,Henry,GKP,Crystal Palace,2017-18,0.0,0.0,"recency-weighted FPL points, decay 8**(-age/3)"
2452,Levi,Lumeka,0.0,0.0,0.0,0.0,0.0,0.0,0.05,1,Lumeka,MID,Crystal Palace,2017-18,0.0,0.0,"recency-weighted FPL points, decay 8**(-age/3)"
2453,Jason,Lokilo,0.0,0.0,0.0,0.0,0.0,0.0,0.0,1,Lokilo,MID,Crystal Palace,2017-18,0.0,0.0,"recency-weighted FPL points, decay 8**(-age/3)"
2454,Dujon,Sterling,0.0,0.0,0.0,0.0,0.0,0.0,0.0,1,Sterling,DEF,Chelsea,2017-18,0.0,0.0,"recency-weighted FPL points, decay 8**(-age/3)"
2455,Jeremie,Boga,0.0,0.0,0.0,0.0,0.0,0.0,0.03,1,Boga,MID,Chelsea,2017-18,0.0,0.0,"recency-weighted FPL points, decay 8**(-age/3)"
2456,Jake,Hesketh,0.0,0.0,0.0,0.0,0.0,0.0,0.0,1,Hesketh,MID,Southampton,2016-17,0.0,0.0,"recency-weighted FPL points, decay 8**(-age/3)"
2457,Ben,Wynter,0.0,0.0,0.0,0.0,0.0,0.0,0.0,1,Wynter,DEF,Crystal Palace,2016-17,0.0,0.0,"recency-weighted FPL points, decay 8**(-age/3)"
2458,Stanley,Mills,0.0,0.0,0.0,0.0,0.0,0.0,0.0,1,Mills,MID,Everton,2022-23,0.0,0.0,"recency-weighted FPL points, decay 8**(-age/3)"
2459,Lawrence,Vigouroux,0.0,0.0,0.0,0.0,0.0,0.0,0.0,1,Vigouroux,GKP,Burnley,2023-24,0.0,0.0,"recency-weighted FPL points, decay 8**(-age/3)"
2460,Scott,Twine,0.0,0.0,0.0,0.0,0.0,0.0,0.0,1,Twine,MID,Burnley,2023-24,0.0,0.0,"recency-weighted FPL points, decay 8**(-age/3)"
2461,Luke,McNally,0.0,0.0,0.0,0.0,0.0,0.0,0.0,1,McNally,DEF,Burnley,2023-24,0.0,0.0,"recency-weighted FPL points, decay 8**(-age/3)"
2462,Denis,Franchi,0.0,0.0,0.0,0.0,0.0,0.0,0.0,1,Franchi,GKP,Burnley,2023-24,0.0,0.0,"recency-weighted FPL points, decay 8**(-age/3)"
2463,CJ,Egan-Riley,0.0,0.0,0.0,0.0,0.0,0.0,0.0,1,Egan-Riley,DEF,Burnley,2023-24,0.0,0.0,"recency-weighted FPL points, decay 8**(-age/3)"
2464,Darko,Churlinov,0.0,0.0,0.0,0.0,0.0,0.0,0.0,2,Churlinov,MID,Burnley,2025-26,0.0,0.0,"recency-weighted FPL points, decay 8**(-age/3)"
2465,Samuel,Bastien,0.0,0.0,0.0,0.0,0.0,0.0,0.0,1,Bastien,MID,Burnley,2023-24,0.0,0.0,"recency-weighted FPL points, decay 8**(-age/3)"
2466,Enock,Agyei,0.0,0.0,0.0,0.0,0.0,0.0,0.0,2,Boateng,MID,Burnley,2025-26,0.0,0.0,"recency-weighted FPL points, decay 8**(-age/3)"
2467,Noël,Atom,0.0,0.0,0.0,0.0,0.0,0.0,0.0,1,Atom,DEF,Brighton,2023-24,0.0,0.0,"recency-weighted FPL points, decay 8**(-age/3)"
2468,Samy,Chouchane,0.0,0.0,0.0,0.0,0.0,0.0,0.0,1,Chouchane,MID,Brighton,2023-24,0.0,0.0,"recency-weighted FPL points, decay 8**(-age/3)"
2469,Luca,Barrington,0.0,0.0,0.0,0.0,0.0,0.0,0.0,1,Barrington,MID,Brighton,2023-24,0.0,0.0,"recency-weighted FPL points, decay 8**(-age/3)"
2470,Leigh,Kavanagh,0.0,0.0,0.0,0.0,0.0,0.0,0.0,1,Kavanagh,DEF,Brighton,2023-24,0.0,0.0,"recency-weighted FPL points, decay 8**(-age/3)"
2471,Joshua,Duffus,0.0,0.0,0.0,0.0,0.0,0.0,0.0,1,Duffus,MID,Brighton,2023-24,0.0,0.0,"recency-weighted FPL points, decay 8**(-age/3)"
2473,Luke,McGee,0.0,0.0,0.0,0.0,0.0,0.0,0.0,1,McGee,GKP,Spurs,2016-17,0.0,0.0,"recency-weighted FPL points, decay 8**(-age/3)"
2474,Ângelo Gabriel,Borges Damaceno,0.0,0.0,0.0,0.0,0.0,0.0,0.0,2,Ângelo,MID,Chelsea,2024-25,0.0,0.0,"recency-weighted FPL points, decay 8**(-age/3)"
2476,Romelu,Lukaku Bolingoli,0.0,0.0,0.0,0.0,0.0,0.0,0.0,2,Lukaku,FWD,Chelsea,2024-25,0.0,0.0,"recency-weighted FPL points, decay 8**(-age/3)"
2477,Imari,Samuels,0.0,0.0,0.0,0.0,0.0,0.0,0.0,2,Samuels,DEF,Brighton,2024-25,0.0,0.0,"recency-weighted FPL points, decay 8**(-age/3)"
2479,James,Furlong,0.0,0.0,0.0,0.0,0.0,0.0,0.0,1,Furlong,DEF,Brighton,2022-23,0.0,0.0,"recency-weighted FPL points, decay 8**(-age/3)"
2480,Matt,Clarke,0.0,0.0,0.0,0.0,0.0,0.0,0.0,1,Clarke,DEF,Brighton,2022-23,0.0,0.0,"recency-weighted FPL points, decay 8**(-age/3)"
2481,Kacper,Kozłowski,0.0,0.0,0.0,0.0,0.0,0.0,0.0,3,Kozlowski,MID,Brighton,2024-25,0.0,0.0,"recency-weighted FPL points, decay 8**(-age/3)"
2482,Yegor,Yarmolyuk,0.0,0.0,0.0,0.0,0.0,0.0,0.0,1,Yarmolyuk,MID,Brentford,2022-23,0.0,0.0,"recency-weighted FPL points, decay 8**(-age/3)"
2483,Tristan,Crama,0.0,0.0,0.0,0.0,0.0,0.0,0.0,1,Crama,DEF,Brentford,2022-23,0.0,0.0,"recency-weighted FPL points, decay 8**(-age/3)"
2484,Fin,Stevens,0.0,0.0,0.0,0.0,0.0,0.0,0.0,1,Stevens,DEF,Brentford,2022-23,0.0,0.0,"recency-weighted FPL points, decay 8**(-age/3)"
2485,Max,Kinsey-Wellings,0.0,0.0,0.0,0.0,0.0,0.0,0.0,1,Kinsey-Wellings,DEF,Bournemouth,2022-23,0.0,0.0,"recency-weighted FPL points, decay 8**(-age/3)"
2486,Aiden,O'Neill,0.0,0.0,0.0,0.0,0.0,0.0,0.08,2,O'Neill,MID,Burnley,2017-18,0.0,0.0,"recency-weighted FPL points, decay 8**(-age/3)"
2488,Valintino,Adedokun,0.0,0.0,0.0,0.0,0.0,0.0,0.0,1,Adedokun,DEF,Brentford,2023-24,0.0,0.0,"recency-weighted FPL points, decay 8**(-age/3)"
2489,Ji-Soo,Kim,0.0,0.0,0.0,0.0,0.0,0.0,0.0,1,Kim Ji-Soo,DEF,Brentford,2023-24,0.0,0.0,"recency-weighted FPL points, decay 8**(-age/3)"
2490,Ethan,Brierley,0.0,0.0,0.0,0.0,0.0,0.0,0.0,2,Brierley,MID,Brentford,2024-25,0.0,0.0,"recency-weighted FPL points, decay 8**(-age/3)"
2491,Callan,McKenna,0.0,0.0,0.0,0.0,0.0,0.0,0.0,3,McKenna,GKP,Bournemouth,2025-26,0.0,0.0,"recency-weighted FPL points, decay 8**(-age/3)"
2492,Max,Kinsey,0.0,0.0,0.0,0.0,0.0,0.0,0.0,2,Kinsey,DEF,Bournemouth,2024-25,0.0,0.0,"recency-weighted FPL points, decay 8**(-age/3)"
2493,Lander,Emery,0.0,0.0,0.0,0.0,0.0,0.0,0.0,1,Emery,GKP,Aston Villa,2023-24,0.0,0.0,"recency-weighted FPL points, decay 8**(-age/3)"
2494,Jacob,Maddox,0.0,0.0,0.0,0.0,0.0,0.0,0.0,1,Maddox,MID,Southampton,2019-20,0.0,0.0,"recency-weighted FPL points, decay 8**(-age/3)"
2495,Will,Ferry,0.0,0.0,0.0,0.0,0.0,0.0,0.0,2,Ferry,MID,Southampton,2020-21,0.0,0.0,"recency-weighted FPL points, decay 8**(-age/3)"
2496,Lovre,Kalinic,0.0,0.0,0.0,0.0,0.0,0.0,0.0,1,Kalinic,GKP,Aston Villa,2019-20,0.0,0.0,"recency-weighted FPL points, decay 8**(-age/3)"
2497,Birkir,Bjarnason,0.0,0.0,0.0,0.0,0.0,0.0,0.0,1,Bjarnason,MID,Aston Villa,2019-20,0.0,0.0,"recency-weighted FPL points, decay 8**(-age/3)"
2499,Ben,Jackson,0.0,0.0,0.0,0.0,0.0,0.0,0.0,1,Jackson,DEF,Brighton,2023-24,0.0,0.0,"recency-weighted FPL points, decay 8**(-age/3)"
2500,Ben,Hinchcliffe,0.0,0.0,0.0,0.0,0.0,0.0,0.0,1,Hinchcliffe,FWD,Hull,2016-17,0.0,0.0,"recency-weighted FPL points, decay 8**(-age/3)"
2501,Álvaro,Arbeloa,0.0,0.0,0.0,0.0,0.0,0.0,0.25,1,Arbeloa,DEF,West Ham,2016-17,0.0,0.0,"recency-weighted FPL points, decay 8**(-age/3)"
2502,Alfie,Lewis,0.0,0.0,0.0,0.0,0.0,0.0,0.0,1,Lewis,MID,West Ham,2019-20,0.0,0.0,"recency-weighted FPL points, decay 8**(-age/3)"
2503,Bernardo,Costa Da Rosa,0.0,0.0,0.0,0.0,0.0,0.0,0.0,1,Rosa,MID,West Ham,2019-20,0.0,0.0,"recency-weighted FPL points, decay 8**(-age/3)"
2504,Gonçalo Bento,Soares Cardoso,0.0,0.0,0.0,0.0,0.0,0.0,0.0,1,Cardoso,DEF,West Ham,2019-20,0.0,0.0,"recency-weighted FPL points, decay 8**(-age/3)"
2505,Joseph,Anang,0.0,0.0,0.0,0.0,0.0,0.0,0.0,3,Anang,GKP,West Ham,2023-24,0.0,0.0,"recency-weighted FPL points, decay 8**(-age/3)"
2506,Ayotomiwa,Dele-Bashiru,0.0,0.0,0.0,0.0,0.0,0.0,0.0,2,Dele-Bashiru,MID,Watford,2021-22,0.0,0.0,"recency-weighted FPL points, decay 8**(-age/3)"
2507,Heurelho da Silva,Gomes,0.0,0.0,0.0,0.0,0.0,0.0,0.0,1,Gomes,GKP,Watford,2019-20,0.0,0.0,"recency-weighted FPL points, decay 8**(-age/3)"
2508,James,Daly,0.0,0.0,0.0,0.0,0.0,0.0,0.0,2,Daly,FWD,Crystal Palace,2019-20,0.0,0.0,"recency-weighted FPL points, decay 8**(-age/3)"
2509,Diego,Cavalieri,0.0,0.0,0.0,0.0,0.0,0.0,0.0,1,Cavalieri,GKP,Crystal Palace,2017-18,0.0,0.0,"recency-weighted FPL points, decay 8**(-age/3)"
2510,Nya,Kirby,0.0,0.0,0.0,0.0,0.0,0.0,0.0,2,Kirby,MID,Crystal Palace,2019-20,0.0,0.0,"recency-weighted FPL points, decay 8**(-age/3)"
2511,James,Weir,0.0,0.0,0.0,0.0,0.0,0.0,0.0,1,Weir,MID,Hull,2016-17,0.0,0.0,"recency-weighted FPL points, decay 8**(-age/3)"
2512,Jack,Rose,0.0,0.0,0.0,0.0,0.0,0.0,0.0,1,Rose,GKP,West Brom,2016-17,0.0,0.0,"recency-weighted FPL points, decay 8**(-age/3)"
2513,Maksymilian,Stryjek,0.0,0.0,0.0,0.0,0.0,0.0,0.0,1,Stryjek,GKP,Sunderland,2016-17,0.0,0.0,"recency-weighted FPL points, decay 8**(-age/3)"
2514,Michał,Karbownik,0.0,0.0,0.0,0.0,0.0,0.0,0.0,1,Karbownik,DEF,Brighton,2023-24,0.0,0.0,"recency-weighted FPL points, decay 8**(-age/3)"
2515,Matt,Butcher,0.0,0.0,0.0,0.0,0.0,0.0,0.0,2,Butcher,MID,Bournemouth,2018-19,0.0,0.0,"recency-weighted FPL points, decay 8**(-age/3)"
2516,Connor,Mahoney,0.0,0.0,0.0,0.0,0.0,0.0,0.0,1,Mahoney,MID,Bournemouth,2017-18,0.0,0.0,"recency-weighted FPL points, decay 8**(-age/3)"
2517,Jordi,Osei-Tutu,0.0,0.0,0.0,0.0,0.0,0.0,0.0,1,Osei-Tutu,DEF,Arsenal,2017-18,0.0,0.0,"recency-weighted FPL points, decay 8**(-age/3)"
2518,Diogo,Pinheiro Monteiro,0.0,0.0,0.0,0.0,0.0,0.0,0.0,1,Monteiro,DEF,Leeds,2022-23,0.0,0.0,"recency-weighted FPL points, decay 8**(-age/3)"
2519,Jeremiah,Chilokoa-Mullen,0.0,0.0,0.0,0.0,0.0,0.0,0.0,1,Chilokoa-Mullen,DEF,Leeds,2022-23,0.0,0.0,"recency-weighted FPL points, decay 8**(-age/3)"
2520,Wanya,Marçal-Madivadua,0.0,0.0,0.0,0.0,0.0,0.0,0.0,1,Marçal-Madivadua,MID,Leicester,2022-23,0.0,0.0,"recency-weighted FPL points, decay 8**(-age/3)"
2521,Sam,Baldock,0.0,0.0,0.0,0.0,0.0,0.0,0.06,2,Baldock,FWD,Brighton,2018-19,0.0,0.0,"recency-weighted FPL points, decay 8**(-age/3)"
2522,Tymur,Tutierov,0.0,0.0,0.0,0.0,0.0,0.0,0.0,1,Tutierov,MID,Sunderland,2025-26,0.0,0.0,"recency-weighted FPL points, decay 8**(-age/3)"
2523,Joe,Williams,0.0,0.0,0.0,0.0,0.0,0.0,0.0,1,Joe Williams,MID,Everton,2016-17,0.0,0.0,"recency-weighted FPL points, decay 8**(-age/3)"
2524,Alex,Telles,0.0,0.0,0.0,0.0,0.0,0.0,0.0,2,Alex Telles,DEF,Man Utd,2023-24,0.0,0.0,"recency-weighted FPL points, decay 8**(-age/3)"
2525,Alex,Robertson,0.0,0.0,0.0,0.0,0.0,0.0,0.0,1,Robertson,MID,Man City,2022-23,0.0,0.0,"recency-weighted FPL points, decay 8**(-age/3)"
2526,Ben,Knight,0.0,0.0,0.0,0.0,0.0,0.0,0.0,1,Knight,MID,Man City,2022-23,0.0,0.0,"recency-weighted FPL points, decay 8**(-age/3)"
2528,Yago,de Santiago Alonso,0.0,0.0,0.0,0.0,0.0,0.0,0.0,2,Yago Santiago,MID,Spurs,2023-24,0.0,0.0,"recency-weighted FPL points, decay 8**(-age/3)"
2529,Rene,Gilmartin,0.0,0.0,0.0,0.0,0.0,0.0,0.0,1,Gilmartin,GKP,Watford,2016-17,0.0,0.0,"recency-weighted FPL points, decay 8**(-age/3)"
2530,Gerhard,Tremmel,0.0,0.0,0.0,0.0,0.0,0.0,0.0,1,Tremmel,GKP,Swansea,2016-17,0.0,0.0,"recency-weighted FPL points, decay 8**(-age/3)"
2531,Kieran,O'Hara,0.0,0.0,0.0,0.0,0.0,0.0,0.0,1,O'Hara,GKP,Man Utd,2016-17,0.0,0.0,"recency-weighted FPL points, decay 8**(-age/3)"
2532,Matthew,Worthington,0.0,0.0,0.0,0.0,0.0,0.0,0.02,1,Worthington,MID,Bournemouth,2016-17,0.0,0.0,"recency-weighted FPL points, decay 8**(-age/3)"
2533,Daniel,Batty,0.0,0.0,0.0,0.0,0.0,0.0,0.0,1,Batty,MID,Hull,2016-17,0.0,0.0,"recency-weighted FPL points, decay 8**(-age/3)"
2534,Daniel,Kemp,0.0,0.0,0.0,0.0,0.0,0.0,0.0,1,Kemp,MID,West Ham,2016-17,0.0,0.0,"recency-weighted FPL points, decay 8**(-age/3)"
2535,Zachary,Dearnley,0.0,0.0,0.0,0.0,0.0,0.0,0.0,1,Dearnley,MID,Man Utd,2016-17,0.0,0.0,"recency-weighted FPL points, decay 8**(-age/3)"
2536,Arthur Henrique,Ramos de Oliveira Melo,0.0,0.0,0.0,0.0,0.0,0.0,0.0,1,Arthur,MID,Liverpool,2022-23,0.0,0.0,"recency-weighted FPL points, decay 8**(-age/3)"
2537,Lyle,Taylor,0.0,0.0,0.0,0.0,0.0,0.0,0.0,1,Lyle Taylor,FWD,Nott'm Forest,2022-23,0.0,0.0,"recency-weighted FPL points, decay 8**(-age/3)"
2538,Garang,Kuol,0.0,0.0,0.0,0.0,0.0,0.0,0.0,4,Kuol,MID,Newcastle,2025-26,0.0,0.0,"recency-weighted FPL points, decay 8**(-age/3)"
2539,Marc,Jurado Gomez,0.0,0.0,0.0,0.0,0.0,0.0,0.0,1,Jurado,DEF,Man Utd,2022-23,0.0,0.0,"recency-weighted FPL points, decay 8**(-age/3)"
2540,Rhys,Bennett,0.0,0.0,0.0,0.0,0.0,0.0,0.0,2,Bennett,DEF,Man Utd,2023-24,0.0,0.0,"recency-weighted FPL points, decay 8**(-age/3)"
2541,Matej,Kovár,0.0,0.0,0.0,0.0,0.0,0.0,0.0,1,Kovár,GKP,Man Utd,2022-23,0.0,0.0,"recency-weighted FPL points, decay 8**(-age/3)"
2542,Luke,Mbete-Tabu,0.0,0.0,0.0,0.0,0.0,0.0,0.0,1,Mbete,DEF,Man City,2022-23,0.0,0.0,"recency-weighted FPL points, decay 8**(-age/3)"
2543,Josh,Gracey,0.0,0.0,0.0,0.0,0.0,0.0,0.0,1,Gracey,GKP,Wolves,2025-26,0.0,0.0,"recency-weighted FPL points, decay 8**(-age/3)"
2544,Keiber,Lamadrid,0.0,0.0,0.0,0.0,0.0,0.0,0.0,1,Lamadrid,MID,West Ham,2025-26,0.0,0.0,"recency-weighted FPL points, decay 8**(-age/3)"
2545,Finlay,Herrick,0.0,0.0,0.0,0.0,0.0,0.0,0.0,1,Herrick,GKP,West Ham,2025-26,0.0,0.0,"recency-weighted FPL points, decay 8**(-age/3)"
2546,Bastien,Meupiyou Menadjou,0.0,0.0,0.0,0.0,0.0,0.0,0.0,1,Meupiyou,DEF,Wolves,2025-26,0.0,0.0,"recency-weighted FPL points, decay 8**(-age/3)"
2547,Enso,González Medina,0.0,0.0,0.0,0.0,0.0,0.0,0.0,1,Gonzalez,MID,Wolves,2025-26,0.0,0.0,"recency-weighted FPL points, decay 8**(-age/3)"
2548,Fábio,Soares Silva,0.0,0.0,0.0,0.0,0.0,0.0,0.0,1,Fábio Silva,FWD,Wolves,2025-26,0.0,0.0,"recency-weighted FPL points, decay 8**(-age/3)"
2549,Saheed,Olagunju,0.0,0.0,0.0,0.0,0.0,0.0,0.0,1,Olagunju,DEF,Wolves,2025-26,0.0,0.0,"recency-weighted FPL points, decay 8**(-age/3)"
2550,Pierre,Ekwah Elimby,0.0,0.0,0.0,0.0,0.0,0.0,0.0,1,Ekwah,MID,Sunderland,2025-26,0.0,0.0,"recency-weighted FPL points, decay 8**(-age/3)"
2552,Harry,Tyrer,0.0,0.0,0.0,0.0,0.0,0.0,0.0,3,Tyrer,GKP,Everton,2025-26,0.0,0.0,"recency-weighted FPL points, decay 8**(-age/3)"
2553,Ryan,Astley,0.0,0.0,0.0,0.0,0.0,0.0,0.0,1,Astley,DEF,Everton,2020-21,0.0,0.0,"recency-weighted FPL points, decay 8**(-age/3)"
2554,Kyle,John,0.0,0.0,0.0,0.0,0.0,0.0,0.0,2,John,DEF,Everton,2022-23,0.0,0.0,"recency-weighted FPL points, decay 8**(-age/3)"
2555,Reece,Hannam,0.0,0.0,0.0,0.0,0.0,0.0,0.0,2,Hannam,DEF,Crystal Palace,2021-22,0.0,0.0,"recency-weighted FPL points, decay 8**(-age/3)"
2556,Kyle,Taylor,0.0,0.0,0.0,0.0,0.0,0.0,0.0,2,Taylor,MID,Bournemouth,2018-19,0.0,0.0,"recency-weighted FPL points, decay 8**(-age/3)"
2558,Takuma,Asano,0.0,0.0,0.0,0.0,0.0,0.0,0.0,1,Asano,FWD,Arsenal,2016-17,0.0,0.0,"recency-weighted FPL points, decay 8**(-age/3)"
2559,Yaya,Sanogo,0.0,0.0,0.0,0.0,0.0,0.0,0.0,1,Sanogo,FWD,Arsenal,2016-17,0.0,0.0,"recency-weighted FPL points, decay 8**(-age/3)"
2560,Joel,Campbell,0.0,0.0,0.0,0.0,0.0,0.0,0.0,1,Campbell,MID,Arsenal,2016-17,0.0,0.0,"recency-weighted FPL points, decay 8**(-age/3)"
2561,Serge,Gnabry,0.0,0.0,0.0,0.0,0.0,0.0,0.0,1,Gnabry,MID,Arsenal,2016-17,0.0,0.0,"recency-weighted FPL points, decay 8**(-age/3)"
2563,Ian,Poveda-Ocampo,0.0,0.0,0.0,0.0,0.0,0.0,0.0,1,Poveda,MID,Sunderland,2025-26,0.0,0.0,"recency-weighted FPL points, decay 8**(-age/3)"
2564,David,Jones,0.0,0.0,0.0,0.0,0.0,0.0,0.08,1,Jones,MID,Burnley,2016-17,0.0,0.0,"recency-weighted FPL points, decay 8**(-age/3)"
2566,Luke,Chambers,0.0,0.0,0.0,0.0,0.0,0.0,0.0,2,Chambers,DEF,Liverpool,2023-24,0.0,0.0,"recency-weighted FPL points, decay 8**(-age/3)"
2568,Uwe,Hünemeier,0.0,0.0,0.0,0.0,0.0,0.0,0.03,1,Hünemeier,DEF,Brighton,2017-18,0.0,0.0,"recency-weighted FPL points, decay 8**(-age/3)"
2569,Niki,Mäenpää,0.0,0.0,0.0,0.0,0.0,0.0,0.0,1,Mäenpää,GKP,Brighton,2017-18,0.0,0.0,"recency-weighted FPL points, decay 8**(-age/3)"
2570,Ryan,Inniss,0.0,0.0,0.0,0.0,0.0,0.0,0.0,1,Inniss,DEF,Crystal Palace,2020-21,0.0,0.0,"recency-weighted FPL points, decay 8**(-age/3)"
2571,Steve,Sidwell,0.0,0.0,0.0,0.0,0.0,0.0,0.0,1,Sidwell,MID,Brighton,2017-18,0.0,0.0,"recency-weighted FPL points, decay 8**(-age/3)"
2572,Joe,Wormleighton,0.0,0.0,0.0,0.0,0.0,0.0,0.0,1,Wormleighton,DEF,Leicester,2022-23,0.0,0.0,"recency-weighted FPL points, decay 8**(-age/3)"
2573,Sammy,Braybrooke,0.0,0.0,0.0,0.0,0.0,0.0,0.0,2,Braybrooke,MID,Leicester,2024-25,0.0,0.0,"recency-weighted FPL points, decay 8**(-age/3)"
2574,Matthew,Dibley-Dias,0.0,0.0,0.0,0.0,0.0,0.0,0.0,2,Dibley-Dias,MID,Fulham,2023-24,0.0,0.0,"recency-weighted FPL points, decay 8**(-age/3)"
2575,Charlie,Robinson,0.0,0.0,0.0,0.0,0.0,0.0,0.0,1,C.Robinson,DEF,Fulham,2022-23,0.0,0.0,"recency-weighted FPL points, decay 8**(-age/3)"
2576,George,Wickens,0.0,0.0,0.0,0.0,0.0,0.0,0.0,1,Wickens,GKP,Fulham,2022-23,0.0,0.0,"recency-weighted FPL points, decay 8**(-age/3)"
2577,Kristian,Sekularac,0.0,0.0,0.0,0.0,0.0,0.0,0.0,2,Sekularac,MID,Fulham,2023-24,0.0,0.0,"recency-weighted FPL points, decay 8**(-age/3)"
2578,Stefan,Parkes,0.0,0.0,0.0,0.0,0.0,0.0,0.0,1,Parkes,DEF,Fulham,2022-23,0.0,0.0,"recency-weighted FPL points, decay 8**(-age/3)"
2579,Marcus,Browne,0.0,0.0,0.0,0.0,0.0,0.0,0.0,2,Browne,MID,West Ham,2017-18,0.0,0.0,"recency-weighted FPL points, decay 8**(-age/3)"
2580,Jimmy,Morgan,0.0,0.0,0.0,0.0,0.0,0.0,0.0,1,Morgan,FWD,Southampton,2022-23,0.0,0.0,"recency-weighted FPL points, decay 8**(-age/3)"
2581,Lewis,Payne,0.0,0.0,0.0,0.0,0.0,0.0,0.0,1,Payne,MID,Southampton,2022-23,0.0,0.0,"recency-weighted FPL points, decay 8**(-age/3)"
2582,Mateusz,Lis,0.0,0.0,0.0,0.0,0.0,0.0,0.0,2,Lis,GKP,Southampton,2024-25,0.0,0.0,"recency-weighted FPL points, decay 8**(-age/3)"
2583,George,Shelvey,0.0,0.0,0.0,0.0,0.0,0.0,0.0,2,G.Shelvey,GKP,Nott'm Forest,2023-24,0.0,0.0,"recency-weighted FPL points, decay 8**(-age/3)"
2584,Zidane,Iqbal,0.0,0.0,0.0,0.0,0.0,0.0,0.0,1,Iqbal,MID,Man Utd,2022-23,0.0,0.0,"recency-weighted FPL points, decay 8**(-age/3)"
2585,Anders,Lindegaard,0.0,0.0,0.0,0.0,0.0,0.0,0.0,2,Lindegaard,GKP,Burnley,2018-19,0.0,0.0,"recency-weighted FPL points, decay 8**(-age/3)"
2586,Adam,Legzdins,0.0,0.0,0.0,0.0,0.0,0.0,0.0,1,Legzdins,GKP,Burnley,2017-18,0.0,0.0,"recency-weighted FPL points, decay 8**(-age/3)"
2587,Terry,Ablade,0.0,0.0,0.0,0.0,0.0,0.0,0.0,1,Ablade,FWD,Fulham,2022-23,0.0,0.0,"recency-weighted FPL points, decay 8**(-age/3)"
2588,Ivan,Neves Abreu Cavaleiro,0.0,0.0,0.0,0.0,0.0,0.0,0.0,2,I.Cavaleiro,MID,Fulham,2023-24,0.0,0.0,"recency-weighted FPL points, decay 8**(-age/3)"
2589,Paulo,Gazzaniga Farias,0.0,0.0,0.0,0.0,0.0,0.0,0.0,1,Gazzaniga,GKP,Fulham,2022-23,0.0,0.0,"recency-weighted FPL points, decay 8**(-age/3)"
2590,Sean,McAllister,0.0,0.0,0.0,0.0,0.0,0.0,0.0,1,McAllister,MID,Everton,2022-23,0.0,0.0,"recency-weighted FPL points, decay 8**(-age/3)"
2592,Joleon,Lescott,0.0,0.0,0.0,0.0,0.0,0.0,0.12,1,Lescott,DEF,Sunderland,2016-17,0.0,0.0,"recency-weighted FPL points, decay 8**(-age/3)"
2593,Matthew,James,0.0,0.0,0.0,0.0,0.0,0.0,0.0,1,James,MID,Leicester,2016-17,0.0,0.0,"recency-weighted FPL points, decay 8**(-age/3)"
2594,Ryan,Allsop,0.0,0.0,0.0,0.0,0.0,0.0,0.09,1,Allsop,GKP,Bournemouth,2016-17,0.0,0.0,"recency-weighted FPL points, decay 8**(-age/3)"
2595,Thibaud,Verlinden,0.0,0.0,0.0,0.0,0.0,0.0,0.0,1,Verlinden,MID,Stoke,2016-17,0.0,0.0,"recency-weighted FPL points, decay 8**(-age/3)"
2596,Stuart,Taylor,0.0,0.0,0.0,0.0,0.0,0.0,0.0,2,Taylor,GKP,Southampton,2017-18,0.0,0.0,"recency-weighted FPL points, decay 8**(-age/3)"
2597,Mateusz,Hewelt,0.0,0.0,0.0,0.0,0.0,0.0,0.0,1,Hewelt,GKP,Everton,2016-17,0.0,0.0,"recency-weighted FPL points, decay 8**(-age/3)"
2598,Giedrius,Arlauskis,0.0,0.0,0.0,0.0,0.0,0.0,0.0,1,Arlauskis,GKP,Watford,2016-17,0.0,0.0,"recency-weighted FPL points, decay 8**(-age/3)"
2599,Samuel,Shashoua,0.0,0.0,0.0,0.0,0.0,0.0,0.0,1,Shashoua,MID,Spurs,2016-17,0.0,0.0,"recency-weighted FPL points, decay 8**(-age/3)"
2600,Filip,Lesniak,0.0,0.0,0.0,0.0,0.0,0.0,0.0,1,Lesniak,MID,Spurs,2016-17,18.0,0.0,"recency-weighted FPL points, decay 8**(-age/3)"
2601,Elliott,Moore,0.0,0.0,0.0,0.0,0.0,0.0,0.0,1,Moore,DEF,Leicester,2016-17,0.0,0.0,"recency-weighted FPL points, decay 8**(-age/3)"
2602,Moses,Makasi,0.0,0.0,0.0,0.0,0.0,0.0,0.0,2,Makasi,MID,West Ham,2017-18,0.0,0.0,"recency-weighted FPL points, decay 8**(-age/3)"
2603,Eduardo,Dos Reis Carvalho,0.0,0.0,0.0,0.0,0.0,0.0,0.0,1,Eduardo,GKP,Chelsea,2016-17,0.0,0.0,"recency-weighted FPL points, decay 8**(-age/3)"
2604,James,Husband,0.0,0.0,0.0,0.0,0.0,0.0,0.06,1,Husband,DEF,Middlesbrough,2016-17,0.0,0.0,"recency-weighted FPL points, decay 8**(-age/3)"
2605,Matt,Macey,0.0,0.0,0.0,0.0,0.0,0.0,0.0,5,Macey,GKP,Luton,2023-24,0.0,0.0,"recency-weighted FPL points, decay 8**(-age/3)"
2606,Dion,Pereira,0.0,0.0,0.0,0.0,0.0,0.0,0.02,2,Pereira,MID,Luton,2023-24,0.0,0.0,"recency-weighted FPL points, decay 8**(-age/3)"
2607,Eduardo,dos Reis Carvalho,0.0,0.0,0.0,0.0,0.0,0.0,0.0,1,Eduardo,GKP,Chelsea,2017-18,0.0,0.0,"recency-weighted FPL points, decay 8**(-age/3)"
2608,Matthew,Willock,0.0,0.0,0.0,0.0,0.0,0.0,0.0,1,Willock,MID,Man Utd,2016-17,0.0,0.0,"recency-weighted FPL points, decay 8**(-age/3)"
2609,Martín,Cáceres,0.0,0.0,0.0,0.0,0.0,0.0,0.09,1,Cáceres,DEF,Southampton,2016-17,0.0,0.0,"recency-weighted FPL points, decay 8**(-age/3)"
2610,Daniel,Agyei,0.0,0.0,0.0,0.0,0.0,0.0,0.02,1,Agyei,FWD,Burnley,2016-17,0.0,0.0,"recency-weighted FPL points, decay 8**(-age/3)"
2611,Mouez,Hassen,0.0,0.0,0.0,0.0,0.0,0.0,0.0,1,Hassen,GKP,Southampton,2016-17,0.0,0.0,"recency-weighted FPL points, decay 8**(-age/3)"
2612,Jiri,Skalak,0.0,0.0,0.0,0.0,0.0,0.0,0.0,1,Skalak,MID,Brighton,2017-18,0.0,0.0,"recency-weighted FPL points, decay 8**(-age/3)"
2613,Braian,Ojeda Rodríguez,0.0,0.0,0.0,0.0,0.0,0.0,0.0,2,Ojeda,MID,Nott'm Forest,2023-24,0.0,0.0,"recency-weighted FPL points, decay 8**(-age/3)"
2614,Loïc,Mbe Soh,0.0,0.0,0.0,0.0,0.0,0.0,0.0,2,Mbe Soh,DEF,Nott'm Forest,2023-24,0.0,0.0,"recency-weighted FPL points, decay 8**(-age/3)"
2615,Richie,Laryea,0.0,0.0,0.0,0.0,0.0,0.0,0.0,2,Laryea,DEF,Nott'm Forest,2023-24,0.0,0.0,"recency-weighted FPL points, decay 8**(-age/3)"
2616,Xande,Nascimento da Costa Silva,0.0,0.0,0.0,0.0,0.0,0.0,0.0,1,Xande Silva,MID,Nott'm Forest,2022-23,0.0,0.0,"recency-weighted FPL points, decay 8**(-age/3)"
2617,Jonathan,Panzo,0.0,0.0,0.0,0.0,0.0,0.0,0.0,3,Panzo,DEF,Nott'm Forest,2024-25,0.0,0.0,"recency-weighted FPL points, decay 8**(-age/3)"
2618,Mohamed,Dräger,0.0,0.0,0.0,0.0,0.0,0.0,0.0,2,Dräger,DEF,Nott'm Forest,2023-24,0.0,0.0,"recency-weighted FPL points, decay 8**(-age/3)"
2619,Brice,Samba,0.0,0.0,0.0,0.0,0.0,0.0,0.0,1,Samba,GKP,Nott'm Forest,2022-23,0.0,0.0,"recency-weighted FPL points, decay 8**(-age/3)"
2620,Joel,Taylor,0.0,0.0,0.0,0.0,0.0,0.0,0.0,1,Taylor,DEF,Stoke,2016-17,0.0,0.0,"recency-weighted FPL points, decay 8**(-age/3)"
2621,Jordan,Smith,0.0,0.0,0.0,0.0,0.0,0.0,0.0,1,Smith,GKP,Nott'm Forest,2022-23,0.0,0.0,"recency-weighted FPL points, decay 8**(-age/3)"
2622,Dale,Taylor,0.0,0.0,0.0,0.0,0.0,0.0,0.0,1,Dale Taylor,FWD,Nott'm Forest,2022-23,0.0,0.0,"recency-weighted FPL points, decay 8**(-age/3)"
2623,Loïc,Badé,0.0,0.0,0.0,0.0,0.0,0.0,0.0,1,Badé,DEF,Nott'm Forest,2022-23,0.0,0.0,"recency-weighted FPL points, decay 8**(-age/3)"
2626,Baily,Cargill,0.0,0.0,0.0,0.0,0.0,0.0,0.01,1,Cargill,DEF,Bournemouth,2016-17,0.0,0.0,"recency-weighted FPL points, decay 8**(-age/3)"
2627,Kamil,Conteh,0.0,0.0,0.0,0.0,0.0,0.0,0.0,1,Conteh,MID,Watford,2021-22,0.0,0.0,"recency-weighted FPL points, decay 8**(-age/3)"
2628,Vincent,Angelini,0.0,0.0,0.0,0.0,0.0,0.0,0.0,2,Angelini,GKP,Brentford,2023-24,0.0,0.0,"recency-weighted FPL points, decay 8**(-age/3)"
2629,James,Morris,0.0,0.0,0.0,0.0,0.0,0.0,0.0,1,Morris,DEF,Watford,2021-22,0.0,0.0,"recency-weighted FPL points, decay 8**(-age/3)"
2630,Adedapo,Awokoya-Mebude,0.0,0.0,0.0,0.0,0.0,0.0,0.0,1,Mebude,FWD,Watford,2021-22,0.0,0.0,"recency-weighted FPL points, decay 8**(-age/3)"
2631,Matthew,Pollock,0.0,0.0,0.0,0.0,0.0,0.0,0.0,1,Pollock,DEF,Watford,2021-22,0.0,0.0,"recency-weighted FPL points, decay 8**(-age/3)"
2632,Kwadwo,Baah,0.0,0.0,0.0,0.0,0.0,0.0,0.0,1,Baah,MID,Watford,2021-22,0.0,0.0,"recency-weighted FPL points, decay 8**(-age/3)"
2633,Sébastien,Pocognoli,0.0,0.0,0.0,0.0,0.0,0.0,0.0,1,Pocognoli,DEF,West Brom,2016-17,0.0,0.0,"recency-weighted FPL points, decay 8**(-age/3)"
2634,Owen,Hampson,0.0,0.0,0.0,0.0,0.0,0.0,0.0,1,Hampson,MID,Sheffield Utd,2023-24,0.0,0.0,"recency-weighted FPL points, decay 8**(-age/3)"
2635,Dovydas,Sasnauskas,0.0,0.0,0.0,0.0,0.0,0.0,0.0,1,Sasnauskas,DEF,Sheffield Utd,2023-24,0.0,0.0,"recency-weighted FPL points, decay 8**(-age/3)"
2636,Billy,Blacker,0.0,0.0,0.0,0.0,0.0,0.0,0.0,1,Blacker,FWD,Sheffield Utd,2023-24,0.0,0.0,"recency-weighted FPL points, decay 8**(-age/3)"
2637,Andre,Green,0.0,0.0,0.0,0.0,0.0,0.0,0.0,1,Green,MID,Aston Villa,2019-20,0.0,0.0,"recency-weighted FPL points, decay 8**(-age/3)"
2638,Panagiotis,Retsos,0.0,0.0,0.0,0.0,0.0,0.0,0.0,1,Retsos,DEF,Sheffield Utd,2019-20,0.0,0.0,"recency-weighted FPL points, decay 8**(-age/3)"
2639,Zak,Sturge,0.0,0.0,0.0,0.0,0.0,0.0,0.0,1,Sturge,DEF,Chelsea,2023-24,0.0,0.0,"recency-weighted FPL points, decay 8**(-age/3)"
2640,Matthew,Clarke,0.0,0.0,0.0,0.0,0.0,0.0,0.0,2,Clarke,DEF,Brighton,2020-21,0.0,0.0,"recency-weighted FPL points, decay 8**(-age/3)"
2641,Mihai-Alexandru,Dobre,0.0,0.0,0.0,0.0,0.0,0.0,0.0,1,Dobre,MID,Bournemouth,2019-20,0.0,0.0,"recency-weighted FPL points, decay 8**(-age/3)"
2642,Gavin,Kilkenny,0.0,0.0,0.0,0.0,0.0,0.0,0.0,2,Kilkenny,MID,Bournemouth,2023-24,0.0,0.0,"recency-weighted FPL points, decay 8**(-age/3)"
2643,Christian,Saydee,0.0,0.0,0.0,0.0,0.0,0.0,0.0,2,Saydee,FWD,Bournemouth,2022-23,0.0,0.0,"recency-weighted FPL points, decay 8**(-age/3)"
2644,Kaine,Hayden,0.0,0.0,0.0,0.0,0.0,0.0,0.0,3,Hayden,DEF,Aston Villa,2021-22,0.0,0.0,"recency-weighted FPL points, decay 8**(-age/3)"
2646,Tanguy,Ndombélé Alvaro,0.0,0.0,0.0,0.0,0.0,0.0,0.0,1,Ndombele,MID,Spurs,2023-24,0.0,0.0,"recency-weighted FPL points, decay 8**(-age/3)"
2647,Rickie,Lambert,0.0,0.0,0.0,0.0,0.0,0.0,0.01,1,Lambert,FWD,West Brom,2016-17,0.0,0.0,"recency-weighted FPL points, decay 8**(-age/3)"
2648,Callum,McManaman,0.0,0.0,0.0,0.0,0.0,0.0,0.0,1,McManaman,MID,West Brom,2016-17,0.0,0.0,"recency-weighted FPL points, decay 8**(-age/3)"
2649,Matthew,Whittingham,0.0,0.0,0.0,0.0,0.0,0.0,0.0,1,Whittingham,MID,Wolves,2023-24,0.0,0.0,"recency-weighted FPL points, decay 8**(-age/3)"
2650,Bruno,Cavaco Jordão,0.0,0.0,0.0,0.0,0.0,0.0,0.0,1,Jordão,MID,Wolves,2023-24,0.0,0.0,"recency-weighted FPL points, decay 8**(-age/3)"
2651,Joe,Hodge,0.0,0.0,0.0,0.0,0.0,0.0,0.0,3,Hodge,MID,Wolves,2025-26,0.0,0.0,"recency-weighted FPL points, decay 8**(-age/3)"
2652,Bendegúz,Bolla,0.0,0.0,0.0,0.0,0.0,0.0,0.0,1,Bolla,DEF,Wolves,2023-24,0.0,0.0,"recency-weighted FPL points, decay 8**(-age/3)"
2653,Michael,Verrips,0.0,0.0,0.0,0.0,0.0,0.0,0.0,2,Verrips,GKP,Sheffield Utd,2020-21,0.0,0.0,"recency-weighted FPL points, decay 8**(-age/3)"
2654,Lucas,Torreira di Pascua,0.0,0.0,0.0,0.0,0.0,0.0,0.0,1,Torreira,MID,Arsenal,2022-23,0.0,0.0,"recency-weighted FPL points, decay 8**(-age/3)"
2655,Pablo,Marí Villar,0.0,0.0,0.0,0.0,0.0,0.0,0.0,1,Pablo Marí,DEF,Arsenal,2022-23,0.0,0.0,"recency-weighted FPL points, decay 8**(-age/3)"
2656,Dion,Sanderson,0.0,0.0,0.0,0.0,0.0,0.0,0.0,1,Sanderson,DEF,Wolves,2021-22,0.0,0.0,"recency-weighted FPL points, decay 8**(-age/3)"
2657,Bruno André,Cavaco Jordão,0.0,0.0,0.0,0.0,0.0,0.0,0.0,1,Jordão,MID,Wolves,2021-22,0.0,0.0,"recency-weighted FPL points, decay 8**(-age/3)"
2658,James,Storer,0.0,0.0,0.0,0.0,0.0,0.0,0.0,1,Storer,GKP,Wolves,2021-22,0.0,0.0,"recency-weighted FPL points, decay 8**(-age/3)"
2659,Louie,Moulden,0.0,0.0,0.0,0.0,0.0,0.0,0.0,1,Moulden,GKP,Wolves,2021-22,0.0,0.0,"recency-weighted FPL points, decay 8**(-age/3)"
2660,Yoan,Gouffran,0.0,0.0,0.0,0.0,0.0,0.0,0.0,1,Gouffran,MID,Newcastle,2017-18,0.0,0.0,"recency-weighted FPL points, decay 8**(-age/3)"
2661,Jili,Buyabu,0.0,0.0,0.0,0.0,0.0,0.0,0.0,1,Buyabu,DEF,Sheffield Utd,2023-24,0.0,0.0,"recency-weighted FPL points, decay 8**(-age/3)"
2662,Louie,Marsh,0.0,0.0,0.0,0.0,0.0,0.0,0.0,1,Marsh,FWD,Sheffield Utd,2023-24,0.0,0.0,"recency-weighted FPL points, decay 8**(-age/3)"
2663,Reece,Oxford,0.0,0.0,0.0,0.0,0.0,0.0,0.01,3,Oxford,DEF,West Ham,2018-19,0.0,0.0,"recency-weighted FPL points, decay 8**(-age/3)"
2664,Pierre,Ekwah,0.0,0.0,0.0,0.0,0.0,0.0,0.0,1,Ekwah,DEF,West Ham,2021-22,0.0,0.0,"recency-weighted FPL points, decay 8**(-age/3)"
2665,Armstrong,Oko-Flex,0.0,0.0,0.0,0.0,0.0,0.0,0.0,2,Oko-Flex,MID,West Ham,2022-23,0.0,0.0,"recency-weighted FPL points, decay 8**(-age/3)"
2666,Ajibola,Alese,0.0,0.0,0.0,0.0,0.0,0.0,0.0,1,Alese,DEF,West Ham,2021-22,0.0,0.0,"recency-weighted FPL points, decay 8**(-age/3)"
2667,Daryl,Murphy,0.0,0.0,0.0,0.0,0.0,0.0,0.0,1,Murphy,FWD,Newcastle,2017-18,0.0,0.0,"recency-weighted FPL points, decay 8**(-age/3)"
2668,Adrian,Blake,0.0,0.0,0.0,0.0,0.0,0.0,0.0,1,Blake,MID,Watford,2021-22,0.0,0.0,"recency-weighted FPL points, decay 8**(-age/3)"
2669,Tiago,Çukur,0.0,0.0,0.0,0.0,0.0,0.0,0.0,1,Çukur,FWD,Watford,2021-22,0.0,0.0,"recency-weighted FPL points, decay 8**(-age/3)"
2670,Shaqai,Forde,0.0,0.0,0.0,0.0,0.0,0.0,0.0,1,Forde,FWD,Watford,2021-22,0.0,0.0,"recency-weighted FPL points, decay 8**(-age/3)"
2671,Adam,Davies,0.0,0.0,0.0,0.0,0.0,0.0,0.0,1,A.Davies,GKP,Sheffield Utd,2023-24,0.0,0.0,"recency-weighted FPL points, decay 8**(-age/3)"
2672,Ismaila,Coulibaly,0.0,0.0,0.0,0.0,0.0,0.0,0.0,1,Coulibaly,MID,Sheffield Utd,2023-24,0.0,0.0,"recency-weighted FPL points, decay 8**(-age/3)"
2673,Jordan,Amissah,0.0,0.0,0.0,0.0,0.0,0.0,0.0,1,Amissah,GKP,Sheffield Utd,2023-24,0.0,0.0,"recency-weighted FPL points, decay 8**(-age/3)"
2674,Joe,Gardner,0.0,0.0,0.0,0.0,0.0,0.0,0.0,1,Gardner,FWD,Nott'm Forest,2023-24,0.0,0.0,"recency-weighted FPL points, decay 8**(-age/3)"
2675,Detlef Esapa,Osong,0.0,0.0,0.0,0.0,0.0,0.0,0.0,1,Osong,FWD,Nott'm Forest,2023-24,0.0,0.0,"recency-weighted FPL points, decay 8**(-age/3)"
2676,Jamie,McDonnell,0.0,0.0,0.0,0.0,0.0,0.0,0.0,1,McDonnell,MID,Nott'm Forest,2023-24,0.0,0.0,"recency-weighted FPL points, decay 8**(-age/3)"
2677,James,Chester,0.0,0.0,0.0,0.0,0.0,0.0,0.0,2,Chester,DEF,Aston Villa,2019-20,0.0,0.0,"recency-weighted FPL points, decay 8**(-age/3)"
2678,Cristian,Gamboa,0.0,0.0,0.0,0.0,0.0,0.0,0.0,1,Gamboa,DEF,West Brom,2016-17,0.0,0.0,"recency-weighted FPL points, decay 8**(-age/3)"
2679,Siem,de Jong,0.0,0.0,0.0,0.0,0.0,0.0,0.0,1,de Jong,MID,Newcastle,2017-18,0.0,0.0,"recency-weighted FPL points, decay 8**(-age/3)"
2680,Massadio,Haidara,0.0,0.0,0.0,0.0,0.0,0.0,0.01,1,Haidara,DEF,Newcastle,2017-18,0.0,0.0,"recency-weighted FPL points, decay 8**(-age/3)"
2681,Jack,Grieves,0.0,0.0,0.0,0.0,0.0,0.0,0.0,1,Grieves,FWD,Watford,2021-22,0.0,0.0,"recency-weighted FPL points, decay 8**(-age/3)"
2682,Clinton,N'Jie,0.0,0.0,0.0,0.0,0.0,0.0,0.0,1,N'Jie,FWD,Spurs,2016-17,0.0,0.0,"recency-weighted FPL points, decay 8**(-age/3)"
2683,Alex,Paulsen,0.0,0.0,0.0,0.0,0.0,0.0,0.0,2,Paulsen,GKP,Bournemouth,2025-26,0.0,0.0,"recency-weighted FPL points, decay 8**(-age/3)"
2684,Jamaldeen,Jimoh,0.0,0.0,0.0,0.0,0.0,0.0,0.0,1,Jimoh,MID,Aston Villa,2024-25,0.0,0.0,"recency-weighted FPL points, decay 8**(-age/3)"
2685,Ben,Broggio,0.0,0.0,0.0,0.0,0.0,0.0,0.0,2,Broggio,MID,Aston Villa,2025-26,0.0,0.0,"recency-weighted FPL points, decay 8**(-age/3)"
2686,Lino,da Cruz Sousa,0.0,0.0,0.0,0.0,0.0,0.0,0.0,2,Sousa,DEF,Aston Villa,2025-26,0.0,0.0,"recency-weighted FPL points, decay 8**(-age/3)"
2688,Enzo,Barrenechea,0.0,0.0,0.0,0.0,0.0,0.0,0.0,2,Barrenechea,MID,Aston Villa,2025-26,0.0,0.0,"recency-weighted FPL points, decay 8**(-age/3)"
2689,Brayden,Clarke,0.0,0.0,0.0,0.0,0.0,0.0,0.0,2,Clarke,DEF,Arsenal,2025-26,0.0,0.0,"recency-weighted FPL points, decay 8**(-age/3)"
2690,Jack,Henry-Francis,0.0,0.0,0.0,0.0,0.0,0.0,0.0,1,Jack Henry-Francis,MID,Arsenal,2024-25,0.0,0.0,"recency-weighted FPL points, decay 8**(-age/3)"
2691,Boaz,Myhill,0.0,0.0,0.0,0.0,0.0,0.0,0.18,2,Myhill,GKP,West Brom,2017-18,0.0,0.0,"recency-weighted FPL points, decay 8**(-age/3)"
2692,Mamadou Obbi,Oularé,0.0,0.0,0.0,0.0,0.0,0.0,0.0,1,Oularé,FWD,Watford,2016-17,0.0,0.0,"recency-weighted FPL points, decay 8**(-age/3)"
2693,Mario,Suárez,0.0,0.0,0.0,0.0,0.0,0.0,0.0,1,Suárez,MID,Watford,2016-17,0.0,0.0,"recency-weighted FPL points, decay 8**(-age/3)"
2694,Taylor,Perry,0.0,0.0,0.0,0.0,0.0,0.0,0.0,2,Perry,MID,Wolves,2020-21,0.0,0.0,"recency-weighted FPL points, decay 8**(-age/3)"
2695,Oliver,Scarles,0.0,0.0,0.0,0.0,0.0,0.0,0.0,1,Scarles,DEF,West Ham,2023-24,0.0,0.0,"recency-weighted FPL points, decay 8**(-age/3)"
2696,Matthew,Smith,0.0,0.0,0.0,0.0,0.0,0.0,0.0,2,Smith,MID,Arsenal,2022-23,0.0,0.0,"recency-weighted FPL points, decay 8**(-age/3)"
2697,Tyreece,John-Jules,0.0,0.0,0.0,0.0,0.0,0.0,0.0,1,John-Jules,FWD,Arsenal,2019-20,0.0,0.0,"recency-weighted FPL points, decay 8**(-age/3)"
2698,Bali,Mumba,0.0,0.0,0.0,0.0,0.0,0.0,1.41,1,Mumba,DEF,Norwich,2021-22,0.0,0.0,"recency-weighted FPL points, decay 8**(-age/3)"
2699,Lucas,De Bolle,0.0,0.0,0.0,0.0,0.0,0.0,0.0,1,De Bolle,MID,Newcastle,2021-22,0.0,0.0,"recency-weighted FPL points, decay 8**(-age/3)"
2700,Charlie,Savage,0.0,0.0,0.0,0.0,0.0,0.0,0.0,1,Savage,MID,Man Utd,2021-22,0.0,0.0,"recency-weighted FPL points, decay 8**(-age/3)"
2701,Bojan,Krkic Perez,0.0,0.0,0.0,0.0,0.0,0.0,0.14,1,Bojan,MID,Stoke,2017-18,0.0,0.0,"recency-weighted FPL points, decay 8**(-age/3)"
2702,Pierluigi,Gollini,0.0,0.0,0.0,0.0,0.0,0.0,0.0,1,Gollini,GKP,Spurs,2021-22,0.0,0.0,"recency-weighted FPL points, decay 8**(-age/3)"
2703,Thierry,Small,0.0,0.0,0.0,0.0,0.0,0.0,0.0,1,Small,DEF,Southampton,2021-22,0.0,0.0,"recency-weighted FPL points, decay 8**(-age/3)"
2704,Dynel,Simeu,0.0,0.0,0.0,0.0,0.0,0.0,0.0,1,Simeu,DEF,Southampton,2021-22,0.0,0.0,"recency-weighted FPL points, decay 8**(-age/3)"
2706,Liam,Gibbs,0.0,0.0,0.0,0.0,0.0,0.0,0.0,1,Gibbs,MID,Norwich,2021-22,0.0,0.0,"recency-weighted FPL points, decay 8**(-age/3)"
2707,Jon,McCracken,0.0,0.0,0.0,0.0,0.0,0.0,0.0,1,McCracken,GKP,Norwich,2021-22,0.0,0.0,"recency-weighted FPL points, decay 8**(-age/3)"
2708,Thomas,Dickson-Peters,0.0,0.0,0.0,0.0,0.0,0.0,0.0,1,Dickson-Peters,FWD,Norwich,2021-22,0.0,0.0,"recency-weighted FPL points, decay 8**(-age/3)"
2709,Bernard,Ashley-Seal,0.0,0.0,0.0,0.0,0.0,0.0,0.0,1,Ashley-Seal,FWD,Wolves,2019-20,0.0,0.0,"recency-weighted FPL points, decay 8**(-age/3)"
2710,Nikola,Vlašić,0.0,0.0,0.0,0.0,0.0,0.0,0.0,1,Vlašić,MID,West Ham,2023-24,0.0,0.0,"recency-weighted FPL points, decay 8**(-age/3)"
2711,Tyrese,Hall,0.0,0.0,0.0,0.0,0.0,0.0,0.0,1,Hall,MID,Spurs,2023-24,0.0,0.0,"recency-weighted FPL points, decay 8**(-age/3)"
2712,Joseph,Hungbo,0.0,0.0,0.0,0.0,0.0,0.0,0.0,1,Hungbo,MID,Watford,2021-22,0.0,0.0,"recency-weighted FPL points, decay 8**(-age/3)"
2713,Philip,Zinckernagel,0.0,0.0,0.0,0.0,0.0,0.0,0.0,1,Zinckernagel,MID,Watford,2021-22,0.0,0.0,"recency-weighted FPL points, decay 8**(-age/3)"
2714,Stipe,Perica,0.0,0.0,0.0,0.0,0.0,0.0,0.0,1,Perica,FWD,Watford,2021-22,0.0,0.0,"recency-weighted FPL points, decay 8**(-age/3)"
2715,Marcel,Lavinier,0.0,0.0,0.0,0.0,0.0,0.0,0.0,1,Lavinier,DEF,Spurs,2021-22,0.0,0.0,"recency-weighted FPL points, decay 8**(-age/3)"
2716,Jamie,Bowden,0.0,0.0,0.0,0.0,0.0,0.0,0.0,1,Bowden,MID,Spurs,2021-22,0.0,0.0,"recency-weighted FPL points, decay 8**(-age/3)"
2717,Tobi,Omole,0.0,0.0,0.0,0.0,0.0,0.0,0.0,1,Omole,DEF,Spurs,2021-22,0.0,0.0,"recency-weighted FPL points, decay 8**(-age/3)"
2718,Dilan,Markanday,0.0,0.0,0.0,0.0,0.0,0.0,0.0,1,Markanday,MID,Spurs,2021-22,0.0,0.0,"recency-weighted FPL points, decay 8**(-age/3)"
2719,Erwin,Mulder,0.0,0.0,0.0,0.0,0.0,0.0,0.0,1,Mulder,GKP,Swansea,2017-18,0.0,0.0,"recency-weighted FPL points, decay 8**(-age/3)"
2720,Steven,Berghuis,0.0,0.0,0.0,0.0,0.0,0.0,0.0,2,Berghuis,MID,Watford,2017-18,0.0,0.0,"recency-weighted FPL points, decay 8**(-age/3)"
2721,Ikechi,Anya,0.0,0.0,0.0,0.0,0.0,0.0,0.01,1,Anya,MID,Watford,2016-17,0.0,0.0,"recency-weighted FPL points, decay 8**(-age/3)"
2722,Almen,Abdi,0.0,0.0,0.0,0.0,0.0,0.0,0.0,1,Abdi,MID,Watford,2016-17,0.0,0.0,"recency-weighted FPL points, decay 8**(-age/3)"
2723,Costel,Pantilimon,0.0,0.0,0.0,0.0,0.0,0.0,0.08,2,Pantilimon,GKP,Watford,2017-18,0.0,0.0,"recency-weighted FPL points, decay 8**(-age/3)"
2724,Jack,Porter,0.0,0.0,0.0,0.0,0.0,0.0,0.0,1,Porter,GKP,Arsenal,2024-25,0.0,0.0,"recency-weighted FPL points, decay 8**(-age/3)"
2725,Josh,Nichols,0.0,0.0,0.0,0.0,0.0,0.0,0.0,2,Nichols,DEF,Arsenal,2025-26,0.0,0.0,"recency-weighted FPL points, decay 8**(-age/3)"
2727,Maldini,Kacurri,0.0,0.0,0.0,0.0,0.0,0.0,0.0,2,Kacurri,DEF,Arsenal,2025-26,0.0,0.0,"recency-weighted FPL points, decay 8**(-age/3)"
2729,Temple,Ojinnaka,0.0,0.0,0.0,0.0,0.0,0.0,0.0,2,Ojinnaka,MID,Wolves,2025-26,0.0,0.0,"recency-weighted FPL points, decay 8**(-age/3)"
2730,Fletcher,Holman,0.0,0.0,0.0,0.0,0.0,0.0,0.0,1,Holman,FWD,Wolves,2023-24,0.0,0.0,"recency-weighted FPL points, decay 8**(-age/3)"
2731,Wesley,Okoduwa,0.0,0.0,0.0,0.0,0.0,0.0,0.0,1,Okoduwa,DEF,Wolves,2023-24,0.0,0.0,"recency-weighted FPL points, decay 8**(-age/3)"
2732,Noha,Lemina,0.0,0.0,0.0,0.0,0.0,0.0,0.0,1,N.Lemina,MID,Wolves,2023-24,0.0,0.0,"recency-weighted FPL points, decay 8**(-age/3)"
2733,Ty,Barnett,0.0,0.0,0.0,0.0,0.0,0.0,0.0,1,Barnett,MID,Wolves,2023-24,0.0,0.0,"recency-weighted FPL points, decay 8**(-age/3)"
2734,Owen,Hesketh,0.0,0.0,0.0,0.0,0.0,0.0,0.0,1,Hesketh,MID,Wolves,2023-24,0.0,0.0,"recency-weighted FPL points, decay 8**(-age/3)"
2735,Justin,Hubner,0.0,0.0,0.0,0.0,0.0,0.0,0.0,1,Hubner,DEF,Wolves,2023-24,0.0,0.0,"recency-weighted FPL points, decay 8**(-age/3)"
2736,Miguel,Azeez,0.0,0.0,0.0,0.0,0.0,0.0,0.0,2,Azeez,MID,Arsenal,2021-22,0.0,0.0,"recency-weighted FPL points, decay 8**(-age/3)"
2737,Jimi,Gower,0.0,0.0,0.0,0.0,0.0,0.0,0.0,1,Gower,MID,Arsenal,2024-25,0.0,0.0,"recency-weighted FPL points, decay 8**(-age/3)"
2738,Luc,De Fougerolles,0.0,0.0,0.0,0.0,0.0,0.0,0.0,1,De Fougerolles,DEF,Fulham,2023-24,0.0,0.0,"recency-weighted FPL points, decay 8**(-age/3)"
2739,Billy,Crellin,0.0,0.0,0.0,0.0,0.0,0.0,0.0,1,Crellin,GKP,Everton,2023-24,0.0,0.0,"recency-weighted FPL points, decay 8**(-age/3)"
2740,Elijah,Campbell,0.0,0.0,0.0,0.0,0.0,0.0,0.0,2,Campbell,DEF,Everton,2025-26,0.0,0.0,"recency-weighted FPL points, decay 8**(-age/3)"
2741,Jenson,Metcalfe,0.0,0.0,0.0,0.0,0.0,0.0,0.0,3,Metcalfe,MID,Everton,2025-26,0.0,0.0,"recency-weighted FPL points, decay 8**(-age/3)"
2742,Mackenzie,Hunt,0.0,0.0,0.0,0.0,0.0,0.0,0.0,1,Hunt,MID,Everton,2023-24,0.0,0.0,"recency-weighted FPL points, decay 8**(-age/3)"
2743,Pablo,Maffeo,0.0,0.0,0.0,0.0,0.0,0.0,0.0,1,Maffeo,DEF,Man City,2016-17,0.0,0.0,"recency-weighted FPL points, decay 8**(-age/3)"
2744,Sean,Scannell,0.0,0.0,0.0,0.0,0.0,0.0,0.0,1,Scannell,MID,Huddersfield,2017-18,0.0,0.0,"recency-weighted FPL points, decay 8**(-age/3)"
2745,Harry,Bunn,0.0,0.0,0.0,0.0,0.0,0.0,0.0,1,Bunn,MID,Huddersfield,2017-18,0.0,0.0,"recency-weighted FPL points, decay 8**(-age/3)"
2746,Jack,Payne,0.0,0.0,0.0,0.0,0.0,0.0,0.0,1,Payne,MID,Huddersfield,2017-18,0.0,0.0,"recency-weighted FPL points, decay 8**(-age/3)"
2747,Mark,Hudson,0.0,0.0,0.0,0.0,0.0,0.0,0.0,1,Hudson,DEF,Huddersfield,2017-18,0.0,0.0,"recency-weighted FPL points, decay 8**(-age/3)"
2748,Martin,Cranie,0.0,0.0,0.0,0.0,0.0,0.0,0.35,1,Cranie,DEF,Huddersfield,2017-18,0.0,0.0,"recency-weighted FPL points, decay 8**(-age/3)"
2749,Ben,Greenwood,0.0,0.0,0.0,0.0,0.0,0.0,0.0,2,Greenwood,DEF,Bournemouth,2023-24,0.0,0.0,"recency-weighted FPL points, decay 8**(-age/3)"
2750,Euan,Pollock,0.0,0.0,0.0,0.0,0.0,0.0,0.0,1,Pollock,FWD,Bournemouth,2022-23,0.0,0.0,"recency-weighted FPL points, decay 8**(-age/3)"
2751,Sam,Hughes,0.0,0.0,0.0,0.0,0.0,0.0,0.0,1,Hughes,DEF,Leicester,2017-18,0.0,0.0,"recency-weighted FPL points, decay 8**(-age/3)"
2752,Cameron,Carter-Vickers,0.0,0.0,0.0,0.0,0.0,0.0,0.0,3,Carter-Vickers,DEF,Spurs,2020-21,0.0,0.0,"recency-weighted FPL points, decay 8**(-age/3)"
2753,Jose Angel,Esmoris Tasende,0.0,0.0,0.0,0.0,0.0,0.0,0.0,1,Angelino,DEF,Man City,2016-17,0.0,0.0,"recency-weighted FPL points, decay 8**(-age/3)"
2754,Bartosz,Kapustka,0.0,0.0,0.0,0.0,0.0,0.0,0.0,1,Kapustka,MID,Leicester,2016-17,0.0,0.0,"recency-weighted FPL points, decay 8**(-age/3)"
2755,Admiral,Muskwe,0.0,0.0,0.0,0.0,0.0,0.0,0.0,1,Muskwe,FWD,Luton,2023-24,0.0,0.0,"recency-weighted FPL points, decay 8**(-age/3)"
2756,Carlos,Mendes Gomes,0.0,0.0,0.0,0.0,0.0,0.0,0.0,1,Mendes,MID,Luton,2023-24,0.0,0.0,"recency-weighted FPL points, decay 8**(-age/3)"
2757,John,McAtee,0.0,0.0,0.0,0.0,0.0,0.0,0.0,1,McAtee,FWD,Luton,2023-24,0.0,0.0,"recency-weighted FPL points, decay 8**(-age/3)"
2758,Allan,Campbell,0.0,0.0,0.0,0.0,0.0,0.0,0.0,1,Campbell,MID,Luton,2023-24,0.0,0.0,"recency-weighted FPL points, decay 8**(-age/3)"
2759,Amara,Nallo,0.0,0.0,0.0,0.0,0.0,0.0,0.0,3,Nallo,DEF,Liverpool,2025-26,0.0,0.0,"recency-weighted FPL points, decay 8**(-age/3)"
2760,Cameron,Plain,0.0,0.0,0.0,0.0,0.0,0.0,0.0,1,Plain,GKP,Bournemouth,2022-23,0.0,0.0,"recency-weighted FPL points, decay 8**(-age/3)"
2761,George,Thomas,0.0,0.0,0.0,0.0,0.0,0.0,0.0,1,Thomas,MID,Leicester,2017-18,0.0,0.0,"recency-weighted FPL points, decay 8**(-age/3)"
2762,Robert,Green,0.0,0.0,0.0,0.0,0.0,0.0,0.0,1,Green,GKP,Huddersfield,2017-18,0.0,0.0,"recency-weighted FPL points, decay 8**(-age/3)"
2763,Fabian,Mrozek,0.0,0.0,0.0,0.0,0.0,0.0,0.0,1,Mrozek,GKP,Liverpool,2023-24,0.0,0.0,"recency-weighted FPL points, decay 8**(-age/3)"
2764,Lewis,Koumas,0.0,0.0,0.0,0.0,0.0,0.0,0.0,1,Koumas,FWD,Liverpool,2023-24,0.0,0.0,"recency-weighted FPL points, decay 8**(-age/3)"
2765,Michael,Dacosta Gonzalez,0.0,0.0,0.0,0.0,0.0,0.0,0.0,2,Dacosta Gonzalez,MID,Bournemouth,2023-24,0.0,0.0,"recency-weighted FPL points, decay 8**(-age/3)"
2766,Ted,Curd,0.0,0.0,0.0,0.0,0.0,0.0,0.0,1,Curd,GKP,Chelsea,2023-24,0.0,0.0,"recency-weighted FPL points, decay 8**(-age/3)"
2767,Kiano,Dyer,0.0,0.0,0.0,0.0,0.0,0.0,0.0,1,Dyer,MID,Chelsea,2023-24,0.0,0.0,"recency-weighted FPL points, decay 8**(-age/3)"
2769,Ollie,Harrison,0.0,0.0,0.0,0.0,0.0,0.0,0.0,1,Harrison,MID,Chelsea,2023-24,0.0,0.0,"recency-weighted FPL points, decay 8**(-age/3)"
2770,Leo,Castledine,0.0,0.0,0.0,0.0,0.0,0.0,0.0,1,Castledine,MID,Chelsea,2023-24,0.0,0.0,"recency-weighted FPL points, decay 8**(-age/3)"
2771,Josh,Brooking,0.0,0.0,0.0,0.0,0.0,0.0,0.0,1,Brooking,DEF,Chelsea,2023-24,0.0,0.0,"recency-weighted FPL points, decay 8**(-age/3)"
2772,Ronnie,Stutter,0.0,0.0,0.0,0.0,0.0,0.0,0.0,1,Stutter,FWD,Chelsea,2023-24,0.0,0.0,"recency-weighted FPL points, decay 8**(-age/3)"
2773,Diego Manuel Jadon,da Silva Moreira,0.0,0.0,0.0,0.0,0.0,0.0,0.0,1,Diego Moreira,MID,Chelsea,2023-24,0.0,0.0,"recency-weighted FPL points, decay 8**(-age/3)"
2774,Eddie,Beach,0.0,0.0,0.0,0.0,0.0,0.0,0.0,1,Beach,GKP,Chelsea,2023-24,0.0,0.0,"recency-weighted FPL points, decay 8**(-age/3)"
2775,Lucas,Bergström,0.0,0.0,0.0,0.0,0.0,0.0,0.0,2,Bergström,GKP,Chelsea,2024-25,0.0,0.0,"recency-weighted FPL points, decay 8**(-age/3)"
2776,Hiram,Boateng,0.0,0.0,0.0,0.0,0.0,0.0,0.0,1,Boateng,MID,Crystal Palace,2016-17,0.0,0.0,"recency-weighted FPL points, decay 8**(-age/3)"
2777,Thomas,Robson,0.0,0.0,0.0,0.0,0.0,0.0,0.0,1,Thomas Robson,DEF,Sunderland,2016-17,0.0,0.0,"recency-weighted FPL points, decay 8**(-age/3)"
2778,Josh,Robson,0.0,0.0,0.0,0.0,0.0,0.0,0.0,1,Josh Robson,DEF,Sunderland,2016-17,0.0,0.0,"recency-weighted FPL points, decay 8**(-age/3)"
2779,Steven,Benda,0.0,0.0,0.0,0.0,0.0,0.0,0.0,3,Benda,GKP,Fulham,2025-26,0.0,0.0,"recency-weighted FPL points, decay 8**(-age/3)"
2780,Alexander,Manninger,0.0,0.0,0.0,0.0,0.0,0.0,0.0,1,Manninger,GKP,Liverpool,2016-17,0.0,0.0,"recency-weighted FPL points, decay 8**(-age/3)"
2781,Alex,Baptiste,0.0,0.0,0.0,0.0,0.0,0.0,0.0,1,Baptiste,DEF,Middlesbrough,2016-17,0.0,0.0,"recency-weighted FPL points, decay 8**(-age/3)"
2782,Joel,Asoro,0.0,0.0,0.0,0.0,0.0,0.0,0.01,1,Asoro,MID,Sunderland,2016-17,0.0,0.0,"recency-weighted FPL points, decay 8**(-age/3)"
2783,Greg,Luer,0.0,0.0,0.0,0.0,0.0,0.0,0.0,1,Luer,FWD,Hull,2016-17,0.0,0.0,"recency-weighted FPL points, decay 8**(-age/3)"
2784,Dusan,Kuciak,0.0,0.0,0.0,0.0,0.0,0.0,0.0,1,Kuciak,GKP,Hull,2016-17,0.0,0.0,"recency-weighted FPL points, decay 8**(-age/3)"
2785,Josh,Clackstone,0.0,0.0,0.0,0.0,0.0,0.0,0.0,1,Clackstone,DEF,Hull,2016-17,0.0,0.0,"recency-weighted FPL points, decay 8**(-age/3)"
2786,Greg,Olley,0.0,0.0,0.0,0.0,0.0,0.0,0.0,1,Olley,MID,Hull,2016-17,0.0,0.0,"recency-weighted FPL points, decay 8**(-age/3)"
2787,João,Neves Virgínia,0.0,0.0,0.0,0.0,0.0,0.0,0.0,2,J.Virginia,GKP,Everton,2024-25,0.0,0.0,"recency-weighted FPL points, decay 8**(-age/3)"
2788,Roshaun,Mathurin,0.0,0.0,0.0,0.0,0.0,0.0,0.0,1,Mathurin,MID,Crystal Palace,2023-24,0.0,0.0,"recency-weighted FPL points, decay 8**(-age/3)"
2789,Franco,Umeh-Chibueze,0.0,0.0,0.0,0.0,0.0,0.0,0.0,3,Umeh,MID,Crystal Palace,2025-26,0.0,0.0,"recency-weighted FPL points, decay 8**(-age/3)"
2790,Jadan,Raymond,0.0,0.0,0.0,0.0,0.0,0.0,0.0,1,Raymond,MID,Crystal Palace,2023-24,0.0,0.0,"recency-weighted FPL points, decay 8**(-age/3)"
2791,Ademola,Ola-Adebomi,0.0,0.0,0.0,0.0,0.0,0.0,0.0,1,Ola-Adebomi,FWD,Crystal Palace,2023-24,0.0,0.0,"recency-weighted FPL points, decay 8**(-age/3)"
2793,Daniel,Adu-Adjei,0.0,0.0,0.0,0.0,0.0,0.0,0.0,3,Adu-Adjei,FWD,Bournemouth,2025-26,0.0,0.0,"recency-weighted FPL points, decay 8**(-age/3)"
2794,James,Wright,0.0,0.0,0.0,0.0,0.0,0.0,0.0,3,Wright,GKP,Aston Villa,2025-26,0.0,0.0,"recency-weighted FPL points, decay 8**(-age/3)"
2795,Oliwier,Zych,0.0,0.0,0.0,0.0,0.0,0.0,0.0,3,Zych,GKP,Aston Villa,2024-25,0.0,0.0,"recency-weighted FPL points, decay 8**(-age/3)"
2796,Sil,Swinkels,0.0,0.0,0.0,0.0,0.0,0.0,0.0,2,Swinkels,DEF,Aston Villa,2024-25,0.0,0.0,"recency-weighted FPL points, decay 8**(-age/3)"
2797,Kadan,Young,0.0,0.0,0.0,0.0,0.0,0.0,0.0,4,Young,MID,Aston Villa,2025-26,0.0,0.0,"recency-weighted FPL points, decay 8**(-age/3)"
2798,Kaine,Kesler Hayden,0.0,0.0,0.0,0.0,0.0,0.0,0.0,1,Kesler Hayden,DEF,Aston Villa,2022-23,0.0,0.0,"recency-weighted FPL points, decay 8**(-age/3)"
2799,Mauro,Bandeira,0.0,0.0,0.0,0.0,0.0,0.0,0.0,2,Bandeira,MID,Arsenal,2023-24,0.0,0.0,"recency-weighted FPL points, decay 8**(-age/3)"
2800,Josh,Powell,0.0,0.0,0.0,0.0,0.0,0.0,0.0,1,Powell,DEF,Nott'm Forest,2023-24,0.0,0.0,"recency-weighted FPL points, decay 8**(-age/3)"
2801,Hwang,Ui-jo,0.0,0.0,0.0,0.0,0.0,0.0,0.0,2,Ui-jo,FWD,Nott'm Forest,2024-25,0.0,0.0,"recency-weighted FPL points, decay 8**(-age/3)"
2802,Ethan,Horvath,0.0,0.0,0.0,0.0,0.0,0.0,0.0,1,Horvath,GKP,Nott'm Forest,2023-24,0.0,0.0,"recency-weighted FPL points, decay 8**(-age/3)"
2803,Josh,Bowler,0.0,0.0,0.0,0.0,0.0,0.0,0.0,2,Bowler,MID,Nott'm Forest,2024-25,0.0,0.0,"recency-weighted FPL points, decay 8**(-age/3)"
2804,Travis,Hernes,0.0,0.0,0.0,0.0,0.0,0.0,0.0,1,Hernes,MID,Newcastle,2023-24,0.0,0.0,"recency-weighted FPL points, decay 8**(-age/3)"
2805,Kell,Watts,0.0,0.0,0.0,0.0,0.0,0.0,0.0,1,Watts,DEF,Newcastle,2023-24,0.0,0.0,"recency-weighted FPL points, decay 8**(-age/3)"
2806,Louis,Jackson,0.0,0.0,0.0,0.0,0.0,0.0,0.0,1,Jackson,DEF,Man Utd,2023-24,0.0,0.0,"recency-weighted FPL points, decay 8**(-age/3)"
2807,Treymaurice,Nyoni,0.0,0.0,0.0,0.0,0.0,0.0,0.0,2,Nyoni,MID,Liverpool,2024-25,0.0,0.0,"recency-weighted FPL points, decay 8**(-age/3)"
2808,Habeeb,Ogunneye,0.0,0.0,0.0,0.0,0.0,0.0,0.0,1,Ogunneye,DEF,Man Utd,2023-24,0.0,0.0,"recency-weighted FPL points, decay 8**(-age/3)"
2809,Joe,Hugill,0.0,0.0,0.0,0.0,0.0,0.0,0.0,1,Hugill,FWD,Man Utd,2023-24,0.0,0.0,"recency-weighted FPL points, decay 8**(-age/3)"
2810,Radek,Vítek,0.0,0.0,0.0,0.0,0.0,0.0,0.0,1,Vítek,GKP,Man Utd,2023-24,0.0,0.0,"recency-weighted FPL points, decay 8**(-age/3)"
2811,Álvaro,Fernández Carreras,0.0,0.0,0.0,0.0,0.0,0.0,0.0,1,Fernandez,DEF,Man Utd,2023-24,0.0,0.0,"recency-weighted FPL points, decay 8**(-age/3)"
2812,Jacob,Wright,0.0,0.0,0.0,0.0,0.0,0.0,0.0,2,Wright,MID,Man City,2024-25,0.0,0.0,"recency-weighted FPL points, decay 8**(-age/3)"
2813,Micah,Hamilton,0.0,0.0,0.0,0.0,0.0,0.0,0.0,1,Hamilton,MID,Man City,2023-24,0.0,0.0,"recency-weighted FPL points, decay 8**(-age/3)"
2814,Mahamadou,Susoho,0.0,0.0,0.0,0.0,0.0,0.0,0.0,1,Susoho,MID,Man City,2023-24,0.0,0.0,"recency-weighted FPL points, decay 8**(-age/3)"
2815,Tommie,Hoban,0.0,0.0,0.0,0.0,0.0,0.0,0.0,1,Hoban,DEF,Watford,2016-17,0.0,0.0,"recency-weighted FPL points, decay 8**(-age/3)"
2816,Paul,Robinson,0.0,0.0,0.0,0.0,0.0,0.0,0.26,2,Robinson,GKP,Burnley,2017-18,0.0,0.0,"recency-weighted FPL points, decay 8**(-age/3)"
2817,Lino,Sousa,0.0,0.0,0.0,0.0,0.0,0.0,0.0,1,Sousa,DEF,Arsenal,2022-23,0.0,0.0,"recency-weighted FPL points, decay 8**(-age/3)"
2818,Rafael,Camacho,0.0,0.0,0.0,0.0,0.0,0.0,0.0,3,Camacho,MID,Liverpool,2019-20,0.0,0.0,"recency-weighted FPL points, decay 8**(-age/3)"
2819,Conor,Masterson,0.0,0.0,0.0,0.0,0.0,0.0,0.0,1,Masterson,DEF,Liverpool,2017-18,0.0,0.0,"recency-weighted FPL points, decay 8**(-age/3)"
2820,Layton,Ndukwu,0.0,0.0,0.0,0.0,0.0,0.0,0.0,1,Ndukwu,DEF,Leicester,2017-18,0.0,0.0,"recency-weighted FPL points, decay 8**(-age/3)"
2821,Dermot,Mee,0.0,0.0,0.0,0.0,0.0,0.0,0.0,3,Mee,GKP,Man Utd,2025-26,0.0,0.0,"recency-weighted FPL points, decay 8**(-age/3)"
2822,Callum,Scanlon,0.0,0.0,0.0,0.0,0.0,0.0,0.0,1,Scanlon,DEF,Liverpool,2023-24,0.0,0.0,"recency-weighted FPL points, decay 8**(-age/3)"
2823,Devan,Tanton,0.0,0.0,0.0,0.0,0.0,0.0,0.0,1,Tanton,DEF,Fulham,2023-24,0.0,0.0,"recency-weighted FPL points, decay 8**(-age/3)"
2824,Reuell,Walters,0.0,0.0,0.0,0.0,0.0,0.0,0.0,2,Walters,DEF,Arsenal,2023-24,0.0,0.0,"recency-weighted FPL points, decay 8**(-age/3)"
2826,Sullay,Kaikai,0.0,0.0,0.0,0.0,0.0,0.0,0.05,3,Kaikai,MID,Crystal Palace,2018-19,0.0,0.0,"recency-weighted FPL points, decay 8**(-age/3)"
2828,Brice,Dja Djédjé,0.0,0.0,0.0,0.0,0.0,0.0,0.0,1,Dja Djédjé,DEF,Watford,2016-17,0.0,0.0,"recency-weighted FPL points, decay 8**(-age/3)"
2829,Louie,Watson,0.0,0.0,0.0,0.0,0.0,0.0,0.0,1,Watson,MID,Luton,2023-24,0.0,0.0,"recency-weighted FPL points, decay 8**(-age/3)"
2830,Jack,Walton,0.0,0.0,0.0,0.0,0.0,0.0,0.0,1,Walton,GKP,Luton,2023-24,0.0,0.0,"recency-weighted FPL points, decay 8**(-age/3)"
2831,Elliot,Thorpe,0.0,0.0,0.0,0.0,0.0,0.0,0.0,1,Thorpe,MID,Luton,2023-24,0.0,0.0,"recency-weighted FPL points, decay 8**(-age/3)"
2832,Joe,Taylor,0.0,0.0,0.0,0.0,0.0,0.0,0.0,1,Taylor,FWD,Luton,2023-24,0.0,0.0,"recency-weighted FPL points, decay 8**(-age/3)"
2833,Glen,Rea,0.0,0.0,0.0,0.0,0.0,0.0,0.0,1,Rea,MID,Luton,2023-24,0.0,0.0,"recency-weighted FPL points, decay 8**(-age/3)"
2834,Dan,Potts,0.0,0.0,0.0,0.0,0.0,0.0,0.0,1,Potts,DEF,Luton,2023-24,0.0,0.0,"recency-weighted FPL points, decay 8**(-age/3)"
2835,Sebastian,Revan,0.0,0.0,0.0,0.0,0.0,0.0,0.0,1,Revan,DEF,Aston Villa,2022-23,0.0,0.0,"recency-weighted FPL points, decay 8**(-age/3)"
2836,Kane,Wilson,0.0,0.0,0.0,0.0,0.0,0.0,0.0,2,Wilson,DEF,West Brom,2017-18,0.0,0.0,"recency-weighted FPL points, decay 8**(-age/3)"
2837,Keshi,Anderson,0.0,0.0,0.0,0.0,0.0,0.0,0.0,2,Anderson,FWD,Crystal Palace,2017-18,0.0,0.0,"recency-weighted FPL points, decay 8**(-age/3)"
2838,Olayinka Fredrick Oladotun,Ladapo,0.0,0.0,0.0,0.0,0.0,0.0,0.03,2,Ladapo,FWD,Crystal Palace,2017-18,0.0,0.0,"recency-weighted FPL points, decay 8**(-age/3)"
2839,Daniel,Lafferty,0.0,0.0,0.0,0.0,0.0,0.0,0.0,1,Lafferty,DEF,Burnley,2016-17,0.0,0.0,"recency-weighted FPL points, decay 8**(-age/3)"
2840,Taylan,Harris,0.0,0.0,0.0,0.0,0.0,0.0,0.0,1,Harris,FWD,Luton,2023-24,0.0,0.0,"recency-weighted FPL points, decay 8**(-age/3)"
2841,Christian,Chigozie,0.0,0.0,0.0,0.0,0.0,0.0,0.0,1,Chigozie,DEF,Luton,2023-24,0.0,0.0,"recency-weighted FPL points, decay 8**(-age/3)"
2842,Dominic,Dos Santos Martins,0.0,0.0,0.0,0.0,0.0,0.0,0.0,1,Martins,MID,Luton,2023-24,0.0,0.0,"recency-weighted FPL points, decay 8**(-age/3)"
2843,Axel,Piesold,0.0,0.0,0.0,0.0,0.0,0.0,0.0,1,Piesold,MID,Luton,2023-24,0.0,0.0,"recency-weighted FPL points, decay 8**(-age/3)"
2844,Jayden,Luker,0.0,0.0,0.0,0.0,0.0,0.0,0.0,1,Luker,MID,Luton,2023-24,0.0,0.0,"recency-weighted FPL points, decay 8**(-age/3)"
2845,Joseph,Johnson,0.0,0.0,0.0,0.0,0.0,0.0,9.38,1,Johnson,DEF,Luton,2023-24,0.0,0.0,"recency-weighted FPL points, decay 8**(-age/3)"
2846,Aidan,Francis-Clarke,0.0,0.0,0.0,0.0,0.0,0.0,0.0,1,Francis-Clarke,DEF,Luton,2023-24,0.0,0.0,"recency-weighted FPL points, decay 8**(-age/3)"
2848,Travis,Patterson,0.0,0.0,0.0,0.0,0.0,0.0,0.0,2,Patterson,DEF,Aston Villa,2025-26,0.0,0.0,"recency-weighted FPL points, decay 8**(-age/3)"
2849,Aribim,Pepple,0.0,0.0,0.0,0.0,0.0,0.0,0.0,1,Pepple,FWD,Luton,2023-24,0.0,0.0,"recency-weighted FPL points, decay 8**(-age/3)"
2850,Alexandre,Jankewitz,-0.02,0.0,0.0,0.0,0.0,0.0,0.03,2,Jankewitz,MID,Southampton,2020-21,0.0,-0.02,"recency-weighted FPL points, decay 8**(-age/3)"
2851,Nohan,Kenneh,-0.03,0.0,0.0,0.0,0.0,0.0,0.0,1,Kenneh,MID,Leeds,2021-22,0.0,-0.03,"recency-weighted FPL points, decay 8**(-age/3)"
2852,Kayne,Ramsay,-0.04,0.0,0.0,0.0,0.0,0.0,1.76,3,Ramsay,DEF,Southampton,2020-21,0.0,-0.04,"recency-weighted FPL points, decay 8**(-age/3)"
