rank,first_name,second_name,w_points,w_goals,w_assists,w_goal_involvements,w_xgi,w_bonus,w_minutes,seasons,player,position,latest_team,latest_season,gi_per90,rating,ranking_method
1,Erling,Haaland,208.88,24.62,6.31,30.94,26.02,34.12,2652.56,4,Haaland,FWD,Man City,2025-26,1.05,208.88,"recency-weighted FPL points, decay 8**(-age/3)"
2,Mohamed,Salah,204.13,15.55,10.99,26.54,20.56,25.25,2612.64,9,M.Salah,MID,Liverpool,2025-26,0.91,204.13,"recency-weighted FPL points, decay 8**(-age/3)"
3,Bruno,Borges Fernandes,192.75,8.25,16.69,24.94,19.74,31.94,2883.81,4,B.Fernandes,MID,Man Utd,2025-26,0.78,192.75,"recency-weighted FPL points, decay 8**(-age/3)"
4,Jarrod,Bowen,182.55,10.63,11.22,21.85,13.05,22.46,3166.61,8,Bowen,FWD,West Ham,2025-26,0.62,182.55,"recency-weighted FPL points, decay 8**(-age/3)"
5,Ollie,Watkins,176.16,15.88,6.98,22.86,16.36,27.0,2807.25,6,Watkins,FWD,Aston Villa,2025-26,0.73,176.16,"recency-weighted FPL points, decay 8**(-age/3)"
6,Bryan,Mbeumo,161.97,12.31,5.41,17.72,16.78,18.12,2676.22,5,Mbeumo,MID,Man Utd,2025-26,0.6,161.97,"recency-weighted FPL points, decay 8**(-age/3)"
7,Gabriel,dos Santos Magalhães,161.5,2.81,3.12,5.94,4.32,19.19,2559.06,4,Gabriel,DEF,Arsenal,2025-26,0.21,161.5,"recency-weighted FPL points, decay 8**(-age/3)"
8,Morgan,Gibbs-White,159.92,10.2,7.01,17.21,12.09,15.86,2853.51,8,Gibbs-White,MID,Nott'm Forest,2025-26,0.54,159.92,"recency-weighted FPL points, decay 8**(-age/3)"
9,Bukayo,Saka,159.06,8.3,10.41,18.71,15.41,19.03,2250.82,8,Saka,MID,Arsenal,2025-26,0.75,159.06,"recency-weighted FPL points, decay 8**(-age/3)"
10,Declan,Rice,157.2,4.2,7.74,11.95,8.87,18.97,3045.41,10,Rice,MID,Arsenal,2025-26,0.35,157.2,"recency-weighted FPL points, decay 8**(-age/3)"
11,Antoine,Semenyo,156.75,12.31,5.25,17.56,11.48,14.31,2678.5,4,Semenyo,MID,Man City,2025-26,0.59,156.75,"recency-weighted FPL points, decay 8**(-age/3)"
12,Virgil,van Dijk,154.19,4.35,1.19,5.54,4.12,9.45,3264.37,10,Virgil,DEF,Liverpool,2025-26,0.15,154.19,"recency-weighted FPL points, decay 8**(-age/3)"
13,Cole,Palmer,142.47,11.5,5.22,16.72,16.34,18.25,2128.53,7,Palmer,MID,Chelsea,2025-26,0.71,142.47,"recency-weighted FPL points, decay 8**(-age/3)"
14,Jordan,Pickford,141.21,0.0,0.31,0.31,0.23,13.25,3391.21,10,Pickford,GKP,Everton,2025-26,0.01,141.21,"recency-weighted FPL points, decay 8**(-age/3)"
15,Bruno,Guimarães Rodriguez Moura,138.66,7.03,6.47,13.5,9.49,16.03,2656.91,5,Bruno G.,MID,Newcastle,2025-26,0.46,138.66,"recency-weighted FPL points, decay 8**(-age/3)"
16,James,Tarkowski,138.51,1.51,2.03,3.54,4.18,10.5,3229.21,10,Tarkowski,DEF,Everton,2025-26,0.1,138.51,"recency-weighted FPL points, decay 8**(-age/3)"
17,Marc,Guéhi,136.53,2.38,3.16,5.53,4.52,10.88,2901.06,5,Guéhi,DEF,Man City,2025-26,0.17,136.53,"recency-weighted FPL points, decay 8**(-age/3)"
18,Phil,Foden,136.42,8.78,5.02,13.79,10.82,14.46,2053.57,9,Foden,MID,Man City,2025-26,0.6,136.42,"recency-weighted FPL points, decay 8**(-age/3)"
19,João Pedro,Junqueira de Jesus,134.9,11.22,6.41,17.62,13.53,23.12,2121.36,5,João Pedro,FWD,Chelsea,2025-26,0.75,134.9,"recency-weighted FPL points, decay 8**(-age/3)"
20,Leandro,Trossard,131.66,7.37,6.32,13.69,9.49,12.68,2122.84,7,Trossard,MID,Arsenal,2025-26,0.58,131.66,"recency-weighted FPL points, decay 8**(-age/3)"
21,Morgan,Rogers,129.12,7.38,6.88,14.25,8.72,12.25,2498.25,3,Rogers,MID,Aston Villa,2025-26,0.51,129.12,"recency-weighted FPL points, decay 8**(-age/3)"
22,William,Saliba,128.81,1.38,0.19,1.56,2.37,12.0,2645.19,6,Saliba,DEF,Arsenal,2025-26,0.05,128.81,"recency-weighted FPL points, decay 8**(-age/3)"
23,Dominik,Szoboszlai,128.12,4.88,6.5,11.38,10.14,14.88,2500.0,3,Szoboszlai,MID,Liverpool,2025-26,0.41,128.12,"recency-weighted FPL points, decay 8**(-age/3)"
24,Enzo,Fernández,124.5,6.88,5.0,11.88,13.75,12.81,2665.44,4,Enzo,MID,Chelsea,2025-26,0.4,124.5,"recency-weighted FPL points, decay 8**(-age/3)"
25,Elliot,Anderson,123.89,2.5,4.31,6.81,5.77,10.5,2499.48,6,Anderson,MID,Nott'm Forest,2025-26,0.25,123.89,"recency-weighted FPL points, decay 8**(-age/3)"
26,Eberechi,Eze,123.36,7.59,4.59,12.19,10.17,10.77,2069.33,6,Eze,MID,Arsenal,2025-26,0.53,123.36,"recency-weighted FPL points, decay 8**(-age/3)"
27,Tyrick,Mitchell,123.28,0.77,3.59,4.36,3.88,6.95,3105.2,7,Mitchell,DEF,Crystal Palace,2025-26,0.13,123.28,"recency-weighted FPL points, decay 8**(-age/3)"
28,Harry,Wilson,120.21,7.18,6.2,13.38,7.62,12.8,1904.98,7,Wilson,MID,Fulham,2025-26,0.63,120.21,"recency-weighted FPL points, decay 8**(-age/3)"
29,Jean-Philippe,Mateta,119.83,11.8,1.41,13.2,13.62,16.41,2135.42,6,Mateta,FWD,Crystal Palace,2025-26,0.56,119.83,"recency-weighted FPL points, decay 8**(-age/3)"
30,Bernd,Leno,118.91,0.0,0.5,0.5,0.02,8.46,3286.94,8,Leno,GKP,Fulham,2025-26,0.01,118.91,"recency-weighted FPL points, decay 8**(-age/3)"
31,Cody,Gakpo,116.12,7.44,4.56,12.0,11.22,9.75,2143.31,4,Gakpo,MID,Liverpool,2025-26,0.5,116.12,"recency-weighted FPL points, decay 8**(-age/3)"
32,Alex,Iwobi,115.63,5.11,3.91,9.01,7.72,12.43,2570.21,10,Iwobi,MID,Fulham,2025-26,0.32,115.63,"recency-weighted FPL points, decay 8**(-age/3)"
33,Danny,Welbeck,114.54,10.31,2.77,13.08,11.07,15.88,2057.81,10,Welbeck,FWD,Brighton,2025-26,0.57,114.54,"recency-weighted FPL points, decay 8**(-age/3)"
34,Dean,Henderson,112.31,0.0,0.01,0.01,0.06,6.64,2866.64,7,Henderson,GKP,Crystal Palace,2025-26,0.0,112.31,"recency-weighted FPL points, decay 8**(-age/3)"
35,Anthony,Gordon,111.93,6.25,5.6,11.85,11.63,9.6,2042.3,7,Gordon,MID,Newcastle,2025-26,0.52,111.93,"recency-weighted FPL points, decay 8**(-age/3)"
36,Nathan,Collins,111.53,1.19,2.88,4.06,3.32,7.66,2837.0,5,Collins,DEF,Brentford,2025-26,0.13,111.53,"recency-weighted FPL points, decay 8**(-age/3)"
37,Alexis,Mac Allister,110.62,3.67,4.83,8.5,6.98,9.42,2567.41,7,Mac Allister,MID,Liverpool,2025-26,0.3,110.62,"recency-weighted FPL points, decay 8**(-age/3)"
38,Emiliano,Martínez Romero,110.56,0.0,0.5,0.5,0.06,10.31,2789.31,4,Martinez,GKP,Aston Villa,2025-26,0.02,110.56,"recency-weighted FPL points, decay 8**(-age/3)"
39,Harvey,Barnes,109.59,7.57,2.79,10.36,8.92,8.71,1795.79,9,Barnes,MID,Newcastle,2025-26,0.52,109.59,"recency-weighted FPL points, decay 8**(-age/3)"
40,Dominic,Calvert-Lewin,107.99,9.29,2.14,11.43,12.32,12.78,2220.9,10,Calvert-Lewin,FWD,Leeds,2025-26,0.46,107.99,"recency-weighted FPL points, decay 8**(-age/3)"
41,Marcus,Tavernier,107.25,4.94,4.5,9.44,10.42,9.38,2222.5,4,Tavernier,MID,Bournemouth,2025-26,0.38,107.25,"recency-weighted FPL points, decay 8**(-age/3)"
42,Martin,Ødegaard,107.22,3.42,7.78,11.2,8.65,10.7,1945.14,6,Ødegaard,MID,Arsenal,2025-26,0.52,107.22,"recency-weighted FPL points, decay 8**(-age/3)"
43,Carlos Henrique,Casimiro,107.19,5.12,2.56,7.69,6.31,11.38,2040.0,4,Casemiro,MID,Man Utd,2025-26,0.34,107.19,"recency-weighted FPL points, decay 8**(-age/3)"
44,Dango,Ouattara,105.81,5.44,5.44,10.88,9.74,10.38,1864.19,4,O.Dango,MID,Brentford,2025-26,0.53,105.81,"recency-weighted FPL points, decay 8**(-age/3)"
45,Kevin,Schade,105.69,7.0,3.81,10.81,10.04,5.75,2028.31,4,Schade,MID,Brentford,2025-26,0.48,105.69,"recency-weighted FPL points, decay 8**(-age/3)"
46,Maxence,Lacroix,105.5,0.75,1.5,2.25,2.77,7.75,2321.5,2,Lacroix,DEF,Crystal Palace,2025-26,0.09,105.5,"recency-weighted FPL points, decay 8**(-age/3)"
47,Pedro,Lomba Neto,104.63,3.88,6.68,10.56,8.73,7.91,2190.98,7,Neto,MID,Chelsea,2025-26,0.43,104.63,"recency-weighted FPL points, decay 8**(-age/3)"
48,Jan Paul,van Hecke,103.75,1.75,1.75,3.5,3.45,6.12,2659.19,4,Van Hecke,DEF,Brighton,2025-26,0.12,103.75,"recency-weighted FPL points, decay 8**(-age/3)"
49,Jurriën,Timber,103.0,1.75,3.75,5.5,3.76,6.75,1838.5,3,J.Timber,DEF,Arsenal,2025-26,0.27,103.0,"recency-weighted FPL points, decay 8**(-age/3)"
50,James,Garner,102.45,1.12,4.06,5.19,5.52,6.88,2528.94,7,Garner,MID,Everton,2025-26,0.18,102.45,"recency-weighted FPL points, decay 8**(-age/3)"
51,Trevoh,Chalobah,102.28,2.47,0.78,3.25,2.01,7.16,2146.16,6,Chalobah,DEF,Chelsea,2025-26,0.14,102.28,"recency-weighted FPL points, decay 8**(-age/3)"
52,Ibrahima,Konaté,102.09,0.75,0.5,1.25,2.02,5.25,2509.38,5,Konaté,DEF,Liverpool,2025-26,0.04,102.09,"recency-weighted FPL points, decay 8**(-age/3)"
53,Alexander,Isak,101.0,10.5,2.62,13.12,10.77,15.0,1413.12,4,Isak,FWD,Liverpool,2025-26,0.84,101.0,"recency-weighted FPL points, decay 8**(-age/3)"
54,Ryan,Gravenberch,100.62,2.62,3.5,6.12,3.66,9.12,2424.25,3,Gravenberch,MID,Liverpool,2025-26,0.23,100.62,"recency-weighted FPL points, decay 8**(-age/3)"
55,Dan,Burn,99.98,1.11,2.03,3.14,2.26,5.85,2596.48,8,Burn,DEF,Newcastle,2025-26,0.11,99.98,"recency-weighted FPL points, decay 8**(-age/3)"
56,Neco,Williams,99.91,1.31,2.47,3.78,4.39,9.84,2575.11,7,N.Williams,DEF,Nott'm Forest,2025-26,0.13,99.91,"recency-weighted FPL points, decay 8**(-age/3)"
57,Joachim,Andersen,99.7,0.33,1.02,1.34,2.69,6.86,2843.83,6,Andersen,DEF,Fulham,2025-26,0.04,99.7,"recency-weighted FPL points, decay 8**(-age/3)"
58,Diogo,Dalot Teixeira,99.5,0.81,4.5,5.31,4.08,9.56,2538.75,4,Dalot,DEF,Man Utd,2025-26,0.19,99.5,"recency-weighted FPL points, decay 8**(-age/3)"
59,Bart,Verbruggen,99.25,0.0,0.25,0.25,0.03,5.38,2756.25,3,Verbruggen,GKP,Brighton,2025-26,0.01,99.25,"recency-weighted FPL points, decay 8**(-age/3)"
60,Jacob,Murphy,99.05,4.19,5.55,9.74,6.97,5.99,1691.05,9,J.Murphy,MID,Newcastle,2025-26,0.52,99.05,"recency-weighted FPL points, decay 8**(-age/3)"
61,Ezri,Konsa Ngoyo,98.8,0.73,0.64,1.37,1.96,5.53,2986.0,7,Konsa,DEF,Aston Villa,2025-26,0.04,98.8,"recency-weighted FPL points, decay 8**(-age/3)"
62,Nick,Pope,98.38,0.0,0.5,0.5,0.08,3.9,2388.99,10,Pope,GKP,Newcastle,2025-26,0.02,98.38,"recency-weighted FPL points, decay 8**(-age/3)"
63,Tomáš,Souček,97.5,5.62,1.75,7.38,6.07,9.38,2094.12,3,Souček,MID,West Ham,2025-26,0.32,97.5,"recency-weighted FPL points, decay 8**(-age/3)"
64,John,McGinn,97.38,3.73,4.2,7.92,6.61,5.0,2332.16,7,McGinn,MID,Aston Villa,2025-26,0.31,97.38,"recency-weighted FPL points, decay 8**(-age/3)"
65,Chris,Wood,96.96,8.95,0.94,9.89,7.83,16.21,1622.35,9,Wood,FWD,Nott'm Forest,2025-26,0.55,96.96,"recency-weighted FPL points, decay 8**(-age/3)"
66,Mikkel,Damsgaard,96.94,2.5,5.0,7.5,6.94,7.0,1915.0,4,Damsgaard,MID,Brentford,2025-26,0.35,96.94,"recency-weighted FPL points, decay 8**(-age/3)"
67,Ismaïla,Sarr,96.59,6.54,2.8,9.34,10.46,8.05,1779.3,3,Sarr,MID,Crystal Palace,2025-26,0.47,96.59,"recency-weighted FPL points, decay 8**(-age/3)"
68,Vitalii,Mykolenko,96.38,0.53,1.47,2.0,2.43,4.72,2757.38,5,Mykolenko,DEF,Everton,2025-26,0.07,96.38,"recency-weighted FPL points, decay 8**(-age/3)"
69,Nikola,Milenković,95.75,1.25,1.0,2.25,1.95,1.5,2520.0,2,Milenković,DEF,Nott'm Forest,2025-26,0.08,95.75,"recency-weighted FPL points, decay 8**(-age/3)"
70,Moisés,Caicedo Corozo,94.94,1.94,1.94,3.88,3.39,6.75,2790.0,4,Caicedo,MID,Chelsea,2025-26,0.12,94.94,"recency-weighted FPL points, decay 8**(-age/3)"
71,Richarlison,de Andrade,94.83,8.52,3.41,11.93,7.8,10.53,1511.98,9,Richarlison,FWD,Spurs,2025-26,0.71,94.83,"recency-weighted FPL points, decay 8**(-age/3)"
72,Marc,Cucurella Saseta,94.81,1.75,3.0,4.75,4.44,6.44,2427.19,4,Cucurella,DEF,Chelsea,2025-26,0.18,94.81,"recency-weighted FPL points, decay 8**(-age/3)"
73,Matz,Sels,94.25,0.0,0.25,0.25,0.11,4.38,2368.5,3,Sels,GKP,Nott'm Forest,2025-26,0.01,94.25,"recency-weighted FPL points, decay 8**(-age/3)"
74,Jérémy,Doku,94.25,3.62,6.75,10.38,6.7,9.88,1461.12,3,Doku,MID,Man City,2025-26,0.64,94.25,"recency-weighted FPL points, decay 8**(-age/3)"
75,Joško,Gvardiol,93.12,2.75,1.25,4.0,4.01,7.75,1795.38,3,Gvardiol,DEF,Man City,2025-26,0.2,93.12,"recency-weighted FPL points, decay 8**(-age/3)"
76,Igor Thiago,Nascimento Rodrigues,92.75,11.0,0.5,11.5,11.26,11.0,1682.75,2,Thiago,FWD,Brentford,2025-26,0.62,92.75,"recency-weighted FPL points, decay 8**(-age/3)"
77,Iliman,Ndiaye,92.52,5.25,1.5,6.75,7.44,8.75,1997.17,4,Ndiaye,MID,Everton,2025-26,0.3,92.52,"recency-weighted FPL points, decay 8**(-age/3)"
78,Mateus Gonçalo,Espanha Fernandes,91.25,2.0,3.0,5.0,4.41,5.5,2236.25,2,M.Fernandes,MID,West Ham,2025-26,0.2,91.25,"recency-weighted FPL points, decay 8**(-age/3)"
79,Keane,Lewis-Potter,91.0,2.12,3.56,5.69,5.79,2.62,1951.06,4,Lewis-Potter,DEF,Brentford,2025-26,0.26,91.0,"recency-weighted FPL points, decay 8**(-age/3)"
80,Brennan,Johnson,90.75,4.88,3.81,8.69,7.55,6.31,1870.5,4,Johnson,MID,Crystal Palace,2025-26,0.42,90.75,"recency-weighted FPL points, decay 8**(-age/3)"
81,Lucas,Digne,90.52,0.2,5.6,5.8,3.87,5.87,2055.27,8,Digne,DEF,Aston Villa,2025-26,0.25,90.52,"recency-weighted FPL points, decay 8**(-age/3)"
82,Chris,Richards,89.56,0.88,0.38,1.25,2.62,3.5,2181.81,4,Richards,DEF,Crystal Palace,2025-26,0.05,89.56,"recency-weighted FPL points, decay 8**(-age/3)"
83,Francisco Evanilson,de Lima Barbosa,89.5,5.5,4.75,10.25,9.61,8.0,1949.75,2,Evanilson,FWD,Bournemouth,2025-26,0.47,89.5,"recency-weighted FPL points, decay 8**(-age/3)"
84,Matty,Cash,89.06,2.0,2.12,4.12,3.4,4.69,2406.06,4,Cash,DEF,Aston Villa,2025-26,0.15,89.06,"recency-weighted FPL points, decay 8**(-age/3)"
85,Michael,Keane,88.83,2.6,0.71,3.31,1.76,6.27,1845.13,10,Keane,DEF,Everton,2025-26,0.16,88.83,"recency-weighted FPL points, decay 8**(-age/3)"
86,Nico,O'Reilly,87.75,3.0,2.0,5.0,4.88,6.0,1452.75,3,O'Reilly,DEF,Man City,2025-26,0.31,87.75,"recency-weighted FPL points, decay 8**(-age/3)"
87,Marcos,Senesi Barón,87.5,0.0,3.0,3.0,3.12,7.0,1644.0,1,Senesi,DEF,Bournemouth,2025-26,0.16,87.5,"recency-weighted FPL points, decay 8**(-age/3)"
88,Kiernan,Dewsbury-Hall,87.31,4.16,4.0,8.16,5.25,9.69,1588.47,4,Dewsbury-Hall,MID,Everton,2025-26,0.46,87.31,"recency-weighted FPL points, decay 8**(-age/3)"
89,Gabriel,Martinelli Silva,86.88,4.19,4.69,8.88,8.04,4.88,1529.06,4,Martinelli,MID,Arsenal,2025-26,0.52,86.88,"recency-weighted FPL points, decay 8**(-age/3)"
90,Callum,Hudson-Odoi,86.32,3.82,3.21,7.04,4.74,7.59,1751.79,9,Hudson-Odoi,MID,Nott'm Forest,2025-26,0.36,86.32,"recency-weighted FPL points, decay 8**(-age/3)"
91,Youri,Tielemans,86.24,1.5,4.94,6.45,5.23,6.55,2193.58,8,Tielemans,MID,Aston Villa,2025-26,0.26,86.24,"recency-weighted FPL points, decay 8**(-age/3)"
92,Yoane,Wissa,85.94,7.16,2.81,9.97,9.0,10.44,1438.56,5,Wissa,FWD,Newcastle,2025-26,0.62,85.94,"recency-weighted FPL points, decay 8**(-age/3)"
93,João Victor,Gomes da Silva,85.94,1.56,1.5,3.06,3.55,5.25,2529.56,4,J.Gomes,MID,Wolves,2025-26,0.11,85.94,"recency-weighted FPL points, decay 8**(-age/3)"
94,Lewis,Dunk,85.58,1.08,0.97,2.05,2.49,4.97,2670.32,9,Dunk,DEF,Brighton,2025-26,0.07,85.58,"recency-weighted FPL points, decay 8**(-age/3)"
95,José,Malheiro de Sá,84.44,0.0,0.16,0.16,0.02,7.47,2372.28,5,José Sá,GKP,Wolves,2025-26,0.01,84.44,"recency-weighted FPL points, decay 8**(-age/3)"
96,Yankuba,Minteh,84.0,3.0,5.25,8.25,6.72,6.5,1652.25,2,Minteh,MID,Brighton,2025-26,0.45,84.0,"recency-weighted FPL points, decay 8**(-age/3)"
97,Milos,Kerkez,83.38,1.5,2.25,3.75,2.18,4.62,2205.25,3,Kerkez,DEF,Liverpool,2025-26,0.15,83.38,"recency-weighted FPL points, decay 8**(-age/3)"
98,Fabian,Schär,83.07,1.67,1.14,2.81,2.92,3.25,1968.46,8,Schär,DEF,Newcastle,2025-26,0.13,83.07,"recency-weighted FPL points, decay 8**(-age/3)"
99,Adrien,Truffert,82.5,0.5,3.0,3.5,2.21,9.5,1689.0,1,Truffert,DEF,Bournemouth,2025-26,0.19,82.5,"recency-weighted FPL points, decay 8**(-age/3)"
100,Reece,James,81.76,1.48,4.22,5.7,2.98,8.15,1479.38,7,James,DEF,Chelsea,2025-26,0.35,81.76,"recency-weighted FPL points, decay 8**(-age/3)"
101,Mohammed,Kudus,81.12,3.25,5.12,8.38,5.64,6.38,1725.38,3,Kudus,MID,Spurs,2025-26,0.44,81.12,"recency-weighted FPL points, decay 8**(-age/3)"
102,David,Raya Martín,81.0,0.0,0.0,0.0,0.04,5.5,1665.0,1,Raya,GKP,Arsenal,2025-26,0.0,81.0,"recency-weighted FPL points, decay 8**(-age/3)"
103,Amad,Diallo,80.75,3.12,4.64,7.77,7.4,8.12,1694.7,6,Amad,MID,Man Utd,2025-26,0.41,80.75,"recency-weighted FPL points, decay 8**(-age/3)"
104,Mathias,Jensen,80.69,2.19,2.47,4.66,5.78,2.75,1831.12,5,Jensen,MID,Brentford,2025-26,0.23,80.69,"recency-weighted FPL points, decay 8**(-age/3)"
105,Anthony,Elanga,80.58,2.2,4.53,6.73,5.56,4.47,1644.23,6,Elanga,MID,Newcastle,2025-26,0.37,80.58,"recency-weighted FPL points, decay 8**(-age/3)"
106,Norberto Bercique,Gomes Betuncal,80.0,6.88,0.5,7.38,7.49,10.62,1273.62,3,Beto,FWD,Everton,2025-26,0.52,80.0,"recency-weighted FPL points, decay 8**(-age/3)"
107,Alex,Scott,79.62,1.62,1.12,2.75,4.04,4.88,1735.62,3,Scott,MID,Bournemouth,2025-26,0.14,79.62,"recency-weighted FPL points, decay 8**(-age/3)"
108,Dwight,McNeil,78.77,1.87,4.99,6.86,4.98,4.85,1616.24,9,McNeil,MID,Everton,2025-26,0.38,78.77,"recency-weighted FPL points, decay 8**(-age/3)"
109,Antonee,Robinson,78.7,0.5,3.38,3.88,3.21,6.83,2169.98,5,Robinson,DEF,Fulham,2025-26,0.16,78.7,"recency-weighted FPL points, decay 8**(-age/3)"
110,Calvin,Bassey,78.5,0.88,0.5,1.38,1.46,5.0,2321.88,3,Bassey,DEF,Fulham,2025-26,0.05,78.5,"recency-weighted FPL points, decay 8**(-age/3)"
111,Joelinton Cássio,Apolinário de Lira,78.42,2.83,2.05,4.88,4.38,5.07,2030.91,7,Joelinton,MID,Newcastle,2025-26,0.22,78.42,"recency-weighted FPL points, decay 8**(-age/3)"
112,Andrew,Robertson,78.17,1.0,1.62,2.62,3.88,5.94,1750.05,10,Robertson,DEF,Liverpool,2025-26,0.13,78.17,"recency-weighted FPL points, decay 8**(-age/3)"
113,Aaron,Wan-Bissaka,78.08,0.53,3.37,3.9,1.81,5.02,2281.54,10,Wan-Bissaka,DEF,West Ham,2025-26,0.15,78.08,"recency-weighted FPL points, decay 8**(-age/3)"
114,Emile,Smith Rowe,77.84,3.34,1.77,5.11,4.87,4.58,1599.31,7,Smith Rowe,MID,Fulham,2025-26,0.29,77.84,"recency-weighted FPL points, decay 8**(-age/3)"
115,Konstantinos,Mavropanos,77.27,1.62,0.0,1.62,2.24,3.88,1963.2,7,Mavropanos,DEF,West Ham,2025-26,0.07,77.27,"recency-weighted FPL points, decay 8**(-age/3)"
116,Cristian,Romero,77.22,2.91,0.88,3.78,2.64,8.12,1842.56,5,Romero,DEF,Spurs,2025-26,0.18,77.22,"recency-weighted FPL points, decay 8**(-age/3)"
117,Noni,Madueke,77.12,3.94,2.12,6.06,5.85,8.5,1279.94,4,Madueke,MID,Arsenal,2025-26,0.43,77.12,"recency-weighted FPL points, decay 8**(-age/3)"
118,Matheus,Nunes,77.0,0.5,4.0,4.5,1.28,8.0,1430.5,1,Matheus N.,DEF,Man City,2025-26,0.28,77.0,"recency-weighted FPL points, decay 8**(-age/3)"
119,Micky,van de Ven,76.12,2.38,1.0,3.38,2.03,6.75,2066.62,3,Van de Ven,DEF,Spurs,2025-26,0.15,76.12,"recency-weighted FPL points, decay 8**(-age/3)"
120,Kai,Havertz,76.05,5.62,3.78,9.41,7.7,7.89,1325.12,6,Havertz,FWD,Arsenal,2025-26,0.64,76.05,"recency-weighted FPL points, decay 8**(-age/3)"
121,Granit,Xhaka,75.75,1.01,3.64,4.65,2.9,5.11,1788.33,9,Xhaka,MID,Sunderland,2025-26,0.23,75.75,"recency-weighted FPL points, decay 8**(-age/3)"
122,Guglielmo,Vicario,75.5,0.0,0.0,0.0,0.02,4.62,2362.5,3,Vicario,GKP,Spurs,2025-26,0.0,75.5,"recency-weighted FPL points, decay 8**(-age/3)"
123,Nordi,Mukiele,75.5,1.5,2.5,4.0,2.13,5.5,1392.0,1,Mukiele,DEF,Sunderland,2025-26,0.26,75.5,"recency-weighted FPL points, decay 8**(-age/3)"
124,Vitaly,Janelt,75.0,1.19,3.31,4.5,3.25,4.19,1870.78,5,Janelt,MID,Brentford,2025-26,0.22,75.0,"recency-weighted FPL points, decay 8**(-age/3)"
125,Harry,Maguire,74.27,1.09,1.55,2.63,1.72,4.48,1688.06,10,Maguire,DEF,Man Utd,2025-26,0.14,74.27,"recency-weighted FPL points, decay 8**(-age/3)"
126,Jake,O'Brien,74.25,1.0,1.5,2.5,1.6,2.25,1951.0,3,O'Brien,DEF,Everton,2025-26,0.12,74.25,"recency-weighted FPL points, decay 8**(-age/3)"
127,Pascal,Groß,73.85,1.71,5.22,6.94,5.46,10.04,1538.76,9,Groß,MID,Brighton,2025-26,0.41,73.85,"recency-weighted FPL points, decay 8**(-age/3)"
128,Luke,Shaw,73.77,0.58,1.07,1.65,1.92,3.26,2093.3,10,Shaw,DEF,Man Utd,2025-26,0.07,73.77,"recency-weighted FPL points, decay 8**(-age/3)"
129,Jørgen,Strand Larsen,73.75,5.5,1.5,7.0,6.0,5.75,1797.25,2,Strand Larsen,FWD,Crystal Palace,2025-26,0.35,73.75,"recency-weighted FPL points, decay 8**(-age/3)"
130,Trent,Alexander-Arnold,73.53,1.38,3.73,5.12,4.06,8.65,1216.37,9,Alexander-Arnold,DEF,Liverpool,2024-25,0.38,73.53,"recency-weighted FPL points, decay 8**(-age/3)"
131,Enzo,Le Fée,73.5,2.5,3.0,5.5,5.58,8.0,1465.0,1,E.Le Fée,MID,Sunderland,2025-26,0.34,73.5,"recency-weighted FPL points, decay 8**(-age/3)"
132,Rayan,Aït-Nouri,73.44,1.31,3.12,4.44,3.68,8.5,1621.06,4,Aït-Nouri,DEF,Man City,2025-26,0.25,73.44,"recency-weighted FPL points, decay 8**(-age/3)"
133,Lucas,Tolentino Coelho de Lima,73.12,3.75,2.31,6.06,6.31,6.62,1813.0,4,L.Paquetá,MID,West Ham,2025-26,0.3,73.12,"recency-weighted FPL points, decay 8**(-age/3)"
134,Jack,Hinshelwood,73.06,3.62,3.25,6.88,5.01,3.62,1436.06,4,Hinshelwood,MID,Brighton,2025-26,0.43,73.06,"recency-weighted FPL points, decay 8**(-age/3)"
135,Kieran,Trippier,72.86,0.25,3.1,3.35,3.22,8.14,1632.58,9,Trippier,DEF,Newcastle,2025-26,0.18,72.86,"recency-weighted FPL points, decay 8**(-age/3)"
136,Adam,Wharton,72.75,0.5,3.88,4.38,5.37,4.5,1766.5,3,Wharton,MID,Crystal Palace,2025-26,0.22,72.75,"recency-weighted FPL points, decay 8**(-age/3)"
137,Curtis,Jones,72.63,1.62,3.0,4.62,4.57,4.59,1641.55,9,C.Jones,MID,Liverpool,2025-26,0.25,72.63,"recency-weighted FPL points, decay 8**(-age/3)"
138,Justin,Kluivert,72.5,4.88,1.62,6.5,6.29,5.25,1296.0,3,Kluivert,MID,Bournemouth,2025-26,0.45,72.5,"recency-weighted FPL points, decay 8**(-age/3)"
139,Malo,Gusto,72.25,1.0,2.5,3.5,3.65,5.25,1809.0,3,Gusto,DEF,Chelsea,2025-26,0.17,72.25,"recency-weighted FPL points, decay 8**(-age/3)"
140,Sepp,van den Berg,72.0,0.0,1.75,1.75,3.06,1.75,2026.5,4,Van den Berg,DEF,Brentford,2025-26,0.08,72.0,"recency-weighted FPL points, decay 8**(-age/3)"
141,Matheus,Santos Carneiro da Cunha,71.5,5.0,2.0,7.0,5.13,7.0,1246.5,1,Cunha,MID,Man Utd,2025-26,0.51,71.5,"recency-weighted FPL points, decay 8**(-age/3)"
142,Caoimhín,Kelleher,71.5,0.0,0.0,0.0,0.11,5.5,1665.0,1,Kelleher,GKP,Brentford,2025-26,0.0,71.5,"recency-weighted FPL points, decay 8**(-age/3)"
143,Lewis,Hall,70.94,0.62,2.75,3.38,3.21,5.31,1772.44,5,Hall,DEF,Newcastle,2025-26,0.17,70.94,"recency-weighted FPL points, decay 8**(-age/3)"
144,Đorđe,Petrović,70.88,0.0,0.0,0.0,0.0,3.12,1958.25,3,Petrović,GKP,Bournemouth,2025-26,0.0,70.88,"recency-weighted FPL points, decay 8**(-age/3)"
145,James,Justin,70.07,1.53,1.16,2.7,2.11,6.36,1824.11,6,Justin,DEF,Leeds,2025-26,0.13,70.07,"recency-weighted FPL points, decay 8**(-age/3)"
146,Callum,Wilson,69.45,6.33,1.69,8.02,6.53,6.21,1058.85,10,Wilson,FWD,West Ham,2025-26,0.68,69.45,"recency-weighted FPL points, decay 8**(-age/3)"
147,Luis,Díaz,69.38,4.62,2.84,7.47,6.4,7.0,1018.22,4,Luis Díaz,MID,Liverpool,2024-25,0.66,69.38,"recency-weighted FPL points, decay 8**(-age/3)"
148,Sandro,Tonali,69.0,1.12,1.5,2.62,4.25,3.5,1977.88,3,Tonali,MID,Newcastle,2025-26,0.12,69.0,"recency-weighted FPL points, decay 8**(-age/3)"
149,James,Ward-Prowse,68.82,2.2,2.44,4.64,4.39,5.06,1683.32,10,Ward-Prowse,MID,Burnley,2025-26,0.25,68.82,"recency-weighted FPL points, decay 8**(-age/3)"
150,Sander,Berge,68.8,0.15,1.77,1.92,2.25,2.41,2407.35,5,Berge,MID,Fulham,2025-26,0.07,68.8,"recency-weighted FPL points, decay 8**(-age/3)"
151,Jack,Grealish,68.77,2.19,4.34,6.52,4.72,8.73,1362.99,7,Grealish,MID,Everton,2025-26,0.43,68.77,"recency-weighted FPL points, decay 8**(-age/3)"
152,Anton,Stach,68.5,2.5,3.0,5.5,3.68,7.0,1184.5,1,Stach,MID,Leeds,2025-26,0.42,68.5,"recency-weighted FPL points, decay 8**(-age/3)"
153,Son,Heung-min,68.38,4.5,4.12,8.62,6.37,6.62,1073.62,4,Son,MID,Spurs,2025-26,0.72,68.38,"recency-weighted FPL points, decay 8**(-age/3)"
154,Brenden,Aaronson,68.19,2.06,4.25,6.31,4.47,2.5,1372.31,2,Aaronson,MID,Leeds,2025-26,0.41,68.19,"recency-weighted FPL points, decay 8**(-age/3)"
155,Georginio,Rutter,68.19,2.75,4.06,6.81,4.5,1.25,1317.19,3,Georginio,MID,Brighton,2025-26,0.47,68.19,"recency-weighted FPL points, decay 8**(-age/3)"
156,Crysencio,Summerville,68.06,3.0,2.5,5.5,5.47,5.75,1521.12,5,Summerville,MID,West Ham,2025-26,0.33,68.06,"recency-weighted FPL points, decay 8**(-age/3)"
157,Robin,Roefs,68.0,0.0,0.0,0.0,0.05,6.0,1575.0,1,Roefs,GKP,Sunderland,2025-26,0.0,68.0,"recency-weighted FPL points, decay 8**(-age/3)"
158,Daniel,Muñoz Mejía,68.0,2.0,2.0,4.0,3.2,4.5,1200.0,1,Muñoz,DEF,Crystal Palace,2025-26,0.3,68.0,"recency-weighted FPL points, decay 8**(-age/3)"
159,Ethan,Ampadu,67.69,0.5,2.0,2.5,2.34,5.56,1592.13,8,Ampadu,MID,Leeds,2025-26,0.14,67.69,"recency-weighted FPL points, decay 8**(-age/3)"
160,Yasin,Ayari,67.69,2.0,2.25,4.25,3.23,4.25,1454.06,4,Ayari,MID,Brighton,2025-26,0.26,67.69,"recency-weighted FPL points, decay 8**(-age/3)"
161,Jaidon,Anthony,67.69,4.19,2.06,6.25,4.17,3.25,1454.94,4,Anthony,MID,Burnley,2025-26,0.39,67.69,"recency-weighted FPL points, decay 8**(-age/3)"
162,Rayan,Cherki,67.5,2.0,6.5,8.5,6.57,8.0,886.0,1,Cherki,MID,Man City,2025-26,0.86,67.5,"recency-weighted FPL points, decay 8**(-age/3)"
163,Gianluigi,Donnarumma,67.5,0.0,0.0,0.0,0.06,2.5,1530.0,1,Donnarumma,GKP,Man City,2025-26,0.0,67.5,"recency-weighted FPL points, decay 8**(-age/3)"
164,Benjamin,White,67.5,0.62,1.94,2.56,1.93,4.0,1212.5,4,White,DEF,Arsenal,2025-26,0.19,67.5,"recency-weighted FPL points, decay 8**(-age/3)"
165,Amadou,Onana,67.31,2.06,0.19,2.25,2.66,4.0,1696.75,4,Onana,MID,Aston Villa,2025-26,0.12,67.31,"recency-weighted FPL points, decay 8**(-age/3)"
166,Mitoma,Kaoru,67.25,4.0,1.75,5.75,6.7,4.0,1506.25,2,Mitoma,MID,Brighton,2025-26,0.34,67.25,"recency-weighted FPL points, decay 8**(-age/3)"
167,Ola,Aina,67.1,0.53,1.27,1.8,1.34,6.38,1584.15,4,Aina,DEF,Nott'm Forest,2025-26,0.1,67.1,"recency-weighted FPL points, decay 8**(-age/3)"
168,James,Maddison,67.06,3.95,4.46,8.41,5.47,6.53,1029.76,8,Maddison,MID,Spurs,2025-26,0.73,67.06,"recency-weighted FPL points, decay 8**(-age/3)"
169,Martín,Zubimendi Ibáñez,66.5,2.5,0.5,3.0,2.55,4.5,1495.5,1,Zubimendi,MID,Arsenal,2025-26,0.18,66.5,"recency-weighted FPL points, decay 8**(-age/3)"
170,Ryan,Sessegnon,66.12,2.63,2.18,4.82,2.56,5.36,1146.11,8,Sessegnon,MID,Fulham,2025-26,0.38,66.12,"recency-weighted FPL points, decay 8**(-age/3)"
171,Timothy,Castagne,66.06,0.31,1.94,2.25,2.41,3.36,1964.7,6,Castagne,DEF,Fulham,2025-26,0.1,66.06,"recency-weighted FPL points, decay 8**(-age/3)"
172,David,Raya Martin,65.72,0.0,0.0,0.0,0.03,4.66,1496.25,4,Raya,GKP,Arsenal,2024-25,0.0,65.72,"recency-weighted FPL points, decay 8**(-age/3)"
173,Rodrigo,Bentancur,65.31,1.44,0.88,2.31,1.94,2.81,1610.94,5,Bentancur,MID,Spurs,2025-26,0.13,65.31,"recency-weighted FPL points, decay 8**(-age/3)"
174,Pape Matar,Sarr,64.88,2.12,2.94,5.06,3.16,2.5,1440.31,4,P.M.Sarr,MID,Spurs,2025-26,0.32,64.88,"recency-weighted FPL points, decay 8**(-age/3)"
175,Emiliano,Buendía Stati,64.41,3.44,1.38,4.81,3.62,5.75,1107.97,5,Buendía,MID,Aston Villa,2025-26,0.39,64.41,"recency-weighted FPL points, decay 8**(-age/3)"
176,Riccardo,Calafiori,64.25,1.0,1.25,2.25,2.45,3.25,1093.0,2,Calafiori,DEF,Arsenal,2025-26,0.19,64.25,"recency-weighted FPL points, decay 8**(-age/3)"
177,Viktor,Gyökeres,64.0,7.0,0.5,7.5,7.1,8.0,1108.5,1,Gyökeres,FWD,Arsenal,2025-26,0.61,64.0,"recency-weighted FPL points, decay 8**(-age/3)"
178,Tino,Livramento,64.0,0.16,0.81,0.97,1.42,3.72,1604.88,5,Livramento,DEF,Newcastle,2025-26,0.05,64.0,"recency-weighted FPL points, decay 8**(-age/3)"
179,Kyle,Walker,63.9,0.03,1.76,1.78,1.64,3.52,2379.64,10,Walker,DEF,Burnley,2025-26,0.07,63.9,"recency-weighted FPL points, decay 8**(-age/3)"
180,Matheus,Santos Carneiro Da Cunha,63.81,5.38,2.62,8.0,5.18,12.5,1013.81,3,Cunha,FWD,Wolves,2024-25,0.71,63.81,"recency-weighted FPL points, decay 8**(-age/3)"
181,Sven,Botman,63.44,0.75,0.88,1.62,1.88,4.0,1387.31,4,Botman,DEF,Newcastle,2025-26,0.11,63.44,"recency-weighted FPL points, decay 8**(-age/3)"
182,Jacob,Ramsey,63.41,1.94,3.16,5.09,3.2,3.34,1481.7,6,J.Ramsey,MID,Newcastle,2025-26,0.31,63.41,"recency-weighted FPL points, decay 8**(-age/3)"
183,Kevin,De Bruyne,63.31,2.63,5.31,7.94,5.33,7.71,860.87,9,De Bruyne,MID,Man City,2024-25,0.83,63.31,"recency-weighted FPL points, decay 8**(-age/3)"
184,Jefferson,Lerma Solís,63.31,0.44,2.88,3.31,3.26,2.81,1931.62,4,Lerma,MID,Crystal Palace,2025-26,0.15,63.31,"recency-weighted FPL points, decay 8**(-age/3)"
185,Michael,Kayode,63.25,0.5,1.25,1.75,2.31,4.5,1759.75,2,Kayode,DEF,Brentford,2025-26,0.09,63.25,"recency-weighted FPL points, decay 8**(-age/3)"
186,André,Trindade da Costa Neto,63.25,0.5,0.0,0.5,0.99,2.25,1998.0,2,André,MID,Wolves,2025-26,0.02,63.25,"recency-weighted FPL points, decay 8**(-age/3)"
187,Malick,Thiaw,63.0,2.0,0.0,2.0,2.88,6.0,1481.5,1,Thiaw,DEF,Newcastle,2025-26,0.12,63.0,"recency-weighted FPL points, decay 8**(-age/3)"
188,João Maria,Lobo Alves Palhares Costa Palhinha Gonçalves,63.0,2.5,1.5,4.0,1.68,8.5,1096.0,1,J.Palhinha,MID,Spurs,2025-26,0.33,63.0,"recency-weighted FPL points, decay 8**(-age/3)"
189,Yehor,Yarmoliuk,62.75,0.5,1.5,2.0,1.69,0.5,1684.75,2,Yarmoliuk,MID,Brentford,2025-26,0.11,62.75,"recency-weighted FPL points, decay 8**(-age/3)"
190,Kenny,Tete,62.53,0.69,0.83,1.52,2.02,2.61,1630.27,5,Tete,DEF,Fulham,2025-26,0.08,62.53,"recency-weighted FPL points, decay 8**(-age/3)"
191,Omar,Alderete,62.5,0.5,0.5,1.0,1.27,2.5,1398.5,1,Alderete,DEF,Sunderland,2025-26,0.06,62.5,"recency-weighted FPL points, decay 8**(-age/3)"
192,Florian,Wirtz,62.5,2.5,2.0,4.5,5.98,8.5,1187.0,1,Wirtz,MID,Liverpool,2025-26,0.34,62.5,"recency-weighted FPL points, decay 8**(-age/3)"
193,Hugo,Ekitiké,62.5,5.5,2.0,7.5,6.28,11.0,898.5,1,Ekitiké,FWD,Liverpool,2025-26,0.75,62.5,"recency-weighted FPL points, decay 8**(-age/3)"
194,Lesley,Ugochukwu,61.88,1.75,1.75,3.5,1.84,3.25,1615.0,3,Ugochukwu,MID,Burnley,2025-26,0.2,61.88,"recency-weighted FPL points, decay 8**(-age/3)"
195,Alisson,Ramses Becker,60.83,0.02,0.1,0.12,0.05,5.11,1331.01,7,A.Becker,GKP,Liverpool,2024-25,0.01,60.83,"recency-weighted FPL points, decay 8**(-age/3)"
196,Kristoffer,Ajer,60.59,0.28,1.22,1.5,1.57,1.03,1599.03,5,Ajer,DEF,Brentford,2025-26,0.08,60.59,"recency-weighted FPL points, decay 8**(-age/3)"
197,Pascal,Struijk,60.33,0.17,0.66,0.83,2.07,2.28,1701.31,4,Struijk,DEF,Leeds,2025-26,0.04,60.33,"recency-weighted FPL points, decay 8**(-age/3)"
198,Mats,Wieffer,60.0,1.25,3.25,4.5,2.34,4.0,1201.25,2,Wieffer,MID,Brighton,2025-26,0.34,60.0,"recency-weighted FPL points, decay 8**(-age/3)"
199,James,Hill,59.88,0.0,1.75,1.75,1.16,2.0,1171.0,4,Hill,DEF,Bournemouth,2025-26,0.13,59.88,"recency-weighted FPL points, decay 8**(-age/3)"
200,Alphonse,Areola,59.69,0.0,0.5,0.5,0.0,2.77,1874.88,6,Areola,GKP,West Ham,2025-26,0.02,59.69,"recency-weighted FPL points, decay 8**(-age/3)"
201,Martin,Dúbravka,59.0,0.0,0.0,0.0,0.02,4.0,1800.0,2,Dúbravka,GKP,Burnley,2025-26,0.0,59.0,"recency-weighted FPL points, decay 8**(-age/3)"
202,Ferdi,Kadıoğlu,59.0,0.5,1.0,1.5,2.68,3.5,1565.0,1,F.Kadıoğlu,DEF,Brighton,2025-26,0.09,59.0,"recency-weighted FPL points, decay 8**(-age/3)"
203,Adam,Smith,58.74,0.01,1.46,1.47,0.77,2.86,1416.44,8,Smith,DEF,Bournemouth,2025-26,0.09,58.74,"recency-weighted FPL points, decay 8**(-age/3)"
204,Ederson,Santana de Moraes,58.66,0.0,1.08,1.08,0.06,3.61,1323.28,9,Ederson M.,GKP,Man City,2025-26,0.07,58.66,"recency-weighted FPL points, decay 8**(-age/3)"
205,Sean,Longstaff,58.65,1.86,2.0,3.86,3.32,3.05,1278.02,8,Longstaff,MID,Leeds,2025-26,0.27,58.65,"recency-weighted FPL points, decay 8**(-age/3)"
206,Pedro,Porro Sauceda,58.5,0.5,1.5,2.0,2.71,4.0,1396.5,1,Pedro Porro,DEF,Spurs,2025-26,0.13,58.5,"recency-weighted FPL points, decay 8**(-age/3)"
207,Daniel,Ballard,58.0,1.0,1.0,2.0,1.54,4.5,1072.0,1,Ballard,DEF,Sunderland,2025-26,0.17,58.0,"recency-weighted FPL points, decay 8**(-age/3)"
208,Ryan,Christie,57.75,1.56,2.0,3.56,3.85,3.0,1495.06,4,Christie,MID,Bournemouth,2025-26,0.21,57.75,"recency-weighted FPL points, decay 8**(-age/3)"
209,Igor Jesus,Maciel da Cruz,57.0,3.0,3.0,6.0,3.87,6.5,1146.5,1,Igor Jesus,FWD,Nott'm Forest,2025-26,0.47,57.0,"recency-weighted FPL points, decay 8**(-age/3)"
210,Marcus,Rashford,56.91,3.92,2.15,6.07,4.4,4.02,935.28,10,Rashford,MID,Man Utd,2025-26,0.58,56.91,"recency-weighted FPL points, decay 8**(-age/3)"
211,Kobbie,Mainoo,56.69,0.88,1.12,2.0,1.81,2.0,1479.5,4,Mainoo,MID,Man Utd,2025-26,0.12,56.69,"recency-weighted FPL points, decay 8**(-age/3)"
212,Tyler,Adams,56.56,1.0,1.75,2.75,1.23,1.94,1523.75,4,Adams,MID,Bournemouth,2025-26,0.16,56.56,"recency-weighted FPL points, decay 8**(-age/3)"
213,Junior,Kroupi,56.5,6.5,0.0,6.5,4.91,6.5,831.5,1,Kroupi.Jr,FWD,Bournemouth,2025-26,0.7,56.5,"recency-weighted FPL points, decay 8**(-age/3)"
214,Rúben,dos Santos Gato Alves Dias,56.5,1.0,0.0,1.0,0.61,2.0,1069.5,1,Rúben,DEF,Man City,2025-26,0.08,56.5,"recency-weighted FPL points, decay 8**(-age/3)"
215,Robert,Lynch Sánchez,56.5,0.0,0.5,0.5,0.02,3.5,1520.0,1,Sánchez,GKP,Chelsea,2025-26,0.03,56.5,"recency-weighted FPL points, decay 8**(-age/3)"
216,Jayden,Bogle,56.48,0.91,2.88,3.78,3.03,0.5,1763.17,3,Bogle,DEF,Leeds,2025-26,0.19,56.48,"recency-weighted FPL points, decay 8**(-age/3)"
217,Pau,Torres,56.38,0.25,1.0,1.25,1.3,2.25,1649.0,3,Pau,DEF,Aston Villa,2025-26,0.07,56.38,"recency-weighted FPL points, decay 8**(-age/3)"
218,Raúl,Jiménez Rodríguez,56.0,4.5,2.5,7.0,6.24,3.5,1091.5,1,Raúl,FWD,Fulham,2025-26,0.58,56.0,"recency-weighted FPL points, decay 8**(-age/3)"
219,Hwang,Hee-chan,55.62,3.19,1.75,4.94,3.78,1.44,1215.31,4,Hee Chan,MID,Wolves,2025-26,0.37,55.62,"recency-weighted FPL points, decay 8**(-age/3)"
220,Liam,Delap,55.55,3.5,1.5,5.0,5.09,6.0,1193.61,5,Delap,FWD,Chelsea,2025-26,0.38,55.55,"recency-weighted FPL points, decay 8**(-age/3)"
221,Benjamin,Sesko,55.5,5.5,1.0,6.5,4.74,9.5,815.0,1,Šeško,FWD,Man Utd,2025-26,0.72,55.5,"recency-weighted FPL points, decay 8**(-age/3)"
222,Aaron,Ramsdale,55.31,0.0,0.01,0.01,0.01,4.54,1632.83,9,Ramsdale,GKP,Newcastle,2025-26,0.0,55.31,"recency-weighted FPL points, decay 8**(-age/3)"
223,Joe,Rodon,55.02,1.0,0.0,1.0,0.98,2.55,1490.16,6,Rodon,DEF,Leeds,2025-26,0.06,55.02,"recency-weighted FPL points, decay 8**(-age/3)"
224,Trai,Hume,55.0,1.0,0.5,1.5,2.16,3.0,1516.0,1,Hume,DEF,Sunderland,2025-26,0.09,55.0,"recency-weighted FPL points, decay 8**(-age/3)"
225,Dejan,Kulusevski,54.59,3.03,2.09,5.12,3.9,4.56,1109.59,5,Kulusevski,MID,Spurs,2025-26,0.42,54.59,"recency-weighted FPL points, decay 8**(-age/3)"
226,Senne,Lammens,54.5,0.0,0.0,0.0,0.0,5.5,1440.0,1,Lammens,GKP,Man Utd,2025-26,0.0,54.5,"recency-weighted FPL points, decay 8**(-age/3)"
227,Noah,Okafor,54.5,4.0,1.5,5.5,3.28,5.5,776.5,1,Okafor,MID,Leeds,2025-26,0.64,54.5,"recency-weighted FPL points, decay 8**(-age/3)"
228,Joël,Veltman,54.28,0.73,0.23,0.97,1.42,2.94,1406.25,6,Veltman,DEF,Brighton,2025-26,0.06,54.28,"recency-weighted FPL points, decay 8**(-age/3)"
229,Ross,Barkley,54.18,2.98,1.98,4.95,2.8,4.41,937.1,10,Barkley,MID,Aston Villa,2025-26,0.48,54.18,"recency-weighted FPL points, decay 8**(-age/3)"
230,Nick,Woltemade,54.0,4.0,2.0,6.0,4.06,6.0,948.0,1,Woltemade,FWD,Newcastle,2025-26,0.57,54.0,"recency-weighted FPL points, decay 8**(-age/3)"
231,Carlos,Baleba,54.0,0.75,0.25,1.0,1.96,1.75,1652.25,3,Baleba,MID,Brighton,2025-26,0.05,54.0,"recency-weighted FPL points, decay 8**(-age/3)"
232,Lewis,Cook,53.84,0.25,2.01,2.26,2.05,1.44,1653.44,8,Cook,MID,Bournemouth,2025-26,0.12,53.84,"recency-weighted FPL points, decay 8**(-age/3)"
233,Jarrad,Branthwaite,53.8,0.91,0.88,1.78,1.04,2.05,1370.18,7,Branthwaite,DEF,Everton,2025-26,0.12,53.8,"recency-weighted FPL points, decay 8**(-age/3)"
234,Mads,Hermansen,53.75,0.0,0.5,0.5,0.01,4.25,1406.25,2,Hermansen,GKP,West Ham,2025-26,0.03,53.75,"recency-weighted FPL points, decay 8**(-age/3)"
235,Raúl,Jiménez,53.61,4.31,1.14,5.45,4.5,8.96,980.23,7,Raúl,FWD,Fulham,2024-25,0.5,53.61,"recency-weighted FPL points, decay 8**(-age/3)"
236,Saša,Lukić,52.88,0.62,2.5,3.12,2.95,2.25,1591.12,3,Lukić,MID,Fulham,2025-26,0.18,52.88,"recency-weighted FPL points, decay 8**(-age/3)"
237,Ibrahim,Sangaré,52.62,1.0,1.25,2.25,1.67,1.0,1311.38,3,Sangaré,MID,Nott'm Forest,2025-26,0.15,52.62,"recency-weighted FPL points, decay 8**(-age/3)"
238,Boubacar,Kamara,52.5,0.75,1.69,2.44,1.35,4.38,1452.44,4,Kamara,MID,Aston Villa,2025-26,0.15,52.5,"recency-weighted FPL points, decay 8**(-age/3)"
239,Jack,Harrison,52.28,1.31,1.81,3.12,3.41,3.17,1220.59,6,Harrison,MID,Leeds,2025-26,0.23,52.28,"recency-weighted FPL points, decay 8**(-age/3)"
240,El Hadji Malick,Diouf,52.0,0.0,3.0,3.0,1.54,1.5,1353.0,1,Diouf,DEF,West Ham,2025-26,0.2,52.0,"recency-weighted FPL points, decay 8**(-age/3)"
241,Patrick,Dorgu,52.0,2.0,2.0,4.0,2.54,5.75,930.0,2,Dorgu,DEF,Man Utd,2025-26,0.39,52.0,"recency-weighted FPL points, decay 8**(-age/3)"
242,Djed,Spence,52.0,0.25,0.5,0.75,1.84,3.0,1472.31,4,Spence,DEF,Spurs,2025-26,0.05,52.0,"recency-weighted FPL points, decay 8**(-age/3)"
243,Mason,Mount,51.9,2.55,0.75,3.3,2.97,2.84,965.8,7,Mount,MID,Man Utd,2025-26,0.31,51.9,"recency-weighted FPL points, decay 8**(-age/3)"
244,Bernardo,Veiga de Carvalho e Silva,51.75,2.0,2.5,4.5,3.92,6.31,1126.0,3,Bernardo,MID,Man City,2024-25,0.36,51.75,"recency-weighted FPL points, decay 8**(-age/3)"
245,Rodrigo,Muniz Carvalho,51.62,3.62,1.0,4.62,4.46,6.5,927.88,4,Muniz,FWD,Fulham,2025-26,0.45,51.62,"recency-weighted FPL points, decay 8**(-age/3)"
246,Will,Hughes,51.43,0.08,1.9,1.99,2.77,1.3,1653.88,8,Hughes,MID,Crystal Palace,2025-26,0.11,51.43,"recency-weighted FPL points, decay 8**(-age/3)"
247,Tyrone,Mings,51.29,0.14,1.11,1.25,1.28,4.88,1315.02,10,Mings,DEF,Aston Villa,2025-26,0.09,51.29,"recency-weighted FPL points, decay 8**(-age/3)"
248,Bernardo,Mota Veiga de Carvalho e Silva,51.0,1.0,2.0,3.0,3.41,2.0,1434.5,1,Bernardo,MID,Man City,2025-26,0.19,51.0,"recency-weighted FPL points, decay 8**(-age/3)"
249,Jean-Ricner,Bellegarde,50.12,1.25,2.5,3.75,2.36,1.38,1154.5,3,Bellegarde,MID,Wolves,2025-26,0.29,50.12,"recency-weighted FPL points, decay 8**(-age/3)"
250,Jadon,Sancho,49.78,1.22,2.56,3.78,3.07,1.53,1043.88,5,Sancho,MID,Aston Villa,2025-26,0.33,49.78,"recency-weighted FPL points, decay 8**(-age/3)"
251,Robert,Sánchez,49.52,0.0,0.0,0.0,0.01,4.62,1170.53,5,Sánchez,GKP,Chelsea,2024-25,0.0,49.52,"recency-weighted FPL points, decay 8**(-age/3)"
252,Jaka,Bijol,49.5,0.5,1.5,2.0,0.82,3.0,944.0,1,Bijol,DEF,Leeds,2025-26,0.19,49.5,"recency-weighted FPL points, decay 8**(-age/3)"
253,Zian,Flemming,49.5,5.5,0.0,5.5,4.18,5.5,882.0,1,Flemming,FWD,Burnley,2025-26,0.56,49.5,"recency-weighted FPL points, decay 8**(-age/3)"
254,Mathys,Tel,49.5,2.5,1.5,4.0,3.58,4.0,894.0,2,Tel,MID,Spurs,2025-26,0.4,49.5,"recency-weighted FPL points, decay 8**(-age/3)"
255,Douglas Luiz,Soares de Paulo,49.48,2.09,1.7,3.79,2.78,4.32,1162.02,6,Douglas Luiz,MID,Aston Villa,2025-26,0.29,49.48,"recency-weighted FPL points, decay 8**(-age/3)"
256,Lisandro,Martínez,49.44,0.56,0.38,0.94,1.11,3.12,1264.69,4,Martinez,DEF,Man Utd,2025-26,0.07,49.44,"recency-weighted FPL points, decay 8**(-age/3)"
257,Mark,Flekken,49.38,0.0,0.62,0.62,0.04,4.5,1229.38,2,Flekken,GKP,Brentford,2024-25,0.05,49.38,"recency-weighted FPL points, decay 8**(-age/3)"
258,Diego,Gómez Amarilla,48.5,2.5,0.5,3.0,3.98,4.5,1058.5,1,Gomez,MID,Brighton,2025-26,0.26,48.5,"recency-weighted FPL points, decay 8**(-age/3)"
259,Noussair,Mazraoui,48.5,0.0,0.25,0.25,0.91,4.25,1197.5,2,Mazraoui,DEF,Man Utd,2025-26,0.02,48.5,"recency-weighted FPL points, decay 8**(-age/3)"
260,Abdoulaye,Doucouré,48.48,2.1,1.27,3.37,2.92,3.19,1227.04,9,A.Doucoure,MID,Everton,2024-25,0.25,48.48,"recency-weighted FPL points, decay 8**(-age/3)"
261,Leon,Bailey,48.16,1.78,3.28,5.06,4.46,2.28,912.06,5,Bailey,MID,Aston Villa,2025-26,0.5,48.16,"recency-weighted FPL points, decay 8**(-age/3)"
262,Jordan,Henderson,48.05,0.62,1.93,2.55,1.63,2.92,1223.35,9,Henderson,MID,Brentford,2025-26,0.19,48.05,"recency-weighted FPL points, decay 8**(-age/3)"
263,Nicolas,Jackson,48.0,4.25,2.25,6.5,6.04,5.75,905.12,3,N.Jackson,FWD,Chelsea,2025-26,0.65,48.0,"recency-weighted FPL points, decay 8**(-age/3)"
264,Kyle,Walker-Peters,47.9,0.59,0.91,1.51,1.76,1.23,1716.86,8,Walker-Peters,DEF,West Ham,2025-26,0.08,47.9,"recency-weighted FPL points, decay 8**(-age/3)"
265,Conor,Gallagher,47.73,1.59,1.78,3.38,2.17,3.73,1211.5,6,Gallagher,MID,Spurs,2025-26,0.25,47.73,"recency-weighted FPL points, decay 8**(-age/3)"
266,Hugo,Bueno López,47.69,0.5,1.56,2.06,2.37,2.19,1352.06,4,H.Bueno,DEF,Wolves,2025-26,0.14,47.69,"recency-weighted FPL points, decay 8**(-age/3)"
267,Tosin,Adarabioyo,47.62,0.56,0.27,0.83,0.76,3.23,1123.14,5,Tosin,DEF,Chelsea,2025-26,0.07,47.62,"recency-weighted FPL points, decay 8**(-age/3)"
268,Thierno,Barry,47.5,4.0,0.0,4.0,4.3,4.5,949.0,1,Barry,FWD,Everton,2025-26,0.38,47.5,"recency-weighted FPL points, decay 8**(-age/3)"
269,Christian,Nørgaard,47.09,1.66,1.88,3.53,2.43,2.66,1274.12,5,Nørgaard,MID,Arsenal,2025-26,0.25,47.09,"recency-weighted FPL points, decay 8**(-age/3)"
270,Jamie,Vardy,47.04,3.44,1.96,5.4,3.91,6.32,965.35,8,Vardy,FWD,Leicester,2024-25,0.5,47.04,"recency-weighted FPL points, decay 8**(-age/3)"
271,Dominic,Solanke-Mitchell,47.0,3.75,1.25,5.0,4.66,3.75,1048.25,2,Solanke,FWD,Spurs,2025-26,0.43,47.0,"recency-weighted FPL points, decay 8**(-age/3)"
272,Lewis,Miley,46.81,0.88,2.38,3.25,2.24,2.88,973.75,4,L.Miley,MID,Newcastle,2025-26,0.3,46.81,"recency-weighted FPL points, decay 8**(-age/3)"
273,André,Onana,46.62,0.0,0.0,0.0,0.06,3.25,1192.5,3,Onana,GKP,Man Utd,2025-26,0.0,46.62,"recency-weighted FPL points, decay 8**(-age/3)"
274,David,Brooks,46.33,1.16,1.9,3.06,6.15,2.79,886.54,6,Brooks,MID,Bournemouth,2025-26,0.31,46.33,"recency-weighted FPL points, decay 8**(-age/3)"
275,Omar,Marmoush,46.25,3.25,1.75,5.0,3.56,5.5,639.0,2,Marmoush,MID,Man City,2025-26,0.7,46.25,"recency-weighted FPL points, decay 8**(-age/3)"
276,Santiago,Ignacio Bueno,46.0,1.5,1.0,2.5,1.86,2.0,1276.0,1,S.Bueno,DEF,Wolves,2025-26,0.18,46.0,"recency-weighted FPL points, decay 8**(-age/3)"
277,Brian,Brobbey,46.0,3.5,1.0,4.5,3.34,6.0,960.0,1,Brobbey,FWD,Sunderland,2025-26,0.42,46.0,"recency-weighted FPL points, decay 8**(-age/3)"
278,Tijjani,Reijnders,46.0,2.5,1.5,4.0,3.48,3.0,811.5,1,Reijnders,MID,Man City,2025-26,0.44,46.0,"recency-weighted FPL points, decay 8**(-age/3)"
279,William,Osula,45.88,3.75,0.62,4.38,2.73,6.75,530.75,4,Osula,FWD,Newcastle,2025-26,0.74,45.88,"recency-weighted FPL points, decay 8**(-age/3)"
280,Nicolás,Domínguez,45.88,0.75,1.0,1.75,2.22,2.25,1258.62,3,Dominguez,MID,Nott'm Forest,2025-26,0.13,45.88,"recency-weighted FPL points, decay 8**(-age/3)"
281,Nathan,Aké,45.85,0.43,0.4,0.83,1.35,1.93,965.47,10,Aké,DEF,Man City,2025-26,0.08,45.85,"recency-weighted FPL points, decay 8**(-age/3)"
282,Alisson,Becker,45.5,0.0,0.0,0.0,0.02,4.0,1170.0,1,A.Becker,GKP,Liverpool,2025-26,0.0,45.5,"recency-weighted FPL points, decay 8**(-age/3)"
283,Alejandro,Garnacho,45.31,2.56,2.0,4.56,4.16,2.62,902.31,3,Garnacho,MID,Man Utd,2024-25,0.46,45.31,"recency-weighted FPL points, decay 8**(-age/3)"
284,Pedro,Porro,45.19,1.06,2.69,3.75,2.98,4.31,1108.5,3,Pedro Porro,DEF,Spurs,2024-25,0.3,45.19,"recency-weighted FPL points, decay 8**(-age/3)"
285,Daichi,Kamada,44.75,0.0,1.0,1.0,3.11,0.0,1335.75,2,Kamada,MID,Crystal Palace,2025-26,0.07,44.75,"recency-weighted FPL points, decay 8**(-age/3)"
286,Simon,Adingra,44.12,1.75,1.38,3.12,2.72,2.5,872.25,3,Adingra,MID,Sunderland,2025-26,0.32,44.12,"recency-weighted FPL points, decay 8**(-age/3)"
287,Taiwo,Awoniyi,44.12,3.62,1.44,5.06,3.96,3.62,556.19,4,Awoniyi,FWD,Nott'm Forest,2025-26,0.82,44.12,"recency-weighted FPL points, decay 8**(-age/3)"
288,Jordan,Ayew,43.83,2.2,1.29,3.49,2.47,1.68,1030.07,9,J.Ayew,MID,Leicester,2024-25,0.31,43.83,"recency-weighted FPL points, decay 8**(-age/3)"
289,Andreas,Hoelgebaum Pereira,43.81,1.12,3.25,4.38,4.21,1.94,995.88,4,Andreas,MID,Fulham,2025-26,0.4,43.81,"recency-weighted FPL points, decay 8**(-age/3)"
290,Piero,Hincapié,43.5,0.5,1.0,1.5,1.01,3.5,893.5,1,Hincapie,DEF,Arsenal,2025-26,0.15,43.5,"recency-weighted FPL points, decay 8**(-age/3)"
291,Josh,Cullen,43.13,1.25,1.5,2.75,1.51,4.62,1013.39,4,Cullen,MID,Burnley,2025-26,0.24,43.13,"recency-weighted FPL points, decay 8**(-age/3)"
292,Wesley,Fofana,42.95,0.06,1.02,1.08,0.88,2.39,1292.12,6,Fofana,DEF,Chelsea,2025-26,0.08,42.95,"recency-weighted FPL points, decay 8**(-age/3)"
293,Ian,Maatsen,42.62,0.25,1.0,1.25,2.77,0.5,1101.25,3,Maatsen,DEF,Aston Villa,2025-26,0.1,42.62,"recency-weighted FPL points, decay 8**(-age/3)"
294,Daniel,Muñoz,42.5,1.0,2.0,3.0,2.41,2.62,987.25,2,Muñoz,DEF,Crystal Palace,2024-25,0.27,42.5,"recency-weighted FPL points, decay 8**(-age/3)"
295,Maxime,Estève,42.5,0.0,0.0,0.0,0.66,0.0,1466.5,1,Estève,DEF,Burnley,2025-26,0.0,42.5,"recency-weighted FPL points, decay 8**(-age/3)"
296,Ryan,Yates,42.44,0.62,1.81,2.44,1.72,0.88,1138.19,4,Yates,MID,Nott'm Forest,2025-26,0.19,42.44,"recency-weighted FPL points, decay 8**(-age/3)"
297,Maxim,De Cuyper,42.0,1.0,1.5,2.5,2.87,4.5,702.0,1,De Cuyper,DEF,Brighton,2025-26,0.32,42.0,"recency-weighted FPL points, decay 8**(-age/3)"
298,Florentino Ibrain,Morris Luís,42.0,0.0,1.0,1.0,0.58,0.0,1050.0,1,Florentino,MID,Burnley,2025-26,0.09,42.0,"recency-weighted FPL points, decay 8**(-age/3)"
299,Max,Kilman,41.82,0.28,0.36,0.64,1.16,2.66,1577.05,7,Kilman,DEF,West Ham,2024-25,0.04,41.82,"recency-weighted FPL points, decay 8**(-age/3)"
300,Wilson,Odobert,41.75,0.62,1.5,2.12,2.92,4.12,958.62,3,Odobert,MID,Spurs,2025-26,0.2,41.75,"recency-weighted FPL points, decay 8**(-age/3)"
301,Archie,Gray,41.75,1.0,1.0,2.0,1.45,3.0,1173.0,4,Gray,MID,Spurs,2025-26,0.15,41.75,"recency-weighted FPL points, decay 8**(-age/3)"
302,Ashley,Young,41.69,0.32,1.21,1.54,1.14,3.16,939.12,8,Young,DEF,Everton,2024-25,0.15,41.69,"recency-weighted FPL points, decay 8**(-age/3)"
303,Axel,Disasi,41.62,0.5,0.0,0.5,1.23,1.25,1162.12,3,Disasi,DEF,West Ham,2025-26,0.04,41.62,"recency-weighted FPL points, decay 8**(-age/3)"
304,Tom,Cairney,41.51,1.77,0.83,2.6,2.11,0.92,795.39,6,Cairney,MID,Fulham,2025-26,0.29,41.51,"recency-weighted FPL points, decay 8**(-age/3)"
305,Idrissa Gana,Gueye,41.5,1.0,1.5,2.5,1.92,2.0,1047.0,1,Gana,MID,Everton,2025-26,0.21,41.5,"recency-weighted FPL points, decay 8**(-age/3)"
306,Chemsdine,Talbi,41.5,2.0,1.0,3.0,1.65,3.0,776.5,1,Talbi,MID,Sunderland,2025-26,0.35,41.5,"recency-weighted FPL points, decay 8**(-age/3)"
307,Murillo,Costa dos Santos,41.5,0.5,0.0,0.5,0.6,1.5,1065.0,1,Murillo,DEF,Nott'm Forest,2025-26,0.04,41.5,"recency-weighted FPL points, decay 8**(-age/3)"
308,Omari,Hutchinson,41.06,0.5,3.5,4.0,2.94,1.5,839.38,3,Hutchinson,MID,Nott'm Forest,2025-26,0.43,41.06,"recency-weighted FPL points, decay 8**(-age/3)"
309,Gabriel,Fernando de Jesus,40.94,3.44,1.81,5.25,4.64,3.81,671.75,4,G.Jesus,FWD,Arsenal,2025-26,0.7,40.94,"recency-weighted FPL points, decay 8**(-age/3)"
310,Tim,Iroegbunam,40.88,0.0,1.75,1.75,0.72,0.5,901.44,6,Iroegbunam,MID,Everton,2025-26,0.17,40.88,"recency-weighted FPL points, decay 8**(-age/3)"
311,Diogo,Teixeira da Silva,40.5,3.19,2.12,5.31,3.65,2.44,508.44,3,Diogo J.,MID,Liverpool,2024-25,0.94,40.5,"recency-weighted FPL points, decay 8**(-age/3)"
312,Joe,Willock,40.44,0.31,1.94,2.25,2.72,0.69,963.88,4,Willock,MID,Newcastle,2025-26,0.21,40.44,"recency-weighted FPL points, decay 8**(-age/3)"
313,Xavi,Simons,40.0,1.0,2.5,3.5,3.46,3.5,873.5,1,Xavi,MID,Spurs,2025-26,0.36,40.0,"recency-weighted FPL points, decay 8**(-age/3)"
314,Noah,Sadiki,40.0,0.0,1.0,1.0,1.44,0.0,1445.5,1,Sadiki,MID,Sunderland,2025-26,0.06,40.0,"recency-weighted FPL points, decay 8**(-age/3)"
315,Ilkay,Gündogan,39.98,1.25,2.37,3.62,2.67,2.56,818.58,8,Gündogan,MID,Man City,2024-25,0.4,39.98,"recency-weighted FPL points, decay 8**(-age/3)"
316,Murillo,Santiago Costa dos Santos,39.75,0.5,0.25,0.75,0.96,4.62,1145.75,2,Murillo,DEF,Nott'm Forest,2024-25,0.06,39.75,"recency-weighted FPL points, decay 8**(-age/3)"
317,Darwin,Núñez Ribeiro,39.25,3.19,2.44,5.62,5.07,3.12,637.62,4,Darwin,FWD,Liverpool,2025-26,0.79,39.25,"recency-weighted FPL points, decay 8**(-age/3)"
318,Mateo,Kovačić,39.12,1.62,1.25,2.88,1.92,3.5,803.38,3,Kovačić,MID,Man City,2025-26,0.32,39.12,"recency-weighted FPL points, decay 8**(-age/3)"
319,Rico,Henry,39.0,0.09,1.31,1.41,0.78,0.38,1023.84,5,Henry,DEF,Brentford,2025-26,0.12,39.0,"recency-weighted FPL points, decay 8**(-age/3)"
320,Raheem,Sterling,38.79,2.2,2.26,4.46,2.41,2.49,631.78,9,Sterling,MID,Arsenal,2024-25,0.64,38.79,"recency-weighted FPL points, decay 8**(-age/3)"
321,Matthijs,de Ligt,38.5,1.0,0.0,1.0,1.79,3.25,1114.75,2,De Ligt,DEF,Man Utd,2025-26,0.08,38.5,"recency-weighted FPL points, decay 8**(-age/3)"
322,Yéremy,Pino Santos,38.5,1.0,1.0,2.0,5.32,1.5,1037.0,1,Yeremy,MID,Crystal Palace,2025-26,0.17,38.5,"recency-weighted FPL points, decay 8**(-age/3)"
323,Rúben,Gato Alves Dias,38.5,0.0,0.0,0.0,1.2,2.19,1011.69,3,Rúben,DEF,Man City,2024-25,0.0,38.5,"recency-weighted FPL points, decay 8**(-age/3)"
324,Lyle,Foster,38.38,2.12,1.38,3.5,2.5,2.5,917.75,2,Foster,FWD,Burnley,2025-26,0.34,38.38,"recency-weighted FPL points, decay 8**(-age/3)"
325,Thomas,Partey,38.33,1.25,0.84,2.09,1.65,2.5,1038.61,5,Thomas,MID,Arsenal,2024-25,0.18,38.33,"recency-weighted FPL points, decay 8**(-age/3)"
326,Levi,Colwill,38.25,0.62,0.5,1.12,1.14,2.38,1087.88,3,Colwill,DEF,Chelsea,2024-25,0.09,38.25,"recency-weighted FPL points, decay 8**(-age/3)"
327,Nélson,Cabral Semedo,38.2,0.02,1.39,1.41,1.11,0.77,1385.52,5,N.Semedo,DEF,Wolves,2024-25,0.09,38.2,"recency-weighted FPL points, decay 8**(-age/3)"
328,Ethan,Pinnock,38.19,0.97,0.03,1.0,1.06,2.22,1205.06,5,Pinnock,DEF,Brentford,2025-26,0.07,38.19,"recency-weighted FPL points, decay 8**(-age/3)"
329,Matt,Doherty,37.76,0.8,0.53,1.32,1.01,1.73,1183.68,8,Doherty,DEF,Wolves,2025-26,0.1,37.76,"recency-weighted FPL points, decay 8**(-age/3)"
330,Eddie,Nketiah,37.56,2.62,1.12,3.75,4.03,3.44,661.56,4,Nketiah,FWD,Crystal Palace,2025-26,0.51,37.56,"recency-weighted FPL points, decay 8**(-age/3)"
331,Victor,Lindelöf,37.55,0.15,0.71,0.86,0.39,1.34,1046.43,9,Lindelöf,DEF,Aston Villa,2025-26,0.07,37.55,"recency-weighted FPL points, decay 8**(-age/3)"
332,Conor,Bradley,37.5,0.12,1.88,2.0,1.31,2.62,744.0,4,Bradley,DEF,Liverpool,2025-26,0.24,37.5,"recency-weighted FPL points, decay 8**(-age/3)"
333,Karl,Darlow,37.44,0.0,0.0,0.0,0.02,1.69,1049.41,8,Darlow,GKP,Leeds,2025-26,0.0,37.44,"recency-weighted FPL points, decay 8**(-age/3)"
334,Mateus,Mané,37.25,1.5,1.0,2.5,2.85,4.5,893.75,2,Mané,FWD,Wolves,2025-26,0.25,37.25,"recency-weighted FPL points, decay 8**(-age/3)"
335,Reinildo,Mandava,37.0,0.0,1.0,1.0,0.38,3.0,983.0,1,Reinildo,DEF,Sunderland,2025-26,0.09,37.0,"recency-weighted FPL points, decay 8**(-age/3)"
336,Álex,Jiménez Sánchez,37.0,0.5,1.0,1.5,1.41,1.0,1157.5,1,A.Jimenez,DEF,Bournemouth,2025-26,0.12,37.0,"recency-weighted FPL points, decay 8**(-age/3)"
337,Joshua,Zirkzee,37.0,1.75,1.0,2.75,2.96,4.5,649.75,2,Zirkzee,FWD,Man Utd,2025-26,0.38,37.0,"recency-weighted FPL points, decay 8**(-age/3)"
338,Wilson,Isidor,37.0,3.0,0.5,3.5,2.54,3.5,574.0,1,Isidor,FWD,Sunderland,2025-26,0.55,37.0,"recency-weighted FPL points, decay 8**(-age/3)"
339,Abdukodir,Khusanov,37.0,0.0,0.0,0.0,0.96,1.5,839.25,2,Khusanov,DEF,Man City,2025-26,0.0,37.0,"recency-weighted FPL points, decay 8**(-age/3)"
340,Lukas,Nmecha,36.5,3.0,0.5,3.5,4.42,4.0,532.53,2,Nmecha,FWD,Leeds,2025-26,0.59,36.5,"recency-weighted FPL points, decay 8**(-age/3)"
341,Jean-Clair,Todibo,36.5,0.0,0.5,0.5,0.39,0.75,1364.5,2,Todibo,DEF,West Ham,2025-26,0.03,36.5,"recency-weighted FPL points, decay 8**(-age/3)"
342,Oleksandr,Zinchenko,36.2,0.19,0.76,0.95,1.15,3.21,723.85,10,Zinchenko,DEF,Nott'm Forest,2025-26,0.12,36.2,"recency-weighted FPL points, decay 8**(-age/3)"
343,Kepa,Arrizabalaga,36.13,0.0,0.0,0.0,0.02,2.82,914.06,7,Arrizabalaga,GKP,Bournemouth,2024-25,0.0,36.13,"recency-weighted FPL points, decay 8**(-age/3)"
344,Issa,Diop,36.09,0.62,0.04,0.66,0.7,2.5,1127.66,8,Diop,DEF,Fulham,2025-26,0.05,36.09,"recency-weighted FPL points, decay 8**(-age/3)"
345,Idrissa,Gueye,36.05,0.5,0.83,1.33,1.14,2.58,1181.44,7,Gana,MID,Everton,2024-25,0.1,36.05,"recency-weighted FPL points, decay 8**(-age/3)"
346,Jaydee,Canvot,36.0,0.0,0.0,0.0,0.9,4.5,665.5,1,Canvot,DEF,Crystal Palace,2025-26,0.0,36.0,"recency-weighted FPL points, decay 8**(-age/3)"
347,Donyell,Malen,36.0,2.75,1.0,3.75,2.76,2.25,394.0,2,Malen,MID,Aston Villa,2025-26,0.86,36.0,"recency-weighted FPL points, decay 8**(-age/3)"
348,Adam,Armstrong,35.91,1.69,1.91,3.59,2.96,1.28,1008.59,4,Armstrong,FWD,Wolves,2025-26,0.32,35.91,"recency-weighted FPL points, decay 8**(-age/3)"
349,Kevin,Danso,35.57,0.0,0.01,0.01,0.58,0.5,957.15,3,Danso,DEF,Spurs,2025-26,0.0,35.57,"recency-weighted FPL points, decay 8**(-age/3)"
350,Felipe,Rodrigues da Silva,35.5,0.5,0.0,0.5,0.79,1.0,892.75,2,Morato,DEF,Nott'm Forest,2025-26,0.05,35.5,"recency-weighted FPL points, decay 8**(-age/3)"
351,Lucas,Bergvall,35.5,0.5,2.0,2.5,1.21,0.0,777.5,2,Bergvall,MID,Spurs,2025-26,0.29,35.5,"recency-weighted FPL points, decay 8**(-age/3)"
352,Destiny,Udogie,35.12,0.25,1.12,1.38,1.43,1.5,1447.12,3,Udogie,DEF,Spurs,2025-26,0.09,35.12,"recency-weighted FPL points, decay 8**(-age/3)"
353,Rodrigo,Martins Gomes,34.5,2.0,0.0,2.0,1.66,0.0,675.5,2,R.Gomes,DEF,Wolves,2025-26,0.27,34.5,"recency-weighted FPL points, decay 8**(-age/3)"
354,Rodrigo 'Rodri',Hernandez Cascante,34.5,0.5,0.5,1.0,1.8,3.0,755.0,1,Rodrigo,MID,Man City,2025-26,0.12,34.5,"recency-weighted FPL points, decay 8**(-age/3)"
355,Illia,Zabarnyi,34.44,0.12,0.25,0.38,0.7,2.38,1212.06,4,Zabarnyi,DEF,Bournemouth,2025-26,0.03,34.44,"recency-weighted FPL points, decay 8**(-age/3)"
356,Manuel,Akanji,34.38,0.25,0.06,0.31,1.3,1.56,959.75,4,Akanji,DEF,Man City,2025-26,0.03,34.38,"recency-weighted FPL points, decay 8**(-age/3)"
357,Rico,Lewis,34.31,0.5,1.0,1.5,1.72,1.5,829.25,4,Lewis,DEF,Man City,2025-26,0.16,34.31,"recency-weighted FPL points, decay 8**(-age/3)"
358,David,Moyes,34.25,0.0,0.0,0.0,0.0,0.0,0.0,1,Moyes,5,Everton,2024-25,0.0,34.25,"recency-weighted FPL points, decay 8**(-age/3)"
359,Josh,King,34.0,0.5,1.5,2.0,1.8,1.5,676.5,2,King,MID,Fulham,2025-26,0.27,34.0,"recency-weighted FPL points, decay 8**(-age/3)"
360,Ladislav,Krejcí,34.0,1.0,1.0,2.0,1.86,0.5,1178.0,1,Krejčí,DEF,Wolves,2025-26,0.15,34.0,"recency-weighted FPL points, decay 8**(-age/3)"
361,Gabriel,Gudmundsson,34.0,0.0,0.0,0.0,2.0,4.0,1318.5,1,Gudmundsson,DEF,Leeds,2025-26,0.0,34.0,"recency-weighted FPL points, decay 8**(-age/3)"
362,Amine,Adli,33.5,1.5,1.0,2.5,2.11,2.0,537.0,1,Adli,MID,Bournemouth,2025-26,0.42,33.5,"recency-weighted FPL points, decay 8**(-age/3)"
363,Leny,Yoro,33.5,0.0,0.5,0.5,1.18,0.5,1155.0,2,Yoro,DEF,Man Utd,2025-26,0.04,33.5,"recency-weighted FPL points, decay 8**(-age/3)"
364,Mikel,Merino Zazón,33.5,2.0,1.5,3.5,2.4,2.5,512.0,1,Merino,MID,Arsenal,2025-26,0.62,33.5,"recency-weighted FPL points, decay 8**(-age/3)"
365,Rasmus,Højlund,33.5,2.25,0.5,2.75,2.55,3.75,769.0,3,Højlund,FWD,Man Utd,2025-26,0.32,33.5,"recency-weighted FPL points, decay 8**(-age/3)"
366,Tanaka,Ao,33.5,1.0,0.5,1.5,1.42,2.0,653.5,1,Tanaka,MID,Leeds,2025-26,0.21,33.5,"recency-weighted FPL points, decay 8**(-age/3)"
367,Rayan Vitor,Simplício Rocha,33.5,2.5,1.0,3.5,2.26,1.5,555.0,1,Rayan,MID,Bournemouth,2025-26,0.57,33.5,"recency-weighted FPL points, decay 8**(-age/3)"
368,Michail,Antonio,33.3,1.9,1.9,3.8,2.07,2.83,684.65,9,Antonio,FWD,West Ham,2024-25,0.5,33.3,"recency-weighted FPL points, decay 8**(-age/3)"
369,Armando,Broja,33.07,0.88,0.88,1.75,1.6,1.34,648.75,6,Broja,FWD,Burnley,2025-26,0.24,33.07,"recency-weighted FPL points, decay 8**(-age/3)"
370,Tolu,Arokodare,33.0,1.5,1.0,2.5,2.94,2.0,701.0,1,Tolu,FWD,Wolves,2025-26,0.32,33.0,"recency-weighted FPL points, decay 8**(-age/3)"
371,Toti António,Gomes,32.88,0.19,0.75,0.94,0.65,3.0,1072.0,4,Toti,DEF,Wolves,2024-25,0.08,32.88,"recency-weighted FPL points, decay 8**(-age/3)"
372,Rodrigo,Hernandez,32.73,1.4,1.73,3.13,1.77,3.21,700.73,5,Rodrigo,MID,Man City,2023-24,0.4,32.73,"recency-weighted FPL points, decay 8**(-age/3)"
373,John,Stones,32.66,0.84,0.13,0.97,0.55,2.03,687.11,10,Stones,DEF,Man City,2025-26,0.13,32.66,"recency-weighted FPL points, decay 8**(-age/3)"
374,Habib,Diarra,32.5,1.0,3.0,4.0,2.06,1.5,701.5,1,Diarra,MID,Sunderland,2025-26,0.51,32.5,"recency-weighted FPL points, decay 8**(-age/3)"
375,Adama,Traoré,32.33,0.85,2.54,3.39,2.48,2.32,584.3,7,Adama,MID,Fulham,2024-25,0.52,32.33,"recency-weighted FPL points, decay 8**(-age/3)"
376,Emerson,Palmieri dos Santos,32.09,0.69,0.75,1.44,1.6,2.13,1014.17,9,Emerson,DEF,West Ham,2025-26,0.13,32.09,"recency-weighted FPL points, decay 8**(-age/3)"
377,Oliver,Glasner,32.0,0.0,0.0,0.0,0.0,0.0,0.0,1,Glasner,5,Crystal Palace,2024-25,0.0,32.0,"recency-weighted FPL points, decay 8**(-age/3)"
378,Yves,Bissouma,31.93,0.55,0.06,0.62,0.9,1.31,1101.37,8,Bissouma,MID,Spurs,2025-26,0.05,31.93,"recency-weighted FPL points, decay 8**(-age/3)"
379,Quilindschy,Hartman,31.5,0.0,3.0,3.0,1.15,0.0,912.5,1,Hartman,DEF,Burnley,2025-26,0.3,31.5,"recency-weighted FPL points, decay 8**(-age/3)"
380,Marshall,Munetsi,31.5,1.0,1.5,2.5,2.11,1.5,705.25,2,Munetsi,MID,Wolves,2025-26,0.32,31.5,"recency-weighted FPL points, decay 8**(-age/3)"
381,Nico,González Iglesias,31.5,0.5,0.0,0.5,0.9,0.5,780.5,1,N.Gonzalez,MID,Man City,2025-26,0.06,31.5,"recency-weighted FPL points, decay 8**(-age/3)"
382,Jeremie,Frimpong,31.5,0.0,2.5,2.5,1.02,0.5,516.0,1,Frimpong,DEF,Liverpool,2025-26,0.44,31.5,"recency-weighted FPL points, decay 8**(-age/3)"
383,Samuel,Chukwueze,31.0,1.5,2.0,3.5,2.73,0.5,533.5,1,Chukwueze,MID,Fulham,2025-26,0.59,31.0,"recency-weighted FPL points, decay 8**(-age/3)"
384,Hannibal,Mejbri,30.92,0.62,2.5,3.12,1.56,2.0,628.09,5,Hannibal,MID,Burnley,2025-26,0.45,30.92,"recency-weighted FPL points, decay 8**(-age/3)"
385,Pervis,Estupiñán,30.88,0.56,1.06,1.62,1.64,3.56,922.12,3,Estupiñan,DEF,Brighton,2024-25,0.16,30.88,"recency-weighted FPL points, decay 8**(-age/3)"
386,Jacob,Bruun Larsen,30.75,0.75,0.5,1.25,2.03,0.88,661.38,2,Bruun Larsen,MID,Burnley,2025-26,0.17,30.75,"recency-weighted FPL points, decay 8**(-age/3)"
387,Dominic,Solanke,30.67,2.78,1.02,3.8,3.43,3.4,609.94,6,Solanke,FWD,Bournemouth,2023-24,0.56,30.67,"recency-weighted FPL points, decay 8**(-age/3)"
388,Yerson,Mosquera Valdelamar,30.5,0.0,0.0,0.0,1.56,1.5,1068.5,3,Mosquera,DEF,Wolves,2025-26,0.0,30.5,"recency-weighted FPL points, decay 8**(-age/3)"
389,Valentín,Castellanos,30.5,3.0,0.5,3.5,3.28,2.5,692.0,1,Taty,FWD,West Ham,2025-26,0.46,30.5,"recency-weighted FPL points, decay 8**(-age/3)"
390,Fabian,Hürzeler,29.75,0.0,0.0,0.0,0.0,0.0,0.0,1,Hürzeler,5,Brighton,2024-25,0.0,29.75,"recency-weighted FPL points, decay 8**(-age/3)"
391,Loum,Tchaouna,29.5,1.0,1.0,2.0,1.09,0.0,629.5,1,Tchaouna,MID,Burnley,2025-26,0.29,29.5,"recency-weighted FPL points, decay 8**(-age/3)"
392,Arne,Slot,29.5,0.0,0.0,0.0,0.0,0.0,0.0,1,Slot,5,Liverpool,2024-25,0.0,29.5,"recency-weighted FPL points, decay 8**(-age/3)"
393,Joe,Gomez,29.5,0.0,1.25,1.25,0.83,1.25,647.75,3,Gomez,DEF,Liverpool,2025-26,0.17,29.5,"recency-weighted FPL points, decay 8**(-age/3)"
394,Matheus Luiz,Nunes,29.25,0.31,2.06,2.38,1.67,1.94,675.56,3,Matheus N.,MID,Man City,2024-25,0.32,29.25,"recency-weighted FPL points, decay 8**(-age/3)"
395,Bobby,De Cordova-Reid,29.12,1.25,1.44,2.69,1.28,1.56,514.31,3,De Cordova-Reid,MID,Leicester,2024-25,0.47,29.12,"recency-weighted FPL points, decay 8**(-age/3)"
396,Facundo,Buonanotte,29.0,1.69,0.69,2.38,2.29,1.75,621.88,4,Buonanotte,MID,Leeds,2025-26,0.34,29.0,"recency-weighted FPL points, decay 8**(-age/3)"
397,Thomas,Frank,29.0,0.0,0.0,0.0,0.0,0.0,0.0,1,Frank,5,Brentford,2024-25,0.0,29.0,"recency-weighted FPL points, decay 8**(-age/3)"
398,Estêvão,Almeida de Oliveira Gonçalves,29.0,1.0,2.5,3.5,2.53,2.0,419.5,1,Estêvão,MID,Chelsea,2025-26,0.75,29.0,"recency-weighted FPL points, decay 8**(-age/3)"
399,Brajan,Gruda,28.75,0.75,1.5,2.25,2.14,1.25,523.0,2,Gruda,MID,Brighton,2025-26,0.39,28.75,"recency-weighted FPL points, decay 8**(-age/3)"
400,Harry,Kane,28.72,3.06,1.17,4.23,1.56,4.73,400.17,8,Kane,FWD,Spurs,2023-24,0.95,28.72,"recency-weighted FPL points, decay 8**(-age/3)"
401,Pep,Guardiola,28.25,0.0,0.0,0.0,0.0,0.0,0.0,1,Guardiola,5,Man City,2024-25,0.0,28.25,"recency-weighted FPL points, decay 8**(-age/3)"
402,Alejandro,Garnacho Ferreyra,28.06,0.5,2.0,2.5,3.56,1.5,630.88,2,Garnacho,MID,Chelsea,2025-26,0.36,28.06,"recency-weighted FPL points, decay 8**(-age/3)"
403,James,Milner,28.06,0.54,0.92,1.46,1.36,0.16,643.87,10,Milner,MID,Brighton,2025-26,0.2,28.06,"recency-weighted FPL points, decay 8**(-age/3)"
404,Josh,Laurent,28.0,0.5,0.0,0.5,0.68,0.5,876.0,1,Laurent,MID,Burnley,2025-26,0.05,28.0,"recency-weighted FPL points, decay 8**(-age/3)"
405,Ilia,Gruev,28.0,0.0,2.0,2.0,0.68,1.5,659.0,1,Gruev,MID,Leeds,2025-26,0.27,28.0,"recency-weighted FPL points, decay 8**(-age/3)"
406,Hjalmar,Ekdal,27.88,0.0,0.0,0.0,0.29,1.38,824.0,2,Ekdal,DEF,Burnley,2025-26,0.0,27.88,"recency-weighted FPL points, decay 8**(-age/3)"
407,Vítor Manuel,de Oliveira Lopes Pereira,27.75,0.0,0.0,0.0,0.0,0.0,0.0,1,Pereira,5,Wolves,2024-25,0.0,27.75,"recency-weighted FPL points, decay 8**(-age/3)"
408,Lutsharel,Geertruida,27.5,0.0,0.0,0.0,0.82,0.0,840.5,1,Geertruida,DEF,Sunderland,2025-26,0.0,27.5,"recency-weighted FPL points, decay 8**(-age/3)"
409,Ben,Davies,27.48,0.79,0.55,1.33,0.99,0.86,803.43,13,Davies,DEF,Spurs,2025-26,0.15,27.48,"recency-weighted FPL points, decay 8**(-age/3)"
410,Harvey,Elliott,27.02,0.69,1.75,2.44,2.12,1.88,421.88,8,Elliott,MID,Aston Villa,2025-26,0.52,27.02,"recency-weighted FPL points, decay 8**(-age/3)"
411,Mario,Lemina,26.98,0.77,0.96,1.73,1.32,2.94,829.08,7,Mario Jr.,MID,Wolves,2024-25,0.19,26.98,"recency-weighted FPL points, decay 8**(-age/3)"
412,Christian,Eriksen,26.64,0.54,1.54,2.08,1.92,1.24,590.64,8,Eriksen,MID,Man Utd,2024-25,0.32,26.64,"recency-weighted FPL points, decay 8**(-age/3)"
413,Pablo,Sarabia,26.56,1.31,1.38,2.69,2.75,1.94,464.88,3,Sarabia,MID,Wolves,2024-25,0.52,26.56,"recency-weighted FPL points, decay 8**(-age/3)"
414,Justin,Devenny,26.5,0.75,0.25,1.0,1.68,0.25,516.0,2,Devenny,MID,Crystal Palace,2025-26,0.17,26.5,"recency-weighted FPL points, decay 8**(-age/3)"
415,Enes,Ünal,26.5,1.25,0.75,2.0,2.15,1.88,229.12,3,Enes Ünal,FWD,Bournemouth,2025-26,0.79,26.5,"recency-weighted FPL points, decay 8**(-age/3)"
416,Sávio 'Savinho',Moreira de Oliveira,26.5,0.25,2.75,3.0,2.78,3.75,440.0,1,Savinho,MID,Man City,2024-25,0.61,26.5,"recency-weighted FPL points, decay 8**(-age/3)"
417,Sam,Johnstone,26.44,0.0,0.02,0.02,0.01,1.48,1024.66,5,Johnstone,GKP,Wolves,2025-26,0.0,26.44,"recency-weighted FPL points, decay 8**(-age/3)"
418,Unai,Emery,26.25,0.0,0.0,0.0,0.0,0.0,0.0,1,Emery,5,Aston Villa,2024-25,0.0,26.25,"recency-weighted FPL points, decay 8**(-age/3)"
419,Julián,Álvarez,26.19,1.94,1.56,3.5,2.94,3.0,421.0,3,J.Alvarez,FWD,Man City,2024-25,0.75,26.19,"recency-weighted FPL points, decay 8**(-age/3)"
420,Michael,Olise,26.16,1.44,1.62,3.06,1.87,3.81,365.66,3,Olise,MID,Crystal Palace,2023-24,0.75,26.16,"recency-weighted FPL points, decay 8**(-age/3)"
421,Mikel,Arteta,26.0,0.0,0.0,0.0,0.0,0.0,0.0,1,Arteta,5,Arsenal,2024-25,0.0,26.0,"recency-weighted FPL points, decay 8**(-age/3)"
422,Randal,Kolo Muani,26.0,0.5,0.5,1.0,1.85,0.5,827.5,1,Kolo Muani,FWD,Spurs,2025-26,0.11,26.0,"recency-weighted FPL points, decay 8**(-age/3)"
423,Tyler,Dibling,26.0,0.5,0.5,1.0,1.19,1.0,640.25,3,Dibling,MID,Everton,2025-26,0.14,26.0,"recency-weighted FPL points, decay 8**(-age/3)"
424,Dean,Huijsen,26.0,0.75,0.5,1.25,0.85,3.5,605.5,1,Huijsen,DEF,Bournemouth,2024-25,0.19,26.0,"recency-weighted FPL points, decay 8**(-age/3)"
425,Jackson,Tchatchoua,26.0,0.0,0.5,0.5,0.97,0.0,917.0,1,Tchatchoua,DEF,Wolves,2025-26,0.05,26.0,"recency-weighted FPL points, decay 8**(-age/3)"
426,James,McAtee,25.94,1.12,1.0,2.12,1.82,0.0,456.44,5,McAtee,MID,Nott'm Forest,2025-26,0.42,25.94,"recency-weighted FPL points, decay 8**(-age/3)"
427,Danny,Ings,25.86,1.48,1.4,2.89,1.36,3.37,336.68,9,Ings,FWD,West Ham,2024-25,0.77,25.86,"recency-weighted FPL points, decay 8**(-age/3)"
428,Marcus,Edwards,25.5,0.5,1.5,2.0,1.66,1.0,529.0,1,Edwards,MID,Burnley,2025-26,0.34,25.5,"recency-weighted FPL points, decay 8**(-age/3)"
429,Carlos,Alcaraz Durán,25.5,0.5,1.25,1.75,1.47,1.25,531.0,2,Alcaraz,MID,Everton,2025-26,0.3,25.5,"recency-weighted FPL points, decay 8**(-age/3)"
430,Oscar,Bobb,25.5,0.12,1.25,1.38,2.12,0.25,555.25,3,Bobb,MID,Fulham,2025-26,0.22,25.5,"recency-weighted FPL points, decay 8**(-age/3)"
431,Dan,Ndoye,25.0,0.5,1.0,1.5,1.28,2.0,583.5,1,Ndoye,MID,Nott'm Forest,2025-26,0.23,25.0,"recency-weighted FPL points, decay 8**(-age/3)"
432,Cameron,Archer,24.97,1.0,0.38,1.38,2.44,2.12,587.31,4,Archer,FWD,Southampton,2024-25,0.21,24.97,"recency-weighted FPL points, decay 8**(-age/3)"
433,Marcos,Senesi,24.81,0.62,0.62,1.25,0.99,2.69,711.19,3,Senesi,DEF,Bournemouth,2024-25,0.16,24.81,"recency-weighted FPL points, decay 8**(-age/3)"
434,Nathaniel,Clyne,24.8,0.0,0.68,0.68,0.67,1.14,753.08,9,Clyne,DEF,Crystal Palace,2025-26,0.08,24.8,"recency-weighted FPL points, decay 8**(-age/3)"
435,Aaron,Hickey,24.56,0.0,0.19,0.19,0.41,0.13,548.5,4,Hickey,DEF,Brentford,2025-26,0.03,24.56,"recency-weighted FPL points, decay 8**(-age/3)"
436,Kevin,Santos Lopes de Macedo,24.5,0.5,1.5,2.0,1.34,0.0,515.0,1,Kevin,MID,Fulham,2025-26,0.35,24.5,"recency-weighted FPL points, decay 8**(-age/3)"
437,Axel,Tuanzebe,24.37,0.5,0.25,0.75,0.48,0.0,1051.82,7,Tuanzebe,DEF,Burnley,2025-26,0.06,24.37,"recency-weighted FPL points, decay 8**(-age/3)"
438,Eddie,Howe,24.25,0.0,0.0,0.0,0.0,0.0,0.0,1,Howe,5,Newcastle,2024-25,0.0,24.25,"recency-weighted FPL points, decay 8**(-age/3)"
439,Myles,Lewis-Skelly,23.75,0.25,0.0,0.25,0.32,0.0,689.0,3,Lewis-Skelly,DEF,Arsenal,2025-26,0.03,23.75,"recency-weighted FPL points, decay 8**(-age/3)"
440,Harrison,Reed,23.64,0.69,0.55,1.23,0.84,1.56,448.48,6,Reed,MID,Fulham,2025-26,0.25,23.64,"recency-weighted FPL points, decay 8**(-age/3)"
441,Andrey,Nascimento dos Santos,23.62,0.5,0.0,0.5,1.45,1.5,624.38,4,Andrey Santos,MID,Chelsea,2025-26,0.07,23.62,"recency-weighted FPL points, decay 8**(-age/3)"
442,Ayden,Heaven,23.5,0.0,0.5,0.5,0.29,2.0,502.25,2,Heaven,DEF,Man Utd,2025-26,0.09,23.5,"recency-weighted FPL points, decay 8**(-age/3)"
443,Bashir,Humphreys,23.5,0.0,1.0,1.0,0.55,0.5,787.0,3,Humphreys,DEF,Burnley,2025-26,0.11,23.5,"recency-weighted FPL points, decay 8**(-age/3)"
444,Enzo,Maresca,23.5,0.0,0.0,0.0,0.0,0.0,0.0,1,Maresca,5,Chelsea,2024-25,0.0,23.5,"recency-weighted FPL points, decay 8**(-age/3)"
445,Marco Alexandre,Saraiva da Silva,23.5,0.0,0.0,0.0,0.0,0.0,0.0,1,Silva,5,Fulham,2024-25,0.0,23.5,"recency-weighted FPL points, decay 8**(-age/3)"
446,Mikel,Merino,23.1,1.75,0.5,2.25,1.73,2.01,396.36,3,Merino,MID,Arsenal,2024-25,0.51,23.1,"recency-weighted FPL points, decay 8**(-age/3)"
447,Bafodé,Diakité,23.0,0.0,0.0,0.0,0.1,1.0,637.5,1,Diakité,DEF,Bournemouth,2025-26,0.0,23.0,"recency-weighted FPL points, decay 8**(-age/3)"
448,Ivan,Toney,22.84,2.12,0.78,2.91,2.31,3.28,456.56,4,Toney,FWD,Brentford,2024-25,0.57,22.84,"recency-weighted FPL points, decay 8**(-age/3)"
449,Emmanuel,Agbadou,22.75,0.25,0.0,0.25,0.79,0.25,902.5,2,Agbadou,DEF,Wolves,2025-26,0.02,22.75,"recency-weighted FPL points, decay 8**(-age/3)"
450,Mads,Roerslev Rasmussen,22.66,0.16,0.78,0.94,0.94,0.5,629.19,5,Roerslev,DEF,Brentford,2025-26,0.13,22.66,"recency-weighted FPL points, decay 8**(-age/3)"
451,Jhon,Arias,22.5,0.5,0.0,0.5,2.0,1.0,558.5,1,J.Arias,MID,Wolves,2025-26,0.08,22.5,"recency-weighted FPL points, decay 8**(-age/3)"
452,Wilfred,Ndidi,22.3,0.04,1.36,1.4,0.94,0.49,811.15,8,Ndidi,MID,Leicester,2024-25,0.16,22.3,"recency-weighted FPL points, decay 8**(-age/3)"
453,Jan,Bednarek,22.3,0.65,0.03,0.68,0.42,1.57,907.08,7,Bednarek,DEF,Southampton,2024-25,0.07,22.3,"recency-weighted FPL points, decay 8**(-age/3)"
454,Craig,Dawson,22.29,0.32,0.53,0.85,0.51,1.54,794.36,8,Dawson,DEF,Wolves,2024-25,0.1,22.29,"recency-weighted FPL points, decay 8**(-age/3)"
455,Willian,Borges da Silva,22.25,0.81,0.81,1.63,1.87,1.44,451.69,3,Willian,MID,Fulham,2024-25,0.32,22.25,"recency-weighted FPL points, decay 8**(-age/3)"
456,Omari,Giraud-Hutchinson,22.0,0.75,0.75,1.5,1.35,1.5,646.25,1,Hutchinson,MID,Ipswich,2024-25,0.21,22.0,"recency-weighted FPL points, decay 8**(-age/3)"
457,Miguel,Almirón Rejala,22.0,1.06,0.38,1.44,1.74,1.44,434.19,3,Almirón,MID,Newcastle,2024-25,0.3,22.0,"recency-weighted FPL points, decay 8**(-age/3)"
458,Evann,Guessand,22.0,0.5,1.5,2.0,1.2,0.0,454.5,1,Guessand,MID,Crystal Palace,2025-26,0.4,22.0,"recency-weighted FPL points, decay 8**(-age/3)"
459,Aaron,Cresswell,21.9,0.09,0.38,0.47,0.79,2.17,568.35,9,Cresswell,DEF,West Ham,2024-25,0.07,21.9,"recency-weighted FPL points, decay 8**(-age/3)"
460,Conor,Coady,21.82,0.45,0.06,0.52,0.33,1.56,755.59,6,Coady,DEF,Leicester,2024-25,0.06,21.82,"recency-weighted FPL points, decay 8**(-age/3)"
461,Jorge,Cuenca Barreno,21.75,0.0,0.0,0.0,0.3,0.5,554.75,2,J.Cuenca,DEF,Fulham,2025-26,0.0,21.75,"recency-weighted FPL points, decay 8**(-age/3)"
462,Jorge Luiz,Frello Filho,21.62,0.46,0.49,0.95,0.57,1.1,555.52,7,Jorginho,MID,Arsenal,2024-25,0.15,21.62,"recency-weighted FPL points, decay 8**(-age/3)"
463,Adam,Webster,21.55,0.1,0.26,0.36,0.37,1.18,593.97,7,Webster,DEF,Brighton,2025-26,0.05,21.55,"recency-weighted FPL points, decay 8**(-age/3)"
464,Dara,O'Shea,21.52,0.38,1.0,1.38,0.7,0.52,1174.8,3,O'Shea,DEF,Ipswich,2024-25,0.11,21.52,"recency-weighted FPL points, decay 8**(-age/3)"
465,Sávio,Moreira de Oliveira,21.5,0.5,1.0,1.5,2.04,0.5,408.5,1,Savinho,MID,Man City,2025-26,0.33,21.5,"recency-weighted FPL points, decay 8**(-age/3)"
466,Rio,Ngumoha,21.5,1.0,0.5,1.5,1.67,2.0,273.5,1,Ngumoha,MID,Liverpool,2025-26,0.49,21.5,"recency-weighted FPL points, decay 8**(-age/3)"
467,Lamare,Bogarde,21.5,0.0,0.0,0.0,0.14,2.0,639.25,4,Bogarde,DEF,Aston Villa,2025-26,0.0,21.5,"recency-weighted FPL points, decay 8**(-age/3)"
468,Ruben Filipe,Marques Diogo Amorim,21.5,0.0,0.0,0.0,0.0,0.0,0.0,1,Amorim,5,Man Utd,2024-25,0.0,21.5,"recency-weighted FPL points, decay 8**(-age/3)"
469,Lucas Estella,Perri,21.5,0.0,0.0,0.0,0.0,1.5,720.0,1,Perri,GKP,Leeds,2025-26,0.0,21.5,"recency-weighted FPL points, decay 8**(-age/3)"
470,Jeffrey,Schlupp,21.41,0.63,0.51,1.14,0.72,0.78,447.91,9,Schlupp,MID,Crystal Palace,2024-25,0.23,21.41,"recency-weighted FPL points, decay 8**(-age/3)"
471,Ben,Mee,21.41,0.57,0.28,0.85,0.54,1.35,551.76,9,Mee,DEF,Brentford,2024-25,0.14,21.41,"recency-weighted FPL points, decay 8**(-age/3)"
472,Norberto,Murara Neto,21.31,0.0,0.0,0.0,0.0,2.31,554.06,4,Neto,GKP,Bournemouth,2025-26,0.0,21.31,"recency-weighted FPL points, decay 8**(-age/3)"
473,Thiago,Emiliano da Silva,21.31,0.47,0.28,0.75,0.33,2.44,545.34,3,T.Silva,DEF,Chelsea,2023-24,0.12,21.31,"recency-weighted FPL points, decay 8**(-age/3)"
474,Konstantinos,Tsimikas,21.09,0.0,0.94,0.94,0.97,1.44,366.66,6,Tsimikas,DEF,Liverpool,2025-26,0.23,21.09,"recency-weighted FPL points, decay 8**(-age/3)"
475,Soungoutou,Magassa,21.0,0.5,0.0,0.5,0.38,1.0,485.5,1,S.Magassa,MID,West Ham,2025-26,0.09,21.0,"recency-weighted FPL points, decay 8**(-age/3)"
476,Graham,Potter,21.0,0.0,0.0,0.0,0.0,0.0,0.0,1,Potter,5,West Ham,2024-25,0.0,21.0,"recency-weighted FPL points, decay 8**(-age/3)"
477,Julio,Enciso,20.81,0.75,1.19,1.94,1.69,1.69,396.88,3,Enciso,MID,Ipswich,2024-25,0.44,20.81,"recency-weighted FPL points, decay 8**(-age/3)"
478,Bilal,El Khannouss,20.75,0.5,1.0,1.5,1.04,1.5,544.75,1,El Khannouss,MID,Leicester,2024-25,0.25,20.75,"recency-weighted FPL points, decay 8**(-age/3)"
479,Jakub,Kiwior,20.75,0.44,0.38,0.81,0.29,0.69,423.56,4,Kiwior,DEF,Arsenal,2025-26,0.17,20.75,"recency-weighted FPL points, decay 8**(-age/3)"
480,Nathan,Patterson,20.69,0.0,0.5,0.5,0.39,0.38,409.12,5,Patterson,DEF,Everton,2025-26,0.11,20.69,"recency-weighted FPL points, decay 8**(-age/3)"
481,Ethan,Nwaneri,20.69,1.0,0.5,1.5,0.9,1.0,304.69,4,Nwaneri,MID,Arsenal,2025-26,0.44,20.69,"recency-weighted FPL points, decay 8**(-age/3)"
482,Josh,Acheampong,20.62,0.5,0.0,0.5,0.43,2.5,371.12,3,Acheampong,DEF,Chelsea,2025-26,0.12,20.62,"recency-weighted FPL points, decay 8**(-age/3)"
483,Andoni,Iraola,20.5,0.0,0.0,0.0,0.0,0.0,0.0,1,Iraola,5,Bournemouth,2024-25,0.0,20.5,"recency-weighted FPL points, decay 8**(-age/3)"
484,Matt,O'Riley,20.5,1.0,0.75,1.75,1.9,1.5,333.25,2,O'Riley,MID,Brighton,2025-26,0.47,20.5,"recency-weighted FPL points, decay 8**(-age/3)"
485,Toti,Gomes,20.5,0.0,0.0,0.0,0.41,0.0,711.5,1,Toti,DEF,Wolves,2025-26,0.0,20.5,"recency-weighted FPL points, decay 8**(-age/3)"
486,Federico,Chiesa,20.25,1.0,0.5,1.5,1.15,0.0,184.25,2,Chiesa,MID,Liverpool,2025-26,0.73,20.25,"recency-weighted FPL points, decay 8**(-age/3)"
487,Jhon,Durán,20.19,2.38,0.12,2.5,1.65,3.12,221.0,3,Duran,FWD,Aston Villa,2024-25,1.02,20.19,"recency-weighted FPL points, decay 8**(-age/3)"
488,Eliezer,Mayenda Dossou,20.0,1.0,0.0,1.0,1.18,2.5,375.5,1,Mayenda,FWD,Sunderland,2025-26,0.24,20.0,"recency-weighted FPL points, decay 8**(-age/3)"
489,Cristhian,Mosquera,20.0,0.0,0.0,0.0,0.36,0.5,493.0,1,Mosquera,DEF,Arsenal,2025-26,0.0,20.0,"recency-weighted FPL points, decay 8**(-age/3)"
490,Kurt,Zouma,19.86,0.62,0.07,0.69,0.38,1.58,610.0,9,Zouma,DEF,West Ham,2024-25,0.1,19.86,"recency-weighted FPL points, decay 8**(-age/3)"
491,Evan,Ferguson,19.72,1.38,0.25,1.62,1.48,1.62,325.31,5,Ferguson,FWD,Brighton,2025-26,0.45,19.72,"recency-weighted FPL points, decay 8**(-age/3)"
492,Nicolò,Savona,19.5,1.0,0.0,1.0,0.9,0.0,512.5,1,Savona,DEF,Nott'm Forest,2025-26,0.18,19.5,"recency-weighted FPL points, decay 8**(-age/3)"
493,Olivier,Boscagli,19.5,0.0,0.5,0.5,0.26,2.0,399.5,1,Boscagli,DEF,Brighton,2025-26,0.11,19.5,"recency-weighted FPL points, decay 8**(-age/3)"
494,Nuno Herlander,Simões Espírito Santo,19.5,0.0,0.0,0.0,0.0,0.0,0.0,1,Nuno,5,Nott'm Forest,2024-25,0.0,19.5,"recency-weighted FPL points, decay 8**(-age/3)"
495,Odsonne,Edouard,19.47,1.38,0.25,1.62,1.32,1.72,388.69,4,Edouard,FWD,Leicester,2024-25,0.38,19.47,"recency-weighted FPL points, decay 8**(-age/3)"
496,Wilfried,Gnonto,19.44,0.13,1.75,1.88,0.83,0.38,344.62,2,Gnonto,MID,Leeds,2025-26,0.49,19.44,"recency-weighted FPL points, decay 8**(-age/3)"
497,Scott,McTominay,19.32,1.06,0.23,1.3,1.0,0.94,438.67,9,McTominay,MID,Man Utd,2024-25,0.27,19.32,"recency-weighted FPL points, decay 8**(-age/3)"
498,Bertrand,Traoré,19.02,0.73,0.64,1.38,0.42,0.67,375.17,5,Traoré,MID,Sunderland,2025-26,0.33,19.02,"recency-weighted FPL points, decay 8**(-age/3)"
499,Manuel,Ugarte Ribeiro,19.0,0.0,0.0,0.0,0.44,0.0,438.0,1,Ugarte,MID,Man Utd,2025-26,0.0,19.0,"recency-weighted FPL points, decay 8**(-age/3)"
500,Lukasz,Fabianski,18.89,0.0,0.0,0.0,0.0,1.34,477.67,9,Fabianski,GKP,West Ham,2025-26,0.0,18.89,"recency-weighted FPL points, decay 8**(-age/3)"
501,Tariq,Lamptey,18.88,0.52,0.99,1.51,0.5,0.5,421.98,7,Lamptey,DEF,Brighton,2025-26,0.32,18.88,"recency-weighted FPL points, decay 8**(-age/3)"
502,Philip,Billing,18.7,0.7,0.51,1.21,1.41,1.3,419.75,7,Philip,MID,Bournemouth,2025-26,0.26,18.7,"recency-weighted FPL points, decay 8**(-age/3)"
503,Christopher,Nkunku,18.62,1.12,0.5,1.62,1.88,1.75,280.62,3,Nkunku,MID,Chelsea,2025-26,0.52,18.62,"recency-weighted FPL points, decay 8**(-age/3)"
504,Wout,Faes,18.62,0.31,0.13,0.44,0.59,0.81,877.12,2,Faes,DEF,Leicester,2024-25,0.04,18.62,"recency-weighted FPL points, decay 8**(-age/3)"
505,Daniel,James,18.57,0.32,0.28,0.6,0.98,0.22,433.4,6,James,MID,Leeds,2025-26,0.12,18.57,"recency-weighted FPL points, decay 8**(-age/3)"
506,Pierre-Emile,Højbjerg,18.5,0.36,0.5,0.86,0.6,0.95,546.91,9,Højbjerg,MID,Spurs,2024-25,0.14,18.5,"recency-weighted FPL points, decay 8**(-age/3)"
507,Freddie,Potts,18.5,0.0,0.5,0.5,0.64,0.0,581.0,1,Potts,MID,West Ham,2025-26,0.08,18.5,"recency-weighted FPL points, decay 8**(-age/3)"
508,Stefan,Ortega Moreno,18.44,0.0,0.0,0.0,0.0,0.56,505.62,4,Ortega Moreno,GKP,Nott'm Forest,2025-26,0.0,18.44,"recency-weighted FPL points, decay 8**(-age/3)"
509,Carlton,Morris,18.25,1.38,0.75,2.12,1.63,2.25,357.38,1,Morris,FWD,Luton,2023-24,0.54,18.25,"recency-weighted FPL points, decay 8**(-age/3)"
510,Timo,Werner,18.19,0.47,1.5,1.97,1.49,1.39,307.53,5,Werner,MID,Spurs,2024-25,0.58,18.19,"recency-weighted FPL points, decay 8**(-age/3)"
511,Reiss,Nelson,18.18,0.45,0.95,1.39,1.12,0.81,231.2,9,Nelson,MID,Brentford,2025-26,0.54,18.18,"recency-weighted FPL points, decay 8**(-age/3)"
512,Arijanet,Muric,18.12,0.0,0.0,0.0,0.01,2.75,517.5,3,Muric,GKP,Ipswich,2024-25,0.0,18.12,"recency-weighted FPL points, decay 8**(-age/3)"
513,Chris,Rigg,18.0,0.5,0.5,1.0,0.9,0.5,379.0,1,Rigg,MID,Sunderland,2025-26,0.24,18.0,"recency-weighted FPL points, decay 8**(-age/3)"
514,Joe,Aribo,18.0,0.75,0.0,0.75,0.98,1.75,501.75,1,Aribo,MID,Southampton,2024-25,0.13,18.0,"recency-weighted FPL points, decay 8**(-age/3)"
515,Maximilian,Kilman,18.0,0.0,0.0,0.0,0.4,0.0,779.5,1,Kilman,DEF,West Ham,2025-26,0.0,18.0,"recency-weighted FPL points, decay 8**(-age/3)"
516,Stephy,Mavididi,18.0,1.0,0.25,1.25,1.27,1.25,401.5,1,Mavididi,MID,Leicester,2024-25,0.28,18.0,"recency-weighted FPL points, decay 8**(-age/3)"
517,Merlin,Röhl,18.0,0.5,0.5,1.0,0.51,1.0,337.5,1,Röhl,MID,Everton,2025-26,0.27,18.0,"recency-weighted FPL points, decay 8**(-age/3)"
518,Kaoru,Mitoma,17.88,0.81,1.44,2.25,1.71,1.56,330.06,2,Mitoma,MID,Brighton,2023-24,0.61,17.88,"recency-weighted FPL points, decay 8**(-age/3)"
519,Orel,Mangala,17.88,0.44,0.06,0.5,0.64,0.0,605.94,3,Mangala,MID,Everton,2024-25,0.07,17.88,"recency-weighted FPL points, decay 8**(-age/3)"
520,Solly,March,17.81,0.75,0.75,1.5,1.32,1.75,298.56,4,March,MID,Brighton,2025-26,0.45,17.81,"recency-weighted FPL points, decay 8**(-age/3)"
521,Neal,Maupay,17.79,1.27,0.52,1.79,1.43,1.63,377.8,6,Maupay,FWD,Everton,2024-25,0.43,17.79,"recency-weighted FPL points, decay 8**(-age/3)"
522,Moussa,Diaby,17.75,0.75,1.38,2.12,1.46,1.25,271.0,2,Diaby,MID,Aston Villa,2024-25,0.71,17.75,"recency-weighted FPL points, decay 8**(-age/3)"
523,Ollie,Scarles,17.75,0.0,0.5,0.5,0.32,0.5,492.75,2,Scarles,DEF,West Ham,2025-26,0.09,17.75,"recency-weighted FPL points, decay 8**(-age/3)"
524,Edson,Álvarez Velázquez,17.75,0.12,0.38,0.5,0.59,0.38,739.12,3,Álvarez,MID,West Ham,2025-26,0.06,17.75,"recency-weighted FPL points, decay 8**(-age/3)"
525,Charalampos,Kostoulas,17.5,1.0,0.5,1.5,1.33,1.5,175.5,1,Kostoulas,FWD,Brighton,2025-26,0.77,17.5,"recency-weighted FPL points, decay 8**(-age/3)"
526,David,Møller Wolfe,17.5,0.0,1.0,1.0,0.61,0.0,521.0,1,Møller Wolfe,DEF,Wolves,2025-26,0.17,17.5,"recency-weighted FPL points, decay 8**(-age/3)"
527,Vladimír,Coufal,17.38,0.0,0.88,0.88,0.74,1.38,655.88,2,Coufal,DEF,West Ham,2024-25,0.12,17.38,"recency-weighted FPL points, decay 8**(-age/3)"
528,Gonçalo Manuel,Ganchinho Guedes,17.31,0.56,1.06,1.62,1.15,0.56,288.69,4,Guedes,MID,Wolves,2025-26,0.51,17.31,"recency-weighted FPL points, decay 8**(-age/3)"
529,Giorgi,Mamardashvili,17.0,0.0,0.0,0.0,0.0,1.0,433.5,1,Mamardashvili,GKP,Liverpool,2025-26,0.0,17.0,"recency-weighted FPL points, decay 8**(-age/3)"
530,Fábio,Freitas Gouveia Carvalho,16.94,1.12,0.31,1.44,1.21,0.75,181.94,3,Carvalho,MID,Brentford,2025-26,0.71,16.94,"recency-weighted FPL points, decay 8**(-age/3)"
531,Sam,Morsy,16.75,0.25,0.25,0.5,0.49,1.25,687.25,1,Morsy,MID,Ipswich,2024-25,0.07,16.75,"recency-weighted FPL points, decay 8**(-age/3)"
532,Roméo,Lavia,16.69,0.06,0.31,0.38,0.6,0.0,527.69,4,Lavia,MID,Chelsea,2025-26,0.06,16.69,"recency-weighted FPL points, decay 8**(-age/3)"
533,Riyad,Mahrez,16.62,0.94,1.25,2.19,0.66,1.53,225.19,8,Mahrez,MID,Man City,2023-24,0.87,16.62,"recency-weighted FPL points, decay 8**(-age/3)"
534,Adama,Traoré Diarra,16.62,0.13,0.25,0.38,0.92,0.0,280.31,2,Adama,MID,West Ham,2025-26,0.12,16.62,"recency-weighted FPL points, decay 8**(-age/3)"
535,João,Palhinha Gonçalves,16.56,0.69,0.12,0.81,0.76,1.31,531.5,2,J.Palhinha,MID,Fulham,2023-24,0.14,16.56,"recency-weighted FPL points, decay 8**(-age/3)"
536,Niclas,Füllkrug,16.5,0.75,0.5,1.25,1.22,0.75,399.25,2,Füllkrug,FWD,West Ham,2025-26,0.28,16.5,"recency-weighted FPL points, decay 8**(-age/3)"
537,Kamaldeen,Sulemana,16.06,0.38,0.56,0.94,0.73,0.69,408.44,2,Kamaldeen,MID,Southampton,2024-25,0.21,16.06,"recency-weighted FPL points, decay 8**(-age/3)"
538,Caoimhin,Kelleher,16.03,0.0,0.0,0.0,0.0,0.62,351.56,6,Kelleher,GKP,Liverpool,2024-25,0.0,16.03,"recency-weighted FPL points, decay 8**(-age/3)"
539,Joel,Ward,16.0,0.07,0.15,0.22,0.27,0.54,545.97,9,Ward,DEF,Crystal Palace,2024-25,0.04,16.0,"recency-weighted FPL points, decay 8**(-age/3)"
540,Jens,Cajuste,15.75,0.25,0.25,0.5,0.35,0.5,490.0,1,Cajuste,MID,Ipswich,2024-25,0.09,15.75,"recency-weighted FPL points, decay 8**(-age/3)"
541,Boubakary,Soumaré,15.69,0.0,0.03,0.03,0.34,0.03,676.97,3,B.Soumaré,MID,Leicester,2024-25,0.0,15.69,"recency-weighted FPL points, decay 8**(-age/3)"
542,Jonny,Evans,15.58,0.08,0.21,0.29,0.1,1.43,439.25,9,Evans,DEF,Man Utd,2024-25,0.06,15.58,"recency-weighted FPL points, decay 8**(-age/3)"
543,Martin,Dubravka,15.54,0.0,0.0,0.0,0.0,0.92,391.34,7,Dubravka,GKP,Newcastle,2023-24,0.0,15.54,"recency-weighted FPL points, decay 8**(-age/3)"
544,Joe,Worrall,15.44,0.06,0.0,0.06,0.19,0.5,441.19,4,Worrall,DEF,Burnley,2025-26,0.01,15.44,"recency-weighted FPL points, decay 8**(-age/3)"
545,James,Trafford,15.25,0.0,0.0,0.0,0.0,0.62,495.0,3,Trafford,GKP,Man City,2025-26,0.0,15.25,"recency-weighted FPL points, decay 8**(-age/3)"
546,Mykhailo,Mudryk,15.06,0.62,0.75,1.38,1.41,0.62,272.38,4,Mudryk,MID,Chelsea,2025-26,0.45,15.06,"recency-weighted FPL points, decay 8**(-age/3)"
547,Patson,Daka,15.06,0.66,0.34,1.0,0.66,0.94,288.31,3,Daka,FWD,Leicester,2024-25,0.31,15.06,"recency-weighted FPL points, decay 8**(-age/3)"
548,Frank,Onyeka,14.84,0.12,1.5,1.62,0.74,0.0,277.94,5,Onyeka,MID,Brentford,2025-26,0.53,14.84,"recency-weighted FPL points, decay 8**(-age/3)"
549,Wilfried,Zaha,14.66,1.14,0.36,1.51,0.58,1.0,315.5,7,Zaha,MID,Crystal Palace,2022-23,0.43,14.66,"recency-weighted FPL points, decay 8**(-age/3)"
550,Santiago,Bueno,14.62,0.0,0.0,0.0,0.14,0.5,521.88,2,S.Bueno,DEF,Wolves,2024-25,0.0,14.62,"recency-weighted FPL points, decay 8**(-age/3)"
551,Hugo,Lloris,14.58,0.0,0.0,0.0,0.0,1.46,333.11,8,Lloris,GKP,Spurs,2023-24,0.0,14.58,"recency-weighted FPL points, decay 8**(-age/3)"
552,Saïd,Benrahma,14.58,0.64,0.59,1.23,0.98,0.84,294.12,4,Benrahma,MID,West Ham,2023-24,0.38,14.58,"recency-weighted FPL points, decay 8**(-age/3)"
553,Ange,Postecoglou,14.5,0.0,0.0,0.0,0.0,0.0,0.0,1,Postecoglou,5,Spurs,2024-25,0.0,14.5,"recency-weighted FPL points, decay 8**(-age/3)"
554,Radu,Drăgușin,14.5,0.0,0.0,0.0,0.23,0.0,570.0,2,Dragusin,DEF,Spurs,2025-26,0.0,14.5,"recency-weighted FPL points, decay 8**(-age/3)"
555,Sergio,Reguilón,14.39,0.06,0.97,1.03,0.56,2.09,333.88,5,Reguilón,DEF,Spurs,2024-25,0.28,14.39,"recency-weighted FPL points, decay 8**(-age/3)"
556,Kieran,Tierney,14.2,0.3,0.23,0.54,0.28,0.94,214.38,6,Tierney,DEF,Arsenal,2024-25,0.23,14.2,"recency-weighted FPL points, decay 8**(-age/3)"
557,Heung-Min,Son,14.08,1.15,0.64,1.8,0.0,1.5,176.56,6,Son,MID,Spurs,2021-22,0.92,14.08,"recency-weighted FPL points, decay 8**(-age/3)"
558,Josh,Brownhill,13.95,0.56,0.36,0.92,0.48,0.5,423.48,4,Brownhill,MID,Burnley,2023-24,0.2,13.95,"recency-weighted FPL points, decay 8**(-age/3)"
559,Tammy,Abraham,13.94,1.22,0.08,1.3,1.2,1.3,175.69,6,Abraham,FWD,Aston Villa,2025-26,0.67,13.94,"recency-weighted FPL points, decay 8**(-age/3)"
560,Willy,Boly,13.88,0.28,0.21,0.49,0.33,1.49,344.2,8,Boly,DEF,Nott'm Forest,2025-26,0.13,13.88,"recency-weighted FPL points, decay 8**(-age/3)"
561,Danilo,dos Santos de Oliveira,13.88,0.44,0.38,0.81,0.48,0.81,351.88,3,Danilo,MID,Nott'm Forest,2024-25,0.21,13.88,"recency-weighted FPL points, decay 8**(-age/3)"
562,Taylor,Harwood-Bellis,13.75,0.25,0.0,0.25,0.62,0.5,706.0,3,Harwood-Bellis,DEF,Southampton,2024-25,0.03,13.75,"recency-weighted FPL points, decay 8**(-age/3)"
563,Flynn,Downes,13.69,0.25,0.0,0.25,0.55,0.0,584.25,3,Downes,MID,Southampton,2024-25,0.04,13.69,"recency-weighted FPL points, decay 8**(-age/3)"
564,Adam,Lallana,13.68,0.16,0.75,0.91,0.59,0.55,318.59,9,Lallana,MID,Southampton,2024-25,0.26,13.68,"recency-weighted FPL points, decay 8**(-age/3)"
565,Paul,Onuachu,13.62,1.0,0.25,1.25,1.05,1.0,284.56,2,Onuachu,FWD,Southampton,2024-25,0.4,13.62,"recency-weighted FPL points, decay 8**(-age/3)"
566,Gustavo,Hamer,13.5,0.5,0.88,1.38,0.95,0.62,363.5,1,Hamer,MID,Sheffield Utd,2023-24,0.34,13.5,"recency-weighted FPL points, decay 8**(-age/3)"
567,Sam,Szmodics,13.5,1.0,0.0,1.0,0.97,0.5,247.0,1,Szmodics,MID,Ipswich,2024-25,0.36,13.5,"recency-weighted FPL points, decay 8**(-age/3)"
568,Ben,Johnson,13.38,0.3,0.5,0.8,0.55,0.59,511.57,8,Johnson,DEF,Ipswich,2024-25,0.14,13.38,"recency-weighted FPL points, decay 8**(-age/3)"
569,Oliver,Skipp,13.35,0.06,0.0,0.06,0.38,0.06,502.41,7,Skipp,MID,Leicester,2024-25,0.01,13.35,"recency-weighted FPL points, decay 8**(-age/3)"
570,Jack,Clarke,13.25,0.0,1.0,1.0,0.57,0.0,290.25,1,J.Clarke,MID,Ipswich,2024-25,0.31,13.25,"recency-weighted FPL points, decay 8**(-age/3)"
571,Vicente,Guaita,13.23,0.0,0.0,0.0,0.0,1.36,318.34,6,Guaita,GKP,Crystal Palace,2023-24,0.0,13.23,"recency-weighted FPL points, decay 8**(-age/3)"
572,Takehiro,Tomiyasu,13.09,0.25,0.22,0.47,0.33,0.66,235.69,3,Tomiyasu,DEF,Arsenal,2023-24,0.18,13.09,"recency-weighted FPL points, decay 8**(-age/3)"
573,Leif,Davis,13.03,0.25,0.5,0.75,1.43,1.25,685.98,2,Davis,DEF,Ipswich,2024-25,0.1,13.03,"recency-weighted FPL points, decay 8**(-age/3)"
574,Roberto,Firmino,13.01,1.14,0.63,1.77,0.48,1.46,191.96,7,Firmino,FWD,Liverpool,2022-23,0.83,13.01,"recency-weighted FPL points, decay 8**(-age/3)"
575,João Pedro,Ferreira Silva,13.0,0.75,0.5,1.25,1.0,0.0,208.75,1,Jota Silva,MID,Nott'm Forest,2024-25,0.54,13.0,"recency-weighted FPL points, decay 8**(-age/3)"
576,Antony Matheus,dos Santos,13.0,0.38,0.25,0.63,1.42,0.25,310.31,3,Antony,MID,Man Utd,2024-25,0.18,13.0,"recency-weighted FPL points, decay 8**(-age/3)"
577,Guido,Rodríguez,13.0,0.0,0.25,0.25,0.13,0.0,374.25,2,G.Rodriguez,MID,West Ham,2025-26,0.06,13.0,"recency-weighted FPL points, decay 8**(-age/3)"
578,Pablo Felipe,Pereira de Jesus,13.0,0.0,0.5,0.5,1.08,0.0,409.5,1,Pablo,FWD,West Ham,2025-26,0.11,13.0,"recency-weighted FPL points, decay 8**(-age/3)"
579,Dilane,Bakwa,13.0,0.0,1.0,1.0,0.78,0.5,274.5,1,Bakwa,MID,Nott'm Forest,2025-26,0.33,13.0,"recency-weighted FPL points, decay 8**(-age/3)"
580,Luke,O'Nien,13.0,0.0,0.5,0.5,0.14,0.5,282.5,1,O'Nien,DEF,Sunderland,2025-26,0.16,13.0,"recency-weighted FPL points, decay 8**(-age/3)"
581,Lloyd,Kelly,12.84,0.0,0.5,0.5,0.32,0.94,401.36,4,Kelly,DEF,Newcastle,2024-25,0.11,12.84,"recency-weighted FPL points, decay 8**(-age/3)"
582,Kieran,McKenna,12.75,0.0,0.0,0.0,0.0,0.0,0.0,1,McKenna,5,Ipswich,2024-25,0.0,12.75,"recency-weighted FPL points, decay 8**(-age/3)"
583,Raphaël,Varane,12.66,0.16,0.03,0.19,0.22,0.66,347.91,3,R.Varane,DEF,Man Utd,2023-24,0.05,12.66,"recency-weighted FPL points, decay 8**(-age/3)"
584,Alfie,Doughty,12.62,0.25,1.25,1.5,0.87,1.38,365.38,1,Doughty,DEF,Luton,2023-24,0.37,12.62,"recency-weighted FPL points, decay 8**(-age/3)"
585,Zeki,Amdouni,12.62,0.62,0.12,0.75,0.98,1.38,278.62,2,Amdouni,FWD,Burnley,2025-26,0.24,12.62,"recency-weighted FPL points, decay 8**(-age/3)"
586,Seamus,Coleman,12.55,0.11,0.1,0.21,0.16,1.01,322.71,8,Coleman,DEF,Everton,2023-24,0.06,12.55,"recency-weighted FPL points, decay 8**(-age/3)"
587,Sebastiaan,Bornauw,12.5,0.0,0.0,0.0,0.11,0.0,214.5,1,Bornauw,DEF,Leeds,2025-26,0.0,12.5,"recency-weighted FPL points, decay 8**(-age/3)"
588,Jamie,Bynoe-Gittens,12.5,0.0,1.0,1.0,0.88,0.0,243.0,1,Gittens,MID,Chelsea,2025-26,0.37,12.5,"recency-weighted FPL points, decay 8**(-age/3)"
589,Lucas,Pires Silva,12.5,0.0,0.0,0.0,1.03,0.0,702.5,1,Lucas Pires,DEF,Burnley,2025-26,0.0,12.5,"recency-weighted FPL points, decay 8**(-age/3)"
590,Tomas,Soucek,12.43,0.46,0.31,0.77,0.32,1.09,332.9,4,Soucek,MID,West Ham,2022-23,0.21,12.43,"recency-weighted FPL points, decay 8**(-age/3)"
591,Andros,Townsend,12.41,0.27,0.69,0.96,0.41,0.81,260.49,8,Townsend,MID,Luton,2023-24,0.33,12.41,"recency-weighted FPL points, decay 8**(-age/3)"
592,Diego Carlos,Santos Silva,12.38,0.0,0.0,0.0,0.5,0.38,445.94,3,Diego Carlos,DEF,Aston Villa,2024-25,0.0,12.38,"recency-weighted FPL points, decay 8**(-age/3)"
593,Eric,Dier,12.33,0.14,0.11,0.25,0.15,0.58,361.05,8,Dier,DEF,Spurs,2023-24,0.06,12.33,"recency-weighted FPL points, decay 8**(-age/3)"
594,Chiedozie,Ogbene,12.25,0.5,0.5,1.0,1.01,0.88,307.62,2,Ogbene,MID,Ipswich,2024-25,0.29,12.25,"recency-weighted FPL points, decay 8**(-age/3)"
595,Tyrique,George,12.25,0.25,0.25,0.5,1.03,0.0,219.75,3,George,MID,Everton,2025-26,0.2,12.25,"recency-weighted FPL points, decay 8**(-age/3)"
596,Manuel,Ugarte,12.25,0.25,0.5,0.75,0.42,0.25,444.25,1,Ugarte,MID,Man Utd,2024-25,0.15,12.25,"recency-weighted FPL points, decay 8**(-age/3)"
597,Charlie,Taylor,12.13,0.12,0.26,0.39,0.27,0.5,532.28,7,Taylor,DEF,Southampton,2024-25,0.07,12.13,"recency-weighted FPL points, decay 8**(-age/3)"
598,Igor Julio,dos Santos de Paulo,12.12,0.0,0.0,0.0,0.17,0.12,495.12,3,Igor,DEF,Brighton,2025-26,0.0,12.12,"recency-weighted FPL points, decay 8**(-age/3)"
599,Harry,Winks,12.03,0.0,0.57,0.57,0.44,0.04,451.18,8,Winks,MID,Leicester,2024-25,0.11,12.03,"recency-weighted FPL points, decay 8**(-age/3)"
600,Cheick,Doucouré,12.0,0.0,0.44,0.44,0.42,0.19,398.88,4,Doucouré,MID,Crystal Palace,2025-26,0.1,12.0,"recency-weighted FPL points, decay 8**(-age/3)"
601,Ruud,van Nistelrooij,12.0,0.0,0.0,0.0,0.0,0.0,0.0,1,Van Nistelrooy,5,Leicester,2024-25,0.0,12.0,"recency-weighted FPL points, decay 8**(-age/3)"
602,Rodrigo,Moreno,11.98,1.11,0.25,1.36,0.58,0.97,211.2,3,Rodrigo,MID,Leeds,2022-23,0.58,11.98,"recency-weighted FPL points, decay 8**(-age/3)"
603,Jack,Stephens,11.97,0.27,0.02,0.29,0.25,0.75,503.78,8,Stephens,DEF,Southampton,2024-25,0.05,11.97,"recency-weighted FPL points, decay 8**(-age/3)"
604,Che,Adams,11.84,0.7,0.58,1.28,0.54,1.22,237.9,4,Adams,FWD,Southampton,2022-23,0.48,11.84,"recency-weighted FPL points, decay 8**(-age/3)"
605,Tommy,Doyle,11.76,0.0,0.25,0.25,0.39,0.0,269.74,5,Doyle,MID,Wolves,2024-25,0.08,11.76,"recency-weighted FPL points, decay 8**(-age/3)"
606,Carlos,Soler,11.75,0.25,0.25,0.5,0.94,0.5,348.5,1,C.Soler,MID,West Ham,2024-25,0.13,11.75,"recency-weighted FPL points, decay 8**(-age/3)"
607,Elijah,Adebayo,11.75,1.25,0.12,1.38,0.74,1.12,175.62,1,Adebayo,FWD,Luton,2023-24,0.7,11.75,"recency-weighted FPL points, decay 8**(-age/3)"
608,Joel,Matip,11.73,0.19,0.12,0.31,0.19,1.02,281.32,8,Matip,DEF,Liverpool,2023-24,0.1,11.73,"recency-weighted FPL points, decay 8**(-age/3)"
609,Jason,Steele,11.62,0.0,0.06,0.06,0.01,1.38,323.44,7,Steele,GKP,Brighton,2025-26,0.02,11.62,"recency-weighted FPL points, decay 8**(-age/3)"
610,Sadio,Mané,11.54,0.93,0.44,1.37,0.0,0.87,171.86,6,Mané,MID,Liverpool,2021-22,0.72,11.54,"recency-weighted FPL points, decay 8**(-age/3)"
611,George,Hirst,11.52,0.75,0.25,1.0,0.6,0.75,161.32,2,Hirst,FWD,Ipswich,2024-25,0.56,11.52,"recency-weighted FPL points, decay 8**(-age/3)"
612,Tim,Ream,11.48,0.19,0.0,0.19,0.17,1.27,386.84,5,Ream,DEF,Fulham,2024-25,0.04,11.48,"recency-weighted FPL points, decay 8**(-age/3)"
613,Luke,Thomas,11.46,0.02,0.1,0.12,0.34,0.05,535.43,6,Thomas,DEF,Leicester,2024-25,0.02,11.46,"recency-weighted FPL points, decay 8**(-age/3)"
614,Billy,Gilmour,11.41,0.0,0.47,0.47,0.55,0.53,383.54,6,Gilmour,MID,Brighton,2024-25,0.11,11.41,"recency-weighted FPL points, decay 8**(-age/3)"
615,Illan,Meslier,11.34,0.0,0.0,0.0,0.01,1.06,346.22,4,Meslier,GKP,Leeds,2025-26,0.0,11.34,"recency-weighted FPL points, decay 8**(-age/3)"
616,Endo,Wataru,11.25,0.0,0.5,0.5,0.07,0.0,149.75,2,Endo,MID,Liverpool,2025-26,0.3,11.25,"recency-weighted FPL points, decay 8**(-age/3)"
617,Emil,Krafth,11.24,0.02,0.05,0.07,0.14,0.23,298.84,7,Krafth,DEF,Newcastle,2025-26,0.02,11.24,"recency-weighted FPL points, decay 8**(-age/3)"
618,Anthony,Martial,11.24,0.79,0.53,1.31,0.64,0.79,176.44,8,Martial,FWD,Man Utd,2023-24,0.67,11.24,"recency-weighted FPL points, decay 8**(-age/3)"
619,Kalvin,Phillips,11.14,0.02,0.06,0.08,0.29,0.06,462.94,6,Phillips,MID,Man City,2025-26,0.02,11.14,"recency-weighted FPL points, decay 8**(-age/3)"
620,Luis,Sinisterra,11.12,0.5,0.5,1.0,1.07,0.75,142.88,2,Sinisterra,MID,Bournemouth,2024-25,0.63,11.12,"recency-weighted FPL points, decay 8**(-age/3)"
621,Jesper,Lindstrøm,11.0,0.0,0.25,0.25,1.03,0.0,307.25,1,Lindstrøm,MID,Everton,2024-25,0.07,11.0,"recency-weighted FPL points, decay 8**(-age/3)"
622,Harrison,Armstrong,11.0,0.0,0.0,0.0,0.6,0.0,273.75,2,Armstrong,MID,Everton,2025-26,0.0,11.0,"recency-weighted FPL points, decay 8**(-age/3)"
623,Marco,Asensio,11.0,0.75,0.5,1.25,1.4,1.5,185.0,1,M.Asensio,MID,Aston Villa,2024-25,0.61,11.0,"recency-weighted FPL points, decay 8**(-age/3)"
624,Thomas,Kaminski,10.75,0.0,0.0,0.0,0.0,0.38,425.62,1,Kaminski,GKP,Luton,2023-24,0.0,10.75,"recency-weighted FPL points, decay 8**(-age/3)"
625,Sugawara,Yukinari,10.75,0.25,0.25,0.5,0.74,0.0,387.0,1,Sugawara,DEF,Southampton,2024-25,0.12,10.75,"recency-weighted FPL points, decay 8**(-age/3)"
626,Alexandre,Moreno Lopera,10.62,0.25,0.19,0.44,0.46,0.94,210.81,2,Alex Moreno,DEF,Aston Villa,2023-24,0.19,10.62,"recency-weighted FPL points, decay 8**(-age/3)"
627,Ben,Chilwell,10.62,0.38,0.44,0.81,0.88,0.5,245.12,3,Chilwell,DEF,Crystal Palace,2024-25,0.3,10.62,"recency-weighted FPL points, decay 8**(-age/3)"
628,Conor,Chaplin,10.25,0.25,0.5,0.75,0.53,0.0,211.25,1,Chaplin,MID,Ipswich,2024-25,0.32,10.25,"recency-weighted FPL points, decay 8**(-age/3)"
629,Chadi,Riad Dnanou,10.25,0.0,0.5,0.5,0.24,0.0,297.5,2,Chadi Riad,DEF,Crystal Palace,2025-26,0.15,10.25,"recency-weighted FPL points, decay 8**(-age/3)"
630,Kelechi,Iheanacho,10.23,0.68,0.59,1.27,0.53,1.24,144.52,7,Iheanacho,FWD,Leicester,2022-23,0.79,10.23,"recency-weighted FPL points, decay 8**(-age/3)"
631,Serge,Aurier,10.21,0.11,0.36,0.47,0.18,1.07,276.46,7,Aurier,DEF,Nott'm Forest,2023-24,0.15,10.21,"recency-weighted FPL points, decay 8**(-age/3)"
632,David,De Gea Quintana,10.06,0.0,0.0,0.0,0.01,0.31,213.75,1,De Gea,GKP,Man Utd,2022-23,0.0,10.06,"recency-weighted FPL points, decay 8**(-age/3)"
633,Antonín,Kinský,10.0,0.0,0.0,0.0,0.0,0.0,315.0,1,Kinsky,GKP,Spurs,2025-26,0.0,10.0,"recency-weighted FPL points, decay 8**(-age/3)"
634,Demarai,Gray,9.9,0.44,0.26,0.71,0.62,0.36,246.36,8,Gray,MID,Everton,2023-24,0.26,9.9,"recency-weighted FPL points, decay 8**(-age/3)"
635,Daniel,Castelo Podence,9.8,0.49,0.2,0.69,0.39,0.78,195.77,6,Podence,MID,Wolves,2024-25,0.32,9.8,"recency-weighted FPL points, decay 8**(-age/3)"
636,Allan,Saint-Maximin,9.8,0.29,0.71,1.0,0.26,0.85,195.75,5,Saint-Maximin,MID,Newcastle,2023-24,0.46,9.8,"recency-weighted FPL points, decay 8**(-age/3)"
637,Fraser,Forster,9.78,0.0,0.0,0.0,0.0,0.27,305.33,10,Forster,GKP,Bournemouth,2025-26,0.0,9.78,"recency-weighted FPL points, decay 8**(-age/3)"
638,Aymeric,Laporte,9.78,0.14,0.07,0.22,0.07,0.57,194.87,7,Laporte,DEF,Man City,2023-24,0.1,9.78,"recency-weighted FPL points, decay 8**(-age/3)"
639,Tahith,Chong,9.78,0.5,0.25,0.75,0.5,0.38,246.91,4,Chong,MID,Luton,2023-24,0.27,9.78,"recency-weighted FPL points, decay 8**(-age/3)"
640,Jamaal,Lascelles,9.76,0.2,0.04,0.24,0.14,0.56,279.77,9,Lascelles,DEF,Newcastle,2025-26,0.08,9.76,"recency-weighted FPL points, decay 8**(-age/3)"
641,Łukasz,Fabiański,9.75,0.0,0.0,0.0,0.0,0.5,290.0,1,Fabianski,GKP,West Ham,2024-25,0.0,9.75,"recency-weighted FPL points, decay 8**(-age/3)"
642,Oliver,McBurnie,9.65,0.81,0.42,1.23,1.11,1.2,197.48,5,McBurnie,FWD,Sheffield Utd,2023-24,0.56,9.65,"recency-weighted FPL points, decay 8**(-age/3)"
643,Nayef,Aguerd,9.62,0.25,0.0,0.25,0.44,0.31,421.75,4,N.Aguerd,DEF,West Ham,2025-26,0.05,9.62,"recency-weighted FPL points, decay 8**(-age/3)"
644,Jack,Taylor,9.5,0.25,0.0,0.25,0.38,0.25,209.25,1,Taylor,MID,Ipswich,2024-25,0.11,9.5,"recency-weighted FPL points, decay 8**(-age/3)"
645,Simon,Rusk,9.5,0.0,0.0,0.0,0.0,0.0,0.0,1,Rusk,5,Southampton,2024-25,0.0,9.5,"recency-weighted FPL points, decay 8**(-age/3)"
646,Veljko,Milosavljevic,9.5,0.0,0.0,0.0,0.17,0.0,183.5,1,Milosavljević,DEF,Bournemouth,2025-26,0.0,9.5,"recency-weighted FPL points, decay 8**(-age/3)"
647,Jorrel,Hato,9.5,0.0,0.0,0.0,0.45,0.0,569.5,1,Hato,DEF,Chelsea,2025-26,0.0,9.5,"recency-weighted FPL points, decay 8**(-age/3)"
648,Victor,Kristiansen,9.5,0.0,0.31,0.31,0.51,0.0,675.94,2,Kristiansen,DEF,Leicester,2024-25,0.04,9.5,"recency-weighted FPL points, decay 8**(-age/3)"
649,Bruno Miguel,Borges Fernandes,9.45,0.66,0.5,1.16,0.0,1.17,154.91,3,Fernandes,MID,Man Utd,2021-22,0.67,9.45,"recency-weighted FPL points, decay 8**(-age/3)"
650,César,Azpilicueta,9.44,0.07,0.21,0.28,0.1,0.74,242.19,8,Azpilicueta,DEF,Chelsea,2023-24,0.11,9.44,"recency-weighted FPL points, decay 8**(-age/3)"
651,Harry,Toffolo,9.38,0.12,0.38,0.5,0.36,0.44,273.56,3,Toffolo,DEF,Nott'm Forest,2024-25,0.16,9.38,"recency-weighted FPL points, decay 8**(-age/3)"
652,Fabio Henrique,Tavares,9.37,0.18,0.22,0.39,0.16,0.31,302.99,6,Fabinho,MID,Liverpool,2023-24,0.12,9.37,"recency-weighted FPL points, decay 8**(-age/3)"
653,Leander,Dendoncker,9.36,0.24,0.25,0.49,0.15,0.64,198.14,8,Dendoncker,MID,Aston Villa,2025-26,0.22,9.36,"recency-weighted FPL points, decay 8**(-age/3)"
654,Nathan,Broadhead,9.27,0.5,0.0,0.5,0.7,0.25,172.53,3,Broadhead,MID,Ipswich,2024-25,0.26,9.27,"recency-weighted FPL points, decay 8**(-age/3)"
655,Jaden,Philogene,9.25,0.5,0.0,0.5,0.69,0.75,199.0,1,Jaden,MID,Ipswich,2024-25,0.23,9.25,"recency-weighted FPL points, decay 8**(-age/3)"
656,Jacob,Greaves,9.25,0.25,0.0,0.25,0.38,0.0,551.25,1,Greaves,DEF,Ipswich,2024-25,0.04,9.25,"recency-weighted FPL points, decay 8**(-age/3)"
657,Vini,de Souza Costa,9.12,0.12,0.12,0.25,0.13,0.5,333.0,1,Vini Souza,MID,Sheffield Utd,2023-24,0.07,9.12,"recency-weighted FPL points, decay 8**(-age/3)"
658,Matt,Targett,9.03,0.04,0.16,0.2,0.06,0.57,218.25,10,Targett,DEF,Newcastle,2025-26,0.08,9.03,"recency-weighted FPL points, decay 8**(-age/3)"
659,João Filipe Iria,Santos Moutinho,8.99,0.09,0.26,0.35,0.2,0.46,279.19,5,Moutinho,MID,Wolves,2022-23,0.11,8.99,"recency-weighted FPL points, decay 8**(-age/3)"
660,Angelo,Ogbonna,8.95,0.1,0.0,0.1,0.03,0.53,260.51,8,Ogbonna,DEF,West Ham,2023-24,0.04,8.95,"recency-weighted FPL points, decay 8**(-age/3)"
661,Mark,Travers,8.92,0.0,0.0,0.0,0.0,0.57,223.59,6,Travers,GKP,Everton,2025-26,0.0,8.92,"recency-weighted FPL points, decay 8**(-age/3)"
662,Jay,Rodriguez,8.91,0.41,0.29,0.69,0.49,0.63,185.53,6,Rodriguez,FWD,Burnley,2023-24,0.34,8.91,"recency-weighted FPL points, decay 8**(-age/3)"
663,João Pedro Cavaco,Cancelo,8.79,0.06,0.41,0.47,0.0,1.15,146.16,3,Cancelo,DEF,Man City,2021-22,0.29,8.79,"recency-weighted FPL points, decay 8**(-age/3)"
664,Kasey,McAteer,8.78,0.25,0.25,0.5,0.4,0.0,211.56,3,McAteer,MID,Leicester,2024-25,0.21,8.78,"recency-weighted FPL points, decay 8**(-age/3)"
665,Ben,Godfrey,8.77,0.0,0.09,0.09,0.38,0.14,355.55,6,Godfrey,DEF,Ipswich,2024-25,0.02,8.77,"recency-weighted FPL points, decay 8**(-age/3)"
666,Wes,Foderingham,8.75,0.0,0.0,0.0,0.01,0.88,331.0,4,Foderingham,GKP,West Ham,2025-26,0.0,8.75,"recency-weighted FPL points, decay 8**(-age/3)"
667,Emerson,Leite de Souza Junior,8.75,0.25,0.13,0.38,0.3,1.06,252.06,3,E.Royal,DEF,Spurs,2024-25,0.13,8.75,"recency-weighted FPL points, decay 8**(-age/3)"
668,João,Félix Sequeira,8.75,0.5,0.5,1.0,1.04,0.44,149.0,2,João Félix,MID,Chelsea,2024-25,0.6,8.75,"recency-weighted FPL points, decay 8**(-age/3)"
669,Benoît,Badiashile,8.62,0.06,0.12,0.19,0.26,0.62,306.62,3,B.Badiashile,DEF,Chelsea,2024-25,0.06,8.62,"recency-weighted FPL points, decay 8**(-age/3)"
670,Cheikhou,Kouyaté,8.55,0.09,0.07,0.16,0.08,0.35,225.74,8,Kouyaté,MID,Nott'm Forest,2023-24,0.06,8.55,"recency-weighted FPL points, decay 8**(-age/3)"
671,Ryan,Manning,8.5,0.0,0.5,0.5,0.78,0.0,364.5,1,Manning,DEF,Southampton,2024-25,0.12,8.5,"recency-weighted FPL points, decay 8**(-age/3)"
672,Joël,Piroe,8.5,0.0,0.0,0.0,0.52,0.0,122.0,1,Piroe,FWD,Leeds,2025-26,0.0,8.5,"recency-weighted FPL points, decay 8**(-age/3)"
673,Christantus,Uche,8.5,0.0,0.5,0.5,0.25,0.0,79.5,1,Uche,FWD,Crystal Palace,2025-26,0.57,8.5,"recency-weighted FPL points, decay 8**(-age/3)"
674,Álex,Moreno Lopera,8.5,0.0,0.25,0.25,0.32,0.25,238.0,2,Alex Moreno,DEF,Aston Villa,2025-26,0.09,8.5,"recency-weighted FPL points, decay 8**(-age/3)"
675,Frederico,Rodrigues de Paula Santos,8.41,0.27,0.35,0.62,0.24,0.4,198.3,6,Fred,MID,Man Utd,2023-24,0.28,8.41,"recency-weighted FPL points, decay 8**(-age/3)"
676,Jarell,Quansah,8.38,0.25,0.0,0.25,0.22,0.62,270.5,3,Quansah,DEF,Liverpool,2024-25,0.08,8.38,"recency-weighted FPL points, decay 8**(-age/3)"
677,Albert,Sambi Lokonga,8.31,0.12,0.38,0.5,0.19,0.5,243.78,4,Sambi,MID,Arsenal,2025-26,0.18,8.31,"recency-weighted FPL points, decay 8**(-age/3)"
678,Patrick,Bamford,8.3,0.58,0.55,1.13,0.59,0.66,159.79,5,Bamford,FWD,Leeds,2025-26,0.63,8.3,"recency-weighted FPL points, decay 8**(-age/3)"
679,Stuart,Armstrong,8.2,0.3,0.31,0.61,0.32,0.37,194.79,5,S.Armstrong,MID,Southampton,2022-23,0.28,8.2,"recency-weighted FPL points, decay 8**(-age/3)"
680,Diogo,Jota,8.18,0.7,0.27,0.97,0.0,0.54,117.92,4,Jota,MID,Liverpool,2021-22,0.74,8.18,"recency-weighted FPL points, decay 8**(-age/3)"
681,Kasper,Schmeichel,8.13,0.0,0.0,0.0,0.0,0.61,205.97,7,Schmeichel,GKP,Leicester,2022-23,0.0,8.13,"recency-weighted FPL points, decay 8**(-age/3)"
682,Bernardo Mota,Veiga de Carvalho e Silva,8.04,0.37,0.46,0.82,0.0,0.75,151.36,5,Bernardo,MID,Man City,2021-22,0.49,8.04,"recency-weighted FPL points, decay 8**(-age/3)"
683,Angel,Gomes,8.02,0.0,0.0,0.0,0.26,0.0,228.75,4,Angel,MID,Wolves,2025-26,0.0,8.02,"recency-weighted FPL points, decay 8**(-age/3)"
684,Melker,Ellborg,8.0,0.0,0.0,0.0,0.01,1.5,135.0,1,Ellborg,GKP,Sunderland,2025-26,0.0,8.0,"recency-weighted FPL points, decay 8**(-age/3)"
685,Carlos Vinícius,Alves Morais,8.0,0.56,0.13,0.69,0.46,0.88,110.13,3,Vinicius,FWD,Fulham,2024-25,0.56,8.0,"recency-weighted FPL points, decay 8**(-age/3)"
686,Stefanos,Tzimas,8.0,0.5,0.5,1.0,0.28,0.0,66.0,1,Tzimas,FWD,Brighton,2025-26,1.36,8.0,"recency-weighted FPL points, decay 8**(-age/3)"
687,Marco,Bizot,8.0,0.0,0.0,0.0,0.0,0.0,292.5,1,M.Bizot,GKP,Aston Villa,2025-26,0.0,8.0,"recency-weighted FPL points, decay 8**(-age/3)"
688,Max,Dowman,8.0,0.5,0.5,1.0,0.74,0.0,76.0,1,Dowman,MID,Arsenal,2025-26,1.18,8.0,"recency-weighted FPL points, decay 8**(-age/3)"
689,Alex,McCarthy,7.89,0.0,0.0,0.0,0.0,0.31,267.89,8,McCarthy,GKP,Southampton,2024-25,0.0,7.89,"recency-weighted FPL points, decay 8**(-age/3)"
690,Daniel,Bentley,7.88,0.0,0.0,0.0,0.0,0.38,239.0,4,Bentley,GKP,Wolves,2025-26,0.0,7.88,"recency-weighted FPL points, decay 8**(-age/3)"
691,Vladimir,Coufal,7.81,0.0,0.39,0.39,0.12,0.41,250.12,3,Coufal,DEF,West Ham,2022-23,0.14,7.81,"recency-weighted FPL points, decay 8**(-age/3)"
692,Aleksandar,Mitrović,7.8,0.92,0.17,1.09,1.06,0.98,151.33,3,Mitrović,FWD,Fulham,2023-24,0.65,7.8,"recency-weighted FPL points, decay 8**(-age/3)"
693,Edouard,Mendy,7.75,0.0,0.0,0.0,0.0,0.22,191.95,3,Mendy,GKP,Chelsea,2022-23,0.0,7.75,"recency-weighted FPL points, decay 8**(-age/3)"
694,Nico,González,7.75,0.25,0.25,0.5,0.23,0.0,190.0,1,N.Gonzalez,MID,Man City,2024-25,0.24,7.75,"recency-weighted FPL points, decay 8**(-age/3)"
695,Ben,Brereton,7.75,0.75,0.12,0.88,0.82,0.62,138.12,1,Brereton Díaz,MID,Sheffield Utd,2023-24,0.57,7.75,"recency-weighted FPL points, decay 8**(-age/3)"
696,Pierre-Emerick,Aubameyang,7.56,0.62,0.15,0.77,0.11,1.02,140.1,7,Aubameyang,FWD,Chelsea,2023-24,0.5,7.56,"recency-weighted FPL points, decay 8**(-age/3)"
697,Romain,Esse,7.5,0.25,0.5,0.75,0.2,0.75,54.5,2,Esse,MID,Crystal Palace,2025-26,1.24,7.5,"recency-weighted FPL points, decay 8**(-age/3)"
698,Diego,Gómez,7.5,0.25,0.25,0.5,0.5,0.5,126.75,1,Gómez,MID,Brighton,2024-25,0.36,7.5,"recency-weighted FPL points, decay 8**(-age/3)"
699,Wes,Burns,7.5,0.0,0.25,0.25,0.42,0.0,230.5,1,Burns,MID,Ipswich,2024-25,0.1,7.5,"recency-weighted FPL points, decay 8**(-age/3)"
700,Victor,da Silva,7.5,0.0,0.38,0.38,0.35,0.25,288.88,1,Vitinho,DEF,Burnley,2023-24,0.12,7.5,"recency-weighted FPL points, decay 8**(-age/3)"
701,Mathias,Jorgensen,7.47,0.17,0.07,0.24,0.25,0.66,235.5,6,Zanka,DEF,Brentford,2024-25,0.09,7.47,"recency-weighted FPL points, decay 8**(-age/3)"
702,Rúben,da Silva Neves,7.38,0.38,0.13,0.5,0.42,1.0,188.75,1,Neves,MID,Wolves,2022-23,0.24,7.38,"recency-weighted FPL points, decay 8**(-age/3)"
703,Antonio,Rüdiger,7.31,0.13,0.1,0.24,0.0,0.54,150.7,5,Rüdiger,DEF,Chelsea,2021-22,0.14,7.31,"recency-weighted FPL points, decay 8**(-age/3)"
704,Gabriel Fernando,de Jesus,7.31,0.56,0.42,0.98,0.0,0.96,114.21,6,Jesus,FWD,Man City,2021-22,0.77,7.31,"recency-weighted FPL points, decay 8**(-age/3)"
705,Mateo,Kovacic,7.31,0.13,0.33,0.46,0.24,0.4,205.82,5,Kovacic,MID,Chelsea,2022-23,0.2,7.31,"recency-weighted FPL points, decay 8**(-age/3)"
706,David,de Gea,7.27,0.0,0.0,0.0,0.0,0.38,185.89,5,de Gea,GKP,Man Utd,2021-22,0.0,7.27,"recency-weighted FPL points, decay 8**(-age/3)"
707,Marc,Guiu Paz,7.25,0.0,0.5,0.5,0.92,0.0,150.25,2,Marc Guiu,FWD,Chelsea,2025-26,0.3,7.25,"recency-weighted FPL points, decay 8**(-age/3)"
708,Max,Aarons,7.22,0.0,0.19,0.19,0.12,0.06,265.09,3,Aarons,DEF,Bournemouth,2024-25,0.06,7.22,"recency-weighted FPL points, decay 8**(-age/3)"
709,Emiliano,Martínez,7.2,0.0,0.0,0.0,0.0,0.65,160.7,4,Martínez,GKP,Aston Villa,2021-22,0.0,7.2,"recency-weighted FPL points, decay 8**(-age/3)"
710,Giovani,Lo Celso,7.19,0.27,0.29,0.55,0.29,0.77,94.84,5,Lo Celso,MID,Spurs,2024-25,0.53,7.19,"recency-weighted FPL points, decay 8**(-age/3)"
711,Christian,Pulisic,7.12,0.38,0.23,0.62,0.13,0.17,130.84,5,Pulisic,MID,Chelsea,2023-24,0.42,7.12,"recency-weighted FPL points, decay 8**(-age/3)"
712,Ryan,Fraser,7.05,0.11,0.33,0.44,0.07,0.39,189.1,9,Fraser,MID,Southampton,2024-25,0.21,7.05,"recency-weighted FPL points, decay 8**(-age/3)"
713,Romaine,Mundle,7.0,0.0,0.0,0.0,0.68,0.0,199.5,2,Mundle,MID,Sunderland,2025-26,0.0,7.0,"recency-weighted FPL points, decay 8**(-age/3)"
714,Dennis,Cirkin,7.0,0.0,0.0,0.0,0.05,0.0,159.5,2,Cirkin,DEF,Sunderland,2025-26,0.0,7.0,"recency-weighted FPL points, decay 8**(-age/3)"
715,Luke,Ayling,6.97,0.19,0.16,0.34,0.32,0.53,252.11,3,Ayling,DEF,Leeds,2022-23,0.12,6.97,"recency-weighted FPL points, decay 8**(-age/3)"
716,Clément,Lenglet,6.94,0.0,0.25,0.25,0.28,0.38,270.25,2,Lenglet,DEF,Aston Villa,2023-24,0.08,6.94,"recency-weighted FPL points, decay 8**(-age/3)"
717,Oliver,Norwood,6.86,0.13,0.02,0.16,0.29,0.42,237.35,4,Norwood,MID,Sheffield Utd,2023-24,0.06,6.86,"recency-weighted FPL points, decay 8**(-age/3)"
718,Pablo,Fornals Malla,6.81,0.19,0.06,0.25,0.34,0.38,145.56,2,P.Fornals,MID,West Ham,2023-24,0.15,6.81,"recency-weighted FPL points, decay 8**(-age/3)"
719,Marcos,Alonso,6.8,0.21,0.24,0.46,0.0,0.72,112.74,7,Alonso,DEF,Chelsea,2022-23,0.37,6.8,"recency-weighted FPL points, decay 8**(-age/3)"
720,Mohamed,Elyounoussi,6.8,0.19,0.16,0.34,0.32,0.19,201.91,4,Elyounoussi,MID,Southampton,2022-23,0.15,6.8,"recency-weighted FPL points, decay 8**(-age/3)"
721,Andy,Irving,6.75,0.0,0.0,0.0,0.15,0.0,118.25,2,Irving,MID,West Ham,2025-26,0.0,6.75,"recency-weighted FPL points, decay 8**(-age/3)"
722,Caleb,Okoli,6.75,0.25,0.0,0.25,0.2,0.25,280.5,1,Okoli,DEF,Leicester,2024-25,0.08,6.75,"recency-weighted FPL points, decay 8**(-age/3)"
723,Alexandre,Lacazette,6.67,0.48,0.41,0.89,0.0,0.65,113.97,5,Lacazette,FWD,Arsenal,2021-22,0.7,6.67,"recency-weighted FPL points, decay 8**(-age/3)"
724,Ivan,Perišić,6.63,0.06,0.63,0.69,0.6,0.38,143.44,2,Perišić,DEF,Spurs,2023-24,0.43,6.63,"recency-weighted FPL points, decay 8**(-age/3)"
725,Emmanuel,Dennis,6.62,0.44,0.34,0.78,0.13,0.84,124.91,4,Dennis,FWD,Nott'm Forest,2024-25,0.56,6.62,"recency-weighted FPL points, decay 8**(-age/3)"
726,Rúben Santos,Gato Alves Dias,6.62,0.08,0.17,0.25,0.0,0.56,119.45,2,Dias,DEF,Man City,2021-22,0.19,6.62,"recency-weighted FPL points, decay 8**(-age/3)"
727,Raphael,Dias Belloli,6.61,0.44,0.28,0.72,0.0,0.61,127.97,3,Raphinha,MID,Leeds,2022-23,0.51,6.61,"recency-weighted FPL points, decay 8**(-age/3)"
728,Nathan,Redmond,6.59,0.13,0.29,0.42,0.05,0.36,141.62,8,Redmond,MID,Burnley,2023-24,0.27,6.59,"recency-weighted FPL points, decay 8**(-age/3)"
729,Nilson,Angulo,6.5,0.0,0.0,0.0,0.44,0.0,200.5,1,Angulo,MID,Sunderland,2025-26,0.0,6.5,"recency-weighted FPL points, decay 8**(-age/3)"
730,Cameron,Burgess,6.5,0.0,0.5,0.5,0.36,0.0,385.0,1,Burgess,DEF,Ipswich,2024-25,0.12,6.5,"recency-weighted FPL points, decay 8**(-age/3)"
731,Will,Smallbone,6.5,0.25,0.0,0.25,0.36,0.0,169.75,2,Smallbone,MID,Southampton,2024-25,0.13,6.5,"recency-weighted FPL points, decay 8**(-age/3)"
732,Oliver,Sonne,6.5,0.5,0.0,0.5,0.32,0.0,82.0,1,Sonne,DEF,Burnley,2025-26,0.55,6.5,"recency-weighted FPL points, decay 8**(-age/3)"
733,Jair,Paula da Cunha Filho,6.5,0.0,0.0,0.0,0.16,0.0,257.0,1,Jair Cunha,DEF,Nott'm Forest,2025-26,0.0,6.5,"recency-weighted FPL points, decay 8**(-age/3)"
734,Abdul,Fatawu,6.5,0.0,0.5,0.5,0.46,0.75,144.0,1,A.Fatawu,MID,Leicester,2024-25,0.31,6.5,"recency-weighted FPL points, decay 8**(-age/3)"
735,David Datro,Fofana,6.44,0.5,0.12,0.62,0.65,1.0,113.75,3,D.D.Fofana,FWD,Chelsea,2024-25,0.49,6.44,"recency-weighted FPL points, decay 8**(-age/3)"
736,Josh,Dasilva,6.44,0.25,0.13,0.38,0.27,0.19,89.44,4,Dasilva,MID,Brentford,2025-26,0.38,6.44,"recency-weighted FPL points, decay 8**(-age/3)"
737,Danny,Ward,6.37,0.0,0.0,0.0,0.0,0.75,184.51,8,Ward,GKP,Leicester,2024-25,0.0,6.37,"recency-weighted FPL points, decay 8**(-age/3)"
738,Lucas,Rodrigues Moura da Silva,6.35,0.24,0.31,0.56,0.06,0.26,112.11,6,Lucas Moura,MID,Spurs,2022-23,0.45,6.35,"recency-weighted FPL points, decay 8**(-age/3)"
739,Davinson,Sánchez,6.34,0.07,0.05,0.12,0.07,0.42,168.05,7,Sánchez,DEF,Spurs,2023-24,0.06,6.34,"recency-weighted FPL points, decay 8**(-age/3)"
740,Pablo,Fornals,6.34,0.28,0.28,0.56,0.0,0.34,144.45,3,Fornals,MID,West Ham,2021-22,0.35,6.34,"recency-weighted FPL points, decay 8**(-age/3)"
741,Ramón,Sosa,6.25,0.25,0.0,0.25,0.37,0.0,70.0,1,Sosa,MID,Nott'm Forest,2024-25,0.32,6.25,"recency-weighted FPL points, decay 8**(-age/3)"
742,Jakub,Stolarczyk,6.25,0.0,0.0,0.0,0.0,0.0,225.0,1,Stolarczyk,GKP,Leicester,2024-25,0.0,6.25,"recency-weighted FPL points, decay 8**(-age/3)"
743,Cristiano Ronaldo,dos Santos Aveiro,6.22,0.62,0.09,0.72,0.13,1.09,109.12,2,Ronaldo,FWD,Man Utd,2022-23,0.59,6.22,"recency-weighted FPL points, decay 8**(-age/3)"
744,Joseph,Gomez,6.2,0.0,0.04,0.04,0.05,0.64,134.29,7,Gomez,DEF,Liverpool,2022-23,0.02,6.2,"recency-weighted FPL points, decay 8**(-age/3)"
745,Ruben,Loftus-Cheek,6.09,0.04,0.18,0.22,0.16,0.12,178.63,7,Loftus-Cheek,MID,Chelsea,2022-23,0.11,6.09,"recency-weighted FPL points, decay 8**(-age/3)"
746,Jóhann Berg,Gudmundsson,6.0,0.12,0.38,0.5,0.54,0.0,148.12,1,Gudmundsson,MID,Burnley,2023-24,0.3,6.0,"recency-weighted FPL points, decay 8**(-age/3)"
747,Maxwel,Cornet,6.0,0.41,0.06,0.47,0.18,0.28,101.0,5,Cornet,MID,West Ham,2025-26,0.42,6.0,"recency-weighted FPL points, decay 8**(-age/3)"
748,James,Bree,6.0,0.0,0.25,0.25,0.23,0.0,290.38,3,Bree,DEF,Southampton,2024-25,0.08,6.0,"recency-weighted FPL points, decay 8**(-age/3)"
749,Fer,López González,6.0,0.0,0.5,0.5,0.38,0.0,114.0,1,Fer López,MID,Wolves,2025-26,0.39,6.0,"recency-weighted FPL points, decay 8**(-age/3)"
750,Matthew,Cash,5.98,0.12,0.12,0.25,0.0,0.47,142.61,2,Cash,DEF,Aston Villa,2021-22,0.16,5.98,"recency-weighted FPL points, decay 8**(-age/3)"
751,Romain,Saïss,5.94,0.13,0.02,0.15,0.0,0.44,147.75,4,Saïss,DEF,Wolves,2021-22,0.09,5.94,"recency-weighted FPL points, decay 8**(-age/3)"
752,Wataru,Endo,5.88,0.12,0.0,0.12,0.26,0.0,214.25,1,Endo,MID,Liverpool,2023-24,0.05,5.88,"recency-weighted FPL points, decay 8**(-age/3)"
753,Tyrell,Malacia,5.88,0.0,0.0,0.0,0.06,0.5,119.19,4,Malacia,DEF,Man Utd,2025-26,0.0,5.88,"recency-weighted FPL points, decay 8**(-age/3)"
754,Gabriel,Magalhães,5.78,0.19,0.0,0.19,0.0,0.61,126.91,2,Gabriel,DEF,Arsenal,2021-22,0.13,5.78,"recency-weighted FPL points, decay 8**(-age/3)"
755,Jakub,Moder,5.77,0.0,0.09,0.09,0.31,0.0,141.23,5,Moder,MID,Brighton,2024-25,0.06,5.77,"recency-weighted FPL points, decay 8**(-age/3)"
756,Rúben Diogo,da Silva Neves,5.76,0.23,0.11,0.34,0.0,0.46,160.41,4,Neves,MID,Wolves,2021-22,0.19,5.76,"recency-weighted FPL points, decay 8**(-age/3)"
757,Theo,Walcott,5.75,0.22,0.24,0.46,0.24,0.13,129.88,7,Walcott,MID,Southampton,2022-23,0.32,5.75,"recency-weighted FPL points, decay 8**(-age/3)"
758,N'Golo,Kanté,5.74,0.1,0.27,0.38,0.07,0.17,155.54,7,Kanté,MID,Chelsea,2022-23,0.22,5.74,"recency-weighted FPL points, decay 8**(-age/3)"
759,Jonathan,Castro Otto,5.74,0.14,0.04,0.18,0.07,0.16,152.12,6,J.Otto,DEF,Wolves,2023-24,0.11,5.74,"recency-weighted FPL points, decay 8**(-age/3)"
760,Ben,Osborn,5.7,0.02,0.25,0.27,0.14,0.05,199.47,3,Osborn,MID,Sheffield Utd,2023-24,0.12,5.7,"recency-weighted FPL points, decay 8**(-age/3)"
761,Ki-Jana,Hoever,5.64,0.0,0.0,0.0,0.19,0.0,230.02,6,Hoever,DEF,Wolves,2025-26,0.0,5.64,"recency-weighted FPL points, decay 8**(-age/3)"
762,Romain,Perraud,5.63,0.13,0.16,0.28,0.2,0.34,164.91,2,Perraud,DEF,Southampton,2022-23,0.15,5.63,"recency-weighted FPL points, decay 8**(-age/3)"
763,Pontus,Jansson,5.62,0.16,0.12,0.28,0.03,0.41,148.91,2,Jansson,DEF,Brentford,2022-23,0.17,5.62,"recency-weighted FPL points, decay 8**(-age/3)"
764,Hakim,Ziyech,5.62,0.16,0.33,0.48,0.14,0.41,99.72,4,Ziyech,MID,Chelsea,2023-24,0.44,5.62,"recency-weighted FPL points, decay 8**(-age/3)"
765,Olu,Aina,5.62,0.12,0.12,0.25,0.17,0.25,211.25,1,Aina,DEF,Nott'm Forest,2023-24,0.11,5.62,"recency-weighted FPL points, decay 8**(-age/3)"
766,Teemu,Pukki,5.52,0.43,0.12,0.55,0.0,0.76,124.19,2,Pukki,FWD,Norwich,2021-22,0.4,5.52,"recency-weighted FPL points, decay 8**(-age/3)"
767,Ashley,Barnes,5.52,0.2,0.01,0.21,0.14,0.3,91.24,7,Barnes,FWD,Burnley,2025-26,0.21,5.52,"recency-weighted FPL points, decay 8**(-age/3)"
768,Luca,Netz,5.5,0.0,0.0,0.0,0.2,0.0,176.5,1,Netz,DEF,Nott'm Forest,2025-26,0.0,5.5,"recency-weighted FPL points, decay 8**(-age/3)"
769,Jordan,Clark,5.5,0.12,0.12,0.25,0.29,0.38,162.12,1,Clark,MID,Luton,2023-24,0.14,5.5,"recency-weighted FPL points, decay 8**(-age/3)"
770,Pedro,Cardoso de Lima,5.5,0.0,0.0,0.0,0.4,0.0,145.75,2,Pedro Lima,DEF,Wolves,2025-26,0.0,5.5,"recency-weighted FPL points, decay 8**(-age/3)"
771,Altay,Bayındır,5.5,0.0,0.0,0.0,0.02,0.0,270.0,1,Bayindir,GKP,Man Utd,2025-26,0.0,5.5,"recency-weighted FPL points, decay 8**(-age/3)"
772,Luis Guilherme,Lira dos Santos,5.5,0.0,0.0,0.0,0.19,0.0,95.25,2,L.Guilherme,MID,West Ham,2025-26,0.0,5.5,"recency-weighted FPL points, decay 8**(-age/3)"
773,Ben,Gannon-Doak,5.5,0.0,0.5,0.5,0.2,0.0,52.5,1,Gannon-Doak,MID,Bournemouth,2025-26,0.86,5.5,"recency-weighted FPL points, decay 8**(-age/3)"
774,Fábio,Ferreira Vieira,5.5,0.19,0.5,0.69,0.38,0.13,67.5,4,Fábio Vieira,MID,Arsenal,2025-26,0.92,5.5,"recency-weighted FPL points, decay 8**(-age/3)"
775,John Victor,Maciel Furtado,5.5,0.0,0.0,0.0,0.0,0.0,218.5,1,John,GKP,Nott'm Forest,2025-26,0.0,5.5,"recency-weighted FPL points, decay 8**(-age/3)"
776,Alex,Palmer,5.5,0.0,0.0,0.0,0.0,0.0,292.5,3,Palmer,GKP,Ipswich,2024-25,0.0,5.5,"recency-weighted FPL points, decay 8**(-age/3)"
777,Jesse,Lingard,5.49,0.24,0.17,0.41,0.09,0.31,109.21,7,Lingard,MID,Nott'm Forest,2022-23,0.34,5.49,"recency-weighted FPL points, decay 8**(-age/3)"
778,Robin,Olsen,5.42,0.0,0.0,0.0,0.0,0.48,137.03,5,Olsen,GKP,Aston Villa,2024-25,0.0,5.42,"recency-weighted FPL points, decay 8**(-age/3)"
779,Benjamin,Chilwell,5.39,0.17,0.17,0.34,0.0,0.43,88.12,6,Chilwell,DEF,Chelsea,2021-22,0.34,5.39,"recency-weighted FPL points, decay 8**(-age/3)"
780,Daniel,Amartey,5.34,0.02,0.0,0.02,0.09,0.41,182.99,7,Amartey,DEF,Leicester,2022-23,0.01,5.34,"recency-weighted FPL points, decay 8**(-age/3)"
781,Daniel,Jebbison,5.31,0.27,0.0,0.27,0.29,0.27,33.17,3,Jebbison,FWD,Bournemouth,2024-25,0.72,5.31,"recency-weighted FPL points, decay 8**(-age/3)"
782,Kieffer,Moore,5.31,0.38,0.0,0.38,0.51,0.44,91.81,2,Moore,FWD,Bournemouth,2023-24,0.37,5.31,"recency-weighted FPL points, decay 8**(-age/3)"
783,Shandon,Baptiste,5.28,0.16,0.25,0.41,0.21,0.06,93.31,3,Baptiste,MID,Brentford,2023-24,0.39,5.28,"recency-weighted FPL points, decay 8**(-age/3)"
784,Mason,Holgate,5.26,0.08,0.09,0.17,0.17,0.3,245.4,9,Holgate,DEF,Everton,2024-25,0.06,5.26,"recency-weighted FPL points, decay 8**(-age/3)"
785,Teden,Mengi,5.25,0.12,0.0,0.12,0.14,0.12,308.38,2,Mengi,DEF,Luton,2023-24,0.04,5.25,"recency-weighted FPL points, decay 8**(-age/3)"
786,Gavin,Bazunu,5.25,0.0,0.0,0.0,0.0,0.19,180.0,2,Bazunu,GKP,Southampton,2024-25,0.0,5.25,"recency-weighted FPL points, decay 8**(-age/3)"
787,Jonjo,Shelvey,5.24,0.13,0.11,0.24,0.05,0.35,163.25,7,J.Shelvey,MID,Nott'm Forest,2023-24,0.13,5.24,"recency-weighted FPL points, decay 8**(-age/3)"
788,Matt,Ritchie,5.23,0.15,0.19,0.35,0.13,0.18,107.05,7,Ritchie,MID,Newcastle,2023-24,0.29,5.23,"recency-weighted FPL points, decay 8**(-age/3)"
789,Manuel,Lanzini,5.22,0.26,0.16,0.41,0.05,0.39,99.41,7,Lanzini,MID,West Ham,2022-23,0.37,5.22,"recency-weighted FPL points, decay 8**(-age/3)"
790,Moussa,Niakhaté,5.19,0.12,0.0,0.12,0.24,0.12,254.69,2,Niakhaté,DEF,Nott'm Forest,2023-24,0.04,5.19,"recency-weighted FPL points, decay 8**(-age/3)"
791,Stuart,Dallas,5.17,0.16,0.08,0.23,0.0,0.42,144.53,3,Dallas,DEF,Leeds,2022-23,0.15,5.17,"recency-weighted FPL points, decay 8**(-age/3)"
792,Ashley,Westwood,5.16,0.07,0.28,0.35,0.0,0.27,163.04,6,Westwood,MID,Burnley,2021-22,0.19,5.16,"recency-weighted FPL points, decay 8**(-age/3)"
793,Saman,Ghoddos,5.12,0.16,0.06,0.22,0.19,0.0,115.12,3,Ghoddos,MID,Brentford,2023-24,0.17,5.12,"recency-weighted FPL points, decay 8**(-age/3)"
794,Gabriel,Osho,5.12,0.25,0.0,0.25,0.16,0.12,230.75,1,Osho,DEF,Luton,2023-24,0.1,5.12,"recency-weighted FPL points, decay 8**(-age/3)"
795,Matt,Turner,5.12,0.0,0.0,0.0,0.0,0.0,191.25,4,Turner,GKP,Nott'm Forest,2025-26,0.0,5.12,"recency-weighted FPL points, decay 8**(-age/3)"
796,Jannik,Vestergaard,5.03,0.05,0.02,0.07,0.05,0.11,424.92,6,Vestergaard,DEF,Leicester,2024-25,0.01,5.03,"recency-weighted FPL points, decay 8**(-age/3)"
797,Thiago,Alcántara do Nascimento,5.02,0.05,0.12,0.17,0.1,0.11,155.52,4,Thiago,MID,Liverpool,2023-24,0.1,5.02,"recency-weighted FPL points, decay 8**(-age/3)"
798,Chris,Mepham,5.0,0.01,0.13,0.14,0.13,0.39,224.37,6,Mepham,DEF,Bournemouth,2025-26,0.05,5.0,"recency-weighted FPL points, decay 8**(-age/3)"
799,Ross,Stewart,5.0,0.25,0.0,0.25,0.3,0.75,95.5,1,Stewart,FWD,Southampton,2024-25,0.24,5.0,"recency-weighted FPL points, decay 8**(-age/3)"
800,Mikey,Moore,5.0,0.0,0.5,0.5,0.19,0.0,90.12,3,Moore,MID,Spurs,2025-26,0.5,5.0,"recency-weighted FPL points, decay 8**(-age/3)"
801,Luca,Koleosho,5.0,0.12,0.25,0.38,0.38,0.0,121.5,2,Koleosho,MID,Burnley,2025-26,0.28,5.0,"recency-weighted FPL points, decay 8**(-age/3)"
802,Reece,Burke,5.0,0.0,0.5,0.5,0.35,0.25,207.38,3,Burke,DEF,Luton,2023-24,0.22,5.0,"recency-weighted FPL points, decay 8**(-age/3)"
803,Diego,Coppola,5.0,0.0,0.0,0.0,0.0,0.0,96.5,1,Coppola,DEF,Brighton,2025-26,0.0,5.0,"recency-weighted FPL points, decay 8**(-age/3)"
804,Ayoze,Pérez,4.99,0.22,0.29,0.51,0.1,0.27,89.82,6,Pérez,MID,Leicester,2022-23,0.51,4.99,"recency-weighted FPL points, decay 8**(-age/3)"
805,Ben,White,4.97,0.0,0.0,0.0,0.0,0.36,139.88,3,White,DEF,Arsenal,2021-22,0.0,4.97,"recency-weighted FPL points, decay 8**(-age/3)"
806,Çaglar,Söyüncü,4.96,0.12,0.01,0.12,0.03,0.52,164.57,5,Söyüncü,DEF,Leicester,2022-23,0.07,4.96,"recency-weighted FPL points, decay 8**(-age/3)"
807,Paul,Pogba,4.95,0.15,0.47,0.63,0.0,0.49,99.53,6,Pogba,MID,Man Utd,2021-22,0.57,4.95,"recency-weighted FPL points, decay 8**(-age/3)"
808,Jacob,Brown,4.88,0.25,0.12,0.38,0.41,0.38,126.62,1,Brown,FWD,Luton,2023-24,0.27,4.88,"recency-weighted FPL points, decay 8**(-age/3)"
809,Philippe,Coutinho Correia,4.84,0.22,0.09,0.31,0.15,0.28,93.03,3,Coutinho,MID,Aston Villa,2023-24,0.3,4.84,"recency-weighted FPL points, decay 8**(-age/3)"
810,Yerry,Mina,4.8,0.18,0.01,0.18,0.1,0.62,115.05,5,Mina,DEF,Everton,2022-23,0.14,4.8,"recency-weighted FPL points, decay 8**(-age/3)"
811,Ferdi,Kadioglu,4.75,0.25,0.0,0.25,0.19,0.0,96.25,1,F.Kadıoğlu,DEF,Brighton,2024-25,0.23,4.75,"recency-weighted FPL points, decay 8**(-age/3)"
812,Robin,Koch,4.75,0.0,0.0,0.0,0.13,0.16,265.22,3,Koch,DEF,Leeds,2022-23,0.0,4.75,"recency-weighted FPL points, decay 8**(-age/3)"
813,Liam,Cooper,4.73,0.08,0.06,0.14,0.08,0.25,179.91,3,Cooper,DEF,Leeds,2022-23,0.07,4.73,"recency-weighted FPL points, decay 8**(-age/3)"
814,Jack,Robinson,4.73,0.12,0.16,0.28,0.26,0.19,377.98,3,Robinson,DEF,Sheffield Utd,2023-24,0.07,4.73,"recency-weighted FPL points, decay 8**(-age/3)"
815,George,Baldock,4.72,0.02,0.31,0.33,0.08,0.34,191.27,3,Baldock,DEF,Sheffield Utd,2023-24,0.15,4.72,"recency-weighted FPL points, decay 8**(-age/3)"
816,Mason,Greenwood,4.7,0.34,0.1,0.45,0.0,0.49,78.61,4,Greenwood,MID,Man Utd,2021-22,0.51,4.7,"recency-weighted FPL points, decay 8**(-age/3)"
817,Divock,Origi,4.7,0.14,0.16,0.3,0.26,0.17,89.33,7,Origi,FWD,Nott'm Forest,2023-24,0.3,4.7,"recency-weighted FPL points, decay 8**(-age/3)"
818,Kalidou,Koulibaly,4.63,0.13,0.06,0.19,0.08,0.5,112.38,1,Koulibaly,DEF,Chelsea,2022-23,0.15,4.63,"recency-weighted FPL points, decay 8**(-age/3)"
819,Luka,Milivojevic,4.62,0.11,0.04,0.14,0.03,0.25,132.22,7,Milivojevic,MID,Crystal Palace,2022-23,0.1,4.62,"recency-weighted FPL points, decay 8**(-age/3)"
820,Joshua,King,4.6,0.28,0.19,0.47,0.0,0.36,106.99,7,King,MID,Fulham,2023-24,0.39,4.6,"recency-weighted FPL points, decay 8**(-age/3)"
821,João,Cancelo,4.56,0.13,0.13,0.25,0.15,0.63,79.56,2,Cancelo,DEF,Man City,2023-24,0.28,4.56,"recency-weighted FPL points, decay 8**(-age/3)"
822,Oriol,Romeu Vidal,4.51,0.08,0.08,0.16,0.01,0.27,153.94,7,Romeu,MID,Southampton,2022-23,0.1,4.51,"recency-weighted FPL points, decay 8**(-age/3)"
823,Andrés,García,4.5,0.0,0.0,0.0,0.14,0.0,120.5,2,A.García,DEF,Aston Villa,2025-26,0.0,4.5,"recency-weighted FPL points, decay 8**(-age/3)"
824,Filip,Jörgensen,4.5,0.0,0.0,0.0,0.0,0.0,189.0,1,Jörgensen,GKP,Chelsea,2025-26,0.0,4.5,"recency-weighted FPL points, decay 8**(-age/3)"
825,Filip,Jørgensen,4.5,0.0,0.0,0.0,0.0,0.0,135.0,1,Jørgensen,GKP,Chelsea,2024-25,0.0,4.5,"recency-weighted FPL points, decay 8**(-age/3)"
826,Lorenzo,Lucca,4.5,0.5,0.0,0.5,0.4,0.0,63.0,1,Lucca,FWD,Nott'm Forest,2025-26,0.71,4.5,"recency-weighted FPL points, decay 8**(-age/3)"
827,Luke,Woolfenden,4.5,0.0,0.0,0.0,0.01,0.0,296.75,1,Woolfenden,DEF,Ipswich,2024-25,0.0,4.5,"recency-weighted FPL points, decay 8**(-age/3)"
828,Manor,Solomon,4.5,0.25,0.25,0.5,0.27,0.31,59.5,4,Solomon,MID,Spurs,2025-26,0.76,4.5,"recency-weighted FPL points, decay 8**(-age/3)"
829,Arnaud,Kalimuendo,4.5,0.0,0.0,0.0,0.23,0.0,44.5,1,Kalimuendo,FWD,Nott'm Forest,2025-26,0.0,4.5,"recency-weighted FPL points, decay 8**(-age/3)"
830,Mohamadou,Kanté,4.5,0.0,0.0,0.0,0.06,0.0,33.5,1,Mohamadou Kanté,MID,West Ham,2025-26,0.0,4.5,"recency-weighted FPL points, decay 8**(-age/3)"
831,Ben,Foster,4.46,0.0,0.03,0.03,0.0,0.48,123.05,5,Foster,GKP,Watford,2021-22,0.02,4.46,"recency-weighted FPL points, decay 8**(-age/3)"
832,Thilo,Kehrer,4.44,0.0,0.19,0.19,0.07,0.25,141.69,2,Kehrer,DEF,West Ham,2023-24,0.12,4.44,"recency-weighted FPL points, decay 8**(-age/3)"
833,Matthew,Lowton,4.41,0.05,0.12,0.17,0.0,0.27,129.58,6,Lowton,DEF,Burnley,2021-22,0.12,4.41,"recency-weighted FPL points, decay 8**(-age/3)"
834,Pelly Ruddock,Mpanzu,4.38,0.0,0.0,0.0,0.25,0.0,135.62,1,Mpanzu,MID,Luton,2023-24,0.0,4.38,"recency-weighted FPL points, decay 8**(-age/3)"
835,Amari'i,Bell,4.38,0.0,0.0,0.0,0.1,0.38,215.0,1,Bell,DEF,Luton,2023-24,0.0,4.38,"recency-weighted FPL points, decay 8**(-age/3)"
836,Moussa,Sissoko,4.33,0.08,0.06,0.14,0.0,0.07,157.09,6,Sissoko,MID,Watford,2021-22,0.08,4.33,"recency-weighted FPL points, decay 8**(-age/3)"
837,Miguel,Almirón,4.32,0.12,0.05,0.18,0.0,0.16,117.77,4,Almirón,MID,Newcastle,2021-22,0.14,4.32,"recency-weighted FPL points, decay 8**(-age/3)"
838,Ainsley,Maitland-Niles,4.32,0.0,0.11,0.12,0.05,0.05,138.91,7,Maitland-Niles,MID,Southampton,2022-23,0.08,4.32,"recency-weighted FPL points, decay 8**(-age/3)"
839,Gabriel Teodoro,Martinelli Silva,4.3,0.24,0.24,0.48,0.0,0.23,72.19,3,Martinelli,MID,Arsenal,2021-22,0.6,4.3,"recency-weighted FPL points, decay 8**(-age/3)"
840,Antonín,Kinsky,4.25,0.0,0.0,0.0,0.0,0.0,135.0,1,Kinsky,GKP,Spurs,2024-25,0.0,4.25,"recency-weighted FPL points, decay 8**(-age/3)"
841,Nicolò,Zaniolo,4.25,0.25,0.0,0.25,0.42,0.0,103.0,1,Zaniolo,MID,Aston Villa,2023-24,0.22,4.25,"recency-weighted FPL points, decay 8**(-age/3)"
842,Boubacar,Traoré,4.25,0.0,0.06,0.06,0.08,0.0,125.81,4,B.Traore,MID,Wolves,2025-26,0.04,4.25,"recency-weighted FPL points, decay 8**(-age/3)"
843,Issa,Kaboré,4.25,0.0,0.38,0.38,0.26,0.38,215.88,2,Kaboré,DEF,Man City,2024-25,0.16,4.25,"recency-weighted FPL points, decay 8**(-age/3)"
844,Matheus,França de Oliveira,4.25,0.25,0.25,0.5,0.21,0.0,41.0,3,M.França,MID,Crystal Palace,2025-26,1.1,4.25,"recency-weighted FPL points, decay 8**(-age/3)"
845,Christian,Benteke,4.22,0.32,0.09,0.41,0.0,0.45,83.98,7,Benteke,FWD,Crystal Palace,2022-23,0.44,4.22,"recency-weighted FPL points, decay 8**(-age/3)"
846,Ademola,Lookman,4.21,0.25,0.08,0.33,0.0,0.31,91.02,6,Lookman,MID,Leicester,2021-22,0.32,4.21,"recency-weighted FPL points, decay 8**(-age/3)"
847,Mateusz,Klich,4.2,0.09,0.14,0.23,0.02,0.17,118.62,3,Klich,MID,Leeds,2022-23,0.18,4.2,"recency-weighted FPL points, decay 8**(-age/3)"
848,Diego,Llorente,4.19,0.11,0.0,0.11,0.05,0.36,132.45,3,Llorente,DEF,Leeds,2022-23,0.07,4.19,"recency-weighted FPL points, decay 8**(-age/3)"
849,Marc,Roca Junqué,4.19,0.06,0.19,0.25,0.29,0.19,144.75,1,Roca,MID,Leeds,2022-23,0.16,4.19,"recency-weighted FPL points, decay 8**(-age/3)"
850,Rob,Holding,4.16,0.09,0.02,0.11,0.03,0.26,111.4,10,Holding,DEF,Crystal Palace,2025-26,0.09,4.16,"recency-weighted FPL points, decay 8**(-age/3)"
851,Marc,Albrighton,4.13,0.12,0.22,0.35,0.05,0.16,97.14,7,Albrighton,MID,Leicester,2022-23,0.32,4.13,"recency-weighted FPL points, decay 8**(-age/3)"
852,Calum,Chambers,4.13,0.05,0.18,0.23,0.02,0.16,105.74,8,Chambers,DEF,Aston Villa,2023-24,0.2,4.13,"recency-weighted FPL points, decay 8**(-age/3)"
853,Anssumane,Fati Vieira,4.12,0.25,0.12,0.38,0.52,0.12,63.62,1,Ansu Fati,MID,Brighton,2023-24,0.53,4.12,"recency-weighted FPL points, decay 8**(-age/3)"
854,Cauley,Woodrow,4.12,0.12,0.12,0.25,0.27,0.38,50.75,1,Woodrow,FWD,Luton,2023-24,0.44,4.12,"recency-weighted FPL points, decay 8**(-age/3)"
855,Yegor,Yarmoliuk,4.12,0.0,0.0,0.0,0.24,0.0,83.75,1,Yarmoliuk,MID,Brentford,2023-24,0.0,4.12,"recency-weighted FPL points, decay 8**(-age/3)"
856,James,McArthur,4.12,0.03,0.22,0.25,0.0,0.27,113.61,7,McArthur,MID,Crystal Palace,2022-23,0.2,4.12,"recency-weighted FPL points, decay 8**(-age/3)"
857,Mohammed,Salisu,4.09,0.0,0.06,0.06,0.12,0.25,229.17,3,Salisu,DEF,Southampton,2022-23,0.02,4.09,"recency-weighted FPL points, decay 8**(-age/3)"
858,Marvelous,Nakamba,4.07,0.0,0.02,0.02,0.08,0.02,195.41,5,Nakamba,MID,Luton,2023-24,0.01,4.07,"recency-weighted FPL points, decay 8**(-age/3)"
859,Joseph,Willock,4.04,0.2,0.1,0.3,0.0,0.17,89.51,5,Willock,MID,Newcastle,2021-22,0.3,4.04,"recency-weighted FPL points, decay 8**(-age/3)"
860,Nicolas,Pépé,4.02,0.23,0.22,0.45,0.0,0.27,62.03,5,Pepe,MID,Arsenal,2023-24,0.65,4.02,"recency-weighted FPL points, decay 8**(-age/3)"
861,Alex,Tóth,4.0,0.0,0.0,0.0,0.22,0.0,67.5,1,Tóth.A,MID,Bournemouth,2025-26,0.0,4.0,"recency-weighted FPL points, decay 8**(-age/3)"
862,Levi,Samuels Colwill,4.0,0.0,0.0,0.0,0.06,0.0,112.5,1,Colwill,DEF,Chelsea,2025-26,0.0,4.0,"recency-weighted FPL points, decay 8**(-age/3)"
863,Tom,Edozie,4.0,0.5,0.0,0.5,0.12,0.0,6.0,2,Edozie,MID,Wolves,2025-26,7.5,4.0,"recency-weighted FPL points, decay 8**(-age/3)"
864,Christian,Walton,4.0,0.0,0.0,0.0,0.0,0.5,157.5,2,Walton,GKP,Ipswich,2024-25,0.0,4.0,"recency-weighted FPL points, decay 8**(-age/3)"
865,Scott,McKenna,4.0,0.0,0.0,0.0,0.08,0.12,150.13,2,McKenna,DEF,Nott'm Forest,2023-24,0.0,4.0,"recency-weighted FPL points, decay 8**(-age/3)"
866,Marc,Cucurella,3.94,0.03,0.03,0.06,0.0,0.66,96.53,1,Cucurella,DEF,Brighton,2021-22,0.06,3.94,"recency-weighted FPL points, decay 8**(-age/3)"
867,Conor,Townsend,3.94,0.0,0.28,0.28,0.07,0.12,118.41,2,Townsend,DEF,Ipswich,2024-25,0.21,3.94,"recency-weighted FPL points, decay 8**(-age/3)"
868,Tom,Davies,3.92,0.04,0.03,0.08,0.15,0.04,113.62,8,T.Davies,MID,Sheffield Utd,2023-24,0.06,3.92,"recency-weighted FPL points, decay 8**(-age/3)"
869,Luke,Berry,3.88,0.25,0.12,0.38,0.14,0.0,38.62,1,Berry,MID,Luton,2023-24,0.87,3.88,"recency-weighted FPL points, decay 8**(-age/3)"
870,Anel,Ahmedhodžić,3.88,0.25,0.0,0.25,0.45,0.5,331.12,1,Ahmedhodžić,DEF,Sheffield Utd,2023-24,0.07,3.88,"recency-weighted FPL points, decay 8**(-age/3)"
871,Solomon,March,3.79,0.04,0.13,0.17,0.0,0.14,102.34,5,March,MID,Brighton,2021-22,0.15,3.79,"recency-weighted FPL points, decay 8**(-age/3)"
872,Alex,Oxlade-Chamberlain,3.76,0.18,0.08,0.25,0.09,0.22,65.31,7,Chamberlain,MID,Liverpool,2022-23,0.35,3.76,"recency-weighted FPL points, decay 8**(-age/3)"
873,Ricardo,Barbosa Pereira,3.75,0.06,0.06,0.13,0.09,0.13,123.69,2,Ricardo,DEF,Leicester,2024-25,0.09,3.75,"recency-weighted FPL points, decay 8**(-age/3)"
874,Jordan,Beyer,3.75,0.0,0.12,0.12,0.09,0.5,154.25,2,Jordan,DEF,Burnley,2025-26,0.07,3.75,"recency-weighted FPL points, decay 8**(-age/3)"
875,Séamus,Coleman,3.75,0.0,0.0,0.0,0.25,0.0,63.0,2,Coleman,DEF,Everton,2025-26,0.0,3.75,"recency-weighted FPL points, decay 8**(-age/3)"
876,Gylfi,Sigurdsson,3.72,0.18,0.15,0.33,0.0,0.37,74.88,6,Sigurdsson,MID,Everton,2021-22,0.4,3.72,"recency-weighted FPL points, decay 8**(-age/3)"
877,Rui Pedro,dos Santos Patrício,3.72,0.0,0.0,0.0,0.0,0.27,91.76,4,Patrício,GKP,Wolves,2021-22,0.0,3.72,"recency-weighted FPL points, decay 8**(-age/3)"
878,Romelu,Lukaku,3.7,0.35,0.05,0.41,0.0,0.5,66.56,5,Lukaku,FWD,Chelsea,2021-22,0.55,3.7,"recency-weighted FPL points, decay 8**(-age/3)"
879,Joe,Rothwell,3.69,0.0,0.06,0.06,0.14,0.0,110.63,2,Rothwell,MID,Bournemouth,2023-24,0.05,3.69,"recency-weighted FPL points, decay 8**(-age/3)"
880,Connor,Roberts,3.67,0.03,0.16,0.19,0.04,0.19,155.43,5,Roberts,DEF,Burnley,2025-26,0.11,3.67,"recency-weighted FPL points, decay 8**(-age/3)"
881,Carney,Chukwuemeka,3.66,0.12,0.16,0.28,0.11,0.0,58.5,5,Chukwuemeka,MID,Chelsea,2024-25,0.43,3.66,"recency-weighted FPL points, decay 8**(-age/3)"
882,Tim,Krul,3.66,0.0,0.0,0.0,0.0,0.42,106.87,4,Krul,GKP,Luton,2023-24,0.0,3.66,"recency-weighted FPL points, decay 8**(-age/3)"
883,Jack,Cork,3.65,0.04,0.01,0.05,0.0,0.11,118.62,7,Cork,MID,Burnley,2023-24,0.04,3.65,"recency-weighted FPL points, decay 8**(-age/3)"
884,Andreas,Christensen,3.62,0.0,0.0,0.0,0.0,0.24,88.23,5,Christensen,DEF,Chelsea,2021-22,0.0,3.62,"recency-weighted FPL points, decay 8**(-age/3)"
885,Nampalys,Mendy,3.58,0.06,0.02,0.08,0.02,0.06,112.22,7,Mendy,MID,Leicester,2022-23,0.07,3.58,"recency-weighted FPL points, decay 8**(-age/3)"
886,Armel,Bella-Kotchap,3.56,0.0,0.13,0.13,0.18,0.31,199.81,2,Bella-Kotchap,DEF,Southampton,2024-25,0.06,3.56,"recency-weighted FPL points, decay 8**(-age/3)"
887,Naby,Keita,3.56,0.12,0.09,0.21,0.05,0.16,74.44,5,Keita,MID,Liverpool,2022-23,0.25,3.56,"recency-weighted FPL points, decay 8**(-age/3)"
888,Rayan,Ait Nouri,3.56,0.05,0.14,0.19,0.0,0.41,78.94,2,Ait Nouri,DEF,Wolves,2021-22,0.21,3.56,"recency-weighted FPL points, decay 8**(-age/3)"
889,Renan Augusto,Lodi dos Santos,3.5,0.0,0.13,0.13,0.14,0.19,138.19,1,Renan Lodi,DEF,Nott'm Forest,2022-23,0.08,3.5,"recency-weighted FPL points, decay 8**(-age/3)"
890,Auston,Trusty,3.5,0.0,0.0,0.0,0.14,0.0,321.0,1,Trusty,DEF,Sheffield Utd,2023-24,0.0,3.5,"recency-weighted FPL points, decay 8**(-age/3)"
891,Welington Damascena,Santos,3.5,0.0,0.0,0.0,0.05,0.0,119.5,1,Welington,DEF,Southampton,2024-25,0.0,3.5,"recency-weighted FPL points, decay 8**(-age/3)"
892,Nathan,Wood-Gordon,3.5,0.0,0.0,0.0,0.07,0.5,192.75,1,Wood,DEF,Southampton,2024-25,0.0,3.5,"recency-weighted FPL points, decay 8**(-age/3)"
893,Max,Weiß,3.5,0.0,0.0,0.0,0.0,0.0,135.0,1,Weiss,GKP,Burnley,2025-26,0.0,3.5,"recency-weighted FPL points, decay 8**(-age/3)"
894,Gonzalo,Montiel,3.5,0.0,0.25,0.25,0.11,0.5,99.5,1,G.Montiel,DEF,Nott'm Forest,2023-24,0.23,3.5,"recency-weighted FPL points, decay 8**(-age/3)"
895,Benoît,Badiashile Mukinayi,3.5,0.0,0.0,0.0,0.03,0.0,235.0,1,B.Badiashile,DEF,Chelsea,2025-26,0.0,3.5,"recency-weighted FPL points, decay 8**(-age/3)"
896,Walter,Benítez,3.5,0.0,0.0,0.0,0.0,0.0,45.0,1,Benitez,GKP,Crystal Palace,2025-26,0.0,3.5,"recency-weighted FPL points, decay 8**(-age/3)"
897,Fernando,Luiz Rosa,3.47,0.08,0.09,0.17,0.0,0.23,84.64,6,Fernandinho,MID,Man City,2021-22,0.18,3.47,"recency-weighted FPL points, decay 8**(-age/3)"
898,Carlos,Alcaraz,3.44,0.25,0.13,0.38,0.15,0.25,64.0,1,Alcaraz,MID,Southampton,2022-23,0.53,3.44,"recency-weighted FPL points, decay 8**(-age/3)"
899,Arnaut,Danjuma Groeneveld,3.44,0.12,0.01,0.13,0.38,0.0,78.26,2,Danjuma,MID,Everton,2023-24,0.15,3.44,"recency-weighted FPL points, decay 8**(-age/3)"
900,Bamidele,Alli,3.41,0.15,0.13,0.28,0.0,0.2,70.63,6,Dele,MID,Everton,2021-22,0.35,3.41,"recency-weighted FPL points, decay 8**(-age/3)"
901,Remo,Freuler,3.38,0.0,0.0,0.0,0.08,0.0,134.81,2,Freuler,MID,Nott'm Forest,2023-24,0.0,3.38,"recency-weighted FPL points, decay 8**(-age/3)"
902,Willian,Borges Da Silva,3.32,0.12,0.23,0.34,0.0,0.41,55.44,6,Willian,MID,Arsenal,2021-22,0.56,3.32,"recency-weighted FPL points, decay 8**(-age/3)"
903,Luis,Sinisterra Lucumí,3.31,0.31,0.0,0.31,0.29,0.38,53.94,2,Sinisterra,MID,Bournemouth,2025-26,0.52,3.31,"recency-weighted FPL points, decay 8**(-age/3)"
904,Freddie,Woodman,3.28,0.0,0.0,0.0,0.0,0.0,117.25,3,Woodman,GKP,Liverpool,2025-26,0.0,3.28,"recency-weighted FPL points, decay 8**(-age/3)"
905,Hamed,Traorè,3.25,0.0,0.5,0.5,0.16,0.0,40.06,4,H.Traorè,MID,Bournemouth,2025-26,1.12,3.25,"recency-weighted FPL points, decay 8**(-age/3)"
906,Ben,Brereton Díaz,3.25,0.0,0.0,0.0,0.26,0.0,111.5,1,Brereton Díaz,MID,Southampton,2024-25,0.0,3.25,"recency-weighted FPL points, decay 8**(-age/3)"
907,Andre,Brooks,3.25,0.0,0.0,0.0,0.09,0.0,116.5,1,Brooks,MID,Sheffield Utd,2023-24,0.0,3.25,"recency-weighted FPL points, decay 8**(-age/3)"
908,Sofyan,Amrabat,3.25,0.0,0.0,0.0,0.05,0.0,116.12,1,Amrabat,MID,Man Utd,2023-24,0.0,3.25,"recency-weighted FPL points, decay 8**(-age/3)"
909,Deniz,Undav,3.25,0.31,0.13,0.44,0.38,0.25,38.38,3,Undav,FWD,Brighton,2024-25,1.03,3.25,"recency-weighted FPL points, decay 8**(-age/3)"
910,Massimo,Luongo,3.25,0.0,0.0,0.0,0.0,0.0,48.75,1,Luongo,MID,Ipswich,2024-25,0.0,3.25,"recency-weighted FPL points, decay 8**(-age/3)"
911,Wout,Weghorst,3.22,0.06,0.16,0.22,0.2,0.19,94.62,3,Weghorst,FWD,Burnley,2023-24,0.21,3.22,"recency-weighted FPL points, decay 8**(-age/3)"
912,Jairo,Riedewald,3.22,0.03,0.0,0.03,0.02,0.06,70.95,7,Riedewald,MID,Crystal Palace,2023-24,0.04,3.22,"recency-weighted FPL points, decay 8**(-age/3)"
913,Rasmus,Kristensen,3.19,0.19,0.06,0.25,0.11,0.06,122.31,1,Kristensen,DEF,Leeds,2022-23,0.18,3.19,"recency-weighted FPL points, decay 8**(-age/3)"
914,Emerson Aparecido,Leite de Souza Junior,3.19,0.03,0.03,0.06,0.0,0.25,71.31,1,Emerson Royal,DEF,Spurs,2021-22,0.08,3.19,"recency-weighted FPL points, decay 8**(-age/3)"
915,Anwar,El Ghazi,3.15,0.22,0.07,0.29,0.0,0.23,53.3,4,El Ghazi,MID,Aston Villa,2022-23,0.49,3.15,"recency-weighted FPL points, decay 8**(-age/3)"
916,Nemanja,Matic,3.13,0.01,0.17,0.17,0.0,0.12,90.74,6,Matic,MID,Man Utd,2021-22,0.17,3.13,"recency-weighted FPL points, decay 8**(-age/3)"
917,Moussa,Djenepo,3.12,0.03,0.17,0.2,0.04,0.02,84.39,4,Djenepo,MID,Southampton,2022-23,0.22,3.12,"recency-weighted FPL points, decay 8**(-age/3)"
918,Dennis,Praet,3.12,0.09,0.12,0.2,0.09,0.04,59.61,4,Praet,MID,Leicester,2022-23,0.31,3.12,"recency-weighted FPL points, decay 8**(-age/3)"
919,Lorenz,Assignon,3.12,0.12,0.25,0.38,0.25,0.38,154.38,1,Assignon,DEF,Burnley,2023-24,0.22,3.12,"recency-weighted FPL points, decay 8**(-age/3)"
920,Georginio,Wijnaldum,3.08,0.08,0.03,0.11,0.0,0.14,87.01,5,Wijnaldum,MID,Liverpool,2020-21,0.12,3.08,"recency-weighted FPL points, decay 8**(-age/3)"
921,Sasa,Kalajdzic,3.06,0.25,0.0,0.25,0.18,0.5,22.56,2,Kalajdžić,FWD,Wolves,2023-24,1.0,3.06,"recency-weighted FPL points, decay 8**(-age/3)"
922,Ricardo Domingos,Barbosa Pereira,3.05,0.06,0.16,0.22,0.0,0.27,77.73,4,Pereira,DEF,Leicester,2021-22,0.25,3.05,"recency-weighted FPL points, decay 8**(-age/3)"
923,Ibrahima,Diallo,3.05,0.0,0.09,0.09,0.02,0.09,98.34,3,Diallo,MID,Southampton,2022-23,0.09,3.05,"recency-weighted FPL points, decay 8**(-age/3)"
924,Dane,Scarlett,3.05,0.0,0.25,0.25,0.02,0.0,13.73,6,Scarlett,FWD,Spurs,2025-26,1.64,3.05,"recency-weighted FPL points, decay 8**(-age/3)"
925,Borna,Sosa,3.0,0.0,0.0,0.0,0.06,0.0,49.5,1,Sosa,DEF,Crystal Palace,2025-26,0.0,3.0,"recency-weighted FPL points, decay 8**(-age/3)"
926,Trey,Nyoni,3.0,0.0,0.0,0.0,0.2,0.0,10.5,1,Nyoni,MID,Liverpool,2025-26,0.0,3.0,"recency-weighted FPL points, decay 8**(-age/3)"
927,Mike,Trésor Ndayishimiye,3.0,0.0,0.0,0.0,0.0,0.0,18.5,1,Trésor,MID,Burnley,2025-26,0.0,3.0,"recency-weighted FPL points, decay 8**(-age/3)"
928,Jonah,Kusi-Asare,3.0,0.0,0.0,0.0,0.04,0.0,24.5,1,Kusi-Asare,FWD,Fulham,2025-26,0.0,3.0,"recency-weighted FPL points, decay 8**(-age/3)"
929,Julián,Araujo Zúñiga,3.0,0.0,0.0,0.0,0.02,0.0,123.0,2,J.Araujo,DEF,Bournemouth,2025-26,0.0,3.0,"recency-weighted FPL points, decay 8**(-age/3)"
930,Ezra,Mayers,3.0,0.0,0.0,0.0,0.3,0.0,56.5,2,Mayers,DEF,West Ham,2025-26,0.0,3.0,"recency-weighted FPL points, decay 8**(-age/3)"
931,Jordan,Zemura,2.94,0.0,0.06,0.06,0.14,0.06,90.75,1,Zemura,DEF,Bournemouth,2022-23,0.06,2.94,"recency-weighted FPL points, decay 8**(-age/3)"
932,Aaron,Ramsey,2.91,0.03,0.05,0.08,0.1,0.04,75.21,6,A.Ramsey,MID,Burnley,2025-26,0.09,2.91,"recency-weighted FPL points, decay 8**(-age/3)"
933,Nuno,Varela Tavares,2.91,0.03,0.03,0.06,0.07,0.06,93.28,3,Tavares,DEF,Nott'm Forest,2023-24,0.06,2.91,"recency-weighted FPL points, decay 8**(-age/3)"
934,Steven,Bergwijn,2.91,0.13,0.13,0.27,0.0,0.16,41.37,4,Bergwijn,MID,Spurs,2022-23,0.58,2.91,"recency-weighted FPL points, decay 8**(-age/3)"
935,Sergio,Agüero,2.91,0.33,0.12,0.45,0.0,0.33,35.75,5,Agüero,FWD,Man City,2020-21,1.14,2.91,"recency-weighted FPL points, decay 8**(-age/3)"
936,Tom,Lockyer,2.88,0.12,0.12,0.25,0.16,0.12,146.12,1,Lockyer,DEF,Luton,2023-24,0.15,2.88,"recency-weighted FPL points, decay 8**(-age/3)"
937,Cédric,Soares,2.88,0.04,0.07,0.11,0.0,0.21,83.78,6,Cédric,DEF,Arsenal,2021-22,0.12,2.88,"recency-weighted FPL points, decay 8**(-age/3)"
938,Joe,Ayodele-Aribo,2.88,0.13,0.0,0.13,0.12,0.19,76.19,1,Aribo,MID,Southampton,2022-23,0.15,2.88,"recency-weighted FPL points, decay 8**(-age/3)"
939,Matej,Vydra,2.79,0.13,0.14,0.27,0.0,0.18,49.53,5,Vydra,FWD,Burnley,2021-22,0.48,2.79,"recency-weighted FPL points, decay 8**(-age/3)"
940,Erik,Pieters,2.78,0.0,0.12,0.12,0.0,0.2,65.42,5,Pieters,DEF,Burnley,2021-22,0.17,2.78,"recency-weighted FPL points, decay 8**(-age/3)"
941,Kenny,McLean,2.76,0.04,0.01,0.05,0.0,0.0,107.76,2,McLean,MID,Norwich,2021-22,0.04,2.76,"recency-weighted FPL points, decay 8**(-age/3)"
942,Chris,Basham,2.76,0.0,0.02,0.02,0.02,0.08,105.08,3,Basham,DEF,Sheffield Utd,2023-24,0.02,2.76,"recency-weighted FPL points, decay 8**(-age/3)"
943,Toby,Alderweireld,2.75,0.03,0.02,0.05,0.0,0.15,74.35,6,Alderweireld,DEF,Spurs,2021-22,0.06,2.75,"recency-weighted FPL points, decay 8**(-age/3)"
944,Youssef,Ramalho Chermiti,2.75,0.0,0.0,0.0,0.16,0.0,35.0,3,Y.Chermiti,FWD,Everton,2025-26,0.0,2.75,"recency-weighted FPL points, decay 8**(-age/3)"
945,Shane,Duffy,2.74,0.06,0.04,0.1,0.01,0.15,73.99,6,Duffy,DEF,Fulham,2022-23,0.12,2.74,"recency-weighted FPL points, decay 8**(-age/3)"
946,Keylor,Navas,2.69,0.0,0.0,0.0,0.0,0.31,95.63,1,Navas,GKP,Nott'm Forest,2022-23,0.0,2.69,"recency-weighted FPL points, decay 8**(-age/3)"
947,Johann Berg,Gudmundsson,2.68,0.06,0.09,0.14,0.0,0.09,73.63,6,Gudmundsson,MID,Burnley,2021-22,0.17,2.68,"recency-weighted FPL points, decay 8**(-age/3)"
948,James,Tomkins,2.67,0.11,0.01,0.13,0.05,0.21,76.53,8,Tomkins,DEF,Crystal Palace,2023-24,0.15,2.67,"recency-weighted FPL points, decay 8**(-age/3)"
949,Arthur,Masuaku,2.62,0.03,0.08,0.12,0.08,0.19,117.1,8,Masuaku,DEF,Sunderland,2025-26,0.09,2.62,"recency-weighted FPL points, decay 8**(-age/3)"
950,Neeskens,Kebano,2.62,0.0,0.25,0.25,0.08,0.0,49.58,3,Kebano,MID,Fulham,2022-23,0.45,2.62,"recency-weighted FPL points, decay 8**(-age/3)"
951,Edinson,Cavani,2.61,0.22,0.09,0.31,0.0,0.28,45.06,2,Cavani,FWD,Man Utd,2021-22,0.62,2.61,"recency-weighted FPL points, decay 8**(-age/3)"
952,Joe,Gelhardt,2.59,0.06,0.25,0.31,0.08,0.09,35.47,4,Gelhardt,MID,Leeds,2025-26,0.79,2.59,"recency-weighted FPL points, decay 8**(-age/3)"
953,Tanguy,Ndombele,2.59,0.09,0.09,0.19,0.0,0.12,55.45,3,Ndombele,MID,Spurs,2021-22,0.3,2.59,"recency-weighted FPL points, decay 8**(-age/3)"
954,Craig,Cathcart,2.58,0.01,0.03,0.04,0.0,0.08,108.44,5,Cathcart,DEF,Watford,2021-22,0.04,2.58,"recency-weighted FPL points, decay 8**(-age/3)"
955,Gianluca,Scamacca,2.56,0.19,0.0,0.19,0.18,0.44,57.56,2,Scamacca,FWD,West Ham,2023-24,0.29,2.56,"recency-weighted FPL points, decay 8**(-age/3)"
956,Allan,Marques Loureiro,2.55,0.0,0.09,0.09,0.0,0.06,100.19,3,Allan,MID,Everton,2022-23,0.08,2.55,"recency-weighted FPL points, decay 8**(-age/3)"
957,Hee-Chan,Hwang,2.53,0.16,0.03,0.19,0.0,0.34,56.59,1,Hwang,FWD,Wolves,2021-22,0.3,2.53,"recency-weighted FPL points, decay 8**(-age/3)"
958,Sergi,Canós,2.53,0.09,0.09,0.19,0.0,0.16,64.91,1,Canós,MID,Brentford,2021-22,0.26,2.53,"recency-weighted FPL points, decay 8**(-age/3)"
959,Ismaila,Sarr,2.53,0.16,0.06,0.22,0.0,0.28,58.19,1,Sarr,MID,Watford,2021-22,0.34,2.53,"recency-weighted FPL points, decay 8**(-age/3)"
960,Patrick,van Aanholt,2.52,0.05,0.06,0.11,0.0,0.26,66.51,5,van Aanholt,DEF,Crystal Palace,2020-21,0.15,2.52,"recency-weighted FPL points, decay 8**(-age/3)"
961,Edward,Nketiah,2.52,0.21,0.05,0.25,0.0,0.28,37.33,5,Nketiah,FWD,Arsenal,2021-22,0.61,2.52,"recency-weighted FPL points, decay 8**(-age/3)"
962,Tom,Watson,2.5,0.0,0.0,0.0,0.04,0.0,28.5,1,Watson,MID,Brighton,2025-26,0.0,2.5,"recency-weighted FPL points, decay 8**(-age/3)"
963,Yunus Emre,Konak,2.5,0.0,0.0,0.0,0.04,0.0,13.25,2,Konak,MID,Brentford,2025-26,0.0,2.5,"recency-weighted FPL points, decay 8**(-age/3)"
964,Enock,Mwepu,2.5,0.06,0.22,0.28,0.03,0.16,44.0,2,Mwepu,MID,Brighton,2022-23,0.58,2.5,"recency-weighted FPL points, decay 8**(-age/3)"
965,Max,Alleyne,2.5,0.0,0.0,0.0,0.16,0.0,67.5,2,Alleyne,DEF,Man City,2025-26,0.0,2.5,"recency-weighted FPL points, decay 8**(-age/3)"
966,André,Tavares Gomes,2.5,0.12,0.0,0.12,0.09,0.0,63.12,2,André Gomes,MID,Everton,2023-24,0.18,2.5,"recency-weighted FPL points, decay 8**(-age/3)"
967,Alfie,Gilchrist,2.5,0.12,0.0,0.12,0.05,0.0,25.0,3,Gilchrist,DEF,Chelsea,2024-25,0.45,2.5,"recency-weighted FPL points, decay 8**(-age/3)"
968,Mike,Trésor,2.5,0.0,0.0,0.0,0.11,0.0,51.25,1,M.Trésor,MID,Burnley,2023-24,0.0,2.5,"recency-weighted FPL points, decay 8**(-age/3)"
969,Alex Nicolao,Telles,2.48,0.0,0.16,0.16,0.0,0.23,62.58,2,Telles,DEF,Man Utd,2021-22,0.22,2.48,"recency-weighted FPL points, decay 8**(-age/3)"
970,Ryan,Bertrand,2.47,0.01,0.05,0.07,0.0,0.08,89.56,7,Bertrand,DEF,Leicester,2022-23,0.07,2.47,"recency-weighted FPL points, decay 8**(-age/3)"
971,Javier,Manquillo,2.47,0.03,0.12,0.15,0.0,0.05,73.75,6,Manquillo,DEF,Newcastle,2021-22,0.18,2.47,"recency-weighted FPL points, decay 8**(-age/3)"
972,Francisco,Femenía Far,2.46,0.01,0.17,0.18,0.0,0.07,95.76,4,Femenía,DEF,Watford,2021-22,0.17,2.46,"recency-weighted FPL points, decay 8**(-age/3)"
973,Mark,Noble,2.46,0.09,0.05,0.14,0.0,0.13,57.97,6,Noble,MID,West Ham,2021-22,0.22,2.46,"recency-weighted FPL points, decay 8**(-age/3)"
974,Sergio,Gómez,2.44,0.0,0.19,0.19,0.15,0.06,27.25,2,Sergio Gómez,DEF,Man City,2023-24,0.62,2.44,"recency-weighted FPL points, decay 8**(-age/3)"
975,Naouirou,Ahamada,2.44,0.0,0.0,0.0,0.08,0.0,46.94,4,Ahamada,MID,Crystal Palace,2025-26,0.0,2.44,"recency-weighted FPL points, decay 8**(-age/3)"
976,Felipe Augusto,de Almeida Monteiro,2.44,0.0,0.06,0.06,0.17,0.19,135.06,2,Felipe,DEF,Nott'm Forest,2023-24,0.04,2.44,"recency-weighted FPL points, decay 8**(-age/3)"
977,Héctor,Bellerín,2.42,0.03,0.08,0.11,0.0,0.35,56.06,6,Bellerín,DEF,Arsenal,2021-22,0.17,2.42,"recency-weighted FPL points, decay 8**(-age/3)"
978,Isaac,Hayden,2.42,0.04,0.05,0.09,0.0,0.14,88.86,8,Hayden,MID,Newcastle,2025-26,0.09,2.42,"recency-weighted FPL points, decay 8**(-age/3)"
979,Grant,Hanley,2.4,0.03,0.0,0.03,0.0,0.13,100.38,3,Hanley,DEF,Norwich,2021-22,0.03,2.4,"recency-weighted FPL points, decay 8**(-age/3)"
980,Matheus,Pereira,2.39,0.17,0.11,0.28,0.0,0.23,40.22,1,Pereira,MID,West Brom,2020-21,0.63,2.39,"recency-weighted FPL points, decay 8**(-age/3)"
981,Fernando,Marçal,2.39,0.0,0.09,0.09,0.0,0.16,54.91,2,Marçal,DEF,Wolves,2021-22,0.15,2.39,"recency-weighted FPL points, decay 8**(-age/3)"
982,Oliver,Arblaster,2.38,0.0,0.0,0.0,0.1,0.0,117.75,1,Arblaster,MID,Sheffield Utd,2023-24,0.0,2.38,"recency-weighted FPL points, decay 8**(-age/3)"
983,Ameen,Al-Dakhil,2.38,0.12,0.0,0.12,0.23,0.0,131.88,1,Al-Dakhil,DEF,Burnley,2023-24,0.09,2.38,"recency-weighted FPL points, decay 8**(-age/3)"
984,Federico,Fernández,2.38,0.02,0.07,0.08,0.0,0.24,82.62,7,Fernández,DEF,Newcastle,2022-23,0.09,2.38,"recency-weighted FPL points, decay 8**(-age/3)"
985,Bryan,Gil Salvatierra,2.34,0.0,0.06,0.06,0.12,0.0,36.81,5,Bryan,MID,Spurs,2025-26,0.15,2.34,"recency-weighted FPL points, decay 8**(-age/3)"
986,Sam,Greenwood,2.34,0.06,0.19,0.25,0.11,0.06,32.84,4,Greenwood,MID,Leeds,2025-26,0.69,2.34,"recency-weighted FPL points, decay 8**(-age/3)"
987,Mathew,Ryan,2.32,0.0,0.0,0.0,0.0,0.18,65.04,5,Ryan,GKP,Brighton,2021-22,0.0,2.32,"recency-weighted FPL points, decay 8**(-age/3)"
988,Lewis,Dobbin,2.31,0.12,0.0,0.12,0.06,0.0,29.19,4,Dobbin,MID,Aston Villa,2025-26,0.39,2.31,"recency-weighted FPL points, decay 8**(-age/3)"
989,Aaron,Lennon,2.3,0.07,0.04,0.11,0.0,0.04,60.91,5,Lennon,MID,Burnley,2021-22,0.16,2.3,"recency-weighted FPL points, decay 8**(-age/3)"
990,Ferran,Torres,2.3,0.17,0.09,0.27,0.0,0.12,29.73,2,Torres,MID,Man City,2021-22,0.8,2.3,"recency-weighted FPL points, decay 8**(-age/3)"
991,Salomón,Rondón,2.27,0.1,0.07,0.17,0.06,0.16,49.17,5,Rondón,FWD,Everton,2022-23,0.31,2.27,"recency-weighted FPL points, decay 8**(-age/3)"
992,John,Fleck,2.26,0.04,0.06,0.1,0.04,0.12,70.98,3,Fleck,MID,Sheffield Utd,2023-24,0.13,2.26,"recency-weighted FPL points, decay 8**(-age/3)"
993,Adam,Forshaw,2.26,0.0,0.03,0.03,0.04,0.0,79.88,4,Forshaw,MID,Leeds,2022-23,0.04,2.26,"recency-weighted FPL points, decay 8**(-age/3)"
994,Steve,Cook,2.26,0.02,0.01,0.02,0.05,0.1,98.33,6,Cook,DEF,Nott'm Forest,2023-24,0.02,2.26,"recency-weighted FPL points, decay 8**(-age/3)"
995,Diego,Da Silva Costa,2.25,0.08,0.01,0.09,0.24,0.21,80.2,3,Diego Costa,FWD,Wolves,2022-23,0.1,2.25,"recency-weighted FPL points, decay 8**(-age/3)"
996,Carlos Roberto,Forbs Borges,2.25,0.0,0.0,0.0,0.06,0.0,59.0,1,Forbs,MID,Wolves,2024-25,0.0,2.25,"recency-weighted FPL points, decay 8**(-age/3)"
997,Harry,Howell,2.25,0.0,0.0,0.0,0.03,0.0,47.5,2,Howell,MID,Brighton,2025-26,0.0,2.25,"recency-weighted FPL points, decay 8**(-age/3)"
998,David,Luiz Moreira Marinho,2.21,0.05,0.02,0.07,0.0,0.16,60.93,5,David Luiz,DEF,Arsenal,2020-21,0.1,2.21,"recency-weighted FPL points, decay 8**(-age/3)"
999,Milot,Rashica,2.19,0.03,0.06,0.09,0.0,0.0,69.62,1,Rashica,MID,Norwich,2021-22,0.12,2.19,"recency-weighted FPL points, decay 8**(-age/3)"
1000,Pierre,Lees-Melou,2.19,0.03,0.06,0.09,0.0,0.03,70.66,1,Lees-Melou,MID,Norwich,2021-22,0.12,2.19,"recency-weighted FPL points, decay 8**(-age/3)"
1001,Paul,Dummett,2.18,0.02,0.0,0.02,0.0,0.07,48.47,7,Dummett,DEF,Newcastle,2023-24,0.03,2.18,"recency-weighted FPL points, decay 8**(-age/3)"
1002,Ryan,Fredericks,2.13,0.02,0.04,0.06,0.02,0.07,72.91,6,Fredericks,DEF,Bournemouth,2023-24,0.07,2.13,"recency-weighted FPL points, decay 8**(-age/3)"
1003,Jeff,Hendrick,2.11,0.09,0.04,0.14,0.0,0.09,54.6,8,Hendrick,MID,Newcastle,2023-24,0.22,2.11,"recency-weighted FPL points, decay 8**(-age/3)"
1004,David,Silva,2.1,0.09,0.16,0.25,0.0,0.23,31.04,4,David Silva,MID,Man City,2019-20,0.72,2.1,"recency-weighted FPL points, decay 8**(-age/3)"
1005,Donny,van de Beek,2.09,0.08,0.03,0.11,0.02,0.03,35.55,4,Van de Beek,MID,Man Utd,2023-24,0.28,2.09,"recency-weighted FPL points, decay 8**(-age/3)"
1006,David,McGoldrick,2.07,0.14,0.03,0.17,0.0,0.23,51.5,2,McGoldrick,FWD,Sheffield Utd,2020-21,0.3,2.07,"recency-weighted FPL points, decay 8**(-age/3)"
1007,Fabio,Silva,2.06,0.06,0.08,0.14,0.0,0.08,38.69,3,Fabio Silva,FWD,Wolves,2022-23,0.33,2.06,"recency-weighted FPL points, decay 8**(-age/3)"
1008,Francisco,Machado Mota de Castro Trincão,2.06,0.06,0.03,0.09,0.0,0.06,41.5,1,Trincão,MID,Wolves,2021-22,0.2,2.06,"recency-weighted FPL points, decay 8**(-age/3)"
1009,John,Egan,2.05,0.02,0.02,0.04,0.02,0.13,126.21,3,Egan,DEF,Sheffield Utd,2023-24,0.03,2.05,"recency-weighted FPL points, decay 8**(-age/3)"
1010,Tom,Cleverley,2.02,0.01,0.07,0.08,0.0,0.03,65.23,5,Cleverley,MID,Watford,2021-22,0.11,2.02,"recency-weighted FPL points, decay 8**(-age/3)"
1011,Ali,Al-Hamadi,2.0,0.0,0.0,0.0,0.1,0.0,31.25,1,Al-Hamadi,FWD,Ipswich,2024-25,0.0,2.0,"recency-weighted FPL points, decay 8**(-age/3)"
1012,Altay,Bayindir,2.0,0.0,0.0,0.0,0.0,0.0,90.0,2,Bayindir,GKP,Man Utd,2024-25,0.0,2.0,"recency-weighted FPL points, decay 8**(-age/3)"
1013,Joe,Lumley,2.0,0.0,0.0,0.0,0.0,0.0,67.5,1,Lumley,GKP,Southampton,2024-25,0.0,2.0,"recency-weighted FPL points, decay 8**(-age/3)"
1014,Paris,Maghoma,2.0,0.0,0.0,0.0,0.04,0.0,28.0,3,Maghoma,MID,Brentford,2025-26,0.0,2.0,"recency-weighted FPL points, decay 8**(-age/3)"
1015,Romelle,Donovan,2.0,0.0,0.0,0.0,0.05,0.0,19.0,1,Donovan,MID,Brentford,2025-26,0.0,2.0,"recency-weighted FPL points, decay 8**(-age/3)"
1016,Sékou,Mara,2.0,0.06,0.13,0.19,0.08,0.0,33.63,2,Mara,FWD,Southampton,2024-25,0.5,2.0,"recency-weighted FPL points, decay 8**(-age/3)"
1017,Tawanda,Chirewa,2.0,0.0,0.0,0.0,0.03,0.0,29.75,3,Chirewa,MID,Wolves,2025-26,0.0,2.0,"recency-weighted FPL points, decay 8**(-age/3)"
1018,Enda,Stevens,1.98,0.02,0.05,0.06,0.0,0.09,68.32,2,Stevens,DEF,Sheffield Utd,2020-21,0.08,1.98,"recency-weighted FPL points, decay 8**(-age/3)"
1019,Juan Camilo,Hernández Suárez,1.94,0.16,0.06,0.22,0.0,0.25,35.56,1,Cucho,FWD,Watford,2021-22,0.55,1.94,"recency-weighted FPL points, decay 8**(-age/3)"
1020,Weston,McKennie,1.94,0.0,0.06,0.06,0.08,0.0,89.63,1,McKennie,MID,Leeds,2022-23,0.06,1.94,"recency-weighted FPL points, decay 8**(-age/3)"
1021,Benjamin,Mendy,1.93,0.03,0.06,0.09,0.0,0.21,33.16,5,Mendy,DEF,Man City,2021-22,0.24,1.93,"recency-weighted FPL points, decay 8**(-age/3)"
1022,Rhian,Brewster,1.91,0.0,0.0,0.0,0.05,0.0,59.64,4,Brewster,FWD,Sheffield Utd,2023-24,0.0,1.91,"recency-weighted FPL points, decay 8**(-age/3)"
1023,Sam,Byram,1.91,0.0,0.0,0.0,0.0,0.02,47.76,6,Byram,DEF,Leeds,2025-26,0.0,1.91,"recency-weighted FPL points, decay 8**(-age/3)"
1024,Maxime,Esteve,1.88,0.0,0.0,0.0,0.05,0.0,163.75,1,Estève,DEF,Burnley,2023-24,0.0,1.88,"recency-weighted FPL points, decay 8**(-age/3)"
1025,Mads Juel,Andersen,1.88,0.12,0.0,0.12,0.03,0.12,49.62,1,Andersen,DEF,Luton,2023-24,0.23,1.88,"recency-weighted FPL points, decay 8**(-age/3)"
1026,Facundo,Pellistri Rebollo,1.88,0.0,0.12,0.12,0.11,0.0,24.25,3,Pellistri,MID,Man Utd,2024-25,0.46,1.88,"recency-weighted FPL points, decay 8**(-age/3)"
1027,Angus,Gunn,1.88,0.0,0.0,0.0,0.0,0.13,59.06,6,Gunn,GKP,Nott'm Forest,2025-26,0.0,1.88,"recency-weighted FPL points, decay 8**(-age/3)"
1028,Junior,Firpo Adames,1.88,0.06,0.13,0.19,0.05,0.19,85.25,1,Firpo,DEF,Leeds,2022-23,0.2,1.88,"recency-weighted FPL points, decay 8**(-age/3)"
1029,Ivo,Grbic,1.88,0.0,0.0,0.0,0.0,0.0,96.38,1,Grbić,GKP,Sheffield Utd,2023-24,0.0,1.88,"recency-weighted FPL points, decay 8**(-age/3)"
1030,Joshua,Sargent,1.87,0.06,0.06,0.12,0.0,0.09,48.94,1,Sargent,FWD,Norwich,2021-22,0.23,1.87,"recency-weighted FPL points, decay 8**(-age/3)"
1031,André Filipe,Tavares Gomes,1.87,0.0,0.06,0.07,0.0,0.03,62.65,4,André Gomes,MID,Everton,2021-22,0.1,1.87,"recency-weighted FPL points, decay 8**(-age/3)"
1032,John,Lundstram,1.87,0.04,0.06,0.1,0.0,0.15,50.83,2,Lundstram,MID,Sheffield Utd,2020-21,0.18,1.87,"recency-weighted FPL points, decay 8**(-age/3)"
1033,Hamza,Choudhury,1.85,0.01,0.01,0.02,0.05,0.0,55.93,7,Choudhury,MID,Leicester,2024-25,0.03,1.85,"recency-weighted FPL points, decay 8**(-age/3)"
1034,Tyler,Roberts,1.83,0.05,0.06,0.11,0.0,0.03,51.28,3,Roberts,MID,Leeds,2022-23,0.19,1.83,"recency-weighted FPL points, decay 8**(-age/3)"
1035,Ciaran,Clark,1.83,0.05,0.03,0.08,0.0,0.11,77.18,6,Clark,DEF,Newcastle,2022-23,0.09,1.83,"recency-weighted FPL points, decay 8**(-age/3)"
1036,José Diogo,Dalot Teixeira,1.82,0.0,0.01,0.01,0.0,0.16,60.61,4,Dalot,DEF,Man Utd,2021-22,0.01,1.82,"recency-weighted FPL points, decay 8**(-age/3)"
1037,Lyanco,Silveira Neves Vojnovic,1.81,0.06,0.06,0.13,0.04,0.0,73.31,1,Lyanco,DEF,Southampton,2022-23,0.15,1.81,"recency-weighted FPL points, decay 8**(-age/3)"
1038,Andrew,Omobamidele,1.81,0.03,0.0,0.03,0.02,0.09,109.66,3,Omobamidele,DEF,Nott'm Forest,2024-25,0.03,1.81,"recency-weighted FPL points, decay 8**(-age/3)"
1039,Daniel,Iversen,1.81,0.0,0.0,0.0,0.0,0.13,67.5,2,Iversen,GKP,Leicester,2024-25,0.0,1.81,"recency-weighted FPL points, decay 8**(-age/3)"
1040,Ben,Gibson,1.8,0.0,0.0,0.01,0.0,0.01,81.52,5,Gibson,DEF,Norwich,2021-22,0.01,1.8,"recency-weighted FPL points, decay 8**(-age/3)"
1041,Max,Lowe,1.77,0.0,0.12,0.12,0.08,0.0,70.83,2,Lowe,DEF,Sheffield Utd,2023-24,0.16,1.77,"recency-weighted FPL points, decay 8**(-age/3)"
1042,Gareth,Bale,1.77,0.17,0.05,0.22,0.0,0.25,14.25,1,Bale,MID,Spurs,2020-21,1.38,1.77,"recency-weighted FPL points, decay 8**(-age/3)"
1043,Renato,Palma Veiga,1.75,0.0,0.0,0.0,0.08,0.0,44.0,1,Renato Veiga,MID,Chelsea,2024-25,0.0,1.75,"recency-weighted FPL points, decay 8**(-age/3)"
1044,Anis,Slimane,1.75,0.0,0.0,0.0,0.14,0.0,51.12,1,Slimane,MID,Sheffield Utd,2023-24,0.0,1.75,"recency-weighted FPL points, decay 8**(-age/3)"
1045,Jeremy,Monga,1.75,0.0,0.0,0.0,0.05,0.0,26.25,1,Monga,MID,Leicester,2024-25,0.0,1.75,"recency-weighted FPL points, decay 8**(-age/3)"
1046,Duje,Caleta-Car,1.75,0.06,0.0,0.06,0.06,0.13,58.88,1,Caleta-Car,DEF,Southampton,2022-23,0.1,1.75,"recency-weighted FPL points, decay 8**(-age/3)"
1047,Matías,Viña,1.75,0.13,0.0,0.13,0.06,0.0,28.25,1,Viña,DEF,Bournemouth,2022-23,0.4,1.75,"recency-weighted FPL points, decay 8**(-age/3)"
1048,Chido,Obi-Martin,1.75,0.0,0.0,0.0,0.17,0.0,40.0,1,Obi,FWD,Man Utd,2024-25,0.0,1.75,"recency-weighted FPL points, decay 8**(-age/3)"
1049,Mahmoud,Dahoud,1.75,0.0,0.12,0.12,0.1,0.0,56.12,2,Dahoud,MID,Brighton,2024-25,0.2,1.75,"recency-weighted FPL points, decay 8**(-age/3)"
1050,Radu,Dragusin,1.75,0.0,0.0,0.0,0.02,0.0,53.0,1,Drăgușin,DEF,Spurs,2023-24,0.0,1.75,"recency-weighted FPL points, decay 8**(-age/3)"
1051,Olivier,Giroud,1.74,0.16,0.03,0.19,0.0,0.18,25.61,6,Giroud,FWD,Chelsea,2021-22,0.66,1.74,"recency-weighted FPL points, decay 8**(-age/3)"
1052,Ezgjan,Alioski,1.72,0.03,0.05,0.08,0.0,0.11,38.38,1,Alioski,DEF,Leeds,2020-21,0.18,1.72,"recency-weighted FPL points, decay 8**(-age/3)"
1053,Takumi,Minamino,1.71,0.14,0.0,0.14,0.0,0.09,23.05,3,Minamino,MID,Liverpool,2021-22,0.55,1.71,"recency-weighted FPL points, decay 8**(-age/3)"
1054,Gary,Cahill,1.7,0.02,0.02,0.04,0.0,0.14,52.43,5,Cahill,DEF,Crystal Palace,2020-21,0.08,1.7,"recency-weighted FPL points, decay 8**(-age/3)"
1055,Andriy,Yarmolenko,1.7,0.08,0.03,0.11,0.0,0.09,24.57,4,Yarmolenko,MID,West Ham,2021-22,0.39,1.7,"recency-weighted FPL points, decay 8**(-age/3)"
1056,Mateus,Cardoso Lemos Martins,1.69,0.06,0.0,0.06,0.12,0.06,45.75,1,Tetê,MID,Leicester,2022-23,0.12,1.69,"recency-weighted FPL points, decay 8**(-age/3)"
1057,Juraj,Kucka,1.69,0.03,0.06,0.09,0.0,0.06,59.91,1,Kucka,MID,Watford,2021-22,0.14,1.69,"recency-weighted FPL points, decay 8**(-age/3)"
1058,Samuel,Edozie,1.69,0.0,0.0,0.0,0.12,0.0,50.63,3,Edozie,MID,Southampton,2024-25,0.0,1.69,"recency-weighted FPL points, decay 8**(-age/3)"
1059,Juan,Mata,1.68,0.04,0.09,0.13,0.0,0.12,31.29,6,Mata,MID,Man Utd,2021-22,0.37,1.68,"recency-weighted FPL points, decay 8**(-age/3)"
1060,Shane,Long,1.68,0.07,0.04,0.11,0.0,0.05,32.56,6,Long,FWD,Southampton,2021-22,0.3,1.68,"recency-weighted FPL points, decay 8**(-age/3)"
1061,Mahmoud Ahmed,Ibrahim Hassan,1.67,0.08,0.03,0.11,0.0,0.1,33.52,3,Trézéguet,MID,Aston Villa,2021-22,0.29,1.67,"recency-weighted FPL points, decay 8**(-age/3)"
1062,Sam,Surridge,1.66,0.06,0.0,0.06,0.11,0.19,19.36,5,Surridge,FWD,Nott'm Forest,2023-24,0.29,1.66,"recency-weighted FPL points, decay 8**(-age/3)"
1063,Troy,Deeney,1.64,0.13,0.04,0.18,0.0,0.2,34.48,5,Deeney,FWD,Watford,2021-22,0.46,1.64,"recency-weighted FPL points, decay 8**(-age/3)"
1064,Mohamed Naser,El Sayed Elneny,1.62,0.02,0.06,0.08,0.0,0.05,49.06,2,Elneny,MID,Arsenal,2021-22,0.14,1.62,"recency-weighted FPL points, decay 8**(-age/3)"
1065,Mathias,Normann,1.62,0.03,0.06,0.09,0.0,0.09,51.34,1,Normann,MID,Norwich,2021-22,0.16,1.62,"recency-weighted FPL points, decay 8**(-age/3)"
1066,Giovanni,Reyna,1.62,0.0,0.12,0.12,0.09,0.0,28.5,1,Reyna,MID,Nott'm Forest,2023-24,0.39,1.62,"recency-weighted FPL points, decay 8**(-age/3)"
1067,Brandon,Williams,1.6,0.01,0.04,0.05,0.0,0.15,76.98,5,B.Williams,DEF,Man Utd,2023-24,0.05,1.6,"recency-weighted FPL points, decay 8**(-age/3)"
1068,James,Rodríguez,1.58,0.09,0.08,0.17,0.0,0.17,27.55,2,James,MID,Everton,2021-22,0.56,1.58,"recency-weighted FPL points, decay 8**(-age/3)"
1069,Marcel,Sabitzer,1.56,0.0,0.06,0.06,0.12,0.0,38.88,1,Sabitzer,MID,Man Utd,2022-23,0.14,1.56,"recency-weighted FPL points, decay 8**(-age/3)"
1070,Maximilian,Wöber,1.56,0.0,0.0,0.0,0.07,0.13,79.0,1,Wöber,DEF,Leeds,2022-23,0.0,1.56,"recency-weighted FPL points, decay 8**(-age/3)"
1071,Christian,Kabasele,1.53,0.01,0.02,0.02,0.0,0.04,66.25,5,Kabasele,DEF,Watford,2021-22,0.03,1.53,"recency-weighted FPL points, decay 8**(-age/3)"
1072,Japhet,Tanganga,1.51,0.0,0.0,0.0,0.0,0.0,43.74,5,Tanganga,DEF,Spurs,2023-24,0.0,1.51,"recency-weighted FPL points, decay 8**(-age/3)"
1073,Jamal,Lewis,1.5,0.01,0.02,0.02,0.0,0.07,55.34,6,Lewis,DEF,Newcastle,2024-25,0.04,1.5,"recency-weighted FPL points, decay 8**(-age/3)"
1074,Ben,Winterburn,1.5,0.0,0.0,0.0,0.0,0.0,8.5,2,Winterburn,MID,Bournemouth,2025-26,0.0,1.5,"recency-weighted FPL points, decay 8**(-age/3)"
1075,Albert,Grønbæk,1.5,0.0,0.0,0.0,0.03,0.0,35.25,1,Grønbæk,MID,Southampton,2024-25,0.0,1.5,"recency-weighted FPL points, decay 8**(-age/3)"
1076,Toby,Collyer,1.5,0.0,0.0,0.0,0.11,0.0,43.5,3,Collyer,MID,Man Utd,2025-26,0.0,1.5,"recency-weighted FPL points, decay 8**(-age/3)"
1077,Alysson Edward Franco,da Rocha dos Santos,1.5,0.0,0.0,0.0,0.05,0.0,23.5,1,Alysson,MID,Aston Villa,2025-26,0.0,1.5,"recency-weighted FPL points, decay 8**(-age/3)"
1078,Stefan,Bajcetic,1.5,0.06,0.0,0.06,0.08,0.0,35.75,2,Bajcetic,MID,Liverpool,2023-24,0.16,1.5,"recency-weighted FPL points, decay 8**(-age/3)"
1079,Shea,Lacey,1.5,0.0,0.0,0.0,0.06,0.0,20.0,1,Lacey,MID,Man Utd,2025-26,0.0,1.5,"recency-weighted FPL points, decay 8**(-age/3)"
1080,Julio,Soler Barreto,1.5,0.0,0.0,0.0,0.0,0.0,17.0,1,Soler,DEF,Bournemouth,2025-26,0.0,1.5,"recency-weighted FPL points, decay 8**(-age/3)"
1081,Jack,Fletcher,1.5,0.0,0.0,0.0,0.02,0.0,53.5,2,J.Fletcher,MID,Man Utd,2025-26,0.0,1.5,"recency-weighted FPL points, decay 8**(-age/3)"
1082,George,Earthy,1.5,0.12,0.0,0.12,0.05,0.0,8.12,3,Earthy,MID,West Ham,2025-26,1.38,1.5,"recency-weighted FPL points, decay 8**(-age/3)"
1083,Dan,Neil,1.5,0.0,0.0,0.0,0.0,0.0,6.5,1,Neil,MID,Sunderland,2025-26,0.0,1.5,"recency-weighted FPL points, decay 8**(-age/3)"
1084,João Victor,de Souza Menezes,1.5,0.0,0.0,0.0,0.02,0.0,71.0,1,Souza,DEF,Spurs,2025-26,0.0,1.5,"recency-weighted FPL points, decay 8**(-age/3)"
1085,Zach,Abbott,1.5,0.0,0.0,0.0,0.0,0.0,82.5,2,Abbott,DEF,Nott'm Forest,2025-26,0.0,1.5,"recency-weighted FPL points, decay 8**(-age/3)"
1086,Odysseas,Vlachodimos,1.5,0.0,0.0,0.0,0.0,0.0,56.25,3,Odysseas,GKP,Newcastle,2025-26,0.0,1.5,"recency-weighted FPL points, decay 8**(-age/3)"
1087,Mamadou,Sarr,1.5,0.0,0.0,0.0,0.18,0.0,50.0,1,M.Sarr,DEF,Chelsea,2025-26,0.0,1.5,"recency-weighted FPL points, decay 8**(-age/3)"
1088,Callum,Robinson,1.49,0.09,0.06,0.15,0.0,0.13,29.48,2,Callum Robinson,FWD,West Brom,2020-21,0.45,1.49,"recency-weighted FPL points, decay 8**(-age/3)"
1089,Eden,Hazard,1.49,0.1,0.08,0.18,0.0,0.22,19.03,3,Hazard,MID,Chelsea,2018-19,0.85,1.49,"recency-weighted FPL points, decay 8**(-age/3)"
1090,Nathan,Tella,1.48,0.02,0.09,0.11,0.0,0.03,36.56,4,Tella,MID,Southampton,2022-23,0.27,1.48,"recency-weighted FPL points, decay 8**(-age/3)"
1091,Sébastien,Haller,1.44,0.1,0.02,0.12,0.0,0.15,32.21,2,Haller,FWD,West Ham,2020-21,0.35,1.44,"recency-weighted FPL points, decay 8**(-age/3)"
1092,Thiago,Thiago,1.44,0.03,0.0,0.03,0.0,0.16,30.23,1,Thiago Silva,DEF,Chelsea,2020-21,0.09,1.44,"recency-weighted FPL points, decay 8**(-age/3)"
1093,Daniel,Ceballos Fernández,1.41,0.0,0.08,0.08,0.0,0.13,38.32,2,Ceballos,MID,Arsenal,2020-21,0.18,1.41,"recency-weighted FPL points, decay 8**(-age/3)"
1094,Adam,Masina,1.4,0.01,0.04,0.04,0.0,0.1,51.69,3,Masina,DEF,Watford,2021-22,0.07,1.4,"recency-weighted FPL points, decay 8**(-age/3)"
1095,Kortney,Hause,1.39,0.05,0.0,0.05,0.0,0.14,34.31,7,Hause,DEF,Aston Villa,2024-25,0.14,1.39,"recency-weighted FPL points, decay 8**(-age/3)"
1096,Fred,Onyedinma,1.38,0.0,0.0,0.0,0.07,0.0,50.38,1,Onyedinma,MID,Luton,2023-24,0.0,1.38,"recency-weighted FPL points, decay 8**(-age/3)"
1097,Lewis,O'Brien,1.38,0.06,0.0,0.06,0.03,0.0,36.13,4,O'Brien,MID,Nott'm Forest,2025-26,0.16,1.38,"recency-weighted FPL points, decay 8**(-age/3)"
1098,Alejo,Véliz,1.38,0.12,0.0,0.12,0.05,0.0,5.62,2,Veliz,FWD,Spurs,2024-25,2.0,1.38,"recency-weighted FPL points, decay 8**(-age/3)"
1099,Bobby,Decordova-Reid,1.38,0.08,0.05,0.12,0.0,0.09,36.98,1,Decordova-Reid,FWD,Fulham,2020-21,0.3,1.38,"recency-weighted FPL points, decay 8**(-age/3)"
1100,Ryan,Giles,1.38,0.0,0.0,0.0,0.08,0.0,62.25,3,Giles,DEF,Luton,2023-24,0.0,1.38,"recency-weighted FPL points, decay 8**(-age/3)"
1101,Bénie,Traoré,1.38,0.0,0.0,0.0,0.09,0.0,47.88,1,T.Bénie,FWD,Sheffield Utd,2023-24,0.0,1.38,"recency-weighted FPL points, decay 8**(-age/3)"
1102,Cesare,Casadei,1.38,0.0,0.0,0.0,0.01,0.0,8.88,2,Casadei,MID,Chelsea,2024-25,0.0,1.38,"recency-weighted FPL points, decay 8**(-age/3)"
1103,Robert,Snodgrass,1.36,0.05,0.06,0.12,0.0,0.11,31.14,5,Snodgrass,MID,West Brom,2020-21,0.34,1.36,"recency-weighted FPL points, decay 8**(-age/3)"
1104,Matt,Phillips,1.35,0.04,0.03,0.07,0.0,0.06,34.57,3,Phillips,MID,West Brom,2020-21,0.18,1.35,"recency-weighted FPL points, decay 8**(-age/3)"
1105,Dwight,Gayle,1.34,0.06,0.04,0.1,0.0,0.14,19.27,6,Gayle,FWD,Newcastle,2022-23,0.45,1.34,"recency-weighted FPL points, decay 8**(-age/3)"
1106,Erik,Lamela,1.34,0.05,0.08,0.13,0.0,0.04,26.3,6,Lamela,MID,Spurs,2021-22,0.45,1.34,"recency-weighted FPL points, decay 8**(-age/3)"
1107,André-Frank,Zambo Anguissa,1.33,0.0,0.05,0.05,0.0,0.06,46.23,2,Anguissa,MID,Fulham,2020-21,0.09,1.33,"recency-weighted FPL points, decay 8**(-age/3)"
1108,Ivan Ricardo,Neves Abreu Cavaleiro,1.33,0.05,0.0,0.05,0.0,0.06,38.52,1,Cavaleiro,MID,Fulham,2020-21,0.11,1.33,"recency-weighted FPL points, decay 8**(-age/3)"
1109,Nicolás,Otamendi,1.32,0.02,0.01,0.03,0.0,0.12,26.5,5,Otamendi,DEF,Man City,2020-21,0.12,1.32,"recency-weighted FPL points, decay 8**(-age/3)"
1110,Kieran,Dowell,1.28,0.03,0.03,0.06,0.0,0.03,28.28,2,Dowell,MID,Norwich,2021-22,0.2,1.28,"recency-weighted FPL points, decay 8**(-age/3)"
1111,Gerard,Deulofeu,1.27,0.07,0.06,0.13,0.0,0.12,25.74,4,Deulofeu,FWD,Watford,2019-20,0.46,1.27,"recency-weighted FPL points, decay 8**(-age/3)"
1112,Jeremy,Sarmiento Morante,1.25,0.0,0.13,0.13,0.04,0.0,12.5,4,Sarmiento,MID,Brighton,2025-26,0.9,1.25,"recency-weighted FPL points, decay 8**(-age/3)"
1113,Nathaniel,Phillips,1.25,0.02,0.02,0.03,0.0,0.02,26.8,6,N.Phillips,DEF,Liverpool,2024-25,0.1,1.25,"recency-weighted FPL points, decay 8**(-age/3)"
1114,Kosta,Nedeljković,1.25,0.0,0.0,0.0,0.0,0.0,30.25,1,Nedeljkovic,DEF,Aston Villa,2024-25,0.0,1.25,"recency-weighted FPL points, decay 8**(-age/3)"
1115,Alex,Murphy,1.25,0.0,0.0,0.0,0.0,0.0,4.88,3,A.Murphy,DEF,Newcastle,2025-26,0.0,1.25,"recency-weighted FPL points, decay 8**(-age/3)"
1116,Jay,Robinson,1.25,0.0,0.0,0.0,0.15,0.0,33.5,1,Jay Robinson,FWD,Southampton,2024-25,0.0,1.25,"recency-weighted FPL points, decay 8**(-age/3)"
1117,Yasser,Larouci,1.25,0.0,0.0,0.0,0.04,0.0,65.88,1,Larouci,DEF,Sheffield Utd,2023-24,0.0,1.25,"recency-weighted FPL points, decay 8**(-age/3)"
1118,Xherdan,Shaqiri,1.25,0.05,0.07,0.12,0.0,0.08,21.68,6,Shaqiri,MID,Liverpool,2021-22,0.5,1.25,"recency-weighted FPL points, decay 8**(-age/3)"
1119,Harry,Souttar,1.25,0.0,0.06,0.06,0.1,0.0,61.94,3,Souttar,DEF,Leicester,2024-25,0.09,1.25,"recency-weighted FPL points, decay 8**(-age/3)"
1120,Kyle,Bartley,1.24,0.05,0.02,0.06,0.0,0.05,40.81,2,Bartley,DEF,West Brom,2020-21,0.14,1.24,"recency-weighted FPL points, decay 8**(-age/3)"
1121,Darnell,Furlong,1.23,0.02,0.05,0.06,0.0,0.03,45.8,1,Furlong,DEF,West Brom,2020-21,0.12,1.23,"recency-weighted FPL points, decay 8**(-age/3)"
1122,Jack,Butland,1.23,0.0,0.0,0.0,0.0,0.13,31.9,5,Butland,GKP,Man Utd,2022-23,0.0,1.23,"recency-weighted FPL points, decay 8**(-age/3)"
1123,Mohamed,Elneny,1.23,0.0,0.13,0.13,0.01,0.0,13.9,6,M.Elneny,MID,Arsenal,2023-24,0.83,1.23,"recency-weighted FPL points, decay 8**(-age/3)"
1124,Adam,Idah,1.23,0.03,0.06,0.09,0.0,0.09,20.99,2,Idah,FWD,Norwich,2021-22,0.4,1.23,"recency-weighted FPL points, decay 8**(-age/3)"
1125,Aaron,Connolly,1.23,0.05,0.04,0.09,0.0,0.07,26.81,4,Connolly,FWD,Brighton,2023-24,0.31,1.23,"recency-weighted FPL points, decay 8**(-age/3)"
1126,Bernard,Anício Caldeira Duarte,1.23,0.04,0.03,0.07,0.0,0.08,25.13,4,Bernard,MID,Everton,2021-22,0.27,1.23,"recency-weighted FPL points, decay 8**(-age/3)"
1127,Dimitris,Giannoulis,1.22,0.0,0.03,0.03,0.0,0.06,36.41,1,Giannoulis,DEF,Norwich,2021-22,0.08,1.22,"recency-weighted FPL points, decay 8**(-age/3)"
1128,Wayne,Hennessey,1.22,0.0,0.0,0.0,0.0,0.05,38.12,9,Hennessey,GKP,Nott'm Forest,2024-25,0.0,1.22,"recency-weighted FPL points, decay 8**(-age/3)"
1129,Scott,Dann,1.22,0.02,0.03,0.05,0.0,0.04,38.06,5,Dann,DEF,Crystal Palace,2020-21,0.12,1.22,"recency-weighted FPL points, decay 8**(-age/3)"
1130,Steven,Alzate,1.21,0.02,0.0,0.02,0.0,0.05,35.7,5,Alzate,MID,Brighton,2023-24,0.04,1.21,"recency-weighted FPL points, decay 8**(-age/3)"
1131,Davy,Pröpper,1.2,0.01,0.03,0.04,0.0,0.03,41.38,5,Pröpper,MID,Brighton,2021-22,0.08,1.2,"recency-weighted FPL points, decay 8**(-age/3)"
1132,Hassane,Kamara,1.19,0.03,0.0,0.03,0.0,0.09,50.69,1,Kamara,DEF,Watford,2021-22,0.06,1.19,"recency-weighted FPL points, decay 8**(-age/3)"
1133,Todd,Cantwell,1.18,0.05,0.02,0.06,0.0,0.08,33.09,2,Cantwell,MID,Norwich,2021-22,0.17,1.18,"recency-weighted FPL points, decay 8**(-age/3)"
1134,Dale,Stephens,1.17,0.0,0.02,0.02,0.0,0.03,43.62,5,Stephens,MID,Burnley,2021-22,0.04,1.17,"recency-weighted FPL points, decay 8**(-age/3)"
1135,Robbie,Brady,1.16,0.03,0.05,0.07,0.0,0.06,25.82,5,Brady,MID,Burnley,2020-21,0.25,1.16,"recency-weighted FPL points, decay 8**(-age/3)"
1136,Fabián,Balbuena,1.16,0.03,0.0,0.03,0.0,0.04,35.75,3,Balbuena,DEF,West Ham,2020-21,0.07,1.16,"recency-weighted FPL points, decay 8**(-age/3)"
1137,Felipe Anderson,Pereira Gomes,1.15,0.04,0.05,0.1,0.0,0.08,23.59,3,Felipe Anderson,MID,West Ham,2020-21,0.37,1.15,"recency-weighted FPL points, decay 8**(-age/3)"
1138,Roberto,Pereyra,1.15,0.06,0.02,0.08,0.0,0.06,27.98,4,Pereyra,MID,Watford,2019-20,0.27,1.15,"recency-weighted FPL points, decay 8**(-age/3)"
1139,Dan,Gosling,1.14,0.07,0.02,0.09,0.0,0.02,26.82,5,Gosling,MID,Watford,2021-22,0.29,1.14,"recency-weighted FPL points, decay 8**(-age/3)"
1140,Etienne,Capoue,1.14,0.01,0.05,0.06,0.0,0.1,38.15,4,Capoue,MID,Watford,2019-20,0.14,1.14,"recency-weighted FPL points, decay 8**(-age/3)"
1141,Michy,Batshuayi,1.14,0.07,0.05,0.12,0.0,0.07,16.81,6,Batshuayi,FWD,Chelsea,2021-22,0.65,1.14,"recency-weighted FPL points, decay 8**(-age/3)"
1142,Aaron,Mooy,1.14,0.04,0.03,0.06,0.0,0.11,31.32,4,Mooy,MID,Brighton,2020-21,0.17,1.14,"recency-weighted FPL points, decay 8**(-age/3)"
1143,Mesut,Özil,1.14,0.04,0.06,0.11,0.0,0.08,25.0,5,Özil,MID,Arsenal,2020-21,0.38,1.14,"recency-weighted FPL points, decay 8**(-age/3)"
1144,Jan,Vertonghen,1.14,0.01,0.01,0.02,0.0,0.1,29.39,4,Vertonghen,DEF,Spurs,2019-20,0.07,1.14,"recency-weighted FPL points, decay 8**(-age/3)"
1145,Ellis,Simms,1.13,0.06,0.0,0.06,0.06,0.0,15.59,5,Simms,FWD,Everton,2023-24,0.36,1.13,"recency-weighted FPL points, decay 8**(-age/3)"
1146,Samir,Caetano de Souza Santos,1.12,0.0,0.0,0.0,0.0,0.0,52.31,1,Samir,DEF,Watford,2021-22,0.0,1.12,"recency-weighted FPL points, decay 8**(-age/3)"
1147,Jesurun,Rak-Sakyi,1.12,0.0,0.0,0.0,0.07,0.0,18.97,6,J.Rak-Sakyi,MID,Crystal Palace,2025-26,0.0,1.12,"recency-weighted FPL points, decay 8**(-age/3)"
1148,Fabian,Delph,1.11,0.0,0.01,0.01,0.0,0.02,40.4,6,Delph,MID,Everton,2021-22,0.02,1.11,"recency-weighted FPL points, decay 8**(-age/3)"
1149,Leroy,Sané,1.07,0.06,0.08,0.15,0.0,0.09,13.8,4,Sané,MID,Man City,2019-20,0.96,1.07,"recency-weighted FPL points, decay 8**(-age/3)"
1150,David,Ozoh,1.06,0.0,0.0,0.0,0.0,0.0,18.56,4,Ozoh,MID,Crystal Palace,2025-26,0.0,1.06,"recency-weighted FPL points, decay 8**(-age/3)"
1151,Divin,Mubama,1.06,0.0,0.0,0.0,0.03,0.0,18.38,3,Mubama,FWD,Man City,2024-25,0.0,1.06,"recency-weighted FPL points, decay 8**(-age/3)"
1152,Billy,Sharp,1.05,0.07,0.02,0.09,0.0,0.16,19.43,2,Sharp,FWD,Sheffield Utd,2020-21,0.4,1.05,"recency-weighted FPL points, decay 8**(-age/3)"
1153,Lys,Mousset,1.05,0.05,0.03,0.09,0.0,0.09,16.8,5,Mousset,FWD,Sheffield Utd,2020-21,0.47,1.05,"recency-weighted FPL points, decay 8**(-age/3)"
1154,Junior,Stanislas,1.05,0.05,0.03,0.08,0.01,0.05,17.07,5,Stanislas,MID,Bournemouth,2022-23,0.42,1.05,"recency-weighted FPL points, decay 8**(-age/3)"
1155,Danny,Rose,1.05,0.0,0.02,0.02,0.0,0.03,45.25,6,Rose,DEF,Watford,2021-22,0.05,1.05,"recency-weighted FPL points, decay 8**(-age/3)"
1156,Hélder Wander,Sousa de Azevedo e Costa,1.02,0.05,0.06,0.11,0.0,0.03,18.62,2,Costa,MID,Leeds,2021-22,0.53,1.02,"recency-weighted FPL points, decay 8**(-age/3)"
1157,Jake,Evans,1.0,0.0,0.0,0.0,0.0,0.0,5.25,1,Jake Evans,MID,Leicester,2024-25,0.0,1.0,"recency-weighted FPL points, decay 8**(-age/3)"
1158,Pedro,Rodríguez Ledesma,1.0,0.06,0.04,0.09,0.0,0.08,17.1,4,Pedro,MID,Chelsea,2019-20,0.49,1.0,"recency-weighted FPL points, decay 8**(-age/3)"
1159,Jenson,Seelt,1.0,0.0,0.0,0.0,0.0,0.0,66.5,1,Seelt,DEF,Sunderland,2025-26,0.0,1.0,"recency-weighted FPL points, decay 8**(-age/3)"
1160,Rio,Cardines,1.0,0.0,0.0,0.0,0.09,0.0,45.0,1,Cardines,MID,Crystal Palace,2025-26,0.0,1.0,"recency-weighted FPL points, decay 8**(-age/3)"
1161,Joél,Drakes-Thomas,1.0,0.0,0.0,0.0,0.0,0.0,3.5,1,Drakes-Thomas,MID,Crystal Palace,2025-26,0.0,1.0,"recency-weighted FPL points, decay 8**(-age/3)"
1162,Cédric,Alves Soares,1.0,0.0,0.0,0.0,0.02,0.0,21.31,2,Cédric,DEF,Arsenal,2023-24,0.0,1.0,"recency-weighted FPL points, decay 8**(-age/3)"
1163,Michael,Olakigbe,1.0,0.0,0.0,0.0,0.02,0.0,6.38,2,Olakigbe,MID,Brentford,2023-24,0.0,1.0,"recency-weighted FPL points, decay 8**(-age/3)"
1164,Glenn,Murray,1.0,0.08,0.01,0.09,0.0,0.09,20.17,4,Murray,FWD,Brighton,2020-21,0.42,1.0,"recency-weighted FPL points, decay 8**(-age/3)"
1165,Callum,Marshall,1.0,0.0,0.0,0.0,0.06,0.0,29.0,2,Marshall,FWD,West Ham,2025-26,0.0,1.0,"recency-weighted FPL points, decay 8**(-age/3)"
1166,Nasser,Djiga,1.0,0.0,0.0,0.0,0.0,0.0,16.25,1,Djiga,DEF,Wolves,2024-25,0.0,1.0,"recency-weighted FPL points, decay 8**(-age/3)"
1167,Fábio,Silva,1.0,0.0,0.0,0.0,0.15,0.0,32.38,2,Fábio Silva,FWD,Wolves,2024-25,0.0,1.0,"recency-weighted FPL points, decay 8**(-age/3)"
1168,Shkodran,Mustafi,1.0,0.02,0.02,0.04,0.0,0.07,26.97,5,Mustafi,DEF,Arsenal,2020-21,0.12,1.0,"recency-weighted FPL points, decay 8**(-age/3)"
1169,Tyler,Fredricson,1.0,0.0,0.0,0.0,0.0,0.0,42.5,2,Fredricson,DEF,Man Utd,2025-26,0.0,1.0,"recency-weighted FPL points, decay 8**(-age/3)"
1170,Manuel Benson,Hedilazio,1.0,0.0,0.0,0.0,0.03,0.0,13.75,1,Benson,MID,Burnley,2023-24,0.0,1.0,"recency-weighted FPL points, decay 8**(-age/3)"
1171,Kepa,Arrizabalaga Revuelta,1.0,0.0,0.0,0.0,0.0,0.0,45.0,1,Arrizabalaga,GKP,Arsenal,2025-26,0.0,1.0,"recency-weighted FPL points, decay 8**(-age/3)"
1172,George,Hemmings,1.0,0.0,0.0,0.0,0.02,0.0,12.5,1,George Hemmings,MID,Aston Villa,2025-26,0.0,1.0,"recency-weighted FPL points, decay 8**(-age/3)"
1173,Tyler,Fletcher,1.0,0.0,0.0,0.0,0.0,0.0,8.5,1,Fletcher,MID,Man Utd,2025-26,0.0,1.0,"recency-weighted FPL points, decay 8**(-age/3)"
1174,Harry,Amass,1.0,0.0,0.0,0.0,0.04,0.0,86.25,3,Amass,DEF,Man Utd,2025-26,0.0,1.0,"recency-weighted FPL points, decay 8**(-age/3)"
1175,Divine,Mukasa,1.0,0.0,0.0,0.0,0.1,0.0,12.5,1,Mukasa,MID,Man City,2025-26,0.0,1.0,"recency-weighted FPL points, decay 8**(-age/3)"
1176,Sead,Kolasinac,0.99,0.0,0.05,0.05,0.0,0.06,29.04,5,Kolasinac,DEF,Arsenal,2021-22,0.17,0.99,"recency-weighted FPL points, decay 8**(-age/3)"
1177,Asmir,Begović,0.97,0.0,0.0,0.0,0.0,0.22,14.06,2,Begović,GKP,Everton,2022-23,0.0,0.97,"recency-weighted FPL points, decay 8**(-age/3)"
1178,Álvaro,Fernández,0.97,0.0,0.0,0.0,0.0,0.06,33.75,2,Fernández,GKP,Brentford,2021-22,0.0,0.97,"recency-weighted FPL points, decay 8**(-age/3)"
1179,Imrân,Louza,0.97,0.0,0.0,0.0,0.0,0.0,44.22,1,Louza,MID,Watford,2021-22,0.0,0.97,"recency-weighted FPL points, decay 8**(-age/3)"
1180,Ozan,Kabak,0.97,0.0,0.0,0.0,0.0,0.02,41.36,2,Kabak,DEF,Norwich,2021-22,0.0,0.97,"recency-weighted FPL points, decay 8**(-age/3)"
1181,Nikola,Vlasic,0.97,0.03,0.0,0.03,0.0,0.0,18.27,4,Vlasic,MID,West Ham,2022-23,0.15,0.97,"recency-weighted FPL points, decay 8**(-age/3)"
1182,Ken,Sema,0.96,0.0,0.01,0.01,0.0,0.0,29.29,3,Sema,MID,Watford,2021-22,0.04,0.96,"recency-weighted FPL points, decay 8**(-age/3)"
1183,Conor,Hourihane,0.96,0.04,0.05,0.09,0.0,0.12,15.44,3,Hourihane,MID,Aston Villa,2021-22,0.55,0.96,"recency-weighted FPL points, decay 8**(-age/3)"
1184,Mads,Bech Sørensen,0.94,0.0,0.0,0.0,0.0,0.03,27.16,3,Bech,DEF,Brentford,2023-24,0.0,0.94,"recency-weighted FPL points, decay 8**(-age/3)"
1185,Arnaut,Danjuma,0.94,0.06,0.0,0.06,0.06,0.0,10.13,1,Danjuma,MID,Spurs,2022-23,0.56,0.94,"recency-weighted FPL points, decay 8**(-age/3)"
1186,Sasa,Lukic,0.94,0.0,0.0,0.0,0.02,0.0,25.38,1,Lukic,MID,Fulham,2022-23,0.0,0.94,"recency-weighted FPL points, decay 8**(-age/3)"
1187,Jeremy,Ngakia,0.94,0.0,0.0,0.0,0.0,0.06,31.44,2,Ngakia,DEF,Watford,2021-22,0.0,0.94,"recency-weighted FPL points, decay 8**(-age/3)"
1188,Malang,Sarr,0.94,0.0,0.0,0.0,0.0,0.12,17.0,4,M.Sarr,DEF,Chelsea,2024-25,0.0,0.94,"recency-weighted FPL points, decay 8**(-age/3)"
1189,André,Ayew,0.92,0.01,0.01,0.02,0.07,0.01,24.11,3,A.Ayew,MID,Nott'm Forest,2022-23,0.09,0.92,"recency-weighted FPL points, decay 8**(-age/3)"
1190,Andy,Carroll,0.92,0.03,0.05,0.08,0.0,0.06,15.26,5,Carroll,FWD,Newcastle,2020-21,0.47,0.92,"recency-weighted FPL points, decay 8**(-age/3)"
1191,Jonjoe,Kenny,0.91,0.0,0.04,0.04,0.0,0.0,39.14,5,Kenny,DEF,Everton,2021-22,0.09,0.91,"recency-weighted FPL points, decay 8**(-age/3)"
1192,Jack,O'Connell,0.91,0.0,0.01,0.01,0.0,0.05,25.59,2,O'Connell,DEF,Sheffield Utd,2020-21,0.03,0.91,"recency-weighted FPL points, decay 8**(-age/3)"
1193,Andre,Gray,0.89,0.06,0.02,0.09,0.0,0.07,16.18,5,Gray,FWD,Watford,2021-22,0.48,0.89,"recency-weighted FPL points, decay 8**(-age/3)"
1194,Eric,Bailly,0.89,0.0,0.0,0.0,0.0,0.11,28.65,8,Bailly,DEF,Man Utd,2023-24,0.01,0.89,"recency-weighted FPL points, decay 8**(-age/3)"
1195,Mbaye,Diagne,0.89,0.05,0.08,0.12,0.0,0.05,18.56,1,Diagne,FWD,West Brom,2020-21,0.61,0.89,"recency-weighted FPL points, decay 8**(-age/3)"
1196,Myles,Peart-Harris,0.88,0.0,0.0,0.0,0.0,0.0,1.88,4,Peart-Harris,MID,Brentford,2025-26,0.0,0.88,"recency-weighted FPL points, decay 8**(-age/3)"
1197,Nathan,Fraser,0.88,0.0,0.0,0.0,0.05,0.0,22.88,4,Fraser,FWD,Wolves,2025-26,0.0,0.88,"recency-weighted FPL points, decay 8**(-age/3)"
1198,Hannes,Delcroix,0.88,0.0,0.0,0.0,0.06,0.0,73.0,2,Delcroix,DEF,Burnley,2025-26,0.0,0.88,"recency-weighted FPL points, decay 8**(-age/3)"
1199,Jack,Colback,0.88,0.0,0.0,0.0,0.01,0.0,30.75,3,Colback,MID,Nott'm Forest,2022-23,0.0,0.88,"recency-weighted FPL points, decay 8**(-age/3)"
1200,Omari,Forson,0.88,0.0,0.12,0.12,0.01,0.0,8.38,1,Forson,MID,Man Utd,2023-24,1.34,0.88,"recency-weighted FPL points, decay 8**(-age/3)"
1201,Francisco Jorge,Tomás Oliveira,0.87,0.0,0.09,0.09,0.01,0.06,7.84,4,Chiquinho,MID,Wolves,2024-25,1.08,0.87,"recency-weighted FPL points, decay 8**(-age/3)"
1202,Lukas,Rupp,0.87,0.0,0.0,0.0,0.0,0.0,29.12,2,Rupp,MID,Norwich,2021-22,0.0,0.87,"recency-weighted FPL points, decay 8**(-age/3)"
1203,Phil,Bardsley,0.86,0.0,0.02,0.02,0.0,0.05,28.89,6,Bardsley,DEF,Burnley,2021-22,0.05,0.86,"recency-weighted FPL points, decay 8**(-age/3)"
1204,Jamie,Shackleton,0.86,0.0,0.03,0.03,0.0,0.0,29.09,3,Shackleton,MID,Leeds,2022-23,0.1,0.86,"recency-weighted FPL points, decay 8**(-age/3)"
1205,Marko,Arnautovic,0.85,0.07,0.04,0.11,0.0,0.09,14.92,4,Arnautovic,FWD,West Ham,2019-20,0.64,0.85,"recency-weighted FPL points, decay 8**(-age/3)"
1206,Tom,Heaton,0.85,0.0,0.0,0.0,0.0,0.06,24.37,10,Heaton,GKP,Man Utd,2025-26,0.0,0.85,"recency-weighted FPL points, decay 8**(-age/3)"
1207,Moisés,Caicedo,0.84,0.03,0.03,0.06,0.0,0.03,20.62,2,Caicedo,MID,Brighton,2021-22,0.27,0.84,"recency-weighted FPL points, decay 8**(-age/3)"
1208,Ahmed,El Mohamady,0.82,0.01,0.01,0.02,0.0,0.12,21.02,2,El Mohamady,DEF,Aston Villa,2020-21,0.07,0.82,"recency-weighted FPL points, decay 8**(-age/3)"
1209,Karlan,Grant,0.82,0.03,0.01,0.04,0.0,0.07,20.91,2,Grant,FWD,West Brom,2020-21,0.15,0.82,"recency-weighted FPL points, decay 8**(-age/3)"
1210,DeAndre,Yedlin,0.82,0.01,0.01,0.02,0.0,0.01,29.3,5,Yedlin,DEF,Newcastle,2020-21,0.07,0.82,"recency-weighted FPL points, decay 8**(-age/3)"
1211,Denis,Zakaria,0.81,0.0,0.0,0.0,0.02,0.0,25.56,1,Zakaria,MID,Chelsea,2022-23,0.0,0.81,"recency-weighted FPL points, decay 8**(-age/3)"
1212,Oluwasemilogo Adesewo Ibidapo,Ajayi,0.8,0.03,0.02,0.05,0.0,0.03,43.42,1,Ajayi,DEF,West Brom,2020-21,0.1,0.8,"recency-weighted FPL points, decay 8**(-age/3)"
1213,Jefferson,Lerma,0.8,0.02,0.02,0.04,0.0,0.04,30.89,2,Lerma,MID,Bournemouth,2019-20,0.11,0.8,"recency-weighted FPL points, decay 8**(-age/3)"
1214,Christian,Fuchs,0.8,0.0,0.01,0.01,0.0,0.07,24.55,5,Fuchs,DEF,Leicester,2020-21,0.03,0.8,"recency-weighted FPL points, decay 8**(-age/3)"
1215,Daniel,Bachmann,0.78,0.0,0.0,0.0,0.0,0.0,33.75,2,Bachmann,GKP,Watford,2021-22,0.0,0.78,"recency-weighted FPL points, decay 8**(-age/3)"
1216,Kevin,Long,0.78,0.0,0.01,0.01,0.0,0.03,32.16,6,Long,DEF,Burnley,2021-22,0.03,0.78,"recency-weighted FPL points, decay 8**(-age/3)"
1217,Oliver,Burke,0.76,0.02,0.04,0.05,0.0,0.0,20.38,2,Burke,MID,Sheffield Utd,2020-21,0.22,0.76,"recency-weighted FPL points, decay 8**(-age/3)"
1218,James,McCarthy,0.76,0.0,0.0,0.0,0.0,0.0,26.83,5,McCarthy,MID,Crystal Palace,2020-21,0.01,0.76,"recency-weighted FPL points, decay 8**(-age/3)"
1219,Will,Lankshear,0.75,0.0,0.0,0.0,0.0,0.0,2.5,2,Lankshear,FWD,Spurs,2025-26,0.0,0.75,"recency-weighted FPL points, decay 8**(-age/3)"
1220,Kim,Ji-soo,0.75,0.0,0.0,0.0,0.0,0.0,7.0,2,Ji-soo,DEF,Brentford,2025-26,0.0,0.75,"recency-weighted FPL points, decay 8**(-age/3)"
1221,Edo,Kayembe,0.75,0.0,0.0,0.0,0.0,0.03,24.84,1,Kayembe,MID,Watford,2021-22,0.0,0.75,"recency-weighted FPL points, decay 8**(-age/3)"
1222,Gustavo,Nunes Fernandes Gomes,0.75,0.0,0.0,0.0,0.0,0.0,2.75,2,Nunes,MID,Brentford,2025-26,0.0,0.75,"recency-weighted FPL points, decay 8**(-age/3)"
1223,José,Holebas,0.75,0.01,0.05,0.06,0.0,0.06,24.82,4,Holebas,DEF,Watford,2019-20,0.22,0.75,"recency-weighted FPL points, decay 8**(-age/3)"
1224,Julio,Soler,0.75,0.0,0.0,0.0,0.0,0.0,2.25,1,Soler,DEF,Bournemouth,2024-25,0.0,0.75,"recency-weighted FPL points, decay 8**(-age/3)"
1225,Shumaira,Mheuka,0.75,0.0,0.0,0.0,0.02,0.0,0.75,2,Mheuka,FWD,Chelsea,2025-26,0.0,0.75,"recency-weighted FPL points, decay 8**(-age/3)"
1226,Nacho,Monreal,0.75,0.01,0.02,0.04,0.0,0.07,16.83,4,Monreal,DEF,Arsenal,2019-20,0.19,0.75,"recency-weighted FPL points, decay 8**(-age/3)"
1227,Yerson,Mosquera,0.75,0.0,0.0,0.0,0.09,0.0,110.25,2,Mosquera,DEF,Wolves,2024-25,0.0,0.75,"recency-weighted FPL points, decay 8**(-age/3)"
1228,Rodrigo 'Rodri',Hernandez,0.75,0.0,0.0,0.0,0.02,0.0,18.0,1,Rodrigo,MID,Man City,2024-25,0.0,0.75,"recency-weighted FPL points, decay 8**(-age/3)"
1229,Alexis,Sánchez,0.74,0.04,0.05,0.09,0.0,0.06,11.51,4,Sánchez,MID,Man Utd,2019-20,0.74,0.74,"recency-weighted FPL points, decay 8**(-age/3)"
1230,Martin,Kelly,0.73,0.0,0.01,0.01,0.0,0.04,20.84,6,Kelly,DEF,Crystal Palace,2021-22,0.04,0.73,"recency-weighted FPL points, decay 8**(-age/3)"
1231,Emiliano,Buendía,0.73,0.01,0.05,0.06,0.0,0.09,19.2,1,Buendía,MID,Norwich,2019-20,0.29,0.73,"recency-weighted FPL points, decay 8**(-age/3)"
1232,Michael,Obafemi,0.72,0.03,0.02,0.05,0.02,0.02,8.92,7,Obafemi,FWD,Burnley,2025-26,0.47,0.72,"recency-weighted FPL points, decay 8**(-age/3)"
1233,Alireza,Jahanbakhsh,0.72,0.02,0.02,0.04,0.0,0.02,14.47,4,Jahanbakhsh,MID,Brighton,2021-22,0.24,0.72,"recency-weighted FPL points, decay 8**(-age/3)"
1234,Jonas,Lössl,0.71,0.0,0.01,0.01,0.0,0.06,23.15,5,Lössl,GKP,Brentford,2021-22,0.02,0.71,"recency-weighted FPL points, decay 8**(-age/3)"
1235,Dejan,Lovren,0.71,0.01,0.01,0.02,0.0,0.06,16.56,4,Lovren,DEF,Liverpool,2019-20,0.13,0.71,"recency-weighted FPL points, decay 8**(-age/3)"
1236,Grady,Diangana,0.71,0.02,0.0,0.02,0.0,0.0,21.56,4,Diangana,MID,West Brom,2020-21,0.08,0.71,"recency-weighted FPL points, decay 8**(-age/3)"
1237,Sokratis,Papastathopoulos,0.7,0.02,0.01,0.03,0.0,0.05,21.84,3,Sokratis,DEF,Arsenal,2020-21,0.11,0.7,"recency-weighted FPL points, decay 8**(-age/3)"
1238,Henrikh,Mkhitaryan,0.69,0.03,0.03,0.07,0.0,0.07,11.91,4,Mkhitaryan,MID,Arsenal,2019-20,0.51,0.69,"recency-weighted FPL points, decay 8**(-age/3)"
1239,Héctor Junior,Firpo Adames,0.69,0.0,0.06,0.06,0.0,0.12,53.41,1,Firpo,DEF,Leeds,2021-22,0.11,0.69,"recency-weighted FPL points, decay 8**(-age/3)"
1240,Morgan,Sanson,0.69,0.0,0.0,0.0,0.0,0.0,16.03,4,Sanson,MID,Aston Villa,2023-24,0.0,0.69,"recency-weighted FPL points, decay 8**(-age/3)"
1241,Bobby,Clark,0.69,0.0,0.0,0.0,0.02,0.0,11.19,3,Clark,MID,Liverpool,2024-25,0.0,0.69,"recency-weighted FPL points, decay 8**(-age/3)"
1242,Jay,Stansfield,0.69,0.0,0.06,0.06,0.02,0.0,5.56,3,Stansfield,FWD,Fulham,2024-25,1.01,0.69,"recency-weighted FPL points, decay 8**(-age/3)"
1243,Diego,Rico,0.69,0.0,0.04,0.04,0.0,0.08,20.59,2,Rico,DEF,Bournemouth,2019-20,0.17,0.69,"recency-weighted FPL points, decay 8**(-age/3)"
1244,Mamadou,Sakho,0.68,0.0,0.0,0.01,0.0,0.09,24.78,5,Sakho,DEF,Crystal Palace,2020-21,0.02,0.68,"recency-weighted FPL points, decay 8**(-age/3)"
1245,Yan,Valery,0.68,0.01,0.01,0.02,0.0,0.0,28.68,5,Valery,DEF,Southampton,2022-23,0.06,0.68,"recency-weighted FPL points, decay 8**(-age/3)"
1246,Jack,Stacey,0.68,0.0,0.02,0.02,0.01,0.03,30.4,2,Stacey,DEF,Bournemouth,2022-23,0.05,0.68,"recency-weighted FPL points, decay 8**(-age/3)"
1247,Wes,Morgan,0.67,0.01,0.0,0.01,0.0,0.04,19.0,5,Morgan,DEF,Leicester,2020-21,0.06,0.67,"recency-weighted FPL points, decay 8**(-age/3)"
1248,Martín,Montoya,0.66,0.0,0.01,0.01,0.0,0.03,23.24,3,Montoya,DEF,Brighton,2020-21,0.05,0.66,"recency-weighted FPL points, decay 8**(-age/3)"
1249,Lucas,Torreira,0.66,0.02,0.02,0.04,0.0,0.02,21.01,4,Torreira,MID,Arsenal,2021-22,0.17,0.66,"recency-weighted FPL points, decay 8**(-age/3)"
1250,Christian,Atsu,0.66,0.01,0.04,0.04,0.0,0.01,15.02,4,Atsu,MID,Newcastle,2020-21,0.26,0.66,"recency-weighted FPL points, decay 8**(-age/3)"
1251,Jake,Livermore,0.64,0.0,0.0,0.01,0.0,0.01,27.51,3,Livermore,MID,West Brom,2020-21,0.03,0.64,"recency-weighted FPL points, decay 8**(-age/3)"
1252,Daryl,Janmaat,0.64,0.01,0.02,0.03,0.0,0.08,15.8,4,Janmaat,DEF,Watford,2019-20,0.15,0.64,"recency-weighted FPL points, decay 8**(-age/3)"
1253,Valentín,Barco,0.62,0.0,0.0,0.0,0.07,0.0,38.38,2,Barco,DEF,Brighton,2024-25,0.0,0.62,"recency-weighted FPL points, decay 8**(-age/3)"
1254,Willian José,Da Silva,0.62,0.02,0.02,0.03,0.0,0.05,17.28,1,Willian José,FWD,Wolves,2020-21,0.16,0.62,"recency-weighted FPL points, decay 8**(-age/3)"
1255,Josh,Maja,0.62,0.05,0.0,0.05,0.0,0.08,12.56,2,Maja,FWD,Fulham,2020-21,0.34,0.62,"recency-weighted FPL points, decay 8**(-age/3)"
1256,Willy,Kambwala,0.62,0.0,0.0,0.0,0.0,0.0,40.62,1,Kambwala,DEF,Man Utd,2023-24,0.0,0.62,"recency-weighted FPL points, decay 8**(-age/3)"
1257,Leon,Chiwome,0.62,0.0,0.0,0.0,0.02,0.0,21.62,3,Chiwome,FWD,Wolves,2025-26,0.0,0.62,"recency-weighted FPL points, decay 8**(-age/3)"
1258,Fodé,Ballo-Touré,0.62,0.0,0.0,0.0,0.0,0.0,8.12,1,Ballo-Touré,DEF,Fulham,2023-24,0.0,0.62,"recency-weighted FPL points, decay 8**(-age/3)"
1259,Joe,Bryan,0.62,0.02,0.02,0.04,0.0,0.05,19.52,3,Bryan,DEF,Fulham,2022-23,0.16,0.62,"recency-weighted FPL points, decay 8**(-age/3)"
1260,Pablo,Marí,0.62,0.0,0.0,0.0,0.0,0.02,20.57,3,Marí,DEF,Arsenal,2021-22,0.0,0.62,"recency-weighted FPL points, decay 8**(-age/3)"
1261,Cenk,Tosun,0.61,0.04,0.01,0.05,0.0,0.04,10.45,5,Tosun,FWD,Everton,2021-22,0.42,0.61,"recency-weighted FPL points, decay 8**(-age/3)"
1262,Neil,Etheridge,0.6,0.0,0.0,0.0,0.0,0.07,13.36,1,Etheridge,GKP,Cardiff,2018-19,0.0,0.6,"recency-weighted FPL points, decay 8**(-age/3)"
1263,Ryan,Bennett,0.6,0.0,0.0,0.0,0.0,0.02,19.23,3,Bennett,DEF,Wolves,2020-21,0.02,0.6,"recency-weighted FPL points, decay 8**(-age/3)"
1264,Wesley,Moraes,0.6,0.04,0.01,0.05,0.0,0.05,14.19,3,Wesley,FWD,Aston Villa,2021-22,0.3,0.6,"recency-weighted FPL points, decay 8**(-age/3)"
1265,Lyanco Evangelista,Silveira Neves Vojnovic,0.59,0.0,0.0,0.0,0.0,0.03,28.31,1,Lyanco,DEF,Southampton,2021-22,0.0,0.59,"recency-weighted FPL points, decay 8**(-age/3)"
1266,Keinan,Davis,0.59,0.02,0.02,0.04,0.0,0.0,8.66,5,Davis,FWD,Aston Villa,2023-24,0.41,0.59,"recency-weighted FPL points, decay 8**(-age/3)"
1267,Javier,Hernández Balcázar,0.59,0.05,0.02,0.07,0.0,0.08,9.01,3,Chicharito,FWD,West Ham,2019-20,0.7,0.59,"recency-weighted FPL points, decay 8**(-age/3)"
1268,Adrián,San Miguel del Castillo,0.59,0.0,0.0,0.0,0.0,0.05,15.79,8,Adrián,GKP,Liverpool,2023-24,0.0,0.59,"recency-weighted FPL points, decay 8**(-age/3)"
1269,Phil,Jones,0.59,0.0,0.0,0.0,0.0,0.05,16.41,7,Jones,DEF,Man Utd,2022-23,0.02,0.59,"recency-weighted FPL points, decay 8**(-age/3)"
1270,Hal,Robson-Kanu,0.58,0.04,0.0,0.04,0.0,0.05,10.78,3,Robson-Kanu,FWD,West Brom,2020-21,0.33,0.58,"recency-weighted FPL points, decay 8**(-age/3)"
1271,Djibril,Sidibé,0.58,0.0,0.03,0.03,0.0,0.08,14.2,1,Sidibé,DEF,Everton,2019-20,0.2,0.58,"recency-weighted FPL points, decay 8**(-age/3)"
1272,Andreas,Pereira,0.57,0.01,0.03,0.04,0.0,0.02,13.85,6,Pereira,MID,Man Utd,2021-22,0.25,0.57,"recency-weighted FPL points, decay 8**(-age/3)"
1273,Matteo,Guendouzi,0.56,0.0,0.02,0.02,0.0,0.02,21.98,3,Guendouzi,MID,Arsenal,2020-21,0.06,0.56,"recency-weighted FPL points, decay 8**(-age/3)"
1274,Laurent,Koscielny,0.56,0.02,0.0,0.02,0.0,0.08,12.29,4,Koscielny,DEF,Arsenal,2019-20,0.14,0.56,"recency-weighted FPL points, decay 8**(-age/3)"
1275,Przemyslaw,Placheta,0.56,0.0,0.0,0.0,0.0,0.0,15.59,1,Placheta,MID,Norwich,2021-22,0.0,0.56,"recency-weighted FPL points, decay 8**(-age/3)"
1276,William,Troost-Ekong,0.56,0.0,0.0,0.0,0.0,0.0,43.37,1,Troost-Ekong,DEF,Watford,2021-22,0.0,0.56,"recency-weighted FPL points, decay 8**(-age/3)"
1277,Ben,Pearson,0.56,0.0,0.0,0.0,0.0,0.0,17.63,2,Pearson,MID,Bournemouth,2023-24,0.0,0.56,"recency-weighted FPL points, decay 8**(-age/3)"
1278,Odeluga,Offiah,0.56,0.0,0.0,0.0,0.0,0.0,17.19,4,Offiah,DEF,Brighton,2024-25,0.0,0.56,"recency-weighted FPL points, decay 8**(-age/3)"
1279,Adrian,Mariappa,0.55,0.0,0.0,0.0,0.0,0.02,24.16,4,Mariappa,DEF,Watford,2019-20,0.0,0.55,"recency-weighted FPL points, decay 8**(-age/3)"
1280,Aleksandar,Mitrovic,0.54,0.04,0.02,0.06,0.0,0.05,12.99,2,Mitrovic,FWD,Fulham,2018-19,0.42,0.54,"recency-weighted FPL points, decay 8**(-age/3)"
1281,Okay,Yokuslu,0.53,0.0,0.02,0.02,0.0,0.0,20.56,1,Yokuslu,MID,West Brom,2020-21,0.07,0.53,"recency-weighted FPL points, decay 8**(-age/3)"
1282,Romaine,Sawyers,0.52,0.0,0.0,0.0,0.0,0.0,23.22,1,Sawyers,MID,West Brom,2020-21,0.0,0.52,"recency-weighted FPL points, decay 8**(-age/3)"
1283,Paulo,Gazzaniga,0.52,0.0,0.0,0.0,0.0,0.05,13.82,5,Gazzaniga,GKP,Spurs,2020-21,0.0,0.52,"recency-weighted FPL points, decay 8**(-age/3)"
1284,Maximillian,Aarons,0.52,0.0,0.02,0.02,0.0,0.02,25.31,1,Aarons,DEF,Norwich,2019-20,0.06,0.52,"recency-weighted FPL points, decay 8**(-age/3)"
1285,Patrick,Roberts,0.52,0.0,0.0,0.0,0.02,0.0,13.69,2,Roberts,MID,Sunderland,2025-26,0.0,0.52,"recency-weighted FPL points, decay 8**(-age/3)"
1286,Alexander,Tettey,0.52,0.01,0.01,0.02,0.0,0.02,18.27,1,Tettey,MID,Norwich,2019-20,0.08,0.52,"recency-weighted FPL points, decay 8**(-age/3)"
1287,Pablo,Zabaleta,0.52,0.0,0.01,0.01,0.0,0.03,20.22,4,Zabaleta,DEF,West Ham,2019-20,0.03,0.52,"recency-weighted FPL points, decay 8**(-age/3)"
1288,Joel,Robles,0.52,0.0,0.0,0.0,0.0,0.0,24.2,3,Robles,GKP,Leeds,2022-23,0.0,0.52,"recency-weighted FPL points, decay 8**(-age/3)"
1289,Chris,Smalling,0.51,0.01,0.0,0.01,0.0,0.03,14.45,5,Smalling,DEF,Man Utd,2020-21,0.09,0.51,"recency-weighted FPL points, decay 8**(-age/3)"
1290,Charlie,Daniels,0.51,0.01,0.01,0.02,0.0,0.03,16.02,4,Daniels,DEF,Bournemouth,2019-20,0.1,0.51,"recency-weighted FPL points, decay 8**(-age/3)"
1291,Joe,Knight,0.5,0.0,0.0,0.0,0.0,0.0,0.5,2,Knight,MID,Brighton,2025-26,0.0,0.5,"recency-weighted FPL points, decay 8**(-age/3)"
1292,Hákon,Valdimarsson,0.5,0.0,0.0,0.0,0.0,0.0,36.0,2,Valdimarsson,GKP,Brentford,2024-25,0.0,0.5,"recency-weighted FPL points, decay 8**(-age/3)"
1293,Antoni,Milambo,0.5,0.0,0.0,0.0,0.0,0.0,22.5,1,Milambo,MID,Brentford,2025-26,0.0,0.5,"recency-weighted FPL points, decay 8**(-age/3)"
1294,Joachim,Kayi-Sanda,0.5,0.0,0.0,0.0,0.0,0.0,3.0,1,Kayi Sanda,DEF,Southampton,2024-25,0.0,0.5,"recency-weighted FPL points, decay 8**(-age/3)"
1295,Martial,Godo,0.5,0.0,0.0,0.0,0.02,0.0,5.25,3,Godo,MID,Fulham,2025-26,0.0,0.5,"recency-weighted FPL points, decay 8**(-age/3)"
1296,Saúl,Ñíguez,0.5,0.0,0.03,0.03,0.0,0.0,14.94,1,Saúl,MID,Chelsea,2021-22,0.19,0.5,"recency-weighted FPL points, decay 8**(-age/3)"
1297,Jetro,Willems,0.5,0.02,0.02,0.03,0.0,0.05,11.66,1,Willems,DEF,Newcastle,2019-20,0.24,0.5,"recency-weighted FPL points, decay 8**(-age/3)"
1298,Hákon Rafn,Valdimarsson,0.5,0.0,0.0,0.0,0.0,0.0,45.0,1,Valdimarsson,GKP,Brentford,2025-26,0.0,0.5,"recency-weighted FPL points, decay 8**(-age/3)"
1299,Jamaldeen,Jimoh-Aloba,0.5,0.0,0.0,0.0,0.0,0.0,4.0,1,Jimoh-Aloba,MID,Aston Villa,2025-26,0.0,0.5,"recency-weighted FPL points, decay 8**(-age/3)"
1300,Christopher,Schindler,0.5,0.0,0.01,0.01,0.0,0.06,19.11,2,Schindler,DEF,Huddersfield,2018-19,0.06,0.5,"recency-weighted FPL points, decay 8**(-age/3)"
1301,Jun'ai,Byfield,0.5,0.0,0.0,0.0,0.0,0.0,0.5,1,Byfield,DEF,Spurs,2025-26,0.0,0.5,"recency-weighted FPL points, decay 8**(-age/3)"
1302,Sean,Neave,0.5,0.0,0.0,0.0,0.02,0.0,6.5,2,Neave,FWD,Newcastle,2025-26,0.0,0.5,"recency-weighted FPL points, decay 8**(-age/3)"
1303,Odsonne,Édouard,0.5,0.0,0.0,0.0,0.0,0.0,1.0,1,Édouard,FWD,Crystal Palace,2025-26,0.0,0.5,"recency-weighted FPL points, decay 8**(-age/3)"
1304,Jesse,Derry,0.5,0.0,0.0,0.0,0.06,0.0,22.5,1,Derry,MID,Chelsea,2025-26,0.0,0.5,"recency-weighted FPL points, decay 8**(-age/3)"
1305,Lewis,Orford,0.5,0.0,0.0,0.0,0.02,0.0,11.75,3,Orford,MID,West Ham,2025-26,0.0,0.5,"recency-weighted FPL points, decay 8**(-age/3)"
1306,Benicio,Baker-Boaitey,0.5,0.0,0.0,0.0,0.02,0.0,4.62,2,Baker-Boaitey,MID,Brighton,2024-25,0.0,0.5,"recency-weighted FPL points, decay 8**(-age/3)"
1307,Callum,Olusesi,0.5,0.0,0.0,0.0,0.0,0.0,7.0,2,Olusesi,MID,Spurs,2025-26,0.0,0.5,"recency-weighted FPL points, decay 8**(-age/3)"
1308,James,Rowswell,0.5,0.0,0.0,0.0,0.0,0.0,0.5,1,Rowswell,DEF,Spurs,2025-26,0.0,0.5,"recency-weighted FPL points, decay 8**(-age/3)"
1309,Asher,Agbinone,0.5,0.0,0.0,0.0,0.01,0.0,1.0,2,Agbinone,MID,Crystal Palace,2025-26,0.0,0.5,"recency-weighted FPL points, decay 8**(-age/3)"
1310,Kaye,Furo,0.5,0.0,0.0,0.0,0.0,0.0,0.5,1,Furo,FWD,Brentford,2025-26,0.0,0.5,"recency-weighted FPL points, decay 8**(-age/3)"
1311,Dário,Luís Essugo,0.5,0.0,0.0,0.0,0.0,0.0,13.0,1,D.Essugo,MID,Chelsea,2025-26,0.0,0.5,"recency-weighted FPL points, decay 8**(-age/3)"
1312,Jonathan,Rowe,0.5,0.0,0.03,0.03,0.0,0.0,6.5,1,Rowe,MID,Norwich,2021-22,0.43,0.5,"recency-weighted FPL points, decay 8**(-age/3)"
1313,João Pedro,Ferreira da Silva,0.5,0.0,0.0,0.0,0.0,0.0,5.5,1,Jota,MID,Nott'm Forest,2025-26,0.0,0.5,"recency-weighted FPL points, decay 8**(-age/3)"
1314,Saša,Kalajdžić,0.5,0.0,0.0,0.0,0.0,0.0,7.0,2,Kalajdžić,FWD,Wolves,2025-26,0.0,0.5,"recency-weighted FPL points, decay 8**(-age/3)"
1315,Anass,Zaroury,0.5,0.0,0.0,0.0,0.03,0.0,18.62,1,Zaroury,MID,Burnley,2023-24,0.0,0.5,"recency-weighted FPL points, decay 8**(-age/3)"
1316,Romain,Faivre,0.5,0.0,0.0,0.0,0.02,0.0,4.62,3,Faivre,MID,Bournemouth,2025-26,0.0,0.5,"recency-weighted FPL points, decay 8**(-age/3)"
1317,Jerome,Abbey,0.5,0.0,0.0,0.0,0.0,0.0,8.0,1,Abbey,MID,Wolves,2025-26,0.0,0.5,"recency-weighted FPL points, decay 8**(-age/3)"
1318,Thomas,Strakosha,0.5,0.0,0.0,0.0,0.0,0.0,16.88,2,Strakosha,GKP,Brentford,2023-24,0.0,0.5,"recency-weighted FPL points, decay 8**(-age/3)"
1319,Rodrigo,Duarte Ribeiro,0.5,0.0,0.0,0.0,0.0,0.0,1.75,1,Ribeiro,FWD,Nott'm Forest,2023-24,0.0,0.5,"recency-weighted FPL points, decay 8**(-age/3)"
1320,Kaden,Rodney,0.5,0.0,0.0,0.0,0.0,0.0,1.5,4,Rodney,MID,Crystal Palace,2025-26,0.0,0.5,"recency-weighted FPL points, decay 8**(-age/3)"
1321,Christos,Tzolis,0.5,0.0,0.0,0.0,0.0,0.0,10.19,1,Tzolis,MID,Norwich,2021-22,0.0,0.5,"recency-weighted FPL points, decay 8**(-age/3)"
1322,Daiki,Hashioka,0.5,0.0,0.0,0.0,0.04,0.0,74.0,1,Hashioka,DEF,Luton,2023-24,0.0,0.5,"recency-weighted FPL points, decay 8**(-age/3)"
1323,Bendito,Mantato,0.5,0.0,0.0,0.0,0.0,0.0,7.5,1,Bendito Mantato,MID,Man Utd,2025-26,0.0,0.5,"recency-weighted FPL points, decay 8**(-age/3)"
1324,Bradley,Burrowes,0.5,0.0,0.0,0.0,0.0,0.0,8.0,1,Burrowes,MID,Aston Villa,2025-26,0.0,0.5,"recency-weighted FPL points, decay 8**(-age/3)"
1325,Marcus,Myers-Harness,0.5,0.0,0.0,0.0,0.01,0.0,10.75,1,Harness,MID,Ipswich,2024-25,0.0,0.5,"recency-weighted FPL points, decay 8**(-age/3)"
1326,Djiamgone Jocelin Ta,Bi,0.5,0.0,0.0,0.0,0.02,0.0,19.0,1,Jocelin.T,MID,Sunderland,2025-26,0.0,0.5,"recency-weighted FPL points, decay 8**(-age/3)"
1327,Nehemiah,Oriola,0.5,0.0,0.0,0.0,0.0,0.0,0.5,1,Oriola,MID,Brighton,2025-26,0.0,0.5,"recency-weighted FPL points, decay 8**(-age/3)"
1328,Eric,da Silva Moreira,0.5,0.0,0.0,0.0,0.0,0.0,7.0,2,Da Silva Moreira,MID,Nott'm Forest,2025-26,0.0,0.5,"recency-weighted FPL points, decay 8**(-age/3)"
1329,Caleb,Kporha,0.5,0.0,0.0,0.0,0.0,0.0,2.75,2,Kporha,DEF,Crystal Palace,2025-26,0.0,0.5,"recency-weighted FPL points, decay 8**(-age/3)"
1330,Jaydon,Banel,0.5,0.0,0.0,0.0,0.0,0.0,4.5,1,Banel,MID,Burnley,2025-26,0.0,0.5,"recency-weighted FPL points, decay 8**(-age/3)"
1331,Moise,Kean,0.48,0.02,0.02,0.03,0.0,0.04,6.72,3,Kean,FWD,Everton,2021-22,0.42,0.48,"recency-weighted FPL points, decay 8**(-age/3)"
1332,Simon,Francis,0.48,0.0,0.01,0.01,0.0,0.02,20.48,4,Francis,DEF,Bournemouth,2019-20,0.05,0.48,"recency-weighted FPL points, decay 8**(-age/3)"
1333,Frédéric,Guilbert,0.48,0.0,0.02,0.02,0.0,0.03,15.92,4,Guilbert,DEF,Aston Villa,2022-23,0.09,0.48,"recency-weighted FPL points, decay 8**(-age/3)"
1334,Asmir,Begovic,0.47,0.0,0.0,0.0,0.0,0.03,15.29,5,Begovic,GKP,Everton,2024-25,0.0,0.47,"recency-weighted FPL points, decay 8**(-age/3)"
1335,Petr,Cech,0.47,0.0,0.0,0.0,0.0,0.03,11.25,3,Cech,GKP,Arsenal,2018-19,0.0,0.47,"recency-weighted FPL points, decay 8**(-age/3)"
1336,Antonio,Valencia,0.47,0.01,0.0,0.01,0.0,0.04,9.6,3,Valencia,DEF,Man Utd,2018-19,0.11,0.47,"recency-weighted FPL points, decay 8**(-age/3)"
1337,Maya,Yoshida,0.47,0.0,0.01,0.01,0.0,0.04,16.31,4,Yoshida,DEF,Southampton,2019-20,0.06,0.47,"recency-weighted FPL points, decay 8**(-age/3)"
1338,Anthony,Knockaert,0.46,0.01,0.03,0.04,0.0,0.02,11.86,6,Knockaert,MID,Fulham,2023-24,0.3,0.46,"recency-weighted FPL points, decay 8**(-age/3)"
1339,Charlie,Austin,0.46,0.03,0.01,0.04,0.0,0.03,8.81,5,Austin,FWD,West Brom,2020-21,0.39,0.46,"recency-weighted FPL points, decay 8**(-age/3)"
1340,Steve,Mounie,0.45,0.02,0.02,0.04,0.0,0.04,10.51,2,Mounie,FWD,Huddersfield,2018-19,0.35,0.45,"recency-weighted FPL points, decay 8**(-age/3)"
1341,Kean,Bryan,0.45,0.02,0.0,0.02,0.0,0.0,15.67,1,Bryan,DEF,Sheffield Utd,2020-21,0.09,0.45,"recency-weighted FPL points, decay 8**(-age/3)"
1342,Florian,Lejeune,0.45,0.02,0.0,0.02,0.0,0.02,11.66,4,Lejeune,DEF,Newcastle,2020-21,0.15,0.45,"recency-weighted FPL points, decay 8**(-age/3)"
1343,Luke,Harris,0.44,0.0,0.0,0.0,0.04,0.0,9.88,4,Harris,MID,Fulham,2025-26,0.0,0.44,"recency-weighted FPL points, decay 8**(-age/3)"
1344,Pablo,Hernández Domínguez,0.44,0.0,0.05,0.05,0.0,0.0,6.47,2,Hernández,MID,Leeds,2021-22,0.65,0.44,"recency-weighted FPL points, decay 8**(-age/3)"
1345,Rhys,Williams,0.44,0.0,0.0,0.0,0.0,0.02,10.3,5,R.Williams,DEF,Liverpool,2025-26,0.0,0.44,"recency-weighted FPL points, decay 8**(-age/3)"
1346,Kevin,Mbabu,0.44,0.0,0.06,0.06,0.03,0.0,8.81,3,Mbabu,DEF,Fulham,2024-25,0.64,0.44,"recency-weighted FPL points, decay 8**(-age/3)"
1347,Leighton,Baines,0.43,0.01,0.02,0.02,0.0,0.03,11.07,4,Baines,DEF,Everton,2019-20,0.2,0.43,"recency-weighted FPL points, decay 8**(-age/3)"
1348,Phil,Jagielka,0.43,0.01,0.0,0.01,0.0,0.04,17.58,5,Jagielka,DEF,Sheffield Utd,2020-21,0.05,0.43,"recency-weighted FPL points, decay 8**(-age/3)"
1349,Sam,Vokes,0.43,0.03,0.01,0.04,0.0,0.05,7.47,3,Vokes,FWD,Burnley,2018-19,0.45,0.43,"recency-weighted FPL points, decay 8**(-age/3)"
1350,Víctor,Camarasa,0.42,0.02,0.02,0.04,0.0,0.02,10.07,2,Camarasa,MID,Crystal Palace,2019-20,0.31,0.42,"recency-weighted FPL points, decay 8**(-age/3)"
1351,Nathaniel,Chalobah,0.42,0.0,0.01,0.01,0.01,0.02,9.94,6,Chalobah,MID,Fulham,2022-23,0.08,0.42,"recency-weighted FPL points, decay 8**(-age/3)"
1352,Robert Kenedy,Nunes do Nascimento,0.42,0.01,0.04,0.05,0.0,0.01,9.12,6,Kenedy,DEF,Chelsea,2022-23,0.46,0.42,"recency-weighted FPL points, decay 8**(-age/3)"
1353,Álvaro,Morata,0.42,0.04,0.01,0.05,0.0,0.04,7.67,2,Morata,FWD,Chelsea,2018-19,0.62,0.42,"recency-weighted FPL points, decay 8**(-age/3)"
1354,William,Smallbone,0.42,0.0,0.02,0.02,0.0,0.01,9.84,3,Smallbone,MID,Southampton,2021-22,0.14,0.42,"recency-weighted FPL points, decay 8**(-age/3)"
1355,Ander,Herrera,0.42,0.01,0.02,0.03,0.0,0.03,10.32,3,Herrera,MID,Man Utd,2018-19,0.26,0.42,"recency-weighted FPL points, decay 8**(-age/3)"
1356,Vitor,Ferreira,0.41,0.0,0.02,0.02,0.0,0.0,7.95,1,Vitinha,MID,Wolves,2020-21,0.18,0.41,"recency-weighted FPL points, decay 8**(-age/3)"
1357,Sofiane,Boufal,0.41,0.0,0.03,0.03,0.0,0.0,9.32,5,Boufal,MID,Southampton,2020-21,0.32,0.41,"recency-weighted FPL points, decay 8**(-age/3)"
1358,Max,Meyer,0.41,0.0,0.01,0.02,0.0,0.0,10.53,3,Meyer,MID,Crystal Palace,2020-21,0.13,0.41,"recency-weighted FPL points, decay 8**(-age/3)"
1359,Onel,Hernández,0.41,0.01,0.02,0.02,0.0,0.0,10.73,2,Hernández,MID,Norwich,2021-22,0.2,0.41,"recency-weighted FPL points, decay 8**(-age/3)"
1360,Vincent,Kompany,0.4,0.01,0.0,0.01,0.0,0.03,8.29,3,Kompany,DEF,Man City,2018-19,0.12,0.4,"recency-weighted FPL points, decay 8**(-age/3)"
1361,Thibaut,Courtois,0.4,0.0,0.0,0.0,0.0,0.01,9.32,3,Courtois,GKP,Chelsea,2018-19,0.0,0.4,"recency-weighted FPL points, decay 8**(-age/3)"
1362,Andrew,Surman,0.39,0.0,0.01,0.01,0.0,0.02,12.82,4,Surman,MID,Bournemouth,2019-20,0.1,0.39,"recency-weighted FPL points, decay 8**(-age/3)"
1363,Bernardo,Fernandes da Silva Junior,0.39,0.0,0.0,0.0,0.0,0.02,15.31,3,Bernardo,DEF,Brighton,2020-21,0.02,0.39,"recency-weighted FPL points, decay 8**(-age/3)"
1364,Morgan,Schneiderlin,0.39,0.0,0.0,0.0,0.0,0.0,16.24,4,Schneiderlin,MID,Everton,2019-20,0.03,0.39,"recency-weighted FPL points, decay 8**(-age/3)"
1365,Eric,Garcia,0.39,0.0,0.0,0.0,0.0,0.0,12.11,2,Garcia,DEF,Man City,2020-21,0.0,0.39,"recency-weighted FPL points, decay 8**(-age/3)"
1366,James,McConnell,0.38,0.0,0.0,0.0,0.0,0.0,0.38,3,McConnell,MID,Liverpool,2025-26,0.0,0.38,"recency-weighted FPL points, decay 8**(-age/3)"
1367,Danilo Luiz,da Silva,0.38,0.01,0.0,0.01,0.0,0.04,5.76,3,Danilo,DEF,Man City,2019-20,0.21,0.38,"recency-weighted FPL points, decay 8**(-age/3)"
1368,Kaine,Kesler-Hayden,0.38,0.0,0.0,0.0,0.0,0.0,0.62,2,Kesler-Hayden,DEF,Aston Villa,2024-25,0.0,0.38,"recency-weighted FPL points, decay 8**(-age/3)"
1369,Joe,White,0.38,0.0,0.0,0.0,0.0,0.0,1.5,4,White,MID,Newcastle,2025-26,0.0,0.38,"recency-weighted FPL points, decay 8**(-age/3)"
1370,Bruno,Ecuele Manga,0.38,0.0,0.0,0.0,0.0,0.02,13.18,1,Ecuele Manga,DEF,Cardiff,2018-19,0.03,0.38,"recency-weighted FPL points, decay 8**(-age/3)"
1371,Joe,Hart,0.38,0.0,0.0,0.0,0.0,0.03,10.02,6,Hart,GKP,Spurs,2021-22,0.02,0.38,"recency-weighted FPL points, decay 8**(-age/3)"
1372,Alfie,Mawson,0.38,0.01,0.0,0.01,0.0,0.03,13.47,4,Mawson,DEF,Fulham,2020-21,0.07,0.38,"recency-weighted FPL points, decay 8**(-age/3)"
1373,Kaelan,Casey,0.38,0.0,0.0,0.0,0.0,0.0,0.38,4,Casey,DEF,West Ham,2025-26,0.0,0.38,"recency-weighted FPL points, decay 8**(-age/3)"
1374,Ethan,Wheatley,0.38,0.0,0.0,0.0,0.0,0.0,1.62,3,Wheatley,FWD,Man Utd,2025-26,0.0,0.38,"recency-weighted FPL points, decay 8**(-age/3)"
1375,Siriki,Dembélé,0.38,0.0,0.0,0.0,0.02,0.0,6.5,2,Siriki,MID,Bournemouth,2023-24,0.0,0.38,"recency-weighted FPL points, decay 8**(-age/3)"
1376,Jayden,Danns,0.38,0.0,0.0,0.0,0.0,0.0,3.38,3,Danns,FWD,Liverpool,2025-26,0.0,0.38,"recency-weighted FPL points, decay 8**(-age/3)"
1377,Han-Noah,Massengo,0.38,0.0,0.0,0.0,0.0,0.0,1.75,1,Massengo,MID,Burnley,2023-24,0.0,0.38,"recency-weighted FPL points, decay 8**(-age/3)"
1378,Sean,Morrison,0.38,0.0,0.02,0.02,0.0,0.02,11.87,1,Morrison,DEF,Cardiff,2018-19,0.15,0.38,"recency-weighted FPL points, decay 8**(-age/3)"
1379,Philippe,Coutinho,0.37,0.03,0.02,0.05,0.0,0.05,4.34,2,Coutinho,MID,Liverpool,2017-18,0.99,0.37,"recency-weighted FPL points, decay 8**(-age/3)"
1380,Fikayo,Tomori,0.37,0.01,0.0,0.01,0.0,0.05,10.79,3,Tomori,DEF,Chelsea,2020-21,0.07,0.37,"recency-weighted FPL points, decay 8**(-age/3)"
1381,Sol,Bamba,0.37,0.02,0.0,0.02,0.0,0.04,9.67,1,Bamba,DEF,Cardiff,2018-19,0.18,0.37,"recency-weighted FPL points, decay 8**(-age/3)"
1382,Matthew,Longstaff,0.37,0.02,0.0,0.02,0.0,0.02,10.34,3,M.Longstaff,MID,Newcastle,2021-22,0.14,0.37,"recency-weighted FPL points, decay 8**(-age/3)"
1383,Victor,Moses,0.37,0.01,0.01,0.02,0.0,0.02,6.65,3,Moses,DEF,Chelsea,2018-19,0.32,0.37,"recency-weighted FPL points, decay 8**(-age/3)"
1384,Rúben Gonçalo,Silva Nascimento Vinagre,0.36,0.0,0.0,0.0,0.0,0.01,10.46,3,Vinagre,DEF,Wolves,2020-21,0.0,0.36,"recency-weighted FPL points, decay 8**(-age/3)"
1385,Sung-yueng,Ki,0.36,0.0,0.01,0.01,0.0,0.02,11.03,4,Ki Sung-yueng,MID,Newcastle,2019-20,0.1,0.36,"recency-weighted FPL points, decay 8**(-age/3)"
1386,Mohamed,Diamé,0.36,0.0,0.0,0.0,0.0,0.01,12.42,3,Diamé,MID,Newcastle,2018-19,0.03,0.36,"recency-weighted FPL points, decay 8**(-age/3)"
1387,Oumar,Niasse,0.35,0.02,0.01,0.03,0.0,0.03,7.18,4,Niasse,FWD,Everton,2019-20,0.33,0.35,"recency-weighted FPL points, decay 8**(-age/3)"
1388,Fernando,Llorente,0.35,0.02,0.02,0.04,0.0,0.04,5.48,3,Llorente,FWD,Spurs,2018-19,0.64,0.35,"recency-weighted FPL points, decay 8**(-age/3)"
1389,Alex,Pritchard,0.35,0.01,0.0,0.01,0.0,0.01,10.07,3,Pritchard,MID,Huddersfield,2018-19,0.12,0.35,"recency-weighted FPL points, decay 8**(-age/3)"
1390,Jordon,Ibe,0.35,0.01,0.02,0.02,0.0,0.01,8.37,4,Ibe,MID,Bournemouth,2019-20,0.25,0.35,"recency-weighted FPL points, decay 8**(-age/3)"
1391,Marcus,Forss,0.34,0.0,0.03,0.03,0.0,0.0,6.34,2,Forss,FWD,Brentford,2022-23,0.44,0.34,"recency-weighted FPL points, decay 8**(-age/3)"
1392,Sergio,Rico,0.34,0.0,0.0,0.0,0.0,0.03,10.2,1,Rico,GKP,Fulham,2018-19,0.0,0.34,"recency-weighted FPL points, decay 8**(-age/3)"
1393,Bruno,Saltor Grau,0.34,0.0,0.0,0.0,0.0,0.04,8.35,2,Bruno,DEF,Brighton,2018-19,0.04,0.34,"recency-weighted FPL points, decay 8**(-age/3)"
1394,Chem,Campbell,0.34,0.0,0.0,0.0,0.01,0.0,4.63,2,Campbell,MID,Wolves,2022-23,0.0,0.34,"recency-weighted FPL points, decay 8**(-age/3)"
1395,David,De Gea,0.34,0.0,0.0,0.0,0.0,0.02,6.5,1,De Gea,GKP,Man Utd,2017-18,0.0,0.34,"recency-weighted FPL points, decay 8**(-age/3)"
1396,Marek,Rodák,0.34,0.0,0.0,0.0,0.0,0.0,14.06,3,Rodák,GKP,Fulham,2023-24,0.0,0.34,"recency-weighted FPL points, decay 8**(-age/3)"
1397,Dusan,Tadic,0.34,0.01,0.01,0.03,0.0,0.02,7.81,2,Tadic,MID,Southampton,2017-18,0.32,0.34,"recency-weighted FPL points, decay 8**(-age/3)"
1398,Gaëtan,Bong,0.33,0.0,0.0,0.0,0.0,0.01,11.87,3,Bong,DEF,Brighton,2019-20,0.0,0.33,"recency-weighted FPL points, decay 8**(-age/3)"
1399,Bjorn,Engels,0.33,0.01,0.0,0.01,0.0,0.03,11.3,2,Engels,DEF,Aston Villa,2020-21,0.06,0.33,"recency-weighted FPL points, decay 8**(-age/3)"
1400,Branislav,Ivanovic,0.33,0.0,0.0,0.0,0.0,0.0,12.51,2,Ivanovic,DEF,West Brom,2020-21,0.01,0.33,"recency-weighted FPL points, decay 8**(-age/3)"
1401,Josh,Onomah,0.33,0.0,0.0,0.0,0.0,0.0,6.64,2,Onomah,MID,Fulham,2022-23,0.0,0.33,"recency-weighted FPL points, decay 8**(-age/3)"
1402,Joe,Allen,0.33,0.01,0.01,0.02,0.0,0.03,8.99,2,Allen,MID,Stoke,2017-18,0.24,0.33,"recency-weighted FPL points, decay 8**(-age/3)"
1403,Loris,Karius,0.33,0.0,0.0,0.0,0.0,0.01,15.47,5,Karius,GKP,Newcastle,2023-24,0.0,0.33,"recency-weighted FPL points, decay 8**(-age/3)"
1404,Pedro,Obiang,0.33,0.0,0.01,0.01,0.0,0.02,9.13,4,Obiang,MID,West Ham,2019-20,0.14,0.33,"recency-weighted FPL points, decay 8**(-age/3)"
1405,Laurent,Depoitre,0.32,0.01,0.01,0.02,0.0,0.03,7.66,2,Depoitre,FWD,Huddersfield,2018-19,0.23,0.32,"recency-weighted FPL points, decay 8**(-age/3)"
1406,David Junior,Hoilett,0.32,0.01,0.01,0.02,0.0,0.02,8.34,1,Hoilett,MID,Cardiff,2018-19,0.21,0.32,"recency-weighted FPL points, decay 8**(-age/3)"
1407,José Heriberto,Izquierdo Mena,0.32,0.01,0.02,0.03,0.0,0.01,6.94,3,Izquierdo,MID,Brighton,2019-20,0.35,0.32,"recency-weighted FPL points, decay 8**(-age/3)"
1408,Harry,Arter,0.32,0.0,0.01,0.01,0.0,0.01,12.57,5,Arter,MID,Nott'm Forest,2023-24,0.08,0.32,"recency-weighted FPL points, decay 8**(-age/3)"
1409,Stephen,Ward,0.32,0.0,0.0,0.01,0.0,0.02,8.85,3,Ward,DEF,Burnley,2018-19,0.06,0.32,"recency-weighted FPL points, decay 8**(-age/3)"
1410,Terence,Kongolo,0.32,0.0,0.0,0.01,0.0,0.02,14.06,5,Kongolo,DEF,Fulham,2023-24,0.05,0.32,"recency-weighted FPL points, decay 8**(-age/3)"
1411,José,Reina,0.32,0.0,0.0,0.0,0.0,0.03,8.44,1,Reina,GKP,Aston Villa,2019-20,0.0,0.32,"recency-weighted FPL points, decay 8**(-age/3)"
1412,Cesc,Fàbregas,0.32,0.01,0.02,0.03,0.0,0.03,6.48,3,Fàbregas,MID,Chelsea,2018-19,0.43,0.32,"recency-weighted FPL points, decay 8**(-age/3)"
1413,Willy,Caballero,0.31,0.0,0.0,0.0,0.0,0.0,13.2,7,Caballero,GKP,Southampton,2022-23,0.0,0.31,"recency-weighted FPL points, decay 8**(-age/3)"
1414,Sergi,Canós Tenés,0.31,0.0,0.0,0.0,0.01,0.0,4.56,2,Canós,MID,Brentford,2023-24,0.0,0.31,"recency-weighted FPL points, decay 8**(-age/3)"
1415,Chris,Löwe,0.31,0.0,0.02,0.02,0.0,0.02,11.11,2,Löwe,DEF,Huddersfield,2018-19,0.13,0.31,"recency-weighted FPL points, decay 8**(-age/3)"
1416,Charlie,Goode,0.31,0.0,0.0,0.0,0.0,0.0,14.0,3,Goode,DEF,Brentford,2023-24,0.0,0.31,"recency-weighted FPL points, decay 8**(-age/3)"
1417,Jonathan,Hogg,0.31,0.0,0.0,0.0,0.0,0.01,13.93,2,Hogg,MID,Huddersfield,2018-19,0.03,0.31,"recency-weighted FPL points, decay 8**(-age/3)"
1418,Oghenekaro Peter,Etebo,0.31,0.0,0.0,0.0,0.0,0.0,12.37,1,Etebo,MID,Watford,2021-22,0.0,0.31,"recency-weighted FPL points, decay 8**(-age/3)"
1419,Ozan,Tufan,0.31,0.0,0.0,0.0,0.0,0.0,10.44,1,Tufan,MID,Watford,2021-22,0.0,0.31,"recency-weighted FPL points, decay 8**(-age/3)"
1420,Shinji,Okazaki,0.31,0.01,0.01,0.03,0.0,0.02,5.15,3,Okazaki,FWD,Leicester,2018-19,0.44,0.31,"recency-weighted FPL points, decay 8**(-age/3)"
1421,Joseph,Hodge,0.31,0.0,0.0,0.0,0.02,0.0,10.75,1,Hodge,MID,Wolves,2022-23,0.0,0.31,"recency-weighted FPL points, decay 8**(-age/3)"
1422,Callum,Paterson,0.31,0.02,0.01,0.02,0.0,0.02,7.79,1,Paterson,MID,Cardiff,2018-19,0.27,0.31,"recency-weighted FPL points, decay 8**(-age/3)"
1423,Bobby,Reid,0.31,0.02,0.01,0.03,0.0,0.04,5.52,1,Reid,FWD,Cardiff,2018-19,0.51,0.31,"recency-weighted FPL points, decay 8**(-age/3)"
1424,Samuel,Amo-Ameyaw,0.31,0.0,0.0,0.0,0.04,0.0,6.69,2,Amo-Ameyaw,MID,Southampton,2024-25,0.0,0.31,"recency-weighted FPL points, decay 8**(-age/3)"
1425,Gustavo Henrique,Furtado Scarpa,0.31,0.0,0.0,0.0,0.02,0.0,11.06,2,G.Scarpa,MID,Nott'm Forest,2023-24,0.0,0.31,"recency-weighted FPL points, decay 8**(-age/3)"
1426,Artur,Boruc,0.3,0.0,0.0,0.0,0.0,0.02,7.29,4,Boruc,GKP,Bournemouth,2019-20,0.0,0.3,"recency-weighted FPL points, decay 8**(-age/3)"
1427,Joe,Bennett,0.3,0.0,0.0,0.0,0.0,0.02,10.31,1,Bennett,DEF,Cardiff,2018-19,0.03,0.3,"recency-weighted FPL points, decay 8**(-age/3)"
1428,Josh,Murphy,0.3,0.01,0.01,0.02,0.0,0.01,7.07,1,Murphy,MID,Cardiff,2018-19,0.25,0.3,"recency-weighted FPL points, decay 8**(-age/3)"
1429,Kieran,Gibbs,0.29,0.0,0.0,0.0,0.0,0.01,18.86,3,Gibbs,DEF,West Brom,2020-21,0.02,0.29,"recency-weighted FPL points, decay 8**(-age/3)"
1430,Jürgen,Locadia,0.29,0.01,0.0,0.01,0.0,0.03,6.57,4,Locadia,FWD,Brighton,2021-22,0.16,0.29,"recency-weighted FPL points, decay 8**(-age/3)"
1431,Jermain,Defoe,0.29,0.02,0.01,0.03,0.0,0.03,5.43,3,Defoe,FWD,Bournemouth,2018-19,0.49,0.29,"recency-weighted FPL points, decay 8**(-age/3)"
1432,Ryan,Babel,0.29,0.02,0.02,0.04,0.0,0.03,4.88,1,Babel,MID,Fulham,2018-19,0.65,0.29,"recency-weighted FPL points, decay 8**(-age/3)"
1433,Wayne,Rooney,0.29,0.02,0.01,0.04,0.0,0.05,5.93,2,Rooney,FWD,Everton,2017-18,0.53,0.29,"recency-weighted FPL points, decay 8**(-age/3)"
1434,André,Schürrle,0.29,0.02,0.0,0.02,0.0,0.01,6.4,1,Schürrle,MID,Fulham,2018-19,0.33,0.29,"recency-weighted FPL points, decay 8**(-age/3)"
1435,Florent,Hadergjonaj,0.29,0.0,0.0,0.0,0.0,0.01,10.44,2,Hadergjonaj,DEF,Huddersfield,2018-19,0.02,0.29,"recency-weighted FPL points, decay 8**(-age/3)"
1436,Kyle,Naughton,0.28,0.0,0.0,0.0,0.0,0.03,8.57,2,Naughton,DEF,Swansea,2017-18,0.05,0.28,"recency-weighted FPL points, decay 8**(-age/3)"
1437,Jacob,Sørensen,0.28,0.0,0.0,0.0,0.0,0.0,18.75,1,Sørensen,DEF,Norwich,2021-22,0.0,0.28,"recency-weighted FPL points, decay 8**(-age/3)"
1438,Emre,Can,0.28,0.01,0.01,0.02,0.0,0.03,6.4,2,Can,MID,Liverpool,2017-18,0.34,0.28,"recency-weighted FPL points, decay 8**(-age/3)"
1439,Jean Michael,Seri,0.28,0.0,0.01,0.02,0.0,0.02,8.75,1,Seri,MID,Fulham,2018-19,0.16,0.28,"recency-weighted FPL points, decay 8**(-age/3)"
1440,Jack,Wilshere,0.28,0.0,0.02,0.02,0.0,0.01,7.37,5,Wilshere,MID,West Ham,2020-21,0.23,0.28,"recency-weighted FPL points, decay 8**(-age/3)"
1441,Filip,Krovinovic,0.27,0.0,0.0,0.0,0.0,0.0,8.45,1,Krovinovic,MID,West Brom,2020-21,0.0,0.27,"recency-weighted FPL points, decay 8**(-age/3)"
1442,Antwoine,Hackford,0.27,0.0,0.0,0.0,0.0,0.0,1.53,2,Hackford,FWD,Sheffield Utd,2023-24,0.0,0.27,"recency-weighted FPL points, decay 8**(-age/3)"
1443,Christoph,Zimmermann,0.27,0.0,0.01,0.01,0.0,0.01,16.05,2,Zimmermann,DEF,Norwich,2021-22,0.04,0.27,"recency-weighted FPL points, decay 8**(-age/3)"
1444,Wesley,Hoedt,0.26,0.0,0.0,0.0,0.0,0.03,9.49,3,Hoedt,DEF,Southampton,2019-20,0.04,0.26,"recency-weighted FPL points, decay 8**(-age/3)"
1445,Victor,Wanyama,0.26,0.01,0.0,0.01,0.0,0.02,6.76,4,Wanyama,MID,Spurs,2019-20,0.16,0.26,"recency-weighted FPL points, decay 8**(-age/3)"
1446,Manolo,Gabbiadini,0.26,0.02,0.0,0.02,0.0,0.04,4.62,3,Gabbiadini,FWD,Southampton,2018-19,0.36,0.26,"recency-weighted FPL points, decay 8**(-age/3)"
1447,Vítezslav,Jaros,0.25,0.0,0.0,0.0,0.0,0.0,2.75,1,Jaros,GKP,Liverpool,2024-25,0.0,0.25,"recency-weighted FPL points, decay 8**(-age/3)"
1448,Steven,Davis,0.25,0.01,0.01,0.02,0.0,0.02,5.92,3,Davis,MID,Southampton,2018-19,0.25,0.25,"recency-weighted FPL points, decay 8**(-age/3)"
1449,Jayden,Meghoma,0.25,0.0,0.0,0.0,0.0,0.0,1.0,2,Meghoma,DEF,Brentford,2025-26,0.0,0.25,"recency-weighted FPL points, decay 8**(-age/3)"
1450,Deivid Washington,de Souza Eugênio,0.25,0.0,0.0,0.0,0.06,0.0,1.38,2,Deivid,FWD,Chelsea,2024-25,0.0,0.25,"recency-weighted FPL points, decay 8**(-age/3)"
1451,Cengiz,Ünder,0.25,0.0,0.03,0.03,0.0,0.0,4.3,1,Ünder,MID,Leicester,2020-21,0.65,0.25,"recency-weighted FPL points, decay 8**(-age/3)"
1452,Omari,Kellyman,0.25,0.0,0.0,0.0,0.0,0.0,4.38,2,Kellyman,MID,Chelsea,2024-25,0.0,0.25,"recency-weighted FPL points, decay 8**(-age/3)"
1453,Brandon,Austin,0.25,0.0,0.0,0.0,0.0,0.0,22.5,6,Austin,GKP,Spurs,2025-26,0.0,0.25,"recency-weighted FPL points, decay 8**(-age/3)"
1454,Marco,Stiepermann,0.25,0.0,0.0,0.0,0.0,0.0,9.16,2,Stiepermann,MID,Norwich,2021-22,0.0,0.25,"recency-weighted FPL points, decay 8**(-age/3)"
1455,Nathan,Butler-Oyedeji,0.25,0.0,0.0,0.0,0.02,0.0,1.5,2,Butler-Oyedeji,FWD,Arsenal,2024-25,0.0,0.25,"recency-weighted FPL points, decay 8**(-age/3)"
1456,Ronnie,Edwards,0.25,0.0,0.0,0.0,0.0,0.0,3.0,1,Edwards,DEF,Southampton,2024-25,0.0,0.25,"recency-weighted FPL points, decay 8**(-age/3)"
1457,Mason,Burstow,0.25,0.0,0.0,0.0,0.0,0.0,1.0,1,Burstow,FWD,Chelsea,2023-24,0.0,0.25,"recency-weighted FPL points, decay 8**(-age/3)"
1458,Tom,King,0.25,0.0,0.0,0.0,0.0,0.0,0.25,3,King,GKP,Everton,2025-26,0.0,0.25,"recency-weighted FPL points, decay 8**(-age/3)"
1459,Olabade,Aluko,0.25,0.0,0.0,0.0,0.0,0.0,0.25,1,Olabade Aluko,DEF,Leicester,2024-25,0.0,0.25,"recency-weighted FPL points, decay 8**(-age/3)"
1460,Remy,Rees-Dottin,0.25,0.0,0.0,0.0,0.0,0.0,0.25,2,Rees-Dottin,MID,Bournemouth,2025-26,0.0,0.25,"recency-weighted FPL points, decay 8**(-age/3)"
1461,Jahmai,Simpson-Pusey,0.25,0.0,0.0,0.0,0.0,0.0,23.75,1,Simpson-Pusey,DEF,Man City,2024-25,0.0,0.25,"recency-weighted FPL points, decay 8**(-age/3)"
1462,Alfie,Dorrington,0.25,0.0,0.0,0.0,0.0,0.0,3.25,2,Dorrington,DEF,Spurs,2024-25,0.0,0.25,"recency-weighted FPL points, decay 8**(-age/3)"
1463,Zain,Silcott-Duberry,0.25,0.0,0.0,0.0,0.0,0.0,0.25,2,Silcott-Duberry,MID,Bournemouth,2025-26,0.0,0.25,"recency-weighted FPL points, decay 8**(-age/3)"
1464,Ryan,Trevitt,0.25,0.0,0.0,0.0,0.0,0.0,0.75,4,Trevitt,MID,Brentford,2025-26,0.0,0.25,"recency-weighted FPL points, decay 8**(-age/3)"
1465,Zack,Nelson,0.25,0.0,0.0,0.0,0.0,0.0,0.5,1,Nelson,MID,Luton,2023-24,0.0,0.25,"recency-weighted FPL points, decay 8**(-age/3)"
1466,Jamie,Donley,0.25,0.0,0.0,0.0,0.0,0.0,0.38,1,Donley,FWD,Spurs,2023-24,0.0,0.25,"recency-weighted FPL points, decay 8**(-age/3)"
1467,Claudio,Echeverri,0.25,0.0,0.0,0.0,0.0,0.0,1.25,2,Echeverri,MID,Man City,2025-26,0.0,0.25,"recency-weighted FPL points, decay 8**(-age/3)"
1468,Darren,Randolph,0.25,0.0,0.0,0.0,0.0,0.0,7.56,7,Randolph,GKP,Bournemouth,2023-24,0.0,0.25,"recency-weighted FPL points, decay 8**(-age/3)"
1469,Woyo,Coulibaly,0.25,0.0,0.0,0.0,0.02,0.0,26.75,1,Coulibaly,DEF,Leicester,2024-25,0.0,0.25,"recency-weighted FPL points, decay 8**(-age/3)"
1470,Ionuț,Radu,0.25,0.0,0.0,0.0,0.0,0.0,22.5,1,Radu,GKP,Bournemouth,2023-24,0.0,0.25,"recency-weighted FPL points, decay 8**(-age/3)"
1471,Vitor,de Oliveira Nunes dos Reis,0.25,0.0,0.0,0.0,0.0,0.0,0.25,2,Vitor Reis,DEF,Man City,2025-26,0.0,0.25,"recency-weighted FPL points, decay 8**(-age/3)"
1472,Will,Alves,0.25,0.0,0.0,0.0,0.0,0.0,0.25,1,Alves,MID,Leicester,2024-25,0.0,0.25,"recency-weighted FPL points, decay 8**(-age/3)"
1473,Thomas,Cannon,0.25,0.0,0.0,0.0,0.01,0.0,1.56,2,Cannon,FWD,Everton,2023-24,0.0,0.25,"recency-weighted FPL points, decay 8**(-age/3)"
1474,Eiran,Cashin,0.25,0.0,0.0,0.0,0.0,0.0,4.75,2,Cashin,DEF,Brighton,2025-26,0.0,0.25,"recency-weighted FPL points, decay 8**(-age/3)"
1475,Halil,Dervişoğlu,0.25,0.0,0.06,0.06,0.0,0.0,0.38,3,Dervişoğlu,FWD,Brentford,2023-24,15.0,0.25,"recency-weighted FPL points, decay 8**(-age/3)"
1476,Ben,Doak,0.25,0.0,0.0,0.0,0.0,0.0,3.06,3,Doak,MID,Liverpool,2024-25,0.0,0.25,"recency-weighted FPL points, decay 8**(-age/3)"
1477,Zack,Steffen,0.25,0.0,0.0,0.0,0.0,0.03,4.22,4,Steffen,GKP,Man City,2023-24,0.0,0.25,"recency-weighted FPL points, decay 8**(-age/3)"
1478,George,Edmundson,0.25,0.0,0.0,0.0,0.0,0.0,0.25,1,Edmundson,DEF,Ipswich,2024-25,0.0,0.25,"recency-weighted FPL points, decay 8**(-age/3)"
1479,Tomiyasu,Takehiro,0.25,0.0,0.0,0.0,0.04,0.0,1.5,1,Tomiyasu,DEF,Arsenal,2024-25,0.0,0.25,"recency-weighted FPL points, decay 8**(-age/3)"
1480,Harry,Clarke,0.25,0.0,0.0,0.0,0.04,0.0,94.25,1,H.Clarke,DEF,Ipswich,2024-25,0.0,0.25,"recency-weighted FPL points, decay 8**(-age/3)"
1481,Juan,Larios López,0.25,0.0,0.0,0.0,0.0,0.0,9.38,2,Larios,DEF,Southampton,2024-25,0.0,0.25,"recency-weighted FPL points, decay 8**(-age/3)"
1482,Mathis,Amougou,0.25,0.0,0.0,0.0,0.0,0.0,1.75,1,Amougou,MID,Chelsea,2024-25,0.0,0.25,"recency-weighted FPL points, decay 8**(-age/3)"
1483,Mark,O’Mahony,0.25,0.0,0.0,0.0,0.01,0.0,7.62,2,O’Mahony,FWD,Brighton,2024-25,0.0,0.25,"recency-weighted FPL points, decay 8**(-age/3)"
1484,Michael,Golding,0.25,0.0,0.0,0.0,0.0,0.0,0.25,1,Golding,MID,Leicester,2024-25,0.0,0.25,"recency-weighted FPL points, decay 8**(-age/3)"
1485,Jose Luis,Mato Sanmartín,0.25,0.02,0.0,0.02,0.0,0.02,5.62,4,Joselu,FWD,Newcastle,2019-20,0.28,0.25,"recency-weighted FPL points, decay 8**(-age/3)"
1486,Javier,Manquillo Gaitán,0.25,0.0,0.0,0.0,0.0,0.0,2.13,2,Manquillo,DEF,Newcastle,2023-24,0.0,0.25,"recency-weighted FPL points, decay 8**(-age/3)"
1487,Rhys,Norrington-Davies,0.25,0.0,0.0,0.0,0.0,0.0,13.62,1,Norrington-Davies,DEF,Sheffield Utd,2023-24,0.0,0.25,"recency-weighted FPL points, decay 8**(-age/3)"
1488,Daniel,Sturridge,0.25,0.01,0.01,0.03,0.0,0.01,3.76,3,Sturridge,FWD,Liverpool,2018-19,0.61,0.25,"recency-weighted FPL points, decay 8**(-age/3)"
1489,Nathaniel,Mendez-Laing,0.25,0.02,0.0,0.02,0.0,0.02,3.82,1,Mendez-Laing,MID,Cardiff,2018-19,0.46,0.25,"recency-weighted FPL points, decay 8**(-age/3)"
1490,Aron,Gunnarsson,0.25,0.0,0.0,0.01,0.0,0.01,8.85,1,Gunnarsson,MID,Cardiff,2018-19,0.08,0.25,"recency-weighted FPL points, decay 8**(-age/3)"
1491,Chris,Brunt,0.25,0.0,0.02,0.02,0.0,0.02,6.16,2,Brunt,MID,West Brom,2017-18,0.33,0.25,"recency-weighted FPL points, decay 8**(-age/3)"
1492,Alfie,Pond,0.25,0.0,0.0,0.0,0.0,0.0,0.25,2,Pond,DEF,Wolves,2025-26,0.0,0.25,"recency-weighted FPL points, decay 8**(-age/3)"
1493,Peter,Crouch,0.25,0.02,0.01,0.03,0.0,0.02,4.68,3,Crouch,FWD,Burnley,2018-19,0.53,0.25,"recency-weighted FPL points, decay 8**(-age/3)"
1494,Marouane,Fellaini,0.24,0.01,0.01,0.02,0.0,0.01,5.67,3,Fellaini,MID,Man Utd,2018-19,0.26,0.24,"recency-weighted FPL points, decay 8**(-age/3)"
1495,Mame Biram,Diouf,0.24,0.01,0.01,0.02,0.0,0.02,6.42,2,Diouf,FWD,Stoke,2017-18,0.29,0.24,"recency-weighted FPL points, decay 8**(-age/3)"
1496,Danny,Simpson,0.24,0.0,0.0,0.0,0.0,0.0,8.55,3,Simpson,DEF,Leicester,2018-19,0.03,0.24,"recency-weighted FPL points, decay 8**(-age/3)"
1497,Simon,Mignolet,0.24,0.0,0.0,0.0,0.0,0.01,5.8,4,Mignolet,GKP,Liverpool,2019-20,0.0,0.24,"recency-weighted FPL points, decay 8**(-age/3)"
1498,Heurelho,Gomes,0.24,0.0,0.0,0.0,0.0,0.01,7.42,3,Gomes,GKP,Watford,2018-19,0.0,0.24,"recency-weighted FPL points, decay 8**(-age/3)"
1499,Yohan,Cabaye,0.23,0.0,0.01,0.02,0.0,0.01,6.71,2,Cabaye,MID,Crystal Palace,2017-18,0.21,0.23,"recency-weighted FPL points, decay 8**(-age/3)"
1500,Mbwana,Samatta,0.23,0.01,0.0,0.01,0.0,0.02,7.34,2,Samatta,FWD,Aston Villa,2020-21,0.1,0.23,"recency-weighted FPL points, decay 8**(-age/3)"
1501,Mousa,Dembélé,0.23,0.0,0.0,0.0,0.0,0.01,7.67,3,Dembélé,MID,Spurs,2018-19,0.03,0.23,"recency-weighted FPL points, decay 8**(-age/3)"
1502,Sam,Clucas,0.23,0.01,0.0,0.01,0.0,0.01,7.09,2,Clucas,MID,Swansea,2017-18,0.15,0.23,"recency-weighted FPL points, decay 8**(-age/3)"
1503,Ashley,Williams,0.23,0.0,0.0,0.01,0.0,0.01,6.66,3,Williams,DEF,Everton,2018-19,0.08,0.23,"recency-weighted FPL points, decay 8**(-age/3)"
1504,Darren,Fletcher,0.23,0.0,0.0,0.01,0.0,0.01,7.49,2,Fletcher,MID,Stoke,2017-18,0.11,0.23,"recency-weighted FPL points, decay 8**(-age/3)"
1505,Aboubakar,Kamara,0.23,0.01,0.0,0.01,0.0,0.01,7.48,2,Kamara,MID,Fulham,2020-21,0.14,0.23,"recency-weighted FPL points, decay 8**(-age/3)"
1506,Mario,Vrancic,0.23,0.01,0.0,0.01,0.0,0.01,4.87,1,Vrancic,MID,Norwich,2019-20,0.14,0.23,"recency-weighted FPL points, decay 8**(-age/3)"
1507,Ryan,Shawcross,0.22,0.0,0.0,0.01,0.0,0.01,7.71,2,Shawcross,DEF,Stoke,2017-18,0.08,0.22,"recency-weighted FPL points, decay 8**(-age/3)"
1508,Ahmed El-Sayed,Hegazi,0.22,0.0,0.0,0.0,0.0,0.02,6.61,1,Hegazi,DEF,West Brom,2017-18,0.05,0.22,"recency-weighted FPL points, decay 8**(-age/3)"
1509,Tyler,Onyango,0.22,0.0,0.0,0.0,0.0,0.0,0.97,4,Onyango,MID,Everton,2025-26,0.0,0.22,"recency-weighted FPL points, decay 8**(-age/3)"
1510,Martin,Olsson,0.22,0.0,0.0,0.0,0.0,0.0,7.37,2,Olsson,DEF,Swansea,2017-18,0.05,0.22,"recency-weighted FPL points, decay 8**(-age/3)"
1511,Pelenda Joshua,Dasilva,0.22,0.0,0.0,0.0,0.0,0.0,7.81,1,Dasilva,MID,Brentford,2021-22,0.0,0.22,"recency-weighted FPL points, decay 8**(-age/3)"
1512,Francisco,Casilla Cortés,0.22,0.0,0.0,0.0,0.0,0.03,4.22,2,Casilla,GKP,Leeds,2021-22,0.0,0.22,"recency-weighted FPL points, decay 8**(-age/3)"
1513,Ian Carlo,Poveda-Ocampo,0.22,0.0,0.0,0.0,0.0,0.0,5.38,2,Poveda,MID,Leeds,2021-22,0.0,0.22,"recency-weighted FPL points, decay 8**(-age/3)"
1514,Luke,Cundle,0.22,0.0,0.0,0.0,0.0,0.0,5.59,6,Cundle,MID,Wolves,2024-25,0.0,0.22,"recency-weighted FPL points, decay 8**(-age/3)"
1515,Samuel,Kalu,0.22,0.0,0.0,0.0,0.0,0.0,6.91,1,Kalu,MID,Watford,2021-22,0.0,0.22,"recency-weighted FPL points, decay 8**(-age/3)"
1516,Tom,Trybull,0.22,0.0,0.0,0.0,0.0,0.0,8.81,1,Trybull,MID,Norwich,2019-20,0.0,0.22,"recency-weighted FPL points, decay 8**(-age/3)"
1517,Tom,Carroll,0.22,0.0,0.01,0.01,0.0,0.02,6.36,2,Carroll,MID,Swansea,2017-18,0.15,0.22,"recency-weighted FPL points, decay 8**(-age/3)"
1518,Steven,Defour,0.21,0.0,0.0,0.01,0.0,0.01,6.7,4,Defour,MID,Burnley,2019-20,0.1,0.21,"recency-weighted FPL points, decay 8**(-age/3)"
1519,Allan-Roméo,Nyom,0.21,0.0,0.0,0.0,0.0,0.02,7.08,2,Nyom,DEF,West Brom,2017-18,0.05,0.21,"recency-weighted FPL points, decay 8**(-age/3)"
1520,Eric Maxim,Choupo-Moting,0.21,0.01,0.01,0.02,0.0,0.02,4.38,1,Choupo-Moting,MID,Stoke,2017-18,0.4,0.21,"recency-weighted FPL points, decay 8**(-age/3)"
1521,Gonzalo,Higuaín,0.21,0.02,0.0,0.02,0.0,0.02,4.23,1,Higuaín,FWD,Chelsea,2018-19,0.42,0.21,"recency-weighted FPL points, decay 8**(-age/3)"
1522,Patrick,Cutrone,0.21,0.02,0.0,0.02,0.0,0.0,2.64,3,Cutrone,FWD,Wolves,2021-22,0.53,0.21,"recency-weighted FPL points, decay 8**(-age/3)"
1523,Carlos Vinicius,Alves Morais,0.2,0.02,0.0,0.02,0.0,0.0,4.77,1,Carlos Vinicius,FWD,Spurs,2020-21,0.3,0.2,"recency-weighted FPL points, decay 8**(-age/3)"
1524,Lee,Peltier,0.2,0.0,0.0,0.0,0.0,0.0,9.59,2,Peltier,DEF,West Brom,2020-21,0.0,0.2,"recency-weighted FPL points, decay 8**(-age/3)"
1525,Hélder,Costa,0.2,0.0,0.01,0.01,0.0,0.0,5.21,2,Costa,MID,Wolves,2019-20,0.2,0.2,"recency-weighted FPL points, decay 8**(-age/3)"
1526,Elias,Kachunga,0.2,0.0,0.0,0.0,0.0,0.0,7.18,2,Kachunga,FWD,Huddersfield,2018-19,0.05,0.2,"recency-weighted FPL points, decay 8**(-age/3)"
1527,Josip,Drmic,0.2,0.01,0.0,0.01,0.0,0.0,4.97,1,Drmic,FWD,Norwich,2019-20,0.14,0.2,"recency-weighted FPL points, decay 8**(-age/3)"
1528,Isaac,Success Ajayi,0.2,0.0,0.0,0.01,0.0,0.0,4.54,3,Success,FWD,Watford,2021-22,0.15,0.2,"recency-weighted FPL points, decay 8**(-age/3)"
1529,Daniel,N'Lundulu,0.2,0.0,0.0,0.0,0.0,0.0,1.59,3,Nlundulu,FWD,Southampton,2021-22,0.0,0.2,"recency-weighted FPL points, decay 8**(-age/3)"
1530,Timothy,Fosu-Mensah,0.19,0.0,0.0,0.0,0.0,0.01,8.61,5,Fosu-Mensah,DEF,Man Utd,2020-21,0.0,0.19,"recency-weighted FPL points, decay 8**(-age/3)"
1531,Mateo Joseph,Fernández,0.19,0.0,0.0,0.0,0.0,0.0,1.5,1,Mateo Joseph,FWD,Leeds,2022-23,0.0,0.19,"recency-weighted FPL points, decay 8**(-age/3)"
1532,Florin,Andone,0.19,0.02,0.0,0.02,0.0,0.02,3.94,4,Andone,FWD,Brighton,2021-22,0.45,0.19,"recency-weighted FPL points, decay 8**(-age/3)"
1533,Denis,Odoi,0.19,0.0,0.0,0.0,0.0,0.01,14.35,2,Odoi,DEF,Fulham,2020-21,0.02,0.19,"recency-weighted FPL points, decay 8**(-age/3)"
1534,Malcolm,Ebiowei,0.19,0.0,0.0,0.0,0.0,0.0,1.94,4,Ebiowei,MID,Crystal Palace,2025-26,0.0,0.19,"recency-weighted FPL points, decay 8**(-age/3)"
1535,Ragnar,Klavan,0.19,0.0,0.0,0.0,0.0,0.02,4.21,3,Klavan,DEF,Liverpool,2018-19,0.04,0.19,"recency-weighted FPL points, decay 8**(-age/3)"
1536,Ondrej,Duda,0.19,0.0,0.01,0.01,0.0,0.0,5.65,1,Duda,MID,Norwich,2019-20,0.12,0.19,"recency-weighted FPL points, decay 8**(-age/3)"
1537,Erik,Durm,0.19,0.0,0.0,0.0,0.0,0.01,8.0,1,Durm,DEF,Huddersfield,2018-19,0.04,0.19,"recency-weighted FPL points, decay 8**(-age/3)"
1538,Beram,Kayal,0.19,0.0,0.0,0.01,0.0,0.0,5.09,3,Kayal,MID,Brighton,2019-20,0.14,0.19,"recency-weighted FPL points, decay 8**(-age/3)"
1539,Fabio,Carvalho,0.19,0.02,0.0,0.02,0.0,0.0,3.97,1,Carvalho,MID,Fulham,2020-21,0.35,0.19,"recency-weighted FPL points, decay 8**(-age/3)"
1540,Ivan,Cavaleiro,0.19,0.01,0.0,0.02,0.0,0.01,2.64,2,Cavaleiro,MID,Wolves,2019-20,0.53,0.19,"recency-weighted FPL points, decay 8**(-age/3)"
1541,Joseph,Whitworth,0.19,0.0,0.0,0.0,0.0,0.0,11.25,1,Whitworth,GKP,Crystal Palace,2022-23,0.0,0.19,"recency-weighted FPL points, decay 8**(-age/3)"
1542,John,Ruddy,0.18,0.0,0.0,0.0,0.0,0.0,5.99,6,Ruddy,GKP,Newcastle,2025-26,0.0,0.18,"recency-weighted FPL points, decay 8**(-age/3)"
1543,Neil,Taylor,0.18,0.0,0.0,0.0,0.0,0.0,9.63,3,Taylor,DEF,Aston Villa,2020-21,0.01,0.18,"recency-weighted FPL points, decay 8**(-age/3)"
1544,Joe,Ralls,0.18,0.0,0.0,0.0,0.0,0.0,7.63,1,Ralls,MID,Cardiff,2018-19,0.0,0.18,"recency-weighted FPL points, decay 8**(-age/3)"
1545,Winston,Reid,0.18,0.0,0.0,0.0,0.0,0.02,5.36,5,Reid,DEF,West Ham,2021-22,0.08,0.18,"recency-weighted FPL points, decay 8**(-age/3)"
1546,Matteo,Darmian,0.18,0.0,0.0,0.0,0.0,0.02,3.9,4,Darmian,DEF,Man Utd,2019-20,0.0,0.18,"recency-weighted FPL points, decay 8**(-age/3)"
1547,Claudio,Bravo,0.18,0.0,0.0,0.0,0.0,0.0,5.06,5,Bravo,GKP,Man City,2020-21,0.0,0.18,"recency-weighted FPL points, decay 8**(-age/3)"
1548,Luciano,Vietto,0.18,0.0,0.02,0.02,0.0,0.02,3.83,1,Vietto,FWD,Fulham,2018-19,0.46,0.18,"recency-weighted FPL points, decay 8**(-age/3)"
1549,Rajiv,van La Parra,0.18,0.01,0.0,0.01,0.0,0.01,5.74,2,van La Parra,MID,Huddersfield,2018-19,0.09,0.18,"recency-weighted FPL points, decay 8**(-age/3)"
1550,Gareth,Barry,0.18,0.0,0.0,0.01,0.0,0.0,5.81,2,Barry,MID,West Brom,2017-18,0.14,0.18,"recency-weighted FPL points, decay 8**(-age/3)"
1551,Scott,Arfield,0.18,0.0,0.01,0.01,0.0,0.01,4.65,2,Arfield,MID,Burnley,2017-18,0.21,0.18,"recency-weighted FPL points, decay 8**(-age/3)"
1552,Leroy,Fer,0.17,0.01,0.0,0.01,0.0,0.0,5.07,2,Fer,MID,Swansea,2017-18,0.21,0.17,"recency-weighted FPL points, decay 8**(-age/3)"
1553,Connor,Wickham,0.17,0.01,0.01,0.02,0.0,0.02,1.34,5,Wickham,FWD,Crystal Palace,2020-21,1.44,0.17,"recency-weighted FPL points, decay 8**(-age/3)"
1554,Jaden,Philogene-Bidace,0.17,0.0,0.0,0.0,0.0,0.0,0.52,4,Philogene,MID,Aston Villa,2023-24,0.0,0.17,"recency-weighted FPL points, decay 8**(-age/3)"
1555,Jason,Puncheon,0.17,0.0,0.01,0.01,0.0,0.01,5.67,3,Puncheon,MID,Huddersfield,2018-19,0.09,0.17,"recency-weighted FPL points, decay 8**(-age/3)"
1556,Zlatan,Ibrahimovic,0.17,0.02,0.01,0.02,0.0,0.03,2.58,2,Ibrahimovic,FWD,Man Utd,2017-18,0.82,0.17,"recency-weighted FPL points, decay 8**(-age/3)"
1557,Kamil,Grosicki,0.17,0.0,0.02,0.02,0.0,0.0,3.41,2,Grosicki,MID,West Brom,2020-21,0.54,0.17,"recency-weighted FPL points, decay 8**(-age/3)"
1558,Cyrus,Christie,0.16,0.0,0.0,0.0,0.0,0.01,7.58,2,Christie,DEF,Fulham,2020-21,0.05,0.16,"recency-weighted FPL points, decay 8**(-age/3)"
1559,Josh,Benson,0.16,0.0,0.0,0.0,0.0,0.0,4.06,4,Benson,MID,Burnley,2021-22,0.0,0.16,"recency-weighted FPL points, decay 8**(-age/3)"
1560,Sebastian,Prödl,0.16,0.0,0.0,0.0,0.0,0.0,6.25,4,Prödl,DEF,Watford,2019-20,0.04,0.16,"recency-weighted FPL points, decay 8**(-age/3)"
1561,Maxime,Le Marchand,0.16,0.0,0.0,0.0,0.0,0.0,10.7,2,Le Marchand,DEF,Fulham,2020-21,0.03,0.16,"recency-weighted FPL points, decay 8**(-age/3)"
1562,Francisco,Sierralta,0.16,0.0,0.0,0.0,0.0,0.0,13.34,1,Sierralta,DEF,Watford,2021-22,0.0,0.16,"recency-weighted FPL points, decay 8**(-age/3)"
1563,Juan,Foyth,0.16,0.0,0.0,0.0,0.0,0.02,3.98,4,Foyth,DEF,Spurs,2020-21,0.09,0.16,"recency-weighted FPL points, decay 8**(-age/3)"
1564,Tom,Ince,0.16,0.0,0.0,0.01,0.0,0.01,4.79,2,Ince,MID,Huddersfield,2018-19,0.11,0.16,"recency-weighted FPL points, decay 8**(-age/3)"
1565,Jeremy,Sarmiento,0.16,0.0,0.0,0.0,0.0,0.0,1.37,1,Sarmiento,MID,Brighton,2021-22,0.0,0.16,"recency-weighted FPL points, decay 8**(-age/3)"
1566,Mike,van der Hoorn,0.16,0.0,0.0,0.0,0.0,0.01,4.44,2,van der Hoorn,DEF,Swansea,2017-18,0.06,0.16,"recency-weighted FPL points, decay 8**(-age/3)"
1567,David,Martin,0.16,0.0,0.0,0.0,0.0,0.02,3.4,2,Martin,GKP,West Ham,2020-21,0.0,0.16,"recency-weighted FPL points, decay 8**(-age/3)"
1568,Nicolas,Nkoulou,0.16,0.0,0.0,0.0,0.0,0.0,5.22,1,Nkoulou,DEF,Watford,2021-22,0.0,0.16,"recency-weighted FPL points, decay 8**(-age/3)"
1569,Yoshinori,Muto,0.16,0.0,0.0,0.0,0.0,0.0,3.62,3,Muto,FWD,Newcastle,2020-21,0.1,0.16,"recency-weighted FPL points, decay 8**(-age/3)"
1570,Daniel,Drinkwater,0.16,0.0,0.0,0.0,0.0,0.0,5.9,4,Drinkwater,MID,Aston Villa,2019-20,0.06,0.16,"recency-weighted FPL points, decay 8**(-age/3)"
1571,Kaide,Gordon,0.16,0.0,0.0,0.0,0.0,0.0,0.38,2,Gordon,MID,Liverpool,2023-24,0.0,0.16,"recency-weighted FPL points, decay 8**(-age/3)"
1572,Jose,Fonte,0.16,0.0,0.0,0.0,0.0,0.02,4.21,2,Fonte,DEF,West Ham,2017-18,0.08,0.16,"recency-weighted FPL points, decay 8**(-age/3)"
1573,Lucas,Pérez,0.15,0.01,0.0,0.01,0.0,0.02,2.08,3,Lucas,FWD,West Ham,2018-19,0.59,0.15,"recency-weighted FPL points, decay 8**(-age/3)"
1574,Isaac,Mbenza,0.15,0.0,0.0,0.01,0.0,0.0,3.82,1,Mbenza,MID,Huddersfield,2018-19,0.18,0.15,"recency-weighted FPL points, decay 8**(-age/3)"
1575,Daley,Blind,0.15,0.0,0.0,0.0,0.0,0.02,2.49,3,Blind,DEF,Man Utd,2018-19,0.11,0.15,"recency-weighted FPL points, decay 8**(-age/3)"
1576,Juninho,Bacuna,0.15,0.0,0.0,0.0,0.0,0.0,5.51,1,Bacuna,MID,Huddersfield,2018-19,0.06,0.15,"recency-weighted FPL points, decay 8**(-age/3)"
1577,Tiemoué,Bakayoko,0.15,0.0,0.0,0.01,0.0,0.01,4.14,2,Bakayoko,MID,Chelsea,2018-19,0.17,0.15,"recency-weighted FPL points, decay 8**(-age/3)"
1578,Ramadan,Sobhi,0.15,0.0,0.0,0.01,0.0,0.0,3.52,3,Sobhi,MID,Huddersfield,2018-19,0.2,0.15,"recency-weighted FPL points, decay 8**(-age/3)"
1579,Nabil,Bentaleb,0.15,0.0,0.0,0.0,0.0,0.0,5.84,2,Bentaleb,MID,Newcastle,2019-20,0.0,0.15,"recency-weighted FPL points, decay 8**(-age/3)"
1580,Islam,Slimani,0.15,0.01,0.01,0.01,0.0,0.01,2.27,3,Slimani,FWD,Leicester,2020-21,0.58,0.15,"recency-weighted FPL points, decay 8**(-age/3)"
1581,Marcos,Rojo,0.15,0.0,0.0,0.0,0.0,0.01,4.63,5,Rojo,DEF,Man Utd,2020-21,0.02,0.15,"recency-weighted FPL points, decay 8**(-age/3)"
1582,Valentino,Lazaro,0.15,0.01,0.0,0.01,0.0,0.0,3.69,1,Lazaro,MID,Newcastle,2019-20,0.19,0.15,"recency-weighted FPL points, decay 8**(-age/3)"
1583,Vicente,Iborra,0.15,0.01,0.0,0.01,0.0,0.01,3.63,2,Iborra,MID,Leicester,2018-19,0.15,0.15,"recency-weighted FPL points, decay 8**(-age/3)"
1584,Davide,Zappacosta,0.15,0.0,0.0,0.0,0.0,0.0,2.61,3,Zappacosta,DEF,Chelsea,2019-20,0.13,0.15,"recency-weighted FPL points, decay 8**(-age/3)"
1585,Nacer,Chadli,0.14,0.01,0.01,0.01,0.0,0.01,2.5,2,Chadli,MID,West Brom,2017-18,0.46,0.14,"recency-weighted FPL points, decay 8**(-age/3)"
1586,Jimmy,Dunne,0.14,0.02,0.0,0.02,0.0,0.0,4.22,2,Dunne,DEF,Burnley,2020-21,0.33,0.14,"recency-weighted FPL points, decay 8**(-age/3)"
1587,Andi,Zeqiri,0.14,0.0,0.0,0.0,0.0,0.0,2.56,3,Zeqiri,FWD,Brighton,2023-24,0.0,0.14,"recency-weighted FPL points, decay 8**(-age/3)"
1588,Jean-Philippe,Gbamin,0.14,0.0,0.0,0.0,0.0,0.0,3.26,5,Gbamin,MID,Everton,2023-24,0.0,0.14,"recency-weighted FPL points, decay 8**(-age/3)"
1589,Andy,King,0.14,0.01,0.0,0.01,0.0,0.0,3.85,3,King,MID,Leicester,2019-20,0.21,0.14,"recency-weighted FPL points, decay 8**(-age/3)"
1590,Owen,Otasowie,0.14,0.0,0.02,0.02,0.0,0.0,2.89,3,Otasowie,MID,Wolves,2021-22,0.49,0.14,"recency-weighted FPL points, decay 8**(-age/3)"
1591,James,Collins,0.14,0.0,0.0,0.0,0.0,0.01,3.67,2,Collins,DEF,West Ham,2017-18,0.1,0.14,"recency-weighted FPL points, decay 8**(-age/3)"
1592,Bruno,Martins Indi,0.14,0.0,0.0,0.0,0.0,0.01,5.5,2,Martins Indi,DEF,Stoke,2017-18,0.02,0.14,"recency-weighted FPL points, decay 8**(-age/3)"
1593,Gareth,McAuley,0.14,0.01,0.0,0.01,0.0,0.01,3.95,2,McAuley,DEF,West Brom,2017-18,0.16,0.14,"recency-weighted FPL points, decay 8**(-age/3)"
1594,Roberto,Jimenez Gago,0.14,0.0,0.0,0.0,0.0,0.01,5.36,2,Roberto,GKP,West Ham,2020-21,0.0,0.14,"recency-weighted FPL points, decay 8**(-age/3)"
1595,Odion,Ighalo,0.14,0.0,0.0,0.0,0.0,0.0,2.12,3,Ighalo,FWD,Man Utd,2020-21,0.08,0.14,"recency-weighted FPL points, decay 8**(-age/3)"
1596,James,McClean,0.14,0.0,0.0,0.01,0.0,0.0,4.16,2,McClean,MID,West Brom,2017-18,0.13,0.14,"recency-weighted FPL points, decay 8**(-age/3)"
1597,Ibrahim,Amadou,0.14,0.0,0.0,0.0,0.0,0.0,5.91,1,Amadou,MID,Norwich,2019-20,0.0,0.14,"recency-weighted FPL points, decay 8**(-age/3)"
1598,Cuco,Martina,0.14,0.0,0.0,0.0,0.0,0.0,4.15,3,Martina,DEF,Everton,2018-19,0.08,0.14,"recency-weighted FPL points, decay 8**(-age/3)"
1599,Jamal,Lowe,0.13,0.0,0.0,0.0,0.0,0.0,0.69,2,Lowe,MID,Bournemouth,2023-24,0.0,0.13,"recency-weighted FPL points, decay 8**(-age/3)"
1600,Kevin,Mirallas,0.13,0.0,0.01,0.01,0.0,0.01,2.29,3,Mirallas,MID,Everton,2018-19,0.46,0.13,"recency-weighted FPL points, decay 8**(-age/3)"
1601,Álvaro,Negredo,0.13,0.01,0.0,0.01,0.0,0.02,2.8,1,Negredo,FWD,Middlesbrough,2016-17,0.44,0.13,"recency-weighted FPL points, decay 8**(-age/3)"
1602,José Ignacio,Peleteiro Romallo,0.13,0.0,0.01,0.01,0.0,0.0,2.57,2,Jota,MID,Aston Villa,2020-21,0.27,0.13,"recency-weighted FPL points, decay 8**(-age/3)"
1603,Giulian,Biancone,0.13,0.0,0.0,0.0,0.0,0.0,0.94,2,Biancone,DEF,Nott'm Forest,2023-24,0.0,0.13,"recency-weighted FPL points, decay 8**(-age/3)"
1604,Ludwig,Augustinsson,0.13,0.0,0.0,0.0,0.01,0.0,4.75,1,Augustinsson,DEF,Aston Villa,2022-23,0.0,0.13,"recency-weighted FPL points, decay 8**(-age/3)"
1605,Dele,Alli,0.13,0.0,0.0,0.0,0.0,0.0,2.38,2,Dele,MID,Everton,2023-24,0.0,0.13,"recency-weighted FPL points, decay 8**(-age/3)"
1606,Rúben,Nascimento Vinagre,0.13,0.0,0.0,0.0,0.0,0.0,1.5,1,Vinagre,DEF,Everton,2022-23,0.0,0.13,"recency-weighted FPL points, decay 8**(-age/3)"
1607,Benik,Afobe,0.13,0.01,0.01,0.01,0.0,0.01,2.47,2,Afobe,FWD,Bournemouth,2017-18,0.46,0.13,"recency-weighted FPL points, decay 8**(-age/3)"
1608,Dominic,Ballard,0.13,0.0,0.0,0.0,0.0,0.0,1.5,1,Ballard,FWD,Southampton,2022-23,0.0,0.13,"recency-weighted FPL points, decay 8**(-age/3)"
1609,Layvin,Kurzawa,0.13,0.0,0.0,0.0,0.0,0.0,8.5,1,Kurzawa,DEF,Fulham,2022-23,0.0,0.13,"recency-weighted FPL points, decay 8**(-age/3)"
1610,Kenneth,Zohore,0.13,0.0,0.0,0.01,0.0,0.01,2.89,2,Zohore,FWD,West Brom,2020-21,0.24,0.13,"recency-weighted FPL points, decay 8**(-age/3)"
1611,Alberto,Moreno,0.13,0.0,0.0,0.0,0.0,0.01,3.37,3,Moreno,DEF,Liverpool,2018-19,0.08,0.13,"recency-weighted FPL points, decay 8**(-age/3)"
1612,Tommy,Smith,0.13,0.0,0.0,0.0,0.0,0.0,8.17,2,Smith,DEF,Huddersfield,2018-19,0.02,0.13,"recency-weighted FPL points, decay 8**(-age/3)"
1613,Ben,Parkinson,0.12,0.0,0.0,0.0,0.0,0.0,3.0,1,Parkinson,FWD,Newcastle,2023-24,0.0,0.12,"recency-weighted FPL points, decay 8**(-age/3)"
1614,Geoff,Cameron,0.12,0.0,0.0,0.0,0.0,0.0,4.56,2,Cameron,DEF,Stoke,2017-18,0.02,0.12,"recency-weighted FPL points, decay 8**(-age/3)"
1615,Owen,Beck,0.12,0.0,0.0,0.0,0.0,0.0,0.88,2,Beck,DEF,Liverpool,2023-24,0.0,0.12,"recency-weighted FPL points, decay 8**(-age/3)"
1616,Ryan,Oné,0.12,0.0,0.0,0.0,0.0,0.0,0.88,1,Oné,MID,Sheffield Utd,2023-24,0.0,0.12,"recency-weighted FPL points, decay 8**(-age/3)"
1617,Miguel,Britos,0.12,0.0,0.0,0.0,0.0,0.01,4.5,3,Britos,DEF,Watford,2018-19,0.1,0.12,"recency-weighted FPL points, decay 8**(-age/3)"
1618,Ørjan,Nyland,0.12,0.0,0.0,0.0,0.0,0.0,4.2,2,Nyland,GKP,Aston Villa,2020-21,0.0,0.12,"recency-weighted FPL points, decay 8**(-age/3)"
1619,Finley,Munroe,0.12,0.0,0.0,0.0,0.0,0.0,0.38,1,Munroe,DEF,Aston Villa,2023-24,0.0,0.12,"recency-weighted FPL points, decay 8**(-age/3)"
1620,Enso,González,0.12,0.0,0.0,0.0,0.0,0.0,0.12,2,Gonzalez,MID,Wolves,2024-25,0.0,0.12,"recency-weighted FPL points, decay 8**(-age/3)"
1621,Dominic,Sadi,0.12,0.0,0.0,0.0,0.0,0.0,0.12,4,Sadi,MID,Bournemouth,2025-26,0.0,0.12,"recency-weighted FPL points, decay 8**(-age/3)"
1622,Marc,Pugh,0.12,0.0,0.0,0.0,0.0,0.01,3.2,3,Pugh,MID,Bournemouth,2018-19,0.14,0.12,"recency-weighted FPL points, decay 8**(-age/3)"
1623,Lewis,Warrington,0.12,0.0,0.0,0.0,0.0,0.0,0.12,2,Warrington,MID,Everton,2023-24,0.0,0.12,"recency-weighted FPL points, decay 8**(-age/3)"
1624,Amadou,Diallo,0.12,0.0,0.0,0.0,0.0,0.0,0.12,1,Diallo,MID,Newcastle,2023-24,0.0,0.12,"recency-weighted FPL points, decay 8**(-age/3)"
1625,André,Carrillo,0.12,0.0,0.01,0.01,0.0,0.01,2.99,1,Carrillo,MID,Watford,2017-18,0.24,0.12,"recency-weighted FPL points, decay 8**(-age/3)"
1626,Mads,Bidstrup,0.12,0.0,0.0,0.0,0.0,0.0,1.12,3,Bidstrup,MID,Brentford,2023-24,0.0,0.12,"recency-weighted FPL points, decay 8**(-age/3)"
1627,Jimi,Tauriainen,0.12,0.0,0.0,0.0,0.0,0.0,0.12,1,Tauriainen,MID,Chelsea,2023-24,0.0,0.12,"recency-weighted FPL points, decay 8**(-age/3)"
1628,Moritz,Leitner,0.12,0.0,0.0,0.0,0.0,0.0,5.34,1,Leitner,MID,Norwich,2019-20,0.0,0.12,"recency-weighted FPL points, decay 8**(-age/3)"
1629,Alex,Matos,0.12,0.0,0.0,0.0,0.0,0.0,0.12,1,Matos,MID,Chelsea,2023-24,0.0,0.12,"recency-weighted FPL points, decay 8**(-age/3)"
1630,Sam,Curtis,0.12,0.0,0.0,0.0,0.0,0.0,3.38,1,Curtis,DEF,Sheffield Utd,2023-24,0.0,0.12,"recency-weighted FPL points, decay 8**(-age/3)"
1631,Remi,Matthews,0.12,0.0,0.0,0.0,0.0,0.0,0.38,5,Matthews,GKP,Crystal Palace,2025-26,0.0,0.12,"recency-weighted FPL points, decay 8**(-age/3)"
1632,Sydie,Peck,0.12,0.0,0.0,0.0,0.0,0.0,1.12,1,Peck,MID,Sheffield Utd,2023-24,0.0,0.12,"recency-weighted FPL points, decay 8**(-age/3)"
1633,Brandon,Aguilera Zamora,0.12,0.0,0.0,0.0,0.0,0.0,0.5,1,B.Aguilera,MID,Nott'm Forest,2023-24,0.0,0.12,"recency-weighted FPL points, decay 8**(-age/3)"
1634,Charlie,Cresswell,0.12,0.0,0.0,0.0,0.0,0.0,4.37,2,Cresswell,DEF,Leeds,2021-22,0.0,0.12,"recency-weighted FPL points, decay 8**(-age/3)"
1635,Daniel,Gore,0.12,0.0,0.0,0.0,0.0,0.0,0.12,1,Gore,MID,Man Utd,2023-24,0.0,0.12,"recency-weighted FPL points, decay 8**(-age/3)"
1636,Michael,Ndiweni,0.12,0.0,0.0,0.0,0.0,0.0,0.12,1,Ndiweni,FWD,Newcastle,2023-24,0.0,0.12,"recency-weighted FPL points, decay 8**(-age/3)"
1637,Gnegneri Yaya,Touré,0.12,0.0,0.0,0.01,0.0,0.01,2.34,2,Yaya Touré,MID,Man City,2017-18,0.34,0.12,"recency-weighted FPL points, decay 8**(-age/3)"
1638,Gaetano,Berardi,0.12,0.0,0.0,0.0,0.0,0.02,1.77,1,Berardi,DEF,Leeds,2020-21,0.0,0.12,"recency-weighted FPL points, decay 8**(-age/3)"
1639,James,Shea,0.12,0.0,0.0,0.0,0.0,0.0,1.75,1,Shea,GKP,Luton,2023-24,0.0,0.12,"recency-weighted FPL points, decay 8**(-age/3)"
1640,Yannick,Bolasie,0.11,0.0,0.01,0.01,0.0,0.0,2.68,3,Bolasie,MID,Everton,2018-19,0.3,0.11,"recency-weighted FPL points, decay 8**(-age/3)"
1641,Percy,Tau,0.11,0.0,0.02,0.02,0.0,0.0,1.58,1,Tau,MID,Brighton,2020-21,0.89,0.11,"recency-weighted FPL points, decay 8**(-age/3)"
1642,James,Morrison,0.11,0.01,0.0,0.01,0.0,0.0,2.1,2,Morrison,MID,West Brom,2017-18,0.38,0.11,"recency-weighted FPL points, decay 8**(-age/3)"
1643,Grzegorz,Krychowiak,0.11,0.0,0.01,0.01,0.0,0.01,3.19,1,Krychowiak,MID,West Brom,2017-18,0.17,0.11,"recency-weighted FPL points, decay 8**(-age/3)"
1644,Scott,Carson,0.11,0.0,0.0,0.0,0.0,0.02,1.41,6,Carson,GKP,Man City,2024-25,0.0,0.11,"recency-weighted FPL points, decay 8**(-age/3)"
1645,Robert,Elliot,0.11,0.0,0.0,0.0,0.0,0.01,2.81,4,Elliot,GKP,Watford,2021-22,0.0,0.11,"recency-weighted FPL points, decay 8**(-age/3)"
1646,Rachid,Ghezzal,0.11,0.0,0.0,0.0,0.0,0.01,2.86,2,Ghezzal,MID,Leicester,2019-20,0.12,0.11,"recency-weighted FPL points, decay 8**(-age/3)"
1647,Lee,Grant,0.11,0.0,0.0,0.0,0.0,0.01,2.99,5,Grant,GKP,Man Utd,2020-21,0.0,0.11,"recency-weighted FPL points, decay 8**(-age/3)"
1648,Ashley,Fletcher,0.11,0.0,0.0,0.0,0.0,0.0,1.23,3,Fletcher,FWD,Watford,2021-22,0.0,0.11,"recency-weighted FPL points, decay 8**(-age/3)"
1649,Ezequiel,Schelotto,0.11,0.0,0.0,0.0,0.0,0.0,5.35,3,Schelotto,DEF,Brighton,2019-20,0.0,0.11,"recency-weighted FPL points, decay 8**(-age/3)"
1650,Wayne,Routledge,0.11,0.0,0.0,0.0,0.0,0.0,2.69,2,Routledge,MID,Swansea,2017-18,0.16,0.11,"recency-weighted FPL points, decay 8**(-age/3)"
1651,Luke,Freeman,0.1,0.0,0.0,0.0,0.0,0.0,2.81,3,Freeman,MID,Luton,2023-24,0.0,0.1,"recency-weighted FPL points, decay 8**(-age/3)"
1652,Sam,Field,0.1,0.0,0.0,0.0,0.0,0.0,2.26,3,Field,MID,West Brom,2020-21,0.08,0.1,"recency-weighted FPL points, decay 8**(-age/3)"
1653,Claudio,Yacob,0.1,0.0,0.0,0.0,0.0,0.0,4.12,2,Yacob,MID,West Brom,2017-18,0.0,0.1,"recency-weighted FPL points, decay 8**(-age/3)"
1654,Víctor,Valdés,0.1,0.0,0.0,0.0,0.0,0.01,2.46,1,Valdés,GKP,Middlesbrough,2016-17,0.0,0.1,"recency-weighted FPL points, decay 8**(-age/3)"
1655,Dennis,Srbeny,0.1,0.01,0.0,0.01,0.0,0.01,0.32,1,Srbeny,FWD,Norwich,2019-20,2.2,0.1,"recency-weighted FPL points, decay 8**(-age/3)"
1656,Domingos,Quina,0.1,0.0,0.0,0.0,0.0,0.01,1.45,5,Quina,MID,Watford,2021-22,0.24,0.1,"recency-weighted FPL points, decay 8**(-age/3)"
1657,Dominic,Thompson,0.09,0.0,0.0,0.0,0.0,0.0,4.56,2,Thompson,DEF,Brentford,2022-23,0.0,0.09,"recency-weighted FPL points, decay 8**(-age/3)"
1658,Jon Gorenc,Stankovic,0.09,0.0,0.0,0.0,0.0,0.01,2.79,2,Stankovic,DEF,Huddersfield,2018-19,0.13,0.09,"recency-weighted FPL points, decay 8**(-age/3)"
1659,Tony,Springett,0.09,0.0,0.0,0.0,0.0,0.0,4.37,1,Springett,MID,Norwich,2021-22,0.0,0.09,"recency-weighted FPL points, decay 8**(-age/3)"
1660,Ahmed El-Sayed,Hegazy,0.09,0.0,0.0,0.0,0.0,0.0,1.41,1,Hegazi,DEF,West Brom,2020-21,0.0,0.09,"recency-weighted FPL points, decay 8**(-age/3)"
1661,Lewis,Bate,0.09,0.0,0.0,0.0,0.0,0.0,4.53,3,Bate,MID,Leeds,2022-23,0.0,0.09,"recency-weighted FPL points, decay 8**(-age/3)"
1662,Michael,McGovern,0.09,0.0,0.0,0.0,0.0,0.02,1.23,2,McGovern,GKP,Norwich,2021-22,0.0,0.09,"recency-weighted FPL points, decay 8**(-age/3)"
1663,Eldin,Jakupovic,0.09,0.0,0.0,0.0,0.0,0.01,2.29,6,Jakupović,GKP,Everton,2022-23,0.0,0.09,"recency-weighted FPL points, decay 8**(-age/3)"
1664,George,Boyd,0.09,0.0,0.0,0.0,0.0,0.0,2.77,1,Boyd,MID,Burnley,2016-17,0.13,0.09,"recency-weighted FPL points, decay 8**(-age/3)"
1665,Floyd,Ayité,0.09,0.0,0.0,0.0,0.0,0.0,1.82,1,Ayité,MID,Fulham,2018-19,0.19,0.09,"recency-weighted FPL points, decay 8**(-age/3)"
1666,Carlos,Sánchez,0.09,0.0,0.0,0.0,0.0,0.0,1.81,2,Carlos Sánchez,MID,West Ham,2019-20,0.0,0.09,"recency-weighted FPL points, decay 8**(-age/3)"
1667,David,Button,0.09,0.0,0.0,0.0,0.0,0.01,2.81,3,Button,GKP,West Brom,2020-21,0.0,0.09,"recency-weighted FPL points, decay 8**(-age/3)"
1668,Marten,de Roon,0.09,0.0,0.0,0.0,0.0,0.0,2.71,1,de Roon,MID,Middlesbrough,2016-17,0.16,0.09,"recency-weighted FPL points, decay 8**(-age/3)"
1669,Nathan,Dyer,0.09,0.0,0.0,0.0,0.0,0.0,2.75,2,Dyer,MID,Swansea,2017-18,0.1,0.09,"recency-weighted FPL points, decay 8**(-age/3)"
1670,Collin,Quaner,0.09,0.0,0.01,0.01,0.0,0.0,2.62,2,Quaner,FWD,Huddersfield,2018-19,0.27,0.09,"recency-weighted FPL points, decay 8**(-age/3)"
1671,Edimilson,Fernandes,0.09,0.0,0.0,0.0,0.0,0.0,2.62,3,Fernandes,MID,West Ham,2018-19,0.17,0.09,"recency-weighted FPL points, decay 8**(-age/3)"
1672,João Mário,Naval Costa Eduardo,0.09,0.0,0.0,0.01,0.0,0.01,1.99,1,João Mário,MID,West Ham,2017-18,0.26,0.09,"recency-weighted FPL points, decay 8**(-age/3)"
1673,Orestis,Karnezis,0.09,0.0,0.0,0.0,0.0,0.01,2.52,1,Karnezis,GKP,Watford,2017-18,0.0,0.09,"recency-weighted FPL points, decay 8**(-age/3)"
1674,Stefano,Okaka,0.09,0.01,0.0,0.01,0.0,0.0,1.89,3,Okaka,FWD,Watford,2018-19,0.37,0.09,"recency-weighted FPL points, decay 8**(-age/3)"
1675,Aleksandar,Kolarov,0.09,0.0,0.0,0.0,0.0,0.01,2.48,2,Kolarov,DEF,Man City,2017-18,0.07,0.09,"recency-weighted FPL points, decay 8**(-age/3)"
1676,Bakary,Sako,0.09,0.01,0.0,0.01,0.0,0.0,1.15,3,Sako,MID,Crystal Palace,2018-19,0.46,0.09,"recency-weighted FPL points, decay 8**(-age/3)"
1677,Wilfried,Bony,0.09,0.01,0.0,0.01,0.0,0.01,2.04,2,Bony,FWD,Swansea,2017-18,0.35,0.09,"recency-weighted FPL points, decay 8**(-age/3)"
1678,José Ángel,Esmorís Tasende,0.09,0.0,0.01,0.01,0.0,0.01,3.3,1,Angeliño,DEF,Man City,2019-20,0.21,0.09,"recency-weighted FPL points, decay 8**(-age/3)"
1679,Kadeem,Harris,0.09,0.0,0.0,0.01,0.0,0.0,1.43,1,Harris,MID,Cardiff,2018-19,0.49,0.09,"recency-weighted FPL points, decay 8**(-age/3)"
1680,Henri,Lansbury,0.09,0.0,0.0,0.0,0.0,0.0,1.48,2,Lansbury,MID,Aston Villa,2020-21,0.0,0.09,"recency-weighted FPL points, decay 8**(-age/3)"
1681,Robert,Huth,0.09,0.0,0.0,0.0,0.0,0.0,2.86,2,Huth,DEF,Leicester,2017-18,0.12,0.09,"recency-weighted FPL points, decay 8**(-age/3)"
1682,Lewis,Brunt,0.09,0.0,0.0,0.0,0.0,0.0,2.09,2,Brunt,DEF,Leicester,2022-23,0.0,0.09,"recency-weighted FPL points, decay 8**(-age/3)"
1683,Luciano,Narsingh,0.08,0.0,0.0,0.0,0.0,0.01,1.61,2,Narsingh,MID,Swansea,2017-18,0.27,0.08,"recency-weighted FPL points, decay 8**(-age/3)"
1684,Nordin,Amrabat,0.08,0.0,0.0,0.0,0.0,0.0,2.43,2,Amrabat,MID,Watford,2017-18,0.11,0.08,"recency-weighted FPL points, decay 8**(-age/3)"
1685,Jonathan,Walters,0.08,0.0,0.0,0.01,0.0,0.0,1.34,3,Walters,MID,Burnley,2018-19,0.46,0.08,"recency-weighted FPL points, decay 8**(-age/3)"
1686,Tomer,Hemed,0.08,0.0,0.0,0.01,0.0,0.01,1.64,2,Hemed,FWD,Brighton,2018-19,0.43,0.08,"recency-weighted FPL points, decay 8**(-age/3)"
1687,Dimitri,Payet,0.08,0.0,0.01,0.01,0.0,0.01,1.48,1,Payet,MID,West Ham,2016-17,0.59,0.08,"recency-weighted FPL points, decay 8**(-age/3)"
1688,Papa Alioune,Ndiaye,0.08,0.0,0.0,0.01,0.0,0.01,2.22,1,Badou Ndiaye,MID,Stoke,2017-18,0.24,0.08,"recency-weighted FPL points, decay 8**(-age/3)"
1689,Tyrese,Francois,0.08,0.0,0.0,0.0,0.0,0.0,0.28,3,Francois,MID,Fulham,2023-24,0.0,0.08,"recency-weighted FPL points, decay 8**(-age/3)"
1690,Charlie,Adam,0.08,0.0,0.0,0.0,0.0,0.0,2.25,2,Adam,MID,Stoke,2017-18,0.2,0.08,"recency-weighted FPL points, decay 8**(-age/3)"
1691,Gaël,Clichy,0.08,0.0,0.0,0.0,0.0,0.01,2.07,1,Clichy,DEF,Man City,2016-17,0.04,0.08,"recency-weighted FPL points, decay 8**(-age/3)"
1692,Moritz,Bauer,0.08,0.0,0.0,0.0,0.0,0.0,2.55,1,Bauer,DEF,Stoke,2017-18,0.0,0.08,"recency-weighted FPL points, decay 8**(-age/3)"
1693,Danny,Williams,0.08,0.0,0.0,0.0,0.0,0.0,2.54,2,Williams,MID,Huddersfield,2018-19,0.0,0.08,"recency-weighted FPL points, decay 8**(-age/3)"
1694,Scott,Malone,0.08,0.0,0.0,0.0,0.0,0.01,2.17,2,Malone,DEF,Huddersfield,2018-19,0.08,0.08,"recency-weighted FPL points, decay 8**(-age/3)"
1695,Stewart,Downing,0.08,0.0,0.0,0.0,0.0,0.0,2.16,1,Downing,MID,Middlesbrough,2016-17,0.16,0.08,"recency-weighted FPL points, decay 8**(-age/3)"
1696,Kyle,Edwards,0.08,0.0,0.0,0.0,0.0,0.0,1.78,1,Edwards,MID,West Brom,2020-21,0.0,0.08,"recency-weighted FPL points, decay 8**(-age/3)"
1697,Leandro,Bacuna,0.07,0.0,0.0,0.0,0.0,0.0,2.16,1,Bacuna,DEF,Cardiff,2018-19,0.16,0.07,"recency-weighted FPL points, decay 8**(-age/3)"
1698,Lamine,Koné,0.07,0.0,0.0,0.0,0.0,0.0,2.49,1,Koné,DEF,Sunderland,2016-17,0.04,0.07,"recency-weighted FPL points, decay 8**(-age/3)"
1699,Muhamed,Bešić,0.07,0.0,0.0,0.0,0.0,0.0,1.9,1,Bešić,MID,Sheffield Utd,2019-20,0.0,0.07,"recency-weighted FPL points, decay 8**(-age/3)"
1700,Abel,Hernández,0.07,0.0,0.0,0.01,0.0,0.01,1.39,1,Hernández,FWD,Hull,2016-17,0.51,0.07,"recency-weighted FPL points, decay 8**(-age/3)"
1701,Antonio,Barragán,0.07,0.0,0.0,0.0,0.0,0.01,2.14,1,Barragán,DEF,Middlesbrough,2016-17,0.0,0.07,"recency-weighted FPL points, decay 8**(-age/3)"
1702,Vincent,Janssen,0.07,0.0,0.0,0.0,0.0,0.0,0.97,4,Janssen,FWD,Spurs,2019-20,0.45,0.07,"recency-weighted FPL points, decay 8**(-age/3)"
1703,Younes,Kaboul,0.07,0.0,0.0,0.0,0.0,0.0,2.16,3,Kaboul,DEF,Watford,2018-19,0.08,0.07,"recency-weighted FPL points, decay 8**(-age/3)"
1704,Albian,Ajeti,0.07,0.0,0.0,0.0,0.0,0.0,1.03,2,Ajeti,FWD,West Ham,2020-21,0.0,0.07,"recency-weighted FPL points, decay 8**(-age/3)"
1705,Joshua,Sims,0.07,0.0,0.0,0.0,0.0,0.0,1.33,3,Sims,MID,Southampton,2018-19,0.33,0.07,"recency-weighted FPL points, decay 8**(-age/3)"
1706,Timm,Klose,0.07,0.0,0.0,0.0,0.0,0.0,4.57,1,Klose,DEF,Norwich,2019-20,0.0,0.07,"recency-weighted FPL points, decay 8**(-age/3)"
1707,Adam,Clayton,0.07,0.0,0.0,0.0,0.0,0.0,2.74,1,Clayton,MID,Middlesbrough,2016-17,0.06,0.07,"recency-weighted FPL points, decay 8**(-age/3)"
1708,Jack,Simpson,0.07,0.0,0.0,0.0,0.0,0.0,3.56,3,Simpson,DEF,Bournemouth,2019-20,0.0,0.07,"recency-weighted FPL points, decay 8**(-age/3)"
1709,Adama,Diakhaby,0.07,0.0,0.0,0.0,0.0,0.0,2.14,1,Diakhaby,MID,Huddersfield,2018-19,0.16,0.07,"recency-weighted FPL points, decay 8**(-age/3)"
1710,Julian,Speroni,0.07,0.0,0.0,0.0,0.0,0.01,2.29,3,Speroni,GKP,Crystal Palace,2018-19,0.0,0.07,"recency-weighted FPL points, decay 8**(-age/3)"
1711,Didier,Ndong,0.07,0.0,0.0,0.0,0.0,0.0,2.46,2,Ndong,MID,Watford,2017-18,0.07,0.07,"recency-weighted FPL points, decay 8**(-age/3)"
1712,Maarten,Stekelenburg,0.07,0.0,0.0,0.0,0.0,0.0,1.64,4,Stekelenburg,GKP,Everton,2019-20,0.0,0.07,"recency-weighted FPL points, decay 8**(-age/3)"
1713,Kevin,McDonald,0.07,0.0,0.0,0.0,0.0,0.0,3.27,2,McDonald,MID,Fulham,2020-21,0.0,0.07,"recency-weighted FPL points, decay 8**(-age/3)"
1714,Markus,Suttner,0.07,0.0,0.0,0.0,0.0,0.01,2.3,2,Suttner,DEF,Brighton,2018-19,0.0,0.07,"recency-weighted FPL points, decay 8**(-age/3)"
1715,Ramiro,Funes Mori,0.07,0.0,0.0,0.0,0.0,0.0,1.74,2,Funes Mori,DEF,Everton,2017-18,0.05,0.07,"recency-weighted FPL points, decay 8**(-age/3)"
1716,Harvey,White,0.06,0.0,0.0,0.0,0.0,0.0,0.25,3,White,MID,Spurs,2022-23,0.0,0.06,"recency-weighted FPL points, decay 8**(-age/3)"
1717,Andrew,Moran,0.06,0.0,0.0,0.0,0.0,0.0,0.69,3,Moran,MID,Brighton,2025-26,0.0,0.06,"recency-weighted FPL points, decay 8**(-age/3)"
1718,Francis,Coquelin,0.06,0.0,0.0,0.0,0.0,0.0,2.06,2,Coquelin,MID,Arsenal,2017-18,0.04,0.06,"recency-weighted FPL points, decay 8**(-age/3)"
1719,Cameron,Peupion,0.06,0.0,0.0,0.0,0.0,0.0,0.31,3,Peupion,MID,Brighton,2024-25,0.0,0.06,"recency-weighted FPL points, decay 8**(-age/3)"
1720,Diafra,Sakho,0.06,0.0,0.0,0.01,0.0,0.0,0.75,2,Sakho,FWD,West Ham,2017-18,0.82,0.06,"recency-weighted FPL points, decay 8**(-age/3)"
1721,Håvard,Nordtveit,0.06,0.0,0.0,0.0,0.0,0.0,2.34,2,Nordtveit,DEF,Fulham,2018-19,0.19,0.06,"recency-weighted FPL points, decay 8**(-age/3)"
1722,Owen,Bevan,0.06,0.0,0.0,0.0,0.0,0.0,0.5,2,Bevan,DEF,Bournemouth,2025-26,0.0,0.06,"recency-weighted FPL points, decay 8**(-age/3)"
1723,Saido,Berahino,0.06,0.0,0.0,0.0,0.0,0.0,1.88,2,Berahino,FWD,Stoke,2017-18,0.09,0.06,"recency-weighted FPL points, decay 8**(-age/3)"
1724,Emiliano,Marcondes,0.06,0.0,0.0,0.0,0.0,0.0,0.5,2,Marcondes,MID,Bournemouth,2023-24,0.0,0.06,"recency-weighted FPL points, decay 8**(-age/3)"
1725,Fabio Pereira,da Silva,0.06,0.0,0.0,0.0,0.0,0.01,1.8,1,Fabio,DEF,Middlesbrough,2016-17,0.0,0.06,"recency-weighted FPL points, decay 8**(-age/3)"
1726,Folarin,Balogun,0.06,0.0,0.0,0.0,0.0,0.0,2.16,2,Balogun,FWD,Arsenal,2023-24,0.0,0.06,"recency-weighted FPL points, decay 8**(-age/3)"
1727,Alexander,Sørloth,0.06,0.0,0.0,0.0,0.0,0.0,1.38,2,Sørloth,FWD,Crystal Palace,2018-19,0.0,0.06,"recency-weighted FPL points, decay 8**(-age/3)"
1728,George,Abbott,0.06,0.0,0.0,0.0,0.0,0.0,0.06,1,Abbott,MID,Spurs,2022-23,0.0,0.06,"recency-weighted FPL points, decay 8**(-age/3)"
1729,Alex,Mighten,0.06,0.0,0.0,0.0,0.0,0.0,0.44,3,Mighten,MID,Nott'm Forest,2024-25,0.0,0.06,"recency-weighted FPL points, decay 8**(-age/3)"
1730,Conor,Coventry,0.06,0.0,0.0,0.0,0.0,0.0,0.06,6,Coventry,MID,West Ham,2023-24,0.0,0.06,"recency-weighted FPL points, decay 8**(-age/3)"
1731,Leo Fuhr,Hjelde,0.06,0.0,0.0,0.0,0.0,0.0,4.62,3,Hjelde,DEF,Sunderland,2025-26,0.0,0.06,"recency-weighted FPL points, decay 8**(-age/3)"
1732,Kristoffer,Klaesson,0.06,0.0,0.0,0.0,0.0,0.0,1.09,2,Klaesson,GKP,Leeds,2022-23,0.0,0.06,"recency-weighted FPL points, decay 8**(-age/3)"
1733,Mislav,Orsic,0.06,0.0,0.0,0.0,0.0,0.0,0.38,1,Orsic,MID,Southampton,2022-23,0.0,0.06,"recency-weighted FPL points, decay 8**(-age/3)"
1734,George,Friend,0.06,0.0,0.0,0.0,0.0,0.01,1.92,1,Friend,DEF,Middlesbrough,2016-17,0.14,0.06,"recency-weighted FPL points, decay 8**(-age/3)"
1735,Kamari,Doyle,0.06,0.0,0.0,0.0,0.0,0.0,0.38,1,Doyle,MID,Southampton,2022-23,0.0,0.06,"recency-weighted FPL points, decay 8**(-age/3)"
1736,Cody,Drameh,0.06,0.0,0.0,0.0,0.0,0.0,8.31,3,Drameh,DEF,Leeds,2022-23,0.0,0.06,"recency-weighted FPL points, decay 8**(-age/3)"
1737,Ahmed,Elmohamady,0.06,0.0,0.0,0.0,0.0,0.0,2.46,1,Elmohamady,MID,Hull,2016-17,0.07,0.06,"recency-weighted FPL points, decay 8**(-age/3)"
1738,Tom,Huddlestone,0.06,0.0,0.0,0.0,0.0,0.0,1.98,1,Huddlestone,MID,Hull,2016-17,0.13,0.06,"recency-weighted FPL points, decay 8**(-age/3)"
1739,Taylor,Richards,0.06,0.0,0.0,0.0,0.0,0.0,0.72,2,Richards,MID,Brighton,2022-23,0.0,0.06,"recency-weighted FPL points, decay 8**(-age/3)"
1740,Glenn,Whelan,0.06,0.0,0.0,0.0,0.0,0.0,2.22,2,Whelan,MID,Stoke,2017-18,0.04,0.06,"recency-weighted FPL points, decay 8**(-age/3)"
1741,Shola,Shoretire,0.06,0.0,0.0,0.0,0.0,0.0,0.61,4,Shoretire,FWD,Man Utd,2023-24,0.0,0.06,"recency-weighted FPL points, decay 8**(-age/3)"
1742,Matty,James,0.06,0.0,0.0,0.0,0.0,0.0,1.97,4,James,MID,Leicester,2020-21,0.0,0.06,"recency-weighted FPL points, decay 8**(-age/3)"
1743,Adrien Sebastian,Perruchet Silva,0.06,0.0,0.0,0.0,0.0,0.0,1.82,2,Silva,MID,Leicester,2018-19,0.19,0.06,"recency-weighted FPL points, decay 8**(-age/3)"
1744,Leonardo,Ulloa,0.06,0.0,0.0,0.0,0.0,0.0,0.98,2,Ulloa,FWD,Brighton,2017-18,0.27,0.06,"recency-weighted FPL points, decay 8**(-age/3)"
1745,Connor,Ronan,0.06,0.0,0.0,0.0,0.0,0.0,0.06,1,Ronan,MID,Wolves,2022-23,0.0,0.06,"recency-weighted FPL points, decay 8**(-age/3)"
1746,Samir,Nasri,0.06,0.0,0.01,0.01,0.0,0.0,0.96,2,Nasri,MID,West Ham,2018-19,0.73,0.06,"recency-weighted FPL points, decay 8**(-age/3)"
1747,Leon,Balogun,0.06,0.0,0.0,0.0,0.0,0.0,2.31,2,Balogun,DEF,Brighton,2019-20,0.15,0.06,"recency-weighted FPL points, decay 8**(-age/3)"
1748,Dexter,Lembikisa,0.06,0.0,0.0,0.0,0.0,0.0,1.38,1,Lembikisa,DEF,Wolves,2022-23,0.0,0.06,"recency-weighted FPL points, decay 8**(-age/3)"
1749,Gastón,Ramírez,0.06,0.0,0.0,0.0,0.0,0.01,1.5,1,Ramírez,MID,Middlesbrough,2016-17,0.29,0.06,"recency-weighted FPL points, decay 8**(-age/3)"
1750,Jesé,Rodríguez Ruiz,0.06,0.0,0.0,0.0,0.0,0.0,1.19,1,Jesé,MID,Stoke,2017-18,0.3,0.06,"recency-weighted FPL points, decay 8**(-age/3)"
1751,Glen,Johnson,0.06,0.0,0.0,0.0,0.0,0.0,2.98,2,Johnson,DEF,Stoke,2017-18,0.0,0.06,"recency-weighted FPL points, decay 8**(-age/3)"
1752,Marcus,Oliveira Alencar,0.06,0.0,0.0,0.0,0.0,0.0,0.06,2,Marquinhos,MID,Arsenal,2023-24,0.0,0.06,"recency-weighted FPL points, decay 8**(-age/3)"
1753,Carlos,Ribeiro Dias,0.06,0.0,0.0,0.0,0.0,0.0,0.38,1,Cafú,MID,Nott'm Forest,2022-23,0.0,0.06,"recency-weighted FPL points, decay 8**(-age/3)"
1754,Shea,Charles,0.06,0.0,0.0,0.0,0.0,0.0,1.69,3,Charles,MID,Southampton,2024-25,0.0,0.06,"recency-weighted FPL points, decay 8**(-age/3)"
1755,Máximo,Perrone,0.06,0.0,0.0,0.0,0.0,0.0,1.13,2,Perrone,MID,Man City,2023-24,0.0,0.06,"recency-weighted FPL points, decay 8**(-age/3)"
1756,Darko,Gyabi,0.06,0.0,0.0,0.0,0.0,0.0,0.44,2,Gyabi,MID,Leeds,2025-26,0.0,0.06,"recency-weighted FPL points, decay 8**(-age/3)"
1757,Matthew,Craig,0.06,0.0,0.0,0.0,0.0,0.0,0.81,2,Craig,MID,Spurs,2022-23,0.0,0.06,"recency-weighted FPL points, decay 8**(-age/3)"
1758,M'Baye,Niang,0.05,0.0,0.0,0.0,0.0,0.01,1.22,1,Niang,FWD,Watford,2016-17,0.29,0.05,"recency-weighted FPL points, decay 8**(-age/3)"
1759,Aleksandar,Dragovic,0.05,0.0,0.0,0.0,0.0,0.0,1.5,1,Dragovic,DEF,Leicester,2017-18,0.0,0.05,"recency-weighted FPL points, decay 8**(-age/3)"
1760,Leon,Britton,0.05,0.0,0.0,0.0,0.0,0.0,1.72,2,Britton,MID,Swansea,2017-18,0.0,0.05,"recency-weighted FPL points, decay 8**(-age/3)"
1761,Ignacio,Pussetto,0.05,0.0,0.0,0.0,0.0,0.0,0.52,1,Pussetto,MID,Watford,2019-20,0.0,0.05,"recency-weighted FPL points, decay 8**(-age/3)"
1762,Bailey,Peacock-Farrell,0.05,0.0,0.0,0.0,0.0,0.0,5.62,4,Peacock-Farrell,GKP,Burnley,2023-24,0.0,0.05,"recency-weighted FPL points, decay 8**(-age/3)"
1763,Sofiane,Feghouli,0.05,0.0,0.0,0.01,0.0,0.0,1.02,2,Feghouli,MID,West Ham,2017-18,0.52,0.05,"recency-weighted FPL points, decay 8**(-age/3)"
1764,Enner,Valencia,0.05,0.0,0.0,0.01,0.0,0.0,0.91,2,Valencia,FWD,West Ham,2017-18,0.58,0.05,"recency-weighted FPL points, decay 8**(-age/3)"
1765,Jesús,Navas,0.05,0.0,0.0,0.0,0.0,0.01,1.04,1,Navas,MID,Man City,2016-17,0.25,0.05,"recency-weighted FPL points, decay 8**(-age/3)"
1766,Manuel,Agudo Durán,0.05,0.0,0.0,0.01,0.0,0.0,0.76,2,Nolito,MID,Man City,2017-18,0.81,0.05,"recency-weighted FPL points, decay 8**(-age/3)"
1767,Jason,Denayer,0.05,0.0,0.0,0.0,0.0,0.0,1.83,1,Denayer,DEF,Sunderland,2016-17,0.0,0.05,"recency-weighted FPL points, decay 8**(-age/3)"
1768,Valon,Behrami,0.05,0.0,0.0,0.0,0.0,0.0,1.98,2,Behrami,MID,Watford,2017-18,0.0,0.05,"recency-weighted FPL points, decay 8**(-age/3)"
1769,Sam,McQueen,0.05,0.0,0.0,0.0,0.0,0.0,0.88,3,McQueen,DEF,Southampton,2018-19,0.1,0.05,"recency-weighted FPL points, decay 8**(-age/3)"
1770,Stephan,Lichtsteiner,0.05,0.0,0.0,0.0,0.0,0.0,3.65,1,Lichtsteiner,DEF,Arsenal,2018-19,0.0,0.05,"recency-weighted FPL points, decay 8**(-age/3)"
1771,Gedson,Carvalho Fernandes,0.05,0.0,0.0,0.0,0.0,0.0,0.48,2,Fernandes,MID,Spurs,2020-21,0.0,0.05,"recency-weighted FPL points, decay 8**(-age/3)"
1772,Bacary,Sagna,0.05,0.0,0.0,0.0,0.0,0.0,1.31,1,Sagna,DEF,Man City,2016-17,0.07,0.05,"recency-weighted FPL points, decay 8**(-age/3)"
1773,Leiva,Lucas,0.05,0.0,0.0,0.0,0.0,0.0,1.09,2,Lucas,MID,Liverpool,2017-18,0.24,0.05,"recency-weighted FPL points, decay 8**(-age/3)"
1774,Marvin,Zeegelaar,0.05,0.0,0.0,0.0,0.0,0.01,1.94,2,Zeegelaar,DEF,Watford,2018-19,0.18,0.05,"recency-weighted FPL points, decay 8**(-age/3)"
1775,Ben,Hamer,0.05,0.0,0.0,0.0,0.0,0.0,2.69,3,Hamer,GKP,Huddersfield,2018-19,0.0,0.05,"recency-weighted FPL points, decay 8**(-age/3)"
1776,Damien,Delaney,0.05,0.0,0.0,0.0,0.0,0.0,2.15,2,Delaney,DEF,Crystal Palace,2017-18,0.08,0.05,"recency-weighted FPL points, decay 8**(-age/3)"
1777,Michael,Carrick,0.05,0.0,0.0,0.0,0.0,0.0,1.77,2,Carrick,MID,Man Utd,2017-18,0.0,0.05,"recency-weighted FPL points, decay 8**(-age/3)"
1778,Joel,Mumbongo,0.05,0.0,0.0,0.0,0.0,0.0,0.58,2,Mumbongo,FWD,Burnley,2020-21,0.0,0.05,"recency-weighted FPL points, decay 8**(-age/3)"
1779,Georges-Kévin,Nkoudou,0.05,0.0,0.0,0.0,0.0,0.0,0.52,4,Nkoudou,MID,Spurs,2019-20,0.68,0.05,"recency-weighted FPL points, decay 8**(-age/3)"
1780,Sidnei,Tavares,0.05,0.0,0.0,0.0,0.0,0.0,1.31,1,Tavares,MID,Leicester,2020-21,0.0,0.05,"recency-weighted FPL points, decay 8**(-age/3)"
1781,Will,Norris,0.05,0.0,0.0,0.0,0.0,0.0,2.82,4,Norris,GKP,Burnley,2021-22,0.0,0.05,"recency-weighted FPL points, decay 8**(-age/3)"
1782,John,O'Shea,0.05,0.0,0.0,0.0,0.0,0.0,2.11,1,O'Shea,DEF,Sunderland,2016-17,0.04,0.05,"recency-weighted FPL points, decay 8**(-age/3)"
1783,Cristhian,Stuani,0.05,0.0,0.0,0.0,0.0,0.0,1.32,1,Stuani,FWD,Middlesbrough,2016-17,0.27,0.05,"recency-weighted FPL points, decay 8**(-age/3)"
1784,Billy,Jones,0.05,0.0,0.0,0.0,0.0,0.01,2.22,1,Jones,DEF,Sunderland,2016-17,0.04,0.05,"recency-weighted FPL points, decay 8**(-age/3)"
1785,Victor,Anichebe,0.05,0.0,0.0,0.0,0.0,0.0,1.19,1,Anichebe,FWD,Sunderland,2016-17,0.3,0.05,"recency-weighted FPL points, decay 8**(-age/3)"
1786,Dean,Marney,0.05,0.0,0.0,0.0,0.0,0.0,1.72,2,Marney,MID,Burnley,2017-18,0.15,0.05,"recency-weighted FPL points, decay 8**(-age/3)"
1787,Andrea,Ranocchia,0.05,0.0,0.0,0.0,0.0,0.01,1.3,1,Ranocchia,DEF,Hull,2016-17,0.27,0.05,"recency-weighted FPL points, decay 8**(-age/3)"
1788,Adnan,Januzaj,0.05,0.0,0.0,0.0,0.0,0.0,1.59,1,Januzaj,MID,Sunderland,2016-17,0.17,0.05,"recency-weighted FPL points, decay 8**(-age/3)"
1789,Fabio,Borini,0.05,0.0,0.0,0.0,0.0,0.0,1.7,1,Borini,FWD,Sunderland,2016-17,0.1,0.05,"recency-weighted FPL points, decay 8**(-age/3)"
1790,Duncan,Watmore,0.04,0.0,0.0,0.0,0.0,0.0,1.0,1,Watmore,MID,Sunderland,2016-17,0.44,0.04,"recency-weighted FPL points, decay 8**(-age/3)"
1791,Curtis,Davies,0.04,0.0,0.0,0.0,0.0,0.0,2.08,1,Davies,DEF,Hull,2016-17,0.08,0.04,"recency-weighted FPL points, decay 8**(-age/3)"
1792,Bradley,Guzan,0.04,0.0,0.0,0.0,0.0,0.0,0.88,1,Guzan,GKP,Middlesbrough,2016-17,0.0,0.04,"recency-weighted FPL points, decay 8**(-age/3)"
1793,Lazar,Markovic,0.04,0.0,0.0,0.0,0.0,0.0,1.16,2,Markovic,MID,Fulham,2018-19,0.15,0.04,"recency-weighted FPL points, decay 8**(-age/3)"
1794,Joe,Ledley,0.04,0.0,0.0,0.0,0.0,0.0,1.13,1,Ledley,MID,Crystal Palace,2016-17,0.16,0.04,"recency-weighted FPL points, decay 8**(-age/3)"
1795,Juan,Zuñiga,0.04,0.0,0.0,0.0,0.0,0.0,0.8,1,Zuñiga,DEF,Watford,2016-17,0.22,0.04,"recency-weighted FPL points, decay 8**(-age/3)"
1796,Chung-yong,Lee,0.04,0.0,0.0,0.0,0.0,0.0,0.72,2,Lee Chung-yong,MID,Crystal Palace,2017-18,0.12,0.04,"recency-weighted FPL points, decay 8**(-age/3)"
1797,Jordy,Clasie,0.04,0.0,0.0,0.0,0.0,0.0,1.0,2,Clasie,MID,Southampton,2017-18,0.18,0.04,"recency-weighted FPL points, decay 8**(-age/3)"
1798,Michael,Dawson,0.04,0.0,0.0,0.0,0.0,0.0,1.68,1,Dawson,DEF,Hull,2016-17,0.16,0.04,"recency-weighted FPL points, decay 8**(-age/3)"
1799,Sergio,Romero,0.04,0.0,0.0,0.0,0.0,0.0,0.35,5,Romero,GKP,Man Utd,2020-21,0.0,0.04,"recency-weighted FPL points, decay 8**(-age/3)"
1800,Kevin,Wimmer,0.04,0.0,0.0,0.0,0.0,0.0,2.93,2,Wimmer,DEF,Stoke,2017-18,0.0,0.04,"recency-weighted FPL points, decay 8**(-age/3)"
1801,Sebastian,Larsson,0.04,0.0,0.0,0.0,0.0,0.0,1.43,1,Larsson,MID,Sunderland,2016-17,0.18,0.04,"recency-weighted FPL points, decay 8**(-age/3)"
1802,Gabriel Armando,de Abreu,0.04,0.0,0.0,0.0,0.0,0.0,1.48,2,Gabriel,DEF,Arsenal,2017-18,0.0,0.04,"recency-weighted FPL points, decay 8**(-age/3)"
1803,Adama,Diomande,0.04,0.0,0.0,0.0,0.0,0.0,1.14,1,Diomande,FWD,Hull,2016-17,0.15,0.04,"recency-weighted FPL points, decay 8**(-age/3)"
1804,Michel,Vorm,0.04,0.0,0.0,0.0,0.0,0.0,1.29,4,Vorm,GKP,Spurs,2019-20,0.0,0.04,"recency-weighted FPL points, decay 8**(-age/3)"
1805,Ahmed,Musa,0.04,0.0,0.0,0.0,0.0,0.0,0.74,2,Musa,MID,Leicester,2017-18,0.24,0.04,"recency-weighted FPL points, decay 8**(-age/3)"
1806,Jack,Rodwell,0.04,0.0,0.0,0.0,0.0,0.0,1.57,2,Rodwell,MID,Sheffield Utd,2019-20,0.06,0.04,"recency-weighted FPL points, decay 8**(-age/3)"
1807,Santiago,Cazorla,0.04,0.0,0.0,0.0,0.0,0.0,0.6,2,Cazorla,MID,Arsenal,2017-18,0.58,0.04,"recency-weighted FPL points, decay 8**(-age/3)"
1808,Eliaquim,Mangala,0.04,0.0,0.0,0.0,0.0,0.0,1.21,2,Mangala,DEF,Everton,2017-18,0.0,0.04,"recency-weighted FPL points, decay 8**(-age/3)"
1809,David,Ospina,0.04,0.0,0.0,0.0,0.0,0.0,0.88,2,Ospina,GKP,Arsenal,2017-18,0.0,0.04,"recency-weighted FPL points, decay 8**(-age/3)"
1810,Jonathan,Kodjia,0.04,0.0,0.0,0.0,0.0,0.0,0.87,1,Kodjia,FWD,Aston Villa,2019-20,0.0,0.04,"recency-weighted FPL points, decay 8**(-age/3)"
1811,Roque,Mesa,0.04,0.0,0.0,0.0,0.0,0.0,1.47,1,Mesa,MID,Swansea,2017-18,0.0,0.04,"recency-weighted FPL points, decay 8**(-age/3)"
1812,Joey,Barton,0.04,0.0,0.0,0.0,0.0,0.0,1.08,1,Barton,MID,Burnley,2016-17,0.24,0.04,"recency-weighted FPL points, decay 8**(-age/3)"
1813,Bonatini Lohner Maia,Bonatini,0.04,0.0,0.0,0.0,0.0,0.0,0.51,1,Bonatini,FWD,Wolves,2018-19,0.69,0.04,"recency-weighted FPL points, decay 8**(-age/3)"
1814,Chancel,Mbemba,0.04,0.0,0.0,0.0,0.0,0.01,1.31,2,Mbemba,DEF,Newcastle,2018-19,0.0,0.04,"recency-weighted FPL points, decay 8**(-age/3)"
1815,Molla,Wagué,0.04,0.0,0.0,0.0,0.0,0.0,0.86,2,Wagué,DEF,Watford,2017-18,0.21,0.04,"recency-weighted FPL points, decay 8**(-age/3)"
1816,Fousseni,Diabaté,0.04,0.0,0.0,0.0,0.0,0.0,1.34,2,Diabaté,MID,Leicester,2018-19,0.13,0.04,"recency-weighted FPL points, decay 8**(-age/3)"
1817,Josh,Martin,0.04,0.0,0.0,0.0,0.0,0.0,0.25,2,Martin,MID,Norwich,2021-22,0.0,0.04,"recency-weighted FPL points, decay 8**(-age/3)"
1818,Greg,Cunninghamm,0.04,0.0,0.0,0.0,0.0,0.0,2.46,1,Cunningham,DEF,Cardiff,2018-19,0.0,0.04,"recency-weighted FPL points, decay 8**(-age/3)"
1819,Renato,Sanches,0.04,0.0,0.0,0.0,0.0,0.0,1.37,1,Sanches,MID,Swansea,2017-18,0.0,0.04,"recency-weighted FPL points, decay 8**(-age/3)"
1820,Jed,Steer,0.04,0.0,0.0,0.0,0.0,0.0,2.87,3,Steer,GKP,Aston Villa,2021-22,0.0,0.04,"recency-weighted FPL points, decay 8**(-age/3)"
1821,Richairo,Zivkovic,0.04,0.0,0.0,0.0,0.0,0.0,0.84,1,Zivkovic,FWD,Sheffield Utd,2019-20,0.0,0.04,"recency-weighted FPL points, decay 8**(-age/3)"
1822,Stefan,Johansen,0.04,0.0,0.0,0.0,0.0,0.0,1.6,2,Johansen,MID,Fulham,2020-21,0.0,0.04,"recency-weighted FPL points, decay 8**(-age/3)"
1823,Daniel,Chesters,0.03,0.0,0.0,0.0,0.0,0.0,0.03,1,Chesters,MID,West Ham,2021-22,0.0,0.03,"recency-weighted FPL points, decay 8**(-age/3)"
1824,Fabricio,Agosto Ramírez,0.03,0.0,0.0,0.0,0.0,0.01,0.7,2,Fabri,GKP,Fulham,2020-21,0.0,0.03,"recency-weighted FPL points, decay 8**(-age/3)"
1825,Isaac,Success,0.03,0.0,0.0,0.0,0.0,0.0,0.51,2,Success,MID,Watford,2017-18,0.35,0.03,"recency-weighted FPL points, decay 8**(-age/3)"
1826,Nathan,Ferguson,0.03,0.0,0.0,0.0,0.0,0.0,0.25,4,Ferguson,DEF,Crystal Palace,2022-23,0.0,0.03,"recency-weighted FPL points, decay 8**(-age/3)"
1827,Bryan,Oviedo,0.03,0.0,0.0,0.0,0.0,0.0,1.29,1,Oviedo,MID,Sunderland,2016-17,0.0,0.03,"recency-weighted FPL points, decay 8**(-age/3)"
1828,Adlène,Guédioura,0.03,0.0,0.0,0.0,0.0,0.0,0.84,1,Guédioura,MID,Middlesbrough,2016-17,0.1,0.03,"recency-weighted FPL points, decay 8**(-age/3)"
1829,Caleb,Watts,0.03,0.0,0.0,0.0,0.0,0.0,0.56,1,Watts,MID,Southampton,2020-21,0.0,0.03,"recency-weighted FPL points, decay 8**(-age/3)"
1830,Modou,Barrow,0.03,0.0,0.0,0.0,0.0,0.0,1.12,2,Barrow,MID,Swansea,2017-18,0.16,0.03,"recency-weighted FPL points, decay 8**(-age/3)"
1831,Rekeem,Harper,0.03,0.0,0.0,0.0,0.0,0.0,0.51,3,Harper,MID,West Brom,2020-21,0.0,0.03,"recency-weighted FPL points, decay 8**(-age/3)"
1832,Yohan,Benalouane,0.03,0.0,0.0,0.0,0.0,0.0,1.07,3,Benalouane,DEF,Leicester,2018-19,0.0,0.03,"recency-weighted FPL points, decay 8**(-age/3)"
1833,Ryan,Mason,0.03,0.0,0.0,0.0,0.0,0.0,0.91,1,Mason,MID,Hull,2016-17,0.1,0.03,"recency-weighted FPL points, decay 8**(-age/3)"
1834,David,Meyler,0.03,0.0,0.0,0.0,0.0,0.0,0.94,1,Meyler,MID,Hull,2016-17,0.09,0.03,"recency-weighted FPL points, decay 8**(-age/3)"
1835,Marc,Muniesa,0.03,0.0,0.0,0.0,0.0,0.0,0.63,2,Muniesa,DEF,Stoke,2017-18,0.14,0.03,"recency-weighted FPL points, decay 8**(-age/3)"
1836,Sonny,Perkins,0.03,0.0,0.0,0.0,0.0,0.0,0.09,2,Perkins,FWD,Leeds,2022-23,0.0,0.03,"recency-weighted FPL points, decay 8**(-age/3)"
1837,Alex,Kral,0.03,0.0,0.0,0.0,0.0,0.0,0.03,1,Kral,MID,West Ham,2021-22,0.0,0.03,"recency-weighted FPL points, decay 8**(-age/3)"
1838,Jake,Vokins,0.03,0.0,0.0,0.0,0.0,0.0,1.73,2,Vokins,DEF,Southampton,2020-21,0.0,0.03,"recency-weighted FPL points, decay 8**(-age/3)"
1839,Stephen,Kingsley,0.03,0.0,0.0,0.0,0.0,0.0,1.01,2,Kingsley,DEF,Swansea,2017-18,0.0,0.03,"recency-weighted FPL points, decay 8**(-age/3)"
1840,Liam,McCarron,0.03,0.0,0.0,0.0,0.0,0.0,0.28,1,McCarron,MID,Leeds,2021-22,0.0,0.03,"recency-weighted FPL points, decay 8**(-age/3)"
1841,Kayky da Silva,Chagas,0.03,0.0,0.0,0.0,0.0,0.0,0.19,1,Kayky,FWD,Man City,2021-22,0.0,0.03,"recency-weighted FPL points, decay 8**(-age/3)"
1842,Conrad,Egan-Riley,0.03,0.0,0.0,0.0,0.0,0.0,0.09,1,Egan-Riley,DEF,Man City,2021-22,0.0,0.03,"recency-weighted FPL points, decay 8**(-age/3)"
1843,Isaiah,Brown,0.03,0.0,0.0,0.0,0.0,0.0,0.59,1,Brown,MID,Brighton,2017-18,0.0,0.03,"recency-weighted FPL points, decay 8**(-age/3)"
1844,Tyler,Morton,0.03,0.0,0.0,0.0,0.0,0.0,2.03,3,Morton,MID,Liverpool,2025-26,0.0,0.03,"recency-weighted FPL points, decay 8**(-age/3)"
1845,Ibrahim,Afellay,0.03,0.0,0.0,0.0,0.0,0.0,0.69,2,Afellay,MID,Stoke,2017-18,0.0,0.03,"recency-weighted FPL points, decay 8**(-age/3)"
1846,Bojan,Krkic,0.03,0.0,0.0,0.0,0.0,0.0,0.46,1,Bojan,MID,Stoke,2016-17,0.57,0.03,"recency-weighted FPL points, decay 8**(-age/3)"
1847,Stuart,McKinstry,0.03,0.0,0.0,0.0,0.0,0.0,0.09,1,McKinstry,MID,Leeds,2021-22,0.0,0.03,"recency-weighted FPL points, decay 8**(-age/3)"
1848,Grant,Leadbitter,0.03,0.0,0.0,0.0,0.0,0.0,0.69,1,Leadbitter,MID,Middlesbrough,2016-17,0.13,0.03,"recency-weighted FPL points, decay 8**(-age/3)"
1849,Vito,Mannone,0.03,0.0,0.0,0.0,0.0,0.01,0.79,1,Mannone,GKP,Sunderland,2016-17,0.0,0.03,"recency-weighted FPL points, decay 8**(-age/3)"
1850,Guido,Carrillo,0.03,0.0,0.0,0.0,0.0,0.0,0.88,2,Carrillo,FWD,Southampton,2018-19,0.2,0.03,"recency-weighted FPL points, decay 8**(-age/3)"
1851,Bernardo,Espinosa Zúñiga,0.03,0.0,0.0,0.0,0.0,0.0,0.95,1,Bernardo,DEF,Middlesbrough,2016-17,0.0,0.03,"recency-weighted FPL points, decay 8**(-age/3)"
1852,Daniel,Ayala,0.03,0.0,0.0,0.0,0.0,0.0,0.9,1,Ayala,DEF,Middlesbrough,2016-17,0.1,0.03,"recency-weighted FPL points, decay 8**(-age/3)"
1853,Nathan,Young-Coombes,0.03,0.0,0.0,0.0,0.0,0.0,0.09,1,Young-Coombes,FWD,Brentford,2021-22,0.0,0.03,"recency-weighted FPL points, decay 8**(-age/3)"
1854,Finley,Stevens,0.03,0.0,0.0,0.0,0.0,0.0,0.44,1,Stevens,DEF,Brentford,2021-22,0.0,0.03,"recency-weighted FPL points, decay 8**(-age/3)"
1855,Wahbi,Khazri,0.03,0.0,0.0,0.0,0.0,0.0,0.83,1,Khazri,MID,Sunderland,2016-17,0.11,0.03,"recency-weighted FPL points, decay 8**(-age/3)"
1856,Abdelhamid,Sabiri,0.03,0.0,0.0,0.0,0.0,0.0,0.61,2,Sabiri,MID,Huddersfield,2018-19,0.29,0.03,"recency-weighted FPL points, decay 8**(-age/3)"
1857,Tariqe,Fosu-Henry,0.03,0.0,0.0,0.0,0.0,0.0,0.5,1,Fosu,MID,Brentford,2021-22,0.0,0.03,"recency-weighted FPL points, decay 8**(-age/3)"
1858,Alfred,N'Diaye,0.03,0.0,0.0,0.0,0.0,0.0,1.24,1,N'Diaye,MID,Hull,2016-17,0.07,0.03,"recency-weighted FPL points, decay 8**(-age/3)"
1859,Angel,Rangel,0.03,0.0,0.0,0.0,0.0,0.0,1.11,2,Rangel,DEF,Swansea,2017-18,0.08,0.03,"recency-weighted FPL points, decay 8**(-age/3)"
1860,Harrison,Ashby,0.03,0.0,0.0,0.0,0.0,0.0,0.19,4,Ashby,DEF,Newcastle,2025-26,0.0,0.03,"recency-weighted FPL points, decay 8**(-age/3)"
1861,Dieumerci,Mbokani,0.03,0.0,0.0,0.0,0.0,0.0,0.75,1,Mbokani,FWD,Hull,2016-17,0.24,0.03,"recency-weighted FPL points, decay 8**(-age/3)"
1862,David,Marshall,0.03,0.0,0.0,0.0,0.0,0.0,1.41,1,Marshall,GKP,Hull,2016-17,0.0,0.03,"recency-weighted FPL points, decay 8**(-age/3)"
1863,Niels,Nkounkou,0.03,0.0,0.0,0.0,0.0,0.0,1.25,3,Nkounkou,DEF,Everton,2022-23,0.0,0.03,"recency-weighted FPL points, decay 8**(-age/3)"
1864,Isaac,Price,0.03,0.0,0.0,0.0,0.0,0.0,2.41,3,Price,MID,Everton,2022-23,0.0,0.03,"recency-weighted FPL points, decay 8**(-age/3)"
1865,Borja,Bastón,0.03,0.0,0.0,0.0,0.0,0.0,0.55,1,Bastón,FWD,Swansea,2016-17,0.48,0.03,"recency-weighted FPL points, decay 8**(-age/3)"
1866,João,Virgínia,0.03,0.0,0.0,0.0,0.0,0.0,0.73,2,Virgínia,GKP,Everton,2021-22,0.0,0.03,"recency-weighted FPL points, decay 8**(-age/3)"
1867,Indiana,Vassilev,0.03,0.0,0.0,0.0,0.0,0.0,0.37,2,Vassilev,FWD,Aston Villa,2020-21,0.0,0.03,"recency-weighted FPL points, decay 8**(-age/3)"
1868,Lewis,Richardson,0.03,0.0,0.0,0.0,0.0,0.0,0.05,2,Richardson,FWD,Burnley,2021-22,0.0,0.03,"recency-weighted FPL points, decay 8**(-age/3)"
1869,Per,Mertesacker,0.03,0.0,0.0,0.0,0.0,0.0,0.75,2,Mertesacker,DEF,Arsenal,2017-18,0.23,0.03,"recency-weighted FPL points, decay 8**(-age/3)"
1870,Denis,Suárez,0.02,0.0,0.0,0.0,0.0,0.0,0.26,1,Suárez,MID,Arsenal,2018-19,0.0,0.02,"recency-weighted FPL points, decay 8**(-age/3)"
1871,Viktor,Fischer,0.02,0.0,0.0,0.0,0.0,0.0,0.43,1,Fischer,MID,Middlesbrough,2016-17,0.62,0.02,"recency-weighted FPL points, decay 8**(-age/3)"
1872,Jefferson,Montero,0.02,0.0,0.0,0.0,0.0,0.0,0.37,2,Montero,MID,Swansea,2017-18,0.24,0.02,"recency-weighted FPL points, decay 8**(-age/3)"
1873,Rudy,Gestede,0.02,0.0,0.0,0.0,0.0,0.0,0.52,1,Gestede,FWD,Middlesbrough,2016-17,0.17,0.02,"recency-weighted FPL points, decay 8**(-age/3)"
1874,Theo,Corbeanu,0.02,0.0,0.0,0.0,0.0,0.0,0.12,1,Corbeanu,MID,Wolves,2020-21,0.0,0.02,"recency-weighted FPL points, decay 8**(-age/3)"
1875,Leon,Clarke,0.02,0.0,0.0,0.0,0.0,0.0,0.26,1,Clarke,FWD,Sheffield Utd,2019-20,0.0,0.02,"recency-weighted FPL points, decay 8**(-age/3)"
1876,Jay,Fulton,0.02,0.0,0.0,0.0,0.0,0.0,0.71,2,Fulton,MID,Swansea,2017-18,0.0,0.02,"recency-weighted FPL points, decay 8**(-age/3)"
1877,Reda,Khadra,0.02,0.0,0.0,0.0,0.0,0.0,0.06,1,Khadra,MID,Brighton,2020-21,0.0,0.02,"recency-weighted FPL points, decay 8**(-age/3)"
1878,Thakgalo,Leshabela,0.02,0.0,0.0,0.0,0.0,0.0,0.14,1,Leshabela,MID,Leicester,2020-21,0.0,0.02,"recency-weighted FPL points, decay 8**(-age/3)"
1879,Evandro,Goebel,0.02,0.0,0.0,0.0,0.0,0.0,0.56,1,Evandro,MID,Hull,2016-17,0.0,0.02,"recency-weighted FPL points, decay 8**(-age/3)"
1880,Jonathan,Calleri,0.02,0.0,0.0,0.0,0.0,0.0,0.53,1,Calleri,FWD,West Ham,2016-17,0.17,0.02,"recency-weighted FPL points, decay 8**(-age/3)"
1881,José,Izquierdo,0.02,0.0,0.0,0.0,0.0,0.0,0.12,1,Izquierdo,MID,Brighton,2020-21,0.0,0.02,"recency-weighted FPL points, decay 8**(-age/3)"
1882,Fraizer,Campbell,0.02,0.0,0.0,0.0,0.0,0.0,0.16,1,Campbell,FWD,Crystal Palace,2016-17,0.55,0.02,"recency-weighted FPL points, decay 8**(-age/3)"
1883,Carl,Jenkinson,0.02,0.0,0.0,0.0,0.0,0.0,0.72,4,Jenkinson,DEF,Arsenal,2019-20,0.0,0.02,"recency-weighted FPL points, decay 8**(-age/3)"
1884,Simon,Moore,0.02,0.0,0.0,0.0,0.0,0.0,1.41,3,Moore,GKP,Sunderland,2025-26,0.0,0.02,"recency-weighted FPL points, decay 8**(-age/3)"
1885,Rúnar Alex,Rúnarsson,0.02,0.0,0.0,0.0,0.0,0.0,0.23,3,Rúnarsson,GKP,Arsenal,2023-24,0.0,0.02,"recency-weighted FPL points, decay 8**(-age/3)"
1886,Jordi,Amat,0.02,0.0,0.0,0.0,0.0,0.0,1.38,1,Amat,DEF,Swansea,2016-17,0.0,0.02,"recency-weighted FPL points, decay 8**(-age/3)"
1887,Nathan,Holland,0.02,0.0,0.0,0.0,0.0,0.0,0.24,3,Holland,MID,West Ham,2019-20,0.0,0.02,"recency-weighted FPL points, decay 8**(-age/3)"
1888,Henri,Saivet,0.02,0.0,0.0,0.0,0.0,0.0,0.16,1,Saivet,MID,Newcastle,2017-18,1.08,0.02,"recency-weighted FPL points, decay 8**(-age/3)"
1889,Kieron,Freeman,0.02,0.0,0.0,0.0,0.0,0.0,0.05,1,Freeman,DEF,Sheffield Utd,2019-20,0.0,0.02,"recency-weighted FPL points, decay 8**(-age/3)"
1890,Oskar,Buur,0.02,0.0,0.0,0.0,0.0,0.0,0.34,2,Buur,DEF,Wolves,2020-21,0.0,0.02,"recency-weighted FPL points, decay 8**(-age/3)"
1891,Fernando Francisco,Reges,0.02,0.0,0.0,0.0,0.0,0.0,0.55,2,Fernando,MID,Man City,2017-18,0.0,0.02,"recency-weighted FPL points, decay 8**(-age/3)"
1892,Jesús,Gámez Duarte,0.02,0.0,0.0,0.0,0.0,0.0,0.19,1,Gámez,DEF,Newcastle,2017-18,0.0,0.02,"recency-weighted FPL points, decay 8**(-age/3)"
1893,Sandro,Ramírez,0.02,0.0,0.0,0.0,0.0,0.0,0.54,2,Sandro,FWD,Everton,2018-19,0.0,0.02,"recency-weighted FPL points, decay 8**(-age/3)"
1894,Joe,Lolley,0.02,0.0,0.0,0.0,0.0,0.0,0.42,2,Lolley,MID,Nott'm Forest,2022-23,0.41,0.02,"recency-weighted FPL points, decay 8**(-age/3)"
1895,Brandon,Pierrick,0.02,0.0,0.0,0.0,0.0,0.0,0.1,2,Pierrick,MID,Crystal Palace,2020-21,0.0,0.02,"recency-weighted FPL points, decay 8**(-age/3)"
1896,Femi,Seriki,0.02,0.0,0.0,0.0,0.0,0.0,0.02,2,Seriki,DEF,Sheffield Utd,2023-24,0.0,0.02,"recency-weighted FPL points, decay 8**(-age/3)"
1897,Ibrahima,Cissé,0.02,0.0,0.0,0.0,0.0,0.0,0.34,1,Cissé,MID,Fulham,2018-19,0.0,0.02,"recency-weighted FPL points, decay 8**(-age/3)"
1898,Callum,Slattery,0.02,0.0,0.0,0.0,0.0,0.0,0.43,2,Slattery,MID,Southampton,2019-20,0.0,0.02,"recency-weighted FPL points, decay 8**(-age/3)"
1899,Jérémy,Pied,0.02,0.0,0.0,0.0,0.0,0.0,0.48,2,Pied,DEF,Southampton,2017-18,0.37,0.02,"recency-weighted FPL points, decay 8**(-age/3)"
1900,Sam,Gallagher,0.02,0.0,0.0,0.0,0.0,0.0,0.13,2,Gallagher,FWD,Southampton,2019-20,0.0,0.02,"recency-weighted FPL points, decay 8**(-age/3)"
1901,Darron,Gibson,0.02,0.0,0.0,0.0,0.0,0.0,0.62,1,Gibson,MID,Sunderland,2016-17,0.0,0.02,"recency-weighted FPL points, decay 8**(-age/3)"
1902,Steve,Mandanda,0.02,0.0,0.0,0.0,0.0,0.0,0.79,1,Mandanda,GKP,Crystal Palace,2016-17,0.0,0.02,"recency-weighted FPL points, decay 8**(-age/3)"
1903,Papy,Djilobodji,0.02,0.0,0.0,0.0,0.0,0.0,1.54,1,Djilobodji,DEF,Sunderland,2016-17,0.0,0.02,"recency-weighted FPL points, decay 8**(-age/3)"
1904,Ben,Watson,0.02,0.0,0.0,0.0,0.0,0.0,0.94,2,Watson,MID,Watford,2017-18,0.0,0.02,"recency-weighted FPL points, decay 8**(-age/3)"
1905,Gary,Madine,0.02,0.0,0.0,0.0,0.0,0.0,0.13,1,Madine,FWD,Cardiff,2018-19,0.0,0.02,"recency-weighted FPL points, decay 8**(-age/3)"
1906,Jayson,Molumby,0.02,0.0,0.0,0.0,0.0,0.0,0.02,3,Molumby,MID,Brighton,2020-21,0.0,0.02,"recency-weighted FPL points, decay 8**(-age/3)"
1907,Donald,Love,0.02,0.0,0.0,0.0,0.0,0.0,0.6,1,Love,DEF,Sunderland,2016-17,0.15,0.02,"recency-weighted FPL points, decay 8**(-age/3)"
1908,Niall,Huggins,0.02,0.0,0.0,0.0,0.0,0.0,0.58,2,Huggins,DEF,Sunderland,2025-26,0.0,0.02,"recency-weighted FPL points, decay 8**(-age/3)"
1909,Troy,Parrott,0.02,0.0,0.0,0.0,0.0,0.0,0.05,2,Parrott,FWD,Spurs,2022-23,0.0,0.02,"recency-weighted FPL points, decay 8**(-age/3)"
1910,Markus,Henriksen,0.02,0.0,0.0,0.0,0.0,0.0,0.62,1,Henriksen,MID,Hull,2016-17,0.0,0.02,"recency-weighted FPL points, decay 8**(-age/3)"
1911,Shaun,Maloney,0.02,0.0,0.0,0.0,0.0,0.0,0.28,1,Maloney,MID,Hull,2016-17,0.95,0.02,"recency-weighted FPL points, decay 8**(-age/3)"
1912,Oscar,dos Santos Emboaba Junior,0.02,0.0,0.0,0.0,0.0,0.0,0.44,1,Oscar,MID,Chelsea,2016-17,0.2,0.02,"recency-weighted FPL points, decay 8**(-age/3)"
1913,Borja,González Tomás,0.02,0.0,0.0,0.0,0.0,0.0,0.12,1,Bastón,FWD,Aston Villa,2019-20,0.0,0.02,"recency-weighted FPL points, decay 8**(-age/3)"
1914,Nahki,Wells,0.02,0.0,0.0,0.0,0.0,0.0,0.09,2,Wells,FWD,Burnley,2018-19,0.0,0.02,"recency-weighted FPL points, decay 8**(-age/3)"
1915,Ron-Robert,Zieler,0.02,0.0,0.0,0.0,0.0,0.0,0.74,1,Zieler,GKP,Leicester,2016-17,0.0,0.02,"recency-weighted FPL points, decay 8**(-age/3)"
1916,John,Terry,0.02,0.0,0.0,0.0,0.0,0.0,0.48,1,Terry,DEF,Chelsea,2016-17,0.18,0.02,"recency-weighted FPL points, decay 8**(-age/3)"
1917,William,Fish,0.02,0.0,0.0,0.0,0.0,0.0,0.02,1,Fish,DEF,Man Utd,2020-21,0.0,0.02,"recency-weighted FPL points, decay 8**(-age/3)"
1918,Giannelli,Imbula,0.02,0.0,0.0,0.0,0.0,0.0,0.78,2,Imbula,MID,Stoke,2017-18,0.11,0.02,"recency-weighted FPL points, decay 8**(-age/3)"
1919,Joel,Coleman,0.01,0.0,0.0,0.0,0.0,0.0,0.35,2,Coleman,GKP,Huddersfield,2018-19,0.0,0.01,"recency-weighted FPL points, decay 8**(-age/3)"
1920,Beni,Baningime,0.01,0.0,0.0,0.0,0.0,0.0,0.38,3,Baningime,MID,Everton,2019-20,0.0,0.01,"recency-weighted FPL points, decay 8**(-age/3)"
1921,Shay,Given,0.01,0.0,0.0,0.0,0.0,0.0,0.44,1,Given,GKP,Stoke,2016-17,0.0,0.01,"recency-weighted FPL points, decay 8**(-age/3)"
1922,Davy,Klaassen,0.01,0.0,0.0,0.0,0.0,0.0,0.48,2,Klaassen,MID,Everton,2018-19,0.0,0.01,"recency-weighted FPL points, decay 8**(-age/3)"
1923,Jordan,Rhodes,0.01,0.0,0.0,0.0,0.0,0.0,0.21,1,Rhodes,FWD,Middlesbrough,2016-17,0.0,0.01,"recency-weighted FPL points, decay 8**(-age/3)"
1924,Kasey,Palmer,0.01,0.0,0.0,0.0,0.0,0.0,0.33,1,Palmer,MID,Chelsea,2017-18,0.0,0.01,"recency-weighted FPL points, decay 8**(-age/3)"
1925,Connor,Goldson,0.01,0.0,0.0,0.0,0.0,0.0,0.39,1,Goldson,DEF,Brighton,2017-18,0.0,0.01,"recency-weighted FPL points, decay 8**(-age/3)"
1926,Charly,Musonda,0.01,0.0,0.0,0.0,0.0,0.0,0.07,1,Musonda,MID,Chelsea,2017-18,2.57,0.01,"recency-weighted FPL points, decay 8**(-age/3)"
1927,Emilio,Nsue Lopez,0.01,0.0,0.0,0.0,0.0,0.0,0.31,1,Nsue,DEF,Middlesbrough,2016-17,0.0,0.01,"recency-weighted FPL points, decay 8**(-age/3)"
1928,Jamie,Murphy,0.01,0.0,0.0,0.0,0.0,0.0,0.32,1,Murphy,MID,Brighton,2017-18,0.0,0.01,"recency-weighted FPL points, decay 8**(-age/3)"
1929,Dimitri,Foulquier,0.01,0.0,0.0,0.0,0.0,0.0,0.45,1,Foulquier,DEF,Watford,2019-20,0.0,0.01,"recency-weighted FPL points, decay 8**(-age/3)"
1930,Ravel,Morrison,0.01,0.0,0.0,0.0,0.0,0.0,0.09,1,Morrison,MID,Sheffield Utd,2019-20,0.0,0.01,"recency-weighted FPL points, decay 8**(-age/3)"
1931,Jordan,Thomas,0.01,0.0,0.0,0.0,0.0,0.0,0.01,1,Thomas,DEF,Norwich,2019-20,0.0,0.01,"recency-weighted FPL points, decay 8**(-age/3)"
1932,Lasse,Sorenson,0.01,0.0,0.0,0.0,0.0,0.0,0.15,1,Sorenson,MID,Stoke,2017-18,1.2,0.01,"recency-weighted FPL points, decay 8**(-age/3)"
1933,Akin,Famewo,0.01,0.0,0.0,0.0,0.0,0.0,0.01,1,Famewo,DEF,Norwich,2019-20,0.0,0.01,"recency-weighted FPL points, decay 8**(-age/3)"
1934,Michael,Kightly,0.01,0.0,0.0,0.0,0.0,0.0,0.1,1,Kightly,MID,Burnley,2016-17,0.0,0.01,"recency-weighted FPL points, decay 8**(-age/3)"
1935,Marc,Navarro,0.01,0.0,0.0,0.0,0.0,0.0,0.33,3,Navarro,DEF,Watford,2021-22,0.0,0.01,"recency-weighted FPL points, decay 8**(-age/3)"
1936,Pape,Souaré,0.01,0.0,0.0,0.0,0.0,0.0,0.28,3,Souaré,DEF,Crystal Palace,2018-19,0.0,0.01,"recency-weighted FPL points, decay 8**(-age/3)"
1937,Brendan,Galloway,0.01,0.0,0.0,0.0,0.0,0.0,0.24,1,Galloway,DEF,Everton,2016-17,0.0,0.01,"recency-weighted FPL points, decay 8**(-age/3)"
1938,Matthew,Pennington,0.01,0.0,0.0,0.0,0.0,0.0,0.18,2,Pennington,DEF,Everton,2017-18,0.5,0.01,"recency-weighted FPL points, decay 8**(-age/3)"
1939,Kelland,Watts,0.01,0.0,0.0,0.0,0.0,0.0,0.12,3,Watts,DEF,Newcastle,2020-21,0.0,0.01,"recency-weighted FPL points, decay 8**(-age/3)"
1940,Arouna,Koné,0.01,0.0,0.0,0.0,0.0,0.0,0.08,1,Koné,FWD,Everton,2016-17,0.0,0.01,"recency-weighted FPL points, decay 8**(-age/3)"
1941,Aaron,Rowe,0.01,0.0,0.0,0.0,0.0,0.0,0.27,1,Rowe,MID,Huddersfield,2018-19,0.0,0.01,"recency-weighted FPL points, decay 8**(-age/3)"
1942,Matthew,Daly,0.01,0.0,0.0,0.0,0.0,0.0,0.29,1,Daly,MID,Huddersfield,2018-19,0.0,0.01,"recency-weighted FPL points, decay 8**(-age/3)"
1943,Loïc,Remy,0.01,0.0,0.0,0.0,0.0,0.0,0.13,1,Remy,FWD,Crystal Palace,2016-17,0.0,0.01,"recency-weighted FPL points, decay 8**(-age/3)"
1944,Rhys,Healey,0.01,0.0,0.0,0.0,0.0,0.0,0.19,1,Healey,FWD,Cardiff,2018-19,0.0,0.01,"recency-weighted FPL points, decay 8**(-age/3)"
1945,Max,Thompson,0.01,0.0,0.0,0.0,0.0,0.0,0.02,2,Thompson,FWD,Burnley,2020-21,0.0,0.01,"recency-weighted FPL points, decay 8**(-age/3)"
1946,Faustino,Anjorin,0.01,0.0,0.0,0.0,0.0,0.0,0.15,2,Anjorin,MID,Chelsea,2020-21,0.0,0.01,"recency-weighted FPL points, decay 8**(-age/3)"
1947,Loïc,Damour,0.01,0.0,0.0,0.0,0.0,0.0,0.08,1,Damour,MID,Cardiff,2018-19,0.0,0.01,"recency-weighted FPL points, decay 8**(-age/3)"
1948,Ashley Darel Jazz,Richards,0.01,0.0,0.0,0.0,0.0,0.0,0.5,1,Jazz Richards,DEF,Cardiff,2018-19,0.0,0.01,"recency-weighted FPL points, decay 8**(-age/3)"
1949,Ralf,Fahrmann,0.01,0.0,0.0,0.0,0.0,0.0,0.16,1,Fahrmann,GKP,Norwich,2019-20,0.0,0.01,"recency-weighted FPL points, decay 8**(-age/3)"
1950,Jon,Flanagan,0.01,0.0,0.0,0.0,0.0,0.0,0.35,2,Flanagan,DEF,Liverpool,2017-18,0.0,0.01,"recency-weighted FPL points, decay 8**(-age/3)"
1951,Jordan,Hugill,0.01,0.0,0.0,0.0,0.0,0.0,0.04,4,Hugill,FWD,Norwich,2021-22,0.0,0.01,"recency-weighted FPL points, decay 8**(-age/3)"
1952,Tyrese,Campbell,0.01,0.0,0.0,0.0,0.0,0.0,0.15,1,Campbell,FWD,Stoke,2017-18,0.0,0.01,"recency-weighted FPL points, decay 8**(-age/3)"
1953,Konstantinos,Stafylidis,0.01,0.0,0.0,0.0,0.0,0.0,0.65,1,Stafylidis,DEF,Stoke,2017-18,0.0,0.01,"recency-weighted FPL points, decay 8**(-age/3)"
1954,Lewis,Grabban,0.01,0.0,0.0,0.0,0.0,0.0,0.06,1,Grabban,FWD,Bournemouth,2016-17,1.5,0.01,"recency-weighted FPL points, decay 8**(-age/3)"
1955,Emerson,Hyndman,0.01,0.0,0.0,0.0,0.0,0.0,0.26,3,Hyndman,MID,Bournemouth,2018-19,0.0,0.01,"recency-weighted FPL points, decay 8**(-age/3)"
1956,Max,Gradel,0.01,0.0,0.0,0.0,0.0,0.0,0.13,2,Gradel,MID,Bournemouth,2017-18,0.0,0.01,"recency-weighted FPL points, decay 8**(-age/3)"
1957,Bruno André,Cavaco Jordao,0.01,0.0,0.0,0.0,0.0,0.0,0.05,2,Jordao,MID,Wolves,2020-21,0.0,0.01,"recency-weighted FPL points, decay 8**(-age/3)"
1958,Rolando,Aarons,0.01,0.0,0.0,0.0,0.0,0.0,0.27,3,Aarons,MID,Newcastle,2020-21,0.0,0.01,"recency-weighted FPL points, decay 8**(-age/3)"
1959,Jesús,Vallejo Lázaro,0.01,0.0,0.0,0.0,0.0,0.0,1.27,1,Vallejo,DEF,Wolves,2019-20,0.0,0.01,"recency-weighted FPL points, decay 8**(-age/3)"
1960,Brahim,Diaz,0.01,0.0,0.0,0.0,0.0,0.0,0.1,2,Diaz,MID,Man City,2018-19,0.0,0.01,"recency-weighted FPL points, decay 8**(-age/3)"
1961,Adam,Federici,0.01,0.0,0.0,0.0,0.0,0.0,0.18,2,Federici,GKP,Bournemouth,2017-18,0.0,0.01,"recency-weighted FPL points, decay 8**(-age/3)"
1962,Patrick,McNair,0.01,0.0,0.0,0.0,0.0,0.0,0.34,1,McNair,DEF,Sunderland,2016-17,0.0,0.01,"recency-weighted FPL points, decay 8**(-age/3)"
1963,Liam,Rosenior,0.01,0.0,0.0,0.0,0.0,0.0,0.32,1,Rosenior,DEF,Brighton,2017-18,0.0,0.01,"recency-weighted FPL points, decay 8**(-age/3)"
1964,Dean,Whitehead,0.01,0.0,0.0,0.0,0.0,0.0,0.13,1,Whitehead,MID,Huddersfield,2017-18,0.0,0.01,"recency-weighted FPL points, decay 8**(-age/3)"
1965,Lee,Cattermole,0.01,0.0,0.0,0.0,0.0,0.0,0.62,1,Cattermole,MID,Sunderland,2016-17,0.0,0.01,"recency-weighted FPL points, decay 8**(-age/3)"
1966,Omar,Elabdellaoui,0.01,0.0,0.0,0.0,0.0,0.0,0.6,1,Elabdellaoui,DEF,Hull,2016-17,0.0,0.01,"recency-weighted FPL points, decay 8**(-age/3)"
1967,Jerome,Sinclair,0.01,0.0,0.0,0.0,0.0,0.0,0.17,3,Sinclair,FWD,Watford,2018-19,0.0,0.01,"recency-weighted FPL points, decay 8**(-age/3)"
1968,Demetri,Mitchell,0.01,0.0,0.0,0.0,0.0,0.0,0.09,1,Mitchell,DEF,Man Utd,2016-17,0.0,0.01,"recency-weighted FPL points, decay 8**(-age/3)"
1969,Steven,Pienaar,0.01,0.0,0.0,0.0,0.0,0.0,0.78,1,Pienaar,MID,Sunderland,2016-17,0.0,0.01,"recency-weighted FPL points, decay 8**(-age/3)"
1970,George,Honeyman,0.01,0.0,0.0,0.0,0.0,0.0,0.23,1,Honeyman,MID,Sunderland,2016-17,0.0,0.01,"recency-weighted FPL points, decay 8**(-age/3)"
1971,Gökhan,Töre,0.01,0.0,0.0,0.0,0.0,0.0,0.23,1,Töre,MID,West Ham,2016-17,0.38,0.01,"recency-weighted FPL points, decay 8**(-age/3)"
1972,Jonathan,Leko,0.01,0.0,0.0,0.0,0.0,0.0,0.12,3,Leko,MID,West Brom,2020-21,0.76,0.01,"recency-weighted FPL points, decay 8**(-age/3)"
1973,Will,Keane,0.01,0.0,0.0,0.0,0.0,0.0,0.27,1,Keane,FWD,Hull,2016-17,0.0,0.01,"recency-weighted FPL points, decay 8**(-age/3)"
1974,Jonas,Olsson,0.01,0.0,0.0,0.0,0.0,0.0,0.58,1,Olsson,DEF,West Brom,2016-17,0.0,0.01,"recency-weighted FPL points, decay 8**(-age/3)"
1975,Jan,Kirchhoff,0.01,0.0,0.0,0.0,0.0,0.0,0.42,1,Kirchhoff,MID,Sunderland,2016-17,0.21,0.01,"recency-weighted FPL points, decay 8**(-age/3)"
1976,Damian Emiliano,Martinez,0.01,0.0,0.0,0.0,0.0,0.0,0.18,2,Martinez,GKP,Arsenal,2017-18,0.0,0.01,"recency-weighted FPL points, decay 8**(-age/3)"
1977,Marko,Grujic,0.01,0.0,0.0,0.0,0.0,0.0,0.07,2,Grujic,MID,Liverpool,2017-18,0.0,0.01,"recency-weighted FPL points, decay 8**(-age/3)"
1978,Lynden,Gooch,0.01,0.0,0.0,0.0,0.0,0.0,0.36,1,Gooch,MID,Sunderland,2016-17,0.0,0.01,"recency-weighted FPL points, decay 8**(-age/3)"
1979,Joshua,Harrop,0.01,0.0,0.0,0.0,0.0,0.0,0.09,1,Harrop,MID,Man Utd,2016-17,1.0,0.01,"recency-weighted FPL points, decay 8**(-age/3)"
1980,Ezekiel,Fryers,0.01,0.0,0.0,0.0,0.0,0.0,0.18,1,Fryers,DEF,Crystal Palace,2016-17,0.48,0.01,"recency-weighted FPL points, decay 8**(-age/3)"
1981,Mauro,Zárate,0.01,0.0,0.0,0.0,0.0,0.0,0.2,2,Zárate,FWD,Watford,2017-18,0.44,0.01,"recency-weighted FPL points, decay 8**(-age/3)"
1982,Simone,Zaza,0.01,0.0,0.0,0.0,0.0,0.0,0.45,1,Zaza,FWD,West Ham,2016-17,0.0,0.01,"recency-weighted FPL points, decay 8**(-age/3)"
1983,Thomas,Edwards,0.01,0.0,0.0,0.0,0.0,0.0,0.94,2,Edwards,DEF,Stoke,2017-18,0.0,0.01,"recency-weighted FPL points, decay 8**(-age/3)"
1984,Mathieu,Flamini,0.01,0.0,0.0,0.0,0.0,0.0,0.27,1,Flamini,MID,Crystal Palace,2016-17,0.0,0.01,"recency-weighted FPL points, decay 8**(-age/3)"
1985,Craig,Gardner,0.01,0.0,0.0,0.0,0.0,0.0,0.21,1,Gardner,MID,West Brom,2016-17,0.41,0.01,"recency-weighted FPL points, decay 8**(-age/3)"
1986,Julien,Ngoy,0.01,0.0,0.0,0.0,0.0,0.0,0.08,2,Ngoy,FWD,Stoke,2017-18,0.0,0.01,"recency-weighted FPL points, decay 8**(-age/3)"
1987,Stephen,Ireland,0.01,0.0,0.0,0.0,0.0,0.0,0.25,2,Ireland,MID,Stoke,2017-18,0.0,0.01,"recency-weighted FPL points, decay 8**(-age/3)"
1988,Ben,Woodburn,0.01,0.0,0.0,0.0,0.0,0.0,0.1,4,Woodburn,MID,Liverpool,2021-22,0.0,0.01,"recency-weighted FPL points, decay 8**(-age/3)"
1989,Josh,Tymon,0.01,0.0,0.0,0.0,0.0,0.0,0.63,2,Tymon,DEF,Stoke,2017-18,0.0,0.01,"recency-weighted FPL points, decay 8**(-age/3)"
1990,Joel Dinis,Castro Pereira,0.01,0.0,0.0,0.0,0.0,0.0,0.09,2,Joel Pereira,GKP,Man Utd,2017-18,0.0,0.01,"recency-weighted FPL points, decay 8**(-age/3)"
1991,TJ,Carroll,0.0,0.0,0.0,0.0,0.0,0.0,0.0,1,Carroll,DEF,Aston Villa,2025-26,0.0,0.0,"recency-weighted FPL points, decay 8**(-age/3)"
1992,Ronnie,Hollingshead,0.0,0.0,0.0,0.0,0.0,0.0,0.0,1,Hollingshead,GKP,Aston Villa,2025-26,0.0,0.0,"recency-weighted FPL points, decay 8**(-age/3)"
1993,Zak,Johnson,0.0,0.0,0.0,0.0,0.0,0.0,0.0,1,Johnson,DEF,Sunderland,2025-26,0.0,0.0,"recency-weighted FPL points, decay 8**(-age/3)"
1994,Airidas,Golambeckis,0.0,0.0,0.0,0.0,0.0,0.0,0.0,1,Golambeckis,DEF,West Ham,2025-26,0.0,0.0,"recency-weighted FPL points, decay 8**(-age/3)"
1995,Reigan,Heskey,0.0,0.0,0.0,0.0,0.0,0.0,0.0,1,Heskey,MID,Man City,2025-26,0.0,0.0,"recency-weighted FPL points, decay 8**(-age/3)"
1996,Leon,Routh,0.0,0.0,0.0,0.0,0.0,0.0,0.0,1,Leon Routh,DEF,Aston Villa,2025-26,0.0,0.0,"recency-weighted FPL points, decay 8**(-age/3)"
1997,Triston,Rowe,0.0,0.0,0.0,0.0,0.0,0.0,0.0,1,Rowe,DEF,Aston Villa,2025-26,0.0,0.0,"recency-weighted FPL points, decay 8**(-age/3)"
1998,Matthew,Whittingham,0.0,0.0,0.0,0.0,0.0,0.0,0.0,1,Whittingham,MID,Wolves,2023-24,0.0,0.0,"recency-weighted FPL points, decay 8**(-age/3)"
1999,Joe,Gardner,0.0,0.0,0.0,0.0,0.0,0.0,0.0,1,Gardner,FWD,Nott'm Forest,2023-24,0.0,0.0,"recency-weighted FPL points, decay 8**(-age/3)"
2000,Joseph,O'Brien-Whitmarsh,0.0,0.0,0.0,0.0,0.0,0.0,0.0,1,O'Brien-Whitmarsh,MID,Southampton,2024-25,0.0,0.0,"recency-weighted FPL points, decay 8**(-age/3)"
2001,Zépiqueno,Redmond,0.0,0.0,0.0,0.0,0.0,0.0,0.0,1,Redmond,FWD,Aston Villa,2025-26,0.0,0.0,"recency-weighted FPL points, decay 8**(-age/3)"
2002,Diego,León Blanco,0.0,0.0,0.0,0.0,0.0,0.0,0.0,1,D.Leon,DEF,Man Utd,2025-26,0.0,0.0,"recency-weighted FPL points, decay 8**(-age/3)"
2003,Jamie,McDonnell,0.0,0.0,0.0,0.0,0.0,0.0,0.0,1,McDonnell,MID,Nott'm Forest,2023-24,0.0,0.0,"recency-weighted FPL points, decay 8**(-age/3)"
2004,Antony,dos Santos,0.0,0.0,0.0,0.0,0.0,0.0,0.0,1,Antony,MID,Man Utd,2025-26,0.0,0.0,"recency-weighted FPL points, decay 8**(-age/3)"
2005,Chido,Obi,0.0,0.0,0.0,0.0,0.0,0.0,0.0,1,Obi,FWD,Man Utd,2025-26,0.0,0.0,"recency-weighted FPL points, decay 8**(-age/3)"
2006,Jacob,Slater,0.0,0.0,0.0,0.0,0.0,0.0,0.0,2,Slater,DEF,Brighton,2025-26,0.0,0.0,"recency-weighted FPL points, decay 8**(-age/3)"
2007,Keiber,Lamadrid,0.0,0.0,0.0,0.0,0.0,0.0,0.0,1,Lamadrid,MID,West Ham,2025-26,0.0,0.0,"recency-weighted FPL points, decay 8**(-age/3)"
2008,Detlef Esapa,Osong,0.0,0.0,0.0,0.0,0.0,0.0,0.0,1,Osong,FWD,Nott'm Forest,2023-24,0.0,0.0,"recency-weighted FPL points, decay 8**(-age/3)"
2009,Jordan,Amissah,0.0,0.0,0.0,0.0,0.0,0.0,0.0,1,Amissah,GKP,Sheffield Utd,2023-24,0.0,0.0,"recency-weighted FPL points, decay 8**(-age/3)"
2010,Timothée,Pembélé,0.0,0.0,0.0,0.0,0.0,0.0,0.0,1,Pembele,DEF,Sunderland,2025-26,0.0,0.0,"recency-weighted FPL points, decay 8**(-age/3)"
2011,Milan,Aleksić,0.0,0.0,0.0,0.0,0.0,0.0,0.0,1,Aleksić,MID,Sunderland,2025-26,0.0,0.0,"recency-weighted FPL points, decay 8**(-age/3)"
2012,Ben,Broggio,0.0,0.0,0.0,0.0,0.0,0.0,0.0,2,Broggio,MID,Aston Villa,2025-26,0.0,0.0,"recency-weighted FPL points, decay 8**(-age/3)"
2013,Louie,Marsh,0.0,0.0,0.0,0.0,0.0,0.0,0.0,1,Marsh,FWD,Sheffield Utd,2023-24,0.0,0.0,"recency-weighted FPL points, decay 8**(-age/3)"
2014,Carlos Miguel,dos Santos Pereira,0.0,0.0,0.0,0.0,0.0,0.0,0.0,2,C.Miguel,GKP,Nott'm Forest,2025-26,0.0,0.0,"recency-weighted FPL points, decay 8**(-age/3)"
2015,Lucá,Williams-Barnett,0.0,0.0,0.0,0.0,0.0,0.0,0.0,1,Williams-Barnett,MID,Spurs,2025-26,0.0,0.0,"recency-weighted FPL points, decay 8**(-age/3)"
2016,Jamaldeen,Jimoh,0.0,0.0,0.0,0.0,0.0,0.0,0.0,1,Jimoh,MID,Aston Villa,2024-25,0.0,0.0,"recency-weighted FPL points, decay 8**(-age/3)"
2017,Ian,Poveda-Ocampo,0.0,0.0,0.0,0.0,0.0,0.0,0.0,1,Poveda,MID,Sunderland,2025-26,0.0,0.0,"recency-weighted FPL points, decay 8**(-age/3)"
2018,Rio,Kyerematen,0.0,0.0,0.0,0.0,0.0,0.0,0.0,1,Kyerematen,MID,Spurs,2025-26,0.0,0.0,"recency-weighted FPL points, decay 8**(-age/3)"
2019,İlkay,Gündoğan,0.0,0.0,0.0,0.0,0.0,0.0,0.0,1,Gündoğan,MID,Man City,2025-26,0.0,0.0,"recency-weighted FPL points, decay 8**(-age/3)"
2020,Sverre,Nypan,0.0,0.0,0.0,0.0,0.0,0.0,0.0,1,Nypan,MID,Man City,2025-26,0.0,0.0,"recency-weighted FPL points, decay 8**(-age/3)"
2021,Stephen,Mfuni,0.0,0.0,0.0,0.0,0.0,0.0,0.0,1,Mfuni,DEF,Man City,2025-26,0.0,0.0,"recency-weighted FPL points, decay 8**(-age/3)"
2022,Kian,McMahon-Brown,0.0,0.0,0.0,0.0,0.0,0.0,0.0,1,McMahon-Brown,MID,Burnley,2025-26,0.0,0.0,"recency-weighted FPL points, decay 8**(-age/3)"
2023,Freddie,Simmonds,0.0,0.0,0.0,0.0,0.0,0.0,0.0,2,Simmonds,DEF,Brighton,2025-26,0.0,0.0,"recency-weighted FPL points, decay 8**(-age/3)"
2024,George,Brierley,0.0,0.0,0.0,0.0,0.0,0.0,0.0,1,Brierley,MID,Burnley,2025-26,0.0,0.0,"recency-weighted FPL points, decay 8**(-age/3)"
2025,Etienne,Green,0.0,0.0,0.0,0.0,0.0,0.0,0.0,1,Green,GKP,Burnley,2025-26,0.0,0.0,"recency-weighted FPL points, decay 8**(-age/3)"
2026,Oliver,Pimlott,0.0,0.0,0.0,0.0,0.0,0.0,0.0,1,Pimlott,MID,Burnley,2025-26,0.0,0.0,"recency-weighted FPL points, decay 8**(-age/3)"
2027,Ryan,McAidoo,0.0,0.0,0.0,0.0,0.0,0.0,0.0,1,McAidoo,MID,Man City,2025-26,0.0,0.0,"recency-weighted FPL points, decay 8**(-age/3)"
2028,Oluwaseun,Adewumi,0.0,0.0,0.0,0.0,0.0,0.0,0.0,1,Adewumi,MID,Burnley,2025-26,0.0,0.0,"recency-weighted FPL points, decay 8**(-age/3)"
2029,Charlie,Tasker,0.0,0.0,0.0,0.0,0.0,0.0,0.0,2,Tasker,DEF,Brighton,2025-26,0.0,0.0,"recency-weighted FPL points, decay 8**(-age/3)"
2030,Charlie,Gray,0.0,0.0,0.0,0.0,0.0,0.0,0.0,1,Gray,MID,Man City,2025-26,0.0,0.0,"recency-weighted FPL points, decay 8**(-age/3)"
2031,Adam,Davies,0.0,0.0,0.0,0.0,0.0,0.0,0.0,1,A.Davies,GKP,Sheffield Utd,2023-24,0.0,0.0,"recency-weighted FPL points, decay 8**(-age/3)"
2032,Manuel,Benson Hedilazio,0.0,0.0,0.0,0.0,0.0,0.0,0.0,1,Benson,MID,Burnley,2025-26,0.0,0.0,"recency-weighted FPL points, decay 8**(-age/3)"
2033,Ismaila,Coulibaly,0.0,0.0,0.0,0.0,0.0,0.0,0.0,1,Coulibaly,MID,Sheffield Utd,2023-24,0.0,0.0,"recency-weighted FPL points, decay 8**(-age/3)"
2034,Josh,Powell,0.0,0.0,0.0,0.0,0.0,0.0,0.0,1,Powell,DEF,Nott'm Forest,2023-24,0.0,0.0,"recency-weighted FPL points, decay 8**(-age/3)"
2035,Shurandy,Sambo,0.0,0.0,0.0,0.0,0.0,0.0,0.0,1,Sambo,DEF,Burnley,2025-26,0.0,0.0,"recency-weighted FPL points, decay 8**(-age/3)"
2036,Alex,Paulsen,0.0,0.0,0.0,0.0,0.0,0.0,0.0,2,Paulsen,GKP,Bournemouth,2025-26,0.0,0.0,"recency-weighted FPL points, decay 8**(-age/3)"
2037,Václav,Hladký,0.0,0.0,0.0,0.0,0.0,0.0,0.0,1,Hladký,GKP,Burnley,2025-26,0.0,0.0,"recency-weighted FPL points, decay 8**(-age/3)"
2038,Finlay,Herrick,0.0,0.0,0.0,0.0,0.0,0.0,0.0,1,Herrick,GKP,West Ham,2025-26,0.0,0.0,"recency-weighted FPL points, decay 8**(-age/3)"
2039,Josh,Bowler,0.0,0.0,0.0,0.0,0.0,0.0,0.0,2,Bowler,MID,Nott'm Forest,2024-25,0.0,0.0,"recency-weighted FPL points, decay 8**(-age/3)"
2040,Ruairi,McConville,0.0,0.0,0.0,0.0,0.0,0.0,0.0,1,McConville,DEF,Brighton,2024-25,0.0,0.0,"recency-weighted FPL points, decay 8**(-age/3)"
2041,Adrian,Mazilu,0.0,0.0,0.0,0.0,0.0,0.0,0.0,2,Mazilu,MID,Brighton,2025-26,0.0,0.0,"recency-weighted FPL points, decay 8**(-age/3)"
2042,Habeeb,Ogunneye,0.0,0.0,0.0,0.0,0.0,0.0,0.0,1,Ogunneye,DEF,Man Utd,2023-24,0.0,0.0,"recency-weighted FPL points, decay 8**(-age/3)"
2043,Ibrahim,Osman,0.0,0.0,0.0,0.0,0.0,0.0,0.0,1,I.Osman,MID,Brighton,2024-25,0.0,0.0,"recency-weighted FPL points, decay 8**(-age/3)"
2044,Iwan,Morgan,0.0,0.0,0.0,0.0,0.0,0.0,0.0,2,Morgan,FWD,Brentford,2025-26,0.0,0.0,"recency-weighted FPL points, decay 8**(-age/3)"
2045,Dante,Cassanova,0.0,0.0,0.0,0.0,0.0,0.0,0.0,1,Cassanova,DEF,Spurs,2024-25,0.0,0.0,"recency-weighted FPL points, decay 8**(-age/3)"
2046,Julian,Eyestone,0.0,0.0,0.0,0.0,0.0,0.0,0.0,2,Eyestone,GKP,Brentford,2025-26,0.0,0.0,"recency-weighted FPL points, decay 8**(-age/3)"
2047,Joe,Hugill,0.0,0.0,0.0,0.0,0.0,0.0,0.0,1,Hugill,FWD,Man Utd,2023-24,0.0,0.0,"recency-weighted FPL points, decay 8**(-age/3)"
2048,Saheed,Olagunju,0.0,0.0,0.0,0.0,0.0,0.0,0.0,1,Olagunju,DEF,Wolves,2025-26,0.0,0.0,"recency-weighted FPL points, decay 8**(-age/3)"
2049,Luke,Rawlings,0.0,0.0,0.0,0.0,0.0,0.0,0.0,1,Rawlings,MID,Wolves,2025-26,0.0,0.0,"recency-weighted FPL points, decay 8**(-age/3)"
2050,Bastien,Meupiyou,0.0,0.0,0.0,0.0,0.0,0.0,0.0,1,Meupiyou,DEF,Wolves,2024-25,0.0,0.0,"recency-weighted FPL points, decay 8**(-age/3)"
2051,Leo,Shahar,0.0,0.0,0.0,0.0,0.0,0.0,0.0,1,Shahar,DEF,Newcastle,2025-26,0.0,0.0,"recency-weighted FPL points, decay 8**(-age/3)"
2052,Radek,Vítek,0.0,0.0,0.0,0.0,0.0,0.0,0.0,1,Vítek,GKP,Man Utd,2023-24,0.0,0.0,"recency-weighted FPL points, decay 8**(-age/3)"
2053,Ethan,Sutherland,0.0,0.0,0.0,0.0,0.0,0.0,0.0,1,Sutherland,MID,Wolves,2025-26,0.0,0.0,"recency-weighted FPL points, decay 8**(-age/3)"
2054,Sam,Alabi,0.0,0.0,0.0,0.0,0.0,0.0,0.0,1,Alabi,MID,Newcastle,2025-26,0.0,0.0,"recency-weighted FPL points, decay 8**(-age/3)"
2055,David,Mota Veiga Teixeira do Carmo,0.0,0.0,0.0,0.0,0.0,0.0,0.0,1,David Carmo,DEF,Nott'm Forest,2025-26,0.0,0.0,"recency-weighted FPL points, decay 8**(-age/3)"
2056,Tony,Yogane,0.0,0.0,0.0,0.0,0.0,0.0,0.0,1,Yogane,MID,Brentford,2024-25,0.0,0.0,"recency-weighted FPL points, decay 8**(-age/3)"
2057,Alfie,Brooks,0.0,0.0,0.0,0.0,0.0,0.0,0.0,1,Brooks,GKP,Wolves,2025-26,0.0,0.0,"recency-weighted FPL points, decay 8**(-age/3)"
2058,Marko,Stamenić,0.0,0.0,0.0,0.0,0.0,0.0,0.0,1,Stamenic,MID,Nott'm Forest,2025-26,0.0,0.0,"recency-weighted FPL points, decay 8**(-age/3)"
2059,Álvaro,Fernández Carreras,0.0,0.0,0.0,0.0,0.0,0.0,0.0,1,Fernandez,DEF,Man Utd,2023-24,0.0,0.0,"recency-weighted FPL points, decay 8**(-age/3)"
2060,Jacob,Wright,0.0,0.0,0.0,0.0,0.0,0.0,0.0,2,Wright,MID,Man City,2024-25,0.0,0.0,"recency-weighted FPL points, decay 8**(-age/3)"
2061,Blondy,Nna Noukeu,0.0,0.0,0.0,0.0,0.0,0.0,0.0,1,Nna Noukeu,GKP,Sunderland,2025-26,0.0,0.0,"recency-weighted FPL points, decay 8**(-age/3)"
2062,Anthony,Patterson,0.0,0.0,0.0,0.0,0.0,0.0,0.0,1,Patterson,GKP,Sunderland,2025-26,0.0,0.0,"recency-weighted FPL points, decay 8**(-age/3)"
2063,Micah,Hamilton,0.0,0.0,0.0,0.0,0.0,0.0,0.0,1,Hamilton,MID,Man City,2023-24,0.0,0.0,"recency-weighted FPL points, decay 8**(-age/3)"
2064,Mahamadou,Susoho,0.0,0.0,0.0,0.0,0.0,0.0,0.0,1,Susoho,MID,Man City,2023-24,0.0,0.0,"recency-weighted FPL points, decay 8**(-age/3)"
2065,Luis Eduardo,Soares da Silva,0.0,0.0,0.0,0.0,0.0,0.0,0.0,1,Cuiabano,DEF,Nott'm Forest,2025-26,0.0,0.0,"recency-weighted FPL points, decay 8**(-age/3)"
2066,Lamin,Sillah,0.0,0.0,0.0,0.0,0.0,0.0,0.0,1,Sillah,FWD,Nott'm Forest,2025-26,0.0,0.0,"recency-weighted FPL points, decay 8**(-age/3)"
2067,Damola,Ajayi,0.0,0.0,0.0,0.0,0.0,0.0,0.0,1,Ajayi,MID,Spurs,2024-25,0.0,0.0,"recency-weighted FPL points, decay 8**(-age/3)"
2068,Dermot,Mee,0.0,0.0,0.0,0.0,0.0,0.0,0.0,3,Mee,GKP,Man Utd,2025-26,0.0,0.0,"recency-weighted FPL points, decay 8**(-age/3)"
2069,Joe,Anderson,0.0,0.0,0.0,0.0,0.0,0.0,0.0,1,Anderson,DEF,Sunderland,2025-26,0.0,0.0,"recency-weighted FPL points, decay 8**(-age/3)"
2070,Seung-Soo,Park,0.0,0.0,0.0,0.0,0.0,0.0,0.0,1,Seung soo,MID,Newcastle,2025-26,0.0,0.0,"recency-weighted FPL points, decay 8**(-age/3)"
2071,Archie,Harris,0.0,0.0,0.0,0.0,0.0,0.0,0.0,1,Harris,DEF,Bournemouth,2024-25,0.0,0.0,"recency-weighted FPL points, decay 8**(-age/3)"
2072,Hwang,Ui-jo,0.0,0.0,0.0,0.0,0.0,0.0,0.0,2,Ui-jo,FWD,Nott'm Forest,2024-25,0.0,0.0,"recency-weighted FPL points, decay 8**(-age/3)"
2073,Ethan,Horvath,0.0,0.0,0.0,0.0,0.0,0.0,0.0,1,Horvath,GKP,Nott'm Forest,2023-24,0.0,0.0,"recency-weighted FPL points, decay 8**(-age/3)"
2074,Killian,Cahill,0.0,0.0,0.0,0.0,0.0,0.0,0.0,1,Cahill,GKP,Brighton,2024-25,0.0,0.0,"recency-weighted FPL points, decay 8**(-age/3)"
2075,Yasin,Özcan,0.0,0.0,0.0,0.0,0.0,0.0,0.0,1,Yasin,DEF,Aston Villa,2025-26,0.0,0.0,"recency-weighted FPL points, decay 8**(-age/3)"
2076,Malcom,DaCosta,0.0,0.0,0.0,0.0,0.0,0.0,0.0,1,DaCosta,MID,Bournemouth,2025-26,0.0,0.0,"recency-weighted FPL points, decay 8**(-age/3)"
2077,Jayden,Moore,0.0,0.0,0.0,0.0,0.0,0.0,0.0,1,Moore,DEF,Southampton,2024-25,0.0,0.0,"recency-weighted FPL points, decay 8**(-age/3)"
2078,Travis,Hernes,0.0,0.0,0.0,0.0,0.0,0.0,0.0,1,Hernes,MID,Newcastle,2023-24,0.0,0.0,"recency-weighted FPL points, decay 8**(-age/3)"
2079,Marli,Salmon,0.0,0.0,0.0,0.0,0.0,0.0,0.0,1,Salmon,DEF,Arsenal,2025-26,0.0,0.0,"recency-weighted FPL points, decay 8**(-age/3)"
2080,Andre,Harriman-Annous,0.0,0.0,0.0,0.0,0.0,0.0,0.0,1,Harriman-Annous,MID,Arsenal,2025-26,0.0,0.0,"recency-weighted FPL points, decay 8**(-age/3)"
2081,Bastien,Meupiyou Menadjou,0.0,0.0,0.0,0.0,0.0,0.0,0.0,1,Meupiyou,DEF,Wolves,2025-26,0.0,0.0,"recency-weighted FPL points, decay 8**(-age/3)"
2082,Matai,Akinmboni,0.0,0.0,0.0,0.0,0.0,0.0,0.0,2,Akinmboni,DEF,Bournemouth,2025-26,0.0,0.0,"recency-weighted FPL points, decay 8**(-age/3)"
2083,Carl,Rushworth,0.0,0.0,0.0,0.0,0.0,0.0,0.0,2,Rushworth,GKP,Brighton,2025-26,0.0,0.0,"recency-weighted FPL points, decay 8**(-age/3)"
2084,Enso,González Medina,0.0,0.0,0.0,0.0,0.0,0.0,0.0,1,Gonzalez,MID,Wolves,2025-26,0.0,0.0,"recency-weighted FPL points, decay 8**(-age/3)"
2085,Fábio,Soares Silva,0.0,0.0,0.0,0.0,0.0,0.0,0.0,1,Fábio Silva,FWD,Wolves,2025-26,0.0,0.0,"recency-weighted FPL points, decay 8**(-age/3)"
2086,Aji,Alese,0.0,0.0,0.0,0.0,0.0,0.0,0.0,1,Alese,DEF,Sunderland,2025-26,0.0,0.0,"recency-weighted FPL points, decay 8**(-age/3)"
2087,Malachi,Hardy,0.0,0.0,0.0,0.0,0.0,0.0,0.0,1,Hardy,DEF,Spurs,2024-25,0.0,0.0,"recency-weighted FPL points, decay 8**(-age/3)"
2088,Luca,Williams-Barnett,0.0,0.0,0.0,0.0,0.0,0.0,0.0,1,Williams-Barnett,MID,Spurs,2024-25,0.0,0.0,"recency-weighted FPL points, decay 8**(-age/3)"
2089,Kell,Watts,0.0,0.0,0.0,0.0,0.0,0.0,0.0,1,Watts,DEF,Newcastle,2023-24,0.0,0.0,"recency-weighted FPL points, decay 8**(-age/3)"
2090,Maeson,King,0.0,0.0,0.0,0.0,0.0,0.0,0.0,1,King,DEF,Spurs,2024-25,0.0,0.0,"recency-weighted FPL points, decay 8**(-age/3)"
2091,Louis,Jackson,0.0,0.0,0.0,0.0,0.0,0.0,0.0,1,Jackson,DEF,Man Utd,2023-24,0.0,0.0,"recency-weighted FPL points, decay 8**(-age/3)"
2092,Wes,Okoduwa,0.0,0.0,0.0,0.0,0.0,0.0,0.0,1,Okoduwa,DEF,Wolves,2024-25,0.0,0.0,"recency-weighted FPL points, decay 8**(-age/3)"
2093,Jim,Thwaites,0.0,0.0,0.0,0.0,0.0,0.0,0.0,1,Thwaites,MID,Man Utd,2025-26,0.0,0.0,"recency-weighted FPL points, decay 8**(-age/3)"
2094,Min-Hyeok,Yang,0.0,0.0,0.0,0.0,0.0,0.0,0.0,1,Yang,MID,Spurs,2024-25,0.0,0.0,"recency-weighted FPL points, decay 8**(-age/3)"
2095,Antoñito,Cordero Campillo,0.0,0.0,0.0,0.0,0.0,0.0,0.0,1,Antoñito C.,MID,Newcastle,2025-26,0.0,0.0,"recency-weighted FPL points, decay 8**(-age/3)"
2096,Miodrag,Pivaš,0.0,0.0,0.0,0.0,0.0,0.0,0.0,2,Pivas,DEF,Newcastle,2025-26,0.0,0.0,"recency-weighted FPL points, decay 8**(-age/3)"
2097,Hubert,Graczyk,0.0,0.0,0.0,0.0,0.0,0.0,0.0,1,Graczyk,GKP,Man Utd,2024-25,0.0,0.0,"recency-weighted FPL points, decay 8**(-age/3)"
2098,Lino,da Cruz Sousa,0.0,0.0,0.0,0.0,0.0,0.0,0.0,2,Sousa,DEF,Aston Villa,2025-26,0.0,0.0,"recency-weighted FPL points, decay 8**(-age/3)"
2099,Jenson,Jones,0.0,0.0,0.0,0.0,0.0,0.0,0.0,1,Jenson Jones,DEF,Sunderland,2025-26,0.0,0.0,"recency-weighted FPL points, decay 8**(-age/3)"
2100,Temple,Ojinnaka,0.0,0.0,0.0,0.0,0.0,0.0,0.0,2,Ojinnaka,MID,Wolves,2025-26,0.0,0.0,"recency-weighted FPL points, decay 8**(-age/3)"
2101,George,King,0.0,0.0,0.0,0.0,0.0,0.0,0.0,1,King,DEF,Crystal Palace,2025-26,0.0,0.0,"recency-weighted FPL points, decay 8**(-age/3)"
2102,Ben,Casey,0.0,0.0,0.0,0.0,0.0,0.0,0.0,1,Casey,FWD,Crystal Palace,2025-26,0.0,0.0,"recency-weighted FPL points, decay 8**(-age/3)"
2103,Dean,Benamar,0.0,0.0,0.0,0.0,0.0,0.0,0.0,1,Benamar,DEF,Crystal Palace,2025-26,0.0,0.0,"recency-weighted FPL points, decay 8**(-age/3)"
2104,Cameron,Humphreys,0.0,0.0,0.0,0.0,0.0,0.0,0.0,1,Humphreys,MID,Ipswich,2024-25,0.0,0.0,"recency-weighted FPL points, decay 8**(-age/3)"
2105,Tymur,Tutierov,0.0,0.0,0.0,0.0,0.0,0.0,0.0,1,Tutierov,MID,Sunderland,2025-26,0.0,0.0,"recency-weighted FPL points, decay 8**(-age/3)"
2106,Harry,Gray,0.0,0.0,0.0,0.0,0.0,0.0,0.0,1,Gray,FWD,Leeds,2025-26,0.0,0.0,"recency-weighted FPL points, decay 8**(-age/3)"
2107,Freddie,Ladapo,0.0,0.0,0.0,0.0,0.0,0.0,0.0,1,Ladapo,FWD,Ipswich,2024-25,0.0,0.0,"recency-weighted FPL points, decay 8**(-age/3)"
2108,Roman,Dixon,0.0,0.0,0.0,0.0,0.0,0.0,22.5,2,Dixon,DEF,Everton,2025-26,0.0,0.0,"recency-weighted FPL points, decay 8**(-age/3)"
2109,Corrie,Ndaba,0.0,0.0,0.0,0.0,0.0,0.0,0.0,1,Ndaba,DEF,Ipswich,2024-25,0.0,0.0,"recency-weighted FPL points, decay 8**(-age/3)"
2110,Sam,Chambers,0.0,0.0,0.0,0.0,0.0,0.0,0.0,1,Chambers,MID,Leeds,2025-26,0.0,0.0,"recency-weighted FPL points, decay 8**(-age/3)"
2111,Jimmy,Sinclair,0.0,0.0,0.0,0.0,0.0,0.0,0.0,1,Sinclair,MID,Nott'm Forest,2025-26,0.0,0.0,"recency-weighted FPL points, decay 8**(-age/3)"
2112,Ryan,Kavuma-McQueen,0.0,0.0,0.0,0.0,0.0,0.0,0.0,1,Kavuma-McQueen,MID,Chelsea,2025-26,0.0,0.0,"recency-weighted FPL points, decay 8**(-age/3)"
2113,Mathis,Eboué,0.0,0.0,0.0,0.0,0.0,0.0,0.0,1,Eboué,MID,Chelsea,2025-26,0.0,0.0,"recency-weighted FPL points, decay 8**(-age/3)"
2114,Jayden,Lienou,0.0,0.0,0.0,0.0,0.0,0.0,0.0,1,Lienou,DEF,Leeds,2025-26,0.0,0.0,"recency-weighted FPL points, decay 8**(-age/3)"
2115,Somto,Boniface,0.0,0.0,0.0,0.0,0.0,0.0,0.0,1,Boniface,DEF,Ipswich,2024-25,0.0,0.0,"recency-weighted FPL points, decay 8**(-age/3)"
2116,Tom,Taylor,0.0,0.0,0.0,0.0,0.0,0.0,0.0,1,Tom Taylor,MID,Ipswich,2024-25,0.0,0.0,"recency-weighted FPL points, decay 8**(-age/3)"
2117,Jack,Whittaker,0.0,0.0,0.0,0.0,0.0,0.0,0.0,1,Whittaker,MID,Sunderland,2025-26,0.0,0.0,"recency-weighted FPL points, decay 8**(-age/3)"
2118,Jay,Matete,0.0,0.0,0.0,0.0,0.0,0.0,0.0,1,Matete,MID,Sunderland,2025-26,0.0,0.0,"recency-weighted FPL points, decay 8**(-age/3)"
2119,Rhys,Chadwick,0.0,0.0,0.0,0.0,0.0,0.0,0.0,1,Chadwick,MID,Leeds,2025-26,0.0,0.0,"recency-weighted FPL points, decay 8**(-age/3)"
2120,Tom,Cannon,0.0,0.0,0.0,0.0,0.0,0.0,0.0,1,Cannon,FWD,Leicester,2024-25,0.0,0.0,"recency-weighted FPL points, decay 8**(-age/3)"
2121,Max,Merrick,0.0,0.0,0.0,0.0,0.0,0.0,0.0,1,Merrick,GKP,Chelsea,2025-26,0.0,0.0,"recency-weighted FPL points, decay 8**(-age/3)"
2122,Jaydon,Jones,0.0,0.0,0.0,0.0,0.0,0.0,0.0,1,Jones,MID,Sunderland,2025-26,0.0,0.0,"recency-weighted FPL points, decay 8**(-age/3)"
2123,Alfie,Cresswell,0.0,0.0,0.0,0.0,0.0,0.0,0.0,1,Cresswell,MID,Leeds,2025-26,0.0,0.0,"recency-weighted FPL points, decay 8**(-age/3)"
2124,Landon,Emenalo,0.0,0.0,0.0,0.0,0.0,0.0,0.0,1,Emenalo,MID,Chelsea,2025-26,0.0,0.0,"recency-weighted FPL points, decay 8**(-age/3)"
2125,Kendry,Páez Andrade,0.0,0.0,0.0,0.0,0.0,0.0,0.0,1,Paez,MID,Chelsea,2025-26,0.0,0.0,"recency-weighted FPL points, decay 8**(-age/3)"
2126,Nikola,Vlašić,0.0,0.0,0.0,0.0,0.0,0.0,0.0,1,Vlašić,MID,West Ham,2023-24,0.0,0.0,"recency-weighted FPL points, decay 8**(-age/3)"
2127,Danny,Imray,0.0,0.0,0.0,0.0,0.0,0.0,0.0,1,Imray,DEF,Crystal Palace,2025-26,0.0,0.0,"recency-weighted FPL points, decay 8**(-age/3)"
2128,Nectarios,Triantis,0.0,0.0,0.0,0.0,0.0,0.0,0.0,1,Triantis,MID,Sunderland,2025-26,0.0,0.0,"recency-weighted FPL points, decay 8**(-age/3)"
2129,Caleb,Wiley,0.0,0.0,0.0,0.0,0.0,0.0,0.0,1,Wiley,DEF,Chelsea,2024-25,0.0,0.0,"recency-weighted FPL points, decay 8**(-age/3)"
2130,Oliver,Scarles,0.0,0.0,0.0,0.0,0.0,0.0,0.0,1,Scarles,DEF,West Ham,2023-24,0.0,0.0,"recency-weighted FPL points, decay 8**(-age/3)"
2131,Alfie,McNally,0.0,0.0,0.0,0.0,0.0,0.0,0.0,1,McNally,GKP,Fulham,2025-26,0.0,0.0,"recency-weighted FPL points, decay 8**(-age/3)"
2132,Seth,Ridgeon,0.0,0.0,0.0,0.0,0.0,0.0,0.0,1,Ridgeon,MID,Fulham,2025-26,0.0,0.0,"recency-weighted FPL points, decay 8**(-age/3)"
2133,Ahmed,Abdullahi,0.0,0.0,0.0,0.0,0.0,0.0,0.0,1,Abdullahi,FWD,Sunderland,2025-26,0.0,0.0,"recency-weighted FPL points, decay 8**(-age/3)"
2134,Samuel,Amissah,0.0,0.0,0.0,0.0,0.0,0.0,0.0,2,Amissah,DEF,Fulham,2025-26,0.0,0.0,"recency-weighted FPL points, decay 8**(-age/3)"
2135,Isaac,Schmidt,0.0,0.0,0.0,0.0,0.0,0.0,0.0,1,Schmidt,DEF,Leeds,2025-26,0.0,0.0,"recency-weighted FPL points, decay 8**(-age/3)"
2136,Luís Hemir,Silva Semedo,0.0,0.0,0.0,0.0,0.0,0.0,0.0,1,Luís Hemir,FWD,Sunderland,2025-26,0.0,0.0,"recency-weighted FPL points, decay 8**(-age/3)"
2137,Justin,Hubner,0.0,0.0,0.0,0.0,0.0,0.0,0.0,1,Hubner,DEF,Wolves,2023-24,0.0,0.0,"recency-weighted FPL points, decay 8**(-age/3)"
2138,Largie,Ramazani,0.0,0.0,0.0,0.0,0.0,0.0,0.0,1,Ramazani,MID,Leeds,2025-26,0.0,0.0,"recency-weighted FPL points, decay 8**(-age/3)"
2139,Owen,Hesketh,0.0,0.0,0.0,0.0,0.0,0.0,0.0,1,Hesketh,MID,Wolves,2023-24,0.0,0.0,"recency-weighted FPL points, decay 8**(-age/3)"
2140,Benjamin,Lecomte,0.0,0.0,0.0,0.0,0.0,0.0,0.0,1,Lecomte,GKP,Fulham,2025-26,0.0,0.0,"recency-weighted FPL points, decay 8**(-age/3)"
2141,Bruno,Cavaco Jordão,0.0,0.0,0.0,0.0,0.0,0.0,0.0,1,Jordão,MID,Wolves,2023-24,0.0,0.0,"recency-weighted FPL points, decay 8**(-age/3)"
2142,Joe,Hodge,0.0,0.0,0.0,0.0,0.0,0.0,0.0,3,Hodge,MID,Wolves,2025-26,0.0,0.0,"recency-weighted FPL points, decay 8**(-age/3)"
2143,Elkan,Baggott,0.0,0.0,0.0,0.0,0.0,0.0,0.0,1,Baggott,DEF,Ipswich,2024-25,0.0,0.0,"recency-weighted FPL points, decay 8**(-age/3)"
2144,Charlie,Crew,0.0,0.0,0.0,0.0,0.0,0.0,0.0,1,Crew,MID,Leeds,2025-26,0.0,0.0,"recency-weighted FPL points, decay 8**(-age/3)"
2145,Nazarii,Rusyn,0.0,0.0,0.0,0.0,0.0,0.0,0.0,1,Rusyn,FWD,Sunderland,2025-26,0.0,0.0,"recency-weighted FPL points, decay 8**(-age/3)"
2146,Ty,Barnett,0.0,0.0,0.0,0.0,0.0,0.0,0.0,1,Barnett,MID,Wolves,2023-24,0.0,0.0,"recency-weighted FPL points, decay 8**(-age/3)"
2147,Coby,Ebere,0.0,0.0,0.0,0.0,0.0,0.0,0.0,2,Ebere,MID,Everton,2025-26,0.0,0.0,"recency-weighted FPL points, decay 8**(-age/3)"
2148,Bendegúz,Bolla,0.0,0.0,0.0,0.0,0.0,0.0,0.0,1,Bolla,DEF,Wolves,2023-24,0.0,0.0,"recency-weighted FPL points, decay 8**(-age/3)"
2149,Noha,Lemina,0.0,0.0,0.0,0.0,0.0,0.0,0.0,1,N.Lemina,MID,Wolves,2023-24,0.0,0.0,"recency-weighted FPL points, decay 8**(-age/3)"
2150,Braiden,Graham,0.0,0.0,0.0,0.0,0.0,0.0,0.0,1,Graham,FWD,Everton,2025-26,0.0,0.0,"recency-weighted FPL points, decay 8**(-age/3)"
2151,Isaac,Heath,0.0,0.0,0.0,0.0,0.0,0.0,0.0,2,Heath,MID,Everton,2025-26,0.0,0.0,"recency-weighted FPL points, decay 8**(-age/3)"
2152,Mateo,Joseph Fernández-Regatillo,0.0,0.0,0.0,0.0,0.0,0.0,0.0,1,Mateo Joseph,FWD,Leeds,2025-26,0.0,0.0,"recency-weighted FPL points, decay 8**(-age/3)"
2153,Martin,Sherif,0.0,0.0,0.0,0.0,0.0,0.0,0.0,2,Sherif,FWD,Everton,2025-26,0.0,0.0,"recency-weighted FPL points, decay 8**(-age/3)"
2154,Wesley,Okoduwa,0.0,0.0,0.0,0.0,0.0,0.0,0.0,1,Okoduwa,DEF,Wolves,2023-24,0.0,0.0,"recency-weighted FPL points, decay 8**(-age/3)"
2155,Adam,Aznou,0.0,0.0,0.0,0.0,0.0,0.0,0.0,1,Aznou,DEF,Everton,2025-26,0.0,0.0,"recency-weighted FPL points, decay 8**(-age/3)"
2156,Callum,Bates,0.0,0.0,0.0,0.0,0.0,0.0,0.0,2,Bates,MID,Everton,2025-26,0.0,0.0,"recency-weighted FPL points, decay 8**(-age/3)"
2157,Fletcher,Holman,0.0,0.0,0.0,0.0,0.0,0.0,0.0,1,Holman,FWD,Wolves,2023-24,0.0,0.0,"recency-weighted FPL points, decay 8**(-age/3)"
2158,Ármin,Pécsi,0.0,0.0,0.0,0.0,0.0,0.0,0.0,1,Pécsi,GKP,Liverpool,2025-26,0.0,0.0,"recency-weighted FPL points, decay 8**(-age/3)"
2159,Tommy,Setford,0.0,0.0,0.0,0.0,0.0,0.0,0.0,2,Setford,GKP,Arsenal,2025-26,0.0,0.0,"recency-weighted FPL points, decay 8**(-age/3)"
2160,Wanya,Marçal-Madivádua,0.0,0.0,0.0,0.0,0.0,0.0,0.0,1,Marcal,MID,Leicester,2024-25,0.0,0.0,"recency-weighted FPL points, decay 8**(-age/3)"
2161,Harrison,Jones,0.0,0.0,0.0,0.0,0.0,0.0,0.0,1,H.Jones,MID,Sunderland,2025-26,0.0,0.0,"recency-weighted FPL points, decay 8**(-age/3)"
2162,Joshua,Stephenson,0.0,0.0,0.0,0.0,0.0,0.0,0.0,1,Stephenson,DEF,Brentford,2025-26,0.0,0.0,"recency-weighted FPL points, decay 8**(-age/3)"
2163,Ollie,Shield,0.0,0.0,0.0,0.0,0.0,0.0,0.0,1,Shield,DEF,Brentford,2025-26,0.0,0.0,"recency-weighted FPL points, decay 8**(-age/3)"
2164,Luka,Bentt,0.0,0.0,0.0,0.0,0.0,0.0,0.0,1,Bentt,MID,Brentford,2025-26,0.0,0.0,"recency-weighted FPL points, decay 8**(-age/3)"
2165,Abdoullah,Ba,0.0,0.0,0.0,0.0,0.0,0.0,0.0,1,Ba,MID,Sunderland,2025-26,0.0,0.0,"recency-weighted FPL points, decay 8**(-age/3)"
2166,Giovanni,Leoni,0.0,0.0,0.0,0.0,0.0,0.0,0.0,1,Leoni,DEF,Liverpool,2025-26,0.0,0.0,"recency-weighted FPL points, decay 8**(-age/3)"
2167,Jayce,Fitzgerald,0.0,0.0,0.0,0.0,0.0,0.0,0.0,2,Fitzgerald,MID,Man Utd,2025-26,0.0,0.0,"recency-weighted FPL points, decay 8**(-age/3)"
2168,Tanguy,Ndombélé Alvaro,0.0,0.0,0.0,0.0,0.0,0.0,0.0,1,Ndombele,MID,Spurs,2023-24,0.0,0.0,"recency-weighted FPL points, decay 8**(-age/3)"
2169,Godwill,Kukonki,0.0,0.0,0.0,0.0,0.0,0.0,0.0,2,Kukonki,DEF,Man Utd,2025-26,0.0,0.0,"recency-weighted FPL points, decay 8**(-age/3)"
2170,Owen,Hampson,0.0,0.0,0.0,0.0,0.0,0.0,0.0,1,Hampson,MID,Sheffield Utd,2023-24,0.0,0.0,"recency-weighted FPL points, decay 8**(-age/3)"
2171,Kieran,Morrison,0.0,0.0,0.0,0.0,0.0,0.0,0.0,1,Morrison,MID,Liverpool,2025-26,0.0,0.0,"recency-weighted FPL points, decay 8**(-age/3)"
2172,Dovydas,Sasnauskas,0.0,0.0,0.0,0.0,0.0,0.0,0.0,1,Sasnauskas,DEF,Sheffield Utd,2023-24,0.0,0.0,"recency-weighted FPL points, decay 8**(-age/3)"
2173,Elyh,Harrison,0.0,0.0,0.0,0.0,0.0,0.0,0.0,2,Harrison,GKP,Man Utd,2025-26,0.0,0.0,"recency-weighted FPL points, decay 8**(-age/3)"
2174,Wellity,Lucky,0.0,0.0,0.0,0.0,0.0,0.0,0.0,1,Lucky,DEF,Liverpool,2025-26,0.0,0.0,"recency-weighted FPL points, decay 8**(-age/3)"
2175,Will,Wright,0.0,0.0,0.0,0.0,0.0,0.0,0.0,1,Wright,FWD,Liverpool,2025-26,0.0,0.0,"recency-weighted FPL points, decay 8**(-age/3)"
2176,Aaron,Anselmino,0.0,0.0,0.0,0.0,0.0,0.0,0.0,1,Anselmino,DEF,Chelsea,2024-25,0.0,0.0,"recency-weighted FPL points, decay 8**(-age/3)"
2177,Talla,Ndiaye,0.0,0.0,0.0,0.0,0.0,0.0,0.0,1,Ndiaye,DEF,Liverpool,2025-26,0.0,0.0,"recency-weighted FPL points, decay 8**(-age/3)"
2178,Jack,Moorhouse,0.0,0.0,0.0,0.0,0.0,0.0,0.0,2,Moorhouse,MID,Man Utd,2025-26,0.0,0.0,"recency-weighted FPL points, decay 8**(-age/3)"
2179,Yusuf,Akhamrich,0.0,0.0,0.0,0.0,0.0,0.0,0.0,1,Akhamrich,MID,Spurs,2025-26,0.0,0.0,"recency-weighted FPL points, decay 8**(-age/3)"
2180,Sékou,Koné,0.0,0.0,0.0,0.0,0.0,0.0,0.0,2,Kone,MID,Man Utd,2025-26,0.0,0.0,"recency-weighted FPL points, decay 8**(-age/3)"
2181,Samuel,Rak-Sakyi,0.0,0.0,0.0,0.0,0.0,0.0,0.0,1,Rak-Sakyi,MID,Chelsea,2024-25,0.0,0.0,"recency-weighted FPL points, decay 8**(-age/3)"
2182,Billy,Blacker,0.0,0.0,0.0,0.0,0.0,0.0,0.0,1,Blacker,FWD,Sheffield Utd,2023-24,0.0,0.0,"recency-weighted FPL points, decay 8**(-age/3)"
2183,Enzo,Barrenechea,0.0,0.0,0.0,0.0,0.0,0.0,0.0,2,Barrenechea,MID,Aston Villa,2025-26,0.0,0.0,"recency-weighted FPL points, decay 8**(-age/3)"
2184,Samuel,Iling-Junior,0.0,0.0,0.0,0.0,0.0,0.0,0.0,2,Iling Jr,MID,Aston Villa,2025-26,0.0,0.0,"recency-weighted FPL points, decay 8**(-age/3)"
2185,Alex,Cairns,0.0,0.0,0.0,0.0,0.0,0.0,0.0,1,Cairns,GKP,Leeds,2025-26,0.0,0.0,"recency-weighted FPL points, decay 8**(-age/3)"
2186,Christos,Mandas,0.0,0.0,0.0,0.0,0.0,0.0,0.0,1,Mandas,GKP,Bournemouth,2025-26,0.0,0.0,"recency-weighted FPL points, decay 8**(-age/3)"
2187,Jili,Buyabu,0.0,0.0,0.0,0.0,0.0,0.0,0.0,1,Buyabu,DEF,Sheffield Utd,2023-24,0.0,0.0,"recency-weighted FPL points, decay 8**(-age/3)"
2188,Charlie,Stevens,0.0,0.0,0.0,0.0,0.0,0.0,0.0,1,Stevens,MID,Bournemouth,2025-26,0.0,0.0,"recency-weighted FPL points, decay 8**(-age/3)"
2189,Conor,McManus,0.0,0.0,0.0,0.0,0.0,0.0,0.0,1,McManus,DEF,Brentford,2025-26,0.0,0.0,"recency-weighted FPL points, decay 8**(-age/3)"
2190,Riley,Owen,0.0,0.0,0.0,0.0,0.0,0.0,0.0,1,Owen,MID,Brentford,2025-26,0.0,0.0,"recency-weighted FPL points, decay 8**(-age/3)"
2191,Alan,Browne,0.0,0.0,0.0,0.0,0.0,0.0,0.0,1,Browne,MID,Sunderland,2025-26,0.0,0.0,"recency-weighted FPL points, decay 8**(-age/3)"
2192,Takai,Kōta,0.0,0.0,0.0,0.0,0.0,0.0,0.0,1,Takai,DEF,Spurs,2025-26,0.0,0.0,"recency-weighted FPL points, decay 8**(-age/3)"
2193,Aarón,Anselmino,0.0,0.0,0.0,0.0,0.0,0.0,0.0,1,Anselmino,DEF,Chelsea,2025-26,0.0,0.0,"recency-weighted FPL points, decay 8**(-age/3)"
2194,Maldini,Kacurri,0.0,0.0,0.0,0.0,0.0,0.0,0.0,2,Kacurri,DEF,Arsenal,2025-26,0.0,0.0,"recency-weighted FPL points, decay 8**(-age/3)"
2195,Ismeal,Kabia,0.0,0.0,0.0,0.0,0.0,0.0,0.0,2,Kabia,MID,Arsenal,2025-26,0.0,0.0,"recency-weighted FPL points, decay 8**(-age/3)"
2196,Zach,Marsh,0.0,0.0,0.0,0.0,0.0,0.0,0.0,2,Marsh,FWD,Crystal Palace,2025-26,0.0,0.0,"recency-weighted FPL points, decay 8**(-age/3)"
2197,Pierre,Ekwah Elimby,0.0,0.0,0.0,0.0,0.0,0.0,0.0,1,Ekwah,MID,Sunderland,2025-26,0.0,0.0,"recency-weighted FPL points, decay 8**(-age/3)"
2198,Henry,Cartwright,0.0,0.0,0.0,0.0,0.0,0.0,0.0,1,Cartwright,MID,Leicester,2024-25,0.0,0.0,"recency-weighted FPL points, decay 8**(-age/3)"
2199,Thomas,Wilson-Brown,0.0,0.0,0.0,0.0,0.0,0.0,0.0,1,Wilson-Brown,DEF,Leicester,2024-25,0.0,0.0,"recency-weighted FPL points, decay 8**(-age/3)"
2200,Josh,Nichols,0.0,0.0,0.0,0.0,0.0,0.0,0.0,2,Nichols,DEF,Arsenal,2025-26,0.0,0.0,"recency-weighted FPL points, decay 8**(-age/3)"
2201,Luis,Díaz Marulanda,0.0,0.0,0.0,0.0,0.0,0.0,0.0,1,Luis Díaz,MID,Liverpool,2025-26,0.0,0.0,"recency-weighted FPL points, decay 8**(-age/3)"
2202,Stefan,Bajčetić Maquieira,0.0,0.0,0.0,0.0,0.0,0.0,0.0,2,Bajcetic,MID,Liverpool,2025-26,0.0,0.0,"recency-weighted FPL points, decay 8**(-age/3)"
2203,Tyrese,Hall,0.0,0.0,0.0,0.0,0.0,0.0,0.0,1,Hall,MID,Spurs,2023-24,0.0,0.0,"recency-weighted FPL points, decay 8**(-age/3)"
2204,Jack,Porter,0.0,0.0,0.0,0.0,0.0,0.0,0.0,1,Porter,GKP,Arsenal,2024-25,0.0,0.0,"recency-weighted FPL points, decay 8**(-age/3)"
2205,Luka,Vušković,0.0,0.0,0.0,0.0,0.0,0.0,0.0,1,Vuskovic,DEF,Spurs,2025-26,0.0,0.0,"recency-weighted FPL points, decay 8**(-age/3)"
2206,Yang,Min-hyeok,0.0,0.0,0.0,0.0,0.0,0.0,0.0,1,Min-hyeok,MID,Spurs,2025-26,0.0,0.0,"recency-weighted FPL points, decay 8**(-age/3)"
2207,Mike,Penders,0.0,0.0,0.0,0.0,0.0,0.0,0.0,1,Penders,GKP,Chelsea,2025-26,0.0,0.0,"recency-weighted FPL points, decay 8**(-age/3)"
2208,João,Cavaco Cancelo,0.0,0.0,0.0,0.0,0.0,0.0,0.0,1,João Cancelo,DEF,Man City,2024-25,0.0,0.0,"recency-weighted FPL points, decay 8**(-age/3)"
2209,Malick,Yalcouyé,0.0,0.0,0.0,0.0,0.0,0.0,0.0,1,Yalcouye,MID,Brighton,2025-26,0.0,0.0,"recency-weighted FPL points, decay 8**(-age/3)"
2210,Jimi,Gower,0.0,0.0,0.0,0.0,0.0,0.0,0.0,1,Gower,MID,Arsenal,2024-25,0.0,0.0,"recency-weighted FPL points, decay 8**(-age/3)"
2211,Jack,Henry-Francis,0.0,0.0,0.0,0.0,0.0,0.0,0.0,1,Jack Henry-Francis,MID,Arsenal,2024-25,0.0,0.0,"recency-weighted FPL points, decay 8**(-age/3)"
2212,Spike,Brits,0.0,0.0,0.0,0.0,0.0,0.0,0.0,1,Brits,GKP,Man City,2024-25,0.0,0.0,"recency-weighted FPL points, decay 8**(-age/3)"
2213,Abdallah,Sima,0.0,0.0,0.0,0.0,0.0,0.0,0.0,1,Sima,MID,Brighton,2025-26,0.0,0.0,"recency-weighted FPL points, decay 8**(-age/3)"
2214,Julio,Enciso Espínola,0.0,0.0,0.0,0.0,0.0,0.0,0.0,1,Enciso,MID,Brighton,2025-26,0.0,0.0,"recency-weighted FPL points, decay 8**(-age/3)"
2215,Ashley,Phillips,0.0,0.0,0.0,0.0,0.0,0.0,0.0,3,Phillips,DEF,Spurs,2025-26,0.0,0.0,"recency-weighted FPL points, decay 8**(-age/3)"
2216,Brayden,Clarke,0.0,0.0,0.0,0.0,0.0,0.0,0.0,2,Clarke,DEF,Arsenal,2025-26,0.0,0.0,"recency-weighted FPL points, decay 8**(-age/3)"
2217,Pervis,Estupiñán Tenorio,0.0,0.0,0.0,0.0,0.0,0.0,0.0,1,Estupiñan,DEF,Brighton,2025-26,0.0,0.0,"recency-weighted FPL points, decay 8**(-age/3)"
2218,Genesis,Antwi,0.0,0.0,0.0,0.0,0.0,0.0,0.0,1,Genesis Antwi,DEF,Chelsea,2024-25,0.0,0.0,"recency-weighted FPL points, decay 8**(-age/3)"
2219,Archie,Whitehall,0.0,0.0,0.0,0.0,0.0,0.0,0.0,1,Whitehall,MID,Nott'm Forest,2025-26,0.0,0.0,"recency-weighted FPL points, decay 8**(-age/3)"
2220,Jakub,Ojrzynski,0.0,0.0,0.0,0.0,0.0,0.0,0.0,1,Ojrzynski,GKP,Liverpool,2020-21,0.0,0.0,"recency-weighted FPL points, decay 8**(-age/3)"
2221,Taylan,Harris,0.0,0.0,0.0,0.0,0.0,0.0,0.0,1,Harris,FWD,Luton,2023-24,0.0,0.0,"recency-weighted FPL points, decay 8**(-age/3)"
2222,Erwin,Mulder,0.0,0.0,0.0,0.0,0.0,0.0,0.0,1,Mulder,GKP,Swansea,2017-18,0.0,0.0,"recency-weighted FPL points, decay 8**(-age/3)"
2223,Rayhaan,Tulloch,0.0,0.0,0.0,0.0,0.0,0.0,0.0,1,Tulloch,FWD,West Brom,2017-18,0.0,0.0,"recency-weighted FPL points, decay 8**(-age/3)"
2224,Max,Melbourne,0.0,0.0,0.0,0.0,0.0,0.0,0.0,1,Melbourne,DEF,West Brom,2017-18,0.0,0.0,"recency-weighted FPL points, decay 8**(-age/3)"
2225,Joy,Mukena,0.0,0.0,0.0,0.0,0.0,0.0,0.0,1,Mukena,DEF,Watford,2017-18,0.0,0.0,"recency-weighted FPL points, decay 8**(-age/3)"
2226,Dodi,Lukebakio,0.0,0.0,0.0,0.0,0.0,0.0,0.03,1,Lukebakio,MID,Watford,2017-18,0.0,0.0,"recency-weighted FPL points, decay 8**(-age/3)"
2227,Kazaiah,Sterling,0.0,0.0,0.0,0.0,0.0,0.0,0.0,2,Sterling,FWD,Spurs,2018-19,0.0,0.0,"recency-weighted FPL points, decay 8**(-age/3)"
2228,Alfie,Whiteman,0.0,0.0,0.0,0.0,0.0,0.0,0.0,5,Whiteman,GKP,Spurs,2024-25,0.0,0.0,"recency-weighted FPL points, decay 8**(-age/3)"
2229,Tashan,Oakley-Boothe,0.0,0.0,0.0,0.0,0.0,0.0,0.0,1,Oakley-Boothe,MID,Spurs,2017-18,0.0,0.0,"recency-weighted FPL points, decay 8**(-age/3)"
2230,Bojan,Krkic Perez,0.0,0.0,0.0,0.0,0.0,0.0,0.14,1,Bojan,MID,Stoke,2017-18,0.0,0.0,"recency-weighted FPL points, decay 8**(-age/3)"
2231,Kyle,Jameson,0.0,0.0,0.0,0.0,0.0,0.0,0.0,1,Jameson,DEF,West Brom,2017-18,0.0,0.0,"recency-weighted FPL points, decay 8**(-age/3)"
2232,Siem,de Jong,0.0,0.0,0.0,0.0,0.0,0.0,0.0,1,de Jong,MID,Newcastle,2017-18,0.0,0.0,"recency-weighted FPL points, decay 8**(-age/3)"
2233,Massadio,Haidara,0.0,0.0,0.0,0.0,0.0,0.0,0.01,1,Haidara,DEF,Newcastle,2017-18,0.0,0.0,"recency-weighted FPL points, decay 8**(-age/3)"
2234,Daryl,Murphy,0.0,0.0,0.0,0.0,0.0,0.0,0.0,1,Murphy,FWD,Newcastle,2017-18,0.0,0.0,"recency-weighted FPL points, decay 8**(-age/3)"
2235,Yoan,Gouffran,0.0,0.0,0.0,0.0,0.0,0.0,0.0,1,Gouffran,MID,Newcastle,2017-18,0.0,0.0,"recency-weighted FPL points, decay 8**(-age/3)"
2236,Rafael,Camacho,0.0,0.0,0.0,0.0,0.0,0.0,0.0,3,Camacho,MID,Liverpool,2019-20,0.0,0.0,"recency-weighted FPL points, decay 8**(-age/3)"
2237,Conor,Masterson,0.0,0.0,0.0,0.0,0.0,0.0,0.0,1,Masterson,DEF,Liverpool,2017-18,0.0,0.0,"recency-weighted FPL points, decay 8**(-age/3)"
2238,Layton,Ndukwu,0.0,0.0,0.0,0.0,0.0,0.0,0.0,1,Ndukwu,DEF,Leicester,2017-18,0.0,0.0,"recency-weighted FPL points, decay 8**(-age/3)"
2239,Ali,Gabr,0.0,0.0,0.0,0.0,0.0,0.0,0.0,1,Gabr,DEF,West Brom,2017-18,0.0,0.0,"recency-weighted FPL points, decay 8**(-age/3)"
2240,Sead,Haksabanovic,0.0,0.0,0.0,0.0,0.0,0.0,0.0,1,Haksabanovic,MID,West Ham,2017-18,0.0,0.0,"recency-weighted FPL points, decay 8**(-age/3)"
2241,Joe,Tupper,0.0,0.0,0.0,0.0,0.0,0.0,0.0,1,Tupper,GKP,Crystal Palace,2018-19,0.0,0.0,"recency-weighted FPL points, decay 8**(-age/3)"
2242,Abd-Al-Ali Morakinyo Olaposi,Koiki,0.0,0.0,0.0,0.0,0.0,0.0,0.0,2,Koiki,DEF,Burnley,2019-20,0.0,0.0,"recency-weighted FPL points, decay 8**(-age/3)"
2243,Brian,Murphy,0.0,0.0,0.0,0.0,0.0,0.0,0.0,1,Brian Murphy,GKP,Cardiff,2018-19,0.0,0.0,"recency-weighted FPL points, decay 8**(-age/3)"
2244,Omar,Bogle,0.0,0.0,0.0,0.0,0.0,0.0,0.0,1,Bogle,FWD,Cardiff,2018-19,0.0,0.0,"recency-weighted FPL points, decay 8**(-age/3)"
2245,Anthony,Pilkington,0.0,0.0,0.0,0.0,0.0,0.0,0.0,1,Pilkington,MID,Cardiff,2018-19,0.0,0.0,"recency-weighted FPL points, decay 8**(-age/3)"
2246,Greg,Halford,0.0,0.0,0.0,0.0,0.0,0.0,0.0,1,Halford,DEF,Cardiff,2018-19,0.0,0.0,"recency-weighted FPL points, decay 8**(-age/3)"
2247,Matthew,Connolly,0.0,0.0,0.0,0.0,0.0,0.0,0.0,1,Connolly,DEF,Cardiff,2018-19,0.0,0.0,"recency-weighted FPL points, decay 8**(-age/3)"
2248,Alex,Smithies,0.0,0.0,0.0,0.0,0.0,0.0,0.0,2,Smithies,GKP,Leicester,2022-23,0.0,0.0,"recency-weighted FPL points, decay 8**(-age/3)"
2249,Anthony,Driscoll-Glennon,0.0,0.0,0.0,0.0,0.0,0.0,0.0,3,Driscoll-Glennon,DEF,Burnley,2020-21,0.0,0.0,"recency-weighted FPL points, decay 8**(-age/3)"
2250,Max,Sanders,0.0,0.0,0.0,0.0,0.0,0.0,0.0,2,Sanders,MID,Brighton,2020-21,0.0,0.0,"recency-weighted FPL points, decay 8**(-age/3)"
2251,Antonio,Martinez Lopez,0.0,0.0,0.0,0.0,0.0,0.0,0.0,1,Martínez,FWD,West Ham,2017-18,0.0,0.0,"recency-weighted FPL points, decay 8**(-age/3)"
2252,Viktor,Gyokeres,0.0,0.0,0.0,0.0,0.0,0.0,0.0,1,Gyokeres,FWD,Brighton,2018-19,0.0,0.0,"recency-weighted FPL points, decay 8**(-age/3)"
2253,Nnamdi,Ofoborh,0.0,0.0,0.0,0.0,0.0,0.0,0.0,1,Ofoborh,MID,Bournemouth,2018-19,0.0,0.0,"recency-weighted FPL points, decay 8**(-age/3)"
2254,Zech,Medley,0.0,0.0,0.0,0.0,0.0,0.0,0.0,2,Medley,DEF,Arsenal,2019-20,0.0,0.0,"recency-weighted FPL points, decay 8**(-age/3)"
2255,Emile,Smith-Rowe,0.0,0.0,0.0,0.0,0.0,0.0,0.0,1,Smith-Rowe,MID,Arsenal,2018-19,0.0,0.0,"recency-weighted FPL points, decay 8**(-age/3)"
2256,Josh,Pask,0.0,0.0,0.0,0.0,0.0,0.0,0.0,1,Pask,DEF,West Ham,2017-18,0.0,0.0,"recency-weighted FPL points, decay 8**(-age/3)"
2257,Patrice,Evra,0.0,0.0,0.0,0.0,0.0,0.0,0.44,1,Evra,DEF,West Ham,2017-18,0.0,0.0,"recency-weighted FPL points, decay 8**(-age/3)"
2258,Nathan,Trott,0.0,0.0,0.0,0.0,0.0,0.0,0.0,2,Trott,GKP,West Ham,2020-21,0.0,0.0,"recency-weighted FPL points, decay 8**(-age/3)"
2259,Sam,Hughes,0.0,0.0,0.0,0.0,0.0,0.0,0.0,1,Hughes,DEF,Leicester,2017-18,0.0,0.0,"recency-weighted FPL points, decay 8**(-age/3)"
2260,George,Thomas,0.0,0.0,0.0,0.0,0.0,0.0,0.0,1,Thomas,MID,Leicester,2017-18,0.0,0.0,"recency-weighted FPL points, decay 8**(-age/3)"
2261,Robert,Green,0.0,0.0,0.0,0.0,0.0,0.0,0.0,1,Green,GKP,Huddersfield,2017-18,0.0,0.0,"recency-weighted FPL points, decay 8**(-age/3)"
2262,Matt,Butcher,0.0,0.0,0.0,0.0,0.0,0.0,0.0,2,Butcher,MID,Bournemouth,2018-19,0.0,0.0,"recency-weighted FPL points, decay 8**(-age/3)"
2263,Adam,Legzdins,0.0,0.0,0.0,0.0,0.0,0.0,0.0,1,Legzdins,GKP,Burnley,2017-18,0.0,0.0,"recency-weighted FPL points, decay 8**(-age/3)"
2264,Sam,Baldock,0.0,0.0,0.0,0.0,0.0,0.0,0.06,2,Baldock,FWD,Brighton,2018-19,0.0,0.0,"recency-weighted FPL points, decay 8**(-age/3)"
2265,Jiri,Skalak,0.0,0.0,0.0,0.0,0.0,0.0,0.0,1,Skalak,MID,Brighton,2017-18,0.0,0.0,"recency-weighted FPL points, decay 8**(-age/3)"
2266,Steve,Sidwell,0.0,0.0,0.0,0.0,0.0,0.0,0.0,1,Sidwell,MID,Brighton,2017-18,0.0,0.0,"recency-weighted FPL points, decay 8**(-age/3)"
2267,Uwe,Hünemeier,0.0,0.0,0.0,0.0,0.0,0.0,0.03,1,Hünemeier,DEF,Brighton,2017-18,0.0,0.0,"recency-weighted FPL points, decay 8**(-age/3)"
2268,Niki,Mäenpää,0.0,0.0,0.0,0.0,0.0,0.0,0.0,1,Mäenpää,GKP,Brighton,2017-18,0.0,0.0,"recency-weighted FPL points, decay 8**(-age/3)"
2269,Kyle,Taylor,0.0,0.0,0.0,0.0,0.0,0.0,0.0,2,Taylor,MID,Bournemouth,2018-19,0.0,0.0,"recency-weighted FPL points, decay 8**(-age/3)"
2270,Connor,Mahoney,0.0,0.0,0.0,0.0,0.0,0.0,0.0,1,Mahoney,MID,Bournemouth,2017-18,0.0,0.0,"recency-weighted FPL points, decay 8**(-age/3)"
2271,Sean,Scannell,0.0,0.0,0.0,0.0,0.0,0.0,0.0,1,Scannell,MID,Huddersfield,2017-18,0.0,0.0,"recency-weighted FPL points, decay 8**(-age/3)"
2272,Jordi,Osei-Tutu,0.0,0.0,0.0,0.0,0.0,0.0,0.0,1,Osei-Tutu,DEF,Arsenal,2017-18,0.0,0.0,"recency-weighted FPL points, decay 8**(-age/3)"
2273,Rene,Gilmartin,0.0,0.0,0.0,0.0,0.0,0.0,0.0,1,Gilmartin,GKP,Watford,2016-17,0.0,0.0,"recency-weighted FPL points, decay 8**(-age/3)"
2274,Gerhard,Tremmel,0.0,0.0,0.0,0.0,0.0,0.0,0.0,1,Tremmel,GKP,Swansea,2016-17,0.0,0.0,"recency-weighted FPL points, decay 8**(-age/3)"
2275,Kieran,O'Hara,0.0,0.0,0.0,0.0,0.0,0.0,0.0,1,O'Hara,GKP,Man Utd,2016-17,0.0,0.0,"recency-weighted FPL points, decay 8**(-age/3)"
2276,Matthew,Worthington,0.0,0.0,0.0,0.0,0.0,0.0,0.02,1,Worthington,MID,Bournemouth,2016-17,0.0,0.0,"recency-weighted FPL points, decay 8**(-age/3)"
2277,Daniel,Batty,0.0,0.0,0.0,0.0,0.0,0.0,0.0,1,Batty,MID,Hull,2016-17,0.0,0.0,"recency-weighted FPL points, decay 8**(-age/3)"
2278,Daniel,Kemp,0.0,0.0,0.0,0.0,0.0,0.0,0.0,1,Kemp,MID,West Ham,2016-17,0.0,0.0,"recency-weighted FPL points, decay 8**(-age/3)"
2279,Anders,Lindegaard,0.0,0.0,0.0,0.0,0.0,0.0,0.0,2,Lindegaard,GKP,Burnley,2018-19,0.0,0.0,"recency-weighted FPL points, decay 8**(-age/3)"
2280,Eduardo,dos Reis Carvalho,0.0,0.0,0.0,0.0,0.0,0.0,0.0,1,Eduardo,GKP,Chelsea,2017-18,0.0,0.0,"recency-weighted FPL points, decay 8**(-age/3)"
2281,Kyle,Scott,0.0,0.0,0.0,0.0,0.0,0.0,0.0,1,Scott,MID,Chelsea,2017-18,0.0,0.0,"recency-weighted FPL points, decay 8**(-age/3)"
2282,Jeremie,Boga,0.0,0.0,0.0,0.0,0.0,0.0,0.03,1,Boga,MID,Chelsea,2017-18,0.0,0.0,"recency-weighted FPL points, decay 8**(-age/3)"
2283,Harry,Bunn,0.0,0.0,0.0,0.0,0.0,0.0,0.0,1,Bunn,MID,Huddersfield,2017-18,0.0,0.0,"recency-weighted FPL points, decay 8**(-age/3)"
2284,Jack,Payne,0.0,0.0,0.0,0.0,0.0,0.0,0.0,1,Payne,MID,Huddersfield,2017-18,0.0,0.0,"recency-weighted FPL points, decay 8**(-age/3)"
2285,Mark,Hudson,0.0,0.0,0.0,0.0,0.0,0.0,0.0,1,Hudson,DEF,Huddersfield,2017-18,0.0,0.0,"recency-weighted FPL points, decay 8**(-age/3)"
2286,Martin,Cranie,0.0,0.0,0.0,0.0,0.0,0.0,0.35,1,Cranie,DEF,Huddersfield,2017-18,0.0,0.0,"recency-weighted FPL points, decay 8**(-age/3)"
2287,Michael,Hefele,0.0,0.0,0.0,0.0,0.0,0.0,0.06,1,Hefele,DEF,Huddersfield,2017-18,0.0,0.0,"recency-weighted FPL points, decay 8**(-age/3)"
2288,Luke,Garbutt,0.0,0.0,0.0,0.0,0.0,0.0,0.0,1,Garbutt,DEF,Everton,2017-18,0.0,0.0,"recency-weighted FPL points, decay 8**(-age/3)"
2289,James,Daly,0.0,0.0,0.0,0.0,0.0,0.0,0.0,2,Daly,FWD,Crystal Palace,2019-20,0.0,0.0,"recency-weighted FPL points, decay 8**(-age/3)"
2290,Diego,Cavalieri,0.0,0.0,0.0,0.0,0.0,0.0,0.0,1,Cavalieri,GKP,Crystal Palace,2017-18,0.0,0.0,"recency-weighted FPL points, decay 8**(-age/3)"
2291,Nya,Kirby,0.0,0.0,0.0,0.0,0.0,0.0,0.0,2,Kirby,MID,Crystal Palace,2019-20,0.0,0.0,"recency-weighted FPL points, decay 8**(-age/3)"
2292,Erdal,Rakip,0.0,0.0,0.0,0.0,0.0,0.0,0.0,1,Rakip,MID,Crystal Palace,2017-18,0.0,0.0,"recency-weighted FPL points, decay 8**(-age/3)"
2293,Jaroslaw,Jach,0.0,0.0,0.0,0.0,0.0,0.0,0.0,2,Jach,DEF,Crystal Palace,2018-19,0.0,0.0,"recency-weighted FPL points, decay 8**(-age/3)"
2294,Dion,Henry,0.0,0.0,0.0,0.0,0.0,0.0,0.0,1,Henry,GKP,Crystal Palace,2017-18,0.0,0.0,"recency-weighted FPL points, decay 8**(-age/3)"
2295,Levi,Lumeka,0.0,0.0,0.0,0.0,0.0,0.0,0.05,1,Lumeka,MID,Crystal Palace,2017-18,0.0,0.0,"recency-weighted FPL points, decay 8**(-age/3)"
2296,Jason,Lokilo,0.0,0.0,0.0,0.0,0.0,0.0,0.0,1,Lokilo,MID,Crystal Palace,2017-18,0.0,0.0,"recency-weighted FPL points, decay 8**(-age/3)"
2297,Dujon,Sterling,0.0,0.0,0.0,0.0,0.0,0.0,0.0,1,Sterling,DEF,Chelsea,2017-18,0.0,0.0,"recency-weighted FPL points, decay 8**(-age/3)"
2298,Addji Keaninkin Marc-Israel,Guehi,0.0,0.0,0.0,0.0,0.0,0.0,0.0,2,Guehi,DEF,Chelsea,2019-20,0.0,0.0,"recency-weighted FPL points, decay 8**(-age/3)"
2299,Lucas,Perri,0.0,0.0,0.0,0.0,0.0,0.0,0.0,1,Perri,GKP,Crystal Palace,2018-19,0.0,0.0,"recency-weighted FPL points, decay 8**(-age/3)"
2300,Samuel,Shashoua,0.0,0.0,0.0,0.0,0.0,0.0,0.0,1,Shashoua,MID,Spurs,2016-17,0.0,0.0,"recency-weighted FPL points, decay 8**(-age/3)"
2301,Giovanni,McGregor,0.0,0.0,0.0,0.0,0.0,0.0,0.0,1,McGregor,MID,Crystal Palace,2019-20,0.0,0.0,"recency-weighted FPL points, decay 8**(-age/3)"
2302,Thomas,Allan,0.0,0.0,0.0,0.0,0.0,0.0,0.0,1,Allan,MID,Newcastle,2019-20,0.0,0.0,"recency-weighted FPL points, decay 8**(-age/3)"
2303,Andy,Lonergan,0.0,0.0,0.0,0.0,0.0,0.0,0.0,5,Lonergan,GKP,Everton,2023-24,0.0,0.0,"recency-weighted FPL points, decay 8**(-age/3)"
2304,Darnell,Johnson,0.0,0.0,0.0,0.0,0.0,0.0,0.0,1,Johnson,DEF,Leicester,2019-20,0.0,0.0,"recency-weighted FPL points, decay 8**(-age/3)"
2305,João Manuel,Neves Virgínia,0.0,0.0,0.0,0.0,0.0,0.0,0.0,1,Virgínia,GKP,Everton,2019-20,0.0,0.0,"recency-weighted FPL points, decay 8**(-age/3)"
2306,Rhu-endly,Martina,0.0,0.0,0.0,0.0,0.0,0.0,0.0,1,Cuco Martina,DEF,Everton,2019-20,0.0,0.0,"recency-weighted FPL points, decay 8**(-age/3)"
2307,Lewis,Gibson,0.0,0.0,0.0,0.0,0.0,0.0,0.0,1,Gibson,DEF,Everton,2019-20,0.0,0.0,"recency-weighted FPL points, decay 8**(-age/3)"
2308,John-Kymani,Gordon,0.0,0.0,0.0,0.0,0.0,0.0,0.0,3,Gordon,FWD,Crystal Palace,2023-24,0.0,0.0,"recency-weighted FPL points, decay 8**(-age/3)"
2309,Stephen,Henderson,0.0,0.0,0.0,0.0,0.0,0.0,0.0,2,Henderson,GKP,Crystal Palace,2020-21,0.0,0.0,"recency-weighted FPL points, decay 8**(-age/3)"
2310,Jack,Young,0.0,0.0,0.0,0.0,0.0,0.0,0.0,1,Young,MID,Newcastle,2019-20,0.0,0.0,"recency-weighted FPL points, decay 8**(-age/3)"
2311,Lukas,Jensen,0.0,0.0,0.0,0.0,0.0,0.0,0.0,1,Jensen,GKP,Burnley,2019-20,0.0,0.0,"recency-weighted FPL points, decay 8**(-age/3)"
2312,Bobby,Thomas,0.0,0.0,0.0,0.0,0.0,0.0,0.0,4,Thomas,DEF,Burnley,2023-24,0.0,0.0,"recency-weighted FPL points, decay 8**(-age/3)"
2313,Mace,Goodridge,0.0,0.0,0.0,0.0,0.0,0.0,0.0,2,Goodridge,MID,Burnley,2020-21,0.0,0.0,"recency-weighted FPL points, decay 8**(-age/3)"
2314,Alex,Cochrane,0.0,0.0,0.0,0.0,0.0,0.0,0.0,1,Cochrane,DEF,Brighton,2019-20,0.0,0.0,"recency-weighted FPL points, decay 8**(-age/3)"
2315,Tudor,Baluta,0.0,0.0,0.0,0.0,0.0,0.0,0.0,1,Baluta,DEF,Brighton,2019-20,0.0,0.0,"recency-weighted FPL points, decay 8**(-age/3)"
2316,Matthew,Clarke,0.0,0.0,0.0,0.0,0.0,0.0,0.0,2,Clarke,DEF,Brighton,2020-21,0.0,0.0,"recency-weighted FPL points, decay 8**(-age/3)"
2317,Mihai-Alexandru,Dobre,0.0,0.0,0.0,0.0,0.0,0.0,0.0,1,Dobre,MID,Bournemouth,2019-20,0.0,0.0,"recency-weighted FPL points, decay 8**(-age/3)"
2318,Liam,Gibson,0.0,0.0,0.0,0.0,0.0,0.0,0.0,1,Gibson,DEF,Newcastle,2019-20,0.0,0.0,"recency-weighted FPL points, decay 8**(-age/3)"
2319,Philip,Heise,0.0,0.0,0.0,0.0,0.0,0.0,0.0,1,Heise,DEF,Norwich,2019-20,0.0,0.0,"recency-weighted FPL points, decay 8**(-age/3)"
2320,Sam,Woods,0.0,0.0,0.0,0.0,0.0,0.0,0.0,3,Woods,DEF,Crystal Palace,2020-21,0.0,0.0,"recency-weighted FPL points, decay 8**(-age/3)"
2321,Heurelho da Silva,Gomes,0.0,0.0,0.0,0.0,0.0,0.0,0.0,1,Gomes,GKP,Watford,2019-20,0.0,0.0,"recency-weighted FPL points, decay 8**(-age/3)"
2322,Taylor,Perry,0.0,0.0,0.0,0.0,0.0,0.0,0.0,2,Perry,MID,Wolves,2020-21,0.0,0.0,"recency-weighted FPL points, decay 8**(-age/3)"
2323,Bernard,Ashley-Seal,0.0,0.0,0.0,0.0,0.0,0.0,0.0,1,Ashley-Seal,FWD,Wolves,2019-20,0.0,0.0,"recency-weighted FPL points, decay 8**(-age/3)"
2324,Alfie,Lewis,0.0,0.0,0.0,0.0,0.0,0.0,0.0,1,Lewis,MID,West Ham,2019-20,0.0,0.0,"recency-weighted FPL points, decay 8**(-age/3)"
2325,Bernardo,Costa Da Rosa,0.0,0.0,0.0,0.0,0.0,0.0,0.0,1,Rosa,MID,West Ham,2019-20,0.0,0.0,"recency-weighted FPL points, decay 8**(-age/3)"
2326,Gonçalo Bento,Soares Cardoso,0.0,0.0,0.0,0.0,0.0,0.0,0.0,1,Cardoso,DEF,West Ham,2019-20,0.0,0.0,"recency-weighted FPL points, decay 8**(-age/3)"
2327,Joseph,Anang,0.0,0.0,0.0,0.0,0.0,0.0,0.0,3,Anang,GKP,West Ham,2023-24,0.0,0.0,"recency-weighted FPL points, decay 8**(-age/3)"
2328,Ayotomiwa,Dele-Bashiru,0.0,0.0,0.0,0.0,0.0,0.0,0.0,2,Dele-Bashiru,MID,Watford,2021-22,0.0,0.0,"recency-weighted FPL points, decay 8**(-age/3)"
2329,Jacob,Maddox,0.0,0.0,0.0,0.0,0.0,0.0,0.0,1,Maddox,MID,Southampton,2019-20,0.0,0.0,"recency-weighted FPL points, decay 8**(-age/3)"
2330,Archie,Mair,0.0,0.0,0.0,0.0,0.0,0.0,0.0,1,Mair,GKP,Norwich,2019-20,0.0,0.0,"recency-weighted FPL points, decay 8**(-age/3)"
2331,Will,Ferry,0.0,0.0,0.0,0.0,0.0,0.0,0.0,2,Ferry,MID,Southampton,2020-21,0.0,0.0,"recency-weighted FPL points, decay 8**(-age/3)"
2332,Panagiotis,Retsos,0.0,0.0,0.0,0.0,0.0,0.0,0.0,1,Retsos,DEF,Sheffield Utd,2019-20,0.0,0.0,"recency-weighted FPL points, decay 8**(-age/3)"
2333,Michael,Verrips,0.0,0.0,0.0,0.0,0.0,0.0,0.0,2,Verrips,GKP,Sheffield Utd,2020-21,0.0,0.0,"recency-weighted FPL points, decay 8**(-age/3)"
2334,Mark,Duffy,0.0,0.0,0.0,0.0,0.0,0.0,0.0,1,Duffy,MID,Sheffield Utd,2019-20,0.0,0.0,"recency-weighted FPL points, decay 8**(-age/3)"
2335,Jake,Eastwood,0.0,0.0,0.0,0.0,0.0,0.0,0.0,1,Eastwood,GKP,Sheffield Utd,2019-20,0.0,0.0,"recency-weighted FPL points, decay 8**(-age/3)"
2336,Richard,Stearman,0.0,0.0,0.0,0.0,0.0,0.0,0.0,1,Stearman,DEF,Sheffield Utd,2019-20,0.0,0.0,"recency-weighted FPL points, decay 8**(-age/3)"
2337,Daniel,Adshead,0.0,0.0,0.0,0.0,0.0,0.0,0.0,1,Adshead,MID,Norwich,2019-20,0.0,0.0,"recency-weighted FPL points, decay 8**(-age/3)"
2338,Gavin,Kilkenny,0.0,0.0,0.0,0.0,0.0,0.0,0.0,2,Kilkenny,MID,Bournemouth,2023-24,0.0,0.0,"recency-weighted FPL points, decay 8**(-age/3)"
2339,Christian,Saydee,0.0,0.0,0.0,0.0,0.0,0.0,0.0,2,Saydee,FWD,Bournemouth,2022-23,0.0,0.0,"recency-weighted FPL points, decay 8**(-age/3)"
2340,Kaine,Hayden,0.0,0.0,0.0,0.0,0.0,0.0,0.0,3,Hayden,DEF,Aston Villa,2021-22,0.0,0.0,"recency-weighted FPL points, decay 8**(-age/3)"
2341,Philippe,Sandler,0.0,0.0,0.0,0.0,0.0,0.0,0.0,1,Sandler,DEF,Man City,2018-19,0.0,0.0,"recency-weighted FPL points, decay 8**(-age/3)"
2342,Alfie,Jones,0.0,0.0,0.0,0.0,0.0,0.0,0.0,1,Jones,DEF,Southampton,2018-19,0.0,0.0,"recency-weighted FPL points, decay 8**(-age/3)"
2343,Tyreke,Johnson,0.0,0.0,0.0,0.0,0.0,0.0,0.0,2,Johnson,MID,Southampton,2019-20,0.0,0.0,"recency-weighted FPL points, decay 8**(-age/3)"
2344,Lewis,Cass,0.0,0.0,0.0,0.0,0.0,0.0,0.0,1,Cass,DEF,Newcastle,2018-19,0.0,0.0,"recency-weighted FPL points, decay 8**(-age/3)"
2345,Antonio,Barreca,0.0,0.0,0.0,0.0,0.0,0.0,0.02,1,Barreca,DEF,Newcastle,2018-19,0.0,0.0,"recency-weighted FPL points, decay 8**(-age/3)"
2346,Callum,Roberts,0.0,0.0,0.0,0.0,0.0,0.0,0.0,1,Roberts,MID,Newcastle,2018-19,0.0,0.0,"recency-weighted FPL points, decay 8**(-age/3)"
2347,Frederick,Woodman,0.0,0.0,0.0,0.0,0.0,0.0,0.0,2,Woodman,GKP,Newcastle,2019-20,0.0,0.0,"recency-weighted FPL points, decay 8**(-age/3)"
2348,Jamie,Sterry,0.0,0.0,0.0,0.0,0.0,0.0,0.0,1,Sterry,DEF,Newcastle,2018-19,0.0,0.0,"recency-weighted FPL points, decay 8**(-age/3)"
2349,Josh,Knight,0.0,0.0,0.0,0.0,0.0,0.0,0.0,1,Knight,DEF,Leicester,2018-19,0.0,0.0,"recency-weighted FPL points, decay 8**(-age/3)"
2350,Lovre,Kalinic,0.0,0.0,0.0,0.0,0.0,0.0,0.0,1,Kalinic,GKP,Aston Villa,2019-20,0.0,0.0,"recency-weighted FPL points, decay 8**(-age/3)"
2351,Filip,Benkovic,0.0,0.0,0.0,0.0,0.0,0.0,0.0,3,Benkovic,DEF,Leicester,2020-21,0.0,0.0,"recency-weighted FPL points, decay 8**(-age/3)"
2352,Demeaco,Duhaney,0.0,0.0,0.0,0.0,0.0,0.0,0.18,1,Duhaney,DEF,Huddersfield,2018-19,0.0,0.0,"recency-weighted FPL points, decay 8**(-age/3)"
2353,Ryan,Schofield,0.0,0.0,0.0,0.0,0.0,0.0,0.0,1,Schofield,GKP,Huddersfield,2018-19,0.0,0.0,"recency-weighted FPL points, decay 8**(-age/3)"
2354,Luca,De La Torre,0.0,0.0,0.0,0.0,0.0,0.0,0.0,1,De La Torre,MID,Fulham,2018-19,0.0,0.0,"recency-weighted FPL points, decay 8**(-age/3)"
2355,Zeze Steven,Sessegnon,0.0,0.0,0.0,0.0,0.0,0.0,0.0,2,Sessegnon,DEF,Fulham,2020-21,0.0,0.0,"recency-weighted FPL points, decay 8**(-age/3)"
2356,Rui Pedro,da Rocha Fonte,0.0,0.0,0.0,0.0,0.0,0.0,0.0,1,Fonte,MID,Fulham,2018-19,0.0,0.0,"recency-weighted FPL points, decay 8**(-age/3)"
2357,Nikola,Tavares,0.0,0.0,0.0,0.0,0.0,0.0,0.0,2,Tavares,DEF,Crystal Palace,2019-20,0.0,0.0,"recency-weighted FPL points, decay 8**(-age/3)"
2358,Luke,Amos,0.0,0.0,0.0,0.0,0.0,0.0,0.01,2,Amos,MID,Spurs,2019-20,0.0,0.0,"recency-weighted FPL points, decay 8**(-age/3)"
2359,Timothy,Eyoma,0.0,0.0,0.0,0.0,0.0,0.0,0.0,1,Eyoma,DEF,Spurs,2018-19,0.0,0.0,"recency-weighted FPL points, decay 8**(-age/3)"
2360,George,Marsh,0.0,0.0,0.0,0.0,0.0,0.0,0.0,1,Marsh,MID,Spurs,2018-19,0.0,0.0,"recency-weighted FPL points, decay 8**(-age/3)"
2361,Pontus,Dahlberg,0.0,0.0,0.0,0.0,0.0,0.0,0.0,2,Dahlberg,GKP,Watford,2019-20,0.0,0.0,"recency-weighted FPL points, decay 8**(-age/3)"
2362,Birkir,Bjarnason,0.0,0.0,0.0,0.0,0.0,0.0,0.0,1,Bjarnason,MID,Aston Villa,2019-20,0.0,0.0,"recency-weighted FPL points, decay 8**(-age/3)"
2363,Andre,Green,0.0,0.0,0.0,0.0,0.0,0.0,0.0,1,Green,MID,Aston Villa,2019-20,0.0,0.0,"recency-weighted FPL points, decay 8**(-age/3)"
2364,Matthew,Smith,0.0,0.0,0.0,0.0,0.0,0.0,0.0,2,Smith,MID,Arsenal,2022-23,0.0,0.0,"recency-weighted FPL points, decay 8**(-age/3)"
2365,Tyreece,John-Jules,0.0,0.0,0.0,0.0,0.0,0.0,0.0,1,John-Jules,FWD,Arsenal,2019-20,0.0,0.0,"recency-weighted FPL points, decay 8**(-age/3)"
2366,Cameron,John,0.0,0.0,0.0,0.0,0.0,0.0,0.0,1,John,DEF,Wolves,2018-19,0.0,0.0,"recency-weighted FPL points, decay 8**(-age/3)"
2367,Ryan John,Giles,0.0,0.0,0.0,0.0,0.0,0.0,0.0,1,Giles,MID,Wolves,2018-19,0.0,0.0,"recency-weighted FPL points, decay 8**(-age/3)"
2368,Rafa,Mir,0.0,0.0,0.0,0.0,0.0,0.0,0.0,1,Mir,FWD,Wolves,2018-19,0.0,0.0,"recency-weighted FPL points, decay 8**(-age/3)"
2369,Bright,Enobakhare,0.0,0.0,0.0,0.0,0.0,0.0,0.0,1,Enobakhare,MID,Wolves,2018-19,0.0,0.0,"recency-weighted FPL points, decay 8**(-age/3)"
2370,Roderick Jefferson,Gonçalves Miranda,0.0,0.0,0.0,0.0,0.0,0.0,0.0,1,Miranda,DEF,Wolves,2018-19,0.0,0.0,"recency-weighted FPL points, decay 8**(-age/3)"
2371,Danny,Batth,0.0,0.0,0.0,0.0,0.0,0.0,0.0,1,Batth,DEF,Wolves,2018-19,0.0,0.0,"recency-weighted FPL points, decay 8**(-age/3)"
2372,Barry,Douglas,0.0,0.0,0.0,0.0,0.0,0.0,0.0,2,Douglas,DEF,Leeds,2020-21,0.0,0.0,"recency-weighted FPL points, decay 8**(-age/3)"
2373,Alexandre Nascimento,Costa Silva,0.0,0.0,0.0,0.0,0.0,0.0,0.07,2,Xande Silva,FWD,West Ham,2019-20,0.0,0.0,"recency-weighted FPL points, decay 8**(-age/3)"
2374,Joe,Powell,0.0,0.0,0.0,0.0,0.0,0.0,0.0,1,Powell,MID,West Ham,2018-19,0.0,0.0,"recency-weighted FPL points, decay 8**(-age/3)"
2375,Adalberto,Peñaranda,0.0,0.0,0.0,0.0,0.0,0.0,0.0,2,Peñaranda,FWD,Watford,2019-20,0.0,0.0,"recency-weighted FPL points, decay 8**(-age/3)"
2376,Ben,Wilmot,0.0,0.0,0.0,0.0,0.0,0.0,0.1,2,Wilmot,DEF,Watford,2021-22,0.0,0.0,"recency-weighted FPL points, decay 8**(-age/3)"
2377,Zachary,Dearnley,0.0,0.0,0.0,0.0,0.0,0.0,0.0,1,Dearnley,MID,Man Utd,2016-17,0.0,0.0,"recency-weighted FPL points, decay 8**(-age/3)"
2378,Filip,Lesniak,0.0,0.0,0.0,0.0,0.0,0.0,0.0,1,Lesniak,MID,Spurs,2016-17,18.0,0.0,"recency-weighted FPL points, decay 8**(-age/3)"
2379,Miguel,Azeez,0.0,0.0,0.0,0.0,0.0,0.0,0.0,2,Azeez,MID,Arsenal,2021-22,0.0,0.0,"recency-weighted FPL points, decay 8**(-age/3)"
2380,Albert,Adomah,0.0,0.0,0.0,0.0,0.0,0.0,0.12,1,Adomah,MID,Middlesbrough,2016-17,0.0,0.0,"recency-weighted FPL points, decay 8**(-age/3)"
2381,Marc,Wilson,0.0,0.0,0.0,0.0,0.0,0.0,0.25,1,Marc Wilson,DEF,West Brom,2016-17,0.0,0.0,"recency-weighted FPL points, decay 8**(-age/3)"
2382,Jakob,Haugaard,0.0,0.0,0.0,0.0,0.0,0.0,0.0,2,Haugaard,GKP,Stoke,2017-18,0.0,0.0,"recency-weighted FPL points, decay 8**(-age/3)"
2383,Florin,Gardos,0.0,0.0,0.0,0.0,0.0,0.0,0.0,1,Gardos,DEF,Southampton,2016-17,0.0,0.0,"recency-weighted FPL points, decay 8**(-age/3)"
2384,David,Nugent,0.0,0.0,0.0,0.0,0.0,0.0,0.04,1,Nugent,FWD,Middlesbrough,2016-17,0.0,0.0,"recency-weighted FPL points, decay 8**(-age/3)"
2385,Julien,de Sart,0.0,0.0,0.0,0.0,0.0,0.0,0.0,1,de Sart,MID,Middlesbrough,2016-17,0.0,0.0,"recency-weighted FPL points, decay 8**(-age/3)"
2386,Carlos,De Pena,0.0,0.0,0.0,0.0,0.0,0.0,0.0,1,De Pena,MID,Middlesbrough,2016-17,0.0,0.0,"recency-weighted FPL points, decay 8**(-age/3)"
2387,Adam,Reach,0.0,0.0,0.0,0.0,0.0,0.0,0.0,1,Reach,MID,Middlesbrough,2016-17,0.0,0.0,"recency-weighted FPL points, decay 8**(-age/3)"
2388,Dael,Fry,0.0,0.0,0.0,0.0,0.0,0.0,0.0,1,Fry,DEF,Middlesbrough,2016-17,0.0,0.0,"recency-weighted FPL points, decay 8**(-age/3)"
2389,Dionatan do Nascimento,Teixeira,0.0,0.0,0.0,0.0,0.0,0.0,0.0,1,Teixeira,DEF,Stoke,2016-17,0.0,0.0,"recency-weighted FPL points, decay 8**(-age/3)"
2390,Dimitrios,Konstantopoulos,0.0,0.0,0.0,0.0,0.0,0.0,0.0,1,Konstantopoulos,GKP,Middlesbrough,2016-17,0.0,0.0,"recency-weighted FPL points, decay 8**(-age/3)"
2391,James,Wilson,0.0,0.0,0.0,0.0,0.0,0.0,0.0,2,Wilson,FWD,Spurs,2025-26,0.0,0.0,"recency-weighted FPL points, decay 8**(-age/3)"
2392,Bastian,Schweinsteiger,0.0,0.0,0.0,0.0,0.0,0.0,0.0,1,Schweinsteiger,MID,Man Utd,2016-17,0.0,0.0,"recency-weighted FPL points, decay 8**(-age/3)"
2393,Memphis,Depay,0.0,0.0,0.0,0.0,0.0,0.0,0.02,1,Depay,MID,Man Utd,2016-17,0.0,0.0,"recency-weighted FPL points, decay 8**(-age/3)"
2394,Cameron,Borthwick-Jackson,0.0,0.0,0.0,0.0,0.0,0.0,0.0,1,Borthwick-Jackson,DEF,Man Utd,2016-17,0.0,0.0,"recency-weighted FPL points, decay 8**(-age/3)"
2395,Guillermo,Varela,0.0,0.0,0.0,0.0,0.0,0.0,0.0,1,Varela,DEF,Man Utd,2016-17,0.0,0.0,"recency-weighted FPL points, decay 8**(-age/3)"
2396,Mario,Balotelli,0.0,0.0,0.0,0.0,0.0,0.0,0.0,1,Balotelli,FWD,Liverpool,2016-17,0.0,0.0,"recency-weighted FPL points, decay 8**(-age/3)"
2397,Philipp,Wollscheid,0.0,0.0,0.0,0.0,0.0,0.0,0.18,1,Wollscheid,DEF,Stoke,2016-17,0.0,0.0,"recency-weighted FPL points, decay 8**(-age/3)"
2398,Adam,Matthews,0.0,0.0,0.0,0.0,0.0,0.0,0.0,1,Matthews,DEF,Sunderland,2016-17,0.0,0.0,"recency-weighted FPL points, decay 8**(-age/3)"
2399,Callum,McManaman,0.0,0.0,0.0,0.0,0.0,0.0,0.0,1,McManaman,MID,West Brom,2016-17,0.0,0.0,"recency-weighted FPL points, decay 8**(-age/3)"
2400,Almen,Abdi,0.0,0.0,0.0,0.0,0.0,0.0,0.0,1,Abdi,MID,Watford,2016-17,0.0,0.0,"recency-weighted FPL points, decay 8**(-age/3)"
2401,Cristian,Gamboa,0.0,0.0,0.0,0.0,0.0,0.0,0.0,1,Gamboa,DEF,West Brom,2016-17,0.0,0.0,"recency-weighted FPL points, decay 8**(-age/3)"
2402,Sébastien,Pocognoli,0.0,0.0,0.0,0.0,0.0,0.0,0.0,1,Pocognoli,DEF,West Brom,2016-17,0.0,0.0,"recency-weighted FPL points, decay 8**(-age/3)"
2403,Boaz,Myhill,0.0,0.0,0.0,0.0,0.0,0.0,0.18,2,Myhill,GKP,West Brom,2017-18,0.0,0.0,"recency-weighted FPL points, decay 8**(-age/3)"
2404,Mamadou Obbi,Oularé,0.0,0.0,0.0,0.0,0.0,0.0,0.0,1,Oularé,FWD,Watford,2016-17,0.0,0.0,"recency-weighted FPL points, decay 8**(-age/3)"
2405,Mario,Suárez,0.0,0.0,0.0,0.0,0.0,0.0,0.0,1,Suárez,MID,Watford,2016-17,0.0,0.0,"recency-weighted FPL points, decay 8**(-age/3)"
2406,Steven,Berghuis,0.0,0.0,0.0,0.0,0.0,0.0,0.0,2,Berghuis,MID,Watford,2017-18,0.0,0.0,"recency-weighted FPL points, decay 8**(-age/3)"
2407,Ikechi,Anya,0.0,0.0,0.0,0.0,0.0,0.0,0.01,1,Anya,MID,Watford,2016-17,0.0,0.0,"recency-weighted FPL points, decay 8**(-age/3)"
2408,Juan Carlos,Paredes,0.0,0.0,0.0,0.0,0.0,0.0,0.0,1,Paredes,DEF,Watford,2016-17,0.0,0.0,"recency-weighted FPL points, decay 8**(-age/3)"
2409,Jeremain,Lens,0.0,0.0,0.0,0.0,0.0,0.0,0.07,1,Lens,MID,Sunderland,2016-17,0.0,0.0,"recency-weighted FPL points, decay 8**(-age/3)"
2410,Costel,Pantilimon,0.0,0.0,0.0,0.0,0.0,0.0,0.08,2,Pantilimon,GKP,Watford,2017-18,0.0,0.0,"recency-weighted FPL points, decay 8**(-age/3)"
2411,Clinton,N'Jie,0.0,0.0,0.0,0.0,0.0,0.0,0.0,1,N'Jie,FWD,Spurs,2016-17,0.0,0.0,"recency-weighted FPL points, decay 8**(-age/3)"
2412,Joshua,Onomah,0.0,0.0,0.0,0.0,0.0,0.0,0.02,1,Onomah,MID,Spurs,2016-17,0.0,0.0,"recency-weighted FPL points, decay 8**(-age/3)"
2413,Marvin,Emnes,0.0,0.0,0.0,0.0,0.0,0.0,0.0,1,Emnes,FWD,Swansea,2016-17,0.0,0.0,"recency-weighted FPL points, decay 8**(-age/3)"
2414,Bafétimbi,Gomis,0.0,0.0,0.0,0.0,0.0,0.0,0.0,1,Gomis,FWD,Swansea,2016-17,0.0,0.0,"recency-weighted FPL points, decay 8**(-age/3)"
2415,Franck,Tabanou,0.0,0.0,0.0,0.0,0.0,0.0,0.0,1,Tabanou,DEF,Swansea,2016-17,0.0,0.0,"recency-weighted FPL points, decay 8**(-age/3)"
2416,Kristoffer,Nordfeldt,0.0,0.0,0.0,0.0,0.0,0.0,0.09,2,Nordfeldt,GKP,Swansea,2017-18,0.0,0.0,"recency-weighted FPL points, decay 8**(-age/3)"
2417,Pedro,Chirivella,0.0,0.0,0.0,0.0,0.0,0.0,0.0,1,Chirivella,MID,Liverpool,2016-17,0.0,0.0,"recency-weighted FPL points, decay 8**(-age/3)"
2418,Cameron,Brannagan,0.0,0.0,0.0,0.0,0.0,0.0,0.0,1,Brannagan,MID,Liverpool,2016-17,0.0,0.0,"recency-weighted FPL points, decay 8**(-age/3)"
2419,Oluwaseyi,Ojo,0.0,0.0,0.0,0.0,0.0,0.0,0.0,2,Sheyi Ojo,MID,Liverpool,2017-18,0.0,0.0,"recency-weighted FPL points, decay 8**(-age/3)"
2420,Tendayi,Darikwa,0.0,0.0,0.0,0.0,0.0,0.0,0.0,1,Darikwa,DEF,Burnley,2016-17,0.0,0.0,"recency-weighted FPL points, decay 8**(-age/3)"
2421,Matt,Miazga,0.0,0.0,0.0,0.0,0.0,0.0,0.0,1,Miazga,DEF,Chelsea,2016-17,0.0,0.0,"recency-weighted FPL points, decay 8**(-age/3)"
2422,Abdul Rahman,Baba,0.0,0.0,0.0,0.0,0.0,0.0,0.0,2,Baba,DEF,Chelsea,2023-24,0.0,0.0,"recency-weighted FPL points, decay 8**(-age/3)"
2423,Chris,Long,0.0,0.0,0.0,0.0,0.0,0.0,0.0,1,Long,FWD,Burnley,2016-17,0.0,0.0,"recency-weighted FPL points, decay 8**(-age/3)"
2424,Rouwen,Hennings,0.0,0.0,0.0,0.0,0.0,0.0,0.0,1,Hennings,FWD,Burnley,2016-17,0.0,0.0,"recency-weighted FPL points, decay 8**(-age/3)"
2425,Lukas,Jutkiewicz,0.0,0.0,0.0,0.0,0.0,0.0,0.01,1,Jutkiewicz,FWD,Burnley,2016-17,0.0,0.0,"recency-weighted FPL points, decay 8**(-age/3)"
2426,Fredrik,Ulvestad,0.0,0.0,0.0,0.0,0.0,0.0,0.0,2,Ulvestad,MID,Burnley,2017-18,0.0,0.0,"recency-weighted FPL points, decay 8**(-age/3)"
2427,David,Jones,0.0,0.0,0.0,0.0,0.0,0.0,0.08,1,Jones,MID,Burnley,2016-17,0.0,0.0,"recency-weighted FPL points, decay 8**(-age/3)"
2428,Tokelo,Rantie,0.0,0.0,0.0,0.0,0.0,0.0,0.0,1,Rantie,FWD,Bournemouth,2016-17,0.0,0.0,"recency-weighted FPL points, decay 8**(-age/3)"
2429,Kevin,Stewart,0.0,0.0,0.0,0.0,0.0,0.0,0.02,1,Stewart,DEF,Liverpool,2016-17,0.0,0.0,"recency-weighted FPL points, decay 8**(-age/3)"
2430,Shaun,MacDonald,0.0,0.0,0.0,0.0,0.0,0.0,0.0,1,MacDonald,MID,Bournemouth,2016-17,0.0,0.0,"recency-weighted FPL points, decay 8**(-age/3)"
2431,Eunan,O'Kane,0.0,0.0,0.0,0.0,0.0,0.0,0.0,1,O'Kane,MID,Bournemouth,2016-17,0.0,0.0,"recency-weighted FPL points, decay 8**(-age/3)"
2432,Takuma,Asano,0.0,0.0,0.0,0.0,0.0,0.0,0.0,1,Asano,FWD,Arsenal,2016-17,0.0,0.0,"recency-weighted FPL points, decay 8**(-age/3)"
2433,Yaya,Sanogo,0.0,0.0,0.0,0.0,0.0,0.0,0.0,1,Sanogo,FWD,Arsenal,2016-17,0.0,0.0,"recency-weighted FPL points, decay 8**(-age/3)"
2434,Joel,Campbell,0.0,0.0,0.0,0.0,0.0,0.0,0.0,1,Campbell,MID,Arsenal,2016-17,0.0,0.0,"recency-weighted FPL points, decay 8**(-age/3)"
2435,Serge,Gnabry,0.0,0.0,0.0,0.0,0.0,0.0,0.0,1,Gnabry,MID,Arsenal,2016-17,0.0,0.0,"recency-weighted FPL points, decay 8**(-age/3)"
2436,Mathieu,Debuchy,0.0,0.0,0.0,0.0,0.0,0.0,0.01,2,Debuchy,DEF,Arsenal,2017-18,0.0,0.0,"recency-weighted FPL points, decay 8**(-age/3)"
2437,Juan,Cuadrado,0.0,0.0,0.0,0.0,0.0,0.0,0.0,1,Cuadrado,MID,Chelsea,2016-17,0.0,0.0,"recency-weighted FPL points, decay 8**(-age/3)"
2438,John Obi,Mikel,0.0,0.0,0.0,0.0,0.0,0.0,0.0,1,Mikel,MID,Chelsea,2016-17,0.0,0.0,"recency-weighted FPL points, decay 8**(-age/3)"
2439,Bertrand,Traore,0.0,0.0,0.0,0.0,0.0,0.0,0.0,1,Traore,MID,Chelsea,2016-17,0.0,0.0,"recency-weighted FPL points, decay 8**(-age/3)"
2440,Marco,Van Ginkel,0.0,0.0,0.0,0.0,0.0,0.0,0.0,1,Van Ginkel,MID,Chelsea,2016-17,0.0,0.0,"recency-weighted FPL points, decay 8**(-age/3)"
2441,Bradley,Smith,0.0,0.0,0.0,0.0,0.0,0.0,0.26,2,Brad Smith,DEF,Bournemouth,2017-18,0.0,0.0,"recency-weighted FPL points, decay 8**(-age/3)"
2442,Connor,Randall,0.0,0.0,0.0,0.0,0.0,0.0,0.0,1,Randall,DEF,Liverpool,2016-17,0.0,0.0,"recency-weighted FPL points, decay 8**(-age/3)"
2443,Gökhan,Inler,0.0,0.0,0.0,0.0,0.0,0.0,0.0,1,Inler,MID,Leicester,2016-17,0.0,0.0,"recency-weighted FPL points, decay 8**(-age/3)"
2444,Luis,Hernández,0.0,0.0,0.0,0.0,0.0,0.0,0.32,1,Hernández,DEF,Leicester,2016-17,0.0,0.0,"recency-weighted FPL points, decay 8**(-age/3)"
2445,Ritchie,de Laet,0.0,0.0,0.0,0.0,0.0,0.0,0.0,1,de Laet,DEF,Leicester,2016-17,0.0,0.0,"recency-weighted FPL points, decay 8**(-age/3)"
2446,Marcin,Wasilewski,0.0,0.0,0.0,0.0,0.0,0.0,0.09,1,Wasilewski,DEF,Leicester,2016-17,0.0,0.0,"recency-weighted FPL points, decay 8**(-age/3)"
2447,Alex,Bruce,0.0,0.0,0.0,0.0,0.0,0.0,0.0,1,Bruce,DEF,Hull,2016-17,0.0,0.0,"recency-weighted FPL points, decay 8**(-age/3)"
2448,Moses,Odubajo,0.0,0.0,0.0,0.0,0.0,0.0,0.0,1,Odubajo,DEF,Hull,2016-17,0.0,0.0,"recency-weighted FPL points, decay 8**(-age/3)"
2449,Brian,Lenihan,0.0,0.0,0.0,0.0,0.0,0.0,0.0,1,Lenihan,DEF,Hull,2016-17,0.0,0.0,"recency-weighted FPL points, decay 8**(-age/3)"
2450,Allan,McGregor,0.0,0.0,0.0,0.0,0.0,0.0,0.0,1,McGregor,GKP,Hull,2016-17,0.0,0.0,"recency-weighted FPL points, decay 8**(-age/3)"
2451,Muhamed,Besic,0.0,0.0,0.0,0.0,0.0,0.0,0.09,2,Besic,MID,Everton,2017-18,0.0,0.0,"recency-weighted FPL points, decay 8**(-age/3)"
2452,Tyias,Browning,0.0,0.0,0.0,0.0,0.0,0.0,0.0,2,Browning,DEF,Everton,2018-19,0.0,0.0,"recency-weighted FPL points, decay 8**(-age/3)"
2453,Jonathan,Williams,0.0,0.0,0.0,0.0,0.0,0.0,0.0,1,Williams,MID,Crystal Palace,2016-17,0.0,0.0,"recency-weighted FPL points, decay 8**(-age/3)"
2454,Jordon,Mutch,0.0,0.0,0.0,0.0,0.0,0.0,0.05,2,Mutch,MID,Crystal Palace,2017-18,0.0,0.0,"recency-weighted FPL points, decay 8**(-age/3)"
2455,Mile,Jedinak,0.0,0.0,0.0,0.0,0.0,0.0,0.09,1,Jedinak,MID,Crystal Palace,2016-17,0.0,0.0,"recency-weighted FPL points, decay 8**(-age/3)"
2456,James,Chester,0.0,0.0,0.0,0.0,0.0,0.0,0.0,2,Chester,DEF,Aston Villa,2019-20,0.0,0.0,"recency-weighted FPL points, decay 8**(-age/3)"
2457,Rickie,Lambert,0.0,0.0,0.0,0.0,0.0,0.0,0.01,1,Lambert,FWD,West Brom,2016-17,0.0,0.0,"recency-weighted FPL points, decay 8**(-age/3)"
2458,Elliott,Moore,0.0,0.0,0.0,0.0,0.0,0.0,0.0,1,Moore,DEF,Leicester,2016-17,0.0,0.0,"recency-weighted FPL points, decay 8**(-age/3)"
2459,Andrew,Eleftheriou,0.0,0.0,0.0,0.0,0.0,0.0,0.05,1,Eleftheriou,DEF,Watford,2016-17,0.0,0.0,"recency-weighted FPL points, decay 8**(-age/3)"
2460,Elliot,Embleton,0.0,0.0,0.0,0.0,0.0,0.0,0.0,1,Embleton,MID,Sunderland,2016-17,0.0,0.0,"recency-weighted FPL points, decay 8**(-age/3)"
2461,Ethan,Robson,0.0,0.0,0.0,0.0,0.0,0.0,0.0,1,Ethan Robson,MID,Sunderland,2016-17,0.0,0.0,"recency-weighted FPL points, decay 8**(-age/3)"
2462,Noor,Husin,0.0,0.0,0.0,0.0,0.0,0.0,0.0,1,Husin,MID,Crystal Palace,2016-17,0.0,0.0,"recency-weighted FPL points, decay 8**(-age/3)"
2463,Marcus,Browne,0.0,0.0,0.0,0.0,0.0,0.0,0.0,2,Browne,MID,West Ham,2017-18,0.0,0.0,"recency-weighted FPL points, decay 8**(-age/3)"
2464,Alex,Pike,0.0,0.0,0.0,0.0,0.0,0.0,0.0,1,Pike,DEF,West Ham,2016-17,0.0,0.0,"recency-weighted FPL points, decay 8**(-age/3)"
2465,Oluwatosin,Adarabioyo,0.0,0.0,0.0,0.0,0.0,0.0,0.0,2,Adarabioyo,DEF,Man City,2017-18,0.0,0.0,"recency-weighted FPL points, decay 8**(-age/3)"
2466,Michael,Phillips,0.0,0.0,0.0,0.0,0.0,0.0,0.0,1,Phillips,MID,Crystal Palace,2016-17,0.0,0.0,"recency-weighted FPL points, decay 8**(-age/3)"
2467,Matthew,James,0.0,0.0,0.0,0.0,0.0,0.0,0.0,1,James,MID,Leicester,2016-17,0.0,0.0,"recency-weighted FPL points, decay 8**(-age/3)"
2468,Michael,Folivi,0.0,0.0,0.0,0.0,0.0,0.0,0.01,2,Folivi,FWD,Watford,2017-18,0.0,0.0,"recency-weighted FPL points, decay 8**(-age/3)"
2469,Ryan,Allsop,0.0,0.0,0.0,0.0,0.0,0.0,0.09,1,Allsop,GKP,Bournemouth,2016-17,0.0,0.0,"recency-weighted FPL points, decay 8**(-age/3)"
2470,Thibaud,Verlinden,0.0,0.0,0.0,0.0,0.0,0.0,0.0,1,Verlinden,MID,Stoke,2016-17,0.0,0.0,"recency-weighted FPL points, decay 8**(-age/3)"
2471,Stuart,Taylor,0.0,0.0,0.0,0.0,0.0,0.0,0.0,2,Taylor,GKP,Southampton,2017-18,0.0,0.0,"recency-weighted FPL points, decay 8**(-age/3)"
2472,Mateusz,Hewelt,0.0,0.0,0.0,0.0,0.0,0.0,0.0,1,Hewelt,GKP,Everton,2016-17,0.0,0.0,"recency-weighted FPL points, decay 8**(-age/3)"
2473,Raphael,Spiegel,0.0,0.0,0.0,0.0,0.0,0.0,0.0,1,Spiegel,GKP,West Ham,2016-17,0.0,0.0,"recency-weighted FPL points, decay 8**(-age/3)"
2474,Olufela,Olomola,0.0,0.0,0.0,0.0,0.0,0.0,0.0,1,Olomola,MID,Southampton,2016-17,0.0,0.0,"recency-weighted FPL points, decay 8**(-age/3)"
2475,Jeff,Reine-Adelaide,0.0,0.0,0.0,0.0,0.0,0.0,0.0,1,Reine-Adelaide,MID,Arsenal,2016-17,0.0,0.0,"recency-weighted FPL points, decay 8**(-age/3)"
2476,Charlie,Rowan,0.0,0.0,0.0,0.0,0.0,0.0,0.0,1,Rowan,DEF,Watford,2016-17,0.0,0.0,"recency-weighted FPL points, decay 8**(-age/3)"
2477,Brandon,Mason,0.0,0.0,0.0,0.0,0.0,0.0,0.11,2,Mason,DEF,Watford,2017-18,0.0,0.0,"recency-weighted FPL points, decay 8**(-age/3)"
2478,Reece,Oxford,0.0,0.0,0.0,0.0,0.0,0.0,0.01,3,Oxford,DEF,West Ham,2018-19,0.0,0.0,"recency-weighted FPL points, decay 8**(-age/3)"
2479,Martín,Cáceres,0.0,0.0,0.0,0.0,0.0,0.0,0.09,1,Cáceres,DEF,Southampton,2016-17,0.0,0.0,"recency-weighted FPL points, decay 8**(-age/3)"
2480,Moses,Makasi,0.0,0.0,0.0,0.0,0.0,0.0,0.0,2,Makasi,MID,West Ham,2017-18,0.0,0.0,"recency-weighted FPL points, decay 8**(-age/3)"
2481,Eduardo,Dos Reis Carvalho,0.0,0.0,0.0,0.0,0.0,0.0,0.0,1,Eduardo,GKP,Chelsea,2016-17,0.0,0.0,"recency-weighted FPL points, decay 8**(-age/3)"
2482,James,Husband,0.0,0.0,0.0,0.0,0.0,0.0,0.06,1,Husband,DEF,Middlesbrough,2016-17,0.0,0.0,"recency-weighted FPL points, decay 8**(-age/3)"
2483,Matt,Macey,0.0,0.0,0.0,0.0,0.0,0.0,0.0,5,Macey,GKP,Luton,2023-24,0.0,0.0,"recency-weighted FPL points, decay 8**(-age/3)"
2484,Dion,Pereira,0.0,0.0,0.0,0.0,0.0,0.0,0.02,2,Pereira,MID,Luton,2023-24,0.0,0.0,"recency-weighted FPL points, decay 8**(-age/3)"
2485,Joe,Williams,0.0,0.0,0.0,0.0,0.0,0.0,0.0,1,Joe Williams,MID,Everton,2016-17,0.0,0.0,"recency-weighted FPL points, decay 8**(-age/3)"
2486,Matthew,Willock,0.0,0.0,0.0,0.0,0.0,0.0,0.0,1,Willock,MID,Man Utd,2016-17,0.0,0.0,"recency-weighted FPL points, decay 8**(-age/3)"
2487,Daniel,Agyei,0.0,0.0,0.0,0.0,0.0,0.0,0.02,1,Agyei,FWD,Burnley,2016-17,0.0,0.0,"recency-weighted FPL points, decay 8**(-age/3)"
2488,Carl,Stewart,0.0,0.0,0.0,0.0,0.0,0.0,0.0,2,Stewart,MID,Watford,2017-18,0.0,0.0,"recency-weighted FPL points, decay 8**(-age/3)"
2489,Mouez,Hassen,0.0,0.0,0.0,0.0,0.0,0.0,0.0,1,Hassen,GKP,Southampton,2016-17,0.0,0.0,"recency-weighted FPL points, decay 8**(-age/3)"
2490,Baily,Cargill,0.0,0.0,0.0,0.0,0.0,0.0,0.01,1,Cargill,DEF,Bournemouth,2016-17,0.0,0.0,"recency-weighted FPL points, decay 8**(-age/3)"
2491,Giedrius,Arlauskis,0.0,0.0,0.0,0.0,0.0,0.0,0.0,1,Arlauskis,GKP,Watford,2016-17,0.0,0.0,"recency-weighted FPL points, decay 8**(-age/3)"
2492,Joleon,Lescott,0.0,0.0,0.0,0.0,0.0,0.0,0.12,1,Lescott,DEF,Sunderland,2016-17,0.0,0.0,"recency-weighted FPL points, decay 8**(-age/3)"
2493,Joel,Taylor,0.0,0.0,0.0,0.0,0.0,0.0,0.0,1,Taylor,DEF,Stoke,2016-17,0.0,0.0,"recency-weighted FPL points, decay 8**(-age/3)"
2494,Michael,Ledger,0.0,0.0,0.0,0.0,0.0,0.0,0.0,1,Ledger,DEF,Sunderland,2016-17,0.0,0.0,"recency-weighted FPL points, decay 8**(-age/3)"
2495,Harry,Lewis,0.0,0.0,0.0,0.0,0.0,0.0,0.0,4,Lewis,GKP,Southampton,2021-22,0.0,0.0,"recency-weighted FPL points, decay 8**(-age/3)"
2496,Jake,Hesketh,0.0,0.0,0.0,0.0,0.0,0.0,0.0,1,Hesketh,MID,Southampton,2016-17,0.0,0.0,"recency-weighted FPL points, decay 8**(-age/3)"
2497,Ben,Wynter,0.0,0.0,0.0,0.0,0.0,0.0,0.0,1,Wynter,DEF,Crystal Palace,2016-17,0.0,0.0,"recency-weighted FPL points, decay 8**(-age/3)"
2498,Lloyd,Isgrove,0.0,0.0,0.0,0.0,0.0,0.0,0.0,1,Isgrove,MID,Southampton,2016-17,0.0,0.0,"recency-weighted FPL points, decay 8**(-age/3)"
2499,Daniel,Lafferty,0.0,0.0,0.0,0.0,0.0,0.0,0.0,1,Lafferty,DEF,Burnley,2016-17,0.0,0.0,"recency-weighted FPL points, decay 8**(-age/3)"
2500,Greg,Luer,0.0,0.0,0.0,0.0,0.0,0.0,0.0,1,Luer,FWD,Hull,2016-17,0.0,0.0,"recency-weighted FPL points, decay 8**(-age/3)"
2501,Dusan,Kuciak,0.0,0.0,0.0,0.0,0.0,0.0,0.0,1,Kuciak,GKP,Hull,2016-17,0.0,0.0,"recency-weighted FPL points, decay 8**(-age/3)"
2502,Josh,Clackstone,0.0,0.0,0.0,0.0,0.0,0.0,0.0,1,Clackstone,DEF,Hull,2016-17,0.0,0.0,"recency-weighted FPL points, decay 8**(-age/3)"
2503,Greg,Olley,0.0,0.0,0.0,0.0,0.0,0.0,0.0,1,Olley,MID,Hull,2016-17,0.0,0.0,"recency-weighted FPL points, decay 8**(-age/3)"
2504,Kane,Wilson,0.0,0.0,0.0,0.0,0.0,0.0,0.0,2,Wilson,DEF,West Brom,2017-18,0.0,0.0,"recency-weighted FPL points, decay 8**(-age/3)"
2505,Keshi,Anderson,0.0,0.0,0.0,0.0,0.0,0.0,0.0,2,Anderson,FWD,Crystal Palace,2017-18,0.0,0.0,"recency-weighted FPL points, decay 8**(-age/3)"
2506,Olayinka Fredrick Oladotun,Ladapo,0.0,0.0,0.0,0.0,0.0,0.0,0.03,2,Ladapo,FWD,Crystal Palace,2017-18,0.0,0.0,"recency-weighted FPL points, decay 8**(-age/3)"
2507,Cameron,Carter-Vickers,0.0,0.0,0.0,0.0,0.0,0.0,0.0,3,Carter-Vickers,DEF,Spurs,2020-21,0.0,0.0,"recency-weighted FPL points, decay 8**(-age/3)"
2508,Oviemuno,Ejaria,0.0,0.0,0.0,0.0,0.0,0.0,0.01,1,Ejaria,MID,Liverpool,2016-17,0.0,0.0,"recency-weighted FPL points, decay 8**(-age/3)"
2509,Jose Angel,Esmoris Tasende,0.0,0.0,0.0,0.0,0.0,0.0,0.0,1,Angelino,DEF,Man City,2016-17,0.0,0.0,"recency-weighted FPL points, decay 8**(-age/3)"
2510,Bartosz,Kapustka,0.0,0.0,0.0,0.0,0.0,0.0,0.0,1,Kapustka,MID,Leicester,2016-17,0.0,0.0,"recency-weighted FPL points, decay 8**(-age/3)"
2511,Sullay,Kaikai,0.0,0.0,0.0,0.0,0.0,0.0,0.05,3,Kaikai,MID,Crystal Palace,2018-19,0.0,0.0,"recency-weighted FPL points, decay 8**(-age/3)"
2512,Chuba,Akpom,0.0,0.0,0.0,0.0,0.0,0.0,0.0,1,Akpom,FWD,Arsenal,2016-17,0.0,0.0,"recency-weighted FPL points, decay 8**(-age/3)"
2513,Brice,Dja Djédjé,0.0,0.0,0.0,0.0,0.0,0.0,0.0,1,Dja Djédjé,DEF,Watford,2016-17,0.0,0.0,"recency-weighted FPL points, decay 8**(-age/3)"
2514,Tommie,Hoban,0.0,0.0,0.0,0.0,0.0,0.0,0.0,1,Hoban,DEF,Watford,2016-17,0.0,0.0,"recency-weighted FPL points, decay 8**(-age/3)"
2515,Paul,Robinson,0.0,0.0,0.0,0.0,0.0,0.0,0.26,2,Robinson,GKP,Burnley,2017-18,0.0,0.0,"recency-weighted FPL points, decay 8**(-age/3)"
2516,Joel,Asoro,0.0,0.0,0.0,0.0,0.0,0.0,0.01,1,Asoro,MID,Sunderland,2016-17,0.0,0.0,"recency-weighted FPL points, decay 8**(-age/3)"
2517,Alex,Baptiste,0.0,0.0,0.0,0.0,0.0,0.0,0.0,1,Baptiste,DEF,Middlesbrough,2016-17,0.0,0.0,"recency-weighted FPL points, decay 8**(-age/3)"
2518,Alexander,Manninger,0.0,0.0,0.0,0.0,0.0,0.0,0.0,1,Manninger,GKP,Liverpool,2016-17,0.0,0.0,"recency-weighted FPL points, decay 8**(-age/3)"
2519,Pablo,Maffeo,0.0,0.0,0.0,0.0,0.0,0.0,0.0,1,Maffeo,DEF,Man City,2016-17,0.0,0.0,"recency-weighted FPL points, decay 8**(-age/3)"
2520,Luke,Dreher,0.0,0.0,0.0,0.0,0.0,0.0,0.0,3,Dreher,MID,Crystal Palace,2019-20,0.0,0.0,"recency-weighted FPL points, decay 8**(-age/3)"
2521,Jonathan,Benteke,0.0,0.0,0.0,0.0,0.0,0.0,0.01,1,Jonathan Benteke,FWD,Crystal Palace,2016-17,0.0,0.0,"recency-weighted FPL points, decay 8**(-age/3)"
2522,Aleix,García Serrano,0.0,0.0,0.0,0.0,0.0,0.0,0.08,1,García,MID,Man City,2016-17,0.0,0.0,"recency-weighted FPL points, decay 8**(-age/3)"
2523,Michael,Simões Domingues,0.0,0.0,0.0,0.0,0.0,0.0,0.0,1,Mika,GKP,Sunderland,2016-17,0.0,0.0,"recency-weighted FPL points, decay 8**(-age/3)"
2524,Álvaro,Arbeloa,0.0,0.0,0.0,0.0,0.0,0.0,0.25,1,Arbeloa,DEF,West Ham,2016-17,0.0,0.0,"recency-weighted FPL points, decay 8**(-age/3)"
2525,James,Weir,0.0,0.0,0.0,0.0,0.0,0.0,0.0,1,Weir,MID,Hull,2016-17,0.0,0.0,"recency-weighted FPL points, decay 8**(-age/3)"
2526,Pau,López Sabata,0.0,0.0,0.0,0.0,0.0,0.0,0.0,1,Pau López,GKP,Spurs,2016-17,0.0,0.0,"recency-weighted FPL points, decay 8**(-age/3)"
2527,Jack,Rose,0.0,0.0,0.0,0.0,0.0,0.0,0.0,1,Rose,GKP,West Brom,2016-17,0.0,0.0,"recency-weighted FPL points, decay 8**(-age/3)"
2528,Maksymilian,Stryjek,0.0,0.0,0.0,0.0,0.0,0.0,0.0,1,Stryjek,GKP,Sunderland,2016-17,0.0,0.0,"recency-weighted FPL points, decay 8**(-age/3)"
2529,Ben,Hinchcliffe,0.0,0.0,0.0,0.0,0.0,0.0,0.0,1,Hinchcliffe,FWD,Hull,2016-17,0.0,0.0,"recency-weighted FPL points, decay 8**(-age/3)"
2530,Hiram,Boateng,0.0,0.0,0.0,0.0,0.0,0.0,0.0,1,Boateng,MID,Crystal Palace,2016-17,0.0,0.0,"recency-weighted FPL points, decay 8**(-age/3)"
2531,Thomas,Robson,0.0,0.0,0.0,0.0,0.0,0.0,0.0,1,Thomas Robson,DEF,Sunderland,2016-17,0.0,0.0,"recency-weighted FPL points, decay 8**(-age/3)"
2532,Josh,Robson,0.0,0.0,0.0,0.0,0.0,0.0,0.0,1,Josh Robson,DEF,Sunderland,2016-17,0.0,0.0,"recency-weighted FPL points, decay 8**(-age/3)"
2533,Aiden,O'Neill,0.0,0.0,0.0,0.0,0.0,0.0,0.08,2,O'Neill,MID,Burnley,2017-18,0.0,0.0,"recency-weighted FPL points, decay 8**(-age/3)"
2534,Luke,McGee,0.0,0.0,0.0,0.0,0.0,0.0,0.0,1,McGee,GKP,Spurs,2016-17,0.0,0.0,"recency-weighted FPL points, decay 8**(-age/3)"
2535,Christian,Chigozie,0.0,0.0,0.0,0.0,0.0,0.0,0.0,1,Chigozie,DEF,Luton,2023-24,0.0,0.0,"recency-weighted FPL points, decay 8**(-age/3)"
2536,Leonardo,Campana,0.0,0.0,0.0,0.0,0.0,0.0,0.0,2,Campana,FWD,Wolves,2020-21,0.0,0.0,"recency-weighted FPL points, decay 8**(-age/3)"
2537,Teddy,Jenks,0.0,0.0,0.0,0.0,0.0,0.0,0.0,1,Jenks,MID,Brighton,2020-21,0.0,0.0,"recency-weighted FPL points, decay 8**(-age/3)"
2538,Alex,Robertson,0.0,0.0,0.0,0.0,0.0,0.0,0.0,1,Robertson,MID,Man City,2022-23,0.0,0.0,"recency-weighted FPL points, decay 8**(-age/3)"
2539,Lyle,Taylor,0.0,0.0,0.0,0.0,0.0,0.0,0.0,1,Lyle Taylor,FWD,Nott'm Forest,2022-23,0.0,0.0,"recency-weighted FPL points, decay 8**(-age/3)"
2540,Garang,Kuol,0.0,0.0,0.0,0.0,0.0,0.0,0.0,4,Kuol,MID,Newcastle,2025-26,0.0,0.0,"recency-weighted FPL points, decay 8**(-age/3)"
2541,Marc,Jurado Gomez,0.0,0.0,0.0,0.0,0.0,0.0,0.0,1,Jurado,DEF,Man Utd,2022-23,0.0,0.0,"recency-weighted FPL points, decay 8**(-age/3)"
2542,Rhys,Bennett,0.0,0.0,0.0,0.0,0.0,0.0,0.0,2,Bennett,DEF,Man Utd,2023-24,0.0,0.0,"recency-weighted FPL points, decay 8**(-age/3)"
2543,Matej,Kovár,0.0,0.0,0.0,0.0,0.0,0.0,0.0,1,Kovár,GKP,Man Utd,2022-23,0.0,0.0,"recency-weighted FPL points, decay 8**(-age/3)"
2544,Zidane,Iqbal,0.0,0.0,0.0,0.0,0.0,0.0,0.0,1,Iqbal,MID,Man Utd,2022-23,0.0,0.0,"recency-weighted FPL points, decay 8**(-age/3)"
2545,Alex,Telles,0.0,0.0,0.0,0.0,0.0,0.0,0.0,2,Alex Telles,DEF,Man Utd,2023-24,0.0,0.0,"recency-weighted FPL points, decay 8**(-age/3)"
2546,Ben,Knight,0.0,0.0,0.0,0.0,0.0,0.0,0.0,1,Knight,MID,Man City,2022-23,0.0,0.0,"recency-weighted FPL points, decay 8**(-age/3)"
2547,Mohamed,Dräger,0.0,0.0,0.0,0.0,0.0,0.0,0.0,2,Dräger,DEF,Nott'm Forest,2023-24,0.0,0.0,"recency-weighted FPL points, decay 8**(-age/3)"
2548,Josh,Wilson-Esbrand,0.0,0.0,0.0,0.0,0.0,0.0,0.0,2,Wilson-Esbrand,DEF,Man City,2024-25,0.0,0.0,"recency-weighted FPL points, decay 8**(-age/3)"
2549,Luke,Mbete-Tabu,0.0,0.0,0.0,0.0,0.0,0.0,0.0,1,Mbete,DEF,Man City,2022-23,0.0,0.0,"recency-weighted FPL points, decay 8**(-age/3)"
2550,Arthur Henrique,Ramos de Oliveira Melo,0.0,0.0,0.0,0.0,0.0,0.0,0.0,1,Arthur,MID,Liverpool,2022-23,0.0,0.0,"recency-weighted FPL points, decay 8**(-age/3)"
2551,Harvey,Davies,0.0,0.0,0.0,0.0,0.0,0.0,0.0,2,Davies,GKP,Liverpool,2024-25,0.0,0.0,"recency-weighted FPL points, decay 8**(-age/3)"
2552,Luke,Chambers,0.0,0.0,0.0,0.0,0.0,0.0,0.0,2,Chambers,DEF,Liverpool,2023-24,0.0,0.0,"recency-weighted FPL points, decay 8**(-age/3)"
2553,Calvin,Ramsay,0.0,0.0,0.0,0.0,0.0,0.0,0.0,2,Ramsay,DEF,Liverpool,2025-26,0.0,0.0,"recency-weighted FPL points, decay 8**(-age/3)"
2554,Diogo,Pinheiro Monteiro,0.0,0.0,0.0,0.0,0.0,0.0,0.0,1,Monteiro,DEF,Leeds,2022-23,0.0,0.0,"recency-weighted FPL points, decay 8**(-age/3)"
2555,Brice,Samba,0.0,0.0,0.0,0.0,0.0,0.0,0.0,1,Samba,GKP,Nott'm Forest,2022-23,0.0,0.0,"recency-weighted FPL points, decay 8**(-age/3)"
2556,Jonathan,Panzo,0.0,0.0,0.0,0.0,0.0,0.0,0.0,3,Panzo,DEF,Nott'm Forest,2024-25,0.0,0.0,"recency-weighted FPL points, decay 8**(-age/3)"
2557,Wanya,Marçal-Madivadua,0.0,0.0,0.0,0.0,0.0,0.0,0.0,1,Marçal-Madivadua,MID,Leicester,2022-23,0.0,0.0,"recency-weighted FPL points, decay 8**(-age/3)"
2558,George,Shelvey,0.0,0.0,0.0,0.0,0.0,0.0,0.0,2,G.Shelvey,GKP,Nott'm Forest,2023-24,0.0,0.0,"recency-weighted FPL points, decay 8**(-age/3)"
2559,Jackson,Smith,0.0,0.0,0.0,0.0,0.0,0.0,0.0,1,Smith,GKP,Wolves,2022-23,0.0,0.0,"recency-weighted FPL points, decay 8**(-age/3)"
2560,Matija,Šarkić,0.0,0.0,0.0,0.0,0.0,0.0,0.0,2,Šarkić,GKP,Wolves,2023-24,0.0,0.0,"recency-weighted FPL points, decay 8**(-age/3)"
2561,Krisztián,Hegyi,0.0,0.0,0.0,0.0,0.0,0.0,0.0,2,Hegyi,GKP,West Ham,2025-26,0.0,0.0,"recency-weighted FPL points, decay 8**(-age/3)"
2562,Yago,de Santiago Alonso,0.0,0.0,0.0,0.0,0.0,0.0,0.0,2,Yago Santiago,MID,Spurs,2023-24,0.0,0.0,"recency-weighted FPL points, decay 8**(-age/3)"
2563,Jimmy,Morgan,0.0,0.0,0.0,0.0,0.0,0.0,0.0,1,Morgan,FWD,Southampton,2022-23,0.0,0.0,"recency-weighted FPL points, decay 8**(-age/3)"
2564,Lewis,Payne,0.0,0.0,0.0,0.0,0.0,0.0,0.0,1,Payne,MID,Southampton,2022-23,0.0,0.0,"recency-weighted FPL points, decay 8**(-age/3)"
2565,Mateusz,Lis,0.0,0.0,0.0,0.0,0.0,0.0,0.0,2,Lis,GKP,Southampton,2024-25,0.0,0.0,"recency-weighted FPL points, decay 8**(-age/3)"
2566,Jordan,Smith,0.0,0.0,0.0,0.0,0.0,0.0,0.0,1,Smith,GKP,Nott'm Forest,2022-23,0.0,0.0,"recency-weighted FPL points, decay 8**(-age/3)"
2567,Xande,Nascimento da Costa Silva,0.0,0.0,0.0,0.0,0.0,0.0,0.0,1,Xande Silva,MID,Nott'm Forest,2022-23,0.0,0.0,"recency-weighted FPL points, decay 8**(-age/3)"
2568,Dale,Taylor,0.0,0.0,0.0,0.0,0.0,0.0,0.0,1,Dale Taylor,FWD,Nott'm Forest,2022-23,0.0,0.0,"recency-weighted FPL points, decay 8**(-age/3)"
2569,Loïc,Badé,0.0,0.0,0.0,0.0,0.0,0.0,0.0,1,Badé,DEF,Nott'm Forest,2022-23,0.0,0.0,"recency-weighted FPL points, decay 8**(-age/3)"
2570,Oliver,Hammond,0.0,0.0,0.0,0.0,0.0,0.0,0.0,1,Hammond,MID,Nott'm Forest,2022-23,0.0,0.0,"recency-weighted FPL points, decay 8**(-age/3)"
2571,Omar,Richards,0.0,0.0,0.0,0.0,0.0,0.0,0.0,4,O.Richards,DEF,Nott'm Forest,2025-26,0.0,0.0,"recency-weighted FPL points, decay 8**(-age/3)"
2572,Braian,Ojeda Rodríguez,0.0,0.0,0.0,0.0,0.0,0.0,0.0,2,Ojeda,MID,Nott'm Forest,2023-24,0.0,0.0,"recency-weighted FPL points, decay 8**(-age/3)"
2573,Loïc,Mbe Soh,0.0,0.0,0.0,0.0,0.0,0.0,0.0,2,Mbe Soh,DEF,Nott'm Forest,2023-24,0.0,0.0,"recency-weighted FPL points, decay 8**(-age/3)"
2574,Richie,Laryea,0.0,0.0,0.0,0.0,0.0,0.0,0.0,2,Laryea,DEF,Nott'm Forest,2023-24,0.0,0.0,"recency-weighted FPL points, decay 8**(-age/3)"
2575,Jeremiah,Chilokoa-Mullen,0.0,0.0,0.0,0.0,0.0,0.0,0.0,1,Chilokoa-Mullen,DEF,Leeds,2022-23,0.0,0.0,"recency-weighted FPL points, decay 8**(-age/3)"
2576,Joe,Wormleighton,0.0,0.0,0.0,0.0,0.0,0.0,0.0,1,Wormleighton,DEF,Leicester,2022-23,0.0,0.0,"recency-weighted FPL points, decay 8**(-age/3)"
2577,Kadan,Young,0.0,0.0,0.0,0.0,0.0,0.0,0.0,4,Young,MID,Aston Villa,2025-26,0.0,0.0,"recency-weighted FPL points, decay 8**(-age/3)"
2578,Euan,Pollock,0.0,0.0,0.0,0.0,0.0,0.0,0.0,1,Pollock,FWD,Bournemouth,2022-23,0.0,0.0,"recency-weighted FPL points, decay 8**(-age/3)"
2579,Matt,Clarke,0.0,0.0,0.0,0.0,0.0,0.0,0.0,1,Clarke,DEF,Brighton,2022-23,0.0,0.0,"recency-weighted FPL points, decay 8**(-age/3)"
2580,Kacper,Kozłowski,0.0,0.0,0.0,0.0,0.0,0.0,0.0,3,Kozlowski,MID,Brighton,2024-25,0.0,0.0,"recency-weighted FPL points, decay 8**(-age/3)"
2581,Yegor,Yarmolyuk,0.0,0.0,0.0,0.0,0.0,0.0,0.0,1,Yarmolyuk,MID,Brentford,2022-23,0.0,0.0,"recency-weighted FPL points, decay 8**(-age/3)"
2582,Tristan,Crama,0.0,0.0,0.0,0.0,0.0,0.0,0.0,1,Crama,DEF,Brentford,2022-23,0.0,0.0,"recency-weighted FPL points, decay 8**(-age/3)"
2583,Fin,Stevens,0.0,0.0,0.0,0.0,0.0,0.0,0.0,1,Stevens,DEF,Brentford,2022-23,0.0,0.0,"recency-weighted FPL points, decay 8**(-age/3)"
2584,Max,Kinsey-Wellings,0.0,0.0,0.0,0.0,0.0,0.0,0.0,1,Kinsey-Wellings,DEF,Bournemouth,2022-23,0.0,0.0,"recency-weighted FPL points, decay 8**(-age/3)"
2585,Ben,Greenwood,0.0,0.0,0.0,0.0,0.0,0.0,0.0,2,Greenwood,DEF,Bournemouth,2023-24,0.0,0.0,"recency-weighted FPL points, decay 8**(-age/3)"
2586,Michael,Dacosta Gonzalez,0.0,0.0,0.0,0.0,0.0,0.0,0.0,2,Dacosta Gonzalez,MID,Bournemouth,2023-24,0.0,0.0,"recency-weighted FPL points, decay 8**(-age/3)"
2587,Tom,McGill,0.0,0.0,0.0,0.0,0.0,0.0,0.0,3,McGill,GKP,Brighton,2025-26,0.0,0.0,"recency-weighted FPL points, decay 8**(-age/3)"
2588,Daniel,Adu-Adjei,0.0,0.0,0.0,0.0,0.0,0.0,0.0,3,Adu-Adjei,FWD,Bournemouth,2025-26,0.0,0.0,"recency-weighted FPL points, decay 8**(-age/3)"
2589,Cameron,Plain,0.0,0.0,0.0,0.0,0.0,0.0,0.0,1,Plain,GKP,Bournemouth,2022-23,0.0,0.0,"recency-weighted FPL points, decay 8**(-age/3)"
2590,Will,Dennis,0.0,0.0,0.0,0.0,0.0,0.0,0.0,3,Dennis,GKP,Bournemouth,2025-26,0.0,0.0,"recency-weighted FPL points, decay 8**(-age/3)"
2591,Travis,Patterson,0.0,0.0,0.0,0.0,0.0,0.0,0.0,2,Patterson,DEF,Aston Villa,2025-26,0.0,0.0,"recency-weighted FPL points, decay 8**(-age/3)"
2592,Sebastian,Revan,0.0,0.0,0.0,0.0,0.0,0.0,0.0,1,Revan,DEF,Aston Villa,2022-23,0.0,0.0,"recency-weighted FPL points, decay 8**(-age/3)"
2593,James,Wright,0.0,0.0,0.0,0.0,0.0,0.0,0.0,3,Wright,GKP,Aston Villa,2025-26,0.0,0.0,"recency-weighted FPL points, decay 8**(-age/3)"
2594,Oliwier,Zych,0.0,0.0,0.0,0.0,0.0,0.0,0.0,3,Zych,GKP,Aston Villa,2024-25,0.0,0.0,"recency-weighted FPL points, decay 8**(-age/3)"
2595,James,Furlong,0.0,0.0,0.0,0.0,0.0,0.0,0.0,1,Furlong,DEF,Brighton,2022-23,0.0,0.0,"recency-weighted FPL points, decay 8**(-age/3)"
2596,Imari,Samuels,0.0,0.0,0.0,0.0,0.0,0.0,0.0,2,Samuels,DEF,Brighton,2024-25,0.0,0.0,"recency-weighted FPL points, decay 8**(-age/3)"
2597,Sammy,Braybrooke,0.0,0.0,0.0,0.0,0.0,0.0,0.0,2,Braybrooke,MID,Leicester,2024-25,0.0,0.0,"recency-weighted FPL points, decay 8**(-age/3)"
2598,Paulo,Gazzaniga Farias,0.0,0.0,0.0,0.0,0.0,0.0,0.0,1,Gazzaniga,GKP,Fulham,2022-23,0.0,0.0,"recency-weighted FPL points, decay 8**(-age/3)"
2599,Matthew,Dibley-Dias,0.0,0.0,0.0,0.0,0.0,0.0,0.0,2,Dibley-Dias,MID,Fulham,2023-24,0.0,0.0,"recency-weighted FPL points, decay 8**(-age/3)"
2600,Charlie,Robinson,0.0,0.0,0.0,0.0,0.0,0.0,0.0,1,C.Robinson,DEF,Fulham,2022-23,0.0,0.0,"recency-weighted FPL points, decay 8**(-age/3)"
2601,George,Wickens,0.0,0.0,0.0,0.0,0.0,0.0,0.0,1,Wickens,GKP,Fulham,2022-23,0.0,0.0,"recency-weighted FPL points, decay 8**(-age/3)"
2602,Kristian,Sekularac,0.0,0.0,0.0,0.0,0.0,0.0,0.0,2,Sekularac,MID,Fulham,2023-24,0.0,0.0,"recency-weighted FPL points, decay 8**(-age/3)"
2603,Stefan,Parkes,0.0,0.0,0.0,0.0,0.0,0.0,0.0,1,Parkes,DEF,Fulham,2022-23,0.0,0.0,"recency-weighted FPL points, decay 8**(-age/3)"
2604,Terry,Ablade,0.0,0.0,0.0,0.0,0.0,0.0,0.0,1,Ablade,FWD,Fulham,2022-23,0.0,0.0,"recency-weighted FPL points, decay 8**(-age/3)"
2605,Ivan,Neves Abreu Cavaleiro,0.0,0.0,0.0,0.0,0.0,0.0,0.0,2,I.Cavaleiro,MID,Fulham,2023-24,0.0,0.0,"recency-weighted FPL points, decay 8**(-age/3)"
2606,Sean,McAllister,0.0,0.0,0.0,0.0,0.0,0.0,0.0,1,McAllister,MID,Everton,2022-23,0.0,0.0,"recency-weighted FPL points, decay 8**(-age/3)"
2607,Ethan,Wady,0.0,0.0,0.0,0.0,0.0,0.0,0.0,1,Wady,GKP,Chelsea,2022-23,0.0,0.0,"recency-weighted FPL points, decay 8**(-age/3)"
2608,Ishé,Samuels-Smith,0.0,0.0,0.0,0.0,0.0,0.0,0.0,3,Samuels-Smith,DEF,Chelsea,2024-25,0.0,0.0,"recency-weighted FPL points, decay 8**(-age/3)"
2609,Stanley,Mills,0.0,0.0,0.0,0.0,0.0,0.0,0.0,1,Mills,MID,Everton,2022-23,0.0,0.0,"recency-weighted FPL points, decay 8**(-age/3)"
2610,Jack,Wells-Morrison,0.0,0.0,0.0,0.0,0.0,0.0,0.0,1,Wells-Morrison,MID,Crystal Palace,2022-23,0.0,0.0,"recency-weighted FPL points, decay 8**(-age/3)"
2611,Owen,Goodman,0.0,0.0,0.0,0.0,0.0,0.0,0.0,1,Goodman,GKP,Crystal Palace,2022-23,0.0,0.0,"recency-weighted FPL points, decay 8**(-age/3)"
2612,Kofi,Balmer,0.0,0.0,0.0,0.0,0.0,0.0,0.0,1,Balmer,DEF,Crystal Palace,2022-23,0.0,0.0,"recency-weighted FPL points, decay 8**(-age/3)"
2613,Killian,Phillips,0.0,0.0,0.0,0.0,0.0,0.0,0.0,1,Phillips,MID,Crystal Palace,2022-23,0.0,0.0,"recency-weighted FPL points, decay 8**(-age/3)"
2614,Luke,Plange,0.0,0.0,0.0,0.0,0.0,0.0,0.0,2,Plange,FWD,Crystal Palace,2023-24,0.0,0.0,"recency-weighted FPL points, decay 8**(-age/3)"
2615,Harvey,Griffiths,0.0,0.0,0.0,0.0,0.0,0.0,0.0,2,Griffiths,MID,Wolves,2023-24,0.0,0.0,"recency-weighted FPL points, decay 8**(-age/3)"
2616,Charles,Sagoe,0.0,0.0,0.0,0.0,0.0,0.0,0.0,1,Sagoe,MID,Arsenal,2023-24,0.0,0.0,"recency-weighted FPL points, decay 8**(-age/3)"
2617,Bradley,Ibrahim,0.0,0.0,0.0,0.0,0.0,0.0,0.0,1,Ibrahim,MID,Arsenal,2023-24,0.0,0.0,"recency-weighted FPL points, decay 8**(-age/3)"
2618,Mackenzie,Hunt,0.0,0.0,0.0,0.0,0.0,0.0,0.0,1,Hunt,MID,Everton,2023-24,0.0,0.0,"recency-weighted FPL points, decay 8**(-age/3)"
2619,Callum,Scanlon,0.0,0.0,0.0,0.0,0.0,0.0,0.0,1,Scanlon,DEF,Liverpool,2023-24,0.0,0.0,"recency-weighted FPL points, decay 8**(-age/3)"
2620,Devan,Tanton,0.0,0.0,0.0,0.0,0.0,0.0,0.0,1,Tanton,DEF,Fulham,2023-24,0.0,0.0,"recency-weighted FPL points, decay 8**(-age/3)"
2621,Steven,Benda,0.0,0.0,0.0,0.0,0.0,0.0,0.0,3,Benda,GKP,Fulham,2025-26,0.0,0.0,"recency-weighted FPL points, decay 8**(-age/3)"
2622,Luc,De Fougerolles,0.0,0.0,0.0,0.0,0.0,0.0,0.0,1,De Fougerolles,DEF,Fulham,2023-24,0.0,0.0,"recency-weighted FPL points, decay 8**(-age/3)"
2623,Billy,Crellin,0.0,0.0,0.0,0.0,0.0,0.0,0.0,1,Crellin,GKP,Everton,2023-24,0.0,0.0,"recency-weighted FPL points, decay 8**(-age/3)"
2624,Elijah,Campbell,0.0,0.0,0.0,0.0,0.0,0.0,0.0,2,Campbell,DEF,Everton,2025-26,0.0,0.0,"recency-weighted FPL points, decay 8**(-age/3)"
2625,Jenson,Metcalfe,0.0,0.0,0.0,0.0,0.0,0.0,0.0,3,Metcalfe,MID,Everton,2025-26,0.0,0.0,"recency-weighted FPL points, decay 8**(-age/3)"
2626,João,Neves Virgínia,0.0,0.0,0.0,0.0,0.0,0.0,0.0,2,J.Virginia,GKP,Everton,2024-25,0.0,0.0,"recency-weighted FPL points, decay 8**(-age/3)"
2627,Lewis,Koumas,0.0,0.0,0.0,0.0,0.0,0.0,0.0,1,Koumas,FWD,Liverpool,2023-24,0.0,0.0,"recency-weighted FPL points, decay 8**(-age/3)"
2628,Roshaun,Mathurin,0.0,0.0,0.0,0.0,0.0,0.0,0.0,1,Mathurin,MID,Crystal Palace,2023-24,0.0,0.0,"recency-weighted FPL points, decay 8**(-age/3)"
2629,Franco,Umeh-Chibueze,0.0,0.0,0.0,0.0,0.0,0.0,0.0,3,Umeh,MID,Crystal Palace,2025-26,0.0,0.0,"recency-weighted FPL points, decay 8**(-age/3)"
2630,Jadan,Raymond,0.0,0.0,0.0,0.0,0.0,0.0,0.0,1,Raymond,MID,Crystal Palace,2023-24,0.0,0.0,"recency-weighted FPL points, decay 8**(-age/3)"
2631,Ademola,Ola-Adebomi,0.0,0.0,0.0,0.0,0.0,0.0,0.0,1,Ola-Adebomi,FWD,Crystal Palace,2023-24,0.0,0.0,"recency-weighted FPL points, decay 8**(-age/3)"
2632,Joe,Whitworth,0.0,0.0,0.0,0.0,0.0,0.0,0.0,1,Whitworth,GKP,Crystal Palace,2023-24,0.0,0.0,"recency-weighted FPL points, decay 8**(-age/3)"
2633,Zak,Sturge,0.0,0.0,0.0,0.0,0.0,0.0,0.0,1,Sturge,DEF,Chelsea,2023-24,0.0,0.0,"recency-weighted FPL points, decay 8**(-age/3)"
2634,Ted,Curd,0.0,0.0,0.0,0.0,0.0,0.0,0.0,1,Curd,GKP,Chelsea,2023-24,0.0,0.0,"recency-weighted FPL points, decay 8**(-age/3)"
2635,Treymaurice,Nyoni,0.0,0.0,0.0,0.0,0.0,0.0,0.0,2,Nyoni,MID,Liverpool,2024-25,0.0,0.0,"recency-weighted FPL points, decay 8**(-age/3)"
2636,Fabian,Mrozek,0.0,0.0,0.0,0.0,0.0,0.0,0.0,1,Mrozek,GKP,Liverpool,2023-24,0.0,0.0,"recency-weighted FPL points, decay 8**(-age/3)"
2637,James,Sweet,0.0,0.0,0.0,0.0,0.0,0.0,0.0,1,Sweet,DEF,Arsenal,2023-24,0.0,0.0,"recency-weighted FPL points, decay 8**(-age/3)"
2638,Elliot,Thorpe,0.0,0.0,0.0,0.0,0.0,0.0,0.0,1,Thorpe,MID,Luton,2023-24,0.0,0.0,"recency-weighted FPL points, decay 8**(-age/3)"
2639,Dominic,Dos Santos Martins,0.0,0.0,0.0,0.0,0.0,0.0,0.0,1,Martins,MID,Luton,2023-24,0.0,0.0,"recency-weighted FPL points, decay 8**(-age/3)"
2640,Axel,Piesold,0.0,0.0,0.0,0.0,0.0,0.0,0.0,1,Piesold,MID,Luton,2023-24,0.0,0.0,"recency-weighted FPL points, decay 8**(-age/3)"
2641,Jayden,Luker,0.0,0.0,0.0,0.0,0.0,0.0,0.0,1,Luker,MID,Luton,2023-24,0.0,0.0,"recency-weighted FPL points, decay 8**(-age/3)"
2642,Joseph,Johnson,0.0,0.0,0.0,0.0,0.0,0.0,9.38,1,Johnson,DEF,Luton,2023-24,0.0,0.0,"recency-weighted FPL points, decay 8**(-age/3)"
2643,Aidan,Francis-Clarke,0.0,0.0,0.0,0.0,0.0,0.0,0.0,1,Francis-Clarke,DEF,Luton,2023-24,0.0,0.0,"recency-weighted FPL points, decay 8**(-age/3)"
2644,Louie,Watson,0.0,0.0,0.0,0.0,0.0,0.0,0.0,1,Watson,MID,Luton,2023-24,0.0,0.0,"recency-weighted FPL points, decay 8**(-age/3)"
2645,Jack,Walton,0.0,0.0,0.0,0.0,0.0,0.0,0.0,1,Walton,GKP,Luton,2023-24,0.0,0.0,"recency-weighted FPL points, decay 8**(-age/3)"
2646,Joe,Taylor,0.0,0.0,0.0,0.0,0.0,0.0,0.0,1,Taylor,FWD,Luton,2023-24,0.0,0.0,"recency-weighted FPL points, decay 8**(-age/3)"
2647,Amara,Nallo,0.0,0.0,0.0,0.0,0.0,0.0,0.0,3,Nallo,DEF,Liverpool,2025-26,0.0,0.0,"recency-weighted FPL points, decay 8**(-age/3)"
2648,Glen,Rea,0.0,0.0,0.0,0.0,0.0,0.0,0.0,1,Rea,MID,Luton,2023-24,0.0,0.0,"recency-weighted FPL points, decay 8**(-age/3)"
2649,Dan,Potts,0.0,0.0,0.0,0.0,0.0,0.0,0.0,1,Potts,DEF,Luton,2023-24,0.0,0.0,"recency-weighted FPL points, decay 8**(-age/3)"
2650,Aribim,Pepple,0.0,0.0,0.0,0.0,0.0,0.0,0.0,1,Pepple,FWD,Luton,2023-24,0.0,0.0,"recency-weighted FPL points, decay 8**(-age/3)"
2651,Admiral,Muskwe,0.0,0.0,0.0,0.0,0.0,0.0,0.0,1,Muskwe,FWD,Luton,2023-24,0.0,0.0,"recency-weighted FPL points, decay 8**(-age/3)"
2652,Carlos,Mendes Gomes,0.0,0.0,0.0,0.0,0.0,0.0,0.0,1,Mendes,MID,Luton,2023-24,0.0,0.0,"recency-weighted FPL points, decay 8**(-age/3)"
2653,John,McAtee,0.0,0.0,0.0,0.0,0.0,0.0,0.0,1,McAtee,FWD,Luton,2023-24,0.0,0.0,"recency-weighted FPL points, decay 8**(-age/3)"
2654,Allan,Campbell,0.0,0.0,0.0,0.0,0.0,0.0,0.0,1,Campbell,MID,Luton,2023-24,0.0,0.0,"recency-weighted FPL points, decay 8**(-age/3)"
2655,Kiano,Dyer,0.0,0.0,0.0,0.0,0.0,0.0,0.0,1,Dyer,MID,Chelsea,2023-24,0.0,0.0,"recency-weighted FPL points, decay 8**(-age/3)"
2656,Teddy,Sharman-Lowe,0.0,0.0,0.0,0.0,0.0,0.0,0.0,2,Sharman-Lowe,GKP,Chelsea,2025-26,0.0,0.0,"recency-weighted FPL points, decay 8**(-age/3)"
2657,Ollie,Harrison,0.0,0.0,0.0,0.0,0.0,0.0,0.0,1,Harrison,MID,Chelsea,2023-24,0.0,0.0,"recency-weighted FPL points, decay 8**(-age/3)"
2658,Valintino,Adedokun,0.0,0.0,0.0,0.0,0.0,0.0,0.0,1,Adedokun,DEF,Brentford,2023-24,0.0,0.0,"recency-weighted FPL points, decay 8**(-age/3)"
2659,Leigh,Kavanagh,0.0,0.0,0.0,0.0,0.0,0.0,0.0,1,Kavanagh,DEF,Brighton,2023-24,0.0,0.0,"recency-weighted FPL points, decay 8**(-age/3)"
2660,Joshua,Duffus,0.0,0.0,0.0,0.0,0.0,0.0,0.0,1,Duffus,MID,Brighton,2023-24,0.0,0.0,"recency-weighted FPL points, decay 8**(-age/3)"
2661,Ben,Jackson,0.0,0.0,0.0,0.0,0.0,0.0,0.0,1,Jackson,DEF,Brighton,2023-24,0.0,0.0,"recency-weighted FPL points, decay 8**(-age/3)"
2662,Michał,Karbownik,0.0,0.0,0.0,0.0,0.0,0.0,0.0,1,Karbownik,DEF,Brighton,2023-24,0.0,0.0,"recency-weighted FPL points, decay 8**(-age/3)"
2663,Yunus,Konak,0.0,0.0,0.0,0.0,0.0,0.0,0.0,1,Konak,MID,Brentford,2023-24,0.0,0.0,"recency-weighted FPL points, decay 8**(-age/3)"
2664,Benjamin,Arthur,0.0,0.0,0.0,0.0,0.0,0.0,0.0,3,Arthur,DEF,Brentford,2025-26,0.0,0.0,"recency-weighted FPL points, decay 8**(-age/3)"
2665,Benjamin,Fredrick,0.0,0.0,0.0,0.0,0.0,0.0,0.0,3,Fredrick,DEF,Brentford,2025-26,0.0,0.0,"recency-weighted FPL points, decay 8**(-age/3)"
2666,Ji-Soo,Kim,0.0,0.0,0.0,0.0,0.0,0.0,0.0,1,Kim Ji-Soo,DEF,Brentford,2023-24,0.0,0.0,"recency-weighted FPL points, decay 8**(-age/3)"
2667,Leo,Castledine,0.0,0.0,0.0,0.0,0.0,0.0,0.0,1,Castledine,MID,Chelsea,2023-24,0.0,0.0,"recency-weighted FPL points, decay 8**(-age/3)"
2668,Ethan,Brierley,0.0,0.0,0.0,0.0,0.0,0.0,0.0,2,Brierley,MID,Brentford,2024-25,0.0,0.0,"recency-weighted FPL points, decay 8**(-age/3)"
2669,Callan,McKenna,0.0,0.0,0.0,0.0,0.0,0.0,0.0,3,McKenna,GKP,Bournemouth,2025-26,0.0,0.0,"recency-weighted FPL points, decay 8**(-age/3)"
2670,Max,Kinsey,0.0,0.0,0.0,0.0,0.0,0.0,0.0,2,Kinsey,DEF,Bournemouth,2024-25,0.0,0.0,"recency-weighted FPL points, decay 8**(-age/3)"
2671,Lander,Emery,0.0,0.0,0.0,0.0,0.0,0.0,0.0,1,Emery,GKP,Aston Villa,2023-24,0.0,0.0,"recency-weighted FPL points, decay 8**(-age/3)"
2672,Joe,Gauci,0.0,0.0,0.0,0.0,0.0,0.0,0.0,3,Gauci,GKP,Aston Villa,2025-26,0.0,0.0,"recency-weighted FPL points, decay 8**(-age/3)"
2673,Sam,Proctor,0.0,0.0,0.0,0.0,0.0,0.0,0.0,2,Proctor,GKP,Aston Villa,2025-26,0.0,0.0,"recency-weighted FPL points, decay 8**(-age/3)"
2674,Wesley,Moraes Ferreira da Silva,0.0,0.0,0.0,0.0,0.0,0.0,0.0,1,Wesley,FWD,Aston Villa,2023-24,0.0,0.0,"recency-weighted FPL points, decay 8**(-age/3)"
2675,Luca,Barrington,0.0,0.0,0.0,0.0,0.0,0.0,0.0,1,Barrington,MID,Brighton,2023-24,0.0,0.0,"recency-weighted FPL points, decay 8**(-age/3)"
2676,Samy,Chouchane,0.0,0.0,0.0,0.0,0.0,0.0,0.0,1,Chouchane,MID,Brighton,2023-24,0.0,0.0,"recency-weighted FPL points, decay 8**(-age/3)"
2677,Noël,Atom,0.0,0.0,0.0,0.0,0.0,0.0,0.0,1,Atom,DEF,Brighton,2023-24,0.0,0.0,"recency-weighted FPL points, decay 8**(-age/3)"
2678,Enock,Agyei,0.0,0.0,0.0,0.0,0.0,0.0,0.0,2,Boateng,MID,Burnley,2025-26,0.0,0.0,"recency-weighted FPL points, decay 8**(-age/3)"
2679,Josh,Brooking,0.0,0.0,0.0,0.0,0.0,0.0,0.0,1,Brooking,DEF,Chelsea,2023-24,0.0,0.0,"recency-weighted FPL points, decay 8**(-age/3)"
2680,Ronnie,Stutter,0.0,0.0,0.0,0.0,0.0,0.0,0.0,1,Stutter,FWD,Chelsea,2023-24,0.0,0.0,"recency-weighted FPL points, decay 8**(-age/3)"
2681,Diego Manuel Jadon,da Silva Moreira,0.0,0.0,0.0,0.0,0.0,0.0,0.0,1,Diego Moreira,MID,Chelsea,2023-24,0.0,0.0,"recency-weighted FPL points, decay 8**(-age/3)"
2682,Eddie,Beach,0.0,0.0,0.0,0.0,0.0,0.0,0.0,1,Beach,GKP,Chelsea,2023-24,0.0,0.0,"recency-weighted FPL points, decay 8**(-age/3)"
2683,Lucas,Bergström,0.0,0.0,0.0,0.0,0.0,0.0,0.0,2,Bergström,GKP,Chelsea,2024-25,0.0,0.0,"recency-weighted FPL points, decay 8**(-age/3)"
2684,Ângelo Gabriel,Borges Damaceno,0.0,0.0,0.0,0.0,0.0,0.0,0.0,2,Ângelo,MID,Chelsea,2024-25,0.0,0.0,"recency-weighted FPL points, decay 8**(-age/3)"
2685,Gabriel,Słonina,0.0,0.0,0.0,0.0,0.0,0.0,0.0,2,Slonina,GKP,Chelsea,2025-26,0.0,0.0,"recency-weighted FPL points, decay 8**(-age/3)"
2686,Romelu,Lukaku Bolingoli,0.0,0.0,0.0,0.0,0.0,0.0,0.0,2,Lukaku,FWD,Chelsea,2024-25,0.0,0.0,"recency-weighted FPL points, decay 8**(-age/3)"
2687,Lawrence,Vigouroux,0.0,0.0,0.0,0.0,0.0,0.0,0.0,1,Vigouroux,GKP,Burnley,2023-24,0.0,0.0,"recency-weighted FPL points, decay 8**(-age/3)"
2688,Scott,Twine,0.0,0.0,0.0,0.0,0.0,0.0,0.0,1,Twine,MID,Burnley,2023-24,0.0,0.0,"recency-weighted FPL points, decay 8**(-age/3)"
2689,Luke,McNally,0.0,0.0,0.0,0.0,0.0,0.0,0.0,1,McNally,DEF,Burnley,2023-24,0.0,0.0,"recency-weighted FPL points, decay 8**(-age/3)"
2690,Denis,Franchi,0.0,0.0,0.0,0.0,0.0,0.0,0.0,1,Franchi,GKP,Burnley,2023-24,0.0,0.0,"recency-weighted FPL points, decay 8**(-age/3)"
2691,CJ,Egan-Riley,0.0,0.0,0.0,0.0,0.0,0.0,0.0,1,Egan-Riley,DEF,Burnley,2023-24,0.0,0.0,"recency-weighted FPL points, decay 8**(-age/3)"
2692,Darko,Churlinov,0.0,0.0,0.0,0.0,0.0,0.0,0.0,2,Churlinov,MID,Burnley,2025-26,0.0,0.0,"recency-weighted FPL points, decay 8**(-age/3)"
2693,Samuel,Bastien,0.0,0.0,0.0,0.0,0.0,0.0,0.0,1,Bastien,MID,Burnley,2023-24,0.0,0.0,"recency-weighted FPL points, decay 8**(-age/3)"
2694,Sil,Swinkels,0.0,0.0,0.0,0.0,0.0,0.0,0.0,2,Swinkels,DEF,Aston Villa,2024-25,0.0,0.0,"recency-weighted FPL points, decay 8**(-age/3)"
2695,Kaine,Kesler Hayden,0.0,0.0,0.0,0.0,0.0,0.0,0.0,1,Kesler Hayden,DEF,Aston Villa,2022-23,0.0,0.0,"recency-weighted FPL points, decay 8**(-age/3)"
2696,Jensen,Weir,0.0,0.0,0.0,0.0,0.0,0.0,0.0,1,Weir,MID,Brighton,2020-21,0.0,0.0,"recency-weighted FPL points, decay 8**(-age/3)"
2697,Alfie,Devine,0.0,0.0,0.0,0.0,0.0,0.0,0.0,4,Devine,MID,Spurs,2024-25,0.0,0.0,"recency-weighted FPL points, decay 8**(-age/3)"
2698,Frederik,Alves,0.0,0.0,0.0,0.0,0.0,0.0,0.0,2,Alves,DEF,West Ham,2021-22,0.0,0.0,"recency-weighted FPL points, decay 8**(-age/3)"
2699,Toby,King,0.0,0.0,0.0,0.0,0.0,0.0,0.0,1,King,MID,West Brom,2020-21,0.0,0.0,"recency-weighted FPL points, decay 8**(-age/3)"
2700,Taylor,Gardner-Hickman,0.0,0.0,0.0,0.0,0.0,0.0,0.0,1,Gardner-Hickman,MID,West Brom,2020-21,0.0,0.0,"recency-weighted FPL points, decay 8**(-age/3)"
2701,Caleb,Taylor,0.0,0.0,0.0,0.0,0.0,0.0,0.0,1,Taylor,DEF,West Brom,2020-21,0.0,0.0,"recency-weighted FPL points, decay 8**(-age/3)"
2702,Cheikh,Diaby,0.0,0.0,0.0,0.0,0.0,0.0,0.0,1,Diaby,FWD,West Brom,2020-21,0.0,0.0,"recency-weighted FPL points, decay 8**(-age/3)"
2703,Cedric,Kipre,0.0,0.0,0.0,0.0,0.0,0.0,0.0,1,Kipre,DEF,West Brom,2020-21,0.0,0.0,"recency-weighted FPL points, decay 8**(-age/3)"
2704,Nile,John,0.0,0.0,0.0,0.0,0.0,0.0,0.0,1,John,MID,Spurs,2020-21,0.0,0.0,"recency-weighted FPL points, decay 8**(-age/3)"
2705,Ryan,Finnigan,0.0,0.0,0.0,0.0,0.0,0.0,0.0,2,Finnigan,MID,Southampton,2022-23,0.0,0.0,"recency-weighted FPL points, decay 8**(-age/3)"
2706,Mark,Gillespie,0.0,0.0,0.0,0.0,0.0,0.0,0.0,5,Gillespie,GKP,Newcastle,2025-26,0.0,0.0,"recency-weighted FPL points, decay 8**(-age/3)"
2707,Allan,Tchaptchet,0.0,0.0,0.0,0.0,0.0,0.0,0.19,1,Tchaptchet,DEF,Southampton,2020-21,0.0,0.0,"recency-weighted FPL points, decay 8**(-age/3)"
2708,Kgaogelo,Chauke,0.0,0.0,0.0,0.0,0.0,0.0,0.0,2,Chauke,MID,Southampton,2021-22,0.0,0.0,"recency-weighted FPL points, decay 8**(-age/3)"
2709,Josh,Sims,0.0,0.0,0.0,0.0,0.0,0.0,0.0,1,Sims,MID,Southampton,2020-21,0.0,0.0,"recency-weighted FPL points, decay 8**(-age/3)"
2710,Harry,Boyes,0.0,0.0,0.0,0.0,0.0,0.0,0.0,1,Boyes,DEF,Sheffield Utd,2020-21,0.0,0.0,"recency-weighted FPL points, decay 8**(-age/3)"
2711,Frankie,Maguire,0.0,0.0,0.0,0.0,0.0,0.0,0.0,1,Maguire,MID,Sheffield Utd,2020-21,0.0,0.0,"recency-weighted FPL points, decay 8**(-age/3)"
2712,Zak,Brunt,0.0,0.0,0.0,0.0,0.0,0.0,0.0,1,Brunt,MID,Sheffield Utd,2020-21,0.0,0.0,"recency-weighted FPL points, decay 8**(-age/3)"
2713,Kyron,Gordon,0.0,0.0,0.0,0.0,0.0,0.0,0.0,1,Gordon,DEF,Sheffield Utd,2020-21,0.0,0.0,"recency-weighted FPL points, decay 8**(-age/3)"
2714,Ademipo,Odubeko,0.0,0.0,0.0,0.0,0.0,0.0,0.0,1,Odubeko,FWD,West Ham,2020-21,0.0,0.0,"recency-weighted FPL points, decay 8**(-age/3)"
2715,Jamal,Baptiste,0.0,0.0,0.0,0.0,0.0,0.0,0.0,2,Baptiste,DEF,West Ham,2021-22,0.0,0.0,"recency-weighted FPL points, decay 8**(-age/3)"
2716,Léo,Bonatini,0.0,0.0,0.0,0.0,0.0,0.0,0.0,1,Bonatini,FWD,Wolves,2020-21,0.0,0.0,"recency-weighted FPL points, decay 8**(-age/3)"
2717,Matija,Sarkic,0.0,0.0,0.0,0.0,0.0,0.0,0.0,1,Sarkic,GKP,Wolves,2020-21,0.0,0.0,"recency-weighted FPL points, decay 8**(-age/3)"
2718,Zak,Swanson,0.0,0.0,0.0,0.0,0.0,0.0,0.0,1,Swanson,DEF,Arsenal,2021-22,0.0,0.0,"recency-weighted FPL points, decay 8**(-age/3)"
2719,Zach,Awe,0.0,0.0,0.0,0.0,0.0,0.0,0.0,1,Awe,DEF,Arsenal,2021-22,0.0,0.0,"recency-weighted FPL points, decay 8**(-age/3)"
2720,Ryan,Alebiosu,0.0,0.0,0.0,0.0,0.0,0.0,0.0,1,Alebiosu,DEF,Arsenal,2021-22,0.0,0.0,"recency-weighted FPL points, decay 8**(-age/3)"
2721,Mika,Biereth,0.0,0.0,0.0,0.0,0.0,0.0,0.0,1,Biereth,FWD,Arsenal,2021-22,0.0,0.0,"recency-weighted FPL points, decay 8**(-age/3)"
2722,Salah-Eddine,Oulad M'hand,0.0,0.0,0.0,0.0,0.0,0.0,0.0,2,Oulad M'hand,MID,Arsenal,2024-25,0.0,0.0,"recency-weighted FPL points, decay 8**(-age/3)"
2723,Charlie,Patino,0.0,0.0,0.0,0.0,0.0,0.0,0.0,1,Patino,MID,Arsenal,2021-22,0.0,0.0,"recency-weighted FPL points, decay 8**(-age/3)"
2724,Arthur,Okonkwo,0.0,0.0,0.0,0.0,0.0,0.0,0.0,1,Okonkwo,GKP,Arsenal,2021-22,0.0,0.0,"recency-weighted FPL points, decay 8**(-age/3)"
2725,Karl,Hein,0.0,0.0,0.0,0.0,0.0,0.0,0.0,5,Hein,GKP,Arsenal,2025-26,0.0,0.0,"recency-weighted FPL points, decay 8**(-age/3)"
2726,Mattéo,Guendouzi,0.0,0.0,0.0,0.0,0.0,0.0,0.0,1,Guendouzi,MID,Arsenal,2021-22,0.0,0.0,"recency-weighted FPL points, decay 8**(-age/3)"
2727,Hugo,Bueno,0.0,0.0,0.0,0.0,0.0,0.0,0.0,2,Bueno,DEF,Wolves,2021-22,0.0,0.0,"recency-weighted FPL points, decay 8**(-age/3)"
2728,Nigel,Lonwijk,0.0,0.0,0.0,0.0,0.0,0.0,0.0,1,Lonwijk,DEF,Wolves,2020-21,0.0,0.0,"recency-weighted FPL points, decay 8**(-age/3)"
2729,Andreas,Söndergaard,0.0,0.0,0.0,0.0,0.0,0.0,0.0,2,Söndergaard,GKP,Wolves,2021-22,0.0,0.0,"recency-weighted FPL points, decay 8**(-age/3)"
2730,Christian,Marques,0.0,0.0,0.0,0.0,0.0,0.0,0.0,2,Marques,DEF,Wolves,2021-22,0.0,0.0,"recency-weighted FPL points, decay 8**(-age/3)"
2731,Lewis,Richards,0.0,0.0,0.0,0.0,0.0,0.0,0.0,1,Richards,DEF,Wolves,2020-21,0.0,0.0,"recency-weighted FPL points, decay 8**(-age/3)"
2732,Meritan,Shabani,0.0,0.0,0.0,0.0,0.0,0.0,0.0,1,Shabani,MID,Wolves,2020-21,0.0,0.0,"recency-weighted FPL points, decay 8**(-age/3)"
2733,Daniel,Langley,0.0,0.0,0.0,0.0,0.0,0.0,0.0,1,Langley,GKP,Newcastle,2020-21,0.0,0.0,"recency-weighted FPL points, decay 8**(-age/3)"
2734,Nathan,Bishop,0.0,0.0,0.0,0.0,0.0,0.0,0.0,2,Bishop,GKP,Man Utd,2022-23,0.0,0.0,"recency-weighted FPL points, decay 8**(-age/3)"
2735,Marcelo,Flores,0.0,0.0,0.0,0.0,0.0,0.0,0.0,1,Flores,MID,Arsenal,2021-22,0.0,0.0,"recency-weighted FPL points, decay 8**(-age/3)"
2736,Kyle,John,0.0,0.0,0.0,0.0,0.0,0.0,0.0,2,John,DEF,Everton,2022-23,0.0,0.0,"recency-weighted FPL points, decay 8**(-age/3)"
2737,Adrien,Silva,0.0,0.0,0.0,0.0,0.0,0.0,0.0,1,Silva,MID,Leicester,2020-21,0.0,0.0,"recency-weighted FPL points, decay 8**(-age/3)"
2738,Sylvester,Jasper,0.0,0.0,0.0,0.0,0.0,0.0,0.0,1,Jasper,MID,Fulham,2020-21,0.0,0.0,"recency-weighted FPL points, decay 8**(-age/3)"
2739,Jean Michaël,Seri,0.0,0.0,0.0,0.0,0.0,0.0,0.0,1,Seri,MID,Fulham,2020-21,0.0,0.0,"recency-weighted FPL points, decay 8**(-age/3)"
2740,Michael,Hector,0.0,0.0,0.0,0.0,0.0,0.0,4.09,1,Hector,DEF,Fulham,2020-21,0.0,0.0,"recency-weighted FPL points, decay 8**(-age/3)"
2741,Reece,Welch,0.0,0.0,0.0,0.0,0.0,0.0,0.0,5,Welch,DEF,Everton,2025-26,0.0,0.0,"recency-weighted FPL points, decay 8**(-age/3)"
2742,Harry,Tyrer,0.0,0.0,0.0,0.0,0.0,0.0,0.0,3,Tyrer,GKP,Everton,2025-26,0.0,0.0,"recency-weighted FPL points, decay 8**(-age/3)"
2743,Ryan,Astley,0.0,0.0,0.0,0.0,0.0,0.0,0.0,1,Astley,DEF,Everton,2020-21,0.0,0.0,"recency-weighted FPL points, decay 8**(-age/3)"
2744,Reece,Hannam,0.0,0.0,0.0,0.0,0.0,0.0,0.0,2,Hannam,DEF,Crystal Palace,2021-22,0.0,0.0,"recency-weighted FPL points, decay 8**(-age/3)"
2745,Facundo,Pellistri,0.0,0.0,0.0,0.0,0.0,0.0,0.0,1,Pellistri,MID,Man Utd,2020-21,0.0,0.0,"recency-weighted FPL points, decay 8**(-age/3)"
2746,Ryan,Inniss,0.0,0.0,0.0,0.0,0.0,0.0,0.0,1,Inniss,DEF,Crystal Palace,2020-21,0.0,0.0,"recency-weighted FPL points, decay 8**(-age/3)"
2747,Valentino,Livramento,0.0,0.0,0.0,0.0,0.0,0.0,0.0,1,Livramento,DEF,Chelsea,2020-21,0.0,0.0,"recency-weighted FPL points, decay 8**(-age/3)"
2748,Karlo,Ziger,0.0,0.0,0.0,0.0,0.0,0.0,0.0,1,Ziger,GKP,Chelsea,2020-21,0.0,0.0,"recency-weighted FPL points, decay 8**(-age/3)"
2749,Richard,Nartey,0.0,0.0,0.0,0.0,0.0,0.0,0.0,1,Nartey,DEF,Burnley,2020-21,0.0,0.0,"recency-weighted FPL points, decay 8**(-age/3)"
2750,Anthony,Mancini,0.0,0.0,0.0,0.0,0.0,0.0,0.0,2,Mancini,MID,Burnley,2021-22,0.0,0.0,"recency-weighted FPL points, decay 8**(-age/3)"
2751,Michal,Karbownik,0.0,0.0,0.0,0.0,0.0,0.0,0.0,2,Karbownik,DEF,Brighton,2021-22,0.0,0.0,"recency-weighted FPL points, decay 8**(-age/3)"
2752,Thomas,McGill,0.0,0.0,0.0,0.0,0.0,0.0,0.0,2,McGill,GKP,Brighton,2021-22,0.0,0.0,"recency-weighted FPL points, decay 8**(-age/3)"
2753,Vontae,Daley-Campbell,0.0,0.0,0.0,0.0,0.0,0.0,0.0,2,Daley-Campbell,DEF,Leicester,2021-22,0.0,0.0,"recency-weighted FPL points, decay 8**(-age/3)"
2754,Shane,Flynn,0.0,0.0,0.0,0.0,0.0,0.0,0.0,1,Flynn,MID,Leicester,2020-21,0.0,0.0,"recency-weighted FPL points, decay 8**(-age/3)"
2755,Thanawat,Suengchitthawon,0.0,0.0,0.0,0.0,0.0,0.0,0.0,1,Suengchitthawon,MID,Leicester,2020-21,0.0,0.0,"recency-weighted FPL points, decay 8**(-age/3)"
2756,Tawanda,Maswanhise,0.0,0.0,0.0,0.0,0.0,0.0,0.0,1,Maswanhise,MID,Leicester,2020-21,0.0,0.0,"recency-weighted FPL points, decay 8**(-age/3)"
2757,Claudio,Gomes,0.0,0.0,0.0,0.0,0.0,0.0,0.0,2,Gomes,MID,Man City,2022-23,0.0,0.0,"recency-weighted FPL points, decay 8**(-age/3)"
2758,Luke,Mbete,0.0,0.0,0.0,0.0,0.0,0.0,0.0,2,Mbete,DEF,Man City,2021-22,0.0,0.0,"recency-weighted FPL points, decay 8**(-age/3)"
2759,Felix,Nmecha,0.0,0.0,0.0,0.0,0.0,0.0,0.0,1,Nmecha,MID,Man City,2020-21,0.0,0.0,"recency-weighted FPL points, decay 8**(-age/3)"
2760,Adrián,Bernabé,0.0,0.0,0.0,0.0,0.0,0.0,0.0,1,Bernabé,MID,Man City,2020-21,0.0,0.0,"recency-weighted FPL points, decay 8**(-age/3)"
2761,Billy,Koumetio,0.0,0.0,0.0,0.0,0.0,0.0,0.0,1,Koumetio,DEF,Liverpool,2020-21,0.0,0.0,"recency-weighted FPL points, decay 8**(-age/3)"
2762,Liam,Hughes,0.0,0.0,0.0,0.0,0.0,0.0,0.0,1,Hughes,GKP,Liverpool,2020-21,0.0,0.0,"recency-weighted FPL points, decay 8**(-age/3)"
2763,Jake,Cain,0.0,0.0,0.0,0.0,0.0,0.0,0.0,1,Cain,MID,Liverpool,2020-21,0.0,0.0,"recency-weighted FPL points, decay 8**(-age/3)"
2764,Leighton,Clarkson,0.0,0.0,0.0,0.0,0.0,0.0,0.0,1,Clarkson,MID,Liverpool,2020-21,0.0,0.0,"recency-weighted FPL points, decay 8**(-age/3)"
2765,Jack,Jenkins,0.0,0.0,0.0,0.0,0.0,0.0,0.0,2,Jenkins,MID,Leeds,2021-22,0.0,0.0,"recency-weighted FPL points, decay 8**(-age/3)"
2766,Mateusz,Bogusz,0.0,0.0,0.0,0.0,0.0,0.0,0.0,1,Bogusz,MID,Leeds,2020-21,0.0,0.0,"recency-weighted FPL points, decay 8**(-age/3)"
2767,Elia,Caprile,0.0,0.0,0.0,0.0,0.0,0.0,0.0,1,Caprile,GKP,Leeds,2020-21,0.0,0.0,"recency-weighted FPL points, decay 8**(-age/3)"
2768,Oliver,Casey,0.0,0.0,0.0,0.0,0.0,0.0,0.0,1,Casey,DEF,Leeds,2020-21,0.0,0.0,"recency-weighted FPL points, decay 8**(-age/3)"
2769,Jordan,Stevens,0.0,0.0,0.0,0.0,0.0,0.0,0.0,1,Stevens,MID,Leeds,2020-21,0.0,0.0,"recency-weighted FPL points, decay 8**(-age/3)"
2770,Kamil,Miazek,0.0,0.0,0.0,0.0,0.0,0.0,0.0,1,Miazek,GKP,Leeds,2020-21,0.0,0.0,"recency-weighted FPL points, decay 8**(-age/3)"
2771,Jay-Roy,Grot,0.0,0.0,0.0,0.0,0.0,0.0,0.0,1,Grot,MID,Leeds,2020-21,0.0,0.0,"recency-weighted FPL points, decay 8**(-age/3)"
2772,Mauro,Bandeira,0.0,0.0,0.0,0.0,0.0,0.0,0.0,2,Bandeira,MID,Arsenal,2023-24,0.0,0.0,"recency-weighted FPL points, decay 8**(-age/3)"
2773,Mazeed,Ogungbo,0.0,0.0,0.0,0.0,0.0,0.0,0.0,1,Ogungbo,DEF,Arsenal,2021-22,0.0,0.0,"recency-weighted FPL points, decay 8**(-age/3)"
2774,Alex,Kirk,0.0,0.0,0.0,0.0,0.0,0.0,0.0,1,Kirk,DEF,Arsenal,2021-22,0.0,0.0,"recency-weighted FPL points, decay 8**(-age/3)"
2775,Tobi,Omole,0.0,0.0,0.0,0.0,0.0,0.0,0.0,1,Omole,DEF,Spurs,2021-22,0.0,0.0,"recency-weighted FPL points, decay 8**(-age/3)"
2776,Matthew,Pollock,0.0,0.0,0.0,0.0,0.0,0.0,0.0,1,Pollock,DEF,Watford,2021-22,0.0,0.0,"recency-weighted FPL points, decay 8**(-age/3)"
2777,Kwadwo,Baah,0.0,0.0,0.0,0.0,0.0,0.0,0.0,1,Baah,MID,Watford,2021-22,0.0,0.0,"recency-weighted FPL points, decay 8**(-age/3)"
2778,Joseph,Hungbo,0.0,0.0,0.0,0.0,0.0,0.0,0.0,1,Hungbo,MID,Watford,2021-22,0.0,0.0,"recency-weighted FPL points, decay 8**(-age/3)"
2779,Philip,Zinckernagel,0.0,0.0,0.0,0.0,0.0,0.0,0.0,1,Zinckernagel,MID,Watford,2021-22,0.0,0.0,"recency-weighted FPL points, decay 8**(-age/3)"
2780,Stipe,Perica,0.0,0.0,0.0,0.0,0.0,0.0,0.0,1,Perica,FWD,Watford,2021-22,0.0,0.0,"recency-weighted FPL points, decay 8**(-age/3)"
2781,Marcel,Lavinier,0.0,0.0,0.0,0.0,0.0,0.0,0.0,1,Lavinier,DEF,Spurs,2021-22,0.0,0.0,"recency-weighted FPL points, decay 8**(-age/3)"
2782,Jamie,Bowden,0.0,0.0,0.0,0.0,0.0,0.0,0.0,1,Bowden,MID,Spurs,2021-22,0.0,0.0,"recency-weighted FPL points, decay 8**(-age/3)"
2783,Dilan,Markanday,0.0,0.0,0.0,0.0,0.0,0.0,0.0,1,Markanday,MID,Spurs,2021-22,0.0,0.0,"recency-weighted FPL points, decay 8**(-age/3)"
2784,James,Morris,0.0,0.0,0.0,0.0,0.0,0.0,0.0,1,Morris,DEF,Watford,2021-22,0.0,0.0,"recency-weighted FPL points, decay 8**(-age/3)"
2785,Pierluigi,Gollini,0.0,0.0,0.0,0.0,0.0,0.0,0.0,1,Gollini,GKP,Spurs,2021-22,0.0,0.0,"recency-weighted FPL points, decay 8**(-age/3)"
2786,Thierry,Small,0.0,0.0,0.0,0.0,0.0,0.0,0.0,1,Small,DEF,Southampton,2021-22,0.0,0.0,"recency-weighted FPL points, decay 8**(-age/3)"
2787,Dynel,Simeu,0.0,0.0,0.0,0.0,0.0,0.0,0.0,1,Simeu,DEF,Southampton,2021-22,0.0,0.0,"recency-weighted FPL points, decay 8**(-age/3)"
2788,Abu,Kamara,0.0,0.0,0.0,0.0,0.0,0.0,0.0,1,Kamara,FWD,Norwich,2021-22,0.0,0.0,"recency-weighted FPL points, decay 8**(-age/3)"
2789,Liam,Gibbs,0.0,0.0,0.0,0.0,0.0,0.0,0.0,1,Gibbs,MID,Norwich,2021-22,0.0,0.0,"recency-weighted FPL points, decay 8**(-age/3)"
2790,Jon,McCracken,0.0,0.0,0.0,0.0,0.0,0.0,0.0,1,McCracken,GKP,Norwich,2021-22,0.0,0.0,"recency-weighted FPL points, decay 8**(-age/3)"
2791,Thomas,Dickson-Peters,0.0,0.0,0.0,0.0,0.0,0.0,0.0,1,Dickson-Peters,FWD,Norwich,2021-22,0.0,0.0,"recency-weighted FPL points, decay 8**(-age/3)"
2792,Adedapo,Awokoya-Mebude,0.0,0.0,0.0,0.0,0.0,0.0,0.0,1,Mebude,FWD,Watford,2021-22,0.0,0.0,"recency-weighted FPL points, decay 8**(-age/3)"
2793,Vincent,Angelini,0.0,0.0,0.0,0.0,0.0,0.0,0.0,2,Angelini,GKP,Brentford,2023-24,0.0,0.0,"recency-weighted FPL points, decay 8**(-age/3)"
2794,Björn,Engels,0.0,0.0,0.0,0.0,0.0,0.0,0.0,1,Engels,DEF,Aston Villa,2021-22,0.0,0.0,"recency-weighted FPL points, decay 8**(-age/3)"
2795,James,Storer,0.0,0.0,0.0,0.0,0.0,0.0,0.0,1,Storer,GKP,Wolves,2021-22,0.0,0.0,"recency-weighted FPL points, decay 8**(-age/3)"
2796,Reuell,Walters,0.0,0.0,0.0,0.0,0.0,0.0,0.0,2,Walters,DEF,Arsenal,2023-24,0.0,0.0,"recency-weighted FPL points, decay 8**(-age/3)"
2797,Amario,Cozier-Duberry,0.0,0.0,0.0,0.0,0.0,0.0,0.0,2,Cozier-Duberry,MID,Brighton,2024-25,0.0,0.0,"recency-weighted FPL points, decay 8**(-age/3)"
2798,Lino,Sousa,0.0,0.0,0.0,0.0,0.0,0.0,0.0,1,Sousa,DEF,Arsenal,2022-23,0.0,0.0,"recency-weighted FPL points, decay 8**(-age/3)"
2799,Lucas,Torreira di Pascua,0.0,0.0,0.0,0.0,0.0,0.0,0.0,1,Torreira,MID,Arsenal,2022-23,0.0,0.0,"recency-weighted FPL points, decay 8**(-age/3)"
2800,Pablo,Marí Villar,0.0,0.0,0.0,0.0,0.0,0.0,0.0,1,Pablo Marí,DEF,Arsenal,2022-23,0.0,0.0,"recency-weighted FPL points, decay 8**(-age/3)"
2801,Dion,Sanderson,0.0,0.0,0.0,0.0,0.0,0.0,0.0,1,Sanderson,DEF,Wolves,2021-22,0.0,0.0,"recency-weighted FPL points, decay 8**(-age/3)"
2802,Bruno André,Cavaco Jordão,0.0,0.0,0.0,0.0,0.0,0.0,0.0,1,Jordão,MID,Wolves,2021-22,0.0,0.0,"recency-weighted FPL points, decay 8**(-age/3)"
2803,Louie,Moulden,0.0,0.0,0.0,0.0,0.0,0.0,0.0,1,Moulden,GKP,Wolves,2021-22,0.0,0.0,"recency-weighted FPL points, decay 8**(-age/3)"
2804,Kamil,Conteh,0.0,0.0,0.0,0.0,0.0,0.0,0.0,1,Conteh,MID,Watford,2021-22,0.0,0.0,"recency-weighted FPL points, decay 8**(-age/3)"
2805,Pierre,Ekwah,0.0,0.0,0.0,0.0,0.0,0.0,0.0,1,Ekwah,DEF,West Ham,2021-22,0.0,0.0,"recency-weighted FPL points, decay 8**(-age/3)"
2806,Armstrong,Oko-Flex,0.0,0.0,0.0,0.0,0.0,0.0,0.0,2,Oko-Flex,MID,West Ham,2022-23,0.0,0.0,"recency-weighted FPL points, decay 8**(-age/3)"
2807,Ajibola,Alese,0.0,0.0,0.0,0.0,0.0,0.0,0.0,1,Alese,DEF,West Ham,2021-22,0.0,0.0,"recency-weighted FPL points, decay 8**(-age/3)"
2808,Jack,Grieves,0.0,0.0,0.0,0.0,0.0,0.0,0.0,1,Grieves,FWD,Watford,2021-22,0.0,0.0,"recency-weighted FPL points, decay 8**(-age/3)"
2809,Adrian,Blake,0.0,0.0,0.0,0.0,0.0,0.0,0.0,1,Blake,MID,Watford,2021-22,0.0,0.0,"recency-weighted FPL points, decay 8**(-age/3)"
2810,Tiago,Çukur,0.0,0.0,0.0,0.0,0.0,0.0,0.0,1,Çukur,FWD,Watford,2021-22,0.0,0.0,"recency-weighted FPL points, decay 8**(-age/3)"
2811,Shaqai,Forde,0.0,0.0,0.0,0.0,0.0,0.0,0.0,1,Forde,FWD,Watford,2021-22,0.0,0.0,"recency-weighted FPL points, decay 8**(-age/3)"
2812,Jonathan,Tomkinson,0.0,0.0,0.0,0.0,0.0,0.0,0.0,1,Tomkinson,DEF,Norwich,2021-22,0.0,0.0,"recency-weighted FPL points, decay 8**(-age/3)"
2813,Bali,Mumba,0.0,0.0,0.0,0.0,0.0,0.0,1.41,1,Mumba,DEF,Norwich,2021-22,0.0,0.0,"recency-weighted FPL points, decay 8**(-age/3)"
2814,Lucas,De Bolle,0.0,0.0,0.0,0.0,0.0,0.0,0.0,1,De Bolle,MID,Newcastle,2021-22,0.0,0.0,"recency-weighted FPL points, decay 8**(-age/3)"
2815,Marc,Leonard,0.0,0.0,0.0,0.0,0.0,0.0,0.0,1,Leonard,MID,Brighton,2021-22,0.0,0.0,"recency-weighted FPL points, decay 8**(-age/3)"
2816,Haydon,Roberts,0.0,0.0,0.0,0.0,0.0,0.0,0.0,2,Roberts,DEF,Brighton,2022-23,0.0,0.0,"recency-weighted FPL points, decay 8**(-age/3)"
2817,Kjell,Scherpen,0.0,0.0,0.0,0.0,0.0,0.0,0.0,4,Scherpen,GKP,Brighton,2025-26,0.0,0.0,"recency-weighted FPL points, decay 8**(-age/3)"
2818,Bernardo,Fernandes Da Silva Junior,0.0,0.0,0.0,0.0,0.0,0.0,0.0,1,Bernardo,DEF,Brighton,2021-22,0.0,0.0,"recency-weighted FPL points, decay 8**(-age/3)"
2819,Julian,Jeanvier,0.0,0.0,0.0,0.0,0.0,0.0,0.0,1,Jeanvier,DEF,Brentford,2021-22,0.0,0.0,"recency-weighted FPL points, decay 8**(-age/3)"
2820,Maxwell,Haygarth,0.0,0.0,0.0,0.0,0.0,0.0,0.0,1,Haygarth,MID,Brentford,2021-22,0.0,0.0,"recency-weighted FPL points, decay 8**(-age/3)"
2821,Matthew,Cox,0.0,0.0,0.0,0.0,0.0,0.0,0.0,4,Cox,GKP,Brentford,2025-26,0.0,0.0,"recency-weighted FPL points, decay 8**(-age/3)"
2822,Patrik,Gunnarsson,0.0,0.0,0.0,0.0,0.0,0.0,0.0,1,Gunnarsson,GKP,Brentford,2021-22,0.0,0.0,"recency-weighted FPL points, decay 8**(-age/3)"
2823,Jan,Zamburek,0.0,0.0,0.0,0.0,0.0,0.0,0.0,1,Zamburek,MID,Brentford,2021-22,0.0,0.0,"recency-weighted FPL points, decay 8**(-age/3)"
2824,Ellery,Balcombe,0.0,0.0,0.0,0.0,0.0,0.0,0.0,4,Balcombe,GKP,Brentford,2025-26,0.0,0.0,"recency-weighted FPL points, decay 8**(-age/3)"
2825,Tommi,O'Reilly,0.0,0.0,0.0,0.0,0.0,0.0,0.0,3,O'Reilly,MID,Aston Villa,2023-24,0.0,0.0,"recency-weighted FPL points, decay 8**(-age/3)"
2826,Benjamin,Chrisene,0.0,0.0,0.0,0.0,0.0,0.0,0.0,1,Chrisene,MID,Aston Villa,2021-22,0.0,0.0,"recency-weighted FPL points, decay 8**(-age/3)"
2827,Josh,Feeney,0.0,0.0,0.0,0.0,0.0,0.0,0.0,1,Feeney,DEF,Aston Villa,2021-22,0.0,0.0,"recency-weighted FPL points, decay 8**(-age/3)"
2828,Filip,Marschall,0.0,0.0,0.0,0.0,0.0,0.0,0.0,5,Marschall,GKP,Aston Villa,2025-26,0.0,0.0,"recency-weighted FPL points, decay 8**(-age/3)"
2829,Viljami,Sinisalo,0.0,0.0,0.0,0.0,0.0,0.0,0.0,4,Sinisalo,GKP,Aston Villa,2024-25,0.0,0.0,"recency-weighted FPL points, decay 8**(-age/3)"
2830,Mbwana Ally,Samatta,0.0,0.0,0.0,0.0,0.0,0.0,0.0,1,Samatta,FWD,Aston Villa,2021-22,0.0,0.0,"recency-weighted FPL points, decay 8**(-age/3)"
2831,Charlie,Savage,0.0,0.0,0.0,0.0,0.0,0.0,0.0,1,Savage,MID,Man Utd,2021-22,0.0,0.0,"recency-weighted FPL points, decay 8**(-age/3)"
2832,Ed,Turns,0.0,0.0,0.0,0.0,0.0,0.0,0.0,2,Turns,DEF,Brighton,2022-23,0.0,0.0,"recency-weighted FPL points, decay 8**(-age/3)"
2833,Owen,Dodgson,0.0,0.0,0.0,0.0,0.0,0.0,0.0,3,Dodgson,DEF,Burnley,2025-26,0.0,0.0,"recency-weighted FPL points, decay 8**(-age/3)"
2834,Sam,Waller,0.0,0.0,0.0,0.0,0.0,0.0,0.0,1,Waller,GKP,Burnley,2021-22,0.0,0.0,"recency-weighted FPL points, decay 8**(-age/3)"
2835,Cieran,Slicker,0.0,0.0,0.0,0.0,0.0,0.0,0.0,2,Slicker,GKP,Ipswich,2024-25,0.0,0.0,"recency-weighted FPL points, decay 8**(-age/3)"
2836,Romeo,Lavia,0.0,0.0,0.0,0.0,0.0,0.0,0.0,1,Lavia,MID,Man City,2021-22,0.0,0.0,"recency-weighted FPL points, decay 8**(-age/3)"
2837,Joshua,Wilson-Esbrand,0.0,0.0,0.0,0.0,0.0,0.0,0.0,1,Wilson-Esbrand,DEF,Man City,2021-22,0.0,0.0,"recency-weighted FPL points, decay 8**(-age/3)"
2838,Marcelo,de Araújo Pitaluga Filho,0.0,0.0,0.0,0.0,0.0,0.0,0.0,2,Pitaluga,GKP,Liverpool,2023-24,0.0,0.0,"recency-weighted FPL points, decay 8**(-age/3)"
2839,Kris,Moore,0.0,0.0,0.0,0.0,0.0,0.0,0.0,1,Moore,DEF,Leeds,2021-22,0.0,0.0,"recency-weighted FPL points, decay 8**(-age/3)"
2840,Ben,Nelson,0.0,0.0,0.0,0.0,0.0,0.0,0.0,2,Nelson,DEF,Leicester,2024-25,0.0,0.0,"recency-weighted FPL points, decay 8**(-age/3)"
2841,Charlie,Whitaker,0.0,0.0,0.0,0.0,0.0,0.0,0.0,1,Whitaker,MID,Everton,2021-22,0.0,0.0,"recency-weighted FPL points, decay 8**(-age/3)"
2842,Josh,Gracey,0.0,0.0,0.0,0.0,0.0,0.0,0.0,1,Gracey,GKP,Wolves,2025-26,0.0,0.0,"recency-weighted FPL points, decay 8**(-age/3)"
2843,Tayo,Adaramola,0.0,0.0,0.0,0.0,0.0,0.0,0.0,3,Adaramola,DEF,Crystal Palace,2023-24,0.0,0.0,"recency-weighted FPL points, decay 8**(-age/3)"
2844,Scott,Banks,0.0,0.0,0.0,0.0,0.0,0.0,0.0,1,Banks,MID,Crystal Palace,2021-22,0.0,0.0,"recency-weighted FPL points, decay 8**(-age/3)"
2845,Robert,Street,0.0,0.0,0.0,0.0,0.0,0.0,0.0,1,Street,FWD,Crystal Palace,2021-22,0.0,0.0,"recency-weighted FPL points, decay 8**(-age/3)"
2846,Jarosław,Jach,0.0,0.0,0.0,0.0,0.0,0.0,0.0,1,Jach,DEF,Crystal Palace,2021-22,0.0,0.0,"recency-weighted FPL points, decay 8**(-age/3)"
2847,Harvey,Vale,0.0,0.0,0.0,0.0,0.0,0.0,0.0,2,Vale,MID,Chelsea,2022-23,0.0,0.0,"recency-weighted FPL points, decay 8**(-age/3)"
2848,Joseph,McGlynn,0.0,0.0,0.0,0.0,0.0,0.0,0.0,1,McGlynn,FWD,Burnley,2021-22,0.0,0.0,"recency-weighted FPL points, decay 8**(-age/3)"
2849,Dara,Costelloe,0.0,0.0,0.0,0.0,0.0,0.0,0.0,2,Costelloe,MID,Burnley,2023-24,0.0,0.0,"recency-weighted FPL points, decay 8**(-age/3)"
2850,Alexandre,Jankewitz,-0.02,0.0,0.0,0.0,0.0,0.0,0.03,2,Jankewitz,MID,Southampton,2020-21,0.0,-0.02,"recency-weighted FPL points, decay 8**(-age/3)"
2851,Nohan,Kenneh,-0.03,0.0,0.0,0.0,0.0,0.0,0.0,1,Kenneh,MID,Leeds,2021-22,0.0,-0.03,"recency-weighted FPL points, decay 8**(-age/3)"
2852,Kayne,Ramsay,-0.04,0.0,0.0,0.0,0.0,0.0,1.76,3,Ramsay,DEF,Southampton,2020-21,0.0,-0.04,"recency-weighted FPL points, decay 8**(-age/3)"
2853,Marcus,Bettinelli,-0.07,0.0,0.0,0.0,0.0,0.0,2.46,7,Bettinelli,GKP,Man City,2025-26,0.0,-0.07,"recency-weighted FPL points, decay 8**(-age/3)"
